 1.88000000000000E+03, -1.68575791428681E-01,  0.00000000000000E+00,  1.55528152258684E+00,  1.00000000000000E-02,  3.20308434629141E+03,  2.82284791043788E+03
 1.88008333300000E+03, -1.91531457871404E-01, -2.57986987500000E-01,  1.57913649439340E+00,  1.90000000000000E-01,  1.65306578453537E+03,  8.26865696662765E+03
 1.88016666700000E+03, -1.25054503316157E-01, -5.71174725250000E-01,  1.60340653628999E+00,  3.70000000000000E-01,  5.66529657172881E+03,  1.02803451103429E+04
 1.88025000000000E+03,  3.85634095089122E-02, -1.02354159275000E+00,  1.62772066937213E+00,  5.50000000000000E-01,  5.53490823674494E+03,  1.27236082806589E+04
 1.88033333300000E+03,  2.38590627257266E-01, -1.29305477975000E+00,  1.65207757093587E+00,  7.30000000000000E-01,  8.00240354170210E+03,  1.68359796273761E+04
 1.88041666700000E+03,  3.91221062640025E-01, -9.53608447000000E-01,  1.67647589726600E+00,  9.10000000000000E-01,  7.15310422342856E+03,  1.10873576840395E+04
 1.88050000000000E+03,  4.29521708629249E-01, -3.16358157500000E-01,  1.70091428376897E+00,  1.09000000000000E+00,  6.44504429085199E+03,  1.18028146589554E+04
 1.88058333300000E+03,  1.12819071779930E-01,  1.71850947500000E-02,  1.72539134510878E+00,  1.27000000000000E+00,  5.65077956856825E+03,  1.12666530690593E+04
 1.88066666700000E+03, -4.29610720987953E-01,  8.53082600000000E-03,  2.35755378222694E+00,  1.45000000000000E+00,  5.65435811648695E+03,  8.51884657129352E+03
 1.88075000000000E+03, -6.09308198131433E-01, -3.24915592500000E-02,  2.38248315176774E+00,  1.63000000000000E+00,  3.10345429304125E+03,  5.22977990607179E+03
 1.88083333300000E+03, -5.18193919176647E-01,  4.81112620000000E-02,  2.40740560622351E+00,  1.81000000000000E+00,  1.22596921587727E+03,  8.06811299002313E+03
 1.88091666700000E+03, -5.46128097039503E-01,  2.13703471000000E-01,  2.43231923875559E+00,  1.99000000000000E+00,  1.03951379878627E+03,  8.86454516147951E+03
 1.88100000000000E+03, -7.26515882711642E-01,  3.90950720250000E-01,  2.45722212706081E+00,  2.17000000000000E+00,  2.84595983926756E+03,  1.20177693357637E+04
 1.88108333300000E+03, -9.54839536462045E-01,  3.61594552250000E-01,  2.48211233359011E+00,  2.35000000000000E+00,  3.60809415326928E+03,  1.44806211641467E+04
 1.88116666700000E+03, -1.10576423381858E+00, -2.06527597000000E-01,  2.50698790576955E+00,  2.53000000000000E+00,  3.99440374814108E+03,  1.23614182396324E+04
 1.88125000000000E+03, -1.11675960325488E+00, -1.00397573425000E+00,  2.53184687622355E+00,  2.71000000000000E+00,  4.35381592285064E+03,  1.35958557464288E+04
 1.88133333300000E+03, -9.89838050939457E-01, -1.09949684825000E+00,  2.55668726300046E+00,  2.89000000000000E+00,  4.85266392495567E+03,  1.21908272713433E+04
 1.88141666700000E+03, -7.96747688524866E-01, -4.26170042500000E-01,  2.58150706980042E+00,  3.07000000000000E+00,  3.04712304529943E+03,  9.67680449075916E+03
 1.88150000000000E+03, -6.38237093061647E-01,  7.08203160000000E-02,  2.60630428620543E+00,  3.25000000000000E+00,  1.79351407793792E+03,  6.96336515145955E+03
 1.88158333300000E+03, -5.13961019154990E-01, -1.34196062250000E-01,  2.63107688791160E+00,  3.43000000000000E+00,  1.21755107322336E+03,  6.89002001038478E+03
 1.88166666700000E+03, -4.79998644709456E-01, -8.01271064000000E-01, -3.18740455971461E+00,  3.61000000000000E+00,  8.08021482224491E+02,  2.89961173920573E+03
 1.88175000000000E+03, -5.68876041416602E-01, -1.42004730900000E+00, -3.23444136427275E+00,  3.79000000000000E+00,  6.21817963855406E+03,  1.26053576747954E+04
 1.88183333300000E+03, -5.07976792029703E-01, -1.63142676375000E+00, -3.28134449674663E+00,  3.97000000000000E+00,  6.19240546171665E+03,  1.34176167233260E+04
 1.88191666700000E+03, -2.88320949610996E-01, -1.53364262700000E+00, -3.32811060859265E+00,  4.15000000000000E+00,  6.41978640264910E+03,  1.40627812020534E+04
 1.88200000000000E+03, -2.77559414028368E-01, -1.41577226925000E+00, -3.37473636194071E+00,  4.33000000000000E+00,  7.00599249268306E+03,  1.82357743901305E+04
 1.88208333300000E+03, -6.00477525375885E-01, -1.50524537400000E+00, -3.42121842991155E+00,  4.51000000000000E+00,  6.97958568450758E+03,  1.98499746283179E+04
 1.88216666700000E+03, -9.87665115740744E-01, -1.83073193675000E+00, -3.46755349693297E+00,  4.69000000000000E+00,  1.28056894692862E+03,  1.02589242655159E+04
 1.88225000000000E+03, -1.11324489902189E+00, -1.91833591300000E+00, -3.51373825905474E+00,  4.87000000000000E+00,  1.26153555305361E+03,  8.65197409750124E+03
 1.88233333300000E+03, -9.89095315451104E-01, -1.48345015375000E+00, -3.55976942426236E+00,  5.05000000000000E+00,  1.15817721119560E+03,  8.08815006147876E+03
 1.88241666700000E+03, -9.26834419799572E-01, -1.05566183700000E+00, -3.60564371278945E+00,  5.23000000000000E+00,  5.50777388389563E+02,  4.45115050255139E+03
 1.88250000000000E+03, -1.13433256869077E+00, -9.24663401000000E-01, -3.65135785742893E+00,  5.41000000000000E+00,  1.07926371897995E+03,  3.23654686242151E+03
 1.88258333300000E+03, -1.33526852059178E+00, -8.12173781500000E-01, -3.69690860384273E+00,  5.59000000000000E+00,  1.36286687099541E+03,  3.59219393441362E+03
 1.88266666700000E+03, -1.32508010357499E+00, -8.08222781000000E-01,  3.21382209260957E+00,  5.77000000000000E+00,  1.69902887026424E+03,  4.02337735065025E+03
 1.88275000000000E+03, -1.29746425549034E+00, -1.06830578350000E+00,  3.19801136707232E+00,  5.95000000000000E+00,  1.98972861327728E+03,  5.66300915608262E+03
 1.88283333300000E+03, -1.17180923745689E+00, -1.22579284475000E+00,  3.18216538551743E+00,  6.13000000000000E+00,  2.06095144068448E+03,  6.37146876742224E+03
 1.88291666700000E+03, -9.05130074603017E-01, -1.02367211975000E+00,  3.16628258264440E+00,  6.31000000000000E+00,  1.92435185325078E+03,  7.64978054444266E+03
 1.88300000000000E+03, -7.80052746147544E-01, -7.06592204250000E-01,  3.15036139387194E+00,  6.49000000000000E+00,  1.51486646321318E+03,  6.48008897292433E+03
 1.88308333300000E+03, -9.16508658661325E-01, -6.52671000500000E-01,  3.13440025561970E+00,  6.67000000000000E+00,  1.44669039810281E+03,  5.99912735855891E+03
 1.88316666700000E+03, -1.15378022723974E+00, -1.01124834000000E+00,  3.11839760558986E+00,  6.85000000000000E+00,  1.08868523300792E+03,  4.58985062811283E+03
 1.88325000000000E+03, -1.28171187024978E+00, -1.44667748475000E+00,  3.10235188304867E+00,  7.03000000000000E+00,  1.03163493460649E+03,  3.61140194334793E+03
 1.88333333300000E+03, -1.31352929425639E+00, -1.47570299850000E+00,  3.08626152910786E+00,  7.21000000000000E+00,  7.69983534684031E+02,  2.42141226483336E+03
 1.88341666700000E+03, -1.45262149902855E+00, -1.19259608925000E+00,  3.07012498700590E+00,  7.39000000000000E+00,  7.26826963142191E+02,  3.44268499755159E+03
 1.88350000000000E+03, -1.80401153029970E+00, -1.05242948300000E+00,  3.05394070238909E+00,  7.57000000000000E+00,  4.03542352483310E+02,  3.69804485182916E+03
 1.88358333300000E+03, -1.67573074689637E+00, -1.23371695075000E+00,  3.03770712359231E+00,  7.75000000000000E+00,  3.57680632496396E+02,  3.57779613628193E+03
 1.88366666700000E+03, -8.23627250952801E-01, -1.60989859375000E+00, -7.23377992584782E+00,  7.93000000000000E+00,  6.09558878450570E+02,  3.44563274255841E+03
 1.88375000000000E+03, -2.70627396425298E-01, -1.88924458225000E+00, -7.23961540400098E+00,  8.11000000000000E+00,  5.78343683114608E+02,  2.83302007583488E+03
 1.88383333300000E+03, -1.52320913017231E-01, -1.78227782650000E+00, -7.24507949731248E+00,  8.29000000000000E+00,  5.06729505100665E+02,  1.30945497016207E+03
 1.88391666700000E+03, -3.89369375357864E-02, -1.24933484975000E+00, -7.25017120401677E+00,  8.47000000000000E+00,  7.14817412686922E+02,  2.48735451738689E+03
 1.88400000000000E+03,  2.86154810626989E-02, -4.85453714750000E-01, -7.25488955145874E+00,  8.65000000000000E+00,  6.87519519796373E+02,  2.37335414242872E+03
 1.88408333300000E+03,  3.31002120278138E-02,  2.51797564750000E-01, -7.25923359623530E+00,  8.82999999999999E+00,  5.27940403516628E+02,  2.30693044560917E+03
 1.88416666700000E+03, -1.48200061220483E-02,  7.47997437000000E-01, -7.26320242433397E+00,  9.00999999999999E+00,  4.51719375237787E+02,  2.61736497623082E+03
 1.88425000000000E+03, -9.45306540524133E-02,  9.27871282000000E-01, -7.26679515126833E+00,  9.18999999999999E+00,  5.34255033629592E+02,  2.59065137413279E+03
 1.88433333300000E+03, -1.95271866689247E-01,  9.18845747000000E-01, -7.27001092221034E+00,  9.36999999999999E+00,  4.05069513583148E+02,  1.64328262612032E+03
 1.88441666700000E+03, -3.17343573027565E-01,  1.02420641450000E+00, -7.27284891211962E+00,  9.54999999999999E+00,  6.23817779002360E+02,  2.70924735233613E+03
 1.88450000000000E+03, -4.54857393905575E-01,  1.44204254975000E+00, -7.27530832586956E+00,  9.72999999999999E+00,  5.39892882715019E+02,  2.50714521295728E+03
 1.88458333300000E+03, -1.83697715424548E-01,  1.98438049400000E+00, -7.27738839837021E+00,  9.90999999999999E+00,  5.22238388791921E+02,  2.19066015253984E+03
 1.88466666700000E+03,  5.91621025955797E-01,  2.26877398650000E+00, -5.47783618495297E+00,  1.00900000000000E+01,  8.27672390299933E+02,  2.63886396817088E+03
 1.88475000000000E+03,  1.11510143142753E+00,  2.16014112000000E+00, -5.50936861434329E+00,  1.02700000000000E+01,  8.74822550475706E+02,  2.42685430458529E+03
 1.88483333300000E+03,  1.22656095524819E+00,  1.94196895100000E+00, -5.54070587921383E+00,  1.04500000000000E+01,  7.74504113491003E+02,  1.73514105584700E+03
 1.88491666700000E+03,  1.18701922097343E+00,  1.84610811475000E+00, -5.57184527570195E+00,  1.06300000000000E+01,  7.18412524156268E+02,  1.75498110406203E+03
 1.88500000000000E+03,  1.02296953837892E+00,  1.64223815150000E+00, -5.60278410766897E+00,  1.08100000000000E+01,  9.49980837009250E+02,  1.77901646898760E+03
 1.88508333300000E+03,  8.40614781030609E-01,  1.10203581075000E+00, -5.63351968700927E+00,  1.09900000000000E+01,  5.51171371256800E+02,  1.09017040897230E+03
 1.88516666700000E+03,  7.51582563033853E-01,  4.86860773750000E-01, -5.66404933395902E+00,  1.11700000000000E+01,  6.31841442065893E+02,  1.19018626374516E+03
 1.88525000000000E+03,  7.91800048573658E-01,  1.98506857750000E-01, -5.69437037740420E+00,  1.13500000000000E+01,  5.37403707167432E+02,  9.59218418247250E+02
 1.88533333300000E+03,  8.90955066136415E-01,  2.09087659000000E-01, -5.72448015518812E+00,  1.15300000000000E+01,  6.02766875788047E+02,  1.35750571743497E+03
 1.88541666700000E+03,  9.16820450247837E-01,  2.20692477750000E-01, -5.75437601441832E+00,  1.17100000000000E+01,  3.68114363650571E+02,  1.33756079723616E+03
 1.88550000000000E+03,  7.65328877607133E-01,  1.46408268250000E-01, -5.78405531177275E+00,  1.18900000000000E+01,  3.26725865791326E+02,  1.34709215347298E+03
 1.88558333300000E+03,  5.25298832826689E-01,  5.24553130000000E-02, -5.81351541380533E+00,  1.20700000000000E+01,  1.75336363605776E+02,  1.03465157713719E+03
 1.88566666700000E+03,  3.24380205571463E-01, -1.36533975000000E-02, -5.81538525962700E+00,  1.22500000000000E+01,  3.25149481120070E+02,  1.35475998010784E+03
 1.88575000000000E+03,  1.02839536204243E-01,  7.56482749999999E-04, -5.84758165816311E+00,  1.24300000000000E+01,  3.65984367659089E+02,  1.29827193491697E+03
 1.88583333300000E+03, -1.38322373732467E-01,  6.83748560000000E-02, -5.87946267839225E+00,  1.26100000000000E+01,  5.20512733272953E+02,  1.67299678885414E+03
 1.88591666700000E+03, -3.09791017489276E-01,  1.58059983750000E-01, -5.91102623929924E+00,  1.27900000000000E+01,  5.61156114995803E+02,  1.69057556169772E+03
 1.88600000000000E+03, -3.89273491321046E-01,  2.07202169750000E-01, -5.94227028722727E+00,  1.29700000000000E+01,  5.51029093803596E+02,  1.86264212896670E+03
 1.88608333300000E+03, -3.97177505294709E-01,  4.84748397500000E-02, -5.97319279605552E+00,  1.31500000000000E+01,  4.85018391528370E+02,  1.41046080034447E+03
 1.88616666700000E+03, -3.86374871255405E-01, -1.48669735000000E-01, -6.00379176737376E+00,  1.33300000000000E+01,  5.25158709107281E+02,  1.65373103956079E+03
 1.88625000000000E+03, -4.23345305605645E-01, -9.06341840000000E-02, -6.03406523065398E+00,  1.35100000000000E+01,  4.44466602760482E+02,  2.04294937740817E+03
 1.88633333300000E+03, -5.63782447974596E-01, -2.72828200000000E-02, -6.06401124341896E+00,  1.36900000000000E+01,  4.92067162271551E+02,  2.43941095676451E+03
 1.88641666700000E+03, -8.26007651929894E-01, -4.06071489000000E-01, -6.09362789140773E+00,  1.38700000000000E+01,  5.63996159939509E+02,  2.63548341252899E+03
 1.88650000000000E+03, -1.17405564802746E+00, -1.18152165150000E+00, -6.12291328873805E+00,  1.40500000000000E+01,  5.04481593287092E+02,  2.60840250845505E+03
 1.88658333300000E+03, -1.21017965713598E+00, -1.75617067775000E+00, -6.15186557806572E+00,  1.42300000000000E+01,  6.70621609071385E+02,  3.24717057724581E+03
 1.88666666700000E+03, -9.44471972274882E-01, -1.75121938275000E+00,  2.38481637290162E+00,  1.44100000000000E+01,  6.27456591306227E+02,  2.66833180318250E+03
 1.88675000000000E+03, -1.03613472842678E+00, -1.54384348825000E+00,  2.34602725540582E+00,  1.45900000000000E+01,  5.63771213988375E+02,  2.37146818958764E+03
 1.88683333300000E+03, -1.27931392686101E+00, -1.53783493800000E+00,  2.30699040371730E+00,  1.47700000000000E+01,  5.38393108595258E+02,  2.01829440991603E+03
 1.88691666700000E+03, -1.16685055801361E+00, -1.53920231500000E+00,  2.26770815119765E+00,  1.49500000000000E+01,  6.48371021398770E+02,  2.03057830304180E+03
 1.88700000000000E+03, -8.19582998915852E-01, -1.19480027150000E+00,  2.22818285616722E+00,  1.51300000000000E+01,  4.14280648948048E+02,  6.97488115601203E+02
 1.88708333300000E+03, -5.47737347955349E-01, -4.66330528500000E-01,  2.18841690170571E+00,  1.53100000000000E+01,  4.26032821315977E+02,  1.72715668198253E+03
 1.88716666700000E+03, -5.80088718119488E-01,  2.68984597250000E-01,  2.14841269544979E+00,  1.54900000000000E+01,  4.57664959789383E+02,  1.75833588329935E+03
 1.88725000000000E+03, -8.75234202861176E-01,  3.13242133000000E-01,  2.10817266938803E+00,  1.56700000000000E+01,  3.71998368131900E+02,  1.72704541079694E+03
 1.88733333300000E+03, -1.18450551327759E+00, -5.02736292250000E-01,  2.06769927965292E+00,  1.58500000000000E+01,  3.15530845779991E+02,  2.12552688785350E+03
 1.88741666700000E+03, -1.29688535948018E+00, -1.31424188525000E+00,  2.02699500631016E+00,  1.60300000000000E+01,  2.53366297641734E+02,  2.14332895499403E+03
 1.88750000000000E+03, -1.22251283642220E+00, -1.46251070475000E+00,  1.98606235314518E+00,  1.62100000000000E+01,  2.23397085422727E+02,  9.23661206488715E+02
 1.88758333300000E+03, -8.65108792203195E-01, -1.27743593625000E+00,  1.94490384744699E+00,  1.63900000000000E+01,  2.87081392672336E+02,  9.32750941079977E+02
 1.88766666700000E+03, -3.72769706101769E-01, -1.12752015800000E+00, -5.60836914209431E-01,  1.65700000000000E+01,  3.57732626327679E+02,  7.89427034283724E+02
 1.88775000000000E+03, -1.89664508168444E-01, -8.72903859000000E-01, -5.95023215381117E-01,  1.67500000000000E+01,  3.39052460326842E+02,  3.83086028311455E+02
 1.88783333300000E+03, -3.36402006018978E-02, -4.42414105500000E-01, -6.29327450331575E-01,  1.69300000000000E+01,  5.48924625783919E+02,  1.45207269362910E+03
 1.88791666700000E+03,  4.17156234456344E-01, -1.14038720000000E-02, -6.63748405553093E-01,  1.71100000000000E+01,  6.05385239712821E+02,  1.73897609132981E+03
 1.88800000000000E+03,  8.90354405082119E-01,  4.34114251250000E-01, -6.98284843343479E-01,  1.72900000000000E+01,  4.82805900793775E+02,  1.73818283214771E+03
 1.88808333300000E+03,  1.07493392753332E+00,  9.38666159500000E-01, -7.32935501885348E-01,  1.74700000000000E+01,  5.76323571355059E+02,  2.51348856161368E+03
 1.88816666700000E+03,  8.81034551670366E-01,  1.29472376225000E+00, -7.67699095328664E-01,  1.76500000000000E+01,  7.27786573661018E+02,  2.90259204206811E+03
 1.88825000000000E+03,  5.21801760935330E-01,  1.39122812475000E+00, -8.02574313876483E-01,  1.78300000000000E+01,  5.55574051458089E+02,  1.77648809126920E+03
 1.88833333300000E+03,  3.30493406409649E-01,  1.32272211975000E+00, -8.37559823873912E-01,  1.80100000000000E+01,  5.94674067219482E+02,  2.48122371681064E+03
 1.88841666700000E+03,  4.63147884341416E-01,  1.14661479275000E+00, -8.72654267900279E-01,  1.81900000000000E+01,  6.37575950240860E+02,  2.30634313422397E+03
 1.88850000000000E+03,  7.54656948565809E-01,  8.96206795500000E-01, -9.07856264864489E-01,  1.83700000000000E+01,  7.94766840508971E+02,  2.21976567267093E+03
 1.88858333300000E+03,  6.28509035627234E-01,  6.37331663500000E-01, -9.43164410103563E-01,  1.85500000000000E+01,  7.85280484202564E+02,  2.51062148902604E+03
 1.88866666700000E+03,  7.64114774686094E-02,  4.11087120000000E-01,  7.91514783585156E+00,  1.87300000000000E+01,  1.10839217651948E+03,  4.74773902106884E+03
 1.88875000000000E+03, -1.26994858428642E-01,  2.70673989250000E-01,  7.94866495646934E+00,  1.89100000000000E+01,  1.19980818758110E+03,  4.23825603711067E+03
 1.88883333300000E+03,  1.59386256857778E-02,  3.45304532500000E-01,  7.98188422751374E+00,  1.90900000000000E+01,  1.23061302144290E+03,  6.36616052753025E+03
 1.88891666700000E+03,  8.71119707927232E-02,  7.06214390250000E-01,  8.01480390473973E+00,  1.92700000000000E+01,  9.40630043647369E+02,  5.95867513487610E+03
 1.88900000000000E+03,  3.87949759936596E-02,  1.16295657475000E+00,  8.04742227403202E+00,  1.94500000000000E+01,  7.64997414465404E+02,  5.27779416172779E+03
 1.88908333300000E+03, -8.24494596803288E-02,  1.37499525175000E+00,  8.07973765152568E+00,  1.96300000000000E+01,  5.73150993364654E+02,  3.04115941058929E+03
 1.88916666700000E+03, -1.65688437805763E-01,  1.10535433025000E+00,  8.11174838372308E+00,  1.98100000000000E+01,  3.85863963033893E+02,  3.07243963853051E+03
 1.88925000000000E+03, -1.19204875563755E-01,  3.61831410250000E-01,  8.14345284760738E+00,  1.99900000000000E+01,  3.50722473356807E+02,  1.83548286653588E+03
 1.88933333300000E+03,  5.04832641064852E-02, -4.51103785750000E-01,  8.17484945075243E+00,  2.01700000000000E+01,  4.27062934968302E+02,  1.74825990455721E+03
 1.88941666700000E+03,  2.26006214520579E-01, -7.01611732500000E-01,  8.20593663142920E+00,  2.03500000000000E+01,  6.01046368532908E+02,  1.83132565134144E+03
 1.88950000000000E+03,  2.50762352505950E-01, -2.47597320250000E-01,  8.23671285870849E+00,  2.05300000000000E+01,  4.94026972972739E+02,  2.56614263453966E+03
 1.88958333300000E+03, -8.11325180225158E-02,  2.07520114000000E-01,  8.26717663256022E+00,  2.07100000000000E+01,  4.90905278242791E+02,  2.07843551556536E+03
 1.88966666700000E+03, -5.79779303429719E-01,  2.40988225000000E-02, -7.05730849317228E+00,  2.08900000000000E+01,  5.16862276255996E+02,  2.87617026891816E+03
 1.88975000000000E+03, -7.64691930718659E-01, -5.52239827500000E-01, -7.06987957489619E+00,  2.10700000000000E+01,  5.32841021514652E+02,  3.69182741481950E+03
 1.88983333300000E+03, -7.54804018816046E-01, -1.00309377425000E+00, -7.08210321542921E+00,  2.12500000000000E+01,  3.33714485191324E+02,  3.80003709854009E+03
 1.88991666700000E+03, -8.25552474938079E-01, -1.18320870200000E+00, -7.09397789766756E+00,  2.14300000000000E+01,  3.17429624658015E+02,  3.74798630890872E+03
 1.89000000000000E+03, -9.31987549897474E-01, -1.32855449675000E+00, -7.10550213042204E+00,  2.16100000000000E+01,  3.16678503294762E+02,  3.86808576259181E+03
 1.89008333300000E+03, -9.78834947724985E-01, -1.68178312525000E+00, -7.11667444861360E+00,  2.17900000000000E+01,  4.48708954323565E+02,  2.46558361625027E+03
 1.89016666700000E+03, -8.89526734407665E-01, -1.85943127575000E+00, -7.12749341346616E+00,  2.19700000000000E+01,  3.37998893212450E+02,  1.80479536737794E+03
 1.89025000000000E+03, -6.67025519449526E-01, -1.32157324150000E+00, -7.13795761269670E+00,  2.21500000000000E+01,  5.70469340204850E+02,  3.20939992955006E+03
 1.89033333300000E+03, -4.00658177886822E-01, -3.52877533000000E-01, -7.14806566070264E+00,  2.23300000000000E+01,  7.21045160677502E+02,  2.52288987660381E+03
 1.89041666700000E+03, -2.10438410705239E-01,  1.82744348250000E-01, -7.15781619874650E+00,  2.25100000000000E+01,  7.57309987674778E+02,  2.96157439209255E+03
 1.89050000000000E+03, -1.66663844864113E-01, -1.25583088000000E-01, -7.16720789513773E+00,  2.26900000000000E+01,  6.09495125166479E+02,  2.88068098581789E+03
 1.89058333300000E+03, -4.51074339784562E-01, -7.68220799500000E-01, -7.17623944541176E+00,  2.28700000000000E+01,  6.82952020791237E+02,  3.92248223819599E+03
 1.89066666700000E+03, -9.26593438937749E-01, -1.08400800200000E+00, -8.87773462403679E+00,  2.30500000000000E+01,  6.15658834982054E+02,  2.85562339402978E+03
 1.89075000000000E+03, -1.14697029856797E+00, -1.04934414300000E+00, -8.92239259365728E+00,  2.32300000000000E+01,  6.27590742849479E+02,  3.89921780572069E+03
 1.89083333300000E+03, -1.24396348931948E+00, -9.28157621250000E-01, -8.96684907012203E+00,  2.34100000000000E+01,  8.02090265295688E+02,  4.10029936911954E+03
 1.89091666700000E+03, -1.33329120582087E+00, -6.78013383750000E-01, -9.01110080663721E+00,  2.35900000000000E+01,  8.24785627679769E+02,  3.95295774152322E+03
 1.89100000000000E+03, -1.17564836343857E+00, -1.27304354500000E-01, -9.05514457397062E+00,  2.37700000000000E+01,  1.19687246867945E+03,  2.95571419913664E+03
 1.89108333300000E+03, -7.82449819066208E-01,  5.39119296000000E-01, -9.09897716076516E+00,  2.39500000000000E+01,  1.03134555493104E+03,  3.13422074445843E+03
 1.89116666700000E+03, -4.15365056222120E-01,  9.16440543750000E-01, -9.14259537385029E+00,  2.41300000000000E+01,  9.82997806627293E+02,  2.93939338689441E+03
 1.89125000000000E+03, -2.96744945044618E-01,  8.69949929750000E-01, -9.18599603855154E+00,  2.43100000000000E+01,  9.16180178405911E+02,  2.31651930595913E+03
 1.89133333300000E+03, -3.71097277872864E-01,  6.46937415750000E-01, -9.22917599899783E+00,  2.44900000000000E+01,  8.48213638000379E+02,  2.78548420804520E+03
 1.89141666700000E+03, -3.84390762983901E-01,  5.31820843250000E-01, -9.27213211842680E+00,  2.46700000000000E+01,  4.55918289503475E+02,  2.90313173590625E+03
 1.89150000000000E+03, -1.76443567258821E-01,  4.50010130750000E-01, -9.31486127948785E+00,  2.48500000000000E+01,  5.08107888615782E+02,  2.88062505804898E+03
 1.89158333300000E+03, -4.11976868600988E-01,  1.33628610000000E-01, -9.35736038454314E+00,  2.50300000000000E+01,  3.74562894637007E+02,  2.06336761011915E+03
 1.89166666700000E+03, -1.27799656607715E+00, -4.41551918500000E-01,  4.78733331903255E+00,  2.52100000000000E+01,  3.63402874127550E+02,  2.53800763410743E+03
 1.89175000000000E+03, -1.72796608265413E+00, -1.00239942375000E+00,  4.79082051979302E+00,  2.53900000000000E+01,  4.42940341070034E+02,  2.26019341045616E+03
 1.89183333300000E+03, -1.74844811709316E+00, -1.27343580500000E+00,  4.79400852016142E+00,  2.55700000000000E+01,  3.97425852617024E+02,  1.86668690890707E+03
 1.89191666700000E+03, -1.77316777075069E+00, -1.42306403300000E+00,  4.79689585415884E+00,  2.57500000000000E+01,  3.47585017638305E+02,  1.28353270227977E+03
 1.89200000000000E+03, -1.64205855503045E+00, -1.82669745975000E+00,  4.79948107816712E+00,  2.59300000000000E+01,  4.53544484134537E+02,  1.92094054472735E+03
 1.89208333300000E+03, -1.36640914251194E+00, -2.30515001450000E+00,  4.80176277115219E+00,  2.61100000000000E+01,  3.72408351964702E+02,  1.33802106366663E+03
 1.89216666700000E+03, -1.12790697562706E+00, -2.50292506650000E+00,  4.80373953488487E+00,  2.62900000000000E+01,  3.73643388095518E+02,  1.42136452896628E+03
 1.89225000000000E+03, -1.07831963324008E+00, -2.58581041650000E+00,  4.80540999415945E+00,  2.64700000000000E+01,  4.24317070291779E+02,  1.39032120454724E+03
 1.89233333300000E+03, -1.17570444427827E+00, -2.72383884750000E+00,  4.80677279700978E+00,  2.66500000000000E+01,  4.34896157367091E+02,  1.25641714643999E+03
 1.89241666700000E+03, -1.24089641438566E+00, -2.78387405875000E+00,  4.80782661492300E+00,  2.68300000000000E+01,  5.69656393055210E+02,  1.32403006392266E+03
 1.89250000000000E+03, -1.15992210706545E+00, -2.68581791525000E+00,  4.80857014305071E+00,  2.70100000000000E+01,  5.23899053289143E+02,  1.80829401536031E+03
 1.89258333300000E+03, -1.27292568740121E+00, -2.35257030600000E+00,  4.80900210041779E+00,  2.71900000000000E+01,  4.37381582714508E+02,  1.70397833052868E+03
 1.89266666700000E+03, -1.67014385877440E+00, -1.80539548725000E+00,  5.51110670705034E-01,  2.73700000000000E+01,  4.40124357898103E+02,  2.22786796962909E+03
 1.89275000000000E+03, -1.80755242478783E+00, -1.32625786525000E+00,  5.21611471234543E-01,  2.75500000000000E+01,  4.05868480718255E+02,  2.24467920001792E+03
 1.89283333300000E+03, -1.73525169136444E+00, -1.13542143500000E+00,  4.91967512261756E-01,  2.77300000000000E+01,  1.37368484402096E+02,  1.91795471893565E+03
 1.89291666700000E+03, -1.80097483257608E+00, -1.32456813475000E+00,  4.62179138255519E-01,  2.79100000000000E+01,  5.86922400501826E+02,  3.31005578377533E+03
 1.89300000000000E+03, -1.98765258796955E+00, -1.84203782625000E+00,  4.32246718588782E-01,  2.80900000000000E+01,  5.93089212899481E+02,  3.16681594816134E+03
 1.89308333300000E+03, -2.19482117060694E+00, -2.30804299775000E+00,  4.02170647574126E-01,  2.82700000000000E+01,  6.61846535545929E+02,  3.43515177372920E+03
 1.89316666700000E+03, -2.29950989727756E+00, -2.33745412825000E+00,  3.71951344496019E-01,  2.84500000000000E+01,  7.06832411294033E+02,  3.44713888412578E+03
 1.89325000000000E+03, -2.24054869697962E+00, -1.87446143425000E+00,  3.41589253639807E-01,  2.86300000000000E+01,  6.89459971379600E+02,  3.06928907927230E+03
 1.89333333300000E+03, -2.06647044718765E+00, -1.19635644475000E+00,  3.11084844317429E-01,  2.88100000000000E+01,  5.24769625142023E+02,  1.52555324598782E+03
 1.89341666700000E+03, -1.90760016854337E+00, -7.46987379000000E-01,  2.80438610889836E-01,  2.89900000000000E+01,  7.02127504990200E+02,  1.98851199695107E+03
 1.89350000000000E+03, -1.88702597477447E+00, -7.38866881000000E-01,  2.49651072786146E-01,  2.91700000000000E+01,  5.73042923487998E+02,  1.09289338169964E+03
 1.89358333300000E+03, -2.00671776127312E+00, -1.08400711050000E+00,  2.18722774519491E-01,  2.93500000000000E+01,  5.87910330627173E+02,  1.88214452515876E+03
 1.89366666700000E+03, -2.07738541589828E+00, -1.57748456700000E+00,  2.08755286504576E-01,  2.95300000000000E+01,  7.63460784097789E+02,  2.02333345791935E+03
 1.89375000000000E+03, -1.98141455484078E+00, -2.05105634200000E+00,  2.28679445789504E-01,  2.97100000000000E+01,  4.61423585193890E+02,  1.63239103797245E+03
 1.89383333300000E+03, -1.88695091554166E+00, -2.52604057400000E+00,  2.48685330233413E-01,  2.98900000000000E+01,  5.22965256510323E+02,  1.55624485788044E+03
 1.89391666700000E+03, -1.95433183297192E+00, -2.99958299900000E+00,  2.68773036545139E-01,  3.00700000000000E+01,  6.15907231786497E+02,  1.92152172921141E+03
 1.89400000000000E+03, -2.17472561509547E+00, -3.30558542000000E+00,  2.88942638458835E-01,  3.02500000000000E+01,  6.56832444949404E+02,  2.05444376638962E+03
 1.89408333300000E+03, -2.45506505354193E+00, -3.35675467875000E+00,  3.09194186666060E-01,  3.04300000000000E+01,  5.11488136630568E+02,  1.95353527143332E+03
 1.89416666700000E+03, -2.66688804380797E+00, -3.19681800125000E+00,  3.29527708751118E-01,  3.06100000000000E+01,  5.55753975919514E+02,  2.31006995381191E+03
 1.89425000000000E+03, -2.72185600202048E+00, -2.85811251725000E+00,  3.49943209129614E-01,  3.07900000000000E+01,  3.56395327322673E+02,  2.09069441975495E+03
 1.89433333300000E+03, -2.62278945921280E+00, -2.48504245675000E+00,  3.70440668990295E-01,  3.09700000000000E+01,  2.78365359753468E+02,  1.99253673847156E+03
 1.89441666700000E+03, -2.45311192984401E+00, -2.43581572650000E+00,  3.91020046240102E-01,  3.11500000000000E+01,  3.02811576591080E+02,  1.17050055726654E+03
 1.89450000000000E+03, -2.31247755416813E+00, -2.70999794125000E+00,  4.11681275452543E-01,  3.13300000000000E+01,  3.92967446254859E+02,  1.24795766693781E+03
 1.89458333300000E+03, -1.80976942291999E+00, -2.68584981300000E+00,  4.32424267819293E-01,  3.15100000000000E+01,  4.09394767224206E+02,  9.74385594802613E+02
 1.89466666700000E+03, -9.14232353976547E-01, -2.09288925450000E+00, -5.06079971683780E+00,  3.16900000000000E+01,  6.18163163279133E+02,  1.68767136459187E+03
 1.89475000000000E+03, -4.55634462355164E-01, -1.40996475350000E+00, -5.04956092459937E+00,  3.18700000000000E+01,  5.98818161615295E+02,  1.84981922523755E+03
 1.89483333300000E+03, -4.44146467523125E-01, -1.00294809125000E+00, -5.03859125032400E+00,  3.20500000000000E+01,  5.01286117276608E+02,  2.05080866257284E+03
 1.89491666700000E+03, -4.81913560514307E-01, -8.20626877000000E-01, -5.02789286679356E+00,  3.22300000000000E+01,  5.48492284079612E+02,  1.89537777862418E+03
 1.89500000000000E+03, -5.91485375261506E-01, -7.32047648500000E-01, -5.01746792904181E+00,  3.24100000000000E+01,  5.19908887848198E+02,  1.85039833841860E+03
 1.89508333300000E+03, -7.62313666189413E-01, -6.29033776250000E-01, -5.00731857403209E+00,  3.25900000000000E+01,  4.31508169766045E+02,  1.50628753730354E+03
 1.89516666700000E+03, -9.52635813419423E-01, -4.39273984500000E-01, -4.99744692033693E+00,  3.27700000000000E+01,  5.55116474821828E+02,  1.30294064825281E+03
 1.89525000000000E+03, -1.11518631791370E+00, -3.09930319500000E-01, -4.98785506781944E+00,  3.29500000000000E+01,  7.48560530613452E+02,  1.69421957094716E+03
 1.89533333300000E+03, -1.22443015598622E+00, -5.11148424750000E-01, -4.97854509731666E+00,  3.31300000000000E+01,  6.04667127184228E+02,  2.29828658706095E+03
 1.89541666700000E+03, -1.28272790349595E+00, -9.13843245750000E-01, -4.96951907032479E+00,  3.33100000000000E+01,  6.27148152810482E+02,  2.65778070594254E+03
 1.89550000000000E+03, -1.30392097660583E+00, -1.13151590725000E+00, -4.96077902868651E+00,  3.34900000000000E+01,  6.37151313307839E+02,  2.05090421352851E+03
 1.89558333300000E+03, -1.05956542418101E+00, -1.00069039100000E+00, -4.95232699428026E+00,  3.36700000000000E+01,  5.75462624809593E+02,  2.01153033836108E+03
 1.89566666700000E+03, -5.07887585786995E-01, -5.85542445500000E-01, -1.60783976202803E+01,  3.38500000000000E+01,  5.08688592239308E+02,  1.33762778592484E+03
 1.89575000000000E+03, -8.85001504285054E-02, -1.85439684500000E-01, -1.61042878304827E+01,  3.40300000000000E+01,  5.06824081409398E+02,  1.12850498524683E+03
 1.89583333300000E+03,  1.11577042618776E-01, -1.27895883750000E-01, -1.61298010458570E+01,  3.42100000000000E+01,  4.58785389589358E+02,  8.20078972191661E+02
 1.89591666700000E+03,  2.13915971450907E-01, -4.14011996750000E-01, -1.61549356543962E+01,  3.43900000000000E+01,  3.62535446609628E+02,  1.01543197310618E+03
 1.89600000000000E+03,  1.74837376197640E-01, -7.67155831250000E-01, -1.61796900787368E+01,  3.45700000000000E+01,  3.39036301549021E+02,  9.73494674027417E+02
 1.89608333300000E+03,  1.73117437781396E-02, -8.75010854500000E-01, -1.62040627762876E+01,  3.47500000000000E+01,  2.18167190745028E+02,  1.04371624757194E+03
 1.89616666700000E+03, -1.83539822999473E-01, -6.52659824250000E-01, -1.62280522393554E+01,  3.49300000000000E+01,  2.73908680798875E+02,  7.83585896818826E+02
 1.89625000000000E+03, -3.45322376504689E-01, -2.34218522250000E-01, -1.62516569952663E+01,  3.51100000000000E+01,  3.10535436817125E+02,  7.27741440366727E+02
 1.89633333300000E+03, -4.21876374806957E-01,  2.15054271250000E-01, -1.62748756064823E+01,  3.52900000000000E+01,  3.11826572641591E+02,  6.86176158990979E+02
 1.89641666700000E+03, -4.16450452481124E-01,  4.15527547500000E-01, -1.62977066707152E+01,  3.54700000000000E+01,  4.06674568647912E+02,  9.51302813697070E+02
 1.89650000000000E+03, -3.61752412333426E-01,  2.44423671750000E-01, -1.63201488210351E+01,  3.56500000000000E+01,  4.02963038641745E+02,  9.66447081472489E+02
 1.89658333300000E+03, -3.61721072729530E-01,  5.82941565000000E-02, -1.63422007259757E+01,  3.58300000000000E+01,  4.37105238857060E+02,  1.34672643350852E+03
 1.89666666700000E+03, -4.24315560875328E-01,  9.36845900000000E-02, -1.18799545789470E+01,  3.60100000000000E+01,  4.95759400228908E+02,  1.59407150279928E+03
 1.89675000000000E+03, -3.89792849397810E-01,  9.42187642500000E-02, -1.18932137544481E+01,  3.61900000000000E+01,  4.41477637866910E+02,  1.69472733946746E+03
 1.89683333300000E+03, -2.62108092152174E-01, -1.00797317250000E-01, -1.19060752226775E+01,  3.63700000000000E+01,  5.65823436343353E+02,  1.54998309744448E+03
 1.89691666700000E+03, -1.59665924185193E-01, -2.07711833250000E-01, -1.19185385221827E+01,  3.65500000000000E+01,  5.98248415654989E+02,  2.46965814746244E+03
 1.89700000000000E+03, -1.23019866199151E-01,  3.43259607500000E-02, -1.19306032259827E+01,  3.67300000000000E+01,  5.57532472293678E+02,  3.10136701758878E+03
 1.89708333300000E+03, -1.43965126948826E-01,  4.44555553500000E-01, -1.19422689415677E+01,  3.69100000000000E+01,  5.86972594629133E+02,  2.86324912355358E+03
 1.89716666700000E+03, -1.73743537362103E-01,  6.53366466000000E-01, -1.19535353108943E+01,  3.70900000000000E+01,  5.68567838025143E+02,  3.04318933239761E+03
 1.89725000000000E+03, -1.58864396596490E-01,  4.70445302500000E-01, -1.19644020103774E+01,  3.72700000000000E+01,  4.31889685852714E+02,  2.78568326466963E+03
 1.89733333300000E+03, -7.62713864241176E-02,  2.61719542500000E-02, -1.19748687508786E+01,  3.74500000000000E+01,  5.72180988145320E+02,  2.70501361429408E+03
 1.89741666700000E+03,  5.84867982041421E-02, -2.56802575750000E-01, -1.19849352776895E+01,  3.76300000000000E+01,  6.50378408287995E+02,  1.72078450183256E+03
 1.89750000000000E+03,  2.11863022393732E-01, -1.76257562750000E-01, -1.19946013705130E+01,  3.78100000000000E+01,  9.17836887803601E+02,  1.75692935721785E+03
 1.89758333300000E+03,  4.29936491094190E-01, -4.08497597500000E-02, -1.20038668434393E+01,  3.79900000000000E+01,  1.09660409363773E+03,  1.98776722213389E+03
 1.89766666700000E+03,  5.89742081063272E-01, -7.87089077500000E-02, -9.71192540630549E-01,  3.81700000000000E+01,  1.00425476514940E+03,  2.93957148648697E+03
 1.89775000000000E+03,  4.39152137420764E-01, -2.23440455750000E-01, -9.97120709069769E-01,  3.83500000000000E+01,  8.87310234513250E+02,  2.59037719031816E+03
 1.89783333300000E+03,  1.21315450582336E-01, -4.02174225750000E-01, -1.02338424988220E+00,  3.85300000000000E+01,  7.79325364886061E+02,  4.32425440535861E+03
 1.89791666700000E+03, -1.23646911156866E-01, -4.81639861750000E-01, -1.04998207195891E+00,  3.87100000000000E+01,  3.82232943772854E+02,  4.36869474612201E+03
 1.89800000000000E+03, -2.45962972534117E-01, -3.88881930500000E-01, -1.07691305142042E+00,  3.88900000000000E+01,  5.59775018101011E+02,  4.09512697656892E+03
 1.89808333300000E+03, -2.28517961320818E-01, -2.49578080750000E-01, -1.10417603167386E+00,  3.90700000000000E+01,  5.37406487313445E+02,  3.34178494712328E+03
 1.89816666700000E+03, -1.00946488214195E-01, -1.51093122750000E-01, -1.13176982347404E+00,  3.92500000000000E+01,  6.38066348953707E+02,  2.93368556176414E+03
 1.89825000000000E+03,  5.66093341191205E-02, -8.58470700000000E-03, -1.15969320498823E+00,  3.94299999999999E+01,  8.32957310053465E+02,  1.58311060829660E+03
 1.89833333300000E+03,  1.37157310288017E-01,  2.08374223750000E-01, -1.18794492186481E+00,  3.96099999999999E+01,  1.10101305897560E+03,  2.96639529078921E+03
 1.89841666700000E+03,  5.94036538359225E-02,  3.32740277500000E-01, -1.21652368730570E+00,  3.97899999999999E+01,  8.46282619509731E+02,  2.87795214089612E+03
 1.89850000000000E+03, -1.77936041863371E-01,  3.31638101500000E-01, -1.24542818214258E+00,  3.99699999999999E+01,  8.24578581595281E+02,  3.12413229223649E+03
 1.89858333300000E+03, -8.81521758093082E-02,  3.09227784750000E-01, -1.27465705491690E+00,  4.01499999999999E+01,  7.35230602176063E+02,  3.72041915861644E+03
 1.89866666700000E+03,  3.46520315348912E-01,  1.64960821750000E-01, -1.45274545103683E+01,  4.03299999999999E+01,  7.35228042590742E+02,  3.89100203137263E+03
 1.89875000000000E+03,  3.47883783675091E-01, -1.87436191250000E-01, -1.45682977910307E+01,  4.05099999999999E+01,  6.54017536787722E+02,  2.69405115276979E+03
 1.89883333300000E+03,  1.25232042492512E-01, -5.05665192750000E-01, -1.46088716980410E+01,  4.06899999999999E+01,  5.81696269463253E+02,  3.60549088975614E+03
 1.89891666700000E+03,  1.52050934283693E-01, -5.70220647250000E-01, -1.46491732388991E+01,  4.08699999999999E+01,  5.94590415447204E+02,  3.35255857754297E+03
 1.89900000000000E+03,  2.30928924433098E-01, -5.93465976500000E-01, -1.46891994458742E+01,  4.10499999999999E+01,  5.16403155986455E+02,  3.40087430988559E+03
 1.89908333300000E+03,  1.82512263991745E-01, -7.40185763750000E-01, -1.47289473762955E+01,  4.12299999999999E+01,  5.50881026340816E+02,  2.67381271106243E+03
 1.89916666700000E+03,  1.57749032748406E-02, -6.68520664000000E-01, -1.47684141128405E+01,  4.14099999999999E+01,  3.72974686652732E+02,  3.20536008342227E+03
 1.89925000000000E+03, -1.19542354814680E-01, -1.79248271500000E-01, -1.48075967638198E+01,  4.15899999999999E+01,  3.37000522979325E+02,  2.15425670002641E+03
 1.89933333300000E+03, -1.27775208403107E-01,  3.11642058250000E-01, -1.48464924634589E+01,  4.17699999999999E+01,  3.30506348889513E+02,  2.11999307949409E+03
 1.89941666700000E+03, -9.60537069031182E-02,  4.45737238500000E-01, -1.48850983721771E+01,  4.19499999999999E+01,  5.31568243446799E+02,  1.86926904469962E+03
 1.89950000000000E+03, -2.22102580200894E-01,  4.16789629500000E-01, -1.49234116768638E+01,  4.21299999999999E+01,  3.05243127155021E+02,  1.90409050948775E+03
 1.89958333300000E+03, -2.83739062557467E-01,  4.81850140250000E-01, -1.49614295911509E+01,  4.23099999999999E+01,  4.92929566540095E+02,  1.88404331727895E+03
 1.89966666700000E+03, -5.78830710128928E-02,  5.89552028250000E-01, -5.82262629984830E+00,  4.24899999999999E+01,  7.59922522881316E+02,  1.87090776838475E+03
 1.89975000000000E+03,  1.32798428523706E-01,  6.57245178250000E-01, -5.80665953685166E+00,  4.26699999999999E+01,  8.28613776569210E+02,  1.86026098328293E+03
 1.89983333300000E+03,  2.95447651343845E-01,  8.17790300000000E-01, -5.79066549589468E+00,  4.28499999999999E+01,  6.18484211892219E+02,  1.23633816653302E+03
 1.89991666700000E+03,  5.73213937007932E-01,  1.19576114600000E+00, -5.77464276068567E+00,  4.30299999999999E+01,  6.05689988881691E+02,  1.65826127138301E+03
 1.90000000000000E+03,  7.71869780572337E-01,  1.53591429025000E+00, -5.75858992707124E+00,  4.32099999999999E+01,  4.13381356421890E+02,  8.48993017507347E+02
 1.90008333300000E+03,  7.49033466929738E-01,  1.51902573100000E+00, -5.74250560330395E+00,  4.33899999999999E+01,  1.86321435197153E+02,  8.72348898807314E+02
 1.90016666700000E+03,  5.44408558355413E-01,  1.29588926525000E+00, -5.72638841030827E+00,  4.35699999999999E+01,  1.41538328326652E+02,  1.72312987359849E+03
 1.90025000000000E+03,  3.31772534687858E-01,  1.08603675500000E+00, -5.71023698194439E+00,  4.37499999999999E+01,  1.41218178728875E+02,  2.14670229082509E+03
 1.90033333300000E+03,  2.50697622336705E-01,  7.54143256500000E-01, -5.69404996527032E+00,  4.39299999999999E+01,  1.75636998180597E+02,  1.73946166679951E+03
 1.90041666700000E+03,  2.85616130722373E-01,  3.82184775750000E-01, -5.67782602080181E+00,  4.41099999999999E+01,  2.43730988463871E+02,  1.81782885090982E+03
 1.90050000000000E+03,  3.02027665717032E-01,  3.68552032750000E-01, -5.66156382277037E+00,  4.42899999999999E+01,  2.71419296002044E+02,  1.86867468249930E+03
 1.90058333300000E+03,  7.30279520563947E-02,  6.77686927000000E-01, -5.64526205937915E+00,  4.44699999999999E+01,  4.08723114909399E+02,  1.87340716527512E+03
 1.90066666700000E+03, -3.14802319288192E-01,  9.38415570000000E-01, -1.16092156960777E+01,  4.46499999999999E+01,  7.82534852997193E+02,  2.63392829842634E+03
 1.90075000000000E+03, -4.68233837756751E-01,  9.07731528500000E-01, -1.16288449837546E+01,  4.48299999999999E+01,  8.29884593325602E+02,  3.16882755206196E+03
 1.90083333300000E+03, -4.08646975579257E-01,  4.95952793250000E-01, -1.16480888827314E+01,  4.50099999999999E+01,  8.29996293694969E+02,  3.33807865666228E+03
 1.90091666700000E+03, -3.25712635345933E-01, -1.14835069000000E-01, -1.16669463744393E+01,  4.51899999999999E+01,  1.19826064249017E+03,  5.49061212688552E+03
 1.90100000000000E+03, -2.32960167459678E-01, -6.57265154000000E-01, -1.16854164742561E+01,  4.53699999999999E+01,  1.44616999903104E+03,  6.12081303984450E+03
 1.90108333300000E+03, -1.34737900325050E-01, -1.06319860175000E+00, -1.17034982315675E+01,  4.55499999999999E+01,  1.09511334768090E+03,  5.27339591986183E+03
 1.90116666700000E+03, -2.28823325924814E-02, -1.27462157225000E+00, -1.17211907298245E+01,  4.57299999999999E+01,  1.56229477081605E+03,  4.99824696465949E+03
 1.90125000000000E+03,  1.07731501276974E-01, -1.16081270475000E+00, -1.17384930865976E+01,  4.59099999999999E+01,  1.57178816210655E+03,  4.74172543338027E+03
 1.90133333300000E+03,  2.43862278506556E-01, -7.44948425000000E-01, -1.17554044536262E+01,  4.60899999999999E+01,  1.25513097071104E+03,  2.39068868272388E+03
 1.90141666700000E+03,  3.57921349437759E-01, -2.88111308500000E-01, -1.17719240168651E+01,  4.62699999999999E+01,  1.09368695707606E+03,  2.57491848082588E+03
 1.90150000000000E+03,  4.30062866949519E-01, -1.67277480000000E-02, -1.17880509965267E+01,  4.64499999999999E+01,  1.08809524824132E+03,  2.86893381464061E+03
 1.90158333300000E+03,  4.74510366427215E-01,  1.75013482250000E-01, -1.18037846471195E+01,  4.66299999999999E+01,  1.10139377709481E+03,  3.80378312976526E+03
 1.90166666700000E+03,  4.77275686935218E-01,  4.76731020750000E-01, -5.53423555192580E+00,  4.68099999999999E+01,  1.15055927818454E+03,  4.01735878651978E+03
 1.90175000000000E+03,  4.02170695974199E-01,  6.98365245000000E-01, -5.51758472023578E+00,  4.69899999999999E+01,  1.19839945470604E+03,  4.08067084298101E+03
 1.90183333300000E+03,  2.94124269452065E-01,  5.98093685750000E-01, -5.50088348914028E+00,  4.71699999999999E+01,  1.78575255748435E+03,  3.36717943650775E+03
 1.90191666700000E+03,  2.03811045917031E-01,  4.30574138500000E-01, -5.48413069589090E+00,  4.73499999999999E+01,  2.07461311703492E+03,  3.58102795433316E+03
 1.90200000000000E+03,  1.37715880621405E-01,  6.23301116250000E-01, -5.46732519432070E+00,  4.75299999999999E+01,  1.51154566325519E+03,  3.30662257014184E+03
 1.90208333300000E+03,  1.11798439683285E-01,  1.25935149300000E+00, -5.45046585507345E+00,  4.77099999999999E+01,  1.68937833421639E+03,  4.49562320613129E+03
 1.90216666700000E+03,  1.50542823759765E-01,  1.97012524450000E+00, -5.43355156583030E+00,  4.78899999999999E+01,  1.64661103921518E+03,  4.43633779490554E+03
 1.90225000000000E+03,  2.67493143762575E-01,  2.19214159075000E+00, -5.41658123153398E+00,  4.80699999999999E+01,  1.31435528529790E+03,  3.33741564805961E+03
 1.90233333300000E+03,  4.47402338064488E-01,  1.81447871925000E+00, -5.39955377461050E+00,  4.82499999999999E+01,  1.14249753511044E+03,  2.87111902581092E+03
 1.90241666700000E+03,  6.49844358263197E-01,  1.30296596225000E+00, -5.38246813518824E+00,  4.84299999999999E+01,  1.20569202587821E+03,  1.91571245353329E+03
 1.90250000000000E+03,  8.33258347507965E-01,  9.49243975750000E-01, -5.36532327131437E+00,  4.86099999999999E+01,  9.59443262452645E+02,  6.95043935531757E+02
 1.90258333300000E+03,  6.05925895481258E-01,  6.43730940750000E-01, -5.34811815916876E+00,  4.87899999999999E+01,  9.04395697240065E+02,  8.94537843344326E+02
 1.90266666700000E+03,  3.78793531804436E-02,  3.80669973250000E-01, -1.28785827806315E+01,  4.89699999999999E+01,  3.98507109087410E+02,  8.93895751167632E+02
 1.90275000000000E+03, -2.47578727223104E-02,  2.86286297500000E-01, -1.28392790903794E+01,  4.91499999999999E+01,  4.17537636669513E+02,  7.89769678095659E+02
 1.90283333300000E+03,  3.26394309366862E-01,  2.34405334500000E-01, -1.27999572032371E+01,  4.93299999999999E+01,  6.90484994388918E+02,  1.75077443556978E+03
 1.90291666700000E+03,  4.93438623524462E-01, -4.26143999999999E-03, -1.27606198693883E+01,  4.95099999999999E+01,  8.34160685595705E+02,  1.56716065562143E+03
 1.90300000000000E+03,  4.02549859149631E-01, -2.70990938750000E-01, -1.27212698250107E+01,  4.96899999999999E+01,  9.94918044447506E+02,  2.52974484369561E+03
 1.90308333300000E+03,  2.18663278168844E-01, -1.89650336250000E-01, -1.26819097919843E+01,  4.98699999999999E+01,  1.15025059316651E+03,  2.78173210502768E+03
 1.90316666700000E+03,  1.83162720512413E-01,  2.93543792000000E-01, -1.26425424776017E+01,  5.00499999999999E+01,  1.00330927308796E+03,  2.82191130550245E+03
 1.90325000000000E+03,  3.81930163935821E-01,  8.07079831500000E-01, -1.26031705742812E+01,  5.02299999999999E+01,  6.50785942363295E+02,  1.92227875875400E+03
 1.90333333300000E+03,  6.68260618911435E-01,  9.48753511000000E-01, -1.25637967592817E+01,  5.04099999999999E+01,  5.01606587553214E+02,  1.96514470965290E+03
 1.90341666700000E+03,  8.14277176390936E-01,  7.21558909500000E-01, -1.25244236944207E+01,  5.05899999999999E+01,  2.87369120043089E+02,  9.03260094056631E+02
 1.90350000000000E+03,  7.41921046932277E-01,  3.63848233000000E-01, -1.24850540257947E+01,  5.07699999999999E+01,  4.41144982983454E+02,  8.90929519365445E+02
 1.90358333300000E+03,  4.26452017075482E-01,  1.10918013250000E-01, -1.24456903835015E+01,  5.09499999999999E+01,  4.38100142103354E+02,  6.14748199264154E+02
 1.90366666700000E+03,  6.03180546272698E-02,  1.35577556500000E-01, -7.91097910879438E+00,  5.11299999999999E+01,  4.60062571573245E+02,  6.95915728404713E+02
 1.90375000000000E+03,  3.07082600236771E-02,  3.03664025000000E-01, -7.88764353266022E+00,  5.13099999999999E+01,  3.98933459814777E+02,  1.14371191868751E+03
 1.90383333300000E+03,  2.40237778307757E-01,  3.96803189750000E-01, -7.86444859140613E+00,  5.14899999999999E+01,  4.12143954378012E+02,  1.06298853801322E+03
 1.90391666700000E+03,  3.86526352574708E-01,  4.28003077000000E-01, -7.84139346422865E+00,  5.16699999999999E+01,  2.05133904778469E+02,  9.64235219809042E+02
 1.90400000000000E+03,  4.32094564111128E-01,  4.30687520000000E-01, -7.81847730937640E+00,  5.18499999999999E+01,  2.65135949795484E+02,  1.27252781952156E+03
 1.90408333300000E+03,  4.80464336903148E-01,  3.61986748750000E-01, -7.79569926436145E+00,  5.20299999999999E+01,  2.37639601221798E+02,  1.17577348731058E+03
 1.90416666700000E+03,  6.64767804905759E-01,  3.45394323000000E-01, -7.77305844617342E+00,  5.22099999999999E+01,  5.09536872020760E+02,  1.03994577535898E+03
 1.90425000000000E+03,  9.91617875348821E-01,  7.19266265750000E-01, -7.75055395149619E+00,  5.23899999999999E+01,  5.54559006867209E+02,  1.96214305069342E+03
 1.90433333300000E+03,  1.30066152474674E+00,  1.45481018375000E+00, -7.72818485692732E+00,  5.25699999999999E+01,  4.80296502757370E+02,  2.65372650550079E+03
 1.90441666700000E+03,  1.39127209077967E+00,  2.02320211425000E+00, -7.70595021920000E+00,  5.27499999999999E+01,  4.16030573783627E+02,  2.66631978216678E+03
 1.90450000000000E+03,  1.20423504469269E+00,  2.29268453425000E+00, -7.68384907540768E+00,  5.29299999999999E+01,  6.43895887346484E+02,  2.90359465548440E+03
 1.90458333300000E+03,  1.08941280002694E+00,  2.62809592350000E+00, -7.66188044323112E+00,  5.31099999999999E+01,  3.76424422930306E+02,  2.79424816409248E+03
 1.90466666700000E+03,  1.28873029241544E+00,  2.91083741925000E+00, -7.51005073969009E+00,  5.32899999999999E+01,  5.51736871049359E+02,  2.65468883329403E+03
 1.90475000000000E+03,  1.47320288367386E+00,  2.58304773100000E+00, -7.48911441179567E+00,  5.34699999999999E+01,  7.65612333330775E+02,  1.94425987347302E+03
 1.90483333300000E+03,  1.50661742951237E+00,  1.81157641025000E+00, -7.46830082770450E+00,  5.36499999999999E+01,  8.22429020219647E+02,  1.57419822423023E+03
 1.90491666700000E+03,  1.49843184666230E+00,  1.41198818750000E+00, -7.44760882265340E+00,  5.38299999999999E+01,  6.20622165240719E+02,  2.15536351973053E+03
 1.90500000000000E+03,  1.45219130700310E+00,  1.53805308300000E+00, -7.42703721514330E+00,  5.40099999999999E+01,  6.17970507628927E+02,  2.19168828959934E+03
 1.90508333300000E+03,  1.38736991356430E+00,  1.74116934525000E+00, -7.40658480719439E+00,  5.41899999999999E+01,  4.36166097488952E+02,  1.99917897590077E+03
 1.90516666700000E+03,  1.33380101458085E+00,  1.92275488925000E+00, -7.38625038460335E+00,  5.43699999999999E+01,  3.67228589779519E+02,  1.96233940415671E+03
 1.90525000000000E+03,  1.31023970944149E+00,  2.11334411750000E+00, -7.36603271720276E+00,  5.45499999999999E+01,  4.77388144523883E+02,  2.77441949194571E+03
 1.90533333300000E+03,  1.30746010123066E+00,  2.00573855150000E+00, -7.34593055912238E+00,  5.47299999999999E+01,  7.09909864975962E+02,  3.43713128314059E+03
 1.90541666700000E+03,  1.29452712687420E+00,  1.41038204975000E+00, -7.32594264905247E+00,  5.49099999999999E+01,  7.59534621429221E+02,  3.23396265814786E+03
 1.90550000000000E+03,  1.24525422341593E+00,  6.84873322000000E-01, -7.30606771050911E+00,  5.50899999999999E+01,  7.98229864964236E+02,  2.68492989786929E+03
 1.90558333300000E+03,  1.08763290874509E+00,  2.70311371750000E-01, -7.28630445210136E+00,  5.52699999999999E+01,  1.03937099583719E+03,  2.66470727170400E+03
 1.90566666700000E+03,  8.67585848288787E-01,  3.46470879250000E-01, -9.54026771366660E+00,  5.54499999999999E+01,  9.59930715427159E+02,  2.12245601671447E+03
 1.90575000000000E+03,  7.89973664588164E-01,  7.85037706750000E-01, -9.52012474219077E+00,  5.56299999999999E+01,  8.78062696177949E+02,  6.80135260168593E+02
 1.90583333300000E+03,  8.56909519618065E-01,  1.05258875250000E+00, -9.49989555684953E+00,  5.58099999999999E+01,  8.66338512392093E+02,  1.53550727272447E+03
 1.90591666700000E+03,  9.48182048578053E-01,  9.93713840000000E-01, -9.47957992493428E+00,  5.59899999999999E+01,  1.09955274962203E+03,  1.49358787077258E+03
 1.90600000000000E+03,  1.01323060703266E+00,  1.02076119225000E+00, -9.45917763938800E+00,  5.61699999999999E+01,  9.03419017511073E+02,  1.63514444208377E+03
 1.90608333300000E+03,  1.02128294082438E+00,  1.16038247275000E+00, -9.43868851890388E+00,  5.63499999999999E+01,  8.31525223697843E+02,  1.64735825316171E+03
 1.90616666700000E+03,  9.68924263706776E-01,  1.19453678875000E+00, -9.41811240801995E+00,  5.65299999999999E+01,  9.03009262580143E+02,  2.68285247302308E+03
 1.90625000000000E+03,  8.65805812491799E-01,  1.09849289600000E+00, -9.39744917720995E+00,  5.67099999999999E+01,  9.41095778602059E+02,  3.51076494292035E+03
 1.90633333300000E+03,  7.17813248570059E-01,  8.73482527750000E-01, -9.37669872297028E+00,  5.68899999999999E+01,  6.53325831594490E+02,  3.59697344420234E+03
 1.90641666700000E+03,  5.27141988485327E-01,  7.00177021500000E-01, -9.35586096790305E+00,  5.70699999999999E+01,  6.43263621945165E+02,  3.84778097133874E+03
 1.90650000000000E+03,  3.08478553497847E-01,  6.37312338250000E-01, -9.33493586079529E+00,  5.72499999999999E+01,  9.62758709268510E+02,  4.23206431422658E+03
 1.90658333300000E+03,  1.80043980071927E-01,  3.28232516750000E-01, -9.31392337669416E+00,  5.74299999999999E+01,  8.43528828940279E+02,  3.52172042569302E+03
 1.90666666700000E+03,  1.05300930436534E-01, -2.43012814500000E-01, -1.47421718453118E+01,  5.76099999999999E+01,  7.77460594557974E+02,  1.83179632245533E+03
 1.90675000000000E+03, -9.32944630243938E-02, -7.33310094750000E-01, -1.47815439375171E+01,  5.77899999999999E+01,  8.10653584734650E+02,  2.12510676693131E+03
 1.90683333300000E+03, -2.23385197510040E-01, -1.15121996325000E+00, -1.48206309832811E+01,  5.79699999999999E+01,  6.62849220309671E+02,  1.66488942768159E+03
 1.90691666700000E+03, -7.64836260224056E-02, -1.39942113725000E+00, -1.48594301255546E+01,  5.81499999999999E+01,  6.30892212147018E+02,  1.53696396002467E+03
 1.90700000000000E+03,  1.99032821912994E-01, -9.97568876000000E-01, -1.48979385335749E+01,  5.83299999999999E+01,  6.74212579308529E+02,  1.37100738002944E+03
 1.90708333300000E+03,  3.46641577670158E-01, -7.95795737500000E-02, -1.49361534031407E+01,  5.85099999999999E+01,  8.99990901749698E+02,  1.92448637001964E+03
 1.90716666700000E+03,  2.14261424847254E-01,  5.59671551750000E-01, -1.49740719568839E+01,  5.86899999999999E+01,  9.72557874894615E+02,  1.97109763217254E+03
 1.90725000000000E+03, -1.34921076906976E-01,  6.51242985750000E-01, -1.50116914445381E+01,  5.88699999999999E+01,  1.01184417159179E+03,  2.31581550396941E+03
 1.90733333300000E+03, -4.98074991484693E-01,  7.34829174500000E-01, -1.50490091432044E+01,  5.90499999999999E+01,  6.95759467196911E+02,  2.11162315121479E+03
 1.90741666700000E+03, -7.10896660364638E-01,  1.18334206550000E+00, -1.50860223576133E+01,  5.92299999999999E+01,  6.34489005728886E+02,  2.00763364177667E+03
 1.90750000000000E+03, -7.67630856572969E-01,  1.63884532675000E+00, -1.51227284203844E+01,  5.94099999999999E+01,  4.39843017309266E+02,  2.80625343211144E+03
 1.90758333300000E+03, -2.98501334257164E-01,  1.75256182375000E+00, -1.51591246922817E+01,  5.95899999999999E+01,  3.56159915149447E+02,  2.66281547261156E+03
 1.90766666700000E+03,  5.92470149838877E-01,  1.66045266275000E+00, -7.73099586940765E+00,  5.97699999999999E+01,  2.58013148358751E+02,  3.16415431752891E+03
 1.90775000000000E+03,  9.37413506312094E-01,  1.45882521225000E+00, -7.70874434315648E+00,  5.99499999999999E+01,  3.89489090541027E+02,  3.20180127039706E+03
 1.90783333300000E+03,  8.28680113308582E-01,  1.04407366875000E+00, -7.68662643323710E+00,  6.01299999999999E+01,  3.79852488361952E+02,  3.41236943426737E+03
 1.90791666700000E+03,  8.10494908335452E-01,  5.20148521000000E-01, -7.66464115976360E+00,  6.03099999999999E+01,  3.36781995399603E+02,  2.38212891265650E+03
 1.90800000000000E+03,  8.22711437989380E-01,  2.09421060000000E-01, -7.64278752363798E+00,  6.04899999999999E+01,  3.22284993091856E+02,  2.07469932156578E+03
 1.90808333300000E+03,  7.51082108519396E-01,  2.18863479250000E-01, -7.62106450678191E+00,  6.06699999999999E+01,  6.32093998946869E+02,  1.75851971983902E+03
 1.90816666700000E+03,  5.57372627471894E-01,  3.10784686000000E-01, -7.59947107237094E+00,  6.08499999999999E+01,  7.52917964963088E+02,  1.85760536134423E+03
 1.90825000000000E+03,  3.32877682325675E-01,  3.02569810000000E-01, -7.57800616507120E+00,  6.10299999999999E+01,  6.73274123591292E+02,  1.69508978264923E+03
 1.90833333300000E+03,  2.26866870167332E-01,  3.71017708250000E-01, -7.55666871127841E+00,  6.12099999999999E+01,  7.03292761360282E+02,  2.12129855246880E+03
 1.90841666700000E+03,  3.18836836214707E-01,  6.94070832500000E-01, -7.53545761935928E+00,  6.13899999999999E+01,  6.87740561866635E+02,  2.09620873406512E+03
 1.90850000000000E+03,  5.48712097886485E-01,  1.06427380125000E+00, -7.51437177989514E+00,  6.15699999999999E+01,  7.26736679290871E+02,  2.34789484500066E+03
 1.90858333300000E+03,  5.89344479387532E-01,  1.13483520250000E+00, -7.49341006592801E+00,  6.17499999999999E+01,  8.67285031241870E+02,  2.19733890302558E+03
 1.90866666700000E+03,  2.90169278565831E-01,  8.53346358000000E-01, -1.60923704506397E+01,  6.19299999999999E+01,  1.09316091426431E+03,  2.35790268861447E+03
 1.90875000000000E+03, -6.39849967070584E-03,  5.70115702250000E-01, -1.60681744348007E+01,  6.21099999999999E+01,  1.06017579660798E+03,  2.03409331523105E+03
 1.90883333300000E+03, -1.49251911338435E-01,  5.21052635750000E-01, -1.60436842836219E+01,  6.22899999999999E+01,  1.12259873149761E+03,  2.67151743723603E+03
 1.90891666700000E+03, -2.11091167622204E-01,  4.38873115000000E-01, -1.60189025451488E+01,  6.24699999999999E+01,  1.00417547703573E+03,  2.03190949646791E+03
 1.90900000000000E+03, -1.87968173263224E-01,  9.38983090000000E-02, -1.59938317859012E+01,  6.26499999999999E+01,  6.65019373390429E+02,  2.15590757988677E+03
 1.90908333300000E+03, -9.78865943480664E-02, -3.60845142250000E-01, -1.59684745905449E+01,  6.28299999999999E+01,  4.99863710325401E+02,  2.50736143016306E+03
 1.90916666700000E+03,  2.51692983968517E-02, -8.22348804500000E-01, -1.59428335615634E+01,  6.30099999999999E+01,  8.24345984987967E+02,  2.33808997294407E+03
 1.90925000000000E+03,  1.33678682515662E-01, -1.34621881800000E+00, -1.59169113189262E+01,  6.31899999999999E+01,  7.59476115820039E+02,  2.85865696873753E+03
 1.90933333300000E+03,  1.76895070487283E-01, -1.75407525675000E+00, -1.58907104997571E+01,  6.33699999999999E+01,  5.83665448587177E+02,  3.04113689148860E+03
 1.90941666700000E+03,  1.25302272667994E-01, -1.77236762150000E+00, -1.58642337579995E+01,  6.35499999999999E+01,  7.87229848843591E+02,  3.98731525329868E+03
 1.90950000000000E+03, -3.77014966933625E-03, -1.61586716175000E+00, -1.58374837640816E+01,  6.37299999999999E+01,  9.33215542199588E+02,  3.28932971426297E+03
 1.90958333300000E+03, -1.71402276483401E-01, -1.71776944125000E+00, -1.58104632045789E+01,  6.39099999999999E+01,  6.16261882983557E+02,  3.16486509698849E+03
 1.90966666700000E+03, -3.92311024267376E-01, -1.92700333800000E+00, -1.63440331005347E+01,  6.40899999999999E+01,  6.01116122995300E+02,  2.69487614611699E+03
 1.90975000000000E+03, -6.61509329565877E-01, -1.82210514050000E+00, -1.63266488010879E+01,  6.42699999999999E+01,  5.64838294771311E+02,  2.52715664540840E+03
 1.90983333300000E+03, -8.71997970020753E-01, -1.54765453600000E+00, -1.63093283370570E+01,  6.44499999999999E+01,  3.09775152831115E+02,  1.27544239287274E+03
 1.90991666700000E+03, -9.48564029540781E-01, -1.56706193775000E+00, -1.62920699121142E+01,  6.46299999999999E+01,  1.26921134151153E+02,  1.35352698182345E+03
 1.91000000000000E+03, -9.00780541714073E-01, -1.79296568025000E+00, -1.62748717252145E+01,  6.48099999999999E+01,  2.83634324500001E+02,  1.52723943562481E+03
 1.91008333300000E+03, -7.64210034483832E-01, -1.59634946600000E+00, -1.62577319709588E+01,  6.49900000000000E+01,  3.33899693170737E+02,  1.12441727044043E+03
 1.91016666700000E+03, -5.88135005532597E-01, -8.93356935500000E-01, -1.62406488399567E+01,  6.51700000000000E+01,  4.10901480569491E+02,  1.03285412307737E+03
 1.91025000000000E+03, -4.30827970286176E-01, -2.64729413750000E-01, -1.62236205191902E+01,  6.53500000000000E+01,  4.74529072795895E+02,  8.84814659092700E+02
 1.91033333300000E+03, -3.50756978199453E-01,  2.72629370000000E-02, -1.62066451923770E+01,  6.55300000000000E+01,  5.10854989378057E+02,  9.05437155335342E+02
 1.91041666700000E+03, -3.85003177036479E-01, -4.26073110000000E-02, -1.61897210403346E+01,  6.57100000000000E+01,  6.19912827163157E+02,  1.38957214050410E+03
 1.91050000000000E+03, -5.24766107456247E-01, -3.76669684500000E-01, -1.61728462413448E+01,  6.58900000000000E+01,  7.18090345259010E+02,  1.23103958185631E+03
 1.91058333300000E+03, -4.09731772391577E-01, -5.35199573750000E-01, -1.61560189715175E+01,  6.60700000000000E+01,  6.21914497078876E+02,  1.17995745187424E+03
 1.91066666700000E+03,  3.03746064239553E-02, -5.11038756000000E-01, -1.66523028825267E+01,  6.62500000000000E+01,  5.67683761052631E+02,  1.22016072660287E+03
 1.91075000000000E+03,  1.55221353196476E-01, -7.15524683500000E-01, -1.66127999115810E+01,  6.64300000000000E+01,  5.33151815484552E+02,  1.37501157198259E+03
 1.91083333300000E+03, -1.13118872634857E-01, -1.04414502200000E+00, -1.65733483567334E+01,  6.66100000000000E+01,  2.71705561586436E+02,  7.96194707718912E+02
 1.91091666700000E+03, -3.58899459009865E-01, -1.09204172925000E+00, -1.65339506096603E+01,  6.67900000000000E+01,  1.43111975903493E+02,  6.80710054392915E+02
 1.91100000000000E+03, -3.91758113551033E-01, -9.16722952750000E-01, -1.64946090397639E+01,  6.69700000000000E+01,  1.70684061497049E+02,  1.30381984120405E+03
 1.91108333300000E+03, -2.00925237658031E-01, -8.34111688250000E-01, -1.64553259939375E+01,  6.71500000000000E+01,  1.64695020181181E+02,  1.38700491115390E+03
 1.91116666700000E+03,  3.49294085447773E-02, -7.19759600750000E-01, -1.64161037963331E+01,  6.73300000000000E+01,  1.11028218771158E+02,  1.18860676985176E+03
 1.91125000000000E+03,  1.11253048295605E-01, -3.37214443750000E-01, -1.63769447481331E+01,  6.75100000000000E+01,  1.54419980506668E+02,  9.04675504635446E+02
 1.91133333300000E+03, -2.11028785201291E-02,  4.95163252500000E-02, -1.63378511273252E+01,  6.76900000000001E+01,  1.10449059506259E+02,  1.04482873247601E+03
 1.91141666700000E+03, -2.25378690727554E-01,  1.43843473500000E-01, -1.62988251884810E+01,  6.78700000000001E+01,  8.60483975021396E+01,  5.41124227153807E+02
 1.91150000000000E+03, -3.22239749487255E-01, -2.08577020000000E-02, -1.62598691625385E+01,  6.80500000000001E+01,  1.31669478244101E+02,  4.87118569981137E+02
 1.91158333300000E+03, -4.44494986369886E-01, -3.07619116250000E-01, -1.62209852565874E+01,  6.82300000000001E+01,  1.41666968825043E+02,  5.68466773925499E+02
 1.91166666700000E+03, -6.13200580033274E-01, -4.53961915250000E-01, -9.03861719520911E+00,  6.84100000000001E+01,  1.02819752853535E+02,  5.62157809314664E+02
 1.91175000000000E+03, -4.87049865982606E-01, -2.89499537750000E-01, -9.08695583528287E+00,  6.85900000000001E+01,  1.31908856400881E+02,  4.35499043417271E+02
 1.91183333300000E+03, -2.47283742522704E-01, -8.42846090000000E-02, -9.13543664708375E+00,  6.87700000000001E+01,  2.05029328369615E+02,  3.49880449740379E+02
 1.91191666700000E+03, -2.63732272714531E-01, -7.80800140000000E-02, -9.18405614267262E+00,  6.89500000000001E+01,  1.89853956835189E+02,  5.66491048536962E+02
 1.91200000000000E+03, -3.84482688664145E-01, -6.50857102500000E-02, -9.23281081745360E+00,  6.91300000000001E+01,  1.86166101945754E+02,  4.17898041285559E+02
 1.91208333300000E+03, -2.65890580885584E-01,  1.15776739500000E-01, -9.28169715052029E+00,  6.93100000000001E+01,  1.72447959786704E+02,  6.42622000747034E+02
 1.91216666700000E+03,  1.40228197778185E-01,  2.74975701750000E-01, -9.33071160500385E+00,  6.94900000000001E+01,  1.95169562984744E+02,  8.60428611884243E+02
 1.91225000000000E+03,  4.60851538338534E-01,  3.31701152500000E-01, -9.37985062842330E+00,  6.96700000000001E+01,  1.32076114970558E+02,  9.29966998607528E+02
 1.91233333300000E+03,  3.69212203062898E-01,  4.63941065500000E-01, -9.42911065303762E+00,  6.98500000000001E+01,  1.12042959773789E+02,  7.10284030833363E+02
 1.91241666700000E+03,  4.03636575112662E-02,  5.98135426750000E-01, -9.47848809619988E+00,  7.00300000000001E+01,  1.81727029370924E+02,  7.80650138006335E+02
 1.91250000000000E+03, -5.12367138402065E-02,  4.63619759500000E-01, -9.52797936071309E+00,  7.02100000000002E+01,  2.57756286774981E+02,  8.84676034813631E+02
 1.91258333300000E+03, -3.20819757114503E-02,  1.25087106250000E-01, -9.57758083518807E+00,  7.03900000000002E+01,  2.16304135974317E+02,  8.19462368624331E+02
 1.91266666700000E+03, -2.29426336565571E-01, -1.35947904500000E-01, -9.57334642204845E+00,  7.05700000000002E+01,  2.06564090550185E+02,  1.54244687612991E+03
 1.91275000000000E+03, -2.94611840717668E-01, -1.92426498000000E-01, -9.55334525802945E+00,  7.07500000000002E+01,  2.19064911135456E+02,  1.67125446999268E+03
 1.91283333300000E+03, -1.41693640367159E-01, -1.74316518500000E-01, -9.53325832036186E+00,  7.09300000000002E+01,  2.49569822988748E+02,  1.62771672247056E+03
 1.91291666700000E+03, -8.62840590923939E-02, -2.39115143500000E-01, -9.51308533419857E+00,  7.11100000000002E+01,  1.92649605616375E+02,  1.50570835767915E+03
 1.91300000000000E+03, -1.26588439106485E-01, -2.48490105000000E-01, -9.49282605017292E+00,  7.12900000000002E+01,  2.37554522901800E+02,  2.20744536625814E+03
 1.91308333300000E+03, -4.46028624446594E-02, -2.68432410000000E-02, -9.47248024450363E+00,  7.14700000000002E+01,  3.10093405683389E+02,  1.39743495050247E+03
 1.91316666700000E+03,  2.57935048389430E-01,  3.69119636250000E-01, -9.45204771909581E+00,  7.16500000000002E+01,  4.88719747863968E+02,  1.22093640785868E+03
 1.91325000000000E+03,  5.82249247457075E-01,  7.92603789000000E-01, -9.43152830163814E+00,  7.18300000000002E+01,  3.92075761114166E+02,  1.30240316289725E+03
 1.91333333300000E+03,  6.71180620581637E-01,  1.02134118900000E+00, -9.41092184569631E+00,  7.20100000000002E+01,  5.07600881711171E+02,  1.09910467677032E+03
 1.91341666700000E+03,  5.31481500395882E-01,  9.41939163750000E-01, -9.39022823080241E+00,  7.21900000000002E+01,  6.72892570940509E+02,  4.66815631970728E+02
 1.91350000000000E+03,  3.88054907327728E-01,  7.37460109500000E-01, -9.36944736254059E+00,  7.23700000000002E+01,  6.00018877763140E+02,  4.75860309645502E+02
 1.91358333300000E+03,  2.34190037225157E-01,  5.55470319000000E-01, -9.34857917262879E+00,  7.25500000000002E+01,  3.93583921366524E+02,  7.56060692827793E+02
 1.91366666700000E+03, -2.31888197905794E-03,  3.73753131500000E-01, -2.25268958571062E+01,  7.27300000000002E+01,  5.09870041148848E+02,  1.21589382661484E+03
 1.91375000000000E+03, -9.33210209748935E-02,  2.56568881000000E-01, -2.25006273714756E+01,  7.29100000000003E+01,  4.70507096917836E+02,  1.35579619930880E+03
 1.91383333300000E+03,  2.27922506310479E-02,  3.48701306000000E-01, -2.24743084860122E+01,  7.30900000000003E+01,  3.44759465902998E+02,  1.29052244768284E+03
 1.91391666700000E+03,  1.84147270139476E-01,  6.61666027250000E-01, -2.24479408920443E+01,  7.32700000000003E+01,  4.41613802641346E+02,  1.63819134216002E+03
 1.91400000000000E+03,  2.86110795923575E-01,  8.99430201500000E-01, -2.24215263094490E+01,  7.34500000000003E+01,  4.76414621561643E+02,  1.36925864691183E+03
 1.91408333300000E+03,  2.72890799934677E-01,  6.81574812750000E-01, -2.23950664864528E+01,  7.36300000000003E+01,  5.48110073972690E+02,  8.37151819853674E+02
 1.91416666700000E+03,  1.57282391131655E-01,  1.47060028500000E-01, -2.23685631994269E+01,  7.38100000000003E+01,  4.66391307576173E+02,  8.28919998749030E+02
 1.91425000000000E+03, -4.03307767184652E-03, -2.27791468750000E-01, -2.23420182526779E+01,  7.39900000000003E+01,  5.08308649113906E+02,  7.42043094047581E+02
 1.91433333300000E+03, -1.55146524652105E-01, -3.22860775000000E-01, -2.23154334782344E+01,  7.41700000000003E+01,  5.69350661048078E+02,  4.97469644346578E+02
 1.91441666700000E+03, -2.71843547960575E-01, -2.40425578750000E-01, -2.22888107356274E+01,  7.43500000000003E+01,  6.18192655302087E+02,  8.80981212297525E+02
 1.91450000000000E+03, -3.63114741615766E-01, -1.53551397500000E-02, -2.22621519116676E+01,  7.45300000000003E+01,  4.21732012523077E+02,  8.97487428333690E+02
 1.91458333300000E+03, -3.94390700609305E-01,  1.86903616500000E-01, -2.22354589202171E+01,  7.47100000000003E+01,  4.33250116385095E+02,  8.45137494502669E+02
 1.91466666700000E+03, -2.41905550821799E-01,  1.70369809250000E-01, -2.91367625117071E+01,  7.48900000000003E+01,  3.29637970360831E+02,  7.70775098252618E+02
 1.91475000000000E+03,  6.57823377313940E-02,  9.53276630000000E-02, -2.91785734524816E+01,  7.50700000000003E+01,  2.15894775169439E+02,  8.66813734622486E+02
 1.91483333300000E+03,  3.08890802229714E-01,  3.45279720000000E-01, -2.92200778725990E+01,  7.52500000000003E+01,  2.81401631052027E+02,  7.59303572914059E+02
 1.91491666700000E+03,  4.46902131027610E-01,  9.78715418500000E-01, -2.92612724323334E+01,  7.54300000000003E+01,  4.12724629387104E+02,  1.38859561917973E+03
 1.91500000000000E+03,  6.23462425390596E-01,  1.63636592025000E+00, -2.93021538229428E+01,  7.56100000000004E+01,  5.31376994574395E+02,  1.45903202832078E+03
 1.91508333300000E+03,  8.82128151071108E-01,  2.00540289625000E+00, -2.93427187670227E+01,  7.57900000000004E+01,  6.56743521646796E+02,  1.48613449637689E+03
 1.91516666700000E+03,  1.09166576976349E+00,  2.04053849125000E+00, -2.93829640188561E+01,  7.59700000000004E+01,  6.70848452008866E+02,  2.27813218712532E+03
 1.91525000000000E+03,  1.08047616023845E+00,  1.76018941700000E+00, -2.94228863647588E+01,  7.61500000000004E+01,  5.50556480785076E+02,  2.04915136053098E+03
 1.91533333300000E+03,  8.30365285671735E-01,  1.15187093050000E+00, -2.94624826234216E+01,  7.63300000000004E+01,  4.66588379229067E+02,  2.28093757772432E+03
 1.91541666700000E+03,  5.24973261809786E-01,  2.92068467750000E-01, -2.95017496462473E+01,  7.65100000000004E+01,  3.32729432099436E+02,  2.13075609085042E+03
 1.91550000000000E+03,  4.00961316961430E-01, -4.98031283500000E-01, -2.95406843176841E+01,  7.66900000000004E+01,  2.26039458287095E+02,  2.23046101407561E+03
 1.91558333300000E+03,  2.10205497305011E-01, -8.85296129750000E-01, -2.95792835555551E+01,  7.68700000000004E+01,  1.97241646937186E+02,  2.97815334907957E+03
 1.91566666700000E+03, -1.99656315947178E-01, -9.94315034000000E-01, -2.13028591693803E+01,  7.70500000000004E+01,  1.88138346511023E+02,  3.80890982859807E+03
 1.91575000000000E+03, -2.70298937291267E-01, -1.10054745775000E+00, -2.13553044587148E+01,  7.72300000000004E+01,  1.89620817490000E+02,  3.17497692305338E+03
 1.91583333300000E+03,  1.38952718713576E-02, -1.12133106650000E+00, -2.14076935270036E+01,  7.74100000000004E+01,  3.06567638303007E+02,  4.52242195327311E+03
 1.91591666700000E+03,  1.34552930782250E-01, -9.06993480500000E-01, -2.14600221350735E+01,  7.75900000000004E+01,  2.89223969890666E+02,  4.50910912159907E+03
 1.91600000000000E+03, -5.85531594252744E-05, -6.47318859250000E-01, -2.15122860471932E+01,  7.77700000000004E+01,  2.99909595623378E+02,  3.11976771382105E+03
 1.91608333300000E+03, -7.07490197703910E-02, -6.92429526000000E-01, -2.15644810315316E+01,  7.79500000000004E+01,  3.44488926638179E+02,  2.63192241994769E+03
 1.91616666700000E+03,  1.71102266423695E-01, -1.06927961850000E+00, -2.16166028606169E+01,  7.81300000000005E+01,  3.04574605990539E+02,  2.44202760950940E+03
 1.91625000000000E+03,  4.67098188799870E-01, -1.49689521800000E+00, -2.16686473117937E+01,  7.83100000000005E+01,  2.45142305937679E+02,  1.17116933180741E+03
 1.91633333300000E+03,  3.86142126208218E-01, -1.77720181125000E+00, -2.17206101676814E+01,  7.84900000000005E+01,  3.30561762939013E+02,  1.50362598672624E+03
 1.91641666700000E+03, -2.55140696909542E-02, -1.92365797450000E+00, -2.17724872166302E+01,  7.86700000000005E+01,  3.37297761234439E+02,  1.17034942920438E+03
 1.91650000000000E+03, -2.64914044222797E-01, -2.13201640425000E+00, -2.18242742531782E+01,  7.88500000000005E+01,  2.74331949680292E+02,  9.31332342789629E+02
 1.91658333300000E+03, -3.08593806055632E-01, -2.43772080700000E+00, -2.18759670785062E+01,  7.90300000000005E+01,  2.81378540090344E+02,  9.22240387689686E+02
 1.91666666700000E+03, -5.21353501287381E-01, -2.52752898850000E+00, -1.73521214150836E+01,  7.92100000000005E+01,  3.53192496847876E+02,  1.42623884480573E+03
 1.91675000000000E+03, -7.18744111101765E-01, -2.32968399550000E+00, -1.73257337077286E+01,  7.93900000000005E+01,  2.29741958909500E+02,  1.75000849025505E+03
 1.91683333300000E+03, -7.21488246909492E-01, -2.16508410325000E+00, -1.72993209109748E+01,  7.95700000000005E+01,  2.45168984312662E+02,  1.69418393688699E+03
 1.91691666700000E+03, -7.72799225954191E-01, -2.12016874125000E+00, -1.72728849842409E+01,  7.97500000000005E+01,  3.16711414831430E+02,  1.67019175348749E+03
 1.91700000000000E+03, -9.80073299853665E-01, -1.98188435325000E+00, -1.72464279109890E+01,  7.99300000000005E+01,  4.58071564551430E+02,  1.78570325135764E+03
 1.91708333300000E+03, -1.11235644629272E+00, -1.64357807775000E+00, -1.72199516984832E+01,  8.01100000000005E+01,  5.49076815566421E+02,  1.23778988950262E+03
 1.91716666700000E+03, -9.20266781207088E-01, -1.17431930275000E+00, -1.71934583775444E+01,  8.02900000000005E+01,  5.43933558399818E+02,  4.48910150093724E+02
 1.91725000000000E+03, -5.29868020563765E-01, -7.59084754250000E-01, -1.71669500023001E+01,  8.04700000000005E+01,  4.83798574885140E+02,  9.17371555789686E+02
 1.91733333300000E+03, -3.01776185866533E-01, -6.43388367750000E-01, -1.71404286499319E+01,  8.06500000000005E+01,  5.37682419580345E+02,  8.09338986376316E+02
 1.91741666700000E+03, -3.66457767492009E-01, -8.52551650750000E-01, -1.71138964204173E+01,  8.08300000000006E+01,  6.85212419074901E+02,  8.22735592575090E+02
 1.91750000000000E+03, -5.22963967808985E-01, -1.06709448300000E+00, -1.70873554362692E+01,  8.10100000000006E+01,  6.43632431280811E+02,  9.42732390778585E+02
 1.91758333300000E+03, -5.76529047942864E-01, -1.00673662850000E+00, -1.70608078422704E+01,  8.11900000000006E+01,  6.66057305321137E+02,  1.00282796680222E+03
 1.91766666700000E+03, -5.34475531127308E-01, -7.23393522750000E-01, -2.82346235502110E+01,  8.13700000000006E+01,  7.42246442799748E+02,  7.94789260682298E+02
 1.91775000000000E+03, -5.00625995749236E-01, -5.05621860500000E-01, -2.82106215351275E+01,  8.15500000000006E+01,  6.15557100801233E+02,  8.47412592801061E+02
 1.91783333300000E+03, -5.47217150786902E-01, -5.75032070750000E-01, -2.81865262009196E+01,  8.17300000000006E+01,  3.08426185423823E+02,  6.46779191639662E+02
 1.91791666700000E+03, -6.56457796140673E-01, -8.06551254500000E-01, -2.81623381717519E+01,  8.19100000000006E+01,  1.61067905127400E+02,  5.84072903188609E+02
 1.91800000000000E+03, -7.46883573761355E-01, -9.33202518500000E-01, -2.81380581061207E+01,  8.20900000000006E+01,  1.46989446117295E+02,  6.05690091163793E+02
 1.91808333300000E+03, -7.30281445846848E-01, -8.24055458500000E-01, -2.81136866968342E+01,  8.22700000000006E+01,  2.95579185463190E+02,  8.91571447706609E+02
 1.91816666700000E+03, -5.51453950080967E-01, -4.84332076500000E-01, -2.80892246709875E+01,  8.24500000000006E+01,  3.63411568539319E+02,  8.61146960083398E+02
 1.91825000000000E+03, -2.25959173410263E-01, -6.02883697500000E-02, -2.80646727899308E+01,  8.26300000000006E+01,  5.46092675913543E+02,  1.16289617111107E+03
 1.91833333300000E+03,  1.52788207695244E-01,  3.58674066000000E-01, -2.80400318492335E+01,  8.28100000000006E+01,  5.01390231513164E+02,  1.31368930287888E+03
 1.91841666700000E+03,  4.52347736978693E-01,  8.25644161000000E-01, -2.80153026786404E+01,  8.29900000000006E+01,  5.32110234975022E+02,  1.38639863801855E+03
 1.91850000000000E+03,  5.69425947416245E-01,  1.15835356850000E+00, -2.79904861420236E+01,  8.31700000000006E+01,  4.17225885797005E+02,  8.77423174149651E+02
 1.91858333300000E+03,  2.39761871675358E-01,  1.03551378025000E+00, -2.79655831373280E+01,  8.33500000000006E+01,  4.44579641047870E+02,  1.85819153954167E+03
 1.91866666700000E+03, -4.04239316038191E-01,  5.93199003500000E-01, -2.62632017708909E+01,  8.35300000000007E+01,  5.56491880242615E+02,  2.05740491165475E+03
 1.91875000000000E+03, -7.38306030530282E-01,  1.90100383750000E-01, -2.62440753160672E+01,  8.37100000000007E+01,  6.13319241815504E+02,  2.13022314702305E+03
 1.91883333300000E+03, -8.18311953423500E-01, -1.34216512250000E-01, -2.62250444599289E+01,  8.38900000000007E+01,  5.91507831310272E+02,  2.26741932349785E+03
 1.91891666700000E+03, -9.48370958909750E-01, -4.36605472500000E-01, -2.62061073597160E+01,  8.40700000000007E+01,  4.96453914559675E+02,  2.32471139714735E+03
 1.91900000000000E+03, -1.08694618740617E+00, -7.12330364750000E-01, -2.61872621613031E+01,  8.42500000000007E+01,  6.15837662192838E+02,  1.70191848992357E+03
 1.91908333300000E+03, -1.17173605810890E+00, -9.80911039750000E-01, -2.61685069996068E+01,  8.44300000000007E+01,  3.37387265016869E+02,  3.03885297459308E+03
 1.91916666700000E+03, -1.14145676963577E+00, -1.12852699950000E+00, -2.61498399989943E+01,  8.46100000000007E+01,  3.16829757797686E+02,  2.88289033898199E+03
 1.91925000000000E+03, -9.72208390646374E-01, -9.56512287000000E-01, -2.61312592736943E+01,  8.47900000000007E+01,  3.09947183993311E+02,  2.62481264360818E+03
 1.91933333300000E+03, -7.01185396776118E-01, -5.27236892250000E-01, -2.61127629282080E+01,  8.49700000000007E+01,  3.25865843432080E+02,  2.60952061361186E+03
 1.91941666700000E+03, -4.15016932383897E-01, -2.37173254750000E-01, -2.60943490577226E+01,  8.51500000000007E+01,  1.23123888566598E+02,  2.36054805596458E+03
 1.91950000000000E+03, -2.06478114274653E-01, -3.34762655500000E-01, -2.60760157485248E+01,  8.53300000000007E+01,  1.08578681669486E+02,  8.40312815169418E+02
 1.91958333300000E+03, -7.14468816286000E-02, -6.16230075000000E-01, -2.60577610784165E+01,  8.55100000000007E+01,  1.15275634327028E+02,  1.00662341922625E+03
 1.91966666700000E+03, -1.09908064288000E-01, -8.30190288000000E-01, -2.80007779963269E+01,  8.56900000000007E+01,  1.13104759451984E+02,  1.22323306386720E+03
 1.91975000000000E+03, -4.41572064551713E-01, -9.01291544250000E-01, -2.80490899568010E+01,  8.58700000000007E+01,  1.03158340687213E+02,  1.36335128248876E+03
 1.91983333300000E+03, -7.54642327452565E-01, -8.24193465000000E-01, -2.80971879684301E+01,  8.60500000000008E+01,  1.05344647235243E+02,  1.26726163927350E+03
 1.91991666700000E+03, -7.97816194681723E-01, -7.30736313250000E-01, -2.81450680419483E+01,  8.62300000000008E+01,  1.14781146193974E+02,  1.18114293389646E+03
 1.92000000000000E+03, -8.02260647760939E-01, -7.30138520000000E-01, -2.81927262090597E+01,  8.64100000000008E+01,  7.30441718979949E+01,  1.58610292591174E+03
 1.92008333300000E+03, -1.04230780103931E+00, -7.95989124750000E-01, -2.82401585228761E+01,  8.65900000000008E+01,  1.16260702956846E+02,  1.30971409393437E+03
 1.92016666700000E+03, -1.44115443025516E+00, -9.62142847000000E-01, -2.82873610583518E+01,  8.67700000000008E+01,  8.56029338965907E+01,  1.70039527785902E+03
 1.92025000000000E+03, -1.65759062778955E+00, -1.23817627525000E+00, -2.83343299127158E+01,  8.69500000000008E+01,  1.94520030860404E+02,  3.41372709361803E+03
 1.92033333300000E+03, -1.53408965917787E+00, -1.47960756100000E+00, -2.83810612059014E+01,  8.71300000000008E+01,  3.87527188047184E+02,  3.37895618591064E+03
 1.92041666700000E+03, -1.31234651365018E+00, -1.50738182225000E+00, -2.84275510809723E+01,  8.73100000000008E+01,  5.56960745196939E+02,  3.33485739612356E+03
 1.92050000000000E+03, -1.33857958965283E+00, -1.28480348250000E+00, -2.84737957045464E+01,  8.74900000000008E+01,  6.53579794678932E+02,  3.75018780798816E+03
 1.92058333300000E+03, -1.22937222060322E+00, -1.03468963600000E+00, -2.85197912672163E+01,  8.76700000000008E+01,  6.76035852169451E+02,  3.60624036372821E+03
 1.92066666700000E+03, -8.10046140193790E-01, -1.00471532100000E+00, -1.99418934957417E+01,  8.78500000000008E+01,  6.09384446380340E+02,  1.92190170481439E+03
 1.92075000000000E+03, -7.90038309841703E-01, -1.12345713850000E+00, -1.99233085147747E+01,  8.80300000000008E+01,  8.31393148211996E+02,  2.00312457648702E+03
 1.92083333300000E+03, -1.00019354401079E+00, -1.17724150425000E+00, -1.99049466711621E+01,  8.82100000000008E+01,  6.68752598962011E+02,  1.58240486319229E+03
 1.92091666700000E+03, -9.38604163622524E-01, -1.20950131300000E+00, -1.98868108692557E+01,  8.83900000000008E+01,  5.64109214025556E+02,  1.58138924575026E+03
 1.92100000000000E+03, -7.94653445119614E-01, -1.31762285050000E+00, -1.98689040033984E+01,  8.85700000000008E+01,  5.87056756840905E+02,  1.15940207657559E+03
 1.92108333300000E+03, -7.93735894692241E-01, -1.34986366675000E+00, -1.98512289574774E+01,  8.87500000000009E+01,  5.61377716871609E+02,  1.12407769962514E+03
 1.92116666700000E+03, -9.09337278796041E-01, -1.28953594200000E+00, -1.98337886044783E+01,  8.89300000000009E+01,  2.74918229022350E+02,  9.39650837265111E+02
 1.92125000000000E+03, -9.23019108390671E-01, -1.32989310675000E+00, -1.98165858060396E+01,  8.91100000000009E+01,  2.71150717588259E+02,  7.16444014542069E+02
 1.92133333300000E+03, -7.42938189730956E-01, -1.43007834400000E+00, -1.97996234120092E+01,  8.92900000000009E+01,  2.72640307814514E+02,  5.98703180155175E+02
 1.92141666700000E+03, -5.53863618241656E-01, -1.40087183175000E+00, -1.97829042600003E+01,  8.94700000000009E+01,  2.60996426656783E+02,  1.54851810788533E+03
 1.92150000000000E+03, -6.01762133831572E-01, -1.15279688325000E+00, -1.97664311749495E+01,  8.96500000000009E+01,  2.37411037832854E+02,  1.56525136631282E+03
 1.92158333300000E+03, -7.18066101174560E-01, -7.32562520000000E-01, -1.97502069686755E+01,  8.98300000000009E+01,  1.45284088711319E+02,  1.60863310771534E+03
 1.92166666700000E+03, -6.76440277184542E-01, -4.36037398750000E-01, -2.43726757558418E+01,  9.00100000000009E+01,  2.94290575182886E+02,  1.95773008908126E+03
 1.92175000000000E+03, -6.70477503381804E-01, -5.67181746750000E-01, -2.43866684261628E+01,  9.01900000000009E+01,  2.53369956272255E+02,  1.77228410656503E+03
 1.92183333300000E+03, -7.30317340273209E-01, -1.00161781350000E+00, -2.44010721962986E+01,  9.03700000000009E+01,  3.36317744867910E+02,  1.21429681191671E+03
 1.92191666700000E+03, -7.33070024480979E-01, -1.40480154150000E+00, -2.44158872349480E+01,  9.05500000000009E+01,  4.69233536588134E+02,  1.33624001812953E+03
 1.92200000000000E+03, -6.93097535747677E-01, -1.60484387750000E+00, -2.44311136670415E+01,  9.07300000000009E+01,  4.47834462368058E+02,  1.54176209684549E+03
 1.92208333300000E+03, -6.14660731577054E-01, -1.48536369150000E+00, -2.44467515736178E+01,  9.09100000000009E+01,  3.08303299649908E+02,  2.31762913113442E+03
 1.92216666700000E+03, -4.89238829896824E-01, -1.04133825175000E+00, -2.44628009917056E+01,  9.10900000000009E+01,  3.48506183601038E+02,  2.27511357403851E+03
 1.92225000000000E+03, -3.13160800213041E-01, -5.44495253500000E-01, -2.44792619142116E+01,  9.12700000000009E+01,  3.97833114549267E+02,  2.00174310634961E+03
 1.92233333300000E+03, -1.05469530858805E-01, -2.41365996000000E-01, -2.44961342898136E+01,  9.14500000000010E+01,  3.34394507845434E+02,  1.79107561322195E+03
 1.92241666700000E+03,  9.42689631435125E-02, -1.37306526750000E-01, -2.45134180228610E+01,  9.16300000000010E+01,  5.16101990688859E+02,  1.84755381981807E+03
 1.92250000000000E+03,  2.47971357696330E-01, -1.45579515000000E-01, -2.45311129732794E+01,  9.18100000000010E+01,  5.43112379213470E+02,  9.40465972052250E+02
 1.92258333300000E+03,  4.34286309752965E-01, -1.27202522500000E-01, -2.45492189564828E+01,  9.19900000000010E+01,  9.35272329309106E+02,  3.21894911668043E+03
 1.92266666700000E+03,  6.82978361346817E-01, -6.55592220000000E-02, -3.20246895674755E+01,  9.21700000000010E+01,  1.29009394435143E+03,  4.69680878322669E+03
 1.92275000000000E+03,  7.26835540439603E-01, -1.98254462500000E-01, -3.20766415062005E+01,  9.23500000000010E+01,  1.48551353214892E+03,  5.24747345311410E+03
 1.92283333300000E+03,  4.39999539614855E-01, -5.11451623500000E-01, -3.21284414248275E+01,  9.25300000000010E+01,  1.61817519449864E+03,  6.02552439767159E+03
 1.92291666700000E+03,  1.48545509049071E-01, -6.02276211250000E-01, -3.21800848642725E+01,  9.27100000000010E+01,  1.75809833074280E+03,  6.74594508966426E+03
 1.92300000000000E+03,  1.77411498955020E-01, -3.87953138750000E-01, -3.22315673799306E+01,  9.28900000000010E+01,  1.34169625037381E+03,  4.42335635875059E+03
 1.92308333300000E+03,  4.00331477228760E-01, -2.16205155500000E-01, -3.22828845421872E+01,  9.30700000000010E+01,  8.60135558475007E+02,  3.09819147053171E+03
 1.92316666700000E+03,  4.49074442833940E-01, -1.28403660250000E-01, -3.23340319369247E+01,  9.32500000000010E+01,  6.07791145548632E+02,  3.65739713843663E+03
 1.92325000000000E+03,  2.73454084554550E-01,  6.68836657500000E-02, -3.23850051660289E+01,  9.34300000000010E+01,  2.84036813245977E+02,  2.60257809179659E+03
 1.92333333300000E+03,  1.91055374487886E-01,  2.36941064250000E-01, -3.24357998478925E+01,  9.36100000000010E+01,  1.72184473782436E+02,  1.86294978878004E+03
 1.92341666700000E+03,  3.67830720993922E-01,  2.69032317750000E-01, -3.24864116179170E+01,  9.37900000000010E+01,  2.74543214895671E+02,  1.99628960660762E+03
 1.92350000000000E+03,  5.37621352456828E-01,  2.23108193000000E-01, -3.25368361290118E+01,  9.39700000000011E+01,  2.48399879025937E+02,  2.39863401825997E+03
 1.92358333300000E+03,  2.87689144059469E-01,  3.20252642500000E-02, -3.25870690520917E+01,  9.41500000000011E+01,  3.19906813044422E+02,  1.50927896111525E+03
 1.92366666700000E+03, -1.57717531198798E-01, -3.22376936000000E-01, -2.59036356319100E+01,  9.43300000000011E+01,  5.27336347302117E+02,  3.10650532952294E+03
 1.92375000000000E+03, -2.77062190457626E-01, -6.39430523250000E-01, -2.58773294732260E+01,  9.45100000000011E+01,  5.92082260432104E+02,  2.89697992081392E+03
 1.92383333300000E+03, -2.49472283479735E-01, -7.54400239500000E-01, -2.58511018726640E+01,  9.46900000000011E+01,  5.57766574739897E+02,  2.98923273458865E+03
 1.92391666700000E+03, -2.44287593805636E-01, -7.46316225500000E-01, -2.58249558028441E+01,  9.48700000000011E+01,  5.95109439224883E+02,  2.39104810841777E+03
 1.92400000000000E+03, -1.17576789680766E-01, -6.59265402500000E-01, -2.57988942487850E+01,  9.50500000000011E+01,  6.11865126998475E+02,  2.51194430763336E+03
 1.92408333300000E+03,  4.03250970786159E-03, -4.70979746750000E-01, -2.57729202074696E+01,  9.52300000000011E+01,  5.76016147114366E+02,  2.76266518692478E+03
 1.92416666700000E+03, -1.14993652808628E-01, -4.03054093500000E-01, -2.57470366874073E+01,  9.54100000000011E+01,  4.83987962046436E+02,  2.96879231332585E+03
 1.92425000000000E+03, -4.38682922964820E-01, -6.43341150750000E-01, -2.57212467081950E+01,  9.55900000000011E+01,  4.93710965798755E+02,  4.05701798969336E+03
 1.92433333300000E+03, -6.60016619753126E-01, -1.08996547750000E+00, -2.56955533000743E+01,  9.57700000000011E+01,  9.99727906837191E+02,  5.07219517779282E+03
 1.92441666700000E+03, -6.04266028143037E-01, -1.52413971000000E+00, -2.56699595034875E+01,  9.59500000000011E+01,  1.44329217227474E+03,  5.73700130792571E+03
 1.92450000000000E+03, -4.46062654732815E-01, -1.66222114675000E+00, -2.56444683686300E+01,  9.61300000000011E+01,  1.33824321762242E+03,  3.77244145853711E+03
 1.92458333300000E+03, -4.50653679625075E-01, -1.42562556150000E+00, -2.56190829550018E+01,  9.63100000000011E+01,  1.73199819396080E+03,  3.66079846255854E+03
 1.92466666700000E+03, -5.90548674095713E-01, -1.16891473775000E+00, -2.47561616045378E+01,  9.64900000000011E+01,  1.68468099602749E+03,  2.37643108935030E+03
 1.92475000000000E+03, -6.33397999435615E-01, -1.11044115725000E+00, -2.47374226617924E+01,  9.66700000000012E+01,  1.32266109379555E+03,  1.93428799430815E+03
 1.92483333300000E+03, -5.14185158947536E-01, -1.06539013025000E+00, -2.47189152744190E+01,  9.68500000000012E+01,  7.67626687251964E+02,  9.43089552059913E+02
 1.92491666700000E+03, -3.23986133776132E-01, -9.59742816750000E-01, -2.47006424737038E+01,  9.70300000000012E+01,  8.04300567323174E+02,  1.62106151793027E+03
 1.92500000000000E+03, -1.50952623807348E-01, -8.70534730500000E-01, -2.46826072800410E+01,  9.72100000000012E+01,  5.28098246648414E+02,  1.74345533292275E+03
 1.92508333300000E+03, -4.55266921443596E-02, -7.92811885000000E-01, -2.46648127024519E+01,  9.73900000000012E+01,  8.85220241726506E+02,  2.00127410423263E+03
 1.92516666700000E+03, -4.60043185343159E-03, -6.77565292500000E-01, -2.46472617381048E+01,  9.75700000000012E+01,  8.19789181424266E+02,  1.79895459273600E+03
 1.92525000000000E+03,  6.75327961212407E-03, -4.39732910500000E-01, -2.46299573718364E+01,  9.77500000000012E+01,  9.66557934081748E+02,  2.26690492615111E+03
 1.92533333300000E+03,  1.97987835211045E-02, -5.41354885000000E-02, -2.46129025756732E+01,  9.79300000000012E+01,  1.19902000927974E+03,  2.88319003047687E+03
 1.92541666700000E+03,  4.22550253723568E-02,  3.72981737250000E-01, -2.45961003083553E+01,  9.81100000000012E+01,  1.23951438449023E+03,  2.98723756184050E+03
 1.92550000000000E+03,  6.36931068933794E-02,  7.33737654000000E-01, -2.45795535148598E+01,  9.82900000000012E+01,  1.05061307620682E+03,  2.82812328750859E+03
 1.92558333300000E+03,  3.28399218603448E-01,  9.81322372250000E-01, -2.45632651259271E+01,  9.84700000000012E+01,  1.00758062030086E+03,  2.60410861738647E+03
 1.92566666700000E+03,  8.76184324982336E-01,  1.13199349700000E+00, -2.93742880906411E+01,  9.86500000000012E+01,  1.33089286905697E+03,  2.45328195919590E+03
 1.92575000000000E+03,  1.12608728865592E+00,  1.27719431150000E+00, -2.94280472037786E+01,  9.88300000000012E+01,  1.40836727270851E+03,  1.47934675553798E+03
 1.92583333300000E+03,  9.53705453419681E-01,  1.47884524825000E+00, -2.94818807590798E+01,  9.90100000000012E+01,  1.77819984660160E+03,  1.63035071267467E+03
 1.92591666700000E+03,  8.67023163760924E-01,  1.73805155500000E+00, -2.95357842361462E+01,  9.91900000000012E+01,  1.76695160978552E+03,  2.05209338564148E+03
 1.92600000000000E+03,  1.13969453082503E+00,  2.01163206350000E+00, -2.95897531030807E+01,  9.93700000000013E+01,  1.85451634006914E+03,  2.04438724752880E+03
 1.92608333300000E+03,  1.51184937472712E+00,  2.17476638425000E+00, -2.96437828170027E+01,  9.95500000000013E+01,  1.38571973643121E+03,  1.82542079775172E+03
 1.92616666700000E+03,  1.59236227552028E+00,  2.19641983800000E+00, -2.96978688245661E+01,  9.97300000000013E+01,  1.12590373644895E+03,  1.81957012805291E+03
 1.92625000000000E+03,  1.45775823241594E+00,  2.14328384250000E+00, -2.97520065624782E+01,  9.99100000000013E+01,  6.65858180761060E+02,  1.73167248943706E+03
 1.92633333300000E+03,  1.45124684013974E+00,  1.99740515250000E+00, -2.98061914580198E+01,  1.00090000000001E+02,  8.95008418055308E+02,  1.79387390759999E+03
 1.92641666700000E+03,  1.53374313801007E+00,  1.85183916800000E+00, -2.98604189295675E+01,  1.00270000000001E+02,  7.45520266394935E+02,  1.91218014498959E+03
 1.92650000000000E+03,  1.30656889514062E+00,  1.88147013125000E+00, -2.99146843871169E+01,  1.00450000000001E+02,  7.66059877393429E+02,  1.91778403259643E+03
 1.92658333300000E+03,  8.40693906281503E-01,  1.90482945250000E+00, -2.99689832328067E+01,  1.00630000000001E+02,  6.88827624875531E+02,  1.64997079632011E+03
 1.92666666700000E+03,  6.90018060894031E-01,  1.62984130575000E+00, -2.53829612089441E+01,  1.00810000000001E+02,  5.88419009596764E+02,  1.28461155330511E+03
 1.92675000000000E+03,  8.46197776997547E-01,  1.23425089600000E+00, -2.53588773059851E+01,  1.00990000000001E+02,  1.70164029972844E+02,  6.85006853679408E+02
 1.92683333300000E+03,  8.99578867088479E-01,  9.50435702500000E-01, -2.53349349363452E+01,  1.01170000000001E+02,  3.86482654980811E+02,  6.49438994425077E+02
 1.92691666700000E+03,  8.86121260322276E-01,  6.31435246250000E-01, -2.53111372372147E+01,  1.01350000000001E+02,  4.19262165593804E+02,  7.94866041928615E+02
 1.92700000000000E+03,  9.88709769021229E-01,  3.06986116750000E-01, -2.52874873488185E+01,  1.01530000000001E+02,  3.61687273625619E+02,  8.70600899755031E+02
 1.92708333300000E+03,  1.06171829325436E+00,  2.16219294750000E-01, -2.52639884139419E+01,  1.01710000000001E+02,  3.71661914207202E+02,  1.81316235702896E+03
 1.92716666700000E+03,  9.02649744482940E-01,  2.07685202750000E-01, -2.52406435774547E+01,  1.01890000000001E+02,  3.63883838456256E+02,  2.11104351498511E+03
 1.92725000000000E+03,  6.47982997024827E-01,  6.61966242500000E-02, -2.52174559858341E+01,  1.02070000000001E+02,  1.65588245966416E+02,  1.82791228984221E+03
 1.92733333300000E+03,  5.99613887872789E-01, -5.78430052500000E-02, -2.51944287866865E+01,  1.02250000000001E+02,  1.27194273297554E+02,  1.64874327501403E+03
 1.92741666700000E+03,  7.46351397978449E-01, -1.23981295500000E-01, -2.51715651282687E+01,  1.02430000000001E+02,  1.81938356461362E+02,  1.68294065097092E+03
 1.92750000000000E+03,  7.81458394681286E-01, -2.48771465750000E-01, -2.51488681590076E+01,  1.02610000000001E+02,  3.13981192057245E+02,  8.31908095484632E+02
 1.92758333300000E+03,  4.80289572154748E-01, -2.96446292500000E-01, -2.51263410270196E+01,  1.02790000000001E+02,  3.29703106439939E+02,  1.36808824752943E+03
 1.92766666700000E+03,  9.92077753120027E-02, -9.24202325000000E-02, -3.80828336917663E+01,  1.02970000000001E+02,  3.08833124766613E+02,  1.30551411940807E+03
 1.92775000000000E+03, -3.06337869816637E-02,  2.85949277500000E-01, -3.81304325809804E+01,  1.03150000000001E+02,  3.07638287723184E+02,  1.37993021601335E+03
 1.92783333300000E+03, -7.66112282151483E-02,  6.06809642500000E-01, -3.81777665143136E+01,  1.03330000000001E+02,  3.13770165648367E+02,  1.45955087432157E+03
 1.92791666700000E+03, -6.86717312649996E-02,  7.24006558500000E-01, -3.82248313587895E+01,  1.03510000000001E+02,  2.16772186442701E+02,  1.67655684904507E+03
 1.92800000000000E+03,  1.37752900059599E-01,  7.41657736500000E-01, -3.82716230094482E+01,  1.03690000000001E+02,  6.57882717498005E+02,  1.08725724721423E+03
 1.92808333300000E+03,  3.62202620062675E-01,  7.40616465000000E-01, -3.83181373898223E+01,  1.03870000000001E+02,  7.72151883604649E+02,  1.11665134166000E+03
 1.92816666700000E+03,  3.57414242753213E-01,  4.93291016500000E-01, -3.83643704524097E+01,  1.04050000000001E+02,  9.52917223934132E+02,  1.24996613969055E+03
 1.92825000000000E+03,  1.64497337322261E-01, -8.81891067500000E-02, -3.84103181791416E+01,  1.04230000000001E+02,  8.68321573370662E+02,  1.16206340679762E+03
 1.92833333300000E+03,  8.95296641161496E-02, -6.61035419000000E-01, -3.84559765818484E+01,  1.04410000000001E+02,  8.89636392316793E+02,  1.08488273990338E+03
 1.92841666700000E+03,  3.31009635748614E-01, -8.41077480500000E-01, -3.85013417027190E+01,  1.04590000000001E+02,  4.43554267677242E+02,  1.00598605378849E+03
 1.92850000000000E+03,  7.32303629272516E-01, -5.00415484250000E-01, -3.85464096147582E+01,  1.04770000000001E+02,  3.69440618044729E+02,  1.11393803920752E+03
 1.92858333300000E+03,  8.99311903226615E-01,  6.88089595000000E-02, -3.85911764222389E+01,  1.04950000000001E+02,  2.24041228332561E+02,  1.52731183651916E+03
 1.92866666700000E+03,  6.99782796463785E-01,  3.66397226500000E-01, -3.67256989965192E+01,  1.05130000000001E+02,  3.78484849052714E+02,  1.66664812521393E+03
 1.92875000000000E+03,  4.58145872618476E-01,  2.56120662750000E-01, -3.67787673839928E+01,  1.05310000000001E+02,  3.48549172236639E+02,  1.46774465653109E+03
 1.92883333300000E+03,  4.10621657138431E-01,  4.16422932500000E-02, -3.68316900643428E+01,  1.05490000000001E+02,  4.11189656595407E+02,  1.38031158211448E+03
 1.92891666700000E+03,  4.27194758885184E-01,  1.60293975000000E-02, -3.68844623436043E+01,  1.05670000000001E+02,  3.53153471980538E+02,  1.26609884819568E+03
 1.92900000000000E+03,  3.04461849394368E-01,  1.33061655000000E-01, -3.69370795418951E+01,  1.05850000000002E+02,  4.05004415943204E+02,  1.40872449937348E+03
 1.92908333300000E+03,  8.40986383277564E-02,  1.96166273500000E-01, -3.69895369939688E+01,  1.06030000000002E+02,  3.57903587656559E+02,  1.67225703975647E+03
 1.92916666700000E+03, -1.73750442134494E-02,  1.63824651250000E-01, -3.70418300497665E+01,  1.06210000000002E+02,  5.69605308122677E+02,  1.85474272477690E+03
 1.92925000000000E+03,  2.58274652891084E-02,  1.67169172000000E-01, -3.70939540749658E+01,  1.06390000000002E+02,  5.39893432383974E+02,  1.82216054990197E+03
 1.92933333300000E+03,  2.50617098936321E-02,  3.62844827500000E-01, -3.71459044515282E+01,  1.06570000000002E+02,  6.42903210830888E+02,  1.83283030691361E+03
 1.92941666700000E+03, -8.18965797567470E-02,  6.74642427750000E-01, -3.71976765782440E+01,  1.06750000000002E+02,  5.74035016451191E+02,  9.94149391412767E+02
 1.92950000000000E+03, -1.31161727418247E-01,  8.75363007000000E-01, -3.72492658712755E+01,  1.06930000000002E+02,  5.23185518488464E+02,  7.55423743686876E+02
 1.92958333300000E+03,  3.37095280799067E-01,  9.75293421750000E-01, -3.73006677646973E+01,  1.07110000000002E+02,  2.72393315329325E+02,  6.84179188276473E+02
 1.92966666700000E+03,  1.18136359044169E+00,  1.05222923725000E+00, -2.93825867671571E+01,  1.07290000000002E+02,  4.57952632451027E+02,  8.93082805708110E+02
 1.92975000000000E+03,  1.50832014745171E+00,  1.00730474200000E+00, -2.94363576734635E+01,  1.07470000000002E+02,  3.78101653725119E+02,  9.94256221775345E+02
 1.92983333300000E+03,  1.37802043221320E+00,  8.40524187250000E-01, -2.94902023244770E+01,  1.07650000000002E+02,  3.61913417494269E+02,  9.76519454872966E+02
 1.92991666700000E+03,  1.33245005549073E+00,  6.56214489250000E-01, -2.95441161979897E+01,  1.07830000000002E+02,  3.24637349662493E+02,  6.66785576670499E+02
 1.93000000000000E+03,  1.36529932536800E+00,  4.53065117250000E-01, -2.95980947603740E+01,  1.08010000000002E+02,  3.50603600712394E+02,  6.75123887286498E+02
 1.93008333300000E+03,  1.29772107224864E+00,  2.61717967500000E-01, -2.96521334670991E+01,  1.08190000000002E+02,  1.99708315491876E+02,  4.10725331773161E+02
 1.93016666700000E+03,  1.10128637797590E+00,  1.91756378750000E-01, -2.97062277632485E+01,  1.08370000000002E+02,  2.11105822437965E+02,  1.21603583377979E+03
 1.93025000000000E+03,  9.70704932345955E-01,  2.60767781250000E-01, -2.97603730840395E+01,  1.08550000000002E+02,  2.48151582464857E+02,  2.08346296292014E+03
 1.93033333300000E+03,  9.75305274924455E-01,  3.92279848750000E-01, -2.98145648553434E+01,  1.08730000000002E+02,  2.41412683097040E+02,  2.59391089655279E+03
 1.93041666700000E+03,  8.68169133826622E-01,  4.69656505750000E-01, -2.98687984942082E+01,  1.08910000000002E+02,  3.54240554686635E+02,  2.67625756443455E+03
 1.93050000000000E+03,  4.43429419994310E-01,  4.53334124500000E-01, -2.99230694093815E+01,  1.09090000000002E+02,  3.08262863226059E+02,  2.90987804005527E+03
 1.93058333300000E+03,  1.93096410892278E-01,  5.07839169750000E-01, -2.99773730018352E+01,  1.09270000000002E+02,  3.21954630340571E+02,  2.28395657646504E+03
 1.93066666700000E+03,  5.34276021626372E-01,  7.18620333000000E-01, -2.51702454243579E+01,  1.09450000000002E+02,  3.35715291981572E+02,  1.46406184741675E+03
 1.93075000000000E+03,  9.19388215877560E-01,  9.18012596750000E-01, -2.51475582100158E+01,  1.09630000000002E+02,  3.31032119116639E+02,  1.00828044501747E+03
 1.93083333300000E+03,  1.05325783065801E+00,  1.06392286700000E+00, -2.51250410153377E+01,  1.09810000000002E+02,  2.76520784018137E+02,  9.88574810356097E+02
 1.93091666700000E+03,  1.24087799737507E+00,  1.34029482725000E+00, -2.51026969875868E+01,  1.09990000000002E+02,  3.57561469976628E+02,  2.16502565828829E+03
 1.93100000000000E+03,  1.57089268619758E+00,  1.76257755750000E+00, -2.50805292727239E+01,  1.10170000000002E+02,  3.70016490780735E+02,  1.91431436231638E+03
 1.93108333300000E+03,  1.79226011375220E+00,  2.11223904075000E+00, -2.50585410149243E+01,  1.10350000000002E+02,  3.64734812502725E+02,  1.96755739667280E+03
 1.93116666700000E+03,  1.68235680977262E+00,  2.22601459325000E+00, -2.50367353560936E+01,  1.10530000000002E+02,  4.24225775596369E+02,  2.05230936183500E+03
 1.93125000000000E+03,  1.40431336641298E+00,  2.05635071850000E+00, -2.50151154353844E+01,  1.10710000000002E+02,  6.04221576642967E+02,  1.97752862766859E+03
 1.93133333300000E+03,  1.24811562906293E+00,  1.66638633750000E+00, -2.49936843887112E+01,  1.10890000000002E+02,  9.42905318968681E+02,  8.32542876785797E+02
 1.93141666700000E+03,  1.17741396385568E+00,  1.19565011000000E+00, -2.49724453482658E+01,  1.11070000000002E+02,  9.64394869207771E+02,  9.99765540352952E+02
 1.93150000000000E+03,  9.39740863136150E-01,  6.61375332750000E-01, -2.49514014420321E+01,  1.11250000000002E+02,  1.03716459598180E+03,  9.22648798580124E+02
 1.93158333300000E+03,  9.41280712743248E-02,  5.59756775000000E-02, -2.49305557933006E+01,  1.11430000000002E+02,  1.25944552500380E+03,  9.28437280516242E+02
 1.93166666700000E+03, -9.82575259989584E-01, -4.98259096750000E-01, -4.01926664800215E+01,  1.11610000000002E+02,  1.18253091017587E+03,  9.70105208902436E+02
 1.93175000000000E+03, -1.17804030863743E+00, -8.57706236750000E-01, -4.02207072228440E+01,  1.11790000000002E+02,  7.54530401556171E+02,  1.09329013724439E+03
 1.93183333300000E+03, -7.44000899787966E-01, -8.17087430500000E-01, -4.02483095371767E+01,  1.11970000000002E+02,  8.38139225283943E+02,  1.22913144131618E+03
 1.93191666700000E+03, -4.12144982989780E-01, -3.24802934250000E-01, -4.02754713887784E+01,  1.12150000000002E+02,  8.16021445048894E+02,  1.55941157799049E+03
 1.93200000000000E+03, -2.75426745171655E-01,  1.42085062000000E-01, -4.03021907903200E+01,  1.12330000000002E+02,  5.17980784106801E+02,  2.36717583793027E+03
 1.93208333300000E+03, -3.26733935318532E-01,  1.77354729500000E-01, -4.03284658015746E+01,  1.12510000000002E+02,  7.00536925206867E+02,  2.27173139429249E+03
 1.93216666700000E+03, -4.75456293881811E-01,  2.48327327500000E-02, -4.03542945296012E+01,  1.12690000000002E+02,  7.83829556394714E+02,  1.93477067377899E+03
 1.93225000000000E+03, -6.06514785037062E-01, -5.14404672500000E-02, -4.03796751289225E+01,  1.12870000000002E+02,  9.74864349828305E+02,  2.44988280915479E+03
 1.93233333300000E+03, -6.41297251748151E-01, -1.33878630750000E-01, -4.04046058016960E+01,  1.13050000000002E+02,  9.69470547370017E+02,  2.23546166174213E+03
 1.93241666700000E+03, -5.63690551890155E-01, -2.26931162500000E-01, -4.04290847978786E+01,  1.13230000000002E+02,  9.85946624411182E+02,  1.40194369381486E+03
 1.93250000000000E+03, -4.04595734684932E-01, -2.47524950000000E-01, -4.04531104153847E+01,  1.13410000000002E+02,  7.36824273788056E+02,  1.58763448322952E+03
 1.93258333300000E+03, -7.36994121682532E-01, -2.83026786000000E-01, -4.04766810002386E+01,  1.13590000000002E+02,  7.83361578649585E+02,  1.53749004679771E+03
 1.93266666700000E+03, -1.51622552100152E+00, -4.93134134000000E-01, -4.20912472595196E+01,  1.13770000000002E+02,  5.57284653668308E+02,  7.38418830042900E+02
 1.93275000000000E+03, -1.62003276260218E+00, -8.66506031500000E-01, -4.21433334206053E+01,  1.13950000000002E+02,  5.27181666959599E+02,  2.07130135982451E+03
 1.93283333300000E+03, -1.26192979855055E+00, -1.16764177075000E+00, -4.21952203306224E+01,  1.14130000000002E+02,  7.48074539838247E+02,  3.25272733560182E+03
 1.93291666700000E+03, -1.25329084169477E+00, -1.28333206475000E+00, -4.22469032667270E+01,  1.14310000000002E+02,  6.70685384062695E+02,  3.00053337412377E+03
 1.93300000000000E+03, -1.43897466027708E+00, -1.44184623825000E+00, -4.22983775269639E+01,  1.14490000000002E+02,  6.26767812531156E+02,  3.59440905547624E+03
 1.93308333300000E+03, -1.42057822697551E+00, -1.83790763675000E+00, -4.23496384308368E+01,  1.14670000000002E+02,  6.04471809272803E+02,  3.61901724637081E+03
 1.93316666700000E+03, -1.14250843917206E+00, -2.31497949775000E+00, -4.24006813198747E+01,  1.14850000000002E+02,  7.29322804248410E+02,  2.55265225502966E+03
 1.93325000000000E+03, -9.18623111579397E-01, -2.59826036725000E+00, -4.24515015581954E+01,  1.15030000000002E+02,  6.76534874560840E+02,  1.31184161874945E+03
 1.93333333300000E+03, -9.09786257895055E-01, -2.61614602275000E+00, -4.25020945330661E+01,  1.15210000000002E+02,  7.74661766725568E+02,  1.69686219788726E+03
 1.93341666700000E+03, -8.77519203969690E-01, -2.35258162475000E+00, -4.25524556554605E+01,  1.15390000000002E+02,  7.96553907157796E+02,  2.26478151852673E+03
 1.93350000000000E+03, -5.72674512581562E-01, -1.78666334150000E+00, -4.26025803606126E+01,  1.15570000000002E+02,  9.16727028132287E+02,  2.48220840530256E+03
 1.93358333300000E+03, -3.81910838780032E-01, -1.21138391350000E+00, -4.26524641085681E+01,  1.15750000000002E+02,  7.27147568970925E+02,  2.42716509002413E+03
 1.93366666700000E+03, -5.44046104191344E-01, -8.72480013750000E-01, -4.16279122110627E+01,  1.15930000000002E+02,  6.40495708752276E+02,  3.21878381193053E+03
 1.93375000000000E+03, -4.57671766290089E-01, -5.10062214750000E-01, -4.15848019739063E+01,  1.16110000000002E+02,  5.80533500146477E+02,  2.93866780369121E+03
 1.93383333300000E+03, -3.92546177642261E-02,  7.46282712500000E-02, -4.15416865275497E+01,  1.16290000000002E+02,  5.79714938350485E+02,  3.25171400100116E+03
 1.93391666700000E+03,  1.94030284673016E-01,  6.50798656750000E-01, -4.14985693845335E+01,  1.16470000000002E+02,  4.76533227187729E+02,  4.01358874631533E+03
 1.93400000000000E+03,  1.31575815892703E-01,  8.83265987250000E-01, -4.14554540351386E+01,  1.16650000000002E+02,  4.95652695754330E+02,  4.80832725561118E+03
 1.93408333300000E+03,  6.13109493967835E-02,  6.59868262750000E-01, -4.14123439469468E+01,  1.16830000000002E+02,  5.65182601779745E+02,  4.10663562353758E+03
 1.93416666700000E+03,  2.46126796184426E-01,  3.68792060500000E-01, -4.13692425644058E+01,  1.17010000000002E+02,  5.25953996827634E+02,  4.56298808805888E+03
 1.93425000000000E+03,  6.27601476605038E-01,  4.94427889750000E-01, -4.13261533083975E+01,  1.17190000000002E+02,  4.78868158279789E+02,  3.15197632398512E+03
 1.93433333300000E+03,  9.75327684196281E-01,  9.21820657000000E-01, -4.12830795758117E+01,  1.17370000000002E+02,  4.89989763082972E+02,  2.48643428263443E+03
 1.93441666700000E+03,  1.16071512814403E+00,  1.33002585800000E+00, -4.12400247391243E+01,  1.17550000000002E+02,  7.26880433532578E+02,  2.01149542089121E+03
 1.93450000000000E+03,  1.19929855558469E+00,  1.62873716400000E+00, -4.11969921459795E+01,  1.17730000000002E+02,  6.84733665097237E+02,  2.53110334613700E+03
 1.93458333300000E+03,  8.90656705246214E-01,  1.65271617300000E+00, -4.11539851187776E+01,  1.17910000000002E+02,  6.52675224433600E+02,  1.97761621388929E+03
 1.93466666700000E+03,  3.51753682524753E-01,  1.29539162250000E+00, -4.17375265155329E+01,  1.18090000000002E+02,  7.74112695263355E+02,  2.29383006786819E+03
 1.93475000000000E+03,  1.85630136411792E-01,  7.89006084500000E-01, -4.16944455088763E+01,  1.18270000000002E+02,  8.02316405629920E+02,  2.05865281693628E+03
 1.93483333300000E+03,  3.40898238884036E-01,  3.90570285750000E-01, -4.16513502606866E+01,  1.18450000000002E+02,  6.87513063272293E+02,  2.26644470865848E+03
 1.93491666700000E+03,  5.39995120286190E-01,  2.13169248000000E-01, -4.16082443381144E+01,  1.18630000000002E+02,  5.61413187242534E+02,  1.78281179825467E+03
 1.93500000000000E+03,  7.89793539089678E-01,  3.50259421750000E-01, -4.15651312871892E+01,  1.18810000000002E+02,  6.97831850709947E+02,  1.79542829767558E+03
 1.93508333300000E+03,  1.01906042699572E+00,  6.83379579500000E-01, -4.15220146323687E+01,  1.18990000000002E+02,  5.04912978124742E+02,  1.40118196477621E+03
 1.93516666700000E+03,  1.16440239112253E+00,  8.49090973750000E-01, -4.14788978760925E+01,  1.19170000000002E+02,  3.71283942578157E+02,  1.26882687863719E+03
 1.93525000000000E+03,  1.25067102869126E+00,  7.45800635250000E-01, -4.14357844983394E+01,  1.19350000000002E+02,  3.36203507017542E+02,  6.84006835580995E+02
 1.93533333300000E+03,  1.36796506978608E+00,  6.41136534000000E-01, -4.13926779561905E+01,  1.19530000000002E+02,  3.91962651237484E+02,  8.80524617305903E+02
 1.93541666700000E+03,  1.56605081196581E+00,  6.49521539500000E-01, -4.13495816833947E+01,  1.19710000000002E+02,  4.64299145827854E+02,  1.12360493603884E+03
 1.93550000000000E+03,  1.78614226856445E+00,  6.81661868750000E-01, -4.13064990899404E+01,  1.19890000000002E+02,  5.16560956106816E+02,  1.36247218101937E+03
 1.93558333300000E+03,  1.76632697539416E+00,  8.63174124750000E-01, -4.12634335616307E+01,  1.20070000000002E+02,  4.84686874623481E+02,  1.32599446725573E+03
 1.93566666700000E+03,  1.47413130053884E+00,  1.27485631600000E+00, -4.12002912826010E+01,  1.20250000000002E+02,  3.85055097808095E+02,  2.64196549966649E+03
 1.93575000000000E+03,  1.22852074529485E+00,  1.57467601425000E+00, -4.11775579209719E+01,  1.20430000000002E+02,  3.36025274095630E+02,  2.61775916537517E+03
 1.93583333300000E+03,  1.05853846125386E+00,  1.53102730200000E+00, -4.11549701988665E+01,  1.20610000000002E+02,  1.27515870805973E+02,  2.41985359710720E+03
 1.93591666700000E+03,  9.63780393784348E-01,  1.40217213325000E+00, -4.11325264279810E+01,  1.20790000000002E+02,  8.26646388819654E+01,  2.59285730603718E+03
 1.93600000000000E+03,  1.09033600732663E+00,  1.51095379325000E+00, -4.11102248961015E+01,  1.20970000000002E+02,  1.82251883119374E+02,  3.00573854738216E+03
 1.93608333300000E+03,  1.37702281486836E+00,  1.91088957025000E+00, -4.10880638675500E+01,  1.21150000000002E+02,  5.01135196374613E+02,  1.75391589212976E+03
 1.93616666700000E+03,  1.62684668716302E+00,  2.39784004025000E+00, -4.10660415836342E+01,  1.21330000000002E+02,  6.50045265964358E+02,  1.50453142485305E+03
 1.93625000000000E+03,  1.71535276256904E+00,  2.58430511575000E+00, -4.10441562631016E+01,  1.21510000000002E+02,  7.25014387687327E+02,  1.43712787588411E+03
 1.93633333300000E+03,  1.70227570535067E+00,  2.32277780950000E+00, -4.10224061025960E+01,  1.21690000000002E+02,  9.77495290454260E+02,  1.29388631242436E+03
 1.93641666700000E+03,  1.72732969239225E+00,  2.10118131500000E+00, -4.10007892771180E+01,  1.21870000000002E+02,  8.76244889443482E+02,  9.28003902478064E+02
 1.93650000000000E+03,  1.82012426828444E+00,  2.27004639150000E+00, -4.09793039404889E+01,  1.22050000000002E+02,  7.11873945692530E+02,  6.82701873974784E+02
 1.93658333300000E+03,  1.58571706666988E+00,  2.26661563150000E+00, -4.09579482258178E+01,  1.22230000000002E+02,  5.64461225603602E+02,  6.82133870460852E+02
 1.93666666700000E+03,  9.26195391948974E-01,  1.57661490400000E+00, -4.43278353661006E+01,  1.22410000000002E+02,  4.81492964220528E+02,  6.29365773676403E+02
 1.93675000000000E+03,  4.45539912975057E-01,  6.60940182250000E-01, -4.43096409776210E+01,  1.22590000000002E+02,  6.00778996273780E+02,  7.20753212338295E+02
 1.93683333300000E+03,  2.57461522358998E-01,  1.15242691500000E-01, -4.42914017570692E+01,  1.22770000000002E+02,  7.09649497185870E+02,  6.56458078645104E+02
 1.93691666700000E+03,  1.47892901971157E-01, -1.10581724750000E-01, -4.42731157820597E+01,  1.22950000000002E+02,  6.74288771236705E+02,  5.75587834848414E+02
 1.93700000000000E+03,  1.33492883236942E-01, -8.36323257500000E-02, -4.42547811522828E+01,  1.23130000000002E+02,  7.96592805666674E+02,  8.04338994719338E+02
 1.93708333300000E+03,  2.16052205358157E-01,  3.14556799500000E-01, -4.42363959899700E+01,  1.23310000000002E+02,  8.41107282785015E+02,  1.07270632874499E+03
 1.93716666700000E+03,  3.82942073468222E-01,  6.60398649250000E-01, -4.42179584403565E+01,  1.23490000000002E+02,  4.60842171721334E+02,  7.10234833600075E+02
 1.93725000000000E+03,  5.96694411247381E-01,  5.19557041250000E-01, -4.41994666721391E+01,  1.23670000000002E+02,  3.72195333943190E+02,  7.09572331684812E+02
 1.93733333300000E+03,  7.91413431980655E-01,  3.20049211000000E-01, -4.41809188779293E+01,  1.23850000000002E+02,  3.48757296086047E+02,  9.02293976609775E+02
 1.93741666700000E+03,  8.91751409358132E-01,  5.05216651500000E-01, -4.41623132747018E+01,  1.24030000000002E+02,  3.74563209171695E+02,  6.79823276286474E+02
 1.93750000000000E+03,  8.48889515587610E-01,  8.55555445500000E-01, -4.41436481042391E+01,  1.24210000000002E+02,  8.00739376789879E+02,  7.21625339011951E+02
 1.93758333300000E+03,  5.32792488046628E-01,  1.08512578250000E+00, -4.41249216335710E+01,  1.24390000000002E+02,  9.70774929913588E+02,  8.04025235776099E+02
 1.93766666700000E+03,  2.02226213782464E-02,  1.14073214325000E+00, -5.04210067469957E+01,  1.24570000000002E+02,  9.54629997655474E+02,  1.20446064677044E+03
 1.93775000000000E+03, -3.32560989106742E-01,  9.33874159250000E-01, -5.04376510245036E+01,  1.24750000000002E+02,  8.49664122561250E+02,  1.09775238934780E+03
 1.93783333300000E+03, -5.10791823773106E-01,  4.78644115000000E-01, -5.04537914722297E+01,  1.24930000000002E+02,  6.91602757038654E+02,  1.22926945490875E+03
 1.93791666700000E+03, -6.59119435866091E-01,  7.80754607500000E-02, -5.04694272445383E+01,  1.25110000000002E+02,  2.29461479066117E+02,  8.97542171527250E+02
 1.93800000000000E+03, -7.72155746957550E-01, -1.40140075250000E-01, -5.04845575516294E+01,  1.25290000000002E+02,  1.28338800003077E+02,  8.50484446016531E+02
 1.93808333300000E+03, -8.39294892139182E-01, -2.97030682750000E-01, -5.04991816595627E+01,  1.25470000000002E+02,  7.35043461195325E+02,  7.96904332045782E+02
 1.93816666700000E+03, -8.44901784415332E-01, -3.65900322250000E-01, -5.05132988902747E+01,  1.25650000000002E+02,  9.00463931293588E+02,  7.55155054362082E+02
 1.93825000000000E+03, -7.85789329408275E-01, -2.92020093000000E-01, -5.05269086215869E+01,  1.25830000000002E+02,  1.03453357663706E+03,  5.22278724152549E+02
 1.93833333300000E+03, -6.86078325835140E-01, -6.91609557500000E-02, -5.05400102872068E+01,  1.26010000000002E+02,  1.17073468786393E+03,  1.33976169517493E+03
 1.93841666700000E+03, -5.90208718567633E-01,  2.86777307500000E-01, -5.05526033767203E+01,  1.26190000000002E+02,  1.09195022617653E+03,  1.47791405319043E+03
 1.93850000000000E+03, -5.36040136908872E-01,  5.52606345000000E-01, -5.05646874355774E+01,  1.26370000000002E+02,  4.98990664495244E+02,  1.17999001935637E+03
 1.93858333300000E+03, -3.24254420965721E-01,  6.05246064750000E-01, -5.05762620650690E+01,  1.26550000000002E+02,  5.33039633810531E+02,  1.58225546152675E+03
 1.93866666700000E+03,  8.27437741520383E-02,  5.62099087500000E-01, -3.86857337281837E+01,  1.26730000000002E+02,  9.90204082594687E+02,  2.25341371227325E+03
 1.93875000000000E+03,  3.30505606103114E-01,  3.23644881250000E-01, -3.86646262491491E+01,  1.26910000000002E+02,  1.18123170910428E+03,  1.45711733199456E+03
 1.93883333300000E+03,  4.31719954882680E-01, -1.30000536250000E-01, -3.86434200136526E+01,  1.27090000000002E+02,  1.44846077131661E+03,  1.56820670440233E+03
 1.93891666700000E+03,  5.42158878162018E-01, -3.58869040250000E-01, -3.86221143898909E+01,  1.27270000000002E+02,  1.47938548265950E+03,  1.86054930871203E+03
 1.93900000000000E+03,  5.96334741890280E-01, -1.57549966000000E-01, -3.86007087811043E+01,  1.27450000000002E+02,  1.73465694973926E+03,  1.64320694481538E+03
 1.93908333300000E+03,  5.58193478033703E-01,  7.14238055000000E-02, -3.85792026257901E+01,  1.27630000000002E+02,  1.33086456514834E+03,  1.61025517669267E+03
 1.93916666700000E+03,  4.33894863171879E-01, -3.50644402500000E-02, -3.85575953979092E+01,  1.27810000000002E+02,  1.19699433380886E+03,  2.28306385203469E+03
 1.93925000000000E+03,  2.57279444143121E-01, -3.55155292000000E-01, -3.85358866070868E+01,  1.27990000000002E+02,  9.56752985612193E+02,  2.30490160541793E+03
 1.93933333300000E+03,  6.66729333692525E-02, -6.43723355750000E-01, -3.85140757988059E+01,  1.28170000000002E+02,  9.20539698466515E+02,  2.13096436779184E+03
 1.93941666700000E+03, -1.05782445491645E-01, -8.34331697500000E-01, -3.84921625545957E+01,  1.28350000000002E+02,  7.38038258682944E+02,  1.88037889447903E+03
 1.93950000000000E+03, -2.29397415929770E-01, -7.04781407500000E-01, -3.84701464922123E+01,  1.28530000000002E+02,  7.82274900107835E+02,  1.70105678222060E+03
 1.93958333300000E+03,  2.66317745778957E-02,  6.05216510000000E-02, -3.84480272658136E+01,  1.28710000000002E+02,  6.76695370198818E+02,  1.41255699747680E+03
 1.93966666700000E+03,  6.62142076010729E-01,  1.13458846000000E+00, -3.86108438514354E+01,  1.28890000000002E+02,  6.69767868378174E+02,  1.22144426013978E+03
 1.93975000000000E+03,  1.05837000990733E+00,  1.82414207100000E+00, -3.86107461227712E+01,  1.29070000000002E+02,  6.62827111213350E+02,  1.51956526093160E+03
 1.93983333300000E+03,  1.20964633172116E+00,  2.08745365125000E+00, -3.86110612067120E+01,  1.29250000000002E+02,  4.60061552788919E+02,  2.16093307629085E+03
 1.93991666700000E+03,  1.37722835733312E+00,  2.27846229925000E+00, -3.86117909151469E+01,  1.29430000000002E+02,  2.32927999723165E+02,  2.09687105193007E+03
 1.94000000000000E+03,  1.49439133792791E+00,  2.43395220475000E+00, -3.86129370172903E+01,  1.29610000000002E+02,  2.79147455530929E+02,  2.03263241295217E+03
 1.94008333300000E+03,  1.52284463073099E+00,  2.48259546275000E+00, -3.86145012392953E+01,  1.29790000000002E+02,  2.55000529437163E+02,  2.11293612755891E+03
 1.94016666700000E+03,  1.46371946071742E+00,  2.42605925025000E+00, -3.86164852638738E+01,  1.29970000000002E+02,  3.12115255851503E+02,  1.98420436306278E+03
 1.94025000000000E+03,  1.34229107120036E+00,  2.22435106425000E+00, -3.86188907299218E+01,  1.30150000000002E+02,  4.80878961950091E+02,  2.65383227502304E+03
 1.94033333300000E+03,  1.18573476233630E+00,  1.95184766500000E+00, -3.86217192321516E+01,  1.30330000000002E+02,  4.84614657446310E+02,  2.72772015676423E+03
 1.94041666700000E+03,  1.01506800228554E+00,  1.79675835875000E+00, -3.86249723207301E+01,  1.30510000000002E+02,  3.93370378486173E+02,  2.60247121779576E+03
 1.94050000000000E+03,  8.53402274110631E-01,  1.88748392425000E+00, -3.86286515009226E+01,  1.30690000000002E+02,  3.99187893360959E+02,  2.41341673083633E+03
 1.94058333300000E+03,  9.31546699362309E-01,  2.25359738200000E+00, -3.86327582327439E+01,  1.30870000000002E+02,  3.67840814714460E+02,  2.22585714556882E+03
 1.94066666700000E+03,  1.27472071190191E+00,  2.74232390575000E+00, -4.34168502231715E+01,  1.31050000000002E+02,  2.59020183737708E+02,  1.46556385592346E+03
 1.94075000000000E+03,  1.46072212603200E+00,  3.10193599525000E+00, -4.33949958479049E+01,  1.31230000000002E+02,  2.70607604311710E+02,  1.05628816095665E+03
 1.94083333300000E+03,  1.42840601478359E+00,  3.20620902950000E+00, -4.33730372737278E+01,  1.31410000000002E+02,  3.23155725336178E+02,  1.10402909382201E+03
 1.94091666700000E+03,  1.35033365601703E+00,  3.09807270675000E+00, -4.33509740040509E+01,  1.31590000000002E+02,  3.09038469863527E+02,  2.03920548052967E+03
 1.94100000000000E+03,  1.24453614330171E+00,  2.96985005550000E+00, -4.33288055803240E+01,  1.31770000000002E+02,  3.19961235561813E+02,  2.42667557575972E+03
 1.94108333300000E+03,  1.15146722107105E+00,  3.03926227500000E+00, -4.33065315822351E+01,  1.31950000000002E+02,  3.12329304576842E+02,  2.38303971631353E+03
 1.94116666700000E+03,  1.11977933946225E+00,  3.28692935725000E+00, -4.32841516279018E+01,  1.32130000000002E+02,  2.99495022932619E+02,  2.56826926423841E+03
 1.94125000000000E+03,  1.17489503504585E+00,  3.41481291475000E+00, -4.32616653740559E+01,  1.32310000000003E+02,  2.37235928204423E+02,  2.39539760854837E+03
 1.94133333300000E+03,  1.29545087669234E+00,  3.13737210975000E+00, -4.32390725162208E+01,  1.32490000000003E+02,  2.96979164399357E+02,  1.49668977338800E+03
 1.94141666700000E+03,  1.41997603441969E+00,  2.53065354100000E+00, -4.32163727888819E+01,  1.32670000000003E+02,  3.23454213639883E+02,  9.73245695683135E+02
 1.94150000000000E+03,  1.48182383321616E+00,  2.03851474700000E+00, -4.31935659656495E+01,  1.32850000000003E+02,  2.37359804972597E+02,  1.02779738754184E+03
 1.94158333300000E+03,  1.25400289202337E+00,  1.99085442975000E+00, -4.31706518594151E+01,  1.33030000000003E+02,  2.62948611968241E+02,  1.17155438927251E+03
 1.94166666700000E+03,  8.11986151045566E-01,  2.22722690100000E+00, -3.94322977892307E+01,  1.33210000000003E+02,  3.06242263886661E+02,  2.16083616024087E+03
 1.94175000000000E+03,  6.60513453470939E-01,  2.32001578350000E+00, -3.94104571869556E+01,  1.33390000000003E+02,  2.78126737557912E+02,  2.69066427062106E+03
 1.94183333300000E+03,  7.88390175592430E-01,  2.09305467175000E+00, -3.93888351139595E+01,  1.33570000000003E+02,  2.56388089835170E+02,  2.72786914331404E+03
 1.94191666700000E+03,  9.28555084741977E-01,  1.73619454425000E+00, -3.93674351176178E+01,  1.33750000000003E+02,  4.62333425186526E+02,  2.77796487272624E+03
 1.94200000000000E+03,  1.03925648813397E+00,  1.43228564500000E+00, -3.93462607381621E+01,  1.33930000000003E+02,  5.89339889480018E+02,  3.38955640976466E+03
 1.94208333300000E+03,  1.10308720991486E+00,  1.21142434925000E+00, -3.93253155080781E+01,  1.34110000000003E+02,  6.69902794127281E+02,  3.22947837237396E+03
 1.94216666700000E+03,  1.13054428873961E+00,  1.05171483000000E+00, -3.93046029515015E+01,  1.34290000000003E+02,  9.04874279139306E+02,  3.87997529771231E+03
 1.94225000000000E+03,  1.13959952287728E+00,  9.00150035750000E-01, -3.92841265836165E+01,  1.34470000000003E+02,  8.88856893953876E+02,  3.85426035838627E+03
 1.94233333300000E+03,  1.13351502733468E+00,  7.28122959500000E-01, -3.92638899100526E+01,  1.34650000000003E+02,  6.53601946262865E+02,  3.36493174818221E+03
 1.94241666700000E+03,  1.09941143581093E+00,  5.34225573750000E-01, -3.92438964262831E+01,  1.34830000000003E+02,  7.03535054719393E+02,  3.60349050869601E+03
 1.94250000000000E+03,  1.02847743926428E+00,  2.37777062000000E-01, -3.92241496170240E+01,  1.35010000000003E+02,  5.88671331961798E+02,  2.76100055452450E+03
 1.94258333300000E+03,  8.44209663556970E-01, -2.97895235000000E-01, -3.92046529556333E+01,  1.35190000000003E+02,  4.25840644839642E+02,  2.23786802221861E+03
 1.94266666700000E+03,  6.32493269641512E-01, -9.55699827250000E-01, -3.92650068068129E+01,  1.35370000000003E+02,  4.29510634734431E+02,  2.73619471740675E+03
 1.94275000000000E+03,  6.45208538482694E-01, -1.23697679925000E+00, -3.92893459535374E+01,  1.35550000000003E+02,  4.82048080454381E+02,  2.85114397975219E+03
 1.94283333300000E+03,  7.97484518205646E-01, -8.10537735000000E-01, -3.93141257342347E+01,  1.35730000000003E+02,  6.24998882710099E+02,  1.90551207870653E+03
 1.94291666700000E+03,  8.83316306226977E-01, -1.16911315000000E-02, -3.93393451828087E+01,  1.35910000000003E+02,  6.26439060669642E+02,  1.93625394007977E+03
 1.94300000000000E+03,  8.67006713816279E-01,  4.93335025500000E-01, -3.93650032794841E+01,  1.36090000000003E+02,  5.91268088533294E+02,  1.45979802910869E+03
 1.94308333300000E+03,  7.72202521206690E-01,  4.23176547250000E-01, -3.93910989508221E+01,  1.36270000000003E+02,  8.03011939365948E+02,  1.12082859150029E+03
 1.94316666700000E+03,  6.65885143346607E-01,  1.19299132500000E-02, -3.94176310697449E+01,  1.36450000000003E+02,  1.31931440504447E+03,  2.39145932605717E+03
 1.94325000000000E+03,  6.08175973358512E-01, -5.08058195500000E-01, -3.94445984555670E+01,  1.36630000000003E+02,  1.07161482648323E+03,  2.40744874659315E+03
 1.94333333300000E+03,  6.04690791951878E-01, -1.00141920550000E+00, -3.94719998740354E+01,  1.36810000000003E+02,  1.15281289409966E+03,  4.68504837834855E+03
 1.94341666700000E+03,  5.98959647000136E-01, -1.20779817925000E+00, -3.94998340373770E+01,  1.36990000000003E+02,  1.10384285658986E+03,  4.67283212780494E+03
 1.94350000000000E+03,  5.12701384412633E-01, -8.69271420250000E-01, -3.95280996043546E+01,  1.37170000000003E+02,  8.79885575536427E+02,  4.70835726238313E+03
 1.94358333300000E+03,  5.41168605395210E-01,  2.95483365000000E-02, -3.95567951803300E+01,  1.37350000000003E+02,  3.20525259479389E+02,  4.21176186227164E+03
 1.94366666700000E+03,  8.77522260729258E-01,  9.17547736750000E-01, -5.16909024563587E+01,  1.37530000000003E+02,  2.34687175716521E+02,  4.32691439798032E+03
 1.94375000000000E+03,  1.21118915854835E+00,  1.04115026900000E+00, -5.16467850617724E+01,  1.37710000000003E+02,  1.93559692194638E+02,  2.31587761808453E+03
 1.94383333300000E+03,  1.23879328057472E+00,  4.80172417750000E-01, -5.16026253288552E+01,  1.37890000000003E+02,  4.52711644531697E+02,  3.47654206530118E+03
 1.94391666700000E+03,  9.56344963576646E-01, -1.88433339500000E-01, -5.15584272911340E+01,  1.38070000000003E+02,  7.53643416925799E+02,  3.66314961156176E+03
 1.94400000000000E+03,  5.72887043755961E-01, -7.98969630750000E-01, -5.15141949621487E+01,  1.38250000000003E+02,  1.23318795131795E+03,  3.24393820438543E+03
 1.94408333300000E+03,  4.02533605749837E-01, -1.33986415000000E+00, -5.14699323349001E+01,  1.38430000000003E+02,  1.32696115850129E+03,  3.36380693614050E+03
 1.94416666700000E+03,  5.20191329229681E-01, -1.54657022925000E+00, -5.14256433813030E+01,  1.38610000000003E+02,  1.33176820071170E+03,  3.12270880442709E+03
 1.94425000000000E+03,  6.95991519995923E-01, -1.34955824800000E+00, -5.13813320516432E+01,  1.38790000000003E+02,  1.14754975567176E+03,  2.59697613266008E+03
 1.94433333300000E+03,  6.70589532606501E-01, -1.12056683625000E+00, -5.13370022740391E+01,  1.38970000000003E+02,  8.27142548422760E+02,  2.20225173198067E+03
 1.94441666700000E+03,  4.35747649410661E-01, -1.04697842675000E+00, -5.12926579539089E+01,  1.39150000000003E+02,  4.02328299413548E+02,  1.71878415315660E+03
 1.94450000000000E+03,  1.94300147827671E-01, -9.29617230500000E-01, -5.12483029734410E+01,  1.39330000000003E+02,  3.21303839770158E+02,  1.29646273069847E+03
 1.94458333300000E+03,  2.35294523846864E-01, -7.05285145000000E-01, -5.12039411910708E+01,  1.39510000000003E+02,  3.37847700359583E+02,  1.49245971049304E+03
 1.94466666700000E+03,  5.45211705392388E-01, -4.83262971250000E-01, -4.91833824141377E+01,  1.39690000000003E+02,  2.77956745729545E+02,  7.27046688949047E+02
 1.94475000000000E+03,  6.88747513079732E-01, -3.12048410750000E-01, -4.92208467865392E+01,  1.39870000000003E+02,  2.82554258584711E+02,  9.71497725394161E+02
 1.94483333300000E+03,  4.81192924175428E-01, -2.01002778250000E-01, -4.92579005382076E+01,  1.40050000000003E+02,  4.50815746804934E+02,  8.57958939270478E+02
 1.94491666700000E+03,  1.25780443108800E-01, -1.60521257000000E-01, -4.92945404724809E+01,  1.40230000000003E+02,  4.89798601525029E+02,  1.21264412928252E+03
 1.94500000000000E+03, -6.87876668521185E-02, -1.77503157750000E-01, -4.93307634395581E+01,  1.40410000000003E+02,  3.81859541374739E+02,  1.23569927808380E+03
 1.94508333300000E+03,  1.13596706123767E-01, -1.21076852750000E-01, -4.93665663368595E+01,  1.40590000000003E+02,  4.49532252568961E+02,  1.26547511721261E+03
 1.94516666700000E+03,  5.53737449923555E-01,  7.57938695000000E-02, -4.94019461093805E+01,  1.40770000000003E+02,  5.26992594217924E+02,  1.49364883992533E+03
 1.94525000000000E+03,  8.79909955616372E-01,  2.07143041500000E-01, -4.94368997500384E+01,  1.40950000000003E+02,  3.10605971061616E+02,  2.53331409406150E+03
 1.94533333300000E+03,  8.15375771188634E-01,  1.46287041750000E-01, -4.94714243000123E+01,  1.41130000000003E+02,  4.29305880214707E+02,  2.22083100300307E+03
 1.94541666700000E+03,  4.39797433878348E-01, -2.38332557500000E-02, -4.95055168490764E+01,  1.41310000000003E+02,  4.71621550772855E+02,  1.88866855024111E+03
 1.94550000000000E+03,  9.51379949568250E-02, -3.85319302250000E-01, -4.95391745359260E+01,  1.41490000000003E+02,  4.43273535345105E+02,  1.92385410600974E+03
 1.94558333300000E+03,  1.64656409086754E-01, -9.58305470750000E-01, -4.95723945484963E+01,  1.41670000000003E+02,  3.65885062539083E+02,  1.73235169113560E+03
 1.94566666700000E+03,  5.57724463679087E-01, -1.23232855000000E+00, -3.93442454625917E+01,  1.41850000000003E+02,  5.53483720529299E+02,  7.95440459476178E+02
 1.94575000000000E+03,  7.51695636025807E-01, -7.77958008250000E-01, -3.93233223563043E+01,  1.42030000000003E+02,  3.69959025557093E+02,  8.01188779385694E+02
 1.94583333300000E+03,  6.60433938387304E-01,  1.44805757500000E-02, -3.93026322604660E+01,  1.42210000000003E+02,  4.57630927342096E+02,  1.23649278443437E+03
 1.94591666700000E+03,  5.16581901179637E-01,  4.63899247500000E-01, -3.92821786893720E+01,  1.42390000000003E+02,  3.87104954940975E+02,  1.50114509553029E+03
 1.94600000000000E+03,  4.39690204323977E-01,  3.46077570750000E-01, -3.92619651477055E+01,  1.42570000000003E+02,  3.99571609116805E+02,  1.27800892695494E+03
 1.94608333300000E+03,  4.74437576643313E-01, -3.20700897500000E-02, -3.92419951299360E+01,  1.42750000000003E+02,  2.99570747523027E+02,  1.76892341234493E+03
 1.94616666700000E+03,  5.73993621612868E-01, -1.78239668250000E-01, -3.92222721197181E+01,  1.42930000000003E+02,  2.96179178993439E+02,  1.98761643395401E+03
 1.94625000000000E+03,  6.53460659584771E-01, -1.78579665000000E-02, -3.92027995892908E+01,  1.43110000000003E+02,  1.78024785223290E+02,  1.84570224839301E+03
 1.94633333300000E+03,  6.64126309605708E-01,  7.62006760000000E-02, -3.91835809988779E+01,  1.43290000000003E+02,  1.98321368993920E+02,  1.73913999273117E+03
 1.94641666700000E+03,  6.32705784535106E-01, -1.61793714750000E-01, -3.91646197960890E+01,  1.43470000000003E+02,  2.67316201441067E+02,  1.71012729876941E+03
 1.94650000000000E+03,  6.41222544135041E-01, -6.82383522750000E-01, -3.91459194153217E+01,  1.43650000000003E+02,  1.65767813816802E+02,  1.20269817507570E+03
 1.94658333300000E+03,  5.28637489688362E-01, -1.12468445175000E+00, -3.91274832771648E+01,  1.43830000000003E+02,  1.74834743174530E+02,  9.46276922960547E+02
 1.94666666700000E+03,  2.59405366710320E-01, -1.00045329775000E+00, -4.64210840620623E+01,  1.44010000000003E+02,  2.18064539961446E+02,  7.24073549523227E+02
 1.94675000000000E+03,  2.29055028807032E-01, -2.96945429750000E-01, -4.63953737792937E+01,  1.44190000000003E+02,  2.08315953757328E+02,  9.59324489540160E+02
 1.94683333300000E+03,  4.46079181777993E-01,  4.08912589500000E-01, -4.63698379644285E+01,  1.44370000000003E+02,  2.83553654221181E+02,  9.51957932956438E+02
 1.94691666700000E+03,  6.43876640409966E-01,  6.42738096250000E-01, -4.63444753288658E+01,  1.44550000000003E+02,  2.75749005790483E+02,  9.26812257470400E+02
 1.94700000000000E+03,  7.33051203966212E-01,  4.95334074500000E-01, -4.63192845515628E+01,  1.44730000000003E+02,  5.32037303923889E+02,  1.25208607960917E+03
 1.94708333300000E+03,  6.79184123821961E-01,  4.26030511000000E-01, -4.62942642794375E+01,  1.44910000000003E+02,  4.76022672044973E+02,  1.66033103187548E+03
 1.94716666700000E+03,  5.17962361883902E-01,  6.18096140750000E-01, -4.62694131277772E+01,  1.45090000000003E+02,  6.82531428162851E+02,  1.25043135326081E+03
 1.94725000000000E+03,  3.29564139662602E-01,  7.77769877750000E-01, -4.62447296806524E+01,  1.45270000000003E+02,  5.98839353661736E+02,  1.39445139205698E+03
 1.94733333300000E+03,  1.95874066987466E-01,  8.02485588000000E-01, -4.62202124913348E+01,  1.45450000000003E+02,  6.71435530434557E+02,  1.33233770988624E+03
 1.94741666700000E+03,  1.70419588948080E-01,  9.09316257250000E-01, -4.61958600827217E+01,  1.45630000000003E+02,  6.68341417637626E+02,  1.73549886869769E+03
 1.94750000000000E+03,  2.72411865414070E-01,  9.78349785500000E-01, -4.61716709477646E+01,  1.45810000000003E+02,  6.55908277139267E+02,  1.29584038616629E+03
 1.94758333300000E+03,  2.37088064051502E-01,  7.14306631500000E-01, -4.61476435499028E+01,  1.45990000000003E+02,  1.03308931873107E+03,  1.59613988537331E+03
 1.94766666700000E+03, -6.57352185825504E-02,  2.88076626500000E-01, -5.30677535937228E+01,  1.46170000000003E+02,  9.88994503781141E+02,  1.99705282454658E+03
 1.94775000000000E+03, -2.97918366963935E-01, -6.92100785000000E-02, -5.30272656562154E+01,  1.46350000000003E+02,  1.16025135240311E+03,  2.52197934764277E+03
 1.94783333300000E+03, -3.97513202272352E-01, -4.46501067000000E-01, -5.29865979160880E+01,  1.46530000000003E+02,  9.65294029869187E+02,  2.13116189644796E+03
 1.94791666700000E+03, -4.09241787359307E-01, -8.23712501250000E-01, -5.29457547332637E+01,  1.46710000000003E+02,  1.15871778130879E+03,  2.10727076635944E+03
 1.94800000000000E+03, -2.35630754891676E-01, -1.02502378000000E+00, -5.29047404673385E+01,  1.46890000000003E+02,  7.58691713364344E+02,  1.76504688548380E+03
 1.94808333300000E+03,  1.36774439490854E-02, -9.01748221750000E-01, -5.28635594769349E+01,  1.47070000000003E+02,  9.11561730359159E+02,  1.20205687816935E+03
 1.94816666700000E+03,  1.07667809681712E-01, -5.33729178000000E-01, -5.28222161190574E+01,  1.47250000000003E+02,  6.97098842282738E+02,  2.08319029366120E+03
 1.94825000000000E+03, -6.91667559344804E-02, -3.45709448250000E-01, -5.27807147484495E+01,  1.47430000000003E+02,  9.28950226035147E+02,  1.98377861062075E+03
 1.94833333300000E+03, -3.74706420264063E-01, -5.60222646750000E-01, -5.27390597169525E+01,  1.47610000000003E+02,  7.60644723420429E+02,  2.03903238600814E+03
 1.94841666700000E+03, -5.25480035952253E-01, -9.32798292000000E-01, -5.26972553728656E+01,  1.47790000000003E+02,  5.63026390605943E+02,  2.24517077883565E+03
 1.94850000000000E+03, -3.67082986314637E-01, -1.20491561100000E+00, -5.26553060603083E+01,  1.47970000000003E+02,  4.75226443719673E+02,  2.69766845078203E+03
 1.94858333300000E+03, -1.67988412170225E-01, -1.48081759475000E+00, -5.26132161185836E+01,  1.48150000000003E+02,  5.22432488848395E+02,  3.07901649321710E+03
 1.94866666700000E+03, -3.03506725214034E-01, -2.00753147875000E+00, -4.44100223273404E+01,  1.48330000000003E+02,  2.28358114669563E+02,  2.73448943664941E+03
 1.94875000000000E+03, -6.96639116191812E-01, -2.57373587350000E+00, -4.44464033146418E+01,  1.48510000000003E+02,  2.61528256144809E+02,  2.65976627542510E+03
 1.94883333300000E+03, -1.04664037542634E+00, -2.65756537275000E+00, -4.44823810783453E+01,  1.48690000000003E+02,  6.15136467657460E+02,  2.87262333533324E+03
 1.94891666700000E+03, -1.11324655813977E+00, -2.22927699375000E+00, -4.45179526168816E+01,  1.48870000000003E+02,  5.19326149735595E+02,  2.49009003813740E+03
 1.94900000000000E+03, -8.29062761315842E-01, -1.74210647225000E+00, -4.45531149733915E+01,  1.49050000000003E+02,  4.85255386070171E+02,  1.07322430303891E+03
 1.94908333300000E+03, -4.14507356503431E-01, -1.44311359150000E+00, -4.45878652360522E+01,  1.49230000000003E+02,  5.26572065835536E+02,  1.32774728694436E+03
 1.94916666700000E+03, -1.95929715928380E-01, -1.29111794875000E+00, -4.46222005383988E+01,  1.49410000000003E+02,  4.76889157121759E+02,  1.44104077173270E+03
 1.94925000000000E+03, -3.23071798275761E-01, -1.24910693625000E+00, -4.46561180596384E+01,  1.49590000000003E+02,  5.13034361576326E+02,  1.37800288856021E+03
 1.94933333300000E+03, -6.40723056676310E-01, -1.33093954175000E+00, -4.46896150249583E+01,  1.49770000000003E+02,  5.66079169554250E+02,  1.91266646739535E+03
 1.94941666700000E+03, -8.34881566258343E-01, -1.51154867375000E+00, -4.47226887058276E+01,  1.49950000000003E+02,  5.84547804898159E+02,  1.91322616281560E+03
 1.94950000000000E+03, -7.18872103288221E-01, -1.58602285875000E+00, -4.47553364202925E+01,  1.50130000000003E+02,  5.79037892385765E+02,  1.61328817811472E+03
 1.94958333300000E+03, -6.54866205769909E-01, -1.47699443300000E+00, -4.47875555332653E+01,  1.50310000000003E+02,  8.69553869237985E+02,  1.76012493669535E+03
 1.94966666700000E+03, -9.77907872662002E-01, -1.51372742750000E+00, -4.00353394137799E+01,  1.50490000000003E+02,  5.22029379937114E+02,  1.52523966852858E+03
 1.94975000000000E+03, -1.33118243912873E+00, -1.80404970650000E+00, -4.00177620844052E+01,  1.50670000000003E+02,  6.79282122474199E+02,  9.75865178531547E+02
 1.94983333300000E+03, -1.48584559445658E+00, -2.00275767950000E+00, -4.00002044220537E+01,  1.50850000000003E+02,  6.44480308333596E+02,  9.54595153540408E+02
 1.94991666700000E+03, -1.50328886924863E+00, -2.06245635125000E+00, -3.99826641757652E+01,  1.51030000000003E+02,  6.10268399370817E+02,  1.02669163287427E+03
 1.95000000000000E+03, -1.41282144130237E+00, -2.26207117025000E+00, -3.99651391008218E+01,  1.51210000000003E+02,  3.15398637673003E+02,  1.13282638746742E+03
 1.95008333300000E+03, -1.31603244352420E+00, -2.54983144925000E+00, -3.99476269592637E+01,  1.51390000000003E+02,  3.59724058305326E+02,  1.49316905027084E+03
 1.95016666700000E+03, -1.29691772379100E+00, -2.70675202175000E+00, -3.99301255204048E+01,  1.51570000000003E+02,  1.72039121095502E+02,  1.58455526601783E+03
 1.95025000000000E+03, -1.36012090799717E+00, -2.65956217550000E+00, -3.99126325613451E+01,  1.51750000000003E+02,  2.34367263987762E+02,  1.29480204019985E+03
 1.95033333300000E+03, -1.43656540013749E+00, -2.38491488275000E+00, -3.98951458674827E+01,  1.51930000000003E+02,  2.78125753595880E+02,  1.75037717325191E+03
 1.95041666700000E+03, -1.43947456240407E+00, -2.04007728050000E+00, -3.98776632330237E+01,  1.52110000000003E+02,  3.47528315091992E+02,  2.88917819093993E+03
 1.95050000000000E+03, -1.32377300357613E+00, -1.77677439825000E+00, -3.98601824614899E+01,  1.52290000000003E+02,  4.00443851929313E+02,  2.61302796595988E+03
 1.95058333300000E+03, -1.13235342615219E+00, -1.51151984900000E+00, -3.98427013662249E+01,  1.52470000000003E+02,  4.53149833009563E+02,  2.44370913574133E+03
 1.95066666700000E+03, -1.03157819009872E+00, -1.31350183150000E+00, -4.04843887474590E+01,  1.52650000000003E+02,  3.77415432497883E+02,  2.45924480099344E+03
 1.95075000000000E+03, -1.12612056320512E+00, -1.38770965125000E+00, -4.04655946820646E+01,  1.52830000000003E+02,  4.12016951723108E+02,  2.00486785282995E+03
 1.95083333300000E+03, -1.31213099259535E+00, -1.58385351725000E+00, -4.04468766501331E+01,  1.53010000000003E+02,  6.87770509094155E+02,  1.13498657859649E+03
 1.95091666700000E+03, -1.49304682359868E+00, -1.56889943275000E+00, -4.04282324136960E+01,  1.53190000000003E+02,  6.52270271098808E+02,  9.97154222011105E+02
 1.95100000000000E+03, -1.65439260186820E+00, -1.36560767550000E+00, -4.04096597279898E+01,  1.53370000000003E+02,  7.00562049966162E+02,  1.02860155339862E+03
 1.95108333300000E+03, -1.77077940237145E+00, -1.17240494000000E+00, -4.03911563419814E+01,  1.53550000000003E+02,  7.19760415638809E+02,  1.62663136523701E+03
 1.95116666700000E+03, -1.81082764041634E+00, -9.77218828500000E-01, -4.03727199988930E+01,  1.53730000000003E+02,  6.42270013777157E+02,  2.08662174041501E+03
 1.95125000000000E+03, -1.75951093772446E+00, -8.10470763500000E-01, -4.03543484367290E+01,  1.53910000000003E+02,  3.23476171799656E+02,  2.03369982098184E+03
 1.95133333300000E+03, -1.63679124608558E+00, -6.95886702000000E-01, -4.03360393888023E+01,  1.54090000000003E+02,  2.41477558999646E+02,  1.96496222220859E+03
 1.95141666700000E+03, -1.49243399688929E+00, -4.70028529500000E-01, -4.03177905842614E+01,  1.54270000000003E+02,  1.22869582392287E+02,  2.68538874054426E+03
 1.95150000000000E+03, -1.37855413131795E+00, -3.06286987750000E-01, -4.02995997486182E+01,  1.54450000000003E+02,  9.58767191959268E+01,  2.06985849946854E+03
 1.95158333300000E+03, -1.12993860050244E+00, -6.09228696750000E-01, -4.02814646042759E+01,  1.54630000000003E+02,  1.32281145900754E+02,  1.95147444820657E+03
 1.95166666700000E+03, -7.66961647113247E-01, -1.23316177175000E+00, -5.07017650231219E+01,  1.54810000000003E+02,  2.83054803525615E+02,  2.16508642541484E+03
 1.95175000000000E+03, -6.63975761613579E-01, -1.62386929950000E+00, -5.07011069682847E+01,  1.54990000000003E+02,  3.90870621641583E+02,  2.11677156079736E+03
 1.95183333300000E+03, -7.53549704326736E-01, -1.66176566575000E+00, -5.06999474995242E+01,  1.55170000000003E+02,  3.79482489695366E+02,  1.44127073056014E+03
 1.95191666700000E+03, -8.08353271555727E-01, -1.65883744075000E+00, -5.06982876397882E+01,  1.55350000000003E+02,  4.61036641446078E+02,  1.43558441444691E+03
 1.95200000000000E+03, -8.39232288733728E-01, -1.71917642025000E+00, -5.06961284643230E+01,  1.55530000000003E+02,  4.99894187799215E+02,  1.19610198434587E+03
 1.95208333300000E+03, -8.45965981679857E-01, -1.77589659250000E+00, -5.06934711004373E+01,  1.55710000000003E+02,  3.75912779164314E+02,  6.09727463802691E+02
 1.95216666700000E+03, -8.16966455485711E-01, -1.76368017125000E+00, -5.06903167272599E+01,  1.55890000000003E+02,  2.96999024404779E+02,  9.33822383632865E+02
 1.95225000000000E+03, -7.47704126990381E-01, -1.56444124250000E+00, -5.06866665754894E+01,  1.56070000000003E+02,  3.08389490918131E+02,  1.50260712391697E+03
 1.95233333300000E+03, -6.57494120257962E-01, -1.19919226925000E+00, -5.06825219271379E+01,  1.56250000000003E+02,  2.46694250697490E+02,  1.49297576358939E+03
 1.95241666700000E+03, -5.84854068140462E-01, -8.26710438000000E-01, -5.06778841152666E+01,  1.56430000000003E+02,  1.91749202406285E+02,  1.47525113739147E+03
 1.95250000000000E+03, -5.62814533701386E-01, -5.78106330250000E-01, -5.06727545237150E+01,  1.56610000000003E+02,  2.20181605792288E+02,  1.28882280490104E+03
 1.95258333300000E+03, -3.26325355583493E-01, -4.94593301750000E-01, -5.06671345868235E+01,  1.56790000000003E+02,  3.80313065833574E+02,  1.52849094298080E+03
 1.95266666700000E+03,  1.40196969291869E-01, -4.47399302500000E-01, -4.56040046130589E+01,  1.56970000000003E+02,  3.94410758638810E+02,  1.02541923446163E+03
 1.95275000000000E+03,  3.22786313071851E-01, -3.87318194000000E-01, -4.56201960091724E+01,  1.57150000000003E+02,  4.13779768882885E+02,  1.87301319623781E+03
 1.95283333300000E+03,  2.50421123630702E-01, -4.81631429000000E-01, -4.56358974463854E+01,  1.57330000000003E+02,  4.62781491492973E+02,  2.76324072604473E+03
 1.95291666700000E+03,  1.97472495543497E-01, -6.48049720250000E-01, -4.56511081374590E+01,  1.57510000000003E+02,  4.32940299391431E+02,  2.92629203157910E+03
 1.95300000000000E+03,  1.51085436215521E-01, -6.00104870500000E-01, -4.56658273478910E+01,  1.57690000000003E+02,  3.05603485447185E+02,  2.80132175061529E+03
 1.95308333300000E+03,  1.11688224420467E-01, -3.60365176250000E-01, -4.56800543959360E+01,  1.57870000000003E+02,  2.93341628442516E+02,  2.77117345773035E+03
 1.95316666700000E+03,  9.51781552023236E-02, -1.54979664000000E-01, -4.56937886526172E+01,  1.58050000000003E+02,  2.98373162441218E+02,  2.32025676566648E+03
 1.95325000000000E+03,  1.15223003850451E-01, -1.59077401750000E-01, -4.57070295417321E+01,  1.58230000000003E+02,  3.21745027534012E+02,  1.60166170379246E+03
 1.95333333300000E+03,  1.65646711674263E-01, -4.00058017000000E-01, -4.57197765398499E+01,  1.58410000000003E+02,  3.36516160101698E+02,  1.53990233172428E+03
 1.95341666700000E+03,  2.22778720856174E-01, -6.53272490500000E-01, -4.57320291763027E+01,  1.58590000000003E+02,  2.92629978095541E+02,  1.05405140362643E+03
 1.95350000000000E+03,  2.66918886008093E-01, -6.59768739500000E-01, -4.57437870331686E+01,  1.58770000000004E+02,  2.93588303071014E+02,  1.27039208734984E+03
 1.95358333300000E+03,  3.01226178928823E-01, -5.06851248750000E-01, -4.57550497452480E+01,  1.58950000000004E+02,  2.98488159201019E+02,  8.59899221964478E+02
 1.95366666700000E+03,  3.37752194621432E-01, -5.43011356500000E-01, -5.00348957348797E+01,  1.59130000000004E+02,  1.98361901482776E+02,  5.15964152488319E+02
 1.95375000000000E+03,  4.06359249075924E-01, -7.84877021750000E-01, -5.00105342227322E+01,  1.59310000000004E+02,  1.27126982049032E+02,  9.87837389840294E+02
 1.95383333300000E+03,  5.41289914995233E-01, -9.33104654250000E-01, -4.99857873412194E+01,  1.59490000000004E+02,  1.60343916307803E+02,  1.07209071215469E+03
 1.95391666700000E+03,  7.00476267877668E-01, -9.21360994750000E-01, -4.99606583815807E+01,  1.59670000000004E+02,  5.06514199673366E+02,  1.01557501753847E+03
 1.95400000000000E+03,  7.90893615623833E-01, -7.51177714000000E-01, -4.99351506667451E+01,  1.59850000000004E+02,  4.61581014661971E+02,  1.13797121504508E+03
 1.95408333300000E+03,  7.57498391937578E-01, -3.74152991000000E-01, -4.99092675508009E+01,  1.60030000000004E+02,  6.46845445156340E+02,  2.34292334762689E+03
 1.95416666700000E+03,  6.11716874575985E-01, -3.87064220000000E-02, -4.98830124184614E+01,  1.60210000000004E+02,  9.82030852688468E+02,  2.62421438035450E+03
 1.95425000000000E+03,  4.20141252209566E-01, -1.84895830000000E-02, -4.98563886845266E+01,  1.60390000000004E+02,  1.00237769872636E+03,  2.54751488244398E+03
 1.95433333300000E+03,  2.67327526983901E-01, -1.84351578000000E-01, -4.98293997933420E+01,  1.60570000000004E+02,  7.99280127409400E+02,  3.02063504719959E+03
 1.95441666700000E+03,  2.18366199484232E-01, -1.66711977000000E-01, -4.98020492182530E+01,  1.60750000000004E+02,  7.86821467802177E+02,  3.52270723403920E+03
 1.95450000000000E+03,  2.97473752882738E-01,  1.68048265250000E-01, -4.97743404610570E+01,  1.60930000000004E+02,  6.53164538904754E+02,  2.58526155408908E+03
 1.95458333300000E+03,  6.47694017314837E-02,  4.49364033500000E-01, -4.97462770514512E+01,  1.61110000000004E+02,  3.38069235989940E+02,  2.36529571558879E+03
 1.95466666700000E+03, -5.25948532896134E-01,  2.91640399250000E-01, -4.18495495202519E+01,  1.61290000000004E+02,  4.10594471396112E+02,  4.13721369141225E+03
 1.95475000000000E+03, -6.23517915501437E-01, -2.23493077250000E-01, -4.18991442677313E+01,  1.61470000000004E+02,  3.20493768183966E+02,  4.10282682331115E+03
 1.95483333300000E+03, -2.86516272236476E-01, -8.44869369000000E-01, -4.19489973799878E+01,  1.61650000000004E+02,  5.55843577789642E+02,  3.49844313403518E+03
 1.95491666700000E+03, -1.61849196036456E-01, -1.42436821250000E+00, -4.19991046502066E+01,  1.61830000000004E+02,  5.52996591913391E+02,  4.41571343876571E+03
 1.95500000000000E+03, -2.45041372085577E-01, -1.84294524225000E+00, -4.20494618362618E+01,  1.62010000000004E+02,  6.28060797822493E+02,  3.79923159892109E+03
 1.95508333300000E+03, -2.50297717518010E-01, -2.10227747250000E+00, -4.21000646612144E+01,  1.62190000000004E+02,  5.45897128139541E+02,  2.21461336434580E+03
 1.95516666700000E+03, -1.18119185482283E-01, -2.32681425825000E+00, -4.21509088138171E+01,  1.62370000000004E+02,  5.85251480445425E+02,  2.08345416396349E+03
 1.95525000000000E+03, -1.27424523756398E-01, -2.46491479225000E+00, -4.22019899490232E+01,  1.62550000000004E+02,  4.26420085839121E+02,  2.58817474462168E+03
 1.95533333300000E+03, -4.24893713897597E-01, -2.46522122275000E+00, -4.22533036885014E+01,  1.62730000000004E+02,  5.19563255223792E+02,  2.29653800372687E+03
 1.95541666700000E+03, -7.05638782286157E-01, -2.53547674000000E+00, -4.23048456211555E+01,  1.62910000000004E+02,  4.57542621157661E+02,  2.30149017571279E+03
 1.95550000000000E+03, -5.88232579055252E-01, -2.67660315025000E+00, -4.23566113036485E+01,  1.63090000000004E+02,  6.59294181482102E+02,  2.49113012879352E+03
 1.95558333300000E+03, -5.38324899744964E-01, -2.62536783125000E+00, -4.24085962609328E+01,  1.63270000000004E+02,  7.71289241630242E+02,  2.34581801985126E+03
 1.95566666700000E+03, -9.68176305972335E-01, -2.39789810125000E+00, -3.97508754577023E+01,  1.63450000000004E+02,  7.23107333139229E+02,  1.78384747952275E+03
 1.95575000000000E+03, -1.23055390479224E+00, -2.26605339100000E+00, -3.97264058593694E+01,  1.63630000000004E+02,  5.96390836267546E+02,  9.50762268129933E+02
 1.95583333300000E+03, -1.17538806338508E+00, -2.36996552825000E+00, -3.97021059007836E+01,  1.63810000000004E+02,  8.22445161598441E+02,  1.10610175846911E+03
 1.95591666700000E+03, -1.18053082536731E+00, -2.49426761050000E+00, -3.96779791666188E+01,  1.63990000000004E+02,  6.91601875675389E+02,  7.80385140349168E+02
 1.95600000000000E+03, -1.18157885533570E+00, -2.34674755925000E+00, -3.96540292426162E+01,  1.64170000000004E+02,  4.78721929545520E+02,  5.27579000680079E+02
 1.95608333300000E+03, -9.63083875872031E-01, -2.05481634175000E+00, -3.96302597149878E+01,  1.64350000000004E+02,  4.55624279685461E+02,  7.31751169903873E+02
 1.95616666700000E+03, -5.26550847176044E-01, -1.79372309950000E+00, -3.96066741698203E+01,  1.64530000000004E+02,  4.89274832171638E+02,  8.29143385450672E+02
 1.95625000000000E+03, -1.60297151479232E-01, -1.40618331775000E+00, -3.95832761924765E+01,  1.64710000000004E+02,  3.09060304671817E+02,  8.18424858774112E+02
 1.95633333300000E+03, -7.65593540163134E-02, -9.85509346750000E-01, -3.95600693669970E+01,  1.64890000000004E+02,  2.49612831120866E+02,  8.75592710364643E+02
 1.95641666700000E+03, -1.43640249170431E-01, -1.00166991350000E+00, -3.95370572755000E+01,  1.65070000000004E+02,  3.85384712261075E+02,  1.43747997354071E+03
 1.95650000000000E+03, -1.14821320956855E-01, -1.47479574400000E+00, -3.95142434975809E+01,  1.65250000000004E+02,  4.68055300936320E+02,  2.37775340122893E+03
 1.95658333300000E+03, -9.92347081329888E-02, -1.79257381725000E+00, -3.94916316097114E+01,  1.65430000000004E+02,  5.34233780736514E+02,  2.54549610377750E+03
 1.95666666700000E+03, -2.26346300250803E-01, -1.66784528625000E+00, -4.35348308182310E+01,  1.65610000000004E+02,  4.88750566786070E+02,  2.37340674238430E+03
 1.95675000000000E+03, -2.10424204691658E-01, -1.40592738600000E+00, -4.34980025030864E+01,  1.65790000000004E+02,  4.38996893435944E+02,  2.36161372315438E+03
 1.95683333300000E+03,  5.85422804718879E-02, -1.13620915500000E+00, -4.34613483713119E+01,  1.65970000000004E+02,  3.29008226870558E+02,  1.74236076728419E+03
 1.95691666700000E+03,  3.63030310614778E-01, -7.52825426000000E-01, -4.34248695909748E+01,  1.66150000000004E+02,  3.36215252561192E+02,  6.90192625189702E+02
 1.95700000000000E+03,  5.33858260863734E-01, -2.21825761250000E-01, -4.33885672879070E+01,  1.66330000000004E+02,  3.34477166997267E+02,  5.21788294601344E+02
 1.95708333300000E+03,  5.55571160744596E-01,  3.93571599250000E-01, -4.33524425456835E+01,  1.66510000000004E+02,  3.01480786060579E+02,  9.33638343196005E+02
 1.95716666700000E+03,  5.61875027998251E-01,  7.64094637750000E-01, -4.33164964056084E+01,  1.66690000000004E+02,  4.13215244834591E+02,  1.68273236614783E+03
 1.95725000000000E+03,  6.97098187037670E-01,  7.87448088750000E-01, -4.32807298667081E+01,  1.66870000000004E+02,  4.09118757243769E+02,  1.60993836653749E+03
 1.95733333300000E+03,  9.71437186469380E-01,  9.56565102750000E-01, -4.32451438857325E+01,  1.67050000000004E+02,  3.92597314003450E+02,  1.99344622720548E+03
 1.95741666700000E+03,  1.23783344594410E+00,  1.39451775150000E+00, -4.32097393771617E+01,  1.67230000000004E+02,  3.36481758219989E+02,  2.36327035780635E+03
 1.95750000000000E+03,  1.30995989075987E+00,  1.60020798975000E+00, -4.31745172132217E+01,  1.67410000000004E+02,  3.39929644238850E+02,  2.00483831393856E+03
 1.95758333300000E+03,  9.93586067302574E-01,  1.39316517200000E+00, -4.31394782239059E+01,  1.67590000000004E+02,  2.78721405893158E+02,  1.56674311165491E+03
 1.95766666700000E+03,  5.83473865986775E-01,  1.14032930775000E+00, -4.59433999259499E+01,  1.67770000000004E+02,  6.42771929527441E+02,  2.50450877913446E+03
 1.95775000000000E+03,  7.00096920982059E-01,  1.13124087550000E+00, -4.59990463740125E+01,  1.67950000000004E+02,  7.44577578461294E+02,  2.67577713389102E+03
 1.95783333300000E+03,  1.07257129659816E+00,  1.20365975150000E+00, -4.60545787720407E+01,  1.68130000000004E+02,  8.31519552114960E+02,  3.02903258053283E+03
 1.95791666700000E+03,  1.07876474173214E+00,  1.19426533775000E+00, -4.61099919012498E+01,  1.68310000000004E+02,  8.43719009614350E+02,  3.08202892893441E+03
 1.95800000000000E+03,  8.16954548538379E-01,  1.29712412500000E+00, -4.61652805536267E+01,  1.68490000000004E+02,  8.07111170454998E+02,  3.05686601379422E+03
 1.95808333300000E+03,  7.00104620315663E-01,  1.52696210200000E+00, -4.62204395325825E+01,  1.68670000000004E+02,  4.40629253097500E+02,  2.10865373888345E+03
 1.95816666700000E+03,  7.64194978588865E-01,  1.55293135925000E+00, -4.62754636536051E+01,  1.68850000000004E+02,  4.87533071144608E+02,  2.16770044805235E+03
 1.95825000000000E+03,  7.33447719846509E-01,  1.34633012625000E+00, -4.63303477449090E+01,  1.69030000000004E+02,  3.86227314095356E+02,  1.28755354131236E+03
 1.95833333300000E+03,  6.10260499118964E-01,  1.12954157225000E+00, -4.63850866480844E+01,  1.69210000000004E+02,  4.78703172949390E+02,  1.51900787638739E+03
 1.95841666700000E+03,  6.70512365900947E-01,  8.96796323500000E-01, -4.64396752187435E+01,  1.69390000000004E+02,  4.21092872655547E+02,  1.20365185991077E+03
 1.95850000000000E+03,  8.74932541717393E-01,  7.08570310250000E-01, -4.64941083271651E+01,  1.69570000000004E+02,  5.39853631708220E+02,  1.69011668929867E+03
 1.95858333300000E+03,  7.86693783605926E-01,  8.08541812250000E-01, -4.65483808589383E+01,  1.69750000000004E+02,  3.25729901170656E+02,  1.35719470008992E+03
 1.95866666700000E+03,  5.97146074516077E-01,  1.08894821750000E+00, -4.54910590327743E+01,  1.69930000000004E+02,  5.92884805796468E+02,  1.50675082449893E+03
 1.95875000000000E+03,  8.40264371165656E-01,  1.12829109575000E+00, -4.55474334577864E+01,  1.70110000000004E+02,  5.34394628676829E+02,  1.89964727543229E+03
 1.95883333300000E+03,  1.01875745210396E+00,  8.30665159500000E-01, -4.56037362378865E+01,  1.70290000000004E+02,  5.38728814545478E+02,  1.89543972178534E+03
 1.95891666700000E+03,  6.79348966897162E-01,  5.00679321000000E-01, -4.56599620914609E+01,  1.70470000000004E+02,  4.21415128733590E+02,  1.42131100813686E+03
 1.95900000000000E+03,  3.96575859081706E-01,  3.50083348000000E-01, -4.57161057423520E+01,  1.70650000000004E+02,  4.30454599398660E+02,  1.08233356095369E+03
 1.95908333300000E+03,  6.13431072831566E-01,  2.91600309250000E-01, -4.57721619205212E+01,  1.70830000000004E+02,  1.82832875753504E+02,  1.00078529474091E+03
 1.95916666700000E+03,  9.06208024712192E-01,  1.69678596500000E-01, -4.58281253627099E+01,  1.71010000000004E+02,  1.46595952607147E+02,  2.41141684401071E+02
 1.95925000000000E+03,  7.67588795594252E-01, -2.17539650000000E-03, -4.58839908131008E+01,  1.71190000000004E+02,  2.80172495222372E+02,  7.83833231455836E+02
 1.95933333300000E+03,  4.77784756263780E-01, -5.40211967500000E-02, -4.59397530239769E+01,  1.71370000000004E+02,  5.59044159152763E+02,  1.20954589082895E+03
 1.95941666700000E+03,  5.43394916910246E-01,  1.98897273250000E-01, -4.59954067563812E+01,  1.71550000000004E+02,  7.01478396427106E+02,  1.20213727382714E+03
 1.95950000000000E+03,  7.43192320488337E-01,  6.83727164500000E-01, -4.60509467807732E+01,  1.71730000000004E+02,  7.31987041284151E+02,  2.38673914770968E+03
 1.95958333300000E+03,  5.07207630988243E-01,  9.80144969500000E-01, -4.61063678776861E+01,  1.71910000000004E+02,  7.38520134374092E+02,  2.49773190955105E+03
 1.95966666700000E+03,  1.05562566203175E-01,  8.81017704750000E-01, -5.07008914299805E+01,  1.72090000000004E+02,  7.16033896428740E+02,  2.29841834410161E+03
 1.95975000000000E+03,  9.40795639251428E-02,  6.69276610000000E-01, -5.07016625232188E+01,  1.72270000000004E+02,  4.94205261015066E+02,  2.26588791146803E+03
 1.95983333300000E+03,  1.72713488915811E-01,  5.48883646250000E-01, -5.07019295844844E+01,  1.72450000000004E+02,  5.10147550877096E+02,  3.47326795858261E+03
 1.95991666700000E+03,  7.14989955617644E-02,  4.68455404500000E-01, -5.07016934869750E+01,  1.72630000000004E+02,  4.42686411021929E+02,  3.84431265575237E+03
 1.96000000000000E+03,  6.61954111480338E-02,  4.84729794500000E-01, -5.07009551568162E+01,  1.72810000000004E+02,  4.61374904934504E+02,  3.76594609183195E+03
 1.96008333300000E+03,  2.54116277115246E-01,  5.96963813000000E-01, -5.06997155728468E+01,  1.72990000000004E+02,  5.24229989273442E+02,  3.61606154699226E+03
 1.96016666700000E+03,  3.79586910432330E-01,  5.34360526500000E-01, -5.06979757663961E+01,  1.73170000000004E+02,  5.91860062567308E+02,  3.65350958769932E+03
 1.96025000000000E+03,  2.95490287330260E-01,  2.05545309750000E-01, -5.06957368210544E+01,  1.73350000000004E+02,  5.93450215871626E+02,  2.60150555726720E+03
 1.96033333300000E+03,  2.18172730973381E-01, -1.22088233750000E-01, -5.06929998724365E+01,  1.73530000000004E+02,  5.73308581127206E+02,  1.21332433283828E+03
 1.96041666700000E+03,  3.17630198130815E-01, -2.29175092250000E-01, -5.06897661079375E+01,  1.73710000000004E+02,  7.12589567198216E+02,  1.35412871565655E+03
 1.96050000000000E+03,  3.84929510549034E-01, -1.36493333500000E-01, -5.06860367664818E+01,  1.73890000000004E+02,  6.89490406030033E+02,  1.18090211173737E+03
 1.96058333300000E+03,  7.55690799401329E-02,  7.99654967500000E-02, -5.06818131382654E+01,  1.74070000000004E+02,  5.51405119853823E+02,  7.28242556803976E+02
 1.96066666700000E+03, -4.24072433946964E-01,  4.29731581000000E-01, -4.42689112467012E+01,  1.74250000000004E+02,  3.66010813051867E+02,  9.25199154324956E+02
 1.96075000000000E+03, -5.56982647624439E-01,  8.04264814250000E-01, -4.42290400290754E+01,  1.74430000000004E+02,  4.72451312547802E+02,  8.18631446737877E+02
 1.96083333300000E+03, -3.23965956251651E-01,  9.51098797750000E-01, -4.41893127034574E+01,  1.74610000000004E+02,  3.38483441018677E+02,  7.48932490647229E+02
 1.96091666700000E+03, -9.28976588398860E-02,  7.91305118750000E-01, -4.41497312299566E+01,  1.74790000000004E+02,  1.85738459124094E+02,  6.72392237389368E+02
 1.96100000000000E+03, -6.97513732207334E-02,  4.21633294000000E-01, -4.41102975282257E+01,  1.74970000000004E+02,  1.74244827882398E+02,  8.61706481767806E+02
 1.96108333300000E+03, -2.39358652756692E-01, -2.16458930000000E-02, -4.40710134773038E+01,  1.75150000000004E+02,  2.75201995905411E+02,  1.42568541424011E+03
 1.96116666700000E+03, -3.82945416934915E-01, -3.80600272250000E-01, -4.40318809154648E+01,  1.75330000000004E+02,  3.11070395473224E+02,  1.52209356964184E+03
 1.96125000000000E+03, -2.93791268630397E-01, -5.86032822500000E-01, -4.39929016400742E+01,  1.75510000000004E+02,  2.93042164924047E+02,  1.82631456395231E+03
 1.96133333300000E+03,  2.04925340168760E-02, -7.53554742250000E-01, -4.39540774074522E+01,  1.75690000000004E+02,  3.16136171567731E+02,  2.06218302253061E+03
 1.96141666700000E+03,  3.41366593623667E-01, -1.00255823550000E+00, -4.39154099327445E+01,  1.75870000000004E+02,  3.25139981043211E+02,  2.12527608467623E+03
 1.96150000000000E+03,  4.41150885901601E-01, -1.24549418100000E+00, -4.38769008897999E+01,  1.76050000000004E+02,  2.39638356051808E+02,  1.58269092624587E+03
 1.96158333300000E+03,  6.02825570783004E-02, -1.37350915300000E+00, -4.38385519110549E+01,  1.76230000000004E+02,  1.10105674605584E+02,  1.37905901048367E+03
 1.96166666700000E+03, -4.99594548012533E-01, -1.33639283025000E+00, -4.66477908893415E+01,  1.76410000000004E+02,  1.23964878493940E+02,  1.35528567919901E+03
 1.96175000000000E+03, -4.52495315112403E-01, -1.10206777475000E+00, -4.66041261037013E+01,  1.76590000000004E+02,  3.07174601535842E+02,  1.21111060693654E+03
 1.96183333300000E+03,  2.38655767554654E-02, -8.44787570250000E-01, -4.65604393239648E+01,  1.76770000000004E+02,  4.28978448816552E+02,  1.02301129831415E+03
 1.96191666700000E+03,  2.56396627268197E-01, -7.73720458500000E-01, -4.65167343164417E+01,  1.76950000000004E+02,  4.38319383198401E+02,  1.27868885079513E+03
 1.96200000000000E+03,  1.12023380752152E-01, -9.19910285250000E-01, -4.64730148260266E+01,  1.77130000000004E+02,  4.15689848962931E+02,  1.26783225883516E+03
 1.96208333300000E+03, -1.38249710070366E-01, -1.24148068675000E+00, -4.64292845757063E+01,  1.77310000000004E+02,  4.83443926497147E+02,  1.01538189577025E+03
 1.96216666700000E+03, -1.46264284542236E-01, -1.50729232750000E+00, -4.63855472660709E+01,  1.77490000000004E+02,  2.80028312524736E+02,  1.89551005948428E+03
 1.96225000000000E+03,  1.36039283820951E-01, -1.45472073525000E+00, -4.63418065748306E+01,  1.77670000000004E+02,  3.10629636828000E+02,  1.83459552246897E+03
 1.96233333300000E+03,  4.38930247543052E-01, -1.28380213650000E+00, -4.62980661563354E+01,  1.77850000000004E+02,  4.65458705988419E+02,  2.15437664390912E+03
 1.96241666700000E+03,  5.01857096905484E-01, -1.23071855075000E+00, -4.62543296411013E+01,  1.78030000000004E+02,  4.81046660127891E+02,  2.24762351321122E+03
 1.96250000000000E+03,  3.55875895583650E-01, -1.02731777025000E+00, -4.62106006353395E+01,  1.78210000000004E+02,  4.31392074377514E+02,  2.15941623738928E+03
 1.96258333300000E+03,  8.93496154454642E-02, -5.65396441000000E-01, -4.61668827204919E+01,  1.78390000000004E+02,  5.56758083170497E+02,  2.05412835852643E+03
 1.96266666700000E+03, -1.53560877192528E-01, -1.33382707750000E-01, -4.68116397123504E+01,  1.78570000000004E+02,  6.03294937826804E+02,  2.36613035121165E+03
 1.96275000000000E+03, -1.80453908825726E-01,  1.40075455250000E-01, -4.67680916215648E+01,  1.78750000000004E+02,  7.04403762965954E+02,  1.62883022304229E+03
 1.96283333300000E+03, -1.83815801261572E-01,  2.14819004000000E-01, -4.67245071983895E+01,  1.78930000000004E+02,  6.89183056050879E+02,  1.75413351653190E+03
 1.96291666700000E+03, -2.90166728301508E-01,  3.94540275000000E-02, -4.66808902851386E+01,  1.79110000000004E+02,  6.51441528764213E+02,  2.12758286714688E+03
 1.96300000000000E+03, -2.77768507638337E-01, -2.89253857750000E-01, -4.66372447046026E+01,  1.79290000000004E+02,  6.17530326958496E+02,  1.89762951216455E+03
 1.96308333300000E+03, -2.81737888976566E-02, -6.10616520750000E-01, -4.65935742595388E+01,  1.79470000000004E+02,  4.58782669997223E+02,  2.18987160080814E+03
 1.96316666700000E+03,  3.06934525107887E-01, -8.02027123750000E-01, -4.65498827321673E+01,  1.79650000000004E+02,  2.23977968554917E+02,  2.11416379515979E+03
 1.96325000000000E+03,  4.56923569853292E-01, -7.17012967000000E-01, -4.65061738836697E+01,  1.79830000000004E+02,  4.13057527930483E+02,  3.13260164949152E+03
 1.96333333300000E+03,  3.31523692139704E-01, -2.22443235000000E-01, -4.64624514536931E+01,  1.80010000000004E+02,  5.59719789122856E+02,  3.19650077954284E+03
 1.96341666700000E+03,  1.21565427413158E-01,  3.33345690250000E-01, -4.64187191598585E+01,  1.80190000000004E+02,  5.00017270857852E+02,  2.82046357619033E+03
 1.96350000000000E+03,  8.38421593747366E-02,  4.16141019500000E-01, -4.63749806972728E+01,  1.80370000000004E+02,  5.11448042540143E+02,  2.79350863372390E+03
 1.96358333300000E+03, -1.40733762427081E-01,  2.30300717000000E-01, -4.63312397380468E+01,  1.80550000000004E+02,  5.61380199076429E+02,  3.66051383810544E+03
 1.96366666700000E+03, -7.36021578960867E-01,  1.84231768000000E-01, -3.52216509994594E+01,  1.80730000000004E+02,  4.58703728740557E+02,  3.71456387882754E+03
 1.96375000000000E+03, -1.09857301613640E+00,  1.06825167250000E-01, -3.51958431580296E+01,  1.80910000000004E+02,  5.57250970461245E+02,  4.37658027654451E+03
 1.96383333300000E+03, -1.25584235198780E+00, -2.45869372750000E-01, -3.51701599810403E+01,  1.81090000000004E+02,  6.39170019980063E+02,  4.85832101622986E+03
 1.96391666700000E+03, -1.42462054092113E+00, -8.01212425750000E-01, -3.51446048498226E+01,  1.81270000000004E+02,  5.86087256700060E+02,  4.33217820760777E+03
 1.96400000000000E+03, -1.39409294219502E+00, -1.30142619275000E+00, -3.51191811531469E+01,  1.81450000000004E+02,  5.46020182578309E+02,  3.30331368530805E+03
 1.96408333300000E+03, -1.14717037012148E+00, -1.43649125200000E+00, -3.50938922866878E+01,  1.81630000000004E+02,  5.54948782905574E+02,  2.62648268643403E+03
 1.96416666700000E+03, -8.48622615669813E-01, -1.27023639525000E+00, -3.50687416524855E+01,  1.81810000000004E+02,  5.26906722702482E+02,  1.56133307325619E+03
 1.96425000000000E+03, -6.46588169708511E-01, -1.23065227825000E+00, -3.50437326584069E+01,  1.81990000000004E+02,  4.77409228923192E+02,  1.08653702841118E+03
 1.96433333300000E+03, -5.25412443741941E-01, -1.33502190925000E+00, -3.50188687176036E+01,  1.82170000000004E+02,  6.66429469777911E+02,  1.19335872596737E+03
 1.96441666700000E+03, -3.74511994598115E-01, -1.24329727100000E+00, -3.49941532479683E+01,  1.82350000000004E+02,  7.12183741245313E+02,  2.11659310128981E+03
 1.96450000000000E+03, -1.73121365541057E-01, -9.76841727750000E-01, -3.49695896715899E+01,  1.82530000000004E+02,  7.39283141574723E+02,  1.72772290513560E+03
 1.96458333300000E+03, -2.17160098326964E-01, -8.20833543750000E-01, -3.49451814142066E+01,  1.82710000000004E+02,  5.19324287328719E+02,  1.77460420645993E+03
 1.96466666700000E+03, -5.48670158520971E-01, -8.36726956750000E-01, -3.38431227780405E+01,  1.82890000000004E+02,  4.74647640005773E+02,  2.15937202133504E+03
 1.96475000000000E+03, -7.20983995692032E-01, -8.18316476750000E-01, -3.38502232784936E+01,  1.83070000000004E+02,  4.02394374975438E+02,  2.49126766673799E+03
 1.96483333300000E+03, -7.12231028841320E-01, -5.98557216500000E-01, -3.38577491788498E+01,  1.83250000000004E+02,  5.29992384095567E+02,  1.67091360763542E+03
 1.96491666700000E+03, -7.21080179838549E-01, -3.18319487500000E-01, -3.38657014671421E+01,  1.83430000000004E+02,  9.16971212267661E+02,  2.60829350605019E+03
 1.96500000000000E+03, -7.23582117783296E-01, -2.61047209750000E-01, -3.38740810856672E+01,  1.83610000000004E+02,  1.11642455834476E+03,  2.57883278066010E+03
 1.96508333300000E+03, -6.80014970607647E-01, -4.63020478250000E-01, -3.38828889307296E+01,  1.83790000000004E+02,  1.20214773487005E+03,  1.93713041653392E+03
 1.96516666700000E+03, -5.53159452953621E-01, -6.41237136750000E-01, -3.38921258523910E+01,  1.83970000000004E+02,  1.11050173662546E+03,  1.51595790741990E+03
 1.96525000000000E+03, -3.36767984548192E-01, -4.47038702750000E-01, -3.39017926542270E+01,  1.84150000000004E+02,  1.09696759532739E+03,  2.17266539784054E+03
 1.96533333300000E+03, -7.02162191132907E-02,  1.06698693250000E-01, -3.39118900930900E+01,  1.84330000000004E+02,  7.99873597092405E+02,  2.18413126320685E+03
 1.96541666700000E+03,  1.78396265067588E-01,  5.74288867250000E-01, -3.39224188788786E+01,  1.84510000000004E+02,  9.17824000813017E+02,  2.33414102773559E+03
 1.96550000000000E+03,  3.52940641822250E-01,  6.76879146000000E-01, -3.39333796743136E+01,  1.84690000000004E+02,  1.01377241594380E+03,  3.44606209145794E+03
 1.96558333300000E+03,  1.56112684236575E-01,  5.00181288500000E-01, -3.39447730947202E+01,  1.84870000000004E+02,  1.75045592862535E+03,  4.49279550048849E+03
 1.96566666700000E+03, -3.71332333876645E-01,  1.45600010750000E-01, -3.57431374212286E+01,  1.85050000000005E+02,  1.70300296646929E+03,  3.82924882619526E+03
 1.96575000000000E+03, -6.23020281677240E-01, -2.27636100250000E-01, -3.57155637250665E+01,  1.85230000000005E+02,  1.60154156335902E+03,  3.07211070880992E+03
 1.96583333300000E+03, -6.34817988250872E-01, -4.17913586750000E-01, -3.56880512090886E+01,  1.85410000000005E+02,  1.30018717721088E+03,  3.04784509593049E+03
 1.96591666700000E+03, -7.45477528047448E-01, -4.25942987250000E-01, -3.56606030073589E+01,  1.85590000000005E+02,  1.19952577108561E+03,  2.49792866285143E+03
 1.96600000000000E+03, -9.48143728539531E-01, -3.47645481250000E-01, -3.56332222712591E+01,  1.85770000000005E+02,  4.43734314540521E+02,  1.67608047053336E+03
 1.96608333300000E+03, -1.16978391736240E+00, -2.14009553500000E-01, -3.56059121690102E+01,  1.85950000000005E+02,  5.96339799666216E+02,  1.91711915786423E+03
 1.96616666700000E+03, -1.31004182499774E+00, -6.27633145000000E-02, -3.55786758851898E+01,  1.86130000000005E+02,  4.92891365009595E+02,  2.16706729912618E+03
 1.96625000000000E+03, -1.30332850396293E+00,  2.33006470000000E-02, -3.55515166202456E+01,  1.86310000000005E+02,  6.30821542326948E+02,  2.00635839020560E+03
 1.96633333300000E+03, -1.16243139024324E+00, -3.24571450000000E-03, -3.55244375900055E+01,  1.86490000000005E+02,  6.33586037626864E+02,  1.43392772570719E+03
 1.96641666700000E+03, -9.71897887239131E-01, -1.38284591500000E-01, -3.54974420251850E+01,  1.86670000000005E+02,  7.90173545809422E+02,  1.14423998374727E+03
 1.96650000000000E+03, -8.35280644208915E-01, -2.98857934750000E-01, -3.54705331708902E+01,  1.86850000000005E+02,  6.20857877252071E+02,  1.03486994897322E+03
 1.96658333300000E+03, -5.84568731093071E-01, -3.55066825500000E-01, -3.54437142861182E+01,  1.87030000000005E+02,  9.95769582009382E+02,  1.20149298904562E+03
 1.96666666700000E+03, -1.45830547164451E-01, -3.38792724750000E-01, -3.83761351451980E+01,  1.87210000000005E+02,  8.49120348355776E+02,  2.02941135019433E+03
 1.96675000000000E+03,  1.09375587912160E-01, -3.78782282750000E-01, -3.83535777629154E+01,  1.87390000000005E+02,  1.01233010466911E+03,  2.37091648314708E+03
 1.96683333300000E+03,  8.23328928870764E-02, -4.86258314500000E-01, -3.83309160087933E+01,  1.87570000000005E+02,  9.78996511966280E+02,  3.42640391556248E+03
 1.96691666700000E+03, -1.04337906949495E-01, -6.39562445500000E-01, -3.83081497668690E+01,  1.87750000000005E+02,  9.15009234533002E+02,  3.73913076165931E+03
 1.96700000000000E+03, -4.24322810289211E-01, -8.33424886000000E-01, -3.82852789586482E+01,  1.87930000000005E+02,  9.58330302308611E+02,  3.03102240793131E+03
 1.96708333300000E+03, -7.77125205396300E-01, -9.84389210250000E-01, -3.82623035432251E+01,  1.88110000000005E+02,  1.07377304147438E+03,  2.47175890353644E+03
 1.96716666700000E+03, -1.03300278180100E+00, -1.03041927075000E+00, -3.82392235173959E+01,  1.88290000000005E+02,  1.11783328256777E+03,  2.28666812759433E+03
 1.96725000000000E+03, -1.10247511501385E+00, -1.00102169125000E+00, -3.82160389157664E+01,  1.88470000000005E+02,  1.00395440756659E+03,  1.88513363278228E+03
 1.96733333300000E+03, -9.87641269329210E-01, -8.34936192500000E-01, -3.81927498108518E+01,  1.88650000000005E+02,  9.57473334780371E+02,  2.07035917158575E+03
 1.96741666700000E+03, -7.81141830226725E-01, -4.66479863250000E-01, -3.81693563131697E+01,  1.88830000000005E+02,  6.37820460648196E+02,  2.20313183817015E+03
 1.96750000000000E+03, -6.13775702227063E-01, -1.45019997750000E-01, -3.81458585713276E+01,  1.89010000000005E+02,  5.19970379263163E+02,  2.53011218261671E+03
 1.96758333300000E+03, -4.02668355752456E-01, -2.06396333750000E-01, -3.81222567721018E+01,  1.89190000000005E+02,  3.29873759806597E+02,  2.62727754377371E+03
 1.96766666700000E+03, -8.93706762446776E-02, -5.09664525000000E-01, -2.89866827202756E+01,  1.89370000000005E+02,  3.20449645524940E+02,  2.00898310560918E+03
 1.96775000000000E+03,  9.49768923923846E-02, -5.48767942500000E-01, -2.89825516926438E+01,  1.89550000000005E+02,  2.85938945611365E+02,  1.39163304105045E+03
 1.96783333300000E+03,  1.27447145288933E-01, -2.34782035000000E-01, -2.89787904310137E+01,  1.89730000000005E+02,  2.00761562651289E+02,  1.26750666276398E+03
 1.96791666700000E+03,  1.13841154254177E-01, -4.85555772500000E-02, -2.89754009810815E+01,  1.89910000000005E+02,  5.41436853290376E+02,  7.11746550460955E+02
 1.96800000000000E+03,  4.54337464988983E-02, -1.84723426000000E-01, -2.89723853543745E+01,  1.90090000000005E+02,  7.95167600792554E+02,  7.61001662765448E+02
 1.96808333300000E+03, -5.25228104077508E-02, -2.43794359500000E-01, -2.89697455278656E+01,  1.90270000000005E+02,  8.15997976498160E+02,  8.12713734581023E+02
 1.96816666700000E+03, -1.30615174356050E-01, -2.90410787500000E-02, -2.89674834435930E+01,  1.90450000000005E+02,  9.63236162444531E+02,  1.61684230373563E+03
 1.96825000000000E+03, -1.47619914021481E-01,  1.63429070750000E-01, -2.89656010082841E+01,  1.90630000000005E+02,  1.04394753665775E+03,  2.46468179758648E+03
 1.96833333300000E+03, -9.99196591387707E-02,  1.71123881000000E-01, -2.89641000929842E+01,  1.90810000000005E+02,  7.02230058764329E+02,  2.53451552829742E+03
 1.96841666700000E+03, -2.36032243663475E-02,  1.31280289500000E-01, -2.89629825326897E+01,  1.90990000000005E+02,  6.48234117047908E+02,  3.42795420174659E+03
 1.96850000000000E+03,  3.17424988505531E-02,  1.11121592500000E-01, -2.89622501259855E+01,  1.91170000000005E+02,  7.16061859830696E+02,  3.63422721296188E+03
 1.96858333300000E+03, -7.83515265341354E-02,  4.20100790000000E-02, -2.89619046346883E+01,  1.91350000000005E+02,  8.84156483263690E+02,  2.79258427207849E+03
 1.96866666700000E+03, -3.52899573796035E-01, -1.56573362750000E-01, -3.49544750937848E+01,  1.91530000000005E+02,  1.33705809872992E+03,  1.95367279859645E+03
 1.96875000000000E+03, -5.39878439613345E-01, -4.69223474750000E-01, -3.49146638902235E+01,  1.91710000000005E+02,  1.40776675714739E+03,  2.01207605820540E+03
 1.96883333300000E+03, -5.46368592401418E-01, -7.23398251500000E-01, -3.48749717260255E+01,  1.91890000000005E+02,  1.24209937175528E+03,  1.64671053355715E+03
 1.96891666700000E+03, -3.34909841615360E-01, -7.77905052750000E-01, -3.48354006994358E+01,  1.92070000000005E+02,  1.67623115887053E+03,  2.56920897432954E+03
 1.96900000000000E+03,  1.16697283412654E-01, -5.79064162000000E-01, -3.47959528740741E+01,  1.92250000000005E+02,  1.46988156042589E+03,  3.60509923861585E+03
 1.96908333300000E+03,  6.20785543969149E-01, -1.12795602000000E-01, -3.47566302787472E+01,  1.92430000000005E+02,  1.09525134654010E+03,  3.73557664729991E+03
 1.96916666700000E+03,  9.43771692984030E-01,  2.63207638250000E-01, -3.47174349072682E+01,  1.92610000000005E+02,  1.25910231348961E+03,  3.99643957526743E+03
 1.96925000000000E+03,  1.00705174162907E+00,  1.18122337750000E-01, -3.46783687182819E+01,  1.92790000000005E+02,  1.17829234592200E+03,  3.35992721137098E+03
 1.96933333300000E+03,  9.39170317751637E-01, -1.97172180750000E-01, -3.46394336350950E+01,  1.92970000000005E+02,  7.06432876623988E+02,  2.18121919491057E+03
 1.96941666700000E+03,  9.39979490366747E-01, -1.47833757500000E-02, -3.46006315455130E+01,  1.93150000000005E+02,  6.09656698796282E+02,  1.13721823244360E+03
 1.96950000000000E+03,  1.09245777729533E+00,  5.85147833250000E-01, -3.45619643016823E+01,  1.93330000000005E+02,  4.65508081332659E+02,  8.53283507649046E+02
 1.96958333300000E+03,  6.73837510254842E-01,  1.07019704300000E+00, -3.45234337199387E+01,  1.93510000000005E+02,  2.35225441153487E+02,  6.96581874209588E+02
 1.96966666700000E+03, -4.20927095067953E-01,  1.28651040650000E+00, -2.85046684977686E+01,  1.93690000000005E+02,  2.38265646849877E+02,  1.54191378343974E+03
 1.96975000000000E+03, -9.34077808331535E-01,  1.37886794125000E+00, -2.84817772350514E+01,  1.93870000000005E+02,  3.52306432800679E+02,  2.27187856058262E+03
 1.96983333300000E+03, -8.22111562325530E-01,  1.36291872075000E+00, -2.84587879341079E+01,  1.94050000000005E+02,  4.04013280494145E+02,  2.29307301452104E+03
 1.96991666700000E+03, -6.47149996135173E-01,  1.04914507675000E+00, -2.84357008234404E+01,  1.94230000000005E+02,  4.94187219989960E+02,  2.70894189214335E+03
 1.97000000000000E+03, -3.94134306295341E-01,  4.06356664500000E-01, -2.84125161656870E+01,  1.94410000000005E+02,  4.72777567167805E+02,  2.44843390314607E+03
 1.97008333300000E+03, -1.58228863234390E-01, -1.78316786750000E-01, -2.83892342576692E+01,  1.94590000000005E+02,  5.65782342982307E+02,  1.71579444659384E+03
 1.97016666700000E+03, -4.13282634766505E-02, -5.10157704000000E-01, -2.83658554304335E+01,  1.94770000000005E+02,  4.80157175987128E+02,  1.40483159025710E+03
 1.97025000000000E+03, -3.59720382248840E-02, -8.47588042750000E-01, -2.83423800492877E+01,  1.94950000000005E+02,  8.09880328349338E+02,  1.97928927137818E+03
 1.97033333300000E+03, -1.52642908338549E-02, -1.18798939475000E+00, -2.83188085138308E+01,  1.95130000000005E+02,  8.28689818194844E+02,  1.93158703115935E+03
 1.97041666700000E+03,  1.57059197542460E-01, -1.23891741725000E+00, -2.82951412579771E+01,  1.95310000000005E+02,  8.39161184354162E+02,  2.01791922211373E+03
 1.97050000000000E+03,  4.98121153621921E-01, -1.02535447275000E+00, -2.82713787499754E+01,  1.95490000000005E+02,  1.46313822758474E+03,  2.92157285668996E+03
 1.97058333300000E+03,  2.14473440587363E-01, -8.71773006500000E-01, -2.82475214924212E+01,  1.95670000000005E+02,  1.40997620113923E+03,  2.66522045460631E+03
 1.97066666700000E+03, -8.71066321156495E-01, -9.69607356000000E-01, -2.86730208436390E+01,  1.95850000000005E+02,  1.08450908478310E+03,  3.47169540552716E+03
 1.97075000000000E+03, -1.47941525084289E+00, -1.20652761350000E+00, -2.86508678598281E+01,  1.96030000000005E+02,  1.17201972000395E+03,  3.26669705368044E+03
 1.97083333300000E+03, -1.51789217755707E+00, -1.39960535050000E+00, -2.86286162054181E+01,  1.96210000000005E+02,  1.35778306600996E+03,  3.50227145043398E+03
 1.97091666700000E+03, -1.58455198001542E+00, -1.53464080075000E+00, -2.86062658552802E+01,  1.96390000000005E+02,  8.25968123755909E+02,  2.44660973209669E+03
 1.97100000000000E+03, -1.65541518705663E+00, -1.68802818500000E+00, -2.85838168178825E+01,  1.96570000000005E+02,  1.19544441861582E+03,  3.14564230014880E+03
 1.97108333300000E+03, -1.68458697404169E+00, -1.89105196250000E+00, -2.85612691353811E+01,  1.96750000000005E+02,  1.17193996544224E+03,  2.64876174056094E+03
 1.97116666700000E+03, -1.62169477260286E+00, -1.99865560075000E+00, -2.85386228837044E+01,  1.96930000000005E+02,  1.43118115512536E+03,  2.63281543956500E+03
 1.97125000000000E+03, -1.44559671666702E+00, -1.66729649200000E+00, -2.85158781726325E+01,  1.97110000000005E+02,  1.36465032715237E+03,  2.33033292694640E+03
 1.97133333300000E+03, -1.18798957032791E+00, -9.35991862000000E-01, -2.84930351458703E+01,  1.97290000000005E+02,  1.17113505583693E+03,  2.47877501499649E+03
 1.97141666700000E+03, -9.24067030817631E-01, -4.52893117250000E-01, -2.84700939811150E+01,  1.97470000000005E+02,  8.03081590192262E+02,  1.62610178429912E+03
 1.97150000000000E+03, -7.32878771229579E-01, -6.26950817750000E-01, -2.84470548901184E+01,  1.97650000000005E+02,  8.89325517479635E+02,  1.14426214826967E+03
 1.97158333300000E+03, -6.82747737581957E-01, -1.22670849075000E+00, -2.84239181187424E+01,  1.97830000000005E+02,  4.81408762781680E+02,  1.16801649869908E+03
 1.97166666700000E+03, -8.11279364772851E-01, -1.81509175475000E+00, -2.66969605809388E+01,  1.98010000000005E+02,  5.54691045651291E+02,  1.07182273548054E+03
 1.97175000000000E+03, -1.04381400742744E+00, -2.04986863675000E+00, -2.66753831446440E+01,  1.98190000000005E+02,  5.47343835018277E+02,  1.19752169004978E+03
 1.97183333300000E+03, -1.23451157152541E+00, -1.85712682425000E+00, -2.66539371550389E+01,  1.98370000000005E+02,  5.96758848412243E+02,  1.17908048547674E+03
 1.97191666700000E+03, -1.30716030155927E+00, -1.55598443575000E+00, -2.66326211052576E+01,  1.98550000000005E+02,  4.59128341782501E+02,  1.00325921821770E+03
 1.97200000000000E+03, -1.25807594247940E+00, -1.50410702225000E+00, -2.66114334688377E+01,  1.98730000000005E+02,  6.25514582388416E+02,  1.08404269843237E+03
 1.97208333300000E+03, -1.10445797577278E+00, -1.59424231100000E+00, -2.65903727000831E+01,  1.98910000000005E+02,  4.40309306260658E+02,  1.45616979360089E+03
 1.97216666700000E+03, -8.80195362777333E-01, -1.42281648375000E+00, -2.65694372344286E+01,  1.99090000000005E+02,  5.97859390641392E+02,  1.35302275997032E+03
 1.97225000000000E+03, -6.41251271897592E-01, -8.52638468000000E-01, -2.65486254888072E+01,  1.99270000000005E+02,  6.73781692574308E+02,  1.32312808702003E+03
 1.97233333300000E+03, -4.63756969211601E-01, -2.08888162250000E-01, -2.65279358620207E+01,  1.99450000000005E+02,  7.21186677839855E+02,  1.59190117642127E+03
 1.97241666700000E+03, -4.20466394136623E-01,  1.29958615500000E-01, -2.65073667351123E+01,  1.99630000000005E+02,  4.80422768662218E+02,  1.34471955926378E+03
 1.97250000000000E+03, -5.42846561346096E-01,  1.77238736000000E-01, -2.64869164717414E+01,  1.99810000000005E+02,  5.50867374375056E+02,  1.06267154243240E+03
 1.97258333300000E+03, -6.93147380773751E-01,  1.36379551000000E-01, -2.64665834185622E+01,  1.99990000000005E+02,  4.19796746036811E+02,  9.48972340166353E+02
 1.97266666700000E+03, -7.20775199258972E-01,  1.09668096250000E-01, -2.39141191219199E+01,  2.00170000000005E+02,  5.56315737105892E+02,  9.48163440729387E+02
 1.97275000000000E+03, -6.98628765589139E-01,  9.44155320000000E-02, -2.38925831548982E+01,  2.00350000000005E+02,  5.50592439376854E+02,  1.39257305790585E+03
 1.97283333300000E+03, -6.89002600443701E-01, -2.60581800000000E-02, -2.38709516778974E+01,  2.00530000000005E+02,  7.13141835662028E+02,  2.23270750159846E+03
 1.97291666700000E+03, -6.83615138671521E-01, -3.35932575250000E-01, -2.38492245709120E+01,  2.00710000000005E+02,  6.85816857865164E+02,  2.22848980478666E+03
 1.97300000000000E+03, -7.02409472554718E-01, -7.19241595000000E-01, -2.38274017453069E+01,  2.00890000000005E+02,  6.15563505816842E+02,  2.21227799132105E+03
 1.97308333300000E+03, -7.39470965050934E-01, -9.71443254000000E-01, -2.38054831439166E+01,  2.01070000000005E+02,  3.51965646369824E+02,  2.25239623981230E+03
 1.97316666700000E+03, -7.64755293729932E-01, -1.01743942250000E+00, -2.37834687411402E+01,  2.01250000000005E+02,  3.78111543708185E+02,  1.70264746334627E+03
 1.97325000000000E+03, -7.48909740141577E-01, -9.51875127000000E-01, -2.37613585430308E+01,  2.01430000000005E+02,  2.49784412594435E+02,  1.09266210936336E+03
 1.97333333300000E+03, -6.88629093362607E-01, -8.79587327500000E-01, -2.37391525873796E+01,  2.01610000000005E+02,  2.64623812058503E+02,  1.10739841888445E+03
 1.97341666700000E+03, -6.09615212225935E-01, -8.70456035750000E-01, -2.37168509437949E+01,  2.01790000000005E+02,  3.21230660084956E+02,  1.19309699957664E+03
 1.97350000000000E+03, -5.45586255124726E-01, -9.54514676000000E-01, -2.36944537137762E+01,  2.01970000000005E+02,  5.37820904658494E+02,  1.36407528096591E+03
 1.97358333300000E+03, -3.07533735235323E-01, -1.02314447475000E+00, -2.36719610307824E+01,  2.02150000000005E+02,  5.58926613623183E+02,  1.36964864494159E+03
 1.97366666700000E+03,  8.34979123902626E-02, -1.03610521225000E+00, -3.25333329575417E+01,  2.02330000000005E+02,  6.41167484693425E+02,  1.50759434603064E+03
 1.97375000000000E+03,  1.21115290571787E-01, -1.12494367000000E+00, -3.25835793540818E+01,  2.02510000000005E+02,  6.96669339690532E+02,  2.33141116210756E+03
 1.97383333300000E+03, -1.85764326321685E-01, -1.20008120925000E+00, -3.26336301514104E+01,  2.02690000000005E+02,  6.42558814854070E+02,  2.51289970161792E+03
 1.97391666700000E+03, -3.59483791055547E-01, -1.04459888500000E+00, -3.26834810565976E+01,  2.02870000000005E+02,  4.30858902678887E+02,  2.27664907526664E+03
 1.97400000000000E+03, -2.70427212538248E-01, -7.77044297750000E-01, -3.27331277961615E+01,  2.03050000000005E+02,  4.19195962580404E+02,  1.84994609013729E+03
 1.97408333300000E+03, -1.90276066485616E-01, -5.78337986250000E-01, -3.27825661165571E+01,  2.03230000000005E+02,  4.00800941735385E+02,  1.57115238294816E+03
 1.97416666700000E+03, -3.85716909080830E-01, -3.70887789750000E-01, -3.28317917846603E+01,  2.03410000000005E+02,  5.35566881081058E+02,  1.68096892769987E+03
 1.97425000000000E+03, -7.19522132137917E-01, -8.73227132500000E-02, -3.28808005882510E+01,  2.03590000000005E+02,  6.42127302075420E+02,  1.34933144843284E+03
 1.97433333300000E+03, -8.34414236588337E-01,  1.99913009250000E-01, -3.29295883364925E+01,  2.03770000000005E+02,  6.73130214403721E+02,  1.37858238498976E+03
 1.97441666700000E+03, -6.51698209193086E-01,  3.67322999250000E-01, -3.29781508604084E+01,  2.03950000000005E+02,  6.44053802384910E+02,  1.43419039352296E+03
 1.97450000000000E+03, -4.78886970146511E-01,  3.49710042000000E-01, -3.30264840133571E+01,  2.04130000000005E+02,  6.34141140168273E+02,  2.50012758426281E+03
 1.97458333300000E+03, -2.70338368759949E-01,  1.68727964250000E-01, -3.30745836715023E+01,  2.04310000000005E+02,  3.97321769626087E+02,  1.69864599707661E+03
 1.97466666700000E+03,  8.13484122834795E-02, -1.65968002750000E-01, -2.89592526854513E+01,  2.04490000000005E+02,  3.18574858849366E+02,  1.66313671778038E+03
 1.97475000000000E+03,  5.55296647588263E-02, -5.49460431500000E-01, -2.89244660161829E+01,  2.04670000000005E+02,  2.68497290070110E+02,  1.76837702300673E+03
 1.97483333300000E+03, -4.17874601987219E-01, -8.45838564500000E-01, -2.88898417961083E+01,  2.04850000000005E+02,  2.36989133348094E+02,  1.88691551859400E+03
 1.97491666700000E+03, -8.27703434159705E-01, -1.14775359375000E+00, -2.88553809482657E+01,  2.05030000000005E+02,  1.75943039136365E+02,  8.49966408029794E+02
 1.97500000000000E+03, -9.23574437379990E-01, -1.51207949950000E+00, -2.88210843602045E+01,  2.05210000000005E+02,  2.57001878124950E+02,  1.32625215620178E+03
 1.97508333300000E+03, -8.18772215982952E-01, -1.68266682050000E+00, -2.87869528839845E+01,  2.05390000000005E+02,  2.11213034320047E+02,  1.68326106233205E+03
 1.97516666700000E+03, -7.65418551447990E-01, -1.49964024100000E+00, -2.87529873361799E+01,  2.05570000000005E+02,  1.92799447742128E+02,  1.56154480810664E+03
 1.97525000000000E+03, -8.31940647004879E-01, -1.22088291075000E+00, -2.87191884978896E+01,  2.05750000000005E+02,  1.84295373600631E+02,  1.72520397676261E+03
 1.97533333300000E+03, -9.20084968782581E-01, -1.13099908000000E+00, -2.86855571147518E+01,  2.05930000000005E+02,  2.13004159316985E+02,  1.80064827379369E+03
 1.97541666700000E+03, -1.01144369992883E+00, -1.24800200525000E+00, -2.86520938969656E+01,  2.06110000000005E+02,  1.64481542549790E+02,  1.62402484107515E+03
 1.97550000000000E+03, -1.21662219932034E+00, -1.47744522300000E+00, -2.86187995193169E+01,  2.06290000000005E+02,  2.64270245890024E+02,  1.95565261814528E+03
 1.97558333300000E+03, -1.17392033737088E+00, -1.64801796350000E+00, -2.85856746212104E+01,  2.06470000000005E+02,  2.99250767322628E+02,  2.54563241478409E+03
 1.97566666700000E+03, -7.07523803859787E-01, -1.59342774450000E+00, -1.93889178668690E+01,  2.06650000000005E+02,  2.92853694421080E+02,  2.16902540297396E+03
 1.97575000000000E+03, -4.90895416115271E-01, -1.40509515050000E+00, -1.93967501069912E+01,  2.06830000000005E+02,  2.40750210594402E+02,  2.11824936851658E+03
 1.97583333300000E+03, -6.41700300531231E-01, -1.31328869075000E+00, -1.94049740562016E+01,  2.07010000000005E+02,  1.93818110047509E+02,  1.81257667681167E+03
 1.97591666700000E+03, -8.12435953657391E-01, -1.33183234900000E+00, -1.94135904787750E+01,  2.07190000000005E+02,  1.51767358127886E+02,  1.69557516164484E+03
 1.97600000000000E+03, -9.09590665898902E-01, -1.31933611975000E+00, -1.94226001001152E+01,  2.07370000000005E+02,  2.26419545369279E+02,  1.14223176221015E+03
 1.97608333300000E+03, -8.72659024640850E-01, -1.16922786050000E+00, -1.94320036065625E+01,  2.07550000000005E+02,  3.45859032147457E+02,  1.44191219531313E+03
 1.97616666700000E+03, -7.21348070558928E-01, -7.20988829750000E-01, -1.94418016452060E+01,  2.07730000000005E+02,  3.78408958187330E+02,  1.38877621446703E+03
 1.97625000000000E+03, -5.48147786252139E-01,  1.70753400000001E-03, -1.94519948237005E+01,  2.07910000000005E+02,  4.93807958152326E+02,  1.36009873383405E+03
 1.97633333300000E+03, -4.58283452846578E-01,  6.04540952500000E-01, -1.94625837100891E+01,  2.08090000000005E+02,  6.49730125467380E+02,  8.29219000379965E+02
 1.97641666700000E+03, -4.96186900487328E-01,  9.03508696750000E-01, -1.94735688326301E+01,  2.08270000000005E+02,  6.89459028920383E+02,  1.14144161285221E+03
 1.97650000000000E+03, -6.10654484661261E-01,  1.08671269150000E+00, -1.94849506796298E+01,  2.08450000000005E+02,  5.89798584174995E+02,  1.43094875343708E+03
 1.97658333300000E+03, -3.74595958083610E-01,  1.21567459450000E+00, -1.94967296992797E+01,  2.08630000000005E+02,  6.27877434668884E+02,  1.60656704861813E+03
 1.97666666700000E+03,  2.41561164845378E-01,  1.28206386075000E+00, -2.45693585356307E+01,  2.08810000000005E+02,  6.74525266715246E+02,  1.56069864597316E+03
 1.97675000000000E+03,  4.51905743304998E-01,  1.36604924925000E+00, -2.46223471492649E+01,  2.08990000000005E+02,  5.11984598142975E+02,  1.54293555173235E+03
 1.97683333300000E+03,  2.37233383609308E-01,  1.33257181075000E+00, -2.46754064770449E+01,  2.09170000000005E+02,  4.04884442011732E+02,  1.87887472585720E+03
 1.97691666700000E+03,  2.32617026686391E-01,  9.81658966000000E-01, -2.47285321928337E+01,  2.09350000000005E+02,  4.59576325205767E+02,  1.34129842109821E+03
 1.97700000000000E+03,  5.52522104837756E-01,  5.26257574000000E-01, -2.47817199598294E+01,  2.09530000000005E+02,  3.96323312771353E+02,  1.44915549969293E+03
 1.97708333300000E+03,  8.35654606117423E-01,  3.40171330750000E-01, -2.48349654310447E+01,  2.09710000000005E+02,  3.79526175800617E+02,  1.56053077449376E+03
 1.97716666700000E+03,  8.14675833847736E-01,  4.22693089500000E-01, -2.48882642497873E+01,  2.09890000000005E+02,  4.53628516446853E+02,  1.57526924612692E+03
 1.97725000000000E+03,  7.19103356860880E-01,  4.89398001500000E-01, -2.49416120501423E+01,  2.10070000000005E+02,  4.21285744633919E+02,  8.75569348671604E+02
 1.97733333300000E+03,  8.55093023713527E-01,  3.50454701750000E-01, -2.49950044574550E+01,  2.10250000000005E+02,  4.71159658572134E+02,  9.96172275168926E+02
 1.97741666700000E+03,  1.05914840955589E+00,  9.73858217500000E-02, -2.50484370888166E+01,  2.10430000000005E+02,  5.17174545505846E+02,  8.89647149853572E+02
 1.97750000000000E+03,  9.42999891226980E-01,  3.64308100000000E-03, -2.51019055535490E+01,  2.10610000000005E+02,  4.31950654954403E+02,  6.68518523226319E+02
 1.97758333300000E+03,  6.13091930271389E-01,  1.82868365250000E-01, -2.51554054536922E+01,  2.10790000000005E+02,  3.80498017592541E+02,  5.54500411260662E+02
 1.97766666700000E+03,  4.63125960096202E-01,  5.32733464500000E-01, -2.65545841002899E+01,  2.10970000000005E+02,  4.60929528859472E+02,  8.67549348412037E+02
 1.97775000000000E+03,  4.08395754416542E-01,  9.50654747750000E-01, -2.65338596007817E+01,  2.11150000000005E+02,  6.38242725706786E+02,  1.33374294210030E+03
 1.97783333300000E+03,  2.52697440399896E-01,  1.33635417950000E+00, -2.65132560674471E+01,  2.11330000000005E+02,  6.01565184477596E+02,  1.33538142889524E+03
 1.97791666700000E+03,  1.70331472268775E-01,  1.54238250225000E+00, -2.64927718688949E+01,  2.11510000000006E+02,  5.45732211831904E+02,  1.29237593812256E+03
 1.97800000000000E+03,  2.55424945345492E-01,  1.48064914575000E+00, -2.64724053566193E+01,  2.11690000000006E+02,  5.18761941428624E+02,  1.25665392406655E+03
 1.97808333300000E+03,  2.84389775317119E-01,  1.12911343775000E+00, -2.64521548653798E+01,  2.11870000000006E+02,  4.41709295991711E+02,  9.68245300939242E+02
 1.97816666700000E+03,  1.11341539212392E-01,  4.92685213750000E-01, -2.64320187135825E+01,  2.12050000000006E+02,  1.38122855220101E+02,  3.68795368754033E+02
 1.97825000000000E+03, -6.18390052670010E-02, -1.59725699750000E-01, -2.64119952036643E+01,  2.12230000000006E+02,  1.32221329792489E+02,  2.85893008176424E+02
 1.97833333300000E+03,  1.52712303433487E-03, -4.14197561000000E-01, -2.63920826224795E+01,  2.12410000000006E+02,  1.21929337683801E+02,  4.08004108534743E+02
 1.97841666700000E+03,  1.80515763087908E-01, -2.28070806750000E-01, -2.63722792416873E+01,  2.12590000000006E+02,  1.44962745555218E+02,  8.52308157553113E+02
 1.97850000000000E+03,  1.77544704043336E-01,  5.44467830000000E-02, -2.63525833181434E+01,  2.12770000000006E+02,  1.58679836069408E+02,  9.31581233885910E+02
 1.97858333300000E+03,  3.46491247524860E-01,  1.05065095000000E-01, -2.63329930942916E+01,  2.12950000000006E+02,  2.59482967326897E+02,  8.82806779379955E+02
 1.97866666700000E+03,  8.55043858713024E-01, -7.97534152500000E-02, -2.76829353537844E+01,  2.13130000000006E+02,  3.03658036657822E+02,  1.37830290398293E+03
 1.97875000000000E+03,  1.03190327790331E+00, -3.09139031500000E-01, -2.76420407915171E+01,  2.13310000000006E+02,  2.90016417998118E+02,  1.83043989986093E+03
 1.97883333300000E+03,  9.64428802650674E-01, -3.86158222750000E-01, -2.76011003093304E+01,  2.13490000000006E+02,  3.25519384770297E+02,  1.67640456857584E+03
 1.97891666700000E+03,  1.06338108789208E+00, -1.40890301000000E-01, -2.75601171897301E+01,  2.13670000000006E+02,  3.12068892793350E+02,  1.78901007011115E+03
 1.97900000000000E+03,  1.15924733209954E+00,  3.30441092000000E-01, -2.75190947014135E+01,  2.13850000000006E+02,  2.61079009869411E+02,  1.95550070022670E+03
 1.97908333300000E+03,  1.03961602449704E+00,  7.00803186000000E-01, -2.74780360988781E+01,  2.14030000000006E+02,  2.53316798816703E+02,  1.56871274921618E+03
 1.97916666700000E+03,  6.93474046695799E-01,  8.02894601750000E-01, -2.74369446220327E+01,  2.14210000000006E+02,  3.46728054009161E+02,  1.09598139743234E+03
 1.97925000000000E+03,  3.51870614801002E-01,  7.74495732000000E-01, -2.73958234958119E+01,  2.14390000000006E+02,  4.03374926335164E+02,  8.75710581272843E+02
 1.97933333300000E+03,  2.72497193289537E-01,  8.78006831000000E-01, -2.73546759297928E+01,  2.14570000000006E+02,  4.08970767076837E+02,  8.73551286615094E+02
 1.97941666700000E+03,  4.84091262216959E-01,  1.15203251250000E+00, -2.73135051178151E+01,  2.14750000000006E+02,  3.81474816979255E+02,  7.54320835917103E+02
 1.97950000000000E+03,  7.54186389102606E-01,  1.32061858650000E+00, -2.72723142376038E+01,  2.14930000000006E+02,  4.49203933243366E+02,  5.87804985841736E+02
 1.97958333300000E+03,  7.89047337027345E-01,  1.22623966700000E+00, -2.72311064503947E+01,  2.15110000000006E+02,  3.62058385741196E+02,  7.20690504538663E+02
 1.97966666700000E+03,  6.17955576441769E-01,  1.07996868525000E+00, -3.10534102207815E+01,  2.15290000000006E+02,  3.03841734890838E+02,  7.49668103620915E+02
 1.97975000000000E+03,  5.41801183868152E-01,  1.11865487800000E+00, -3.10709697287185E+01,  2.15470000000006E+02,  3.36796450993486E+02,  5.27465067173852E+02
 1.97983333300000E+03,  6.57058909693162E-01,  1.29478227975000E+00, -3.10880845680226E+01,  2.15650000000006E+02,  3.18327630560179E+02,  5.34304829002505E+02
 1.97991666700000E+03,  8.77679245807200E-01,  1.43884119400000E+00, -3.11047538436750E+01,  2.15830000000006E+02,  2.89111378121761E+02,  8.46379824565106E+02
 1.98000000000000E+03,  1.05981873262011E+00,  1.40408029000000E+00, -3.11209767046923E+01,  2.16010000000006E+02,  3.24327810057369E+02,  1.00743847443081E+03
 1.98008333300000E+03,  1.03734651731356E+00,  1.03630126075000E+00, -3.11367523441680E+01,  2.16190000000006E+02,  4.40093413514836E+02,  1.43120848012838E+03
 1.98016666700000E+03,  7.98873019312981E-01,  5.17233663000000E-01, -3.11520799993085E+01,  2.16370000000006E+02,  4.23536652149558E+02,  1.87175783470669E+03
 1.98025000000000E+03,  5.13528206327827E-01,  2.63620556500000E-01, -3.11669589514640E+01,  2.16550000000006E+02,  6.29381772958859E+02,  2.42989025967886E+03
 1.98033333300000E+03,  3.73382710428678E-01,  3.41555969250000E-01, -3.11813885261533E+01,  2.16730000000006E+02,  5.52964400917302E+02,  2.39564370425619E+03
 1.98041666700000E+03,  4.11345534916331E-01,  6.45060928000000E-01, -3.11953680930829E+01,  2.16910000000006E+02,  6.40109408500902E+02,  2.05063339428681E+03
 1.98050000000000E+03,  4.81601327658921E-01,  9.91095935250000E-01, -3.12088970661619E+01,  2.17090000000006E+02,  4.20370647322740E+02,  1.53330701291708E+03
 1.98058333300000E+03,  4.85949233994017E-01,  1.12481625050000E+00, -3.12219749035094E+01,  2.17270000000006E+02,  3.78175224114841E+02,  1.26716851726270E+03
 1.98066666700000E+03,  4.96095843542987E-01,  1.22657214150000E+00, -1.46853849623527E+01,  2.17450000000006E+02,  2.36833496098754E+02,  6.94187815238901E+02
 1.98075000000000E+03,  5.62044781665174E-01,  1.54624367625000E+00, -1.46744084451729E+01,  2.17630000000006E+02,  2.35301565258480E+02,  4.29105328207434E+02
 1.98083333300000E+03,  6.43616941779378E-01,  1.84401916150000E+00, -1.46637233335116E+01,  2.17810000000006E+02,  4.23545029710338E+02,  4.44040753408963E+02
 1.98091666700000E+03,  6.96987085629185E-01,  1.89232974400000E+00, -1.46533319678308E+01,  2.17990000000006E+02,  6.70726654676700E+02,  1.60707882320186E+03
 1.98100000000000E+03,  6.94852528561555E-01,  1.82494585850000E+00, -1.46432366676927E+01,  2.18170000000006E+02,  7.39153837525884E+02,  1.59943011833001E+03
 1.98108333300000E+03,  6.35120546435426E-01,  1.78825006925000E+00, -1.46334397313887E+01,  2.18350000000006E+02,  6.74208385182731E+02,  1.72971477284429E+03
 1.98116666700000E+03,  5.41703905075100E-01,  1.66301697325000E+00, -1.46239434355704E+01,  2.18530000000006E+02,  1.02253273044916E+03,  2.20999259355950E+03
 1.98125000000000E+03,  4.43842349840921E-01,  1.35037530825000E+00, -1.46147500348826E+01,  2.18710000000006E+02,  7.54535864658258E+02,  2.74784976060193E+03
 1.98133333300000E+03,  3.54864152823095E-01,  1.01556173450000E+00, -1.46058617615991E+01,  2.18890000000006E+02,  5.13487681847856E+02,  1.67534128389640E+03
 1.98141666700000E+03,  2.71075933850107E-01,  7.85778284000000E-01, -1.45972808252608E+01,  2.19070000000006E+02,  6.46794859253120E+02,  1.51692871554007E+03
 1.98150000000000E+03,  1.90483689840542E-01,  7.07510517750000E-01, -1.45890094123167E+01,  2.19250000000006E+02,  6.80718981451565E+02,  1.34631805579556E+03
 1.98158333300000E+03,  1.18045643417156E-01,  7.79196881250000E-01, -1.45810496857667E+01,  2.19430000000006E+02,  5.50191214665369E+02,  8.53286454099164E+02
 1.98166666700000E+03,  1.39707495001907E-01,  7.58268325000000E-01, -2.58746048372479E+01,  2.19610000000006E+02,  5.08264703206386E+02,  3.09311473976937E+02
 1.98175000000000E+03,  2.98802527658375E-01,  5.29886149250000E-01, -2.58345757184605E+01,  2.19790000000006E+02,  5.30392049600825E+02,  3.73641692090576E+02
 1.98183333300000E+03,  3.93811875520545E-01,  3.03284562250000E-01, -2.57946276819864E+01,  2.19970000000006E+02,  3.72973925583618E+02,  8.49210613249466E+02
 1.98191666700000E+03,  2.69243945269508E-01,  1.39428241250000E-01, -2.57547630704049E+01,  2.20150000000006E+02,  4.56514520174261E+02,  1.03171075786988E+03
 1.98200000000000E+03,  4.91819935453586E-02, -7.49261955000000E-02, -2.57149841984205E+01,  2.20330000000006E+02,  4.52809507375900E+02,  1.32282597154442E+03
 1.98208333300000E+03, -3.37171195550192E-02, -2.29931495250000E-01, -2.56752933526333E+01,  2.20510000000006E+02,  5.99834892010843E+02,  1.27888738310231E+03
 1.98216666700000E+03,  1.32730982451696E-01, -9.44679680000000E-02, -2.56356927913158E+01,  2.20690000000006E+02,  6.20291261929230E+02,  1.19969732813364E+03
 1.98225000000000E+03,  4.28152170767130E-01,  2.66109969500000E-01, -2.55961847441929E+01,  2.20870000000006E+02,  7.41722930989262E+02,  9.23011735394273E+02
 1.98233333300000E+03,  6.12342778814873E-01,  5.95678237000000E-01, -2.55567714122270E+01,  2.21050000000006E+02,  7.31332164760780E+02,  9.97626613112033E+02
 1.98241666700000E+03,  5.52252250741246E-01,  7.12650781750000E-01, -2.55174549674077E+01,  2.21230000000006E+02,  6.36931148785042E+02,  6.83005211536194E+02
 1.98250000000000E+03,  3.45286319569750E-01,  5.80598139750000E-01, -2.54782375525456E+01,  2.21410000000006E+02,  9.50105605362301E+02,  1.55522097487537E+03
 1.98258333300000E+03,  2.93121127201010E-01,  4.82457963750000E-01, -2.54391212810720E+01,  2.21590000000006E+02,  1.29186866695125E+03,  2.14823990714834E+03
 1.98266666700000E+03,  5.21095420920574E-01,  7.19413068750000E-01, -1.45068886664212E+01,  2.21770000000006E+02,  1.58653884563233E+03,  3.29813634980464E+03
 1.98275000000000E+03,  7.93212806503963E-01,  1.23691798600000E+00, -1.45035044977135E+01,  2.21950000000006E+02,  1.89893438412312E+03,  3.30197279755569E+03
 1.98283333300000E+03,  9.29961763108554E-01,  1.82534519500000E+00, -1.45004614061110E+01,  2.22130000000006E+02,  1.94710348462299E+03,  3.49977770123093E+03
 1.98291666700000E+03,  9.17206807519258E-01,  2.19636957225000E+00, -1.44977611332992E+01,  2.22310000000006E+02,  1.63789112520235E+03,  4.06525217632908E+03
 1.98300000000000E+03,  8.30996481856849E-01,  2.20981962250000E+00, -1.44954053918906E+01,  2.22490000000006E+02,  1.24789014326634E+03,  3.40147122118263E+03
 1.98308333300000E+03,  8.30202181124914E-01,  2.18703746725000E+00, -1.44933958651231E+01,  2.22670000000006E+02,  8.76603775210006E+02,  3.02541997274742E+03
 1.98316666700000E+03,  9.94825594942608E-01,  2.35633219425000E+00, -1.44917342065610E+01,  2.22850000000006E+02,  4.60349079692664E+02,  3.01849496330636E+03
 1.98325000000000E+03,  1.24126861526077E+00,  2.37287309700000E+00, -1.44904220397994E+01,  2.23030000000006E+02,  3.65923749202984E+02,  3.15118916423645E+03
 1.98333333300000E+03,  1.39712078531320E+00,  1.95906099600000E+00, -1.44894609581728E+01,  2.23210000000006E+02,  2.26745154454781E+02,  1.70410875617126E+03
 1.98341666700000E+03,  1.36274045433617E+00,  1.45902524600000E+00, -1.44888525244670E+01,  2.23390000000006E+02,  2.53102356711944E+02,  2.27405612380331E+03
 1.98350000000000E+03,  1.20457389425599E+00,  1.33049301800000E+00, -1.44885982706342E+01,  2.23570000000006E+02,  1.75262207928898E+02,  1.42177601965455E+03
 1.98358333300000E+03,  9.75190364583895E-01,  1.53240703325000E+00, -1.44886996975126E+01,  2.23750000000006E+02,  1.80984758205997E+02,  1.45240755804870E+03
 1.98366666700000E+03,  7.40547026235182E-01,  1.69107895275000E+00, -2.17081663198116E+01,  2.23930000000006E+02,  1.37481424970324E+02,  1.50084423794434E+03
 1.98375000000000E+03,  6.49193884021979E-01,  1.65190667700000E+00, -2.16878768681188E+01,  2.24110000000006E+02,  2.61306119604189E+02,  1.88926128164383E+03
 1.98383333300000E+03,  6.44296311566632E-01,  1.56922003450000E+00, -2.16677031438710E+01,  2.24290000000006E+02,  2.71656450229755E+02,  1.46778133130409E+03
 1.98391666700000E+03,  6.08595721326721E-01,  1.48339390325000E+00, -2.16476435706262E+01,  2.24470000000006E+02,  2.69538113592873E+02,  1.77140037900212E+03
 1.98400000000000E+03,  5.46700370814872E-01,  1.24307771225000E+00, -2.16276965561981E+01,  2.24650000000006E+02,  4.98386541534170E+02,  1.80570180278660E+03
 1.98408333300000E+03,  4.85230039812334E-01,  8.09219607000000E-01, -2.16078604930106E+01,  2.24830000000006E+02,  5.45852785709920E+02,  1.48644237221440E+03
 1.98416666700000E+03,  4.65555862273124E-01,  4.01851429500000E-01, -2.15881337584538E+01,  2.25010000000006E+02,  5.27185529298541E+02,  1.14785148182732E+03
 1.98425000000000E+03,  5.17638419587700E-01,  3.10571084000000E-01, -2.15685147152424E+01,  2.25190000000006E+02,  4.94968896296787E+02,  1.77938196688585E+03
 1.98433333300000E+03,  6.37296980808414E-01,  4.91003219000000E-01, -2.15490017117760E+01,  2.25370000000006E+02,  5.75518623785704E+02,  1.77990552666135E+03
 1.98441666700000E+03,  7.88009222824288E-01,  6.61046946500000E-01, -2.15295930825011E+01,  2.25550000000006E+02,  3.41580859809622E+02,  1.79571445447522E+03
 1.98450000000000E+03,  9.26262691160684E-01,  6.87940670500000E-01, -2.15102871482752E+01,  2.25730000000006E+02,  4.08890767910983E+02,  1.79522241855504E+03
 1.98458333300000E+03,  9.74125085088297E-01,  6.28532342750000E-01, -2.14910822167325E+01,  2.25910000000006E+02,  2.89063431410267E+02,  1.79108330921953E+03
 1.98466666700000E+03,  9.52491447979578E-01,  6.36913857750000E-01, -1.42706854527520E+01,  2.26090000000006E+02,  4.24207660077647E+02,  2.76974115378979E+03
 1.98475000000000E+03,  9.88185518907675E-01,  6.78489130750000E-01, -1.42498188477847E+01,  2.26270000000006E+02,  3.89328988233505E+02,  2.99105610431332E+03
 1.98483333300000E+03,  1.03411206921023E+00,  5.11559058000000E-01, -1.42288624108156E+01,  2.26450000000006E+02,  3.90240933294387E+02,  2.82828216642090E+03
 1.98491666700000E+03,  9.83372338243208E-01,  1.63429553500000E-01, -1.42078160239117E+01,  2.26630000000006E+02,  2.63482917286751E+02,  2.88675775862772E+03
 1.98500000000000E+03,  8.32219467724049E-01, -6.27480232500000E-02, -1.41866795968914E+01,  2.26810000000006E+02,  6.37442046894566E+02,  3.72491279904167E+03
 1.98508333300000E+03,  6.22043480668534E-01,  3.82768475000000E-02, -1.41654530674112E+01,  2.26990000000006E+02,  6.01934166488591E+02,  2.24249878149745E+03
 1.98516666700000E+03,  4.27887207575553E-01,  4.05261584750000E-01, -1.41441364010488E+01,  2.27170000000006E+02,  8.75116684810161E+02,  3.75148674814707E+03
 1.98525000000000E+03,  3.21956378585074E-01,  7.32616684750000E-01, -1.41227295913815E+01,  2.27350000000006E+02,  1.02162193587343E+03,  3.70609302821799E+03
 1.98533333300000E+03,  3.37547085025956E-01,  7.88817921500000E-01, -1.41012326600599E+01,  2.27530000000006E+02,  1.10039594702418E+03,  3.49939925464566E+03
 1.98541666700000E+03,  4.58681848818420E-01,  6.05015184250000E-01, -1.40796456568782E+01,  2.27710000000006E+02,  7.24002699068406E+02,  2.62098147873766E+03
 1.98550000000000E+03,  6.38464141536140E-01,  3.22860842000000E-01, -1.40579686598393E+01,  2.27890000000006E+02,  7.51563017363496E+02,  2.62337765234090E+03
 1.98558333300000E+03,  8.57598219361924E-01,  2.45980799500000E-01, -1.40362017752162E+01,  2.28070000000006E+02,  4.64987432962373E+02,  6.30534506255447E+02
 1.98566666700000E+03,  1.12627101380207E+00,  6.54047262250000E-01, -1.66889441922401E+01,  2.28250000000006E+02,  3.88147457865607E+02,  8.66548907700046E+02
 1.98575000000000E+03,  1.39798197986421E+00,  1.35614275525000E+00, -1.66625699526773E+01,  2.28430000000006E+02,  3.21097160035960E+02,  1.32898007641016E+03
 1.98583333300000E+03,  1.57238577679558E+00,  1.90085430975000E+00, -1.66362262887504E+01,  2.28610000000006E+02,  3.57362361341541E+02,  1.48429606942490E+03
 1.98591666700000E+03,  1.57145894100962E+00,  2.02399790600000E+00, -1.66099156802572E+01,  2.28790000000006E+02,  3.18138702187896E+02,  1.83442373826615E+03
 1.98600000000000E+03,  1.38726939109714E+00,  1.78972537675000E+00, -1.65836406238764E+01,  2.28970000000006E+02,  3.29132945911017E+02,  2.05307946700252E+03
 1.98608333300000E+03,  1.09606507765641E+00,  1.50329928900000E+00, -1.65574036328378E+01,  2.29150000000006E+02,  5.89868815720014E+02,  1.69861086466006E+03
 1.98616666700000E+03,  8.24454611354474E-01,  1.34151147650000E+00, -1.65312072365883E+01,  2.29330000000006E+02,  6.17806490435447E+02,  2.15329293137188E+03
 1.98625000000000E+03,  6.83757082995547E-01,  1.16713722825000E+00, -1.65050539804567E+01,  2.29510000000006E+02,  6.14989168063503E+02,  2.64372026494707E+03
 1.98633333300000E+03,  7.12815480134793E-01,  9.44330672500000E-01, -1.64789464253137E+01,  2.29690000000006E+02,  6.33409016877273E+02,  2.13751033907649E+03
 1.98641666700000E+03,  8.65022677196279E-01,  9.74158939000000E-01, -1.64528871472306E+01,  2.29870000000006E+02,  6.11645642211957E+02,  1.98990544729207E+03
 1.98650000000000E+03,  1.04370499750427E+00,  1.35765861925000E+00, -1.64268787371341E+01,  2.30050000000006E+02,  2.93288199464559E+02,  2.60486912961507E+03
 1.98658333300000E+03,  1.19754331026085E+00,  1.74846497900000E+00, -1.64009238004593E+01,  2.30230000000006E+02,  3.44189087903719E+02,  1.68974723057767E+03
 1.98666666700000E+03,  1.35956777306446E+00,  1.91646709075000E+00, -2.48181799920074E+01,  2.30410000000006E+02,  8.62208913103829E+02,  2.19384464806962E+03
 1.98675000000000E+03,  1.48644178059076E+00,  1.99048217325000E+00, -2.48553066961811E+01,  2.30590000000006E+02,  1.21737101142641E+03,  3.21300367872169E+03
 1.98683333300000E+03,  1.46307571108773E+00,  2.05988277625000E+00, -2.48920973750456E+01,  2.30770000000006E+02,  1.53767441149238E+03,  3.27293918386185E+03
 1.98691666700000E+03,  1.33016502571227E+00,  2.06339955850000E+00, -2.49285492357862E+01,  2.30950000000006E+02,  1.59855752929744E+03,  2.71640339415365E+03
 1.98700000000000E+03,  1.23773839930451E+00,  1.96145011025000E+00, -2.49646595186670E+01,  2.31130000000006E+02,  1.70185232793610E+03,  4.08536383810925E+03
 1.98708333300000E+03,  1.25659424738824E+00,  1.78987982675000E+00, -2.50004254973094E+01,  2.31310000000006E+02,  1.16074347050447E+03,  3.67256572149320E+03
 1.98716666700000E+03,  1.33469243341813E+00,  1.76483417350000E+00, -2.50358444789654E+01,  2.31490000000006E+02,  9.99443451311875E+02,  2.56201188616191E+03
 1.98725000000000E+03,  1.35647325228385E+00,  2.01299645450000E+00, -2.50709138047881E+01,  2.31670000000006E+02,  6.62260472772464E+02,  2.70809931071588E+03
 1.98733333300000E+03,  1.24533586507482E+00,  2.23913644125000E+00, -2.51056308500969E+01,  2.31850000000006E+02,  6.64440270719790E+02,  2.92275979010941E+03
 1.98741666700000E+03,  1.02639803983356E+00,  2.15810610900000E+00, -2.51399930246392E+01,  2.32030000000006E+02,  5.14964746733565E+02,  2.10458015865666E+03
 1.98750000000000E+03,  8.06297528023941E-01,  1.88720926500000E+00, -2.51739977728473E+01,  2.32210000000006E+02,  6.15193644901973E+02,  1.37371496821492E+03
 1.98758333300000E+03,  7.06021747085884E-01,  1.63308289250000E+00, -2.52076425740917E+01,  2.32390000000006E+02,  4.71425956915899E+02,  1.55710302514335E+03
 1.98766666700000E+03,  6.88234445187896E-01,  1.39568254875000E+00, -2.08928710592049E+01,  2.32570000000006E+02,  5.64376579893796E+02,  2.16333540174161E+03
 1.98775000000000E+03,  6.57546381414819E-01,  1.18227902425000E+00, -2.08537750840489E+01,  2.32750000000006E+02,  5.23771196255545E+02,  2.60836171114113E+03
 1.98783333300000E+03,  7.13846533054347E-01,  1.08348068900000E+00, -2.08147665300926E+01,  2.32930000000006E+02,  5.49443444919502E+02,  2.87246732164742E+03
 1.98791666700000E+03,  9.02171427615040E-01,  1.04335117900000E+00, -2.07758475295144E+01,  2.33110000000006E+02,  4.58376563922408E+02,  3.00401920008820E+03
 1.98800000000000E+03,  1.07781465867147E+00,  9.54824330000000E-01, -2.07370201874473E+01,  2.33290000000006E+02,  3.72178736994826E+02,  2.77639202684854E+03
 1.98808333300000E+03,  1.11678160344500E+00,  8.04428421250000E-01, -2.06982865817832E+01,  2.33470000000006E+02,  4.38249082883132E+02,  1.88925446235320E+03
 1.98816666700000E+03,  1.01981474118375E+00,  5.69740635750000E-01, -2.06596487629823E+01,  2.33650000000006E+02,  4.52966911720267E+02,  1.31507931100135E+03
 1.98825000000000E+03,  8.85807614536426E-01,  2.33757343250000E-01, -2.06211087538860E+01,  2.33830000000006E+02,  6.36602132855533E+02,  5.92798888661723E+02
 1.98833333300000E+03,  7.92603210457625E-01, -7.44013945000000E-02, -2.05826685495343E+01,  2.34010000000006E+02,  7.46786689849574E+02,  7.57580865007528E+02
 1.98841666700000E+03,  7.15173874041499E-01, -1.64841158000000E-01, -2.05443301169874E+01,  2.34190000000006E+02,  8.02591282534420E+02,  7.79245217727734E+02
 1.98850000000000E+03,  5.67037352809073E-01, -7.50981672500000E-02, -2.05060953951518E+01,  2.34370000000006E+02,  1.01327591232593E+03,  9.56730853738139E+02
 1.98858333300000E+03,  1.20794628442013E-01, -9.87117377500000E-02, -2.04679662946106E+01,  2.34550000000006E+02,  9.95808412676230E+02,  9.09931594476317E+02
 1.98866666700000E+03, -5.59178075786194E-01, -4.43847931000000E-01, -6.88359834017787E+00,  2.34730000000006E+02,  7.63577987654395E+02,  9.88956823144542E+02
 1.98875000000000E+03, -9.32879044012081E-01, -8.88187609250000E-01, -6.86598788575634E+00,  2.34910000000006E+02,  6.59119775275892E+02,  9.61768448655945E+02
 1.98883333300000E+03, -8.66593123799198E-01, -9.83053164750000E-01, -6.84845495824946E+00,  2.35090000000006E+02,  5.23233525874392E+02,  1.10079104736694E+03
 1.98891666700000E+03, -6.23582764765422E-01, -6.40808820000000E-01, -6.83099798808385E+00,  2.35270000000006E+02,  2.93124277675669E+02,  7.62057094101340E+02
 1.98900000000000E+03, -4.15832469978098E-01, -1.82128282000000E-01, -6.81361539815538E+00,  2.35450000000006E+02,  5.12917494699413E+02,  1.16399014840057E+03
 1.98908333300000E+03, -3.76413417326932E-01,  1.58102978500000E-01, -6.79630560413281E+00,  2.35630000000006E+02,  7.10665062987621E+02,  1.69939043166844E+03
 1.98916666700000E+03, -4.67264023989396E-01,  3.88629098750000E-01, -6.77906701476217E+00,  2.35810000000006E+02,  6.94112961173041E+02,  1.48132957407569E+03
 1.98925000000000E+03, -5.50719509469666E-01,  4.47997908500000E-01, -6.76189803217196E+00,  2.35990000000006E+02,  7.20616928030032E+02,  1.36588078295645E+03
 1.98933333300000E+03, -5.46263887191870E-01,  2.64539734000000E-01, -6.74479705217904E+00,  2.36170000000006E+02,  5.86431197704368E+02,  2.16875780644768E+03
 1.98941666700000E+03, -5.18540178093567E-01,  6.30544525000000E-03, -6.72776246459524E+00,  2.36350000000006E+02,  3.73108506751115E+02,  1.68181177285737E+03
 1.98950000000000E+03, -6.13963063029051E-01, -1.42389370500000E-01, -6.71079265353452E+00,  2.36530000000006E+02,  2.23068364246675E+02,  1.09201956621147E+03
 1.98958333300000E+03, -5.95378869210697E-01, -1.29155637000000E-01, -6.69388599772081E+00,  2.36710000000006E+02,  3.49357874925694E+02,  1.21820177932413E+03
 1.98966666700000E+03, -3.05000329979898E-01, -7.88911167500000E-02, -4.84103083869176E+00,  2.36890000000006E+02,  5.91462775077308E+02,  1.55089147857553E+03
 1.98975000000000E+03, -1.49011813526276E-01, -1.86689548000000E-01, -4.84026813768155E+00,  2.37070000000006E+02,  6.44054610290981E+02,  1.10509144828775E+03
 1.98983333300000E+03, -1.43292068251439E-01, -2.64596432500000E-01, -4.83983760723348E+00,  2.37250000000006E+02,  7.11335573645595E+02,  1.14990099327496E+03
 1.98991666700000E+03, -7.50496608054441E-02, -2.10953132500000E-02, -4.83974062985303E+00,  2.37430000000006E+02,  6.35290810117437E+02,  1.26968095341638E+03
 1.99000000000000E+03,  1.24945127169263E-02,  3.25904110000000E-01, -4.83997856044140E+00,  2.37610000000006E+02,  5.31624107657605E+02,  1.18531771599061E+03
 1.99008333300000E+03,  8.88501066704207E-02,  4.52096000250000E-01, -4.84055272605964E+00,  2.37790000000007E+02,  4.96576169548475E+02,  1.46653127586441E+03
 1.99016666700000E+03,  1.43200838510303E-01,  4.18652461250000E-01, -4.84146442569594E+00,  2.37970000000007E+02,  5.21159696255174E+02,  1.21837217166517E+03
 1.99025000000000E+03,  1.70472672600180E-01,  3.79407024000000E-01, -4.84271493003605E+00,  2.38150000000007E+02,  4.18250419094656E+02,  1.32557935993583E+03
 1.99033333300000E+03,  1.56081797060529E-01,  2.94313198000000E-01, -4.84430548123693E+00,  2.38330000000007E+02,  4.39805565664915E+02,  1.08884944757832E+03
 1.99041666700000E+03,  7.90216122426752E-02,  1.33990900000000E-02, -4.84623729270359E+00,  2.38510000000007E+02,  7.48398672566565E+02,  1.33269091094905E+03
 1.99050000000000E+03, -6.75686130411674E-02, -4.98438786750000E-01, -4.84851154886922E+00,  2.38690000000007E+02,  5.95548557481671E+02,  8.69979293578858E+02
 1.99058333300000E+03,  5.29123083498858E-02, -1.01403167600000E+00, -4.85112940497864E+00,  2.38870000000007E+02,  5.41877717473284E+02,  8.25628960900103E+02
 1.99066666700000E+03,  4.92894385550911E-01, -1.20108993625000E+00, -1.66977975784298E+01,  2.39050000000007E+02,  5.63137315158344E+02,  9.89742376448413E+02
 1.99075000000000E+03,  6.76977984004815E-01, -9.61878122500000E-01, -1.67114625137577E+01,  2.39230000000007E+02,  6.18821955219857E+02,  1.04094508029192E+03
 1.99083333300000E+03,  6.17430826567789E-01, -6.17039822000000E-01, -1.67247171095710E+01,  2.39410000000007E+02,  6.70382264357590E+02,  9.36528605997792E+02
 1.99091666700000E+03,  6.05952387407103E-01, -5.79884333500000E-01, -1.67375608648570E+01,  2.39590000000007E+02,  8.00476261465997E+02,  1.43522144408355E+03
 1.99100000000000E+03,  6.14980459974972E-01, -8.66679163250000E-01, -1.67499933153406E+01,  2.39770000000007E+02,  1.24938696587753E+03,  1.62879365474156E+03
 1.99108333300000E+03,  6.31215480496584E-01, -1.19600789425000E+00, -1.67620140334850E+01,  2.39950000000007E+02,  1.40127885904262E+03,  2.33209663056349E+03
 1.99116666700000E+03,  6.59748199603467E-01, -1.28528547650000E+00, -1.67736226284894E+01,  2.40130000000007E+02,  1.37813095927562E+03,  2.88770054538600E+03
 1.99125000000000E+03,  7.07288774247443E-01, -9.38241981750000E-01, -1.67848187462814E+01,  2.40310000000007E+02,  1.17709632522495E+03,  3.47210184375053E+03
 1.99133333300000E+03,  7.64621945572680E-01, -2.45510508000000E-01, -1.67956020695057E+01,  2.40490000000007E+02,  1.28187317222823E+03,  3.08824595002783E+03
 1.99141666700000E+03,  8.08427765287395E-01,  4.01422907750000E-01, -1.68059723175088E+01,  2.40670000000007E+02,  1.13400815022990E+03,  4.13557671744713E+03
 1.99150000000000E+03,  8.21897096000016E-01,  6.83951896250000E-01, -1.68159292463194E+01,  2.40850000000007E+02,  9.74821888927677E+02,  3.64387398617581E+03
 1.99158333300000E+03,  7.61503032936319E-01,  6.22242360000000E-01, -1.68254726486244E+01,  2.41030000000007E+02,  9.00708494537663E+02,  3.01844757104980E+03
 1.99166666700000E+03,  6.43327282933997E-01,  5.15725869250000E-01, -1.68036660267439E+01,  2.41210000000007E+02,  1.04897647613253E+03,  2.26433670679049E+03
 1.99175000000000E+03,  5.90416174141120E-01,  5.90811147000000E-01, -1.68137163350099E+01,  2.41390000000007E+02,  8.60312846814846E+02,  2.24215262029289E+03
 1.99183333300000E+03,  6.29986745228996E-01,  7.68822177500000E-01, -1.68233531603943E+01,  2.41570000000007E+02,  6.86768097262488E+02,  1.04192281693647E+03
 1.99191666700000E+03,  7.04237906580830E-01,  9.92464470750000E-01, -1.68325763239428E+01,  2.41750000000007E+02,  6.60572868617799E+02,  5.24262953543433E+02
 1.99200000000000E+03,  7.80980457611590E-01,  1.35816783525000E+00, -1.68413856833068E+01,  2.41930000000007E+02,  8.92805271114160E+02,  1.24879932946680E+03
 1.99208333300000E+03,  8.44873786660537E-01,  1.74245763350000E+00, -1.68497811327079E+01,  2.42110000000007E+02,  6.89858161286931E+02,  1.44942893955114E+03
 1.99216666700000E+03,  9.01184590514050E-01,  1.87855028400000E+00, -1.68577626028985E+01,  2.42290000000007E+02,  6.90837498018786E+02,  1.58242931554129E+03
 1.99225000000000E+03,  9.58505662310288E-01,  1.71471748475000E+00, -1.68653300611178E+01,  2.42470000000007E+02,  5.51459377321350E+02,  1.53148542675353E+03
 1.99233333300000E+03,  1.01065638703021E+00,  1.43541532450000E+00, -1.68724835110443E+01,  2.42650000000007E+02,  7.05071306211864E+02,  1.71218844648356E+03
 1.99241666700000E+03,  1.03797804630214E+00,  1.33044977325000E+00, -1.68792229927437E+01,  2.42830000000007E+02,  5.14021092999034E+02,  1.58046957852358E+03
 1.99250000000000E+03,  1.02750087225011E+00,  1.41475076025000E+00, -1.68855485826126E+01,  2.43010000000007E+02,  5.35468763523977E+02,  1.40337515941845E+03
 1.99258333300000E+03,  1.11704684032554E+00,  1.32303692950000E+00, -1.68914603933187E+01,  2.43190000000007E+02,  5.47974072935847E+02,  1.07053676376457E+03
 1.99266666700000E+03,  1.32405318187834E+00,  9.66877497750000E-01, -9.64349106372383E+00,  2.43370000000007E+02,  5.99000160598061E+02,  1.25481303180224E+03
 1.99275000000000E+03,  1.36066263865893E+00,  7.31573091750000E-01, -9.60811688442027E+00,  2.43550000000007E+02,  5.91429858780143E+02,  1.74927840540590E+03
 1.99283333300000E+03,  1.19761609899050E+00,  8.55326926750000E-01, -9.57260551645536E+00,  2.43730000000007E+02,  9.81705095331735E+02,  2.35723379538407E+03
 1.99291666700000E+03,  1.05520251987778E+00,  1.23661403575000E+00, -9.53695986653168E+00,  2.43910000000007E+02,  8.25183960922945E+02,  2.29495221930995E+03
 1.99300000000000E+03,  1.05802967551822E+00,  1.73661629275000E+00, -9.50118284118390E+00,  2.44090000000007E+02,  6.83339824343237E+02,  2.90926386093929E+03
 1.99308333300000E+03,  1.20958377888784E+00,  2.16102952375000E+00, -9.46527734645009E+00,  2.44270000000007E+02,  1.01066318611190E+03,  2.88428211864499E+03
 1.99316666700000E+03,  1.38170370347277E+00,  2.28669782600000E+00, -9.42924628754380E+00,  2.44450000000007E+02,  9.59042550791918E+02,  2.19952463387794E+03
 1.99325000000000E+03,  1.40961043118517E+00,  2.18279809100000E+00, -9.39309256852666E+00,  2.44630000000007E+02,  5.76997908779412E+02,  1.13847461714258E+03
 1.99333333300000E+03,  1.22233603897251E+00,  2.03622664550000E+00, -9.35681909198172E+00,  2.44810000000007E+02,  6.17987295773981E+02,  1.11192538383902E+03
 1.99341666700000E+03,  9.04946180204886E-01,  1.86528817550000E+00, -9.32042875868760E+00,  2.44990000000007E+02,  7.90942095327341E+02,  9.99066442430434E+02
 1.99350000000000E+03,  6.37558991288701E-01,  1.67021376125000E+00, -9.28392446729326E+00,  2.45170000000007E+02,  5.21630831028060E+02,  9.99938040969733E+02
 1.99358333300000E+03,  5.88567957917331E-01,  1.47961167975000E+00, -9.24730911399372E+00,  2.45350000000007E+02,  4.25391635439853E+02,  1.27191497506418E+03
 1.99366666700000E+03,  5.87147854791712E-01,  1.30262736850000E+00, -8.24450204577664E+00,  2.45530000000007E+02,  3.63985859412871E+02,  1.87828050829123E+03
 1.99375000000000E+03,  3.69771937828738E-01,  1.12463941100000E+00, -8.29159435104409E+00,  2.45710000000007E+02,  3.36464735343489E+02,  1.93198302175258E+03
 1.99383333300000E+03,  1.74981287756160E-01,  9.86242477000000E-01, -8.33853145436922E+00,  2.45890000000007E+02,  2.04453268143903E+02,  1.47510899661645E+03
 1.99391666700000E+03,  1.89825123515635E-01,  9.96760690500000E-01, -8.38530990011991E+00,  2.46070000000007E+02,  1.32129397488108E+02,  1.83992419230948E+03
 1.99400000000000E+03,  1.92360248725422E-01,  1.06971583400000E+00, -8.43192624572777E+00,  2.46250000000007E+02,  2.05419716643220E+02,  1.80076031853616E+03
 1.99408333300000E+03,  2.38072694891962E-02,  9.36445866500000E-01, -8.47837706202547E+00,  2.46430000000007E+02,  2.14318492828245E+02,  1.07346926674366E+03
 1.99416666700000E+03, -1.95708852118046E-01,  5.10032487500000E-01, -8.52465893358253E+00,  2.46610000000007E+02,  2.33064217638109E+02,  1.31486091825550E+03
 1.99425000000000E+03, -2.56246945278695E-01, -5.41197274999999E-03, -8.57076845903961E+00,  2.46790000000007E+02,  3.00465469101085E+02,  1.20312579718513E+03
 1.99433333300000E+03, -1.69973937442685E-01, -3.72470218250000E-01, -8.61670225144126E+00,  2.46970000000007E+02,  4.08461035807041E+02,  9.97258511490924E+02
 1.99441666700000E+03, -1.68051608001440E-01, -5.65753133000000E-01, -8.66245693856703E+00,  2.47150000000007E+02,  3.99953728728722E+02,  9.07078901750568E+02
 1.99450000000000E+03, -3.80070154252595E-01, -7.86997487250000E-01, -8.70802916326099E+00,  2.47330000000007E+02,  4.90375884999056E+02,  9.64460048753891E+02
 1.99458333300000E+03, -2.62844955368276E-01, -1.08405076375000E+00, -8.75341558375945E+00,  2.47510000000007E+02,  6.20180009818615E+02,  9.77316066067964E+02
 1.99466666700000E+03,  2.76367192992688E-01, -9.98428817250000E-01, -2.79822834897373E+00,  2.47690000000007E+02,  5.93988589859047E+02,  1.19407508408866E+03
 1.99475000000000E+03,  4.45977521034701E-01, -2.41815518500000E-01, -2.77696747106412E+00,  2.47870000000007E+02,  5.17942511364708E+02,  1.20157293683545E+03
 1.99483333300000E+03,  4.34152113649756E-01,  6.80872390500000E-01, -2.75583116756524E+00,  2.48050000000007E+02,  4.69580119065719E+02,  1.37343956194409E+03
 1.99491666700000E+03,  6.64363824674596E-01,  1.22697418350000E+00, -2.73481841681151E+00,  2.48230000000007E+02,  4.81366758308335E+02,  1.35156490176153E+03
 1.99500000000000E+03,  8.65547738440273E-01,  1.46661398425000E+00, -2.71392818020396E+00,  2.48410000000007E+02,  4.69440382623482E+02,  1.13483494682862E+03
 1.99508333300000E+03,  8.69796245023049E-01,  1.62953824275000E+00, -2.69315940243505E+00,  2.48590000000007E+02,  3.87614569180007E+02,  9.57647989667907E+02
 1.99516666700000E+03,  7.85739264788779E-01,  1.65238188300000E+00, -2.67251101171547E+00,  2.48770000000007E+02,  5.14087025895203E+02,  7.97446206405114E+02
 1.99525000000000E+03,  8.15068164820909E-01,  1.46719250400000E+00, -2.65198192000296E+00,  2.48950000000007E+02,  5.30450275332371E+02,  1.02343403663947E+03
 1.99533333300000E+03,  9.60593185023321E-01,  1.30583984875000E+00, -2.63157102323325E+00,  2.49130000000007E+02,  5.51280573070735E+02,  1.49319804190058E+03
 1.99541666700000E+03,  1.00288252345234E+00,  1.24034208850000E+00, -2.61127720155286E+00,  2.49310000000007E+02,  4.95483879185127E+02,  1.69961888241610E+03
 1.99550000000000E+03,  7.73521070226697E-01,  1.03084902625000E+00, -2.59109931955391E+00,  2.49490000000007E+02,  5.26405686533004E+02,  2.37710903751812E+03
 1.99558333300000E+03,  5.96028125205609E-01,  7.73875397750000E-01, -2.57103622651086E+00,  2.49670000000007E+02,  3.50635524198664E+02,  2.15282071481855E+03
 1.99566666700000E+03,  7.44280882027346E-01,  8.16089597500000E-01, -2.08759240919070E-01,  2.49850000000007E+02,  8.81604704033644E+02,  1.77038785102864E+03
 1.99575000000000E+03,  9.10036390816626E-01,  1.13386440000000E+00, -2.20493240324215E-01,  2.50030000000007E+02,  8.92238041130721E+02,  1.26111134056317E+03
 1.99583333300000E+03,  1.00836603582943E+00,  1.43564855100000E+00, -2.32579013515006E-01,  2.50210000000007E+02,  8.18685565705170E+02,  1.46887905634506E+03
 1.99591666700000E+03,  1.16305773696870E+00,  1.63223111975000E+00, -2.45016806977471E-01,  2.50390000000007E+02,  8.48241623857538E+02,  1.19345496027956E+03
 1.99600000000000E+03,  1.32498946296378E+00,  1.81544034925000E+00, -2.57806835347913E-01,  2.50570000000007E+02,  8.48363570406231E+02,  1.56452354605459E+03
 1.99608333300000E+03,  1.45439447061113E+00,  1.82648246825000E+00, -2.70949281315584E-01,  2.50750000000007E+02,  3.95547889445027E+02,  1.51851921436712E+03
 1.99616666700000E+03,  1.53300668509315E+00,  1.42166092950000E+00, -2.84444295528986E-01,  2.50930000000007E+02,  3.18312638170401E+02,  3.51167653589966E+03
 1.99625000000000E+03,  1.55526269860207E+00,  8.02670561500000E-01, -2.98291996505855E-01,  2.51110000000007E+02,  5.95406487148761E+02,  3.67312004927770E+03
 1.99633333300000E+03,  1.51615012466019E+00,  4.32780415750000E-01, -3.12492470546750E-01,  2.51290000000007E+02,  6.48138978420905E+02,  3.60669243399820E+03
 1.99641666700000E+03,  1.41404857375668E+00,  4.76923008750000E-01, -3.27045771652418E-01,  2.51470000000007E+02,  7.95505436060158E+02,  3.46784235695710E+03
 1.99650000000000E+03,  1.26744529382013E+00,  6.80650507750000E-01, -3.41951921444766E-01,  2.51650000000007E+02,  7.59901724832560E+02,  3.78924870291818E+03
 1.99658333300000E+03,  1.17994729344211E+00,  7.88483875750000E-01, -3.57210909091580E-01,  2.51830000000007E+02,  7.56779645162247E+02,  1.79052064637001E+03
 1.99666666700000E+03,  1.22159789174610E+00,  8.49548039000000E-01, -1.21063088011584E+01,  2.52010000000007E+02,  4.71304225659849E+02,  1.32429312012218E+03
 1.99675000000000E+03,  1.31261384796952E+00,  9.59719671250000E-01, -1.21057203642997E+01,  2.52190000000007E+02,  3.76740308897621E+02,  1.55642037534775E+03
 1.99683333300000E+03,  1.40822336626078E+00,  1.08331243450000E+00, -1.21047381609858E+01,  2.52370000000007E+02,  1.02478757008861E+03,  4.03762308665619E+03
 1.99691666700000E+03,  1.50748063530862E+00,  1.26800909550000E+00, -1.21033629012172E+01,  2.52550000000007E+02,  1.03084412475892E+03,  3.60368455653805E+03
 1.99700000000000E+03,  1.57817357358635E+00,  1.68004835475000E+00, -1.21015953272577E+01,  2.52730000000007E+02,  1.06121882131441E+03,  4.18254122998304E+03
 1.99708333300000E+03,  1.60916656653841E+00,  2.24957168400000E+00, -1.20994362135055E+01,  2.52910000000007E+02,  1.09326797242210E+03,  4.09677348078919E+03
 1.99716666700000E+03,  1.61387823056122E+00,  2.59425712125000E+00, -1.20968863663618E+01,  2.53090000000007E+02,  1.09821625123885E+03,  3.79239908266322E+03
 1.99725000000000E+03,  1.61219552875420E+00,  2.61189887600000E+00, -1.20939466240951E+01,  2.53270000000007E+02,  5.82768574623282E+02,  1.27275293595687E+03
 1.99733333300000E+03,  1.61107223028132E+00,  2.55557755325000E+00, -1.20906178567027E+01,  2.53450000000007E+02,  5.36553096704658E+02,  1.25156396814296E+03
 1.99741666700000E+03,  1.60410130160892E+00,  2.47918025975000E+00, -1.20869009657685E+01,  2.53630000000007E+02,  4.63666697130052E+02,  7.19275153092275E+02
 1.99750000000000E+03,  1.58968657173739E+00,  2.31010841900000E+00, -1.20827968843173E+01,  2.53810000000007E+02,  4.90533061462286E+02,  6.97153012741050E+02
 1.99758333300000E+03,  1.28986248769389E+00,  2.09183817875000E+00, -1.20783065766664E+01,  2.53990000000007E+02,  6.54733979799936E+02,  9.71321455250039E+02
 1.99766666700000E+03,  7.66894722788358E-01,  1.96684241125000E+00,  3.33906443175898E+00,  2.54170000000007E+02,  5.64121606708398E+02,  1.45115327792046E+03
 1.99775000000000E+03,  6.43424687654317E-01,  2.08950223800000E+00,  3.36205917404824E+00,  2.54350000000007E+02,  5.69366834410229E+02,  1.79389484391277E+03
 1.99783333300000E+03,  8.32180498404460E-01,  2.26003388550000E+00,  3.38496002642354E+00,  2.54530000000007E+02,  5.70027953785547E+02,  2.02626998778497E+03
 1.99791666700000E+03,  9.44758974376484E-01,  2.00738735925000E+00,  3.40776465227202E+00,  2.54710000000007E+02,  5.63816528930235E+02,  2.21750597660800E+03
 1.99800000000000E+03,  9.59345903635595E-01,  1.30899792250000E+00,  3.43047070992262E+00,  2.54890000000007E+02,  4.18814033975312E+02,  1.71414835325439E+03
 1.99808333300000E+03,  9.02107179316175E-01,  6.24080731250000E-01,  3.45307585293545E+00,  2.55070000000007E+02,  6.90769249633158E+02,  2.84552986196961E+03
 1.99816666700000E+03,  8.35743896250752E-01,  2.70334893500000E-01,  3.47557773039214E+00,  2.55250000000007E+02,  7.31531674931601E+02,  2.53125206802672E+03
 1.99825000000000E+03,  8.22610099947948E-01,  1.94969366500000E-01,  3.49797398718721E+00,  2.55430000000007E+02,  7.77160607033280E+02,  2.31448532308353E+03
 1.99833333300000E+03,  8.89290624851157E-01,  4.83139707500000E-02,  3.52026226432053E+00,  2.55610000000007E+02,  7.44563520045262E+02,  2.73662663966264E+03
 1.99841666700000E+03,  1.01838026855141E+00, -3.73953482000000E-01,  3.54244019919063E+00,  2.55790000000007E+02,  7.36613986073008E+02,  2.75849560200353E+03
 1.99850000000000E+03,  1.16958482964745E+00, -7.11755263500000E-01,  3.56450542588897E+00,  2.55970000000007E+02,  2.57229848125478E+02,  1.44221507164732E+03
 1.99858333300000E+03,  5.09360579585204E-01, -6.75411627000000E-01,  3.58645557549510E+00,  2.56150000000007E+02,  3.43072013007610E+02,  1.82482220593541E+03
 1.99866666700000E+03, -9.09419754207393E-01, -5.14753030250000E-01, -6.42677062704636E+00,  2.56330000000007E+02,  3.31876304564274E+02,  1.98973781720310E+03
 1.99875000000000E+03, -1.42026302433369E+00, -4.80426452000000E-01, -6.45018654646980E+00,  2.56510000000007E+02,  3.40194505174592E+02,  1.38606724840444E+03
 1.99883333300000E+03, -1.11399580887021E+00, -6.20434377000000E-01, -6.47332132025828E+00,  2.56690000000007E+02,  3.36940109070836E+02,  1.42895452258323E+03
 1.99891666700000E+03, -9.25580613806696E-01, -9.63635864500000E-01, -6.49617267737415E+00,  2.56870000000007E+02,  3.05354191704774E+02,  1.02066242510335E+03
 1.99900000000000E+03, -9.04754492243962E-01, -1.42651784400000E+00, -6.51873836453400E+00,  2.57050000000007E+02,  2.70546184163826E+02,  1.41370689109398E+03
 1.99908333300000E+03, -1.02737685157382E+00, -1.74410513450000E+00, -6.54101614648016E+00,  2.57230000000007E+02,  5.13755004826519E+02,  1.51263203995757E+03
 1.99916666700000E+03, -1.20874462374813E+00, -1.70756936675000E+00, -6.56300380625035E+00,  2.57410000000007E+02,  5.23440706582033E+02,  2.26569849344349E+03
 1.99925000000000E+03, -1.34949823226089E+00, -1.45995052775000E+00, -6.58469914544572E+00,  2.57590000000007E+02,  8.05165519546524E+02,  2.76528938492438E+03
 1.99933333300000E+03, -1.38344166940164E+00, -1.35359473700000E+00, -6.60609998449701E+00,  2.57770000000007E+02,  8.69044017852725E+02,  3.18030415896281E+03
 1.99941666700000E+03, -1.29739968119674E+00, -1.50286474725000E+00, -6.62720416292901E+00,  2.57950000000007E+02,  8.93821739026106E+02,  3.15990605884235E+03
 1.99950000000000E+03, -1.11780301342786E+00, -1.69009459575000E+00, -6.64800953962305E+00,  2.58130000000007E+02,  6.72237414439809E+02,  3.02040721672087E+03
 1.99958333300000E+03, -1.07617575876569E+00, -1.73775522725000E+00, -6.66851399307777E+00,  2.58310000000007E+02,  6.42018679989276E+02,  2.34394764546774E+03
 1.99966666700000E+03, -1.26684672502115E+00, -1.67137316550000E+00, -2.30578102193697E+00,  2.58490000000007E+02,  4.26391173877307E+02,  1.85263566655306E+03
 1.99975000000000E+03, -1.35506614965976E+00, -1.41036056975000E+00, -2.28727014016123E+00,  2.58670000000007E+02,  4.68008224341525E+02,  1.57532513239319E+03
 1.99983333300000E+03, -1.24452336192888E+00, -8.70001282500000E-01, -2.26885406600666E+00,  2.58850000000007E+02,  5.66671468877863E+02,  1.14546764761189E+03
 1.99991666700000E+03, -1.09540237754062E+00, -3.43460521750000E-01, -2.25053142876645E+00,  2.59030000000007E+02,  7.47552027495895E+02,  1.38410663200409E+03
 2.00000000000000E+03, -9.75354617283941E-01, -1.53013953750000E-01, -2.23230084690547E+00,  2.59210000000007E+02,  8.68723016387877E+02,  1.51639828234697E+03
 2.00008333300000E+03, -9.19174741635612E-01, -2.39097482000000E-01, -2.21416092832664E+00,  2.59390000000007E+02,  8.00397194678855E+02,  2.44520388409192E+03
 2.00016666700000E+03, -9.23515530330312E-01, -4.32443151250000E-01, -2.19611027063862E+00,  2.59570000000007E+02,  7.05132062852522E+02,  2.29516066788607E+03
 2.00025000000000E+03, -9.68151746078824E-01, -6.48210125250000E-01, -2.17814746142466E+00,  2.59750000000007E+02,  8.64818092916493E+02,  2.30796820682019E+03
 2.00033333300000E+03, -1.04092428779070E+00, -7.96406141750000E-01, -2.16027107851262E+00,  2.59930000000007E+02,  7.77737554954602E+02,  2.50611787066432E+03
 2.00041666700000E+03, -1.14322252571438E+00, -8.80717392750000E-01, -2.14247969024613E+00,  2.60110000000007E+02,  7.31208851792850E+02,  2.26961157045099E+03
 2.00050000000000E+03, -1.27437160901389E+00, -8.86520781500000E-01, -2.12477185575685E+00,  2.60290000000007E+02,  7.00792346194845E+02,  1.80276009760481E+03
 2.00058333300000E+03, -1.04899533827493E+00, -5.99714023750000E-01, -2.10714612523774E+00,  2.60470000000007E+02,  8.56366735265956E+02,  2.05395015238620E+03
 2.00066666700000E+03, -3.96069418276606E-01, -3.29673670000000E-02, -7.06924750659120E+00,  2.60650000000007E+02,  4.77286717373606E+02,  2.07701738180736E+03
 2.00075000000000E+03,  4.13573917294255E-05,  3.98588501000000E-01, -7.03089881887731E+00,  2.60830000000007E+02,  7.74942494652429E+02,  1.75046001207928E+03
 2.00083333300000E+03,  2.31038459473002E-02,  4.24622321250000E-01, -6.99259455553025E+00,  2.61010000000007E+02,  7.51459448329001E+02,  1.83132302061054E+03
 2.00091666700000E+03, -1.18734919532267E-01,  1.39982175250000E-01, -6.95433692531500E+00,  2.61190000000007E+02,  7.53454302777504E+02,  1.29334373867196E+03
 2.00100000000000E+03, -4.08567358284947E-01, -2.27912701000000E-01, -6.91612811773470E+00,  2.61370000000007E+02,  6.70525180941677E+02,  1.22812794092135E+03
 2.00108333300000E+03, -6.67333348713167E-01, -5.51739845250000E-01, -6.87797030282458E+00,  2.61550000000007E+02,  7.12155898942118E+02,  1.40269320432093E+03
 2.00116666700000E+03, -7.35917379876544E-01, -8.54362236750000E-01, -6.83986563094888E+00,  2.61730000000007E+02,  4.99926729749467E+02,  1.32463907489598E+03
 2.00125000000000E+03, -6.39424157893790E-01, -1.04782256775000E+00, -6.80181623260053E+00,  2.61910000000007E+02,  4.71743637864618E+02,  1.61334658003163E+03
 2.00133333300000E+03, -5.79329990339174E-01, -1.03827768850000E+00, -6.76382421820377E+00,  2.62090000000007E+02,  6.32202456443003E+02,  1.90396898905554E+03
 2.00141666700000E+03, -7.57622071938801E-01, -9.39457739000000E-01, -6.72589167791963E+00,  2.62270000000007E+02,  6.56901590567650E+02,  2.96957652807880E+03
 2.00150000000000E+03, -1.19162318161555E+00, -7.83121746250000E-01, -6.68802068145438E+00,  2.62450000000007E+02,  7.16974339592140E+02,  3.36325102741204E+03
 2.00158333300000E+03, -1.00640860832358E+00, -5.19193131000000E-01, -6.65021327787084E+00,  2.62630000000007E+02,  6.91951126813712E+02,  3.89384367133136E+03
 2.00166666700000E+03,  2.77876595838550E-02, -2.30269592250000E-01,  2.18158519742469E+00,  2.62810000000007E+02,  6.99048424408124E+02,  3.88417907561474E+03
 2.00175000000000E+03,  5.34073576753683E-01, -8.40689235000000E-02,  2.14154044667556E+00,  2.62990000000007E+02,  5.40329763681491E+02,  3.60239009156279E+03
 2.00183333300000E+03,  3.32896662292887E-01, -1.32373110750000E-01,  2.10126029489234E+00,  2.63170000000007E+02,  5.85660393667839E+02,  2.93684600995665E+03
 2.00191666700000E+03,  1.22974515851363E-01, -2.36277078750000E-01,  2.06074720231978E+00,  2.63350000000007E+02,  7.96977320725696E+02,  2.49227849173715E+03
 2.00200000000000E+03,  4.90084482375735E-02, -3.36222347750000E-01,  2.02000365309953E+00,  2.63530000000007E+02,  8.87615884144613E+02,  2.20383941198834E+03
 2.00208333300000E+03,  1.26224222214106E-01, -4.23402069750000E-01,  1.97903215505615E+00,  2.63710000000007E+02,  8.79075571928275E+02,  2.21005077695708E+03
 2.00216666700000E+03,  2.34168393741848E-01, -3.21538967000000E-01,  1.93783523948047E+00,  2.63890000000007E+02,  9.16281056742809E+02,  2.55320273830523E+03
 2.00225000000000E+03,  2.50359094357493E-01,  3.81504097500000E-02,  1.89641546091021E+00,  2.64070000000007E+02,  8.02562833151254E+02,  1.94555762124571E+03
 2.00233333300000E+03,  1.71592354587518E-01,  4.13041083250000E-01,  1.85477539690797E+00,  2.64250000000008E+02,  7.10317119692950E+02,  1.75339518404832E+03
 2.00241666700000E+03,  8.97072506749419E-02,  6.57275099500000E-01,  1.81291764783651E+00,  2.64430000000008E+02,  4.57604647061165E+02,  1.37121094241630E+03
 2.00250000000000E+03,  6.06646705081513E-02,  9.88078498250000E-01,  1.77084483663146E+00,  2.64610000000008E+02,  5.21129106421104E+02,  1.08345208235946E+03
 2.00258333300000E+03,  4.66941959543162E-01,  1.52030118925000E+00,  1.72855960857134E+00,  2.64790000000008E+02,  4.91664969026661E+02,  8.94685603812269E+02
 2.00266666700000E+03,  1.24063911485305E+00,  2.00102942650000E+00,  3.88295611740504E+00,  2.64970000000008E+02,  5.43009083328964E+02,  1.07404416847090E+03
 2.00275000000000E+03,  1.49734037089588E+00,  2.20711737375000E+00,  3.86721464881463E+00,  2.65150000000008E+02,  2.87717496945248E+02,  8.43376924255233E+02
 2.00283333300000E+03,  1.27396729909301E+00,  2.13048426600000E+00,  3.85150202549864E+00,  2.65330000000008E+02,  2.28885431065077E+02,  1.24505115951900E+03
 2.00291666700000E+03,  1.12141356609626E+00,  1.81351373600000E+00,  3.83581691287577E+00,  2.65510000000008E+02,  1.61045183625937E+02,  1.23371306610111E+03
 2.00300000000000E+03,  1.11702195895004E+00,  1.34145752475000E+00,  3.82015796543605E+00,  2.65690000000008E+02,  1.58679403277864E+02,  1.13751211247118E+03
 2.00308333300000E+03,  1.18006365833444E+00,  9.10188603250000E-01,  3.80452382698990E+00,  2.65870000000008E+02,  1.41224106054644E+02,  9.24565778121527E+02
 2.00316666700000E+03,  1.16118403074819E+00,  7.70579885000000E-01,  3.78891313091885E+00,  2.66050000000008E+02,  2.26055684537437E+02,  8.81297194222138E+02
 2.00325000000000E+03,  1.00541812851911E+00,  9.26037569500000E-01,  3.77332450042765E+00,  2.66230000000008E+02,  4.83178095387328E+02,  6.60321286376200E+02
 2.00333333300000E+03,  8.18736388737832E-01,  1.04887174125000E+00,  3.75775654879778E+00,  2.66410000000008E+02,  4.84823243758048E+02,  5.12678025070573E+02
 2.00341666700000E+03,  7.61673780113877E-01,  1.00765541725000E+00,  3.74220787964245E+00,  2.66590000000008E+02,  8.08087574730825E+02,  9.04774999805799E+02
 2.00350000000000E+03,  8.77595530543432E-01,  8.85095247500000E-01,  3.72667708716283E+00,  2.66770000000008E+02,  9.61786288835418E+02,  1.11272967354985E+03
 2.00358333300000E+03,  9.12041162085710E-01,  6.48539040250000E-01,  3.71116275640576E+00,  2.66950000000008E+02,  1.23703564500663E+03,  1.41662336378762E+03
 2.00366666700000E+03,  7.58469932066312E-01,  4.11935867250000E-01,  4.64148018498782E+00,  2.67130000000008E+02,  1.10978251640579E+03,  1.32824976255760E+03
 2.00375000000000E+03,  7.09419116599484E-01,  3.92476491750000E-01,  4.63073653452321E+00,  2.67310000000008E+02,  1.31233007611842E+03,  1.37722560992558E+03
 2.00383333300000E+03,  7.93107341126095E-01,  5.39765290500000E-01,  4.61965294094445E+00,  2.67490000000008E+02,  9.97779495462184E+02,  1.03567598398430E+03
 2.00391666700000E+03,  8.48615586329410E-01,  6.77572336250000E-01,  4.60822909904075E+00,  2.67670000000008E+02,  9.64536050413657E+02,  1.33558594562080E+03
 2.00400000000000E+03,  8.48613627767841E-01,  7.47592539500000E-01,  4.59646473323642E+00,  2.67850000000008E+02,  7.27337780971994E+02,  1.88766829478696E+03
 2.00408333300000E+03,  7.89461615359659E-01,  7.07095639750000E-01,  4.58435959768843E+00,  2.68030000000008E+02,  7.83571411941071E+02,  1.72802285588459E+03
 2.00416666700000E+03,  6.93223147209835E-01,  5.66447539000000E-01,  4.57191347638076E+00,  2.68210000000008E+02,  5.76633775522610E+02,  1.94979050452819E+03
 2.00425000000000E+03,  5.88192240918285E-01,  4.84025659000000E-01,  4.55912618321540E+00,  2.68390000000008E+02,  6.09126413812270E+02,  1.76423193753670E+03
 2.00433333300000E+03,  4.88473183019865E-01,  4.50214764500000E-01,  4.54599756210009E+00,  2.68570000000008E+02,  4.43558921969730E+02,  1.31177745398268E+03
 2.00441666700000E+03,  3.93085802783571E-01,  2.60602636750000E-01,  4.53252748703273E+00,  2.68750000000008E+02,  3.31895455024324E+02,  8.95010420597250E+02
 2.00450000000000E+03,  3.04249800406287E-01, -6.48894762500000E-02,  4.51871586218246E+00,  2.68930000000008E+02,  2.24361899193146E+02,  1.38646634634836E+03
 2.00458333300000E+03,  3.76795901281303E-01, -2.39461357250000E-01,  4.50456262196739E+00,  2.69110000000008E+02,  2.41361147626424E+02,  1.15375995813180E+03
 2.00466666700000E+03,  5.57414032890960E-01, -7.10700392500000E-02, -1.01274770842685E+00,  2.69290000000008E+02,  2.21397753183258E+02,  1.41690712598278E+03
 2.00475000000000E+03,  5.28815255165122E-01,  3.60269661500000E-01, -1.03921079524995E+00,  2.69470000000008E+02,  2.00310006236614E+02,  1.87786553556147E+03
 2.00483333300000E+03,  4.15992536740847E-01,  8.56344373750000E-01, -1.06600749683675E+00,  2.69650000000008E+02,  2.38384169732367E+02,  2.22678093857248E+03
 2.00491666700000E+03,  4.51090611619963E-01,  1.24028578700000E+00, -1.09313666978575E+00,  2.69830000000008E+02,  5.07200507708153E+02,  2.08089240969164E+03
 2.00500000000000E+03,  5.90038961275653E-01,  1.44502428425000E+00, -1.12059713801802E+00,  2.70010000000008E+02,  6.40455599911731E+02,  3.92984937909890E+03
 2.00508333300000E+03,  7.45898159824002E-01,  1.43969451475000E+00, -1.14838769284051E+00,  2.70190000000008E+02,  6.22502243249337E+02,  3.78459493426783E+03
 2.00516666700000E+03,  8.24474495941676E-01,  1.13786282150000E+00, -1.17650709301314E+00,  2.70370000000008E+02,  8.19965510898143E+02,  4.08061698182942E+03
 2.00525000000000E+03,  7.57323306523511E-01,  6.33766104750000E-01, -1.20495406481966E+00,  2.70550000000008E+02,  8.65173298884073E+02,  3.41166807144250E+03
 2.00533333300000E+03,  5.27485317914316E-01,  9.97039002500000E-02, -1.23372730214239E+00,  2.70730000000008E+02,  6.89640365820859E+02,  3.28724323873627E+03
 2.00541666700000E+03,  1.83242770120986E-01, -4.65153749500000E-01, -1.26282546654068E+00,  2.70910000000008E+02,  6.16301215102761E+02,  1.42808581372522E+03
 2.00550000000000E+03, -1.71323123497895E-01, -8.60580865750000E-01, -1.29224718733319E+00,  2.71090000000008E+02,  7.22605026591574E+02,  1.64377697070019E+03
 2.00558333300000E+03,  2.25516698798939E-01, -6.66922788250000E-01, -1.32199106168393E+00,  2.71270000000008E+02,  5.39089379852019E+02,  9.53125733797638E+02
 2.00566666700000E+03,  1.25222423288946E+00,  3.46545237500000E-02, -5.57713254652995E+00,  2.71450000000008E+02,  5.42330173893932E+02,  1.23047631696963E+03
 2.00575000000000E+03,  1.49277556336163E+00,  6.13090430000000E-01, -5.62725599420256E+00,  2.71630000000008E+02,  5.86406675966074E+02,  1.17627918261865E+03
 2.00583333300000E+03,  1.25836366636588E+00,  6.56137898750000E-01, -5.67742000219992E+00,  2.71810000000008E+02,  7.04302960394428E+02,  1.93702337825765E+03
 2.00591666700000E+03,  1.33117375285596E+00,  3.59783588750000E-01, -5.72762093473290E+00,  2.71990000000008E+02,  6.07938650423434E+02,  1.76655661369935E+03
 2.00600000000000E+03,  1.34611206559239E+00,  2.01171527500000E-01, -5.77785514982979E+00,  2.72170000000008E+02,  8.54088399912283E+02,  2.00241221290239E+03
 2.00608333300000E+03,  1.04545431012853E+00,  3.94563128500000E-01, -5.82811899969295E+00,  2.72350000000008E+02,  8.47949867030904E+02,  1.68368614461577E+03
 2.00616666700000E+03,  6.23092990410733E-01,  6.84863339000000E-01, -5.87840883105634E+00,  2.72530000000008E+02,  8.41810755077678E+02,  1.78234612340953E+03
 2.00625000000000E+03,  4.00329821159774E-01,  6.41139859500000E-01, -5.92872098554366E+00,  2.72710000000008E+02,  8.18183959730628E+02,  1.06642187527394E+03
 2.00633333300000E+03,  3.26385491083891E-01,  2.49345963750000E-01, -5.97905180002728E+00,  2.72890000000008E+02,  1.18507490705614E+03,  2.63979905214974E+03
 2.00641666700000E+03,  5.53739174665373E-02, -1.67070900000000E-02, -6.02939760698761E+00,  2.73070000000008E+02,  1.14681352675946E+03,  2.73451760232028E+03
 2.00650000000000E+03, -5.09302910988087E-01,  4.51556000000000E-02, -6.07975473487328E+00,  2.73250000000008E+02,  1.05998928186131E+03,  3.56016508291173E+03
 2.00658333300000E+03, -5.58439752490807E-01,  1.79503409250000E-01, -6.13011950846165E+00,  2.73430000000008E+02,  9.18378805048491E+02,  3.34836883366374E+03
 2.00666666700000E+03,  5.10933813377809E-02,  2.25936174500000E-01,  2.89272619627377E+00,  2.73610000000008E+02,  7.20172100381528E+02,  3.34950822853604E+03
 2.00675000000000E+03,  1.85530265400159E-01,  1.82008082250000E-01,  2.85757321462015E+00,  2.73790000000008E+02,  4.72969625847585E+02,  2.08982495937873E+03
 2.00683333300000E+03, -4.41091259176807E-02,  7.76206402500000E-02,  2.82214299728980E+00,  2.73970000000008E+02,  3.90454000217445E+02,  1.68217302608908E+03
 2.00691666700000E+03,  1.06105606999557E-02,  4.64587307500000E-02,  2.78643751511425E+00,  2.74150000000008E+02,  5.14926711225433E+02,  8.25851629715166E+02
 2.00700000000000E+03,  1.68125172054718E-01,  1.62709826000000E-01,  2.75045876633092E+00,  2.74330000000008E+02,  6.24595680775065E+02,  1.09736064218072E+03
 2.00708333300000E+03,  1.91350817666014E-01,  3.52727238500000E-01,  2.71420877642498E+00,  2.74510000000008E+02,  6.62132757553479E+02,  1.38454453107008E+03
 2.00716666700000E+03,  7.83307374257696E-02,  5.56660454250000E-01,  2.67768959796795E+00,  2.74690000000008E+02,  6.47520679405489E+02,  1.11864199853291E+03
 2.00725000000000E+03, -4.27036405494813E-02,  6.32992866250000E-01,  2.64090331045333E+00,  2.74870000000008E+02,  6.25670825119579E+02,  1.49821350375534E+03
 2.00733333300000E+03, -1.71405269460728E-01,  2.97368412750000E-01,  2.60385202012904E+00,  2.75050000000008E+02,  4.98030423491228E+02,  1.48538388490719E+03
 2.00741666700000E+03, -4.03669074132767E-01, -4.44513753000000E-01,  2.56653785982687E+00,  2.75230000000008E+02,  4.07072944275598E+02,  1.43310276407596E+03
 2.00750000000000E+03, -6.77158899175709E-01, -1.05906333600000E+00,  2.52896298878890E+00,  2.75410000000008E+02,  4.46354838263602E+02,  1.07591468156820E+03
 2.00758333300000E+03, -7.37953911886652E-01, -1.17786309525000E+00,  2.49112959249078E+00,  2.75590000000008E+02,  3.58542733499223E+02,  1.13205492275632E+03
 2.00766666700000E+03, -6.77382191802039E-01, -1.13459624550000E+00,  5.26248581319518E+00,  2.75770000000008E+02,  6.45339703624563E+02,  2.39541446975919E+03
 2.00775000000000E+03, -8.47005549801638E-01, -1.19944635625000E+00,  5.24173143033514E+00,  2.75950000000008E+02,  7.08259954801571E+02,  2.71350807584221E+03
 2.00783333300000E+03, -1.12115216196732E+00, -1.18609433600000E+00,  5.22105928538855E+00,  2.76130000000008E+02,  6.87338413612060E+02,  3.02838744356293E+03
 2.00791666700000E+03, -1.21161893060676E+00, -1.13627000725000E+00,  5.20046946636337E+00,  2.76310000000008E+02,  6.01999582503512E+02,  3.60552415458203E+03
 2.00800000000000E+03, -1.07562292553515E+00, -1.23458858150000E+00,  5.17996203791199E+00,  2.76490000000008E+02,  7.19787233115290E+02,  3.49480558566362E+03
 2.00808333300000E+03, -7.95227239861157E-01, -1.35124024000000E+00,  5.15953704138511E+00,  2.76670000000008E+02,  5.99247056103040E+02,  1.92018991734781E+03
 2.00816666700000E+03, -5.27681106213230E-01, -1.32654081875000E+00,  5.13919449488911E+00,  2.76850000000008E+02,  8.67223725972361E+02,  1.55669938254681E+03
 2.00825000000000E+03, -4.03807758402601E-01, -1.19720117275000E+00,  5.11893439334642E+00,  2.77030000000008E+02,  9.22578597841480E+02,  9.52157704166812E+02
 2.00833333300000E+03, -4.46649277753932E-01, -1.09753995625000E+00,  5.09875670855926E+00,  2.77210000000008E+02,  1.00088600877916E+03,  6.67205056946859E+02
 2.00841666700000E+03, -5.71491307647035E-01, -1.09850696150000E+00,  5.07866138927652E+00,  2.77390000000008E+02,  1.06352736372001E+03,  1.82940659619703E+03
 2.00850000000000E+03, -6.66869530017791E-01, -1.12156077375000E+00,  5.05864836126389E+00,  2.77570000000008E+02,  1.04330502851569E+03,  3.38203575785894E+03
 2.00858333300000E+03, -8.48128546549070E-01, -1.12730606875000E+00,  5.03871752737711E+00,  2.77750000000008E+02,  9.08881019106540E+02,  3.53408227373904E+03
 2.00866666700000E+03, -1.12191370088160E+00, -1.18722514350000E+00, -1.86906441791098E+00,  2.77930000000008E+02,  8.48002967421737E+02,  4.27874606967804E+03
 2.00875000000000E+03, -1.26429407864715E+00, -1.28699769775000E+00, -1.91842246324449E+00,  2.78110000000008E+02,  7.75646200623592E+02,  4.20168727163285E+03
 2.00883333300000E+03, -1.39517171156104E+00, -1.37120850250000E+00, -1.96774082868709E+00,  2.78290000000008E+02,  5.87976631931689E+02,  3.01320027396772E+03
 2.00891666700000E+03, -1.50160780250649E+00, -1.41537359000000E+00, -2.01701600043511E+00,  2.78470000000008E+02,  4.07584002003184E+02,  1.42920841849760E+03
 2.00900000000000E+03, -1.28448968399970E+00, -1.25650048825000E+00, -2.06624446640900E+00,  2.78650000000008E+02,  2.81320475965762E+02,  1.28262928476825E+03
 2.00908333300000E+03, -8.03202423850541E-01, -8.20453636000000E-01, -2.11542271658859E+00,  2.78830000000008E+02,  3.39470251899201E+02,  8.38719888598817E+02
 2.00916666700000E+03, -4.27761762175665E-01, -3.65247128000000E-01, -2.16454724334817E+00,  2.79010000000008E+02,  3.90106630356177E+02,  7.93431324971711E+02
 2.00925000000000E+03, -3.53035178244954E-01, -2.68696807500000E-02, -2.21361454179142E+00,  2.79190000000008E+02,  3.96797858197165E+02,  2.03336573939163E+03
 2.00933333300000E+03, -3.62041078684067E-01,  3.26744542250000E-01, -2.26262111008602E+00,  2.79370000000008E+02,  4.57987561729102E+02,  3.28391758539160E+03
 2.00941666700000E+03, -1.67615361740218E-01,  5.67413078500000E-01, -2.31156344979806E+00,  2.79550000000008E+02,  6.88038624095498E+02,  3.34831121451872E+03
 2.00950000000000E+03,  1.63028452574417E-01,  4.37031590750000E-01, -2.36043806622604E+00,  2.79730000000008E+02,  6.05510530509502E+02,  3.12118697446975E+03
 2.00958333300000E+03,  4.57803417006332E-02,  1.91921277500000E-01, -2.40924146873457E+00,  2.79910000000008E+02,  6.05477745803779E+02,  3.55346658494193E+03
 2.00966666700000E+03, -5.01419524392563E-01,  2.98161826750000E-01,  3.50811950707586E+00,  2.80090000000008E+02,  7.95395970572594E+02,  2.19134866638768E+03
 2.00975000000000E+03, -6.90561050347026E-01,  7.01040616250000E-01,  3.47859815945694E+00,  2.80270000000008E+02,  9.10463208121274E+02,  9.66073827349315E+02
 2.00983333300000E+03, -5.75210421209164E-01,  9.99614068750000E-01,  3.44876740107377E+00,  2.80450000000008E+02,  6.12156505501676E+02,  9.02099460797456E+02
 2.00991666700000E+03, -4.82033426448931E-01,  1.02724771150000E+00,  3.41862865362344E+00,  2.80630000000008E+02,  7.56507895982915E+02,  8.45457031528446E+02
 2.01000000000000E+03, -3.24420432570853E-01,  8.48498014250000E-01,  3.38818336861106E+00,  2.80810000000008E+02,  7.07464436221849E+02,  7.58937776194340E+02
 2.01008333300000E+03, -1.88097832755141E-01,  4.41138895500000E-01,  3.35743302725388E+00,  2.80990000000008E+02,  6.41245280759897E+02,  7.87026295524795E+02
 2.01016666700000E+03, -2.64033482819108E-01, -2.14370365750000E-01,  3.32637914038193E+00,  2.81170000000008E+02,  4.12723057387295E+02,  6.74210540536813E+02
 2.01025000000000E+03, -5.38541118780418E-01, -8.84181488250000E-01,  3.29502324833542E+00,  2.81350000000008E+02,  5.03633893771638E+02,  9.40992999697151E+02
 2.01033333300000E+03, -7.11412343088969E-01, -1.26597118400000E+00,  3.26336692085863E+00,  2.81530000000008E+02,  3.75862206621986E+02,  1.04507978487507E+03
 2.01041666700000E+03, -5.24537553171490E-01, -1.27277096100000E+00,  3.23141175699066E+00,  2.81710000000008E+02,  4.25026937491738E+02,  7.36743619673295E+02
 2.01050000000000E+03, -9.45873235780189E-02, -1.10880678150000E+00,  3.19915938495262E+00,  2.81890000000008E+02,  5.54307662303759E+02,  7.43408578464096E+02
 2.01058333300000E+03,  6.16981743453370E-02, -1.11516421100000E+00,  3.16661146203170E+00,  2.82070000000008E+02,  5.46708691608697E+02,  2.04008032375703E+03
 2.01066666700000E+03, -1.88522671722175E-01, -1.28114991800000E+00,  9.56554404862603E+00,  2.82250000000008E+02,  4.64038004191684E+02,  1.94976421520841E+03
 2.01075000000000E+03, -3.39275141528647E-01, -1.25921280700000E+00,  9.55904141144724E+00,  2.82430000000008E+02,  4.80180106763634E+02,  2.18801429744185E+03
 2.01083333300000E+03, -2.49685489452389E-01, -9.81381222750000E-01,  9.55225468221772E+00,  2.82610000000008E+02,  5.53969442354171E+02,  2.06614932944383E+03
 2.01091666700000E+03, -1.36710213079683E-01, -6.95278247750000E-01,  9.54518563460203E+00,  2.82790000000008E+02,  3.64996849350493E+02,  2.02240176260580E+03
 2.01100000000000E+03, -1.07870924536395E-01, -5.97129490750000E-01,  9.53783606157052E+00,  2.82970000000008E+02,  3.66134535190472E+02,  8.21435346080519E+02
 2.01108333300000E+03, -2.06009440698480E-01, -7.76065655750000E-01,  9.53020777513332E+00,  2.83150000000008E+02,  4.07825048163801E+02,  1.20793945445415E+03
 2.01116666700000E+03, -3.82211378854975E-01, -1.19086146025000E+00,  9.52230260607265E+00,  2.83330000000008E+02,  3.80151447084368E+02,  1.46787496820909E+03
 2.01125000000000E+03, -5.32285309353843E-01, -1.58779501925000E+00,  9.51412240367320E+00,  2.83510000000008E+02,  3.68090718158389E+02,  2.83867999449939E+03
 2.01133333300000E+03, -5.69065242881464E-01, -1.71297187925000E+00,  9.50566903545085E+00,  2.83690000000008E+02,  4.08370315022620E+02,  2.88082354032120E+03
 2.01141666700000E+03, -4.78840913009782E-01, -1.65684229575000E+00,  9.49694438687957E+00,  2.83870000000008E+02,  4.45996130617808E+02,  2.98127173686322E+03
 2.01150000000000E+03, -3.24814544680362E-01, -1.75021127400000E+00,  9.48795036111671E+00,  2.84050000000008E+02,  4.03605033931281E+02,  2.43400804536876E+03
 2.01158333300000E+03, -2.41974694473081E-01, -1.99656351275000E+00,  9.47868887872658E+00,  2.84230000000008E+02,  4.92527114314941E+02,  1.84219334558395E+03
 2.01166666700000E+03, -2.98776373703443E-01, -2.01854206750000E+00, -2.20265900992116E+00,  2.84410000000008E+02,  3.72575208748022E+02,  4.60885374852353E+02
 2.01175000000000E+03, -3.91639734978547E-01, -1.70999177425000E+00, -2.21623821490206E+00,  2.84590000000008E+02,  3.17368157264245E+02,  8.81299200107626E+02
 2.01183333300000E+03, -4.35726951521935E-01, -1.31517091875000E+00, -2.22946224165548E+00,  2.84770000000008E+02,  3.55475001746973E+02,  7.49071225707938E+02
 2.01191666700000E+03, -4.42509354093250E-01, -9.96077258000000E-01, -2.24232943631999E+00,  2.84950000000008E+02,  6.83167120723312E+02,  1.96209133916390E+03
 2.01200000000000E+03, -4.32676490837672E-01, -8.67414723500000E-01, -2.25483817219438E+00,  2.85130000000008E+02,  6.33857162702455E+02,  2.11546595306892E+03
 2.01208333300000E+03, -4.12159398486283E-01, -1.00247682875000E+00, -2.26698684995615E+00,  2.85310000000008E+02,  7.43298996545374E+02,  2.05266004743001E+03
 2.01216666700000E+03, -3.69035874592427E-01, -1.25967961600000E+00, -2.27877389787714E+00,  2.85490000000008E+02,  7.19701596422485E+02,  2.44314526581070E+03
 2.01225000000000E+03, -2.91114598510868E-01, -1.47933250575000E+00, -2.29019777203617E+00,  2.85670000000008E+02,  6.14769898162323E+02,  2.39350285196504E+03
 2.01233333300000E+03, -1.84017594439881E-01, -1.55484945075000E+00, -2.30125695652887E+00,  2.85850000000008E+02,  3.30330465462268E+02,  1.28483210258436E+03
 2.01241666700000E+03, -6.96159336806396E-02, -1.29738137575000E+00, -2.31194996367434E+00,  2.86030000000008E+02,  5.69404729323319E+02,  1.64849970859428E+03
 2.01250000000000E+03,  3.45811894095245E-02, -7.99024187250000E-01, -2.32227533421897E+00,  2.86210000000008E+02,  5.49183226772234E+02,  1.89483812348360E+03
 2.01258333300000E+03,  6.82137722975130E-02, -5.46568301250000E-01, -2.33223163753713E+00,  2.86390000000008E+02,  4.96656700555355E+02,  1.40014707422256E+03
 2.01266666700000E+03, -6.75301801062768E-02, -6.52800856250000E-01,  7.04672074432217E+00,  2.86570000000008E+02,  6.36563684955847E+02,  1.54383987317688E+03
 2.01275000000000E+03, -3.08476272315100E-01, -7.71209928500000E-01,  7.08666235698862E+00,  2.86750000000008E+02,  5.83393597965244E+02,  1.60754904107366E+03
 2.01283333300000E+03, -4.20616678802797E-01, -7.47457894750000E-01,  7.12635541899786E+00,  2.86930000000008E+02,  3.25514717438546E+02,  1.35431923099612E+03
 2.01291666700000E+03, -2.83722771212877E-01, -5.68736379500000E-01,  7.16579752130441E+00,  2.87110000000008E+02,  3.93113014766987E+02,  1.27004264096035E+03
 2.01300000000000E+03, -2.04559313345820E-02, -2.94775669500000E-01,  7.20498628118082E+00,  2.87290000000008E+02,  5.73762677917393E+02,  1.30615867620577E+03
 2.01308333300000E+03,  1.44004945599400E-01, -2.21439334000000E-01,  7.24391934241681E+00,  2.87470000000008E+02,  4.40902361204953E+02,  1.38645312260111E+03
 2.01316666700000E+03,  9.92736006159673E-02, -4.61953504750000E-01,  7.28259437551517E+00,  2.87650000000008E+02,  4.96622007892069E+02,  1.20352774476009E+03
 2.01325000000000E+03, -5.37919604495299E-02, -7.08522510750000E-01,  7.32100907788462E+00,  2.87830000000008E+02,  4.67955536156197E+02,  1.29066872031210E+03
 2.01333333300000E+03, -1.08011007400400E-01, -7.33229716750000E-01,  7.35916117402933E+00,  2.88010000000008E+02,  3.29559542312278E+02,  1.66829859556820E+03
 2.01341666700000E+03,  5.38454986102280E-02, -6.61522725000000E-01,  7.39704841573534E+00,  2.88190000000008E+02,  1.65358047508471E+02,  1.47910765539715E+03
 2.01350000000000E+03,  3.55279696260009E-01, -6.17673820250000E-01,  7.43466858225379E+00,  2.88370000000008E+02,  2.76657481310796E+02,  1.35455869371392E+03
 2.01358333300000E+03,  4.27504064745232E-01, -5.41984681750000E-01,  7.47201948048077E+00,  2.88550000000008E+02,  2.36052917778004E+02,  1.86465106512205E+03
 2.01366666700000E+03,  1.32720602890743E-01, -3.76773942250000E-01,  9.59531412919713E+00,  2.88730000000008E+02,  2.05701072000319E+02,  1.64543888112540E+03
 2.01375000000000E+03, -1.13771293259253E-01, -7.35499742500000E-02,  9.60016536960499E+00,  2.88910000000008E+02,  6.25402926824223E+02,  1.64586405565878E+03
 2.01383333300000E+03, -1.05683774693559E-01,  4.14240320250000E-01,  9.60468324725039E+00,  2.89090000000008E+02,  6.48766516441135E+02,  2.73670372986175E+03
 2.01391666700000E+03,  7.72420221352017E-02,  9.79579069250000E-01,  9.60886867121927E+00,  2.89270000000008E+02,  6.42789565979327E+02,  2.64774581813026E+03
 2.01400000000000E+03,  3.33323344943883E-01,  1.36001538775000E+00,  9.61272257805262E+00,  2.89450000000008E+02,  6.45135547503830E+02,  2.18283996780373E+03
 2.01408333300000E+03,  4.95265840843176E-01,  1.33357283250000E+00,  9.61624593156857E+00,  2.89630000000008E+02,  6.94107013445591E+02,  2.17894274906682E+03
 2.01416666700000E+03,  4.85649945757686E-01,  1.05790389750000E+00,  9.61943972268163E+00,  2.89810000000008E+02,  2.72354923650605E+02,  2.18088864140707E+03
 2.01425000000000E+03,  3.80155192038272E-01,  9.41687043750000E-01,  9.62230496921901E+00,  2.89990000000008E+02,  3.39289031438072E+02,  1.83681745852881E+03
 2.01433333300000E+03,  3.27232910335056E-01,  1.09121500450000E+00,  9.62484271573402E+00,  2.90170000000008E+02,  4.59574765728021E+02,  2.15591688875480E+03
 2.01441666700000E+03,  4.08384127290803E-01,  1.38124692050000E+00,  9.62705403331676E+00,  2.90350000000008E+02,  5.19472078729960E+02,  2.99238412284872E+03
 2.01450000000000E+03,  5.69675121099009E-01,  1.73139195275000E+00,  9.62894001940183E+00,  2.90530000000008E+02,  8.24587162239730E+02,  6.99557420559353E+03
 2.01458333300000E+03,  7.57699033323173E-01,  2.06895868800000E+00,  9.63050179757341E+00,  2.90710000000009E+02,  8.67578568668318E+02,  6.44386429892565E+03
 2.01466666700000E+03,  9.93535761099633E-01,  2.32336841075000E+00,  1.39241421667057E+00,  2.90890000000009E+02,  8.28494335340570E+02,  5.83287630947048E+03
 2.01475000000000E+03,  1.17647230190621E+00,  2.46536615875000E+00,  1.43947143203370E+00,  2.91070000000009E+02,  6.67378676611579E+02,  6.79020946075600E+03
 2.01483333300000E+03,  1.12838024364132E+00,  2.49159175675000E+00,  1.48667551229787E+00,  2.91250000000009E+02,  6.17043387935127E+02,  5.90600207585651E+03
 2.01491666700000E+03,  9.12720556067810E-01,  2.31878274350000E+00,  1.53402298843396E+00,  2.91430000000009E+02,  3.16542224875303E+02,  1.86288097432957E+03
 2.01500000000000E+03,  8.34674919815478E-01,  1.94904566325000E+00,  1.58151038036483E+00,  2.91610000000009E+02,  7.30524418649366E+02,  3.18318020001429E+03
 2.01508333300000E+03,  1.05366337425363E+00,  1.67890805775000E+00,  1.62913419730685E+00,  2.91790000000009E+02,  8.04037145054631E+02,  3.12282492193428E+03
 2.01516666700000E+03,  1.34816678171781E+00,  1.70329047025000E+00,  1.67689093811259E+00,  2.91970000000009E+02,  8.69944813713721E+02,  2.12826398658463E+03
 2.01525000000000E+03,  1.38695588423691E+00,  1.82062341150000E+00,  1.72477709161436E+00,  2.92150000000009E+02,  1.01121557601327E+03,  2.23149332808784E+03
 2.01533333300000E+03,  1.15101957157194E+00,  1.84784705650000E+00,  1.77278913696904E+00,  2.92330000000009E+02,  9.89399309147787E+02,  2.69566775593705E+03
 2.01541666700000E+03,  9.36462215805149E-01,  1.79993629675000E+00,  1.82092354400364E+00,  2.92510000000009E+02,  6.27182587873953E+02,  1.50390118507017E+03
 2.01550000000000E+03,  9.36872823636763E-01,  1.61770551475000E+00,  1.86917677356195E+00,  2.92690000000009E+02,  6.37112838363746E+02,  1.86256646277793E+03
 2.01558333300000E+03,  1.28484992077875E+00,  1.35676420900000E+00,  1.91754527785199E+00,  2.92870000000009E+02,  5.41042199037412E+02,  1.59748329403789E+03
 2.01566666700000E+03,  1.88459586716003E+00,  1.35730623200000E+00,  3.90797213019212E+00,  2.93050000000009E+02,  3.97803261254355E+02,  1.55799979722773E+03
 2.01575000000000E+03,  2.23376985117840E+00,  1.79146278200000E+00,  3.89218222834188E+00,  2.93230000000009E+02,  4.17849881029721E+02,  1.17824162050693E+03
 2.01583333300000E+03,  2.19205660759973E+00,  2.41567545425000E+00,  3.87642326436972E+00,  2.93410000000009E+02,  4.03869962702997E+02,  1.13942031161448E+03
 2.01591666700000E+03,  1.98410999427676E+00,  2.84321209200000E+00,  3.86069392152555E+00,  2.93590000000009E+02,  2.46370427643094E+02,  8.66955148258066E+02
 2.01600000000000E+03,  1.82051043109392E+00,  2.84575939275000E+00,  3.84499287173874E+00,  2.93770000000009E+02,  2.20592603069313E+02,  1.50916619408852E+03
 2.01608333300000E+03,  1.82153807347725E+00,  2.45923179350000E+00,  3.82931877586484E+00,  2.93950000000009E+02,  2.96428170537937E+02,  1.44008355413074E+03
 2.01616666700000E+03,  1.84926581846980E+00,  1.90924780075000E+00,  3.81367028393384E+00,  2.94130000000009E+02,  9.39705700149269E+02,  1.37474213498550E+03
 2.01625000000000E+03,  1.69254143116717E+00,  1.38504868350000E+00,  3.79804603539997E+00,  2.94310000000009E+02,  8.45714375989526E+02,  1.27538301142968E+03
 2.01633333300000E+03,  1.35830386606178E+00,  9.28506706500000E-01,  3.78244465939292E+00,  2.94490000000009E+02,  9.68883655986084E+02,  1.09965301183122E+03
 2.01641666700000E+03,  1.07059833031016E+00,  6.57776312750000E-01,  3.76686477497061E+00,  2.94670000000009E+02,  1.06125528682414E+03,  5.86067652114881E+02
 2.01650000000000E+03,  9.76612223134536E-01,  7.50063885000000E-01,  3.75130499137327E+00,  2.94850000000009E+02,  1.21416988598181E+03,  8.41107295387218E+02
 2.01658333300000E+03,  1.05541924937927E+00,  1.00461442100000E+00,  3.73576390827900E+00,  2.95030000000009E+02,  5.55053544035478E+02,  7.51000228970129E+02
 2.01666666700000E+03,  1.13585326648201E+00,  1.05207589450000E+00,  7.55397078036515E+00,  2.95210000000009E+02,  5.76949434936166E+02,  8.31801701300914E+02
 2.01675000000000E+03,  1.09492002151972E+00,  9.81656336750000E-01,  7.59044002218535E+00,  2.95390000000009E+02,  4.50568698561086E+02,  1.29488362893438E+03
 2.01683333300000E+03,  1.11889815694674E+00,  1.05537462225000E+00,  7.62663104896386E+00,  2.95570000000009E+02,  5.07576095199166E+02,  1.21292336703098E+03
 2.01691666700000E+03,  1.31342886609585E+00,  1.20460665975000E+00,  7.66254181470093E+00,  2.95750000000009E+02,  2.60553609347194E+02,  1.48034687091088E+03
 2.01700000000000E+03,  1.50464794108902E+00,  1.24336854700000E+00,  7.69817030208712E+00,  2.95930000000009E+02,  2.37547281449012E+02,  1.47829937602506E+03
 2.01708333300000E+03,  1.51133157624982E+00,  1.09901351050000E+00,  7.73351452265926E+00,  2.96110000000009E+02,  3.22559270002409E+02,  1.77382172946878E+03
 2.01716666700000E+03,  1.28714499610554E+00,  7.98474755000000E-01,  7.76857251695306E+00,  2.96290000000009E+02,  3.23216997719524E+02,  2.22530891633245E+03
 2.01725000000000E+03,  9.47585640873313E-01,  5.19022307750000E-01,  7.80334235465235E+00,  2.96470000000009E+02,  1.90358072500225E+02,  2.16117313549322E+03
 2.01733333300000E+03,  6.73443146948971E-01,  4.25969253250000E-01,  7.83782213473483E+00,  2.96650000000009E+02,  2.62586028148833E+02,  2.68714138249975E+03
 2.01741666700000E+03,  5.77795698418789E-01,  4.03112360500000E-01,  7.87200998561445E+00,  2.96830000000009E+02,  3.03573272078242E+02,  2.97505814699962E+03
 2.01750000000000E+03,  6.38790807299075E-01,  3.27717826000000E-01,  7.90590406528036E+00,  2.97010000000009E+02,  2.56227989036247E+02,  2.72852825274957E+03
 2.01758333300000E+03,  7.85217276212662E-01,  3.61618740000000E-01,  7.93950256143228E+00,  2.97190000000009E+02,  2.64854124723686E+02,  1.68373178926060E+03
 2.01766666700000E+03,  8.85350393841020E-01,  5.69567692000000E-01, -2.44871550527654E+00,  2.97370000000009E+02,  2.63968331152880E+02,  1.81983930008114E+03
 2.01775000000000E+03,  8.65476060215711E-01,  6.94260921500000E-01, -2.44584909057770E+00,  2.97550000000009E+02,  3.67812227650982E+02,  8.04888977854488E+02
 2.01783333300000E+03,  9.04450602032197E-01,  5.79499945000000E-01, -2.44258318921670E+00,  2.97730000000009E+02,  3.45204488149883E+02,  5.82792050283663E+02
 2.01791666700000E+03,  1.09850858029723E+00,  4.07059954500000E-01, -2.43891747704700E+00,  2.97910000000009E+02,  4.86997069767805E+02,  5.49938362370977E+02
 2.01800000000000E+03,  1.31274576899853E+00,  3.41702214750000E-01, -2.43485166358080E+00,  2.98090000000009E+02,  5.72263176072160E+02,  7.19593427232163E+02
 2.01808333300000E+03,  1.40807415762901E+00,  3.35712490750000E-01, -2.43038549206287E+00,  2.98270000000009E+02,  5.87733591677844E+02,  6.76228508948780E+02
 2.01816666700000E+03,  1.34416417025114E+00,  3.95187593250000E-01, -2.42551873954062E+00,  2.98450000000009E+02,  4.45622532813667E+02,  9.99599198397457E+02
 2.01825000000000E+03,  1.19482848696713E+00,  5.42009604250000E-01, -2.42025121693049E+00,  2.98630000000009E+02,  5.11258020255561E+02,  8.88172136159408E+02
 2.01833333300000E+03,  1.07568604138120E+00,  6.14977471000000E-01, -2.41458276908057E+00,  2.98810000000009E+02,  3.54564111702578E+02,  1.19555396097900E+03
 2.01841666700000E+03,  1.05157193115187E+00,  5.06981240000000E-01, -2.40851327482952E+00,  2.98990000000009E+02,  3.15713504755390E+02,  1.16492289630985E+03
 2.01850000000000E+03,  1.09598443857737E+00,  3.35335720750000E-01, -2.40204264706171E+00,  2.99170000000009E+02,  3.02979617324891E+02,  1.97758599928774E+03
 2.01858333300000E+03,  9.92541502536009E-01,  2.83697517500000E-01, -2.39517083275865E+00,  2.99350000000009E+02,  3.17341958738132E+02,  1.63727087881733E+03
 2.01866666700000E+03,  7.82380486424845E-01,  3.58878262250000E-01,  6.42574159913585E+00,  2.99530000000009E+02,  3.41258393502290E+02,  1.64133534703787E+03
 2.01875000000000E+03,  8.51643376016607E-01,  4.29436034000000E-01,  6.46907516395862E+00,  2.99710000000009E+02,  3.31277199034710E+02,  1.25704067312126E+03
 2.01883333300000E+03,  1.06668432744506E+00,  5.48401753000000E-01,  6.51219892596921E+00,  2.99890000000009E+02,  3.38180884721400E+02,  1.76764543393225E+03
 2.01891666700000E+03,  1.05009653095104E+00,  8.14482816250000E-01,  6.55511011060061E+00,  3.00070000000009E+02,  3.50813882140283E+02,  9.83371379271351E+02
 2.01900000000000E+03,  8.19212676942761E-01,  1.06183190925000E+00,  6.59780596629123E+00,  3.00250000000009E+02,  3.52640686426050E+02,  9.47460348304079E+02
 2.01908333300000E+03,  6.19705849098087E-01,  1.12071580000000E+00,  6.64028376472791E+00,  3.00430000000009E+02,  3.50226989447903E+02,  9.60842869798871E+02
 2.01916666700000E+03,  6.33039138179225E-01,  1.07201322250000E+00,  6.68254080108617E+00,  3.00610000000009E+02,  5.50304002747325E+02,  9.43975719156831E+02
 2.01925000000000E+03,  7.75299826540475E-01,  1.00913858100000E+00,  6.72457439426769E+00,  3.00790000000009E+02,  9.51334502601693E+02,  4.56089336192295E+02
 2.01933333300000E+03,  8.00163909669564E-01,  8.55784338750000E-01,  6.76638188713486E+00,  3.00970000000009E+02,  9.59059494893503E+02,  3.88254802241438E+02
 2.01941666700000E+03,  5.79119463756151E-01,  5.60803831000000E-01,  6.80796064674259E+00,  3.01150000000009E+02,  1.06636736387523E+03,  9.35544610026857E+02
 2.01950000000000E+03,  2.50139778458675E-01,  3.30925698500000E-01,  6.84930806456709E+00,  3.01330000000009E+02,  1.11294835497937E+03,  1.73053199701577E+03
 2.01958333300000E+03, -4.40506539016582E-02,  3.42245432750000E-01,  6.89042155673184E+00,  3.01510000000009E+02,  9.88576142215849E+02,  2.10799709570858E+03
 2.01966666700000E+03, -2.23573969979843E-01,  3.09765315500000E-01,  4.79028609644824E+00,  3.01690000000009E+02,  5.91618158996772E+02,  2.04517819155707E+03
 2.01975000000000E+03, -1.76339564328767E-01,  1.34813400000000E-03,  4.78663973285006E+00,  3.01870000000009E+02,  1.00575011999041E+03,  2.54001178808872E+03
 2.01983333300000E+03, -4.65595507698717E-02, -3.16747627750000E-01,  4.78266669971394E+00,  3.02050000000009E+02,  9.54442649016229E+02,  2.72213056787983E+03
 2.01991666700000E+03, -7.83791812590084E-02, -3.89620161750000E-01,  4.77836609109738E+00,  3.02230000000009E+02,  8.19559716970611E+02,  2.03033152468774E+03
 2.02000000000000E+03, -2.67955316772050E-01, -2.44896335750000E-01,  4.77373702787360E+00,  3.02410000000009E+02,  1.10083268431465E+03,  2.09446499273190E+03
 2.02008333300000E+03, -4.43452700113084E-01, -1.03067994500000E-01,  4.76877865789499E+00,  3.02590000000009E+02,  1.32139201836012E+03,  2.97485593883632E+03
 2.02016666700000E+03, -4.72011120359860E-01, -1.78004116750000E-01,  4.76349015615357E+00,  3.02770000000009E+02,  8.47829340660545E+02,  2.89440323973860E+03
 2.02025000000000E+03, -4.07871408446673E-01, -3.89149095750000E-01,  4.75787072493855E+00,  3.02950000000009E+02,  7.70052242510529E+02,  2.45276276762539E+03
 2.02033333300000E+03, -4.24550711263064E-01, -4.96123807250000E-01,  4.75191959399098E+00,  3.03130000000009E+02,  7.37532603851786E+02,  2.97526952294364E+03
 2.02041666700000E+03, -6.15407051131649E-01, -4.62965050500000E-01,  4.74563602065536E+00,  3.03310000000009E+02,  3.45116434611630E+02,  2.73675981052991E+03
 2.02050000000000E+03, -8.82278506727930E-01, -4.87728913750000E-01,  4.73901929002832E+00,  3.03490000000009E+02,  1.66061261650889E+02,  2.01834618679211E+03
 2.02058333300000E+03, -9.10608076024426E-01, -5.91467928750000E-01,  4.73206871510422E+00,  3.03670000000009E+02,  2.42900071837300E+02,  1.63154605270921E+03
 2.02066666700000E+03, -6.93975045399374E-01, -5.79021057500000E-01,  5.06974392460119E+00,  3.03850000000009E+02,  2.26816278321948E+02,  1.48259517558614E+03
 2.02075000000000E+03, -6.31772881415936E-01, -5.26325751500000E-01,  5.04976749253345E+00,  3.04030000000009E+02,  2.65290847713070E+02,  1.21006489908219E+03
 2.02083333300000E+03, -7.42345431161902E-01, -6.43273664250000E-01,  5.02987320400753E+00,  3.04210000000009E+02,  3.34332868443256E+02,  1.39746638853440E+03
 2.02091666700000E+03, -8.53617807391684E-01, -8.69843535250000E-01,  5.01006092890859E+00,  3.04390000000009E+02,  3.35880301441211E+02,  1.61389375065372E+03
 2.02100000000000E+03, -9.58521177951076E-01, -1.05603253400000E+00,  4.99033051440445E+00,  3.04570000000009E+02,  2.65065201905584E+02,  1.96043718464222E+03
 2.02108333300000E+03, -1.03582169195909E+00, -1.13739962250000E+00,  4.97068178502980E+00,  3.04750000000009E+02,  5.85463896234613E+02,  2.16687264150194E+03
 2.02116666700000E+03, -1.05559230491793E+00, -1.05263151225000E+00,  4.95111454277358E+00,  3.04930000000009E+02,  5.79908342709720E+02,  2.51811401436635E+03
 2.02125000000000E+03, -1.00216597581735E+00, -8.35712487250000E-01,  4.93162856716937E+00,  3.05110000000009E+02,  6.06668363708583E+02,  2.43872512851439E+03
 2.02133333300000E+03, -8.93086963275574E-01, -6.74442003750000E-01,  4.91222361538904E+00,  3.05290000000009E+02,  8.65745154176450E+02,  1.96611295930307E+03
 2.02141666700000E+03, -7.73878845833669E-01, -5.54317696750000E-01,  4.89289942233937E+00,  3.05470000000009E+02,  8.87388224642468E+02,  1.55108546211359E+03
 2.02150000000000E+03, -6.90384639325224E-01, -3.10979309250000E-01,  4.87365570076184E+00,  3.05650000000009E+02,  5.74562792510887E+02,  1.40462195917176E+03
 2.02158333300000E+03, -5.02847627656796E-01, -7.46427277500000E-02,  4.85449214133544E+00,  3.05830000000009E+02,  5.62905638660294E+02,  7.57775622725912E+02
 2.02166666700000E+03, -1.71808629208031E-01, -1.10000000000000E-01,  4.61201609304115E+00,  3.06010000000009E+02,  5.30579834184944E+02,  4.60931274111791E+02
 2.02175000000000E+03, -8.24428322042241E-03, -4.63750000000000E-01,  4.57858731333663E+00,  3.06190000000009E+02,  1.88451843304323E+02,  7.98045573188772E+02
 2.02183333300000E+03, -8.24881171094695E-02, -8.27500000000000E-01,  4.54502520419637E+00,  3.06370000000009E+02,  1.75005642340042E+02,  1.16295322677802E+03
 2.02191666700000E+03, -1.98297129289604E-01, -8.85000000000000E-01,  4.51133077148394E+00,  3.06550000000009E+02,  3.01936960962901E+02,  1.01366090993039E+03
 2.02200000000000E+03, -2.11921103718895E-01, -7.82500000000000E-01,  4.47750504754247E+00,  3.06730000000009E+02,  7.19599966811738E+01,  2.05600786490185E+03
 2.02208333300000E+03, -8.39814678595261E-02, -7.60000000000000E-01,  4.44354909114550E+00,  3.06910000000009E+02,  7.92433982378291E+02,  3.45075446558813E+02
