 1.88000000000000E+03,  2.26778402434837E-02, -1.11478000000000E-01,  1.27100335286596E+00,  1.00000000000000E-02,  3.02777716612695E+03,  6.09550644014721E+03
 1.88008333300000E+03,  2.82541689897502E-02, -1.67496500000000E-01,  1.29444383681293E+00,  1.90000000000000E-01,  1.13305737932828E+03,  5.63311918069928E+02
 1.88016666700000E+03,  3.41555245978285E-02, -1.47459750000000E-01,  1.31831186357493E+00,  3.70000000000000E-01,  2.30622803041871E+03,  2.88691606059849E+03
 1.88025000000000E+03,  3.59298753091747E-02, -1.27995000000000E-01,  1.34224333750998E+00,  5.50000000000000E-01,  1.89036962060059E+03,  2.16451219990143E+03
 1.88033333300000E+03,  3.66315714052938E-02, -1.27905375000000E-01,  1.36623695607034E+00,  7.30000000000000E-01,  1.71341539737685E+03,  2.42654179297294E+03
 1.88041666700000E+03,  4.66882251944878E-02, -1.51577000000000E-01,  1.39029139385589E+00,  9.10000000000000E-01,  1.88024813582333E+03,  2.84276300149009E+03
 1.88050000000000E+03,  6.84863746745558E-02, -2.62621625000000E-01,  1.41440530274558E+00,  1.09000000000000E+00,  1.16584550157778E+03,  2.08154330576141E+03
 1.88058333300000E+03,  8.19741302639821E-02, -3.77194500000000E-01,  1.43857731203208E+00,  1.27000000000000E+00,  9.54556628755373E+02,  1.84789911655567E+03
 1.88066666700000E+03,  7.26905515597753E-02, -3.61788250000000E-01,  1.89832887658924E+00,  1.45000000000000E+00,  7.74197849551376E+02,  1.42920378485860E+03
 1.88075000000000E+03,  6.02946343628296E-02, -2.36110900000000E-01,  1.92333281382970E+00,  1.63000000000000E+00,  7.50376637995199E+02,  1.27813140868073E+03
 1.88083333300000E+03,  6.72438694037357E-02, -6.51090500000000E-02,  1.94836174340133E+00,  1.81000000000000E+00,  4.30091081693102E+02,  1.36117560842916E+03
 1.88091666700000E+03,  1.03646012050545E-01,  9.57958500000000E-02,  1.97341384451950E+00,  1.99000000000000E+00,  1.64908017032182E+02,  9.74285683642816E+02
 1.88100000000000E+03,  1.69399075954821E-01,  1.88976500000000E-01,  1.99848727768951E+00,  2.17000000000000E+00,  9.92988860971961E+01,  1.00855471028180E+03
 1.88108333300000E+03,  2.45590077048823E-01,  2.45775750000000E-01,  2.02358018491200E+00,  2.35000000000000E+00,  1.06919688848837E+02,  1.02809219126353E+03
 1.88116666700000E+03,  3.02739770566756E-01,  3.35210750000000E-01,  2.04869068989116E+00,  2.53000000000000E+00,  9.46113104175150E+01,  8.12499473537829E+02
 1.88125000000000E+03,  3.21485284916151E-01,  3.94319000000000E-01,  2.07381689824564E+00,  2.71000000000000E+00,  1.22263530545288E+02,  2.86199119934044E+02
 1.88133333300000E+03,  3.03721952674851E-01,  3.39256250000000E-01,  2.09895689772208E+00,  2.89000000000000E+00,  2.27854909132605E+02,  2.52272354701801E+02
 1.88141666700000E+03,  2.65115452072019E-01,  1.74797500000000E-01,  2.12410875841134E+00,  3.07000000000000E+00,  2.26939620976583E+02,  6.46914079680769E+02
 1.88150000000000E+03,  2.20550320882601E-01,  4.98650000000000E-02,  2.14927053296728E+00,  3.25000000000000E+00,  2.29394115601012E+02,  7.26354621983310E+02
 1.88158333300000E+03,  1.53755728370218E-01,  7.48929500000000E-02,  2.17444025682820E+00,  3.43000000000000E+00,  2.72507145476759E+02,  9.05181018604687E+02
 1.88166666700000E+03,  7.87500091457657E-02,  3.63316500000000E-02, -3.23764045786721E+00,  3.61000000000000E+00,  2.16760238694413E+02,  9.86319664952617E+02
 1.88175000000000E+03,  5.55297480851118E-02, -7.66784750000000E-02, -3.28470579894163E+00,  3.79000000000000E+00,  2.28852452763214E+02,  1.13332437014427E+03
 1.88183333300000E+03,  6.26339879115162E-02, -7.21163250000000E-02, -3.33163204328059E+00,  3.97000000000000E+00,  2.27443519570387E+02,  6.68816681288273E+02
 1.88191666700000E+03,  3.83721938179343E-02,  6.72235000000000E-03, -3.37841575085775E+00,  4.15000000000000E+00,  2.19236788341246E+02,  8.43402528972082E+02
 1.88200000000000E+03, -2.96823335807425E-02,  1.85478250000000E-02, -3.42505349294902E+00,  4.33000000000000E+00,  1.66297755960952E+02,  6.70319787774512E+02
 1.88208333300000E+03, -1.18728547715899E-01, -3.73249000000000E-02, -3.47154185246322E+00,  4.51000000000000E+00,  1.63975809818608E+02,  5.47232100711987E+02
 1.88216666700000E+03, -1.87631026727236E-01,  2.81299500000000E-02, -3.51787742427147E+00,  4.69000000000000E+00,  6.30664087125175E+01,  4.23158203820853E+02
 1.88225000000000E+03, -2.05333404049932E-01,  2.06403675000000E-01, -3.56405681553536E+00,  4.87000000000000E+00,  6.56835640797261E+01,  5.18506941626609E+02
 1.88233333300000E+03, -1.72026959392078E-01,  3.21508750000000E-01, -3.61007664603372E+00,  5.05000000000000E+00,  6.98349082261536E+01,  4.50921256198121E+02
 1.88241666700000E+03, -1.19430737555570E-01,  3.61765250000000E-01, -3.65593354848809E+00,  5.23000000000000E+00,  1.20054740369418E+02,  4.56539899794005E+02
 1.88250000000000E+03, -8.95666632255707E-02,  4.02848250000000E-01, -3.70162416888674E+00,  5.41000000000000E+00,  1.13935682567872E+02,  5.12500204692504E+02
 1.88258333300000E+03, -9.85585008330006E-02,  3.31592575000000E-01, -3.74714516680730E+00,  5.59000000000000E+00,  1.60107040325746E+02,  5.13353748075720E+02
 1.88266666700000E+03, -1.18263231712861E-01,  7.85246500000000E-02,  3.13022207175276E+00,  5.77000000000000E+00,  1.70379468377130E+02,  4.12563612019197E+02
 1.88275000000000E+03, -1.23746205017893E-01, -1.33933425000000E-01,  3.11631721605982E+00,  5.95000000000000E+00,  1.73459444827919E+02,  2.31833673991506E+02
 1.88283333300000E+03, -1.21317513447615E-01, -1.90899600000000E-01,  3.10236414979988E+00,  6.13000000000000E+00,  1.23112462295374E+02,  2.38124012776508E+02
 1.88291666700000E+03, -1.09034949429903E-01, -5.04659500000000E-02,  3.08836114827472E+00,  6.31000000000000E+00,  1.75341761055936E+02,  2.32278206493992E+02
 1.88300000000000E+03, -8.04592540885672E-02,  1.59575900000000E-01,  3.07430648971335E+00,  6.49000000000000E+00,  1.19993694153379E+02,  2.55251080026183E+02
 1.88308333300000E+03, -5.04839574864335E-02,  2.22964000000000E-01,  3.06019845556975E+00,  6.67000000000000E+00,  9.15855194733910E+01,  2.77517832007511E+02
 1.88316666700000E+03, -4.40001448709949E-02,  1.74640775000000E-01,  3.04603533082016E+00,  6.85000000000000E+00,  8.04201333667186E+01,  2.72348662264729E+02
 1.88325000000000E+03, -7.44530377108480E-02,  4.30355500000000E-02,  3.03181540426015E+00,  7.03000000000000E+00,  9.42811285999615E+01,  2.54752890788762E+02
 1.88333333300000E+03, -1.31836431499676E-01, -9.44159750000000E-02,  3.01753696880116E+00,  7.21000000000000E+00,  7.17182107652669E+01,  2.46473218569258E+02
 1.88341666700000E+03, -1.90889723581497E-01, -8.52378000000000E-02,  3.00319832176660E+00,  7.39000000000000E+00,  8.28503725824201E+01,  2.84830455153749E+02
 1.88350000000000E+03, -2.31652066312986E-01,  4.43314000000000E-02,  2.98879776518752E+00,  7.57000000000000E+00,  8.91510857470723E+01,  2.86495669706145E+02
 1.88358333300000E+03, -2.12917299127973E-01,  1.35831700000000E-01,  2.97433360609764E+00,  7.75000000000000E+00,  1.06206580902789E+02,  2.33908181363891E+02
 1.88366666700000E+03, -1.37127890705382E-01,  1.31518275000000E-01, -7.15552400135618E+00,  7.93000000000000E+00,  1.09261189605327E+02,  2.29305590430337E+02
 1.88375000000000E+03, -8.52978564915498E-02,  1.06150550000000E-01, -7.16353027700116E+00,  8.11000000000000E+00,  1.23137283743097E+02,  2.76206383914113E+02
 1.88383333300000E+03, -6.63184043248816E-02,  1.51369525000000E-01, -7.17116196832644E+00,  8.29000000000000E+00,  1.04149362504621E+02,  2.17219310932543E+02
 1.88391666700000E+03, -3.99014545749232E-02,  2.69942500000000E-01, -7.17841790793767E+00,  8.47000000000000E+00,  9.66089861894675E+01,  2.31683666402006E+02
 1.88400000000000E+03, -1.17223097876454E-03,  3.89054750000000E-01, -7.18529695827383E+00,  8.65000000000000E+00,  8.68739014138619E+01,  2.78687329188806E+02
 1.88408333300000E+03,  4.08136292916192E-02,  3.86421500000000E-01, -7.19179801176540E+00,  8.82999999999999E+00,  7.49189728726686E+01,  2.82978830468465E+02
 1.88416666700000E+03,  7.04362689886837E-02,  2.47873000000000E-01, -7.19791999098950E+00,  9.00999999999999E+00,  3.66340267713095E+01,  2.47171670280549E+02
 1.88425000000000E+03,  8.00287169251258E-02,  2.54108250000000E-01, -7.20366184882172E+00,  9.18999999999999E+00,  3.49947752329381E+01,  3.07055180403994E+02
 1.88433333300000E+03,  7.73120197913363E-02,  3.02682450000000E-01, -7.20902256858485E+00,  9.36999999999999E+00,  3.63084639428896E+01,  3.17181278599981E+02
 1.88441666700000E+03,  7.83636560805788E-02,  2.40262650000000E-01, -7.21400116419430E+00,  9.54999999999999E+00,  3.41017849849215E+01,  2.97346713114820E+02
 1.88450000000000E+03,  9.29511382287876E-02,  2.76282950000000E-01, -7.21859668030033E+00,  9.72999999999999E+00,  3.45022786146554E+01,  3.01490892556522E+02
 1.88458333300000E+03,  1.24353562505691E-01,  2.43425750000000E-01, -7.22280819242701E+00,  9.90999999999999E+00,  5.60661723143943E+01,  2.89659915294618E+02
 1.88466666700000E+03,  1.43790328367039E-01,  1.09337750000000E-01, -6.03773224183162E+00,  1.00900000000000E+01,  6.83487196280076E+01,  2.15553663551572E+02
 1.88475000000000E+03,  1.17291663669587E-01, -5.64300000000000E-03, -6.06518072824449E+00,  1.02700000000000E+01,  7.78908863995569E+01,  1.80670772112254E+02
 1.88483333300000E+03,  7.81949264457085E-02, -1.18072500000000E-01, -6.09237273082050E+00,  1.04500000000000E+01,  7.14066947277336E+01,  2.12532467240642E+02
 1.88491666700000E+03,  7.07029135709727E-02, -1.54693750000000E-01, -6.11930568070153E+00,  1.06300000000000E+01,  6.47315568068085E+01,  2.22116232597335E+02
 1.88500000000000E+03,  9.92192666149074E-02, -8.27862500000000E-02, -6.14597702435705E+00,  1.08100000000000E+01,  4.58454346697161E+01,  1.81311334233648E+02
 1.88508333300000E+03,  1.47771860466877E-01,  1.05556750000000E-01, -6.17238422388577E+00,  1.09900000000000E+01,  3.43431150496444E+01,  2.32254286814881E+02
 1.88516666700000E+03,  1.89585574632646E-01,  2.63250000000000E-01, -6.19852475731590E+00,  1.11700000000000E+01,  2.31374074983033E+01,  2.57752413370213E+02
 1.88525000000000E+03,  2.04727083060634E-01,  4.30619750000000E-01, -6.22439611890393E+00,  1.13500000000000E+01,  1.96907750602653E+01,  1.65174031066136E+02
 1.88533333300000E+03,  1.90703287316954E-01,  6.85338000000000E-01, -6.24999581943188E+00,  1.15300000000000E+01,  2.09789096297188E+01,  1.98873609884436E+02
 1.88541666700000E+03,  1.57834058882723E-01,  7.48092750000000E-01, -6.27532138650304E+00,  1.17100000000000E+01,  2.63645127918027E+01,  2.09446129082757E+02
 1.88550000000000E+03,  1.15717233478910E-01,  6.55030500000000E-01, -6.30037036483611E+00,  1.18900000000000E+01,  2.52828566275002E+01,  1.64064959387158E+02
 1.88558333300000E+03,  8.71522743236129E-02,  6.05614250000000E-01, -6.32514031655772E+00,  1.20700000000000E+01,  2.72058557229968E+01,  1.57938040040600E+02
 1.88566666700000E+03,  9.82999363305538E-02,  6.29146500000000E-01, -5.58174585876771E+00,  1.22500000000000E+01,  4.18869452344925E+01,  1.76528942444398E+02
 1.88575000000000E+03,  1.24101575916983E-01,  6.80454000000000E-01, -5.61604114509642E+00,  1.24300000000000E+01,  5.60569034880804E+01,  1.77311022105724E+02
 1.88583333300000E+03,  1.21591575095193E-01,  6.18605750000000E-01, -5.65002980676233E+00,  1.26100000000000E+01,  4.16536646703711E+01,  1.72210978828624E+02
 1.88591666700000E+03,  9.13961528613833E-02,  5.49878000000000E-01, -5.68370950817068E+00,  1.27900000000000E+01,  4.24795310137279E+01,  1.60374393208496E+02
 1.88600000000000E+03,  5.69637082033483E-02,  5.88712750000000E-01, -5.71707794074171E+00,  1.29700000000000E+01,  4.77949630388152E+01,  1.81510789945034E+02
 1.88608333300000E+03,  3.40539413745491E-02,  6.53360250000000E-01, -5.75013282311895E+00,  1.31500000000000E+01,  3.60553739967635E+01,  1.58119596411742E+02
 1.88616666700000E+03,  2.78917247528676E-02,  5.99173000000000E-01, -5.78287190137441E+00,  1.33300000000000E+01,  2.53803587812351E+01,  1.50809269308344E+02
 1.88625000000000E+03,  3.98706923588624E-02,  3.43897350000000E-01, -5.81529294921083E+00,  1.35100000000000E+01,  2.18552022794909E+01,  1.51770955296812E+02
 1.88633333300000E+03,  7.23539865544112E-02,  1.43957950000000E-01, -5.84739376816094E+00,  1.36900000000000E+01,  2.44569774270922E+01,  1.79004741377302E+02
 1.88641666700000E+03,  1.24661689693129E-01,  4.93378500000000E-02, -5.87917218778356E+00,  1.38700000000000E+01,  2.50176212743578E+01,  1.72935541729475E+02
 1.88650000000000E+03,  1.85364354440609E-01, -1.49612500000000E-01, -5.91062606585672E+00,  1.40500000000000E+01,  2.25736583229475E+01,  1.84172816451914E+02
 1.88658333300000E+03,  7.87245251129384E-02, -3.76762500000000E-01, -5.94175328856764E+00,  1.42300000000000E+01,  2.80738437233160E+01,  2.14411889464253E+02
 1.88666666700000E+03, -1.94868901244373E-01, -4.42310750000000E-01,  2.85307770494556E+00,  1.44100000000000E+01,  3.04407252061226E+01,  2.06416052236565E+02
 1.88675000000000E+03, -3.03444471497612E-01, -4.06789500000000E-01,  2.81803304262756E+00,  1.45900000000000E+01,  2.90960472061019E+01,  1.80091041531476E+02
 1.88683333300000E+03, -2.47231197453713E-01, -4.91821250000000E-01,  2.78270463430865E+00,  1.47700000000000E+01,  3.40125038770588E+01,  1.46917163269088E+02
 1.88691666700000E+03, -1.98371729702071E-01, -4.78389850000000E-01,  2.74709450158746E+00,  1.49500000000000E+01,  3.22967732850032E+01,  1.29882652023304E+02
 1.88700000000000E+03, -1.69819567866430E-01, -2.21110750000000E-01,  2.71120469458797E+00,  1.51300000000000E+01,  2.75836830131056E+01,  1.49694845584482E+02
 1.88708333300000E+03, -1.70238001831021E-01, -1.28456950000000E-01,  2.67503729179293E+00,  1.53100000000000E+01,  2.79888343207983E+01,  1.33277628227262E+02
 1.88716666700000E+03, -1.96252486623570E-01, -3.02206800000000E-01,  2.63859439987409E+00,  1.54900000000000E+01,  3.10647158694910E+01,  1.55425815984429E+02
 1.88725000000000E+03, -2.26918361177499E-01, -4.77945250000000E-01,  2.60187815351922E+00,  1.56700000000000E+01,  2.21534108786627E+01,  2.02938291223721E+02
 1.88733333300000E+03, -2.30646442635964E-01, -4.49729250000000E-01,  2.56489071525589E+00,  1.58500000000000E+01,  2.31976432705403E+01,  2.27836337488057E+02
 1.88741666700000E+03, -1.84881421480205E-01, -2.48328750000000E-01,  2.52763427527198E+00,  1.60300000000000E+01,  1.85041693025851E+01,  1.80160073737568E+02
 1.88750000000000E+03, -9.49662642939648E-02, -1.34290250000000E-01,  2.49011105123314E+00,  1.62100000000000E+01,  1.54148860238443E+01,  1.89487273510382E+02
 1.88758333300000E+03, -8.64074541686971E-02, -1.60719250000000E-01,  2.45232328809699E+00,  1.63900000000000E+01,  1.33937582972810E+01,  2.09111876502245E+02
 1.88766666700000E+03, -2.00964094243424E-01, -1.55362825000000E-01, -2.84222052601560E-01,  1.65700000000000E+01,  1.11656888153129E+01,  1.57929686529940E+02
 1.88775000000000E+03, -2.56197458283900E-01, -3.09791500000000E-02, -3.17945110994679E-01,  1.67500000000000E+01,  2.00042638736827E+01,  1.81443581228328E+02
 1.88783333300000E+03, -2.05430722193916E-01,  3.85291750000000E-02, -3.51803981878897E-01,  1.69300000000000E+01,  2.28165113688156E+01,  1.48059124621564E+02
 1.88791666700000E+03, -1.12550643501102E-01, -6.50652500000000E-02, -3.85797458593170E-01,  1.71100000000000E+01,  2.60524500011276E+01,  1.55540207609967E+02
 1.88800000000000E+03,  8.09822663495038E-03, -7.03222500000000E-02, -4.19924308627718E-01,  1.72900000000000E+01,  3.25407954893651E+01,  1.52539426582748E+02
 1.88808333300000E+03,  1.20948353187711E-01,  9.99845000000000E-02, -4.54183273704254E-01,  1.74700000000000E+01,  4.33829401179669E+01,  1.41524963931998E+02
 1.88816666700000E+03,  1.87706191502498E-01,  1.80228250000000E-01, -4.88573069859646E-01,  1.76500000000000E+01,  3.90047295821878E+01,  1.23722200012840E+02
 1.88825000000000E+03,  1.91867711785086E-01,  1.01311525000000E-01, -5.23092387532955E-01,  1.78300000000000E+01,  3.96453249743986E+01,  1.66262404911352E+02
 1.88833333300000E+03,  1.50526431666776E-01,  1.70716750000000E-02, -5.57739891655885E-01,  1.80100000000000E+01,  3.71412825560484E+01,  1.93962919588868E+02
 1.88841666700000E+03,  1.03808566107590E-01,  9.03927750000000E-02, -5.92514221746597E-01,  1.81900000000000E+01,  3.14781463053270E+01,  1.56840776968424E+02
 1.88850000000000E+03,  8.99009724350704E-02,  2.75750125000000E-01, -6.27413992006903E-01,  1.83700000000000E+01,  1.90599688638880E+01,  2.51082004397135E+02
 1.88858333300000E+03,  1.51025162096548E-01,  1.33509500000000E-01, -6.62437791422823E-01,  1.85500000000000E+01,  2.03561621562302E+01,  2.27064404365816E+02
 1.88866666700000E+03,  2.68849704671651E-01, -1.19785000000000E-01,  8.11473534949858E+00,  1.87300000000000E+01,  3.11880134885931E+01,  2.23223402535031E+02
 1.88875000000000E+03,  3.52929762743946E-01,  1.67135750000000E-01,  8.14579628331550E+00,  1.89100000000000E+01,  4.11729119451833E+01,  2.45751726140314E+02
 1.88883333300000E+03,  3.82469440494812E-01,  4.27387500000000E-01,  8.17653987697522E+00,  1.90900000000000E+01,  4.01574367082070E+01,  2.79323842939881E+02
 1.88891666700000E+03,  3.84037919402371E-01,  3.43168250000000E-01,  8.20696458046498E+00,  1.92700000000000E+01,  6.16672052476485E+01,  2.18507304202080E+02
 1.88900000000000E+03,  3.61770628409947E-01,  3.66339750000000E-01,  8.23706887600334E+00,  1.94500000000000E+01,  6.67593032915898E+01,  3.02259545236268E+02
 1.88908333300000E+03,  3.17318730174389E-01,  3.73093000000000E-01,  8.26685127813987E+00,  1.96300000000000E+01,  8.54822320952190E+01,  3.57435607023521E+02
 1.88916666700000E+03,  2.52680658316131E-01,  2.12878425000000E-01,  8.29631033385101E+00,  1.98100000000000E+01,  9.92114818912049E+01,  3.36010232453784E+02
 1.88925000000000E+03,  1.78268820277057E-01,  9.72163500000000E-02,  8.32544462263219E+00,  1.99900000000000E+01,  1.19015003460285E+02,  3.06533149297080E+02
 1.88933333300000E+03,  1.14464511307740E-01,  4.34706750000000E-02,  8.35425275658617E+00,  2.01700000000000E+01,  1.00723228794728E+02,  2.92032286918627E+02
 1.88941666700000E+03,  8.12471889161993E-02, -6.76087500000000E-02,  8.38273338050755E+00,  2.03500000000000E+01,  9.38494705623423E+01,  2.10701404311053E+02
 1.88950000000000E+03,  8.35300658913222E-02, -1.19696025000000E-01,  8.41088517196360E+00,  2.05300000000000E+01,  6.21606607343280E+01,  1.22252359790005E+02
 1.88958333300000E+03, -1.46856118752094E-02, -1.28529050000000E-01,  8.43870684137110E+00,  2.07100000000000E+01,  4.03173283794761E+01,  1.36712764778146E+02
 1.88966666700000E+03, -2.44838256451979E-01, -2.63742525000000E-01, -6.96362201119491E+00,  2.08900000000000E+01,  4.06458942805481E+01,  1.34628050987765E+02
 1.88975000000000E+03, -3.83504996240329E-01, -4.47871250000000E-01, -6.97778358729779E+00,  2.10700000000000E+01,  4.32104700175292E+01,  1.40248092598629E+02
 1.88983333300000E+03, -4.11727469052069E-01, -5.68328250000000E-01, -6.99159479279021E+00,  2.12500000000000E+01,  4.49291792060667E+01,  1.70124010668527E+02
 1.88991666700000E+03, -4.24760670308579E-01, -7.94828500000000E-01, -7.00505398074258E+00,  2.14300000000000E+01,  5.33035611878457E+01,  2.45931202590202E+02
 1.89000000000000E+03, -4.15504313476147E-01, -1.05721900000000E+00, -7.01815953090784E+00,  2.16100000000000E+01,  6.28030204712842E+01,  2.33720474319166E+02
 1.89008333300000E+03, -3.92915649774920E-01, -9.02056000000000E-01, -7.03090984993023E+00,  2.17900000000000E+01,  4.57785925432790E+01,  2.93962440339795E+02
 1.89016666700000E+03, -3.74206272380048E-01, -4.37427000000000E-01, -7.04330337155129E+00,  2.19700000000000E+01,  4.48372366207346E+01,  3.66993173645988E+02
 1.89025000000000E+03, -3.69476533810425E-01, -1.55379275000000E-01, -7.05533855681300E+00,  2.21500000000000E+01,  4.22020035623995E+01,  3.41828147413910E+02
 1.89033333300000E+03, -3.73333743419335E-01, -1.39566300000000E-01, -7.06701389425810E+00,  2.23300000000000E+01,  3.85121689907815E+01,  2.59078413393116E+02
 1.89041666700000E+03, -3.71178397555772E-01, -2.30422775000000E-01, -7.07832790012757E+00,  2.25100000000000E+01,  4.06972799017343E+01,  3.20488884799193E+02
 1.89050000000000E+03, -3.53522082737077E-01, -4.22505250000000E-01, -7.08927911855518E+00,  2.26900000000000E+01,  4.12375162162039E+01,  3.16153165080867E+02
 1.89058333300000E+03, -2.92233248679777E-01, -6.76706000000000E-01, -7.09986612175917E+00,  2.28700000000000E+01,  5.02212436111722E+01,  2.62346781050915E+02
 1.89066666700000E+03, -2.00785996942441E-01, -7.38084500000000E-01, -8.67595848209753E+00,  2.30500000000000E+01,  5.18303886860286E+01,  2.77316328633951E+02
 1.89075000000000E+03, -1.39706670740152E-01, -6.29542000000000E-01, -8.72162288743170E+00,  2.32300000000000E+01,  4.96031622426464E+01,  3.18931115126443E+02
 1.89083333300000E+03, -9.34782166968166E-02, -4.91832500000000E-01, -8.76709736928426E+00,  2.34100000000000E+01,  3.60998188598900E+01,  2.19120222359881E+02
 1.89091666700000E+03, -4.88651360239527E-02, -3.06951000000000E-01, -8.81237850337206E+00,  2.35900000000000E+01,  5.00128841869637E+01,  1.99418106919986E+02
 1.89100000000000E+03, -4.44029613941876E-02, -1.04315500000000E-01, -8.85746288204570E+00,  2.37700000000000E+01,  4.02594528793475E+01,  1.64293757382197E+02
 1.89108333300000E+03, -9.40687766847062E-02,  2.18304750000000E-02, -8.90234711462665E+00,  2.39500000000000E+01,  8.52434211133551E+01,  1.90008372882470E+02
 1.89116666700000E+03, -1.77123867778777E-01,  2.57253750000000E-02, -8.94702782774239E+00,  2.41300000000000E+01,  1.12292576440504E+02,  1.60862463032405E+02
 1.89125000000000E+03, -2.50169404213973E-01,  2.34570000000000E-03, -8.99150166565967E+00,  2.43100000000000E+01,  1.30107017476291E+02,  1.62105658581980E+02
 1.89133333300000E+03, -2.75650279376616E-01,  4.06065000000000E-03, -9.03576529061578E+00,  2.44900000000000E+01,  1.17632599329205E+02,  1.51533312961528E+02
 1.89141666700000E+03, -2.48603903703608E-01, -3.16210000000000E-03, -9.07981538314774E+00,  2.46700000000000E+01,  1.19645228018653E+02,  1.70301920374021E+02
 1.89150000000000E+03, -2.01835641198741E-01,  2.12403750000000E-02, -9.12364864241950E+00,  2.48500000000000E+01,  7.66920930537637E+01,  2.27877289177553E+02
 1.89158333300000E+03, -1.63974141282298E-01,  1.29181325000000E-01, -9.16726178654702E+00,  2.50300000000000E+01,  5.79542825949598E+01,  2.66097802486154E+02
 1.89166666700000E+03, -1.39794666254096E-01,  2.15292750000000E-01,  4.60390525409770E+00,  2.52100000000000E+01,  5.65647048213756E+01,  2.64071999677778E+02
 1.89175000000000E+03, -1.35926115776413E-01,  2.14478750000000E-01,  4.61194759472796E+00,  2.53900000000000E+01,  1.01069598936994E+02,  3.81940561111596E+02
 1.89183333300000E+03, -1.45992039510697E-01,  1.67259300000000E-01,  4.61970881351034E+00,  2.55700000000000E+01,  1.04809035834988E+02,  3.80155465123152E+02
 1.89191666700000E+03, -1.47262525171924E-01,  1.86916000000000E-02,  4.62718707522994E+00,  2.57500000000000E+01,  1.26251839315767E+02,  3.43233495440956E+02
 1.89200000000000E+03, -1.28041674789521E-01, -1.50832700000000E-01,  4.63438056484525E+00,  2.59300000000000E+01,  1.39462639993647E+02,  3.92722641096166E+02
 1.89208333300000E+03, -9.67084204545675E-02, -1.87222500000000E-01,  4.64128748775072E+00,  2.61100000000000E+01,  1.44944454099876E+02,  4.61099850885362E+02
 1.89216666700000E+03, -7.47785201843731E-02, -2.09489000000000E-01,  4.64790607003707E+00,  2.62900000000000E+01,  1.00048715306942E+02,  3.31563917687224E+02
 1.89225000000000E+03, -7.80878027518088E-02, -2.16435350000000E-01,  4.65423455874970E+00,  2.64700000000000E+01,  9.31407318691459E+01,  3.28268142832527E+02
 1.89233333300000E+03, -1.03555999576016E-01, -1.16127700000000E-01,  4.66027122214474E+00,  2.66500000000000E+01,  6.48215522147899E+01,  3.33698881587068E+02
 1.89241666700000E+03, -1.33043259439231E-01, -4.11058250000000E-02,  4.66601434994305E+00,  2.68300000000000E+01,  3.92700284924467E+01,  2.70428821845593E+02
 1.89250000000000E+03, -1.49561578915022E-01, -4.09406500000000E-02,  4.67146225358198E+00,  2.70100000000000E+01,  3.12970774745715E+01,  2.00603109763192E+02
 1.89258333300000E+03, -1.25335558138717E-01, -1.22057125000000E-01,  4.67661326646485E+00,  2.71900000000000E+01,  2.93905445731067E+01,  2.13953409102718E+02
 1.89266666700000E+03, -7.05800253428533E-02, -2.85395950000000E-01,  5.67061952281567E-01,  2.73700000000000E+01,  3.57239886050410E+01,  2.42837635710510E+02
 1.89275000000000E+03, -4.98378689894391E-02, -4.35380500000000E-01,  5.37343337167858E-01,  2.75500000000000E+01,  4.08151561646266E+01,  2.25505808943942E+02
 1.89283333300000E+03, -7.31907282399797E-02, -3.98843450000000E-01,  5.07466367439209E-01,  2.77300000000000E+01,  4.07364175735743E+01,  1.73612934663153E+02
 1.89291666700000E+03, -1.15921787630190E-01, -1.24881900000000E-01,  4.77431537919839E-01,  2.79100000000000E+01,  3.63199659594797E+01,  1.82830379724675E+02
 1.89300000000000E+03, -1.74870969933067E-01,  7.54068000000000E-02,  4.47239370143520E-01,  2.80900000000000E+01,  5.50908310028637E+01,  2.10621008714169E+02
 1.89308333300000E+03, -2.50395742588051E-01, -2.89822500000000E-02,  4.16890412366521E-01,  2.82700000000000E+01,  4.98460296359748E+01,  1.95992347184209E+02
 1.89316666700000E+03, -3.41417493066983E-01, -3.35145750000000E-01,  3.86385239577099E-01,  2.84500000000000E+01,  4.88552444109250E+01,  1.86855395210742E+02
 1.89325000000000E+03, -4.36220082864113E-01, -6.01706000000000E-01,  3.55724453501494E-01,  2.86300000000000E+01,  5.82871376086560E+01,  2.16476865523033E+02
 1.89333333300000E+03, -5.11512693754491E-01, -7.14413000000000E-01,  3.24908682606431E-01,  2.88100000000000E+01,  6.33190116813900E+01,  2.91103938252451E+02
 1.89341666700000E+03, -5.44890050900732E-01, -8.55158000000000E-01,  2.93938582098171E-01,  2.89900000000000E+01,  3.91805123271096E+01,  2.25793666427781E+02
 1.89350000000000E+03, -5.31851010287851E-01, -1.03948925000000E+00,  2.62814833918034E-01,  2.91700000000000E+01,  3.55386043220463E+01,  1.88755500352078E+02
 1.89358333300000E+03, -5.04784336825005E-01, -1.05726850000000E+00,  2.31538146734463E-01,  2.93500000000000E+01,  4.35396684734365E+01,  2.14387478180250E+02
 1.89366666700000E+03, -5.11136484765913E-01, -9.71954500000000E-01, -6.97977448194456E-02,  2.95300000000000E+01,  5.08850190106592E+01,  1.91035579021403E+02
 1.89375000000000E+03, -5.54236927257684E-01, -9.24998500000000E-01, -5.16397561977577E-02,  2.97100000000000E+01,  4.51762792279989E+01,  1.45097998356479E+02
 1.89383333300000E+03, -5.99952057235240E-01, -8.25432000000000E-01, -3.33860760767724E-02,  2.98900000000000E+01,  4.85152220014861E+01,  1.60653612969807E+02
 1.89391666700000E+03, -6.21886244284582E-01, -6.92487750000000E-01, -1.50364135561094E-02,  3.00700000000000E+01,  5.01028688053517E+01,  1.62636202706100E+02
 1.89400000000000E+03, -6.12336399665189E-01, -7.10897000000000E-01,  3.40949816691172E-03,  3.02500000000000E+01,  4.14657324168815E+01,  9.96253086550837E+01
 1.89408333300000E+03, -5.80679976538284E-01, -7.45159250000000E-01,  2.19519017066636E-02,  3.04300000000000E+01,  3.62965082853850E+01,  1.77643489988899E+02
 1.89416666700000E+03, -5.45778813911516E-01, -6.44728000000000E-01,  4.05910154019242E-02,  3.06100000000000E+01,  2.89498615652570E+01,  1.42560203125628E+02
 1.89425000000000E+03, -5.20561325484245E-01, -5.54455000000000E-01,  5.93270332319842E-02,  3.07900000000000E+01,  2.60045807983506E+01,  1.92360016218462E+02
 1.89433333300000E+03, -5.03285873280483E-01, -5.05243500000000E-01,  7.81601247360955E-02,  3.09700000000000E+01,  3.53768098716492E+01,  1.91862122811598E+02
 1.89441666700000E+03, -4.83254179415478E-01, -4.85721750000000E-01,  9.70904349363404E-02,  3.11500000000000E+01,  3.73614588712607E+01,  2.46561167086200E+02
 1.89450000000000E+03, -4.54515604336189E-01, -4.68486000000000E-01,  1.16118084263858E-01,  3.13300000000000E+01,  3.71720136055924E+01,  1.77279419124225E+02
 1.89458333300000E+03, -3.25456297197757E-01, -4.60764000000000E-01,  1.35243168488516E-01,  3.15100000000000E+01,  5.12800297375044E+01,  2.25579813546281E+02
 1.89466666700000E+03, -1.13329902842275E-01, -4.89749000000000E-01, -5.18329577328677E+00,  3.16900000000000E+01,  5.87874475435264E+01,  2.17638746164566E+02
 1.89475000000000E+03, -2.23217121135305E-02, -4.20054250000000E-01, -5.17119884691003E+00,  3.18700000000000E+01,  5.48492294960782E+01,  2.34207928344285E+02
 1.89483333300000E+03, -3.64163349056751E-02, -2.85977750000000E-01, -5.15937258480216E+00,  3.20500000000000E+01,  7.10739360835778E+01,  2.57923082485777E+02
 1.89491666700000E+03, -3.85615282688744E-02, -2.29039250000000E-01, -5.14781928115758E+00,  3.22300000000000E+01,  5.96355787612478E+01,  2.67922285060595E+02
 1.89500000000000E+03, -2.44149263355424E-02, -2.02015825000000E-01, -5.13654121157473E+00,  3.24100000000000E+01,  4.32640928825464E+01,  2.11372852044688E+02
 1.89508333300000E+03, -3.60722503693878E-03, -7.71234000000000E-02, -5.12554063271859E+00,  3.25900000000000E+01,  3.83358635530263E+01,  1.62921966626812E+02
 1.89516666700000E+03,  7.73886792866980E-03,  4.71887500000000E-02, -5.11481978198528E+00,  3.27700000000000E+01,  3.36281115010941E+01,  1.41394043117698E+02
 1.89525000000000E+03,  1.60499615655581E-03,  4.11529400000000E-02, -5.10438087716860E+00,  3.29500000000000E+01,  1.74542809784715E+01,  9.51323860535712E+01
 1.89533333300000E+03, -1.44521312944990E-02, -2.85068450000000E-02, -5.09422611612857E+00,  3.31300000000000E+01,  1.47466167290807E+01,  7.52144071963709E+01
 1.89541666700000E+03, -2.43419493837085E-02, -8.62183600000000E-02, -5.08435767646218E+00,  3.33100000000000E+01,  2.54994761329062E+01,  8.02161199558209E+01
 1.89550000000000E+03, -1.81562390965986E-02, -1.04635500000000E-02, -5.07477771517612E+00,  3.34900000000000E+01,  2.44385295642136E+01,  9.07051870515886E+01
 1.89558333300000E+03, -4.58375436514615E-02,  1.28107850000000E-01, -5.06548836836178E+00,  3.36700000000000E+01,  2.19445129085985E+01,  1.16271764825347E+02
 1.89566666700000E+03, -1.30118504881124E-01,  6.00412500000000E-02, -1.60463151049637E+01,  3.38500000000000E+01,  1.84751680721928E+01,  9.39328982231816E+01
 1.89575000000000E+03, -1.91133644359014E-01, -8.67357000000000E-02, -1.60723532267088E+01,  3.40300000000000E+01,  2.17722418947748E+01,  1.47476468437584E+02
 1.89583333300000E+03, -2.01783345481592E-01, -1.03648400000000E-01, -1.60980076275890E+01,  3.42100000000000E+01,  1.13808583788995E+01,  1.40804947529096E+02
 1.89591666700000E+03, -1.82855292160827E-01, -1.75102200000000E-01, -1.61232766164833E+01,  3.43900000000000E+01,  9.46524632806217E+00,  1.71246398932493E+02
 1.89600000000000E+03, -1.36834253354043E-01, -3.01914250000000E-01, -1.61481585381342E+01,  3.45700000000000E+01,  1.32479790157165E+01,  1.46665472488701E+02
 1.89608333300000E+03, -8.27174614161757E-02, -2.31192450000000E-01, -1.61726517732888E+01,  3.47500000000000E+01,  1.24772946920539E+01,  1.42850250792235E+02
 1.89616666700000E+03, -4.60963262371316E-02, -7.42421500000000E-02, -1.61967547388357E+01,  3.49300000000000E+01,  1.01727284581058E+01,  1.01301083250412E+02
 1.89625000000000E+03, -4.23921555935715E-02, -5.96272250000000E-02, -1.62204658879376E+01,  3.51100000000000E+01,  1.19396735193624E+01,  1.02460604007202E+02
 1.89633333300000E+03, -6.79361662099867E-02, -1.61458050000000E-01, -1.62437837101601E+01,  3.52900000000000E+01,  1.63944223724348E+01,  7.41312953801807E+01
 1.89641666700000E+03, -1.06487376896730E-01, -1.74376525000000E-01, -1.62667067315955E+01,  3.54700000000000E+01,  2.84887101868248E+01,  8.39868301896827E+01
 1.89650000000000E+03, -1.44317683695417E-01,  6.38097500000000E-02, -1.62892335149835E+01,  3.56500000000000E+01,  3.34747327929917E+01,  9.05104339179072E+01
 1.89658333300000E+03, -1.11489721325286E-01,  3.10692500000000E-01, -1.63113626598261E+01,  3.58300000000000E+01,  3.37500904198980E+01,  8.31483850756309E+01
 1.89666666700000E+03,  1.06580786700969E-03,  4.05277750000000E-01, -1.18953856657105E+01,  3.60100000000000E+01,  4.26442165406635E+01,  1.34150222740052E+02
 1.89675000000000E+03,  6.85299329886485E-02,  3.73497250000000E-01, -1.19070610210053E+01,  3.61900000000000E+01,  4.84570286456069E+01,  2.29221768774435E+02
 1.89683333300000E+03,  8.07391727042700E-02,  2.33976500000000E-01, -1.19183286835523E+01,  3.63700000000000E+01,  4.77629076710162E+01,  2.18933536269341E+02
 1.89691666700000E+03,  1.01649418781367E-01,  1.81051250000000E-01, -1.19291882890569E+01,  3.65500000000000E+01,  4.94077272498234E+01,  2.20047624096683E+02
 1.89700000000000E+03,  1.36321739321797E-01,  1.94934750000000E-01, -1.19396395091135E+01,  3.67300000000000E+01,  5.06725735485940E+01,  2.09559602032212E+02
 1.89708333300000E+03,  1.76280168441889E-01,  1.00911525000000E-01, -1.19496820511948E+01,  3.69100000000000E+01,  4.62067089550793E+01,  1.63015191740034E+02
 1.89716666700000E+03,  2.06558481943898E-01, -8.78322000000000E-02, -1.19593156586393E+01,  3.70900000000000E+01,  4.67131660268828E+01,  5.20729764366843E+01
 1.89725000000000E+03,  2.19923483651747E-01, -2.42413225000000E-01, -1.19685401106326E+01,  3.72700000000000E+01,  3.58457097436302E+01,  5.53724588437800E+01
 1.89733333300000E+03,  2.24114550435579E-01, -2.45026750000000E-01, -1.19773552221864E+01,  3.74500000000000E+01,  3.33305532762356E+01,  2.76065569888928E+01
 1.89741666700000E+03,  2.34749242925063E-01, -1.09040325000000E-01, -1.19857608441124E+01,  3.76300000000000E+01,  3.33464628147205E+01,  9.88651799104915E+01
 1.89750000000000E+03,  2.60723017808451E-01,  1.82978500000000E-02, -1.19937568629932E+01,  3.78100000000000E+01,  3.39691636765082E+01,  1.45702511116831E+02
 1.89758333300000E+03,  2.48132762843745E-01,  7.83706750000000E-02, -1.20013432011482E+01,  3.79900000000000E+01,  2.47376856564117E+01,  1.37708856047312E+02
 1.89766666700000E+03,  1.73543423486710E-01, -9.06625000000000E-03, -5.40774961106174E-01,  3.81700000000000E+01,  2.26149803057321E+01,  1.52851467211396E+02
 1.89775000000000E+03,  1.16306863327346E-01, -2.93983250000000E-01, -5.58550621183237E-01,  3.83500000000000E+01,  1.68359844954216E+01,  1.49901007716875E+02
 1.89783333300000E+03,  9.34464097214003E-02, -4.60792250000000E-01, -5.76684978007904E-01,  3.85300000000000E+01,  2.40941043284001E+01,  7.84119594508860E+01
 1.89791666700000E+03,  8.22295918077454E-02, -4.42870000000000E-01, -5.95177692106840E-01,  3.87100000000000E+01,  3.60643495069252E+01,  1.55146146331586E+02
 1.89800000000000E+03,  9.18396538539320E-02, -4.21559250000000E-01, -6.14028389532407E-01,  3.88900000000000E+01,  7.60922055319241E+01,  1.96155268712882E+02
 1.89808333300000E+03,  1.16771368176534E-01, -3.53350000000000E-01, -6.33236661834469E-01,  3.90700000000000E+01,  7.37962689520893E+01,  2.03201653731774E+02
 1.89816666700000E+03,  1.43578501046336E-01, -2.22491450000000E-01, -6.52802066036213E-01,  3.92500000000000E+01,  7.98078611509375E+01,  2.07509865513232E+02
 1.89825000000000E+03,  1.64887863569095E-01, -9.48529750000000E-02, -6.72724124613975E-01,  3.94299999999999E+01,  7.40191763354008E+01,  3.07369177132702E+02
 1.89833333300000E+03,  1.86561227459645E-01,  7.14290000000000E-03, -6.93002325481077E-01,  3.96099999999999E+01,  8.86206711641544E+01,  2.37917706226114E+02
 1.89841666700000E+03,  2.20717503117169E-01,  2.50379250000000E-02, -7.13636121975698E-01,  3.97899999999999E+01,  6.62327559466939E+01,  3.54123359958776E+02
 1.89850000000000E+03,  2.71502488083261E-01, -1.07210000000000E-01, -7.34624932852754E-01,  3.99699999999999E+01,  8.85828794215667E+01,  3.27132044846797E+02
 1.89858333300000E+03,  2.09040295191476E-01, -1.69652852500000E-01, -7.55968142279788E-01,  4.01499999999999E+01,  9.08991567625220E+01,  3.67566347037847E+02
 1.89866666700000E+03,  1.92991000966427E-02, -1.33307955000000E-01, -1.46037736335882E+01,  4.03299999999999E+01,  1.07286938093837E+02,  3.68469882397894E+02
 1.89875000000000E+03, -7.64515991600321E-02, -2.39918852500000E-01, -1.46441600556922E+01,  4.05099999999999E+01,  1.12951225122977E+02,  3.62948487578909E+02
 1.89883333300000E+03, -9.18063984010327E-02, -4.05759500000000E-01, -1.46842659536373E+01,  4.06899999999999E+01,  1.00454803065535E+02,  2.36774110867861E+02
 1.89891666700000E+03, -1.23963960130531E-01, -5.45460250000000E-01, -1.47240882906449E+01,  4.08699999999999E+01,  8.54134763711533E+01,  2.58510022641106E+02
 1.89900000000000E+03, -1.31699582817868E-01, -6.35405250000000E-01, -1.47636240561406E+01,  4.10499999999999E+01,  7.56911253082890E+01,  2.16607934674658E+02
 1.89908333300000E+03, -9.62186834762873E-02, -5.95928250000000E-01, -1.48028702660537E+01,  4.12299999999999E+01,  1.10752481661952E+02,  2.21840412110973E+02
 1.89916666700000E+03, -2.94802316398618E-02, -4.82464250000000E-01, -1.48418239631128E+01,  4.14099999999999E+01,  7.33170357399617E+01,  2.94481272702846E+02
 1.89925000000000E+03,  3.90007772355373E-02, -3.28092500000000E-01, -1.48804822171397E+01,  4.15899999999999E+01,  6.59531086930759E+01,  3.26872837947444E+02
 1.89933333300000E+03,  8.24032878450476E-02, -2.16172500000000E-01, -1.49188421253387E+01,  4.17699999999999E+01,  6.87375722025221E+01,  4.11711335699589E+02
 1.89941666700000E+03,  8.86588144677326E-02, -1.23509750000000E-01, -1.49569008125836E+01,  4.19499999999999E+01,  1.09422721243241E+02,  4.80780326018389E+02
 1.89950000000000E+03,  6.05886406746489E-02, -2.96210000000000E-02, -1.49946554317011E+01,  4.21299999999999E+01,  1.10475785120528E+02,  5.50197523266510E+02
 1.89958333300000E+03,  6.94846995371505E-02, -1.10258500000000E-01, -1.50321031637510E+01,  4.23099999999999E+01,  1.66495147100724E+02,  6.88304403698056E+02
 1.89966666700000E+03,  1.47606453029272E-01, -7.68400000000000E-02, -6.03759784438466E+00,  4.24899999999999E+01,  1.69886369757326E+02,  6.47584103196178E+02
 1.89975000000000E+03,  2.03509085472175E-01,  2.41779000000000E-01, -6.02401103170865E+00,  4.26699999999999E+01,  1.63339629548730E+02,  5.98374277229981E+02
 1.89983333300000E+03,  2.23810531233128E-01,  4.86213000000000E-01, -6.01040766065642E+00,  4.28499999999999E+01,  1.39683841770574E+02,  6.16267362826435E+02
 1.89991666700000E+03,  2.54216187756321E-01,  5.00448500000000E-01, -5.99678602973913E+00,  4.30299999999999E+01,  8.41939336704173E+01,  5.46758150641612E+02
 1.90000000000000E+03,  2.91895964785898E-01,  2.94233625000000E-01, -5.98314444722962E+00,  4.32099999999999E+01,  5.53142833808385E+01,  2.89601817666893E+02
 1.90008333300000E+03,  3.21716023563887E-01,  5.21367000000000E-02, -5.96948123146576E+00,  4.33899999999999E+01,  8.93337336484227E+01,  2.69934783323505E+02
 1.90016666700000E+03,  3.26288358029384E-01, -3.13454000000000E-02, -5.95579471115214E+00,  4.35699999999999E+01,  1.11597666645435E+02,  2.12750890041789E+02
 1.90025000000000E+03,  3.00820385855683E-01, -1.47547750000000E-02, -5.94208322566032E+00,  4.37499999999999E+01,  1.15667532373354E+02,  1.62564349000074E+02
 1.90033333300000E+03,  2.58558721138767E-01, -3.60845000000000E-03, -5.92834512532727E+00,  4.39299999999999E+01,  1.19458662547874E+02,  6.87139030267252E+01
 1.90041666700000E+03,  2.20702190855448E-01,  2.07453250000000E-02, -5.91457877175232E+00,  4.41099999999999E+01,  9.58238968545296E+01,  6.24406130520552E+01
 1.90050000000000E+03,  1.99315932305274E-01,  1.45993475000000E-01, -5.90078253809224E+00,  4.42899999999999E+01,  6.14611745238209E+01,  8.95438132880285E+01
 1.90058333300000E+03,  1.49156171361928E-01,  2.82003500000000E-01, -5.88695480935466E+00,  4.44699999999999E+01,  4.02303951117605E+01,  2.88345062578298E+02
 1.90066666700000E+03,  5.69226323997574E-02,  3.81339000000000E-01, -1.18295355104899E+01,  4.46499999999999E+01,  2.11500695956144E+01,  3.85878681982046E+02
 1.90075000000000E+03, -2.73863231749366E-03,  4.61599000000000E-01, -1.18432825380082E+01,  4.48299999999999E+01,  1.98985053355672E+01,  3.78878314724015E+02
 1.90083333300000E+03, -2.17545582926074E-02,  4.68612250000000E-01, -1.18566242881871E+01,  4.50099999999999E+01,  2.79777667278045E+01,  4.90207122543361E+02
 1.90091666700000E+03, -2.66585846824709E-02,  4.96940000000000E-01, -1.18695602137473E+01,  4.51899999999999E+01,  3.61894780805527E+01,  5.06373211249158E+02
 1.90100000000000E+03, -1.19012155300748E-02,  5.13475750000000E-01, -1.18820898032854E+01,  4.53699999999999E+01,  5.75321969027191E+01,  3.38851260643714E+02
 1.90108333300000E+03,  1.36253112175005E-02,  4.37333500000000E-01, -1.18942125812846E+01,  4.55499999999999E+01,  5.88364917180713E+01,  3.12332632401372E+02
 1.90116666700000E+03,  3.40428958650578E-02,  3.57576000000000E-01, -1.19059281081213E+01,  4.57299999999999E+01,  6.94208124487427E+01,  4.87812726144700E+02
 1.90125000000000E+03,  4.11071622557583E-02,  3.08810250000000E-01, -1.19172359800680E+01,  4.59099999999999E+01,  5.89803706973780E+01,  6.26942337106496E+02
 1.90133333300000E+03,  4.17454463417244E-02,  2.80939250000000E-01, -1.19281358292918E+01,  4.60899999999999E+01,  5.16984882071945E+01,  6.19545655002641E+02
 1.90141666700000E+03,  5.11191528878942E-02,  2.66068500000000E-01, -1.19386273238492E+01,  4.62699999999999E+01,  3.08892529257310E+01,  5.94076995701390E+02
 1.90150000000000E+03,  7.80363689959339E-02,  2.84500000000000E-01, -1.19487101676765E+01,  4.64499999999999E+01,  4.79773508738421E+01,  5.42466821891171E+02
 1.90158333300000E+03,  1.03373235894680E-01,  2.50959350000000E-01, -1.19583841005769E+01,  4.66299999999999E+01,  4.38442568203524E+01,  3.69275761737845E+02
 1.90166666700000E+03,  9.93674444458550E-02,  1.02077400000000E-01, -5.84141949569577E+00,  4.68099999999999E+01,  7.29130371782285E+01,  1.41761995396798E+02
 1.90175000000000E+03,  7.25005265380930E-02, -1.04195000000000E-01, -5.82743918166639E+00,  4.69899999999999E+01,  1.04745164896167E+02,  1.41167124413562E+02
 1.90183333300000E+03,  4.50930349318055E-02, -3.09291050000000E-01, -5.81341906019777E+00,  4.71699999999999E+01,  1.21308350910340E+02,  1.48507570998130E+02
 1.90191666700000E+03,  3.17606515806753E-02, -4.60318000000000E-01, -5.79935759725153E+00,  4.73499999999999E+01,  1.01118168899311E+02,  1.39430836897152E+02
 1.90200000000000E+03,  3.81676573134835E-02, -5.04023000000000E-01, -5.78525327271836E+00,  4.75299999999999E+01,  9.52685518836619E+01,  1.94548766721043E+02
 1.90208333300000E+03,  5.55741541846833E-02, -4.88837000000000E-01, -5.77110458069532E+00,  4.77099999999999E+01,  6.33736351264158E+01,  1.76945323267910E+02
 1.90216666700000E+03,  6.81788209341534E-02, -4.07204625000000E-01, -5.75691002976122E+00,  4.78899999999999E+01,  4.35337938889482E+01,  2.14725873116191E+02
 1.90225000000000E+03,  6.76462760433855E-02, -4.30047500000000E-02, -5.74266814324964E+00,  4.80699999999999E+01,  2.87020191967945E+01,  2.23042700378694E+02
 1.90233333300000E+03,  6.05876625704411E-02,  3.08782125000000E-01, -5.72837745951993E+00,  4.82499999999999E+01,  3.02727338506007E+01,  2.16676354472458E+02
 1.90241666700000E+03,  6.16083390517960E-02,  3.38674000000000E-01, -5.71403653222590E+00,  4.84299999999999E+01,  5.12659869709929E+01,  2.12747211341282E+02
 1.90250000000000E+03,  7.87502853228768E-02,  3.56712000000000E-01, -5.69964393058230E+00,  4.86099999999999E+01,  5.09400870678114E+01,  2.29921643633199E+02
 1.90258333300000E+03,  1.60854327034778E-01,  5.21611750000000E-01, -5.68519823962896E+00,  4.87899999999999E+01,  4.47248894573095E+01,  2.31520447226440E+02
 1.90266666700000E+03,  3.10053925089419E-01,  6.18481250000000E-01, -1.24333867357523E+01,  4.89699999999999E+01,  4.10791563236335E+01,  2.24278688534832E+02
 1.90275000000000E+03,  4.09191358413072E-01,  5.25656000000000E-01, -1.23933453911138E+01,  4.91499999999999E+01,  4.24767967237288E+01,  2.30218342973202E+02
 1.90283333300000E+03,  4.18023501837055E-01,  4.63925500000000E-01, -1.23533138892892E+01,  4.93299999999999E+01,  2.94368878369014E+01,  2.74491718217794E+02
 1.90291666700000E+03,  3.82689970814390E-01,  5.46196750000000E-01, -1.23132950109716E+01,  4.95099999999999E+01,  3.73654112623103E+01,  2.74762812621074E+02
 1.90300000000000E+03,  3.37248449862500E-01,  7.28059750000000E-01, -1.22732915201511E+01,  4.96899999999999E+01,  3.70703771579531E+01,  2.99326343310716E+02
 1.90308333300000E+03,  3.10850072005177E-01,  9.21596000000000E-01, -1.22333061638227E+01,  4.98699999999999E+01,  3.40977743661716E+01,  3.21354233787172E+02
 1.90316666700000E+03,  3.12909951643373E-01,  9.51062750000000E-01, -1.21933416716951E+01,  5.00499999999999E+01,  3.49192439029635E+01,  3.35958557716015E+02
 1.90325000000000E+03,  3.33319599723075E-01,  7.73845500000000E-01, -1.21534007559037E+01,  5.02299999999999E+01,  2.39776134737650E+01,  3.04652668224490E+02
 1.90333333300000E+03,  3.51721769659357E-01,  6.19951250000000E-01, -1.21134861107253E+01,  5.04099999999999E+01,  4.56942071929343E+01,  3.88209847625990E+02
 1.90341666700000E+03,  3.47301214324581E-01,  5.61219500000000E-01, -1.20736004122960E+01,  5.05899999999999E+01,  9.57461142445525E+01,  3.82415950889066E+02
 1.90350000000000E+03,  3.06089722265598E-01,  4.97670750000000E-01, -1.20337463183322E+01,  5.07699999999999E+01,  9.91474687295021E+01,  5.35850130733419E+02
 1.90358333300000E+03,  2.35413115487790E-01,  5.04268250000000E-01, -1.19939264678539E+01,  5.09499999999999E+01,  1.25929768702158E+02,  5.19462644844100E+02
 1.90366666700000E+03,  1.76141282240238E-01,  4.61637500000000E-01, -8.20277093097872E+00,  5.11299999999999E+01,  1.27500785336164E+02,  4.60899363501942E+02
 1.90375000000000E+03,  1.51532393672874E-01,  3.22111750000000E-01, -8.17791342959592E+00,  5.13099999999999E+01,  9.84991766544190E+01,  4.05685561381915E+02
 1.90383333300000E+03,  1.39022436538500E-01,  1.86603025000000E-01, -8.15322340150891E+00,  5.14899999999999E+01,  1.15484025317573E+02,  4.60320508269241E+02
 1.90391666700000E+03,  1.30322240578100E-01, -7.74274500000000E-02, -8.12870038404269E+00,  5.16699999999999E+01,  1.99406887064268E+02,  7.90775871896087E+02
 1.90400000000000E+03,  1.34645939260167E-01, -3.13133700000000E-01, -8.10434388843232E+00,  5.18499999999999E+01,  1.84619918162311E+02,  7.90595972032107E+02
 1.90408333300000E+03,  1.46570314651046E-01, -1.64434450000000E-01, -8.08015339998439E+00,  5.20299999999999E+01,  1.86021266266996E+02,  8.73938329208830E+02
 1.90416666700000E+03,  1.54788324179859E-01,  1.00476525000000E-01, -8.05612837824179E+00,  5.22099999999999E+01,  1.86945221489161E+02,  8.33641988779983E+02
 1.90425000000000E+03,  1.57174010703534E-01,  6.75872500000000E-02, -8.03226825715195E+00,  5.23899999999999E+01,  1.12967019257542E+02,  6.96046725071276E+02
 1.90433333300000E+03,  1.66945213029505E-01, -8.14591000000000E-02, -8.00857244523846E+00,  5.25699999999999E+01,  2.63878859046529E+01,  1.84872386834587E+02
 1.90441666700000E+03,  2.02880736693666E-01, -1.87979500000000E-02, -7.98504032577591E+00,  5.27499999999999E+01,  3.70412393969441E+01,  1.96761491128205E+02
 1.90450000000000E+03,  2.71953297045160E-01,  7.50024375000000E-02, -7.96167125696821E+00,  5.29299999999999E+01,  3.62737727636777E+01,  1.43144425744233E+02
 1.90458333300000E+03,  3.21275726282677E-01,  2.22622000000000E-02, -7.93846457213008E+00,  5.31099999999999E+01,  9.29646843347498E+01,  2.98209182923276E+02
 1.90466666700000E+03,  2.95333894836160E-01,  6.64087875000000E-02, -7.44606607121151E+00,  5.32899999999999E+01,  1.29312208922250E+02,  3.36931742964592E+02
 1.90475000000000E+03,  2.33246354384315E-01,  7.14438750000000E-02, -7.42650649950165E+00,  5.34699999999999E+01,  1.75993999587803E+02,  6.66973860953091E+02
 1.90483333300000E+03,  1.83247740418484E-01, -2.23812500000000E-02, -7.40708505196149E+00,  5.36499999999999E+01,  1.52160617682059E+02,  6.43654122225407E+02
 1.90491666700000E+03,  1.56169498872837E-01,  1.22301000000000E-01, -7.38780048707890E+00,  5.38299999999999E+01,  1.52649398448189E+02,  6.62973199796545E+02
 1.90500000000000E+03,  1.55727318134275E-01,  3.72534000000000E-01, -7.36865154451129E+00,  5.40099999999999E+01,  1.00744821929849E+02,  5.30727020953226E+02
 1.90508333300000E+03,  1.69700208634569E-01,  4.77504500000000E-01, -7.34963694534720E+00,  5.41899999999999E+01,  8.01103726124679E+01,  7.39253419315363E+02
 1.90516666700000E+03,  1.77997736811942E-01,  3.93541500000000E-01, -7.33075539237020E+00,  5.43699999999999E+01,  1.24709140289508E+02,  6.22857490367119E+02
 1.90525000000000E+03,  1.67991781084033E-01,  2.49485250000000E-01, -7.31200557032522E+00,  5.45499999999999E+01,  1.31460696305066E+02,  6.49670917264459E+02
 1.90533333300000E+03,  1.42740115424903E-01,  7.40960000000000E-02, -7.29338614618703E+00,  5.47299999999999E+01,  1.31806385270576E+02,  5.95416799982979E+02
 1.90541666700000E+03,  1.14602366229182E-01,  3.84202500000000E-02, -7.27489576943110E+00,  5.49099999999999E+01,  1.70122844647534E+02,  5.71860909354285E+02
 1.90550000000000E+03,  9.10053468263357E-02,  2.69662500000000E-01, -7.25653307230655E+00,  5.50899999999999E+01,  1.64661455876194E+02,  3.83042801386322E+02
 1.90558333300000E+03,  1.07629187472263E-01,  4.93519000000000E-01, -7.23829667011139E+00,  5.52699999999999E+01,  7.74061291764056E+01,  1.76681233003511E+02
 1.90566666700000E+03,  1.75737212330832E-01,  6.10107750000000E-01, -1.01752016378637E+01,  5.54499999999999E+01,  7.23435377534383E+01,  1.76101556311036E+02
 1.90575000000000E+03,  2.30254295834096E-01,  4.75152750000000E-01, -1.01589274340435E+01,  5.56299999999999E+01,  7.29210399433418E+01,  1.86805805413953E+02
 1.90583333300000E+03,  2.52875463297485E-01,  3.35922750000000E-01, -1.01425689144047E+01,  5.58099999999999E+01,  4.20791709360800E+01,  1.98697567532092E+02
 1.90591666700000E+03,  2.71830953702845E-01,  3.94592250000000E-01, -1.01261250936575E+01,  5.59899999999999E+01,  3.38345722763170E+01,  2.39699894803688E+02
 1.90600000000000E+03,  2.91201918920687E-01,  3.59631250000000E-01, -1.01095950097169E+01,  5.61699999999999E+01,  2.85901330386964E+01,  2.53603273180002E+02
 1.90608333300000E+03,  3.02473541059870E-01,  4.95503000000000E-01, -1.00929777239072E+01,  5.63499999999999E+01,  4.28842234827734E+01,  2.13889697971890E+02
 1.90616666700000E+03,  2.91872192578201E-01,  7.51818000000000E-01, -1.00762723211642E+01,  5.65299999999999E+01,  4.63566786740777E+01,  2.27501580912669E+02
 1.90625000000000E+03,  2.54705555216013E-01,  6.11387500000000E-01, -1.00594779102332E+01,  5.67099999999999E+01,  4.51215116085248E+01,  2.04141723223595E+02
 1.90633333300000E+03,  2.02490481992298E-01,  3.70352000000000E-01, -1.00425936238640E+01,  5.68899999999999E+01,  4.38788747299678E+01,  1.14107787205088E+02
 1.90641666700000E+03,  1.55515503205736E-01,  3.77921250000000E-01, -1.00256186190015E+01,  5.70699999999999E+01,  5.84688351705621E+01,  1.10960737229691E+02
 1.90650000000000E+03,  1.27712462708047E-01,  5.11430000000000E-01, -1.00085520769737E+01,  5.72499999999999E+01,  8.97883239918296E+01,  2.50357301598287E+02
 1.90658333300000E+03,  1.23607580779778E-01,  4.48058975000000E-01, -9.99139320367572E+00,  5.74299999999999E+01,  9.16252205420518E+01,  3.36783549471419E+02
 1.90666666700000E+03,  1.38366026392102E-01,  7.71484500000000E-02, -1.52313958169533E+01,  5.76099999999999E+01,  8.84610432338373E+01,  4.40419201801126E+02
 1.90675000000000E+03,  1.46285151293959E-01, -6.68177750000000E-02, -1.52667917879274E+01,  5.77899999999999E+01,  1.12447814808221E+02,  4.23592795709802E+02
 1.90683333300000E+03,  1.21788713035597E-01,  8.95028250000000E-02, -1.53018607342211E+01,  5.79699999999999E+01,  9.89543949083469E+01,  4.67740889787130E+02
 1.90691666700000E+03,  7.32801328291386E-02,  9.99952250000000E-02, -1.53366000868012E+01,  5.81499999999999E+01,  6.47395234628377E+01,  3.10147719995519E+02
 1.90700000000000E+03,  2.72807105879052E-02,  1.34196500000000E-02, -1.53710073073534E+01,  5.83299999999999E+01,  6.93870832633353E+01,  2.74890262962287E+02
 1.90708333300000E+03,  6.85335623001533E-04,  3.72595000000000E-03, -1.54050798885261E+01,  5.85099999999999E+01,  6.35074255423422E+01,  1.79383643060757E+02
 1.90716666700000E+03, -3.14889844597225E-03,  4.76950000000000E-02, -1.54388153541712E+01,  5.86899999999999E+01,  4.48577690287444E+01,  2.39436841104685E+02
 1.90725000000000E+03,  1.25403275087936E-02,  1.36120325000000E-01, -1.54722112595807E+01,  5.88699999999999E+01,  7.23190342490216E+01,  2.00662230654390E+02
 1.90733333300000E+03,  4.42924044065560E-02,  1.83128150000000E-01, -1.55052651917199E+01,  5.90499999999999E+01,  5.96726271773145E+01,  2.22868087406805E+02
 1.90741666700000E+03,  8.66747242029543E-02,  1.63314250000000E-01, -1.55379747694571E+01,  5.92299999999999E+01,  4.89566218708347E+01,  1.83916936561801E+02
 1.90750000000000E+03,  1.26550379897384E-01,  2.66906125000000E-01, -1.55703376437890E+01,  5.94099999999999E+01,  4.87890927900716E+01,  1.78047567627710E+02
 1.90758333300000E+03,  1.46598965665316E-01,  3.85387750000000E-01, -1.56023514980630E+01,  5.95899999999999E+01,  6.43336857893829E+01,  1.73251047246668E+02
 1.90766666700000E+03,  1.45688354904748E-01,  2.58491050000000E-01, -7.33171548933049E+00,  5.97699999999999E+01,  3.76609735335376E+01,  1.52188416987746E+02
 1.90775000000000E+03,  1.39359120936317E-01,  6.77796000000000E-02, -7.31295897877044E+00,  5.99499999999999E+01,  8.55632370594899E+01,  1.30523726158328E+02
 1.90783333300000E+03,  1.37962943303772E-01,  5.41890500000000E-02, -7.29433293455124E+00,  6.01299999999999E+01,  9.16768710129296E+01,  1.02215426849250E+02
 1.90791666700000E+03,  1.45916573747802E-01,  6.71931250000000E-02, -7.27583600703454E+00,  6.03099999999999E+01,  9.11395144090584E+01,  1.03734359998787E+02
 1.90800000000000E+03,  1.60931591465833E-01,  2.56158500000000E-03, -7.25746682934169E+00,  6.04899999999999E+01,  6.80205477329311E+01,  5.05239763842730E+01
 1.90808333300000E+03,  1.67237409939708E-01, -9.25904550000000E-02, -7.23922401762881E+00,  6.06699999999999E+01,  8.21717825303537E+01,  7.93407203698236E+01
 1.90816666700000E+03,  1.45069901017494E-01, -9.61454150000000E-02, -7.22110617136396E+00,  6.08499999999999E+01,  3.23781350938846E+01,  1.27965176301767E+02
 1.90825000000000E+03,  8.65124553769997E-02,  1.21477000000000E-01, -7.20311187360652E+00,  6.10299999999999E+01,  2.77857624629261E+01,  1.20747597251278E+02
 1.90833333300000E+03,  3.00669357012837E-03,  1.60448250000000E-01, -7.18523969128852E+00,  6.12099999999999E+01,  2.60082422438773E+01,  1.32451889744440E+02
 1.90841666700000E+03, -8.27988340501337E-02, -5.85708250000000E-02, -7.16748817549800E+00,  6.13899999999999E+01,  3.58074101237100E+01,  1.98657248043177E+02
 1.90850000000000E+03, -1.53551038608740E-01, -8.49539250000000E-02, -7.14985586176435E+00,  6.15699999999999E+01,  4.75833571196968E+01,  2.18863921336177E+02
 1.90858333300000E+03, -1.55613282047611E-01,  5.12761250000000E-02, -7.13234127034572E+00,  6.17499999999999E+01,  5.42048141672285E+01,  1.74487953515220E+02
 1.90866666700000E+03, -9.40708689821156E-02,  1.05504150000000E-01, -1.58033891339008E+01,  6.19299999999999E+01,  5.33503512111033E+01,  2.77184797787996E+02
 1.90875000000000E+03, -7.09276469486399E-02,  1.96929000000000E-02, -1.57760214841919E+01,  6.21099999999999E+01,  6.16333218035127E+01,  2.80111425679404E+02
 1.90883333300000E+03, -7.63289803843127E-02, -8.23112250000000E-02, -1.57483766508169E+01,  6.22899999999999E+01,  8.61255405981198E+01,  2.93597113962236E+02
 1.90891666700000E+03, -4.62980142191377E-02, -1.43649950000000E-01, -1.57204574373208E+01,  6.24699999999999E+01,  6.63078824217979E+01,  2.95052974542705E+02
 1.90900000000000E+03,  1.93272665241657E-02, -1.56355000000000E-01, -1.56922666640600E+01,  6.26499999999999E+01,  7.40008574176006E+01,  3.44528284584527E+02
 1.90908333300000E+03,  9.98496807230311E-02, -9.49502500000000E-02, -1.56638071678475E+01,  6.28299999999999E+01,  7.20271519411566E+01,  2.78350426252186E+02
 1.90916666700000E+03,  1.64333655959528E-01, -2.75383000000000E-02, -1.56350818015972E+01,  6.30099999999999E+01,  6.26486572183075E+01,  2.69408725272066E+02
 1.90925000000000E+03,  1.90765558709519E-01,  1.04316650000000E-01, -1.56060934339662E+01,  6.31899999999999E+01,  2.84184944277552E+01,  1.83241992623382E+02
 1.90933333300000E+03,  1.78151411607798E-01,  1.62842700000000E-01, -1.55768449489959E+01,  6.33699999999999E+01,  2.04110583172162E+01,  1.24561892782715E+02
 1.90941666700000E+03,  1.42635437077749E-01, -3.93000000000000E-02, -1.55473392457519E+01,  6.35499999999999E+01,  3.27026852690027E+01,  9.50235636617135E+01
 1.90950000000000E+03,  1.03279185749636E-01, -2.45833250000000E-01, -1.55175792379627E+01,  6.37299999999999E+01,  7.81459070268377E+01,  1.76869244137163E+02
 1.90958333300000E+03,  3.44133547964857E-02, -2.49251825000000E-01, -1.54875678536565E+01,  6.39099999999999E+01,  8.69730999807296E+01,  2.23164120162318E+02
 1.90966666700000E+03, -6.88885811527292E-02, -2.24565650000000E-01, -1.64899698880839E+01,  6.40899999999999E+01,  9.63950203840868E+01,  4.58359092011848E+02
 1.90975000000000E+03, -1.45346977371161E-01, -3.38308575000000E-01, -1.64738668810063E+01,  6.42699999999999E+01,  1.05602756190090E+02,  4.61648781280606E+02
 1.90983333300000E+03, -1.91160122909862E-01, -4.15489000000000E-01, -1.64578553750003E+01,  6.44499999999999E+01,  9.63811363919341E+01,  4.41068068536042E+02
 1.90991666700000E+03, -2.27432286246303E-01, -3.95089750000000E-01, -1.64419334724338E+01,  6.46299999999999E+01,  5.05213097577678E+01,  3.92475255390290E+02
 1.91000000000000E+03, -2.46100288012574E-01, -3.93805750000000E-01, -1.64260992658777E+01,  6.48099999999999E+01,  5.12551880890341E+01,  4.03571994210332E+02
 1.91008333300000E+03, -2.52631369393552E-01, -3.52445000000000E-01, -1.64103508384804E+01,  6.49900000000000E+01,  5.10220161708331E+01,  3.75804330858921E+02
 1.91016666700000E+03, -2.59294048742100E-01, -3.35673500000000E-01, -1.63946862643432E+01,  6.51700000000000E+01,  5.36015580399328E+01,  4.31230925905620E+02
 1.91025000000000E+03, -2.71423592397518E-01, -4.34515250000000E-01, -1.63791036088964E+01,  6.53500000000000E+01,  7.26961637246603E+01,  4.54466323549849E+02
 1.91033333300000E+03, -2.80695595110766E-01, -5.05666250000000E-01, -1.63636009292771E+01,  6.55300000000000E+01,  9.32941318703539E+01,  4.01261431660708E+02
 1.91041666700000E+03, -2.72553763701335E-01, -5.13059500000000E-01, -1.63481762747078E+01,  6.57100000000000E+01,  8.90716196571171E+01,  3.46294126797715E+02
 1.91050000000000E+03, -2.40781786622231E-01, -5.24936500000000E-01, -1.63328276868751E+01,  6.58900000000000E+01,  9.20001890233953E+01,  1.46942997843693E+02
 1.91058333300000E+03, -2.19567175482449E-01, -5.55244750000000E-01, -1.63175532003109E+01,  6.60700000000000E+01,  1.20409411876534E+02,  1.38245103289314E+02
 1.91066666700000E+03, -2.32360014710877E-01, -5.88708500000000E-01, -1.64105690123822E+01,  6.62500000000000E+01,  1.26193683320251E+02,  2.63008736286059E+02
 1.91075000000000E+03, -2.30382712756738E-01, -5.29148500000000E-01, -1.63706937062111E+01,  6.64300000000000E+01,  1.28339718302193E+02,  2.42655253292809E+02
 1.91083333300000E+03, -1.81307508737477E-01, -3.66968750000000E-01, -1.63308855829089E+01,  6.66100000000000E+01,  1.80063248287975E+02,  2.43327568595824E+02
 1.91091666700000E+03, -1.06064612709530E-01, -2.19725000000000E-01, -1.62911471213475E+01,  6.67900000000000E+01,  2.04466046564024E+02,  3.12100326247397E+02
 1.91100000000000E+03, -3.82845918808260E-02, -1.20094100000000E-01, -1.62514807766277E+01,  6.69700000000000E+01,  1.64270779531244E+02,  3.00981079445317E+02
 1.91108333300000E+03, -1.10324658542751E-02, -1.02514950000000E-01, -1.62118889798316E+01,  6.71500000000000E+01,  1.23735579623117E+02,  1.64311675200593E+02
 1.91116666700000E+03, -3.64945332610183E-02, -2.34476350000000E-01, -1.61723741377782E+01,  6.73300000000000E+01,  1.34182730004465E+02,  1.61558159714940E+02
 1.91125000000000E+03, -9.42305759939860E-02, -2.65453302000000E-01, -1.61329386327832E+01,  6.75100000000000E+01,  1.10713769317408E+02,  1.61666855011813E+02
 1.91133333300000E+03, -1.40336453898559E-01, -1.82468854000000E-01, -1.60935848224223E+01,  6.76900000000001E+01,  1.20219971240164E+02,  8.18654476926796E+01
 1.91141666700000E+03, -1.35275212421708E-01, -2.68681552000000E-01, -1.60543150392977E+01,  6.78700000000001E+01,  1.48894476274320E+02,  1.43415793372944E+02
 1.91150000000000E+03, -7.17923406776481E-02, -4.77119750000000E-01, -1.60151315908098E+01,  6.80500000000001E+01,  1.68913178213937E+02,  3.59038036832788E+02
 1.91158333300000E+03, -8.81088473395102E-02, -6.24102750000000E-01, -1.59760367589309E+01,  6.82300000000001E+01,  1.36864671441332E+02,  4.36709936045237E+02
 1.91166666700000E+03, -2.24612062133108E-01, -5.26706250000000E-01, -9.31485546554611E+00,  6.84100000000001E+01,  1.06629722191000E+02,  5.17977943433436E+02
 1.91175000000000E+03, -2.63671598715817E-01, -2.02676750000000E-01, -9.36400614569782E+00,  6.85900000000001E+01,  7.46706129992693E+01,  5.86453203103186E+02
 1.91183333300000E+03, -1.77511108285320E-01, -1.73417500000000E-02, -9.41328398581134E+00,  6.87700000000001E+01,  6.87566371911261E+01,  5.03005594266476E+02
 1.91191666700000E+03, -9.17907651290368E-02,  7.40999999999999E-03, -9.46268531284878E+00,  6.89500000000001E+01,  5.00680983999657E+01,  3.15114066029242E+02
 1.91200000000000E+03, -4.63238206623504E-02,  1.93136000000000E-01, -9.51220643832945E+00,  6.91300000000001E+01,  5.50156908825174E+01,  2.48477149357795E+02
 1.91208333300000E+03, -4.31906981110260E-02,  3.75706500000000E-01, -9.56184365870204E+00,  6.93100000000001E+01,  5.50302275389951E+01,  1.62251747405461E+02
 1.91216666700000E+03, -4.48002313785660E-02,  3.91323750000000E-01, -9.61159325571875E+00,  6.94900000000001E+01,  6.24767677479107E+01,  1.06174000310306E+02
 1.91225000000000E+03, -6.88323904666194E-03,  2.84857975000000E-01, -9.66145149681110E+00,  6.96700000000001E+01,  4.87448594901354E+01,  1.14767564240779E+02
 1.91233333300000E+03,  8.03789913879898E-02,  1.34230000000000E-01, -9.71141463546778E+00,  6.98500000000001E+01,  4.68573972746814E+01,  7.87373886632602E+01
 1.91241666700000E+03,  1.79402442087202E-01,  1.43991825000000E-01, -9.76147891161412E+00,  7.00300000000001E+01,  4.81454604225390E+01,  1.15604488399042E+02
 1.91250000000000E+03,  2.34479028638877E-01,  1.99499450000000E-01, -9.81164055199321E+00,  7.02100000000002E+01,  4.47779867256254E+01,  1.21769754220735E+02
 1.91258333300000E+03,  2.04142676015498E-01,  1.04685450000000E-01, -9.86189577054891E+00,  7.03900000000002E+01,  3.38494932987547E+01,  2.46764831720027E+02
 1.91266666700000E+03,  1.13150540884147E-01,  1.73476000000000E-02, -9.70818219232376E+00,  7.05700000000002E+01,  3.60632517320480E+01,  2.31872160691055E+02
 1.91275000000000E+03,  2.79136018357695E-02,  6.72459500000000E-02, -9.68938094764661E+00,  7.07500000000002E+01,  4.46429498008360E+01,  2.42294615056368E+02
 1.91283333300000E+03, -3.73499916647049E-02,  1.10561675000000E-01, -9.67047754051703E+00,  7.09300000000002E+01,  4.41475296914558E+01,  2.95439311598135E+02
 1.91291666700000E+03, -8.17888512723794E-02, -5.26845000000000E-03, -9.65147166709005E+00,  7.11100000000002E+01,  4.56306843190730E+01,  2.99497359773689E+02
 1.91300000000000E+03, -9.05171366457420E-02, -5.46587250000000E-02, -9.63236305094639E+00,  7.12900000000002E+01,  3.92123129716111E+01,  2.18585413330383E+02
 1.91308333300000E+03, -7.31068309196792E-02,  1.72539750000000E-01, -9.61315144319631E+00,  7.14700000000002E+01,  3.48872348670972E+01,  2.25920664834835E+02
 1.91316666700000E+03, -5.57096630128896E-02,  3.87864250000000E-01, -9.59383662257931E+00,  7.16500000000002E+01,  2.42787133782801E+01,  2.21860410402321E+02
 1.91325000000000E+03, -5.85752879094945E-02,  3.88106250000000E-01, -9.57441839555981E+00,  7.18300000000002E+01,  1.75275998212271E+01,  2.26938889907525E+02
 1.91333333300000E+03, -7.98814930591321E-02,  2.14904250000000E-01, -9.55489659641873E+00,  7.20100000000002E+01,  1.85216969718253E+01,  2.17975695673657E+02
 1.91341666700000E+03, -1.00612185049194E-01, -3.67205000000000E-02, -9.53527108734093E+00,  7.21900000000002E+01,  1.56178849471925E+01,  1.87669522966585E+02
 1.91350000000000E+03, -1.05207046007494E-01, -2.12844750000000E-01, -9.51554175849861E+00,  7.23700000000002E+01,  8.69500911677809E+00,  1.85604159568456E+02
 1.91358333300000E+03, -5.99593625228442E-02, -1.88939250000000E-01, -9.49570852813048E+00,  7.25500000000002E+01,  9.87693090508224E+00,  1.97216148355848E+02
 1.91366666700000E+03,  3.53368273872891E-02, -1.16278000000000E-01, -2.27695306884991E+01,  7.27300000000002E+01,  2.27695718076199E+01,  2.26754000668458E+02
 1.91375000000000E+03,  1.13406010830861E-01, -1.46916402500000E-01, -2.27435702486382E+01,  7.29100000000003E+01,  2.33845334520864E+01,  2.63041259753717E+02
 1.91383333300000E+03,  1.60817140130753E-01, -1.09201455000000E-01, -2.27175395140396E+01,  7.30900000000003E+01,  2.16749391021057E+01,  2.49262695200243E+02
 1.91391666700000E+03,  2.02445935970934E-01, -7.37094525000000E-02, -2.26914402013375E+01,  7.32700000000003E+01,  2.40451802781800E+01,  2.67066625579502E+02
 1.91400000000000E+03,  2.35123105334713E-01,  2.76078500000000E-02, -2.26652740578828E+01,  7.34500000000003E+01,  3.78071975972632E+01,  2.95938582135696E+02
 1.91408333300000E+03,  2.47583149296247E-01,  2.07220625000000E-01, -2.26390428615367E+01,  7.36300000000003E+01,  2.32439373879049E+01,  1.94495189003063E+02
 1.91416666700000E+03,  2.28509209321492E-01,  2.78311250000000E-01, -2.26127484204604E+01,  7.38100000000003E+01,  1.99810524301705E+01,  1.55735639218409E+02
 1.91425000000000E+03,  1.80070752941279E-01,  3.71332875000000E-01, -2.25863925728990E+01,  7.39900000000003E+01,  2.16341843502216E+01,  2.13327688729686E+02
 1.91433333300000E+03,  1.22934118184684E-01,  3.84416250000000E-01, -2.25599771869601E+01,  7.41700000000003E+01,  3.32644780528239E+01,  2.81975942566049E+02
 1.91441666700000E+03,  8.59565895720036E-02,  2.92056250000000E-01, -2.25335041603884E+01,  7.43500000000003E+01,  3.45314501811243E+01,  3.43803690460715E+02
 1.91450000000000E+03,  8.82294314942661E-02,  2.82779750000000E-01, -2.25069754203346E+01,  7.45300000000003E+01,  3.75131596591870E+01,  3.33156424917975E+02
 1.91458333300000E+03,  1.67478967741183E-01,  2.50172200000000E-01, -2.24803929231193E+01,  7.47100000000003E+01,  6.35182831529141E+01,  3.57246898239695E+02
 1.91466666700000E+03,  2.68329785266966E-01,  1.02992025000000E-01, -2.98259973073105E+01,  7.48900000000003E+01,  7.49220678035214E+01,  3.50275315843057E+02
 1.91475000000000E+03,  2.64216491176993E-01,  3.90562000000000E-02, -2.98618548900614E+01,  7.50700000000003E+01,  7.03746985982311E+01,  2.78534982570302E+02
 1.91483333300000E+03,  2.08815009865331E-01,  1.07885125000000E-01, -2.98973440719258E+01,  7.52500000000003E+01,  7.21528348729281E+01,  2.79764553352000E+02
 1.91491666700000E+03,  2.03096576093144E-01,  2.21359500000000E-01, -2.99324620280165E+01,  7.54300000000003E+01,  9.14412004109483E+01,  2.63509649894085E+02
 1.91500000000000E+03,  2.48001183331372E-01,  3.80414750000000E-01, -2.99672059714106E+01,  7.56100000000004E+01,  6.62052489041056E+01,  2.39021226048336E+02
 1.91508333300000E+03,  3.14309369300298E-01,  4.66371250000000E-01, -3.00015731534403E+01,  7.57900000000004E+01,  6.27635643462494E+01,  2.32973170105510E+02
 1.91516666700000E+03,  3.59775604655628E-01,  3.56814750000000E-01, -3.00355608639793E+01,  7.59700000000004E+01,  7.77259646146465E+01,  2.68730223590700E+02
 1.91525000000000E+03,  3.55159335033427E-01,  1.32197250000000E-01, -3.00691664317244E+01,  7.61500000000004E+01,  8.67992460230396E+01,  2.41915316848009E+02
 1.91533333300000E+03,  2.99975569352305E-01, -4.26950000000000E-02, -3.01023872244718E+01,  7.63300000000004E+01,  7.00131091036029E+01,  3.24160677251461E+02
 1.91541666700000E+03,  2.17591844193100E-01, -9.50550750000000E-02, -3.01352206493881E+01,  7.65100000000004E+01,  9.15496746156985E+01,  3.86781768349142E+02
 1.91550000000000E+03,  1.36401547865367E-01, -5.80298000000000E-02, -3.01676641532773E+01,  7.66900000000004E+01,  1.01661017102444E+02,  3.44153830282147E+02
 1.91558333300000E+03,  1.52095167097006E-01,  2.19511250000000E-02, -3.01997152228414E+01,  7.68700000000004E+01,  9.50024917840736E+01,  3.50248064258313E+02
 1.91566666700000E+03,  2.53303683328906E-01,  1.62355850000000E-01, -2.20859535351585E+01,  7.70500000000004E+01,  7.76899026244061E+01,  2.84341724726451E+02
 1.91575000000000E+03,  2.68828222179470E-01,  2.84585500000000E-01, -2.21372850462806E+01,  7.72300000000004E+01,  7.52884483627564E+01,  2.17805128101591E+02
 1.91583333300000E+03,  2.32115646192748E-01,  3.10255000000000E-01, -2.21884958527106E+01,  7.74100000000004E+01,  5.31511584418373E+01,  1.54724775354698E+02
 1.91591666700000E+03,  2.59062523781201E-01,  3.14919750000000E-01, -2.22395816914721E+01,  7.75900000000004E+01,  5.10933714661752E+01,  1.45726454888835E+02
 1.91600000000000E+03,  3.23162512310070E-01,  3.01903000000000E-01, -2.22905383100882E+01,  7.77700000000004E+01,  4.96374325037364E+01,  7.06036025868738E+01
 1.91608333300000E+03,  3.52565852863850E-01,  2.70426500000000E-01, -2.23413614670485E+01,  7.79500000000004E+01,  4.47639402655588E+01,  1.06914246371493E+02
 1.91616666700000E+03,  2.98007120639218E-01,  2.57253750000000E-01, -2.23920469322739E+01,  7.81300000000005E+01,  9.90589379528721E+01,  2.22518263201320E+02
 1.91625000000000E+03,  1.81216917539814E-01,  3.68221500000000E-01, -2.24425904875805E+01,  7.83100000000005E+01,  1.11647837266042E+02,  3.44444969122372E+02
 1.91633333300000E+03,  7.87747690656835E-02,  5.62587000000000E-01, -2.24929879271419E+01,  7.84900000000005E+01,  1.11773680633127E+02,  4.01077921588469E+02
 1.91641666700000E+03,  5.56712905535364E-02,  5.23548500000000E-01, -2.25432350579503E+01,  7.86700000000005E+01,  1.01320421236871E+02,  5.16996894026427E+02
 1.91650000000000E+03,  1.08751034137134E-01,  2.07524000000000E-01, -2.25933277002756E+01,  7.88500000000005E+01,  1.16681168663181E+02,  7.09902733687212E+02
 1.91658333300000E+03,  3.86577719007518E-02, -1.10255500000000E-01, -2.26432616881232E+01,  7.90300000000005E+01,  6.59389469273219E+01,  6.26171831522843E+02
 1.91666666700000E+03, -1.92825056717486E-01, -1.95848975000000E-01, -1.79624863733314E+01,  7.92100000000005E+01,  6.53351149358160E+01,  5.83356442481247E+02
 1.91675000000000E+03, -2.95767066857251E-01, -1.42039200000000E-01, -1.79369614282537E+01,  7.93900000000005E+01,  7.37271566925515E+01,  6.46198400835718E+02
 1.91683333300000E+03, -2.60724774436910E-01, -1.75716225000000E-01, -1.79113671595379E+01,  7.95700000000005E+01,  6.90085710274405E+01,  5.71822678048432E+02
 1.91691666700000E+03, -2.29596365159580E-01, -2.54190750000000E-01, -1.78857051877096E+01,  7.97500000000005E+01,  4.87597040421531E+01,  3.29334485038310E+02
 1.91700000000000E+03, -2.02268320942505E-01, -1.80383000000000E-01, -1.78599771623458E+01,  7.99300000000005E+01,  4.57741135760450E+01,  3.32783800695228E+02
 1.91708333300000E+03, -1.83141375428195E-01,  3.76427500000000E-02, -1.78341847618880E+01,  8.01100000000005E+01,  5.65017095035144E+01,  3.40686445458213E+02
 1.91716666700000E+03, -1.82178857324623E-01,  7.71207500000000E-02, -1.78083296934493E+01,  8.02900000000005E+01,  4.41871593707402E+01,  2.37509855215182E+02
 1.91725000000000E+03, -2.05924526244117E-01, -1.21044500000000E-01, -1.77824136926178E+01,  8.04700000000005E+01,  4.98809668130532E+01,  1.95695602439515E+02
 1.91733333300000E+03, -2.47714969391642E-01, -2.59220500000000E-01, -1.77564385232548E+01,  8.06500000000005E+01,  6.15832872603438E+01,  1.91078765535387E+02
 1.91741666700000E+03, -2.87605183256830E-01, -3.26202250000000E-01, -1.77304059772893E+01,  8.08300000000006E+01,  7.76045998990406E+01,  1.72572474460743E+02
 1.91750000000000E+03, -3.03184033174397E-01, -4.01335750000000E-01, -1.77043178745067E+01,  8.10100000000006E+01,  6.29959797661506E+01,  8.53404222054752E+01
 1.91758333300000E+03, -2.66497074210979E-01, -3.85563000000000E-01, -1.76781760623337E+01,  8.11900000000006E+01,  5.67247879323075E+01,  9.95829592077871E+01
 1.91766666700000E+03, -1.97590253406047E-01, -2.46109950000000E-01, -2.84548231004155E+01,  8.13700000000006E+01,  8.40085354887277E+01,  1.24066447469061E+02
 1.91775000000000E+03, -1.65122519873554E-01, -1.06598650000000E-01, -2.84318519315649E+01,  8.15500000000006E+01,  7.16138618164249E+01,  1.77479359879321E+02
 1.91783333300000E+03, -1.71544530096483E-01, -5.11509750000000E-02, -2.84087674631656E+01,  8.17300000000006E+01,  5.68708861660146E+01,  1.70878378070411E+02
 1.91791666700000E+03, -1.78328457729754E-01, -2.45932500000000E-03, -2.83855702619702E+01,  8.19100000000006E+01,  7.69032602174351E+01,  1.88005929794506E+02
 1.91800000000000E+03, -1.71219202021817E-01,  8.83142500000000E-03, -2.83622609313992E+01,  8.20900000000006E+01,  7.64227546883484E+01,  2.04470974614347E+02
 1.91808333300000E+03, -1.49822601977789E-01, -6.12710250000000E-02, -2.83388401115253E+01,  8.22700000000006E+01,  5.00423323505062E+01,  1.80250834634035E+02
 1.91816666700000E+03, -1.22280456401709E-01, -1.82439000000000E-01, -2.83153084790526E+01,  8.24500000000006E+01,  6.43844699930682E+01,  1.64857118796424E+02
 1.91825000000000E+03, -9.24270419128741E-02, -3.14038250000000E-01, -2.82916667472893E+01,  8.26300000000006E+01,  6.11734423285995E+01,  1.52172844314320E+02
 1.91833333300000E+03, -5.32845503634433E-02, -3.55713750000000E-01, -2.82679156661136E+01,  8.28100000000006E+01,  4.33695370547112E+01,  2.75559558617719E+02
 1.91841666700000E+03,  5.94490925212079E-03, -3.75308000000000E-01, -2.82440560219349E+01,  8.29900000000006E+01,  3.62500240212479E+01,  2.21724383862589E+02
 1.91850000000000E+03,  8.62448355527356E-02, -3.99974500000000E-01, -2.82200886376478E+01,  8.31700000000006E+01,  3.24386344833408E+01,  2.80917100395724E+02
 1.91858333300000E+03,  1.62798544695503E-01, -2.44141700000000E-01, -2.81960143725799E+01,  8.33500000000006E+01,  4.71187675748792E+01,  2.81457247660681E+02
 1.91866666700000E+03,  1.98529719637007E-01, -1.54332250000000E-02, -2.58252952668042E+01,  8.35300000000007E+01,  7.81761710243862E+01,  3.71516026163580E+02
 1.91875000000000E+03,  1.91092465712507E-01,  7.78466250000000E-02, -2.58102271622034E+01,  8.37100000000007E+01,  7.90350905094828E+01,  2.40131610260361E+02
 1.91883333300000E+03,  1.71313762679002E-01,  1.06778375000000E-01, -2.57952134118634E+01,  8.38900000000007E+01,  8.28143774800618E+01,  3.28024165222246E+02
 1.91891666700000E+03,  1.63015006727369E-01,  1.99892475000000E-01, -2.57802518011045E+01,  8.40700000000007E+01,  8.40991366460450E+01,  3.43340629747315E+02
 1.91900000000000E+03,  1.71977294745422E-01,  3.18879750000000E-01, -2.57653401130236E+01,  8.42500000000007E+01,  1.30455116401451E+02,  5.67942822009146E+02
 1.91908333300000E+03,  1.89541544748991E-01,  3.97442500000000E-01, -2.57504761289431E+01,  8.44300000000007E+01,  1.38888014574910E+02,  5.74009024022198E+02
 1.91916666700000E+03,  2.00147916888563E-01,  4.13200500000000E-01, -2.57356576288609E+01,  8.46100000000007E+01,  1.67911990198142E+02,  5.69231396268400E+02
 1.91925000000000E+03,  1.96042915990950E-01,  3.08660000000000E-01, -2.57208823918998E+01,  8.47900000000007E+01,  1.81371703251173E+02,  6.12487062982616E+02
 1.91933333300000E+03,  1.84867418405441E-01,  1.76184475000000E-01, -2.57061481967572E+01,  8.49700000000007E+01,  1.91266383162682E+02,  5.36688923672012E+02
 1.91941666700000E+03,  1.82697744732888E-01,  9.64316000000000E-02, -2.56914528221541E+01,  8.51500000000007E+01,  1.42524864551790E+02,  5.20594272200523E+02
 1.91950000000000E+03,  1.99350039784120E-01,  1.24844275000000E-01, -2.56767940472841E+01,  8.53300000000007E+01,  1.23466315932515E+02,  4.73867310678526E+02
 1.91958333300000E+03,  1.45407061507903E-01,  2.01739400000000E-01, -2.56621696522623E+01,  8.55100000000007E+01,  8.94114083983635E+01,  4.83192666255228E+02
 1.91966666700000E+03,  9.91385741788913E-03,  1.64061000000000E-01, -2.92285341054953E+01,  8.56900000000007E+01,  7.81043538719227E+01,  4.12448259727771E+02
 1.91975000000000E+03, -2.94049644988883E-02,  8.28265650000000E-02, -2.92696887272552E+01,  8.58700000000007E+01,  8.00538130129074E+01,  5.08673271652940E+02
 1.91983333300000E+03,  5.16020419728868E-02,  8.25916300000000E-02, -2.93105230922557E+01,  8.60500000000008E+01,  7.40804696859352E+01,  3.36617695867555E+02
 1.91991666700000E+03,  1.67202165684359E-01,  1.31423740000000E-01, -2.93510338304575E+01,  8.62300000000008E+01,  6.96714779821378E+01,  2.83297290843834E+02
 1.92000000000000E+03,  2.82893510735230E-01,  1.28899350000000E-01, -2.93912176047027E+01,  8.64100000000008E+01,  9.97775481417337E+01,  3.08506668318677E+02
 1.92008333300000E+03,  3.55938975271608E-01,  1.50415175000000E-01, -2.94310711110768E+01,  8.65900000000008E+01,  1.12394285498177E+02,  2.62305806048572E+02
 1.92016666700000E+03,  3.61495836754580E-01,  1.34913000000000E-01, -2.94705910792663E+01,  8.67700000000008E+01,  1.02103591887941E+02,  1.85570577154115E+02
 1.92025000000000E+03,  3.11042668138833E-01, -3.76347500000000E-02, -2.95097742729112E+01,  8.69500000000008E+01,  9.75994134678393E+01,  1.32087493898145E+02
 1.92033333300000E+03,  2.47827303757017E-01, -4.04652500000000E-02, -2.95486174899544E+01,  8.71300000000008E+01,  9.16175335624198E+01,  1.56438120469299E+02
 1.92041666700000E+03,  2.19780855986409E-01,  3.04347500000000E-01, -2.95871175629857E+01,  8.73100000000008E+01,  5.91371051576669E+01,  1.21693839870610E+02
 1.92050000000000E+03,  2.48206426933554E-01,  5.49231500000000E-01, -2.96252713595818E+01,  8.74900000000008E+01,  4.76937838141259E+01,  1.20082007954615E+02
 1.92058333300000E+03,  2.37918858479471E-01,  4.91456250000000E-01, -2.96630757826421E+01,  8.76700000000008E+01,  4.64761027844009E+01,  2.36570719007499E+02
 1.92066666700000E+03,  1.42175437832897E-01,  5.88071750000000E-01, -2.01891442442320E+01,  8.78500000000008E+01,  3.67693025572747E+01,  2.58411178910323E+02
 1.92075000000000E+03,  8.43804228835926E-02,  6.69949250000000E-01, -2.01686068745689E+01,  8.80300000000008E+01,  3.27514422102944E+01,  2.67082632603444E+02
 1.92083333300000E+03,  7.78401494343937E-02,  2.88723250000000E-01, -2.01482747616325E+01,  8.82100000000008E+01,  5.44029300045254E+01,  2.76514112807514E+02
 1.92091666700000E+03,  6.79364380928831E-02, -1.34237500000000E-02, -2.01281510130721E+01,  8.83900000000008E+01,  7.75969064544799E+01,  4.43115057910556E+02
 1.92100000000000E+03,  6.19213466724125E-02, -2.40817500000000E-02, -2.01082387284401E+01,  8.85700000000008E+01,  7.27574880056512E+01,  3.39877958461074E+02
 1.92108333300000E+03,  5.42005583241141E-02, -2.21819500000000E-01, -2.00885409987203E+01,  8.87500000000009E+01,  6.84692331629395E+01,  2.93614437701697E+02
 1.92116666700000E+03,  3.08526254091850E-02, -3.05719000000000E-01, -2.00690609058556E+01,  8.89300000000009E+01,  6.34694013385270E+01,  3.33209127535642E+02
 1.92125000000000E+03, -1.66465560512944E-02, -1.31936000000000E-01, -2.00498015222769E+01,  8.91100000000009E+01,  4.53374932358869E+01,  3.27115925342514E+02
 1.92133333300000E+03, -8.24970233149950E-02, -1.70180000000000E-01, -2.00307659104326E+01,  8.92900000000009E+01,  2.19315270556052E+01,  2.76506434604143E+02
 1.92141666700000E+03, -1.50997917314897E-01, -2.08909875000000E-01, -2.00119571223185E+01,  8.94700000000009E+01,  2.70897080367248E+01,  3.67473078063294E+02
 1.92150000000000E+03, -2.09229711735549E-01,  1.22897500000000E-02, -1.99933781990085E+01,  8.96500000000009E+01,  3.90856325493834E+01,  6.11148020904380E+02
 1.92158333300000E+03, -2.31384623913851E-01,  2.42484625000000E-01, -1.99750321701866E+01,  8.98300000000009E+01,  5.05955414601013E+01,  5.83210419590381E+02
 1.92166666700000E+03, -2.12964235444058E-01,  2.64718250000000E-01, -2.44466307753190E+01,  9.00100000000009E+01,  5.77209837993077E+01,  5.78978136035732E+02
 1.92175000000000E+03, -1.96034826514133E-01,  7.56340000000000E-02, -2.44602534404737E+01,  9.01900000000009E+01,  5.38909652277051E+01,  5.44635939142307E+02
 1.92183333300000E+03, -1.87093507215192E-01, -2.59830000000000E-02, -2.44742955615248E+01,  9.03700000000009E+01,  5.95999332338953E+01,  4.36978727775134E+02
 1.92191666700000E+03, -1.61952976888226E-01,  9.52378250000000E-02, -2.44887573243337E+01,  9.05500000000009E+01,  6.71942933288644E+01,  2.07819040742520E+02
 1.92200000000000E+03, -1.16397026025675E-01,  1.58617150000000E-01, -2.45036388690417E+01,  9.07300000000009E+01,  5.33325065514849E+01,  2.27935828578368E+02
 1.92208333300000E+03, -6.11563872506221E-02,  2.15845075000000E-01, -2.45189402899465E+01,  9.09100000000009E+01,  4.32671747728577E+01,  2.23690802846065E+02
 1.92216666700000E+03, -1.44573454368438E-02,  2.22791250000000E-01, -2.45346616353839E+01,  9.10900000000009E+01,  7.28009642463465E+01,  1.51553772710709E+02
 1.92225000000000E+03,  1.27245234357548E-02,  1.26406500000000E-01, -2.45508029076163E+01,  9.12700000000009E+01,  7.52897265559800E+01,  1.72564880193679E+02
 1.92233333300000E+03,  2.44620923009231E-02,  1.69470500000000E-01, -2.45673640627273E+01,  9.14500000000010E+01,  6.37061462818478E+01,  2.21170479603400E+02
 1.92241666700000E+03,  3.33108983546140E-02,  2.73183750000000E-01, -2.45843450105223E+01,  9.16300000000010E+01,  6.78070452561424E+01,  1.76561922249145E+02
 1.92250000000000E+03,  4.61619728127582E-02,  4.06442250000000E-01, -2.46017456144356E+01,  9.18100000000010E+01,  1.09111975141459E+02,  2.93613162723217E+02
 1.92258333300000E+03,  8.91466187941481E-02,  5.20095750000000E-01, -2.46195656914436E+01,  9.19900000000010E+01,  9.79234021734836E+01,  3.59648872889084E+02
 1.92266666700000E+03,  1.50167043593998E-01,  4.46430500000000E-01, -3.22990673596941E+01,  9.21700000000010E+01,  8.66279662014146E+01,  3.34216051991217E+02
 1.92275000000000E+03,  1.45106012531225E-01,  3.34163500000000E-01, -3.23503297505767E+01,  9.23500000000010E+01,  9.89833968066447E+01,  3.13953033712812E+02
 1.92283333300000E+03,  7.17500558868512E-02,  2.75677745000000E-01, -3.24014141162015E+01,  9.25300000000010E+01,  1.10519903662364E+02,  2.99853036151365E+02
 1.92291666700000E+03,  1.81378858180732E-02,  1.19858440000000E-01, -3.24523159486045E+01,  9.27100000000010E+01,  1.12681113364215E+02,  2.75095534473598E+02
 1.92300000000000E+03,  4.57844657787907E-02, -1.69106050000000E-02, -3.25030307574484E+01,  9.28900000000010E+01,  1.72766061259933E+02,  2.04039480937695E+02
 1.92308333300000E+03,  1.45864552467223E-01,  1.62022000000000E-02, -3.25535540705447E+01,  9.30700000000010E+01,  1.90230340302469E+02,  2.75647284348541E+02
 1.92316666700000E+03,  2.45773254756542E-01,  1.33841500000000E-01, -3.26038814343716E+01,  9.32500000000010E+01,  1.71813905366791E+02,  2.32704392444326E+02
 1.92325000000000E+03,  2.73624881996972E-01,  1.91214750000000E-01, -3.26540084145910E+01,  9.34300000000010E+01,  1.58193639914938E+02,  2.11214430819708E+02
 1.92333333300000E+03,  2.20710053186995E-01,  1.26844050000000E-01, -3.27039305965619E+01,  9.36100000000010E+01,  1.15015133246970E+02,  1.72326546948127E+02
 1.92341666700000E+03,  1.46171861911794E-01, -4.02784000000000E-02, -3.27536435858524E+01,  9.37900000000010E+01,  7.36404361964945E+01,  2.21118862957486E+02
 1.92350000000000E+03,  1.22134973928017E-01, -3.83539500000000E-02, -3.28031430087477E+01,  9.39700000000011E+01,  5.54131438529911E+01,  1.58008006385245E+02
 1.92358333300000E+03,  1.45426783044698E-01,  2.83796250000000E-01, -3.28524245127566E+01,  9.41500000000011E+01,  6.24830270082871E+01,  1.88477260865410E+02
 1.92366666700000E+03,  1.61127547930554E-01,  5.73520500000000E-01, -2.58730123987808E+01,  9.43300000000011E+01,  8.92342282187698E+01,  1.89752941075510E+02
 1.92375000000000E+03,  1.59813952444538E-01,  6.73555750000000E-01, -2.58467639085913E+01,  9.45100000000011E+01,  1.00360979153610E+02,  1.72838816604448E+02
 1.92383333300000E+03,  1.52783934258903E-01,  6.55778250000000E-01, -2.58206089686491E+01,  9.46900000000011E+01,  6.22299581670732E+01,  1.37806283629351E+02
 1.92391666700000E+03,  1.44473972498451E-01,  5.96050750000000E-01, -2.57945508019240E+01,  9.48700000000011E+01,  6.66989284033952E+01,  1.23226711369293E+02
 1.92400000000000E+03,  1.42437025105250E-01,  5.48337250000000E-01, -2.57685926407636E+01,  9.50500000000011E+01,  8.11013974382002E+01,  1.91681138072110E+02
 1.92408333300000E+03,  1.47861840859258E-01,  5.61339500000000E-01, -2.57427377264141E+01,  9.52300000000011E+01,  5.51145227559115E+01,  2.16490343366563E+02
 1.92416666700000E+03,  1.60493872130182E-01,  5.80373750000000E-01, -2.57169893085390E+01,  9.54100000000011E+01,  4.12743221476428E+01,  1.90139441471263E+02
 1.92425000000000E+03,  1.83629626244589E-01,  3.92232250000000E-01, -2.56913506447359E+01,  9.55900000000011E+01,  4.41452346975911E+01,  2.11156540835717E+02
 1.92433333300000E+03,  2.22650848457886E-01,  2.00847500000000E-01, -2.56658250000513E+01,  9.57700000000011E+01,  3.94172745833464E+01,  2.88518495860420E+02
 1.92441666700000E+03,  2.77460438088702E-01,  1.60344575000000E-01, -2.56404156464935E+01,  9.59500000000011E+01,  2.59267161757316E+01,  1.85085853348668E+02
 1.92450000000000E+03,  3.36647333634724E-01,  6.04013500000000E-02, -2.56151258625439E+01,  9.61300000000011E+01,  2.36851006650864E+01,  1.57200859508312E+02
 1.92458333300000E+03,  2.83330183025869E-01, -6.27625250000000E-02, -2.55899589326657E+01,  9.63100000000011E+01,  3.98300157291648E+01,  1.71984412059491E+02
 1.92466666700000E+03,  9.52322660837817E-02, -1.32737300000000E-01, -2.48648521818179E+01,  9.64900000000011E+01,  3.49975205533386E+01,  1.43049818891069E+02
 1.92475000000000E+03, -3.62363894908374E-02, -2.57128250000000E-01, -2.48456448876594E+01,  9.66700000000012E+01,  5.32450471756015E+01,  1.60174115558284E+02
 1.92483333300000E+03, -8.29387375130272E-02, -2.77112275000000E-01, -2.48266728216148E+01,  9.68500000000012E+01,  4.30873618850243E+01,  1.61575576648453E+02
 1.92491666700000E+03, -1.15120719977611E-01, -1.97867550000000E-01, -2.48079391574821E+01,  9.70300000000012E+01,  5.11803535030028E+01,  1.70746246143716E+02
 1.92500000000000E+03, -1.25878696552565E-01, -3.63013775000000E-01, -2.47894470567203E+01,  9.72100000000012E+01,  5.90854015201906E+01,  2.66670714773815E+02
 1.92508333300000E+03, -1.23289871720266E-01, -5.62072500000000E-01, -2.47711996679464E+01,  9.73900000000012E+01,  6.88613874128295E+01,  2.44553256365792E+02
 1.92516666700000E+03, -1.22847147013845E-01, -5.30932000000000E-01, -2.47532001264339E+01,  9.75700000000012E+01,  5.68421964154174E+01,  1.45750876384784E+02
 1.92525000000000E+03, -1.32704674879011E-01, -3.64993000000000E-01, -2.47354515536121E+01,  9.77500000000012E+01,  5.66720942783454E+01,  1.56807065248555E+02
 1.92533333300000E+03, -1.46045859587737E-01, -3.23458000000000E-01, -2.47179570565669E+01,  9.79300000000012E+01,  6.16104431715419E+01,  2.36871587655725E+02
 1.92541666700000E+03, -1.47999574594989E-01, -3.74221250000000E-01, -2.47007197275425E+01,  9.81100000000012E+01,  4.26150464978747E+01,  2.22537464368437E+02
 1.92550000000000E+03, -1.30270945024096E-01, -1.85698325000000E-01, -2.46837426434455E+01,  9.82900000000012E+01,  3.50196405656371E+01,  2.22387075862876E+02
 1.92558333300000E+03, -2.50195170385116E-02,  9.45063500000000E-02, -2.46670288653489E+01,  9.84700000000012E+01,  3.05866777406891E+01,  2.34379089073618E+02
 1.92566666700000E+03,  1.61105536679597E-01,  2.60014925000000E-01, -2.99165261419424E+01,  9.86500000000012E+01,  4.91893413573131E+01,  2.67117832162368E+02
 1.92575000000000E+03,  2.86620712675158E-01,  3.68421500000000E-01, -2.99709742274435E+01,  9.88300000000012E+01,  4.42251375141775E+01,  2.41733956582626E+02
 1.92583333300000E+03,  3.37442364929636E-01,  4.30595000000000E-01, -3.00254537463565E+01,  9.90100000000012E+01,  5.24868823671038E+01,  1.63443189048398E+02
 1.92591666700000E+03,  3.39127898329200E-01,  3.80680750000000E-01, -3.00799599565101E+01,  9.91900000000012E+01,  6.07769829606020E+01,  4.26300753607545E+02
 1.92600000000000E+03,  2.73342237096787E-01,  3.19833750000000E-01, -3.01344881089948E+01,  9.93700000000013E+01,  6.77924619250461E+01,  4.45068325297434E+02
 1.92608333300000E+03,  1.85825657089921E-01,  3.43046250000000E-01, -3.01890334487145E+01,  9.95500000000013E+01,  6.79200971176229E+01,  4.98898117199220E+02
 1.92616666700000E+03,  1.36745258739335E-01,  2.78445500000000E-01, -3.02435912149387E+01,  9.97300000000013E+01,  7.30516894290932E+01,  4.67852850320894E+02
 1.92625000000000E+03,  1.36715462424687E-01,  1.57182250000000E-01, -3.02981566418555E+01,  9.99100000000013E+01,  7.31018326024365E+01,  4.58156000673621E+02
 1.92633333300000E+03,  1.35504404564701E-01,  2.04298750000000E-01, -3.03527249591253E+01,  1.00090000000001E+02,  6.81082595814817E+01,  2.25480912995537E+02
 1.92641666700000E+03,  7.55844627626132E-02,  2.84007000000000E-01, -3.04072913924357E+01,  1.00270000000001E+02,  6.25096394154971E+01,  1.95104341412852E+02
 1.92650000000000E+03, -4.51841137709741E-02,  2.33876500000000E-01, -3.04618511640565E+01,  1.00450000000001E+02,  4.60703001566419E+01,  1.13420637347360E+02
 1.92658333300000E+03, -9.92228568217070E-02,  1.94478750000000E-01, -3.05163994933958E+01,  1.00630000000001E+02,  3.72677003863725E+01,  1.77262511171133E+02
 1.92666666700000E+03, -4.13971151390337E-02,  9.68100000000000E-02, -2.51155906374581E+01,  1.00810000000001E+02,  3.17450199261146E+01,  2.31976580225968E+02
 1.92675000000000E+03, -2.20803928478485E-02, -7.05491250000000E-02, -2.50937846587604E+01,  1.00990000000001E+02,  2.91688035455089E+01,  2.12445986655732E+02
 1.92683333300000E+03, -5.29851312901824E-02, -1.18749500000000E-01, -2.50721745831268E+01,  1.01170000000001E+02,  2.48627230868179E+01,  2.70755781991827E+02
 1.92691666700000E+03, -4.88046749569664E-02, -6.66388750000000E-02, -2.50507636937309E+01,  1.01350000000001E+02,  2.85332026048412E+01,  3.09135870497076E+02
 1.92700000000000E+03, -4.13610712431843E-03,  2.08250500000000E-02, -2.50295552675733E+01,  1.01530000000001E+02,  3.35546012234239E+01,  2.40297852120722E+02
 1.92708333300000E+03,  5.77816687151596E-02,  1.52693500000000E-02, -2.50085525749708E+01,  1.01710000000001E+02,  3.56066671260663E+01,  1.88966954234154E+02
 1.92716666700000E+03,  1.02678604449470E-01, -4.10536750000000E-02, -2.49877588790465E+01,  1.01890000000001E+02,  4.62355353274774E+01,  4.77695807015870E+02
 1.92725000000000E+03,  1.13574256542744E-01, -5.99972000000000E-02, -2.49671774352198E+01,  1.02070000000001E+02,  7.16209437373396E+01,  4.46461043031367E+02
 1.92733333300000E+03,  1.02272902074775E-01, -7.77093750000000E-02, -2.49468114906966E+01,  1.02250000000001E+02,  7.66827464254787E+01,  4.42989301016527E+02
 1.92741666700000E+03,  9.33367457118732E-02,  8.53995000000000E-03, -2.49266642839607E+01,  1.02430000000001E+02,  8.83806443003725E+01,  4.59664825239381E+02
 1.92750000000000E+03,  9.73579107140640E-02,  1.59878600000000E-01, -2.49067390442643E+01,  1.02610000000001E+02,  7.84109093389045E+01,  4.75713920012542E+02
 1.92758333300000E+03,  1.01880157898929E-01,  2.15622500000000E-01, -2.48870389911208E+01,  1.02790000000001E+02,  6.61319087666808E+01,  3.06981507033730E+02
 1.92766666700000E+03,  1.13435200588608E-01,  2.14874500000000E-01, -3.89966729408587E+01,  1.02970000000001E+02,  4.40485000436563E+01,  2.87640605977868E+02
 1.92775000000000E+03,  1.40802598511123E-01,  1.93352507500000E-01, -3.90380849269053E+01,  1.03150000000001E+02,  5.29639788005662E+01,  3.04265489904857E+02
 1.92783333300000E+03,  1.43403508662789E-01,  1.91083265000000E-01, -3.90791466609189E+01,  1.03330000000001E+02,  4.51772444701554E+01,  3.02165575164489E+02
 1.92791666700000E+03,  9.92063820505697E-02,  3.23087757500000E-01, -3.91198545671342E+01,  1.03510000000001E+02,  5.02479744467672E+01,  2.90923348367488E+02
 1.92800000000000E+03,  3.48414362599197E-02,  3.86861500000000E-01, -3.91602051079962E+01,  1.03690000000001E+02,  5.68510297735466E+01,  2.91002802052115E+02
 1.92808333300000E+03, -1.90986370372243E-02,  2.73797250000000E-01, -3.92001947845644E+01,  1.03870000000001E+02,  7.30428616197410E+01,  5.13268620943795E+02
 1.92816666700000E+03, -4.37624891814373E-02,  1.94678500000000E-01, -3.92398201369129E+01,  1.04050000000001E+02,  5.49455280871475E+01,  4.57963947150267E+02
 1.92825000000000E+03, -3.60510594541622E-02,  2.53094000000000E-01, -3.92790777445235E+01,  1.04230000000001E+02,  6.97024412749462E+01,  5.24175398963496E+02
 1.92833333300000E+03, -5.21877582264046E-03,  3.56844750000000E-01, -3.93179642266750E+01,  1.04410000000001E+02,  6.92408865441933E+01,  5.07997041426958E+02
 1.92841666700000E+03,  3.14784060959533E-02,  3.84349000000000E-01, -3.93564762428265E+01,  1.04590000000001E+02,  6.51820983297949E+01,  4.10059242035390E+02
 1.92850000000000E+03,  5.33647845619220E-02,  3.39723250000000E-01, -3.93946104929951E+01,  1.04770000000001E+02,  4.53024449075605E+01,  2.25066659407035E+02
 1.92858333300000E+03,  4.17371799752543E-02,  2.90798750000000E-01, -3.94323637181279E+01,  1.04950000000001E+02,  8.05597348385049E+01,  2.81770216891412E+02
 1.92866666700000E+03,  1.93184604807023E-02,  2.74616000000000E-01, -3.77425900366567E+01,  1.05130000000001E+02,  6.05198365646171E+01,  1.75187159990125E+02
 1.92875000000000E+03,  7.26535815973322E-03,  2.94947750000000E-01, -3.77920639990629E+01,  1.05310000000001E+02,  6.32461369925931E+01,  2.22465776226177E+02
 1.92883333300000E+03, -3.21473076998113E-02,  2.62851100000000E-01, -3.78412986685187E+01,  1.05490000000001E+02,  6.73956780186134E+01,  1.88651417224873E+02
 1.92891666700000E+03, -9.01405598380888E-02,  1.81201200000000E-01, -3.78902895991496E+01,  1.05670000000001E+02,  6.87382792138833E+01,  1.62851338917924E+02
 1.92900000000000E+03, -1.02488960532496E-01,  1.48640925000000E-01, -3.79390323704150E+01,  1.05850000000002E+02,  3.43020210916805E+01,  1.06863437366522E+02
 1.92908333300000E+03, -4.76508358937118E-02,  8.80292175000000E-02, -3.79875225876321E+01,  1.06030000000002E+02,  2.61442268239392E+01,  2.11481089090621E+02
 1.92916666700000E+03,  3.47331004620437E-02,  3.48916000000000E-03, -3.80357558824979E+01,  1.06210000000002E+02,  3.81523510691132E+01,  1.65926440804998E+02
 1.92925000000000E+03,  7.86201056275660E-02, -4.08227075000000E-02, -3.80837279136050E+01,  1.06390000000002E+02,  3.38515195091786E+01,  1.80163408635187E+02
 1.92933333300000E+03,  4.74890285692720E-02, -1.86267500000000E-02, -3.81314343669566E+01,  1.06570000000002E+02,  7.45135431815811E+01,  1.79890814502049E+02
 1.92941666700000E+03, -3.62441437808712E-02,  1.36879625000000E-01, -3.81788709564757E+01,  1.06750000000002E+02,  1.14298540925784E+02,  1.94328063986527E+02
 1.92950000000000E+03, -1.10455221813921E-01,  2.89896650000000E-01, -3.82260334245115E+01,  1.06930000000002E+02,  1.16036985446595E+02,  1.47870091834099E+02
 1.92958333300000E+03, -1.11325787142494E-01,  2.55494750000000E-01, -3.82729175423420E+01,  1.07110000000002E+02,  1.21960308445301E+02,  1.84400896079009E+02
 1.92966666700000E+03, -6.42508803546490E-02,  2.30320000000000E-01, -2.91806613552172E+01,  1.07290000000002E+02,  1.26853567323012E+02,  2.20879909692622E+02
 1.92975000000000E+03, -3.21413919314771E-02,  3.26038750000000E-01, -2.92342141186798E+01,  1.07470000000002E+02,  1.13820308169791E+02,  2.47356603192501E+02
 1.92983333300000E+03,  3.54137972684408E-02,  4.28749750000000E-01, -2.92878619372104E+01,  1.07650000000002E+02,  8.22113640035383E+01,  2.54635831540048E+02
 1.92991666700000E+03,  1.77734546224112E-01,  6.26048250000000E-01, -2.93416002145887E+01,  1.07830000000002E+02,  8.88251650332295E+01,  1.96169178430921E+02
 1.93000000000000E+03,  3.23404716888121E-01,  8.10405750000000E-01, -2.93954243404851E+01,  1.08010000000002E+02,  7.81426435347844E+01,  1.68449696585443E+02
 1.93008333300000E+03,  3.88417373510903E-01,  7.88367000000000E-01, -2.94493296909907E+01,  1.08190000000002E+02,  1.25533047653447E+02,  2.01966987590883E+02
 1.93016666700000E+03,  3.57156061196500E-01,  6.34589250000000E-01, -2.95033116291506E+01,  1.08370000000002E+02,  1.03409286473536E+02,  1.55579156691045E+02
 1.93025000000000E+03,  2.97231200910790E-01,  4.08429000000000E-01, -2.95573655054982E+01,  1.08550000000002E+02,  1.00450711726634E+02,  1.88478998330838E+02
 1.93033333300000E+03,  2.92555755975584E-01,  2.29731250000000E-01, -2.96114866585916E+01,  1.08730000000002E+02,  1.02068249831840E+02,  2.44387487427470E+02
 1.93041666700000E+03,  3.60808959193538E-01,  2.22277250000000E-01, -2.96656704155520E+01,  1.08910000000002E+02,  9.96327131544580E+01,  2.25290518460823E+02
 1.93050000000000E+03,  4.37687010486219E-01,  1.75427575000000E-01, -2.97199120926031E+01,  1.09090000000002E+02,  5.47635636111530E+01,  1.55419518020875E+02
 1.93058333300000E+03,  3.57072514413253E-01,  1.13214900000000E-01, -2.97742069956132E+01,  1.09270000000002E+02,  6.32200603220740E+01,  1.98301618744632E+02
 1.93066666700000E+03,  1.33151079563009E-01,  1.36370750000000E-01, -2.50856944710876E+01,  1.09450000000002E+02,  7.84710297916183E+01,  1.38180296380622E+02
 1.93075000000000E+03,  1.17794225083813E-02,  1.44922600000000E-01, -2.50641583684570E+01,  1.09630000000002E+02,  9.33347354135758E+01,  1.62894767657079E+02
 1.93083333300000E+03,  9.32882149610847E-04,  2.01907175000000E-01, -2.50428226761263E+01,  1.09810000000002E+02,  8.77856595535192E+01,  1.69356419975161E+02
 1.93091666700000E+03,  1.44824781723479E-03,  1.78915050000000E-01, -2.50216906686605E+01,  1.09990000000002E+02,  9.52550657444443E+01,  1.89645347208007E+02
 1.93100000000000E+03,  2.30626630176651E-02,  1.90279600000000E-01, -2.50007656137508E+01,  1.10170000000002E+02,  8.36387519089304E+01,  1.97719148855715E+02
 1.93108333300000E+03,  6.13021746707756E-02,  2.50717837500000E-01, -2.49800507717041E+01,  1.10350000000002E+02,  8.81094583874788E+01,  1.94009128423204E+02
 1.93116666700000E+03,  9.48816682098214E-02,  1.46194075000000E-01, -2.49595493949332E+01,  1.10530000000002E+02,  8.49168340521821E+01,  1.20684775019845E+02
 1.93125000000000E+03,  1.00696186974431E-01,  1.85723287500000E-01, -2.49392647274476E+01,  1.10710000000002E+02,  1.15103974073479E+02,  2.32213154704838E+02
 1.93133333300000E+03,  7.26765699851798E-02,  3.84765250000000E-01, -2.49192000043444E+01,  1.10890000000002E+02,  1.26033833141872E+02,  2.07897608041616E+02
 1.93141666700000E+03,  2.62323317547587E-02,  3.91079500000000E-01, -2.48993584512997E+01,  1.11070000000002E+02,  1.34899342558605E+02,  2.08646606121081E+02
 1.93150000000000E+03, -1.62955640593892E-02,  3.11885250000000E-01, -2.48797432840610E+01,  1.11250000000002E+02,  1.05782386286330E+02,  2.05980349059517E+02
 1.93158333300000E+03, -3.49387137116917E-02,  2.49241550000000E-01, -2.48603577079398E+01,  1.11430000000002E+02,  9.52309326344081E+01,  2.84763908469608E+02
 1.93166666700000E+03, -3.47444903034676E-02,  7.00791000000000E-02, -4.07103453964016E+01,  1.11610000000002E+02,  6.26683343094112E+01,  1.94981591225163E+02
 1.93175000000000E+03, -4.58961035829984E-02,  4.61980000000001E-03, -4.07273336468790E+01,  1.11790000000002E+02,  5.61901877462996E+01,  1.97568492822640E+02
 1.93183333300000E+03, -7.18536333685825E-02,  4.95542500000000E-02, -4.07438383651224E+01,  1.11970000000002E+02,  8.95126984340555E+01,  2.65731792418379E+02
 1.93191666700000E+03, -9.28959396513415E-02, -9.50307500000000E-02, -4.07598586282483E+01,  1.12150000000002E+02,  1.17663296064928E+02,  4.21705744703770E+02
 1.93200000000000E+03, -1.00294142881925E-01, -2.98945500000000E-01, -4.07753935650134E+01,  1.12330000000002E+02,  1.09432329620800E+02,  5.01062957373612E+02
 1.93208333300000E+03, -9.96197364357195E-02, -3.03704450000000E-01, -4.07904423558587E+01,  1.12510000000002E+02,  1.07477681583865E+02,  6.26019512893714E+02
 1.93216666700000E+03, -1.03716441501316E-01, -1.76725150000000E-01, -4.08050042329461E+01,  1.12690000000002E+02,  9.31777678231570E+01,  6.99325474756726E+02
 1.93225000000000E+03, -1.18388737288791E-01, -1.50902700000000E-01, -4.08190784801887E+01,  1.12870000000002E+02,  4.82188759037608E+01,  5.82829276036215E+02
 1.93233333300000E+03, -1.35037384119642E-01, -1.98389500000000E-01, -4.08326644332735E+01,  1.13050000000002E+02,  2.38143748376974E+01,  4.37434683741128E+02
 1.93241666700000E+03, -1.37640837901602E-01, -2.33559250000000E-01, -4.08457614796780E+01,  1.13230000000002E+02,  2.57447412762991E+01,  2.81819458764165E+02
 1.93250000000000E+03, -1.17276814879581E-01, -1.88699550000000E-01, -4.08583690586788E+01,  1.13410000000002E+02,  2.54776207991708E+01,  1.26887488798871E+02
 1.93258333300000E+03, -7.79957113295934E-02,  5.22650000000000E-04, -4.08704866613539E+01,  1.13590000000002E+02,  2.05094210020073E+01,  4.15025815165312E+01
 1.93266666700000E+03, -5.38261557148654E-02,  1.33800050000000E-01, -4.33385251382953E+01,  1.13770000000002E+02,  2.50959668270017E+01,  5.82012333459284E+01
 1.93275000000000E+03, -6.12308899344336E-02,  1.44833950000000E-01, -4.33842315579613E+01,  1.13950000000002E+02,  3.41025796446987E+01,  5.85483863633823E+01
 1.93283333300000E+03, -4.27939723409737E-02,  1.24465227500000E-01, -4.34296207841627E+01,  1.14130000000002E+02,  6.17192907801949E+01,  8.44197300888593E+01
 1.93291666700000E+03,  4.25243005288121E-02,  8.07632550000000E-02, -4.34746886695520E+01,  1.14310000000002E+02,  6.94505743759240E+01,  1.16592381904037E+02
 1.93300000000000E+03,  1.62841155352493E-01,  2.55098775000000E-02, -4.35194311021614E+01,  1.14490000000002E+02,  8.12609994249752E+01,  1.32588838644591E+02
 1.93308333300000E+03,  2.56755829090190E-01, -5.84948500000000E-02, -4.35638440058969E+01,  1.14670000000002E+02,  9.46406152782537E+01,  1.33226182442287E+02
 1.93316666700000E+03,  2.77049936934380E-01, -8.26967750000000E-02, -4.36079233410256E+01,  1.14850000000002E+02,  1.11719408213238E+02,  1.63392952691737E+02
 1.93325000000000E+03,  2.25362550314150E-01, -7.63170000000000E-02, -4.36516651046601E+01,  1.15030000000002E+02,  8.93988500702232E+01,  1.42969155893463E+02
 1.93333333300000E+03,  1.50887125968359E-01, -2.01072075000000E-01, -4.36950653312359E+01,  1.15210000000002E+02,  8.61031616791637E+01,  1.17401516780923E+02
 1.93341666700000E+03,  1.13622261748963E-01, -2.86644150000000E-01, -4.37381200929846E+01,  1.15390000000002E+02,  8.36057613004342E+01,  1.01395196380230E+02
 1.93350000000000E+03,  1.40304584943921E-01, -2.50749800000000E-01, -4.37808255004017E+01,  1.15570000000002E+02,  7.17440397702899E+01,  8.66694667150581E+01
 1.93358333300000E+03,  1.44114708181148E-01, -3.36243150000000E-01, -4.38231777027087E+01,  1.15750000000002E+02,  4.29148616941794E+01,  3.97026815635631E+01
 1.93366666700000E+03,  4.59203888320913E-02, -5.26304750000000E-01, -4.09032602805450E+01,  1.15930000000002E+02,  3.15932738286291E+01,  1.11955858875552E+02
 1.93375000000000E+03, -6.55015228258446E-02, -6.15764250000000E-01, -4.08597465305026E+01,  1.16110000000002E+02,  6.34233789819513E+01,  2.69355170040244E+02
 1.93383333300000E+03, -1.12756820834327E-01, -5.99702250000000E-01, -4.08162831656967E+01,  1.16290000000002E+02,  5.07398980854210E+01,  2.87718980557695E+02
 1.93391666700000E+03, -1.03607899638642E-01, -6.31857750000000E-01, -4.07728735462409E+01,  1.16470000000002E+02,  4.73154623570227E+01,  2.82428748909126E+02
 1.93400000000000E+03, -6.39269352349607E-02, -6.24131750000000E-01, -4.07295210034491E+01,  1.16650000000002E+02,  5.58938185292805E+01,  2.86057761655770E+02
 1.93408333300000E+03, -3.98323693654103E-02, -5.60883500000000E-01, -4.06862288394290E+01,  1.16830000000002E+02,  6.14438717953280E+01,  2.57836196094297E+02
 1.93416666700000E+03, -6.51395012374442E-02, -5.51787750000000E-01, -4.06430003266807E+01,  1.17010000000002E+02,  7.43608573052956E+01,  1.64449863905029E+02
 1.93425000000000E+03, -1.34504469398925E-01, -4.39444500000000E-01, -4.05998387077004E+01,  1.17190000000002E+02,  7.67946375282137E+01,  2.03192987176892E+02
 1.93433333300000E+03, -2.04672507566600E-01, -3.10623750000000E-01, -4.05567471945898E+01,  1.17370000000002E+02,  7.57866443370795E+01,  2.05569114880698E+02
 1.93441666700000E+03, -2.25367766427314E-01, -2.44997400000000E-01, -4.05137289686713E+01,  1.17550000000002E+02,  8.57242972362544E+01,  2.05806091454474E+02
 1.93450000000000E+03, -1.77047896871879E-01, -2.58205550000000E-01, -4.04707871801073E+01,  1.17730000000002E+02,  8.46796803627150E+01,  1.54704727812742E+02
 1.93458333300000E+03, -1.00938423701549E-01, -4.08195150000000E-01, -4.04279249475270E+01,  1.17910000000002E+02,  3.40524180241978E+01,  8.89236965739207E+01
 1.93466666700000E+03, -7.19148680247735E-02, -3.98216000000000E-01, -4.08791903572369E+01,  1.18090000000002E+02,  3.09174728006852E+01,  1.90978140785722E+02
 1.93475000000000E+03, -9.28014896863868E-02, -1.96370250000000E-01, -4.08357040541556E+01,  1.18270000000002E+02,  3.01668066601442E+01,  3.03579879009940E+02
 1.93483333300000E+03, -9.60761522949085E-02, -4.86457500000000E-02, -4.07922699980500E+01,  1.18450000000002E+02,  1.29657907313295E+01,  3.17252875422398E+02
 1.93491666700000E+03, -6.00248734710197E-02,  4.29490000000000E-02, -4.07488915331573E+01,  1.18630000000002E+02,  1.35368563209812E+01,  3.15291173115417E+02
 1.93500000000000E+03, -1.93739482741126E-02,  1.76871250000000E-01, -4.07055719746901E+01,  1.18810000000002E+02,  1.33219639276917E+01,  4.10529938542684E+02
 1.93508333300000E+03, -1.22848309584715E-02,  2.29077075000000E-01, -4.06623146084315E+01,  1.18990000000002E+02,  2.29693526391659E+01,  2.89876475467723E+02
 1.93516666700000E+03, -5.33160480069407E-02, -1.00158500000000E-02, -4.06191226903377E+01,  1.19170000000002E+02,  4.02888017725864E+01,  2.60378972789374E+02
 1.93525000000000E+03, -1.19858462690882E-01, -3.19280175000000E-01, -4.05759994461441E+01,  1.19350000000002E+02,  4.58162096725586E+01,  2.85390983596072E+02
 1.93533333300000E+03, -1.65335163864702E-01, -3.22354200000000E-01, -4.05329480709781E+01,  1.19530000000002E+02,  4.48756502179774E+01,  4.17681583406801E+02
 1.93541666700000E+03, -1.52480547518930E-01, -9.62401250000000E-02, -4.04899717289766E+01,  1.19710000000002E+02,  6.51328865262887E+01,  3.53118940158779E+02
 1.93550000000000E+03, -8.23121275458358E-02,  3.84606000000000E-02, -4.04470735529096E+01,  1.19890000000002E+02,  7.89304662573429E+01,  5.19844049137296E+02
 1.93558333300000E+03, -3.98306323991883E-02,  6.42603250000000E-02, -4.04042566438089E+01,  1.20070000000002E+02,  6.82669257621367E+01,  4.64138842962283E+02
 1.93566666700000E+03, -7.45288843926878E-02,  1.31776850000000E-01, -4.08426418489355E+01,  1.20250000000002E+02,  6.27126801796044E+01,  4.66144532312815E+02
 1.93575000000000E+03, -1.09179316775922E-01,  1.96500550000000E-01, -4.08237563731768E+01,  1.20430000000002E+02,  7.87280266890730E+01,  3.25906034529431E+02
 1.93583333300000E+03, -1.13887147563137E-01,  1.08656275000000E-01, -4.08050056172740E+01,  1.20610000000002E+02,  5.71706165982264E+01,  2.96361134661301E+02
 1.93591666700000E+03, -1.05318102500998E-01,  9.35485500000000E-02, -4.07863874243641E+01,  1.20790000000002E+02,  3.96756914226921E+01,  1.07489861539804E+02
 1.93600000000000E+03, -7.50626300050828E-02,  2.22447550000000E-01, -4.07678996177659E+01,  1.20970000000002E+02,  3.35815340352561E+01,  1.64574479265251E+02
 1.93608333300000E+03, -3.07605198695129E-02,  1.89928550000000E-01, -4.07495400014914E+01,  1.21150000000002E+02,  3.71301010596810E+01,  1.26027971477263E+02
 1.93616666700000E+03,  7.90559058025117E-03,  1.53391525000000E-01, -4.07313063607601E+01,  1.21330000000002E+02,  2.15949507549387E+01,  1.68512289188919E+02
 1.93625000000000E+03,  2.40589883085400E-02,  2.90423500000000E-01, -4.07131964625165E+01,  1.21510000000002E+02,  5.49576362144591E+01,  2.18168726591979E+02
 1.93633333300000E+03,  1.51328235947098E-02,  3.47035250000000E-01, -4.06952080559500E+01,  1.21690000000002E+02,  5.02480324006548E+01,  2.04541223026681E+02
 1.93641666700000E+03, -8.86030838321616E-03,  1.49178250000000E-01, -4.06773388730178E+01,  1.21870000000002E+02,  6.68512689685928E+01,  1.35494514348966E+02
 1.93650000000000E+03, -3.68242616226958E-02, -5.56044500000000E-02, -4.06595866289699E+01,  1.22050000000002E+02,  8.91797831239830E+01,  1.33479194961610E+02
 1.93658333300000E+03,  2.13315722834706E-02, -9.05548500000000E-02, -4.06419490228767E+01,  1.22230000000002E+02,  1.12749180832707E+02,  1.66817453346276E+02
 1.93666666700000E+03,  1.78520755712033E-01, -5.53858000000000E-02, -4.39362989679066E+01,  1.22410000000002E+02,  9.48926135328702E+01,  1.27155392462711E+02
 1.93675000000000E+03,  2.70937582888634E-01, -4.40623500000000E-02, -4.39181874961040E+01,  1.22590000000002E+02,  1.15369101787302E+02,  1.44275863223668E+02
 1.93683333300000E+03,  2.79482181760755E-01,  3.29829999999999E-03, -4.38999714137699E+01,  1.22770000000002E+02,  9.72691850448232E+01,  1.61104015888686E+02
 1.93691666700000E+03,  2.81727919506847E-01,  5.13615000000000E-02, -4.38816493983149E+01,  1.22950000000002E+02,  7.22408991523516E+01,  2.28512048594556E+02
 1.93700000000000E+03,  2.83376066602779E-01,  1.64612500000000E-02, -4.38632201625244E+01,  1.23130000000002E+02,  7.20577033413313E+01,  1.70369232857356E+02
 1.93708333300000E+03,  2.77855917144221E-01,  2.47819250000000E-01, -4.38446824548986E+01,  1.23310000000002E+02,  6.06610690312363E+01,  1.83938029523301E+02
 1.93716666700000E+03,  2.53437053830832E-01,  4.86090750000000E-01, -4.38260350599871E+01,  1.23490000000002E+02,  6.16880744374218E+01,  2.30269795746043E+02
 1.93725000000000E+03,  2.07298158799728E-01,  3.21670500000000E-01, -4.38072767987158E+01,  1.23670000000002E+02,  6.84047316595562E+01,  2.19864643293981E+02
 1.93733333300000E+03,  1.52367328153267E-01,  1.09257000000000E-01, -4.37884065287076E+01,  1.23850000000002E+02,  7.35282374237860E+01,  1.77418344070224E+02
 1.93741666700000E+03,  1.09619215823459E-01,  4.91930000000000E-02, -4.37694231445968E+01,  1.24030000000002E+02,  6.22142601604487E+01,  2.20360584419265E+02
 1.93750000000000E+03,  9.27459572526157E-02,  1.31833750000000E-01, -4.37503255783359E+01,  1.24210000000002E+02,  9.63508873947071E+01,  2.28103268160623E+02
 1.93758333300000E+03,  1.37909056188747E-01,  1.56161032500000E-01, -4.37311127994965E+01,  1.24390000000002E+02,  7.44158212370849E+01,  1.77339128122954E+02
 1.93766666700000E+03,  2.27773016618351E-01,  8.95140650000000E-02, -5.06356517980884E+01,  1.24570000000002E+02,  8.75552047691765E+01,  1.86555896411657E+02
 1.93775000000000E+03,  2.69709706196963E-01,  1.61953032500000E-01, -5.06406767627657E+01,  1.24750000000002E+02,  8.97707445016650E+01,  2.35054612018444E+02
 1.93783333300000E+03,  2.68144832781729E-01,  2.03409897500000E-01, -5.06451814152865E+01,  1.24930000000002E+02,  1.38740245303060E+02,  2.94872225502281E+02
 1.93791666700000E+03,  2.75815157782520E-01,  1.16681045000000E-01, -5.06491661391648E+01,  1.25110000000002E+02,  2.00307914610123E+02,  4.05030710598764E+02
 1.93800000000000E+03,  2.97740700786387E-01,  1.35541897500000E-01, -5.06526313748010E+01,  1.25290000000002E+02,  2.30424896046107E+02,  4.16798925920626E+02
 1.93808333300000E+03,  3.24714639438919E-01,  2.15240500000000E-01, -5.06555776193372E+01,  1.25470000000002E+02,  2.13886486611824E+02,  5.62960788137453E+02
 1.93816666700000E+03,  3.40723975691023E-01,  2.30839000000000E-01, -5.06580054265035E+01,  1.25650000000002E+02,  2.45222108171301E+02,  6.81057980210720E+02
 1.93825000000000E+03,  3.37548458232626E-01,  9.57757500000000E-02, -5.06599154064571E+01,  1.25830000000002E+02,  2.01013610351811E+02,  6.60646576338573E+02
 1.93833333300000E+03,  3.22296291760723E-01, -1.03142775000000E-01, -5.06613082256130E+01,  1.26010000000002E+02,  1.15729851013364E+02,  5.34628815258660E+02
 1.93841666700000E+03,  3.10480254327959E-01, -2.25163000000000E-02, -5.06621846064668E+01,  1.26190000000002E+02,  1.14843129929073E+02,  5.38963250486914E+02
 1.93850000000000E+03,  3.11452507180857E-01,  7.06229750000000E-02, -5.06625453274106E+01,  1.26370000000002E+02,  1.11724506115250E+02,  5.43919731442467E+02
 1.93858333300000E+03,  2.09277223860801E-01, -3.16604500000000E-02, -5.06623912225395E+01,  1.26550000000002E+02,  7.41898692187348E+01,  5.55045865328718E+02
 1.93866666700000E+03, -1.68516910057693E-02, -1.65949150000000E-01, -3.83213317814123E+01,  1.26730000000002E+02,  6.58652497880772E+01,  4.54656679452901E+02
 1.93875000000000E+03, -1.54866367739077E-01, -3.45584950000000E-01, -3.82988425684092E+01,  1.26910000000002E+02,  6.03443557023014E+01,  4.50306169287159E+02
 1.93883333300000E+03, -1.80355153439196E-01, -2.84704650000000E-01, -3.82762294679363E+01,  1.27090000000002E+02,  4.19854541813623E+01,  4.96352238999681E+02
 1.93891666700000E+03, -1.77908700955857E-01, -1.06156800000000E-01, -3.82534927105067E+01,  1.27270000000002E+02,  5.63292243790926E+01,  3.26390652676444E+02
 1.93900000000000E+03, -1.43133873125952E-01, -1.85814900000000E-01, -3.82306325676194E+01,  1.27450000000002E+02,  7.15976559813882E+01,  1.26855139453163E+02
 1.93908333300000E+03, -8.91845274557081E-02, -2.36850900000000E-01, -3.82076493518102E+01,  1.27630000000002E+02,  1.07382275433086E+02,  1.86421301688701E+02
 1.93916666700000E+03, -3.87031020857921E-02, -9.34150500000000E-02, -3.81845434166959E+01,  1.27810000000002E+02,  1.28547944537123E+02,  2.20396548733501E+02
 1.93925000000000E+03, -7.99053378406203E-03, -1.70444000000000E-02, -3.81613151570107E+01,  1.27990000000002E+02,  1.34245164538139E+02,  1.48333092532673E+02
 1.93933333300000E+03,  2.13120282898597E-03, -8.96892500000000E-02, -3.81379650086357E+01,  1.28170000000002E+02,  1.33517365520097E+02,  2.54820439133465E+02
 1.93941666700000E+03,  1.04962280990714E-03, -8.61150000000000E-02, -3.81144934486208E+01,  1.28350000000002E+02,  1.33000217678128E+02,  2.77253615442691E+02
 1.93950000000000E+03, -4.84835457673974E-03, -2.97310000000000E-02, -3.80909009951999E+01,  1.28530000000002E+02,  1.12934856285818E+02,  2.77793525158620E+02
 1.93958333300000E+03,  4.63448683180566E-02,  1.36243500000000E-01, -3.80671882077977E+01,  1.28710000000002E+02,  1.35704109838513E+02,  3.27870669169848E+02
 1.93966666700000E+03,  1.58851171432670E-01,  2.62814500000000E-01, -3.87630725517311E+01,  1.28890000000002E+02,  1.68183735698196E+02,  5.54658710310333E+02
 1.93975000000000E+03,  2.12094923685797E-01,  2.54579250000000E-02, -3.87706565472578E+01,  1.29070000000002E+02,  2.02156773950345E+02,  6.06804432235196E+02
 1.93983333300000E+03,  2.02447023156983E-01, -3.61431500000000E-02, -3.87786887963587E+01,  1.29250000000002E+02,  2.04136113008870E+02,  6.98606700877735E+02
 1.93991666700000E+03,  1.95624479226900E-01,  1.57819675000000E-01, -3.87871702831958E+01,  1.29430000000002E+02,  3.01093640771013E+02,  7.79171287797300E+02
 1.94000000000000E+03,  1.96410710781454E-01,  2.83732750000000E-01, -3.87961019406922E+01,  1.29610000000002E+02,  3.04695923786039E+02,  7.67519454146923E+02
 1.94008333300000E+03,  1.96368414325360E-01,  3.94461250000000E-01, -3.88054846502665E+01,  1.29790000000002E+02,  2.76586405075050E+02,  5.38851103250798E+02
 1.94016666700000E+03,  1.81161872433465E-01,  3.93659000000000E-01, -3.88153192415727E+01,  1.29970000000002E+02,  2.48121153446273E+02,  4.11786358706303E+02
 1.94025000000000E+03,  1.44918363093704E-01,  3.24285250000000E-01, -3.88256064922493E+01,  1.30150000000002E+02,  2.71716998043076E+02,  3.54081773331530E+02
 1.94033333300000E+03,  9.74261940586686E-02,  3.72733250000000E-01, -3.88363471276747E+01,  1.30330000000002E+02,  1.59554714236284E+02,  2.12144899674233E+02
 1.94041666700000E+03,  5.68309919520539E-02,  4.65983750000000E-01, -3.88475418207307E+01,  1.30510000000002E+02,  1.03260878908809E+02,  1.40820409961688E+02
 1.94050000000000E+03,  3.47149282643694E-02,  4.38515250000000E-01, -3.88591911915736E+01,  1.30690000000002E+02,  8.68302207750899E+01,  1.63230504247221E+02
 1.94058333300000E+03, -4.26753666484773E-02,  2.91041675000000E-01, -3.88712958074130E+01,  1.30870000000002E+02,  7.01770365792906E+01,  2.12015259135207E+02
 1.94066666700000E+03, -1.85444682384778E-01,  1.73355600000000E-01, -4.31003818127448E+01,  1.31050000000002E+02,  4.19561134328035E+01,  2.36489924697368E+02
 1.94075000000000E+03, -2.53548230485134E-01,  2.76121425000000E-01, -4.30773182902331E+01,  1.31230000000002E+02,  5.29161450173958E+01,  2.75508217314229E+02
 1.94083333300000E+03, -2.36214528956464E-01,  5.13679250000000E-01, -4.30541278324898E+01,  1.31410000000002E+02,  9.36298986061994E+01,  3.47730878622994E+02
 1.94091666700000E+03, -1.93901894621500E-01,  6.20761250000000E-01, -4.30308107668074E+01,  1.31590000000002E+02,  1.48233823578392E+02,  5.22164156655067E+02
 1.94100000000000E+03, -1.29093855551197E-01,  5.10723500000000E-01, -4.30073674639602E+01,  1.31770000000002E+02,  1.65583969860385E+02,  6.43106300026874E+02
 1.94108333300000E+03, -5.99125223145249E-02,  3.74614250000000E-01, -4.29837983382437E+01,  1.31950000000002E+02,  1.58623886534975E+02,  9.54558946454668E+02
 1.94116666700000E+03, -1.09092071766924E-02,  3.62517250000000E-01, -4.29601038475054E+01,  1.32130000000002E+02,  1.68936340889555E+02,  9.25248798101184E+02
 1.94125000000000E+03,  3.33942020082080E-03,  4.15024500000000E-01, -4.29362844931683E+01,  1.32310000000003E+02,  1.41666328951135E+02,  8.84806230135977E+02
 1.94133333300000E+03, -1.28062116683135E-02,  4.72674750000000E-01, -4.29123408202461E+01,  1.32490000000003E+02,  9.64286573805562E+01,  6.98465617996954E+02
 1.94141666700000E+03, -4.22638964407656E-02,  5.40583750000000E-01, -4.28882734173503E+01,  1.32670000000003E+02,  8.77444526459579E+01,  4.96874439750838E+02
 1.94150000000000E+03, -7.00086517644667E-02,  5.74486750000000E-01, -4.28640829166903E+01,  1.32850000000003E+02,  8.21991181530822E+01,  1.32961784534775E+02
 1.94158333300000E+03, -3.49548012948565E-02,  5.23039500000000E-01, -4.28397699940641E+01,  1.33030000000003E+02,  5.03133080617268E+01,  3.30487566047613E+02
 1.94166666700000E+03,  6.77229344834223E-02,  4.87391000000000E-01, -3.94293121372996E+01,  1.33210000000003E+02,  1.01948388149971E+02,  7.05423914888713E+02
 1.94175000000000E+03,  1.23255181131633E-01,  4.88724500000000E-01, -3.94081713978383E+01,  1.33390000000003E+02,  1.25099830956726E+02,  7.87422964625069E+02
 1.94183333300000E+03,  1.15558855659307E-01,  4.20132250000000E-01, -3.93872711835806E+01,  1.33570000000003E+02,  1.38856814572379E+02,  8.51960733785665E+02
 1.94191666700000E+03,  9.92111687650163E-02,  3.24715000000000E-01, -3.93666151653425E+01,  1.33750000000003E+02,  1.55983538258216E+02,  8.45388886689556E+02
 1.94200000000000E+03,  8.27074047048960E-02,  3.46690000000000E-01, -3.93462070020002E+01,  1.33930000000003E+02,  1.56693514671287E+02,  7.02193868474761E+02
 1.94208333300000E+03,  6.27649587869587E-02,  4.19619250000000E-01, -3.93260503398610E+01,  1.34110000000003E+02,  1.25596528540307E+02,  2.77351507093293E+02
 1.94216666700000E+03,  3.05833199584944E-02,  4.99868000000000E-01, -3.93061488120344E+01,  1.34290000000003E+02,  1.65329300465842E+02,  2.77233605998136E+02
 1.94225000000000E+03, -1.48412873201923E-02,  4.96664500000000E-01, -3.92865060378050E+01,  1.34470000000003E+02,  1.68469135216581E+02,  4.31765890884622E+02
 1.94233333300000E+03, -6.03612882250646E-02,  3.26146000000000E-01, -3.92671256220062E+01,  1.34650000000003E+02,  1.64862146495954E+02,  4.51211051185577E+02
 1.94241666700000E+03, -8.64899088932306E-02,  3.11615500000000E-01, -3.92480111543952E+01,  1.34830000000003E+02,  1.61627144573966E+02,  3.96146741522312E+02
 1.94250000000000E+03, -8.24383878428441E-02,  3.87214500000000E-01, -3.92291662090297E+01,  1.35010000000003E+02,  1.43785444653359E+02,  4.51227595207951E+02
 1.94258333300000E+03, -7.28869968900751E-03,  2.50455700000000E-01, -3.92105943436458E+01,  1.35190000000003E+02,  8.66864453864857E+01,  3.67822824563779E+02
 1.94266666700000E+03,  9.16959620871435E-02,  3.97800750000000E-02, -4.01013681988116E+01,  1.35370000000003E+02,  7.59925870660474E+01,  1.52751038136818E+02
 1.94275000000000E+03,  8.15738608187205E-02, -6.10320250000000E-02, -4.01367203336532E+01,  1.35550000000003E+02,  8.42300273256697E+01,  1.59216475652786E+02
 1.94283333300000E+03,  9.26777968623591E-03, -1.63388475000000E-01, -4.01724782454411E+01,  1.35730000000003E+02,  9.37328615001472E+01,  2.29487882718757E+02
 1.94291666700000E+03, -1.81340226202702E-02, -4.35459325000000E-01, -4.02086395163384E+01,  1.35910000000003E+02,  7.71314989562783E+01,  2.30447835945244E+02
 1.94300000000000E+03,  9.67946051881705E-03, -6.62692250000000E-01, -4.02452016759116E+01,  1.36090000000003E+02,  7.01545722190997E+01,  2.30754815572128E+02
 1.94308333300000E+03,  6.81233194848085E-02, -5.67632500000000E-01, -4.02821622013669E+01,  1.36270000000003E+02,  6.32445481114239E+01,  2.45709773199349E+02
 1.94316666700000E+03,  1.11666832362042E-01, -3.67312750000000E-01, -4.03195185177931E+01,  1.36450000000003E+02,  5.46065110118941E+01,  2.08513701044067E+02
 1.94325000000000E+03,  1.02995436658327E-01, -3.00088250000000E-01, -4.03572679984143E+01,  1.36630000000003E+02,  5.04679683865212E+01,  1.55025678562187E+02
 1.94333333300000E+03,  3.62629465436695E-02, -2.15459650000000E-01, -4.03954079648484E+01,  1.36810000000003E+02,  5.58059877179889E+01,  1.13981997593420E+02
 1.94341666700000E+03, -6.13903696806608E-02, -5.67967000000000E-02, -4.04339356873751E+01,  1.36990000000003E+02,  4.59606402129691E+01,  1.00077923600596E+02
 1.94350000000000E+03, -1.48697306818899E-01,  1.05468550000000E-01, -4.04728483852098E+01,  1.37170000000003E+02,  8.63913602088838E+01,  7.75112857134617E+01
 1.94358333300000E+03, -1.74306538893033E-01,  2.06795850000000E-01, -4.05121432267873E+01,  1.37350000000003E+02,  7.30526450078984E+01,  9.91060252321429E+01
 1.94366666700000E+03, -1.63426095183190E-01,  4.34325000000000E-02, -5.02849115530181E+01,  1.37530000000003E+02,  8.87948255368318E+01,  1.25467675282576E+02
 1.94375000000000E+03, -2.01947653729912E-01, -2.43669250000000E-01, -5.02405157480641E+01,  1.37710000000003E+02,  8.67135158401003E+01,  1.14901375068233E+02
 1.94383333300000E+03, -2.57569641013566E-01, -3.16394250000000E-01, -5.01961947625242E+01,  1.37890000000003E+02,  8.51782050832651E+01,  1.21912824995221E+02
 1.94391666700000E+03, -2.49603948655119E-01, -2.40414475000000E-01, -5.01519520546924E+01,  1.38070000000003E+02,  5.61163333058736E+01,  1.14057138777393E+02
 1.94400000000000E+03, -1.69853433982442E-01, -1.49717450000000E-01, -5.01077910478642E+01,  1.38250000000003E+02,  7.07633884063256E+01,  1.10912409581083E+02
 1.94408333300000E+03, -5.99361967492863E-02, -6.58598500000000E-02, -5.00637151299060E+01,  1.38430000000003E+02,  5.89133008820382E+01,  1.04501107813848E+02
 1.94416666700000E+03,  1.90947935277312E-02, -8.27967500000000E-03, -5.00197276528316E+01,  1.38610000000003E+02,  8.39622688652438E+01,  2.71071006726693E+02
 1.94425000000000E+03,  3.30004632403671E-02,  3.39030250000000E-02, -4.99758319323860E+01,  1.38790000000003E+02,  1.00991902972709E+02,  3.24651230637308E+02
 1.94433333300000E+03, -3.39601792768806E-04,  4.46449500000000E-02, -4.99320312476351E+01,  1.38970000000003E+02,  1.00683449627776E+02,  3.28365280676955E+02
 1.94441666700000E+03, -2.63285857359234E-02, -8.04277500000000E-03, -4.98883288405625E+01,  1.39150000000003E+02,  9.99476415747955E+01,  3.95625708382494E+02
 1.94450000000000E+03,  3.34890464967564E-03, -5.04893750000000E-02, -4.98447279156735E+01,  1.39330000000003E+02,  9.15667982023832E+01,  3.60197699442958E+02
 1.94458333300000E+03,  8.76897028103749E-02, -1.19368425000000E-01, -4.98012316396056E+01,  1.39510000000003E+02,  6.73633184470579E+01,  1.85894966074135E+02
 1.94466666700000E+03,  1.45960517795543E-01, -1.41777775000000E-01, -4.97609297882618E+01,  1.39690000000003E+02,  7.58278371324883E+01,  1.43696864999881E+02
 1.94475000000000E+03,  1.16474471543740E-01,  2.07886000000000E-02, -4.97906994261425E+01,  1.39870000000003E+02,  5.74969572106874E+01,  1.36954271297195E+02
 1.94483333300000E+03,  5.21473025805773E-02,  1.31453075000000E-01, -4.98200003744466E+01,  1.40050000000003E+02,  5.15929728222724E+01,  7.48067412584446E+01
 1.94491666700000E+03,  1.20663446086271E-02,  4.03465500000000E-02, -4.98488302226989E+01,  1.40230000000003E+02,  6.76766857002732E+01,  1.18175725003049E+02
 1.94500000000000E+03,  3.72657807407656E-03, -2.49882100000000E-01, -4.98771866144760E+01,  1.40410000000003E+02,  6.89455101438952E+01,  1.29392666235176E+02
 1.94508333300000E+03,  1.83280246294191E-02, -5.38294000000000E-01, -4.99050672476574E+01,  1.40590000000003E+02,  4.57536984976248E+01,  1.53468148884705E+02
 1.94516666700000E+03,  3.68206396993864E-02, -6.16637250000000E-01, -4.99324698746700E+01,  1.40770000000003E+02,  6.18850118589732E+01,  1.86047764274709E+02
 1.94525000000000E+03,  4.29054365310340E-02, -7.08661750000000E-01, -4.99593923027239E+01,  1.40950000000003E+02,  5.34860106570741E+01,  1.44080037646226E+02
 1.94533333300000E+03,  3.12266160343546E-02, -7.94729500000000E-01, -4.99858323940406E+01,  1.41130000000003E+02,  3.81699854724651E+01,  1.04302879376626E+02
 1.94541666700000E+03,  4.45829666832795E-03, -7.06464500000000E-01, -5.00117880660730E+01,  1.41310000000003E+02,  5.54852793130029E+01,  1.02072546218663E+02
 1.94550000000000E+03, -3.53800431988283E-02, -6.41965750000000E-01, -5.00372572917183E+01,  1.41490000000003E+02,  5.45279246839126E+01,  7.24780063674375E+01
 1.94558333300000E+03, -6.15095655599488E-02, -6.54159250000000E-01, -5.00622380995223E+01,  1.41670000000003E+02,  7.64919025405797E+01,  1.48357712335038E+02
 1.94566666700000E+03, -5.93915209635948E-02, -6.00238000000000E-01, -3.93021872322948E+01,  1.41850000000003E+02,  7.98125834668430E+01,  1.54437765592510E+02
 1.94575000000000E+03, -6.54405029097583E-02, -5.25401500000000E-01, -3.92825968035951E+01,  1.42030000000003E+02,  9.59438740110986E+01,  1.40798714762084E+02
 1.94583333300000E+03, -8.24474622441711E-02, -4.61844000000000E-01, -3.92632694547287E+01,  1.42210000000003E+02,  7.36254660043165E+01,  1.74087594307718E+02
 1.94591666700000E+03, -8.28382672794635E-02, -2.89794950000000E-01, -3.92442087723531E+01,  1.42390000000003E+02,  7.48719011226054E+01,  1.71444110500815E+02
 1.94600000000000E+03, -6.09660088363268E-02, -5.37941750000000E-02, -3.92254183273016E+01,  1.42570000000003E+02,  3.76264672720117E+01,  1.48425620078328E+02
 1.94608333300000E+03, -2.55706390422031E-02,  4.84302500000000E-02, -3.92069016739611E+01,  1.42750000000003E+02,  3.19712908490244E+01,  1.76505236681682E+02
 1.94616666700000E+03,  7.42858355808934E-03,  2.83131020000000E-02, -3.91886623496524E+01,  1.42930000000003E+02,  1.59148269737672E+01,  1.95175757533080E+02
 1.94625000000000E+03,  2.92484850179400E-02,  6.63460040000000E-02, -3.91707038740120E+01,  1.43110000000003E+02,  3.17544226557522E+01,  1.51127390258118E+02
 1.94633333300000E+03,  4.55655323350706E-02,  3.80949127000000E-01, -3.91530297483756E+01,  1.43290000000003E+02,  3.88194809443105E+01,  1.76089033207284E+02
 1.94641666700000E+03,  6.95580879286913E-02,  7.39434000000000E-01, -3.91356434551634E+01,  1.43470000000003E+02,  3.82453626563667E+01,  1.14382198440506E+02
 1.94650000000000E+03,  1.07525109945520E-01,  6.93845000000000E-01, -3.91185484572680E+01,  1.43650000000003E+02,  5.64628789743509E+01,  1.00454472738505E+02
 1.94658333300000E+03,  1.65239422052170E-01,  4.96109750000000E-01, -3.91017481974436E+01,  1.43830000000003E+02,  7.77072650270998E+01,  1.19358400089434E+02
 1.94666666700000E+03,  2.22230204824694E-01,  4.39609750000000E-01, -4.55179035501611E+01,  1.44010000000003E+02,  6.11646252675424E+01,  1.65839524966559E+02
 1.94675000000000E+03,  2.36278350627778E-01,  4.52321250000000E-01, -4.54997912314064E+01,  1.44190000000003E+02,  5.45896536374649E+01,  2.39130107868655E+02
 1.94683333300000E+03,  2.16012946896500E-01,  5.53963750000000E-01, -4.54817989592879E+01,  1.44370000000003E+02,  5.62953560066453E+01,  2.82565994850043E+02
 1.94691666700000E+03,  1.92429880541092E-01,  6.40984000000000E-01, -4.54639243312284E+01,  1.44550000000003E+02,  4.00484596642230E+01,  2.81824001477188E+02
 1.94700000000000E+03,  1.72739378497857E-01,  5.18521500000000E-01, -4.54461649281535E+01,  1.44730000000003E+02,  3.64596993353650E+01,  4.42299276909572E+02
 1.94708333300000E+03,  1.51367364972801E-01,  3.89875250000000E-01, -4.54285183150634E+01,  1.44910000000003E+02,  5.79498808606833E+01,  5.12648926420400E+02
 1.94716666700000E+03,  1.16871559329453E-01,  3.69863000000000E-01, -4.54109820416064E+01,  1.45090000000003E+02,  5.28485810285062E+01,  4.24198398752334E+02
 1.94725000000000E+03,  6.59464950981662E-02,  2.57657450000000E-01, -4.53935536426560E+01,  1.45270000000003E+02,  5.96101740081637E+01,  4.92577451192587E+02
 1.94733333300000E+03,  1.03510813897436E-02,  2.56802150000000E-01, -4.53762306388889E+01,  1.45450000000003E+02,  6.59754416141044E+01,  4.88027747510933E+02
 1.94741666700000E+03, -3.05660290671082E-02,  3.72011450000000E-01, -4.53590105373657E+01,  1.45630000000003E+02,  5.30338548984477E+01,  3.24847699367093E+02
 1.94750000000000E+03, -4.48644141302453E-02,  2.66415250000000E-01, -4.53418908321133E+01,  1.45810000000003E+02,  3.43843253777304E+01,  2.12513734429062E+02
 1.94758333300000E+03,  2.98036815104572E-02,  3.71287500000000E-02, -4.53248690047098E+01,  1.45990000000003E+02,  3.39592949410177E+01,  2.45318584319419E+02
 1.94766666700000E+03,  1.67620577002084E-01, -2.03739750000000E-01, -5.12112119536755E+01,  1.46170000000003E+02,  2.13048582294295E+01,  1.10202715817663E+02
 1.94775000000000E+03,  2.27089491064472E-01, -3.78238000000000E-01, -5.11660985150410E+01,  1.46350000000003E+02,  1.39432390962808E+01,  1.23258617933593E+02
 1.94783333300000E+03,  2.51317293921516E-01, -2.39000500000000E-01, -5.11209815412664E+01,  1.46530000000003E+02,  2.10661647481233E+01,  1.23418973693138E+02
 1.94791666700000E+03,  3.36862895795761E-01,  1.20474500000000E-01, -5.10758651061081E+01,  1.46710000000003E+02,  3.86181529342748E+01,  1.60522705149816E+02
 1.94800000000000E+03,  4.53748250368508E-01,  1.59773000000000E-01, -5.10307532585640E+01,  1.46890000000003E+02,  6.02740880382225E+01,  1.14615740842583E+02
 1.94808333300000E+03,  5.39415376202587E-01, -1.65062500000000E-02, -5.09856500223228E+01,  1.47070000000003E+02,  7.18245196537454E+01,  1.62774616882587E+02
 1.94816666700000E+03,  5.43841818001188E-01,  7.77810000000000E-02, -5.09405593952166E+01,  1.47250000000003E+02,  1.25331268717912E+02,  1.75905953420103E+02
 1.94825000000000E+03,  4.68123087403778E-01,  3.13748000000000E-01, -5.08954853486803E+01,  1.47430000000003E+02,  1.20551291193405E+02,  1.47419182049399E+02
 1.94833333300000E+03,  3.64886868727308E-01,  5.68527000000000E-01, -5.08504318272149E+01,  1.47610000000003E+02,  1.01185557578123E+02,  1.08603110028964E+02
 1.94841666700000E+03,  2.98413027020742E-01,  6.85015250000000E-01, -5.08054027478573E+01,  1.47790000000003E+02,  8.85255826963515E+01,  1.33298198358811E+02
 1.94850000000000E+03,  2.95281153428009E-01,  4.74057500000000E-01, -5.07604019996547E+01,  1.47970000000003E+02,  1.05985957720167E+02,  2.39584348431905E+02
 1.94858333300000E+03,  2.51428617544782E-01,  2.61524000000000E-01, -5.07154334431458E+01,  1.48150000000003E+02,  6.81952918724465E+01,  2.96461930546434E+02
 1.94866666700000E+03,  1.35944498413570E-01,  2.25266575000000E-01, -4.48091457933326E+01,  1.48330000000003E+02,  5.87305745427217E+01,  3.00193926670857E+02
 1.94875000000000E+03,  9.05076636649510E-02,  1.64729400000000E-01, -4.48403726369815E+01,  1.48510000000003E+02,  5.75990058140886E+01,  3.00934088057699E+02
 1.94883333300000E+03,  9.41566900290323E-02,  1.56250075000000E-01, -4.48711542170259E+01,  1.48690000000003E+02,  6.77566600400845E+01,  3.26266807253952E+02
 1.94891666700000E+03,  6.54087753790897E-02,  2.71335500000000E-01, -4.49014880127913E+01,  1.48870000000003E+02,  6.38560162965460E+01,  2.21398578098420E+02
 1.94900000000000E+03,  2.39981396556907E-02,  4.10450750000000E-01, -4.49313715535922E+01,  1.49050000000003E+02,  6.02334760975211E+01,  1.82997229266282E+02
 1.94908333300000E+03, -1.45835798341417E-02,  3.45452500000000E-01, -4.49608024189968E+01,  1.49230000000003E+02,  8.87013097109044E+01,  2.89776356809483E+02
 1.94916666700000E+03, -4.35381488907394E-02,  7.93956250000000E-02, -4.49897782390832E+01,  1.49410000000003E+02,  9.61868289821887E+01,  3.22897822735187E+02
 1.94925000000000E+03, -5.94700012876850E-02,  2.79742500000000E-02, -4.50182966946898E+01,  1.49590000000003E+02,  7.76872216646461E+01,  3.18463173714921E+02
 1.94933333300000E+03, -5.71534209610066E-02,  9.10140750000000E-02, -4.50463555176581E+01,  1.49770000000003E+02,  6.05462195514201E+01,  2.93460768456677E+02
 1.94941666700000E+03, -3.18640755796853E-02,  1.48884650000000E-01, -4.50739524910681E+01,  1.49950000000003E+02,  6.35693636707209E+01,  2.55827424392633E+02
 1.94950000000000E+03,  1.34585440338630E-02,  3.21687700000000E-01, -4.51010854494671E+01,  1.50130000000003E+02,  3.69849320713879E+01,  1.52726779059698E+02
 1.94958333300000E+03,  8.72166122297112E-02,  2.95486800000000E-01, -4.51277522790911E+01,  1.50310000000003E+02,  7.99793385812339E+01,  2.23746768535452E+02
 1.94966666700000E+03,  1.56770423347668E-01,  1.10805850000000E-01, -3.99786878196509E+01,  1.50490000000003E+02,  8.37234646931126E+01,  3.17147464044485E+02
 1.94975000000000E+03,  1.57729354383569E-01, -2.17107000000000E-02, -3.99636591244571E+01,  1.50670000000003E+02,  8.34280634723343E+01,  3.29729360136973E+02
 1.94983333300000E+03,  1.18821325086867E-01, -2.03474250000000E-01, -3.99486371099416E+01,  1.50850000000003E+02,  6.74531860202916E+01,  3.25143907829617E+02
 1.94991666700000E+03,  9.46154728151683E-02, -1.75883750000000E-01, -3.99336193117915E+01,  1.51030000000003E+02,  6.60727397800975E+01,  4.10979833830657E+02
 1.95000000000000E+03,  9.08062496098034E-02, -6.17045000000000E-02, -3.99186032746402E+01,  1.51210000000003E+02,  1.65577747515513E+01,  3.07418424821890E+02
 1.95008333300000E+03,  9.77376894553184E-02, -2.58234750000000E-01, -3.99035865526078E+01,  1.51390000000003E+02,  1.73926991676872E+01,  1.80522929685475E+02
 1.95016666700000E+03,  9.85573779059125E-02, -3.95408000000000E-01, -3.98885667098387E+01,  1.51570000000003E+02,  4.05774689965862E+01,  1.73381651378997E+02
 1.95025000000000E+03,  8.44936175505495E-02, -2.82131000000000E-01, -3.98735413210383E+01,  1.51750000000003E+02,  5.43324282949585E+01,  1.98649865515819E+02
 1.95033333300000E+03,  6.27690183340928E-02, -1.74188700000000E-01, -3.98585079720069E+01,  1.51930000000003E+02,  6.38651888838380E+01,  1.08026268366327E+02
 1.95041666700000E+03,  4.96539138098084E-02, -1.49724900000000E-01, -3.98434642601713E+01,  1.52110000000003E+02,  7.73700868285562E+01,  2.24117034958114E+02
 1.95050000000000E+03,  5.55301100751251E-02, -2.64398950000000E-01, -3.98284077951152E+01,  1.52290000000003E+02,  8.73039655269236E+01,  2.67122678829709E+02
 1.95058333300000E+03,  6.19985768442167E-02, -3.61115750000000E-01, -3.98133361991052E+01,  1.52470000000003E+02,  5.81572566877118E+01,  2.40620340226817E+02
 1.95066666700000E+03,  4.86223514160299E-02, -3.09397250000000E-01, -3.99041040167943E+01,  1.52650000000003E+02,  9.73436451765315E+01,  3.02648165178560E+02
 1.95075000000000E+03,  3.00493355716149E-02, -3.09924750000000E-01, -3.98890843219615E+01,  1.52830000000003E+02,  1.22544675766573E+02,  5.24248617144189E+02
 1.95083333300000E+03,  2.17342579609264E-02, -2.92069025000000E-01, -3.98740591644835E+01,  1.53010000000003E+02,  1.19317038207603E+02,  4.80986587136200E+02
 1.95091666700000E+03,  2.99314341370328E-02, -3.15162300000000E-01, -3.98590261297694E+01,  1.53190000000003E+02,  1.05698736548086E+02,  4.43566518180709E+02
 1.95100000000000E+03,  5.86328707903117E-02, -4.95115775000000E-01, -3.98439828148367E+01,  1.53370000000003E+02,  1.33862353341218E+02,  4.91086447383282E+02
 1.95108333300000E+03,  9.72515518348533E-02, -4.70511000000000E-01, -3.98289268288411E+01,  1.53550000000003E+02,  9.39029951893081E+01,  4.51664661621290E+02
 1.95116666700000E+03,  1.28138459562756E-01, -2.96902000000000E-01, -3.98138557936038E+01,  1.53730000000003E+02,  7.29811146910123E+01,  2.23732899733834E+02
 1.95125000000000E+03,  1.41288366449575E-01, -1.88025175000000E-01, -3.97987673441360E+01,  1.53910000000003E+02,  7.20098100808443E+01,  2.04120945062158E+02
 1.95133333300000E+03,  1.41986610270982E-01, -1.80644350000000E-01, -3.97836591291618E+01,  1.54090000000003E+02,  7.71597752107766E+01,  1.94216319949524E+02
 1.95141666700000E+03,  1.43995321354175E-01, -3.09459175000000E-01, -3.97685288116368E+01,  1.54270000000003E+02,  5.44469512270028E+01,  1.79473234338420E+02
 1.95150000000000E+03,  1.55093522341865E-01, -2.85845922500000E-01, -3.97533740692662E+01,  1.54450000000003E+02,  4.76817433607986E+01,  1.43924645324359E+02
 1.95158333300000E+03,  1.00580664344092E-01, -9.99437200000000E-02, -3.97381925950178E+01,  1.54630000000003E+02,  7.72886695229116E+01,  2.18718917475879E+02
 1.95166666700000E+03, -2.58597703897156E-02, -2.51807225000000E-02, -5.04207721185568E+01,  1.54810000000003E+02,  7.13270149661920E+01,  1.70705434325145E+02
 1.95175000000000E+03, -8.50644416153318E-02, -2.56052500000000E-03, -5.04052450230168E+01,  1.54990000000003E+02,  1.12476098856258E+02,  1.85896732226782E+02
 1.95183333300000E+03, -7.53048036889882E-02,  7.14096000000000E-02, -5.03892583077277E+01,  1.55170000000003E+02,  1.48009134874213E+02,  2.26202040771229E+02
 1.95191666700000E+03, -6.06754129121370E-02,  1.41726450000000E-01, -5.03728145001415E+01,  1.55350000000003E+02,  1.45826722261267E+02,  2.75701984704754E+02
 1.95200000000000E+03, -3.92873204859680E-02,  1.26354750000000E-01, -5.03559161724330E+01,  1.55530000000003E+02,  1.09382777243997E+02,  2.08503652284976E+02
 1.95208333300000E+03, -2.27455790797835E-02,  8.76275000000000E-03, -5.03385659410629E+01,  1.55710000000003E+02,  1.36198060855200E+02,  2.34990728553378E+02
 1.95216666700000E+03, -2.83201639183096E-02,  5.79900000000000E-02, -5.03207664663345E+01,  1.55890000000003E+02,  8.97734000235506E+01,  3.12632215586108E+02
 1.95225000000000E+03, -6.39987063625568E-02,  2.71572500000000E-01, -5.03025204519455E+01,  1.56070000000003E+02,  8.19948125290835E+01,  3.31002955203741E+02
 1.95233333300000E+03, -1.20733442920021E-01,  2.44103650000000E-01, -5.02838306445330E+01,  1.56250000000003E+02,  8.21736253819463E+01,  5.43383777304267E+02
 1.95241666700000E+03, -1.79350638334199E-01,  9.45893000000000E-02, -5.02646998332137E+01,  1.56430000000003E+02,  9.13490328013801E+01,  5.51074431734613E+02
 1.95250000000000E+03, -2.25362363874347E-01,  6.64574000000000E-02, -5.02451308491186E+01,  1.56610000000003E+02,  1.08393127768464E+02,  6.15670801079969E+02
 1.95258333300000E+03, -1.04506761338711E-01,  1.45286750000000E-01, -5.02251265649214E+01,  1.56790000000003E+02,  1.60657404452507E+02,  6.83097145253034E+02
 1.95266666700000E+03,  1.85570148828233E-01,  2.47972250000000E-01, -4.57604195612795E+01,  1.56970000000003E+02,  1.33635079489518E+02,  5.95407502882312E+02
 1.95275000000000E+03,  3.40722968074042E-01,  2.04898250000000E-01, -4.57690388150990E+01,  1.57150000000003E+02,  1.66881038418162E+02,  3.82375421188548E+02
 1.95283333300000E+03,  3.50392916951264E-01,  1.14184375000000E-01, -4.57771513771269E+01,  1.57330000000003E+02,  2.04639344182536E+02,  4.20204829146818E+02
 1.95291666700000E+03,  3.66585228255448E-01,  1.89480500000000E-01, -4.57847572220961E+01,  1.57510000000003E+02,  2.04470917884408E+02,  4.18777166726817E+02
 1.95300000000000E+03,  3.94625104751814E-01,  2.26398125000000E-01, -4.57918563792265E+01,  1.57690000000003E+02,  1.54480711851016E+02,  2.77961292769698E+02
 1.95308333300000E+03,  4.25938405388459E-01,  6.34485000000000E-02, -4.57984489321431E+01,  1.57870000000003E+02,  1.59406317680056E+02,  3.00072546831240E+02
 1.95316666700000E+03,  4.45343387337558E-01,  4.23602500000000E-02, -4.58045350187864E+01,  1.58050000000003E+02,  1.22939070274785E+02,  3.18500048745899E+02
 1.95325000000000E+03,  4.45493921546838E-01,  9.90093250000000E-02, -4.58101148313164E+01,  1.58230000000003E+02,  7.66420638424928E+01,  2.66991568733614E+02
 1.95333333300000E+03,  4.34253347478451E-01,  5.47531500000000E-02, -4.58151886160077E+01,  1.58410000000003E+02,  3.36814639458539E+01,  2.27090506133366E+02
 1.95341666700000E+03,  4.27627278639593E-01,  9.38520750000000E-02, -4.58197566731381E+01,  1.58590000000003E+02,  3.22480002502588E+01,  2.03165215848049E+02
 1.95350000000000E+03,  4.35098919062245E-01,  1.19715200000000E-01, -4.58238193568701E+01,  1.58770000000004E+02,  5.83438152648188E+01,  2.25672592086291E+02
 1.95358333300000E+03,  3.92167729890229E-01,  1.05288400000000E-01, -4.58273770751247E+01,  1.58950000000004E+02,  6.53220135575704E+01,  2.52416964315812E+02
 1.95366666700000E+03,  2.73236996924073E-01,  1.43164950000000E-01, -4.96091845203014E+01,  1.59130000000004E+02,  5.74341456423680E+01,  2.63999867446872E+02
 1.95375000000000E+03,  1.81664274010123E-01,  1.79709500000000E-01, -4.95791855355322E+01,  1.59310000000004E+02,  6.74233791530631E+01,  2.82732026638273E+02
 1.95383333300000E+03,  1.47570952870992E-01,  1.63322747500000E-01, -4.95488405670593E+01,  1.59490000000004E+02,  9.98525446587394E+01,  3.17555714689244E+02
 1.95391666700000E+03,  1.48508479375526E-01,  2.36145495000000E-01, -4.95181534252759E+01,  1.59670000000004E+02,  6.59966902273269E+01,  4.24690475680399E+02
 1.95400000000000E+03,  1.92970652906592E-01,  4.25107997500000E-01, -4.94871279467611E+01,  1.59850000000004E+02,  8.52554155350413E+01,  3.57600988674850E+02
 1.95408333300000E+03,  2.63976378686110E-01,  4.34118000000000E-01, -4.94557679936847E+01,  1.60030000000004E+02,  8.82615478657216E+01,  3.90545397151819E+02
 1.95416666700000E+03,  3.28567309319097E-01,  5.00636500000000E-01, -4.94240774532085E+01,  1.60210000000004E+02,  9.24478663582547E+01,  3.48474726036805E+02
 1.95425000000000E+03,  3.58260685410820E-01,  7.49699500000000E-01, -4.93920602368853E+01,  1.60390000000004E+02,  7.08399215832225E+01,  3.81409858327049E+02
 1.95433333300000E+03,  3.44320791942501E-01,  7.07671000000000E-01, -4.93597202800546E+01,  1.60570000000004E+02,  6.51408508169916E+01,  2.37763962025680E+02
 1.95441666700000E+03,  2.97536552019581E-01,  4.21997000000000E-01, -4.93270615412361E+01,  1.60750000000004E+02,  5.25836642823346E+01,  1.87978364563738E+02
 1.95450000000000E+03,  2.36453400563735E-01,  2.05754850000000E-01, -4.92940880015211E+01,  1.60930000000004E+02,  5.96195208156227E+01,  1.40526306590384E+02
 1.95458333300000E+03,  1.60172303985974E-01,  1.29683950000000E-01, -4.92608036639603E+01,  1.61110000000004E+02,  4.61996270728226E+01,  1.19688220343393E+02
 1.95466666700000E+03,  1.08498953777893E-01,  1.92282600000000E-01, -4.37586604160985E+01,  1.61290000000004E+02,  4.00782675511027E+01,  1.74104962903659E+02
 1.95475000000000E+03,  1.41621970645846E-01,  1.71472950000000E-01, -4.38147812347477E+01,  1.61470000000004E+02,  5.76825135120035E+01,  2.03272011039890E+02
 1.95483333300000E+03,  1.94098786432589E-01,  1.00284150000000E-01, -4.38709957043035E+01,  1.61650000000004E+02,  7.98886080735554E+01,  2.76152800587104E+02
 1.95491666700000E+03,  1.72138477966686E-01,  8.62064500000000E-02, -4.39272985574645E+01,  1.61830000000004E+02,  8.75745534468435E+01,  4.61308287648926E+02
 1.95500000000000E+03,  8.51266509397963E-02, -1.18667250000000E-01, -4.39836845114198E+01,  1.62010000000004E+02,  9.57693694783489E+01,  4.75947868362283E+02
 1.95508333300000E+03,  4.39021727099455E-03, -2.97001750000000E-01, -4.40401482685131E+01,  1.62190000000004E+02,  9.34080503210300E+01,  3.49571514863788E+02
 1.95516666700000E+03, -1.40585226181339E-02, -2.71214750000000E-01, -4.40966845169097E+01,  1.62370000000004E+02,  8.68375186904873E+01,  3.63427755068641E+02
 1.95525000000000E+03,  1.06173976215654E-02, -1.86916850000000E-01, -4.41532879312646E+01,  1.62550000000004E+02,  1.09344911953465E+02,  6.73296957240438E+02
 1.95533333300000E+03,  8.76019352276317E-03, -1.47719500000000E-02, -4.42099531733945E+01,  1.62730000000004E+02,  1.00714327011439E+02,  5.47358879806335E+02
 1.95541666700000E+03, -5.72339622284542E-02, -8.00560000000000E-03, -4.42666748929503E+01,  1.62910000000004E+02,  8.90940209492416E+01,  5.74673063436925E+02
 1.95550000000000E+03, -1.45291766295968E-01, -2.16969000000000E-01, -4.43234477280924E+01,  1.63090000000004E+02,  1.30110663094550E+02,  6.58985639576443E+02
 1.95558333300000E+03, -1.24040823623567E-01, -2.81748000000000E-01, -4.43802663061674E+01,  1.63270000000004E+02,  1.28580943238326E+02,  6.57928552360889E+02
 1.95566666700000E+03, -1.50283329539796E-03, -2.73427000000000E-01, -3.93832533273165E+01,  1.63450000000004E+02,  8.83916373548039E+01,  3.32192064381217E+02
 1.95575000000000E+03,  3.91789038795034E-02, -3.14108000000000E-01, -3.93626450046956E+01,  1.63630000000004E+02,  8.98441742012247E+01,  3.91608049323135E+02
 1.95583333300000E+03, -2.62160540728835E-03, -2.93896500000000E-01, -3.93422852438391E+01,  1.63810000000004E+02,  8.84996749967025E+01,  3.34659567352701E+02
 1.95591666700000E+03, -2.99006315470553E-02, -2.53527500000000E-01, -3.93221776885485E+01,  1.63990000000004E+02,  6.20831941776148E+01,  2.77647589088844E+02
 1.95600000000000E+03, -3.31184842061435E-02, -2.75640000000000E-01, -3.93023259693060E+01,  1.64170000000004E+02,  1.09620553592150E+02,  2.70512494411163E+02
 1.95608333300000E+03, -2.86616250015752E-02, -3.81409500000000E-01, -3.92827337026473E+01,  1.64350000000004E+02,  1.19698548288124E+02,  2.97193051498237E+02
 1.95616666700000E+03, -3.86712787460289E-02, -3.97407250000000E-01, -3.92634044905362E+01,  1.64530000000004E+02,  1.15613019143968E+02,  2.01987771855203E+02
 1.95625000000000E+03, -6.52661990209262E-02, -2.08907075000000E-01, -3.92443419197393E+01,  1.64710000000004E+02,  1.27951992911217E+02,  2.43325365946050E+02
 1.95633333300000E+03, -8.64057757495252E-02, -1.06682900000000E-01, -3.92255495612032E+01,  1.64890000000004E+02,  1.09998098719919E+02,  2.12565742113736E+02
 1.95641666700000E+03, -7.75790552760417E-02, -2.95575825000000E-01, -3.92070309694327E+01,  1.65070000000004E+02,  7.67198272747671E+01,  1.66657027216468E+02
 1.95650000000000E+03, -3.63766803899167E-02, -4.68221500000000E-01, -3.91887896818710E+01,  1.65250000000004E+02,  4.86070577894980E+01,  9.70165455817495E+01
 1.95658333300000E+03, -3.31742602143383E-03, -3.89897000000000E-01, -3.91708292182811E+01,  1.65430000000004E+02,  4.82704792913119E+01,  8.64999054014904E+01
 1.95666666700000E+03, -1.49821733902464E-02, -2.85889250000000E-01, -4.29086176946239E+01,  1.65610000000004E+02,  3.90441031179176E+01,  4.83795624616010E+01
 1.95675000000000E+03, -5.52670112299615E-02, -2.37105250000000E-01, -4.28746682959772E+01,  1.65790000000004E+02,  4.57234466432452E+01,  6.35403783968916E+01
 1.95683333300000E+03, -1.00142217231278E-01, -1.14433000000000E-01, -4.28409248799949E+01,  1.65970000000004E+02,  3.74706033745022E+01,  1.59817324350726E+02
 1.95691666700000E+03, -1.26454307019696E-01,  8.93782500000000E-02, -4.28073881047240E+01,  1.66150000000004E+02,  8.42611861123124E+01,  3.22301806598810E+02
 1.95700000000000E+03, -1.10188864035688E-01,  1.89878092500000E-01, -4.27740585834930E+01,  1.66330000000004E+02,  1.17236247904449E+02,  4.49523138942574E+02
 1.95708333300000E+03, -5.34604532107823E-02,  3.59743499999998E-03, -4.27409368849733E+01,  1.66510000000004E+02,  1.27130453752713E+02,  4.53287486769676E+02
 1.95716666700000E+03,  2.01144974841528E-02, -1.56678507500000E-01, -4.27080235332473E+01,  1.66690000000004E+02,  1.21399388260347E+02,  4.58994528603044E+02
 1.95725000000000E+03,  8.33250617786602E-02, -1.07482200000000E-01, -4.26753190078842E+01,  1.66870000000004E+02,  1.29868860448760E+02,  5.94958222224745E+02
 1.95733333300000E+03,  1.20645609537998E-01, -1.81829350000000E-01, -4.26428237440232E+01,  1.67050000000004E+02,  9.34168904775667E+01,  4.23542622951955E+02
 1.95741666700000E+03,  1.30194988819496E-01, -3.60998750000000E-01, -4.26105381324640E+01,  1.67230000000004E+02,  5.88927152307948E+01,  3.21659667288217E+02
 1.95750000000000E+03,  1.15684118522403E-01, -3.54179750000000E-01, -4.25784625197650E+01,  1.67410000000004E+02,  5.50387506638205E+01,  3.83818645550887E+02
 1.95758333300000E+03,  1.61052445455333E-01, -1.37132250000000E-01, -4.25465972083482E+01,  1.67590000000004E+02,  7.76211291284761E+01,  5.15993378052779E+02
 1.95766666700000E+03,  3.12414438643819E-01,  9.98142500000000E-02, -4.73095102069273E+01,  1.67770000000004E+02,  5.48625956807141E+01,  2.82269568096235E+02
 1.95775000000000E+03,  4.50144817450987E-01,  2.47498500000000E-01, -4.73608184033779E+01,  1.67950000000004E+02,  5.06234105021126E+01,  3.12134922728156E+02
 1.95783333300000E+03,  5.09228029546936E-01,  3.24417000000000E-01, -4.74118808103083E+01,  1.68130000000004E+02,  5.13833363939210E+01,  3.85568252611718E+02
 1.95791666700000E+03,  4.95915767339142E-01,  4.70294750000000E-01, -4.74626925380188E+01,  1.68310000000004E+02,  5.34332063663554E+01,  4.45066841715030E+02
 1.95800000000000E+03,  4.16003233222412E-01,  7.28720000000000E-01, -4.75132487242808E+01,  1.68490000000004E+02,  4.97722729325577E+01,  3.72187512440453E+02
 1.95808333300000E+03,  3.18555495927850E-01,  8.22592250000000E-01, -4.75635445349480E+01,  1.68670000000004E+02,  5.43946851160586E+01,  3.72242900518510E+02
 1.95816666700000E+03,  2.50830313418106E-01,  6.29307750000000E-01, -4.76135751645644E+01,  1.68850000000004E+02,  5.03638208700953E+01,  3.39461555594619E+02
 1.95825000000000E+03,  2.19643688534426E-01,  4.29413000000000E-01, -4.76633358369677E+01,  1.69030000000004E+02,  4.82983195514806E+01,  2.63337598375830E+02
 1.95833333300000E+03,  1.91022484851563E-01,  4.07246750000000E-01, -4.77128218058892E+01,  1.69210000000004E+02,  3.98802767931110E+01,  1.64503246478811E+02
 1.95841666700000E+03,  1.24701403825595E-01,  3.11192725000000E-01, -4.77620283555485E+01,  1.69390000000004E+02,  1.99098167157024E+01,  1.14160671529741E+02
 1.95850000000000E+03,  1.16765892428292E-02,  1.76017700000000E-01, -4.78109508012441E+01,  1.69570000000004E+02,  2.39931228652114E+01,  1.61688544688339E+02
 1.95858333300000E+03, -2.54893272306058E-02,  1.60326850000000E-01, -4.78595844899406E+01,  1.69750000000004E+02,  4.00367752765211E+01,  2.41721424752800E+02
 1.95866666700000E+03,  6.95240106610912E-02,  1.56000750000000E-01, -4.76409003345773E+01,  1.69930000000004E+02,  3.90529165557487E+01,  2.41888195757263E+02
 1.95875000000000E+03,  1.29264923765880E-01,  2.50007125000000E-01, -4.76905109305432E+01,  1.70110000000004E+02,  3.69683046744436E+01,  2.13309663535145E+02
 1.95883333300000E+03,  9.57553922151016E-02,  4.02413000000000E-01, -4.77398442328257E+01,  1.70290000000004E+02,  4.14960471844125E+01,  1.96520524709058E+02
 1.95891666700000E+03,  1.80550222127886E-02,  5.14749250000000E-01, -4.77888955426169E+01,  1.70470000000004E+02,  5.57369569303539E+01,  2.12033992248923E+02
 1.95900000000000E+03, -8.70902921287805E-02,  5.71213000000000E-01, -4.78376601925104E+01,  1.70650000000004E+02,  6.57498083863519E+01,  2.50285164150321E+02
 1.95908333300000E+03, -1.80334381983327E-01,  4.60744750000000E-01, -4.78861335470849E+01,  1.70830000000004E+02,  8.76945388450976E+01,  2.31794345827976E+02
 1.95916666700000E+03, -2.31359272170682E-01,  3.13834250000000E-01, -4.79343110034837E+01,  1.71010000000004E+02,  9.84360904753964E+01,  3.19819251736468E+02
 1.95925000000000E+03, -2.39975689326488E-01,  3.21746500000000E-01, -4.79821879919891E+01,  1.71190000000004E+02,  9.82740859841671E+01,  4.74893511729367E+02
 1.95933333300000E+03, -2.32691570301623E-01,  3.10285750000000E-01, -4.80297599765924E+01,  1.71370000000004E+02,  9.31352520671483E+01,  4.27113868412046E+02
 1.95941666700000E+03, -2.40746000517398E-01,  1.94656500000000E-01, -4.80770224555590E+01,  1.71550000000004E+02,  6.32875263387272E+01,  3.11927002307922E+02
 1.95950000000000E+03, -2.77230905744897E-01,  1.76780500000000E-01, -4.81239709619881E+01,  1.71730000000004E+02,  4.75294998707907E+01,  3.06885205220849E+02
 1.95958333300000E+03, -2.67874064552782E-01,  2.16944250000000E-01, -4.81706010643684E+01,  1.71910000000004E+02,  4.21138888114990E+01,  2.43501250896406E+02
 1.95966666700000E+03, -1.87253102426473E-01,  2.02864500000000E-01, -5.04774762707699E+01,  1.72090000000004E+02,  4.50692583993416E+01,  9.60798612985385E+01
 1.95975000000000E+03, -1.47300356638189E-01,  1.52382160000000E-01, -5.04637854579985E+01,  1.72270000000004E+02,  4.00007419963689E+01,  1.73866430253163E+02
 1.95983333300000E+03, -1.50159414878264E-01,  6.01447450000000E-02, -5.04496255025689E+01,  1.72450000000004E+02,  7.32975567288115E+01,  2.29727976889335E+02
 1.95991666700000E+03, -1.27575099218670E-01, -6.14344900000000E-02, -5.04349987514226E+01,  1.72630000000004E+02,  8.30382382527137E+01,  2.59880696527306E+02
 1.96000000000000E+03, -7.80717363170826E-02, -2.04783325000000E-01, -5.04199075978889E+01,  1.72810000000004E+02,  8.88610380090963E+01,  2.52820708717383E+02
 1.96008333300000E+03, -2.21443030815686E-02, -2.91194750000000E-01, -5.04043544812719E+01,  1.72990000000004E+02,  8.84271495104529E+01,  2.65385422504762E+02
 1.96016666700000E+03,  1.29154968942365E-02, -1.92531000000000E-01, -5.03883418864309E+01,  1.73170000000004E+02,  7.76697164375404E+01,  2.29148766251018E+02
 1.96025000000000E+03,  1.48939411824648E-02,  1.23157500000001E-03, -5.03718723433550E+01,  1.73350000000004E+02,  4.55769842552431E+01,  2.36773945690824E+02
 1.96033333300000E+03, -4.75231577960958E-03,  6.80374000000000E-02, -5.03549484267315E+01,  1.73530000000004E+02,  2.80561015044106E+01,  1.95015225300988E+02
 1.96041666700000E+03, -2.33059103058923E-02,  2.79981000000000E-02, -5.03375727555088E+01,  1.73710000000004E+02,  2.61280868832433E+01,  2.22427628805036E+02
 1.96050000000000E+03, -2.84486269458313E-02, -8.34032500000000E-03, -5.03197479924526E+01,  1.73890000000004E+02,  3.68529102417022E+01,  1.87899370730396E+02
 1.96058333300000E+03, -3.72235836332031E-02, -1.44381500000000E-02, -5.03014768436975E+01,  1.74070000000004E+02,  6.59080710939587E+01,  2.24137781141436E+02
 1.96066666700000E+03, -5.70007417760919E-02,  6.89147750000000E-02, -4.34058110403283E+01,  1.74250000000004E+02,  9.36655982501207E+01,  3.09759813619988E+02
 1.96075000000000E+03, -5.78541144632435E-02,  2.11406075000000E-01, -4.33690682113737E+01,  1.74430000000004E+02,  9.89644230160481E+01,  3.99797959493894E+02
 1.96083333300000E+03, -3.06007519411272E-02,  3.09385500000000E-01, -4.33325174141942E+01,  1.74610000000004E+02,  1.15023975566116E+02,  4.87677272503345E+02
 1.96091666700000E+03,  4.80993165363646E-03,  3.17804500000000E-01, -4.32961599359834E+01,  1.74790000000004E+02,  9.74101833723026E+01,  5.25897460729169E+02
 1.96100000000000E+03,  2.63252296215914E-02,  1.31058250000000E-01, -4.32599970191557E+01,  1.74970000000004E+02,  6.82113590535443E+01,  4.57943416836559E+02
 1.96108333300000E+03,  1.24622262348800E-02, -1.00534000000000E-01, -4.32240298613016E+01,  1.75150000000004E+02,  3.91869868190992E+01,  2.99589160200923E+02
 1.96116666700000E+03, -4.45819666420949E-02, -1.73270500000000E-01, -4.31882596151499E+01,  1.75330000000004E+02,  3.65019347634531E+01,  2.15495620360186E+02
 1.96125000000000E+03, -1.28400836983682E-01, -1.37909150000000E-01, -4.31526873885385E+01,  1.75510000000004E+02,  1.52275555646318E+01,  8.81799966004874E+01
 1.96133333300000E+03, -2.02315198703066E-01,  3.54370000000000E-03, -4.31173142443918E+01,  1.75690000000004E+02,  1.70557736685243E+01,  1.36572253982094E+02
 1.96141666700000E+03, -2.29570330515144E-01,  1.80671600000000E-01, -4.30821412007066E+01,  1.75870000000004E+02,  1.41911886013050E+01,  1.23530983654509E+02
 1.96150000000000E+03, -1.96913087823473E-01,  2.61738500000000E-01, -4.30471692305448E+01,  1.76050000000004E+02,  2.84590138361466E+01,  1.56968605282033E+02
 1.96158333300000E+03, -1.14671198978188E-01,  2.75242500000000E-01, -4.30123992620340E+01,  1.76230000000004E+02,  2.94934550353781E+01,  1.61309115461482E+02
 1.96166666700000E+03, -2.03373875034426E-02,  2.76428500000000E-01, -4.50008059448110E+01,  1.76410000000004E+02,  3.77329485936127E+01,  1.56183331017986E+02
 1.96175000000000E+03,  4.99198494785945E-02,  1.91298675000000E-01, -4.49579668145497E+01,  1.76590000000004E+02,  4.92681443993763E+01,  1.53844216690014E+02
 1.96183333300000E+03,  9.99452940227155E-02,  4.57503500000000E-02, -4.49152337811853E+01,  1.76770000000004E+02,  6.05410891208608E+01,  1.63468013473789E+02
 1.96191666700000E+03,  1.28061523713797E-01, -9.52003250000000E-02, -4.48726097901490E+01,  1.76950000000004E+02,  4.80248415471203E+01,  1.67689512516985E+02
 1.96200000000000E+03,  1.17426302405775E-01, -1.17798625000000E-01, -4.48300977498735E+01,  1.77130000000004E+02,  4.63479064193573E+01,  1.59914700225854E+02
 1.96208333300000E+03,  7.06572412819770E-02,  3.30165000000000E-02, -4.47877005314601E+01,  1.77310000000004E+02,  3.21277378900438E+01,  1.97469148793092E+02
 1.96216666700000E+03,  9.68711946548548E-03,  2.45687875000000E-01, -4.47454209683521E+01,  1.77490000000004E+02,  3.01253257665416E+01,  1.53274105931895E+02
 1.96225000000000E+03, -3.41810412666519E-02,  3.22525675000000E-01, -4.47032618560140E+01,  1.77670000000004E+02,  1.88680524502129E+01,  1.31995124371262E+02
 1.96233333300000E+03, -3.80770669113284E-02,  2.44945600000000E-01, -4.46612259516191E+01,  1.77850000000004E+02,  1.83709199222651E+01,  1.06405623922330E+02
 1.96241666700000E+03, -4.22471290204022E-03,  2.00501825000000E-01, -4.46193159737424E+01,  1.78030000000004E+02,  3.12255823797060E+01,  1.14433308740297E+02
 1.96250000000000E+03,  3.74042824857486E-02,  1.15126640000000E-01, -4.45775346020614E+01,  1.78210000000004E+02,  7.72214425458405E+01,  2.91622954369985E+02
 1.96258333300000E+03,  9.74417884868913E-02,  8.25518000000000E-03, -4.45358844770631E+01,  1.78390000000004E+02,  6.60576230455921E+01,  2.76094293200715E+02
 1.96266666700000E+03,  1.54165845491276E-01, -4.38343500000000E-03, -4.57235627593541E+01,  1.78570000000004E+02,  7.16542575787683E+01,  3.17098306279065E+02
 1.96275000000000E+03,  1.34892457988793E-01,  5.49689000000000E-02, -4.56794257941191E+01,  1.78750000000004E+02,  8.09131575934394E+01,  3.21023376774420E+02
 1.96283333300000E+03,  1.02182678896301E-01,  1.34506275000000E-01, -4.56353410409139E+01,  1.78930000000004E+02,  7.70184390614870E+01,  4.12960309775542E+02
 1.96291666700000E+03,  1.32641325915854E-01,  1.08490850000000E-01, -4.55913120041079E+01,  1.79110000000004E+02,  3.28816283689243E+01,  2.09315454310451E+02
 1.96300000000000E+03,  1.94453807973281E-01,  6.78297000000000E-02, -4.55473421575236E+01,  1.79290000000004E+02,  3.63905956072747E+01,  2.30718654983918E+02
 1.96308333300000E+03,  2.31564635843782E-01,  1.00898500000000E-01, -4.55034349439995E+01,  1.79470000000004E+02,  4.32396284219198E+01,  2.64351966363055E+02
 1.96316666700000E+03,  2.04008564736398E-01,  1.17232300000000E-01, -4.54595937749609E+01,  1.79650000000004E+02,  5.05708510181493E+01,  4.36201708993810E+02
 1.96325000000000E+03,  1.19026182540337E-01,  9.31611000000000E-02, -4.54158220299942E+01,  1.79830000000004E+02,  4.67446998890566E+01,  3.33534274569168E+02
 1.96333333300000E+03,  2.76955915184749E-02,  5.21222500000000E-03, -4.53721230564286E+01,  1.80010000000004E+02,  5.28344234434152E+01,  3.29268814493384E+02
 1.96341666700000E+03, -1.22761445283157E-02,  1.11841000000000E-02, -4.53285001689229E+01,  1.80190000000004E+02,  6.18320867716508E+01,  3.16477943439107E+02
 1.96350000000000E+03,  2.02995541653106E-02,  1.60230575000000E-01, -4.52849566490593E+01,  1.80370000000004E+02,  5.93684718219339E+01,  2.95876510096105E+02
 1.96358333300000E+03,  1.28477780657746E-01,  2.48079250000000E-01, -4.52414957449420E+01,  1.80550000000004E+02,  4.59380074280775E+01,  1.87233440414631E+02
 1.96366666700000E+03,  2.70839104775420E-01,  3.09126000000000E-01, -3.49620466347165E+01,  1.80730000000004E+02,  7.23955376360486E+01,  3.12521653851064E+02
 1.96375000000000E+03,  3.63388689388556E-01,  4.25754750000000E-01, -3.49379867961107E+01,  1.80910000000004E+02,  7.47392331417631E+01,  3.32155480971072E+02
 1.96383333300000E+03,  3.99678032732679E-01,  4.46007000000000E-01, -3.49141041572875E+01,  1.81090000000004E+02,  7.37097621509632E+01,  3.80680391125961E+02
 1.96391666700000E+03,  4.16159029314820E-01,  3.91920500000000E-01, -3.48904023356653E+01,  1.81270000000004E+02,  6.83461562877481E+01,  3.42022845320804E+02
 1.96400000000000E+03,  4.22790946615181E-01,  4.74414500000000E-01, -3.48668849466966E+01,  1.81450000000004E+02,  1.04179418694122E+02,  3.51111854672438E+02
 1.96408333300000E+03,  4.20529969249546E-01,  5.12710500000000E-01, -3.48435556032786E+01,  1.81630000000004E+02,  8.59897111250019E+01,  2.63477373281223E+02
 1.96416666700000E+03,  4.02821018190447E-01,  3.88465250000000E-01, -3.48204179151650E+01,  1.81810000000004E+02,  7.57711909778761E+01,  2.48677164868366E+02
 1.96425000000000E+03,  3.66702889702275E-01,  3.85366500000000E-01, -3.47974754883759E+01,  1.81990000000004E+02,  6.75275611756292E+01,  2.05269540580036E+02
 1.96433333300000E+03,  3.20980413708617E-01,  3.77804525000000E-01, -3.47747319246080E+01,  1.82170000000004E+02,  1.03943242544207E+02,  2.32675213993757E+02
 1.96441666700000E+03,  2.82704280240254E-01,  1.59670075000000E-01, -3.47521908206447E+01,  1.82350000000004E+02,  1.03687068992887E+02,  3.98582271225126E+02
 1.96450000000000E+03,  2.65533302232895E-01, -2.28522500000000E-02, -3.47298557677654E+01,  1.82530000000004E+02,  1.09310185684635E+02,  3.84023423028727E+02
 1.96458333300000E+03,  1.51250648952672E-01, -2.09399625000000E-01, -3.47077303511555E+01,  1.82710000000004E+02,  1.09226385445689E+02,  3.82168530652669E+02
 1.96466666700000E+03, -7.78256852637990E-02, -4.79932325000000E-01, -3.40575355033641E+01,  1.82890000000004E+02,  1.17697220363786E+02,  3.54663246167155E+02
 1.96475000000000E+03, -1.99682546934084E-01, -6.04779750000000E-01, -3.40702944577073E+01,  1.83070000000004E+02,  1.07799089785289E+02,  4.14519832262063E+02
 1.96483333300000E+03, -2.03113802808196E-01, -5.62822500000000E-01, -3.40834971545185E+01,  1.83250000000004E+02,  7.72811330461150E+01,  1.57859244804103E+02
 1.96491666700000E+03, -1.87435556995288E-01, -3.73358200000000E-01, -3.40971439412920E+01,  1.83430000000004E+02,  9.54990637993585E+01,  1.84089888276832E+02
 1.96500000000000E+03, -1.47081484130341E-01, -1.90811150000000E-01, -3.41112351146011E+01,  1.83610000000004E+02,  1.31590157270560E+02,  2.50465059124700E+02
 1.96508333300000E+03, -9.16911050358812E-02, -2.37887950000000E-01, -3.41257709199343E+01,  1.83790000000004E+02,  1.22573682448456E+02,  2.97804866861601E+02
 1.96516666700000E+03, -3.87140951714892E-02, -3.72781500000000E-01, -3.41407515515390E+01,  1.83970000000004E+02,  1.00603090572239E+02,  1.94298264822697E+02
 1.96525000000000E+03,  1.29101166162081E-03, -4.61279500000000E-01, -3.41561771522716E+01,  1.84150000000004E+02,  1.02859538602344E+02,  2.14937456901190E+02
 1.96533333300000E+03,  3.24005260045460E-02, -4.59241750000000E-01, -3.41720478134557E+01,  1.84330000000004E+02,  6.27099300060220E+01,  1.82477791417915E+02
 1.96541666700000E+03,  6.66881714993552E-02, -2.47706000000000E-01, -3.41883635747471E+01,  1.84510000000004E+02,  2.71415888707874E+01,  1.26117421680386E+02
 1.96550000000000E+03,  1.09998455806585E-01,  4.49145000000000E-02, -3.42051244240064E+01,  1.84690000000004E+02,  2.91428695772065E+01,  8.91043697078220E+01
 1.96558333300000E+03,  1.46860998477157E-01,  2.11392250000000E-01, -3.42223302971791E+01,  1.84870000000004E+02,  2.31863768859094E+01,  1.81262250176852E+02
 1.96566666700000E+03,  1.66098342467305E-01,  3.67625500000000E-01, -3.50599302595303E+01,  1.85050000000005E+02,  2.29240167245058E+01,  3.05879050424003E+02
 1.96575000000000E+03,  1.86400663488818E-01,  5.32878000000000E-01, -3.50351981736650E+01,  1.85230000000005E+02,  3.36483329537929E+01,  3.08102661367891E+02
 1.96583333300000E+03,  2.23686891022643E-01,  5.58424000000000E-01, -3.50106288180631E+01,  1.85410000000005E+02,  3.59242557770393E+01,  3.08671549046085E+02
 1.96591666700000E+03,  2.80949829568049E-01,  5.03749750000000E-01, -3.49862258121389E+01,  1.85590000000005E+02,  6.05116249246534E+01,  4.01476383450554E+02
 1.96600000000000E+03,  3.53988923795514E-01,  5.02018250000000E-01, -3.49619927756857E+01,  1.85770000000005E+02,  7.31700230210852E+01,  3.20141324727605E+02
 1.96608333300000E+03,  4.23822435219509E-01,  7.19932000000000E-01, -3.49379333282908E+01,  1.85950000000005E+02,  8.62520900692124E+01,  1.91674071722446E+02
 1.96616666700000E+03,  4.66296649674641E-01,  9.91073250000000E-01, -3.49140510887486E+01,  1.86130000000005E+02,  1.06986642140938E+02,  3.09688120506468E+02
 1.96625000000000E+03,  4.68431083587814E-01,  9.82883000000000E-01, -3.48903496744741E+01,  1.86310000000005E+02,  1.04714766579717E+02,  3.11710233405322E+02
 1.96633333300000E+03,  4.36902438804380E-01,  8.83277000000000E-01, -3.48668327009145E+01,  1.86490000000005E+02,  7.99071419393170E+01,  2.39741965578808E+02
 1.96641666700000E+03,  3.91113583642513E-01,  8.38972000000000E-01, -3.48435037809608E+01,  1.86670000000005E+02,  1.37060432749398E+02,  3.27372753587922E+02
 1.96650000000000E+03,  3.47723308087176E-01,  7.46026750000000E-01, -3.48203665243589E+01,  1.86850000000005E+02,  1.14034488315307E+02,  3.34298489926446E+02
 1.96658333300000E+03,  2.07586984571154E-01,  6.66114250000000E-01, -3.47974245371200E+01,  1.87030000000005E+02,  9.87712844276072E+01,  2.08583365048126E+02
 1.96666666700000E+03, -3.22296187208692E-02,  6.33946250000000E-01, -3.79819972012970E+01,  1.87210000000005E+02,  9.89389008142872E+01,  2.66919079586742E+02
 1.96675000000000E+03, -1.63621830803027E-01,  5.50788000000000E-01, -3.79577448604736E+01,  1.87390000000005E+02,  9.41012587387231E+01,  2.41298405650938E+02
 1.96683333300000E+03, -1.76940782537598E-01,  4.63122750000000E-01, -3.79333760404173E+01,  1.87570000000005E+02,  4.25507182815088E+01,  1.68046674326793E+02
 1.96691666700000E+03, -1.63533205414168E-01,  3.45809100000000E-01, -3.79088915701085E+01,  1.87750000000005E+02,  4.18142038499617E+01,  1.57930955110740E+02
 1.96700000000000E+03, -1.21957116095978E-01,  1.33696675000000E-01, -3.78842923195402E+01,  1.87930000000005E+02,  3.50042313111614E+01,  2.31216320539119E+02
 1.96708333300000E+03, -6.83036096839234E-02,  6.52703000000000E-02, -3.78595791996626E+01,  1.88110000000005E+02,  4.52753939074640E+01,  2.03560193583014E+02
 1.96716666700000E+03, -2.73090636031732E-02,  2.04429975000000E-01, -3.78347531623215E+01,  1.88290000000005E+02,  4.62699792694893E+01,  2.36457631125742E+02
 1.96725000000000E+03, -1.57385319665354E-02,  3.60268250000000E-01, -3.78098152001888E+01,  1.88470000000005E+02,  2.56073958042155E+01,  2.47331175725307E+02
 1.96733333300000E+03, -3.27507142877476E-02,  4.19239500000000E-01, -3.77847663466854E+01,  1.88650000000005E+02,  4.18484911472917E+01,  2.85130315404892E+02
 1.96741666700000E+03, -6.51648217215766E-02,  4.29837250000000E-01, -3.77596076758978E+01,  1.88830000000005E+02,  3.36383883667600E+01,  2.40699750118663E+02
 1.96750000000000E+03, -1.01259330809489E-01,  4.99624250000000E-01, -3.77343403024871E+01,  1.89010000000005E+02,  2.96447170019946E+01,  2.37597402024519E+02
 1.96758333300000E+03, -1.23985314165883E-01,  5.39851500000000E-01, -3.77089653815898E+01,  1.89190000000005E+02,  5.08105529418459E+01,  2.71850436640333E+02
 1.96766666700000E+03, -1.22245484002493E-01,  5.85120500000000E-01, -2.90685021379787E+01,  1.89370000000005E+02,  6.15171490361363E+01,  2.53262185697088E+02
 1.96775000000000E+03, -1.13802406296019E-01,  7.20088750000000E-01, -2.90722791415126E+01,  1.89550000000005E+02,  4.79615665074049E+01,  2.04700381854858E+02
 1.96783333300000E+03, -1.09873731665590E-01,  7.85000000000000E-01, -2.90764697882539E+01,  1.89730000000005E+02,  4.89267622425055E+01,  2.22682671010607E+02
 1.96791666700000E+03, -1.00162811797418E-01,  7.13144500000000E-01, -2.90810753640875E+01,  1.89910000000005E+02,  5.00145155987561E+01,  1.80750762173992E+02
 1.96800000000000E+03, -7.92958723696592E-02,  6.25096500000000E-01, -2.90860971114587E+01,  1.90090000000005E+02,  2.80182394057375E+01,  1.44907515761097E+02
 1.96808333300000E+03, -5.52730023916442E-02,  5.23869750000000E-01, -2.90915362290894E+01,  1.90270000000005E+02,  2.34362439929692E+01,  1.37284350335650E+02
 1.96816666700000E+03, -4.23680037339156E-02,  3.47577000000000E-01, -2.90973938717012E+01,  1.90450000000005E+02,  2.54614517370497E+01,  1.54594812800452E+02
 1.96825000000000E+03, -4.69637690284459E-02,  2.50161500000000E-01, -2.91036711497438E+01,  1.90630000000005E+02,  2.43252918969915E+01,  1.01774136264108E+02
 1.96833333300000E+03, -6.04711084159433E-02,  2.80274750000000E-01, -2.91103691291294E+01,  1.90810000000005E+02,  2.00360836858277E+01,  1.12855821535527E+02
 1.96841666700000E+03, -6.66256973097839E-02,  2.39605875000000E-01, -2.91174888309737E+01,  1.90990000000005E+02,  2.65469271577217E+01,  6.52573728046665E+01
 1.96850000000000E+03, -5.62578644856948E-02,  9.43670500000000E-02, -2.91250312313419E+01,  1.91170000000005E+02,  2.57134798083742E+01,  8.18164010659426E+01
 1.96858333300000E+03,  4.38584476963674E-02, -3.68137750000000E-02, -2.91329972610020E+01,  1.91350000000005E+02,  2.40550450815553E+01,  8.51324789757964E+01
 1.96866666700000E+03,  1.96903645985951E-01, -1.94002000000000E-02, -3.44736661038308E+01,  1.91530000000005E+02,  2.57365680140042E+01,  9.22792576202523E+01
 1.96875000000000E+03,  2.26270460933622E-01,  2.65670000000000E-01, -3.44347791842097E+01,  1.91710000000005E+02,  2.47034123185714E+01,  8.34904552991506E+01
 1.96883333300000E+03,  1.85632961932840E-01,  5.19756000000000E-01, -3.43960432740156E+01,  1.91890000000005E+02,  2.34728980725010E+01,  1.09875521507330E+02
 1.96891666700000E+03,  1.97109338885083E-01,  6.61335750000000E-01, -3.43574603026272E+01,  1.92070000000005E+02,  1.86553429956712E+01,  1.03178060685490E+02
 1.96900000000000E+03,  2.44579987060525E-01,  9.64965500000000E-01, -3.43190321615044E+01,  1.92250000000005E+02,  2.18246018735048E+01,  9.30071307444328E+01
 1.96908333300000E+03,  2.84879875171028E-01,  1.03370675000000E+00, -3.42807607040281E+01,  1.92430000000005E+02,  3.02235110765887E+01,  8.05381366184290E+01
 1.96916666700000E+03,  2.73690424145550E-01,  6.20071250000000E-01, -3.42426477453463E+01,  1.92610000000005E+02,  4.55596120676411E+01,  1.09599402923622E+02
 1.96925000000000E+03,  1.95170030282241E-01,  1.67871500000000E-01, -3.42046950622266E+01,  1.92790000000005E+02,  3.93332927059988E+01,  8.96797657259565E+01
 1.96933333300000E+03,  7.33089070262411E-02, -1.20938500000000E-01, -3.41669043929146E+01,  1.92970000000005E+02,  3.78410596289382E+01,  7.19164352218940E+01
 1.96941666700000E+03, -4.39605321127750E-02, -2.20188575000000E-01, -3.41292774369992E+01,  1.93150000000005E+02,  3.04706299910101E+01,  8.87985288219980E+01
 1.96950000000000E+03, -1.15972652218142E-01, -4.24679000000000E-02, -3.40918158552834E+01,  1.93330000000005E+02,  2.97055462473354E+01,  9.49112330151559E+01
 1.96958333300000E+03, -1.33641006848296E-01,  1.87857675000000E-01, -3.40545212696616E+01,  1.93510000000005E+02,  1.71154098612623E+01,  7.98250379136015E+01
 1.96966666700000E+03, -1.02387813706781E-01,  1.83301350000000E-01, -2.82561057059467E+01,  1.93690000000005E+02,  1.69200923362096E+01,  8.95311643947880E+01
 1.96975000000000E+03, -3.27674457725329E-02,  9.80584500000000E-02, -2.82321925667892E+01,  1.93870000000005E+02,  3.10353796225343E+01,  1.27537828716027E+02
 1.96983333300000E+03,  4.82725596182463E-02,  1.04484850000000E-01, -2.82081721088067E+01,  1.94050000000005E+02,  3.47713174871870E+01,  1.47891876650123E+02
 1.96991666700000E+03,  1.25841113062395E-01,  7.14467425000000E-02, -2.81840452093601E+01,  1.94230000000005E+02,  2.90908766111953E+01,  1.54778745587063E+02
 1.97000000000000E+03,  1.98859717266051E-01,  9.52384850000000E-02, -2.81598127821549E+01,  1.94410000000005E+02,  2.45971575934878E+01,  1.46302137799551E+02
 1.97008333300000E+03,  2.57105412102820E-01,  2.38041242500000E-01, -2.81354757771737E+01,  1.94590000000005E+02,  2.84331342913684E+01,  1.57783886328598E+02
 1.97016666700000E+03,  2.87120165496447E-01,  2.94855000000000E-01, -2.81110351806035E+01,  1.94770000000005E+02,  2.30034110136132E+01,  2.95680012339258E+02
 1.97025000000000E+03,  2.84927676163642E-01,  3.44591000000000E-01, -2.80864920147563E+01,  1.94950000000005E+02,  2.29064643738501E+01,  2.66172208210662E+02
 1.97033333300000E+03,  2.62397828428229E-01,  4.53125000000000E-01, -2.80618473379835E+01,  1.95130000000005E+02,  2.32566952113591E+01,  2.86022312617100E+02
 1.97041666700000E+03,  2.40186128469073E-01,  4.99521750000000E-01, -2.80371022445852E+01,  1.95310000000005E+02,  3.36280175387752E+01,  3.10069751686944E+02
 1.97050000000000E+03,  2.33554867808880E-01,  4.46575500000000E-01, -2.80122578647123E+01,  1.95490000000005E+02,  4.81934522566844E+01,  5.20587469081414E+02
 1.97058333300000E+03,  7.33909499954408E-02,  2.62191050000000E-01, -2.79873153642630E+01,  1.95670000000005E+02,  7.89382656189230E+01,  5.08572214445180E+02
 1.97066666700000E+03, -2.56486882527625E-01, -1.00509000000000E-02, -2.88137138055522E+01,  1.95850000000005E+02,  1.01794028234930E+02,  8.78141472421396E+02
 1.97075000000000E+03, -4.35189801509492E-01, -2.04495450000000E-01, -2.87926421364082E+01,  1.96030000000005E+02,  1.03757232617869E+02,  8.44215914289064E+02
 1.97083333300000E+03, -4.62266944815847E-01, -3.09940250000000E-01, -2.87714530888651E+01,  1.96210000000005E+02,  1.07122803094800E+02,  8.96282457939588E+02
 1.97091666700000E+03, -4.93422482839427E-01, -4.74104500000000E-01, -2.87501466338084E+01,  1.96390000000005E+02,  1.04776758972009E+02,  6.84974208209065E+02
 1.97100000000000E+03, -5.19824119164951E-01, -5.21477250000000E-01, -2.87287227781723E+01,  1.96570000000005E+02,  1.08975499694942E+02,  5.68855899513599E+02
 1.97108333300000E+03, -5.44557465865428E-01, -4.15775500000000E-01, -2.87071815650242E+01,  1.96750000000005E+02,  1.03927327148766E+02,  2.90367246786316E+02
 1.97116666700000E+03, -5.76246692770961E-01, -4.01669250000000E-01, -2.86855230736432E+01,  1.96930000000005E+02,  1.12070015344785E+02,  3.39544589718046E+02
 1.97125000000000E+03, -6.15730497816310E-01, -3.35590750000000E-01, -2.86637474195921E+01,  1.97110000000005E+02,  9.82533167847067E+01,  3.08514541475485E+02
 1.97133333300000E+03, -6.49816514028474E-01, -1.53387575000000E-01, -2.86418547547843E+01,  1.97290000000005E+02,  9.05964017308592E+01,  2.86227813122557E+02
 1.97141666700000E+03, -6.59284022877911E-01, -8.18456500000000E-02, -2.86198452675436E+01,  1.97470000000005E+02,  6.16650828141155E+01,  2.63942906184296E+02
 1.97150000000000E+03, -6.34122132110870E-01, -1.48569075000000E-01, -2.85977191826586E+01,  1.97650000000005E+02,  4.56205070065771E+01,  1.80357241399480E+02
 1.97158333300000E+03, -4.94890002401334E-01, -2.91057500000000E-01, -2.85754767614310E+01,  1.97830000000005E+02,  5.60695043518219E+01,  1.99037889999193E+02
 1.97166666700000E+03, -2.75693608882734E-01, -3.59641500000000E-01, -2.60810499202965E+01,  1.98010000000005E+02,  7.77231867835150E+01,  2.44508878979754E+02
 1.97175000000000E+03, -1.76233052199381E-01, -2.35724500000000E-01, -2.60647840546197E+01,  1.98190000000005E+02,  9.11344336945373E+01,  3.19474102444929E+02
 1.97183333300000E+03, -1.72346775198538E-01, -1.21911450000000E-01, -2.60486080200717E+01,  1.98370000000005E+02,  9.35998115437959E+01,  3.49375075202450E+02
 1.97191666700000E+03, -1.47157242850919E-01, -1.53231150000000E-01, -2.60325197016864E+01,  1.98550000000005E+02,  9.36515772583637E+01,  3.74321582293494E+02
 1.97200000000000E+03, -9.68588258221637E-02, -2.32706200000000E-01, -2.60165169749883E+01,  1.98730000000005E+02,  7.03954451902468E+01,  3.07473384494140E+02
 1.97208333300000E+03, -3.28652970129102E-02, -2.16450250000000E-01, -2.60005977064318E+01,  1.98910000000005E+02,  5.93906763032629E+01,  2.02890219200400E+02
 1.97216666700000E+03,  2.58739127768018E-02, -8.72325000000000E-02, -2.59847597538429E+01,  1.99090000000005E+02,  6.70425620329134E+01,  1.99672545087682E+02
 1.97225000000000E+03,  6.78169340339329E-02,  7.57155000000000E-02, -2.59690009668607E+01,  1.99270000000005E+02,  8.84143164787673E+01,  1.87554545980785E+02
 1.97233333300000E+03,  9.67442899405609E-02,  1.26712850000000E-01, -2.59533191873806E+01,  1.99450000000005E+02,  1.85233442401921E+02,  3.96860812273922E+02
 1.97241666700000E+03,  1.25197901067761E-01, -1.25053000000000E-02, -2.59377122499983E+01,  1.99630000000005E+02,  2.07296116073498E+02,  5.07869098730931E+02
 1.97250000000000E+03,  1.60214390373279E-01, -2.09256650000000E-01, -2.59221779824547E+01,  1.99810000000005E+02,  1.96655447220505E+02,  5.66588081382911E+02
 1.97258333300000E+03,  1.40424610570700E-01, -2.85983250000000E-01, -2.59067142060813E+01,  1.99990000000005E+02,  1.92593729743406E+02,  5.08484356680289E+02
 1.97266666700000E+03,  6.08659548124326E-02, -1.21773250000000E-01, -2.36728368483189E+01,  2.00170000000005E+02,  1.93835735541141E+02,  5.12878519510944E+02
 1.97275000000000E+03,  3.09197402553166E-02,  7.97085000000000E-02, -2.36504130405549E+01,  2.00350000000005E+02,  1.55043367086194E+02,  2.90669387721888E+02
 1.97283333300000E+03,  4.34603343890808E-02,  8.69457750000000E-02, -2.36278783134056E+01,  2.00530000000005E+02,  1.65024034283743E+02,  2.86588292762189E+02
 1.97291666700000E+03,  4.50228933730926E-02,  1.06753300000000E-01, -2.36052331431491E+01,  2.00710000000005E+02,  1.97085687378335E+02,  2.83666570238943E+02
 1.97300000000000E+03,  4.30343616442986E-02,  2.65173025000000E-01, -2.35824780406307E+01,  2.00890000000005E+02,  1.82793739229594E+02,  2.73059951136294E+02
 1.97308333300000E+03,  3.42529744820987E-02,  4.11182500000000E-01, -2.35596135512597E+01,  2.01070000000005E+02,  1.48048912123401E+02,  3.74374017092304E+02
 1.97316666700000E+03,  1.10889040109397E-02,  4.30061250000000E-01, -2.35366402550004E+01,  2.01250000000005E+02,  1.00802986905515E+02,  3.53495990097626E+02
 1.97325000000000E+03, -2.54041281950977E-02,  3.33609000000000E-01, -2.35135587663579E+01,  2.01430000000005E+02,  7.20441746270552E+01,  3.08757774549705E+02
 1.97333333300000E+03, -5.98129720199776E-02,  1.72164000000000E-01, -2.34903697343576E+01,  2.01610000000005E+02,  6.14915349300581E+01,  2.66008413207843E+02
 1.97341666700000E+03, -7.09678177648921E-02, -3.40977500000000E-02, -2.34670738425197E+01,  2.01790000000005E+02,  7.75145849550272E+01,  4.57175417774202E+02
 1.97350000000000E+03, -4.77016913099687E-02, -2.21135750000000E-01, -2.34436718088277E+01,  2.01970000000005E+02,  9.65963936967025E+01,  3.54114710333713E+02
 1.97358333300000E+03, -9.64622407459043E-02, -4.06279250000000E-01, -2.34201643856914E+01,  2.02150000000005E+02,  1.24013755543982E+02,  3.70832826841390E+02
 1.97366666700000E+03, -2.39777373566718E-01, -5.92379500000000E-01, -3.35420769413761E+01,  2.02330000000005E+02,  1.51252119269643E+02,  4.00973548594881E+02
 1.97375000000000E+03, -3.10851479451671E-01, -7.60375500000000E-01, -3.35874279968631E+01,  2.02510000000005E+02,  1.50523641555330E+02,  4.75633546090253E+02
 1.97383333300000E+03, -3.30511226943712E-01, -9.59642000000000E-01, -3.36324926308019E+01,  2.02690000000005E+02,  1.77254871467629E+02,  3.22463759164872E+02
 1.97391666700000E+03, -3.81024645668776E-01, -1.06770550000000E+00, -3.36772669422474E+01,  2.02870000000005E+02,  1.77973876702423E+02,  2.97503443229273E+02
 1.97400000000000E+03, -4.16429902754109E-01, -9.29202250000000E-01, -3.37217470602906E+01,  2.03050000000005E+02,  1.49414331040913E+02,  3.98314827141239E+02
 1.97408333300000E+03, -3.99608498901228E-01, -7.25737000000000E-01, -3.37659291444992E+01,  2.03230000000005E+02,  1.56866154202730E+02,  4.88939619306743E+02
 1.97416666700000E+03, -3.28313741973490E-01, -6.14098000000000E-01, -3.38098093853527E+01,  2.03410000000005E+02,  1.71397118475714E+02,  4.09198175513588E+02
 1.97425000000000E+03, -2.33190956785856E-01, -5.39179000000000E-01, -3.38533840046751E+01,  2.03590000000005E+02,  1.23947405265515E+02,  3.81453312779276E+02
 1.97433333300000E+03, -1.54566072137230E-01, -5.14770000000000E-01, -3.38966492560621E+01,  2.03770000000005E+02,  1.40149812012967E+02,  3.80694937715189E+02
 1.97441666700000E+03, -1.17590672068483E-01, -5.28120500000000E-01, -3.39396014253052E+01,  2.03950000000005E+02,  1.30618844585189E+02,  2.50251027339258E+02
 1.97450000000000E+03, -1.20957855543121E-01, -5.25398500000000E-01, -3.39822368308105E+01,  2.04130000000005E+02,  9.86247534555493E+01,  1.65971729606978E+02
 1.97458333300000E+03, -1.32486525273147E-01, -4.87122250000000E-01, -3.40245518240140E+01,  2.04310000000005E+02,  7.66627086844372E+01,  1.94759813567816E+02
 1.97466666700000E+03, -1.61148290423231E-01, -4.34777500000000E-01, -2.90579265202787E+01,  2.04490000000005E+02,  1.16333028113194E+02,  2.14448797613689E+02
 1.97475000000000E+03, -2.51785991835600E-01, -3.84079500000000E-01, -2.90221404145610E+01,  2.04670000000005E+02,  7.58061411048201E+01,  2.01062799038458E+02
 1.97483333300000E+03, -3.63770066832513E-01, -3.24032500000000E-01, -2.89865259755402E+01,  2.04850000000005E+02,  7.60594430313312E+01,  2.39777892725490E+02
 1.97491666700000E+03, -4.29765700145269E-01, -2.12300425000000E-01, -2.89510844664303E+01,  2.05030000000005E+02,  6.83769248048831E+01,  1.75293509163398E+02
 1.97500000000000E+03, -4.36894738171910E-01, -5.06431000000000E-02, -2.89158171130168E+01,  2.05210000000005E+02,  5.79342646978002E+01,  2.21480874787367E+02
 1.97508333300000E+03, -4.05926114407941E-01, -4.58064250000000E-02, -2.88807251035986E+01,  2.05390000000005E+02,  2.28995275981337E+01,  1.88426714585265E+02
 1.97516666700000E+03, -3.75763644069466E-01, -2.88865500000000E-01, -2.88458095889382E+01,  2.05570000000005E+02,  2.84585763007717E+01,  1.86546939100131E+02
 1.97525000000000E+03, -3.77106352979102E-01, -4.87405000000000E-01, -2.88110716822153E+01,  2.05750000000005E+02,  6.41127432657835E+01,  3.03786055330212E+02
 1.97533333300000E+03, -4.15386307589093E-01, -4.74724500000000E-01, -2.87765124589877E+01,  2.05930000000005E+02,  9.78792177668822E+01,  2.77898082837622E+02
 1.97541666700000E+03, -4.73843218420277E-01, -5.09074000000000E-01, -2.87421329571578E+01,  2.06110000000005E+02,  1.01429740786561E+02,  2.35089508326741E+02
 1.97550000000000E+03, -5.30138670449412E-01, -7.57892000000000E-01, -2.87079341769445E+01,  2.06290000000005E+02,  9.79382447869414E+01,  2.56111970798324E+02
 1.97558333300000E+03, -5.10712511362356E-01, -1.01420300000000E+00, -2.86739170808610E+01,  2.06470000000005E+02,  1.23611639892246E+02,  3.74802690734866E+02
 1.97566666700000E+03, -4.11876755838416E-01, -1.12097250000000E+00, -1.95680789605794E+01,  2.06650000000005E+02,  1.25272138190677E+02,  2.85042071752098E+02
 1.97575000000000E+03, -3.58690930008187E-01, -1.08214500000000E+00, -1.95797085767164E+01,  2.06830000000005E+02,  9.14498597482738E+01,  3.39985232435929E+02
 1.97583333300000E+03, -3.58836361436757E-01, -9.54694750000000E-01, -1.95917440559701E+01,  2.07010000000005E+02,  8.40792595875923E+01,  2.97234778694969E+02
 1.97591666700000E+03, -3.50106824670330E-01, -8.52405500000000E-01, -1.96041857648911E+01,  2.07190000000005E+02,  8.67986660516395E+01,  2.98374415344347E+02
 1.97600000000000E+03, -3.29059342474864E-01, -7.58211500000000E-01, -1.96170340275280E+01,  2.07370000000005E+02,  6.63127737358230E+01,  2.66365639430300E+02
 1.97608333300000E+03, -3.03457913808288E-01, -5.54443750000000E-01, -1.96302891252866E+01,  2.07550000000005E+02,  2.40963749678510E+01,  2.58343888410853E+02
 1.97616666700000E+03, -2.85441213935715E-01, -3.49025750000000E-01, -1.96439512967967E+01,  2.07730000000005E+02,  2.56779464433125E+01,  1.98778027178473E+02
 1.97625000000000E+03, -2.78666803045260E-01, -3.31392000000000E-01, -1.96580207377826E+01,  2.07910000000005E+02,  2.58096153455505E+01,  2.12584347435959E+02
 1.97633333300000E+03, -2.72896861787082E-01, -4.22434750000000E-01, -1.96724976009406E+01,  2.08090000000005E+02,  4.52487062727804E+01,  2.71275631024653E+02
 1.97641666700000E+03, -2.52515331011432E-01, -5.29641000000000E-01, -1.96873819958212E+01,  2.08270000000005E+02,  6.06758928621911E+01,  1.98708054323050E+02
 1.97650000000000E+03, -2.11516104059762E-01, -6.31537250000000E-01, -1.97026739887174E+01,  2.08450000000005E+02,  6.45731548235426E+01,  1.37261247980824E+02
 1.97658333300000E+03, -1.72248121611200E-01, -5.39125250000000E-01, -1.97183736025583E+01,  2.08630000000005E+02,  7.22972905200681E+01,  1.73586733599613E+02
 1.97666666700000E+03, -1.43079244489267E-01, -2.61918975000000E-01, -2.61124541560578E+01,  2.08810000000005E+02,  7.95515800154108E+01,  2.23279683963798E+02
 1.97675000000000E+03, -1.12229801443759E-01, -7.69697325000000E-02, -2.61658975634582E+01,  2.08990000000005E+02,  5.54007581877898E+01,  1.60407936035202E+02
 1.97683333300000E+03, -1.15260659070921E-01, -7.16977900000000E-02, -2.62192847701943E+01,  2.09170000000005E+02,  3.44396472802493E+01,  3.19558722455404E+02
 1.97691666700000E+03, -1.71074529683074E-01, -1.43845532500000E-01, -2.62726112088568E+01,  2.09350000000005E+02,  6.49864356030437E+01,  5.25206473850737E+02
 1.97700000000000E+03, -2.23970083125514E-01, -1.40371750000000E-01, -2.63258723154857E+01,  2.09530000000005E+02,  1.04481311161223E+02,  5.91421535353612E+02
 1.97708333300000E+03, -2.10455355927179E-01, -6.12039200000000E-02, -2.63790635300875E+01,  2.09710000000005E+02,  1.20824960119409E+02,  5.30273401920405E+02
 1.97716666700000E+03, -1.24346804557211E-01,  2.02451000000000E-03, -2.64321802971513E+01,  2.09890000000005E+02,  1.26081278253094E+02,  5.08333970901134E+02
 1.97725000000000E+03, -2.47281647724426E-02,  2.70026650000000E-02, -2.64852180661643E+01,  2.10070000000005E+02,  1.32731787498084E+02,  5.29413947566928E+02
 1.97733333300000E+03,  2.06250866252245E-02,  4.67868700000000E-02, -2.65381722921272E+01,  2.10250000000005E+02,  1.01494616900257E+02,  3.64235474820929E+02
 1.97741666700000E+03,  1.76962933304270E-04,  1.71267385000000E-01, -2.65910384360686E+01,  2.10430000000005E+02,  6.23913401455800E+01,  2.78902618347535E+02
 1.97750000000000E+03, -3.15770617743183E-02,  3.92015750000000E-01, -2.66438119655591E+01,  2.10610000000005E+02,  6.24685497805417E+01,  3.93469476156318E+02
 1.97758333300000E+03,  2.18220937605671E-02,  5.91015750000000E-01, -2.66964883552244E+01,  2.10790000000005E+02,  7.20319586694907E+01,  4.59591069650581E+02
 1.97766666700000E+03,  1.38035117419658E-01,  7.11055000000000E-01, -2.58665068084088E+01,  2.10970000000005E+02,  6.23094981194651E+01,  2.80428312352682E+02
 1.97775000000000E+03,  1.84764912158127E-01,  7.44053500000000E-01, -2.58512799455472E+01,  2.11150000000005E+02,  7.19988581757827E+01,  2.41191028729688E+02
 1.97783333300000E+03,  1.73935517434090E-01,  7.81557500000000E-01, -2.58361134364679E+01,  2.11330000000005E+02,  6.60701135747031E+01,  3.80696327945924E+02
 1.97791666700000E+03,  1.76430150524147E-01,  7.64570250000000E-01, -2.58210050747983E+01,  2.11510000000006E+02,  5.50868300038048E+01,  4.40220411384782E+02
 1.97800000000000E+03,  1.91098494048112E-01,  5.96065000000000E-01, -2.58059526507219E+01,  2.11690000000006E+02,  3.77839484108825E+01,  4.53114234845128E+02
 1.97808333300000E+03,  1.99511861314476E-01,  4.16005000000000E-01, -2.57909539514266E+01,  2.11870000000006E+02,  6.72055104285140E+01,  5.11090062001897E+02
 1.97816666700000E+03,  1.84840609585266E-01,  2.71082500000000E-01, -2.57760067615549E+01,  2.12050000000006E+02,  5.76760337127250E+01,  5.52776636914483E+02
 1.97825000000000E+03,  1.49823505276326E-01,  1.86436250000000E-01, -2.57611088636533E+01,  2.12230000000006E+02,  5.51748253276880E+01,  4.14501782580299E+02
 1.97833333300000E+03,  1.16121466060938E-01,  1.35020107500000E-01, -2.57462580386219E+01,  2.12410000000006E+02,  8.05426345473703E+01,  2.60548931716031E+02
 1.97841666700000E+03,  1.05552369002344E-01,  2.72535400000000E-02, -2.57314520661639E+01,  2.12590000000006E+02,  8.50884878967845E+01,  1.87584066553139E+02
 1.97850000000000E+03,  1.21390455251749E-01, -2.59554675000000E-02, -2.57166887252356E+01,  2.12770000000006E+02,  5.62381931208325E+01,  1.17800587336965E+02
 1.97858333300000E+03,  1.34961698704154E-01, -1.94886250000000E-02, -2.57019657944953E+01,  2.12950000000006E+02,  6.61315892640854E+01,  1.74332226767358E+02
 1.97866666700000E+03,  1.41171376292429E-01, -4.01687650000000E-02, -2.69700911599776E+01,  2.13130000000006E+02,  7.43935458347110E+01,  2.07755775930159E+02
 1.97875000000000E+03,  1.71610441788219E-01, -3.34564300000000E-02, -2.69281414098727E+01,  2.13310000000006E+02,  3.82452744605014E+01,  1.84675227007574E+02
 1.97883333300000E+03,  2.06461832139531E-01, -6.74034900000000E-02, -2.68861976843283E+01,  2.13490000000006E+02,  7.39413418028841E+01,  2.58036897411338E+02
 1.97891666700000E+03,  2.04177805296846E-01, -1.10290750000000E-01, -2.68442632070789E+01,  2.13670000000006E+02,  1.38273447561088E+02,  3.46777815216010E+02
 1.97900000000000E+03,  1.57615288344075E-01, -1.03800500000000E-02, -2.68023411823036E+01,  2.13850000000006E+02,  1.82176045251155E+02,  3.06227258732923E+02
 1.97908333300000E+03,  8.00132825573271E-02,  1.18112350000000E-01, -2.67604347942515E+01,  2.14030000000006E+02,  1.83836650360061E+02,  2.50228834112667E+02
 1.97916666700000E+03, -1.83134802515017E-03,  1.27373675000000E-01, -2.67185472068710E+01,  2.14210000000006E+02,  1.82214338876758E+02,  2.51043289219166E+02
 1.97925000000000E+03, -5.98032683382691E-02, -1.18139000000000E-02, -2.66766815634421E+01,  2.14390000000006E+02,  1.66316379885761E+02,  2.17197238749149E+02
 1.97933333300000E+03, -7.93375923817488E-02, -1.89879825000000E-01, -2.66348409862129E+01,  2.14570000000006E+02,  1.02239183608318E+02,  1.27407448852488E+02
 1.97941666700000E+03, -7.02044867138213E-02, -2.29409500000000E-01, -2.65930285760391E+01,  2.14750000000006E+02,  5.27495116262765E+01,  1.28734306671988E+02
 1.97950000000000E+03, -6.41121687194024E-02, -1.85765500000000E-01, -2.65512474120273E+01,  2.14930000000006E+02,  6.28400837574165E+01,  1.29696750974552E+02
 1.97958333300000E+03, -7.65211309633490E-02, -2.46658750000000E-01, -2.65095005511823E+01,  2.15110000000006E+02,  1.08081464418551E+02,  2.37566345868922E+02
 1.97966666700000E+03, -8.43069833675901E-02, -2.95437250000000E-01, -3.12349333461838E+01,  2.15290000000006E+02,  9.98343968858424E+01,  1.92947543045959E+02
 1.97975000000000E+03, -7.37378052696616E-02, -1.67051675000000E-01, -3.12456896969199E+01,  2.15470000000006E+02,  9.94452155630999E+01,  1.91797160756562E+02
 1.97983333300000E+03, -5.23913606277297E-02,  5.26129000000000E-02, -3.12559831016071E+01,  2.15650000000006E+02,  1.14660837451798E+02,  1.27544674287037E+02
 1.97991666700000E+03, -1.50601738968332E-02,  2.98094325000000E-01, -3.12658132887198E+01,  2.15830000000006E+02,  9.70579088780365E+01,  1.41420356168626E+02
 1.98000000000000E+03,  4.40975671852883E-02,  4.95304000000000E-01, -3.12751800326564E+01,  2.16010000000006E+02,  6.41325218429193E+01,  1.44953178828383E+02
 1.98008333300000E+03,  1.11612360204868E-01,  5.39072750000000E-01, -3.12840831537054E+01,  2.16190000000006E+02,  6.42889074090064E+01,  2.47279836459398E+02
 1.98016666700000E+03,  1.64399158753721E-01,  4.37778000000000E-01, -3.12925225180050E+01,  2.16370000000006E+02,  9.09998492077690E+01,  2.48821136063103E+02
 1.98025000000000E+03,  1.88611095901143E-01,  3.20323000000000E-01, -3.13004980374972E+01,  2.16550000000006E+02,  7.19269163744016E+01,  2.72680939963133E+02
 1.98033333300000E+03,  1.90675127442769E-01,  2.55822500000000E-01, -3.13080096698763E+01,  2.16730000000006E+02,  7.30405725201621E+01,  2.61464277353678E+02
 1.98041666700000E+03,  1.90853165163174E-01,  2.51671500000000E-01, -3.13150574185316E+01,  2.16910000000006E+02,  6.41991482129497E+01,  2.78160832706661E+02
 1.98050000000000E+03,  2.05797790091114E-01,  1.99249625000000E-01, -3.13216413324842E+01,  2.17090000000006E+02,  4.75528951174614E+01,  2.61234853256397E+02
 1.98058333300000E+03,  1.56899094282343E-01,  4.98881475000000E-02, -3.13277615063183E+01,  2.17270000000006E+02,  1.80909274833307E+01,  3.11751226801314E+02
 1.98066666700000E+03,  2.14591315042688E-02,  5.70351700000000E-02, -1.46222437174417E+01,  2.17450000000006E+02,  1.52657534928312E+01,  3.89422825022911E+02
 1.98075000000000E+03, -6.25413423945069E-02,  2.24889147500000E-01, -1.46169888136130E+01,  2.17630000000006E+02,  1.90115660457335E+01,  4.17832360346121E+02
 1.98083333300000E+03, -8.11851459145745E-02,  3.09152250000000E-01, -1.46120737352377E+01,  2.17810000000006E+02,  2.81299371564130E+01,  3.69877487200746E+02
 1.98091666700000E+03, -9.14897098989737E-02,  3.16386750000000E-01, -1.46075004194583E+01,  2.17990000000006E+02,  2.79026976191205E+01,  3.74633686818011E+02
 1.98100000000000E+03, -8.82994734518444E-02,  2.71666850000000E-01, -1.46032707739997E+01,  2.18170000000006E+02,  2.82735812858987E+01,  3.25017455262716E+02
 1.98108333300000E+03, -8.04528320699694E-02,  1.68894950000000E-01, -1.45993866768430E+01,  2.18350000000006E+02,  4.53141603792363E+01,  3.38459299041863E+02
 1.98116666700000E+03, -8.33896586893262E-02,  6.25873500000000E-02, -1.45958499759024E+01,  2.18530000000006E+02,  5.05068233688314E+01,  3.28939753523396E+02
 1.98125000000000E+03, -1.04610512523087E-01, -1.01775750000000E-01, -1.45926624887069E+01,  2.18710000000006E+02,  5.60396431640572E+01,  2.62316247629498E+02
 1.98133333300000E+03, -1.36223052610881E-01, -2.89930500000000E-01, -1.45898260020841E+01,  2.18890000000006E+02,  5.72939015065812E+01,  1.78530000614996E+02
 1.98141666700000E+03, -1.61962165212950E-01, -4.26000250000000E-01, -1.45873422718489E+01,  2.19070000000006E+02,  8.77921661431074E+01,  1.98484130206069E+02
 1.98150000000000E+03, -1.71852784009750E-01, -4.29331250000000E-01, -1.45852130224954E+01,  2.19250000000006E+02,  1.30322945749948E+02,  3.29008348345869E+02
 1.98158333300000E+03, -4.85256121170528E-02, -2.75090750000000E-01, -1.45834399468923E+01,  2.19430000000006E+02,  1.27993209860888E+02,  4.09799544742790E+02
 1.98166666700000E+03,  1.84133231637365E-01, -1.37938700000000E-01, -2.52481624744448E+01,  2.19610000000006E+02,  1.14877888475337E+02,  4.39490666906623E+02
 1.98175000000000E+03,  2.52781872049945E-01, -8.45063750000000E-02, -2.52089773978132E+01,  2.19790000000006E+02,  1.17867504663298E+02,  4.61031381069695E+02
 1.98183333300000E+03,  1.60828245334365E-01, -3.41918000000000E-02, -2.51699130188551E+01,  2.19970000000006E+02,  9.17825654484876E+01,  4.69126504949414E+02
 1.98191666700000E+03,  7.08765572501229E-02, -2.27112750000000E-02, -2.51309714624759E+01,  2.20150000000006E+02,  3.32538967898474E+01,  2.26839909008462E+02
 1.98200000000000E+03,  2.33067423926288E-02, -7.59094500000000E-02, -2.50921548217734E+01,  2.20330000000006E+02,  2.61608743662494E+01,  1.48437183143162E+02
 1.98208333300000E+03,  2.87134133878658E-02,  4.40340000000000E-03, -2.50534651578434E+01,  2.20510000000006E+02,  2.28708284149133E+01,  1.27975740832344E+02
 1.98216666700000E+03,  6.52019429870647E-02,  2.54393200000000E-01, -2.50149044995909E+01,  2.20690000000006E+02,  2.24714558457227E+01,  1.47622021939321E+02
 1.98225000000000E+03,  9.70328073926866E-02,  4.24432500000000E-01, -2.49764748435462E+01,  2.20870000000006E+02,  2.68601040124960E+01,  2.43394477614433E+02
 1.98233333300000E+03,  9.77199989993819E-02,  4.82256250000000E-01, -2.49381781536856E+01,  2.21050000000006E+02,  2.38844720088378E+01,  2.73807105063847E+02
 1.98241666700000E+03,  6.14698271921472E-02,  4.84972000000000E-01, -2.49000163612576E+01,  2.21230000000006E+02,  5.33749576358077E+01,  2.51901514382673E+02
 1.98250000000000E+03, -9.05859374401088E-05,  3.52115500000000E-01, -2.48619913646144E+01,  2.21410000000006E+02,  5.56282187595714E+01,  2.47868191046097E+02
 1.98258333300000E+03, -7.13457704586963E-02,  1.46383275000000E-01, -2.48241050290476E+01,  2.21590000000006E+02,  4.96291275071775E+01,  2.27775989114344E+02
 1.98266666700000E+03, -1.26903039755650E-01,  5.24623000000000E-02, -1.45981059067939E+01,  2.21770000000006E+02,  5.41530580756254E+01,  9.44087561302746E+01
 1.98275000000000E+03, -1.47356709259488E-01, -6.11597500000000E-03, -1.45946915477773E+01,  2.21950000000006E+02,  7.67442792446991E+01,  6.65603448735292E+01
 1.98283333300000E+03, -1.46245757167241E-01, -2.65707500000000E-01, -1.45916270330583E+01,  2.22130000000006E+02,  6.14934946180441E+01,  6.51877187223089E+01
 1.98291666700000E+03, -1.34921986643987E-01, -5.03538500000000E-01, -1.45889141386168E+01,  2.22310000000006E+02,  8.78821006032809E+01,  7.68675738071653E+01
 1.98300000000000E+03, -1.14211206601122E-01, -4.81721000000000E-01, -1.45865546093114E+01,  2.22490000000006E+02,  8.91587633110025E+01,  3.10430153154155E+02
 1.98308333300000E+03, -9.63474378031327E-02, -4.42439500000000E-01, -1.45845501585725E+01,  2.22670000000006E+02,  8.66715931460091E+01,  4.01059026473590E+02
 1.98316666700000E+03, -9.59480923328654E-02, -6.16550500000000E-01, -1.45829024680995E+01,  2.22850000000006E+02,  6.44203883060995E+01,  4.07372936137339E+02
 1.98325000000000E+03, -1.16134884273412E-01, -8.97141750000000E-01, -1.45816131875614E+01,  2.23030000000006E+02,  7.32251444921127E+01,  6.99637257357836E+02
 1.98333333300000E+03, -1.43606204050516E-01, -1.13906375000000E+00, -1.45806839343018E+01,  2.23210000000006E+02,  6.46609542731940E+01,  7.49413086265707E+02
 1.98341666700000E+03, -1.58638984744438E-01, -1.36587750000000E+00, -1.45801162930472E+01,  2.23390000000006E+02,  8.10345422953379E+01,  5.90473554392628E+02
 1.98350000000000E+03, -1.51594476461723E-01, -1.44462750000000E+00, -1.45799118156200E+01,  2.23570000000006E+02,  9.44846415169514E+01,  6.62800232863348E+02
 1.98358333300000E+03, -1.58090870395308E-01, -1.32299250000000E+00, -1.45800720206545E+01,  2.23750000000006E+02,  9.60411965905331E+01,  7.13511985579082E+02
 1.98366666700000E+03, -2.00014705219500E-01, -1.17472750000000E+00, -2.13670676360730E+01,  2.23930000000006E+02,  7.03512144547954E+01,  5.13639965657445E+02
 1.98375000000000E+03, -2.37441743108340E-01, -1.04360125000000E+00, -2.13504042703615E+01,  2.24110000000006E+02,  7.77005497473755E+01,  6.57598068386112E+02
 1.98383333300000E+03, -2.61057453036515E-01, -8.64249250000000E-01, -2.13338414635317E+01,  2.24290000000006E+02,  7.60848374808357E+01,  5.81194042153515E+02
 1.98391666700000E+03, -2.80106749357215E-01, -6.51819750000000E-01, -2.13173772648333E+01,  2.24470000000006E+02,  5.84836971345109E+01,  4.27295026717646E+02
 1.98400000000000E+03, -2.86827094494337E-01, -5.03360500000000E-01, -2.13010097118344E+01,  2.24650000000006E+02,  6.00653797190204E+01,  3.73542663105829E+02
 1.98408333300000E+03, -2.87227237997198E-01, -4.71529500000000E-01, -2.12847368308208E+01,  2.24830000000006E+02,  7.85438770965355E+01,  3.18083757020181E+02
 1.98416666700000E+03, -2.94016710416897E-01, -5.52305500000000E-01, -2.12685566371972E+01,  2.25010000000006E+02,  5.53820129529301E+01,  1.07933649518599E+02
 1.98425000000000E+03, -3.12359640180829E-01, -5.86168250000000E-01, -2.12524671358892E+01,  2.25190000000006E+02,  6.94009550881335E+01,  1.85591794494988E+02
 1.98433333300000E+03, -3.32660920468211E-01, -4.27856000000000E-01, -2.12364663217476E+01,  2.25370000000006E+02,  6.71786837046978E+01,  2.26572962887992E+02
 1.98441666700000E+03, -3.37751219109502E-01, -2.32341000000000E-01, -2.12205521799524E+01,  2.25550000000006E+02,  6.75855092885171E+01,  2.38492860225164E+02
 1.98450000000000E+03, -3.17628492527593E-01, -1.91877250000000E-01, -2.12047226864198E+01,  2.25730000000006E+02,  8.36408439300700E+01,  2.09168242085599E+02
 1.98458333300000E+03, -2.04622099357022E-01, -2.35684000000000E-01, -2.11889758082088E+01,  2.25910000000006E+02,  1.31905465394697E+02,  2.29370015371385E+02
 1.98466666700000E+03, -2.20027743307943E-02, -2.69882000000000E-01, -1.39785152542216E+01,  2.26090000000006E+02,  1.30767054085948E+02,  1.66334358309563E+02
 1.98475000000000E+03,  6.17420116822773E-02, -4.10463500000000E-01, -1.39565445888983E+01,  2.26270000000006E+02,  1.32646668360052E+02,  1.11936553601476E+02
 1.98483333300000E+03,  5.20097613300105E-02, -6.27080750000000E-01, -1.39344704696440E+01,  2.26450000000006E+02,  1.48606914319486E+02,  1.42908753639274E+02
 1.98491666700000E+03,  4.19368761418019E-02, -6.04545500000000E-01, -1.39122933941641E+01,  2.26630000000006E+02,  1.29113972795321E+02,  1.42743701896747E+02
 1.98500000000000E+03,  4.28271060116122E-02, -3.57489000000000E-01, -1.38900138907716E+01,  2.26810000000006E+02,  9.45258874553482E+01,  1.29627554526389E+02
 1.98508333300000E+03,  5.26105125920495E-02, -3.15666250000000E-01, -1.38676325183743E+01,  2.26990000000006E+02,  8.00844889797116E+01,  1.09027281377587E+02
 1.98516666700000E+03,  6.18300222533713E-02, -4.41443500000000E-01, -1.38451498664581E+01,  2.27170000000006E+02,  9.34685941494382E+01,  1.66676353878574E+02
 1.98525000000000E+03,  6.68748666673118E-02, -3.85508000000000E-01, -1.38225665550647E+01,  2.27350000000006E+02,  9.98826160233085E+01,  2.08580701709354E+02
 1.98533333300000E+03,  7.64914251844611E-02, -2.11407975000000E-01, -1.37998832347660E+01,  2.27530000000006E+02,  1.09719409136800E+02,  2.06565544997609E+02
 1.98541666700000E+03,  1.04393490091671E-01, -3.90967000000000E-02, -1.37771005866319E+01,  2.27710000000006E+02,  8.93667403618097E+01,  2.23698917315942E+02
 1.98550000000000E+03,  1.54908029143431E-01,  1.40964525000000E-01, -1.37542193221958E+01,  2.27890000000006E+02,  1.00660613061729E+02,  2.50584966317274E+02
 1.98558333300000E+03,  1.27319614356175E-01,  2.31959750000000E-01, -1.37312401834130E+01,  2.28070000000006E+02,  8.41024900007789E+01,  2.02228258816646E+02
 1.98566666700000E+03, -2.38079069126081E-02,  2.02175500000000E-01, -1.65118395240938E+01,  2.28250000000006E+02,  6.31303732923316E+01,  1.84653537508130E+02
 1.98575000000000E+03, -1.54291023785299E-01,  1.43754250000000E-01, -1.64855816633376E+01,  2.28430000000006E+02,  4.00018014570470E+01,  2.02734682276279E+02
 1.98583333300000E+03, -2.23547555425835E-01,  8.96661400000000E-02, -1.64593798616593E+01,  2.28610000000006E+02,  6.64835615941717E+01,  1.63715390399484E+02
 1.98591666700000E+03, -2.70555713096456E-01, -6.29072000000000E-03, -1.64332369454442E+01,  2.28790000000006E+02,  6.32105020947225E+01,  2.11896580861598E+02
 1.98600000000000E+03, -2.81827075875590E-01, -1.04443110000000E-01, -1.64071557538525E+01,  2.28970000000006E+02,  7.84294449594198E+01,  3.30984791797851E+02
 1.98608333300000E+03, -2.62856072245066E-01, -1.09489750000000E-01, -1.63811391384304E+01,  2.29150000000006E+02,  1.14272281689868E+02,  3.18721122290665E+02
 1.98616666700000E+03, -2.31651264507462E-01, -4.09982000000000E-02, -1.63551899627186E+01,  2.29330000000006E+02,  1.52915194969848E+02,  3.09675653514011E+02
 1.98625000000000E+03, -2.03583804375786E-01,  8.90024000000000E-03, -1.63293111018587E+01,  2.29510000000006E+02,  1.39365977897281E+02,  3.11448108307607E+02
 1.98633333300000E+03, -1.81969668238108E-01,  7.67700800000000E-02, -1.63035054421969E+01,  2.29690000000006E+02,  1.26093737424828E+02,  2.25057139780828E+02
 1.98641666700000E+03, -1.62296666749258E-01,  1.80795390000000E-01, -1.62777758808859E+01,  2.29870000000006E+02,  1.15786290674557E+02,  1.04609865253577E+02
 1.98650000000000E+03, -1.43988897427631E-01,  2.23983750000000E-01, -1.62521253254844E+01,  2.30050000000006E+02,  8.38962544630159E+01,  7.75273996956467E+01
 1.98658333300000E+03, -8.66100773956453E-02,  3.14512750000000E-01, -1.62265566935544E+01,  2.30230000000006E+02,  4.36513006988638E+01,  6.05385134410342E+01
 1.98666666700000E+03, -1.78132201380989E-03,  4.22097500000000E-01, -2.49872485134623E+01,  2.30410000000006E+02,  3.45259823531258E+01,  8.04304529058249E+01
 1.98675000000000E+03,  1.67964642517167E-02,  4.09701250000000E-01, -2.50227138594593E+01,  2.30590000000006E+02,  3.59157623762402E+01,  1.68839486296677E+02
 1.98683333300000E+03, -9.12337586524549E-04,  3.80138750000000E-01, -2.50578229379101E+01,  2.30770000000006E+02,  4.29539980795252E+01,  1.93009052235079E+02
 1.98691666700000E+03,  2.54356060402734E-02,  3.57373000000000E-01, -2.50925730344400E+01,  2.30950000000006E+02,  3.88239155955214E+01,  1.57902130128777E+02
 1.98700000000000E+03,  1.01556475668863E-01,  3.56935750000000E-01, -2.51269614702905E+01,  2.31130000000006E+02,  5.03084442900369E+01,  1.66737470623852E+02
 1.98708333300000E+03,  2.03085416123824E-01,  3.73382750000000E-01, -2.51609856025914E+01,  2.31310000000006E+02,  6.10386494480836E+01,  1.55649475973087E+02
 1.98716666700000E+03,  2.90155285715810E-01,  2.41695100000000E-01, -2.51946428246280E+01,  2.31490000000006E+02,  5.11968481527765E+01,  1.17659167667091E+02
 1.98725000000000E+03,  3.32430672125123E-01,  1.32858250000000E-02, -2.52279305661040E+01,  2.31670000000006E+02,  4.64121505249436E+01,  8.59861764432615E+01
 1.98733333300000E+03,  3.25681122070567E-01, -6.35400000000008E-04, -2.52608462933998E+01,  2.31850000000006E+02,  5.94851859241541E+01,  9.24675800995344E+01
 1.98741666700000E+03,  2.88910769071413E-01,  1.56444375000000E-01, -2.52933875098266E+01,  2.32030000000006E+02,  4.96513871849155E+01,  1.11738773416810E+02
 1.98750000000000E+03,  2.47684443963436E-01,  2.07331750000000E-01, -2.53255517558752E+01,  2.32210000000006E+02,  5.30470841828539E+01,  1.78843545870498E+02
 1.98758333300000E+03,  2.41247387169353E-01,  1.96287250000000E-01, -2.53573366094608E+01,  2.32390000000006E+02,  5.78375091829824E+01,  1.33614805447057E+02
 1.98766666700000E+03,  2.86149867454526E-01,  2.14584000000000E-01, -2.05426408735562E+01,  2.32570000000006E+02,  4.72262298503794E+01,  1.39083238129612E+02
 1.98775000000000E+03,  3.42028172927459E-01,  2.60189750000000E-01, -2.05037011564856E+01,  2.32750000000006E+02,  4.10958509492123E+01,  1.40295338165112E+02
 1.98783333300000E+03,  3.77057655258242E-01,  2.99196500000000E-01, -2.04648720997266E+01,  2.32930000000006E+02,  4.13929132956031E+01,  1.95811811593414E+02
 1.98791666700000E+03,  3.79523936796867E-01,  2.96045250000000E-01, -2.04261558244206E+01,  2.33110000000006E+02,  3.81465625380891E+01,  1.32253802974890E+02
 1.98800000000000E+03,  3.37269817885949E-01,  2.91615000000000E-01, -2.03875544223606E+01,  2.33290000000006E+02,  3.58335925517703E+01,  1.42597648207891E+02
 1.98808333300000E+03,  2.52727320048194E-01,  2.24060475000000E-01, -2.03490699557970E+01,  2.33470000000006E+02,  4.63981394130937E+01,  1.55772888130898E+02
 1.98816666700000E+03,  1.44246256610841E-01,  4.39702000000000E-02, -2.03107044572487E+01,  2.33650000000006E+02,  3.55922484526260E+01,  1.79535353040183E+02
 1.98825000000000E+03,  4.29437371728529E-02, -1.57877525000000E-01, -2.02724599293184E+01,  2.33830000000006E+02,  5.38341757664433E+01,  1.53550028486352E+02
 1.98833333300000E+03, -1.95777685906966E-02, -2.32470500000000E-01, -2.02343383445121E+01,  2.34010000000006E+02,  4.11971008527326E+01,  1.97362888520205E+02
 1.98841666700000E+03, -2.97423368836293E-02, -2.14790500000000E-01, -2.01963416450638E+01,  2.34190000000006E+02,  4.46467132167795E+01,  1.71782559327905E+02
 1.98850000000000E+03, -4.28685365579302E-03, -2.92887500000000E-01, -2.01584717427643E+01,  2.34370000000006E+02,  5.16759679416444E+01,  2.02596245118479E+02
 1.98858333300000E+03, -9.81817827969991E-02, -4.21847250000000E-01, -2.01207305187949E+01,  2.34550000000006E+02,  6.90964820809873E+01,  2.02167940420997E+02
 1.98866666700000E+03, -3.39864981322020E-01, -6.26496500000000E-01, -6.83962461610867E+00,  2.34730000000006E+02,  5.10417748953146E+01,  1.98761221913690E+02
 1.98875000000000E+03, -4.92433001089747E-01, -9.41396250000000E-01, -6.82402429262629E+00,  2.34910000000006E+02,  5.21422412530021E+01,  1.54442410666230E+02
 1.98883333300000E+03, -5.31915022777112E-01, -1.07537250000000E+00, -6.80850980960703E+00,  2.35090000000006E+02,  5.32688860212212E+01,  3.03955659921034E+02
 1.98891666700000E+03, -5.51839423637563E-01, -1.07890500000000E+00, -6.79307943832300E+00,  2.35270000000006E+02,  4.87964867610524E+01,  2.93753957896909E+02
 1.98900000000000E+03, -5.42582697527577E-01, -1.19626500000000E+00, -6.77773144141783E+00,  2.35450000000006E+02,  3.71919414621673E+01,  2.96109683755321E+02
 1.98908333300000E+03, -5.13222256805967E-01, -1.20274775000000E+00, -6.76246407322693E+00,  2.35630000000006E+02,  3.27617160270610E+01,  2.97194642452755E+02
 1.98916666700000E+03, -4.83463911638318E-01, -1.00592025000000E+00, -6.74727558009868E+00,  2.35810000000006E+02,  5.82554335867545E+01,  3.07011869338083E+02
 1.98925000000000E+03, -4.66575516688957E-01, -7.39532000000000E-01, -6.73216420071652E+00,  2.35990000000006E+02,  5.46480598450516E+01,  1.57890861314722E+02
 1.98933333300000E+03, -4.58983801398810E-01, -5.16732250000000E-01, -6.71712816642185E+00,  2.36170000000006E+02,  5.54055795559226E+01,  3.22578978851411E+02
 1.98941666700000E+03, -4.45488600067864E-01, -4.73918250000000E-01, -6.70216570153783E+00,  2.36350000000006E+02,  6.08284184779841E+01,  2.91766228615276E+02
 1.98950000000000E+03, -4.14145681378262E-01, -4.96710250000000E-01, -6.68727502369384E+00,  2.36530000000006E+02,  6.70869886534379E+01,  2.36742894006098E+02
 1.98958333300000E+03, -2.87010483816013E-01, -4.20934500000000E-01, -6.67245434415075E+00,  2.36710000000006E+02,  5.11201119990386E+01,  2.19294404610223E+02
 1.98966666700000E+03, -8.89211876769291E-02, -2.88249250000000E-01, -4.94652738012934E+00,  2.36890000000006E+02,  8.49438807197935E+01,  2.80618911640946E+02
 1.98975000000000E+03, -1.36408295845007E-03, -1.75995225000000E-01, -4.94350060348169E+00,  2.37070000000006E+02,  7.48449888173724E+01,  7.73109508785302E+01
 1.98983333300000E+03, -8.75203307220388E-03, -3.26774500000000E-02, -4.94080409694301E+00,  2.37250000000006E+02,  6.58594009788671E+01,  1.05882178944636E+02
 1.98991666700000E+03, -7.88934129364513E-03,  1.27282025000000E-01, -4.93843945609400E+00,  2.37430000000006E+02,  6.34899530171419E+01,  1.08022053453650E+02
 1.99000000000000E+03,  5.77729368895960E-03,  1.77797300000000E-01, -4.93640824879078E+00,  2.37610000000006E+02,  5.59114073436052E+01,  1.14357846653222E+02
 1.99008333300000E+03,  2.29362062119680E-02,  1.75671850000000E-01, -4.93471201490465E+00,  2.37790000000007E+02,  2.03345669000192E+01,  7.27966371808094E+01
 1.99016666700000E+03,  2.78255823077853E-02,  1.93876300000000E-01, -4.93335226606498E+00,  2.37970000000007E+02,  2.05698687287661E+01,  9.39601312624251E+01
 1.99025000000000E+03,  1.27825884335050E-02,  1.59230750000000E-01, -4.93233048540537E+00,  2.38150000000007E+02,  6.32104710759718E+01,  8.61564801736523E+01
 1.99033333300000E+03, -1.43079685549561E-02,  1.05530875000000E-01, -4.93164812731299E+00,  2.38330000000007E+02,  1.04232759601971E+02,  1.25767003444175E+02
 1.99041666700000E+03, -3.70503773868339E-02,  1.56724000000000E-01, -4.93130661718119E+00,  2.38510000000007E+02,  1.45049225611190E+02,  1.92321405581032E+02
 1.99050000000000E+03, -4.52268891848142E-02,  3.00087375000000E-01, -4.93130735116549E+00,  2.38690000000007E+02,  1.47764062511545E+02,  2.40430911214596E+02
 1.99058333300000E+03,  4.21024349746111E-02,  3.95982750000000E-01, -4.93165169594273E+00,  2.38870000000007E+02,  1.61059936317814E+02,  2.84126167341824E+02
 1.99066666700000E+03,  2.19061207095402E-01,  4.84334250000000E-01, -1.68310937576197E+01,  2.39050000000007E+02,  1.28608079631923E+02,  2.70166554844473E+02
 1.99075000000000E+03,  3.14414567180492E-01,  6.07436000000000E-01, -1.68380693749123E+01,  2.39230000000007E+02,  9.06774395849130E+01,  2.74037944993873E+02
 1.99083333300000E+03,  3.26034434690148E-01,  6.79060000000000E-01, -1.68446220578203E+01,  2.39410000000007E+02,  8.86398128541465E+01,  2.27285472205463E+02
 1.99091666700000E+03,  3.43887964053045E-01,  7.19353000000000E-01, -1.68507518656824E+01,  2.39590000000007E+02,  1.06786043312340E+02,  1.78280732420692E+02
 1.99100000000000E+03,  3.72925658788795E-01,  6.98866750000000E-01, -1.68564588956901E+01,  2.39770000000007E+02,  9.04249848508640E+01,  1.24800411706770E+02
 1.99108333300000E+03,  4.04190664066636E-01,  5.94572250000000E-01, -1.68617432828262E+01,  2.39950000000007E+02,  9.02116668386499E+01,  1.41853872168021E+02
 1.99116666700000E+03,  4.22197487267798E-01,  5.73115750000000E-01, -1.68666051998001E+01,  2.40130000000007E+02,  1.07150324331042E+02,  1.40070030648996E+02
 1.99125000000000E+03,  4.19458481160959E-01,  6.37480000000000E-01, -1.68710448569777E+01,  2.40310000000007E+02,  6.56701746677083E+01,  1.08558576139136E+02
 1.99133333300000E+03,  4.03923511154963E-01,  5.92349000000000E-01, -1.68750625023080E+01,  2.40490000000007E+02,  5.45538366686765E+01,  1.11610005620159E+02
 1.99141666700000E+03,  3.91946970778190E-01,  4.52646000000000E-01, -1.68786584212451E+01,  2.40670000000007E+02,  5.76509858879025E+01,  1.33180182104872E+02
 1.99150000000000E+03,  3.93613595989192E-01,  3.95607500000000E-01, -1.68818329366651E+01,  2.40850000000007E+02,  4.70002308952754E+01,  1.22557504288715E+02
 1.99158333300000E+03,  3.82364955319185E-01,  4.62927250000000E-01, -1.68845864087803E+01,  2.41030000000007E+02,  3.34969092151112E+01,  9.46861294246463E+01
 1.99166666700000E+03,  3.46532786659624E-01,  5.66301250000000E-01, -1.68662106525735E+01,  2.41210000000007E+02,  3.83920130134206E+01,  1.12741210831072E+02
 1.99175000000000E+03,  3.24508327557895E-01,  6.42371750000000E-01, -1.68706859862677E+01,  2.41390000000007E+02,  3.88022122648192E+01,  1.05346685789098E+02
 1.99183333300000E+03,  3.21225612630778E-01,  6.45833500000000E-01, -1.68747392857083E+01,  2.41570000000007E+02,  3.50416063639579E+01,  1.14167697164039E+02
 1.99191666700000E+03,  3.25742539683908E-01,  5.80335250000000E-01, -1.68783708331828E+01,  2.41750000000007E+02,  6.37789528945898E+01,  1.19513962491796E+02
 1.99200000000000E+03,  3.43044259381136E-01,  4.70221250000000E-01, -1.68815809484080E+01,  2.41930000000007E+02,  6.30748487149279E+01,  1.16318718122700E+02
 1.99208333300000E+03,  3.64145226297296E-01,  3.70134750000000E-01, -1.68843699884446E+01,  2.42110000000007E+02,  6.41746337060622E+01,  1.83077719731787E+02
 1.99216666700000E+03,  3.73483484516850E-01,  2.30995750000000E-01, -1.68867383476057E+01,  2.42290000000007E+02,  6.05020133727401E+01,  2.59556203123665E+02
 1.99225000000000E+03,  3.63460776188665E-01,  4.76176000000000E-02, -1.68886864573628E+01,  2.42470000000007E+02,  6.88578100721418E+01,  2.80493147352082E+02
 1.99233333300000E+03,  3.41893576632372E-01,  1.34634500000000E-02, -1.68902147862466E+01,  2.42650000000007E+02,  4.40347475942066E+01,  2.65070152062404E+02
 1.99241666700000E+03,  3.24989144738293E-01,  2.06044850000000E-01, -1.68913238397441E+01,  2.42830000000007E+02,  7.44781159386465E+01,  3.39206139584398E+02
 1.99250000000000E+03,  3.22678137933265E-01,  3.83751500000000E-01, -1.68920141601909E+01,  2.43010000000007E+02,  7.08546179689149E+01,  2.66362885187432E+02
 1.99258333300000E+03,  2.71505957055567E-01,  3.68304250000000E-01, -1.68922863266602E+01,  2.43190000000007E+02,  6.83936500717330E+01,  1.94967973008187E+02
 1.99266666700000E+03,  1.69818606191521E-01,  3.05549750000000E-01, -9.88725565167665E+00,  2.43370000000007E+02,  8.64806119506635E+01,  1.34162489269498E+02
 1.99275000000000E+03,  1.31932662732604E-01,  2.79591250000000E-01, -9.85256220284903E+00,  2.43550000000007E+02,  7.98743433904191E+01,  1.40135896150047E+02
 1.99283333300000E+03,  1.33107145385545E-01,  3.21117500000000E-01, -9.81770160830126E+00,  2.43730000000007E+02,  4.71841522525305E+01,  1.37422328097896E+02
 1.99291666700000E+03,  1.00078999919724E-01,  4.06826250000000E-01, -9.78267689248139E+00,  2.43910000000007E+02,  4.61393916477536E+01,  1.36443709644711E+02
 1.99300000000000E+03,  4.04896670499508E-02,  4.05941500000000E-01, -9.74749108355280E+00,  2.44090000000007E+02,  4.10816048656076E+01,  1.31674548115468E+02
 1.99308333300000E+03, -3.49494495073493E-02,  2.78765000000000E-01, -9.71214721304438E+00,  2.44270000000007E+02,  2.08814927738076E+01,  1.31475468036885E+02
 1.99316666700000E+03, -1.13482241805712E-01,  1.61768750000000E-01, -9.67664831550096E+00,  2.44450000000007E+02,  2.62541808483480E+01,  1.25687139043470E+02
 1.99325000000000E+03, -1.78467561275071E-01,  1.31914150000000E-01, -9.64099742813383E+00,  2.44630000000007E+02,  1.93846201885920E+01,  6.88013571597761E+01
 1.99333333300000E+03, -2.13125188395132E-01,  1.19624050000000E-01, -9.60519759047151E+00,  2.44810000000007E+02,  2.43292781488461E+01,  1.06912892074530E+02
 1.99341666700000E+03, -2.11882781126877E-01,  1.57973400000000E-01, -9.56925184401077E+00,  2.44990000000007E+02,  3.50093199302900E+01,  1.14257537318029E+02
 1.99350000000000E+03, -1.90143070837675E-01,  2.47490500000000E-01, -9.53316323186794E+00,  2.45170000000007E+02,  6.35148842160497E+01,  1.64832454613900E+02
 1.99358333300000E+03, -3.36898193342366E-02,  3.21888250000000E-01, -9.49693479843062E+00,  2.45350000000007E+02,  6.25325091378155E+01,  1.76425155377286E+02
 1.99366666700000E+03,  2.62343362217033E-01,  3.77057500000000E-01, -7.76022877133241E+00,  2.45530000000007E+02,  9.41104725423811E+01,  1.78568054622802E+02
 1.99375000000000E+03,  4.32503414531723E-01,  3.88394750000000E-01, -7.80887253217296E+00,  2.45710000000007E+02,  1.19752974473192E+02,  1.78016066891090E+02
 1.99383333300000E+03,  4.43428139794518E-01,  3.82307750000000E-01, -7.85739539178705E+00,  2.45890000000007E+02,  1.21423444496852E+02,  1.69405506927861E+02
 1.99391666700000E+03,  4.00099504526858E-01,  3.45785500000000E-01, -7.90579367282731E+00,  2.46070000000007E+02,  9.46526855126863E+01,  1.36179465431860E+02
 1.99400000000000E+03,  3.16514737936287E-01,  2.30043250000000E-01, -7.95406370774061E+00,  2.46250000000007E+02,  1.09559352055617E+02,  1.42248094515121E+02
 1.99408333300000E+03,  2.35517925435571E-01,  1.92376000000000E-01, -8.00220183913422E+00,  2.46430000000007E+02,  1.10340322209366E+02,  2.06711131986253E+02
 1.99416666700000E+03,  1.93366454780354E-01,  3.14000250000000E-01, -8.05020442014060E+00,  2.46610000000007E+02,  7.81706554093221E+01,  1.75679990399126E+02
 1.99425000000000E+03,  1.91779955382146E-01,  4.12243250000000E-01, -8.09806781478128E+00,  2.46790000000007E+02,  6.50058878303136E+01,  1.93663205222631E+02
 1.99433333300000E+03,  1.98414821355156E-01,  4.36772000000000E-01, -8.14578839832941E+00,  2.46970000000007E+02,  6.39133661701199E+01,  1.86467154658158E+02
 1.99441666700000E+03,  1.73639273320664E-01,  5.45604500000000E-01, -8.19336255767105E+00,  2.47150000000007E+02,  5.55373504594479E+01,  1.73721207797930E+02
 1.99450000000000E+03,  1.02339659382947E-01,  7.88596750000000E-01, -8.24078669166527E+00,  2.47330000000007E+02,  4.53550561988770E+01,  1.61214854697004E+02
 1.99458333300000E+03,  1.76205332794470E-01,  9.30855750000000E-01, -8.28805721150282E+00,  2.47510000000007E+02,  4.42194409071761E+01,  1.44923570161976E+02
 1.99466666700000E+03,  4.37907413135478E-01,  8.09326750000000E-01, -2.73989583991459E+00,  2.47690000000007E+02,  4.65297754397643E+01,  1.78691869948304E+02
 1.99475000000000E+03,  5.60667369411676E-01,  6.59417000000000E-01, -2.71981987580508E+00,  2.47870000000007E+02,  4.39564655071089E+01,  1.82244561479914E+02
 1.99483333300000E+03,  5.21878630112673E-01,  6.05605500000000E-01, -2.69988442109380E+00,  2.48050000000007E+02,  6.61018604585255E+01,  2.13285770445704E+02
 1.99491666700000E+03,  4.88090068493322E-01,  5.40112250000000E-01, -2.68008840342767E+00,  2.48230000000007E+02,  5.46405880654088E+01,  1.51924123047807E+02
 1.99500000000000E+03,  4.66760057109545E-01,  4.97857750000000E-01, -2.66043073138253E+00,  2.48410000000007E+02,  7.57626690608543E+01,  3.51770904049203E+02
 1.99508333300000E+03,  4.45097521915478E-01,  5.61871750000000E-01, -2.64091029469106E+00,  2.48590000000007E+02,  1.23819907287059E+02,  3.69488707549327E+02
 1.99516666700000E+03,  4.03804846990123E-01,  6.63572250000000E-01, -2.62152596447308E+00,  2.48770000000007E+02,  1.42397046106234E+02,  3.86648299381184E+02
 1.99525000000000E+03,  3.38033383720478E-01,  6.66676750000000E-01, -2.60227659346811E+00,  2.48950000000007E+02,  1.18739285536959E+02,  3.48634102562352E+02
 1.99533333300000E+03,  2.65599684554181E-01,  5.64455500000000E-01, -2.58316101627023E+00,  2.49130000000007E+02,  1.24083701168870E+02,  3.46626346622460E+02
 1.99541666700000E+03,  2.14170023546033E-01,  4.04933000000000E-01, -2.56417804956519E+00,  2.49310000000007E+02,  1.07457711444930E+02,  1.84835505905134E+02
 1.99550000000000E+03,  1.98763351799678E-01,  2.42594250000000E-01, -2.54532649236974E+00,  2.49490000000007E+02,  6.94378847688059E+01,  1.08147584391387E+02
 1.99558333300000E+03,  1.53133542253144E-01,  1.40602500000000E-01, -2.52660512627306E+00,  2.49670000000007E+02,  4.63866097940615E+01,  1.20931741721270E+02
 1.99566666700000E+03,  5.57397428522710E-02,  3.52337500000000E-02, -4.84914944464785E-01,  2.49850000000007E+02,  6.06634708275029E+01,  1.57941483938742E+02
 1.99575000000000E+03,  6.54673613039295E-03, -1.20128250000000E-01, -5.01510431494707E-01,  2.50030000000007E+02,  6.54736663426669E+01,  2.28647927736586E+02
 1.99583333300000E+03,  6.36348426880298E-03, -2.09392500000000E-01, -5.18465488172462E-01,  2.50210000000007E+02,  6.67634744266362E+01,  2.03369021128749E+02
 1.99591666700000E+03,  9.03085807591708E-03, -1.96746500000000E-01, -5.35779888014537E-01,  2.50390000000007E+02,  5.73502832967391E+01,  2.32340883228550E+02
 1.99600000000000E+03,  2.13627462984505E-02, -1.97610750000000E-01, -5.53453370183821E-01,  2.50570000000007E+02,  6.00397958773642E+01,  2.12046865021838E+02
 1.99608333300000E+03,  3.70230005280101E-02, -2.45456750000000E-01, -5.71485639448293E-01,  2.50750000000007E+02,  5.69856270025636E+01,  1.99709872258713E+02
 1.99616666700000E+03,  4.36769005602198E-02, -2.03325675000000E-01, -5.89876366143713E-01,  2.50930000000007E+02,  4.47270667832329E+01,  1.57319907529144E+02
 1.99625000000000E+03,  3.71301021510057E-02, -9.55761000000000E-02, -6.08625186140285E-01,  2.51110000000007E+02,  4.27973885440957E+01,  2.07979633814308E+02
 1.99633333300000E+03,  2.82549951602401E-02, -3.69176750000000E-02, -6.27731700813341E-01,  2.51290000000007E+02,  3.95193589435838E+01,  1.78633286448701E+02
 1.99641666700000E+03,  3.53886143097839E-02, -1.51050000000000E-02, -6.47195477018005E-01,  2.51470000000007E+02,  6.67906932599179E+01,  2.95621562323296E+02
 1.99650000000000E+03,  6.91332011209617E-02, -1.26344000000000E-01, -6.67016047067895E-01,  2.51650000000007E+02,  6.88965172891598E+01,  2.65914380734817E+02
 1.99658333300000E+03,  1.48297705200117E-01, -2.60948750000000E-01, -6.87192908717802E-01,  2.51830000000007E+02,  7.09070507914172E+01,  2.29024305010590E+02
 1.99666666700000E+03,  2.39103978335288E-01, -2.28264250000000E-01, -1.20268995325560E+01,  2.52010000000007E+02,  7.12902581103911E+01,  2.18555957229642E+02
 1.99675000000000E+03,  2.63563435048229E-01, -9.69432250000000E-02, -1.20209943616799E+01,  2.52190000000007E+02,  1.10760006798631E+02,  2.24118275957911E+02
 1.99683333300000E+03,  2.42510479131207E-01,  6.66978000000000E-02, -1.20146980858973E+01,  2.52370000000007E+02,  9.34487655006709E+01,  8.31895903526803E+01
 1.99691666700000E+03,  2.29356075420907E-01,  2.07304025000000E-01, -1.20080118400409E+01,  2.52550000000007E+02,  7.20220592388952E+01,  8.78913069087432E+01
 1.99700000000000E+03,  2.28477705612977E-01,  2.34606750000000E-01, -1.20009367908490E+01,  2.52730000000007E+02,  9.65092725479302E+01,  3.20501349221155E+02
 1.99708333300000E+03,  2.30229683382517E-01,  1.13032250000000E-01, -1.19934741367927E+01,  2.52910000000007E+02,  1.59305195646338E+02,  3.06915792464285E+02
 1.99716666700000E+03,  2.18412899390639E-01,  6.38007500000000E-03, -1.19856251078987E+01,  2.53090000000007E+02,  1.33526324418459E+02,  3.18778675465025E+02
 1.99725000000000E+03,  1.84912973617927E-01, -6.87435000000000E-03, -1.19773909655693E+01,  2.53270000000007E+02,  1.28783503994491E+02,  3.54864514863739E+02
 1.99733333300000E+03,  1.37262133594109E-01, -1.76976925000000E-01, -1.19687730023988E+01,  2.53450000000007E+02,  1.32180678982820E+02,  3.75425672076568E+02
 1.99741666700000E+03,  9.17237438974223E-02, -4.37624750000000E-01, -1.19597725419867E+01,  2.53630000000007E+02,  1.23179823258215E+02,  2.69248648924856E+02
 1.99750000000000E+03,  5.87117633151770E-02, -5.17010750000000E-01, -1.19503909387475E+01,  2.53810000000007E+02,  6.74737159200222E+01,  2.36446443218465E+02
 1.99758333300000E+03,  1.90514886859834E-02, -4.95442000000000E-01, -1.19406295777173E+01,  2.53990000000007E+02,  5.43980035686755E+01,  2.53597919390586E+02
 1.99766666700000E+03, -1.53932184849619E-02, -5.24538500000000E-01,  3.30527054209040E+00,  2.54170000000007E+02,  8.38536718671233E+01,  2.45486995754491E+02
 1.99775000000000E+03,  8.82467757940663E-04, -5.87753250000000E-01,  3.32833044555925E+00,  2.54350000000007E+02,  1.21928328108799E+02,  3.66405653678360E+02
 1.99783333300000E+03,  4.30230486891670E-02, -6.91082000000000E-01,  3.35128849822540E+00,  2.54530000000007E+02,  9.53387357970315E+01,  2.38326338338854E+02
 1.99791666700000E+03,  7.71974870796108E-02, -7.49701250000000E-01,  3.37414220882425E+00,  2.54710000000007E+02,  1.10779986063991E+02,  3.36653396184977E+02
 1.99800000000000E+03,  1.05402518088272E-01, -6.18367250000000E-01,  3.39688908259623E+00,  2.54890000000007E+02,  1.28906403339239E+02,  3.17814075742266E+02
 1.99808333300000E+03,  1.19375578222768E-01, -5.69745500000000E-01,  3.41952662159861E+00,  2.55070000000007E+02,  9.86604834488383E+01,  2.88601041104627E+02
 1.99816666700000E+03,  1.07697580399317E-01, -7.44968250000000E-01,  3.44205232501803E+00,  2.55250000000007E+02,  5.56285603395821E+01,  2.89610247644378E+02
 1.99825000000000E+03,  6.94011756799940E-02, -9.22664750000000E-01,  3.46446368948393E+00,  2.55430000000007E+02,  5.82737082301985E+01,  2.81574766725636E+02
 1.99833333300000E+03,  2.00595778977523E-02, -1.01468000000000E+00,  3.48675820938272E+00,  2.55610000000007E+02,  4.40430224085614E+01,  1.98843760684813E+02
 1.99841666700000E+03, -1.67498702209278E-02, -1.08172000000000E+00,  3.50893337717266E+00,  2.55790000000007E+02,  4.08872669155994E+01,  1.81982790133007E+02
 1.99850000000000E+03, -2.54839888076105E-02, -1.17967000000000E+00,  3.53098668369943E+00,  2.55970000000007E+02,  3.33316159348656E+01,  1.91216374368757E+02
 1.99858333300000E+03, -7.30124685600070E-02, -1.20845000000000E+00,  3.55291561851241E+00,  2.56150000000007E+02,  4.45153180557445E+01,  1.18529048184654E+02
 1.99866666700000E+03, -1.97713302898164E-01, -1.15231000000000E+00, -6.62556995145470E+00,  2.56330000000007E+02,  1.09883510140457E+02,  3.20266570279788E+02
 1.99875000000000E+03, -3.07280120466163E-01, -1.14972750000000E+00, -6.64611433318313E+00,  2.56510000000007E+02,  1.28072380097808E+02,  4.49372301756647E+02
 1.99883333300000E+03, -3.77539892295828E-01, -1.18152750000000E+00, -6.66634490085871E+00,  2.56690000000007E+02,  1.40095304984328E+02,  4.83659982322505E+02
 1.99891666700000E+03, -4.35069595811516E-01, -1.21658500000000E+00, -6.68625953865273E+00,  2.56870000000007E+02,  1.47550102367714E+02,  6.42804687444110E+02
 1.99900000000000E+03, -4.68974207751949E-01, -1.31072250000000E+00, -6.70585615289805E+00,  2.57050000000007E+02,  1.64418142967988E+02,  5.68433829392356E+02
 1.99908333300000E+03, -4.84067526957705E-01, -1.35516750000000E+00, -6.72513267234622E+00,  2.57230000000007E+02,  1.41745499454219E+02,  4.41499038371838E+02
 1.99916666700000E+03, -4.93947404767560E-01, -1.14806125000000E+00, -6.74408704842239E+00,  2.57410000000007E+02,  1.29141964542304E+02,  4.95670307116280E+02
 1.99925000000000E+03, -5.06514993044228E-01, -8.30704000000000E-01, -6.76271725547792E+00,  2.57590000000007E+02,  1.23370739758353E+02,  5.07287499512906E+02
 1.99933333300000E+03, -5.16222468815532E-01, -6.63148500000000E-01, -6.78102129104065E+00,  2.57770000000007E+02,  1.45613302287344E+02,  3.96091734807144E+02
 1.99941666700000E+03, -5.10537041471740E-01, -5.90390500000000E-01, -6.79899717606291E+00,  2.57950000000007E+02,  1.37703577702214E+02,  4.22083800804023E+02
 1.99950000000000E+03, -4.83917790344997E-01, -5.61671500000000E-01, -6.81664295516703E+00,  2.58130000000007E+02,  9.80081465777823E+01,  4.07404393067742E+02
 1.99958333300000E+03, -4.88968156061787E-01, -5.30776750000000E-01, -6.83395669688861E+00,  2.58310000000007E+02,  8.07451959373871E+01,  2.19726702616545E+02
 1.99966666700000E+03, -5.54304134578556E-01, -4.68327750000000E-01, -2.00203481853549E+00,  2.58490000000007E+02,  5.93608234973516E+01,  1.97473631040618E+02
 1.99975000000000E+03, -6.11179003200303E-01, -4.89483250000000E-01, -1.98675294562905E+00,  2.58670000000007E+02,  7.07673291171270E+01,  2.59815897775417E+02
 1.99983333300000E+03, -6.36414437440117E-01, -6.09448750000000E-01, -1.97155282165432E+00,  2.58850000000007E+02,  5.47683744392474E+01,  3.05073537757419E+02
 1.99991666700000E+03, -6.45952888947164E-01, -7.66975000000000E-01, -1.95643279189314E+00,  2.59030000000007E+02,  8.56437829604151E+01,  2.58020551678611E+02
 2.00000000000000E+03, -6.34283150940559E-01, -9.61811750000000E-01, -1.94139119378088E+00,  2.59210000000007E+02,  9.52393460453743E+01,  3.40514395728949E+02
 2.00008333300000E+03, -6.10304374111619E-01, -1.12947500000000E+00, -1.92642635720292E+00,  2.59390000000007E+02,  1.01899520195816E+02,  3.13553743446535E+02
 2.00016666700000E+03, -5.89909009495562E-01, -1.16940750000000E+00, -1.91153660479183E+00,  2.59570000000007E+02,  6.53150146414102E+01,  2.79091416042545E+02
 2.00025000000000E+03, -5.81408788667330E-01, -1.07657000000000E+00, -1.89672025222534E+00,  2.59750000000007E+02,  6.15733462148172E+01,  2.12813668207198E+02
 2.00033333300000E+03, -5.78039126527008E-01, -7.82092250000000E-01, -1.88197560852511E+00,  2.59930000000007E+02,  5.53130478889949E+01,  2.19121607487748E+02
 2.00041666700000E+03, -5.64926274011943E-01, -3.92015500000000E-01, -1.86730097635613E+00,  2.60110000000007E+02,  6.20322254480904E+01,  1.43094299421151E+02
 2.00050000000000E+03, -5.33683750018295E-01, -2.00614500000000E-01, -1.85269465232688E+00,  2.60290000000007E+02,  1.09923164800373E+02,  2.54279600990297E+02
 2.00058333300000E+03, -4.41992258708442E-01, -2.12139500000000E-01, -1.83815492729000E+00,  2.60470000000007E+02,  1.22263343325167E+02,  2.99908607703432E+02
 2.00066666700000E+03, -3.04358321159279E-01, -2.70629000000000E-01, -6.97178012666342E+00,  2.60650000000007E+02,  1.43506698270077E+02,  3.94893111554472E+02
 2.00075000000000E+03, -2.36196958163842E-01, -3.19507500000000E-01, -6.93284409631089E+00,  2.60830000000007E+02,  1.50837647461296E+02,  5.57781010270216E+02
 2.00083333300000E+03, -2.52749932871983E-01, -4.23393000000000E-01, -6.89395853003223E+00,  2.61010000000007E+02,  1.66031763769195E+02,  6.40164731358427E+02
 2.00091666700000E+03, -2.97979296608294E-01, -5.95153250000000E-01, -6.85512579271306E+00,  2.61190000000007E+02,  1.24447165242544E+02,  5.80183689236787E+02
 2.00100000000000E+03, -3.44302231997954E-01, -7.28242750000000E-01, -6.81634822949525E+00,  2.61370000000007E+02,  1.16834568604801E+02,  4.78358680064060E+02
 2.00108333300000E+03, -3.66076723565247E-01, -8.40836250000000E-01, -6.77762816554932E+00,  2.61550000000007E+02,  1.09333990513693E+02,  5.22091925805992E+02
 2.00116666700000E+03, -3.51526077418962E-01, -8.81679500000000E-01, -6.73896790584975E+00,  2.61730000000007E+02,  7.76900654522064E+01,  3.78743128149940E+02
 2.00125000000000E+03, -3.03386933033114E-01, -6.67468750000000E-01, -6.70036973495316E+00,  2.61910000000007E+02,  5.61029978361834E+01,  2.92749425530747E+02
 2.00133333300000E+03, -2.34321875849761E-01, -3.08268775000000E-01, -6.66183591677945E+00,  2.62090000000007E+02,  6.81989100933625E+01,  2.84835364291930E+02
 2.00141666700000E+03, -1.63108559082054E-01, -2.23055500000000E-02, -6.62336869439592E+00,  2.62270000000007E+02,  6.37859035695825E+01,  3.24458172861999E+02
 2.00150000000000E+03, -1.10818619522318E-01,  1.62441475000000E-01, -6.58497028980439E+00,  2.62450000000007E+02,  5.44689829147519E+01,  2.07120573770557E+02
 2.00158333300000E+03, -3.83655018985041E-02,  2.96004500000000E-01, -6.54664290373121E+00,  2.62630000000007E+02,  9.26991336710250E+01,  2.73012437716382E+02
 2.00166666700000E+03,  7.46566296147265E-02,  3.57562000000000E-01,  2.44275482633447E+00,  2.62810000000007E+02,  8.38673325722553E+01,  2.70286341113116E+02
 2.00175000000000E+03,  1.41195123080887E-01,  2.98722500000000E-01,  2.40463903573729E+00,  2.62990000000007E+02,  7.99537687618754E+01,  2.24251816129990E+02
 2.00183333300000E+03,  1.38375791202939E-01,  2.01961300000000E-01,  2.36626386091207E+00,  2.63170000000007E+02,  9.62621255079435E+01,  2.25711039334038E+02
 2.00191666700000E+03,  1.20988403706470E-01,  1.90369350000000E-01,  2.32763163425094E+00,  2.63350000000007E+02,  1.01190093514538E+02,  2.23430935497794E+02
 2.00200000000000E+03,  1.23364954668714E-01,  2.23484550000000E-01,  2.28874471461336E+00,  2.63530000000007E+02,  7.04240551366289E+01,  4.26755224830113E+02
 2.00208333300000E+03,  1.60661704126690E-01,  1.00841750000000E-01,  2.24960548712408E+00,  2.63710000000007E+02,  8.40380836890597E+01,  4.80796696459440E+02
 2.00216666700000E+03,  2.21939281946696E-01, -5.08641000000000E-02,  2.21021636296814E+00,  2.63890000000007E+02,  1.04471202771047E+02,  5.15970367355193E+02
 2.00225000000000E+03,  2.80712112837642E-01, -1.23282500000000E-02,  2.17057977918280E+00,  2.64070000000007E+02,  2.11506684221547E+02,  6.28538285489675E+02
 2.00233333300000E+03,  3.11855101573006E-01,  1.73571550000000E-01,  2.13069819844656E+00,  2.64250000000008E+02,  2.29573661429664E+02,  6.39895889558081E+02
 2.00241666700000E+03,  3.02988331370639E-01,  4.18131700000000E-01,  2.09057410886518E+00,  2.64430000000008E+02,  2.39780813187434E+02,  5.17584720887518E+02
 2.00250000000000E+03,  2.56933518555769E-01,  5.65736250000000E-01,  2.05021002375477E+00,  2.64610000000008E+02,  2.30503643498598E+02,  5.44044641681965E+02
 2.00258333300000E+03,  2.12667916570979E-01,  5.97500750000000E-01,  2.00960848142199E+00,  2.64790000000008E+02,  1.89237188932828E+02,  5.70487395518672E+02
 2.00266666700000E+03,  1.99868395012779E-01,  5.49022750000000E-01,  3.69834566175814E+00,  2.64970000000008E+02,  6.64875899525657E+01,  3.86914819890266E+02
 2.00275000000000E+03,  1.89489701676898E-01,  4.43642000000000E-01,  3.68490534595779E+00,  2.65150000000008E+02,  7.16758539664010E+01,  3.84403048598216E+02
 2.00283333300000E+03,  1.69687671400562E-01,  3.60746500000000E-01,  3.67148852002048E+00,  2.65330000000008E+02,  1.05377885345869E+02,  4.29146785186104E+02
 2.00291666700000E+03,  1.57449921003051E-01,  3.61389750000000E-01,  3.65809360723110E+00,  2.65510000000008E+02,  1.30430385014657E+02,  4.22403440362379E+02
 2.00300000000000E+03,  1.53450366775212E-01,  4.34883500000000E-01,  3.64471902140812E+00,  2.65690000000008E+02,  1.90984976564426E+02,  5.83488801419960E+02
 2.00308333300000E+03,  1.45232319707288E-01,  5.03110750000000E-01,  3.63136316718012E+00,  2.65870000000008E+02,  1.92378495348969E+02,  7.24809966878214E+02
 2.00316666700000E+03,  1.17311234547070E-01,  5.14278750000000E-01,  3.61802444026357E+00,  2.66050000000008E+02,  1.66826799429126E+02,  7.38264978277790E+02
 2.00325000000000E+03,  6.66392515604499E-02,  4.23758500000000E-01,  3.60470122774188E+00,  2.66230000000008E+02,  1.70273375914233E+02,  6.70787821475004E+02
 2.00333333300000E+03,  8.48767388479119E-03,  3.24275750000000E-01,  3.59139190834569E+00,  2.66410000000008E+02,  2.24885997801583E+02,  7.26719226471435E+02
 2.00341666700000E+03, -3.39416885296078E-02,  2.62889000000000E-01,  3.57809485273421E+00,  2.66590000000008E+02,  2.05076018623708E+02,  5.56679162635671E+02
 2.00350000000000E+03, -4.75288812436206E-02,  1.49162950000000E-01,  3.56480842377790E+00,  2.66770000000008E+02,  2.69394725436202E+02,  4.37027430792828E+02
 2.00358333300000E+03, -4.75387356047783E-02,  1.03281900000000E-01,  3.55153097684205E+00,  2.66950000000008E+02,  2.71490764441707E+02,  4.23954537272385E+02
 2.00366666700000E+03, -4.47058809508599E-02,  1.80227200000000E-01,  4.41102336648063E+00,  2.67130000000008E+02,  2.63986243824576E+02,  3.91128083485762E+02
 2.00375000000000E+03, -2.66232244775004E-02,  1.96928750000000E-01,  4.39632267651498E+00,  2.67310000000008E+02,  1.81732464799649E+02,  3.25633896376484E+02
 2.00383333300000E+03,  1.16133197724317E-03,  1.27470625000000E-01,  4.38127320961520E+00,  2.67490000000008E+02,  1.48876250622050E+02,  3.38948381053431E+02
 2.00391666700000E+03,  3.18207128675895E-02,  8.57342500000000E-02,  4.36587503128563E+00,  2.67670000000008E+02,  7.81309821627200E+01,  3.21053605406334E+02
 2.00400000000000E+03,  6.80929990289552E-02,  6.66427750000000E-02,  4.35012823901793E+00,  2.67850000000008E+02,  9.91314506115127E+01,  4.04689908896986E+02
 2.00408333300000E+03,  9.93663193580336E-02, -2.60194500000000E-02,  4.33403296234609E+00,  2.68030000000008E+02,  6.05307281046712E+01,  2.85571181210036E+02
 2.00416666700000E+03,  1.09327959788094E-01, -1.00648625000000E-01,  4.31758936289778E+00,  2.68210000000008E+02,  5.58339081210404E+01,  2.14202279267704E+02
 2.00425000000000E+03,  9.06956996176905E-02,  2.84304500000000E-02,  4.30079763444227E+00,  2.68390000000008E+02,  5.13091279792245E+01,  3.03505455070476E+02
 2.00433333300000E+03,  5.27566596488719E-02,  2.74167975000000E-01,  4.28365800293451E+00,  2.68570000000008E+02,  8.26398590834743E+01,  5.63382213360598E+02
 2.00441666700000E+03,  1.42934816551526E-02,  4.58283250000000E-01,  4.26617072655586E+00,  2.68750000000008E+02,  5.75157432262962E+01,  4.63080087298478E+02
 2.00450000000000E+03, -1.12920789785338E-02,  5.84549000000000E-01,  4.24833609575100E+00,  2.68930000000008E+02,  5.99487554694860E+01,  4.71456198011463E+02
 2.00458333300000E+03,  6.90369207207789E-02,  6.72282750000000E-01,  4.23015443326131E+00,  2.69110000000008E+02,  6.17552170661233E+01,  5.03624602386090E+02
 2.00466666700000E+03,  2.28280136270562E-01,  6.95418500000000E-01, -1.18864549569122E+00,  2.69290000000008E+02,  6.27021793569502E+01,  3.74287949000063E+02
 2.00475000000000E+03,  2.55749781238005E-01,  6.31545500000000E-01, -1.21642357961901E+00,  2.69470000000008E+02,  9.48129941556379E+01,  3.09385152399981E+02
 2.00483333300000E+03,  1.77817528221510E-01,  4.92970000000000E-01, -1.24453704220712E+00,  2.69650000000008E+02,  1.02628550268170E+02,  3.00439778384531E+02
 2.00491666700000E+03,  1.26666770665364E-01,  4.40906500000000E-01, -1.27298456111282E+00,  2.69830000000008E+02,  1.17305213570768E+02,  3.29503195249585E+02
 2.00500000000000E+03,  1.14898146940728E-01,  5.05989750000000E-01, -1.30176478029937E+00,  2.70010000000008E+02,  1.52064124483188E+02,  3.06535626056813E+02
 2.00508333300000E+03,  1.32689445547062E-01,  5.27225750000000E-01, -1.33087631012259E+00,  2.70190000000008E+02,  1.54041106205687E+02,  3.36981202147864E+02
 2.00516666700000E+03,  1.54803142624788E-01,  4.52918750000000E-01, -1.36031772742137E+00,  2.70370000000008E+02,  9.10006554170650E+01,  1.84022874118010E+02
 2.00525000000000E+03,  1.57635569178722E-01,  2.87671300000000E-01, -1.39008757561205E+00,  2.70550000000008E+02,  9.82156274708046E+01,  2.24517522338138E+02
 2.00533333300000E+03,  1.31561742357133E-01,  1.37931350000000E-01, -1.42018436478682E+00,  2.70730000000008E+02,  6.72506240484097E+01,  1.90995077903414E+02
 2.00541666700000E+03,  7.97627555120975E-02,  4.01075500000000E-02, -1.45060657181606E+00,  2.70910000000008E+02,  8.00644176973955E+01,  2.28272292656566E+02
 2.00550000000000E+03,  8.39663184945429E-03, -6.74743750000000E-02, -1.48135264045443E+00,  2.71090000000008E+02,  1.17222122642270E+02,  1.73189703422666E+02
 2.00558333300000E+03, -1.27788759676567E-01, -1.86920000000000E-02, -1.51242098145110E+00,  2.71270000000008E+02,  1.39845735747511E+02,  1.70382725596113E+02
 2.00566666700000E+03, -2.72126072345177E-01,  1.63441375000000E-01, -4.84163831615620E+00,  2.71450000000008E+02,  1.25415186230132E+02,  1.35679542203158E+02
 2.00575000000000E+03, -2.65313144904985E-01,  3.22414750000000E-01, -4.89082450824073E+00,  2.71630000000008E+02,  1.35360154434459E+02,  1.56668950145398E+02
 2.00583333300000E+03, -1.65874366032321E-01,  4.45002750000000E-01, -4.94010840012076E+00,  2.71810000000008E+02,  1.03669490840938E+02,  2.43356516558029E+02
 2.00591666700000E+03, -1.08499511995524E-01,  2.71775250000000E-01, -4.98948639278819E+00,  2.71990000000008E+02,  7.92138965294664E+01,  3.16873772556200E+02
 2.00600000000000E+03, -1.10322619162224E-01, -2.70892000000000E-01, -5.03895487524764E+00,  2.72170000000008E+02,  6.58272290902859E+01,  3.22788704142965E+02
 2.00608333300000E+03, -1.42402726158715E-01, -6.44020750000000E-01, -5.08851022487171E+00,  2.72350000000008E+02,  8.69880205749554E+01,  4.01044280550692E+02
 2.00616666700000E+03, -1.55276781039315E-01, -5.14200250000000E-01, -5.13814880775781E+00,  2.72530000000008E+02,  8.48058397520345E+01,  3.76841239566735E+02
 2.00625000000000E+03, -1.20412425019883E-01, -2.25889450000000E-01, -5.18786697908617E+00,  2.72710000000008E+02,  1.17095214027393E+02,  2.40939573560122E+02
 2.00633333300000E+03, -5.34552494684987E-02, -6.17657750000000E-02, -5.23766108347951E+00,  2.72890000000008E+02,  1.28868986777815E+02,  2.97795548338952E+02
 2.00641666700000E+03,  1.65746194290891E-04,  3.96348000000000E-02, -5.28752745536368E+00,  2.73070000000008E+02,  1.49018222046273E+02,  3.43199070704735E+02
 2.00650000000000E+03,  5.49661510139856E-03,  1.34406375000000E-01, -5.33746241932980E+00,  2.73250000000008E+02,  1.38161409787854E+02,  3.03826139251553E+02
 2.00658333300000E+03,  1.00114891902616E-02,  2.02665500000000E-01, -5.38746229049752E+00,  2.73430000000008E+02,  1.34004644033044E+02,  3.15271127585358E+02
 2.00666666700000E+03,  2.94090289659761E-02,  2.46204000000000E-01,  3.32677981934113E+00,  2.73610000000008E+02,  9.15502728367336E+01,  3.19122047306898E+02
 2.00675000000000E+03, -2.01011821047826E-02,  3.09192500000000E-01,  3.29604449894423E+00,  2.73790000000008E+02,  6.52522585510842E+01,  2.33089546560442E+02
 2.00683333300000E+03, -1.16592253255736E-01,  3.30814250000000E-01,  3.26499949046620E+00,  2.73970000000008E+02,  5.93719744069526E+01,  1.67654639241178E+02
 2.00691666700000E+03, -1.76640397474883E-01,  2.53300000000000E-01,  3.23364638662428E+00,  2.74150000000008E+02,  7.48006544068807E+01,  2.14128606523549E+02
 2.00700000000000E+03, -1.80348277078061E-01,  1.32602050000000E-01,  3.20198681069421E+00,  2.74330000000008E+02,  9.85712533248323E+01,  2.89359879789249E+02
 2.00708333300000E+03, -1.42978579714795E-01,  1.00904600000000E-01,  3.17002241639259E+00,  2.74510000000008E+02,  9.22926952833010E+01,  3.18079573701125E+02
 2.00716666700000E+03, -1.02817532251082E-01,  1.97269550000000E-01,  3.13775488775578E+00,  2.74690000000008E+02,  9.06468681876722E+01,  2.77824339736692E+02
 2.00725000000000E+03, -9.34245212169439E-02,  2.56543250000000E-01,  3.10518593901522E+00,  2.74870000000008E+02,  7.74753173135815E+01,  2.90125305039741E+02
 2.00733333300000E+03, -1.23516816595362E-01,  2.32831000000000E-01,  3.07231731446948E+00,  2.75050000000008E+02,  4.99768632748751E+01,  1.94853032212815E+02
 2.00741666700000E+03, -1.79028363004207E-01,  1.87075125000000E-01,  3.03915078835270E+00,  2.75230000000008E+02,  2.25483624647496E+01,  1.17119533619567E+02
 2.00750000000000E+03, -2.40964804917403E-01,  1.45119000000000E-01,  3.00568816469971E+00,  2.75410000000008E+02,  2.44502421753692E+01,  8.11734751669633E+01
 2.00758333300000E+03, -3.33847358501272E-01,  1.26336625000000E-01,  2.97193127720768E+00,  2.75590000000008E+02,  4.39208075259389E+01,  2.77749509395376E+02
 2.00766666700000E+03, -4.48593862383217E-01,  4.56080000000000E-02,  4.94167036891009E+00,  2.75770000000008E+02,  5.71205045466370E+01,  2.63064874258469E+02
 2.00775000000000E+03, -5.12216227425257E-01, -9.81877500000000E-02,  4.92264905390353E+00,  2.75950000000008E+02,  8.05534393431060E+01,  3.07054734382631E+02
 2.00783333300000E+03, -5.33885502483666E-01, -2.56836750000000E-01,  4.90372549129313E+00,  2.76130000000008E+02,  9.88140321946591E+01,  3.24116984759112E+02
 2.00791666700000E+03, -5.47137226577878E-01, -5.12590000000000E-01,  4.88489955421389E+00,  2.76310000000008E+02,  1.16382589224923E+02,  3.24564905947420E+02
 2.00800000000000E+03, -5.44592669076817E-01, -8.89513750000000E-01,  4.86617109129758E+00,  2.76490000000008E+02,  1.05382211606583E+02,  1.56387345028751E+02
 2.00808333300000E+03, -5.31838620967751E-01, -1.18620075000000E+00,  4.84753992675289E+00,  2.76670000000008E+02,  8.67832943615285E+01,  1.56406890709694E+02
 2.00816666700000E+03, -5.20384034646108E-01, -1.20052750000000E+00,  4.82900586044906E+00,  2.76850000000008E+02,  8.71246451171134E+01,  1.48605934938187E+02
 2.00825000000000E+03, -5.14054290723474E-01, -1.01554825000000E+00,  4.81056866800271E+00,  2.77030000000008E+02,  7.55841217696080E+01,  1.52168323833136E+02
 2.00833333300000E+03, -5.02837469281928E-01, -8.15712750000000E-01,  4.79222810086808E+00,  2.77210000000008E+02,  7.38299703590631E+01,  1.89004659216216E+02
 2.00841666700000E+03, -4.71113979133634E-01, -6.92019250000000E-01,  4.77398388643058E+00,  2.77390000000008E+02,  9.26291170676658E+01,  2.80731118726331E+02
 2.00850000000000E+03, -4.12906092608910E-01, -6.75732750000000E-01,  4.75583572810355E+00,  2.77570000000008E+02,  9.87963007449227E+01,  2.54214412842304E+02
 2.00858333300000E+03, -4.37224836644060E-01, -6.92513750000000E-01,  4.73778330542840E+00,  2.77750000000008E+02,  8.87808050886601E+01,  2.88474374732186E+02
 2.00866666700000E+03, -5.69368229950910E-01, -6.42585500000000E-01, -1.92081122538095E+00,  2.77930000000008E+02,  9.11074707180052E+01,  3.35369514336708E+02
 2.00875000000000E+03, -6.09805905539132E-01, -5.90492250000000E-01, -1.97030503267495E+00,  2.78110000000008E+02,  7.79285159553844E+01,  3.16548130849706E+02
 2.00883333300000E+03, -5.26882785207008E-01, -6.40810000000000E-01, -2.01975612102426E+00,  2.78290000000008E+02,  6.49132065742889E+01,  2.32351022174840E+02
 2.00891666700000E+03, -4.35376663680009E-01, -7.28389000000000E-01, -2.06916087353447E+00,  2.78470000000008E+02,  6.83514868980693E+01,  3.04401158636333E+02
 2.00900000000000E+03, -3.78305804968624E-01, -7.31827500000000E-01, -2.11851567530668E+00,  2.78650000000008E+02,  5.58829087696027E+01,  2.32333030141958E+02
 2.00908333300000E+03, -3.57342465741376E-01, -6.15893750000000E-01, -2.16781691378754E+00,  2.78830000000008E+02,  4.77671581175122E+01,  1.84173499448956E+02
 2.00916666700000E+03, -3.33683016147801E-01, -4.61002000000000E-01, -2.21706097911904E+00,  2.79010000000008E+02,  4.34554687337311E+01,  1.60076151853917E+02
 2.00925000000000E+03, -2.62386860305471E-01, -3.46866000000000E-01, -2.26624426448814E+00,  2.79190000000008E+02,  2.91879882059989E+01,  1.26531539558903E+02
 2.00933333300000E+03, -1.32139599956495E-01, -2.26268750000000E-01, -2.31536316647599E+00,  2.79370000000008E+02,  1.47219058329427E+01,  8.63396274086263E+01
 2.00941666700000E+03,  2.25116392727198E-02, -1.26056225000000E-01, -2.36441408540694E+00,  2.79550000000008E+02,  1.39478219077449E+01,  8.93399209013645E+01
 2.00950000000000E+03,  1.47336836783021E-01, -4.13679500000000E-02, -2.41339342569715E+00,  2.79730000000008E+02,  1.51288184851218E+01,  8.03572657253439E+01
 2.00958333300000E+03,  1.97374960419643E-01,  1.14973775000000E-01, -2.46229759620279E+00,  2.79910000000008E+02,  2.00243651997520E+01,  1.27186510160489E+02
 2.00966666700000E+03,  1.95900446000094E-01,  3.34268000000000E-01,  3.80675207030688E+00,  2.80090000000008E+02,  1.82320423962039E+01,  1.45706540619367E+02
 2.00975000000000E+03,  2.07755251385235E-01,  5.90413000000000E-01,  3.78157798299811E+00,  2.80270000000008E+02,  2.44880433723700E+01,  1.34842339188527E+02
 2.00983333300000E+03,  2.33045062968821E-01,  7.71812750000000E-01,  3.75607164477152E+00,  2.80450000000008E+02,  4.47628577682641E+01,  1.38831051954216E+02
 2.00991666700000E+03,  2.54833496075911E-01,  8.23312000000000E-01,  3.73023410627754E+00,  2.80630000000008E+02,  5.28958874576743E+01,  1.16271176441386E+02
 2.01000000000000E+03,  2.76514275478560E-01,  8.00161000000000E-01,  3.70406645019659E+00,  2.80810000000008E+02,  5.10675705590072E+01,  8.69778606420178E+01
 2.01008333300000E+03,  2.83472135572056E-01,  6.92128500000000E-01,  3.67756979118300E+00,  2.80990000000008E+02,  6.76335796535952E+01,  1.72023711473484E+02
 2.01016666700000E+03,  2.53336789818236E-01,  4.96453500000000E-01,  3.65074527580525E+00,  2.81170000000008E+02,  6.39072485523362E+01,  2.24852352314499E+02
 2.01025000000000E+03,  1.78311111890942E-01,  1.85890000000000E-01,  3.62359408248265E+00,  2.81350000000008E+02,  6.90333847565504E+01,  2.94256739022011E+02
 2.01033333300000E+03,  7.83318609247625E-02, -1.32981000000000E-01,  3.59611742141835E+00,  2.81530000000008E+02,  8.59427431833464E+01,  2.89751149557250E+02
 2.01041666700000E+03, -8.50005788338404E-03, -3.04405500000000E-01,  3.56831653452877E+00,  2.81710000000008E+02,  8.74564357413397E+01,  2.83643698292936E+02
 2.01050000000000E+03, -5.12061726156818E-02, -4.40148750000000E-01,  3.54019269536939E+00,  2.81890000000008E+02,  7.05437474109827E+01,  2.42968978642426E+02
 2.01058333300000E+03, -1.26043953000559E-01, -6.22250500000000E-01,  3.51174720905698E+00,  2.82070000000008E+02,  7.46313132745845E+01,  2.35810803824467E+02
 2.01066666700000E+03, -2.70310403879298E-01, -7.48026000000000E-01,  9.37340751074251E+00,  2.82250000000008E+02,  4.50486597449278E+01,  1.57886686519634E+02
 2.01075000000000E+03, -3.62335427980332E-01, -7.99146750000000E-01,  9.36337663810261E+00,  2.82430000000008E+02,  5.15814630617465E+01,  2.87872761301962E+02
 2.01083333300000E+03, -3.88482271327831E-01, -8.54045500000000E-01,  9.35307769923896E+00,  2.82610000000008E+02,  7.72731644560857E+01,  3.93686652347764E+02
 2.01091666700000E+03, -4.00553025979920E-01, -9.40192000000000E-01,  9.34251275455478E+00,  2.82790000000008E+02,  7.88290480174383E+01,  3.24938701178176E+02
 2.01100000000000E+03, -3.91695480471201E-01, -1.03951525000000E+00,  9.33168388188199E+00,  2.82970000000008E+02,  7.77709281817220E+01,  3.69780781878237E+02
 2.01108333300000E+03, -3.69936967932508E-01, -9.88537750000000E-01,  9.32059317618555E+00,  2.83150000000008E+02,  1.19552883622757E+02,  5.08032712324524E+02
 2.01116666700000E+03, -3.51085740028590E-01, -7.63054000000000E-01,  9.30924274926607E+00,  2.83330000000008E+02,  9.42949135094339E+01,  3.87471741166072E+02
 2.01125000000000E+03, -3.44221179114163E-01, -6.19281250000000E-01,  9.29763472946096E+00,  2.83510000000008E+02,  9.37250912143884E+01,  2.80604744031005E+02
 2.01133333300000E+03, -3.43972284769383E-01, -5.69079250000000E-01,  9.28577126134398E+00,  2.83690000000008E+02,  1.21649379041604E+02,  4.04582620324709E+02
 2.01141666700000E+03, -3.37017921974712E-01, -4.86291250000000E-01,  9.27365450542340E+00,  2.83870000000008E+02,  1.18660127657297E+02,  2.97080808509923E+02
 2.01150000000000E+03, -3.16106841212394E-01, -4.21773000000000E-01,  9.26128663783859E+00,  2.84050000000008E+02,  7.84241994687692E+01,  1.82240152541013E+02
 2.01158333300000E+03, -2.98593027864813E-01, -3.87008750000000E-01,  9.24866985005533E+00,  2.84230000000008E+02,  9.16992263276932E+01,  1.71337808773146E+02
 2.01166666700000E+03, -2.91764194947742E-01, -3.58680500000000E-01, -2.28172248263812E+00,  2.84410000000008E+02,  6.32241482043351E+01,  1.68573364856115E+02
 2.01175000000000E+03, -2.73356987005957E-01, -4.22252500000000E-01, -2.29188327366240E+00,  2.84590000000008E+02,  4.61417433846964E+01,  4.62209240931013E+01
 2.01183333300000E+03, -2.41649382956686E-01, -6.11585000000000E-01, -2.30166419476391E+00,  2.84770000000008E+02,  5.85663314004836E+01,  4.31961620826576E+01
 2.01191666700000E+03, -2.01335705666586E-01, -7.83395000000000E-01, -2.31106385561117E+00,  2.84950000000008E+02,  6.41276075588927E+01,  2.50286778421687E+01
 2.01200000000000E+03, -1.48479963730887E-01, -8.65567250000000E-01, -2.32008089673229E+00,  2.85130000000008E+02,  8.26675106218260E+01,  1.01709935950541E+02
 2.01208333300000E+03, -9.29551936244565E-02, -8.80674500000000E-01, -2.32871398970449E+00,  2.85310000000008E+02,  1.07360607614296E+02,  1.57724944989461E+02
 2.01216666700000E+03, -5.10278094520779E-02, -7.57985250000000E-01, -2.33696183734034E+00,  2.85490000000008E+02,  9.70586089990514E+01,  1.88695014601810E+02
 2.01225000000000E+03, -3.08078542653814E-02, -6.18630750000000E-01, -2.34482317387054E+00,  2.85670000000008E+02,  9.70028808433742E+01,  2.99811960870451E+02
 2.01233333300000E+03, -2.47983082535918E-02, -5.83933500000000E-01, -2.35229676512334E+00,  2.85850000000008E+02,  1.12933732202335E+02,  4.16841590184554E+02
 2.01241666700000E+03, -1.69277159697787E-02, -5.52625500000000E-01, -2.35938140870043E+00,  2.86030000000008E+02,  7.83862796114469E+01,  3.47784401958016E+02
 2.01250000000000E+03,  2.76686256079300E-03, -3.76205475000000E-01, -2.36607593414948E+00,  2.86210000000008E+02,  7.33237825599022E+01,  2.84005149259077E+02
 2.01258333300000E+03,  5.32442002356137E-02, -7.78989500000000E-02, -2.37237920313313E+00,  2.86390000000008E+02,  6.93782273720829E+01,  3.33929605798299E+02
 2.01266666700000E+03,  1.04857176636193E-01,  1.47600275000000E-01,  6.91998996140789E+00,  2.86570000000008E+02,  5.63745823819043E+01,  2.24466589683183E+02
 2.01275000000000E+03,  7.64540798505331E-02,  2.69284000000000E-01,  6.96047263436099E+00,  2.86750000000008E+02,  3.26802316514792E+01,  1.39744683272987E+02
 2.01283333300000E+03, -1.91834703143937E-02,  2.59995750000000E-01,  7.00070656238788E+00,  2.86930000000008E+02,  2.85468247661996E+01,  1.69368382587380E+02
 2.01291666700000E+03, -1.07938687477745E-01,  1.53100300000000E-01,  7.04068920924631E+00,  2.87110000000008E+02,  4.54830376202290E+01,  2.62446569144392E+02
 2.01300000000000E+03, -1.49249994891798E-01,  2.40685000000000E-03,  7.08041806558770E+00,  2.87290000000008E+02,  9.81848018811509E+01,  2.24812270368258E+02
 2.01308333300000E+03, -1.37826839579861E-01, -2.20655200000000E-01,  7.11989064917352E+00,  2.87470000000008E+02,  1.05044777819516E+02,  2.37189671978620E+02
 2.01316666700000E+03, -1.03120933630018E-01, -2.89759225000000E-01,  7.15910450508850E+00,  2.87650000000008E+02,  1.21593273324324E+02,  2.38365890436130E+02
 2.01325000000000E+03, -8.55653803853976E-02, -1.04012450000000E-01,  7.19805720595057E+00,  2.87830000000008E+02,  1.24237710513449E+02,  2.31588011037150E+02
 2.01333333300000E+03, -1.09904407440544E-01,  9.98537750000000E-02,  7.23674635211751E+00,  2.88010000000008E+02,  8.82392775500604E+01,  1.52374382039019E+02
 2.01341666700000E+03, -1.74109679743726E-01,  1.77800000000000E-01,  7.27516957189036E+00,  2.88190000000008E+02,  4.40517416421943E+01,  1.19463449718686E+02
 2.01350000000000E+03, -2.56738554208563E-01,  1.64835250000000E-01,  7.31332452171340E+00,  2.88370000000008E+02,  3.53768334361194E+01,  1.65951750164159E+02
 2.01358333300000E+03, -2.78696693615230E-01,  1.31044500000000E-01,  7.35120888637093E+00,  2.88550000000008E+02,  2.70952955802992E+01,  1.45156725162706E+02
 2.01366666700000E+03, -2.16035318373397E-01,  6.12146500000000E-02,  9.52599490142791E+00,  2.88730000000008E+02,  5.06667258203655E+01,  3.11396184495800E+02
 2.01375000000000E+03, -1.70420228381332E-01,  3.62375500000000E-02,  9.52268511740622E+00,  2.88910000000008E+02,  4.86533442638255E+01,  3.04883871797743E+02
 2.01383333300000E+03, -1.60316648270904E-01,  4.20721500000000E-02,  9.51906518374471E+00,  2.89090000000008E+02,  4.24258928122149E+01,  2.94772465415874E+02
 2.01391666700000E+03, -1.41511729988080E-01, -9.30202500000000E-02,  9.51513668019328E+00,  2.89270000000008E+02,  4.98031272702238E+01,  3.33353759170661E+02
 2.01400000000000E+03, -1.15075628211391E-01, -1.09786500000000E-01,  9.51090121023192E+00,  2.89450000000008E+02,  4.73528080685287E+01,  3.15701144124906E+02
 2.01408333300000E+03, -9.26040547148183E-02,  1.10996250000000E-01,  9.50636040082204E+00,  2.89630000000008E+02,  2.17568750788122E+01,  1.24202676709345E+02
 2.01416666700000E+03, -8.77150973996708E-02,  2.15332500000000E-01,  9.50151590215530E+00,  2.89810000000008E+02,  2.71571709526819E+01,  1.69297933508786E+02
 2.01425000000000E+03, -1.02994150357025E-01,  1.26731075000000E-01,  9.49636938740005E+00,  2.89990000000008E+02,  3.18160087421171E+01,  1.76553254196808E+02
 2.01433333300000E+03, -1.25639478750084E-01, -3.99263500000000E-02,  9.49092255244551E+00,  2.90170000000008E+02,  2.52801324957360E+01,  1.38657647175137E+02
 2.01441666700000E+03, -1.37402035204318E-01, -1.91841175000000E-01,  9.48517711564354E+00,  2.90350000000008E+02,  2.09882901912275E+01,  1.39304274206421E+02
 2.01450000000000E+03, -1.30425350982057E-01, -2.07504750000000E-01,  9.47913481754814E+00,  2.90530000000008E+02,  2.37868125529031E+01,  1.34082863869640E+02
 2.01458333300000E+03, -9.65973005970026E-02, -4.42195000000000E-02,  9.47279742065277E+00,  2.90710000000009E+02,  1.83253336803762E+01,  1.54002205643215E+02
 2.01466666700000E+03, -2.34549423068022E-02,  1.69490750000000E-01,  1.68071975418180E+00,  2.90890000000009E+02,  4.75191801199246E+01,  2.35490356752150E+02
 2.01475000000000E+03,  6.42477900641653E-02,  2.78226500000000E-01,  1.72879328576702E+00,  2.91070000000009E+02,  5.68417356879569E+01,  1.96758410028038E+02
 2.01483333300000E+03,  1.13520158271008E-01,  3.02410000000000E-01,  1.77699391169247E+00,  2.91250000000009E+02,  6.84874889602573E+01,  2.00180576443836E+02
 2.01491666700000E+03,  1.07179519563343E-01,  3.40352750000000E-01,  1.82531799299964E+00,  2.91430000000009E+02,  9.15969364205536E+01,  2.45763489777265E+02
 2.01500000000000E+03,  7.92435392636782E-02,  4.89489000000000E-01,  1.87376188157776E+00,  2.91610000000009E+02,  1.16864186471255E+02,  2.25537720286792E+02
 2.01508333300000E+03,  7.91436689729771E-02,  6.30360750000000E-01,  1.92232192052715E+00,  2.91790000000009E+02,  9.31464512159059E+01,  2.40852478117739E+02
 2.01516666700000E+03,  1.28774301778746E-01,  6.10756000000000E-01,  1.97099444452341E+00,  2.91970000000009E+02,  9.68790913467168E+01,  2.21805540415278E+02
 2.01525000000000E+03,  2.03538348061924E-01,  4.69757250000000E-01,  2.01977578018247E+00,  2.92150000000009E+02,  9.11384925358257E+01,  2.42584605605519E+02
 2.01533333300000E+03,  2.51902046922170E-01,  2.69473250000000E-01,  2.06866224642641E+00,  2.92330000000009E+02,  8.61938644521745E+01,  2.29890528042982E+02
 2.01541666700000E+03,  2.36839645234022E-01,  1.61715500000000E-01,  2.11765015485001E+00,  2.92510000000009E+02,  9.63930872561969E+01,  3.70221725253072E+02
 2.01550000000000E+03,  1.65551652467801E-01,  2.19884750000000E-01,  2.16673581008801E+00,  2.92690000000009E+02,  9.10093006869193E+01,  2.77490615427441E+02
 2.01558333300000E+03,  1.26071432824717E-01,  2.73549000000000E-01,  2.21591551018306E+00,  2.92870000000009E+02,  9.03621436659453E+01,  2.81001981972079E+02
 2.01566666700000E+03,  1.57162885508528E-01,  2.33118000000000E-01,  3.71527534315827E+00,  2.93050000000009E+02,  8.46510395187812E+01,  2.87275608274547E+02
 2.01575000000000E+03,  1.70439461468022E-01,  2.88901000000000E-01,  3.70180328004930E+00,  2.93230000000009E+02,  7.23789540722055E+01,  2.51197037964109E+02
 2.01583333300000E+03,  1.50122926956710E-01,  4.09506000000000E-01,  3.68835667482117E+00,  2.93410000000009E+02,  4.07754834024386E+01,  9.15037411203600E+01
 2.01591666700000E+03,  1.42064944597765E-01,  3.60581000000000E-01,  3.67493396304782E+00,  2.93590000000009E+02,  3.78946922826810E+01,  1.18729115695706E+02
 2.01600000000000E+03,  1.47119019476845E-01,  2.90811250000000E-01,  3.66153357049112E+00,  2.93770000000009E+02,  3.31746738551916E+01,  1.16401302639671E+02
 2.01608333300000E+03,  1.47843291504308E-01,  2.94809750000000E-01,  3.64815391337568E+00,  2.93950000000009E+02,  5.31666486113372E+01,  9.15949295137155E+01
 2.01616666700000E+03,  1.23934689024016E-01,  2.59375500000000E-01,  3.63479339866506E+00,  2.94130000000009E+02,  5.80505311570604E+01,  1.70634859408339E+02
 2.01625000000000E+03,  7.20712220930815E-02,  1.94491175000000E-01,  3.62145042433920E+00,  2.94310000000009E+02,  5.62672575522959E+01,  1.67107960964824E+02
 2.01633333300000E+03,  1.12979488806388E-02,  4.90208500000000E-02,  3.60812337967317E+00,  2.94490000000009E+02,  5.48544465960977E+01,  1.33732923732479E+02
 2.01641666700000E+03, -3.19323641889682E-02, -1.08241575000000E-01,  3.59481064551711E+00,  2.94670000000009E+02,  4.88324456542984E+01,  1.75807573817596E+02
 2.01650000000000E+03, -4.57007868698450E-02, -1.85668250000000E-01,  3.58151059457735E+00,  2.94850000000009E+02,  6.12032295284857E+01,  2.19089851831987E+02
 2.01658333300000E+03, -6.96004571232992E-02, -3.10239250000000E-01,  3.56822159169872E+00,  2.95030000000009E+02,  5.09078093866077E+01,  2.66102984792837E+02
 2.01666666700000E+03, -1.25408276077355E-01, -4.86492250000000E-01,  7.21129595761603E+00,  2.95210000000009E+02,  5.62877438667622E+01,  4.23911263976251E+02
 2.01675000000000E+03, -1.79205797716977E-01, -5.68640750000000E-01,  7.24989457811663E+00,  2.95390000000009E+02,  6.27666375980991E+01,  4.79128684202156E+02
 2.01683333300000E+03, -2.41905744496590E-01, -5.08920500000000E-01,  7.28822646892733E+00,  2.95570000000009E+02,  6.72547523834650E+01,  4.42272006689707E+02
 2.01691666700000E+03, -3.19501409349126E-01, -4.41756750000000E-01,  7.32628929614610E+00,  2.95750000000009E+02,  4.02518306534313E+01,  4.36388764183855E+02
 2.01700000000000E+03, -3.73785641040397E-01, -4.90117750000000E-01,  7.36408075427737E+00,  2.95930000000009E+02,  4.78636663328014E+01,  3.57454671352427E+02
 2.01708333300000E+03, -3.84053665640779E-01, -5.87374750000000E-01,  7.40159856642409E+00,  2.96110000000009E+02,  4.09565679076617E+01,  3.06822655197067E+02
 2.01716666700000E+03, -3.54603870241227E-01, -5.63774750000000E-01,  7.43884048447663E+00,  2.96290000000009E+02,  6.80941634671643E+01,  2.92622297372187E+02
 2.01725000000000E+03, -3.05036954459961E-01, -3.71800250000000E-01,  7.47580428929812E+00,  2.96470000000009E+02,  6.46882740465723E+01,  3.00311373686673E+02
 2.01733333300000E+03, -2.55861314684112E-01, -1.51191300000000E-01,  7.51248779090647E+00,  2.96650000000009E+02,  1.05426158546809E+02,  3.59151493827502E+02
 2.01741666700000E+03, -2.21032343834399E-01,  1.54446500000000E-02,  7.54888882865287E+00,  2.96830000000009E+02,  1.20388455736727E+02,  3.19101990985697E+02
 2.01750000000000E+03, -2.08156632323692E-01,  8.19596250000000E-02,  7.58500527139684E+00,  2.97010000000009E+02,  1.43491187393296E+02,  2.17871515937738E+02
 2.01758333300000E+03, -1.80896196301244E-01,  9.92241000000000E-02,  7.62083501767784E+00,  2.97190000000009E+02,  1.10541513324991E+02,  2.22877545949997E+02
 2.01766666700000E+03, -1.32825996171512E-01,  1.52677425000000E-01, -2.34772753578432E+00,  2.97370000000009E+02,  1.36619326109993E+02,  2.83578427551070E+02
 2.01775000000000E+03, -1.29429513130371E-01,  1.73000250000000E-01, -2.33986719742709E+00,  2.97550000000009E+02,  1.16552053910014E+02,  3.80590680210799E+02
 2.01783333300000E+03, -1.61310631869027E-01,  1.16023500000000E-01, -2.33159714156444E+00,  2.97730000000009E+02,  9.01358258711334E+01,  4.39391895221208E+02
 2.01791666700000E+03, -1.82339888150559E-01,  2.22240500000000E-02, -2.32291750452268E+00,  2.97910000000009E+02,  7.71114079408781E+01,  5.86316970419333E+02
 2.01800000000000E+03, -1.92559588984380E-01, -6.80241500000000E-02, -2.31382845841513E+00,  2.98090000000009E+02,  1.39203665989669E+02,  6.81919268852830E+02
 2.01808333300000E+03, -2.05252863911600E-01, -9.28580000000000E-02, -2.30433021116302E+00,  2.98270000000009E+02,  1.20515136473983E+02,  6.80816427422634E+02
 2.01816666700000E+03, -2.37154357722539E-01,  3.35544000000000E-02, -2.29442300651229E+00,  2.98450000000009E+02,  9.59143124136793E+01,  4.96668602899410E+02
 2.01825000000000E+03, -2.93150747533331E-01,  1.52926325000000E-01, -2.28410712404646E+00,  2.98630000000009E+02,  9.55076297071288E+01,  4.43509365555104E+02
 2.01833333300000E+03, -3.59986468436532E-01,  1.64127250000000E-01, -2.27338287919546E+00,  2.98810000000009E+02,  9.12891859917296E+01,  2.87437450969673E+02
 2.01841666700000E+03, -4.15677452414328E-01,  2.06162125000000E-01, -2.26225062324054E+00,  2.98990000000009E+02,  3.39838737213718E+01,  2.30016394984585E+02
 2.01850000000000E+03, -4.46581192332676E-01,  3.30747500000000E-01, -2.25071074331509E+00,  2.99170000000009E+02,  4.40752680985910E+01,  1.67085307852539E+02
 2.01858333300000E+03, -3.11487160864639E-01,  4.85376500000000E-01, -2.23876366240155E+00,  2.99350000000009E+02,  5.31725517025270E+01,  3.73786647352390E+02
 2.01866666700000E+03, -3.38416014142203E-02,  5.48851000000000E-01,  6.60751049602915E+00,  2.99530000000009E+02,  6.42839603027761E+01,  4.69302613355362E+02
 2.01875000000000E+03,  6.81306337935526E-02,  4.90499750000000E-01,  6.64978166472669E+00,  2.99710000000009E+02,  6.23717665926641E+01,  1.11902818464636E+03
 2.01883333300000E+03, -5.75977619806227E-03,  3.57184000000000E-01,  6.69182402213635E+00,  2.99890000000009E+02,  6.73633543005223E+01,  5.43447968166090E+02
