 1.88000000000000E+03,  2.58914410375755E-01,  2.00000000000000E+00, -5.62096463366374E+00,  1.00000000000000E-02,  1.57083001374401E+04,  2.47623754424147E+04
 1.88008333300000E+03,  2.45655701786865E-01,  7.25000000000000E-01, -5.62128178644231E+00,  1.90000000000000E-01,  2.35203197924661E+01,  1.09737204864589E+04
 1.88016666700000E+03,  2.28981454824842E-01,  4.25000000000000E-01, -5.62176041327567E+00,  3.70000000000000E-01,  7.65798546888565E+03,  1.11791236879391E+04
 1.88025000000000E+03,  2.10502332921092E-01,  3.00000000000000E-01, -5.62223896221033E+00,  5.50000000000000E-01,  4.57571566619440E+03,  7.73193363831515E+03
 1.88033333300000E+03,  1.90576665702027E-01,  3.75000000000000E-01, -5.62271743323538E+00,  7.30000000000000E-01,  5.13962598495573E+03,  5.98119395883776E+03
 1.88041666700000E+03,  1.67447830698915E-01,  2.50000000000000E-02, -5.62319582633989E+00,  9.10000000000000E-01,  3.55813204161406E+03,  6.94535013413227E+03
 1.88050000000000E+03,  1.41652164840621E-01, -4.75000000000000E-01, -5.62367414151294E+00,  1.09000000000000E+00,  3.73799566945186E+03,  6.59232770718407E+03
 1.88058333300000E+03,  1.57100541566546E-02, -3.75000000000000E-01, -5.62415237874362E+00,  1.27000000000000E+00,  3.70918882972889E+03,  4.19512807570424E+03
 1.88066666700000E+03, -2.01734434239353E-01, -4.75000000000000E-01, -6.48372350097464E+00,  1.45000000000000E+00,  3.86283979517857E+03,  4.79244906223027E+03
 1.88075000000000E+03, -3.02731141437815E-01, -8.00000000000000E-01, -6.48400288192624E+00,  1.63000000000000E+00,  4.13888235264288E+03,  4.69766374239940E+03
 1.88083333300000E+03, -2.94611547153203E-01, -9.50000000000000E-01, -6.48428216582447E+00,  1.81000000000000E+00,  4.93194570833305E+03,  4.75673861734953E+03
 1.88091666700000E+03, -2.69839698994940E-01, -9.25000000000000E-01, -6.48456135266334E+00,  1.99000000000000E+00,  4.98417966224520E+03,  4.72363595790511E+03
 1.88100000000000E+03, -2.32347856463947E-01, -7.25000000000000E-01, -6.48484044243686E+00,  2.17000000000000E+00,  5.56349655507748E+03,  5.09085753766857E+03
 1.88108333300000E+03, -2.18892657255655E-01, -8.00000000000000E-01, -6.48511943513907E+00,  2.35000000000000E+00,  5.50291958734867E+03,  3.64683427167962E+03
 1.88116666700000E+03, -2.26529324320969E-01, -1.27500000000000E+00, -6.48539833076399E+00,  2.53000000000000E+00,  5.30030218372080E+03,  3.49348028282577E+03
 1.88125000000000E+03, -2.34561080643550E-01, -1.12500000000000E+00, -6.48567712930565E+00,  2.71000000000000E+00,  3.74077875582913E+03,  2.29426620081562E+03
 1.88133333300000E+03, -2.43978236147234E-01, -2.75000000000000E-01, -6.48595583075806E+00,  2.89000000000000E+00,  3.77561463746107E+03,  4.41370546098778E+03
 1.88141666700000E+03, -2.57040403688902E-01, -2.25000000000000E-01, -6.48623443511527E+00,  3.07000000000000E+00,  1.37857792495374E+04,  1.00761619832482E+04
 1.88150000000000E+03, -2.73076053482088E-01, -8.75000000000000E-01, -6.48651294237131E+00,  3.25000000000000E+00,  1.48060183342618E+04,  1.04075036420996E+04
 1.88158333300000E+03, -2.52656588985422E-01, -1.12500000000000E+00, -6.48679135252021E+00,  3.43000000000000E+00,  1.60941981138642E+04,  1.48019743379578E+04
 1.88166666700000E+03, -1.89123058881451E-01, -1.32500000000000E+00,  3.36499648351834E+00,  3.61000000000000E+00,  1.83975251408673E+04,  1.55272632274820E+04
 1.88175000000000E+03, -1.49236210575577E-01, -1.00000000000000E+00,  3.36467334142592E+00,  3.79000000000000E+00,  1.71767470851223E+04,  1.41408490631726E+04
 1.88183333300000E+03, -1.38184451549629E-01,  2.00000000000000E-01,  3.36435012992254E+00,  3.97000000000000E+00,  6.70211907811046E+03,  1.28618484907631E+04
 1.88191666700000E+03, -1.28872813028856E-01,  5.50000000000000E-01,  3.36402684901569E+00,  4.15000000000000E+00,  5.66021855607328E+03,  1.40116211361047E+04
 1.88200000000000E+03, -1.25307223836807E-01,  2.00000000000000E-01,  3.36370349871287E+00,  4.33000000000000E+00,  5.02600982389253E+03,  1.24645146177934E+04
 1.88208333300000E+03, -1.26741584595439E-01,  2.50000000000000E-01,  3.36338007902160E+00,  4.51000000000000E+00,  2.13197485756784E+03,  1.23370465665053E+04
 1.88216666700000E+03, -1.29849619306433E-01,  5.25000000000000E-01,  3.36305658994938E+00,  4.69000000000000E+00,  2.80451484448965E+03,  1.37882158814711E+04
 1.88225000000000E+03, -1.32810337697164E-01,  1.07500000000000E+00,  3.36273303150371E+00,  4.87000000000000E+00,  3.28947460220568E+03,  1.09703933871698E+04
 1.88233333300000E+03, -1.37018179801105E-01,  1.22500000000000E+00,  3.36240940369211E+00,  5.05000000000000E+00,  5.63598441495359E+03,  9.52214611136016E+03
 1.88241666700000E+03, -1.44737421850966E-01,  5.50000000000000E-01,  3.36208570652208E+00,  5.23000000000000E+00,  7.11824707170166E+03,  6.62916213265953E+03
 1.88250000000000E+03, -1.55301266963494E-01,  0.00000000000000E+00,  3.36176194000113E+00,  5.41000000000000E+00,  8.76150431233725E+03,  6.17187314397834E+03
 1.88258333300000E+03, -2.87276856472222E-02, -5.00000000000000E-02,  3.36143810413677E+00,  5.59000000000000E+00,  1.06026480300164E+04,  6.78730347470692E+03
 1.88266666700000E+03,  2.47806442034649E-01,  3.75000000000000E-01,  1.88683928811220E+00,  5.77000000000000E+00,  1.26010728364254E+04,  9.54408964949937E+03
 1.88275000000000E+03,  4.12436584548442E-01,  5.50000000000000E-01,  1.88750493816285E+00,  5.95000000000000E+00,  1.20763118137088E+04,  9.61869569204722E+03
 1.88283333300000E+03,  4.53490707055515E-01,  3.50000000000000E-01,  1.88817058898626E+00,  6.13000000000000E+00,  1.03995690439345E+04,  1.05675202848457E+04
 1.88291666700000E+03,  4.92276419693976E-01,  2.50000000000000E-01,  1.88883624056663E+00,  6.31000000000000E+00,  9.05856163395943E+03,  1.23462431005559E+04
 1.88300000000000E+03,  5.24756407888466E-01, -1.50000000000000E-01,  1.88950189288818E+00,  6.49000000000000E+00,  6.50576728773915E+03,  8.98478414031704E+03
 1.88308333300000E+03,  5.51646101458090E-01, -5.50000000000000E-01,  1.89016754593513E+00,  6.67000000000000E+00,  4.34862458159515E+03,  4.68444870510851E+03
 1.88316666700000E+03,  5.76241857689285E-01, -3.75000000000000E-01,  1.89083319969169E+00,  6.85000000000000E+00,  3.49737922756481E+03,  5.91627973183558E+03
 1.88325000000000E+03,  6.00335532389179E-01,  4.25000000000000E-01,  1.89149885414207E+00,  7.03000000000000E+00,  4.60229616748001E+03,  6.96899574994181E+03
 1.88333333300000E+03,  6.22504366661162E-01,  6.75000000000000E-01,  1.89216450927049E+00,  7.21000000000000E+00,  4.37119467543311E+03,  5.41028557612860E+03
 1.88341666700000E+03,  6.40456611786324E-01,  2.50000000000000E-01,  1.89283016506117E+00,  7.39000000000000E+00,  8.66705041413071E+03,  8.64094495404848E+03
 1.88350000000000E+03,  6.54832467948146E-01,  3.75000000000000E-01,  1.89349582149832E+00,  7.57000000000000E+00,  8.26606969880937E+03,  1.16502723716462E+04
 1.88358333300000E+03,  3.78076829135614E-01,  6.50000000000000E-01,  1.89416147856616E+00,  7.75000000000000E+00,  7.36698117814715E+03,  1.16533752854397E+04
 1.88366666700000E+03, -1.75157541792177E-01,  4.75000000000000E-01, -3.79517723736394E-01,  7.93000000000000E+00,  9.28030390720142E+03,  1.35943252492255E+04
 1.88375000000000E+03, -4.09601137506094E-01,  7.00000000000000E-01, -3.80196263640519E-01,  8.11000000000000E+00,  1.15892538992727E+04,  1.56230004892235E+04
 1.88383333300000E+03, -3.38244929296310E-01,  1.02500000000000E+00, -3.80874779761954E-01,  8.29000000000000E+00,  8.28591871613871E+03,  1.23952402811072E+04
 1.88391666700000E+03, -2.68897174167664E-01,  2.75000000000000E-01, -3.81553272089863E-01,  8.47000000000000E+00,  8.42519815466518E+03,  9.73943733784309E+03
 1.88400000000000E+03, -2.05628464272971E-01, -6.75000000000000E-01, -3.82231740613409E-01,  8.65000000000000E+00,  9.09010665873614E+03,  9.01926135811154E+03
 1.88408333300000E+03, -1.47756801940893E-01, -6.25000000000000E-01, -3.82910185321753E-01,  8.82999999999999E+00,  7.05389485866152E+03,  6.12244085001765E+03
 1.88416666700000E+03, -9.20193693973592E-02, -4.25000000000000E-01, -3.83588606204061E-01,  9.00999999999999E+00,  5.33005598906397E+03,  4.63897148784402E+03
 1.88425000000000E+03, -3.66579104275027E-02, -6.25000000000000E-01, -3.84267003249499E-01,  9.18999999999999E+00,  6.19812146618876E+03,  5.84849918072630E+03
 1.88433333300000E+03,  1.68712029430957E-02, -3.25000000000000E-01, -3.84945376447234E-01,  9.36999999999999E+00,  6.32771407062330E+03,  6.52968700706259E+03
 1.88441666700000E+03,  6.62426425594315E-02,  2.50000000000000E-02, -3.85623725786431E-01,  9.54999999999999E+00,  7.35357063825518E+03,  7.35854469617314E+03
 1.88450000000000E+03,  1.12063109957398E-01,  7.50000000000000E-02, -3.86302051256260E-01,  9.72999999999999E+00,  5.54601254301400E+03,  6.69133381956968E+03
 1.88458333300000E+03, -1.67233464238661E-02,  1.75000000000000E-01, -3.86980352845884E-01,  9.90999999999999E+00,  5.09840092343638E+03,  7.20989589846709E+03
 1.88466666700000E+03, -3.28395016805252E-01,  5.00000000000000E-02,  4.14028752673338E+00,  1.00900000000000E+01,  3.64060422996982E+03,  7.88672268997149E+03
 1.88475000000000E+03, -4.83562784381581E-01, -1.25000000000000E-01,  4.13971276315084E+00,  1.02700000000000E+01,  4.63919591824815E+03,  9.40562266055171E+03
 1.88483333300000E+03, -4.72096522625585E-01, -1.75000000000000E-01,  4.13913794496384E+00,  1.04500000000000E+01,  2.97218014579732E+03,  8.89308835433887E+03
 1.88491666700000E+03, -4.62216377140456E-01, -4.25000000000000E-01,  4.13856307218316E+00,  1.06300000000000E+01,  3.46965979626266E+03,  8.87272450684130E+03
 1.88500000000000E+03, -4.57926195538471E-01, -5.00000000000000E-01,  4.13798814481958E+00,  1.08100000000000E+01,  4.54642779338470E+03,  8.71341604491855E+03
 1.88508333300000E+03, -4.58478003129905E-01, -2.50000000000000E-01,  4.13741316288389E+00,  1.09900000000000E+01,  6.10744870712691E+03,  9.05420042504159E+03
 1.88516666700000E+03, -4.60543852968469E-01, -4.50000000000000E-01,  4.13683812638686E+00,  1.11700000000000E+01,  5.03250902528170E+03,  9.37707087369537E+03
 1.88525000000000E+03, -4.62301286469316E-01, -9.75000000000000E-01,  4.13626303533930E+00,  1.13500000000000E+01,  7.50142762768966E+03,  8.21547743087705E+03
 1.88533333300000E+03, -4.65143478325036E-01, -1.20000000000000E+00,  4.13568788975199E+00,  1.15300000000000E+01,  7.22323783675569E+03,  1.11519338659090E+04
 1.88541666700000E+03, -4.71333640309040E-01, -1.07500000000000E+00,  4.13511268963571E+00,  1.17100000000000E+01,  6.85835258415852E+03,  9.95727568376680E+03
 1.88550000000000E+03, -4.80204109700910E-01, -7.75000000000000E-01,  4.13453743500125E+00,  1.18900000000000E+01,  5.28095767285549E+03,  7.63035402678112E+03
 1.88558333300000E+03, -2.84758427153922E-01, -6.25000000000000E-01,  4.13396212585941E+00,  1.20700000000000E+01,  9.27954432592083E+03,  9.62284184358058E+03
 1.88566666700000E+03,  1.14605118679151E-01, -1.07500000000000E+00, -2.42341704864411E+00,  1.22500000000000E+01,  6.75475547430401E+03,  9.45748981161994E+03
 1.88575000000000E+03,  3.08872523323396E-01, -1.77500000000000E+00, -2.42391163118931E+00,  1.24300000000000E+01,  7.68876491170090E+03,  6.84233637471893E+03
 1.88583333300000E+03,  2.99805528755721E-01, -1.55000000000000E+00, -2.42440617406931E+00,  1.26100000000000E+01,  7.02911946174265E+03,  6.52127731015431E+03
 1.88591666700000E+03,  2.89084256942174E-01, -9.00000000000000E-01, -2.42490067727600E+00,  1.27900000000000E+01,  8.78714562519404E+03,  6.54183439560471E+03
 1.88600000000000E+03,  2.72720339745182E-01, -5.50000000000000E-01, -2.42539514080130E+00,  1.29700000000000E+01,  5.07430565637108E+03,  2.68241858549248E+03
 1.88608333300000E+03,  2.51477152139845E-01, -1.00000000000000E-01, -2.42588956463711E+00,  1.31500000000000E+01,  4.97924375762418E+03,  2.83237678214372E+03
 1.88616666700000E+03,  2.28697947941474E-01,  1.38777878078145E-17, -2.42638394877535E+00,  1.33300000000000E+01,  6.06239001328334E+03,  3.90338387765207E+03
 1.88625000000000E+03,  2.06220385123275E-01,  2.25000000000000E-01, -2.42687829320791E+00,  1.35100000000000E+01,  6.04113506572600E+03,  4.24662590147100E+03
 1.88633333300000E+03,  1.82666366267566E-01,  5.75000000000000E-01, -2.42737259792671E+00,  1.36900000000000E+01,  3.85091204163319E+03,  6.11925374891447E+03
 1.88641666700000E+03,  1.55787621077630E-01,  6.75000000000000E-01, -2.42786686292365E+00,  1.38700000000000E+01,  4.54207452955668E+03,  8.44817358185738E+03
 1.88650000000000E+03,  1.26266604483787E-01,  1.20000000000000E+00, -2.42836108819066E+00,  1.40500000000000E+01,  6.41680699030985E+03,  8.89728137200483E+03
 1.88658333300000E+03,  3.03316890340642E-01,  1.57500000000000E+00, -2.42885527371964E+00,  1.42300000000000E+01,  3.95785686352524E+03,  7.17133432176389E+03
 1.88666666700000E+03,  6.99754872539007E-01,  1.35000000000000E+00, -1.72506686282991E-01,  1.44100000000000E+01,  3.67694510706635E+03,  6.97244257029894E+03
 1.88675000000000E+03,  9.15167157996832E-01,  1.02500000000000E+00, -1.73087498213409E-01,  1.45900000000000E+01,  3.76671244859710E+03,  5.99206362826112E+03
 1.88683333300000E+03,  9.37700708679405E-01,  1.32500000000000E+00, -1.73668309226457E-01,  1.47700000000000E+01,  3.77342897549654E+03,  3.37783468847866E+03
 1.88691666700000E+03,  9.57810758581482E-01,  1.72500000000000E+00, -1.74249119311654E-01,  1.49500000000000E+01,  2.66719609291287E+03,  3.08267392966690E+03
 1.88700000000000E+03,  9.71480567950996E-01,  1.50000000000000E+00, -1.74829928458517E-01,  1.51300000000000E+01,  3.52466250520529E+03,  4.29137065746720E+03
 1.88708333300000E+03,  9.79446096957127E-01,  1.30000000000000E+00, -1.75410736656563E-01,  1.53100000000000E+01,  3.92073572177372E+03,  4.21171692451129E+03
 1.88716666700000E+03,  9.85024168679444E-01,  1.07500000000000E+00, -1.75991543895312E-01,  1.54900000000000E+01,  4.64578635087468E+03,  6.73821730132872E+03
 1.88725000000000E+03,  9.90027020588160E-01,  7.75000000000000E-01, -1.76572350164282E-01,  1.56700000000000E+01,  4.46733509930362E+03,  7.99428937771313E+03
 1.88733333300000E+03,  9.93052169281694E-01,  4.50000000000000E-01, -1.77153155452992E-01,  1.58500000000000E+01,  3.87180585933469E+03,  7.45842367635061E+03
 1.88741666700000E+03,  9.91828016880937E-01, -2.50000000000000E-02, -1.77733959750960E-01,  1.60300000000000E+01,  3.03790180723650E+03,  6.85086668799105E+03
 1.88750000000000E+03,  9.87014771839024E-01, -1.50000000000000E-01, -1.78314763047707E-01,  1.62100000000000E+01,  4.22577010839242E+03,  7.55605533167392E+03
 1.88758333300000E+03,  6.97117208550135E-01,  5.00000000000000E-02, -1.78895565332751E-01,  1.63900000000000E+01,  5.50818887156486E+03,  5.45799515318896E+03
 1.88766666700000E+03,  1.28522553690178E-01, -2.50000000000000E-02,  2.60446530654300E+00,  1.65700000000000E+01,  4.30795766377201E+03,  3.80054805380761E+03
 1.88775000000000E+03, -1.43815366746451E-01, -3.00000000000000E-01,  2.60512262213327E+00,  1.67500000000000E+01,  4.10574717070152E+03,  4.42677357456946E+03
 1.88783333300000E+03, -1.24514297764479E-01, -5.50000000000000E-01,  2.60577992161572E+00,  1.69300000000000E+01,  4.73860899858649E+03,  5.01100062647415E+03
 1.88791666700000E+03, -1.06982552496991E-01, -3.75000000000000E-01,  2.60643720497503E+00,  1.71100000000000E+01,  5.45858603556189E+03,  6.79146340725237E+03
 1.88800000000000E+03, -9.52379305281946E-02,  1.25000000000000E-01,  2.60709447219584E+00,  1.72900000000000E+01,  4.26073295279929E+03,  7.21916762402414E+03
 1.88808333300000E+03, -8.85460341378613E-02, -3.75000000000000E-01,  2.60775172326282E+00,  1.74700000000000E+01,  7.79035913580337E+03,  8.47358509241452E+03
 1.88816666700000E+03, -8.35920946090753E-02, -1.20000000000000E+00,  2.60840895816064E+00,  1.76500000000000E+01,  9.46195111239852E+03,  1.03678018556446E+04
 1.88825000000000E+03, -7.85664097881212E-02, -8.75000000000000E-01,  2.60906617687396E+00,  1.78300000000000E+01,  1.02473773597954E+04,  1.03712742779770E+04
 1.88833333300000E+03, -7.48744689039127E-02, -3.50000000000000E-01,  2.60972337938745E+00,  1.80100000000000E+01,  8.24619956734009E+03,  8.73796522827242E+03
 1.88841666700000E+03, -7.47913347727872E-02, -4.50000000000000E-01,  2.61038056568577E+00,  1.81900000000000E+01,  8.64361265574512E+03,  7.17481911138958E+03
 1.88850000000000E+03, -7.76607114030336E-02, -5.50000000000000E-01,  2.61103773575358E+00,  1.83700000000000E+01,  5.35462985031075E+03,  5.20244775596264E+03
 1.88858333300000E+03, -2.49882402655183E-01, -5.00000000000000E-01,  2.61169488957556E+00,  1.85500000000000E+01,  4.65911905536381E+03,  4.12310538340141E+03
 1.88866666700000E+03, -5.88606857522492E-01, -7.25000000000000E-01,  7.55413185460393E+00,  1.87300000000000E+01,  4.11883621225446E+03,  2.79711955863370E+03
 1.88875000000000E+03, -7.52624723870634E-01, -1.05000000000000E+00,  7.55463585550568E+00,  1.89100000000000E+01,  4.10732720137015E+03,  4.61034412771469E+03
 1.88883333300000E+03, -7.43034493030185E-01, -1.25000000000000E+00,  7.55513975130352E+00,  1.90900000000000E+01,  4.30372533616077E+03,  7.34564534828783E+03
 1.88891666700000E+03, -7.34607811930481E-01, -1.77500000000000E+00,  7.55564354198208E+00,  1.92700000000000E+01,  4.07181119041994E+03,  7.42093343914866E+03
 1.88900000000000E+03, -7.31346605063790E-01, -2.20000000000000E+00,  7.55614722752605E+00,  1.94500000000000E+01,  3.09036600111962E+03,  6.13304378878286E+03
 1.88908333300000E+03, -7.32501273198491E-01, -2.12500000000000E+00,  7.55665080792007E+00,  1.96300000000000E+01,  2.25449371836665E+03,  8.11360060391925E+03
 1.88916666700000E+03, -7.34742543406978E-01, -1.75000000000000E+00,  7.55715428314879E+00,  1.98100000000000E+01,  5.27685169701713E+03,  7.37162004271809E+03
 1.88925000000000E+03, -7.36246929495340E-01, -8.25000000000000E-01,  7.55765765319688E+00,  1.99900000000000E+01,  4.32077138144336E+03,  5.10638105654580E+03
 1.88933333300000E+03, -7.38406879556400E-01,  2.75000000000000E-01,  7.55816091804902E+00,  2.01700000000000E+01,  4.76544518661198E+03,  6.37996049489403E+03
 1.88941666700000E+03, -7.43485179239383E-01,  8.00000000000000E-01,  7.55866407768989E+00,  2.03500000000000E+01,  4.99926961771672E+03,  6.43605425761104E+03
 1.88950000000000E+03, -7.50814039467259E-01,  5.00000000000000E-01,  7.55916713210413E+00,  2.05300000000000E+01,  5.97613709421019E+03,  5.80450257880274E+03
 1.88958333300000E+03, -4.50896137607219E-01,  3.50000000000000E-01,  7.55967008127645E+00,  2.07100000000000E+01,  3.76229310878823E+03,  6.61759906421825E+03
 1.88966666700000E+03,  1.60478898761647E-01,  6.75000000000000E-01,  1.27904950990887E+00,  2.08900000000000E+01,  3.14580043660910E+03,  7.72802111469250E+03
 1.88975000000000E+03,  4.73638830515444E-01,  1.30000000000000E+00,  1.27834637265818E+00,  2.10700000000000E+01,  2.78708617626234E+03,  8.49696354864243E+03
 1.88983333300000E+03,  4.85203033653200E-01,  2.35000000000000E+00,  1.27764323184952E+00,  2.12500000000000E+01,  2.52211215954293E+03,  8.97018782210331E+03
 1.88991666700000E+03,  4.94468648176278E-01,  2.67500000000000E+00,  1.27694008749483E+00,  2.14300000000000E+01,  1.53934818731967E+03,  7.63059511584283E+03
 1.89000000000000E+03,  4.97434597187924E-01,  1.87500000000000E+00,  1.27623693960606E+00,  2.16100000000000E+01,  1.14589096950126E+03,  6.73758576659061E+03
 1.89008333300000E+03,  4.94852679840012E-01,  1.00000000000000E+00,  1.27553378819513E+00,  2.17900000000000E+01,  1.33794622519768E+03,  8.31827499117217E+03
 1.89016666700000E+03,  4.90055718903103E-01,  8.50000000000000E-01,  1.27483063327399E+00,  2.19700000000000E+01,  2.13837314884571E+03,  8.60844440738704E+03
 1.89025000000000E+03,  4.84872095942208E-01,  8.50000000000000E-01,  1.27412747485458E+00,  2.21500000000000E+01,  3.76293559835387E+03,  8.24935910111173E+03
 1.89033333300000E+03,  4.77915596627106E-01,  7.50000000000000E-01,  1.27342431294883E+00,  2.23300000000000E+01,  4.42649082838165E+03,  9.86769023653842E+03
 1.89041666700000E+03,  4.66930999086048E-01,  8.25000000000000E-01,  1.27272114756869E+00,  2.25100000000000E+01,  3.78885289436937E+03,  7.89998048990535E+03
 1.89050000000000E+03,  4.52594975828911E-01,  7.50000000000000E-01,  1.27201797872609E+00,  2.26900000000000E+01,  3.74563357119339E+03,  5.51284277551593E+03
 1.89058333300000E+03,  5.19454326883288E-01,  8.75000000000000E-01,  1.27131480643296E+00,  2.28700000000000E+01,  3.59380241632199E+03,  6.97215294324840E+03
 1.89066666700000E+03,  6.80253090750310E-01,  1.15000000000000E+00, -7.45163826789513E+00,  2.30500000000000E+01,  2.13847459553697E+03,  7.01579233622034E+03
 1.89075000000000E+03,  7.84012548433367E-01,  7.75000000000000E-01, -7.45227220687699E+00,  2.32300000000000E+01,  2.80800990355073E+03,  8.13581736806984E+03
 1.89083333300000E+03,  8.19305433593182E-01,  0.00000000000000E+00, -7.45290605448633E+00,  2.34100000000000E+01,  4.45858609477894E+03,  8.12844460978872E+03
 1.89091666700000E+03,  8.52159736102219E-01, -2.50000000000000E-02, -7.45353981070284E+00,  2.35900000000000E+01,  7.00318188349110E+03,  8.67735642490139E+03
 1.89100000000000E+03,  8.78538464589100E-01,  3.75000000000000E-01, -7.45417347550620E+00,  2.37700000000000E+01,  7.91670193347708E+03,  5.00387331720483E+03
 1.89108333300000E+03,  8.99157483403064E-01, -1.50000000000000E-01, -7.45480704887611E+00,  2.39500000000000E+01,  7.96831887369625E+03,  5.56981435992122E+03
 1.89116666700000E+03,  9.17313706645933E-01, -8.25000000000000E-01, -7.45544053079226E+00,  2.41300000000000E+01,  6.86886388639983E+03,  3.72919930946925E+03
 1.89125000000000E+03,  9.34799680190042E-01, -8.00000000000000E-01, -7.45607392123434E+00,  2.43100000000000E+01,  5.13867773877357E+03,  6.87709657403360E+03
 1.89133333300000E+03,  9.50193473407459E-01, -7.50000000000000E-01, -7.45670722018204E+00,  2.44900000000000E+01,  5.14230830722822E+03,  7.53501221132570E+03
 1.89141666700000E+03,  9.61204314962567E-01, -8.25000000000000E-01, -7.45734042761509E+00,  2.46700000000000E+01,  3.76505784982436E+03,  8.40041622058004E+03
 1.89150000000000E+03,  9.68473542388054E-01, -1.12500000000000E+00, -7.45797354351317E+00,  2.48500000000000E+01,  5.94289377949345E+03,  8.21904962683732E+03
 1.89158333300000E+03,  7.59734478317868E-01, -1.55000000000000E+00, -7.45860656785601E+00,  2.50300000000000E+01,  7.00326188677905E+03,  1.21290942980345E+04
 1.89166666700000E+03,  3.38409596030625E-01, -1.45000000000000E+00,  3.15569505971065E+00,  2.52100000000000E+01,  9.15037729654918E+03,  1.12697057766231E+04
 1.89175000000000E+03,  1.37957460016366E-01, -1.07500000000000E+00,  3.15608427815870E+00,  2.53900000000000E+01,  7.97691710437269E+03,  9.13196814544400E+03
 1.89183333300000E+03,  1.56621477931422E-01, -1.22500000000000E+00,  3.15647341608479E+00,  2.55700000000000E+01,  8.95249556353260E+03,  1.10716238218579E+04
 1.89191666700000E+03,  1.73149442372512E-01, -1.25000000000000E+00,  3.15686247348329E+00,  2.57500000000000E+01,  6.61148674308123E+03,  1.03376654173050E+04
 1.89200000000000E+03,  1.83528314871663E-01, -9.00000000000000E-01,  3.15725145034856E+00,  2.59300000000000E+01,  6.85446942497505E+03,  5.61713857435926E+03
 1.89208333300000E+03,  1.88497369322595E-01, -2.75000000000000E-01,  3.15764034667497E+00,  2.61100000000000E+01,  5.44336291859509E+03,  4.64765773583765E+03
 1.89216666700000E+03,  1.91376353199442E-01,  5.50000000000000E-01,  3.15802916245687E+00,  2.62900000000000E+01,  4.85263961838856E+03,  5.21398756971753E+03
 1.89225000000000E+03,  1.93980037738694E-01,  2.50000000000000E-01,  3.15841789768864E+00,  2.64700000000000E+01,  3.60148316804946E+03,  4.29765376590718E+03
 1.89233333300000E+03,  1.94908078105785E-01, -1.50000000000000E-01,  3.15880655236465E+00,  2.66500000000000E+01,  6.00376100697680E+03,  5.05517274646709E+03
 1.89241666700000E+03,  1.91890619441233E-01,  2.00000000000000E-01,  3.15919512647926E+00,  2.68300000000000E+01,  5.69203170044453E+03,  5.08903278151773E+03
 1.89250000000000E+03,  1.85589217799279E-01,  4.00000000000000E-01,  3.15958362002685E+00,  2.70100000000000E+01,  5.10254621579232E+03,  5.11832275520140E+03
 1.89258333300000E+03,  2.39594616048914E-01,  6.25000000000000E-01,  3.15997203300180E+00,  2.71900000000000E+01,  5.68850104620679E+03,  5.11473347544834E+03
 1.89266666700000E+03,  3.58197982029911E-01,  9.75000000000000E-01,  6.16192078010811E+00,  2.73700000000000E+01,  6.31014231091412E+03,  4.75347059324022E+03
 1.89275000000000E+03,  4.23973245080149E-01,  1.17500000000000E+00,  6.16209570467335E+00,  2.75500000000000E+01,  3.96172553255168E+03,  5.08889344174564E+03
 1.89283333300000E+03,  4.34175602606786E-01,  8.00000000000000E-01,  6.16227053402288E+00,  2.77300000000000E+01,  4.41075200293708E+03,  5.34085271219507E+03
 1.89291666700000E+03,  4.42474545083657E-01,  3.25000000000000E-01,  6.16244526815318E+00,  2.79100000000000E+01,  4.47810147412374E+03,  4.34837998499022E+03
 1.89300000000000E+03,  4.44865051991037E-01,  5.50000000000000E-01,  6.16261990706074E+00,  2.80900000000000E+01,  3.27613357653549E+03,  3.72895867695803E+03
 1.89308333300000E+03,  4.42094175274017E-01,  4.50000000000000E-01,  6.16279445074207E+00,  2.82700000000000E+01,  3.95662460866538E+03,  2.32002787416307E+03
 1.89316666700000E+03,  4.37489189677129E-01, -1.00000000000000E-01,  6.16296889919366E+00,  2.84500000000000E+01,  5.65385793708864E+03,  1.50365465399000E+03
 1.89325000000000E+03,  4.32872132297978E-01,  2.50000000000000E-02,  6.16314325241200E+00,  2.86300000000000E+01,  6.25032112908635E+03,  1.37512569306942E+03
 1.89333333300000E+03,  4.26849651647287E-01,  3.50000000000000E-01,  6.16331751039359E+00,  2.88100000000000E+01,  7.38524670465665E+03,  3.74407930570536E+03
 1.89341666700000E+03,  4.17158603624351E-01,  6.00000000000000E-01,  6.16349167313494E+00,  2.89900000000000E+01,  8.06137266897282E+03,  4.57178508697019E+03
 1.89350000000000E+03,  4.04466962686238E-01,  6.25000000000000E-01,  6.16366574063256E+00,  2.91700000000000E+01,  8.23570548602520E+03,  4.49805002342543E+03
 1.89358333300000E+03,  6.76334584232503E-01,  3.25000000000000E-01,  6.16383971288294E+00,  2.93500000000000E+01,  6.50376069721474E+03,  4.96213370726291E+03
 1.89366666700000E+03,  1.23890489435310E+00,  4.75000000000000E-01, -6.86299626057099E+00,  2.95300000000000E+01,  6.36363073504071E+03,  5.26433573193208E+03
 1.89375000000000E+03,  1.52862151727400E+00,  7.25000000000000E-01, -6.86303438093891E+00,  2.97100000000000E+01,  6.55533658657135E+03,  5.73818041305270E+03
 1.89383333300000E+03,  1.54078444982937E+00,  2.50000000000000E-01, -6.86307239653240E+00,  2.98900000000000E+01,  7.46700330991100E+03,  6.95030614063652E+03
 1.89391666700000E+03,  1.55112416431905E+00,  4.25000000000000E-01, -6.86311030735089E+00,  3.00700000000000E+01,  6.96739156643634E+03,  6.86206086810738E+03
 1.89400000000000E+03,  1.55563481472291E+00,  1.37500000000000E+00, -6.86314811339384E+00,  3.02500000000000E+01,  8.77250167859482E+03,  6.63267236367864E+03
 1.89408333300000E+03,  1.55506258947752E+00,  1.07500000000000E+00, -6.86318581466071E+00,  3.04300000000000E+01,  7.01806858159484E+03,  6.41887749964173E+03
 1.89416666700000E+03,  1.55273386255936E+00,  3.50000000000000E-01, -6.86322341115092E+00,  3.06100000000000E+01,  5.56854039342299E+03,  5.29538908742405E+03
 1.89425000000000E+03,  1.55046973380402E+00,  5.00000000000000E-02, -6.86326090286395E+00,  3.07900000000000E+01,  4.10525878109844E+03,  3.39352166684201E+03
 1.89433333300000E+03,  1.54687587799916E+00, -2.50000000000000E-01, -6.86329828979924E+00,  3.09700000000000E+01,  3.96592827903344E+03,  3.55114059691903E+03
 1.89441666700000E+03,  1.53968814165866E+00, -4.00000000000000E-01, -6.86333557195626E+00,  3.11500000000000E+01,  2.20863114876215E+03,  3.95687688496997E+03
 1.89450000000000E+03,  1.52957345500643E+00, -2.50000000000000E-01, -6.86337274933446E+00,  3.13300000000000E+01,  2.04423509794054E+03,  6.08185555066658E+03
 1.89458333300000E+03,  1.18572885453571E+00,  1.25000000000000E-01, -6.86340982193330E+00,  3.15100000000000E+01,  2.54065065546570E+03,  4.65795715340387E+03
 1.89466666700000E+03,  5.06922538067108E-01,  1.25000000000000E-01, -9.31991143155637E+00,  3.16900000000000E+01,  5.89284788639141E+03,  5.25415511222636E+03
 1.89475000000000E+03,  1.58883424275502E-01, -7.50000000000000E-02, -9.31868452358274E+00,  3.18700000000000E+01,  5.54364854627416E+03,  6.12531094691007E+03
 1.89483333300000E+03,  1.44208518517529E-01, -2.25000000000000E-01, -9.31745768550059E+00,  3.20500000000000E+01,  5.95081578891317E+03,  6.87182325608156E+03
 1.89491666700000E+03,  1.27726499296529E-01, -1.25000000000000E-01, -9.31623091737541E+00,  3.22300000000000E+01,  6.29700281383766E+03,  6.14161489356866E+03
 1.89500000000000E+03,  1.05630521794282E-01,  1.50000000000000E-01, -9.31500421927273E+00,  3.24100000000000E+01,  6.18316183708374E+03,  9.24985779055275E+03
 1.89508333300000E+03,  7.88655337219512E-02, -1.50000000000000E-01, -9.31377759125801E+00,  3.25900000000000E+01,  2.52894043825825E+03,  9.13425805021955E+03
 1.89516666700000E+03,  5.09554017780416E-02, -5.00000000000000E-01, -9.31255103339678E+00,  3.27700000000000E+01,  1.92088363186469E+03,  1.03725496030736E+04
 1.89525000000000E+03,  2.39164394961897E-02, -6.00000000000000E-01, -9.31132454575454E+00,  3.29500000000000E+01,  2.32949572812677E+03,  1.16593994251675E+04
 1.89533333300000E+03, -3.45373963576016E-03, -6.75000000000000E-01, -9.31009812839675E+00,  3.31300000000000E+01,  2.17566774615488E+03,  1.22195418013384E+04
 1.89541666700000E+03, -3.32315984158128E-02, -3.50000000000000E-01, -9.30887178138890E+00,  3.33100000000000E+01,  1.68959164707671E+03,  9.32285620671395E+03
 1.89550000000000E+03, -6.45677099396077E-02,  1.25000000000000E-01, -9.30764550479646E+00,  3.34900000000000E+01,  1.77458797366879E+03,  1.13233805950464E+04
 1.89558333300000E+03,  3.69985237334244E-03,  3.25000000000000E-01, -9.30641929868493E+00,  3.36700000000000E+01,  4.03933193327958E+03,  1.11688592210600E+04
 1.89566666700000E+03,  1.85225394675026E-01,  2.25000000000000E-01, -1.07979573939919E+01,  3.38500000000000E+01,  4.00660585904202E+03,  9.87414446492383E+03
 1.89575000000000E+03,  2.96121908437914E-01, -4.50000000000000E-01, -1.07989325883133E+01,  3.40300000000000E+01,  4.23836751661505E+03,  8.51246804809024E+03
 1.89583333300000E+03,  3.22499185234215E-01, -1.12500000000000E+00, -1.07999076990983E+01,  3.42100000000000E+01,  4.37558496633779E+03,  7.65212904406160E+03
 1.89591666700000E+03,  3.45220962757623E-01, -7.50000000000000E-01, -1.08008827262932E+01,  3.43900000000000E+01,  4.25752783694737E+03,  5.22743277457600E+03
 1.89600000000000E+03,  3.60274247507687E-01,  2.50000000000000E-02, -1.08018576698437E+01,  3.45700000000000E+01,  2.35264250769886E+03,  3.26366565408723E+03
 1.89608333300000E+03,  3.68404830540824E-01,  2.75000000000000E-01, -1.08028325296960E+01,  3.47500000000000E+01,  2.13063746745570E+03,  3.45097921691726E+03
 1.89616666700000E+03,  3.72945332355731E-01,  2.25000000000000E-01, -1.08038073057961E+01,  3.49300000000000E+01,  1.78836929195863E+03,  2.49561375045498E+03
 1.89625000000000E+03,  3.75729617694614E-01, -4.25000000000000E-01, -1.08047819980901E+01,  3.51100000000000E+01,  3.10806408639408E+03,  4.50390351986217E+03
 1.89633333300000E+03,  3.75382499240648E-01, -1.35000000000000E+00, -1.08057566065239E+01,  3.52900000000000E+01,  3.00128241483507E+03,  4.37497004763775E+03
 1.89641666700000E+03,  3.69665173096644E-01, -1.12500000000000E+00, -1.08067311310437E+01,  3.54700000000000E+01,  2.73832952960308E+03,  4.24927794734750E+03
 1.89650000000000E+03,  3.59275953087208E-01, -8.50000000000000E-01, -1.08077055715954E+01,  3.56500000000000E+01,  3.60680633509314E+03,  2.37808653553619E+03
 1.89658333300000E+03,  2.05716726992302E-01, -1.40000000000000E+00, -1.08086799281252E+01,  3.58300000000000E+01,  3.24705657549745E+03,  2.99910710342953E+03
 1.89666666700000E+03, -9.00645444368018E-02, -1.80000000000000E+00, -5.28449989693099E+00,  3.60100000000000E+01,  1.90987085739659E+03,  1.58820601482067E+03
 1.89675000000000E+03, -2.44412232081846E-01, -1.80000000000000E+00, -5.28530211734039E+00,  3.61900000000000E+01,  1.96739304129827E+03,  1.86199341297386E+03
 1.89683333300000E+03, -2.56319560283787E-01, -1.77500000000000E+00, -5.28610431841704E+00,  3.63700000000000E+01,  1.93286472467040E+03,  2.74571913112348E+03
 1.89691666700000E+03, -2.70673657569250E-01, -1.87500000000000E+00, -5.28690650013335E+00,  3.65500000000000E+01,  6.65851294878078E+02,  3.34194166511761E+03
 1.89700000000000E+03, -2.91461967150405E-01, -1.42500000000000E+00, -5.28770866246171E+00,  3.67300000000000E+01,  1.25988127614017E+03,  6.79602385300537E+03
 1.89708333300000E+03, -3.17916995590756E-01, -1.12500000000000E+00, -5.28851080537453E+00,  3.69100000000000E+01,  3.22869882058811E+03,  9.05438095180298E+03
 1.89716666700000E+03, -3.46688156121967E-01, -1.45000000000000E+00, -5.28931292884421E+00,  3.70900000000000E+01,  3.28260688917138E+03,  9.23548042822523E+03
 1.89725000000000E+03, -3.75927232221041E-01, -1.47500000000000E+00, -5.29011503284316E+00,  3.72700000000000E+01,  3.24506523886936E+03,  8.62064100605641E+03
 1.89733333300000E+03, -4.06998544232292E-01, -1.07500000000000E+00, -5.29091711734377E+00,  3.74500000000000E+01,  3.13073825553698E+03,  8.34145489469593E+03
 1.89741666700000E+03, -4.42133375673338E-01, -5.75000000000000E-01, -5.29171918231847E+00,  3.76300000000000E+01,  3.52195399086800E+03,  4.40848471537486E+03
 1.89750000000000E+03, -4.80629093958940E-01, -3.25000000000000E-01, -5.29252122773966E+00,  3.78100000000000E+01,  2.90444591308883E+03,  3.15077843031107E+03
 1.89758333300000E+03, -3.06511207378876E-01, -7.50000000000000E-02, -5.29332325357974E+00,  3.79900000000000E+01,  3.01958885801958E+03,  2.83873598698736E+03
 1.89766666700000E+03,  9.15197747498397E-02,  1.50000000000000E-01, -5.75026950922357E-01,  3.81700000000000E+01,  4.39573509448851E+03,  2.35952868126838E+03
 1.89775000000000E+03,  2.98352127957746E-01,  2.50000000000000E-02, -5.74909605883551E-01,  3.83500000000000E+01,  4.40794228453932E+03,  2.58017256863573E+03
 1.89783333300000E+03,  3.04286444802557E-01,  2.50000000000000E-01, -5.74792430417524E-01,  3.85300000000000E+01,  3.59760499658074E+03,  2.72864468272853E+03
 1.89791666700000E+03,  3.08373450226195E-01,  7.00000000000000E-01, -5.74675424524253E-01,  3.87100000000000E+01,  3.28107854100664E+03,  1.29788971265059E+03
 1.89800000000000E+03,  3.06617153505947E-01,  8.25000000000000E-01, -5.74558588203705E-01,  3.88900000000000E+01,  3.27000885714752E+03,  1.65479889868190E+03
 1.89808333300000E+03,  2.99773876139920E-01,  1.75000000000000E+00, -5.74441921455840E-01,  3.90700000000000E+01,  2.08189587631027E+03,  1.76296880224462E+03
 1.89816666700000E+03,  2.91180391440697E-01,  2.37500000000000E+00, -5.74325424280615E-01,  3.92500000000000E+01,  2.29021364079263E+03,  1.74648933923330E+03
 1.89825000000000E+03,  2.82668452481237E-01,  1.07500000000000E+00, -5.74209096677981E-01,  3.94299999999999E+01,  2.42077039737465E+03,  2.48390575687967E+03
 1.89833333300000E+03,  2.72854624949488E-01,  5.00000000000000E-02, -5.74092938647879E-01,  3.96099999999999E+01,  1.76087171423744E+03,  2.76079129763686E+03
 1.89841666700000E+03,  2.59485869833458E-01,  1.25000000000000E-01, -5.73976950190249E-01,  3.97899999999999E+01,  1.55942931851061E+03,  2.24719422666079E+03
 1.89850000000000E+03,  2.43240440489104E-01,  2.25000000000000E-01, -5.73861131305021E-01,  3.99699999999999E+01,  6.34287419089236E+03,  3.25732813135145E+03
 1.89858333300000E+03,  1.92648614602549E-01,  5.75000000000000E-01, -5.73745481992121E-01,  4.01499999999999E+01,  6.07493930726474E+03,  2.84576924081552E+03
 1.89866666700000E+03,  1.04680424177785E-01,  1.05000000000000E+00, -1.15917739357635E+01,  4.03299999999999E+01,  5.78900893380430E+03,  2.29807650692046E+03
 1.89875000000000E+03,  4.49832421234100E-02,  1.37500000000000E+00, -1.15926592482642E+01,  4.05099999999999E+01,  5.92832792334303E+03,  2.22234771433653E+03
 1.89883333300000E+03,  1.86563816774827E-02,  1.50000000000000E+00, -1.15935444337242E+01,  4.06899999999999E+01,  6.64530223526133E+03,  2.54141908308277E+03
 1.89891666700000E+03, -8.08722553732575E-03,  1.15000000000000E+00, -1.15944294920956E+01,  4.08699999999999E+01,  2.36327754830146E+03,  1.65740297954009E+03
 1.89900000000000E+03, -3.92044520717770E-02,  4.75000000000000E-01, -1.15953144233302E+01,  4.10499999999999E+01,  2.41083542784776E+03,  1.93628002563194E+03
 1.89908333300000E+03, -7.39043287405420E-02,  3.00000000000000E-01, -1.15961992273802E+01,  4.12299999999999E+01,  4.47488996350443E+03,  3.48661663058864E+03
 1.89916666700000E+03, -1.08819944594318E-01,  7.25000000000000E-01, -1.15970839041974E+01,  4.14099999999999E+01,  5.64568578504830E+03,  5.13382091046424E+03
 1.89925000000000E+03, -1.42093946272888E-01,  5.00000000000000E-01, -1.15979684537340E+01,  4.15899999999999E+01,  5.24951237672529E+03,  5.03335613847856E+03
 1.89933333300000E+03, -1.75088720959295E-01, -1.50000000000000E-01, -1.15988528759419E+01,  4.17699999999999E+01,  8.04618223118873E+03,  5.80520758028517E+03
 1.89941666700000E+03, -2.10040816573956E-01, -4.00000000000000E-01, -1.15997371707732E+01,  4.19499999999999E+01,  1.24963906224979E+04,  6.11516672122640E+03
 1.89950000000000E+03, -2.46260035499407E-01, -2.75000000000000E-01, -1.16006213381798E+01,  4.21299999999999E+01,  1.07300607589067E+04,  4.88329339425754E+03
 1.89958333300000E+03, -5.89406037537191E-01, -1.25000000000000E-01, -1.16015053781138E+01,  4.23099999999999E+01,  9.19030436913557E+03,  4.18407125683403E+03
 1.89966666700000E+03, -1.23633206688716E+00, -4.75000000000000E-01, -9.62103499535563E+00,  4.24899999999999E+01,  1.00124840454985E+04,  5.29995818774150E+03
 1.89975000000000E+03, -1.56705948647710E+00, -9.00000000000000E-01, -9.62177794142558E+00,  4.26699999999999E+01,  6.65437159644056E+03,  5.53301814222028E+03
 1.89983333300000E+03, -1.58314505163264E+00, -9.75000000000000E-01, -9.62252077339716E+00,  4.28499999999999E+01,  2.10912511301399E+03,  5.86175056481031E+03
 1.89991666700000E+03, -1.59900648195137E+00, -1.07500000000000E+00, -9.62326349123895E+00,  4.30299999999999E+01,  3.63257381327217E+03,  5.18589142035560E+03
 1.90000000000000E+03, -1.61863000634333E+00, -1.30000000000000E+00, -9.62400609491951E+00,  4.32099999999999E+01,  4.58936971556325E+03,  4.15696783360342E+03
 1.90008333300000E+03, -1.64125342776567E+00, -1.57500000000000E+00, -9.62474858440744E+00,  4.33899999999999E+01,  4.38626579998012E+03,  3.69873919361099E+03
 1.90016666700000E+03, -1.66353796676716E+00, -1.70000000000000E+00, -9.62549095967131E+00,  4.35699999999999E+01,  4.26956003154772E+03,  2.62956066848553E+03
 1.90025000000000E+03, -1.68365370868541E+00, -1.20000000000000E+00, -9.62623322067971E+00,  4.37499999999999E+01,  6.10400345926802E+03,  2.66433041508184E+03
 1.90033333300000E+03, -1.70298973953230E+00, -3.25000000000000E-01, -9.62697536740125E+00,  4.39299999999999E+01,  4.87975852321356E+03,  2.80742820936844E+03
 1.90041666700000E+03, -1.72380852275899E+00,  4.25000000000000E-01, -9.62771739980452E+00,  4.41099999999999E+01,  4.07235748403430E+03,  2.80113145422623E+03
 1.90050000000000E+03, -1.74544495397531E+00,  1.05000000000000E+00, -9.62845931785816E+00,  4.42899999999999E+01,  4.66244889926917E+03,  2.30566771312892E+03
 1.90058333300000E+03, -1.72022601167322E+00,  1.25000000000000E+00, -9.62920112153074E+00,  4.44699999999999E+01,  5.26734273063076E+03,  2.66367003425143E+03
 1.90066666700000E+03, -1.64188503089987E+00,  7.50000000000000E-01, -8.78386602474827E+00,  4.46499999999999E+01,  3.54997183058121E+03,  1.89310425204977E+03
 1.90075000000000E+03, -1.59443925890331E+00,  1.50000000000000E-01, -8.78418634211102E+00,  4.48299999999999E+01,  3.05967581007350E+03,  2.65029166790775E+03
 1.90083333300000E+03, -1.58341666007157E+00, -4.00000000000000E-01, -8.78450652659050E+00,  4.50099999999999E+01,  5.78257428463423E+03,  4.72401596371141E+03
 1.90091666700000E+03, -1.57344636854237E+00, -7.50000000000000E-01, -8.78482657817711E+00,  4.51899999999999E+01,  4.89084988117720E+03,  5.65688120930148E+03
 1.90100000000000E+03, -1.56853515388174E+00, -4.50000000000000E-01, -8.78514649686120E+00,  4.53699999999999E+01,  5.78440325495908E+03,  5.28711580804519E+03
 1.90108333300000E+03, -1.56793851411806E+00,  0.00000000000000E+00, -8.78546628263317E+00,  4.55499999999999E+01,  5.65046999912447E+03,  5.54759876745844E+03
 1.90116666700000E+03, -1.56833251661698E+00,  1.25000000000000E-01, -8.78578593548341E+00,  4.57299999999999E+01,  5.86498953491185E+03,  5.86823177396562E+03
 1.90125000000000E+03, -1.56789924860079E+00, -7.50000000000000E-02, -8.78610545540229E+00,  4.59099999999999E+01,  3.76281187871368E+03,  4.75151162646529E+03
 1.90133333300000E+03, -1.56803696304131E+00, -1.25000000000000E-01, -8.78642484238023E+00,  4.60899999999999E+01,  3.89126642782115E+03,  3.47606798771365E+03
 1.90141666700000E+03, -1.57101447055050E+00,  5.00000000000000E-02, -8.78674409640761E+00,  4.62699999999999E+01,  3.49813502037537E+03,  5.93950109837133E+03
 1.90150000000000E+03, -1.57617021501031E+00, -6.93889390390723E-18, -8.78706321747484E+00,  4.64499999999999E+01,  3.72315372781277E+03,  5.37269682051398E+03
 1.90158333300000E+03, -1.30210054423088E+00, -2.75000000000000E-01, -8.78738220557234E+00,  4.66299999999999E+01,  4.11262067250053E+03,  4.28471262836720E+03
 1.90166666700000E+03, -7.43836008546765E-01, -3.75000000000000E-01, -1.12788109149501E+01,  4.68099999999999E+01,  4.53042266399356E+03,  3.66560363886096E+03
 1.90175000000000E+03, -4.53966307251340E-01, -3.50000000000000E-01, -1.12790550384047E+01,  4.69899999999999E+01,  5.22545513071644E+03,  6.78955165592512E+03
 1.90183333300000E+03, -4.36346078511612E-01, -5.25000000000000E-01, -1.12792989795585E+01,  4.71699999999999E+01,  4.61236272381503E+03,  5.38020207221827E+03
 1.90191666700000E+03, -4.20388299327127E-01, -2.75000000000000E-01, -1.12795427384018E+01,  4.73499999999999E+01,  5.90363764938735E+03,  7.80148704686700E+03
 1.90200000000000E+03, -4.10100769950198E-01, -1.75000000000000E-01, -1.12797863149249E+01,  4.75299999999999E+01,  5.67731973152866E+03,  8.05084009551604E+03
 1.90208333300000E+03, -4.04739292554384E-01, -6.50000000000000E-01, -1.12800297091180E+01,  4.77099999999999E+01,  5.48012322268589E+03,  9.77735599421878E+03
 1.90216666700000E+03, -4.00979517522882E-01, -6.75000000000000E-01, -1.12802729209715E+01,  4.78899999999999E+01,  4.65550627027509E+03,  7.72821622002979E+03
 1.90225000000000E+03, -3.97002400493861E-01, -8.25000000000000E-01, -1.12805159504756E+01,  4.80699999999999E+01,  4.57453992725317E+03,  6.61406579406028E+03
 1.90233333300000E+03, -3.94204356620520E-01, -1.12500000000000E+00, -1.12807587976207E+01,  4.82499999999999E+01,  4.38479523405609E+03,  5.12802737201490E+03
 1.90241666700000E+03, -3.94851661148039E-01, -9.25000000000000E-01, -1.12810014623971E+01,  4.84299999999999E+01,  4.68810954385070E+03,  6.37044465512705E+03
 1.90250000000000E+03, -3.98279534774260E-01, -7.00000000000000E-01, -1.12812439447951E+01,  4.86099999999999E+01,  4.41651643515373E+03,  4.94684741154417E+03
 1.90258333300000E+03, -4.62925568360970E-01, -7.75000000000000E-01, -1.12814862448051E+01,  4.87899999999999E+01,  3.90739986003691E+03,  4.63008622974402E+03
 1.90266666700000E+03, -5.80863563150011E-01, -1.17500000000000E+00, -3.67462026837406E+00,  4.89699999999999E+01,  3.71568287958056E+03,  5.11476375870886E+03
 1.90275000000000E+03, -6.21699709635450E-01, -1.60000000000000E+00, -3.67402349295991E+00,  4.91499999999999E+01,  2.87516516459062E+03,  6.07070379822142E+03
 1.90283333300000E+03, -5.91569219045465E-01, -1.70000000000000E+00, -3.67342691138121E+00,  4.93299999999999E+01,  2.71302047184175E+03,  6.06394601145332E+03
 1.90291666700000E+03, -5.62358126562685E-01, -1.60000000000000E+00, -3.67283052365999E+00,  4.95099999999999E+01,  2.38397602300031E+03,  5.49926498186625E+03
 1.90300000000000E+03, -5.38092162191202E-01, -1.70000000000000E+00, -3.67223432981829E+00,  4.96899999999999E+01,  3.42535357017241E+03,  7.00752170467481E+03
 1.90308333300000E+03, -5.18045903614287E-01, -9.25000000000000E-01, -3.67163832987812E+00,  4.98699999999999E+01,  3.36018858158278E+03,  8.26051532780284E+03
 1.90316666700000E+03, -4.98914598895101E-01,  6.25000000000000E-01, -3.67104252386153E+00,  5.00499999999999E+01,  3.48549194344679E+03,  7.59796351366921E+03
 1.90325000000000E+03, -4.78899599034041E-01,  8.25000000000000E-01, -3.67044691179048E+00,  5.02299999999999E+01,  3.28922078719334E+03,  6.45949898899282E+03
 1.90333333300000E+03, -4.59418487620428E-01,  1.75000000000000E-01, -3.66985149368699E+00,  5.04099999999999E+01,  2.91833700021105E+03,  6.32467576898274E+03
 1.90341666700000E+03, -4.42759455212266E-01,  2.75000000000000E-01, -3.66925626957305E+00,  5.05899999999999E+01,  2.01297994415037E+03,  4.68800950958778E+03
 1.90350000000000E+03, -4.28280357692581E-01,  7.25000000000000E-01, -3.66866123947063E+00,  5.07699999999999E+01,  1.94945491601896E+03,  3.31323327193574E+03
 1.90358333300000E+03, -4.25885789596645E-01,  6.75000000000000E-01, -3.66806640340170E+00,  5.09499999999999E+01,  1.27664421854271E+03,  3.03268860440559E+03
 1.90366666700000E+03, -4.39460119306207E-01,  6.25000000000000E-01, -4.99760874908842E+00,  5.11299999999999E+01,  1.63150829904508E+03,  3.06268110914730E+03
 1.90375000000000E+03, -4.48026804925270E-01,  6.75000000000000E-01, -4.99842154087460E+00,  5.13099999999999E+01,  1.38896765348624E+03,  5.11793539597922E+03
 1.90383333300000E+03, -4.46925299597061E-01,  8.50000000000000E-01, -4.99923442810270E+00,  5.14899999999999E+01,  2.09700526410691E+03,  5.51223046990224E+03
 1.90391666700000E+03, -4.48153384082275E-01,  1.07500000000000E+00, -5.00004741073296E+00,  5.16699999999999E+01,  3.10283437209118E+03,  5.96835104861805E+03
 1.90400000000000E+03, -4.55674859189063E-01,  9.25000000000000E-01, -5.00086048872565E+00,  5.18499999999999E+01,  3.67182269968456E+03,  5.25261224258451E+03
 1.90408333300000E+03, -4.68699727626250E-01,  8.75000000000000E-01, -5.00167366204099E+00,  5.20299999999999E+01,  3.17839832546305E+03,  5.56726339214908E+03
 1.90416666700000E+03, -4.83856152271617E-01,  1.15000000000000E+00, -5.00248693063923E+00,  5.22099999999999E+01,  3.45700538750913E+03,  3.91675665132983E+03
 1.90425000000000E+03, -4.99276029092582E-01,  1.27500000000000E+00, -5.00330029448059E+00,  5.23899999999999E+01,  2.98453720998489E+03,  3.85016351858003E+03
 1.90433333300000E+03, -5.16305262398465E-01,  5.00000000000000E-01, -5.00411375352532E+00,  5.25699999999999E+01,  2.75907172165474E+03,  2.94153863969105E+03
 1.90441666700000E+03, -5.37158288244228E-01, -3.50000000000000E-01, -5.00492730773363E+00,  5.27499999999999E+01,  2.55562872864312E+03,  4.23778275268947E+03
 1.90450000000000E+03, -5.61117285660101E-01, -3.50000000000000E-01, -5.00574095706576E+00,  5.29299999999999E+01,  2.54256244160524E+03,  3.30417907912847E+03
 1.90458333300000E+03, -6.91567960858548E-02, -1.50000000000000E-01, -5.00655470148193E+00,  5.31099999999999E+01,  2.75563219100484E+03,  3.34099746956356E+03
 1.90466666700000E+03,  9.48882906144583E-01,  1.50000000000000E-01, -4.87367236210133E+00,  5.32899999999999E+01,  2.35815719933236E+03,  3.00965659988380E+03
 1.90475000000000E+03,  1.47000627017280E+00,  1.00000000000000E-01, -4.87446999232902E+00,  5.34699999999999E+01,  3.89359798650138E+03,  3.64904509591324E+03
 1.90483333300000E+03,  1.48433633046093E+00, -6.00000000000000E-01, -4.87526772407741E+00,  5.36499999999999E+01,  4.21159298888392E+03,  4.31572171767514E+03
 1.90491666700000E+03,  1.49444552369361E+00, -1.05000000000000E+00, -4.87606555730730E+00,  5.38299999999999E+01,  4.13721273430725E+03,  4.81891927282010E+03
 1.90500000000000E+03,  1.49633800700279E+00, -1.20000000000000E+00, -4.87686349197941E+00,  5.40099999999999E+01,  3.61313641249525E+03,  5.45856936035353E+03
 1.90508333300000E+03,  1.49077450143940E+00, -1.67500000000000E+00, -4.87766152805455E+00,  5.41899999999999E+01,  3.60560486231696E+03,  5.23926677608537E+03
 1.90516666700000E+03,  1.48110040425439E+00, -2.02500000000000E+00, -4.87845966549342E+00,  5.43699999999999E+01,  1.10855510127222E+03,  4.69964922063089E+03
 1.90525000000000E+03,  1.46916028144481E+00, -1.25000000000000E+00, -4.87925790425680E+00,  5.45499999999999E+01,  6.37241450606630E+02,  4.47706324840996E+03
 1.90533333300000E+03,  1.45358765197168E+00, -2.75000000000000E-01, -4.88005624430544E+00,  5.47299999999999E+01,  1.08295820137750E+03,  5.94213081360120E+03
 1.90541666700000E+03,  1.43215051917532E+00, -2.25000000000000E-01, -4.88085468560009E+00,  5.49099999999999E+01,  1.96278635886694E+03,  7.18241524845340E+03
 1.90550000000000E+03,  1.40555220882178E+00, -5.00000000000000E-01, -4.88165322810148E+00,  5.50899999999999E+01,  3.31274904312349E+03,  7.45425172518805E+03
 1.90558333300000E+03,  1.39784303821440E+00, -4.00000000000000E-01, -4.88245187177034E+00,  5.52699999999999E+01,  4.69523939459264E+03,  9.83436630404483E+03
 1.90566666700000E+03,  1.42392631004180E+00,  5.00000000000000E-02, -1.59155761090941E+01,  5.54499999999999E+01,  6.66696324094602E+03,  9.72017489604669E+03
 1.90575000000000E+03,  1.45643258862936E+00, -2.25000000000000E-01, -1.59153409349715E+01,  5.56299999999999E+01,  5.96181710637579E+03,  7.83313576497177E+03
 1.90583333300000E+03,  1.48263218602330E+00, -1.22500000000000E+00, -1.59151054683034E+01,  5.58099999999999E+01,  5.12795255967760E+03,  5.47385019866997E+03
 1.90591666700000E+03,  1.50632526394022E+00, -1.27500000000000E+00, -1.59148697091026E+01,  5.59899999999999E+01,  3.90121806871512E+03,  4.75877736602645E+03
 1.90600000000000E+03,  1.52350289868312E+00, -6.00000000000000E-01, -1.59146336573819E+01,  5.61699999999999E+01,  2.69433260404242E+03,  2.33745708123334E+03
 1.90608333300000E+03,  1.53490930709957E+00, -5.00000000000000E-01, -1.59143973131540E+01,  5.63499999999999E+01,  6.92730446508595E+02,  1.26437053204640E+03
 1.90616666700000E+03,  1.54386999871055E+00, -6.25000000000000E-01, -1.59141606764318E+01,  5.65299999999999E+01,  6.41815860174170E+03,  2.37740017572352E+03
 1.90625000000000E+03,  1.55220631490109E+00, -3.75000000000000E-01, -1.59139237472281E+01,  5.67099999999999E+01,  6.99760556689063E+03,  2.40740435905924E+03
 1.90633333300000E+03,  1.55852526572665E+00,  5.00000000000000E-02, -1.59136865255557E+01,  5.68899999999999E+01,  6.80261285614017E+03,  3.56986031253015E+03
 1.90641666700000E+03,  1.56056512124137E+00,  5.00000000000000E-01, -1.59134490114274E+01,  5.70699999999999E+01,  7.39856107795038E+03,  3.70148475761872E+03
 1.90650000000000E+03,  1.55899631590273E+00,  7.75000000000000E-01, -1.59132112048562E+01,  5.72499999999999E+01,  7.70785577367810E+03,  4.40220209237563E+03
 1.90658333300000E+03,  1.18557595332803E+00,  9.00000000000000E-01, -1.59129731058550E+01,  5.74299999999999E+01,  2.18154781907091E+03,  3.52133705810614E+03
 1.90666666700000E+03,  4.41890540082116E-01,  1.10000000000000E+00, -8.87410314573236E+00,  5.76099999999999E+01,  2.64470759417312E+03,  4.03980424805345E+03
 1.90675000000000E+03,  7.20850198645222E-02,  1.25000000000000E+00, -8.87513465480161E+00,  5.77899999999999E+01,  2.61635908530225E+03,  3.09041551159173E+03
 1.90683333300000E+03,  7.73347471350888E-02,  1.15000000000000E+00, -8.87616618952291E+00,  5.79699999999999E+01,  2.08360375779419E+03,  3.64718185046128E+03
 1.90691666700000E+03,  8.28291617135078E-02,  9.00000000000000E-01, -8.87719774983614E+00,  5.81499999999999E+01,  1.65912495679436E+03,  2.31418040851675E+03
 1.90700000000000E+03,  8.46335884010340E-02,  8.50000000000000E-01, -8.87822933568128E+00,  5.83299999999999E+01,  2.10544998129229E+03,  2.05088403518496E+03
 1.90708333300000E+03,  8.35571622819587E-02,  5.25000000000000E-01, -8.87926094699824E+00,  5.85099999999999E+01,  4.24541634339059E+03,  2.56339823611272E+03
 1.90716666700000E+03,  8.29807358028677E-02, -2.50000000000000E-02, -8.88029258372700E+00,  5.86899999999999E+01,  5.91843758216965E+03,  2.73788230053470E+03
 1.90725000000000E+03,  8.47712057585562E-02, -2.00000000000000E-01, -8.88132424580746E+00,  5.88699999999999E+01,  7.22357136096904E+03,  3.74098172748814E+03
 1.90733333300000E+03,  8.75711707303842E-02,  7.50000000000000E-02, -8.88235593317957E+00,  5.90499999999999E+01,  7.36489015757972E+03,  3.68380886561255E+03
 1.90741666700000E+03,  8.91443780058612E-02,  5.75000000000000E-01, -8.88338764578325E+00,  5.92299999999999E+01,  7.68647092781241E+03,  3.63268412449177E+03
 1.90750000000000E+03,  9.01765182877056E-02,  6.25000000000000E-01, -8.88441938355848E+00,  5.94099999999999E+01,  4.66380040838090E+03,  2.69933070117197E+03
 1.90758333300000E+03, -1.25811776631105E-01,  2.50000000000000E-01, -8.88545114644520E+00,  5.95899999999999E+01,  3.05630694956639E+03,  2.33555645394317E+03
 1.90766666700000E+03, -5.56439877610745E-01,  2.50000000000000E-02, -3.16527201961149E+00,  5.97699999999999E+01,  1.75694502340779E+03,  2.07431062493198E+03
 1.90775000000000E+03, -7.61354845840395E-01,  7.50000000000000E-02, -3.16488537768112E+00,  5.99499999999999E+01,  2.17290933486921E+03,  2.06165559499783E+03
 1.90783333300000E+03, -7.42329968960066E-01,  4.25000000000000E-01, -3.16449894727156E+00,  6.01299999999999E+01,  1.59908263632160E+03,  2.74209268528050E+03
 1.90791666700000E+03, -7.24325156015514E-01,  3.00000000000000E-01, -3.16411272839489E+00,  6.03099999999999E+01,  2.91461329225073E+03,  3.97201389808786E+03
 1.90800000000000E+03, -7.11328942065362E-01, -1.25000000000000E-01, -3.16372672106318E+00,  6.04899999999999E+01,  2.84203976899809E+03,  5.09843324864453E+03
 1.90808333300000E+03, -7.02580207471245E-01,  3.25000000000000E-01, -3.16334092528852E+00,  6.06699999999999E+01,  2.91290253940444E+03,  4.86771117762419E+03
 1.90816666700000E+03, -6.94740091156535E-01,  9.00000000000000E-01, -3.16295534108295E+00,  6.08499999999999E+01,  2.29251003132173E+03,  5.97386100060813E+03
 1.90825000000000E+03, -6.85977506045956E-01,  8.75000000000000E-01, -3.16256996845854E+00,  6.10299999999999E+01,  2.36408402747955E+03,  6.59199628151245E+03
 1.90833333300000E+03, -6.77679347431183E-01,  2.75000000000000E-01, -3.16218480742732E+00,  6.12099999999999E+01,  1.39242105282002E+03,  5.93081919842934E+03
 1.90841666700000E+03, -6.72104934195271E-01, -1.75000000000000E-01, -3.16179985800131E+00,  6.13899999999999E+01,  2.22150761033677E+03,  6.02119833790520E+03
 1.90850000000000E+03, -6.68585125714450E-01,  1.00000000000000E-01, -3.16141512019255E+00,  6.15699999999999E+01,  4.08070081250821E+03,  5.41780970499959E+03
 1.90858333300000E+03, -3.93239061751131E-01,  4.00000000000000E-01, -3.16103059401304E+00,  6.17499999999999E+01,  4.07939575880292E+03,  5.46992579280025E+03
 1.90866666700000E+03,  1.59031112208940E-01,  4.25000000000000E-01, -9.07096357363871E+00,  6.19299999999999E+01,  3.73628015655280E+03,  5.48848680806123E+03
 1.90875000000000E+03,  4.50303258586597E-01,  4.50000000000000E-01, -9.06984209968206E+00,  6.21099999999999E+01,  3.63152322271685E+03,  4.60653250605509E+03
 1.90883333300000E+03,  4.75549923722632E-01,  4.25000000000000E-01, -9.06872059407710E+00,  6.22899999999999E+01,  3.67589478332904E+03,  3.42416881211341E+03
 1.90891666700000E+03,  4.97139746779219E-01,  4.00000000000000E-01, -9.06759905687296E+00,  6.24699999999999E+01,  1.50845075327466E+03,  2.82285322704431E+03
 1.90900000000000E+03,  5.11002581605411E-01,  1.75000000000000E-01, -9.06647748811867E+00,  6.26499999999999E+01,  1.70163320167467E+03,  1.85971551160188E+03
 1.90908333300000E+03,  5.17825820807089E-01,  2.25000000000000E-01, -9.06535588786337E+00,  6.28299999999999E+01,  1.89046032120497E+03,  5.71732711464002E+02
 1.90916666700000E+03,  5.20882903480900E-01,  7.50000000000000E-01, -9.06423425615612E+00,  6.30099999999999E+01,  2.12656350203851E+03,  1.27422640520595E+03
 1.90925000000000E+03,  5.21948196086225E-01,  6.25000000000000E-01, -9.06311259304607E+00,  6.31899999999999E+01,  1.50512817698045E+03,  1.26628124327289E+03
 1.90933333300000E+03,  5.19587152894603E-01,  5.50000000000000E-01, -9.06199089858226E+00,  6.33699999999999E+01,  2.64532248331608E+03,  1.42754169357253E+03
 1.90941666700000E+03,  5.11502215600206E-01,  8.75000000000000E-01, -9.06086917281382E+00,  6.35499999999999E+01,  2.51340007609197E+03,  1.35173902096299E+03
 1.90950000000000E+03,  4.98334006634677E-01,  9.75000000000000E-01, -9.05974741578983E+00,  6.37299999999999E+01,  2.85980052911829E+03,  3.73611306704476E+03
 1.90958333300000E+03,  5.95062487474179E-01,  9.50000000000000E-01, -9.05862562755939E+00,  6.39099999999999E+01,  3.63108837879263E+03,  4.10221148463331E+03
 1.90966666700000E+03,  8.13555166486725E-01,  9.25000000000000E-01, -1.42555350601002E+01,  6.40899999999999E+01,  3.86923211437516E+03,  4.71084558606947E+03
 1.90975000000000E+03,  9.40483119305435E-01,  9.00000000000000E-01, -1.42541910782597E+01,  6.42699999999999E+01,  2.79933887275555E+03,  4.64069834411001E+03
 1.90983333300000E+03,  9.64156731298497E-01,  6.75000000000000E-01, -1.42528473905479E+01,  6.44499999999999E+01,  3.47363831534939E+03,  5.15528405994326E+03
 1.90991666700000E+03,  9.81377098220568E-01,  8.25000000000000E-01, -1.42515039970857E+01,  6.46299999999999E+01,  4.32832536963379E+03,  3.53910761015672E+03
 1.91000000000000E+03,  9.88141646121440E-01,  1.47500000000000E+00, -1.42501608979938E+01,  6.48099999999999E+01,  3.62846496212575E+03,  3.00003526073491E+03
 1.91008333300000E+03,  9.85224001145699E-01,  1.57500000000000E+00, -1.42488180933931E+01,  6.49900000000000E+01,  3.46175300492920E+03,  2.55798564076420E+03
 1.91016666700000E+03,  9.76002033552521E-01,  1.27500000000000E+00, -1.42474755834042E+01,  6.51700000000000E+01,  3.65578292319898E+03,  3.87192693907490E+03
 1.91025000000000E+03,  9.62372155551744E-01,  9.75000000000000E-01, -1.42461333681480E+01,  6.53500000000000E+01,  3.37689370776585E+03,  4.45188309013357E+03
 1.91033333300000E+03,  9.43038781357082E-01,  7.50000000000000E-01, -1.42447914477451E+01,  6.55300000000000E+01,  1.85484457757847E+03,  4.20060007878215E+03
 1.91041666700000E+03,  9.15859414007402E-01,  1.05000000000000E+00, -1.42434498223162E+01,  6.57100000000000E+01,  1.18230988959886E+03,  4.61728073334406E+03
 1.91050000000000E+03,  8.81644916960279E-01,  1.27500000000000E+00, -1.42421084919820E+01,  6.58900000000000E+01,  9.52794245775578E+02,  4.57750785986449E+03
 1.91058333300000E+03,  3.93744731264359E-01,  1.22500000000000E+00, -1.42407674568630E+01,  6.60700000000000E+01,  1.43311159195377E+03,  3.32820427500026E+03
 1.91066666700000E+03, -5.32391740281371E-01,  1.00000000000000E+00, -1.81524442405110E+01,  6.62500000000000E+01,  1.46353426504811E+03,  2.42870423476377E+03
 1.91075000000000E+03, -9.81638648343196E-01,  8.50000000000000E-01, -1.81521262891106E+01,  6.64300000000000E+01,  1.80756782908081E+03,  1.98011284348234E+03
 1.91083333300000E+03, -9.66440064648085E-01,  1.27500000000000E+00, -1.81518079855481E+01,  6.66100000000000E+01,  1.92931033632080E+03,  1.14390585587588E+03
 1.91091666700000E+03, -9.53897193933213E-01,  1.35000000000000E+00, -1.81514893298443E+01,  6.67900000000000E+01,  2.36484841036539E+03,  2.19020291593797E+03
 1.91100000000000E+03, -9.48010147272309E-01,  1.02500000000000E+00, -1.81511703220201E+01,  6.69700000000000E+01,  1.68874143723823E+03,  1.99471587915121E+03
 1.91108333300000E+03, -9.48020796787171E-01,  7.50000000000000E-01, -1.81508509620962E+01,  6.71500000000000E+01,  1.66088735488930E+03,  1.67500808471026E+03
 1.91116666700000E+03, -9.50584679242355E-01,  5.25000000000000E-01, -1.81505312500936E+01,  6.73300000000000E+01,  1.32880567762276E+03,  3.12787288204525E+03
 1.91125000000000E+03, -9.53856546834472E-01,  3.50000000000000E-01, -1.81502111860331E+01,  6.75100000000000E+01,  3.00751773575394E+03,  5.90791831290771E+03
 1.91133333300000E+03, -9.59200657995973E-01, -4.00000000000000E-01, -1.81498907699357E+01,  6.76900000000001E+01,  3.17067486593233E+03,  4.67291337826084E+03
 1.91141666700000E+03, -9.68845343223074E-01, -9.50000000000000E-01, -1.81495700018222E+01,  6.78700000000001E+01,  4.96541489740257E+03,  8.04725778242112E+03
 1.91150000000000E+03, -9.82082290316268E-01, -6.50000000000000E-01, -1.81492488817138E+01,  6.80500000000001E+01,  4.77418471637861E+03,  1.04839868201616E+04
 1.91158333300000E+03, -8.61633696733962E-01, -3.25000000000000E-01, -1.81489274096313E+01,  6.82300000000001E+01,  4.98573115754335E+03,  9.59191014929968E+03
 1.91166666700000E+03, -6.02557716503342E-01, -4.75000000000000E-01, -6.29819969345374E+00,  6.84100000000001E+01,  3.28737646177610E+03,  8.11817017972811E+03
 1.91175000000000E+03, -4.68453640252513E-01, -9.25000000000000E-01, -6.29742225247662E+00,  6.85900000000001E+01,  3.18032672472599E+03,  9.27031934172543E+03
 1.91183333300000E+03, -4.61721620656083E-01, -9.50000000000000E-01, -6.29664503762014E+00,  6.87700000000001E+01,  1.66577465102818E+03,  7.77671390431778E+03
 1.91191666700000E+03, -4.55173803094924E-01, -8.25000000000000E-01, -6.29586804892205E+00,  6.89500000000001E+01,  1.92729995147025E+03,  5.87500619890110E+03
 1.91200000000000E+03, -4.52792197473421E-01, -1.35000000000000E+00, -6.29509128642010E+00,  6.91300000000001E+01,  2.30671721285842E+03,  5.42661901371807E+03
 1.91208333300000E+03, -4.53809631601270E-01, -1.55000000000000E+00, -6.29431475015204E+00,  6.93100000000001E+01,  2.83625659810864E+03,  5.01524516973937E+03
 1.91216666700000E+03, -4.54881651565663E-01, -1.25000000000000E+00, -6.29353844015556E+00,  6.94900000000001E+01,  2.52177583829112E+03,  4.45286250918502E+03
 1.91225000000000E+03, -4.54172027501601E-01, -1.42500000000000E+00, -6.29276235646843E+00,  6.96700000000001E+01,  3.88874382235090E+03,  4.64927100602221E+03
 1.91233333300000E+03, -4.53062958601034E-01, -1.10000000000000E+00, -6.29198649912828E+00,  6.98500000000001E+01,  5.36551739118582E+03,  4.44404590917778E+03
 1.91241666700000E+03, -4.53809511375237E-01,  2.50000000000000E-02, -6.29121086817283E+00,  7.00300000000001E+01,  5.90099964161009E+03,  4.82021983190047E+03
 1.91250000000000E+03, -4.55738737041801E-01,  5.00000000000000E-01, -6.29043546363975E+00,  7.02100000000002E+01,  5.23808625983235E+03,  5.35325373970156E+03
 1.91258333300000E+03, -2.89905520742387E-01,  3.25000000000000E-01, -6.28966028556667E+00,  7.03900000000002E+01,  5.51121606924126E+03,  5.90133299683486E+03
 1.91266666700000E+03,  4.29964888162878E-02,  2.50000000000000E-01, -7.99909839174452E+00,  7.05700000000002E+01,  4.29732342401180E+03,  6.91389834235824E+03
 1.91275000000000E+03,  2.09406810019345E-01,  7.50000000000000E-02, -7.99970368785721E+00,  7.07500000000002E+01,  3.74989679930283E+03,  7.01937405120870E+03
 1.91283333300000E+03,  2.10668196247889E-01, -4.00000000000000E-01, -8.00030925642746E+00,  7.09300000000002E+01,  3.28930074872379E+03,  7.15204407416168E+03
 1.91291666700000E+03,  2.10349276606211E-01, -6.50000000000000E-01, -8.00091509740406E+00,  7.11100000000002E+01,  4.76263866444769E+03,  6.14631802506885E+03
 1.91300000000000E+03,  2.04467915811380E-01, -3.00000000000000E-01, -8.00152121073581E+00,  7.12900000000002E+01,  4.26036975299924E+03,  5.01447245851515E+03
 1.91308333300000E+03,  1.93793723376328E-01,  1.50000000000000E-01, -8.00212759637145E+00,  7.14700000000002E+01,  4.08615314399043E+03,  2.10418966981154E+03
 1.91316666700000E+03,  1.81676175497931E-01,  3.75000000000000E-01, -8.00273425425974E+00,  7.16500000000002E+01,  2.68856291126535E+03,  1.81069082076328E+03
 1.91325000000000E+03,  1.69959126805113E-01, -7.50000000000000E-02, -8.00334118434941E+00,  7.18300000000002E+01,  2.10086380591457E+03,  2.44912005899434E+03
 1.91333333300000E+03,  1.57270617313467E-01, -8.00000000000000E-01, -8.00394838658919E+00,  7.20100000000002E+01,  7.09065703480393E+02,  2.11474674204888E+03
 1.91341666700000E+03,  1.41368442016157E-01, -9.00000000000000E-01, -8.00455586092775E+00,  7.21900000000002E+01,  1.46941654141781E+03,  4.50937730048433E+03
 1.91350000000000E+03,  1.22941036444121E-01, -6.00000000000000E-01, -8.00516360731377E+00,  7.23700000000002E+01,  1.41985737782795E+03,  4.65955535912652E+03
 1.91358333300000E+03,  3.88299075073796E-02, -5.25000000000000E-01, -8.00577162569592E+00,  7.25500000000002E+01,  1.85982024798383E+03,  5.96594452325715E+03
 1.91366666700000E+03, -1.13041844984646E-01, -9.50000000000000E-01, -2.16619140135811E+01,  7.27300000000002E+01,  1.91676641399410E+03,  4.85293186803679E+03
 1.91375000000000E+03, -2.02978288679087E-01, -1.22500000000000E+00, -2.16609574732199E+01,  7.29100000000003E+01,  3.36974372518863E+03,  5.55482441069144E+03
 1.91383333300000E+03, -2.27427418818489E-01, -1.15000000000000E+00, -2.16600017077439E+01,  7.30900000000003E+01,  2.72547120482279E+03,  3.44730419087978E+03
 1.91391666700000E+03, -2.53140717569197E-01, -1.35000000000000E+00, -2.16590467172879E+01,  7.32700000000003E+01,  2.85353476749861E+03,  4.20168476644994E+03
 1.91400000000000E+03, -2.84104022999430E-01, -1.80000000000000E+00, -2.16580925019870E+01,  7.34500000000003E+01,  2.51674742693450E+03,  3.14429939430314E+03
 1.91408333300000E+03, -3.19551964633603E-01, -1.37500000000000E+00, -2.16571390619759E+01,  7.36300000000003E+01,  2.59305416927853E+03,  2.94458662807752E+03
 1.91416666700000E+03, -3.56139740950925E-01, -4.75000000000000E-01, -2.16561863973892E+01,  7.38100000000003E+01,  1.65382397956971E+03,  2.87517306051460E+03
 1.91425000000000E+03, -3.92028508070942E-01, -2.50000000000000E-01, -2.16552345083613E+01,  7.39900000000003E+01,  2.30653511470776E+03,  3.46164161772351E+03
 1.91433333300000E+03, -4.28595475490203E-01, -3.50000000000000E-01, -2.16542833950266E+01,  7.41700000000003E+01,  2.08165262981273E+03,  2.47231935389968E+03
 1.91441666700000E+03, -4.68088240392588E-01, -7.50000000000000E-01, -2.16533330575194E+01,  7.43500000000003E+01,  2.75393641498301E+03,  3.01524212578410E+03
 1.91450000000000E+03, -5.09823808379789E-01, -1.30000000000000E+00, -2.16523834959736E+01,  7.45300000000003E+01,  2.60367053755809E+03,  3.26569425344747E+03
 1.91458333300000E+03, -7.28477592875390E-01, -1.52500000000000E+00, -2.16514347105232E+01,  7.47100000000003E+01,  2.40814666122037E+03,  2.67403783887679E+03
 1.91466666700000E+03, -1.09637099421616E+00, -1.80000000000000E+00, -2.31171677371577E+01,  7.48900000000003E+01,  2.44612734764125E+03,  2.07793075514048E+03
 1.91475000000000E+03, -1.22925117604606E+00, -2.15000000000000E+00, -2.31151622876839E+01,  7.50700000000003E+01,  2.84646812263086E+03,  3.10648833059564E+03
 1.91483333300000E+03, -1.15001174804015E+00, -1.95000000000000E+00, -2.31131570060114E+01,  7.52500000000003E+01,  2.13876686883939E+03,  2.09295872571349E+03
 1.91491666700000E+03, -1.06562401430338E+00, -1.77500000000000E+00, -2.31111518924252E+01,  7.54300000000003E+01,  2.75505991357385E+03,  3.24093444711238E+03
 1.91500000000000E+03, -9.81068774695904E-01, -1.77500000000000E+00, -2.31091469472111E+01,  7.56100000000004E+01,  2.76861991795548E+03,  3.44020753435693E+03
 1.91508333300000E+03, -8.96611263374268E-01, -1.77500000000000E+00, -2.31071421706544E+01,  7.57900000000004E+01,  4.70259671097315E+03,  3.27180828917681E+03
 1.91516666700000E+03, -8.09960354032286E-01, -2.07500000000000E+00, -2.31051375630402E+01,  7.59700000000004E+01,  5.92318627981417E+03,  3.15094432609520E+03
 1.91525000000000E+03, -7.20341400610001E-01, -1.67500000000000E+00, -2.31031331246540E+01,  7.61500000000004E+01,  5.88669869718161E+03,  3.38691199320070E+03
 1.91533333300000E+03, -6.30193971319565E-01, -4.75000000000000E-01, -2.31011288557811E+01,  7.63300000000004E+01,  5.46246458753373E+03,  2.39466418000667E+03
 1.91541666700000E+03, -5.42814161394092E-01,  5.50000000000000E-01, -2.30991247567067E+01,  7.65100000000004E+01,  5.20255209967650E+03,  2.36462291141594E+03
 1.91550000000000E+03, -4.58542080628993E-01,  8.50000000000000E-01, -2.30971208277161E+01,  7.66900000000004E+01,  2.42640577586318E+03,  2.37579276894023E+03
 1.91558333300000E+03, -2.57234445350748E-01,  8.50000000000000E-01, -2.30951170690944E+01,  7.68700000000004E+01,  2.05610628195121E+03,  1.99339870942612E+03
 1.91566666700000E+03,  5.46477493788322E-02,  1.05000000000000E+00, -2.39257842815957E+01,  7.70500000000004E+01,  2.47983845088304E+03,  1.78017612424689E+03
 1.91575000000000E+03,  2.34475714605794E-01,  8.75000000000000E-01, -2.39246511414317E+01,  7.72300000000004E+01,  2.76619248642652E+03,  2.07704504420840E+03
 1.91583333300000E+03,  2.89706291512785E-01,  8.25000000000000E-01, -2.39235175427387E+01,  7.74100000000004E+01,  2.94163904942758E+03,  2.27079958194321E+03
 1.91591666700000E+03,  3.41466005017540E-01,  1.22500000000000E+00, -2.39223834856407E+01,  7.75900000000004E+01,  2.94357424780249E+03,  5.22526784942483E+03
 1.91600000000000E+03,  3.85452754157797E-01,  1.17500000000000E+00, -2.39212489702617E+01,  7.77700000000004E+01,  3.12407486734856E+03,  5.22479033023913E+03
 1.91608333300000E+03,  4.22121483115720E-01,  7.25000000000000E-01, -2.39201139967257E+01,  7.79500000000004E+01,  4.81060661042306E+03,  7.96197922618604E+03
 1.91616666700000E+03,  4.54515821892234E-01,  2.50000000000000E-01, -2.39189785651568E+01,  7.81300000000005E+01,  4.57031212205058E+03,  7.83281974905636E+03
 1.91625000000000E+03,  4.84186046588769E-01,  2.75000000000000E-01, -2.39178426756790E+01,  7.83100000000005E+01,  4.21561635112660E+03,  7.26731464869978E+03
 1.91633333300000E+03,  5.09482217702082E-01,  1.12500000000000E+00, -2.39167063284167E+01,  7.84900000000005E+01,  4.31774387541025E+03,  5.50284465610046E+03
 1.91641666700000E+03,  5.27902925567246E-01,  1.85000000000000E+00, -2.39155695234941E+01,  7.86700000000005E+01,  2.96375772116687E+03,  5.37271680261202E+03
 1.91650000000000E+03,  5.39899153716763E-01,  1.65000000000000E+00, -2.39144322610353E+01,  7.88500000000005E+01,  1.20814590659555E+03,  3.18822483612795E+03
 1.91658333300000E+03,  7.52483094349842E-01,  1.12500000000000E+00, -2.39132945411649E+01,  7.90300000000005E+01,  1.20367687622049E+03,  2.59282438883937E+03
 1.91666666700000E+03,  1.17029261211361E+00,  1.17500000000000E+00, -1.65297569084283E+01,  7.92100000000005E+01,  1.78535630001758E+03,  3.29538650507583E+03
 1.91675000000000E+03,  1.38976837536394E+00,  1.40000000000000E+00, -1.65297095115679E+01,  7.93900000000005E+01,  2.97483300579111E+03,  2.24306700253189E+03
 1.91683333300000E+03,  1.40898752342918E+00,  1.72500000000000E+00, -1.65296627590867E+01,  7.95700000000005E+01,  2.71279375792651E+03,  1.74801610838101E+03
 1.91691666700000E+03,  1.42539560020142E+00,  1.80000000000000E+00, -1.65296166509673E+01,  7.97500000000005E+01,  2.29701370557244E+03,  1.24946788234994E+03
 1.91700000000000E+03,  1.43498024950763E+00,  6.75000000000000E-01, -1.65295711871922E+01,  7.99300000000005E+01,  2.18714887030946E+03,  1.67388328143286E+03
 1.91708333300000E+03,  1.43848534404667E+00,  2.50000000000000E-01, -1.65295263677438E+01,  8.01100000000005E+01,  1.86063221750404E+03,  1.49394091298492E+03
 1.91716666700000E+03,  1.43923913399161E+00,  1.12500000000000E+00, -1.65294821926043E+01,  8.02900000000005E+01,  5.54844760780551E+02,  2.76919377448233E+03
 1.91725000000000E+03,  1.43906876735159E+00,  1.22500000000000E+00, -1.65294386617561E+01,  8.04700000000005E+01,  5.89789451623716E+02,  3.18862236227368E+03
 1.91733333300000E+03,  1.43659008448825E+00,  9.75000000000000E-01, -1.65293957751812E+01,  8.06500000000005E+01,  1.40273272042741E+03,  3.46650018237111E+03
 1.91741666700000E+03,  1.42955316033346E+00,  1.40000000000000E+00, -1.65293535328617E+01,  8.08300000000006E+01,  2.08049862192785E+03,  2.99148024079866E+03
 1.91750000000000E+03,  1.41864314484268E+00,  1.90000000000000E+00, -1.65293119347796E+01,  8.10100000000006E+01,  1.83963358742956E+03,  2.43698629753271E+03
 1.91758333300000E+03,  1.23020807913057E+00,  1.92500000000000E+00, -1.65292709809167E+01,  8.11900000000006E+01,  1.88572183721849E+03,  1.10207907805049E+03
 1.91766666700000E+03,  8.72285724537747E-01,  1.55000000000000E+00, -3.46778659927712E+01,  8.13700000000006E+01,  2.16089539994918E+03,  7.38606425486494E+02
 1.91775000000000E+03,  7.04372198852074E-01,  1.27500000000000E+00, -3.46760090527992E+01,  8.15500000000006E+01,  1.88690906428497E+03,  1.80874826479079E+03
 1.91783333300000E+03,  7.17245032517311E-01,  1.50000000000000E+00, -3.46741513931734E+01,  8.17300000000006E+01,  1.06687655875960E+03,  1.96390750364002E+03
 1.91791666700000E+03,  7.22080817015105E-01,  1.57500000000000E+00, -3.46722930142697E+01,  8.19100000000006E+01,  1.55313542851274E+03,  2.10983799722444E+03
 1.91800000000000E+03,  7.14710840080146E-01,  1.22500000000000E+00, -3.46704339164641E+01,  8.20900000000006E+01,  2.39687235033143E+03,  2.26722620848411E+03
 1.91808333300000E+03,  6.95773123644428E-01,  5.75000000000000E-01, -3.46685741001328E+01,  8.22700000000006E+01,  2.11919276893162E+03,  2.51467929793901E+03
 1.91816666700000E+03,  6.68544126525216E-01, -7.50000000000000E-02, -3.46667135656523E+01,  8.24500000000006E+01,  1.92747129559938E+03,  1.66883144836068E+03
 1.91825000000000E+03,  6.34856307048360E-01,  1.50000000000000E-01, -3.46648523133990E+01,  8.26300000000006E+01,  1.93211277643838E+03,  1.90287879965224E+03
 1.91833333300000E+03,  5.93390390453977E-01,  4.25000000000000E-01, -3.46629903437497E+01,  8.28100000000006E+01,  2.22540294078300E+03,  2.87182501946714E+03
 1.91841666700000E+03,  5.42022764939635E-01, -5.00000000000000E-02, -3.46611276570810E+01,  8.29900000000006E+01,  1.45331033392548E+03,  2.72251613640758E+03
 1.91850000000000E+03,  4.81627511351946E-01, -5.50000000000000E-01, -3.46592642537701E+01,  8.31700000000006E+01,  2.31871152734347E+03,  4.57173964208009E+03
 1.91858333300000E+03,  1.96675586208987E-01, -1.00000000000000E+00, -3.46574001341940E+01,  8.33500000000006E+01,  2.23618125033721E+03,  4.15738631611787E+03
 1.91866666700000E+03, -2.93492402425023E-01, -1.30000000000000E+00, -3.07832532293073E+01,  8.35300000000007E+01,  2.69369361041182E+03,  7.61677727972203E+03
 1.91875000000000E+03, -5.31163141361164E-01, -8.50000000000000E-01, -3.07818740360630E+01,  8.37100000000007E+01,  2.03348273485177E+03,  7.24914193805511E+03
 1.91883333300000E+03, -5.30980569939676E-01, -5.00000000000000E-01, -3.07804941604571E+01,  8.38900000000007E+01,  2.31686240316472E+03,  7.09971806464235E+03
 1.91891666700000E+03, -5.31997386446556E-01, -7.50000000000000E-01, -3.07791136027117E+01,  8.40700000000007E+01,  2.16216100273796E+03,  5.35201891916687E+03
 1.91900000000000E+03, -5.38166159740859E-01, -1.20000000000000E+00, -3.07777323630490E+01,  8.42500000000007E+01,  2.51063263533105E+03,  5.83027345793965E+03
 1.91908333300000E+03, -5.48679135644301E-01, -1.45000000000000E+00, -3.07763504416916E+01,  8.44300000000007E+01,  2.84440459661065E+03,  2.40981903790895E+03
 1.91916666700000E+03, -5.60139998023526E-01, -8.25000000000000E-01, -3.07749678388617E+01,  8.46100000000007E+01,  2.74154709011434E+03,  1.70857587440025E+03
 1.91925000000000E+03, -5.70649378191882E-01,  1.38777878078145E-17, -3.07735845547821E+01,  8.47900000000007E+01,  2.53348421366267E+03,  2.16756924361763E+03
 1.91933333300000E+03, -5.81515220135410E-01,  1.00000000000000E-01, -3.07722005896755E+01,  8.49700000000007E+01,  2.24172703842267E+03,  3.73018596200869E+03
 1.91941666700000E+03, -5.94907531809229E-01, -1.50000000000000E-01, -3.07708159437646E+01,  8.51500000000007E+01,  1.85063739173552E+03,  3.75519891716287E+03
 1.91950000000000E+03, -6.10057978485547E-01, -3.25000000000000E-01, -3.07694306172724E+01,  8.53300000000007E+01,  1.83328997646098E+03,  6.12938194332372E+03
 1.91958333300000E+03, -4.54276618325294E-01, -4.50000000000000E-01, -3.07680446104220E+01,  8.55100000000007E+01,  2.32400007655869E+03,  6.21503407874381E+03
 1.91966666700000E+03, -1.28797629142834E-01, -4.50000000000000E-01, -2.76399150690836E+01,  8.56900000000007E+01,  2.84232424048017E+03,  6.01735931610197E+03
 1.91975000000000E+03,  2.48959342040681E-02, -5.50000000000000E-01, -2.76382989556398E+01,  8.58700000000007E+01,  2.87924334983339E+03,  5.52485359779137E+03
 1.91983333300000E+03,  8.75094491948691E-03, -8.25000000000000E-01, -2.76366823621398E+01,  8.60500000000008E+01,  3.80030978398465E+03,  6.77983758701968E+03
 1.91991666700000E+03, -9.22132714601118E-03, -4.25000000000000E-01, -2.76350652888154E+01,  8.62300000000008E+01,  3.82924226168224E+03,  4.12022498929098E+03
 1.92000000000000E+03, -3.27013762639094E-02,  3.00000000000000E-01, -2.76334477358984E+01,  8.64100000000008E+01,  3.26620426304247E+03,  4.07486892062888E+03
 1.92008333300000E+03, -6.06205203384776E-02, -7.50000000000000E-02, -2.76318297036207E+01,  8.65900000000008E+01,  3.61048755245255E+03,  4.58390287309480E+03
 1.92016666700000E+03, -8.93356475853551E-02, -4.25000000000000E-01, -2.76302111922143E+01,  8.67700000000008E+01,  3.26751123015629E+03,  3.26521387193778E+03
 1.92025000000000E+03, -1.16717496529003E-01,  1.75000000000000E-01, -2.76285922019113E+01,  8.69500000000008E+01,  2.24851234426060E+03,  2.00592456712530E+03
 1.92033333300000E+03, -1.43863543558154E-01,  9.50000000000000E-01, -2.76269727329437E+01,  8.71300000000008E+01,  1.48838763458149E+03,  2.09329578426145E+03
 1.92041666700000E+03, -1.72754995687084E-01,  1.72500000000000E+00, -2.76253527855438E+01,  8.73100000000008E+01,  1.58516055610542E+03,  3.41720965409250E+03
 1.92050000000000E+03, -2.02458317460977E-01,  1.77500000000000E+00, -2.76237323599438E+01,  8.74900000000008E+01,  1.86703070771458E+03,  3.23397298573194E+03
 1.92058333300000E+03, -7.44494816563532E-02,  1.22500000000000E+00, -2.76221114563760E+01,  8.76700000000008E+01,  1.83164071656373E+03,  3.32964239261301E+03
 1.92066666700000E+03,  2.21048472198378E-01,  8.75000000000000E-01, -2.43380144638922E+01,  8.78500000000008E+01,  2.40985991851799E+03,  3.85672952165517E+03
 1.92075000000000E+03,  3.81360467646074E-01,  6.25000000000000E-01, -2.43397993570488E+01,  8.80300000000008E+01,  2.34851539073238E+03,  3.88958015357188E+03
 1.92083333300000E+03,  3.95980254466195E-01,  7.75000000000000E-01, -2.43415844327099E+01,  8.82100000000008E+01,  3.02389421218307E+03,  4.40738123430289E+03
 1.92091666700000E+03,  4.06855974911305E-01,  1.27500000000000E+00, -2.43433696905475E+01,  8.83900000000008E+01,  2.46535608957103E+03,  3.79047849000542E+03
 1.92100000000000E+03,  4.10209048537381E-01,  1.15000000000000E+00, -2.43451551302337E+01,  8.85700000000008E+01,  2.57381910840820E+03,  3.91422788412994E+03
 1.92108333300000E+03,  4.07036196923135E-01,  7.25000000000000E-01, -2.43469407514406E+01,  8.87500000000009E+01,  2.12768289817644E+03,  3.90876633809679E+03
 1.92116666700000E+03,  4.00934637400429E-01,  5.00000000000000E-01, -2.43487265538402E+01,  8.89300000000009E+01,  2.82736907352523E+03,  4.40806060061460E+03
 1.92125000000000E+03,  3.94013349748586E-01,  3.75000000000000E-01, -2.43505125371046E+01,  8.91100000000009E+01,  3.15712340223511E+03,  4.24690698789864E+03
 1.92133333300000E+03,  3.85179349404069E-01,  9.75000000000000E-01, -2.43522987009055E+01,  8.92900000000009E+01,  2.51457828036912E+03,  5.08865447684888E+03
 1.92141666700000E+03,  3.72479484986137E-01,  1.50000000000000E+00, -2.43540850449153E+01,  8.94700000000009E+01,  3.14888377203377E+03,  4.73684177742946E+03
 1.92150000000000E+03,  3.56897349638035E-01,  9.50000000000000E-01, -2.43558715688055E+01,  8.96500000000009E+01,  3.21135211548878E+03,  3.97607228200911E+03
 1.92158333300000E+03,  4.94494712747312E-01,  2.00000000000000E-01, -2.43576582722483E+01,  8.98300000000009E+01,  2.63137041869708E+03,  3.37252410589280E+03
 1.92166666700000E+03,  7.81422700968482E-01,  5.00000000000000E-02, -2.83958549457120E+01,  9.00100000000009E+01,  1.89987176150332E+03,  1.72485944782463E+03
 1.92175000000000E+03,  9.04924188130030E-01,  1.50000000000000E-01, -2.83977854533896E+01,  9.01900000000009E+01,  2.71851028759583E+03,  2.72970247370257E+03
 1.92183333300000E+03,  8.65308993753194E-01,  3.00000000000000E-01, -2.83997163119655E+01,  9.03700000000009E+01,  3.43037390334805E+03,  3.32803540338053E+03
 1.92191666700000E+03,  8.14491987744228E-01,  6.50000000000000E-01, -2.84016475209868E+01,  9.05500000000009E+01,  3.53683533630169E+03,  3.16346128529503E+03
 1.92200000000000E+03,  7.49138761485804E-01,  1.02500000000000E+00, -2.84035790800004E+01,  9.07300000000009E+01,  4.35074162462200E+03,  4.69327466992906E+03
 1.92208333300000E+03,  6.70769237491051E-01,  1.25000000000000E+00, -2.84055109885533E+01,  9.09100000000009E+01,  4.58665865846200E+03,  5.93483100021228E+03
 1.92216666700000E+03,  5.83578738965699E-01,  9.50000000000000E-01, -2.84074432461925E+01,  9.10900000000009E+01,  3.67609984206819E+03,  4.34186973092085E+03
 1.92225000000000E+03,  4.90344217160715E-01,  5.00000000000000E-01, -2.84093758524648E+01,  9.12700000000009E+01,  2.37121491259969E+03,  3.99858138200592E+03
 1.92233333300000E+03,  3.90704614659422E-01,  5.75000000000000E-01, -2.84113088069168E+01,  9.14500000000010E+01,  2.93556499334484E+03,  4.71935767456238E+03
 1.92241666700000E+03,  2.83495940578636E-01,  7.25000000000000E-01, -2.84132421090954E+01,  9.16300000000010E+01,  2.04714935961108E+03,  3.67885385247629E+03
 1.92250000000000E+03,  1.70540713867752E-01,  5.00000000000000E-01, -2.84151757585471E+01,  9.18100000000010E+01,  1.89247723870119E+03,  6.02288125320784E+03
 1.92258333300000E+03,  7.93716787012446E-02,  3.00000000000000E-01, -2.84171097548186E+01,  9.19900000000010E+01,  2.13025751894104E+03,  6.14331806988851E+03
 1.92266666700000E+03,  3.00841948809746E-02,  3.00000000000000E-01, -2.94931594648892E+01,  9.21700000000010E+01,  2.58019981736399E+03,  5.97296481849929E+03
 1.92275000000000E+03, -5.61449445122517E-03,  2.25000000000000E-01, -2.94908579859239E+01,  9.23500000000010E+01,  2.07753195524811E+03,  5.16253029922587E+03
 1.92283333300000E+03, -4.64814273822865E-02,  3.50000000000000E-01, -2.94885563908957E+01,  9.25300000000010E+01,  4.28221951066846E+03,  7.82047586545373E+03
 1.92291666700000E+03, -9.14603628259836E-02,  8.00000000000000E-01, -2.94862546802244E+01,  9.27100000000010E+01,  4.30729305730181E+03,  7.49671307667097E+03
 1.92300000000000E+03, -1.44400025068718E-01,  8.75000000000000E-01, -2.94839528543294E+01,  9.28900000000010E+01,  4.58130896746719E+03,  8.24277000810322E+03
 1.92308333300000E+03, -2.04391801022001E-01,  7.50000000000000E-01, -2.94816509136303E+01,  9.30700000000010E+01,  4.20214481994897E+03,  8.75520705543699E+03
 1.92316666700000E+03, -2.67937186295092E-01,  1.12500000000000E+00, -2.94793488585468E+01,  9.32500000000010E+01,  4.26523995086903E+03,  1.22326912340220E+04
 1.92325000000000E+03, -3.33028387044464E-01,  1.35000000000000E+00, -2.94770466894982E+01,  9.34300000000010E+01,  2.62144099851777E+03,  9.32313832157301E+03
 1.92333333300000E+03, -4.00853347111525E-01,  1.10000000000000E+00, -2.94747444069045E+01,  9.36100000000010E+01,  2.19565610210702E+03,  6.24082763860070E+03
 1.92341666700000E+03, -4.73444899925768E-01,  5.00000000000000E-01, -2.94724420111852E+01,  9.37900000000010E+01,  2.83308845760385E+03,  5.93969123141825E+03
 1.92350000000000E+03, -5.49874691387690E-01, -5.75000000000000E-01, -2.94701395027599E+01,  9.39700000000011E+01,  3.35352684797317E+03,  5.97325953777321E+03
 1.92358333300000E+03, -6.92447039445360E-01, -1.10000000000000E+00, -2.94678368820482E+01,  9.41500000000011E+01,  3.08369995063915E+03,  2.42412675450996E+03
 1.92366666700000E+03, -8.53378945646686E-01, -7.75000000000000E-01, -2.79270538843867E+01,  9.43300000000011E+01,  2.96753110793573E+03,  2.14018706524867E+03
 1.92375000000000E+03, -8.51993659031275E-01, -6.00000000000000E-01, -2.79250762404806E+01,  9.45100000000011E+01,  3.25699134114819E+03,  1.86933345704867E+03
 1.92383333300000E+03, -7.29803864572548E-01, -4.50000000000000E-01, -2.79230992450601E+01,  9.46900000000011E+01,  2.22944715252245E+03,  1.00357220700743E+03
 1.92391666700000E+03, -6.01062959367122E-01, -3.75000000000000E-01, -2.79211228985183E+01,  9.48700000000011E+01,  1.69175058203827E+03,  1.50130084267095E+03
 1.92400000000000E+03, -4.70987229492253E-01, -5.50000000000000E-01, -2.79191472012483E+01,  9.50500000000011E+01,  1.63782546020686E+03,  2.04210538170799E+03
 1.92408333300000E+03, -3.40133578169979E-01, -2.00000000000000E-01, -2.79171721536429E+01,  9.52300000000011E+01,  1.33355733969235E+03,  2.45692790117761E+03
 1.92416666700000E+03, -2.06555447274902E-01,  2.75000000000000E-01, -2.79151977560950E+01,  9.54100000000011E+01,  2.28939657612480E+03,  2.98921681309658E+03
 1.92425000000000E+03, -6.98712461132290E-02,  4.00000000000000E-01, -2.79132240089971E+01,  9.55900000000011E+01,  2.52084441582457E+03,  3.33011269383863E+03
 1.92433333300000E+03,  6.70433754997058E-02,  4.50000000000000E-01, -2.79112509127417E+01,  9.57700000000011E+01,  3.20613244054985E+03,  2.14973215264579E+03
 1.92441666700000E+03,  2.00419645818985E-01,  2.50000000000000E-01, -2.79092784677212E+01,  9.59500000000011E+01,  3.02127868399260E+03,  2.04212528177184E+03
 1.92450000000000E+03,  3.29415468383420E-01,  5.00000000000000E-02, -2.79073066743277E+01,  9.61300000000011E+01,  3.64570775949372E+03,  2.00507246633487E+03
 1.92458333300000E+03,  4.81678545413797E-01,  7.50000000000000E-02, -2.79053355329533E+01,  9.63100000000011E+01,  2.61695347159844E+03,  1.86952880308155E+03
 1.92466666700000E+03,  6.40097148240795E-01,  3.50000000000000E-01, -2.72530827701418E+01,  9.64900000000011E+01,  2.38369246589804E+03,  1.49381260179163E+03
 1.92475000000000E+03,  7.35379914118738E-01,  8.25000000000000E-01, -2.72546997574338E+01,  9.66700000000012E+01,  1.50058338899161E+03,  2.05870278380314E+03
 1.92483333300000E+03,  7.84767718803353E-01,  1.07500000000000E+00, -2.72563173681109E+01,  9.68500000000012E+01,  2.01008994594718E+03,  1.55715631906127E+03
 1.92491666700000E+03,  8.27386032637388E-01,  1.10000000000000E+00, -2.72579356017801E+01,  9.70300000000012E+01,  1.23275466742239E+03,  1.13672374034555E+03
 1.92500000000000E+03,  8.58878329367725E-01,  1.47500000000000E+00, -2.72595544580481E+01,  9.72100000000012E+01,  1.65600364281182E+03,  9.78662927822357E+02
 1.92508333300000E+03,  8.79677158776586E-01,  2.27500000000000E+00, -2.72611739365218E+01,  9.73900000000012E+01,  1.91974902659094E+03,  9.76504170477056E+02
 1.92516666700000E+03,  8.92836260864112E-01,  2.42500000000000E+00, -2.72627940368076E+01,  9.75700000000012E+01,  2.15898391277593E+03,  5.55348354173408E+02
 1.92525000000000E+03,  8.99948793836231E-01,  1.67500000000000E+00, -2.72644147585120E+01,  9.77500000000012E+01,  3.04145605728751E+03,  6.10068107960778E+02
 1.92533333300000E+03,  8.99440523445278E-01,  8.75000000000000E-01, -2.72660361012413E+01,  9.79300000000012E+01,  3.23894864303507E+03,  8.74473869027786E+02
 1.92541666700000E+03,  8.88918412414035E-01,  1.75000000000000E-01, -2.72676580646018E+01,  9.81100000000012E+01,  2.64388691765942E+03,  6.63902102483459E+02
 1.92550000000000E+03,  8.68974110352430E-01, -2.50000000000000E-01, -2.72692806481994E+01,  9.82900000000012E+01,  2.57592913240178E+03,  1.07554546960057E+03
 1.92558333300000E+03,  5.65510508226359E-01, -3.00000000000000E-01, -2.72709038516402E+01,  9.84700000000012E+01,  2.48372119786432E+03,  1.07576045929267E+03
 1.92566666700000E+03, -1.04361654019891E-02, -5.75000000000000E-01, -3.01220983760332E+01,  9.86500000000012E+01,  1.25145957840157E+03,  1.47532312508150E+03
 1.92575000000000E+03, -2.92187572387885E-01, -1.00000000000000E+00, -3.01241595966166E+01,  9.88300000000012E+01,  2.21475016759083E+03,  1.30640675439573E+03
 1.92583333300000E+03, -2.85131675366054E-01, -1.22500000000000E+00, -3.01262207703202E+01,  9.90100000000012E+01,  2.18493948326285E+03,  1.30456161912352E+03
 1.92591666700000E+03, -2.77854395348000E-01, -1.00000000000000E+00, -3.01282818966766E+01,  9.91900000000012E+01,  2.22029050206117E+03,  9.65715808794272E+02
 1.92600000000000E+03, -2.74220566682342E-01, -8.50000000000000E-01, -3.01303429752185E+01,  9.93700000000013E+01,  2.25690621727188E+03,  1.54307115035725E+03
 1.92608333300000E+03, -2.73385040612397E-01, -1.35000000000000E+00, -3.01324040054784E+01,  9.95500000000013E+01,  2.15397938216574E+03,  1.61401057485995E+03
 1.92616666700000E+03, -2.71964332407494E-01, -1.40000000000000E+00, -3.01344649869893E+01,  9.97300000000013E+01,  1.36921563474078E+03,  2.11529110219424E+03
 1.92625000000000E+03, -2.68121105190051E-01, -6.75000000000000E-01, -3.01365259192836E+01,  9.99100000000013E+01,  2.20228518082911E+03,  2.61937920571084E+03
 1.92633333300000E+03, -2.63272637098406E-01, -1.75000000000000E-01, -3.01385868018943E+01,  1.00090000000001E+02,  2.83941124281890E+03,  3.29534765517102E+03
 1.92641666700000E+03, -2.59742839804043E-01, -7.50000000000000E-02, -3.01406476343541E+01,  1.00270000000001E+02,  2.56983379618313E+03,  3.29658192120751E+03
 1.92650000000000E+03, -2.56958351217783E-01,  5.00000000000000E-02, -3.01427084161957E+01,  1.00450000000001E+02,  2.91449217939418E+03,  2.85816320253350E+03
 1.92658333300000E+03, -1.31618391315702E-01,  2.50000000000000E-01, -3.01447691469520E+01,  1.00630000000001E+02,  2.95057173245211E+03,  3.35528614993795E+03
 1.92666666700000E+03,  1.28165840254918E-01,  5.50000000000000E-01, -2.91340793230984E+01,  1.00810000000001E+02,  3.06667683783206E+03,  3.64421016520297E+03
 1.92675000000000E+03,  2.90159495359363E-01,  4.50000000000000E-01, -2.91318023871363E+01,  1.00990000000001E+02,  2.45910678980350E+03,  3.53265001505204E+03
 1.92683333300000E+03,  3.38187701704038E-01,  7.50000000000000E-02, -2.91295258576250E+01,  1.01170000000001E+02,  2.58453147296454E+03,  3.22118775262492E+03
 1.92691666700000E+03,  3.74985251223269E-01,  4.50000000000000E-01, -2.91272497350242E+01,  1.01350000000001E+02,  2.10736283249974E+03,  3.32951206487692E+03
 1.92700000000000E+03,  3.96347011571457E-01,  7.00000000000000E-01, -2.91249740197932E+01,  1.01530000000001E+02,  1.77404756451275E+03,  2.31961323493193E+03
 1.92708333300000E+03,  4.03014928687659E-01,  4.50000000000000E-01, -2.91226987123911E+01,  1.01710000000001E+02,  8.18188322154354E+02,  1.95250348655777E+03
 1.92716666700000E+03,  3.98504712494658E-01,  7.00000000000000E-01, -2.91204238132772E+01,  1.01890000000001E+02,  7.49018830222539E+02,  1.76130995651479E+03
 1.92725000000000E+03,  3.85015476555828E-01,  8.75000000000000E-01, -2.91181493229107E+01,  1.02070000000001E+02,  6.31833968964298E+02,  1.75256406958369E+03
 1.92733333300000E+03,  3.61711335279894E-01,  6.75000000000000E-01, -2.91158752417503E+01,  1.02250000000001E+02,  2.53204837055008E+03,  2.36014073061220E+03
 1.92741666700000E+03,  3.27055613126178E-01,  6.50000000000000E-01, -2.91136015702550E+01,  1.02430000000001E+02,  2.74833430541553E+03,  2.42964589163247E+03
 1.92750000000000E+03,  2.82597428639077E-01,  4.50000000000000E-01, -2.91113283088838E+01,  1.02610000000001E+02,  2.70636552859384E+03,  2.31476991752429E+03
 1.92758333300000E+03,  4.69276162876540E-02, -7.50000000000000E-02, -2.91090554580952E+01,  1.02790000000001E+02,  2.96186004037962E+03,  2.11728474902055E+03
 1.92766666700000E+03, -3.49624058672281E-01, -4.00000000000000E-01, -3.85573284679134E+01,  1.02970000000001E+02,  4.11607193099674E+03,  3.72410043009809E+03
 1.92775000000000E+03, -5.06203028768130E-01, -5.00000000000000E-01, -3.85564857305159E+01,  1.03150000000001E+02,  2.54198654105988E+03,  3.86996001459789E+03
 1.92783333300000E+03, -4.49330080055136E-01, -4.25000000000000E-01, -3.85556418414686E+01,  1.03330000000001E+02,  2.20862155049356E+03,  4.55513391334200E+03
 1.92791666700000E+03, -3.95945199009241E-01, -6.50000000000000E-01, -3.85547968009497E+01,  1.03510000000001E+02,  3.44854639849924E+03,  4.82293746262619E+03
 1.92800000000000E+03, -3.50169248814103E-01, -7.75000000000000E-01, -3.85539506091375E+01,  1.03690000000001E+02,  3.22801180235193E+03,  4.67196884260901E+03
 1.92808333300000E+03, -3.11315578630240E-01,  2.75000000000000E-01, -3.85531032662108E+01,  1.03870000000001E+02,  2.11912395615681E+03,  2.92120561633106E+03
 1.92816666700000E+03, -2.76062242848327E-01,  1.02500000000000E+00, -3.85522547723483E+01,  1.04050000000001E+02,  2.16058097289687E+03,  2.37969646636864E+03
 1.92825000000000E+03, -2.42538849813198E-01,  4.50000000000000E-01, -3.85514051277294E+01,  1.04230000000001E+02,  2.28411775559564E+03,  1.73419367930207E+03
 1.92833333300000E+03, -2.12039112281456E-01, -2.75000000000000E-01, -3.85505543325336E+01,  1.04410000000001E+02,  1.53278657597056E+03,  1.69703905386734E+03
 1.92841666700000E+03, -1.86678559062658E-01, -2.25000000000000E-01, -3.85497023869406E+01,  1.04590000000001E+02,  1.67902325114445E+03,  1.94486009085568E+03
 1.92850000000000E+03, -1.65597799113661E-01,  7.50000000000000E-02, -3.85488492911304E+01,  1.04770000000001E+02,  1.94500685182657E+03,  3.12869911452195E+03
 1.92858333300000E+03, -1.15533493654637E-01,  7.50000000000000E-02, -3.85479950452834E+01,  1.04950000000001E+02,  3.83242421144436E+03,  3.85378832565673E+03
 1.92866666700000E+03, -2.29175022628489E-02,  4.50000000000000E-01, -3.63932042759255E+01,  1.05130000000001E+02,  3.76274547003364E+03,  5.87565002539115E+03
 1.92875000000000E+03,  6.42301983818616E-02,  6.00000000000000E-01, -3.63952645997420E+01,  1.05310000000001E+02,  3.77434033521514E+03,  5.77106773387558E+03
 1.92883333300000E+03,  1.32064953975393E-01,  2.00000000000000E-01, -3.63973243965978E+01,  1.05490000000001E+02,  3.71005433853679E+03,  5.82952324776193E+03
 1.92891666700000E+03,  1.92931212318276E-01,  1.02500000000000E+00, -3.63993836659300E+01,  1.05670000000001E+02,  3.61127107413263E+03,  6.07047362898700E+03
 1.92900000000000E+03,  2.41797892246307E-01,  2.40000000000000E+00, -3.64014424071759E+01,  1.05850000000002E+02,  1.53449644259338E+03,  5.15834122909660E+03
 1.92908333300000E+03,  2.78472154896979E-01,  2.10000000000000E+00, -3.64035006197730E+01,  1.06030000000002E+02,  1.71260637097180E+03,  3.38792853304400E+03
 1.92916666700000E+03,  3.05441999547805E-01,  8.25000000000000E-01, -3.64055583031587E+01,  1.06210000000002E+02,  1.20057540756221E+03,  2.89777348903955E+03
 1.92925000000000E+03,  3.23803862062554E-01, -2.50000000000000E-02, -3.64076154567711E+01,  1.06390000000002E+02,  1.74054873260516E+03,  7.34355914712321E+03
 1.92933333300000E+03,  3.31563921589018E-01, -5.50000000000000E-01, -3.64096720800480E+01,  1.06570000000002E+02,  1.66441776178851E+03,  5.69953753094867E+03
 1.92941666700000E+03,  3.25993441470386E-01, -7.75000000000000E-01, -3.64117281724275E+01,  1.06750000000002E+02,  1.92470032684640E+03,  5.48623550517162E+03
 1.92950000000000E+03,  3.07437544854482E-01, -5.75000000000000E-01, -3.64137837333477E+01,  1.06930000000002E+02,  2.04303720807383E+03,  5.03970651702743E+03
 1.92958333300000E+03,  2.40991289139609E-01, -3.75000000000000E-01, -3.64158387622472E+01,  1.07110000000002E+02,  2.45641873777881E+03,  5.75736436132401E+03
 1.92966666700000E+03,  1.45553121420101E-01, -3.25000000000000E-01, -2.56673721147352E+01,  1.07290000000002E+02,  2.01077906032627E+03,  1.27177326204359E+03
 1.92975000000000E+03,  1.17208008152533E-01,  5.00000000000000E-02, -2.56673896158729E+01,  1.07470000000002E+02,  1.85847757856741E+03,  1.39136947952959E+03
 1.92983333300000E+03,  1.42881955343674E-01,  6.25000000000000E-01, -2.56674081681799E+01,  1.07650000000002E+02,  2.07075507201673E+03,  2.25372782383437E+03
 1.92991666700000E+03,  1.65238534755799E-01,  1.00000000000000E+00, -2.56674277716056E+01,  1.07830000000002E+02,  1.79329144819175E+03,  2.31689459894647E+03
 1.93000000000000E+03,  1.79989976414454E-01,  9.75000000000000E-01, -2.56674484260998E+01,  1.08010000000002E+02,  2.20470185232443E+03,  2.77715004790009E+03
 1.93008333300000E+03,  1.87624802942294E-01,  3.25000000000000E-01, -2.56674701316117E+01,  1.08190000000002E+02,  2.02087760468467E+03,  2.69355219891968E+03
 1.93016666700000E+03,  1.91240005750160E-01, -2.75000000000000E-01, -2.56674928880903E+01,  1.08370000000002E+02,  2.05466583127893E+03,  2.78742465986613E+03
 1.93025000000000E+03,  1.92459223644876E-01, -5.00000000000000E-01, -2.56675166954845E+01,  1.08550000000002E+02,  1.88455194422618E+03,  3.70774396554705E+03
 1.93033333300000E+03,  1.89725764151366E-01, -6.00000000000000E-01, -2.56675415537429E+01,  1.08730000000002E+02,  1.89249737410310E+03,  3.76196581755988E+03
 1.93041666700000E+03,  1.80650914353911E-01, -5.00000000000000E-01, -2.56675674628137E+01,  1.08910000000002E+02,  1.98646183459607E+03,  2.74393019455899E+03
 1.93050000000000E+03,  1.65817042593710E-01, -4.50000000000000E-01, -2.56675944226453E+01,  1.09090000000002E+02,  1.98366820265480E+03,  2.58045981086255E+03
 1.93058333300000E+03,  5.36139021587810E-02, -7.00000000000000E-01, -2.56676224331853E+01,  1.09270000000002E+02,  1.96202827123672E+03,  3.30473710496567E+03
 1.93066666700000E+03, -1.63377734745460E-01, -1.00000000000000E+00, -3.21563771581967E+01,  1.09450000000002E+02,  1.70029684712249E+03,  1.56882066093116E+03
 1.93075000000000E+03, -3.02899011963779E-01, -1.27500000000000E+00, -3.21539713881481E+01,  1.09630000000002E+02,  1.98952480403468E+03,  1.44902463178824E+03
 1.93083333300000E+03, -3.53769683279708E-01, -1.40000000000000E+00, -3.21515654109232E+01,  1.09810000000002E+02,  1.74779337812118E+03,  1.35770853299407E+03
 1.93091666700000E+03, -4.04409856878071E-01, -8.75000000000000E-01, -3.21491592270117E+01,  1.09990000000002E+02,  1.94894998300706E+03,  2.59747319288118E+03
 1.93100000000000E+03, -4.58391479513015E-01, -6.00000000000000E-01, -3.21467528369034E+01,  1.10170000000002E+02,  2.30398703623982E+03,  1.87757075049313E+03
 1.93108333300000E+03, -5.14506777992659E-01, -1.00000000000000E+00, -3.21443462410881E+01,  1.10350000000002E+02,  3.65626026823400E+03,  3.19682072863681E+03
 1.93116666700000E+03, -5.68944841868459E-01, -7.50000000000000E-01, -3.21419394400558E+01,  1.10530000000002E+02,  3.40586782900413E+03,  3.26442520887771E+03
 1.93125000000000E+03, -6.19383319507208E-01, -1.50000000000000E-01, -3.21395324342961E+01,  1.10710000000002E+02,  2.76836447436768E+03,  3.58523601852804E+03
 1.93133333300000E+03, -6.66706224861177E-01, -1.00000000000000E-01, -3.21371252242993E+01,  1.10890000000002E+02,  2.40616156038691E+03,  2.64643505808593E+03
 1.93141666700000E+03, -7.12667206403677E-01, -1.75000000000000E-01, -3.21347178105551E+01,  1.11070000000002E+02,  2.21779919457731E+03,  2.98691988204881E+03
 1.93150000000000E+03, -7.56098544316646E-01,  2.50000000000000E-02, -3.21323101935536E+01,  1.11250000000002E+02,  1.26702708422395E+03,  2.03874963734143E+03
 1.93158333300000E+03, -5.55448463829813E-01,  4.25000000000000E-01, -3.21299023737849E+01,  1.11430000000002E+02,  1.16364834977389E+03,  2.18820753891596E+03
 1.93166666700000E+03, -1.23531839447386E-01,  3.50000000000000E-01, -3.84191641679328E+01,  1.11610000000002E+02,  1.12928024885571E+03,  2.37744556208465E+03
 1.93175000000000E+03,  4.83460427678891E-02, -1.50000000000000E-01, -3.84201624509680E+01,  1.11790000000002E+02,  1.80465262175364E+03,  3.64547981755320E+03
 1.93183333300000E+03, -2.82018521592746E-02, -1.00000000000000E-01, -3.84211596569016E+01,  1.11970000000002E+02,  2.11874938881633E+03,  3.95065895061622E+03
 1.93191666700000E+03, -1.05938646194896E-01,  4.00000000000000E-01, -3.84221557854594E+01,  1.12150000000002E+02,  1.76397198606873E+03,  3.60244880927577E+03
 1.93200000000000E+03, -1.88569171877565E-01,  4.00000000000000E-01, -3.84231508363676E+01,  1.12330000000002E+02,  2.26090698363574E+03,  4.35740945061837E+03
 1.93208333300000E+03, -2.75039479263096E-01, -1.25000000000000E-01, -3.84241448093526E+01,  1.12510000000002E+02,  2.83530229431190E+03,  4.24603850701602E+03
 1.93216666700000E+03, -3.61710523495625E-01, -3.75000000000000E-01, -3.84251377041412E+01,  1.12690000000002E+02,  2.14180536831368E+03,  2.69596148091182E+03
 1.93225000000000E+03, -4.46445872785287E-01, -2.75000000000000E-01, -3.84261295204603E+01,  1.12870000000002E+02,  1.90097509923080E+03,  2.30451547901462E+03
 1.93233333300000E+03, -5.30324513294334E-01, -5.00000000000000E-02, -3.84271202580372E+01,  1.13050000000002E+02,  1.82328677703613E+03,  2.65632197594153E+03
 1.93241666700000E+03, -6.15298210630003E-01, -5.00000000000000E-02, -3.84281099165995E+01,  1.13230000000002E+02,  1.65937259162195E+03,  1.67059236985241E+03
 1.93250000000000E+03, -7.00393833391043E-01, -3.25000000000000E-01, -3.84290984958749E+01,  1.13410000000002E+02,  1.58889200674570E+03,  1.47303205029788E+03
 1.93258333300000E+03, -3.85258817019461E-01, -2.75000000000000E-01, -3.84300859955916E+01,  1.13590000000002E+02,  1.56935408518430E+03,  1.94587857751398E+03
 1.93266666700000E+03,  3.50027195346457E-01,  1.50000000000000E-01, -3.55389673227390E+01,  1.13770000000002E+02,  1.36329163750860E+03,  2.17391191611429E+03
 1.93275000000000E+03,  7.29357654190704E-01,  3.00000000000000E-01, -3.55403948748719E+01,  1.13950000000002E+02,  1.22695221585954E+03,  2.39536288558106E+03
 1.93283333300000E+03,  7.32062759810309E-01,  2.50000000000000E-01, -3.55418236707269E+01,  1.14130000000002E+02,  1.25004119801607E+03,  2.84802490172054E+03
 1.93291666700000E+03,  7.31521796665159E-01,  2.00000000000000E-01, -3.55432537097622E+01,  1.14310000000002E+02,  1.79340306922336E+03,  2.60721957424382E+03
 1.93300000000000E+03,  7.23595693379186E-01,  2.25000000000000E-01, -3.55446849914353E+01,  1.14490000000002E+02,  1.90804607063084E+03,  2.05736209871638E+03
 1.93308333300000E+03,  7.08897141528602E-01,  7.50000000000000E-01, -3.55461175152034E+01,  1.14670000000002E+02,  2.24749582301033E+03,  1.95092454858872E+03
 1.93316666700000E+03,  6.90620072741552E-01,  8.75000000000000E-01, -3.55475512805232E+01,  1.14850000000002E+02,  2.20181579323995E+03,  1.87866740762011E+03
 1.93325000000000E+03,  6.70455578045066E-01,  3.25000000000000E-01, -3.55489862868512E+01,  1.15030000000002E+02,  2.05149602749076E+03,  1.84807370177417E+03
 1.93333333300000E+03,  6.46883149678189E-01,  2.50000000000000E-02, -3.55504225336433E+01,  1.15210000000002E+02,  1.74587716323435E+03,  2.03812217269093E+03
 1.93341666700000E+03,  6.17517731966116E-01,  2.50000000000000E-02, -3.55518600203553E+01,  1.15390000000002E+02,  2.10646947383694E+03,  2.61468983371161E+03
 1.93350000000000E+03,  5.82912108189269E-01, -2.50000000000000E-02, -3.55532987464423E+01,  1.15570000000002E+02,  1.83335212644155E+03,  3.33231786605365E+03
 1.93358333300000E+03,  5.42593784988855E-01, -5.00000000000000E-02, -3.55547387113591E+01,  1.15750000000002E+02,  2.27820246849546E+03,  2.74846410948490E+03
 1.93366666700000E+03,  5.06184089452735E-01,  3.00000000000000E-01, -4.33092290985832E+01,  1.15930000000002E+02,  2.32972379270220E+03,  2.58118703536521E+03
 1.93375000000000E+03,  4.89985901558490E-01,  7.25000000000000E-01, -4.33086432885944E+01,  1.16110000000002E+02,  1.61207845948269E+03,  3.37363075612181E+03
 1.93383333300000E+03,  4.86692735356026E-01,  8.00000000000000E-01, -4.33080560371477E+01,  1.16290000000002E+02,  9.84671405203742E+02,  4.27905774565715E+03
 1.93391666700000E+03,  4.81000447010821E-01,  6.50000000000000E-01, -4.33074673443802E+01,  1.16470000000002E+02,  1.40252131672591E+03,  3.18426233372309E+03
 1.93400000000000E+03,  4.68856417350442E-01,  2.25000000000000E-01, -4.33068772104296E+01,  1.16650000000002E+02,  1.65366197771546E+03,  4.34559026916867E+03
 1.93408333300000E+03,  4.50960283081294E-01,  2.77555756156289E-17, -4.33062856354338E+01,  1.16830000000002E+02,  1.68670138825816E+03,  4.72367750679882E+03
 1.93416666700000E+03,  4.30592512877802E-01,  4.50000000000000E-01, -4.33056926195314E+01,  1.17010000000002E+02,  2.56568534831052E+03,  3.73624004661240E+03
 1.93425000000000E+03,  4.09529386706612E-01,  5.50000000000000E-01, -4.33050981628613E+01,  1.17190000000002E+02,  2.70584781291315E+03,  2.21699115953915E+03
 1.93433333300000E+03,  3.86333264994788E-01,  3.00000000000000E-01, -4.33045022655626E+01,  1.17370000000002E+02,  2.44978575457304E+03,  2.42443398153118E+03
 1.93441666700000E+03,  3.58698643362900E-01,  5.00000000000000E-01, -4.33039049277753E+01,  1.17550000000002E+02,  2.06779221452732E+03,  1.66051393687284E+03
 1.93450000000000E+03,  3.27253527173717E-01,  3.50000000000000E-01, -4.33033061496393E+01,  1.17730000000002E+02,  1.98261244616529E+03,  1.11291382199678E+03
 1.93458333300000E+03,  2.39886900764154E-01, -2.00000000000000E-01, -4.33027059312952E+01,  1.17910000000002E+02,  1.40147586459205E+03,  1.15325296438456E+03
 1.93466666700000E+03,  1.25977794695472E-01, -3.00000000000000E-01, -4.16393968718459E+01,  1.18090000000002E+02,  1.52175466967301E+03,  2.19382414140132E+03
 1.93475000000000E+03,  1.23247689396187E-01, -7.50000000000000E-02, -4.16372915954061E+01,  1.18270000000002E+02,  2.29399707942208E+03,  2.17188742731099E+03
 1.93483333300000E+03,  2.00977390298480E-01,  2.50000000000000E-02, -4.16351853195731E+01,  1.18450000000002E+02,  2.13945633294392E+03,  2.03640245007270E+03
 1.93491666700000E+03,  2.69971281157202E-01,  1.50000000000000E-01, -4.16330780449184E+01,  1.18630000000002E+02,  1.88438402115593E+03,  2.34321612497949E+03
 1.93500000000000E+03,  3.25247504089096E-01,  2.00000000000000E-01, -4.16309697720136E+01,  1.18810000000002E+02,  1.65608211760638E+03,  2.36390191179472E+03
 1.93508333300000E+03,  3.66695965929591E-01,  3.25000000000000E-01, -4.16288605014309E+01,  1.18990000000002E+02,  1.46333633267672E+03,  3.53664950579069E+03
 1.93516666700000E+03,  3.96919631506072E-01,  7.75000000000000E-01, -4.16267502337427E+01,  1.19170000000002E+02,  1.02212977718354E+03,  3.57042419861429E+03
 1.93525000000000E+03,  4.17160263337464E-01,  3.50000000000000E-01, -4.16246389695215E+01,  1.19350000000002E+02,  8.85063624809363E+02,  3.51062199909287E+03
 1.93533333300000E+03,  4.25597324235927E-01, -4.25000000000000E-01, -4.16225267093403E+01,  1.19530000000002E+02,  2.15166142055399E+03,  3.67585374529674E+03
 1.93541666700000E+03,  4.19700401805017E-01, -2.50000000000000E-01, -4.16204134537723E+01,  1.19710000000002E+02,  2.55269502291838E+03,  3.72137310526961E+03
 1.93550000000000E+03,  4.00034583489453E-01,  0.00000000000000E+00, -4.16182992033910E+01,  1.19890000000002E+02,  2.61044793499912E+03,  1.50658722052624E+03
 1.93558333300000E+03,  4.01224215972302E-01,  1.50000000000000E-01, -4.16161839587701E+01,  1.20070000000002E+02,  2.54160188571241E+03,  1.26699839596578E+03
 1.93566666700000E+03,  4.11676955079066E-01,  7.25000000000000E-01, -3.94913909976305E+01,  1.20250000000002E+02,  2.50566805009911E+03,  1.28646448174370E+03
 1.93575000000000E+03,  3.58671397533384E-01,  7.25000000000000E-01, -3.94888221118942E+01,  1.20430000000002E+02,  1.87294759675161E+03,  2.03575097125896E+03
 1.93583333300000E+03,  2.60982245170622E-01, -1.50000000000000E-01, -3.94862542251335E+01,  1.20610000000002E+02,  2.01860876199861E+03,  2.33567460140171E+03
 1.93591666700000E+03,  1.62771672076786E-01, -6.75000000000000E-01, -3.94836873381779E+01,  1.20790000000002E+02,  2.03056081598178E+03,  3.03247527207171E+03
 1.93600000000000E+03,  6.11769010408478E-02, -5.00000000000000E-01, -3.94811214518568E+01,  1.20970000000002E+02,  2.06983663337353E+03,  3.06614031404248E+03
 1.93608333300000E+03, -4.20408054927693E-02, -1.50000000000000E-01, -3.94785565669988E+01,  1.21150000000002E+02,  2.32906219218879E+03,  3.13558681318042E+03
 1.93616666700000E+03, -1.42676864015520E-01,  1.75000000000000E-01, -3.94759926844328E+01,  1.21330000000002E+02,  2.50002768052570E+03,  2.19400068191962E+03
 1.93625000000000E+03, -2.38173806454786E-01,  5.75000000000000E-01, -3.94734298049867E+01,  1.21510000000002E+02,  2.14112372782000E+03,  2.22213254394095E+03
 1.93633333300000E+03, -3.29332645481179E-01,  6.50000000000000E-01, -3.94708679294885E+01,  1.21690000000002E+02,  2.25770659994422E+03,  2.82486045750818E+03
 1.93641666700000E+03, -4.17964860407956E-01,  3.75000000000000E-01, -3.94683070587656E+01,  1.21870000000002E+02,  2.02333664673712E+03,  2.99526984467686E+03
 1.93650000000000E+03, -5.03085747755163E-01,  5.00000000000000E-01, -3.94657471936452E+01,  1.22050000000002E+02,  2.32923019925008E+03,  4.65479598841978E+03
 1.93658333300000E+03, -2.78145779176219E-01,  7.00000000000000E-01, -3.94631883349538E+01,  1.22230000000002E+02,  2.01598836958939E+03,  4.61024530732685E+03
 1.93666666700000E+03,  2.69197037087405E-01,  4.25000000000000E-01, -4.94187151664980E+01,  1.22410000000002E+02,  1.95719852730938E+03,  4.35775866027714E+03
 1.93675000000000E+03,  5.38223373320710E-01, -2.50000000000000E-02, -4.94156605713603E+01,  1.22590000000002E+02,  2.15521833284097E+03,  4.25248195618016E+03
 1.93683333300000E+03,  5.07087163822627E-01, -1.75000000000000E-01, -4.94126050919677E+01,  1.22770000000002E+02,  2.76405124042780E+03,  5.12979390348593E+03
 1.93691666700000E+03,  4.59709235928119E-01,  3.00000000000000E-01, -4.94095487294911E+01,  1.22950000000002E+02,  2.29558561870775E+03,  3.47665916208008E+03
 1.93700000000000E+03,  3.93959850859059E-01,  3.50000000000000E-01, -4.94064914851014E+01,  1.23130000000002E+02,  2.16077014423236E+03,  3.12653166865511E+03
 1.93708333300000E+03,  3.12822019124371E-01,  1.75000000000000E-01, -4.94034333599701E+01,  1.23310000000002E+02,  2.33861014447961E+03,  3.13939170346054E+03
 1.93716666700000E+03,  2.22144207046035E-01,  7.25000000000000E-01, -4.94003743552689E+01,  1.23490000000002E+02,  2.01818538445205E+03,  1.96954012943129E+03
 1.93725000000000E+03,  1.26471326781461E-01,  4.50000000000000E-01, -4.93973144721700E+01,  1.23670000000002E+02,  1.37583755924649E+03,  1.14618325051785E+03
 1.93733333300000E+03,  2.72456999737367E-02, -2.25000000000000E-01, -4.93942537118459E+01,  1.23850000000002E+02,  1.69660017160168E+03,  9.78853947297185E+02
 1.93741666700000E+03, -7.49385613687127E-02, -1.25000000000000E-01, -4.93911920754692E+01,  1.24030000000002E+02,  1.44273959788177E+03,  1.28335818388421E+03
 1.93750000000000E+03, -1.76625241957493E-01,  2.50000000000000E-02, -4.93881295642133E+01,  1.24210000000002E+02,  1.04176723913332E+03,  1.54808806552138E+03
 1.93758333300000E+03,  6.54159682466273E-02,  0.00000000000000E+00, -4.93850661792516E+01,  1.24390000000002E+02,  1.50985957722420E+03,  1.89796578226916E+03
 1.93766666700000E+03,  6.60156599921349E-01, -2.00000000000000E-01, -4.24836003521060E+01,  1.24570000000002E+02,  1.34637944633003E+03,  1.60609683259110E+03
 1.93775000000000E+03,  9.33523702262254E-01, -7.50000000000000E-02, -4.24862486711675E+01,  1.24750000000002E+02,  1.34185771600782E+03,  2.84163882949236E+03
 1.93783333300000E+03,  8.68389596208513E-01,  4.00000000000000E-01, -4.24888974582686E+01,  1.24930000000002E+02,  2.26805621840351E+03,  3.64069672602448E+03
 1.93791666700000E+03,  7.88223742606739E-01,  7.25000000000000E-01, -4.24915467123200E+01,  1.25110000000002E+02,  2.69346397955227E+03,  3.34244510435306E+03
 1.93800000000000E+03,  6.91376004746315E-01,  9.75000000000000E-01, -4.24941964322323E+01,  1.25290000000002E+02,  2.54872373107994E+03,  2.95137230446938E+03
 1.93808333300000E+03,  5.81119229083363E-01,  7.75000000000000E-01, -4.24968466169160E+01,  1.25470000000002E+02,  2.43319349448336E+03,  3.10145053150940E+03
 1.93816666700000E+03,  4.63409536283191E-01,  3.25000000000000E-01, -4.24994972652814E+01,  1.25650000000002E+02,  2.57349338702405E+03,  2.51135444737349E+03
 1.93825000000000E+03,  3.42731707285450E-01,  6.00000000000000E-01, -4.25021483762388E+01,  1.25830000000002E+02,  2.20770953594407E+03,  3.47852706377661E+03
 1.93833333300000E+03,  2.20320419325949E-01,  1.12500000000000E+00, -4.25047999486983E+01,  1.26010000000002E+02,  1.79126493638307E+03,  4.85668333292291E+03
 1.93841666700000E+03,  9.64396698041257E-02,  1.22500000000000E+00, -4.25074519815696E+01,  1.26190000000002E+02,  1.36353226184054E+03,  5.91007401974543E+03
 1.93850000000000E+03, -2.58783309099657E-02,  1.22500000000000E+00, -4.25101044737627E+01,  1.26370000000002E+02,  3.56230088390086E+03,  6.42835736551117E+03
 1.93858333300000E+03, -1.98924545430181E-02,  1.00000000000000E+00, -4.25127574241873E+01,  1.26550000000002E+02,  3.82042694948287E+03,  5.73971558875321E+03
 1.93866666700000E+03,  1.47735547973980E-01,  4.50000000000000E-01, -3.93404861395644E+01,  1.26730000000002E+02,  3.21292790501640E+03,  3.65945509180112E+03
 1.93875000000000E+03,  2.61513404725117E-01,  3.50000000000000E-01, -3.93428154479861E+01,  1.26910000000002E+02,  3.23194112576963E+03,  4.02603848740008E+03
 1.93883333300000E+03,  2.82998509978444E-01,  6.25000000000000E-01, -3.93451455135091E+01,  1.27090000000002E+02,  3.50800331403670E+03,  3.41440350529633E+03
 1.93891666700000E+03,  2.95417752835405E-01,  8.00000000000000E-01, -3.93474763352361E+01,  1.27270000000002E+02,  1.49564044623759E+03,  3.30498827009910E+03
 1.93900000000000E+03,  2.95129117203015E-01,  1.02500000000000E+00, -3.93498079122692E+01,  1.27450000000002E+02,  1.10490171968358E+03,  3.42443180303143E+03
 1.93908333300000E+03,  2.83339695098847E-01,  1.10000000000000E+00, -3.93521402437104E+01,  1.27630000000002E+02,  1.12037248807273E+03,  3.72372114480762E+03
 1.93916666700000E+03,  2.63917060136812E-01,  9.75000000000000E-01, -3.93544733286614E+01,  1.27810000000002E+02,  1.58152409756062E+03,  2.65031799308267E+03
 1.93925000000000E+03,  2.39285978300579E-01,  5.75000000000000E-01, -3.93568071662237E+01,  1.27990000000002E+02,  1.33949125391240E+03,  2.83642037435973E+03
 1.93933333300000E+03,  2.08699817485084E-01,  1.50000000000000E-01, -3.93591417554986E+01,  1.28170000000002E+02,  1.13108157573976E+03,  2.08498354766831E+03
 1.93941666700000E+03,  1.70567639687252E-01,  1.25000000000000E-01, -3.93614770955870E+01,  1.28350000000002E+02,  1.14992835233952E+03,  2.10397313941435E+03
 1.93950000000000E+03,  1.26236977577266E-01,  5.00000000000000E-01, -3.93638131855898E+01,  1.28530000000002E+02,  1.36281540744256E+03,  4.08359753110580E+03
 1.93958333300000E+03, -2.44587855476972E-01,  4.00000000000000E-01, -3.93661500246074E+01,  1.28710000000002E+02,  2.25147436511288E+03,  4.56873538781623E+03
 1.93966666700000E+03, -9.22060340062760E-01, -5.50000000000000E-01, -5.02175053381327E+01,  1.28890000000002E+02,  2.21576727953582E+03,  4.28426615402157E+03
 1.93975000000000E+03, -1.23897941985746E+00, -8.50000000000000E-01, -5.02179930751070E+01,  1.29070000000002E+02,  2.48052902465965E+03,  5.53562971602602E+03
 1.93983333300000E+03, -1.21260908381049E+00, -9.00000000000000E-01, -5.02184789592493E+01,  1.29250000000002E+02,  2.65832367786158E+03,  6.41281756519277E+03
 1.93991666700000E+03, -1.18867947724084E+00, -9.75000000000000E-01, -5.02189629903181E+01,  1.29430000000002E+02,  2.48084211371706E+03,  4.31452199767814E+03
 1.94000000000000E+03, -1.17125959448812E+00, -1.75000000000000E-01, -5.02194451680726E+01,  1.29610000000002E+02,  1.54887023891951E+03,  3.19029248949935E+03
 1.94008333300000E+03, -1.15964419706634E+00,  2.50000000000000E-02, -5.02199254922728E+01,  1.29790000000002E+02,  1.77844036673779E+03,  2.90920384994279E+03
 1.94016666700000E+03, -1.15052659492181E+00, -6.75000000000000E-01, -5.02204039626793E+01,  1.29970000000002E+02,  1.79970253952466E+03,  1.74781349117471E+03
 1.94025000000000E+03, -1.14208543295155E+00, -1.02500000000000E+00, -5.02208805790535E+01,  1.30150000000002E+02,  1.39497841443857E+03,  6.31751318378209E+02
 1.94033333300000E+03, -1.13569654933271E+00, -1.12500000000000E+00, -5.02213553411574E+01,  1.30330000000002E+02,  1.99575932663941E+03,  8.01107621952202E+02
 1.94041666700000E+03, -1.13358934258111E+00, -1.25000000000000E+00, -5.02218282487540E+01,  1.30510000000002E+02,  1.56134270412593E+03,  8.32479265737239E+02
 1.94050000000000E+03, -1.13504805359390E+00, -1.22500000000000E+00, -5.02222993016066E+01,  1.30690000000002E+02,  1.33419851671500E+03,  1.10435316708065E+03
 1.94058333300000E+03, -1.06041602558207E+00, -1.37500000000000E+00, -5.02227684994796E+01,  1.30870000000002E+02,  1.28450062269417E+03,  2.82732231591992E+03
 1.94066666700000E+03, -9.08417223765783E-01, -2.10000000000000E+00, -4.25522599639415E+01,  1.31050000000002E+02,  1.60912517418665E+03,  2.97692602590187E+03
 1.94075000000000E+03, -8.31262217284292E-01, -2.25000000000000E+00, -4.25504245795650E+01,  1.31230000000002E+02,  1.28543117266882E+03,  3.10885189447792E+03
 1.94083333300000E+03, -8.27999099416221E-01, -1.82500000000000E+00, -4.25485909345951E+01,  1.31410000000002E+02,  2.16924764517396E+03,  3.70663628272963E+03
 1.94091666700000E+03, -8.25338997870981E-01, -1.95000000000000E+00, -4.25467590296949E+01,  1.31590000000002E+02,  2.67015640180786E+03,  3.53730176341994E+03
 1.94100000000000E+03, -8.26909093220353E-01, -2.20000000000000E+00, -4.25449288655265E+01,  1.31770000000002E+02,  2.54603971166901E+03,  2.01168157316753E+03
 1.94108333300000E+03, -8.31587415847596E-01, -2.10000000000000E+00, -4.25431004427514E+01,  1.31950000000002E+02,  3.29621428700048E+03,  3.43085442926320E+03
 1.94116666700000E+03, -8.35680072707896E-01, -1.45000000000000E+00, -4.25412737620302E+01,  1.32130000000002E+02,  3.20395126186885E+03,  3.34208359731908E+03
 1.94125000000000E+03, -8.37012068831486E-01, -7.25000000000000E-01, -4.25394488240229E+01,  1.32310000000003E+02,  2.82955929086809E+03,  2.75675013613718E+03
 1.94133333300000E+03, -8.36642770173117E-01, -5.50000000000000E-01, -4.25376256293888E+01,  1.32490000000003E+02,  2.48261747230367E+03,  2.61373455829051E+03
 1.94141666700000E+03, -8.36525430077848E-01, -1.17500000000000E+00, -4.25358041787863E+01,  1.32670000000003E+02,  2.90924445936539E+03,  2.67818330992793E+03
 1.94150000000000E+03, -8.35711180239714E-01, -1.82500000000000E+00, -4.25339844728732E+01,  1.32850000000003E+02,  1.92640779667395E+03,  1.32790267202122E+03
 1.94158333300000E+03, -6.04965047718341E-01, -1.50000000000000E+00, -4.25321665123065E+01,  1.33030000000003E+02,  1.93658486949665E+03,  1.91041640425561E+03
 1.94166666700000E+03, -1.39816504268133E-01, -1.02500000000000E+00, -4.97860670437820E+01,  1.33210000000003E+02,  1.84439496458270E+03,  1.89887173731515E+03
 1.94175000000000E+03,  1.10494125608872E-01, -8.50000000000000E-01, -4.97847220746728E+01,  1.33390000000003E+02,  1.65819699501391E+03,  2.30673938286178E+03
 1.94183333300000E+03,  1.41013644505697E-01, -8.75000000000000E-01, -4.97833753624747E+01,  1.33570000000003E+02,  1.11032174333259E+03,  2.00868358941730E+03
 1.94191666700000E+03,  1.69663461712987E-01, -1.47500000000000E+00, -4.97820269076401E+01,  1.33750000000003E+02,  1.36365828673648E+03,  1.94880372449264E+03
 1.94200000000000E+03,  1.92388010816882E-01, -1.42500000000000E+00, -4.97806767106220E+01,  1.33930000000003E+02,  1.30812760054677E+03,  1.96750657332471E+03
 1.94208333300000E+03,  2.09881710257240E-01, -5.50000000000000E-01, -4.97793247718740E+01,  1.34110000000003E+02,  9.53928571552021E+02,  1.88624023197319E+03
 1.94216666700000E+03,  2.25416762674720E-01, -4.75000000000000E-01, -4.97779710918505E+01,  1.34290000000003E+02,  1.02609188595358E+03,  1.95615326794031E+03
 1.94225000000000E+03,  2.40757383283483E-01, -2.00000000000000E-01, -4.97766156710064E+01,  1.34470000000003E+02,  1.14437336915317E+03,  2.03999035888502E+03
 1.94233333300000E+03,  2.54449352526993E-01,  7.00000000000000E-01, -4.97752585097973E+01,  1.34650000000003E+02,  1.36981277294840E+03,  2.41928118209308E+03
 1.94241666700000E+03,  2.64165414930186E-01,  6.75000000000000E-01, -4.97738996086796E+01,  1.34830000000003E+02,  1.34796270310234E+03,  1.50648887466672E+03
 1.94250000000000E+03,  2.70506065946120E-01,  3.50000000000000E-01, -4.97725389681101E+01,  1.35010000000003E+02,  1.71930838786223E+03,  4.21599762886727E+03
 1.94258333300000E+03,  4.28346006084731E-01,  6.50000000000000E-01, -4.97711765885464E+01,  1.35190000000003E+02,  1.72394839218621E+03,  5.30705822090252E+03
 1.94266666700000E+03,  7.41074524523184E-01,  9.75000000000000E-01, -5.02776847475448E+01,  1.35370000000003E+02,  1.66113373805906E+03,  5.80853236970596E+03
 1.94275000000000E+03,  9.07761242474624E-01,  9.75000000000000E-01, -5.02775657305114E+01,  1.35550000000003E+02,  8.77496411837547E+02,  5.71322994476983E+03
 1.94283333300000E+03,  9.26624876642025E-01,  7.00000000000000E-01, -5.02774448202067E+01,  1.35730000000003E+02,  6.54998089409012E+02,  6.56944037501995E+03
 1.94291666700000E+03,  9.43562504795393E-01,  3.50000000000000E-01, -5.02773220166225E+01,  1.35910000000003E+02,  6.29717588780714E+02,  4.15198760065550E+03
 1.94300000000000E+03,  9.54522932455430E-01,  5.50000000000000E-01, -5.02771973197512E+01,  1.36090000000003E+02,  1.45541535080347E+03,  2.87413928984157E+03
 1.94308333300000E+03,  9.60206601019370E-01,  1.00000000000000E+00, -5.02770707295862E+01,  1.36270000000003E+02,  1.38291325373864E+03,  2.30369207665200E+03
 1.94316666700000E+03,  9.63894068039385E-01,  8.50000000000000E-01, -5.02769422461215E+01,  1.36450000000003E+02,  1.40456769657597E+03,  2.17374370893520E+03
 1.94325000000000E+03,  9.67360886582234E-01,  6.00000000000000E-01, -5.02768118693517E+01,  1.36630000000003E+02,  1.56525125205234E+03,  1.55677791937495E+03
 1.94333333300000E+03,  9.69167764387167E-01,  2.50000000000000E-01, -5.02766795992724E+01,  1.36810000000003E+02,  1.51008825176776E+03,  1.09073754316626E+03
 1.94341666700000E+03,  9.67006512949579E-01, -7.50000000000000E-02, -5.02765454358796E+01,  1.36990000000003E+02,  6.11650788623013E+02,  9.94720773635632E+02
 1.94350000000000E+03,  9.61501315009796E-01,  3.50000000000000E-01, -5.02764093791702E+01,  1.37170000000003E+02,  1.25506665006820E+03,  1.55321682676940E+03
 1.94358333300000E+03,  7.44611056314972E-01,  8.50000000000000E-01, -5.02762714291419E+01,  1.37350000000003E+02,  1.77922101911667E+03,  1.69908538125085E+03
 1.94366666700000E+03,  3.16633078401456E-01,  9.50000000000000E-01, -5.17727806609111E+01,  1.37530000000003E+02,  1.72249338151954E+03,  1.86922480947790E+03
 1.94375000000000E+03,  9.98845986027494E-02,  8.50000000000000E-01, -5.17744899583607E+01,  1.37710000000003E+02,  1.35206307234219E+03,  1.87209478569721E+03
 1.94383333300000E+03,  9.66868289968826E-02,  3.50000000000000E-01, -5.17761975988285E+01,  1.37890000000003E+02,  2.11552681878945E+03,  1.93244423024229E+03
 1.94391666700000E+03,  9.37296428569882E-02, -4.00000000000000E-01, -5.17779035815246E+01,  1.38070000000003E+02,  1.89504938743005E+03,  1.45155837612799E+03
 1.94400000000000E+03,  8.71490748176482E-02, -6.00000000000000E-01, -5.17796079056592E+01,  1.38250000000003E+02,  1.69290139068252E+03,  1.30460019779041E+03
 1.94408333300000E+03,  7.78028371059072E-02, -1.75000000000000E-01, -5.17813105704439E+01,  1.38430000000003E+02,  2.08687243009079E+03,  9.67407780922407E+02
 1.94416666700000E+03,  6.90979435131744E-02, -5.00000000000000E-02, -5.17830115750904E+01,  1.38610000000003E+02,  2.37196337760706E+03,  1.10021409425650E+03
 1.94425000000000E+03,  6.29050801622682E-02, -3.50000000000000E-01, -5.17847109188116E+01,  1.38790000000003E+02,  2.51936798384861E+03,  2.95790669151799E+03
 1.94433333300000E+03,  5.78485974355589E-02, -5.00000000000000E-01, -5.17864086008209E+01,  1.38970000000003E+02,  2.69722130710251E+03,  4.16659411273567E+03
 1.94441666700000E+03,  5.16526255054126E-02, -6.25000000000000E-01, -5.17881046203324E+01,  1.39150000000003E+02,  2.83619419805322E+03,  4.25329787398209E+03
 1.94450000000000E+03,  4.49428286422848E-02, -7.25000000000000E-01, -5.17897989765610E+01,  1.39330000000003E+02,  2.68706303259298E+03,  4.69268533698276E+03
 1.94458333300000E+03, -3.69916707067856E-02, -5.75000000000000E-01, -5.17914916687226E+01,  1.39510000000003E+02,  3.44141311651221E+03,  4.98607437092033E+03
 1.94466666700000E+03, -1.81246899757162E-01, -4.75000000000000E-01, -4.12711907472854E+01,  1.39690000000003E+02,  2.78443538855424E+03,  3.04319476702574E+03
 1.94475000000000E+03, -2.18602004133389E-01, -4.25000000000000E-01, -4.12687437086230E+01,  1.39870000000003E+02,  2.91539083910632E+03,  1.96717765636792E+03
 1.94483333300000E+03, -1.57556504844434E-01,  0.00000000000000E+00, -4.12662979320406E+01,  1.40050000000003E+02,  2.78211285940791E+03,  1.66313129208075E+03
 1.94491666700000E+03, -9.02362186938139E-02,  3.25000000000000E-01, -4.12638534183899E+01,  1.40230000000003E+02,  2.63782296878554E+03,  1.55402871973075E+03
 1.94500000000000E+03, -2.12909750733594E-02,  1.75000000000000E-01, -4.12614101685224E+01,  1.40410000000003E+02,  1.75886616777207E+03,  1.64090808514094E+03
 1.94508333300000E+03,  4.92276842337429E-02,  6.00000000000000E-01, -4.12589681832888E+01,  1.40590000000003E+02,  1.50102934617265E+03,  1.62468581039803E+03
 1.94516666700000E+03,  1.23705607672040E-01,  9.00000000000000E-01, -4.12565274635396E+01,  1.40770000000003E+02,  9.32497538648035E+02,  2.00025969929943E+03
 1.94525000000000E+03,  2.02894616516183E-01,  1.25000000000000E-01, -4.12540880101246E+01,  1.40950000000003E+02,  1.23058777578401E+03,  2.25459502705201E+03
 1.94533333300000E+03,  2.84219226253291E-01, -5.00000000000000E-02, -4.12516498238933E+01,  1.41130000000003E+02,  2.41559673806650E+03,  2.75197966309850E+03
 1.94541666700000E+03,  3.64141733848465E-01,  2.50000000000000E-01, -4.12492129056946E+01,  1.41310000000003E+02,  2.67443533194598E+03,  2.47820405945864E+03
 1.94550000000000E+03,  4.41984851649120E-01,  2.25000000000000E-01, -4.12467772563768E+01,  1.41490000000003E+02,  2.95426804419467E+03,  2.87974706487045E+03
 1.94558333300000E+03,  3.28790240750397E-01,  3.50000000000000E-01, -4.12443428767880E+01,  1.41670000000003E+02,  3.12512202607602E+03,  2.52806700322285E+03
 1.94566666700000E+03,  3.14272110221280E-03,  1.50000000000000E-01, -4.59905416947504E+01,  1.41850000000003E+02,  2.64600274385206E+03,  2.51611104953129E+03
 1.94575000000000E+03, -1.75333269495622E-01, -2.75000000000000E-01, -4.59934033138320E+01,  1.42030000000003E+02,  1.25558969336782E+03,  1.66051868607550E+03
 1.94583333300000E+03, -1.85172478686419E-01, -3.25000000000000E-01, -4.59962649015200E+01,  1.42210000000003E+02,  9.15266083827364E+02,  1.56453578406519E+03
 1.94591666700000E+03, -1.99157728232206E-01, -1.50000000000000E-01, -4.59991264565633E+01,  1.42390000000003E+02,  1.08197828020309E+03,  1.48079482711956E+03
 1.94600000000000E+03, -2.20782385163463E-01,  2.75000000000000E-01, -4.60019879777111E+01,  1.42570000000003E+02,  1.18371408248581E+03,  2.70785218975354E+03
 1.94608333300000E+03, -2.48692424394818E-01,  4.00000000000000E-01, -4.60048494637124E+01,  1.42750000000003E+02,  1.28448701756087E+03,  2.45072248641128E+03
 1.94616666700000E+03, -2.78878349449178E-01, -3.00000000000000E-01, -4.60077109133162E+01,  1.42930000000003E+02,  1.89566411371272E+03,  2.92556949785297E+03
 1.94625000000000E+03, -3.08784508421749E-01, -7.00000000000000E-01, -4.60105723252719E+01,  1.43110000000003E+02,  2.00685070279698E+03,  3.23462815179587E+03
 1.94633333300000E+03, -3.39046155883795E-01, -5.75000000000000E-01, -4.60134336983289E+01,  1.43290000000003E+02,  1.54675350523049E+03,  2.76149640450492E+03
 1.94641666700000E+03, -3.71172843590962E-01, -6.25000000000000E-01, -4.60162950312364E+01,  1.43470000000003E+02,  1.72042702549677E+03,  1.28324278094656E+03
 1.94650000000000E+03, -4.03777608153605E-01, -6.25000000000000E-01, -4.60191563227438E+01,  1.43650000000003E+02,  1.46506577680117E+03,  1.22387526123784E+03
 1.94658333300000E+03, -3.20715627034206E-01, -5.50000000000000E-01, -4.60220175716008E+01,  1.43830000000003E+02,  2.13348955994623E+03,  7.43304311161456E+02
 1.94666666700000E+03, -1.29352442722433E-01, -7.25000000000000E-01, -4.88965253407608E+01,  1.44010000000003E+02,  2.13649275142837E+03,  6.04344165069898E+02
 1.94675000000000E+03, -6.77396997100092E-02, -8.00000000000000E-01, -4.88933394038843E+01,  1.44190000000003E+02,  2.81877541929122E+03,  1.08486038809145E+03
 1.94683333300000E+03, -1.35247875738943E-01, -4.75000000000000E-01, -4.88901527831037E+01,  1.44370000000003E+02,  2.67248124753468E+03,  1.40361615260700E+03
 1.94691666700000E+03, -2.15956618828923E-01, -4.75000000000000E-01, -4.88869654796427E+01,  1.44550000000003E+02,  3.20856193535601E+03,  1.74098948198267E+03
 1.94700000000000E+03, -3.09490415291040E-01, -5.50000000000000E-01, -4.88837774947251E+01,  1.44730000000003E+02,  2.04587719688226E+03,  2.03509294287005E+03
 1.94708333300000E+03, -4.10487418608823E-01,  1.00000000000000E-01, -4.88805888295750E+01,  1.44910000000003E+02,  2.33790560728845E+03,  1.79997523216596E+03
 1.94716666700000E+03, -5.10934931697656E-01,  5.00000000000000E-01, -4.88773994854168E+01,  1.45090000000003E+02,  1.76516846150257E+03,  1.46834842949269E+03
 1.94725000000000E+03, -6.04421048028419E-01, -1.00000000000000E-01, -4.88742094634752E+01,  1.45270000000003E+02,  1.51581671005962E+03,  1.53552970934176E+03
 1.94733333300000E+03, -6.88007929199908E-01, -6.25000000000000E-01, -4.88710187649752E+01,  1.45450000000003E+02,  9.78002232096591E+02,  1.54013841363273E+03
 1.94741666700000E+03, -7.60040656167810E-01, -3.75000000000000E-01, -4.88678273911419E+01,  1.45630000000003E+02,  1.50299053914829E+03,  1.43392733313525E+03
 1.94750000000000E+03, -8.16486868627593E-01,  2.50000000000000E-01, -4.88646353432010E+01,  1.45810000000003E+02,  1.23868428671497E+03,  1.80209500872643E+03
 1.94758333300000E+03, -6.23402856891091E-01,  7.50000000000000E-01, -4.88614426223781E+01,  1.45990000000003E+02,  2.02161668939042E+03,  2.56437785042665E+03
 1.94766666700000E+03, -1.66772538213438E-01,  6.00000000000000E-01, -4.52854962662536E+01,  1.46170000000003E+02,  2.30136390123017E+03,  2.53785779567544E+03
 1.94775000000000E+03,  1.02519642491458E-01,  3.50000000000000E-01, -4.52876761631281E+01,  1.46350000000003E+02,  2.51976969934964E+03,  2.59695699970410E+03
 1.94783333300000E+03,  1.60459913136114E-01,  4.75000000000000E-01, -4.52898574798240E+01,  1.46530000000003E+02,  2.39623466434023E+03,  2.83893485113144E+03
 1.94791666700000E+03,  2.14258031258583E-01,  1.25000000000000E-01, -4.52920402152385E+01,  1.46710000000003E+02,  2.49898644300591E+03,  2.91815813830808E+03
 1.94800000000000E+03,  2.60843432835645E-01, -3.50000000000000E-01, -4.52942243682678E+01,  1.46890000000003E+02,  1.99506076374752E+03,  2.29593188888330E+03
 1.94808333300000E+03,  3.01948958434132E-01, -1.00000000000000E-01, -4.52964099378079E+01,  1.47070000000003E+02,  1.84463487713751E+03,  2.18499214924842E+03
 1.94816666700000E+03,  3.41891754108883E-01,  3.00000000000000E-01, -4.52985969227535E+01,  1.47250000000003E+02,  1.61693545749193E+03,  2.27379883632769E+03
 1.94825000000000E+03,  3.83440283234243E-01,  4.50000000000000E-01, -4.53007853219994E+01,  1.47430000000003E+02,  1.19500674463860E+03,  1.72854005789594E+03
 1.94833333300000E+03,  4.26057968801375E-01,  3.00000000000000E-01, -4.53029751344396E+01,  1.47610000000003E+02,  8.76987490483035E+02,  1.19807392033847E+03
 1.94841666700000E+03,  4.68205584890028E-01,  2.00000000000000E-01, -4.53051663589671E+01,  1.47790000000003E+02,  1.14454088245055E+03,  9.39941732117174E+02
 1.94850000000000E+03,  5.11103428322509E-01,  5.50000000000000E-01, -4.53073589944749E+01,  1.47970000000003E+02,  1.25128211929456E+03,  7.08660714938797E+02
 1.94858333300000E+03,  6.29416887669256E-01,  5.50000000000000E-01, -4.53095530398548E+01,  1.48150000000003E+02,  1.40736488828708E+03,  4.97949471637634E+02
 1.94866666700000E+03,  8.03722490084164E-01,  1.75000000000000E-01, -4.04874804342253E+01,  1.48330000000003E+02,  1.55348859578757E+03,  1.67098805022717E+03
 1.94875000000000E+03,  8.64326867975206E-01,  4.25000000000000E-01, -4.04845064698233E+01,  1.48510000000003E+02,  2.63987363280445E+03,  3.87222980219622E+03
 1.94883333300000E+03,  8.18719017304432E-01,  5.75000000000000E-01, -4.04815324399688E+01,  1.48690000000003E+02,  2.61161602561779E+03,  4.66263487406614E+03
 1.94891666700000E+03,  7.49354275644813E-01, -2.25000000000000E-01, -4.04785583455551E+01,  1.48870000000003E+02,  2.16091448977799E+03,  4.85478579183509E+03
 1.94900000000000E+03,  6.54212065172093E-01, -3.75000000000000E-01, -4.04755841874752E+01,  1.49050000000003E+02,  2.21520245276715E+03,  5.21618105075456E+03
 1.94908333300000E+03,  5.36599350987332E-01,  7.00000000000000E-01, -4.04726099666226E+01,  1.49230000000003E+02,  3.43415600046201E+03,  4.50518438350696E+03
 1.94916666700000E+03,  4.02921122651337E-01,  9.50000000000000E-01, -4.04696356838906E+01,  1.49410000000003E+02,  2.54237580067997E+03,  2.89576167238644E+03
 1.94925000000000E+03,  2.58521644411137E-01,  1.75000000000000E-01, -4.04666613401725E+01,  1.49590000000003E+02,  2.04672592010010E+03,  2.27776984572020E+03
 1.94933333300000E+03,  1.05887124978947E-01, -3.25000000000000E-01, -4.04636869363617E+01,  1.49770000000003E+02,  2.05817776462150E+03,  3.04545757476092E+03
 1.94941666700000E+03, -5.31074654641134E-02, -4.50000000000000E-01, -4.04607124733516E+01,  1.49950000000003E+02,  1.93630500563305E+03,  2.36759764923650E+03
 1.94950000000000E+03, -2.13505322825446E-01, -3.00000000000000E-01, -4.04577379520356E+01,  1.50130000000003E+02,  5.66139208408374E+02,  2.25904681687848E+03
 1.94958333300000E+03,  2.28793431728158E-02, -1.25000000000000E-01, -4.04547633733071E+01,  1.50310000000003E+02,  6.47749341172196E+02,  1.72505018397877E+03
 1.94966666700000E+03,  7.29619566778164E-01,  2.25000000000000E-01, -4.57051891313796E+01,  1.50490000000003E+02,  6.02700903681132E+02,  2.40155871605281E+03
 1.94975000000000E+03,  1.18781726395156E+00,  4.75000000000000E-01, -4.57026579151099E+01,  1.50670000000003E+02,  1.64792802595380E+03,  2.15552868450825E+03
 1.94983333300000E+03,  1.31211357253730E+00,  6.50000000000000E-01, -4.57001256692685E+01,  1.50850000000003E+02,  1.71910652119610E+03,  2.59771160611282E+03
 1.94991666700000E+03,  1.41115310324846E+00,  1.32500000000000E+00, -4.56975923946774E+01,  1.51030000000003E+02,  1.87206690365743E+03,  2.73109536222709E+03
 1.95000000000000E+03,  1.47969047588700E+00,  1.87500000000000E+00, -4.56950580921584E+01,  1.51210000000003E+02,  1.76800417662600E+03,  3.06941107136999E+03
 1.95008333300000E+03,  1.51772482877182E+00,  1.92500000000000E+00, -4.56925227625340E+01,  1.51390000000003E+02,  2.09331787297804E+03,  2.47430568620111E+03
 1.95016666700000E+03,  1.52834148600448E+00,  1.72500000000000E+00, -4.56899864066270E+01,  1.51570000000003E+02,  1.13684687566583E+03,  1.78314545000683E+03
 1.95025000000000E+03,  1.51362886770058E+00,  1.60000000000000E+00, -4.56874490252602E+01,  1.51750000000003E+02,  1.18002036119282E+03,  2.43090976070243E+03
 1.95033333300000E+03,  1.47295948401098E+00,  1.57500000000000E+00, -4.56849106192574E+01,  1.51930000000003E+02,  1.69416719924644E+03,  2.79786787582540E+03
 1.95041666700000E+03,  1.40531576567523E+00,  1.47500000000000E+00, -4.56823711894422E+01,  1.52110000000003E+02,  1.72060732073106E+03,  2.86624339973254E+03
 1.95050000000000E+03,  1.31306074686864E+00,  1.20000000000000E+00, -4.56798307366387E+01,  1.52290000000003E+02,  1.43485000223966E+03,  2.77177108284664E+03
 1.95058333300000E+03,  1.20282104166901E+00,  8.25000000000000E-01, -4.56772892616714E+01,  1.52470000000003E+02,  1.53063462564359E+03,  3.62093937926761E+03
 1.95066666700000E+03,  1.11361354689255E+00,  7.00000000000000E-01, -4.33332494339761E+01,  1.52650000000003E+02,  1.51756035819156E+03,  3.26889676360281E+03
 1.95075000000000E+03,  1.08100520240840E+00,  1.27500000000000E+00, -4.33301736534326E+01,  1.52830000000003E+02,  8.52094617609630E+02,  3.22701209069202E+03
 1.95083333300000E+03,  1.07180064436025E+00,  2.17500000000000E+00, -4.33270976173195E+01,  1.53010000000003E+02,  8.37409349372744E+02,  3.09568985034942E+03
 1.95091666700000E+03,  1.04881872123343E+00,  2.20000000000000E+00, -4.33240213266435E+01,  1.53190000000003E+02,  1.02416917025301E+03,  2.97945342052529E+03
 1.95100000000000E+03,  1.00798934404355E+00,  1.57500000000000E+00, -4.33209447824119E+01,  1.53370000000003E+02,  1.05988271870203E+03,  2.60595380873729E+03
 1.95108333300000E+03,  9.50099656305171E-01,  1.25000000000000E+00, -4.33178679856314E+01,  1.53550000000003E+02,  1.34643308694917E+03,  2.55404695340706E+03
 1.95116666700000E+03,  8.78648715321697E-01,  8.50000000000000E-01, -4.33147909373092E+01,  1.53730000000003E+02,  1.75924442572557E+03,  2.35608631144124E+03
 1.95125000000000E+03,  7.95788303661388E-01,  1.25000000000000E-01, -4.33117136384526E+01,  1.53910000000003E+02,  1.77495075980796E+03,  2.05347371587158E+03
 1.95133333300000E+03,  7.00637185471409E-01,  2.50000000000000E-02, -4.33086360900689E+01,  1.54090000000003E+02,  2.05641346949320E+03,  2.35237968940023E+03
 1.95141666700000E+03,  5.91647767552358E-01,  4.25000000000000E-01, -4.33055582931654E+01,  1.54270000000003E+02,  1.87332219609331E+03,  1.87822585800861E+03
 1.95150000000000E+03,  4.70423192727781E-01,  1.75000000000000E-01, -4.33024802487496E+01,  1.54450000000003E+02,  1.53993093064808E+03,  1.49482210804388E+03
 1.95158333300000E+03,  3.45267353524775E-01, -2.75000000000000E-01, -4.32994019578290E+01,  1.54630000000003E+02,  1.45871731554246E+03,  8.87332437010187E+02
 1.95166666700000E+03,  2.52419766885466E-01, -4.75000000000000E-01, -3.93766028941285E+01,  1.54810000000003E+02,  1.38087543603005E+03,  2.06659667808804E+03
 1.95175000000000E+03,  2.19772584940451E-01, -6.25000000000000E-01, -3.93765608228682E+01,  1.54990000000003E+02,  1.17771767681654E+03,  1.85376467575535E+03
 1.95183333300000E+03,  2.15853703867780E-01, -9.25000000000000E-01, -3.93765206072810E+01,  1.55170000000003E+02,  1.40160213506959E+03,  1.90631186711604E+03
 1.95191666700000E+03,  2.08110102423711E-01, -1.15000000000000E+00, -3.93764822472818E+01,  1.55350000000003E+02,  1.76390641504602E+03,  1.88663896274810E+03
 1.95200000000000E+03,  1.92658364595125E-01, -7.50000000000000E-01, -3.93764457427851E+01,  1.55530000000003E+02,  1.78282709070748E+03,  2.21049150366211E+03
 1.95208333300000E+03,  1.70370645663514E-01, -4.25000000000000E-01, -3.93764110937044E+01,  1.55710000000003E+02,  2.06701057749652E+03,  2.06613707589394E+03
 1.95216666700000E+03,  1.44707949879886E-01, -5.25000000000000E-01, -3.93763782999526E+01,  1.55890000000003E+02,  1.88078557203355E+03,  1.95358615087698E+03
 1.95225000000000E+03,  1.17640251789095E-01, -2.50000000000000E-01, -3.93763473614420E+01,  1.56070000000003E+02,  1.81012400026997E+03,  2.23397998791656E+03
 1.95233333300000E+03,  8.79419426024843E-02,  2.75000000000000E-01, -3.93763182780839E+01,  1.56250000000003E+02,  1.34545858658129E+03,  2.31932696064870E+03
 1.95241666700000E+03,  5.35427208639599E-02,  2.50000000000000E-01, -3.93762910497890E+01,  1.56430000000003E+02,  1.06339898571255E+03,  2.01902460046670E+03
 1.95250000000000E+03,  1.53330515365521E-02,  1.50000000000000E-01, -3.93762656764675E+01,  1.56610000000003E+02,  6.75327329196527E+02,  1.71108445165768E+03
 1.95258333300000E+03,  4.63810775086653E-02,  2.00000000000000E-01, -3.93762421580285E+01,  1.56790000000003E+02,  5.32587024572966E+02,  2.74617506779971E+03
 1.95266666700000E+03,  1.46188621620993E-01,  2.50000000000000E-01, -3.61644505648560E+01,  1.56970000000003E+02,  3.39808353511609E+02,  3.80321337841527E+03
 1.95275000000000E+03,  1.73759760388995E-01,  6.75000000000000E-01, -3.61624955853221E+01,  1.57150000000003E+02,  3.43957641269662E+02,  3.43545139506667E+03
 1.95283333300000E+03,  1.31069221302921E-01,  4.75000000000000E-01, -3.61605418268776E+01,  1.57330000000003E+02,  6.46621869785923E+02,  3.85064490507853E+03
 1.95291666700000E+03,  8.61987747720019E-02, -5.00000000000000E-01, -3.61585892900856E+01,  1.57510000000003E+02,  1.31600677867635E+03,  3.82171657542203E+03
 1.95300000000000E+03,  3.56673264280189E-02, -7.75000000000000E-01, -3.61566379755090E+01,  1.57690000000003E+02,  1.35874211361132E+03,  2.85722011223132E+03
 1.95308333300000E+03, -1.92778897300296E-02, -5.00000000000000E-01, -3.61546878837100E+01,  1.57870000000003E+02,  1.39935375035128E+03,  1.83121900375782E+03
 1.95316666700000E+03, -7.48372446040618E-02, -7.50000000000000E-02, -3.61527390152509E+01,  1.58050000000003E+02,  1.67856217366645E+03,  3.78995722692427E+03
 1.95325000000000E+03, -1.28747652829268E-01, -1.75000000000000E-01, -3.61507913706930E+01,  1.58230000000003E+02,  1.27091871189371E+03,  3.46100571900470E+03
 1.95333333300000E+03, -1.81995622487880E-01, -7.75000000000000E-01, -3.61488449505976E+01,  1.58410000000003E+02,  7.37254952656883E+02,  2.92945303811555E+03
 1.95341666700000E+03, -2.36473879393503E-01, -6.75000000000000E-01, -3.61468997555255E+01,  1.58590000000003E+02,  8.08839760668616E+02,  3.24140496742963E+03
 1.95350000000000E+03, -2.91182043820504E-01, -4.00000000000000E-01, -3.61449557860370E+01,  1.58770000000004E+02,  1.33583542338560E+03,  3.46623638699517E+03
 1.95358333300000E+03, -1.92301616355418E-01, -5.00000000000000E-01, -3.61430130426922E+01,  1.58950000000004E+02,  1.65841546283969E+03,  1.97922613247253E+03
 1.95366666700000E+03,  7.93657601753881E-02, -6.25000000000000E-01, -4.13614052648437E+01,  1.59130000000004E+02,  1.63743621942248E+03,  1.99383496178182E+03
 1.95375000000000E+03,  2.39392250042499E-01, -4.75000000000000E-01, -4.13589127270549E+01,  1.59310000000004E+02,  1.53266142638921E+03,  2.21478336959801E+03
 1.95383333300000E+03,  2.66506944574707E-01, -5.25000000000000E-01, -4.13564214199098E+01,  1.59490000000004E+02,  2.00085742536429E+03,  2.03993361614707E+03
 1.95391666700000E+03,  2.87693626309050E-01, -2.75000000000000E-01, -4.13539313442778E+01,  1.59670000000004E+02,  1.41571825679185E+03,  1.66905099866382E+03
 1.95400000000000E+03,  2.98940172609126E-01,  3.00000000000000E-01, -4.13514425010279E+01,  1.59850000000004E+02,  7.81940929961025E+02,  1.81321865452028E+03
 1.95408333300000E+03,  3.00976490643623E-01,  7.50000000000000E-02, -4.13489548910282E+01,  1.60030000000004E+02,  9.03834299510720E+02,  2.03211110678314E+03
 1.95416666700000E+03,  2.97108004741811E-01,  3.75000000000000E-01, -4.13464685151469E+01,  1.60210000000004E+02,  1.42579460894331E+03,  2.81868544819439E+03
 1.95425000000000E+03,  2.89136854446899E-01,  1.25000000000000E+00, -4.13439833742513E+01,  1.60390000000004E+02,  9.72242781668509E+02,  2.66922042522412E+03
 1.95433333300000E+03,  2.75659415848961E-01,  1.07500000000000E+00, -4.13414994692085E+01,  1.60570000000004E+02,  1.07700007570600E+03,  2.35503983406243E+03
 1.95441666700000E+03,  2.54420377136358E-01,  5.50000000000000E-01, -4.13390168008850E+01,  1.60750000000004E+02,  1.49813141606665E+03,  2.49628981130889E+03
 1.95450000000000E+03,  2.26122565945728E-01,  6.75000000000000E-01, -4.13365353701467E+01,  1.60930000000004E+02,  2.14251725340444E+03,  2.83913440242821E+03
 1.95458333300000E+03,  2.35179413054118E-01,  7.50000000000000E-01, -4.13340551778593E+01,  1.61110000000004E+02,  1.88496863620255E+03,  1.98640327290427E+03
 1.95466666700000E+03,  3.00727470212896E-01,  3.25000000000000E-01, -5.02537582744199E+01,  1.61290000000004E+02,  2.00888564505642E+03,  2.11957186719403E+03
 1.95475000000000E+03,  3.59234886680325E-01, -2.50000000000000E-02, -5.02540795160717E+01,  1.61470000000004E+02,  1.93673537629953E+03,  2.25259978739965E+03
 1.95483333300000E+03,  3.94356889637317E-01,  5.00000000000000E-02, -5.02543988861508E+01,  1.61650000000004E+02,  2.09156355902469E+03,  2.02808293799406E+03
 1.95491666700000E+03,  4.26298236012644E-01, -2.50000000000000E-01, -5.02547163844800E+01,  1.61830000000004E+02,  1.34106315544905E+03,  1.40313639676843E+03
 1.95500000000000E+03,  4.51009733499675E-01, -1.00000000000000E-01, -5.02550320108832E+01,  1.62010000000004E+02,  1.11466340272986E+03,  1.43385083861879E+03
 1.95508333300000E+03,  4.69193438515501E-01,  1.27500000000000E+00, -5.02553457651847E+01,  1.62190000000004E+02,  1.13262527074646E+03,  2.03902419712635E+03
 1.95516666700000E+03,  4.84132617544288E-01,  1.47500000000000E+00, -5.02556576472096E+01,  1.62370000000004E+02,  1.44807175948498E+03,  2.47334723009689E+03
 1.95525000000000E+03,  4.97608418751025E-01,  1.07500000000000E+00, -5.02559676567839E+01,  1.62550000000004E+02,  1.21630966588323E+03,  1.93951817850301E+03
 1.95533333300000E+03,  5.08192053241849E-01,  1.47500000000000E+00, -5.02562757937341E+01,  1.62730000000004E+02,  1.42026227257756E+03,  1.92850660056908E+03
 1.95541666700000E+03,  5.13592932664792E-01,  1.60000000000000E+00, -5.02565820578875E+01,  1.62910000000004E+02,  2.06217801116873E+03,  1.67402086174258E+03
 1.95550000000000E+03,  5.14462194569112E-01,  1.47500000000000E+00, -5.02568864490721E+01,  1.63090000000004E+02,  1.81828486971433E+03,  1.26406613630224E+03
 1.95558333300000E+03,  6.08685013959449E-01,  1.37500000000000E+00, -5.02571889671168E+01,  1.63270000000004E+02,  1.89243755234921E+03,  1.60530582557207E+03
 1.95566666700000E+03,  8.10641261258362E-01,  1.27500000000000E+00, -4.24841143758300E+01,  1.63450000000004E+02,  1.79487562021970E+03,  1.89190377310899E+03
 1.95575000000000E+03,  9.43231290835213E-01,  1.30000000000000E+00, -4.24823451793468E+01,  1.63630000000004E+02,  1.56232614203025E+03,  1.94495877023470E+03
 1.95583333300000E+03,  9.91180952441137E-01,  8.75000000000000E-01, -4.24805777468099E+01,  1.63810000000004E+02,  9.53029221811634E+02,  2.05379479985702E+03
 1.95591666700000E+03,  1.03090347144066E+00,  4.50000000000000E-01, -4.24788120788545E+01,  1.63990000000004E+02,  9.89414827331227E+02,  2.33475756331469E+03
 1.95600000000000E+03,  1.05803553202279E+00,  1.12500000000000E+00, -4.24770481761146E+01,  1.64170000000004E+02,  8.75804961617830E+02,  1.72891124568068E+03
 1.95608333300000E+03,  1.07302122348491E+00,  1.60000000000000E+00, -4.24752860392240E+01,  1.64350000000004E+02,  1.12256565843582E+03,  3.60728236731377E+03
 1.95616666700000E+03,  1.07894418272444E+00,  1.27500000000000E+00, -4.24735256688152E+01,  1.64530000000004E+02,  1.13370733561552E+03,  4.36191665225233E+03
 1.95625000000000E+03,  1.07744556021080E+00,  1.40000000000000E+00, -4.24717670655204E+01,  1.64710000000004E+02,  1.64155403627601E+03,  5.25367216873304E+03
 1.95633333300000E+03,  1.06701664310168E+00,  1.67500000000000E+00, -4.24700102299710E+01,  1.64890000000004E+02,  1.73219798911239E+03,  4.65934852614494E+03
 1.95641666700000E+03,  1.04534663431838E+00,  1.60000000000000E+00, -4.24682551627973E+01,  1.65070000000004E+02,  1.67061385404215E+03,  4.88083275619363E+03
 1.95650000000000E+03,  1.01312508235879E+00,  1.60000000000000E+00, -4.24665018646293E+01,  1.65250000000004E+02,  1.89655964590960E+03,  2.84625017315451E+03
 1.95658333300000E+03,  7.69675745081774E-01,  1.32500000000000E+00, -4.24647503360959E+01,  1.65430000000004E+02,  1.99184847934210E+03,  2.04959441508139E+03
 1.95666666700000E+03,  3.32992065966949E-01,  9.00000000000000E-01, -4.77843876766229E+01,  1.65610000000004E+02,  1.64493986195312E+03,  1.72647335815404E+03
 1.95675000000000E+03,  1.29111690747538E-01,  7.00000000000000E-01, -4.77835323803220E+01,  1.65790000000004E+02,  1.56463476817544E+03,  1.93682288301597E+03
 1.95683333300000E+03,  1.43861841198695E-01,  7.25000000000000E-01, -4.77826753929602E+01,  1.65970000000004E+02,  1.94028744772345E+03,  1.77487449815757E+03
 1.95691666700000E+03,  1.53963701282127E-01,  7.50000000000000E-01, -4.77818167147887E+01,  1.66150000000004E+02,  1.24471615521382E+03,  2.16649934207297E+03
 1.95700000000000E+03,  1.55306557042171E-01,  3.50000000000000E-01, -4.77809563460593E+01,  1.66330000000004E+02,  1.27159809497047E+03,  2.11790220004166E+03
 1.95708333300000E+03,  1.48549985369687E-01,  1.00000000000000E-01, -4.77800942870243E+01,  1.66510000000004E+02,  1.16573230749233E+03,  1.32152854951045E+03
 1.95716666700000E+03,  1.36953220931510E-01,  1.00000000000000E-01, -4.77792305379365E+01,  1.66690000000004E+02,  1.18621698562392E+03,  1.83813568762989E+03
 1.95725000000000E+03,  1.22290749037605E-01, -2.25000000000000E-01, -4.77783650990497E+01,  1.66870000000004E+02,  6.30203212029046E+02,  1.49790687318394E+03
 1.95733333300000E+03,  1.03142985347219E-01, -5.25000000000000E-01, -4.77774979706177E+01,  1.67050000000004E+02,  1.43698039606077E+03,  1.23382574790701E+03
 1.95741666700000E+03,  7.72425661074611E-02, -2.25000000000000E-01, -4.77766291528953E+01,  1.67230000000004E+02,  2.17479453307496E+03,  1.88241669487611E+03
 1.95750000000000E+03,  4.52757614815003E-02,  2.50000000000000E-02, -4.77757586461377E+01,  1.67410000000004E+02,  2.21320128969324E+03,  2.85427190055420E+03
 1.95758333300000E+03, -1.22310622752354E-01, -3.75000000000000E-01, -4.77748864506008E+01,  1.67590000000004E+02,  2.39660537334113E+03,  2.23691175245680E+03
 1.95766666700000E+03, -4.01179294963865E-01, -8.25000000000000E-01, -4.92155098110011E+01,  1.67770000000004E+02,  2.63310065995427E+03,  2.57886483395095E+03
 1.95775000000000E+03, -5.01339965554944E-01, -9.00000000000000E-01, -4.92135893074680E+01,  1.67950000000004E+02,  1.99686307455513E+03,  2.45174621986385E+03
 1.95783333300000E+03, -4.43521216667167E-01, -8.00000000000000E-01, -4.92116672562202E+01,  1.68130000000004E+02,  1.45979674548082E+03,  2.30006323862976E+03
 1.95791666700000E+03, -3.86282127374530E-01, -1.07500000000000E+00, -4.92097436579232E+01,  1.68310000000004E+02,  1.29093298156959E+03,  2.14205338854008E+03
 1.95800000000000E+03, -3.33698941723514E-01, -1.35000000000000E+00, -4.92078185132427E+01,  1.68490000000004E+02,  1.07208847263241E+03,  2.09533233248894E+03
 1.95808333300000E+03, -2.85093531526255E-01, -8.25000000000000E-01, -4.92058918228452E+01,  1.68670000000004E+02,  9.97315452407139E+02,  1.90003386248082E+03
 1.95816666700000E+03, -2.37207388534169E-01, -7.50000000000000E-02, -4.92039635873978E+01,  1.68850000000004E+02,  8.89980671140178E+02,  1.91679400028265E+03
 1.95825000000000E+03, -1.88289425365232E-01,  3.50000000000000E-01, -4.92020338075680E+01,  1.69030000000004E+02,  5.96611845636054E+02,  1.39636970176020E+03
 1.95833333300000E+03, -1.39808661655906E-01,  5.50000000000000E-01, -4.92001024840239E+01,  1.69210000000004E+02,  5.56995449225911E+02,  8.92766915136441E+02
 1.95841666700000E+03, -9.41112043466601E-02,  7.00000000000000E-01, -4.91981696174344E+01,  1.69390000000004E+02,  6.54540842481670E+02,  1.02347755587524E+03
 1.95850000000000E+03, -5.06219428535669E-02,  9.00000000000000E-01, -4.91962352084688E+01,  1.69570000000004E+02,  7.14283445329976E+02,  8.77913598362162E+02
 1.95858333300000E+03,  3.86329484038670E-02,  9.50000000000000E-01, -4.91942992577968E+01,  1.69750000000004E+02,  7.43795153352677E+02,  2.24109152957105E+03
 1.95866666700000E+03,  1.58532038411027E-01,  8.50000000000000E-01, -5.01394904752711E+01,  1.69930000000004E+02,  1.13046006791559E+03,  2.57978372099484E+03
 1.95875000000000E+03,  2.02942994154178E-01,  6.25000000000000E-01, -5.01387594899068E+01,  1.70110000000004E+02,  1.51888736117056E+03,  2.25974408944507E+03
 1.95883333300000E+03,  1.87694813180355E-01, -1.25000000000000E-01, -5.01380266463268E+01,  1.70290000000004E+02,  1.42580045805740E+03,  2.08020539701183E+03
 1.95891666700000E+03,  1.69910354573569E-01, -6.00000000000000E-01, -5.01372919447543E+01,  1.70470000000004E+02,  1.44732753153122E+03,  2.63624535300577E+03
 1.95900000000000E+03,  1.45616319843936E-01, -7.00000000000000E-01, -5.01365553854131E+01,  1.70650000000004E+02,  1.50858844638857E+03,  1.35891731229382E+03
 1.95908333300000E+03,  1.15594226414532E-01, -7.25000000000000E-01, -5.01358169685279E+01,  1.70830000000004E+02,  1.27188224345464E+03,  1.09618928987856E+03
 1.95916666700000E+03,  8.32079079637987E-02,  1.25000000000000E-01, -5.01350766943240E+01,  1.71010000000004E+02,  9.16580718308171E+02,  1.20234973446953E+03
 1.95925000000000E+03,  5.03173438408947E-02,  7.75000000000000E-01, -5.01343345630275E+01,  1.71190000000004E+02,  7.75840623414228E+02,  1.11964389586270E+03
 1.95933333300000E+03,  1.55677028956291E-02,  5.00000000000000E-01, -5.01335905748649E+01,  1.71370000000004E+02,  9.88357441648069E+02,  1.14848515646208E+03
 1.95941666700000E+03, -2.32658462209140E-02, -5.00000000000000E-02, -5.01328447300637E+01,  1.71550000000004E+02,  1.02903882939311E+03,  1.34144057431410E+03
 1.95950000000000E+03, -6.54780227799367E-02, -3.00000000000000E-01, -5.01320970288520E+01,  1.71730000000004E+02,  8.25045427327328E+02,  1.72144440890765E+03
 1.95958333300000E+03, -6.34424549449659E-02, -1.25000000000000E-01, -5.01313474714586E+01,  1.71910000000004E+02,  9.71360135901641E+02,  1.92628018659866E+03
 1.95966666700000E+03,  4.93201917987452E-03,  7.50000000000000E-02, -4.40077523356198E+01,  1.72090000000004E+02,  2.09847608285503E+03,  1.98417891887044E+03
 1.95975000000000E+03,  7.00808303055405E-02,  4.25000000000000E-01, -4.40045501680318E+01,  1.72270000000004E+02,  1.59232412754290E+03,  1.78499272734029E+03
 1.95983333300000E+03,  1.07617248400323E-01,  9.00000000000000E-01, -4.40013482952892E+01,  1.72450000000004E+02,  1.37137014801243E+03,  1.44730691628461E+03
 1.95991666700000E+03,  1.35529337562982E-01,  7.50000000000000E-01, -4.39981467185313E+01,  1.72630000000004E+02,  1.71084104199600E+03,  1.11043867932789E+03
 1.96000000000000E+03,  1.49994314586414E-01,  1.50000000000000E-01, -4.39949454388972E+01,  1.72810000000004E+02,  1.75165169904923E+03,  9.53759467298418E+02
 1.96008333300000E+03,  1.52143876399536E-01,  1.25000000000000E-01, -4.39917444575261E+01,  1.72990000000004E+02,  9.16053060167514E+02,  8.21577743084493E+02
 1.96016666700000E+03,  1.45855110972439E-01,  6.25000000000000E-01, -4.39885437755568E+01,  1.73170000000004E+02,  9.16312216078903E+02,  5.18235877555174E+02
 1.96025000000000E+03,  1.33623229553875E-01,  1.02500000000000E+00, -4.39853433941284E+01,  1.73350000000004E+02,  1.06658929971153E+03,  5.03745851375259E+02
 1.96033333300000E+03,  1.14807161355474E-01,  8.75000000000000E-01, -4.39821433143797E+01,  1.73530000000004E+02,  1.84423380656909E+03,  1.22696176384708E+03
 1.96041666700000E+03,  8.79307668191092E-02,  4.50000000000000E-01, -4.39789435374492E+01,  1.73710000000004E+02,  1.90833938584567E+03,  1.28105424116133E+03
 1.96050000000000E+03,  5.44413537117297E-02,  4.25000000000000E-01, -4.39757440644756E+01,  1.73890000000004E+02,  1.61696151246284E+03,  1.27098059329402E+03
 1.96058333300000E+03, -2.46937891857191E-01,  7.75000000000000E-01, -4.39725448965971E+01,  1.74070000000004E+02,  2.13524208664734E+03,  1.76109641868873E+03
 1.96066666700000E+03, -7.83608247733178E-01,  8.75000000000000E-01, -4.54036620172194E+01,  1.74250000000004E+02,  2.05768164500850E+03,  2.16245483922844E+03
 1.96075000000000E+03, -9.90509944034345E-01,  4.25000000000000E-01, -4.54010164973244E+01,  1.74430000000004E+02,  9.82459878777910E+02,  1.52600756485654E+03
 1.96083333300000E+03, -8.91811072575207E-01,  7.50000000000000E-02, -4.53983700458356E+01,  1.74610000000004E+02,  7.79542524195740E+02,  2.23980749983692E+03
 1.96091666700000E+03, -7.84770840841143E-01, -2.25000000000000E-01, -4.53957226636136E+01,  1.74790000000004E+02,  9.12544267833155E+02,  2.40661215363698E+03
 1.96100000000000E+03, -6.74622279248971E-01, -4.00000000000000E-01, -4.53930743515190E+01,  1.74970000000004E+02,  6.11308684405606E+02,  1.85841205610702E+03
 1.96108333300000E+03, -5.61969577254365E-01, -5.25000000000000E-01, -4.53904251104130E+01,  1.75150000000004E+02,  6.80495113158965E+02,  1.55868538274350E+03
 1.96116666700000E+03, -4.44937358547868E-01, -7.25000000000000E-01, -4.53877749411568E+01,  1.75330000000004E+02,  9.52960553855506E+02,  1.89888344552116E+03
 1.96125000000000E+03, -3.23232651326852E-01, -2.25000000000000E-01, -4.53851238446121E+01,  1.75510000000004E+02,  9.99333133406238E+02,  1.60079970044740E+03
 1.96133333300000E+03, -1.99830960597338E-01,  7.50000000000000E-02, -4.53824718216410E+01,  1.75690000000004E+02,  1.45425759676357E+03,  2.83782239603705E+03
 1.96141666700000E+03, -7.86061751306516E-02, -1.25000000000000E-01, -4.53798188731058E+01,  1.75870000000004E+02,  1.25221024617836E+03,  2.85433701565952E+03
 1.96150000000000E+03,  3.94949357902705E-02, -1.25000000000000E-01, -4.53771649998690E+01,  1.76050000000004E+02,  1.66806006245223E+03,  2.71283665204338E+03
 1.96158333300000E+03,  2.16398159523880E-01, -1.25000000000000E-01, -4.53745102027936E+01,  1.76230000000004E+02,  1.43005317518274E+03,  2.34585500024190E+03
 1.96166666700000E+03,  4.17563677995712E-01, -2.50000000000000E-02, -4.33629305049398E+01,  1.76410000000004E+02,  1.29573457566794E+03,  2.79683388899281E+03
 1.96175000000000E+03,  4.86991255168223E-01,  5.00000000000000E-02, -4.33656730156284E+01,  1.76590000000004E+02,  7.30300954632903E+02,  1.46807885523952E+03
 1.96183333300000E+03,  4.58197438657060E-01,  2.50000000000000E-02, -4.33684156354950E+01,  1.76770000000004E+02,  1.17154022534868E+03,  1.82502746647127E+03
 1.96191666700000E+03,  4.21679330042308E-01,  4.25000000000000E-01, -4.33711583634284E+01,  1.76950000000004E+02,  8.28590017153614E+02,  2.16028139000685E+03
 1.96200000000000E+03,  3.73401150057365E-01,  5.25000000000000E-01, -4.33739011983177E+01,  1.77130000000004E+02,  1.01794219993001E+03,  2.17681947699600E+03
 1.96208333300000E+03,  3.14186317456982E-01, -2.00000000000000E-01, -4.33766441390516E+01,  1.77310000000004E+02,  1.08071352692999E+03,  1.40979367553972E+03
 1.96216666700000E+03,  2.47563875166834E-01, -5.25000000000000E-01, -4.33793871845194E+01,  1.77490000000004E+02,  1.39468378071833E+03,  1.64356034730269E+03
 1.96225000000000E+03,  1.75698022340725E-01,  2.50000000000000E-02, -4.33821303336099E+01,  1.77670000000004E+02,  1.18857984749511E+03,  1.67748182433512E+03
 1.96233333300000E+03,  9.76888810875468E-02,  7.50000000000000E-01, -4.33848735852121E+01,  1.77850000000004E+02,  1.11514610082588E+03,  1.89017788784585E+03
 1.96241666700000E+03,  1.19244142970857E-02,  9.75000000000000E-01, -4.33876169382150E+01,  1.78030000000004E+02,  8.91605569463004E+02,  1.91651594793192E+03
 1.96250000000000E+03, -8.01174751300583E-02,  5.75000000000000E-01, -4.33903603915076E+01,  1.78210000000004E+02,  1.02104475167358E+03,  1.72797538670664E+03
 1.96258333300000E+03, -9.74411935318851E-02,  2.75000000000000E-01, -4.33931039439788E+01,  1.78390000000004E+02,  1.56242590092843E+03,  2.10391031923753E+03
 1.96266666700000E+03,  1.03616259806186E-03,  6.25000000000000E-01, -3.98286828970858E+01,  1.78570000000004E+02,  1.54796048657904E+03,  1.88521537382610E+03
 1.96275000000000E+03,  1.01094367561041E-01,  9.25000000000000E-01, -3.98299308720416E+01,  1.78750000000004E+02,  1.54508907758806E+03,  1.84625236382486E+03
 1.96283333300000E+03,  1.63550384138392E-01,  6.00000000000000E-01, -3.98311804531645E+01,  1.78930000000004E+02,  1.67809536953142E+03,  1.64267354640005E+03
 1.96291666700000E+03,  2.22151987436763E-01,  2.00000000000000E-01, -3.98324316398707E+01,  1.79110000000004E+02,  1.55063760126398E+03,  1.62371587202632E+03
 1.96300000000000E+03,  2.72688482329303E-01, -1.75000000000000E-01, -3.98336844315763E+01,  1.79290000000004E+02,  6.95959545182884E+02,  1.18077951324507E+03
 1.96308333300000E+03,  3.15740625796514E-01, -2.75000000000000E-01, -3.98349388276965E+01,  1.79470000000004E+02,  4.93283707460935E+02,  1.07649793448667E+03
 1.96316666700000E+03,  3.54512731742192E-01,  5.00000000000000E-01, -3.98361948276458E+01,  1.79650000000004E+02,  5.37177983569728E+02,  1.07955354881549E+03
 1.96325000000000E+03,  3.90750107474759E-01,  1.05000000000000E+00, -3.98374524308383E+01,  1.79830000000004E+02,  5.20022396836441E+02,  1.67858560686706E+03
 1.96333333300000E+03,  4.23030544839771E-01,  5.25000000000000E-01, -3.98387116366874E+01,  1.80010000000004E+02,  1.02860495355034E+03,  2.31549994292762E+03
 1.96341666700000E+03,  4.49110296137391E-01, -2.75000000000000E-01, -3.98399724446059E+01,  1.80190000000004E+02,  1.55178462924021E+03,  2.45769073239732E+03
 1.96350000000000E+03,  4.69723975678774E-01, -2.50000000000000E-01, -3.98412348540059E+01,  1.80370000000004E+02,  1.78914610877420E+03,  2.33408842906471E+03
 1.96358333300000E+03,  2.72449267823337E-01,  2.50000000000000E-02, -3.98424988642991E+01,  1.80550000000004E+02,  1.68943772171862E+03,  2.34350408423454E+03
 1.96366666700000E+03, -1.36480705251668E-01, -6.25000000000000E-01, -3.88230797542272E+01,  1.80730000000004E+02,  1.54407652400881E+03,  1.78750008384112E+03
 1.96375000000000E+03, -3.19748396476582E-01, -1.37500000000000E+00, -3.88208167752795E+01,  1.80910000000004E+02,  1.13116068636937E+03,  1.29885608856075E+03
 1.96383333300000E+03, -2.80874965723915E-01, -1.60000000000000E+00, -3.88185550098703E+01,  1.81090000000004E+02,  7.10145346662410E+02,  1.24011678246047E+03
 1.96391666700000E+03, -2.44024689894205E-01, -1.55000000000000E+00, -3.88162944587207E+01,  1.81270000000004E+02,  5.04067258247671E+02,  1.24962860647474E+03
 1.96400000000000E+03, -2.13812575885366E-01, -1.07500000000000E+00, -3.88140351225516E+01,  1.81450000000004E+02,  5.10971391904206E+02,  8.02523325505002E+02
 1.96408333300000E+03, -1.90049236920802E-01, -2.50000000000000E-01, -3.88117770020831E+01,  1.81630000000004E+02,  1.21760950898785E+03,  8.19602195890119E+02
 1.96416666700000E+03, -1.69903663676216E-01,  4.25000000000000E-01, -3.88095200980352E+01,  1.81810000000004E+02,  1.12476633479281E+03,  7.61358709387818E+02
 1.96425000000000E+03, -1.51981197087178E-01,  6.25000000000000E-01, -3.88072644111275E+01,  1.81990000000004E+02,  1.05887653051495E+03,  4.85461393919251E+02
 1.96433333300000E+03, -1.38027932464238E-01,  6.50000000000000E-01, -3.88050099420789E+01,  1.82170000000004E+02,  1.22669055918186E+03,  7.59869783140507E+02
 1.96441666700000E+03, -1.30581071291878E-01,  8.00000000000000E-01, -3.88027566916082E+01,  1.82350000000004E+02,  1.87438297938412E+03,  1.28117505815632E+03
 1.96450000000000E+03, -1.29165729123509E-01,  9.50000000000000E-01, -3.88005046604333E+01,  1.82530000000004E+02,  1.21338265037984E+03,  1.42118314331804E+03
 1.96458333300000E+03,  2.99267401468897E-02,  1.12500000000000E+00, -3.87982538492722E+01,  1.82710000000004E+02,  1.38573416701759E+03,  2.13830399847092E+03
 1.96466666700000E+03,  3.50092370192861E-01,  1.32500000000000E+00, -4.57072302078551E+01,  1.82890000000004E+02,  1.36377058091963E+03,  2.18559589826897E+03
 1.96475000000000E+03,  5.13377608699051E-01,  1.27500000000000E+00, -4.57073494574445E+01,  1.83070000000004E+02,  1.64374444932897E+03,  1.93874670090471E+03
 1.96483333300000E+03,  5.19418181279923E-01,  7.25000000000000E-01, -4.57074671123685E+01,  1.83250000000004E+02,  1.02798910033453E+03,  1.54951849587977E+03
 1.96491666700000E+03,  5.23628919849828E-01,  2.50000000000000E-02, -4.57075831725484E+01,  1.83430000000004E+02,  9.79632032629080E+02,  1.46790219185347E+03
 1.96500000000000E+03,  5.21858309928488E-01,  1.25000000000000E-01, -4.57076976379057E+01,  1.83610000000004E+02,  9.89195592060280E+02,  1.36920516122236E+03
 1.96508333300000E+03,  5.14721739500245E-01,  7.25000000000000E-01, -4.57078105083627E+01,  1.83790000000004E+02,  1.67601692725813E+03,  3.86376100650043E+03
 1.96516666700000E+03,  5.05432082330281E-01,  3.00000000000000E-01, -4.57079217838423E+01,  1.83970000000004E+02,  1.23213576210119E+03,  4.04098429290843E+03
 1.96525000000000E+03,  4.95716225485711E-01, -5.75000000000000E-01, -4.57080314642677E+01,  1.84150000000004E+02,  1.18720719974053E+03,  4.34367275837428E+03
 1.96533333300000E+03,  4.84106381017368E-01, -7.50000000000000E-01, -4.57081395495626E+01,  1.84330000000004E+02,  1.31773244644209E+03,  4.68353260563654E+03
 1.96541666700000E+03,  4.68286710927853E-01, -1.30000000000000E+00, -4.57082460396513E+01,  1.84510000000004E+02,  1.97128654579113E+03,  4.62734070865704E+03
 1.96550000000000E+03,  4.48894773785289E-01, -1.72500000000000E+00, -4.57083509344587E+01,  1.84690000000004E+02,  1.25283824370133E+03,  2.10090282985451E+03
 1.96558333300000E+03,  1.71197016537570E-01, -1.27500000000000E+00, -4.57084542339102E+01,  1.84870000000004E+02,  1.23812701680297E+03,  2.00834914521500E+03
 1.96566666700000E+03, -3.66518979884750E-01, -1.25000000000000E+00, -4.02067022484932E+01,  1.85050000000005E+02,  1.50287630585960E+03,  1.62190861816321E+03
 1.96575000000000E+03, -6.47889262367697E-01, -1.55000000000000E+00, -4.02092421509367E+01,  1.85230000000005E+02,  1.66336919152780E+03,  1.24043281171054E+03
 1.96583333300000E+03, -6.63362080033246E-01, -1.05000000000000E+00, -4.02117824800607E+01,  1.85410000000005E+02,  8.26164772333693E+02,  4.86184086914127E+02
 1.96591666700000E+03, -6.68560478465034E-01, -4.25000000000000E-01, -4.02143232349055E+01,  1.85590000000005E+02,  1.00382175467763E+03,  8.47524062267624E+02
 1.96600000000000E+03, -6.67847247793676E-01, -4.75000000000000E-01, -4.02168644145109E+01,  1.85770000000005E+02,  9.35116886589123E+02,  7.71863740347785E+02
 1.96608333300000E+03, -6.61090666720154E-01, -5.00000000000000E-01, -4.02194060179168E+01,  1.85950000000005E+02,  8.19973180576854E+02,  1.97674527452066E+03
 1.96616666700000E+03, -6.45823854318899E-01, -4.75000000000000E-01, -4.02219480441628E+01,  1.86130000000005E+02,  5.90206090999884E+02,  2.09960886386250E+03
 1.96625000000000E+03, -6.21312081367196E-01, -6.25000000000000E-01, -4.02244904922887E+01,  1.86310000000005E+02,  6.36970985264739E+02,  2.63805350415033E+03
 1.96633333300000E+03, -5.90239498995363E-01, -8.25000000000000E-01, -4.02270333613337E+01,  1.86490000000005E+02,  7.88090876503005E+02,  3.32607602090590E+03
 1.96641666700000E+03, -5.56335186475964E-01, -6.25000000000000E-01, -4.02295766503374E+01,  1.86670000000005E+02,  1.61450862803612E+03,  4.03517030143527E+03
 1.96650000000000E+03, -5.20539570255118E-01,  0.00000000000000E+00, -4.02321203583389E+01,  1.86850000000005E+02,  1.41732479998820E+03,  2.91748211322289E+03
 1.96658333300000E+03, -4.03290970503509E-01,  2.25000000000000E-01, -4.02346644843777E+01,  1.87030000000005E+02,  1.45965319494098E+03,  2.91681078136102E+03
 1.96666666700000E+03, -2.18132939735730E-01, -1.00000000000000E-01, -4.79462159364255E+01,  1.87210000000005E+02,  1.57808546591713E+03,  3.68648773494697E+03
 1.96675000000000E+03, -1.34373474421454E-01, -3.25000000000000E-01, -4.79457964182783E+01,  1.87390000000005E+02,  1.36162052968265E+03,  2.90701659048433E+03
 1.96683333300000E+03, -1.37380473966274E-01, -2.75000000000000E-01, -4.79453751644198E+01,  1.87570000000005E+02,  1.24420263638345E+03,  2.77363283216233E+03
 1.96691666700000E+03, -1.38894421153883E-01,  7.50000000000000E-02, -4.79449521749502E+01,  1.87750000000005E+02,  1.30764282908355E+03,  2.65574331116650E+03
 1.96700000000000E+03, -1.43018418203630E-01,  8.00000000000000E-01, -4.79445274499706E+01,  1.87930000000005E+02,  1.51210306624502E+03,  3.48639234489106E+03
 1.96708333300000E+03, -1.49175182412501E-01,  1.02500000000000E+00, -4.79441009895824E+01,  1.88110000000005E+02,  2.37727937409782E+03,  2.68131070925323E+03
 1.96716666700000E+03, -1.54275403265826E-01,  3.00000000000000E-01, -4.79436727938878E+01,  1.88290000000005E+02,  2.35034692512657E+03,  2.58487195896578E+03
 1.96725000000000E+03, -1.56798136839602E-01, -3.50000000000000E-01, -4.79432428629893E+01,  1.88470000000005E+02,  1.98762014591248E+03,  2.36238342184385E+03
 1.96733333300000E+03, -1.58494462708424E-01, -1.75000000000000E-01, -4.79428111969904E+01,  1.88650000000005E+02,  1.91001585530486E+03,  2.48514165350705E+03
 1.96741666700000E+03, -1.62033979964614E-01,  1.25000000000000E-01, -4.79423777959950E+01,  1.88830000000005E+02,  1.66523605863527E+03,  2.24983092904497E+03
 1.96750000000000E+03, -1.67194787040912E-01,  2.00000000000000E-01, -4.79419426601076E+01,  1.89010000000005E+02,  9.36377580490206E+02,  1.94146753512797E+03
 1.96758333300000E+03,  2.82718453622625E-02,  0.00000000000000E+00, -4.79415057894332E+01,  1.89190000000005E+02,  1.18109948307533E+03,  2.42060142253906E+03
 1.96766666700000E+03,  4.11526356247488E-01, -3.25000000000000E-01, -3.38381482312562E+01,  1.89370000000005E+02,  1.08498000513857E+03,  2.08110200506862E+03
 1.96775000000000E+03,  5.68837676355779E-01, -2.25000000000000E-01, -3.38398997129476E+01,  1.89550000000005E+02,  1.53512634046214E+03,  2.32980033557102E+03
 1.96783333300000E+03,  5.12095245825037E-01, -2.00000000000000E-01, -3.38416521308567E+01,  1.89730000000005E+02,  1.58825585613714E+03,  2.15824799750737E+03
 1.96791666700000E+03,  4.50271978938374E-01,  2.00000000000000E-01, -3.38434054844003E+01,  1.89910000000005E+02,  2.22108016501416E+03,  2.04001290125339E+03
 1.96800000000000E+03,  3.80136338359330E-01,  1.32500000000000E+00, -3.38451597729950E+01,  1.90090000000005E+02,  2.17912789346953E+03,  1.43382064294749E+03
 1.96808333300000E+03,  3.03225762625493E-01,  1.25000000000000E+00, -3.38469149960574E+01,  1.90270000000005E+02,  2.24555203609097E+03,  1.96763562958095E+03
 1.96816666700000E+03,  2.23666717765789E-01,  1.75000000000000E-01, -3.38486711530037E+01,  1.90450000000005E+02,  1.85148580024422E+03,  1.79757033633823E+03
 1.96825000000000E+03,  1.44081081671855E-01,  2.75000000000000E-01, -3.38504282432496E+01,  1.90630000000005E+02,  1.76845532488509E+03,  1.35856074732916E+03
 1.96833333300000E+03,  6.38678087033684E-02,  9.00000000000000E-01, -3.38521862662110E+01,  1.90810000000005E+02,  9.95662028069074E+02,  1.67341078957902E+03
 1.96841666700000E+03, -1.84594924680114E-02,  6.75000000000000E-01, -3.38539452213031E+01,  1.90990000000005E+02,  7.67617284938627E+02,  1.62842707439784E+03
 1.96850000000000E+03, -1.01479473581889E-01,  3.50000000000000E-01, -3.38557051079412E+01,  1.91170000000005E+02,  4.83654100415300E+02,  1.17829914759767E+03
 1.96858333300000E+03, -2.40622579144557E-01,  2.00000000000000E-01, -3.38574659255400E+01,  1.91350000000005E+02,  1.06486255358233E+03,  9.13730807857601E+02
 1.96866666700000E+03, -4.04232062300161E-01, -1.00000000000000E-01, -3.84753364866676E+01,  1.91530000000005E+02,  1.24957940415699E+03,  8.51016231004508E+02
 1.96875000000000E+03, -4.44296655010114E-01, -4.25000000000000E-01, -3.84762717824168E+01,  1.91710000000005E+02,  1.01708287171083E+03,  7.30058476497515E+02
 1.96883333300000E+03, -3.92527424385896E-01, -5.75000000000000E-01, -3.84772059856083E+01,  1.91890000000005E+02,  1.53227490509754E+03,  1.38307969437476E+03
 1.96891666700000E+03, -3.42866703351538E-01, -2.00000000000000E-01, -3.84781390959843E+01,  1.92070000000005E+02,  1.76040214781982E+03,  1.36736061460613E+03
 1.96900000000000E+03, -2.99252556875157E-01,  3.00000000000000E-01, -3.84790711132870E+01,  1.92250000000005E+02,  1.46605291549131E+03,  1.40792241071315E+03
 1.96908333300000E+03, -2.60866048441873E-01,  2.00000000000000E-01, -3.84800020372590E+01,  1.92430000000005E+02,  1.56754448563625E+03,  1.97647727388650E+03
 1.96916666700000E+03, -2.24304956459006E-01, -4.75000000000000E-01, -3.84809318676433E+01,  1.92610000000005E+02,  1.76587316000706E+03,  2.03496890593729E+03
 1.96925000000000E+03, -1.87671123907317E-01, -7.25000000000000E-01, -3.84818606041830E+01,  1.92790000000005E+02,  1.23805855533796E+03,  1.52130786086678E+03
 1.96933333300000E+03, -1.52282555613934E-01, -2.75000000000000E-01, -3.84827882466216E+01,  1.92970000000005E+02,  1.95694202285549E+03,  1.48769456405817E+03
 1.96941666700000E+03, -1.20329689541201E-01, -1.50000000000000E-01, -3.84837147947028E+01,  1.93150000000005E+02,  1.65262744785792E+03,  1.95168306671950E+03
 1.96950000000000E+03, -9.10763087449512E-02, -3.50000000000000E-01, -3.84846402481705E+01,  1.93330000000005E+02,  1.70765726396937E+03,  1.45529802349302E+03
 1.96958333300000E+03, -1.50455258428083E-01, -2.50000000000000E-01, -3.84855646067693E+01,  1.93510000000005E+02,  1.76917567215643E+03,  1.73619665340797E+03
 1.96966666700000E+03, -2.85120445428939E-01, -2.00000000000000E-01, -2.84179682068106E+01,  1.93690000000005E+02,  1.78630436767241E+03,  1.57147863131979E+03
 1.96975000000000E+03, -3.04448103930011E-01, -4.00000000000000E-01, -2.84169361654648E+01,  1.93870000000005E+02,  1.02116123998655E+03,  1.47639682414177E+03
 1.96983333300000E+03, -2.20557732816372E-01, -2.50000000000000E-01, -2.84159052270034E+01,  1.94050000000005E+02,  1.20733403798520E+03,  1.30883005905127E+03
 1.96991666700000E+03, -1.38698158575148E-01, -4.25000000000000E-01, -2.84148753916276E+01,  1.94230000000005E+02,  1.08747692619179E+03,  1.16810516040377E+03
 1.97000000000000E+03, -6.30891726099614E-02, -1.02500000000000E+00, -2.84138466595384E+01,  1.94410000000005E+02,  1.54649922770839E+03,  7.11268293586575E+02
 1.97008333300000E+03,  6.80506963513969E-03, -5.75000000000000E-01, -2.84128190309364E+01,  1.94590000000005E+02,  1.57575155487615E+03,  7.81955149767090E+02
 1.97016666700000E+03,  7.41048068780288E-02,  7.50000000000000E-02, -2.84117925060221E+01,  1.94770000000005E+02,  1.91014659324698E+03,  8.56589436182374E+02
 1.97025000000000E+03,  1.40429796512559E-01,  1.00000000000000E-01, -2.84107670849956E+01,  1.94950000000005E+02,  2.53381949130408E+03,  6.29107773393189E+02
 1.97033333300000E+03,  2.04189666552590E-01,  3.75000000000000E-01, -2.84097427680568E+01,  1.95130000000005E+02,  2.38789754665094E+03,  1.50230440603408E+03
 1.97041666700000E+03,  2.62930046475257E-01,  3.25000000000000E-01, -2.84087195554052E+01,  1.95310000000005E+02,  1.67432122208593E+03,  1.36144892850350E+03
 1.97050000000000E+03,  3.17133986307110E-01,  7.50000000000000E-02, -2.84076974472403E+01,  1.95490000000005E+02,  1.72055854661068E+03,  1.69051993643272E+03
 1.97058333300000E+03,  5.11488688393441E-01,  8.00000000000000E-01, -2.84066764437609E+01,  1.95670000000005E+02,  1.22859155381940E+03,  1.67266833888991E+03
 1.97066666700000E+03,  8.29118568955870E-01,  1.67500000000000E+00, -2.84938360438876E+01,  1.95850000000005E+02,  4.86617083147913E+02,  1.51202506257505E+03
 1.97075000000000E+03,  9.68592580453297E-01,  1.77500000000000E+00, -2.84927264379419E+01,  1.96030000000005E+02,  4.25653996955182E+02,  1.14684058867919E+03
 1.97083333300000E+03,  9.47466592660294E-01,  1.65000000000000E+00, -2.84916179199413E+01,  1.96210000000005E+02,  6.91654925960856E+02,  1.82113270548844E+03
 1.97091666700000E+03,  9.21428874441522E-01,  1.42500000000000E+00, -2.84905104901062E+01,  1.96390000000005E+02,  1.15554135052953E+03,  1.39131279352916E+03
 1.97100000000000E+03,  8.86607601764933E-01,  1.27500000000000E+00, -2.84894041486566E+01,  1.96570000000005E+02,  1.14491442504279E+03,  1.34048335740743E+03
 1.97108333300000E+03,  8.43892940956633E-01,  1.67500000000000E+00, -2.84882988958126E+01,  1.96750000000005E+02,  1.22418393107065E+03,  2.21376910326306E+03
 1.97116666700000E+03,  7.96764592090850E-01,  1.85000000000000E+00, -2.84871947317937E+01,  1.96930000000005E+02,  2.24113663603727E+03,  2.98118412623414E+03
 1.97125000000000E+03,  7.47205691276195E-01,  1.45000000000000E+00, -2.84860916568192E+01,  1.97110000000005E+02,  2.22076197707183E+03,  3.32521445199063E+03
 1.97133333300000E+03,  6.93991936684632E-01,  6.75000000000000E-01, -2.84849896711083E+01,  1.97290000000005E+02,  1.62890177880477E+03,  3.42794251729669E+03
 1.97141666700000E+03,  6.35036495716660E-01,  1.00000000000000E-01, -2.84838887748797E+01,  1.97470000000005E+02,  1.68942720110887E+03,  3.73109689481224E+03
 1.97150000000000E+03,  5.71190206262902E-01,  4.75000000000000E-01, -2.84827889683519E+01,  1.97650000000005E+02,  1.49844747925079E+03,  2.93790713323563E+03
 1.97158333300000E+03,  7.14608023762846E-01,  1.05000000000000E+00, -2.84816902517434E+01,  1.97830000000005E+02,  6.25089538517387E+02,  1.66307607098718E+03
 1.97166666700000E+03,  1.05601618979567E+00,  1.20000000000000E+00, -2.84925575733876E+01,  1.98010000000005E+02,  3.92524942015474E+02,  6.92665248007633E+02
 1.97175000000000E+03,  1.16461811807666E+00,  1.05000000000000E+00, -2.84902451991311E+01,  1.98190000000005E+02,  4.70545827421029E+02,  7.75643469770591E+02
 1.97183333300000E+03,  1.04589301694251E+00,  9.25000000000000E-01, -2.84879328910665E+01,  1.98370000000005E+02,  4.34577122589321E+02,  6.28280938749132E+02
 1.97191666700000E+03,  9.14005710864364E-01,  9.25000000000000E-01, -2.84856206496146E+01,  1.98550000000005E+02,  4.43811599460609E+02,  5.45232324583292E+02
 1.97200000000000E+03,  7.66892563345092E-01,  9.75000000000000E-01, -2.84833084751961E+01,  1.98730000000005E+02,  4.60609799936220E+02,  4.91000454528761E+02
 1.97208333300000E+03,  6.07373588615998E-01,  1.20000000000000E+00, -2.84809963682318E+01,  1.98910000000005E+02,  4.46189353527239E+02,  4.85046933011754E+02
 1.97216666700000E+03,  4.40948087283232E-01,  7.00000000000000E-01, -2.84786843291423E+01,  1.99090000000005E+02,  1.13151712123210E+03,  7.63423575272272E+02
 1.97225000000000E+03,  2.71675139891203E-01, -8.50000000000000E-01, -2.84763723583482E+01,  1.99270000000005E+02,  1.23784124164123E+03,  1.04033833186597E+03
 1.97233333300000E+03,  1.00428392649684E-01, -1.57500000000000E+00, -2.84740604562705E+01,  1.99450000000005E+02,  1.31909118146197E+03,  1.26259218604205E+03
 1.97241666700000E+03, -7.27937214476440E-02, -9.50000000000000E-01, -2.84717486233295E+01,  1.99630000000005E+02,  1.35442664076668E+03,  1.27425216774614E+03
 1.97250000000000E+03, -2.45102225691469E-01, -6.25000000000000E-01, -2.84694368599461E+01,  1.99810000000005E+02,  1.59946402080378E+03,  1.26618657373951E+03
 1.97258333300000E+03, -3.76863331534984E-01, -1.00000000000000E+00, -2.84671251665408E+01,  1.99990000000005E+02,  9.55399404945502E+02,  7.99363603486664E+02
 1.97266666700000E+03, -4.08310916824062E-01, -1.52500000000000E+00, -2.74189581502000E+01,  2.00170000000005E+02,  8.84721913393058E+02,  4.55933434789328E+02
 1.97275000000000E+03, -3.51262596622889E-01, -1.60000000000000E+00, -2.74167229929370E+01,  2.00350000000005E+02,  7.84254489321942E+02,  6.62478455146547E+02
 1.97283333300000E+03, -2.64582913077945E-01, -1.55000000000000E+00, -2.74144880968455E+01,  2.00530000000005E+02,  6.30101997305569E+02,  1.30955762405600E+03
 1.97291666700000E+03, -1.76112185413696E-01, -1.72500000000000E+00, -2.74122534623307E+01,  2.00710000000005E+02,  4.01375917828383E+02,  1.30153247129629E+03
 1.97300000000000E+03, -9.05152909266532E-02, -1.52500000000000E+00, -2.74100190897973E+01,  2.00890000000005E+02,  3.34457058431291E+02,  1.33716086036830E+03
 1.97308333300000E+03, -7.77132931044170E-03, -8.50000000000000E-01, -2.74077849796502E+01,  2.01070000000005E+02,  5.88447144903782E+02,  1.39991475854249E+03
 1.97316666700000E+03,  7.46609537790413E-02,  1.50000000000000E-01, -2.74055511322943E+01,  2.01250000000005E+02,  8.67235258113901E+02,  1.01753594408789E+03
 1.97325000000000E+03,  1.57765494621488E-01,  6.00000000000000E-01, -2.74033175481342E+01,  2.01430000000005E+02,  9.14358079921822E+02,  3.38811994970479E+02
 1.97333333300000E+03,  2.39267774998669E-01,  7.25000000000000E-01, -2.74010842275747E+01,  2.01610000000005E+02,  1.04454172582839E+03,  4.30999176134863E+02
 1.97341666700000E+03,  3.15990674941714E-01,  1.02500000000000E+00, -2.73988511710204E+01,  2.01790000000005E+02,  1.40891417726859E+03,  7.85032462713396E+02
 1.97350000000000E+03,  3.87666692706118E-01,  1.07500000000000E+00, -2.73966183788759E+01,  2.01970000000005E+02,  1.10914416797405E+03,  1.05140353093056E+03
 1.97358333300000E+03,  5.82370466000498E-01,  1.02500000000000E+00, -2.73943858515458E+01,  2.02150000000005E+02,  1.07904865695927E+03,  1.41784705065912E+03
 1.97366666700000E+03,  8.90197222157376E-01,  8.25000000000000E-01, -2.73708728257405E+01,  2.02330000000005E+02,  1.19139740010875E+03,  1.90487912216542E+03
 1.97375000000000E+03,  1.04827779897256E+00,  1.30000000000000E+00, -2.73691039787038E+01,  2.02510000000005E+02,  1.10316215400413E+03,  1.97956575983265E+03
 1.97383333300000E+03,  1.06558395242078E+00,  1.90000000000000E+00, -2.73673358900444E+01,  2.02690000000005E+02,  9.85736456355240E+02,  2.09861014213486E+03
 1.97391666700000E+03,  1.07374786734258E+00,  1.62500000000000E+00, -2.73655685601093E+01,  2.02870000000005E+02,  1.28017469271014E+03,  1.68877816567166E+03
 1.97400000000000E+03,  1.06869131410960E+00,  1.85000000000000E+00, -2.73638019892452E+01,  2.03050000000005E+02,  1.51435493918171E+03,  1.55417665868885E+03
 1.97408333300000E+03,  1.05113705651457E+00,  2.30000000000000E+00, -2.73620361777985E+01,  2.03230000000005E+02,  1.38878928812976E+03,  1.11939463258195E+03
 1.97416666700000E+03,  1.02443876063909E+00,  1.92500000000000E+00, -2.73602711261158E+01,  2.03410000000005E+02,  1.35079511220065E+03,  9.76838818398162E+02
 1.97425000000000E+03,  9.90497064111540E-01,  1.02500000000000E+00, -2.73585068345433E+01,  2.03590000000005E+02,  1.10898457744577E+03,  1.00903155563008E+03
 1.97433333300000E+03,  9.48050627532753E-01,  3.25000000000000E-01, -2.73567433034268E+01,  2.03770000000005E+02,  9.62615359510197E+02,  1.02779160187955E+03
 1.97441666700000E+03,  8.95022687497495E-01,  2.25000000000000E-01, -2.73549805331123E+01,  2.03950000000005E+02,  9.03659744345186E+02,  1.04041479670641E+03
 1.97450000000000E+03,  8.32322578626819E-01,  5.00000000000000E-01, -2.73532185239456E+01,  2.04130000000005E+02,  8.38584010526028E+02,  1.03255026476387E+03
 1.97458333300000E+03,  9.20450389576282E-01,  8.25000000000000E-01, -2.73514572762721E+01,  2.04310000000005E+02,  1.02782311958041E+03,  1.48627118563339E+03
 1.97466666700000E+03,  1.16549760036391E+00,  1.00000000000000E+00, -3.17034533155446E+01,  2.04490000000005E+02,  1.57763185240966E+03,  1.84419427425375E+03
 1.97475000000000E+03,  1.25782566097346E+00,  1.10000000000000E+00, -3.17014804974952E+01,  2.04670000000005E+02,  1.40481783821397E+03,  1.87636644031637E+03
 1.97483333300000E+03,  1.19214365395841E+00,  1.12500000000000E+00, -3.16995071604599E+01,  2.04850000000005E+02,  1.38378508790029E+03,  1.82149488421813E+03
 1.97491666700000E+03,  1.11736404297414E+00,  7.75000000000000E-01, -3.16975333047978E+01,  2.05030000000005E+02,  1.37548840068823E+03,  1.80797382471399E+03
 1.97500000000000E+03,  1.03059658264427E+00,  1.50000000000000E-01, -3.16955589308683E+01,  2.05210000000005E+02,  1.17895575437017E+03,  1.32996713557937E+03
 1.97508333300000E+03,  9.33733671102521E-01,  1.75000000000000E-01, -3.16935840390307E+01,  2.05390000000005E+02,  8.08299958006756E+02,  8.76924266608050E+02
 1.97516666700000E+03,  8.31264902871714E-01,  1.00000000000000E+00, -3.16916086296446E+01,  2.05570000000005E+02,  7.81138030594223E+02,  9.75454351714842E+02
 1.97525000000000E+03,  7.26178107059843E-01,  1.40000000000000E+00, -3.16896327030696E+01,  2.05750000000005E+02,  4.45198078164031E+02,  8.54870023777787E+02
 1.97533333300000E+03,  6.18235894005136E-01,  1.12500000000000E+00, -3.16876562596653E+01,  2.05930000000005E+02,  1.18864281337902E+03,  1.39020188677359E+03
 1.97541666700000E+03,  5.06308429144014E-01,  1.10000000000000E+00, -3.16856792997916E+01,  2.06110000000005E+02,  1.76110419936833E+03,  1.77834530386118E+03
 1.97550000000000E+03,  3.92162091580646E-01,  1.37500000000000E+00, -3.16837018238082E+01,  2.06290000000005E+02,  1.52656453494547E+03,  1.60895564842886E+03
 1.97558333300000E+03,  5.51292427304223E-01,  1.55000000000000E+00, -3.16817238320752E+01,  2.06470000000005E+02,  1.95308720439329E+03,  2.45932942870043E+03
 1.97566666700000E+03,  9.88841553992062E-01,  1.62500000000000E+00, -2.73603341304607E+01,  2.06650000000005E+02,  2.11413509715695E+03,  3.01578179250360E+03
 1.97575000000000E+03,  1.16221124546964E+00,  1.47500000000000E+00, -2.73581714525316E+01,  2.06830000000005E+02,  1.37106559143078E+03,  2.61795314693690E+03
 1.97583333300000E+03,  1.06130319426464E+00,  1.27500000000000E+00, -2.73560086471682E+01,  2.07010000000005E+02,  1.51246455573335E+03,  3.04437449217041E+03
 1.97591666700000E+03,  9.47843957379873E-01,  1.32500000000000E+00, -2.73538457147215E+01,  2.07190000000005E+02,  1.68279628685946E+03,  2.91866793063682E+03
 1.97600000000000E+03,  8.19391860673856E-01,  1.32500000000000E+00, -2.73516826555422E+01,  2.07370000000005E+02,  1.53572636176611E+03,  2.21116450966605E+03
 1.97608333300000E+03,  6.78372907911190E-01,  1.50000000000000E+00, -2.73495194699813E+01,  2.07550000000005E+02,  1.44070537974268E+03,  1.57381982017975E+03
 1.97616666700000E+03,  5.29887268598443E-01,  1.35000000000000E+00, -2.73473561583897E+01,  2.07730000000005E+02,  1.37823495808010E+03,  1.69641300861156E+03
 1.97625000000000E+03,  3.77600690196555E-01,  2.00000000000000E-01, -2.73451927211184E+01,  2.07910000000005E+02,  1.14845531176271E+03,  1.12693870184372E+03
 1.97633333300000E+03,  2.22010010016483E-01, -5.00000000000000E-01, -2.73430291585182E+01,  2.08090000000005E+02,  1.17892418808161E+03,  1.27398366020048E+03
 1.97641666700000E+03,  6.27636661696591E-02, -4.75000000000000E-01, -2.73408654709403E+01,  2.08270000000005E+02,  1.06552388502023E+03,  1.15924732424226E+03
 1.97650000000000E+03, -9.75629333431385E-02, -7.50000000000000E-01, -2.73387016587356E+01,  2.08450000000005E+02,  1.35659817628295E+03,  1.32352547853262E+03
 1.97658333300000E+03, -3.16883117868542E-01, -1.00000000000000E+00, -2.73365377222551E+01,  2.08630000000005E+02,  1.63313820078383E+03,  1.33458203725772E+03
 1.97666666700000E+03, -5.38112621641507E-01, -5.25000000000000E-01, -2.70829473169099E+01,  2.08810000000005E+02,  1.27933511163145E+03,  1.13037245621063E+03
 1.97675000000000E+03, -5.79711351655052E-01,  4.50000000000000E-01, -2.70807711986415E+01,  2.08990000000005E+02,  1.14307029287149E+03,  8.36924723944222E+02
 1.97683333300000E+03, -4.95355974929164E-01,  9.00000000000000E-01, -2.70785949979316E+01,  2.09170000000005E+02,  1.12022951351554E+03,  7.79275980577462E+02
 1.97691666700000E+03, -4.06417343955568E-01,  6.75000000000000E-01, -2.70764187151334E+01,  2.09350000000005E+02,  1.34183282083422E+03,  1.25442608990343E+03
 1.97700000000000E+03, -3.17722866483724E-01,  6.25000000000000E-01, -2.70742423505995E+01,  2.09530000000005E+02,  1.60630364049213E+03,  1.04741992367069E+03
 1.97708333300000E+03, -2.29417857283055E-01,  5.75000000000000E-01, -2.70720659046831E+01,  2.09710000000005E+02,  1.45380642966311E+03,  1.14001010810006E+03
 1.97716666700000E+03, -1.39124031905045E-01,  2.00000000000000E-01, -2.70698893777371E+01,  2.09890000000005E+02,  1.57060403660072E+03,  1.33607468655221E+03
 1.97725000000000E+03, -4.60110132723854E-02,  5.00000000000000E-02, -2.70677127701142E+01,  2.10070000000005E+02,  1.44645797591432E+03,  1.35080111456868E+03
 1.97733333300000E+03,  4.75077784652125E-02, -2.25000000000000E-01, -2.70655360821675E+01,  2.10250000000005E+02,  8.49200316052758E+02,  6.74673934054650E+02
 1.97741666700000E+03,  1.38135186993037E-01, -6.50000000000000E-01, -2.70633593142500E+01,  2.10430000000005E+02,  3.60612847753805E+02,  8.24705679875816E+02
 1.97750000000000E+03,  2.25505610473031E-01, -6.50000000000000E-01, -2.70611824667147E+01,  2.10610000000005E+02,  6.50908637881859E+02,  7.79737421526141E+02
 1.97758333300000E+03, -7.76798430981910E-02, -6.50000000000000E-01, -2.70590055399146E+01,  2.10790000000005E+02,  9.78408869546071E+02,  6.80698390545877E+02
 1.97766666700000E+03, -7.61712571944576E-01, -1.00000000000000E+00, -2.94077763306731E+01,  2.10970000000005E+02,  2.12836664156804E+03,  9.99865944908912E+02
 1.97775000000000E+03, -1.03496528182992E+00, -1.30000000000000E+00, -2.94054708301971E+01,  2.11150000000005E+02,  2.15413112020984E+03,  1.08733730094229E+03
 1.97783333300000E+03, -8.99793206624051E-01, -1.20000000000000E+00, -2.94031652292217E+01,  2.11330000000005E+02,  2.30729347120916E+03,  1.06530593580480E+03
 1.97791666700000E+03, -7.55854263379317E-01, -1.25000000000000E+00, -2.94008595281672E+01,  2.11510000000006E+02,  2.49845911256012E+03,  9.97251011180165E+02
 1.97800000000000E+03, -6.08157247010766E-01, -1.75000000000000E+00, -2.93985537274538E+01,  2.11690000000006E+02,  2.09640754964735E+03,  1.89315279299902E+03
 1.97808333300000E+03, -4.57126167350508E-01, -2.00000000000000E+00, -2.93962478275017E+01,  2.11870000000006E+02,  9.40036523309269E+02,  1.46338133998893E+03
 1.97816666700000E+03, -3.00761325332079E-01, -1.52500000000000E+00, -2.93939418287312E+01,  2.12050000000006E+02,  1.25919620891581E+03,  1.48015210022809E+03
 1.97825000000000E+03, -1.38711073529244E-01, -2.00000000000000E-01, -2.93916357315625E+01,  2.12230000000006E+02,  1.13766410436120E+03,  1.31912014153266E+03
 1.97833333300000E+03,  2.60344570654098E-02,  1.17500000000000E+00, -2.93893295364161E+01,  2.12410000000006E+02,  1.20547979066804E+03,  1.47587833559481E+03
 1.97841666700000E+03,  1.89508036756744E-01,  1.62500000000000E+00, -2.93870232437121E+01,  2.12590000000006E+02,  1.21051682984939E+03,  8.34924543616853E+02
 1.97850000000000E+03,  3.50587684427366E-01,  1.50000000000000E+00, -2.93847168538711E+01,  2.12770000000006E+02,  1.48468374942508E+03,  8.22303367327813E+02
 1.97858333300000E+03,  3.16366834239506E-01,  1.05000000000000E+00, -2.93824103673132E+01,  2.12950000000006E+02,  1.20313854938644E+03,  9.48641563595063E+02
 1.97866666700000E+03,  5.56452929065996E-02,  4.50000000000000E-01, -2.97179728875855E+01,  2.13130000000006E+02,  1.20957019351644E+03,  1.36319417863260E+03
 1.97875000000000E+03, -7.29283803995366E-02,  5.00000000000000E-02, -2.97179607251087E+01,  2.13310000000006E+02,  1.13697217242885E+03,  1.16205950089604E+03
 1.97883333300000E+03, -3.53971069018158E-02, -1.75000000000000E-01, -2.97179477930361E+01,  2.13490000000006E+02,  1.16914616565549E+03,  1.00062792832477E+03
 1.97891666700000E+03,  2.54661962037073E-03, -1.25000000000000E-01, -2.97179340913591E+01,  2.13670000000006E+02,  1.34876671994262E+03,  1.04954774356327E+03
 1.97900000000000E+03,  3.67087423650306E-02,  2.50000000000000E-02, -2.97179196200691E+01,  2.13850000000006E+02,  1.37603327462819E+03,  1.11102817473790E+03
 1.97908333300000E+03,  6.76085155092745E-02, -5.00000000000000E-02, -2.97179043791576E+01,  2.14030000000006E+02,  1.44321471421093E+03,  6.33151752770979E+02
 1.97916666700000E+03,  9.83082459585993E-02, -1.25000000000000E-01, -2.97178883686162E+01,  2.14210000000006E+02,  1.42565342450020E+03,  6.48730911569428E+02
 1.97925000000000E+03,  1.30330159414775E-01, -7.50000000000000E-02, -2.97178715884367E+01,  2.14390000000006E+02,  1.37975582520587E+03,  4.51764648821760E+02
 1.97933333300000E+03,  1.61949231611170E-01, -5.00000000000000E-02, -2.97178540386109E+01,  2.14570000000006E+02,  1.03186266591522E+03,  3.71441534319633E+02
 1.97941666700000E+03,  1.90542521697348E-01,  4.50000000000000E-01, -2.97178357191309E+01,  2.14750000000006E+02,  1.16424691268598E+03,  4.54089810416051E+02
 1.97950000000000E+03,  2.16394468156748E-01,  9.00000000000000E-01, -2.97178166299887E+01,  2.14930000000006E+02,  1.11360713884554E+03,  5.67632259715096E+02
 1.97958333300000E+03,  1.69624981667977E-01,  4.25000000000000E-01, -2.97177967711767E+01,  2.15110000000006E+02,  1.14683903306479E+03,  6.80422135639057E+02
 1.97966666700000E+03,  4.71580336131691E-02,  0.00000000000000E+00, -2.97116606159963E+01,  2.15290000000006E+02,  1.03588751541951E+03,  1.21288080224328E+03
 1.97975000000000E+03, -9.36594099782237E-03, -1.25000000000000E-01, -2.97117594003076E+01,  2.15470000000006E+02,  1.05017920309870E+03,  1.96599440131670E+03
 1.97983333300000E+03,  4.53460276815032E-03, -5.25000000000000E-01, -2.97118574175408E+01,  2.15650000000006E+02,  1.10976720109681E+03,  1.61086731951638E+03
 1.97991666700000E+03,  1.65980749086867E-02, -6.50000000000000E-01, -2.97119546676696E+01,  2.15830000000006E+02,  1.55330516228419E+03,  1.55662315323228E+03
 1.98000000000000E+03,  2.28182998903760E-02, -5.00000000000000E-02, -2.97120511506683E+01,  2.16010000000006E+02,  1.10015464706508E+03,  2.75036204685373E+03
 1.98008333300000E+03,  2.39411191357922E-02,  4.50000000000000E-01, -2.97121468665110E+01,  2.16190000000006E+02,  1.14365116905363E+03,  2.41457804854764E+03
 1.98016666700000E+03,  2.32925635396023E-02,  3.75000000000000E-01, -2.97122418151720E+01,  2.16370000000006E+02,  1.57967408669525E+03,  1.83800558055172E+03
 1.98025000000000E+03,  2.26934152205652E-02,  7.50000000000000E-02, -2.97123359966258E+01,  2.16550000000006E+02,  1.34605791093526E+03,  2.33760740197785E+03
 1.98033333300000E+03,  2.07490135988511E-02, -7.50000000000000E-02, -2.97124294108469E+01,  2.16730000000006E+02,  8.56708887060123E+02,  2.56038581680495E+03
 1.98041666700000E+03,  1.51948736032105E-02, -5.00000000000000E-02, -2.97125220578100E+01,  2.16910000000006E+02,  9.64065977882285E+02,  1.24357175991143E+03
 1.98050000000000E+03,  6.69761908817773E-03, -1.50000000000000E-01, -2.97126139374899E+01,  2.17090000000006E+02,  1.01846619468393E+03,  1.22916753749408E+03
 1.98058333300000E+03, -5.11980374827253E-02, -4.00000000000000E-01, -2.97127050498615E+01,  2.17270000000006E+02,  9.60508626709889E+02,  1.10753957409469E+03
 1.98066666700000E+03, -1.54580480418913E-01, -4.50000000000000E-01, -2.63299179551996E+01,  2.17450000000006E+02,  9.10075583943436E+02,  7.65990075460099E+02
 1.98075000000000E+03, -2.01127315277579E-01, -2.25000000000000E-01, -2.63287560753746E+01,  2.17630000000006E+02,  9.98798462333716E+02,  5.34845102020055E+02
 1.98083333300000E+03, -1.93159237361455E-01, -1.50000000000000E-01, -2.63275936525133E+01,  2.17810000000006E+02,  1.31072082004226E+03,  5.67913720215922E+02
 1.98091666700000E+03, -1.86694617786765E-01,  1.50000000000000E-01, -2.63264306867612E+01,  2.17990000000006E+02,  1.32050481535400E+03,  7.87147531495115E+02
 1.98100000000000E+03, -1.85802648971688E-01,  6.75000000000000E-01, -2.63252671782641E+01,  2.18170000000006E+02,  8.14376753300518E+02,  1.16763434235049E+03
 1.98108333300000E+03, -1.89798891995065E-01,  2.50000000000000E-02, -2.63241031271677E+01,  2.18350000000006E+02,  9.63007734951654E+02,  1.10994331876939E+03
 1.98116666700000E+03, -1.95416734112676E-01, -1.00000000000000E+00, -2.63229385336178E+01,  2.18530000000006E+02,  1.16442029941715E+03,  1.10790316306598E+03
 1.98125000000000E+03, -2.00892475924464E-01, -5.00000000000000E-01, -2.63217733977604E+01,  2.18710000000006E+02,  7.11162367305920E+02,  1.07851341081803E+03
 1.98133333300000E+03, -2.07675195650977E-01,  5.25000000000000E-01, -2.63206077197415E+01,  2.18890000000006E+02,  7.77203687225419E+02,  1.36345663925700E+03
 1.98141666700000E+03, -2.18080822886843E-01,  1.00000000000000E+00, -2.63194414997072E+01,  2.19070000000006E+02,  1.22551740791613E+03,  1.58145827436132E+03
 1.98150000000000E+03, -2.31490921033361E-01,  1.05000000000000E+00, -2.63182747378035E+01,  2.19250000000006E+02,  1.05070534163816E+03,  1.47800799181019E+03
 1.98158333300000E+03, -1.78602748568640E-01,  7.50000000000000E-01, -2.63171074341766E+01,  2.19430000000006E+02,  8.06898968549090E+02,  1.75902757881000E+03
 1.98166666700000E+03, -5.27773777085483E-02,  3.00000000000000E-01, -2.95511644845783E+01,  2.19610000000006E+02,  8.23217338849992E+02,  2.13587895073226E+03
 1.98175000000000E+03,  1.93931016082207E-02,  5.00000000000000E-02, -2.95506600208682E+01,  2.19790000000006E+02,  6.58789064618721E+02,  1.49627905804975E+03
 1.98183333300000E+03,  3.27238601471229E-02,  5.00000000000000E-02, -2.95501548064568E+01,  2.19970000000006E+02,  3.77356617493868E+02,  9.63078475969322E+02
 1.98191666700000E+03,  4.42136955851203E-02, -7.50000000000000E-02, -2.95496488414110E+01,  2.20150000000006E+02,  4.10562936150495E+02,  1.00499128595728E+03
 1.98200000000000E+03,  4.98345067549548E-02, -1.75000000000000E-01, -2.95491421257977E+01,  2.20330000000006E+02,  3.61229029159733E+02,  2.15039723686514E+03
 1.98208333300000E+03,  5.03107488515223E-02, -7.50000000000000E-02, -2.95486346596841E+01,  2.20510000000006E+02,  1.11661540143659E+03,  2.26354994603592E+03
 1.98216666700000E+03,  4.89477140039550E-02, -5.00000000000000E-02, -2.95481264431372E+01,  2.20690000000006E+02,  1.40724868207106E+03,  2.24934453108210E+03
 1.98225000000000E+03,  4.75461957311797E-02, -3.50000000000000E-01, -2.95476174762246E+01,  2.20870000000006E+02,  1.29814072536905E+03,  2.14985544257362E+03
 1.98233333300000E+03,  4.46923903642788E-02, -8.00000000000000E-01, -2.95471077590135E+01,  2.21050000000006E+02,  1.23774297535614E+03,  2.33254135368128E+03
 1.98241666700000E+03,  3.81036057656520E-02, -1.17500000000000E+00, -2.95465972915717E+01,  2.21230000000006E+02,  1.40002780742886E+03,  9.05287135886125E+02
 1.98250000000000E+03,  2.84292784934854E-02, -1.45000000000000E+00, -2.95460860739666E+01,  2.21410000000006E+02,  6.56136404090979E+02,  8.42652158391236E+02
 1.98258333300000E+03, -2.15794351751264E-01, -1.70000000000000E+00, -2.95455741062661E+01,  2.21590000000006E+02,  4.30926543107403E+02,  8.72372190008174E+02
 1.98266666700000E+03, -6.86311291983332E-01, -1.87500000000000E+00, -2.68122631456347E+01,  2.21770000000006E+02,  3.70515962332653E+02,  9.32745187960543E+02
 1.98275000000000E+03, -9.06196284612935E-01, -1.95000000000000E+00, -2.68131436413502E+01,  2.21950000000006E+02,  1.02377064883024E+03,  9.77869562127063E+02
 1.98283333300000E+03, -8.81586707122037E-01, -2.10000000000000E+00, -2.68140235597559E+01,  2.22130000000006E+02,  8.92764302388052E+02,  1.36116353096210E+03
 1.98291666700000E+03, -8.57562225649960E-01, -2.52500000000000E+00, -2.68149029007190E+01,  2.22310000000006E+02,  1.06516002036646E+03,  1.67968784119899E+03
 1.98300000000000E+03, -8.38166270086362E-01, -3.20000000000000E+00, -2.68157816641067E+01,  2.22490000000006E+02,  1.24079862192463E+03,  1.64929025963264E+03
 1.98308333300000E+03, -8.22692159776343E-01, -3.25000000000000E+00, -2.68166598497863E+01,  2.22670000000006E+02,  1.54110249652296E+03,  1.77955921652749E+03
 1.98316666700000E+03, -8.07854808198539E-01, -2.17500000000000E+00, -2.68175374576255E+01,  2.22850000000006E+02,  1.15506074325879E+03,  1.78333011156524E+03
 1.98325000000000E+03, -7.91876036168271E-01, -9.50000000000000E-01, -2.68184144874915E+01,  2.23030000000006E+02,  1.25394859471998E+03,  1.40079669376304E+03
 1.98333333300000E+03, -7.76194641107075E-01, -5.75000000000000E-01, -2.68192909392522E+01,  2.23210000000006E+02,  1.13874960924645E+03,  7.61986615530812E+02
 1.98341666700000E+03, -7.63120650460083E-01, -8.50000000000000E-01, -2.68201668127751E+01,  2.23390000000006E+02,  1.39257950840454E+03,  1.68117412683954E+03
 1.98350000000000E+03, -7.52034258807527E-01, -1.12500000000000E+00, -2.68210421079280E+01,  2.23570000000006E+02,  1.15470370273553E+03,  1.95549431740587E+03
 1.98358333300000E+03, -6.86623398552618E-01, -9.00000000000000E-01, -2.68219168245788E+01,  2.23750000000006E+02,  1.05453774093280E+03,  1.88788811506484E+03
 1.98366666700000E+03, -5.66850661887073E-01, -2.75000000000000E-01, -1.89248872302516E+01,  2.23930000000006E+02,  1.27062153122913E+03,  1.89469887545712E+03
 1.98375000000000E+03, -5.00096458493949E-01, -1.25000000000000E-01, -1.89252883910167E+01,  2.24110000000006E+02,  1.35144862619899E+03,  1.86388769556788E+03
 1.98383333300000E+03, -4.85275079974329E-01, -7.00000000000000E-01, -1.89256902544229E+01,  2.24290000000006E+02,  8.56544533868324E+02,  1.01462085074656E+03
 1.98391666700000E+03, -4.71935172157678E-01, -1.10000000000000E+00, -1.89260928203802E+01,  2.24470000000006E+02,  1.16545855018774E+03,  5.21153617578760E+02
 1.98400000000000E+03, -4.64095320905975E-01, -4.00000000000000E-01, -1.89264960887982E+01,  2.24650000000006E+02,  1.02937710692987E+03,  3.32072193227350E+02
 1.98408333300000E+03, -4.61022610896110E-01,  4.25000000000000E-01, -1.89269000595868E+01,  2.24830000000006E+02,  7.05033936493433E+02,  3.83676952042897E+02
 1.98416666700000E+03, -4.59404416118937E-01,  7.50000000000000E-02, -1.89273047326555E+01,  2.25010000000006E+02,  6.17103689083214E+02,  6.73150637907150E+02
 1.98425000000000E+03, -4.57433800512792E-01, -3.00000000000000E-01, -1.89277101079136E+01,  2.25190000000006E+02,  8.90422073832640E+02,  8.85525275599768E+02
 1.98433333300000E+03, -4.56519676747945E-01, -2.50000000000000E-01, -1.89281161852706E+01,  2.25370000000006E+02,  6.96790995333913E+02,  1.02311720494077E+03
 1.98441666700000E+03, -4.58941149470695E-01, -3.50000000000000E-01, -1.89285229646358E+01,  2.25550000000006E+02,  9.37180010768326E+02,  1.57770599981094E+03
 1.98450000000000E+03, -4.64046543031211E-01, -2.50000000000000E-02, -1.89289304459183E+01,  2.25730000000006E+02,  1.04987694215480E+03,  1.64041270667008E+03
 1.98458333300000E+03, -3.61763558518983E-01,  4.25000000000000E-01, -1.89293386290270E+01,  2.25910000000006E+02,  1.17158651412381E+03,  1.59020090991834E+03
 1.98466666700000E+03, -1.49739128278670E-01,  1.50000000000000E-01, -2.24306989744498E+01,  2.26090000000006E+02,  1.11174777745423E+03,  2.33135266752393E+03
 1.98475000000000E+03, -4.04574652254148E-02, -3.50000000000000E-01, -2.24300487995490E+01,  2.26270000000006E+02,  9.44538239945102E+02,  2.43575843366511E+03
 1.98483333300000E+03, -3.50114976062735E-02,  1.50000000000000E-01, -2.24293981565636E+01,  2.26450000000006E+02,  7.62514745961676E+02,  1.88790946375780E+03
 1.98491666700000E+03, -3.14372633300890E-02,  6.00000000000000E-01, -2.24287470455542E+01,  2.26630000000006E+02,  5.93539089439609E+02,  1.84720817556186E+03
 1.98500000000000E+03, -3.37213697811644E-02,  2.25000000000000E-01, -2.24280954665813E+01,  2.26810000000006E+02,  7.23700474753318E+02,  2.03845717167488E+03
 1.98508333300000E+03, -4.10984100614927E-02,  7.75000000000000E-01, -2.24274434197054E+01,  2.26990000000006E+02,  5.78549766677918E+02,  1.13350978133032E+03
 1.98516666700000E+03, -5.02228224576314E-02,  1.70000000000000E+00, -2.24267909049872E+01,  2.27170000000006E+02,  5.57788897295391E+02,  1.06086352863214E+03
 1.98525000000000E+03, -5.92543606020092E-02,  1.92500000000000E+00, -2.24261379224872E+01,  2.27350000000006E+02,  1.07788117137751E+03,  1.43892934651096E+03
 1.98533333300000E+03, -6.95683229318383E-02,  1.40000000000000E+00, -2.24254844722663E+01,  2.27530000000006E+02,  1.08215324788620E+03,  1.55327257978317E+03
 1.98541666700000E+03, -8.34099660943774E-02,  2.75000000000000E-01, -2.24248305543850E+01,  2.27710000000006E+02,  8.99536224657548E+02,  2.22059982743430E+03
 1.98550000000000E+03, -1.00093602911299E-01, -1.25000000000000E-01, -2.24241761689043E+01,  2.27890000000006E+02,  9.77189837471660E+02,  2.22871208138563E+03
 1.98558333300000E+03, -5.90083074706838E-02,  3.00000000000000E-01, -2.24235213158850E+01,  2.28070000000006E+02,  1.20865582449739E+03,  2.14406756126669E+03
 1.98566666700000E+03,  5.04160099557919E-02,  4.00000000000000E-01, -2.03274097273739E+01,  2.28250000000006E+02,  8.39948265816719E+02,  2.21366329791793E+03
 1.98575000000000E+03,  1.22933444331846E-01,  2.50000000000000E-01, -2.03287366044932E+01,  2.28430000000006E+02,  8.62255643230283E+02,  2.04715002761441E+03
 1.98583333300000E+03,  1.49338247752970E-01,  1.25000000000000E-01, -2.03300639276462E+01,  2.28610000000006E+02,  8.76698526509621E+02,  9.44193432827510E+02
 1.98591666700000E+03,  1.73905127725154E-01,  2.75000000000000E-01, -2.03313916966065E+01,  2.28790000000006E+02,  1.73964295357750E+03,  1.17686433334288E+03
 1.98600000000000E+03,  1.92578043666805E-01,  6.25000000000000E-01, -2.03327199111474E+01,  2.28970000000006E+02,  1.62801048253785E+03,  1.18146600915588E+03
 1.98608333300000E+03,  2.06048402496964E-01,  1.50000000000000E-01, -2.03340485710423E+01,  2.29150000000006E+02,  1.43807039629640E+03,  1.16022854967378E+03
 1.98616666700000E+03,  2.17583345000039E-01, -2.75000000000000E-01, -2.03353776760647E+01,  2.29330000000006E+02,  1.74843935419913E+03,  1.21416153580561E+03
 1.98625000000000E+03,  2.28940471541176E-01, -1.00000000000000E-01, -2.03367072259875E+01,  2.29510000000006E+02,  1.66170473578105E+03,  1.11477897182337E+03
 1.98633333300000E+03,  2.38657857618663E-01,  2.50000000000000E-01, -2.03380372205842E+01,  2.29690000000006E+02,  6.66504380860414E+02,  7.20913153935807E+02
 1.98641666700000E+03,  2.44399935517098E-01,  7.25000000000000E-01, -2.03393676596277E+01,  2.29870000000006E+02,  7.11192713726451E+02,  6.35647616394071E+02
 1.98650000000000E+03,  2.46758739689960E-01,  7.75000000000000E-01, -2.03406985428911E+01,  2.30050000000006E+02,  8.64420201659756E+02,  4.45004349955517E+02
 1.98658333300000E+03, -7.66013237076849E-02,  5.25000000000000E-01, -2.03420298701474E+01,  2.30230000000006E+02,  6.45282736189074E+02,  1.34290347939732E+03
 1.98666666700000E+03, -7.25011829143854E-01,  1.00000000000000E-01, -1.69648058946925E+01,  2.30410000000006E+02,  6.28509929337838E+02,  1.48935853404487E+03
 1.98675000000000E+03, -1.04769376223060E+00, -2.50000000000000E-01, -1.69640633186608E+01,  2.30590000000006E+02,  6.33103585782526E+02,  1.66390548151807E+03
 1.98683333300000E+03, -1.04366017393725E+00, -9.00000000000000E-01, -1.69633213539828E+01,  2.30770000000006E+02,  1.30491534929761E+03,  2.46542564393217E+03
 1.98691666700000E+03, -1.04145171820559E+00, -1.60000000000000E+00, -1.69625800007358E+01,  2.30950000000006E+02,  1.39920588344913E+03,  2.21632977347651E+03
 1.98700000000000E+03, -1.04508317001910E+00, -1.22500000000000E+00, -1.69618392589968E+01,  2.31130000000006E+02,  1.30390644976117E+03,  1.43792637963649E+03
 1.98708333300000E+03, -1.05381784367410E+00, -1.27500000000000E+00, -1.69610991288428E+01,  2.31310000000006E+02,  1.26710003565888E+03,  1.35322973394700E+03
 1.98716666700000E+03, -1.06433938912237E+00, -2.10000000000000E+00, -1.69603596103510E+01,  2.31490000000006E+02,  1.67554602889207E+03,  2.11460897114818E+03
 1.98725000000000E+03, -1.07483718711735E+00, -2.02500000000000E+00, -1.69596207035980E+01,  2.31670000000006E+02,  9.13715597626205E+02,  1.55326912396120E+03
 1.98733333300000E+03, -1.08671649334221E+00, -1.32500000000000E+00, -1.69588824086607E+01,  2.31850000000006E+02,  7.73667537944613E+02,  1.66774841985115E+03
 1.98741666700000E+03, -1.10225275336030E+00, -1.05000000000000E+00, -1.69581447256159E+01,  2.32030000000006E+02,  7.91772569451934E+02,  1.42948110679616E+03
 1.98750000000000E+03, -1.12079059080213E+00, -1.27500000000000E+00, -1.69574076545401E+01,  2.32210000000006E+02,  9.47865433724023E+02,  1.43703330360127E+03
 1.98758333300000E+03, -1.07236518845304E+00, -1.42500000000000E+00, -1.69566711955099E+01,  2.32390000000006E+02,  5.96628730083340E+02,  5.76838477566264E+02
 1.98766666700000E+03, -9.40100939006048E-01, -1.20000000000000E+00, -2.17719787885571E+01,  2.32570000000006E+02,  5.63691079403964E+02,  3.71503134331974E+02
 1.98775000000000E+03, -8.40317243729361E-01, -6.25000000000000E-01, -2.17703199972610E+01,  2.32750000000006E+02,  6.11147666845773E+02,  2.26785426788514E+02
 1.98783333300000E+03, -7.85863456826465E-01, -3.00000000000000E-01, -2.17686609833385E+01,  2.32930000000006E+02,  1.18806916278531E+03,  3.44932587332639E+02
 1.98791666700000E+03, -7.28234611623455E-01, -7.25000000000000E-01, -2.17670017469711E+01,  2.33110000000006E+02,  1.48600152151757E+03,  6.38740406547902E+02
 1.98800000000000E+03, -6.71774729882872E-01, -9.25000000000000E-01, -2.17653422883405E+01,  2.33290000000006E+02,  1.39493366167444E+03,  9.90093690332826E+02
 1.98808333300000E+03, -6.16110429425930E-01, -1.25000000000000E-01, -2.17636826076280E+01,  2.33470000000006E+02,  1.41653800624200E+03,  1.00612608263242E+03
 1.98816666700000E+03, -5.58319387369631E-01,  3.75000000000000E-01, -2.17620227050153E+01,  2.33650000000006E+02,  2.00215216142239E+03,  1.88931781989300E+03
 1.98825000000000E+03, -4.97012192485120E-01,  1.00000000000000E-01, -2.17603625806840E+01,  2.33830000000006E+02,  1.51462342467387E+03,  1.82477761076265E+03
 1.98833333300000E+03, -4.34038772947829E-01, -2.50000000000000E-01, -2.17587022348157E+01,  2.34010000000006E+02,  1.19734676508520E+03,  1.93908979933856E+03
 1.98841666700000E+03, -3.72138856317194E-01, -4.75000000000000E-01, -2.17570416675919E+01,  2.34190000000006E+02,  1.29090386851490E+03,  1.82875836915122E+03
 1.98850000000000E+03, -3.11137002176294E-01, -5.00000000000000E-02, -2.17553808791944E+01,  2.34370000000006E+02,  1.53597167532855E+03,  2.04484802835190E+03
 1.98858333300000E+03, -8.02160092215869E-02,  6.75000000000000E-01, -2.17537198698049E+01,  2.34550000000006E+02,  1.07858169159412E+03,  1.61170722745666E+03
 1.98866666700000E+03,  3.20861456480739E-01,  1.20000000000000E+00, -8.91643455631322E+00,  2.34730000000006E+02,  9.26646174974858E+02,  1.56984472137037E+03
 1.98875000000000E+03,  5.55201957747812E-01,  1.47500000000000E+00, -8.91746706829817E+00,  2.34910000000006E+02,  1.04530314902848E+03,  1.36563723716800E+03
 1.98883333300000E+03,  6.23244965723697E-01,  1.27500000000000E+00, -8.91849960347174E+00,  2.35090000000006E+02,  1.40025946876895E+03,  1.17266536020349E+03
 1.98891666700000E+03,  6.89663571686578E-01,  9.00000000000000E-01, -8.91953216177389E+00,  2.35270000000006E+02,  1.34697238318749E+03,  1.41240280326548E+03
 1.98900000000000E+03,  7.50207067614207E-01,  5.75000000000000E-01, -8.92056474314456E+00,  2.35450000000006E+02,  1.45463520280943E+03,  1.02666225489813E+03
 1.98908333300000E+03,  8.05370652417110E-01,  3.00000000000000E-01, -8.92159734752370E+00,  2.35630000000006E+02,  1.58628694086361E+03,  1.00653285212454E+03
 1.98916666700000E+03,  8.58225050070820E-01,  7.25000000000000E-01, -8.92262997485125E+00,  2.35810000000006E+02,  1.57359959791747E+03,  1.43901914367486E+03
 1.98925000000000E+03,  9.10332564536655E-01,  1.40000000000000E+00, -8.92366262506720E+00,  2.35990000000006E+02,  1.35699117209555E+03,  1.36560152481623E+03
 1.98933333300000E+03,  9.60038408264112E-01,  9.75000000000000E-01, -8.92469529811149E+00,  2.36170000000006E+02,  1.19823167410713E+03,  9.24714260836334E+02
 1.98941666700000E+03,  1.00481787372498E+00,  3.75000000000000E-01, -8.92572799392405E+00,  2.36350000000006E+02,  8.32787980987981E+02,  8.57161521188072E+02
 1.98950000000000E+03,  1.04507883228953E+00,  3.50000000000000E-01, -8.92676071244483E+00,  2.36530000000006E+02,  9.16771741661646E+02,  1.18795590436594E+03
 1.98958333300000E+03,  7.62111154410955E-01,  1.75000000000000E-01, -8.92779345361383E+00,  2.36710000000006E+02,  1.01212819095422E+03,  4.91787084878304E+02
 1.98966666700000E+03,  1.52039665921571E-01,  2.75000000000000E-01, -1.17515279900373E+01,  2.36890000000006E+02,  9.74434545656947E+02,  1.04306722811037E+03
 1.98975000000000E+03, -1.46335533601430E-01,  5.25000000000000E-01, -1.17501639772550E+01,  2.37070000000006E+02,  1.09301866041313E+03,  1.02205823718879E+03
 1.98983333300000E+03, -1.27448631666691E-01, -1.50000000000000E-01, -1.17488000396213E+01,  2.37250000000006E+02,  1.13148696489673E+03,  1.30323482951679E+03
 1.98991666700000E+03, -1.11546421160927E-01, -1.00000000000000E+00, -1.17474361772253E+01,  2.37430000000006E+02,  9.58411032894930E+02,  1.37122664658030E+03
 1.99000000000000E+03, -1.02647300530568E-01, -1.57500000000000E+00, -1.17460723901562E+01,  2.37610000000006E+02,  8.92114343646095E+02,  1.60719037698183E+03
 1.99008333300000E+03, -1.00008805449278E-01, -1.92500000000000E+00, -1.17447086785030E+01,  2.37790000000007E+02,  8.56451483634969E+02,  1.63973402369087E+03
 1.99016666700000E+03, -1.00299503851646E-01, -1.10000000000000E+00, -1.17433450423550E+01,  2.37970000000007E+02,  1.24984743772634E+03,  1.76225283281282E+03
 1.99025000000000E+03, -1.01684572901855E-01,  5.00000000000000E-02, -1.17419814818012E+01,  2.38150000000007E+02,  1.21027932445234E+03,  1.75478889110700E+03
 1.99033333300000E+03, -1.05536209181129E-01,  4.50000000000000E-01, -1.17406179969306E+01,  2.38330000000007E+02,  1.22405753337450E+03,  1.61390802237110E+03
 1.99041666700000E+03, -1.14088287624494E-01,  3.50000000000000E-01, -1.17392545878325E+01,  2.38510000000007E+02,  1.32952192865902E+03,  1.37900704485626E+03
 1.99050000000000E+03, -1.26635771396147E-01,  5.00000000000000E-02, -1.17378912545958E+01,  2.38690000000007E+02,  1.30011714183255E+03,  8.46492086084491E+02
 1.99058333300000E+03, -2.80053303204379E-01, -5.00000000000000E-01, -1.17365279973097E+01,  2.38870000000007E+02,  6.99927899106018E+02,  1.26752982118604E+03
 1.99066666700000E+03, -5.66521968058113E-01, -8.25000000000000E-01, -1.59735320177543E+01,  2.39050000000007E+02,  7.97559990183995E+02,  1.09893301673023E+03
 1.99075000000000E+03, -6.98814387145592E-01, -4.75000000000000E-01, -1.59736770934352E+01,  2.39230000000007E+02,  7.73636827806498E+02,  9.89795283824879E+02
 1.99083333300000E+03, -6.82919061935295E-01, -3.00000000000000E-01, -1.59738218746954E+01,  2.39410000000007E+02,  4.47101023313150E+02,  1.04561379183022E+03
 1.99091666700000E+03, -6.69044218156064E-01, -3.50000000000000E-01, -1.59739663615248E+01,  2.39590000000007E+02,  3.32113579989760E+02,  1.36654227861409E+03
 1.99100000000000E+03, -6.61188311555166E-01, -1.00000000000000E-01, -1.59741105539135E+01,  2.39770000000007E+02,  5.42021838359204E+02,  9.38876213919137E+02
 1.99108333300000E+03, -6.58595598282347E-01, -3.25000000000000E-01, -1.59742544518515E+01,  2.39950000000007E+02,  6.97740805794077E+02,  1.07210289267043E+03
 1.99116666700000E+03, -6.57928018327222E-01, -8.75000000000000E-01, -1.59743980553287E+01,  2.40130000000007E+02,  7.54681765034281E+02,  1.50420960115848E+03
 1.99125000000000E+03, -6.57350708428846E-01, -9.25000000000000E-01, -1.59745413643353E+01,  2.40310000000007E+02,  9.02981528894967E+02,  1.64079792632064E+03
 1.99133333300000E+03, -6.58242297167533E-01, -9.75000000000000E-01, -1.59746843788613E+01,  2.40490000000007E+02,  1.20990424613083E+03,  1.44922123894862E+03
 1.99141666700000E+03, -6.62849397354061E-01, -8.25000000000000E-01, -1.59748270988967E+01,  2.40670000000007E+02,  1.17218393869006E+03,  1.41063466873750E+03
 1.99150000000000E+03, -6.70485800137245E-01, -6.00000000000000E-01, -1.59749695244318E+01,  2.40850000000007E+02,  9.60286803406764E+02,  1.58900994445284E+03
 1.99158333300000E+03, -7.20222928001489E-01, -9.00000000000000E-01, -1.59751116554565E+01,  2.41030000000007E+02,  8.71241639202562E+02,  1.09805971789642E+03
 1.99166666700000E+03, -8.14126087213141E-01, -1.00000000000000E+00, -1.53056435273128E+01,  2.41210000000007E+02,  7.11685733311031E+02,  9.25384128952480E+02
 1.99175000000000E+03, -8.70557729505730E-01, -8.25000000000000E-01, -1.53062639643366E+01,  2.41390000000007E+02,  5.73028901134409E+02,  8.71867141375944E+02
 1.99183333300000E+03, -8.85763126314714E-01, -1.05000000000000E+00, -1.53068841505326E+01,  2.41570000000007E+02,  4.99128433050736E+02,  9.41049545482330E+02
 1.99191666700000E+03, -9.02301373188778E-01, -1.95000000000000E+00, -1.53075040858602E+01,  2.41750000000007E+02,  6.07077984959320E+02,  1.93234012607616E+03
 1.99200000000000E+03, -9.24143403089658E-01, -2.50000000000000E+00, -1.53081237702791E+01,  2.41930000000007E+02,  1.00860917993838E+03,  1.95765271300624E+03
 1.99208333300000E+03, -9.50508571439914E-01, -2.12500000000000E+00, -1.53087432037490E+01,  2.42110000000007E+02,  1.11847003643904E+03,  1.97572699667948E+03
 1.99216666700000E+03, -9.78036522757636E-01, -1.95000000000000E+00, -1.53093623862296E+01,  2.42290000000007E+02,  1.06847979336181E+03,  1.87284621112061E+03
 1.99225000000000E+03, -1.00487266752295E+00, -1.35000000000000E+00, -1.53099813176804E+01,  2.42470000000007E+02,  1.33886650566035E+03,  1.93705755675807E+03
 1.99233333300000E+03, -1.03237842312828E+00, -3.00000000000000E-01, -1.53105999980613E+01,  2.42650000000007E+02,  1.14269487524378E+03,  5.75811779393151E+02
 1.99241666700000E+03, -1.06278563307314E+00, -4.25000000000000E-01, -1.53112184273320E+01,  2.42830000000007E+02,  1.12032588914565E+03,  7.32766998135303E+02
 1.99250000000000E+03, -1.09539567026484E+00, -8.50000000000000E-01, -1.53118366054521E+01,  2.43010000000007E+02,  9.98110199598198E+02,  7.08660409330331E+02
 1.99258333300000E+03, -1.01879757216161E+00, -1.50000000000000E-01, -1.53124545323815E+01,  2.43190000000007E+02,  9.96196681640640E+02,  2.01892610623171E+03
 1.99266666700000E+03, -8.20037541715421E-01,  3.25000000000000E-01, -8.29868879104103E-01,  2.43370000000007E+02,  1.33615952733669E+03,  1.79718084423921E+03
 1.99275000000000E+03, -7.03693307149027E-01, -2.00000000000000E-01, -8.29553763118192E-01,  2.43550000000007E+02,  1.42021196136919E+03,  1.80230195877928E+03
 1.99283333300000E+03, -6.81601106940203E-01, -4.75000000000000E-01, -8.29238812542569E-01,  2.43730000000007E+02,  1.05247674435668E+03,  2.04932549628794E+03
 1.99291666700000E+03, -6.61168446664074E-01, -3.75000000000000E-01, -8.28924027384344E-01,  2.43910000000007E+02,  1.25206322490512E+03,  2.27147268505745E+03
 1.99300000000000E+03, -6.46396242548759E-01, -2.25000000000000E-01, -8.28609407650596E-01,  2.44090000000007E+02,  1.46499016060508E+03,  9.41059550556470E+02
 1.99308333300000E+03, -6.36533498296007E-01, -5.50000000000000E-01, -8.28294953348420E-01,  2.44270000000007E+02,  7.74819040574947E+02,  1.18827629916025E+03
 1.99316666700000E+03, -6.28249139709614E-01, -1.52500000000000E+00, -8.27980664484897E-01,  2.44450000000007E+02,  6.90150466819857E+02,  1.51095541799142E+03
 1.99325000000000E+03, -6.19717459957577E-01, -1.77500000000000E+00, -8.27666541067095E-01,  2.44630000000007E+02,  8.41054741146912E+02,  1.60701392663655E+03
 1.99333333300000E+03, -6.12328330106724E-01, -1.37500000000000E+00, -8.27352583102088E-01,  2.44810000000007E+02,  1.04546511846451E+03,  1.49085524710296E+03
 1.99341666700000E+03, -6.08341587627644E-01, -1.05000000000000E+00, -8.27038790596933E-01,  2.44990000000007E+02,  8.72041960643265E+02,  1.88525045171396E+03
 1.99350000000000E+03, -6.07086109518367E-01, -1.05000000000000E+00, -8.26725163558686E-01,  2.45170000000007E+02,  8.54789697516897E+02,  1.78056009999586E+03
 1.99358333300000E+03, -5.44632743411989E-01, -1.50000000000000E+00, -8.26411701994399E-01,  2.45350000000007E+02,  1.15084347343160E+03,  1.75310549082376E+03
 1.99366666700000E+03, -4.18896739183091E-01, -1.55000000000000E+00, -1.12885794120761E+01,  2.45530000000007E+02,  1.69319665133690E+03,  1.68921808751405E+03
 1.99375000000000E+03, -3.50286598279171E-01, -1.02500000000000E+00, -1.12883423047263E+01,  2.45710000000007E+02,  1.30019378500610E+03,  1.90895428715052E+03
 1.99383333300000E+03, -3.39560249308904E-01, -3.50000000000000E-01, -1.12881050141318E+01,  2.45890000000007E+02,  1.15514775858980E+03,  1.56193933419253E+03
 1.99391666700000E+03, -3.30619545582665E-01, -7.50000000000000E-02, -1.12878675403014E+01,  2.46070000000007E+02,  1.36577159046643E+03,  2.30408047375510E+03
 1.99400000000000E+03, -3.27470491104896E-01, -1.25000000000000E-01, -1.12876298832438E+01,  2.46250000000007E+02,  1.10918117916930E+03,  1.99956259501226E+03
 1.99408333300000E+03, -3.29367075251414E-01, -4.00000000000000E-01, -1.12873920429678E+01,  2.46430000000007E+02,  5.01069713135014E+02,  1.62230994885941E+03
 1.99416666700000E+03, -3.32983096613826E-01, -1.05000000000000E+00, -1.12871540194821E+01,  2.46610000000007E+02,  4.49126972402676E+02,  1.45839786537866E+03
 1.99425000000000E+03, -3.36497597614256E-01, -1.20000000000000E+00, -1.12869158127955E+01,  2.46790000000007E+02,  6.26206204701273E+02,  1.93415117947601E+03
 1.99433333300000E+03, -3.41305065292348E-01, -8.00000000000000E-01, -1.12866774229166E+01,  2.46970000000007E+02,  4.88294777177014E+02,  1.10700203244001E+03
 1.99441666700000E+03, -3.49669809477370E-01, -6.50000000000000E-01, -1.12864388498544E+01,  2.47150000000007E+02,  6.30240141295833E+02,  1.22322835166988E+03
 1.99450000000000E+03, -3.60925025757394E-01, -1.07500000000000E+00, -1.12862000936175E+01,  2.47330000000007E+02,  7.25655685292322E+02,  1.19079345770412E+03
 1.99458333300000E+03, -4.77319279637894E-01, -1.57500000000000E+00, -1.12859611542148E+01,  2.47510000000007E+02,  9.44507507706700E+02,  1.46739149002495E+03
 1.99466666700000E+03, -6.94005283164244E-01, -1.52500000000000E+00, -9.12549387336701E+00,  2.47690000000007E+02,  1.11859367731707E+03,  1.09014200065453E+03
 1.99475000000000E+03, -7.96240800342044E-01, -1.20000000000000E+00, -9.12558539933867E+00,  2.47870000000007E+02,  1.08256156310387E+03,  1.68786564038947E+03
 1.99483333300000E+03, -7.87471167159521E-01, -1.30000000000000E+00, -9.12567678236607E+00,  2.48050000000007E+02,  8.94493562900486E+02,  1.64024210780371E+03
 1.99491666700000E+03, -7.80498078201146E-01, -1.50000000000000E+00, -9.12576802244666E+00,  2.48230000000007E+02,  8.49978725592165E+02,  1.76591083507519E+03
 1.99500000000000E+03, -7.79327205469031E-01, -1.17500000000000E+00, -9.12585911957784E+00,  2.48410000000007E+02,  7.49788243283087E+02,  1.41933576479324E+03
 1.99508333300000E+03, -7.83212212798146E-01, -5.75000000000000E-01, -9.12595007375707E+00,  2.48590000000007E+02,  3.94941321857281E+02,  1.25227580876762E+03
 1.99516666700000E+03, -7.88826579603984E-01,  2.50000000000000E-02, -9.12604088498176E+00,  2.48770000000007E+02,  3.70010358439433E+02,  8.78295455032692E+02
 1.99525000000000E+03, -7.94349035394466E-01,  5.00000000000000E-02, -9.12613155324936E+00,  2.48950000000007E+02,  3.45217941265481E+02,  8.51006622181696E+02
 1.99533333300000E+03, -8.01173761197626E-01, -3.25000000000000E-01, -9.12622207855732E+00,  2.49130000000007E+02,  2.13037685323315E+02,  1.00571532179122E+03
 1.99541666700000E+03, -8.11564767619317E-01, -2.50000000000000E-01, -9.12631246090308E+00,  2.49310000000007E+02,  1.32184133463025E+02,  1.02922892880798E+03
 1.99550000000000E+03, -8.24854957691476E-01,  2.50000000000000E-02, -9.12640270028409E+00,  2.49490000000007E+02,  3.78085921910722E+02,  1.09281531156837E+03
 1.99558333300000E+03, -5.99045981186415E-01,  0.00000000000000E+00, -9.12649279669782E+00,  2.49670000000007E+02,  3.97459720305050E+02,  8.66266158608493E+02
 1.99566666700000E+03, -1.25059418772640E-01,  7.50000000000000E-02, -2.92064317606441E+00,  2.49850000000007E+02,  5.35642105707674E+02,  1.33045591292018E+03
 1.99575000000000E+03,  1.27568938129791E-01,  2.75000000000000E-01, -2.92043263773620E+00,  2.50030000000007E+02,  7.03637817424663E+02,  9.47410446270407E+02
 1.99583333300000E+03,  1.51130861083037E-01,  7.50000000000000E-02, -2.92022231747172E+00,  2.50210000000007E+02,  1.04055397948968E+03,  1.17363285310620E+03
 1.99591666700000E+03,  1.72823240592466E-01, -2.50000000000000E-02, -2.92001221527483E+00,  2.50390000000007E+02,  9.78401702849068E+02,  1.41986788375794E+03
 1.99600000000000E+03,  1.88638592119422E-01,  3.25000000000000E-01, -2.91980233114942E+00,  2.50570000000007E+02,  1.04704266533719E+03,  1.39595796596879E+03
 1.99608333300000E+03,  1.99321454285413E-01,  5.00000000000000E-01, -2.91959266509934E+00,  2.50750000000007E+02,  9.09883431390514E+02,  8.67500666735536E+02
 1.99616666700000E+03,  2.08196565589746E-01,  4.75000000000000E-01, -2.91938321712844E+00,  2.50930000000007E+02,  9.98357993801456E+02,  9.06408863810971E+02
 1.99625000000000E+03,  2.17083430359960E-01,  1.50000000000000E-01, -2.91917398724056E+00,  2.51110000000007E+02,  6.39872210588970E+02,  6.45989013354200E+02
 1.99633333300000E+03,  2.24586117033510E-01, -3.25000000000000E-01, -2.91896497543953E+00,  2.51290000000007E+02,  4.45140657624661E+02,  7.60790427202596E+02
 1.99641666700000E+03,  2.28438880555368E-01, -5.00000000000000E-02, -2.91875618172917E+00,  2.51470000000007E+02,  4.69812166445132E+02,  8.73325764557733E+02
 1.99650000000000E+03,  2.29307099982223E-01,  4.75000000000000E-01, -2.91854760611330E+00,  2.51650000000007E+02,  8.01813745641704E+02,  1.00189018619116E+03
 1.99658333300000E+03,  1.95760303934390E-01,  8.75000000000000E-01, -2.91833924859570E+00,  2.51830000000007E+02,  6.29973701117153E+02,  1.23718257722234E+03
 1.99666666700000E+03,  1.25765102590094E-01,  1.25000000000000E+00, -7.20758056591094E+00,  2.52010000000007E+02,  6.06026291074993E+02,  1.42360353755466E+03
 1.99675000000000E+03,  8.55107784614889E-02,  1.05000000000000E+00, -7.20660280838920E+00,  2.52190000000007E+02,  1.17105101607318E+03,  1.25321106262312E+03
 1.99683333300000E+03,  7.83707805475114E-02,  8.75000000000000E-01, -7.20562501213567E+00,  2.52370000000007E+02,  1.25620626966580E+03,  1.21591035683153E+03
 1.99691666700000E+03,  6.92295958294438E-02,  6.25000000000000E-01, -7.20464717718397E+00,  2.52550000000007E+02,  1.16124740336735E+03,  1.13157384660325E+03
 1.99700000000000E+03,  5.41089079875616E-02,  3.50000000000000E-01, -7.20366930356779E+00,  2.52730000000007E+02,  1.15198213916966E+03,  1.04833833695385E+03
 1.99708333300000E+03,  3.37814235079113E-02,  5.00000000000000E-01, -7.20269139132074E+00,  2.52910000000007E+02,  1.50417800729769E+03,  1.37451934605801E+03
 1.99716666700000E+03,  1.15990617275402E-02, -5.00000000000000E-01, -7.20171344047646E+00,  2.53090000000007E+02,  1.32491016018368E+03,  1.80545308393404E+03
 1.99725000000000E+03, -1.05924597161158E-02, -1.52500000000000E+00, -7.20073545106864E+00,  2.53270000000007E+02,  1.10008992847493E+03,  1.90314649111871E+03
 1.99733333300000E+03, -3.41638019744110E-02, -1.45000000000000E+00, -7.19975742313091E+00,  2.53450000000007E+02,  9.51697924512506E+02,  2.07361202885746E+03
 1.99741666700000E+03, -6.13563516490356E-02, -1.52500000000000E+00, -7.19877935669692E+00,  2.53630000000007E+02,  1.16327535550345E+03,  1.85597868395206E+03
 1.99750000000000E+03, -9.14812470286165E-02, -1.65000000000000E+00, -7.19780125180032E+00,  2.53810000000007E+02,  8.57835569373069E+02,  1.34240933798687E+03
 1.99758333300000E+03, -4.05415938512378E-01, -2.02500000000000E+00, -7.19682310847479E+00,  2.53990000000007E+02,  7.34788033455443E+02,  1.18792607699057E+03
 1.99766666700000E+03, -9.93856584370684E-01, -2.55000000000000E+00,  1.49800861837506E+00,  2.54170000000007E+02,  7.92465020113468E+02,  1.30345795611146E+03
 1.99775000000000E+03, -1.28030167112719E+00, -2.65000000000000E+00,  1.49776423596019E+00,  2.54350000000007E+02,  1.17925515539561E+03,  1.49102127113564E+03
 1.99783333300000E+03, -1.27261006897984E+00, -2.30000000000000E+00,  1.49751974053373E+00,  2.54530000000007E+02,  1.18209879154723E+03,  1.47112157779497E+03
 1.99791666700000E+03, -1.26665673457032E+00, -1.75000000000000E+00,  1.49727513210474E+00,  2.54710000000007E+02,  1.23626099868829E+03,  1.41480838887748E+03
 1.99800000000000E+03, -1.26644089837779E+00, -2.00000000000000E+00,  1.49703041068232E+00,  2.54890000000007E+02,  1.34252800762037E+03,  1.03011507160813E+03
 1.99808333300000E+03, -1.27121007556675E+00, -2.67500000000000E+00,  1.49678557627557E+00,  2.55070000000007E+02,  1.55017942432842E+03,  8.14068912571700E+02
 1.99816666700000E+03, -1.27763188502587E+00, -2.35000000000000E+00,  1.49654062889358E+00,  2.55250000000007E+02,  1.36135303241031E+03,  4.94353010295588E+02
 1.99825000000000E+03, -1.28387947744970E+00, -1.37500000000000E+00,  1.49629556854543E+00,  2.55430000000007E+02,  1.16816028539450E+03,  4.91189447772235E+02
 1.99833333300000E+03, -1.29134173094407E+00, -4.25000000000000E-01,  1.49605039524024E+00,  2.55610000000007E+02,  1.10185800716799E+03,  5.78569746630903E+02
 1.99841666700000E+03, -1.30227761946201E+00,  2.50000000000000E-01,  1.49580510898709E+00,  2.55790000000007E+02,  1.23757352154433E+03,  8.44322596192380E+02
 1.99850000000000E+03, -1.31601526457426E+00,  4.25000000000000E-01,  1.49555970979510E+00,  2.55970000000007E+02,  1.10374942728425E+03,  8.97017300683551E+02
 1.99858333300000E+03, -8.57630124575744E-01,  3.75000000000000E-01,  1.49531419767336E+00,  2.56150000000007E+02,  9.31979834558327E+02,  9.11220830348425E+02
 1.99866666700000E+03,  7.78011868540120E-02,  5.50000000000000E-01,  2.71152206619377E+00,  2.56330000000007E+02,  1.04569471422288E+03,  1.12834905670305E+03
 1.99875000000000E+03,  5.50698886435300E-01,  1.05000000000000E+00,  2.71109127421336E+00,  2.56510000000007E+02,  1.75527413838047E+03,  1.46002511668312E+03
 1.99883333300000E+03,  5.57426777930748E-01,  1.37500000000000E+00,  2.71066042725174E+00,  2.56690000000007E+02,  1.33597171075084E+03,  1.25645907219679E+03
 1.99891666700000E+03,  5.62220089940061E-01,  1.35000000000000E+00,  2.71022952531805E+00,  2.56870000000007E+02,  1.26371651873825E+03,  1.07559128352539E+03
 1.99900000000000E+03,  5.61073791361509E-01,  1.12500000000000E+00,  2.70979856842144E+00,  2.57050000000007E+02,  1.70126674941421E+03,  9.66001047107815E+02
 1.99908333300000E+03,  5.54734938179066E-01,  9.75000000000000E-01,  2.70936755657106E+00,  2.57230000000007E+02,  1.65590723551458E+03,  1.26212144788692E+03
 1.99916666700000E+03,  5.46530849689866E-01,  1.10000000000000E+00,  2.70893648977605E+00,  2.57410000000007E+02,  1.14337779375441E+03,  1.16184153668649E+03
 1.99925000000000E+03,  5.38283673908003E-01,  6.00000000000000E-01,  2.70850536804556E+00,  2.57590000000007E+02,  1.11868881126509E+03,  1.05653866328316E+03
 1.99933333300000E+03,  5.28600182996860E-01, -3.75000000000000E-01,  2.70807419138874E+00,  2.57770000000007E+02,  1.06836669140696E+03,  1.05645339964526E+03
 1.99941666700000E+03,  5.15217395011644E-01, -5.50000000000000E-01,  2.70764295981472E+00,  2.57950000000007E+02,  1.14481393048250E+03,  1.27738534451108E+03
 1.99950000000000E+03,  4.98803510795321E-01, -4.50000000000000E-01,  2.70721167333268E+00,  2.58130000000007E+02,  1.00732985128376E+03,  1.02474624022887E+03
 1.99958333300000E+03,  4.60947384467608E-01, -6.25000000000000E-01,  2.70678033195174E+00,  2.58310000000007E+02,  9.00290734086804E+02,  7.91384134262958E+02
 1.99966666700000E+03,  4.04020499615602E-01, -3.50000000000000E-01, -7.38358156939644E+00,  2.58490000000007E+02,  9.93391231881185E+02,  8.89977589347819E+02
 1.99975000000000E+03,  3.72524302870508E-01,  3.25000000000000E-01, -7.38422512578370E+00,  2.58670000000007E+02,  1.30250388558835E+03,  1.27714632773579E+03
 1.99983333300000E+03,  3.65313300751461E-01,  6.75000000000000E-01, -7.38486859298237E+00,  2.58850000000007E+02,  7.49459889525301E+02,  1.18001132987247E+03
 1.99991666700000E+03,  3.55829169773826E-01,  3.75000000000000E-01, -7.38551197097176E+00,  2.59030000000007E+02,  7.78437649418483E+02,  9.59558363642587E+02
 2.00000000000000E+03,  3.40097001548323E-01, -5.00000000000000E-02, -7.38615525973120E+00,  2.59210000000007E+02,  8.08145764625517E+02,  8.27321736676848E+02
 2.00008333300000E+03,  3.18894406602018E-01,  5.00000000000000E-02, -7.38679845924004E+00,  2.59390000000007E+02,  8.82071964610658E+02,  7.93801374794494E+02
 2.00016666700000E+03,  2.95579647949537E-01,  4.75000000000000E-01, -7.38744156947759E+00,  2.59570000000007E+02,  6.93009933160154E+02,  6.16244237165220E+02
 2.00025000000000E+03,  2.72006163250637E-01,  4.75000000000000E-01, -7.38808459042320E+00,  2.59750000000007E+02,  9.55583088790694E+02,  5.40108095540299E+02
 2.00033333300000E+03,  2.46812315717220E-01, -2.50000000000000E-01, -7.38872752205621E+00,  2.59930000000007E+02,  1.03627883122117E+03,  7.74615865644072E+02
 2.00041666700000E+03,  2.17766971611693E-01, -6.25000000000000E-01, -7.38937036435596E+00,  2.60110000000007E+02,  1.71828051503555E+03,  1.19578570494101E+03
 2.00050000000000E+03,  1.85570392492259E-01, -5.00000000000000E-02, -7.39001311730179E+00,  2.60290000000007E+02,  1.50712531991178E+03,  1.02062550210057E+03
 2.00058333300000E+03,  1.60492449501658E-01,  4.00000000000000E-01, -7.39065578087306E+00,  2.60470000000007E+02,  1.44713949413561E+03,  8.12900678502431E+02
 2.00066666700000E+03,  1.55892891299833E-01,  5.75000000000000E-01, -3.88234557031421E+00,  2.60650000000007E+02,  1.12674461616605E+03,  7.79618300642538E+02
 2.00075000000000E+03,  1.69984086734902E-01,  1.35000000000000E+00, -3.88313870459524E+00,  2.60830000000007E+02,  1.06414018334070E+03,  6.70266803099268E+02
 2.00083333300000E+03,  1.90722366369535E-01,  2.12500000000000E+00, -3.88393186889968E+00,  2.61010000000007E+02,  4.31916269817815E+02,  3.85996479562798E+02
 2.00091666700000E+03,  2.09249627592959E-01,  1.47500000000000E+00, -3.88472506319891E+00,  2.61190000000007E+02,  5.96529079424472E+02,  5.87285006601349E+02
 2.00100000000000E+03,  2.21562631439579E-01,  9.00000000000000E-01, -3.88551828746438E+00,  2.61370000000007E+02,  7.84510894184465E+02,  7.29927388701447E+02
 2.00108333300000E+03,  2.28410038658177E-01,  1.35000000000000E+00, -3.88631154166748E+00,  2.61550000000007E+02,  9.60162174366458E+02,  1.08409137137175E+03
 2.00116666700000E+03,  2.33120574840782E-01,  8.00000000000000E-01, -3.88710482577964E+00,  2.61730000000007E+02,  8.71204808379222E+02,  9.20400137308396E+02
 2.00125000000000E+03,  2.37517586553773E-01, -1.75000000000000E-01, -3.88789813977227E+00,  2.61910000000007E+02,  1.27452764664168E+03,  8.00497134413451E+02
 2.00133333300000E+03,  2.40208827845540E-01, -3.75000000000000E-01, -3.88869148361677E+00,  2.62090000000007E+02,  1.16918113260591E+03,  6.04354992521793E+02
 2.00141666700000E+03,  2.38932076425130E-01, -1.75000000000000E-01, -3.88948485728456E+00,  2.62270000000007E+02,  1.13939200540124E+03,  7.44229356734290E+02
 2.00150000000000E+03,  2.34356066864269E-01, -1.50000000000000E-01, -3.89027826074705E+00,  2.62450000000007E+02,  9.56289436302816E+02,  5.77516167284108E+02
 2.00158333300000E+03,  9.32439374067897E-02, -1.75000000000000E-01, -3.89107169397566E+00,  2.62630000000007E+02,  1.06219111294101E+03,  7.54075806927947E+02
 2.00166666700000E+03, -1.77670841374792E-01,  2.25000000000000E-01, -5.86198673796902E+00,  2.62810000000007E+02,  7.87668172455550E+02,  7.78267518852919E+02
 2.00175000000000E+03, -2.99696427593618E-01,  5.75000000000000E-01, -5.86242293940175E+00,  2.62990000000007E+02,  7.39684695157044E+02,  9.18916032791010E+02
 2.00183333300000E+03, -2.77995704305182E-01,  3.00000000000000E-01, -5.86285905747781E+00,  2.63170000000007E+02,  5.37717279097180E+02,  6.96657526643286E+02
 2.00191666700000E+03, -2.58163914111136E-01, -4.00000000000000E-01, -5.86329509218740E+00,  2.63350000000007E+02,  9.37260384690339E+02,  6.13796852888611E+02
 2.00200000000000E+03, -2.44210382851550E-01, -5.75000000000000E-01, -5.86373104352068E+00,  2.63530000000007E+02,  8.61683325092211E+02,  6.31903218303788E+02
 2.00208333300000E+03, -2.35392543023361E-01, -5.00000000000000E-01, -5.86416691146784E+00,  2.63710000000007E+02,  5.62942168444040E+02,  7.23562889385756E+02
 2.00216666700000E+03, -2.28387755407100E-01, -7.25000000000000E-01, -5.86460269601906E+00,  2.63890000000007E+02,  6.20983496672653E+02,  8.89410935816721E+02
 2.00225000000000E+03, -2.21378740858177E-01, -7.50000000000000E-01, -5.86503839716453E+00,  2.64070000000007E+02,  1.20002061250126E+03,  1.21752762519751E+03
 2.00233333300000E+03, -2.15763783658745E-01, -7.00000000000000E-01, -5.86547401489443E+00,  2.64250000000008E+02,  9.54182410870868E+02,  1.23869963690415E+03
 2.00241666700000E+03, -2.13811105653754E-01, -9.00000000000000E-01, -5.86590954919896E+00,  2.64430000000008E+02,  1.05528929181733E+03,  1.18635749938428E+03
 2.00250000000000E+03, -2.14857924580190E-01, -1.07500000000000E+00, -5.86634500006829E+00,  2.64610000000008E+02,  1.16354523730083E+03,  1.13745043959998E+03
 2.00258333300000E+03, -2.90445642979459E-01, -9.75000000000000E-01, -5.86678036749264E+00,  2.64790000000008E+02,  1.33311932247468E+03,  8.24026610457723E+02
 2.00266666700000E+03, -4.42051006608887E-01, -6.25000000000000E-01, -3.65961691777203E+00,  2.64970000000008E+02,  1.07921345291187E+03,  9.62831416142942E+02
 2.00275000000000E+03, -5.22619919307342E-01, -3.75000000000000E-01, -3.65999330082565E+00,  2.65150000000008E+02,  9.23867843883044E+02,  8.58086318259272E+02
 2.00283333300000E+03, -5.29162236075333E-01, -9.00000000000000E-01, -3.66036961229743E+00,  2.65330000000008E+02,  8.22890392909243E+02,  1.15216054580010E+03
 2.00291666700000E+03, -5.37385644095783E-01, -1.37500000000000E+00, -3.66074585218271E+00,  2.65510000000008E+02,  8.57822822879798E+02,  1.58802775951367E+03
 2.00300000000000E+03, -5.51288607025035E-01, -7.75000000000000E-01, -3.66112202047687E+00,  2.65690000000008E+02,  6.42116737852383E+02,  1.67972671156529E+03
 2.00308333300000E+03, -5.70117655272625E-01, -2.75000000000000E-01, -3.66149811717527E+00,  2.65870000000008E+02,  4.50325291432589E+02,  1.36373928233396E+03
 2.00316666700000E+03, -5.90539210983127E-01, -5.50000000000000E-01, -3.66187414227328E+00,  2.66050000000008E+02,  4.96272209509166E+02,  1.51749149414535E+03
 2.00325000000000E+03, -6.10725023729704E-01, -7.00000000000000E-01, -3.66225009576627E+00,  2.66230000000008E+02,  9.23265829212110E+02,  1.19594052377930E+03
 2.00333333300000E+03, -6.32062379064534E-01, -5.00000000000000E-01, -3.66262597764960E+00,  2.66410000000008E+02,  7.42569429591471E+02,  9.00615313831304E+02
 2.00341666700000E+03, -6.56808477649142E-01, -4.00000000000000E-01, -3.66300178791865E+00,  2.66590000000008E+02,  7.39155001988275E+02,  1.04087789733327E+03
 2.00350000000000E+03, -6.84289499118823E-01, -2.75000000000000E-01, -3.66337752656880E+00,  2.66770000000008E+02,  9.62852659780770E+02,  1.20311313302421E+03
 2.00358333300000E+03, -5.60340468223335E-01, -1.00000000000000E-01, -3.66375319359541E+00,  2.66950000000008E+02,  1.26742208355249E+03,  1.20597887038354E+03
 2.00366666700000E+03, -2.79195018193570E-01,  5.00000000000000E-02, -6.76229735386330E+00,  2.67130000000008E+02,  1.08395002002881E+03,  1.33918502405901E+03
 2.00375000000000E+03, -1.38050448759934E-01,  7.50000000000000E-02, -6.76244687796259E+00,  2.67310000000008E+02,  1.12870107691907E+03,  1.29473271474324E+03
 2.00383333300000E+03, -1.41349276420700E-01,  1.25000000000000E-01, -6.76259629918854E+00,  2.67490000000008E+02,  1.18292122552952E+03,  1.22292797524474E+03
 2.00391666700000E+03, -1.46440565286762E-01,  2.50000000000000E-02, -6.76274561753815E+00,  2.67670000000008E+02,  1.11599726892367E+03,  1.22797575130414E+03
 2.00400000000000E+03, -1.57327488831256E-01, -3.00000000000000E-01, -6.76289483300840E+00,  2.67850000000008E+02,  7.76837181837326E+02,  1.12239171131657E+03
 2.00408333300000E+03, -1.73261231926747E-01,  1.75000000000000E-01, -6.76304394559632E+00,  2.68030000000008E+02,  6.59619224338781E+02,  9.04178678146222E+02
 2.00416666700000E+03, -1.90912813265373E-01,  3.75000000000000E-01, -6.76319295529889E+00,  2.68210000000008E+02,  7.51188575611006E+02,  9.00217036971462E+02
 2.00425000000000E+03, -2.08458518532593E-01, -1.00000000000000E-01, -6.76334186211314E+00,  2.68390000000008E+02,  6.92644327908283E+02,  7.61196075996709E+02
 2.00433333300000E+03, -2.27290107229962E-01, -4.25000000000000E-01, -6.76349066603608E+00,  2.68570000000008E+02,  4.42808132056977E+02,  4.85757408540191E+02
 2.00441666700000E+03, -2.49669189372245E-01, -1.00000000000000E+00, -6.76363936706470E+00,  2.68750000000008E+02,  4.30455296081961E+02,  4.68204640519984E+02
 2.00450000000000E+03, -2.74926286963430E-01, -1.00000000000000E+00, -6.76378796519603E+00,  2.68930000000008E+02,  5.15274694680502E+02,  7.96102993303776E+02
 2.00458333300000E+03, -3.19793287812493E-01, -7.25000000000000E-01, -6.76393646042710E+00,  2.69110000000008E+02,  4.42454776983098E+02,  8.12541550366702E+02
 2.00466666700000E+03, -3.85752835326193E-01, -7.75000000000000E-01, -6.63780583075579E+00,  2.69290000000008E+02,  6.95037158195527E+02,  7.98191966336933E+02
 2.00475000000000E+03, -4.35547379835352E-01, -5.50000000000000E-01, -6.63872508137672E+00,  2.69470000000008E+02,  9.58510574984798E+02,  8.25486800979075E+02
 2.00483333300000E+03, -4.66527169814116E-01, -3.00000000000000E-01, -6.63964434968765E+00,  2.69650000000008E+02,  1.26156995259361E+03,  1.09774944337883E+03
 2.00491666700000E+03, -4.99730930101199E-01, -1.75000000000000E-01, -6.64056363564617E+00,  2.69830000000008E+02,  1.18828573327689E+03,  7.43539868260205E+02
 2.00500000000000E+03, -5.39106191643930E-01, -6.25000000000000E-01, -6.64148293920987E+00,  2.70010000000008E+02,  1.18705820657328E+03,  6.76614004922772E+02
 2.00508333300000E+03, -5.83846149373250E-01, -1.32500000000000E+00, -6.64240226033641E+00,  2.70190000000008E+02,  9.34384077446417E+02,  7.10359378828996E+02
 2.00516666700000E+03, -6.30561587593069E-01, -1.30000000000000E+00, -6.64332159898339E+00,  2.70370000000008E+02,  1.06982406017863E+03,  1.02252622498120E+03
 2.00525000000000E+03, -6.77366424930904E-01, -1.20000000000000E+00, -6.64424095510844E+00,  2.70550000000008E+02,  7.86628329011786E+02,  6.93292153799284E+02
 2.00533333300000E+03, -7.25588042292003E-01, -8.25000000000000E-01, -6.64516032866915E+00,  2.70730000000008E+02,  6.19216298359010E+02,  7.81356580187505E+02
 2.00541666700000E+03, -7.77421788309573E-01, -1.00000000000000E-01, -6.64607971962318E+00,  2.70910000000008E+02,  6.63568643710276E+02,  1.03265239700387E+03
 2.00550000000000E+03, -8.32130177683851E-01, -7.50000000000000E-02, -6.64699912792814E+00,  2.71090000000008E+02,  1.00738730597588E+03,  1.43881673191067E+03
 2.00558333300000E+03, -6.19604146623918E-01, -2.50000000000000E-01, -6.64791855354162E+00,  2.71270000000008E+02,  5.61110636668417E+02,  1.10004885807380E+03
 2.00566666700000E+03, -1.30863415377903E-01,  1.25000000000000E-01, -7.72769832633793E+00,  2.71450000000008E+02,  7.24274014342762E+02,  1.24668209272742E+03
 2.00575000000000E+03,  1.08111849168024E-01,  5.75000000000000E-01, -7.72860906640012E+00,  2.71630000000008E+02,  8.74622425775683E+02,  1.34039636394720E+03
 2.00583333300000E+03,  8.93203468165737E-02,  3.50000000000000E-01, -7.72951977470208E+00,  2.71810000000008E+02,  8.25873242983478E+02,  1.08899133540686E+03
 2.00591666700000E+03,  6.79748152822573E-02,  2.50000000000000E-01, -7.73043045120316E+00,  2.71990000000008E+02,  4.80497697879342E+02,  7.72723824244880E+02
 2.00600000000000E+03,  4.01435334793870E-02,  4.75000000000000E-01, -7.73134109586268E+00,  2.72170000000008E+02,  6.06660487266249E+02,  8.11427505138784E+02
 2.00608333300000E+03,  6.64707939348871E-03,  4.50000000000000E-01, -7.73225170863998E+00,  2.72350000000008E+02,  5.08210664801523E+02,  6.86668094296839E+02
 2.00616666700000E+03, -2.91136725528570E-02,  1.10000000000000E+00, -7.73316228949437E+00,  2.72530000000008E+02,  6.85221989558660E+02,  6.97217892185409E+02
 2.00625000000000E+03, -6.52431625579785E-02,  1.12500000000000E+00, -7.73407283838521E+00,  2.72710000000008E+02,  6.33312564909950E+02,  8.59636269304390E+02
 2.00633333300000E+03, -1.03061528883039E-01, -2.25000000000000E-01, -7.73498335527178E+00,  2.72890000000008E+02,  8.88809487608092E+02,  7.25539903312183E+02
 2.00641666700000E+03, -1.44759156483702E-01, -1.05000000000000E+00, -7.73589384011349E+00,  2.73070000000008E+02,  9.77547894821303E+02,  5.64339376630630E+02
 2.00650000000000E+03, -1.89595906827419E-01, -1.30000000000000E+00, -7.73680429286962E+00,  2.73250000000008E+02,  9.49415359313180E+02,  7.10337893492535E+02
 2.00658333300000E+03, -2.56274506717463E-01, -1.45000000000000E+00, -7.73771471349956E+00,  2.73430000000008E+02,  6.44040797130473E+02,  6.37836148631951E+02
 2.00666666700000E+03, -3.29073004820824E-01, -1.60000000000000E+00, -6.80116070684947E-01,  2.73610000000008E+02,  8.97978278112452E+02,  6.14283873039869E+02
 2.00675000000000E+03, -3.49405593413375E-01, -1.65000000000000E+00, -6.80750150169598E-01,  2.73790000000008E+02,  8.79658900718147E+02,  6.16361265759982E+02
 2.00683333300000E+03, -3.31634429122605E-01, -1.40000000000000E+00, -6.81384276426812E-01,  2.73970000000008E+02,  7.19462939836496E+02,  1.06582089058671E+03
 2.00691666700000E+03, -3.15954611177556E-01, -1.12500000000000E+00, -6.82018449438977E-01,  2.74150000000008E+02,  8.13333855648414E+02,  1.10310690736864E+03
 2.00700000000000E+03, -3.06368417761353E-01, -7.00000000000000E-01, -6.82652669188466E-01,  2.74330000000008E+02,  1.35264168959462E+03,  1.06064163098232E+03
 2.00708333300000E+03, -3.02126007560825E-01, -2.75000000000000E-01, -6.83286935657660E-01,  2.74510000000008E+02,  1.23968515032723E+03,  8.37210123849866E+02
 2.00716666700000E+03, -2.99897263272421E-01, -3.00000000000000E-01, -6.83921248828936E-01,  2.74690000000008E+02,  1.02358231254891E+03,  9.41644711329321E+02
 2.00725000000000E+03, -2.97857244790128E-01, -6.25000000000000E-01, -6.84555608684672E-01,  2.74870000000008E+02,  9.62383469395423E+02,  6.22647347903100E+02
 2.00733333300000E+03, -2.97396417147288E-01, -3.00000000000000E-01, -6.85190015207242E-01,  2.75050000000008E+02,  9.97563319651988E+02,  7.16748838859373E+02
 2.00741666700000E+03, -3.00775044874901E-01,  7.50000000000000E-02, -6.85824468379021E-01,  2.75230000000008E+02,  6.21636706699515E+02,  8.99627498387674E+02
 2.00750000000000E+03, -3.07322269869039E-01, -4.00000000000000E-01, -6.86458968182390E-01,  2.75410000000008E+02,  4.91150639768986E+02,  9.89342281588571E+02
 2.00758333300000E+03, -1.49261873248420E-01, -3.50000000000000E-01, -6.87093514599718E-01,  2.75590000000008E+02,  4.74723223795753E+02,  9.66483117644158E+02
 2.00766666700000E+03,  1.71764579612605E-01,  3.25000000000000E-01,  3.87404419668562E+00,  2.75770000000008E+02,  9.91069356206226E+02,  1.25799256972606E+03
 2.00775000000000E+03,  3.23914588966555E-01,  8.00000000000000E-01,  3.87344577539134E+00,  2.75950000000008E+02,  1.23839670712434E+03,  1.12716346417447E+03
 2.00783333300000E+03,  3.10133654003786E-01,  1.10000000000000E+00,  3.87284730446251E+00,  2.76130000000008E+02,  1.05567064032846E+03,  9.98860147816253E+02
 2.00791666700000E+03,  2.94091634848058E-01,  1.22500000000000E+00,  3.87224878391026E+00,  2.76310000000008E+02,  1.20382370542619E+03,  1.03240146806915E+03
 2.00800000000000E+03,  2.71798342064598E-01,  1.47500000000000E+00,  3.87165021374570E+00,  2.76490000000008E+02,  1.83273784412206E+03,  1.48324537634474E+03
 2.00808333300000E+03,  2.44016169630962E-01,  1.20000000000000E+00,  3.87105159397994E+00,  2.76670000000008E+02,  1.42973935169048E+03,  1.19084857367913E+03
 2.00816666700000E+03,  2.14088265210375E-01,  1.25000000000000E-01,  3.87045292462410E+00,  2.76850000000008E+02,  1.16935809151552E+03,  1.02629892970414E+03
 2.00825000000000E+03,  1.83853088868915E-01, -5.50000000000000E-01,  3.86985420568931E+00,  2.77030000000008E+02,  1.16198206383103E+03,  1.25923308694663E+03
 2.00833333300000E+03,  1.51934194345803E-01, -7.25000000000000E-01,  3.86925543718667E+00,  2.77210000000008E+02,  1.09338324664230E+03,  1.16606668100539E+03
 2.00841666700000E+03,  1.16085842650168E-01, -6.25000000000000E-01,  3.86865661912730E+00,  2.77390000000008E+02,  8.54619338800032E+02,  6.16357637640640E+02
 2.00850000000000E+03,  7.69939300857365E-02, -4.25000000000000E-01,  3.86805775152234E+00,  2.77570000000008E+02,  7.59943639521882E+02,  4.95967331386504E+02
 2.00858333300000E+03,  8.39499487660868E-03, -2.50000000000000E-01,  3.86745883438288E+00,  2.77750000000008E+02,  6.07293558585921E+02,  5.30186593323702E+02
 2.00866666700000E+03, -6.75279626469088E-02, -5.00000000000000E-02, -2.92589971212019E+00,  2.77930000000008E+02,  9.54306828053437E+02,  5.78326458286914E+02
 2.00875000000000E+03, -7.06180814490446E-02,  1.25000000000000E-01, -2.92518768370747E+00,  2.78110000000008E+02,  1.00077789344348E+03,  6.27835182563862E+02
 2.00883333300000E+03, -2.16169319976953E-02,  4.75000000000000E-01, -2.92447562953777E+00,  2.78290000000008E+02,  7.76559094970924E+02,  9.82702156660506E+02
 2.00891666700000E+03,  2.52929258324928E-02,  5.75000000000000E-01, -2.92376354962458E+00,  2.78470000000008E+02,  9.27125080962574E+02,  1.39956368610605E+03
 2.00900000000000E+03,  6.60453616939831E-02,  6.75000000000000E-01, -2.92305144398137E+00,  2.78650000000008E+02,  1.10761574047872E+03,  2.14349971924312E+03
 2.00908333300000E+03,  1.01326533851076E-01,  6.50000000000000E-01, -2.92233931262163E+00,  2.78830000000008E+02,  9.07851917666824E+02,  1.79058681982663E+03
 2.00916666700000E+03,  1.34403164949624E-01,  1.00000000000000E-01, -2.92162715555882E+00,  2.79010000000008E+02,  7.68045514432765E+02,  1.86317237096580E+03
 2.00925000000000E+03,  1.67037206677688E-01,  1.25000000000000E-01, -2.92091497280644E+00,  2.79190000000008E+02,  8.44494072009142E+02,  1.84005762825504E+03
 2.00933333300000E+03,  1.97775726517280E-01,  3.25000000000000E-01, -2.92020276437795E+00,  2.79370000000008E+02,  1.00422163055014E+03,  1.53210112741259E+03
 2.00941666700000E+03,  2.24296627698822E-01,  5.00000000000000E-02, -2.91949053028684E+00,  2.79550000000008E+02,  1.20742197303413E+03,  1.11352665259010E+03
 2.00950000000000E+03,  2.47209683549297E-01, -2.50000000000000E-02, -2.91877827054657E+00,  2.79730000000008E+02,  1.08161627045996E+03,  1.17657980866860E+03
 2.00958333300000E+03,  8.66048094323297E-02,  2.25000000000000E-01, -2.91806598517065E+00,  2.79910000000008E+02,  1.10301923142005E+03,  1.11305388048523E+03
 2.00966666700000E+03, -2.55387697784611E-01,  2.00000000000000E-01, -5.96683992227083E+00,  2.80090000000008E+02,  1.06278512805183E+03,  8.46577465845479E+02
 2.00975000000000E+03, -4.11272977724540E-01, -1.75000000000000E-01, -5.96725530998482E+00,  2.80270000000008E+02,  7.27188940025912E+02,  1.17431101104571E+03
 2.00983333300000E+03, -3.81364435264197E-01, -3.75000000000000E-01, -5.96767061198828E+00,  2.80450000000008E+02,  6.48682368410250E+02,  8.71504779575224E+02
 2.00991666700000E+03, -3.53179327733357E-01, -3.00000000000000E-01, -5.96808582827189E+00,  2.80630000000008E+02,  8.63395681326418E+02,  1.23288332953744E+03
 2.01000000000000E+03, -3.30745525412526E-01, -2.75000000000000E-01, -5.96850095882636E+00,  2.80810000000008E+02,  1.06451941349827E+03,  1.16929626134920E+03
 2.01008333300000E+03, -3.13338949156188E-01, -7.25000000000000E-01, -5.96891600364241E+00,  2.80990000000008E+02,  8.38957169530688E+02,  1.40158704962700E+03
 2.01016666700000E+03, -2.97655360393149E-01, -8.25000000000000E-01, -5.96933096271075E+00,  2.81170000000008E+02,  9.97508103581420E+02,  1.09157926661948E+03
 2.01025000000000E+03, -2.81895761868294E-01, -2.50000000000000E-02, -5.96974583602208E+00,  2.81350000000008E+02,  1.00802271163279E+03,  1.16236938206244E+03
 2.01033333300000E+03, -2.67476576563925E-01,  3.25000000000000E-01, -5.97016062356713E+00,  2.81530000000008E+02,  1.09918875942525E+03,  9.20950104691307E+02
 2.01041666700000E+03, -2.56683992079350E-01,  7.50000000000000E-02, -5.97057532533662E+00,  2.81710000000008E+02,  9.61957155255027E+02,  1.51901679466954E+03
 2.01050000000000E+03, -2.48872989916172E-01,  3.75000000000000E-01, -5.97098994132126E+00,  2.81890000000008E+02,  1.01891913958361E+03,  1.22589565728647E+03
 2.01058333300000E+03, -1.15287377510394E-01,  8.75000000000000E-01, -5.97140447151178E+00,  2.82070000000008E+02,  9.95953512717029E+02,  1.14094457161665E+03
 2.01066666700000E+03,  1.54217949134793E-01,  1.15000000000000E+00,  2.90461980357799E+00,  2.82250000000008E+02,  9.56184452678026E+02,  1.18405067826574E+03
 2.01075000000000E+03,  3.17523245463759E-01,  1.10000000000000E+00,  2.90526811001759E+00,  2.82430000000008E+02,  6.43182405308670E+02,  1.00179892631832E+03
 2.01083333300000E+03,  3.65622892347694E-01,  1.10000000000000E+00,  2.90591639336864E+00,  2.82610000000008E+02,  8.34006828003966E+02,  4.72569159371765E+02
 2.01091666700000E+03,  4.11277646717079E-01,  1.50000000000000E+00,  2.90656465361612E+00,  2.82790000000008E+02,  9.00563074720318E+02,  8.68806418550501E+02
 2.01100000000000E+03,  4.50439281069227E-01,  1.57500000000000E+00,  2.90721289074500E+00,  2.82970000000008E+02,  8.42344146635847E+02,  1.05750620420463E+03
 2.01108333300000E+03,  4.83812234339822E-01,  1.52500000000000E+00,  2.90786110474024E+00,  2.83150000000008E+02,  6.29169622968461E+02,  1.04200790658941E+03
 2.01116666700000E+03,  5.14681845716579E-01,  1.35000000000000E+00,  2.90850929558684E+00,  2.83330000000008E+02,  7.91401129623763E+02,  1.05121936093393E+03
 2.01125000000000E+03,  5.44828976953538E-01,  5.25000000000000E-01,  2.90915746326976E+00,  2.83510000000008E+02,  9.32129620086085E+02,  1.13851493893785E+03
 2.01133333300000E+03,  5.72819854971707E-01, -4.75000000000000E-01,  2.90980560777397E+00,  2.83690000000008E+02,  1.01706107201699E+03,  1.16101440184243E+03
 2.01141666700000E+03,  5.96351748941422E-01, -7.25000000000000E-01,  2.91045372908446E+00,  2.83870000000008E+02,  9.82751888896758E+02,  1.50718358088428E+03
 2.01150000000000E+03,  6.16053961624727E-01, -4.50000000000000E-01,  2.91110182718621E+00,  2.84050000000008E+02,  1.24188366699159E+03,  1.36152104363948E+03
 2.01158333300000E+03,  5.34487526846467E-01, -4.75000000000000E-01,  2.91174990206418E+00,  2.84230000000008E+02,  1.27174958254063E+03,  1.32405187457044E+03
 2.01166666700000E+03,  3.45780224594332E-01, -3.50000000000000E-01,  3.93422274806420E+00,  2.84410000000008E+02,  1.22707502796610E+03,  1.15403242838454E+03
 2.01175000000000E+03,  2.44493537035350E-01,  1.25000000000000E-01,  3.93500073247907E+00,  2.84590000000008E+02,  1.01984005109831E+03,  7.68386315528746E+02
 2.01183333300000E+03,  2.38302358548502E-01,  7.75000000000000E-01,  3.93577872622754E+00,  2.84770000000008E+02,  1.01848148277975E+03,  5.91142474932726E+02
 2.01191666700000E+03,  2.30161459748982E-01,  1.20000000000000E+00,  3.93655672928419E+00,  2.84950000000008E+02,  8.02177341767399E+02,  5.83011844150282E+02
 2.01200000000000E+03,  2.16071125106179E-01,  5.50000000000000E-01,  3.93733474162358E+00,  2.85130000000008E+02,  7.07011735776903E+02,  5.99313824800295E+02
 2.01208333300000E+03,  1.96783147658644E-01,  2.00000000000000E-01,  3.93811276322029E+00,  2.85310000000008E+02,  4.25568985375013E+02,  5.84911091194492E+02
 2.01216666700000E+03,  1.75629027060081E-01,  3.50000000000000E-01,  3.93889079404892E+00,  2.85490000000008E+02,  6.36331095902358E+02,  5.81999270834711E+02
 2.01225000000000E+03,  1.54434558624041E-01, -2.00000000000000E-01,  3.93966883408403E+00,  2.85670000000008E+02,  8.82128985992406E+02,  2.38361881099111E+02
 2.01233333300000E+03,  1.31809644394073E-01, -5.25000000000000E-01,  3.94044688330020E+00,  2.85850000000008E+02,  8.12851298627561E+02,  2.53792238977283E+02
 2.01241666700000E+03,  1.05493941919733E-01, -3.50000000000000E-01,  3.94122494167203E+00,  2.86030000000008E+02,  8.62514172850772E+02,  4.32064634937721E+02
 2.01250000000000E+03,  7.61578297488861E-02, -3.00000000000000E-01,  3.94200300917408E+00,  2.86210000000008E+02,  1.17725082382240E+03,  4.28965862157774E+02
 2.01258333300000E+03,  8.41106698157382E-02, -4.75000000000000E-01,  3.94278108578093E+00,  2.86390000000008E+02,  1.09989014465247E+03,  6.32889508161516E+02
 2.01266666700000E+03,  1.39547627238358E-01, -3.75000000000000E-01,  5.91951809316287E+00,  2.86570000000008E+02,  1.07071538539440E+03,  1.53459723544849E+03
 2.01275000000000E+03,  1.77436083862979E-01, -2.00000000000000E-01,  5.91878723523505E+00,  2.86750000000008E+02,  1.06953987302701E+03,  1.94240491958983E+03
 2.01283333300000E+03,  1.88961627673362E-01, -3.75000000000000E-01,  5.91805631335618E+00,  2.86930000000008E+02,  1.23050706292267E+03,  1.89989889797154E+03
 2.01291666700000E+03,  1.98520095278984E-01, -2.75000000000000E-01,  5.91732532754499E+00,  2.87110000000008E+02,  1.04614238424975E+03,  1.88700608455198E+03
 2.01300000000000E+03,  2.02105799632078E-01, -2.50000000000000E-02,  5.91659427782022E+00,  2.87290000000008E+02,  9.62009599331105E+02,  1.65463475138984E+03
 2.01308333300000E+03,  2.00464571263501E-01,  2.50000000000000E-02,  5.91586316420057E+00,  2.87470000000008E+02,  7.46068489687037E+02,  1.02744271739479E+03
 2.01316666700000E+03,  1.96921928864569E-01,  1.50000000000000E-01,  5.91513198670481E+00,  2.87650000000008E+02,  8.03292198703383E+02,  6.60108441927704E+02
 2.01325000000000E+03,  1.93297640718045E-01,  2.00000000000000E-01,  5.91440074535166E+00,  2.87830000000008E+02,  5.06454484945403E+02,  4.73840314450032E+02
 2.01333333300000E+03,  1.88195507368289E-01,  5.00000000000000E-01,  5.91366944015986E+00,  2.88010000000008E+02,  3.09488497240965E+02,  5.20089850665628E+02
 2.01341666700000E+03,  1.79348982821501E-01,  9.00000000000000E-01,  5.91293807114815E+00,  2.88190000000008E+02,  2.70472695089034E+02,  7.48518982955581E+02
 2.01350000000000E+03,  1.67422112649820E-01,  6.00000000000000E-01,  5.91220663833525E+00,  2.88370000000008E+02,  6.89757061817979E+02,  5.08489337627267E+02
 2.01358333300000E+03,  1.51872496827144E-01,  2.00000000000000E-01,  5.91147514173993E+00,  2.88550000000008E+02,  6.41198918273834E+02,  5.06928895536566E+02
 2.01366666700000E+03,  1.44743847913318E-01,  1.75000000000000E-01, -1.64600733238048E-01,  2.88730000000008E+02,  7.28259874573377E+02,  6.45814570314826E+02
 2.01375000000000E+03,  1.64478812264508E-01,  4.00000000000000E-01, -1.65248470670463E-01,  2.88910000000008E+02,  1.05616600173412E+03,  8.03950170233170E+02
 2.01383333300000E+03,  2.00266996463434E-01,  4.50000000000000E-01, -1.65896130153895E-01,  2.89090000000008E+02,  1.40633881422264E+03,  5.74226516788914E+02
 2.01391666700000E+03,  2.33713862994594E-01,  3.25000000000000E-01, -1.66543711675007E-01,  2.89270000000008E+02,  9.76576269757887E+02,  5.27705520800831E+02
 2.01400000000000E+03,  2.60781798260438E-01,  6.75000000000000E-01, -1.67191215220454E-01,  2.89450000000008E+02,  9.07269492651259E+02,  9.67416345949452E+02
 2.01408333300000E+03,  2.82185818767000E-01,  3.50000000000000E-01, -1.67838640776915E-01,  2.89630000000008E+02,  8.01044538018944E+02,  1.00201722767991E+03
 2.01416666700000E+03,  3.01221790409775E-01, -3.00000000000000E-01, -1.68485988331042E-01,  2.89810000000008E+02,  5.56021895221749E+02,  7.85616093473906E+02
 2.01425000000000E+03,  3.19681036272892E-01, -1.00000000000000E-01, -1.69133257869515E-01,  2.89990000000008E+02,  1.84320639979543E+02,  7.90836208685432E+02
 2.01433333300000E+03,  3.36140162506834E-01, -7.50000000000000E-02, -1.69780449379007E-01,  2.90170000000008E+02,  1.86691233059989E+02,  8.35325716244973E+02
 2.01441666700000E+03,  3.48306721004021E-01, -3.25000000000000E-01, -1.70427562846179E-01,  2.90350000000008E+02,  3.23265502053794E+02,  3.83813530795645E+02
 2.01450000000000E+03,  3.56820186430921E-01, -7.75000000000000E-01, -1.71074598257719E-01,  2.90530000000008E+02,  8.19351839582086E+02,  5.66767311285555E+02
 2.01458333300000E+03, -8.68492129459161E-02, -1.22500000000000E+00, -1.71721555600304E-01,  2.90710000000009E+02,  7.52949846737012E+02,  6.13759038105524E+02
 2.01466666700000E+03, -9.77717842846197E-01, -1.15000000000000E+00,  8.31450240237697E+00,  2.90890000000009E+02,  9.18432983089377E+02,  8.45181860342459E+02
 2.01475000000000E+03, -1.40817112317030E+00, -9.75000000000000E-01,  8.31477944805645E+00,  2.91070000000009E+02,  1.04885854192766E+03,  7.95316637317703E+02
 2.01483333300000E+03, -1.38138607963302E+00, -8.25000000000000E-01,  8.31505636577980E+00,  2.91250000000009E+02,  9.23050217663025E+02,  8.26741812230246E+02
 2.01491666700000E+03, -1.35637026373219E+00, -5.00000000000000E-01,  8.31533315553887E+00,  2.91430000000009E+02,  5.58082632423320E+02,  6.04715995818789E+02
 2.01500000000000E+03, -1.33714109691302E+00, -4.75000000000000E-01,  8.31560981732546E+00,  2.91610000000009E+02,  5.59655694711729E+02,  1.24895074082953E+03
 2.01508333300000E+03, -1.32296382618402E+00, -8.75000000000000E-01,  8.31588635113140E+00,  2.91790000000009E+02,  4.59530590724726E+02,  1.07431210001414E+03
 2.01516666700000E+03, -1.31052333044764E+00, -1.05000000000000E+00,  8.31616275694854E+00,  2.91970000000009E+02,  4.21564175116944E+02,  1.04130432434287E+03
 2.01525000000000E+03, -1.29800953787694E+00, -1.20000000000000E+00,  8.31643903476870E+00,  2.92150000000009E+02,  4.85147222656110E+02,  1.08926084305044E+03
 2.01533333300000E+03, -1.28682762549405E+00, -1.37500000000000E+00,  8.31671518458372E+00,  2.92330000000009E+02,  5.29628953906865E+02,  9.85782710909851E+02
 2.01541666700000E+03, -1.27925238070459E+00, -1.35000000000000E+00,  8.31699120638545E+00,  2.92510000000009E+02,  6.93239762486855E+02,  3.16808516885808E+02
 2.01550000000000E+03, -1.27462724795224E+00, -1.60000000000000E+00,  8.31726710016575E+00,  2.92690000000009E+02,  7.69662785382381E+02,  7.42911593584488E+02
 2.01558333300000E+03, -1.23761348480950E+00, -1.85000000000000E+00,  8.31754286591645E+00,  2.92870000000009E+02,  7.28256738141097E+02,  7.97253698004664E+02
 2.01566666700000E+03, -1.16523195846113E+00, -2.17500000000000E+00,  4.68029842444630E+00,  2.93050000000009E+02,  8.37327911402986E+02,  8.54800187101150E+02
 2.01575000000000E+03, -1.11976881068302E+00, -2.17500000000000E+00,  4.68081439971279E+00,  2.93230000000009E+02,  8.60568043777273E+02,  1.09501502433579E+03
 2.01583333300000E+03, -1.10275078518877E+00, -1.05000000000000E+00,  4.68133031157454E+00,  2.93410000000009E+02,  6.91799335248968E+02,  1.20001240750055E+03
 2.01591666700000E+03, -1.08749536262686E+00, -1.07500000000000E+00,  4.68184616002010E+00,  2.93590000000009E+02,  5.78476288372450E+02,  7.35567427260780E+02
 2.01600000000000E+03, -1.07801262744671E+00, -2.40000000000000E+00,  4.68236194503803E+00,  2.93770000000009E+02,  1.00470649959246E+03,  1.10716688083331E+03
 2.01608333300000E+03, -1.07356058035339E+00, -2.27500000000000E+00,  4.68287766661689E+00,  2.93950000000009E+02,  1.22944223099675E+03,  1.34095378849682E+03
 2.01616666700000E+03, -1.07081695215615E+00, -1.47500000000000E+00,  4.68339332474522E+00,  2.94130000000009E+02,  1.05886509356747E+03,  1.09922059811866E+03
 2.01625000000000E+03, -1.06796462849970E+00, -8.75000000000000E-01,  4.68390891941160E+00,  2.94310000000009E+02,  1.05551283021215E+03,  1.23727873833972E+03
 2.01633333300000E+03, -1.06640185737211E+00, -7.50000000000000E-02,  4.68442445060457E+00,  2.94490000000009E+02,  1.10150828014858E+03,  1.38571011732283E+03
 2.01641666700000E+03, -1.06839661763493E+00,  2.25000000000000E-01,  4.68493991831271E+00,  2.94670000000009E+02,  6.87521278243480E+02,  1.38768697462607E+03
 2.01650000000000E+03, -1.07328567247844E+00,  2.25000000000000E-01,  4.68545532252458E+00,  2.94850000000009E+02,  3.26622203209223E+02,  1.28066456757112E+03
 2.01658333300000E+03, -7.86662975202090E-01,  5.50000000000000E-01,  4.68597066322874E+00,  2.95030000000009E+02,  4.51515923817866E+02,  1.42998780105413E+03
 2.01666666700000E+03, -2.04834905549948E-01,  7.25000000000000E-01,  8.59302902138599E+00,  2.95210000000009E+02,  7.92261144577468E+02,  1.22227627926554E+03
 2.01675000000000E+03,  9.24720757026997E-02,  4.25000000000000E-01,  8.59308591197462E+00,  2.95390000000009E+02,  9.91690854050110E+02,  1.37857566129331E+03
 2.01683333300000E+03,  1.02962286132319E-01,  2.25000000000000E-01,  8.59314266651828E+00,  2.95570000000009E+02,  9.31456085697581E+02,  1.15248528487774E+03
 2.01691666700000E+03,  1.11641729498001E-01,  3.00000000000000E-01,  8.59319928501541E+00,  2.95750000000009E+02,  1.39800343862588E+03,  1.00647789345623E+03
 2.01700000000000E+03,  1.14503520233224E-01,  1.50000000000000E-01,  8.59325576746444E+00,  2.95930000000009E+02,  1.70250857756267E+03,  1.18587193840328E+03
 2.01708333300000E+03,  1.12292800016852E-01, -2.50000000000000E-02,  8.59331211386381E+00,  2.96110000000009E+02,  1.54105255962938E+03,  1.29310611547268E+03
 2.01716666700000E+03,  1.08334920807792E-01,  7.50000000000000E-02,  8.59336832421196E+00,  2.96290000000009E+02,  1.26957802813050E+03,  1.15807218517960E+03
 2.01725000000000E+03,  1.04450017082429E-01, -7.50000000000000E-02,  8.59342439850734E+00,  2.96470000000009E+02,  1.29983212690402E+03,  1.00712339327218E+03
 2.01733333300000E+03,  9.92427946355144E-02, -5.25000000000000E-01,  8.59348033674840E+00,  2.96650000000009E+02,  9.09617669239409E+02,  9.33094337887369E+02
 2.01741666700000E+03,  9.04481592017887E-02, -6.50000000000000E-01,  8.59353613893360E+00,  2.96830000000009E+02,  5.90046540652296E+02,  1.21967569530964E+03
 2.01750000000000E+03,  7.87321602496805E-02, -3.00000000000000E-01,  8.59359180506139E+00,  2.97010000000009E+02,  3.92099191698031E+02,  1.17731123909269E+03
 2.01758333300000E+03, -1.24591617428342E-02, -1.00000000000000E-01,  8.59364733513024E+00,  2.97190000000009E+02,  5.41107665468798E+02,  1.90243391432856E+03
 2.01766666700000E+03, -1.76939275421147E-01,  1.75000000000000E-01,  3.94273283760173E-02,  2.97370000000009E+02,  5.21712806816027E+02,  2.07470440514678E+03
 2.01775000000000E+03, -2.50011205534016E-01,  9.50000000000000E-01,  3.95559242460176E-02,  2.97550000000009E+02,  4.40216270945396E+02,  2.35094676450723E+03
 2.01783333300000E+03, -2.36448539615742E-01,  1.02500000000000E+00,  3.96846685720727E-02,  2.97730000000009E+02,  4.47617324101184E+02,  1.83673966937447E+03
 2.01791666700000E+03, -2.24691881177861E-01,  6.50000000000000E-01,  3.98135613466582E-02,  2.97910000000009E+02,  8.17800472955898E+02,  2.24337969780159E+03
 2.01800000000000E+03, -2.18747270548796E-01,  6.25000000000000E-01,  3.99426025622538E-02,  2.98090000000009E+02,  1.11150179844510E+03,  2.03899250407371E+03
 2.01808333300000E+03, -2.17868745725825E-01,  6.50000000000000E-01,  4.00717922113289E-02,  2.98270000000009E+02,  1.12312200118688E+03,  2.01104347560310E+03
 2.01816666700000E+03, -2.18730160301051E-01,  8.00000000000000E-01,  4.02011302863485E-02,  2.98450000000009E+02,  1.08489220267888E+03,  1.65044444618547E+03
 2.01825000000000E+03, -2.19510612151300E-01,  2.25000000000000E-01,  4.03306167797761E-02,  2.98630000000009E+02,  1.25691503989328E+03,  1.90750860640783E+03
 2.01833333300000E+03, -2.21604656279446E-01, -7.75000000000000E-01,  4.04602516840672E-02,  2.98810000000009E+02,  1.11982420630676E+03,  1.46908840372071E+03
 2.01841666700000E+03, -2.27276677049427E-01, -7.75000000000000E-01,  4.05900349916761E-02,  2.98990000000009E+02,  8.29536028580396E+02,  1.19418987094904E+03
 2.01850000000000E+03, -2.35859945211599E-01, -1.75000000000000E-01,  4.07199666950514E-02,  2.99170000000009E+02,  7.85800065094930E+02,  1.11448745471279E+03
 2.01858333300000E+03, -3.35945317987491E-01, -5.00000000000000E-02,  4.08500467866361E-02,  2.99350000000009E+02,  8.97411176142986E+02,  1.12012756163080E+03
 2.01866666700000E+03, -5.23313986195315E-01, -2.50000000000000E-01,  8.52396046526390E+00,  2.99530000000009E+02,  6.96751854612856E+02,  1.05711166060678E+03
 2.01875000000000E+03, -6.11161083388514E-01, -3.50000000000000E-01,  8.52381245947686E+00,  2.99710000000009E+02,  4.58025832562178E+02,  1.07871531132196E+03
 2.01883333300000E+03, -6.02290281990969E-01, -1.00000000000000E-01,  8.52366431974398E+00,  2.99890000000009E+02,  4.87454090472248E+02,  6.30596161598103E+02
 2.01891666700000E+03, -5.95210558398238E-01,  2.00000000000000E-01,  8.52351604606958E+00,  3.00070000000009E+02,  8.30602311493105E+02,  8.39021742567096E+02
 2.01900000000000E+03, -5.93927762211278E-01, -6.00000000000000E-01,  8.52336763845794E+00,  3.00250000000009E+02,  8.51924321369600E+02,  1.04076660469175E+03
 2.01908333300000E+03, -5.97695741533828E-01, -1.42500000000000E+00,  8.52321909691337E+00,  3.00430000000009E+02,  7.89715125001947E+02,  7.67405267012788E+02
 2.01916666700000E+03, -6.03188160668476E-01, -1.00000000000000E+00,  8.52307042144015E+00,  3.00610000000009E+02,  8.38151812558829E+02,  8.19858582135404E+02
 2.01925000000000E+03, -6.08583928576600E-01, -6.75000000000000E-01,  8.52292161204260E+00,  3.00790000000009E+02,  1.45991849552242E+03,  1.21485281029561E+03
 2.01933333300000E+03, -6.15277412239198E-01, -9.75000000000000E-01,  8.52277266872503E+00,  3.00970000000009E+02,  1.20214816148449E+03,  9.80731711781745E+02
 2.01941666700000E+03, -6.25532808662142E-01, -1.15000000000000E+00,  8.52262359149175E+00,  3.01150000000009E+02,  1.06693861536207E+03,  1.90829233324044E+03
 2.01950000000000E+03, -6.38683201671823E-01, -1.17500000000000E+00,  8.52247438034708E+00,  3.01330000000009E+02,  1.15200863418618E+03,  1.90683109973339E+03
 2.01958333300000E+03, -7.54165198775398E-01, -1.55000000000000E+00,  8.52232503529534E+00,  3.01510000000009E+02,  1.17556291118147E+03,  1.91800626987303E+03
 2.01966666700000E+03, -9.60176609566593E-01, -1.75000000000000E+00,  1.76127614764533E+00,  3.01690000000009E+02,  4.65346639395015E+02,  1.52245117935081E+03
 2.01975000000000E+03, -1.04058828837392E+00, -1.17500000000000E+00,  1.76186432889397E+00,  3.01870000000009E+02,  4.28049368661335E+02,  1.53043691141728E+03
 2.01983333300000E+03, -1.00569600334036E+00, -9.00000000000000E-01,  1.76245245167270E+00,  3.02050000000009E+02,  6.01729378827100E+02,  4.06571435362804E+02
 2.01991666700000E+03, -9.72410110133922E-01, -1.07500000000000E+00,  1.76304051597171E+00,  3.02230000000009E+02,  5.11181220218473E+02,  6.53839406248073E+02
 2.02000000000000E+03, -9.44765008097995E-01, -9.50000000000000E-01,  1.76362852178118E+00,  3.02410000000009E+02,  4.56111562888398E+02,  4.65602525229108E+02
 2.02008333300000E+03, -9.22043261882862E-01, -9.00000000000000E-01,  1.76421646909131E+00,  3.02590000000009E+02,  4.48964772934758E+02,  7.42520114155999E+02
 2.02016666700000E+03, -9.00947385990023E-01, -1.05000000000000E+00,  1.76480435789228E+00,  3.02770000000009E+02,  4.22690438974763E+02,  6.66222069588057E+02
 2.02025000000000E+03, -8.79685239985413E-01, -1.07500000000000E+00,  1.76539218817428E+00,  3.02950000000009E+02,  9.38167264278231E+02,  7.47393871165236E+02
 2.02033333300000E+03, -8.59680209306266E-01, -9.25000000000000E-01,  1.76597995992751E+00,  3.03130000000009E+02,  9.25187740759545E+02,  4.95386890507321E+02
 2.02041666700000E+03, -8.43225543944380E-01, -4.00000000000000E-01,  1.76656767314216E+00,  3.03310000000009E+02,  9.80809209683790E+02,  5.16038969254941E+02
 2.02050000000000E+03, -8.29683381939186E-01,  2.25000000000000E-01,  1.76715532780842E+00,  3.03490000000009E+02,  1.27209780665040E+03,  2.76575098115913E+02
 2.02058333300000E+03, -5.67737321339020E-01,  4.50000000000000E-01,  1.76774292391649E+00,  3.03670000000009E+02,  1.44351077218264E+03,  4.07342197797814E+02
 2.02066666700000E+03, -5.59662847212326E-02,  5.00000000000000E-01, -7.93765343570483E-01,  3.03850000000009E+02,  1.00600819582585E+03,  4.45559133645747E+02
 2.02075000000000E+03,  2.09663972548575E-01,  4.25000000000000E-01, -7.93251230122501E-01,  3.04030000000009E+02,  1.16484781103998E+03,  3.96792579504107E+02
 2.02083333300000E+03,  2.28895224758440E-01,  2.75000000000000E-01, -7.92737049782936E-01,  3.04210000000009E+02,  1.17698088281945E+03,  3.98559261923574E+02
 2.02091666700000E+03,  2.45814280072238E-01,  4.50000000000000E-01, -7.92222802565184E-01,  3.04390000000009E+02,  8.48743050195986E+02,  3.84344620307891E+02
 2.02100000000000E+03,  2.56413729302698E-01,  9.25000000000000E-01, -7.91708488482633E-01,  3.04570000000009E+02,  6.85823244892667E+02,  2.43945769053211E+02
 2.02108333300000E+03,  2.61438497217626E-01,  9.50000000000000E-01, -7.91194107548678E-01,  3.04750000000009E+02,  5.66359608947939E+02,  8.83320141843502E+01
 2.02116666700000E+03,  2.64214025681227E-01,  2.50000000000000E-01, -7.90679659776711E-01,  3.04930000000009E+02,  1.02477304699377E+03,  6.92964405365303E+02
 2.02125000000000E+03,  2.66560845774201E-01, -1.50000000000000E-01, -7.90165145180130E-01,  3.05110000000009E+02,  1.35688282072216E+03,  8.68979896274784E+02
 2.02133333300000E+03,  2.67084363255742E-01, -2.25000000000000E-01, -7.89650563772327E-01,  3.05290000000009E+02,  1.42595448386831E+03,  9.44122852564009E+02
 2.02141666700000E+03,  2.63520486620469E-01, -1.25000000000000E-01, -7.89135915566708E-01,  3.05470000000009E+02,  1.53948592913127E+03,  9.99620951355022E+02
 2.02150000000000E+03,  2.56536570104826E-01,  1.75000000000000E-01, -7.88621200576672E-01,  3.05650000000009E+02,  1.62482540331325E+03,  1.09120723499088E+03
 2.02158333300000E+03,  2.43033378097103E-01,  5.00000000000000E-02, -7.88106418815612E-01,  3.05830000000009E+02,  1.00605328669612E+03,  7.81626596692550E+02
 2.02166666700000E+03,  2.42149521166493E-01,  1.75000000000000E-01,  6.90651804623508E+00,  3.06010000000009E+02,  6.17599885855863E+02,  5.91153892816287E+02
 2.02175000000000E+03,  2.84337718611048E-01,  6.50000000000000E-01,  6.90558007427453E+00,  3.06190000000009E+02,  6.24709024508104E+02,  5.82373294631408E+02
 2.02183333300000E+03,  3.51263612723430E-01,  7.00000000000000E-01,  6.90464205981571E+00,  3.06370000000009E+02,  6.39704123051255E+02,  6.99966351843291E+02
 2.02191666700000E+03,  4.14605977573370E-01,  4.00000000000000E-01,  6.90370400288951E+00,  3.06550000000009E+02,  8.08050791994195E+02,  6.36625095795041E+02
 2.02200000000000E+03,  4.70236513854900E-01, -1.38777878078145E-17,  6.90276590352680E+00,  3.06730000000009E+02,  8.35680270515645E+02,  4.29421555883528E+02
 2.02208333300000E+03,  5.18783330946971E-01, -7.50000000000000E-02,  6.90182776175842E+00,  3.06910000000009E+02,  1.03037540935650E+03,  4.53384694283443E+02
 2.02216666700000E+03,  5.63459447422154E-01,  3.75000000000000E-01,  6.90088957761528E+00,  3.07090000000009E+02,  1.32683374550858E+03,  4.60433739409218E+02
 2.02225000000000E+03,  6.05977668426107E-01,  8.25000000000000E-01,  6.89995135112823E+00,  3.07270000000009E+02,  1.18105478997342E+03,  9.07177830009218E+02
 2.02233333300000E+03,  6.44840662681385E-01,  8.75000000000000E-01,  6.89901308232812E+00,  3.07450000000009E+02,  1.14693433045011E+03,  1.07313733664973E+03
 2.02241666700000E+03,  6.77686869047678E-01,  6.00000000000000E-01,  6.89807477124586E+00,  3.07630000000009E+02,  1.11733160201564E+03,  1.13998056549217E+03
 2.02250000000000E+03,  7.05091703463982E-01,  4.00000000000000E-01,  6.89713641791231E+00,  3.07810000000009E+02,  1.29266283194548E+03,  1.66203572370173E+03
 2.02258333300000E+03,  5.08073787359640E-01,  5.75000000000000E-01,  6.89619802235833E+00,  3.07990000000009E+02,  9.52043988629724E+02,  1.69102486248086E+03
 2.02266666700000E+03,  8.87932494288685E-02,  9.00000000000000E-01, -2.29369244731046E+00,  3.08170000000009E+02,  1.05154606648658E+03,  1.29632163396021E+03
 2.02275000000000E+03, -1.06784938436118E-01,  9.50000000000000E-01, -2.29365379598896E+00,  3.08350000000009E+02,  8.64395304900169E+02,  1.65681916909413E+03
 2.02283333300000E+03, -7.83412950266530E-02,  8.75000000000000E-01, -2.29361503271948E+00,  3.08530000000009E+02,  9.28747479413328E+02,  1.58823276486708E+03
 2.02291666700000E+03, -5.21517203158624E-02,  9.00000000000000E-01, -2.29357615750536E+00,  3.08710000000009E+02,  7.23071676743692E+02,  1.10376726542044E+03
 2.02300000000000E+03, -3.22567943915118E-02,  8.75000000000000E-01, -2.29353717034997E+00,  3.08890000000009E+02,  7.02528783345271E+02,  1.13437686336117E+03
 2.02308333300000E+03, -1.79438984131371E-02,  6.25000000000000E-01, -2.29349807125666E+00,  3.09070000000009E+02,  7.22318176758021E+02,  8.94441990892456E+02
 2.02316666700000E+03, -5.91894221280784E-03,  1.75000000000000E-01, -2.29345886022880E+00,  3.09250000000009E+02,  6.40049104703255E+02,  6.98913648516866E+02
 2.02325000000000E+03,  5.60829391908505E-03, -3.75000000000000E-01, -2.29341953726975E+00,  3.09430000000009E+02,  5.54406436342546E+02,  6.96626476843552E+02
 2.02333333300000E+03,  1.52140258879771E-02, -9.00000000000000E-01, -2.29338010238287E+00,  3.09610000000009E+02,  4.55088880015289E+02,  6.78009203734097E+02
 2.02341666700000E+03,  2.06061729115631E-02, -8.75000000000000E-01, -2.29334055557153E+00,  3.09790000000009E+02,  5.25452655044000E+02,  6.73794210242408E+02
 2.02350000000000E+03,  2.24253757368955E-02, -1.10000000000000E+00, -2.29330089683911E+00,  3.09970000000009E+02,  1.04077612688580E+03,  1.00261519259907E+03
 2.02358333300000E+03, -2.39431960283744E-01, -1.70000000000000E+00, -2.29326112618898E+00,  3.10150000000009E+02,  9.52551271858838E+02,  6.63569068055180E+02
 2.02366666700000E+03, -7.55973765782741E-01, -1.87500000000000E+00, -9.10360950385591E+00,  3.10330000000009E+02,  1.10809819614764E+03,  1.06838904991627E+03
 2.02375000000000E+03, -9.92287200032653E-01, -1.82500000000000E+00, -9.10248897310313E+00,  3.10510000000009E+02,  1.36399053638353E+03,  1.06300975703737E+03
 2.02383333300000E+03, -9.55289238346337E-01, -1.42500000000000E+00, -9.10136840927276E+00,  3.10690000000009E+02,  1.30597900328039E+03,  1.13059540530491E+03
 2.02391666700000E+03, -9.19468033944534E-01, -7.50000000000000E-01, -9.10024781241388E+00,  3.10870000000009E+02,  7.13151011096347E+02,  1.13863886330855E+03
 2.02400000000000E+03, -8.88893821248209E-01, -5.50000000000000E-01, -9.09912718257552E+00,  3.11050000000009E+02,  8.48239660890301E+02,  1.96956547371886E+03
 2.02408333300000E+03, -8.62888505866306E-01, -8.50000000000000E-01, -9.09800651980676E+00,  3.11230000000009E+02,  3.81702570767488E+02,  1.75540015498493E+03
 2.02416666700000E+03, -8.38592269692075E-01, -5.00000000000000E-01, -9.09688582415665E+00,  3.11410000000009E+02,  6.85254819093835E+02,  4.27559977315372E+03
