 1.95300000000000E+03, -5.77845144092455E-02,  1.00000000000000E-01,  5.75072255399150E-01,  1.00000000000000E-02,  4.91937304075468E+00,  1.05469271792106E+00
 1.95308333300000E+03,  7.70674405692198E-02,  1.50000000000000E-01,  5.54258665048982E-01,  1.90000000000000E-01,  6.88581493380499E+02,  1.50653427539000E+02
 1.95316666700000E+03,  2.24985088532242E-01,  1.87500000000000E-01,  5.33444097589157E-01,  3.70000000000000E-01,  5.77222763353117E+02,  4.11123507298864E+02
 1.95325000000000E+03,  3.04116104208914E-01,  2.25000000000000E-01,  5.12621873804803E-01,  5.50000000000000E-01,  5.81864481643461E+02,  4.13499639475739E+02
 1.95333333300000E+03,  3.04116104208914E-01,  2.75000000000000E-01,  4.91785288982353E-01,  7.30000000000000E-01,  4.98571046646065E+02,  4.49537913214512E+02
 1.95341666700000E+03,  4.07058759796358E-02,  4.10000000000000E-01, -1.48797900123525E+00,  9.10000000000000E-01,  4.78363832125501E+02,  5.09184705904341E+02
 1.95350000000000E+03, -2.10174240109733E-01,  3.87500000000000E-01, -1.45335734713178E+00,  1.09000000000000E+00,  2.50487302318987E+02,  3.71087891652386E+02
 1.95358333300000E+03, -2.89565657125588E-01,  3.25000000000000E-01, -1.41893167456482E+00,  1.27000000000000E+00,  1.15880306921520E+02,  1.83618677315139E+02
 1.95366666700000E+03, -2.89565657125588E-01,  3.05000000000000E-01, -1.38470637206614E+00,  1.45000000000000E+00,  1.26529253014923E+02,  2.29341051516340E+02
 1.95375000000000E+03, -1.63661407227467E-01,  2.80000000000000E-01, -1.35068566959003E+00,  1.63000000000000E+00,  4.05758354815735E+02,  4.57952125688272E+02
 1.95383333300000E+03, -1.63661407227467E-01,  3.95000000000000E-01, -1.31687363342488E+00,  1.81000000000000E+00,  4.53078097086236E+02,  4.60485919471754E+02
 1.95391666700000E+03, -9.87053447583269E-02,  4.75000000000000E-01,  3.25671290352210E-02,  1.99000000000000E+00,  4.98009407705365E+02,  5.57370068109646E+02
 1.95400000000000E+03, -9.87053447583269E-02,  2.00000000000000E-01,  5.53116273615613E-02,  2.17000000000000E+00,  5.20992052083411E+02,  5.88353846012933E+02
 1.95408333300000E+03, -5.48442035854116E-02,  7.50000000000000E-02,  7.79003595599561E-02,  2.35000000000000E+00,  9.69905231811840E+02,  1.01548482044104E+03
 1.95416666700000E+03,  1.54309335480141E-02,  1.50000000000000E-01,  1.00339041071965E-01,  2.53000000000000E+00,  1.05152312034590E+03,  1.10138767799241E+03
 1.95425000000000E+03,  7.27419908045155E-02, -7.50000000000000E-02,  1.22633500394399E-01,  2.71000000000000E+00,  1.05224555890541E+03,  1.16060861226606E+03
 1.95433333300000E+03,  8.90543213715727E-02, -2.50000000000000E-01,  1.44789672729464E-01,  2.89000000000000E+00,  9.92044819947567E+02,  1.06345408912630E+03
 1.95441666700000E+03,  8.90543213715727E-02, -3.75000000000000E-01,  2.28919458702190E+00,  3.07000000000000E+00,  9.49078753706857E+02,  1.06205615133811E+03
 1.95450000000000E+03, -4.32130232195491E-02, -5.12500000000000E-01,  2.25914598800489E+00,  3.25000000000000E+00,  4.85380174925206E+02,  6.31098021864454E+02
 1.95458333300000E+03, -1.88627553701197E-01, -4.87500000000000E-01,  2.22923030963566E+00,  3.43000000000000E+00,  8.78171010351446E+01,  2.84708478805163E+02
 1.95466666700000E+03, -3.04660310199076E-01, -5.50000000000000E-01,  2.19945109002725E+00,  3.61000000000000E+00,  7.24886107615224E+01,  1.73270620053806E+02
 1.95475000000000E+03, -3.87666994819654E-01, -5.87500000000000E-01,  2.16981176645007E+00,  3.79000000000000E+00,  7.10164201359179E+01,  1.83666561526892E+02
 1.95483333300000E+03, -3.87666994819654E-01, -5.25000000000000E-01,  2.14031566953672E+00,  3.97000000000000E+00,  6.65851235995815E+01,  1.31873771962144E+02
 1.95491666700000E+03,  1.78552768976565E-01, -4.87500000000000E-01,  1.58030834313363E+00,  4.15000000000000E+00,  7.40808520007800E+01,  8.96844615398183E+01
 1.95500000000000E+03,  1.78552768976565E-01, -2.62500000000000E-01,  1.55437523409352E+00,  4.33000000000000E+00,  6.37360760295736E+01,  5.75364482596938E+01
 1.95508333300000E+03,  1.60086111678569E-01, -6.25000000000000E-02,  1.52862180032145E+00,  4.51000000000000E+00,  3.06207489206238E+01,  3.82416671167598E+01
 1.95516666700000E+03,  1.57134629158688E-01,  1.25000000000000E-02,  1.50304765876460E+00,  4.69000000000000E+00,  3.60474457725131E+01,  3.09411126913065E+01
 1.95525000000000E+03,  1.50753343480916E-01,  2.50000000000000E-01,  1.47765223242884E+00,  4.87000000000000E+00,  3.53398395446629E+01,  6.68008650593285E+01
 1.95533333300000E+03,  1.50753343480916E-01,  2.62500000000000E-01,  1.45243474950658E+00,  5.05000000000000E+00,  2.67085102869268E+01,  6.99728736404473E+01
 1.95541666700000E+03,  3.59774339500365E-01,  3.62500000000000E-01, -5.39654316674413E-01,  5.23000000000000E+00,  2.15110539856731E+01,  6.95327988772798E+01
 1.95550000000000E+03,  4.11344917203992E-01,  2.25000000000000E-01, -5.12136262993190E-01,  5.41000000000000E+00,  2.12801935463906E+01,  8.26241331351430E+01
 1.95558333300000E+03,  4.11344917203992E-01,  2.62500000000000E-01, -4.84861557134943E-01,  5.59000000000000E+00,  2.05769401019233E+01,  7.83349790638638E+01
 1.95566666700000E+03,  3.74340560001129E-01,  2.50000000000000E-01, -4.57828440216252E-01,  5.77000000000000E+00,  1.67058235924311E+01,  3.95698015199644E+01
 1.95575000000000E+03,  2.83643561957597E-01,  2.37500000000000E-01, -4.31034940753141E-01,  5.95000000000000E+00,  1.64910699591534E+01,  4.29748030798561E+01
 1.95583333300000E+03,  2.83643561957597E-01,  2.62500000000000E-01, -4.04478876724404E-01,  6.13000000000000E+00,  1.55924634158655E+01,  4.70935013265673E+01
 1.95591666700000E+03,  2.02050115168998E-01,  2.25000000000000E-01, -1.57612723640518E+00,  6.31000000000000E+00,  1.02151995258336E+01,  2.83948323465314E+01
 1.95600000000000E+03,  2.02050115168998E-01,  2.00000000000000E-01, -1.54103185700695E+00,  6.49000000000000E+00,  6.43168161473453E+00,  3.86049476893082E+01
 1.95608333300000E+03,  5.49839857715930E-02,  1.70000000000000E-01, -1.50612072368140E+00,  6.67000000000000E+00,  6.57360732411224E+00,  4.40111574487170E+01
 1.95616666700000E+03, -9.72808128905630E-02,  2.37500000000000E-01, -1.47139860107939E+00,  6.85000000000000E+00,  6.58702502234958E+00,  3.52979755171737E+01
 1.95625000000000E+03, -2.23321188924608E-01,  2.12500000000000E-01, -1.43687010888874E+00,  7.03000000000000E+00,  6.13083549031150E+00,  3.09404918045842E+01
 1.95633333300000E+03, -3.01081245724832E-01, -2.00000000000000E-02, -1.40253971630576E+00,  7.21000000000000E+00,  6.29947757159099E+00,  2.98524949997770E+01
 1.95641666700000E+03, -5.62624220601597E-01, -1.87500000000000E-01,  6.89535123585130E-01,  7.39000000000000E+00,  7.02932552233236E+00,  1.36063756552302E+01
 1.95650000000000E+03, -5.62624220601597E-01, -3.62500000000000E-01,  6.68609845505241E-01,  7.57000000000000E+00,  6.62149543803043E+00,  9.99993089992686E+00
 1.95658333300000E+03, -5.11031399735749E-01, -4.12500000000000E-01,  6.47719470631311E-01,  7.75000000000000E+00,  7.02964390510802E+00,  1.81445305974845E+01
 1.95666666700000E+03, -3.61801840186478E-01, -3.87500000000000E-01,  6.26857583242011E-01,  7.93000000000000E+00,  7.09465276634519E+00,  2.30266793028895E+01
 1.95675000000000E+03, -1.88563216886096E-01, -4.50000000000000E-01,  6.06017704269796E-01,  8.11000000000000E+00,  9.06395129961571E+00,  2.47161236467963E+01
 1.95683333300000E+03, -1.88563216886096E-01, -5.00000000000000E-01,  5.85193298043573E-01,  8.29000000000000E+00,  7.06279307357659E+00,  2.49208104120581E+01
 1.95691666700000E+03, -3.88030170954053E-01, -5.12500000000000E-01,  2.24824213560934E+00,  8.47000000000000E+00,  7.66543767137475E+00,  2.42106920163462E+01
 1.95700000000000E+03, -5.09440031445236E-01, -5.37500000000000E-01,  2.21837571919338E+00,  8.65000000000000E+00,  8.92928885983616E+00,  2.65987849569665E+01
 1.95708333300000E+03, -5.09440031445236E-01, -5.50000000000000E-01,  2.18864702456632E+00,  8.82999999999999E+00,  9.74262885115619E+00,  3.04238653848085E+01
 1.95716666700000E+03, -3.97297472843029E-01, -5.12500000000000E-01,  2.15905945085059E+00,  9.00999999999999E+00,  7.04894071954230E+00,  2.87497817438305E+01
 1.95725000000000E+03, -2.44473235201343E-01, -3.70000000000000E-01,  2.12961628845149E+00,  9.18999999999999E+00,  8.26659326701309E+00,  2.63427083336043E+01
 1.95733333300000E+03, -1.11486191468202E-01, -1.92500000000000E-01,  2.10032071343081E+00,  9.36999999999999E+00,  6.54422072529652E+00,  2.24265793987354E+01
 1.95741666700000E+03,  1.87190051351360E-01,  1.95000000000000E-01,  1.04764042818614E+00,  9.54999999999999E+00,  5.18205206614260E+00,  1.64417244997337E+01
 1.95750000000000E+03,  2.22798575806219E-01,  2.72500000000000E-01,  1.02528252074130E+00,  9.72999999999999E+00,  3.64654094342380E+00,  7.46193385955305E+00
 1.95758333300000E+03,  2.83786763330051E-01,  3.12500000000000E-01,  1.00305120133590E+00,  9.90999999999999E+00,  4.99489380432603E+00,  9.28474799951861E+00
 1.95766666700000E+03,  3.58963379991553E-01,  2.85000000000000E-01,  9.80941985421177E-01,  1.00900000000000E+01,  3.57922575633006E+00,  1.11847489620467E+01
 1.95775000000000E+03,  4.16551262179272E-01,  2.82500000000000E-01,  9.58950231779033E-01,  1.02700000000000E+01,  2.92597684890494E+00,  1.25493478147294E+01
 1.95783333300000E+03,  4.16551262179272E-01,  2.95000000000000E-01,  9.37071146838813E-01,  1.04500000000000E+01,  2.79556861736774E+00,  8.65313274161855E+00
 1.95791666700000E+03,  1.43644295637511E-01,  3.00000000000000E-01, -9.96152599870095E-01,  1.06300000000000E+01,  4.23024349676315E+00,  1.02751037570902E+01
 1.95800000000000E+03,  1.43644295637511E-01,  2.27500000000000E-01, -9.64813261451883E-01,  1.08100000000000E+01,  3.32453308441549E+00,  1.67205051567548E+01
 1.95808333300000E+03,  3.09084763519872E-01,  1.85000000000000E-01, -9.33716760357359E-01,  1.09900000000000E+01,  5.99347358058178E+00,  1.75398496227968E+01
 1.95816666700000E+03,  3.18355348952595E-01,  2.12500000000000E-01, -9.02864699068449E-01,  1.11700000000000E+01,  6.80893505552135E+00,  2.04170550297330E+01
 1.95825000000000E+03,  3.18355348952595E-01,  2.65000000000000E-01, -8.72258467426841E-01,  1.13500000000000E+01,  6.54510335709021E+00,  2.09453123629875E+01
 1.95833333300000E+03,  1.20908331711171E-01,  3.07500000000000E-01, -8.41899240814661E-01,  1.15300000000000E+01,  5.20355157158544E+00,  2.05798381610130E+01
 1.95841666700000E+03,  2.08334130456377E-02,  2.27500000000000E-01, -1.31700827654194E+00,  1.17100000000000E+01,  5.47974405822767E+00,  1.41185634406456E+01
 1.95850000000000E+03,  2.08334130456377E-02,  9.00000000000000E-02, -1.28340794778688E+00,  1.18900000000000E+01,  5.81740714161807E+00,  2.06123219777520E+01
 1.95858333300000E+03,  2.08334130456377E-02,  1.25000000000000E-02, -1.25002389297697E+00,  1.20700000000000E+01,  4.91653737452467E+00,  1.74437200554200E+01
 1.95866666700000E+03, -1.48972185275613E-03, -6.25000000000000E-02, -1.21685965948063E+00,  1.22500000000000E+01,  4.89781602958265E+00,  1.62607694108002E+01
 1.95875000000000E+03, -1.13623889104984E-01, -1.65000000000000E-01, -1.18391861258258E+00,  1.24300000000000E+01,  5.13507970950380E+00,  1.50898724429730E+01
 1.95883333300000E+03, -2.71231698449484E-01, -2.80000000000000E-01, -1.15120393138292E+00,  1.26100000000000E+01,  4.20444590959441E+00,  1.38250503737925E+01
 1.95891666700000E+03, -2.78946398447314E-01, -4.32500000000000E-01,  7.11835207111629E-01,  1.27900000000000E+01,  1.33962113571381E+00,  5.23219840217241E+00
 1.95900000000000E+03, -3.68784769158090E-01, -2.65000000000000E-01,  6.90865846898748E-01,  1.29700000000000E+01,  1.39427793296997E+00,  6.01128264752909E+00
 1.95908333300000E+03, -3.68784769158090E-01, -3.40000000000000E-01,  6.69938136241806E-01,  1.31500000000000E+01,  1.58407577418588E+00,  8.55190567962827E+00
 1.95916666700000E+03, -3.28308177343356E-01, -3.55000000000000E-01,  6.49045734090502E-01,  1.33300000000000E+01,  1.40328135981638E+00,  7.47049368457442E+00
 1.95925000000000E+03, -2.16465383254873E-01, -4.72500000000000E-01,  6.28182228973732E-01,  1.35100000000000E+01,  1.98243291628705E+00,  1.09410800950633E+01
 1.95933333300000E+03, -1.59724226473475E-01, -5.47500000000000E-01,  6.07341145648681E-01,  1.36900000000000E+01,  3.38112912424352E+00,  2.06538372393150E+01
 1.95941666700000E+03, -1.02438855242104E-01, -4.30000000000000E-01,  2.07797593667495E+00,  1.38700000000000E+01,  3.39871516485826E+00,  2.28711549508067E+01
 1.95950000000000E+03, -1.02438855242104E-01, -6.25000000000000E-02,  2.04894841989735E+00,  1.40500000000000E+01,  3.48943825823551E+00,  2.29112608558600E+01
 1.95958333300000E+03, -6.66048937621858E-03,  1.52500000000000E-01,  2.02007663558340E+00,  1.42300000000000E+01,  3.47053760097195E+00,  2.31888191643431E+01
 1.95966666700000E+03,  1.14517616576580E-01,  2.15000000000000E-01,  1.99136328103800E+00,  1.44100000000000E+01,  3.07573986392728E+00,  1.88965963015691E+01
 1.95975000000000E+03,  2.22356678428468E-01,  2.52500000000000E-01,  1.96281091436116E+00,  1.45900000000000E+01,  1.70955382715722E+00,  9.08081441446268E+00
 1.95983333300000E+03,  2.82209282079365E-01,  2.80000000000000E-01,  1.93442194968870E+00,  1.47700000000000E+01,  1.65017952771977E+00,  4.69415431493768E+00
 1.95991666700000E+03,  3.89919972791126E-01,  1.95000000000000E-01,  8.45347260856607E-01,  1.49500000000000E+01,  1.73764015899153E+00,  2.81687243639078E+00
 1.96000000000000E+03,  3.89919972791126E-01,  1.25000000000000E-01,  8.23974911321933E-01,  1.51300000000000E+01,  1.92668772856025E+00,  7.17868238389783E+00
 1.96008333300000E+03,  2.97423810598876E-01,  1.67500000000000E-01,  8.02682148116094E-01,  1.53100000000000E+01,  3.31192733543379E+00,  9.65333813888057E+00
 1.96016666700000E+03,  1.94758834505705E-01,  1.75000000000000E-01,  7.81463220224854E-01,  1.54900000000000E+01,  2.99243166070216E+00,  9.11301787249945E+00
 1.96025000000000E+03,  6.58892057464491E-02,  1.50000000000000E-01,  7.60312266848762E-01,  1.56700000000000E+01,  3.78822807925055E+00,  1.06053689999483E+01
 1.96033333300000E+03,  6.58892057464491E-02,  1.72500000000000E-01,  7.39223323312568E-01,  1.58500000000000E+01,  3.62378738275731E+00,  1.14371912995061E+01
 1.96041666700000E+03,  2.00102361033631E-01, -2.00000000000000E-02, -1.56062863000992E+00,  1.60300000000000E+01,  5.00267381422583E+00,  1.19317821706303E+01
 1.96050000000000E+03,  2.00102361033631E-01, -1.87500000000000E-01, -1.52561390230658E+00,  1.62100000000000E+01,  3.54689191415928E+00,  1.14773364580365E+01
 1.96058333300000E+03, -7.01982329428392E-02, -2.70000000000000E-01, -1.49078553927790E+00,  1.63900000000000E+01,  3.43224323648952E+00,  1.44254817668261E+01
 1.96066666700000E+03, -2.80650863626727E-01, -3.32500000000000E-01, -1.45614824234158E+00,  1.65700000000000E+01,  2.74831553743097E+00,  1.85524048252968E+01
 1.96075000000000E+03, -3.93440431381908E-01, -3.80000000000000E-01, -1.42170656549391E+00,  1.67500000000000E+01,  3.00072083215521E+00,  1.75800490277724E+01
 1.96083333300000E+03, -3.99776558142896E-01, -4.70000000000000E-01, -1.38746490985512E+00,  1.69300000000000E+01,  1.89791196843612E+00,  1.28916506258029E+01
 1.96091666700000E+03, -5.01333725577749E-01, -5.07500000000000E-01, -7.95938577147803E-01,  1.71100000000000E+01,  2.09950405752590E+00,  1.11392313944558E+01
 1.96100000000000E+03, -5.41832320384858E-01, -5.25000000000000E-01, -7.66207988676272E-01,  1.72900000000000E+01,  2.53436746870632E+00,  9.68507324237365E+00
 1.96108333300000E+03, -5.41832320384858E-01, -5.60000000000000E-01, -7.36726818730822E-01,  1.74700000000000E+01,  2.58376168179243E+00,  4.41923120163306E+00
 1.96116666700000E+03, -4.06041581172011E-01, -5.50000000000000E-01, -7.07495255283055E-01,  1.76500000000000E+01,  2.35594667968510E+00,  4.61907628450035E+00
 1.96125000000000E+03, -2.05955252733605E-01, -2.95000000000000E-01, -6.78513266312947E-01,  1.78300000000000E+01,  2.30325691781006E+00,  5.47419117401399E+00
 1.96133333300000E+03,  9.05393257588784E-03,  1.07500000000000E-01, -6.49780599636450E-01,  1.80100000000000E+01,  1.93131745190095E+00,  8.76576310461477E+00
 1.96141666700000E+03,  1.19878049077486E-01,  3.17500000000000E-01,  1.30344798349004E+00,  1.81900000000000E+01,  2.82457384516345E+00,  8.33580806992917E+00
 1.96150000000000E+03,  1.37073014557096E-01,  2.92500000000000E-01,  1.27944736156756E+00,  1.83700000000000E+01,  2.95415599233864E+00,  8.00682921735901E+00
 1.96158333300000E+03,  1.91521485911761E-01,  1.67500000000000E-01,  1.25561133568044E+00,  1.85500000000000E+01,  2.70058152990135E+00,  8.46056050547624E+00
 1.96166666700000E+03,  2.47723785516283E-01,  9.75000000000000E-02,  1.23193737153649E+00,  1.87300000000000E+01,  2.52967032271048E+00,  7.37038850826921E+00
 1.96175000000000E+03,  2.47723785516283E-01,  2.07500000000000E-01,  1.20842274500285E+00,  1.89100000000000E+01,  2.99031352326835E+00,  3.38527232018529E+00
 1.96183333300000E+03,  2.56293979449066E-01,  3.10000000000000E-01,  1.18506454395944E+00,  1.90900000000000E+01,  2.51710097168946E+00,  6.81791365700109E+00
 1.96191666700000E+03,  2.89365147058381E-01,  2.47500000000000E-01,  1.58160134596099E+00,  1.92700000000000E+01,  1.99533783252300E+00,  8.66520875114984E+00
 1.96200000000000E+03,  3.43452214268172E-01,  2.85000000000000E-01,  1.55565930440391E+00,  1.94500000000000E+01,  2.51213028413866E+00,  7.98456535921880E+00
 1.96208333300000E+03,  3.85501098566052E-01,  3.02500000000000E-01,  1.52989695210650E+00,  1.96300000000000E+01,  2.41565851287791E+00,  8.09088606476011E+00
 1.96216666700000E+03,  3.85501098566052E-01,  3.10000000000000E-01,  1.50431391562353E+00,  1.98100000000000E+01,  2.29043040605153E+00,  9.63649393023161E+00
 1.96225000000000E+03,  3.63373398087376E-01,  3.22500000000000E-01,  1.47890962761816E+00,  1.99900000000000E+01,  2.01557206540156E+00,  9.10325237076208E+00
 1.96233333300000E+03,  2.70508611009960E-01,  4.20000000000000E-01,  1.45368332597763E+00,  2.01700000000000E+01,  2.35775526578702E+00,  7.65477280287876E+00
 1.96241666700000E+03,  2.50408097541536E-01,  3.55000000000000E-01, -5.41114302695858E-01,  2.03500000000000E+01,  2.03288717740114E+00,  1.21456305633537E+01
 1.96250000000000E+03,  2.06479155480007E-01,  1.85000000000000E-01, -5.13583353324143E-01,  2.05300000000000E+01,  1.97294703101868E+00,  1.17818755211247E+01
 1.96258333300000E+03,  1.34057284685716E-01,  1.77500000000000E-01, -4.86295838713909E-01,  2.07100000000000E+01,  2.70088803353304E+00,  1.35384444247751E+01
 1.96266666700000E+03,  5.27796428890338E-02,  1.02500000000000E-01, -4.59250011261610E-01,  2.08900000000000E+01,  2.36032913703510E+00,  1.71350600594973E+01
 1.96275000000000E+03, -3.30300259966693E-02,  2.50000000000000E-02, -4.32443910660944E-01,  2.10700000000000E+01,  2.48733810788424E+00,  1.95829696277500E+01
 1.96283333300000E+03, -3.30300259966693E-02, -4.50000000000000E-02, -4.05875365953357E-01,  2.12500000000000E+01,  2.30606189813020E+00,  2.08467854335198E+01
 1.96291666700000E+03, -1.13536670492584E-01, -9.00000000000000E-02, -1.92018051649958E+00,  2.14300000000000E+01,  1.94522575001686E+00,  2.39610107859163E+01
 1.96300000000000E+03, -1.13536670492584E-01, -2.00000000000000E-01, -1.88358794419545E+00,  2.16100000000000E+01,  1.06083050147701E+00,  2.41681349002378E+01
 1.96308333300000E+03, -2.52022166260426E-01, -1.95000000000000E-01, -1.84712787783632E+00,  2.17900000000000E+01,  9.40586542933966E-01,  1.80352130638986E+01
 1.96316666700000E+03, -3.43968557626588E-01, -2.95000000000000E-01, -1.81080616090283E+00,  2.19700000000000E+01,  7.46618376023152E-01,  2.03094161071973E+01
 1.96325000000000E+03, -3.43968557626588E-01, -4.45000000000000E-01, -1.77462855193025E+00,  2.21500000000000E+01,  9.33233675662526E-01,  1.39405295307913E+01
 1.96333333300000E+03, -3.40964162066313E-01, -5.15000000000000E-01, -1.73860071773807E+00,  2.23300000000000E+01,  2.26930348922131E+00,  1.13199064812498E+01
 1.96341666700000E+03, -3.40964162066313E-01, -5.62500000000000E-01, -2.40377472711495E-02,  2.25100000000000E+01,  2.30616065464931E+00,  8.42281214655303E+00
 1.96350000000000E+03, -3.65809200998980E-01, -5.70000000000000E-01, -8.86839460664871E-04,  2.26900000000000E+01,  5.56553603666715E+00,  6.88590697514307E+00
 1.96358333300000E+03, -3.65809200998980E-01, -5.00000000000000E-01,  2.20947727837243E-02,  2.28700000000000E+01,  8.91996082023677E+00,  5.39998683559155E+00
 1.96366666700000E+03, -2.45550362841234E-01, -1.47500000000000E-01,  4.49125007739486E-02,  2.30500000000000E+01,  1.40523056740346E+01,  1.05228977222851E+01
 1.96375000000000E+03, -9.66208786561287E-02,  1.15000000000000E-01,  6.75718839723050E-02,  2.32300000000000E+01,  1.64900013079225E+01,  1.47417941358333E+01
 1.96383333300000E+03, -9.66208786561287E-02,  1.90000000000000E-01,  9.00785839431333E-02,  2.34100000000000E+01,  2.20629010368833E+01,  2.04351730356590E+01
 1.96391666700000E+03, -4.98433804734112E-02,  2.47500000000000E-01,  1.78988274585414E+00,  2.35900000000000E+01,  2.21789124595602E+01,  2.52979910157436E+01
 1.96400000000000E+03, -4.98433804734112E-02,  9.25000000000000E-02,  1.76254900147720E+00,  2.37700000000000E+01,  2.08806595159879E+01,  3.83982050411077E+01
 1.96408333300000E+03,  8.16407044233058E-02,  1.10000000000000E-01,  1.73539138640485E+00,  2.39500000000000E+01,  1.99068790027826E+01,  3.75530951688138E+01
 1.96416666700000E+03,  2.24187777956087E-01,  1.95000000000000E-01,  1.70841098080270E+00,  2.41300000000000E+01,  1.90999879910127E+01,  5.02078522508259E+01
 1.96425000000000E+03,  2.87971439690770E-01,  1.70000000000000E-01,  1.68160868603227E+00,  2.43100000000000E+01,  1.96558937334298E+01,  5.62205888428139E+01
 1.96433333300000E+03,  2.87971439690770E-01,  3.00000000000000E-01,  1.65498522192570E+00,  2.44900000000000E+01,  1.68277122554912E+01,  6.86926851481777E+01
 1.96441666700000E+03,  2.87971439690770E-01,  3.32500000000000E-01,  1.39833448562730E+00,  2.46700000000000E+01,  1.62133713770559E+01,  6.81613047603722E+01
 1.96450000000000E+03,  2.99986653835574E-01,  4.60000000000000E-01,  1.37367365206484E+00,  2.48500000000000E+01,  1.45883755745923E+01,  7.84845199429603E+01
 1.96458333300000E+03,  3.22025320757275E-01,  4.45000000000000E-01,  1.34918543494517E+00,  2.50300000000000E+01,  1.25582435293360E+01,  7.86690079591874E+01
 1.96466666700000E+03,  3.28995198352599E-01,  4.12500000000000E-01,  1.32486805088592E+00,  2.52100000000000E+01,  6.45012855024769E+00,  6.91700211538292E+01
 1.96475000000000E+03,  3.28995198352599E-01,  4.00000000000000E-01,  1.30071952177676E+00,  2.53900000000000E+01,  8.78548247460913E+00,  6.23015697302180E+01
 1.96483333300000E+03,  2.73100598891872E-01,  4.25000000000000E-01,  1.27673767568191E+00,  2.55700000000000E+01,  1.62772414213375E+01,  6.52660391701769E+01
 1.96491666700000E+03,  8.30207226704201E-02,  2.45000000000000E-01, -6.42996747865333E-01,  2.57500000000000E+01,  3.43252165015854E+01,  7.36246298505602E+01
 1.96500000000000E+03,  8.30207226704201E-02,  2.92500000000000E-01, -6.14571908587260E-01,  2.59300000000000E+01,  5.10386369748141E+01,  1.09322473429142E+02
 1.96508333300000E+03,  2.67046213619676E-01,  3.02500000000000E-01, -5.86395030847508E-01,  2.61100000000000E+01,  6.82074519685539E+01,  1.53896286516982E+02
 1.96516666700000E+03,  3.97029070190746E-01,  3.17500000000000E-01, -5.58465151573521E-01,  2.62900000000000E+01,  7.04602407048202E+01,  1.48264921893980E+02
 1.96525000000000E+03,  3.97029070190746E-01,  3.20000000000000E-01, -5.30781089619094E-01,  2.64700000000000E+01,  6.57377249960217E+01,  1.50085168792262E+02
 1.96533333300000E+03,  3.51566689768547E-01,  3.30000000000000E-01, -5.03341446919184E-01,  2.66500000000000E+01,  4.54628811801304E+01,  1.32967800240276E+02
 1.96541666700000E+03, -2.77183570236542E-02,  1.17500000000000E-01, -1.19193599305637E+00,  2.68300000000000E+01,  2.85340684191348E+01,  8.96137014947762E+01
 1.96550000000000E+03, -2.07875242219462E-01, -8.25000000000000E-02, -1.15916579198452E+00,  2.70100000000000E+01,  1.39100305162918E+01,  4.37656522069622E+01
 1.96558333300000E+03, -3.64075023676688E-01, -2.02500000000000E-01, -1.12662423400212E+00,  2.71900000000000E+01,  1.15239992088812E+01,  5.00570836925525E+01
 1.96566666700000E+03, -4.50987968178898E-01, -3.57500000000000E-01, -1.09431416199986E+00,  2.73700000000000E+01,  8.36644802599360E+00,  3.67839507211174E+01
 1.96575000000000E+03, -4.50987968178898E-01, -4.07500000000000E-01, -1.06223822250354E+00,  2.75500000000000E+01,  1.15751826737804E+01,  3.36448405003249E+01
 1.96583333300000E+03, -4.03719273947864E-01, -5.50000000000000E-01, -1.03039886240081E+00,  2.77300000000000E+01,  1.80917807716079E+01,  2.70178116527794E+01
 1.96591666700000E+03, -4.03719273947864E-01, -5.70000000000000E-01,  7.14548763643590E-01,  2.79100000000000E+01,  1.97092815708799E+01,  3.41398374425908E+01
 1.96600000000000E+03, -4.30626100137122E-01, -5.57500000000000E-01,  6.93573561596704E-01,  2.80900000000000E+01,  2.06969160771604E+01,  4.74306667668722E+01
 1.96608333300000E+03, -4.89715415363645E-01, -5.55000000000000E-01,  6.72640823177392E-01,  2.82700000000000E+01,  2.18962214359193E+01,  4.85994008948680E+01
 1.96616666700000E+03, -4.89715415363645E-01, -5.62500000000000E-01,  6.51744216917232E-01,  2.84500000000000E+01,  1.86864289849939E+01,  5.02380170451211E+01
 1.96625000000000E+03, -4.26848736516633E-01, -4.70000000000000E-01,  6.30877340074490E-01,  2.86300000000000E+01,  1.41319120823472E+01,  4.86245032037110E+01
 1.96633333300000E+03, -3.39297972815945E-01, -3.60000000000000E-01,  6.10033725271223E-01,  2.88100000000000E+01,  9.75385670271920E+00,  4.48930229140509E+01
 1.96641666700000E+03, -4.54870736860522E-02,  3.25000000000000E-02,  1.82627282078803E+00,  2.89900000000000E+01,  7.38076933114638E+00,  2.52335720734024E+01
 1.96650000000000E+03, -3.60932727489934E-02,  1.75000000000000E-01,  1.79870827341083E+00,  2.91700000000000E+01,  1.07409995459241E+01,  3.09800645588305E+01
 1.96658333300000E+03,  6.34438166288831E-03,  1.15000000000000E-01,  1.77131815863564E+00,  2.93500000000000E+01,  1.65332834529620E+01,  4.44553536237743E+01
 1.96666666700000E+03,  8.92966084819217E-02,  1.70000000000000E-01,  1.74410378836369E+00,  2.95300000000000E+01,  1.71772581124864E+01,  4.69466934126889E+01
 1.96675000000000E+03,  1.54767371707854E-01,  2.30000000000000E-01,  1.71706629963385E+00,  2.97100000000000E+01,  1.86646735409762E+01,  5.09196623766176E+01
 1.96683333300000E+03,  1.56619942080017E-01,  2.05000000000000E-01,  1.69020665160449E+00,  2.98900000000000E+01,  1.84854776113991E+01,  4.82235580198648E+01
 1.96691666700000E+03,  1.70483781405348E-01,  2.82500000000000E-01,  1.04007012381548E+00,  3.00700000000000E+01,  1.55646321425699E+01,  4.19866958733342E+01
 1.96700000000000E+03,  2.53304436828349E-01,  2.52500000000000E-01,  1.01775548869819E+00,  3.02500000000000E+01,  9.40204184596757E+00,  2.75976424914984E+01
 1.96708333300000E+03,  3.67872315580538E-01,  2.55000000000000E-01,  9.95565943849565E-01,  3.04300000000000E+01,  1.03395847474616E+01,  2.48800025646003E+01
 1.96716666700000E+03,  4.78319453810759E-01,  2.45000000000000E-01,  9.73496951303857E-01,  3.06100000000000E+01,  1.12889611502513E+01,  2.32063858133613E+01
 1.96725000000000E+03,  5.44899650182963E-01,  3.30000000000000E-01,  9.51543817862424E-01,  3.07900000000000E+01,  1.00361184488413E+01,  2.52165664836675E+01
 1.96733333300000E+03,  5.44899650182963E-01,  4.52500000000000E-01,  9.29701699477834E-01,  3.09700000000000E+01,  7.04218491135366E+00,  1.76432539950742E+01
 1.96741666700000E+03,  3.06279873673921E-01,  4.17500000000000E-01, -1.65762094703853E+00,  3.11500000000000E+01,  8.79033166972270E+00,  1.96525568363504E+01
 1.96750000000000E+03,  3.06279873673921E-01,  4.37500000000000E-01, -1.62212014277952E+00,  3.13300000000000E+01,  6.89646465058394E+00,  1.81435279714044E+01
 1.96758333300000E+03,  3.11541429241007E-01,  4.02500000000000E-01, -1.58679209225300E+00,  3.15100000000000E+01,  5.60475246822500E+00,  1.44463726775084E+01
 1.96766666700000E+03,  3.11541429241007E-01,  3.30000000000000E-01, -1.55164187204170E+00,  3.16900000000000E+01,  1.06467902926930E+01,  1.32246435074650E+01
 1.96775000000000E+03,  1.56408841250373E-01,  2.27500000000000E-01, -1.51667442710287E+00,  3.18700000000000E+01,  1.22379300108801E+01,  2.09444401387348E+01
 1.96783333300000E+03,  1.56408841250373E-01,  2.77500000000000E-01, -1.48189456487637E+00,  3.20500000000000E+01,  2.18915337913289E+01,  2.95726387261362E+01
 1.96791666700000E+03,  2.65669088078596E-01,  2.67500000000000E-01, -1.63099567009714E+00,  3.22300000000000E+01,  2.19687560073210E+01,  4.43990048595619E+01
 1.96800000000000E+03,  2.65669088078596E-01,  3.00000000000000E-01, -1.59562387009098E+00,  3.24100000000000E+01,  2.92995981954558E+01,  5.71960615891072E+01
 1.96808333300000E+03,  2.54413124969212E-01,  2.35000000000000E-01, -1.56042864103894E+00,  3.25900000000000E+01,  2.49438661183305E+01,  6.58729465006356E+01
 1.96816666700000E+03,  1.08693550422435E-01,  2.05000000000000E-01, -1.52541496142409E+00,  3.27700000000000E+01,  3.56231396520119E+01,  6.25494680929254E+01
 1.96825000000000E+03, -1.01283982529618E-01,  1.75000000000000E-01, -1.49058767367373E+00,  3.29500000000000E+01,  2.47549194225808E+01,  6.04216092321087E+01
 1.96833333300000E+03, -1.01283982529618E-01, -7.50000000000000E-03, -1.45595147838149E+00,  3.31300000000000E+01,  2.27513827061966E+01,  6.63557251567802E+01
 1.96841666700000E+03, -1.48339444754897E-01, -2.27500000000000E-01,  8.16344274712320E-01,  3.33100000000000E+01,  1.49427716986717E+01,  6.28734923248513E+01
 1.96850000000000E+03, -1.48339444754897E-01, -2.45000000000000E-01,  7.95078607698687E-01,  3.34900000000000E+01,  1.79156327716538E+01,  5.94701687411512E+01
 1.96858333300000E+03, -3.07885010631586E-01, -3.80000000000000E-01,  7.73884690425744E-01,  3.36700000000000E+01,  1.05087512799347E+01,  9.62649670926889E+01
 1.96866666700000E+03, -3.64619825017199E-01, -3.35000000000000E-01,  7.52756624225108E-01,  3.38500000000000E+01,  1.73351717577554E+01,  9.30757505855878E+01
 1.96875000000000E+03, -3.64619825017199E-01, -3.22500000000000E-01,  7.31688408701737E-01,  3.40300000000000E+01,  2.53177302496387E+01,  8.41226826895181E+01
 1.96883333300000E+03, -3.30359282491041E-01, -3.60000000000000E-01,  7.10673947828572E-01,  3.42100000000000E+01,  3.67049641485835E+01,  1.00498110521683E+02
 1.96891666700000E+03, -2.46407249280260E-01, -4.47500000000000E-01,  1.83702933878059E+00,  3.43900000000000E+01,  4.10934368046653E+01,  1.17865393892112E+02
 1.96900000000000E+03, -2.26774248334778E-01, -4.17500000000000E-01,  1.80939740916665E+00,  3.45700000000000E+01,  4.85360710729723E+01,  1.43982182666668E+02
 1.96908333300000E+03, -2.26774248334778E-01, -3.57500000000000E-01,  1.78193935595493E+00,  3.47500000000000E+01,  4.94130130011174E+01,  1.81726273729057E+02
 1.96916666700000E+03, -1.12149405884785E-01, -4.05000000000000E-01,  1.75465655812594E+00,  3.49300000000000E+01,  4.41988495605855E+01,  1.97506903112566E+02
 1.96925000000000E+03,  3.50020046244731E-02, -2.12500000000000E-01,  1.72755022102912E+00,  3.51100000000000E+01,  3.63311500050479E+01,  2.02075827585189E+02
 1.96933333300000E+03,  3.50020046244731E-02,  1.75000000000000E-01,  1.70062137328007E+00,  3.52900000000000E+01,  2.96964441206331E+01,  1.86554400450690E+02
 1.96941666700000E+03,  3.43545711432033E-02,  2.15000000000000E-01,  2.35089474224857E-01,  3.54700000000000E+01,  2.17505952169196E+01,  1.21191518240307E+02
 1.96950000000000E+03,  3.43545711432033E-02,  3.47500000000000E-01,  2.13442479718194E-01,  3.56500000000000E+01,  1.90418194258646E+01,  1.07440788942779E+02
 1.96958333300000E+03,  4.29323697094083E-02,  3.92500000000000E-01,  2.35091800079494E-01,  3.58300000000000E+01,  1.62404320716092E+01,  8.93457018724635E+01
 1.96966666700000E+03,  1.66868883319037E-01,  3.42500000000000E-01,  2.13444816847235E-01,  3.60100000000000E+01,  4.07928957659414E+01,  1.03469663885893E+02
 1.96975000000000E+03,  1.86353719834858E-01,  3.05000000000000E-01,  2.35094125410274E-01,  3.61900000000000E+01,  4.42222315684377E+01,  1.19180337245519E+02
 1.96983333300000E+03,  1.86353719834858E-01,  3.00000000000000E-01,  2.13447153449813E-01,  3.63700000000000E+01,  5.09890319037785E+01,  1.34584838883006E+02
 1.96991666700000E+03,  2.66638853994462E-01,  3.67500000000000E-01, -1.66588529870202E+00,  3.65500000000000E+01,  5.14432131924585E+01,  1.05944395547337E+02
 1.97000000000000E+03,  2.80068295088627E-01,  2.97500000000000E-01, -1.63034513545973E+00,  3.67300000000000E+01,  5.38212459289762E+01,  1.00596998671279E+02
 1.97008333300000E+03,  3.99878363432439E-01,  2.50000000000000E-01, -1.59497652942658E+00,  3.69100000000000E+01,  3.13549084496301E+01,  8.59366701425385E+01
 1.97016666700000E+03,  3.99878363432439E-01,  2.32500000000000E-01, -1.55978458687913E+00,  3.70900000000000E+01,  2.84221647848387E+01,  6.50977334051324E+01
 1.97025000000000E+03,  2.68130892008649E-01,  3.02500000000000E-01, -1.52477428385715E+00,  3.72700000000000E+01,  1.97281467714996E+01,  5.68465490078274E+01
 1.97033333300000E+03,  4.10834445804780E-02,  1.92500000000000E-01, -1.48995046023723E+00,  3.74500000000000E+01,  1.62936920182404E+01,  7.08778327556284E+01
 1.97041666700000E+03, -1.17680294454477E-02, -9.00000000000000E-02, -1.17568440030617E+00,  3.76300000000000E+01,  1.49551146326113E+01,  7.96035894802894E+01
 1.97050000000000E+03, -2.07794956309312E-01, -2.87500000000000E-01, -1.14302702367556E+00,  3.78100000000000E+01,  9.15977099921336E+00,  5.03289538547964E+01
 1.97058333300000E+03, -3.10091384502006E-01, -3.77500000000000E-01, -1.11059972186364E+00,  3.79900000000000E+01,  9.57490050097934E+00,  4.81713155248998E+01
 1.97066666700000E+03, -3.26799442641642E-01, -4.60000000000000E-01, -1.07840524097219E+00,  3.81700000000000E+01,  1.36694430069142E+01,  4.28198760710505E+01
 1.97075000000000E+03, -3.26799442641642E-01, -4.85000000000000E-01, -1.04644612908907E+00,  3.83500000000000E+01,  1.62897615060871E+01,  5.15093855226318E+01
 1.97083333300000E+03, -2.73865748057750E-01, -5.10000000000000E-01, -1.01472473312869E+00,  3.85300000000000E+01,  2.77780068981879E+01,  5.48818146549298E+01
 1.97091666700000E+03, -2.73865748057750E-01, -5.40000000000000E-01,  1.11606952484550E+00,  3.87100000000000E+01,  3.80810288921325E+01,  7.83595758469336E+01
 1.97100000000000E+03, -2.70258737910202E-01, -4.57500000000000E-01,  1.09330315478473E+00,  3.88900000000000E+01,  4.77529412416295E+01,  1.29151527367715E+02
 1.97108333300000E+03, -2.70258737910202E-01, -4.45000000000000E-01,  1.07067594089303E+00,  3.90700000000000E+01,  4.98236765457075E+01,  1.25394482453679E+02
 1.97116666700000E+03, -1.62555442626637E-01, -4.75000000000000E-01,  1.04818389660417E+00,  3.92500000000000E+01,  4.87668051502048E+01,  1.31014485763024E+02
 1.97125000000000E+03,  3.99316086078771E-03, -3.07500000000000E-01,  1.02582286688099E+00,  3.94299999999999E+01,  5.06262776621063E+01,  1.41186096949829E+02
 1.97133333300000E+03,  1.74590721739385E-01,  8.50000000000000E-02,  1.00358853190427E+00,  3.96099999999999E+01,  4.13354293757972E+01,  1.24230156466479E+02
 1.97141666700000E+03,  2.74313921656669E-01,  1.92500000000000E-01,  1.33267572074765E+00,  3.97899999999999E+01,  4.08925595200668E+01,  7.34380720280743E+01
 1.97150000000000E+03,  3.14583391336622E-01,  3.10000000000000E-01,  1.30847307585420E+00,  3.99699999999999E+01,  5.00436959701775E+01,  9.33212527970066E+01
 1.97158333300000E+03,  3.56742706825486E-01,  2.97500000000000E-01,  1.28443783406768E+00,  4.01499999999999E+01,  4.71923484586393E+01,  7.22144473526853E+01
 1.97166666700000E+03,  3.56742706825486E-01,  2.47500000000000E-01,  1.26056769264576E+00,  4.03299999999999E+01,  3.53247730110836E+01,  5.84400800603217E+01
 1.97175000000000E+03,  3.36644242953811E-01,  3.10000000000000E-01,  1.23686015708914E+00,  4.05099999999999E+01,  3.46854497618331E+01,  7.28527010307044E+01
 1.97183333300000E+03,  3.36644242953811E-01,  3.32500000000000E-01,  1.21331254270186E+00,  4.06899999999999E+01,  2.87485752797563E+01,  8.91732178573683E+01
 1.97191666700000E+03,  4.55021524107156E-01,  3.47500000000000E-01, -1.94938069972489E-01,  4.08699999999999E+01,  2.91483280970138E+01,  8.63187847686006E+01
 1.97200000000000E+03,  4.55021524107156E-01,  3.35000000000000E-01, -1.70431800367427E-01,  4.10499999999999E+01,  3.34225717241097E+01,  8.35272916723756E+01
 1.97208333300000E+03,  4.13209028460678E-01,  2.90000000000000E-01, -1.46129276775669E-01,  4.12299999999999E+01,  3.09754820711720E+01,  8.01128601717528E+01
 1.97216666700000E+03,  3.31255424793125E-01,  3.55000000000000E-01, -1.22026167245056E-01,  4.14099999999999E+01,  3.06267984338378E+01,  7.16422374433124E+01
 1.97225000000000E+03,  1.98051520613186E-01,  3.62500000000000E-01, -9.81179728201199E-02,  4.15899999999999E+01,  3.17872991906389E+01,  7.55532950845617E+01
 1.97233333300000E+03,  2.18889255043472E-02,  2.95000000000000E-01, -7.44000324619722E-02,  4.17699999999999E+01,  1.95417980322455E+01,  6.34001953872065E+01
 1.97241666700000E+03,  1.69241329586887E-02,  5.00000000000000E-02, -1.51852421635029E+00,  4.19499999999999E+01,  2.00723975202202E+01,  5.56263604654291E+01
 1.97250000000000E+03, -2.12144105991428E-01, -2.17500000000000E-01, -1.48373428748521E+00,  4.21299999999999E+01,  2.22239984473848E+01,  4.69124554147314E+01
 1.97258333300000E+03, -3.80961582712743E-01, -4.12500000000000E-01, -1.44913636184538E+00,  4.23099999999999E+01,  2.72895124832021E+01,  3.44560733049842E+01
 1.97266666700000E+03, -3.80961582712743E-01, -4.90000000000000E-01, -1.41473496281038E+00,  4.24899999999999E+01,  2.47716894351258E+01,  1.75872364259579E+01
 1.97275000000000E+03, -3.78970094408050E-01, -5.95000000000000E-01, -1.38053445979663E+00,  4.26699999999999E+01,  2.01971210232324E+01,  1.73741411875831E+01
 1.97283333300000E+03, -3.78970094408050E-01, -5.87500000000000E-01, -1.34653906301095E+00,  4.28499999999999E+01,  2.24496942783154E+01,  2.15995511027921E+01
 1.97291666700000E+03, -3.20232262066844E-01, -5.37500000000000E-01,  4.89228109822837E-02,  4.30299999999999E+01,  3.94099672735664E+01,  4.15949474287865E+01
 1.97300000000000E+03, -3.20232262066844E-01, -5.30000000000000E-01,  7.15548336070939E-02,  4.32099999999999E+01,  5.22441138622194E+01,  4.92524776424138E+01
 1.97308333300000E+03, -2.00459798605735E-01, -4.35000000000000E-01,  9.40351843786835E-02,  4.33899999999999E+01,  5.15341191799589E+01,  5.07184646250990E+01
 1.97316666700000E+03, -5.08163039322788E-02, -7.25000000000000E-02,  1.16369660595056E-01,  4.35699999999999E+01,  5.07380725782551E+01,  4.98124927927735E+01
 1.97325000000000E+03,  7.88028132380830E-02,  1.15000000000000E-01,  1.38564168059098E-01,  4.37499999999999E+01,  4.92356265406692E+01,  5.59417922522195E+01
 1.97333333300000E+03,  9.82274834693714E-02,  2.62500000000000E-01,  1.60624714649566E-01,  4.39299999999999E+01,  3.70895047255021E+01,  3.79980815569346E+01
 1.97341666700000E+03,  1.51187258517421E-01,  3.05000000000000E-01,  1.99469153699412E+00,  4.41099999999999E+01,  2.11357601133154E+01,  2.70432618856861E+01
 1.97350000000000E+03,  2.12192419524797E-01,  3.35000000000000E-01,  1.96612033686719E+00,  4.42899999999999E+01,  1.82662343250332E+01,  2.33240061576715E+01
 1.97358333300000E+03,  2.90344441115902E-01,  3.25000000000000E-01,  1.93771226576529E+00,  4.44699999999999E+01,  1.88615394177084E+01,  3.33858783282547E+01
 1.97366666700000E+03,  2.90344441115902E-01,  3.10000000000000E-01,  1.90946960676560E+00,  4.46499999999999E+01,  1.65589062982743E+01,  5.21308083833368E+01
 1.97375000000000E+03,  2.57431070584645E-01,  2.55000000000000E-01,  1.88139449049264E+00,  4.48299999999999E+01,  1.41203178390523E+01,  7.29059155642708E+01
 1.97383333300000E+03,  1.45195816195593E-01,  2.60000000000000E-01,  1.85348889087701E+00,  4.50099999999999E+01,  1.32770790028850E+01,  9.01777814022488E+01
 1.97391666700000E+03,  1.34823089475528E-01,  2.25000000000000E-01,  1.20404379119572E+00,  4.51899999999999E+01,  1.30939903916362E+01,  9.07676282643309E+01
 1.97400000000000E+03,  4.12039422245313E-02,  2.55000000000000E-01,  1.18071449797001E+00,  4.53699999999999E+01,  1.32888010735628E+01,  8.37485116636382E+01
 1.97408333300000E+03, -3.35832274726247E-02,  2.20000000000000E-01,  1.15753793256010E+00,  4.55499999999999E+01,  1.24242282618257E+01,  6.31007300689274E+01
 1.97416666700000E+03, -7.60985901458940E-02,  2.70000000000000E-01,  1.13451077934845E+00,  4.57299999999999E+01,  1.12737528816287E+01,  4.43008108538915E+01
 1.97425000000000E+03, -1.04167358937873E-01,  3.00000000000000E-01,  1.11162954222762E+00,  4.59099999999999E+01,  1.21730800279303E+01,  3.45965671960687E+01
 1.97433333300000E+03, -1.04167358937873E-01,  1.85000000000000E-01,  1.08889054744195E+00,  4.60899999999999E+01,  1.54297226751144E+01,  4.10689776410853E+01
 1.97441666700000E+03, -3.09278652357399E-02,  0.00000000000000E+00, -1.25083797328945E+00,  4.62699999999999E+01,  1.87456076092992E+01,  5.20294932723241E+01
 1.97450000000000E+03, -3.09278652357399E-02, -1.27500000000000E-01, -1.21766832129824E+00,  4.64499999999999E+01,  2.39004394984356E+01,  4.57277212707063E+01
 1.97458333300000E+03, -1.23435220982688E-01, -2.42500000000000E-01, -1.18472177578418E+00,  4.66299999999999E+01,  3.04931288326421E+01,  4.14653408986836E+01
 1.97466666700000E+03, -2.13491211578703E-01, -2.77500000000000E-01, -1.15200152044938E+00,  4.68099999999999E+01,  3.08797605432324E+01,  3.82124545475583E+01
 1.97475000000000E+03, -2.88767926838147E-01, -3.12500000000000E-01, -1.11951054901681E+00,  4.69899999999999E+01,  3.30512014114894E+01,  3.95093866304885E+01
 1.97483333300000E+03, -2.88767926838147E-01, -3.12500000000000E-01, -1.08725166155678E+00,  4.71699999999999E+01,  3.19628914234211E+01,  3.62926961395474E+01
 1.97491666700000E+03, -2.27575322607475E-01, -3.30000000000000E-01, -1.88684927763567E+00,  4.73499999999999E+01,  4.20242423905425E+01,  5.93911606007128E+01
 1.97500000000000E+03, -2.27575322607475E-01, -3.35000000000000E-01, -1.85037714367772E+00,  4.75299999999999E+01,  3.78538611281299E+01,  6.38498808934654E+01
 1.97508333300000E+03, -2.96684027058955E-01, -3.12500000000000E-01, -1.81404284084811E+00,  4.77099999999999E+01,  3.92430880107225E+01,  7.29972231353759E+01
 1.97516666700000E+03, -2.96684027058955E-01, -3.40000000000000E-01, -1.77785213554176E+00,  4.78899999999999E+01,  4.51062197289154E+01,  7.07950241483765E+01
 1.97525000000000E+03, -1.95265272886819E-01, -3.37500000000000E-01, -1.74181070303848E+00,  4.80699999999999E+01,  4.82123645892011E+01,  6.17093204676825E+01
 1.97533333300000E+03, -4.38769748184441E-02, -4.57500000000000E-01, -1.70592412081910E+00,  4.82499999999999E+01,  4.12593805991068E+01,  4.31710624778597E+01
 1.97541666700000E+03,  1.17974947231296E-02, -1.15000000000000E-01,  4.62284343940572E-01,  4.84299999999999E+01,  4.15727002171699E+01,  3.99830030601176E+01
 1.97550000000000E+03,  1.17974947231296E-02,  5.25000000000000E-02,  4.41385366274095E-01,  4.86099999999999E+01,  3.91840323257362E+01,  2.88229131280143E+01
 1.97558333300000E+03,  1.17974947231296E-02,  2.17500000000000E-01,  4.20449041838037E-01,  4.87899999999999E+01,  2.74979553781079E+01,  2.49434833215133E+01
 1.97566666700000E+03,  2.55747815161457E-02,  2.70000000000000E-01,  3.99468638255713E-01,  4.89699999999999E+01,  2.38992984568051E+01,  2.27779335854190E+01
 1.97575000000000E+03,  5.73768394704762E-02,  2.62500000000000E-01,  3.78437436215598E-01,  4.91499999999999E+01,  1.37934082767803E+01,  2.14714921888382E+01
 1.97583333300000E+03,  5.87372787131543E-02,  2.85000000000000E-01,  3.57348736615320E-01,  4.93299999999999E+01,  1.08863617537218E+01,  2.39339312150890E+01
 1.97591666700000E+03,  1.65051127521842E-01,  2.75000000000000E-01,  1.99683076134719E+00,  4.95099999999999E+01,  1.14059183518865E+01,  2.54952603562387E+01
 1.97600000000000E+03,  3.02503346640641E-01,  2.47500000000000E-01,  1.96824747987325E+00,  4.96899999999999E+01,  1.25216619448889E+01,  3.38826417849873E+01
 1.97608333300000E+03,  3.99168525937708E-01,  2.62500000000000E-01,  1.93982715100683E+00,  4.98699999999999E+01,  9.57749537878402E+00,  4.17028342377723E+01
 1.97616666700000E+03,  3.99168525937708E-01,  2.60000000000000E-01,  1.91157206902991E+00,  5.00499999999999E+01,  8.66412885174789E+00,  4.33472859234415E+01
 1.97625000000000E+03,  3.41183605731185E-01,  2.97500000000000E-01,  1.88348437609592E+00,  5.02299999999999E+01,  5.52657713936808E+00,  6.38825738247362E+01
 1.97633333300000E+03,  3.29081199625663E-01,  3.10000000000000E-01,  1.85556605797443E+00,  5.04099999999999E+01,  4.43613837533384E+00,  6.58062131885202E+01
 1.97641666700000E+03,  2.73649171425860E-01,  2.60000000000000E-01,  8.88273778989931E-01,  5.05899999999999E+01,  4.05787520518762E+00,  5.80063811970517E+01
 1.97650000000000E+03,  2.73649171425860E-01,  2.82500000000000E-01,  8.66725814954177E-01,  5.07699999999999E+01,  4.49654904413340E+00,  5.82704445953462E+01
 1.97658333300000E+03,  2.22432389204575E-01,  2.62500000000000E-01,  8.45268566978644E-01,  5.09499999999999E+01,  6.67725794181750E+00,  6.13309512367488E+01
 1.97666666700000E+03,  1.72728715592140E-01,  2.15000000000000E-01,  8.23896520305225E-01,  5.11299999999999E+01,  7.46294634696715E+00,  3.83852029326774E+01
 1.97675000000000E+03,  1.03313423817336E-01,  1.62500000000000E-01,  8.02604039034282E-01,  5.13099999999999E+01,  7.34737832560840E+00,  3.70263082496862E+01
 1.97683333300000E+03,  1.31791461316614E-03,  1.27500000000000E-01,  7.81385371737485E-01,  5.14899999999999E+01,  9.99444287925026E+00,  3.07076131504229E+01
 1.97691666700000E+03, -9.66004111738265E-02,  4.50000000000000E-02, -1.32206693057931E+00,  5.16699999999999E+01,  1.64607656168533E+01,  2.70786025573099E+01
 1.97700000000000E+03, -9.66004111738265E-02, -4.75000000000000E-02, -1.28843447660485E+00,  5.18499999999999E+01,  1.94169920268287E+01,  1.64300403014975E+01
 1.97708333300000E+03,  7.03286654798889E-03, -8.75000000000000E-02, -1.25501774900984E+00,  5.20299999999999E+01,  3.77730685388714E+01,  3.41267325270835E+01
 1.97716666700000E+03,  4.39051594495808E-02, -1.12500000000000E-01, -1.22182032210949E+00,  5.22099999999999E+01,  4.74721655811284E+01,  3.48272951548131E+01
 1.97725000000000E+03,  4.39051594495808E-02, -1.75000000000000E-01, -1.18884558876865E+00,  5.23899999999999E+01,  5.48330615741222E+01,  4.87243241947137E+01
 1.97733333300000E+03, -6.16435249050121E-02, -3.62500000000000E-01, -1.15609675626918E+00,  5.25699999999999E+01,  5.00351072660081E+01,  4.15109607069930E+01
 1.97741666700000E+03, -4.54452200259659E-01, -5.27500000000000E-01, -1.83888234964285E+00,  5.27499999999999E+01,  4.66207459337844E+01,  5.06162136261968E+01
 1.97750000000000E+03, -5.69418398378932E-01, -5.12500000000000E-01, -1.80259279672454E+00,  5.29299999999999E+01,  2.77679847223412E+01,  3.24870898931008E+01
 1.97758333300000E+03, -5.69418398378932E-01, -5.50000000000000E-01, -1.76644864456801E+00,  5.31099999999999E+01,  1.83578425064883E+01,  2.67479573153284E+01
 1.97766666700000E+03, -3.96964711786140E-01, -5.75000000000000E-01, -1.73045553827161E+00,  5.32899999999999E+01,  1.43403703116588E+01,  2.06295435986338E+01
 1.97775000000000E+03, -1.28478459889958E-01, -6.10000000000000E-01, -1.69461902304390E+00,  5.34699999999999E+01,  1.44242123049552E+01,  2.63454813447021E+01
 1.97783333300000E+03, -1.28478459889958E-01, -4.35000000000000E-01, -1.65894453765702E+00,  5.36499999999999E+01,  1.95854738637712E+01,  2.42775222433810E+01
 1.97791666700000E+03, -2.09008192407779E-01, -5.00000000000000E-02,  6.18308526175281E-01,  5.38299999999999E+01,  1.96037560949800E+01,  4.32017954267425E+01
 1.97800000000000E+03, -2.09008192407779E-01,  9.50000000000000E-02,  5.97475786364805E-01,  5.40099999999999E+01,  2.11262006607769E+01,  5.51178580088171E+01
 1.97808333300000E+03, -1.34607558485660E-01,  1.97500000000000E-01,  5.76655824132829E-01,  5.41899999999999E+01,  1.49681989336756E+01,  5.94167766719464E+01
 1.97816666700000E+03, -1.06387697748270E-02,  2.10000000000000E-01,  5.55842035600003E-01,  5.43699999999999E+01,  1.31900261286869E+01,  6.06870148480318E+01
 1.97825000000000E+03,  1.22461873747842E-01,  2.12500000000000E-01,  5.35027776844022E-01,  5.45499999999999E+01,  6.29536096600950E+00,  5.46324527773670E+01
 1.97833333300000E+03,  2.22238693158871E-01,  2.72500000000000E-01,  5.14206370878290E-01,  5.47299999999999E+01,  1.03352428800116E+01,  5.67541886361239E+01
 1.97841666700000E+03,  2.33407532407185E-01,  2.50000000000000E-01,  1.62418899455146E+00,  5.49099999999999E+01,  8.50510376596657E+00,  4.62137890991364E+01
 1.97850000000000E+03,  2.66341723523165E-01,  2.62500000000000E-01,  1.59795432838951E+00,  5.50899999999999E+01,  2.18536792887864E+01,  7.00221059046058E+01
 1.97858333300000E+03,  2.66341723523165E-01,  2.60000000000000E-01,  1.57189954774425E+00,  5.52699999999999E+01,  2.84435111365188E+01,  7.34083695456177E+01
 1.97866666700000E+03,  2.23773498452256E-01,  2.25000000000000E-01,  1.54602459207922E+00,  5.54499999999999E+01,  4.47447125858694E+01,  1.11052036505790E+02
 1.97875000000000E+03,  1.35927649797919E-01,  2.75000000000000E-01,  1.52032920892634E+00,  5.56299999999999E+01,  4.74600842772390E+01,  1.17239161375351E+02
 1.97883333300000E+03,  7.41147090703928E-02,  2.97500000000000E-01,  1.49481295260501E+00,  5.58099999999999E+01,  5.26469976890903E+01,  1.17059463212766E+02
 1.97891666700000E+03,  7.41147090703928E-02,  3.45000000000000E-01,  2.63553678638668E-01,  5.59899999999999E+01,  4.26445379550366E+01,  8.56622545604273E+01
 1.97900000000000E+03,  7.79495994421702E-02,  2.90000000000000E-01,  2.42039540944163E-01,  5.61699999999999E+01,  3.63917706004991E+01,  7.59236079110865E+01
 1.97908333300000E+03,  7.79495994421702E-02,  2.80000000000000E-01,  2.20425934329332E-01,  5.63499999999999E+01,  2.35008464690531E+01,  4.78723954659807E+01
 1.97916666700000E+03,  7.91407403679877E-02,  2.47500000000000E-01,  2.42040302652014E-01,  5.65299999999999E+01,  1.97701980498980E+01,  2.01007205788411E+01
 1.97925000000000E+03,  4.52940187016294E-02,  2.50000000000000E-01,  2.20426699663170E-01,  5.67099999999999E+01,  1.64637576130397E+01,  1.88399416777448E+01
 1.97933333300000E+03, -1.20616929852174E-02,  2.05000000000000E-01,  2.42041064188572E-01,  5.68899999999999E+01,  1.79270346426327E+01,  1.60594540551210E+01
 1.97941666700000E+03, -3.21396319106982E-01, -4.50000000000000E-02, -1.83405571990688E+00,  5.70699999999999E+01,  1.97263956353904E+01,  1.63561790629954E+01
 1.97950000000000E+03, -4.67575736209614E-01, -2.95000000000000E-01, -1.79778514462589E+00,  5.72499999999999E+01,  2.32477437679673E+01,  1.11708834477210E+01
 1.97958333300000E+03, -4.67575736209614E-01, -4.40000000000000E-01, -1.76166072516666E+00,  5.74299999999999E+01,  2.44181744623198E+01,  1.21388848898487E+01
 1.97966666700000E+03, -3.32234639727930E-01, -4.82500000000000E-01, -1.72568809374509E+00,  5.76099999999999E+01,  2.84107831817014E+01,  1.78362917062838E+01
 1.97975000000000E+03, -1.12366120532028E-01, -4.70000000000000E-01, -1.68987278181184E+00,  5.77899999999999E+01,  2.34281763489421E+01,  2.18757187758258E+01
 1.97983333300000E+03, -1.12366120532028E-01, -5.45000000000000E-01, -1.65422021352030E+00,  5.79699999999999E+01,  2.30768800932012E+01,  2.30318499383267E+01
 1.97991666700000E+03, -2.97338743988711E-01, -6.05000000000000E-01, -8.06371727423949E-01,  5.81499999999999E+01,  1.55214580245216E+01,  2.37513555804885E+01
 1.98000000000000E+03, -4.63325253258065E-01, -5.80000000000000E-01, -7.76554188850864E-01,  5.83299999999999E+01,  1.06317425003043E+01,  2.24825636689475E+01
 1.98008333300000E+03, -4.76830976476582E-01, -5.45000000000000E-01, -7.46985951505091E-01,  5.85099999999999E+01,  3.80019381472585E+00,  2.87516482742064E+01
 1.98016666700000E+03, -4.76830976476582E-01, -4.75000000000000E-01, -7.17667280037000E-01,  5.86899999999999E+01,  3.85062498111616E+00,  2.35006855295498E+01
 1.98025000000000E+03, -3.90829824458611E-01, -5.15000000000000E-01, -6.88598219225440E-01,  5.88699999999999E+01,  1.66884761864852E+00,  4.08958525149097E+01
 1.98033333300000E+03, -2.19536279956640E-01, -2.60000000000000E-01, -6.59778593716459E-01,  5.90499999999999E+01,  2.60561992849867E+00,  3.97067283928102E+01
 1.98041666700000E+03,  2.35952960079412E-01,  2.17500000000000E-01,  1.50017732276892E+00,  5.92299999999999E+01,  3.30051913606106E+00,  5.36890760449513E+01
 1.98050000000000E+03,  2.58431101032063E-01,  2.75000000000000E-01,  1.47480198830385E+00,  5.94099999999999E+01,  7.20832184484096E+00,  5.13738202271033E+01
 1.98058333300000E+03,  2.58431101032063E-01,  2.92500000000000E-01,  1.44960449804738E+00,  5.95899999999999E+01,  8.06637381829221E+00,  7.04084915550638E+01
 1.98066666700000E+03,  2.51300422906661E-01,  2.60000000000000E-01,  1.42458386270263E+00,  5.97699999999999E+01,  1.00191436769099E+01,  7.02171956170512E+01
 1.98075000000000E+03,  2.02095718492429E-01,  2.87500000000000E-01,  1.39973889712629E+00,  5.99499999999999E+01,  9.67727461803826E+00,  9.00256051040596E+01
 1.98083333300000E+03,  2.02095718492429E-01,  2.97500000000000E-01,  1.37506822022486E+00,  6.01299999999999E+01,  9.81109184918711E+00,  8.88307967837638E+01
 1.98091666700000E+03,  4.02739160032233E-01,  3.25000000000000E-01,  1.31507912779408E+00,  6.03099999999999E+01,  5.75180068711344E+00,  9.03968813891464E+01
 1.98100000000000E+03,  4.63452209143717E-01,  2.77500000000000E-01,  1.29099829875684E+00,  6.04899999999999E+01,  5.14238457855574E+00,  7.43660132470944E+01
 1.98108333300000E+03,  4.88690768971928E-01,  2.50000000000000E-01,  1.26708321932054E+00,  6.06699999999999E+01,  4.49745992598258E+00,  5.79985283691577E+01
 1.98116666700000E+03,  4.88690768971928E-01,  2.55000000000000E-01,  1.24333144731322E+00,  6.08499999999999E+01,  3.71796107768720E+00,  4.08397173104927E+01
 1.98125000000000E+03,  4.01252980599282E-01,  3.12500000000000E-01,  1.21974034991513E+00,  6.10299999999999E+01,  3.39846095469150E+00,  3.30303881749436E+01
 1.98133333300000E+03,  2.33479626623328E-01,  3.35000000000000E-01,  1.19630710539552E+00,  6.12099999999999E+01,  4.22213267122689E+00,  2.33642424450400E+01
 1.98141666700000E+03,  9.48825332795066E-03,  2.60000000000000E-01, -1.30043851074999E+00,  6.13899999999999E+01,  3.93677471018138E+00,  2.01721002527994E+01
 1.98150000000000E+03,  9.48825332795066E-03,  2.30000000000000E-01, -1.26694420889422E+00,  6.15699999999999E+01,  2.95485148415783E+00,  1.64872434439155E+01
 1.98158333300000E+03,  9.48825332795066E-03,  1.75000000000000E-01, -1.23366795000346E+00,  6.17499999999999E+01,  4.41822404952764E+00,  9.86966644042958E+00
 1.98166666700000E+03, -2.29663556511694E-02,  1.32500000000000E-01, -1.20061319232378E+00,  6.19299999999999E+01,  6.13323645347112E+00,  1.60258461379945E+01
 1.98175000000000E+03, -1.37092267901684E-01,  1.62500000000000E-01, -1.16778320997207E+00,  6.21099999999999E+01,  1.30350315108170E+01,  2.20350614504408E+01
 1.98183333300000E+03, -1.37092267901684E-01, -2.75000000000000E-02, -1.13518108893983E+00,  6.22899999999999E+01,  1.75594972319861E+01,  4.21121582252096E+01
 1.98191666700000E+03, -1.08560452035229E-01, -1.37500000000000E-01, -2.31205802229219E+00,  6.24699999999999E+01,  1.86807519029099E+01,  4.90768345535029E+01
 1.98200000000000E+03, -1.08560452035229E-01, -1.00000000000000E-01, -2.27444035627297E+00,  6.26499999999999E+01,  1.97931693271232E+01,  6.33107524327214E+01
 1.98208333300000E+03, -2.50027581078466E-01, -1.20000000000000E-01, -2.23689027567793E+00,  6.28299999999999E+01,  1.81106971135635E+01,  5.66699157710574E+01
 1.98216666700000E+03, -3.60478774386362E-01, -1.97500000000000E-01, -2.19941409083723E+00,  6.30099999999999E+01,  1.09928621564901E+01,  5.50252656816604E+01
 1.98225000000000E+03, -4.17783835312894E-01, -3.60000000000000E-01, -2.16201810198774E+00,  6.31899999999999E+01,  8.45560519211703E+00,  3.60739041824971E+01
 1.98233333300000E+03, -4.17783835312894E-01, -4.80000000000000E-01, -2.12470859203784E+00,  6.33699999999999E+01,  6.91084573704139E+00,  2.96063342346378E+01
 1.98241666700000E+03, -6.79645033352500E-02, -5.12500000000000E-01,  2.60874475457051E-01,  6.35499999999999E+01,  7.71472352332679E+00,  1.66008605720807E+01
 1.98250000000000E+03, -4.23625140893993E-02, -6.00000000000000E-01,  2.39348274725077E-01,  6.37299999999999E+01,  7.67842137827859E+00,  1.19406023260960E+01
 1.98258333300000E+03, -4.65294119616187E-02, -5.25000000000000E-01,  2.17721811199452E-01,  6.39099999999999E+01,  9.00045615661376E+00,  1.23738266823488E+01
 1.98266666700000E+03, -4.23625140893993E-02, -3.40000000000000E-01,  2.39349641826270E-01,  6.40899999999999E+01,  6.44137634836521E+00,  1.49180696069576E+01
 1.98275000000000E+03,  8.02384426269037E-02,  5.00000000000000E-03,  2.17723184854759E-01,  6.42699999999999E+01,  1.03843693435310E+01,  1.71788127082713E+01
 1.98283333300000E+03,  8.02384426269037E-02,  1.87500000000000E-01,  2.39351008619845E-01,  6.44499999999999E+01,  7.13489538776801E+00,  1.51912681379606E+01
 1.98291666700000E+03,  4.93224177823313E-02,  3.27500000000000E-01,  1.64788112413249E+00,  6.46299999999999E+01,  9.13025922885164E+00,  2.12301046461817E+01
 1.98300000000000E+03,  4.93224177823313E-02,  3.30000000000000E-01,  1.62148516025723E+00,  6.48099999999999E+01,  7.52084338959464E+00,  1.78063532438184E+01
 1.98308333300000E+03,  1.75394660410009E-01,  3.40000000000000E-01,  1.59526897409739E+00,  6.49900000000000E+01,  8.13782080736114E+00,  1.60356539775242E+01
 1.98316666700000E+03,  3.00738279340361E-01,  3.70000000000000E-01,  1.56923267603896E+00,  6.51700000000000E+01,  4.64757088056314E+00,  1.57627762329392E+01
 1.98325000000000E+03,  3.59152459569039E-01,  3.42500000000000E-01,  1.54337618589108E+00,  6.53500000000000E+01,  1.02700558209458E+01,  2.58446337165873E+01
 1.98333333300000E+03,  3.73168580369176E-01,  3.10000000000000E-01,  1.51769923138853E+00,  6.55300000000000E+01,  8.63856712470028E+00,  2.05501908955195E+01
 1.98341666700000E+03,  3.59152459569039E-01,  2.95000000000000E-01,  8.85347263811616E-01,  6.57100000000000E+01,  1.71084828560665E+01,  2.44137151026804E+01
 1.98350000000000E+03,  3.03239369603665E-01,  3.02500000000000E-01,  8.63811915639886E-01,  6.58900000000000E+01,  1.79330201928343E+01,  2.25368271246482E+01
 1.98358333300000E+03,  1.95498190282342E-01,  2.72500000000000E-01,  8.42366543255970E-01,  6.60700000000000E+01,  2.81365727002099E+01,  2.68480562199504E+01
 1.98366666700000E+03,  1.38590809258154E-01,  2.55000000000000E-01,  8.21005615156893E-01,  6.62500000000000E+01,  2.27301991318905E+01,  2.64420606890284E+01
 1.98375000000000E+03,  1.46016922512676E-02,  2.55000000000000E-01,  7.99723479449854E-01,  6.64300000000000E+01,  2.66627348057428E+01,  2.63143775164680E+01
 1.98383333300000E+03,  1.46016922512676E-02,  1.60000000000000E-01,  7.78514369486084E-01,  6.66100000000000E+01,  1.90105326247246E+01,  2.68259832684679E+01
 1.98391666700000E+03,  4.04910545668421E-02,  1.30000000000000E-01, -1.25502781079020E+00,  6.67900000000000E+01,  2.14730980948243E+01,  3.13764947224841E+01
 1.98400000000000E+03,  4.04910545668421E-02,  7.25000000000000E-02, -1.22183031712067E+00,  6.69700000000000E+01,  1.45363930856975E+01,  2.63067483700762E+01
 1.98408333300000E+03, -1.89251822963534E-02,  1.20000000000000E-01, -1.18885551601354E+00,  6.71500000000000E+01,  1.50633298057704E+01,  1.71068757081285E+01
 1.98416666700000E+03, -1.08204948614978E-01,  1.60000000000000E-01, -1.15610661480732E+00,  6.73300000000000E+01,  1.12571681422577E+01,  2.12614612913962E+01
 1.98425000000000E+03, -2.14675748271697E-01,  1.15000000000000E-01, -1.12358663133936E+00,  6.75100000000000E+01,  1.29899807648714E+01,  1.74909228899461E+01
 1.98433333300000E+03, -2.14675748271697E-01, -1.87500000000000E-01, -1.09129839024439E+00,  6.76900000000001E+01,  1.01989805802959E+01,  1.58313647072340E+01
 1.98441666700000E+03, -2.37053942564612E-01, -4.80000000000000E-01, -1.92826210794143E+00,  6.78700000000001E+01,  1.35803394968185E+01,  2.40565885913244E+01
 1.98450000000000E+03, -2.37053942564612E-01, -5.95000000000000E-01, -1.89164112736372E+00,  6.80500000000001E+01,  1.34374115630870E+01,  3.48927813533488E+01
 1.98458333300000E+03, -3.69454424274055E-01, -6.45000000000000E-01, -1.85515135418828E+00,  6.82300000000001E+01,  1.87324095538591E+01,  4.48032946598084E+01
 1.98466666700000E+03, -4.28166652351411E-01, -6.55000000000000E-01, -1.81879864969699E+00,  6.84100000000001E+01,  1.91130214693159E+01,  5.79313242899012E+01
 1.98475000000000E+03, -4.28166652351411E-01, -6.05000000000000E-01, -1.78258879173036E+00,  6.85900000000001E+01,  2.27648561270119E+01,  9.07391001390553E+01
 1.98483333300000E+03, -3.12951222681061E-01, -6.32500000000000E-01, -1.74652746789735E+00,  6.87700000000001E+01,  1.92052427027416E+01,  1.03466601204214E+02
 1.98491666700000E+03, -2.12899021656829E-01, -5.97500000000000E-01,  3.52327271870359E-01,  6.89500000000001E+01,  3.11472654914741E+01,  1.20248362988768E+02
 1.98500000000000E+03, -1.93016333853738E-01, -5.22500000000000E-01,  3.31158173773297E-01,  6.91300000000001E+01,  2.92417416891017E+01,  1.16663025265842E+02
 1.98508333300000E+03, -1.43228579958244E-01, -3.55000000000000E-01,  3.09916697341841E-01,  6.93100000000001E+01,  4.13487882143998E+01,  1.40186141688617E+02
 1.98516666700000E+03, -1.27543040396233E-02, -1.00000000000000E-02,  2.88596257673220E-01,  6.94900000000001E+01,  4.26895701471989E+01,  1.24753290927899E+02
 1.98525000000000E+03,  1.19599611625964E-01,  1.75000000000000E-01,  2.67190320075519E-01,  6.96700000000001E+01,  5.37842706646832E+01,  1.23443191428435E+02
 1.98533333300000E+03,  1.67988924618476E-01,  2.75000000000000E-01,  2.45692407036027E-01,  6.98500000000001E+01,  4.80703232158959E+01,  1.32404340758989E+02
 1.98541666700000E+03,  2.02695626752457E-01,  2.00000000000000E-01,  1.37107404974545E+00,  7.00300000000001E+01,  5.76770696271476E+01,  1.41593099799508E+02
 1.98550000000000E+03,  2.20188221671706E-01,  2.35000000000000E-01,  1.34660399880853E+00,  7.02100000000002E+01,  5.68345735787123E+01,  1.31688181389232E+02
 1.98558333300000E+03,  3.14890956976118E-01,  2.17500000000000E-01,  1.32230458079806E+00,  7.03900000000002E+01,  6.06736994044713E+01,  1.17730342375043E+02
 1.98566666700000E+03,  4.07385935288442E-01,  2.85000000000000E-01,  1.29817379704508E+00,  7.05700000000002E+01,  5.55664429553677E+01,  1.17412504343902E+02
 1.98575000000000E+03,  4.07385935288442E-01,  2.85000000000000E-01,  1.27420945516523E+00,  7.07500000000002E+01,  4.86011140686063E+01,  8.08822320733924E+01
 1.98583333300000E+03,  3.67493128405020E-01,  2.82500000000000E-01,  1.25040917023401E+00,  7.09300000000002E+01,  3.83321596654891E+01,  6.61230167413447E+01
 1.98591666700000E+03,  1.49660706283177E-01,  2.57500000000000E-01,  5.44934100160445E-01,  7.11100000000002E+01,  2.41538988099774E+01,  3.74736388603974E+01
 1.98600000000000E+03,  1.49660706283177E-01,  2.87500000000000E-01,  5.24116930168656E-01,  7.12900000000002E+01,  1.52621767598053E+01,  3.91170602700634E+01
 1.98608333300000E+03,  2.05659099102964E-01,  3.10000000000000E-01,  5.03289102821514E-01,  7.14700000000002E+01,  6.09851437173587E+00,  2.54769559024251E+01
 1.98616666700000E+03,  2.18475165994266E-01,  2.97500000000000E-01,  4.82443904274087E-01,  7.16500000000002E+01,  8.18728872816630E+00,  2.95769786961572E+01
 1.98625000000000E+03,  2.18475165994266E-01,  3.25000000000000E-01,  4.61574605436341E-01,  7.18300000000002E+01,  7.97585579546731E+00,  4.63856722506176E+01
 1.98633333300000E+03,  1.37333516731248E-01,  3.17500000000000E-01,  4.40674469090701E-01,  7.20100000000002E+01,  8.23328716693464E+00,  4.64316681946051E+01
 1.98641666700000E+03,  7.47871053462433E-02,  2.35000000000000E-01, -1.67177310662684E+00,  7.21900000000002E+01,  7.41244533706281E+00,  5.18634211194161E+01
 1.98650000000000E+03,  7.47871053462433E-02,  2.30000000000000E-01, -1.63620510031008E+00,  7.23700000000002E+01,  9.06008978782904E+00,  4.42587856060069E+01
 1.98658333300000E+03,  1.63367143016615E-01,  2.25000000000000E-01, -1.60080779546895E+00,  7.25500000000002E+01,  7.82998832188689E+00,  3.93277492495991E+01
 1.98666666700000E+03,  1.63367143016615E-01,  2.20000000000000E-01, -1.56558631931612E+00,  7.27300000000002E+01,  6.37638504690123E+00,  2.78174781791176E+01
 1.98675000000000E+03,  7.27284966849998E-02,  2.27500000000000E-01, -1.53054566982066E+00,  7.29100000000003E+01,  6.19393499131022E+00,  2.73021281484454E+01
 1.98683333300000E+03,  7.27284966849998E-02,  1.75000000000000E-01, -1.49569070975731E+00,  7.30900000000003E+01,  7.46341806341515E+00,  1.78123317640012E+01
 1.98691666700000E+03,  1.59194560135681E-01,  1.20000000000000E-01, -1.57342057962819E+00,  7.32700000000003E+01,  5.42159149653227E+00,  2.26910891667111E+01
 1.98700000000000E+03,  1.59194560135681E-01,  9.75000000000000E-02, -1.53833920365378E+00,  7.34500000000003E+01,  8.40764232624726E+00,  2.50829762379438E+01
 1.98708333300000E+03, -1.42040968582002E-02,  8.00000000000000E-02, -1.50344244536153E+00,  7.36300000000003E+01,  8.24275627937494E+00,  1.72309173856629E+01
 1.98716666700000E+03, -1.71563490709557E-01,  4.75000000000000E-02, -1.46873505844894E+00,  7.38100000000003E+01,  1.68703775639752E+01,  1.81858432862565E+01
 1.98725000000000E+03, -2.80453951475182E-01, -1.85000000000000E-01, -1.43422165121928E+00,  7.39900000000003E+01,  2.19557187932838E+01,  1.87513484230630E+01
 1.98733333300000E+03, -3.22242655542694E-01, -4.80000000000000E-01, -1.39990668106586E+00,  7.41700000000003E+01,  2.45184293747263E+01,  1.63725124192164E+01
 1.98741666700000E+03, -4.26470430180002E-01, -5.77500000000000E-01,  6.86742357114804E-01,  7.43500000000003E+01,  2.10817580377049E+01,  1.57178474987935E+01
 1.98750000000000E+03, -5.54305511534412E-01, -6.67500000000000E-01,  6.65822101893084E-01,  7.45300000000003E+01,  1.92532498189286E+01,  1.64259587909010E+01
 1.98758333300000E+03, -5.54305511534412E-01, -5.60000000000000E-01,  6.44935898200318E-01,  7.47100000000003E+01,  1.37758730400200E+01,  2.60895884800293E+01
 1.98766666700000E+03, -4.82130224259544E-01, -1.55000000000000E-01,  6.24077321480989E-01,  7.48900000000003E+01,  1.20921251014718E+01,  2.40324847007765E+01
 1.98775000000000E+03, -3.14153218594916E-01,  1.70000000000000E-01,  6.03239884727650E-01,  7.50700000000003E+01,  1.36763253196752E+01,  3.47623831915777E+01
 1.98783333300000E+03, -1.25184281380102E-01,  2.07500000000000E-01,  5.82417045234669E-01,  7.52500000000003E+01,  1.45706960342524E+01,  3.96627489397021E+01
 1.98791666700000E+03,  4.75324048800698E-02,  1.65000000000000E-01,  1.28156476153337E+00,  7.54300000000003E+01,  2.16284436444898E+01,  3.76381044398414E+01
 1.98800000000000E+03,  6.25847371371723E-02,  2.27500000000000E-01,  1.25771426819144E+00,  7.56100000000004E+01,  1.88781752284667E+01,  3.02482301086911E+01
 1.98808333300000E+03,  1.25412934002411E-01,  1.92500000000000E-01,  1.23402606856194E+00,  7.57900000000004E+01,  1.83575980367984E+01,  2.73164708832009E+01
 1.98816666700000E+03,  1.96405010658844E-01,  1.85000000000000E-01,  1.21049745524183E+00,  7.59700000000004E+01,  2.48714894493141E+01,  1.59743552387124E+01
 1.98825000000000E+03,  1.96405010658844E-01,  1.70000000000000E-01,  1.18712553266711E+00,  7.61500000000004E+01,  2.66374054945675E+01,  2.46631005032253E+01
 1.98833333300000E+03,  1.63409866735948E-01,  2.30000000000000E-01,  1.16390721918530E+00,  7.63300000000004E+01,  2.19204330287073E+01,  2.72030824690132E+01
 1.98841666700000E+03,  3.91256161855576E-02,  2.45000000000000E-01, -3.89089610702836E-01,  7.65100000000004E+01,  2.39995540162468E+01,  2.93487107524038E+01
 1.98850000000000E+03, -2.94685629615829E-02,  2.62500000000000E-01, -3.62904577042105E-01,  7.66900000000004E+01,  2.09815424391499E+01,  3.45863124554720E+01
 1.98858333300000E+03, -2.94685629615829E-02,  2.57500000000000E-01, -3.36950383680792E-01,  7.68700000000004E+01,  1.03282433402268E+01,  3.58328990034736E+01
 1.98866666700000E+03,  4.01147625976716E-02,  2.60000000000000E-01, -3.11224114718816E-01,  7.70500000000004E+01,  8.97089031177671E+00,  2.18261491547274E+01
 1.98875000000000E+03,  1.36402412590983E-01,  2.50000000000000E-01, -2.85722656213315E-01,  7.72300000000004E+01,  9.75554301825034E+00,  2.31855703652001E+01
 1.98883333300000E+03,  2.20596289060872E-01,  2.65000000000000E-01, -2.60442699545255E-01,  7.74100000000004E+01,  6.80558406874342E+00,  1.79283692782146E+01
 1.98891666700000E+03,  2.20596289060872E-01,  3.00000000000000E-01, -2.43839558653093E+00,  7.75900000000004E+01,  7.39054870137176E+00,  2.34413665901386E+01
 1.98900000000000E+03,  2.12417819929823E-01,  2.92500000000000E-01, -2.40059757575921E+00,  7.77700000000004E+01,  7.67451256463878E+00,  2.02658122149249E+01
 1.98908333300000E+03,  2.11895673054966E-01,  2.55000000000000E-01, -2.36284604630720E+00,  7.79500000000004E+01,  6.31788666867477E+00,  2.82471525318857E+01
 1.98916666700000E+03,  2.11895673054966E-01,  2.92500000000000E-01, -2.32514728982336E+00,  7.81300000000005E+01,  2.99906305098680E+00,  2.57715247409567E+01
 1.98925000000000E+03,  1.43908270440003E-01,  2.50000000000000E-01, -2.28750761196905E+00,  7.83100000000005E+01,  4.65581826384536E+00,  3.14879303398712E+01
 1.98933333300000E+03, -8.44830053864432E-03,  2.30000000000000E-01, -2.24993332524791E+00,  7.84900000000005E+01,  3.32613118923930E+00,  2.72305772211910E+01
 1.98941666700000E+03, -2.35890661559216E-01, -7.50000000000000E-03, -1.06773505564449E+00,  7.86700000000005E+01,  4.60009809843497E+00,  3.11526508662909E+01
 1.98950000000000E+03, -2.35890661559216E-01, -9.00000000000000E-02, -1.03585486397757E+00,  7.88500000000005E+01,  4.04328861200762E+00,  3.59003763282954E+01
 1.98958333300000E+03, -1.64691670759988E-01, -1.45000000000000E-01, -1.00421312469947E+00,  7.90300000000005E+01,  1.01116444714582E+01,  5.42398475064802E+01
 1.98966666700000E+03, -7.29576690056931E-02, -2.97500000000000E-01, -9.72811912039458E-01,  7.92100000000005E+01,  1.08178294411424E+01,  7.37363773433661E+01
 1.98975000000000E+03, -4.92982503954936E-02, -3.80000000000000E-01, -9.41653092591745E-01,  7.93900000000005E+01,  1.10506359142147E+01,  7.42570984630517E+01
 1.98983333300000E+03, -4.92982503954936E-02, -4.15000000000000E-01, -9.10738322943984E-01,  7.95700000000005E+01,  1.32734051203262E+01,  1.03353249671968E+02
 1.98991666700000E+03, -3.11943411238261E-01, -4.60000000000000E-01,  1.13935072175240E+00,  7.97500000000005E+01,  1.84616715060750E+01,  9.27004022062536E+01
 1.99000000000000E+03, -3.11943411238261E-01, -5.35000000000000E-01,  1.11643903731631E+00,  7.99300000000005E+01,  1.72503021037400E+01,  9.49771230189697E+01
 1.99008333300000E+03, -2.84462026748043E-01, -5.25000000000000E-01,  1.09367038395948E+00,  8.01100000000005E+01,  1.76979083186189E+01,  8.65382059851928E+01
 1.99016666700000E+03, -1.84364631264306E-01, -5.52500000000000E-01,  1.07104094986774E+00,  8.02900000000005E+01,  2.27995314358770E+01,  8.07588949345845E+01
 1.99025000000000E+03, -4.65393891226360E-02, -3.55000000000000E-01,  1.04854675122974E+00,  8.04700000000005E+01,  2.73114844433726E+01,  5.77746821736871E+01
 1.99033333300000E+03,  9.98048844064590E-02,  5.50000000000000E-02,  1.02618363570532E+00,  8.06500000000005E+01,  2.62833649934967E+01,  6.81740527715713E+01
 1.99041666700000E+03,  3.73905113618564E-01,  2.95000000000000E-01,  1.31720523155127E+00,  8.08300000000006E+01,  3.06672052304997E+01,  4.86708724033230E+01
 1.99050000000000E+03,  3.73905113618564E-01,  2.15000000000000E-01,  1.29310971308125E+00,  8.10100000000006E+01,  3.56715879209360E+01,  3.95802789332014E+01
 1.99058333300000E+03,  2.91738365128587E-01,  1.95000000000000E-01,  1.26918014984667E+00,  8.11900000000006E+01,  3.51702560421230E+01,  5.76781656338445E+01
 1.99066666700000E+03,  2.03535660204205E-01,  2.37500000000000E-01,  1.24541411651958E+00,  8.13700000000006E+01,  2.78386197542620E+01,  5.04115226528021E+01
 1.99075000000000E+03,  1.10946017272785E-01,  1.75000000000000E-01,  1.22180899698303E+00,  8.15500000000006E+01,  2.56407260208548E+01,  4.46592821459647E+01
 1.99083333300000E+03,  1.10946017272785E-01,  2.60000000000000E-01,  1.19836198604661E+00,  8.17300000000006E+01,  1.67467326135305E+01,  5.71693399769422E+01
 1.99091666700000E+03,  3.54445472812136E-01,  1.97500000000000E-01, -5.60243200125844E-01,  8.19100000000006E+01,  1.18313699122811E+01,  7.51545839376935E+01
 1.99100000000000E+03,  3.91389678647085E-01,  1.50000000000000E-01, -5.32543463839153E-01,  8.20900000000006E+01,  8.39622049582036E+00,  6.62390117095196E+01
 1.99108333300000E+03,  3.91389678647085E-01,  2.65000000000000E-01, -5.05088242642467E-01,  8.22700000000006E+01,  8.93892183748570E+00,  6.42227488100916E+01
 1.99116666700000E+03,  3.14619571613778E-01,  1.25000000000000E-01, -4.77875936686409E-01,  8.24500000000006E+01,  9.07522290745738E+00,  6.62692623894298E+01
 1.99125000000000E+03,  1.74055467357472E-01,  1.75000000000000E-01, -4.50904732146800E-01,  8.26300000000006E+01,  1.62894444661800E+01,  7.94375419735020E+01
 1.99133333300000E+03, -1.43550493810118E-02,  2.25000000000000E-01, -4.24172603107108E-01,  8.28100000000006E+01,  1.51400139646827E+01,  5.28063337101056E+01
 1.99141666700000E+03, -2.52133531891634E-01,  8.75000000000000E-02, -1.72822764825738E+00,  8.29900000000006E+01,  1.87580888239525E+01,  5.65245840413617E+01
 1.99150000000000E+03, -2.52133531891634E-01, -5.25000000000000E-02, -1.69240102815863E+00,  8.31700000000006E+01,  1.90675109317876E+01,  6.32738003222293E+01
 1.99158333300000E+03, -3.26752791678170E-02, -7.50000000000000E-02, -1.65673677166636E+00,  8.33500000000006E+01,  2.54022381428363E+01,  5.79662170666443E+01
 1.99166666700000E+03,  1.69977076211451E-01, -4.00000000000000E-02, -1.62124019747201E+00,  8.35300000000007E+01,  1.79634693964383E+01,  3.57509729200412E+01
 1.99175000000000E+03,  2.45645451258747E-01, -2.00000000000000E-02, -1.58591650469983E+00,  8.37100000000007E+01,  2.06561319800458E+01,  7.45551832336246E+01
 1.99183333300000E+03,  2.45645451258747E-01, -3.00000000000000E-02, -1.55077076673449E+00,  8.38900000000007E+01,  1.65061907370986E+01,  8.39909644720917E+01
 1.99191666700000E+03, -4.06178844924443E-01, -5.00000000000000E-02,  5.84712472869598E-03,  8.40700000000007E+01,  2.15344281958894E+01,  8.48932789762253E+01
 1.99200000000000E+03, -4.06178844924443E-01, -5.25000000000000E-02,  2.87802740592788E-02,  8.42500000000007E+01,  1.59025009214205E+01,  8.68537833306941E+01
 1.99208333300000E+03, -3.28329115589003E-01, -2.50000000000000E-02,  5.15511451333545E-02,  8.44300000000007E+01,  1.96888879352790E+01,  9.00269707913822E+01
 1.99216666700000E+03, -1.75281589259436E-01, -2.25000000000000E-02,  7.41653137306265E-02,  8.46100000000007E+01,  1.67360272000524E+01,  5.40173728949206E+01
 1.99225000000000E+03, -1.49344828054626E-02, -1.20000000000000E-01,  9.66284759405598E-02,  8.47900000000007E+01,  2.63640003371053E+01,  4.98303836020402E+01
 1.99233333300000E+03, -1.49344828054626E-02, -3.97500000000000E-01,  1.18946441949681E-01,  8.49700000000007E+01,  2.26813503303943E+01,  4.99462617664443E+01
 1.99241666700000E+03, -3.69859420519583E-01, -5.35000000000000E-01,  2.14774880638811E+00,  8.51500000000007E+01,  3.13739003043542E+01,  5.30667123834594E+01
 1.99250000000000E+03, -4.03275389114178E-01, -6.07500000000000E-01,  2.11836188442541E+00,  8.53300000000007E+01,  2.78051435560255E+01,  6.33274755958526E+01
 1.99258333300000E+03, -4.03275389114178E-01, -6.47500000000000E-01,  2.08912373656741E+00,  8.55100000000007E+01,  3.76461165383848E+01,  1.03890937783987E+02
 1.99266666700000E+03, -3.08571488013480E-01, -6.32500000000000E-01,  2.06003737164533E+00,  8.56900000000007E+01,  2.88310061707357E+01,  9.04660860052985E+01
 1.99275000000000E+03, -1.68643105761020E-01, -5.97500000000000E-01,  2.03110567128620E+00,  8.58700000000007E+01,  3.54088563892113E+01,  8.21623528767827E+01
 1.99283333300000E+03, -4.57096405855702E-02, -2.25000000000000E-01,  2.00233138476650E+00,  8.60500000000008E+01,  2.58847173570198E+01,  9.42842605956359E+01
 1.99291666700000E+03, -3.78272562690257E-02,  1.10000000000000E-01,  1.10003132343718E+00,  8.62300000000008E+01,  3.12826949547406E+01,  8.30562444776411E+01
 1.99300000000000E+03, -3.78272562690257E-02,  1.85000000000000E-01,  1.07736330268959E+00,  8.64100000000008E+01,  2.16930739993937E+01,  6.42405704591125E+01
 1.99308333300000E+03,  7.83096376596808E-03,  2.15000000000000E-01,  1.05483164998916E+00,  8.65900000000008E+01,  3.11622225474425E+01,  9.49898529872937E+01
 1.99316666700000E+03,  8.06088978256439E-02,  1.95000000000000E-01,  1.03243225982096E+00,  8.67700000000008E+01,  2.23039204723545E+01,  9.88245625827101E+01
 1.99325000000000E+03,  1.49607081070927E-01,  2.27500000000000E-01,  1.01016086077306E+00,  8.69500000000008E+01,  3.16354846652847E+01,  7.70749921219566E+01
 1.99333333300000E+03,  1.91852807616383E-01,  2.95000000000000E-01,  9.88013019375541E-01,  8.71300000000008E+01,  2.61249307034577E+01,  8.53860668164620E+01
 1.99341666700000E+03,  2.22251583554746E-01,  2.50000000000000E-01, -1.68547103273428E+00,  8.73100000000008E+01,  3.07993179018990E+01,  6.61191534781090E+01
 1.99350000000000E+03,  3.50528877819098E-01,  2.15000000000000E-01, -1.64983888636378E+00,  8.74900000000008E+01,  2.11539103309813E+01,  5.55750422792477E+01
 1.99358333300000E+03,  3.83358774580632E-01,  2.07500000000000E-01, -1.61437544020940E+00,  8.76700000000008E+01,  3.44544468547029E+01,  9.37998924217058E+01
 1.99366666700000E+03,  3.83358774580632E-01,  2.57500000000000E-01, -1.57908586948628E+00,  8.78500000000008E+01,  2.53481992696345E+01,  9.36498310019542E+01
 1.99375000000000E+03,  2.37760936625200E-01,  2.22500000000000E-01, -1.54397522248862E+00,  8.80300000000008E+01,  2.63021990882256E+01,  7.86165610427466E+01
 1.99383333300000E+03,  7.07814954702978E-03,  2.57500000000000E-01, -1.50904841458328E+00,  8.82100000000008E+01,  2.26544123857995E+01,  8.89903289766897E+01
 1.99391666700000E+03,  7.07814954702978E-03,  2.07500000000000E-01, -2.02638395759682E+00,  8.83900000000008E+01,  2.14612972694294E+01,  6.51747236646328E+01
 1.99400000000000E+03,  8.83216015184497E-02,  2.10000000000000E-01, -1.98944270075465E+00,  8.85700000000008E+01,  8.06651877979384E+00,  2.80280837525811E+01
 1.99408333300000E+03,  9.23763073735692E-02,  1.65000000000000E-01, -1.95261668720921E+00,  8.87500000000009E+01,  7.17545330743188E+00,  3.84907700090648E+01
 1.99416666700000E+03,  9.23763073735692E-02,  1.85000000000000E-01, -1.91591196672284E+00,  8.89300000000009E+01,  8.93247280181631E+00,  3.53336836075469E+01
 1.99425000000000E+03, -6.79631882859946E-02,  8.50000000000000E-02, -1.87933452408975E+00,  8.91100000000009E+01,  6.57487228247260E+00,  2.05812706609857E+01
 1.99433333300000E+03, -6.79631882859946E-02, -2.42500000000000E-01, -1.84289027213944E+00,  8.92900000000009E+01,  1.45810175772747E+01,  2.32421166384127E+01
 1.99441666700000E+03, -2.33477189334263E-01, -5.27500000000000E-01,  3.81363761680837E-01,  8.94700000000009E+01,  1.46962238466027E+01,  2.76048588192830E+01
 1.99450000000000E+03, -2.33477189334263E-01, -6.20000000000000E-01,  3.60283453318123E-01,  8.96500000000009E+01,  2.83501565478272E+01,  6.72458531543257E+01
 1.99458333300000E+03, -3.39736992136026E-01, -6.72500000000000E-01,  3.39139901011173E-01,  8.98300000000009E+01,  2.86496229060892E+01,  8.94806930577933E+01
 1.99466666700000E+03, -3.39736992136026E-01, -6.95000000000000E-01,  3.17926462227540E-01,  9.00100000000009E+01,  3.35285745767576E+01,  1.04511526062693E+02
 1.99475000000000E+03, -2.58501902786388E-01, -7.00000000000000E-01,  2.96636534969540E-01,  9.01900000000009E+01,  2.72736498452044E+01,  1.08818606260978E+02
 1.99483333300000E+03, -1.33197855866628E-01, -6.07500000000000E-01,  2.75263564811736E-01,  9.03700000000009E+01,  2.69016205369862E+01,  1.00184996353360E+02
 1.99491666700000E+03,  3.20277874807436E-02, -1.60000000000000E-01,  1.90622909795220E+00,  9.05500000000009E+01,  1.20066304781493E+01,  5.53236144437101E+01
 1.99500000000000E+03,  3.20277874807436E-02,  6.50000000000000E-02,  1.87817339847971E+00,  9.07300000000009E+01,  1.09542577926060E+01,  3.42589977430059E+01
 1.99508333300000E+03, -3.68610864234514E-02,  6.25000000000000E-02,  1.85028743265589E+00,  9.09100000000009E+01,  8.00206749569493E+00,  2.52087060547539E+01
 1.99516666700000E+03, -3.68610864234514E-02,  1.20000000000000E-01,  1.82257299491212E+00,  9.10900000000009E+01,  1.43175000207523E+01,  2.02923406550876E+01
 1.99525000000000E+03,  2.19223340938461E-02,  1.45000000000000E-01,  1.79503171465259E+00,  9.12700000000009E+01,  1.74523070221053E+01,  2.92629037403193E+01
 1.99533333300000E+03,  8.61270793982416E-02,  2.80000000000000E-01,  1.76766505262737E+00,  9.14500000000010E+01,  1.97466070497754E+01,  2.52232923088021E+01
 1.99541666700000E+03,  8.61270793982416E-02,  3.00000000000000E-01,  4.36175858480839E-01,  9.16300000000010E+01,  2.39807060129204E+01,  2.86346793934709E+01
 1.99550000000000E+03,  4.05123297639449E-02,  2.65000000000000E-01,  4.15229187187160E-01,  9.18100000000010E+01,  2.65700226076419E+01,  2.77672934549265E+01
 1.99558333300000E+03, -1.11734086363483E-02,  2.47500000000000E-01,  3.94236762101151E-01,  9.19900000000010E+01,  1.82760257539381E+01,  2.87625044382891E+01
 1.99566666700000E+03, -4.23160422399941E-02,  2.55000000000000E-01,  3.73191868275953E-01,  9.21700000000010E+01,  1.96253268997252E+01,  2.28564511281620E+01
 1.99575000000000E+03, -7.02609530552146E-02,  2.55000000000000E-01,  3.52087812750733E-01,  9.23500000000010E+01,  2.06638426882638E+01,  4.68244105043158E+01
 1.99583333300000E+03, -7.02609530552146E-02,  2.42500000000000E-01,  3.30917931674423E-01,  9.25300000000010E+01,  1.49459904955492E+01,  4.81921604394108E+01
 1.99591666700000E+03,  7.18245438010334E-02,  2.45000000000000E-01, -1.55478362169820E+00,  9.27100000000010E+01,  1.27876751864037E+01,  4.84620757848812E+01
 1.99600000000000E+03,  7.18245438010334E-02,  2.15000000000000E-01, -1.51979960366723E+00,  9.28900000000010E+01,  1.60898814552979E+01,  5.41253131601885E+01
 1.99608333300000E+03, -6.10891038918785E-02,  2.17500000000000E-01, -1.48500274340529E+00,  9.30700000000010E+01,  1.54213347154028E+01,  5.14216206920924E+01
 1.99616666700000E+03, -1.63831917220623E-01,  2.07500000000000E-01, -1.45039771816034E+00,  9.32500000000010E+01,  1.43687614977040E+01,  2.88371826034076E+01
 1.99625000000000E+03, -2.18215727403616E-01,  2.22500000000000E-01, -1.41598905683870E+00,  9.34300000000010E+01,  3.74924231796273E+01,  5.28948107912482E+01
 1.99633333300000E+03, -2.22998589013672E-01, -2.50000000000000E-02, -1.38178113457867E+00,  9.36100000000010E+01,  5.09311814546049E+01,  6.16215842263409E+01
 1.99641666700000E+03, -2.37245936483306E-01, -3.50000000000000E-01, -1.13298334191999E+00,  9.37900000000010E+01,  5.58861740333660E+01,  6.04939791388209E+01
 1.99650000000000E+03, -3.51714057556838E-01, -4.75000000000000E-01, -1.10062769025454E+00,  9.39700000000011E+01,  7.46758227248815E+01,  1.13778638947288E+02
 1.99658333300000E+03, -3.51714057556838E-01, -4.97500000000000E-01, -1.06850566807676E+00,  9.41500000000011E+01,  8.53126515161176E+01,  1.26350146012622E+02
 1.99666666700000E+03, -2.92961525128360E-01, -5.17500000000000E-01, -1.03661976164494E+00,  9.43300000000011E+01,  6.21895577951425E+01,  1.04916197092762E+02
 1.99675000000000E+03, -1.61987835306150E-01, -5.57500000000000E-01, -1.00497225511453E+00,  9.45100000000011E+01,  5.14497609275079E+01,  1.08230074980585E+02
 1.99683333300000E+03, -1.61987835306150E-01, -5.07500000000000E-01, -9.73565227683516E-01,  9.46900000000011E+01,  4.40158677660931E+01,  1.05795590327389E+02
 1.99691666700000E+03, -4.29113426976013E-01, -4.97500000000000E-01,  7.45143715635659E-01,  9.48700000000011E+01,  2.44261887091069E+01,  5.76753020586306E+01
 1.99700000000000E+03, -4.29113426976013E-01, -4.62500000000000E-01,  7.24095615271891E-01,  9.50500000000011E+01,  1.23408208429728E+01,  4.31219812030470E+01
 1.99708333300000E+03, -3.68490217811801E-01, -4.57500000000000E-01,  7.03099046394676E-01,  9.52300000000011E+01,  1.18498283804872E+01,  4.55366165568461E+01
 1.99716666700000E+03, -2.62195210445675E-01, -4.80000000000000E-01,  6.82147792839372E-01,  9.54100000000011E+01,  1.19769202346038E+01,  6.25895088302783E+01
 1.99725000000000E+03, -1.77513839952988E-01, -9.00000000000000E-02,  6.61235557691230E-01,  9.55900000000011E+01,  1.63886647577707E+01,  7.37580208129879E+01
 1.99733333300000E+03, -1.49826857923666E-01,  8.75000000000000E-02,  6.40355969778024E-01,  9.57700000000011E+01,  1.54802274280477E+01,  6.95402583006898E+01
 1.99741666700000E+03,  2.49379582475828E-01,  2.95000000000000E-01,  1.40932921646728E+00,  9.59500000000011E+01,  1.66451754214186E+01,  7.55771953997991E+01
 1.99750000000000E+03,  3.04240278937566E-01,  3.42500000000000E-01,  1.38459129371971E+00,  9.61300000000011E+01,  2.31973586915190E+01,  8.25777065136182E+01
 1.99758333300000E+03,  3.52792861545006E-01,  3.42500000000000E-01,  1.36002671596084E+00,  9.63100000000011E+01,  2.80738933921613E+01,  6.07749058213656E+01
 1.99766666700000E+03,  3.57351166038300E-01,  3.05000000000000E-01,  1.33563378641013E+00,  9.64900000000011E+01,  2.41464004593569E+01,  5.05825489332809E+01
 1.99775000000000E+03,  3.57351166038300E-01,  2.47500000000000E-01,  1.31141061323788E+00,  9.66700000000012E+01,  2.25319735469555E+01,  5.35826196816283E+01
 1.99783333300000E+03,  2.85194944179268E-01,  3.05000000000000E-01,  1.28735511035815E+00,  9.68500000000012E+01,  2.82304121882143E+01,  6.13187261946178E+01
 1.99791666700000E+03,  1.80409529560336E-01,  1.70000000000000E-01, -4.48474256728297E-01,  9.70300000000012E+01,  2.95607559301454E+01,  6.93256400156558E+01
 1.99800000000000E+03,  8.80115566401119E-02,  2.00000000000000E-01, -4.21763669316477E-01,  9.72100000000012E+01,  1.91978774265051E+01,  6.38609317480888E+01
 1.99808333300000E+03,  4.12103822049485E-02,  2.57500000000000E-01, -3.95289708768639E-01,  9.73900000000012E+01,  1.86575238405529E+01,  6.18623439856541E+01
 1.99816666700000E+03,  4.12103822049485E-02,  2.05000000000000E-01, -3.69049912927424E-01,  9.75700000000012E+01,  2.14327242435818E+01,  5.81020145762968E+01
 1.99825000000000E+03,  7.13272443282213E-02,  2.57500000000000E-01, -3.43041614885841E-01,  9.77500000000012E+01,  1.75453037425832E+01,  4.72458097887347E+01
 1.99833333300000E+03,  7.13272443282213E-02, -1.50000000000000E-01, -3.17261945845650E-01,  9.79300000000012E+01,  1.14010570182247E+01,  3.20457150569449E+01
 1.99841666700000E+03, -1.23095105528576E-01, -4.30000000000000E-01, -2.25721856035352E+00,  9.81100000000012E+01,  1.18737581707068E+01,  2.48245762923574E+01
 1.99850000000000E+03, -3.61059459063861E-01, -5.35000000000000E-01, -2.21970157081605E+00,  9.82900000000012E+01,  1.09191367458999E+01,  1.96997650276707E+01
 1.99858333300000E+03, -5.37257753468901E-01, -5.75000000000000E-01, -2.18226136676241E+00,  9.84700000000012E+01,  1.22690159345385E+01,  2.19383126512644E+01
 1.99866666700000E+03, -5.58712609338663E-01, -5.92500000000000E-01, -2.14490424138438E+00,  9.86500000000012E+01,  9.69562638068157E+00,  2.36715068691929E+01
 1.99875000000000E+03, -5.58712609338663E-01, -5.77500000000000E-01, -2.10763646722830E+00,  9.88300000000012E+01,  8.44489694808263E+00,  1.53088197550943E+01
 1.99883333300000E+03, -4.29851576337214E-01, -5.95000000000000E-01, -2.07046428896412E+00,  9.90100000000012E+01,  1.09337211836282E+01,  1.97009282304726E+01
 1.99891666700000E+03, -2.32244155493558E-01, -5.97500000000000E-01, -3.91839424991617E-01,  9.91900000000012E+01,  1.60607441196793E+01,  2.08268468792482E+01
 1.99900000000000E+03, -2.03522522519282E-01, -5.92500000000000E-01, -3.65630107965272E-01,  9.93700000000013E+01,  1.70476240558432E+01,  2.04351034801444E+01
 1.99908333300000E+03, -1.02935787690528E-01, -4.17500000000000E-01, -3.39651924396323E-01,  9.95500000000013E+01,  1.92786617062520E+01,  1.60756863981173E+01
 1.99916666700000E+03,  3.94230682335453E-02,  7.50000000000000E-03, -3.13901979265725E-01,  9.97300000000013E+01,  2.23788393531798E+01,  2.22054487074841E+01
 1.99925000000000E+03,  1.70979206704757E-01,  1.25000000000000E-01, -2.88377179172734E-01,  9.99100000000013E+01,  2.24487143899269E+01,  1.63858263413435E+01
 1.99933333300000E+03,  1.70979206704757E-01,  1.30000000000000E-01, -2.63074235678227E-01,  1.00090000000001E+02,  2.44475309180659E+01,  2.90021605256272E+01
 1.99941666700000E+03,  5.46865550519694E-02,  2.52500000000000E-01,  1.73428081946551E+00,  1.00270000000001E+02,  2.17997894338868E+01,  2.93232202622830E+01
 1.99950000000000E+03,  5.46865550519694E-02,  2.12500000000000E-01,  1.70730770569415E+00,  1.00450000000001E+02,  2.10631505631235E+01,  4.01269178855955E+01
 1.99958333300000E+03,  1.67498620213430E-01,  2.50000000000000E-01,  1.68051273588032E+00,  1.00630000000001E+02,  1.82268683761979E+01,  3.38065286628625E+01
 1.99966666700000E+03,  2.60089327856254E-01,  2.50000000000000E-01,  1.65389662235264E+00,  1.00810000000001E+02,  2.52385415338105E+01,  7.08291871706498E+01
 1.99975000000000E+03,  2.60089327856254E-01,  3.12500000000000E-01,  1.62745989331358E+00,  1.00990000000001E+02,  1.87108356774996E+01,  5.90559289199257E+01
 1.99983333300000E+03,  2.35302823903411E-01,  2.75000000000000E-01,  1.60120289057959E+00,  1.01170000000001E+02,  2.24948014126385E+01,  6.63748134036918E+01
 1.99991666700000E+03,  2.00943707847658E-01,  3.05000000000000E-01,  1.45538891126963E+00,  1.01350000000001E+02,  2.00552411183816E+01,  5.52169970997179E+01
 2.00000000000000E+03,  2.00943707847658E-01,  3.07500000000000E-01,  1.43032766419960E+00,  1.01530000000001E+02,  2.33649430855698E+01,  8.27942539915613E+01
 2.00008333300000E+03,  2.44944895379986E-01,  3.10000000000000E-01,  1.40544237706342E+00,  1.01710000000001E+02,  1.33306536613910E+01,  5.07560302747429E+01
 2.00016666700000E+03,  2.69142602610908E-01,  3.35000000000000E-01,  1.38073171386890E+00,  1.01890000000001E+02,  1.74082690723682E+01,  5.49161133467936E+01
 2.00025000000000E+03,  2.69142602610908E-01,  3.17500000000000E-01,  1.35619414276293E+00,  1.02070000000001E+02,  1.16322962669018E+01,  5.46341407539344E+01
 2.00033333300000E+03,  2.07213121270790E-01,  3.50000000000000E-01,  1.33182793636718E+00,  1.02250000000001E+02,  1.48158047334042E+01,  8.65129206042426E+01
 2.00041666700000E+03,  2.07213121270790E-01,  3.57500000000000E-01, -6.07055586978938E-01,  1.02430000000001E+02,  1.08784249740761E+01,  5.77189218015964E+01
 2.00050000000000E+03,  2.22303878909215E-01,  3.17500000000000E-01, -5.78944488467098E-01,  1.02610000000001E+02,  1.22245063302509E+01,  6.12334651167646E+01
 2.00058333300000E+03,  2.85440470656581E-01,  3.10000000000000E-01, -5.51080095597853E-01,  1.02790000000001E+02,  1.03620288938913E+01,  6.30900659399796E+01
 2.00066666700000E+03,  2.85440470656581E-01,  2.80000000000000E-01, -5.23461169423832E-01,  1.02970000000001E+02,  1.37269411669203E+01,  8.25097580192293E+01
 2.00075000000000E+03,  2.39746986846060E-01,  1.75000000000000E-01, -4.96086254427994E-01,  1.03150000000001E+02,  1.18981519961989E+01,  5.45098879654253E+01
 2.00083333300000E+03,  1.16730651358934E-01,  1.30000000000000E-01, -4.68953679994324E-01,  1.03330000000001E+02,  1.60709601988793E+01,  6.60820347257057E+01
 2.00091666700000E+03, -3.37912510172820E-02,  1.00000000000000E-01, -2.02404217016292E+00,  1.03510000000001E+02,  1.95752262416998E+01,  6.14596537751433E+01
 2.00100000000000E+03, -3.37912510172820E-02,  1.47500000000000E-01, -1.98710802804483E+00,  1.03690000000001E+02,  2.18748281146552E+01,  6.94809512426960E+01
 2.00108333300000E+03, -2.06631694588647E-02,  1.27500000000000E-01, -1.95028951398211E+00,  1.03870000000001E+02,  2.16502477047847E+01,  6.48612456586335E+01
 2.00116666700000E+03, -2.06631694588647E-02,  1.40000000000000E-01, -1.91359267383309E+00,  1.04050000000001E+02,  2.94211215454763E+01,  8.56085940660554E+01
 2.00125000000000E+03, -1.58305503077477E-01,  1.30000000000000E-01, -1.87702348804315E+00,  1.04230000000001E+02,  2.82684798425091E+01,  8.40415450339182E+01
 2.00133333300000E+03, -1.74118436086120E-01, -1.25000000000000E-02, -1.84058786465231E+00,  1.04410000000001E+02,  2.86996579984927E+01,  9.74703318346966E+01
 2.00141666700000E+03, -2.56920562271664E-01, -2.00000000000000E-01,  2.99004872508876E-01,  1.04590000000001E+02,  3.30414009294830E+01,  1.05776311900671E+02
 2.00150000000000E+03, -2.56920562271664E-01, -3.95000000000000E-01,  2.77641446596863E-01,  1.04770000000001E+02,  3.68112554875928E+01,  8.41411075471740E+01
 2.00158333300000E+03, -2.56920562271664E-01, -4.60000000000000E-01,  2.56189196855513E-01,  1.04950000000001E+02,  2.78030636068015E+01,  6.62869046457852E+01
 2.00166666700000E+03, -2.00676815937216E-01, -5.05000000000000E-01,  2.34641677744072E-01,  1.05130000000001E+02,  2.60111573737119E+01,  6.18872130914195E+01
 2.00175000000000E+03, -1.98418876276653E-01, -4.97500000000000E-01,  2.56186781438283E-01,  1.05310000000001E+02,  3.11497110953889E+01,  6.26056185820729E+01
 2.00183333300000E+03, -8.87715738896428E-02, -5.12500000000000E-01,  2.34639251263564E-01,  1.05490000000001E+02,  2.21541124250276E+01,  3.93656624357766E+01
 2.00191666700000E+03,  2.20294566349193E-02, -5.12500000000000E-01,  1.54515507356313E+00,  1.05670000000001E+02,  1.73828803990292E+01,  3.96435195515219E+01
 2.00200000000000E+03,  2.20294566349193E-02, -4.62500000000000E-01,  1.51946573993611E+00,  1.05850000000002E+02,  1.74146204824245E+01,  3.71587029227428E+01
 2.00208333300000E+03,  2.20294566349193E-02, -2.50000000000000E-01,  1.49395551472880E+00,  1.06030000000002E+02,  1.82745940925744E+01,  3.06595542295988E+01
 2.00216666700000E+03,  9.51328302069063E-02,  1.07500000000000E-01,  1.46862375144389E+00,  1.06210000000002E+02,  1.02417186820484E+01,  1.32928788088326E+01
 2.00225000000000E+03,  2.09161171712894E-01,  2.47500000000000E-01,  1.44346960851858E+00,  1.06390000000002E+02,  9.68555670035856E+00,  1.14557399312234E+01
 2.00233333300000E+03,  2.09161171712894E-01,  2.87500000000000E-01,  1.41849204878632E+00,  1.06570000000002E+02,  1.00986645654167E+01,  1.17888644883752E+01
 2.00241666700000E+03,  1.36063185652303E-01,  2.30000000000000E-01,  5.31996309637132E-01,  1.06750000000002E+02,  1.14771049614093E+01,  8.26835714223879E+00
 2.00250000000000E+03,  1.26178907749154E-01,  2.12500000000000E-01,  5.11173304275068E-01,  1.06930000000002E+02,  1.13181568234407E+01,  8.31035787068292E+00
 2.00258333300000E+03,  1.12352563768149E-01,  2.17500000000000E-01,  4.90335470818449E-01,  1.07110000000002E+02,  1.54374509745149E+01,  4.30538927095868E+01
 2.00266666700000E+03,  1.09456698773222E-01,  2.00000000000000E-01,  4.69476085111136E-01,  1.07290000000002E+02,  2.29085032212865E+01,  4.38744545906421E+01
 2.00275000000000E+03,  9.51038488833227E-02,  2.30000000000000E-01,  4.48588412172941E-01,  1.07470000000002E+02,  1.89213972534979E+01,  4.03198801171224E+01
 2.00283333300000E+03,  3.30099796625694E-02,  1.70000000000000E-01,  4.27665713330460E-01,  1.07650000000002E+02,  2.69177098864197E+01,  4.21444678444972E+01
 2.00291666700000E+03,  1.21925280778522E-02,  1.67500000000000E-01, -1.29982132701817E+00,  1.07830000000002E+02,  3.85406589318371E+01,  5.84374046601591E+01
 2.00300000000000E+03,  1.21925280778522E-02,  1.45000000000000E-01, -1.26633099802387E+00,  1.08010000000002E+02,  3.83856114786813E+01,  2.32571146713270E+01
 2.00308333300000E+03,  4.65187264562277E-02,  1.57500000000000E-01, -1.23305877715259E+00,  1.08190000000002E+02,  3.27729107021799E+01,  2.37703539046270E+01
 2.00316666700000E+03,  4.65187264562277E-02,  1.17500000000000E-01, -1.20000811930550E+00,  1.08370000000002E+02,  3.60016037458765E+01,  2.28423699356944E+01
 2.00325000000000E+03, -5.78568787299586E-02,  1.47500000000000E-01, -1.16718229517931E+00,  1.08550000000002E+02,  3.98875065976550E+01,  2.00264954982227E+01
 2.00333333300000E+03, -5.78568787299586E-02,  1.17500000000000E-01, -1.13458438727389E+00,  1.08730000000002E+02,  2.68328370367378E+01,  7.43937727895148E+00
 2.00341666700000E+03, -9.18157351736292E-02,  3.50000000000000E-02, -1.53144186524619E+00,  1.08910000000002E+02,  3.37511521295359E+01,  2.23319147086405E+01
 2.00350000000000E+03, -9.18157351736292E-02, -7.25000000000000E-02, -1.49658208422981E+00,  1.09090000000002E+02,  3.14801293989542E+01,  2.80905815213597E+01
 2.00358333300000E+03, -2.93651336229241E-01, -2.12500000000000E-01, -1.46191259515998E+00,  1.09270000000002E+02,  2.92777530525633E+01,  2.91175286343342E+01
 2.00366666700000E+03, -3.85672265781033E-01, -2.55000000000000E-01, -1.42743797700789E+00,  1.09450000000002E+02,  2.39325511755581E+01,  4.05016586068183E+01
 2.00375000000000E+03, -3.85672265781033E-01, -3.32500000000000E-01, -1.39316265676675E+00,  1.09630000000002E+02,  3.13966691919685E+01,  5.68937444470087E+01
 2.00383333300000E+03, -3.85672265781033E-01, -4.10000000000000E-01, -1.35909090414035E+00,  1.09810000000002E+02,  1.87394797749620E+01,  4.57141562013761E+01
 2.00391666700000E+03, -4.08245919202651E-01, -4.50000000000000E-01,  6.58581915142652E-01,  1.09990000000002E+02,  1.97644972795729E+01,  3.80148816315898E+01
 2.00400000000000E+03, -4.08245919202651E-01, -5.10000000000000E-01,  6.37706014325824E-01,  1.10170000000002E+02,  2.96167290107177E+01,  5.68429038587290E+01
 2.00408333300000E+03, -3.31206062766173E-01, -4.80000000000000E-01,  6.16855499591700E-01,  1.10350000000002E+02,  2.72119423765068E+01,  4.68095041897283E+01
 2.00416666700000E+03, -1.77155730484101E-01, -4.42500000000000E-01,  5.96023863865732E-01,  1.10530000000002E+02,  2.38680445809487E+01,  2.77284641885210E+01
 2.00425000000000E+03, -3.40249131973603E-03,  2.75000000000000E-02,  5.75204546733904E-01,  1.10710000000002E+02,  2.58809035933107E+01,  3.50591416214807E+01
 2.00433333300000E+03, -3.40249131973603E-03,  2.22500000000000E-01,  5.54390941299905E-01,  1.10890000000002E+02,  2.85335131167471E+01,  4.82928554681959E+01
 2.00441666700000E+03,  1.03112820677668E-01,  2.80000000000000E-01,  2.02409241099801E+00,  1.11070000000002E+02,  1.98197224004707E+01,  4.40767133032086E+01
 2.00450000000000E+03,  1.03112820677668E-01,  2.70000000000000E-01,  1.99535681195500E+00,  1.11250000000002E+02,  1.75479915959596E+01,  5.13604940321539E+01
 2.00458333300000E+03,  2.43348272310823E-01,  1.85000000000000E-01,  1.96678185266752E+00,  1.11430000000002E+02,  2.30300797460379E+01,  5.10814159286677E+01
 2.00466666700000E+03,  3.14467186509886E-01,  1.75000000000000E-01,  1.93836996762158E+00,  1.11610000000002E+02,  2.97600215269181E+01,  5.34254853684914E+01
 2.00475000000000E+03,  3.14467186509886E-01,  2.30000000000000E-01,  1.91012344338208E+00,  1.11790000000002E+02,  3.56644036535844E+01,  4.48695995483960E+01
 2.00483333300000E+03,  2.11349078240564E-01,  1.40000000000000E-01,  1.88204441416194E+00,  1.11970000000002E+02,  3.53883229546460E+01,  4.38812999678928E+01
 2.00491666700000E+03,  2.11349078240564E-01,  1.67500000000000E-01,  5.52201309136733E-01,  1.12150000000002E+02,  3.68997962693011E+01,  5.21316102005336E+01
 2.00500000000000E+03,  2.25508811053639E-01,  1.37500000000000E-01,  5.31386282810529E-01,  1.12330000000002E+02,  3.72561791506726E+01,  5.24704638605656E+01
 2.00508333300000E+03,  2.55118441376525E-01,  2.45000000000000E-01,  5.10562938423252E-01,  1.12510000000002E+02,  4.23760600598499E+01,  8.15891741052670E+01
 2.00516666700000E+03,  2.55118441376525E-01,  3.65000000000000E-01,  4.89724569124375E-01,  1.12690000000002E+02,  3.87537047192841E+01,  7.91844457541794E+01
 2.00525000000000E+03,  2.28233034914323E-01,  2.12500000000000E-01,  4.68864450339363E-01,  1.12870000000002E+02,  4.00452689867164E+01,  9.17952441039323E+01
 2.00533333300000E+03,  1.35939906308290E-01,  2.05000000000000E-01,  4.47975846878301E-01,  1.13050000000002E+02,  3.64383607610027E+01,  7.77091954882450E+01
 2.00541666700000E+03,  6.65603345717149E-02, -3.00000000000000E-02, -1.96685878594831E+00,  1.13230000000002E+02,  3.52223632282165E+01,  8.76290056152178E+01
 2.00550000000000E+03, -3.54339526919599E-02, -1.77500000000000E-01, -1.93010639656891E+00,  1.13410000000002E+02,  2.94608376103374E+01,  6.80987814438561E+01
 2.00558333300000E+03, -1.79438977596624E-01, -3.00000000000000E-01, -1.89347897635257E+00,  1.13590000000002E+02,  3.07425491809285E+01,  6.96861326890937E+01
 2.00566666700000E+03, -3.24007925014455E-01, -3.60000000000000E-01, -1.85698246681362E+00,  1.13770000000002E+02,  2.85058427548445E+01,  7.45645916482999E+01
 2.00575000000000E+03, -4.31549749765172E-01, -4.32500000000000E-01, -1.82062273324771E+00,  1.13950000000002E+02,  2.69101559790112E+01,  7.23238383300140E+01
 2.00583333300000E+03, -4.31549749765172E-01, -4.32500000000000E-01, -1.78440555785276E+00,  1.14130000000002E+02,  1.89077328315550E+01,  8.02251861441392E+01
 2.00591666700000E+03, -1.74396917079438E-01, -4.95000000000000E-01, -1.51029231332266E+00,  1.14310000000002E+02,  1.54365929506512E+01,  5.80250951813606E+01
 2.00600000000000E+03, -1.74396917079438E-01, -3.80000000000000E-01, -1.47554730564325E+00,  1.14490000000002E+02,  1.20984705086131E+01,  6.10065159268095E+01
 2.00608333300000E+03, -3.27490146399732E-01, -3.45000000000000E-01, -1.44099538288058E+00,  1.14670000000002E+02,  1.34988778210060E+01,  2.91445043444096E+01
 2.00616666700000E+03, -3.27490146399732E-01, -3.85000000000000E-01, -1.40664103254189E+00,  1.14850000000002E+02,  1.50790137193441E+01,  3.27018611733840E+01
 2.00625000000000E+03, -3.05980082330136E-01, -5.02500000000000E-01, -1.37248858691651E+00,  1.15030000000002E+02,  1.54007928866155E+01,  1.88142397262511E+01
 2.00633333300000E+03, -1.94133187680837E-01, -1.77500000000000E-01, -1.33854221787144E+00,  1.15210000000002E+02,  2.15530045285175E+01,  1.82421183075431E+01
 2.00641666700000E+03,  2.95156610491044E-01,  1.97500000000000E-01,  9.33575840345372E-01,  1.15390000000002E+02,  1.83034157764415E+01,  1.24272272608554E+01
 2.00650000000000E+03,  2.97140246257340E-01,  2.67500000000000E-01,  9.11821273755137E-01,  1.15570000000002E+02,  1.72939503259139E+01,  1.49029465864210E+01
 2.00658333300000E+03,  3.46522262765806E-01,  2.15000000000000E-01,  8.90168522296616E-01,  1.15750000000002E+02,  1.86961366363774E+01,  1.36947354276628E+01
 2.00666666700000E+03,  4.13906331541268E-01,  2.72500000000000E-01,  8.68612341506187E-01,  1.15930000000002E+02,  2.19436421814722E+01,  1.08675330933490E+01
 2.00675000000000E+03,  4.13906331541268E-01,  2.30000000000000E-01,  8.47147354581052E-01,  1.16110000000002E+02,  2.41329541546983E+01,  1.43116088677556E+01
 2.00683333300000E+03,  3.79519322955335E-01,  2.60000000000000E-01,  8.25768057652461E-01,  1.16290000000002E+02,  2.84330456518111E+01,  1.96974768656099E+01
 2.00691666700000E+03,  2.58769010777490E-01,  3.10000000000000E-01,  1.30303463316125E+00,  1.16470000000002E+02,  2.97289747612706E+01,  1.71752922927431E+01
 2.00700000000000E+03,  2.58769010777490E-01,  2.40000000000000E-01,  1.27903685668966E+00,  1.16650000000002E+02,  2.68880924169621E+01,  1.80526293559274E+01
 2.00708333300000E+03,  3.24269391469498E-01,  2.77500000000000E-01,  1.25520363436520E+00,  1.16830000000002E+02,  2.67384270357211E+01,  2.37082317970153E+01
 2.00716666700000E+03,  3.24269391469498E-01,  2.57500000000000E-01,  1.23153242862297E+00,  1.17010000000002E+02,  1.43146707189612E+01,  2.84363831397252E+01
 2.00725000000000E+03,  2.78763957384288E-01,  3.20000000000000E-01,  1.20802051208716E+00,  1.17190000000002E+02,  1.62306201642555E+01,  2.54169853716830E+01
 2.00733333300000E+03,  1.55017514587161E-01,  2.30000000000000E-01,  1.18466496942864E+00,  1.17370000000002E+02,  1.39686281208379E+01,  2.68475832929483E+01
 2.00741666700000E+03,  1.36358076081802E-01, -9.75000000000000E-02, -5.14987354664794E-01,  1.17550000000002E+02,  1.43463750951475E+01,  2.82574639992784E+01
 2.00750000000000E+03,  1.99406044958420E-02, -2.50000000000000E-01, -4.87687413783893E-01,  1.17730000000002E+02,  1.39080759291563E+01,  4.04961109169439E+01
 2.00758333300000E+03, -1.13255604541057E-01, -3.77500000000000E-01, -4.60629254744112E-01,  1.17910000000002E+02,  1.45559749729641E+01,  3.46483839886281E+01
 2.00766666700000E+03, -2.15260931058323E-01, -4.05000000000000E-01, -4.33810928084441E-01,  1.18090000000002E+02,  1.46309543440757E+01,  4.52185737937940E+01
 2.00775000000000E+03, -2.79753834877687E-01, -4.37500000000000E-01, -4.07230273580724E-01,  1.18270000000002E+02,  1.62677792736753E+01,  4.76071069621622E+01
 2.00783333300000E+03, -2.79753834877687E-01, -5.10000000000000E-01, -3.80884922525221E-01,  1.18450000000002E+02,  1.66536314884636E+01,  4.32131971985878E+01
 2.00791666700000E+03, -3.03053862217220E-01, -5.00000000000000E-01, -2.26918973154663E+00,  1.18630000000002E+02,  1.28050081505060E+01,  2.79382940340986E+01
 2.00800000000000E+03, -3.21399143716863E-01, -4.75000000000000E-01, -2.23164959642486E+00,  1.18810000000002E+02,  1.36259991146922E+01,  3.15527781919212E+01
 2.00808333300000E+03, -4.45409303001961E-01, -4.67500000000000E-01, -2.19418423808510E+00,  1.18990000000002E+02,  9.01600957075140E+00,  2.10080064344922E+01
 2.00816666700000E+03, -4.45409303001961E-01, -5.20000000000000E-01, -2.15679995477802E+00,  1.19170000000002E+02,  1.18778122746494E+01,  2.90555789466851E+01
 2.00825000000000E+03, -4.27918123404467E-01, -4.97500000000000E-01, -2.11950302641477E+00,  1.19350000000002E+02,  1.12916462563018E+01,  2.83320040407887E+01
 2.00833333300000E+03, -3.08854617994290E-01, -2.50000000000000E-02, -2.08229970733339E+00,  1.19530000000002E+02,  2.03781277383192E+01,  4.30149958281731E+01
 2.00841666700000E+03,  1.99872736512626E-01,  1.32500000000000E-01, -2.02151038916218E-01,  1.19710000000002E+02,  1.85939113056888E+01,  4.06165209630810E+01
 2.00850000000000E+03,  2.20481500926015E-01,  2.90000000000000E-01, -1.77584331036244E-01,  1.19890000000002E+02,  2.56430314731568E+01,  6.93090478271058E+01
 2.00858333300000E+03,  2.41102089820501E-01,  1.97500000000000E-01, -1.53222604989258E-01,  1.20070000000002E+02,  2.18641730511594E+01,  5.82561098794418E+01
 2.00866666700000E+03,  2.41102089820501E-01,  1.62500000000000E-01, -1.29061578614909E-01,  1.20250000000002E+02,  2.37822347239915E+01,  7.39020794026878E+01
 2.00875000000000E+03,  2.18109461117483E-01,  2.07500000000000E-01, -1.05096801344055E-01,  1.20430000000002E+02,  1.66905730779988E+01,  6.43496874636027E+01
 2.00883333300000E+03,  1.33519649330298E-01,  1.80000000000000E-01, -8.13236590651291E-02,  1.20610000000002E+02,  1.60481729376002E+01,  6.71508518624487E+01
 2.00891666700000E+03,  1.33519649330298E-01,  2.25000000000000E-01,  1.48798093931585E+00,  1.20790000000002E+02,  7.66479195219981E+00,  4.15637709307315E+01
 2.00900000000000E+03,  1.46415680882013E-01,  2.95000000000000E-01,  1.46269103892304E+00,  1.20970000000002E+02,  8.57561709210963E+00,  4.90247102258397E+01
 2.00908333300000E+03,  2.78685577057736E-01,  3.72500000000000E-01,  1.43757853253552E+00,  1.21150000000002E+02,  1.32654376550131E+01,  3.38014852069980E+01
 2.00916666700000E+03,  4.00534779327385E-01,  2.45000000000000E-01,  1.41264233692526E+00,  1.21330000000002E+02,  1.07688600556595E+01,  2.56091658993841E+01
 2.00925000000000E+03,  4.27337504932288E-01,  3.35000000000000E-01,  1.38788117293707E+00,  1.21510000000002E+02,  1.59020333078136E+01,  1.98952218801491E+01
 2.00933333300000E+03,  4.27337504932288E-01,  3.62500000000000E-01,  1.36329356550391E+00,  1.21690000000002E+02,  1.56390227718838E+01,  1.39074656416172E+01
 2.00941666700000E+03, -8.93768613891938E-03,  2.50000000000000E-01,  1.37694530847217E+00,  1.21870000000002E+02,  1.50834881275351E+01,  7.24392513024083E+00
 2.00950000000000E+03, -8.93768613891938E-03,  2.45000000000000E-01,  1.35243421967122E+00,  1.22050000000002E+02,  8.51997747054800E+00,  7.34167026238139E+00
 2.00958333300000E+03,  1.12408859093429E-02,  2.05000000000000E-01,  1.32809421249679E+00,  1.22230000000002E+02,  1.36693709531026E+01,  9.22033217983666E+00
 2.00966666700000E+03,  7.55455754245020E-02,  2.80000000000000E-01,  1.30392333470454E+00,  1.22410000000002E+02,  1.44159800880275E+01,  1.12769337314956E+01
 2.00975000000000E+03,  1.35017746577242E-01,  2.62500000000000E-01,  1.27991944009041E+00,  1.22590000000002E+02,  1.79005089292755E+01,  1.32165212534851E+01
 2.00983333300000E+03,  1.35017746577242E-01,  2.07500000000000E-01,  1.25608018960704E+00,  1.22770000000002E+02,  2.40478860870023E+01,  1.23965726718951E+01
 2.00991666700000E+03, -3.78343334693469E-02,  2.60000000000000E-01, -9.46710232385850E-01,  1.22950000000002E+02,  2.49096975791889E+01,  1.56416909578867E+01
 2.01000000000000E+03, -4.84114627979752E-02,  1.45000000000000E-01, -9.15755618911737E-01,  1.23130000000002E+02,  2.97698526425474E+01,  2.62700372730841E+01
 2.01008333300000E+03, -4.84114627979752E-02,  1.27500000000000E-01, -8.85046279024149E-01,  1.23310000000002E+02,  2.82178532413753E+01,  2.61996218753947E+01
 2.01016666700000E+03, -1.22524532250222E-01, -2.00000000000000E-02, -8.54583478125842E-01,  1.23490000000002E+02,  3.81679434190787E+01,  3.81086962384751E+01
 2.01025000000000E+03, -2.63783650661742E-01, -3.97500000000000E-01, -8.24368266216660E-01,  1.23670000000002E+02,  3.56849936460296E+01,  3.99049983110459E+01
 2.01033333300000E+03, -4.23862730230175E-01, -5.85000000000000E-01, -7.94401476467951E-01,  1.23850000000002E+02,  3.57370783543613E+01,  5.58984074862047E+01
 2.01041666700000E+03, -4.23862730230175E-01, -5.87500000000000E-01, -1.38678349438802E+00,  1.24030000000002E+02,  2.64034216465045E+01,  5.00455354941821E+01
 2.01050000000000E+03, -3.93722054669218E-01, -6.95000000000000E-01, -1.35275022221767E+00,  1.24210000000002E+02,  2.59758428928589E+01,  5.88731824075075E+01
 2.01058333300000E+03, -2.77766262428028E-01, -4.45000000000000E-01, -1.31892537365557E+00,  1.24390000000002E+02,  1.25631897804172E+01,  4.49998016572334E+01
 2.01066666700000E+03, -1.32402668071930E-01,  9.50000000000000E-02, -1.28531285681715E+00,  1.24570000000002E+02,  1.32848136613704E+01,  5.10348936495125E+01
 2.01075000000000E+03, -3.09189510515127E-02,  1.92500000000000E-01, -1.25191640682003E+00,  1.24750000000002E+02,  1.39005167169350E+01,  3.45877282972529E+01
 2.01083333300000E+03, -3.09189510515127E-02,  1.80000000000000E-01, -1.21873958125919E+00,  1.24930000000002E+02,  1.41321911696075E+01,  4.10588147283429E+01
 2.01091666700000E+03, -1.39079575594974E-01,  1.90000000000000E-01,  2.98927407067126E-01,  1.25110000000002E+02,  1.12050011307948E+01,  3.75194535802242E+01
 2.01100000000000E+03, -1.39079575594974E-01,  1.12500000000000E-01,  2.77563670178848E-01,  1.25290000000002E+02,  1.05226289269558E+01,  4.28721014628559E+01
 2.01108333300000E+03, -5.51027610344652E-02,  1.30000000000000E-01,  2.56111085928956E-01,  1.25470000000002E+02,  9.51250253977167E+00,  4.82572873649697E+01
 2.01116666700000E+03,  8.44600216680556E-02,  1.45000000000000E-01,  2.34563209009902E-01,  1.25650000000002E+02,  9.47385939909812E+00,  4.57027498824920E+01
 2.01125000000000E+03,  1.27010494692478E-01,  1.32500000000000E-01,  2.56108688024566E-01,  1.25830000000002E+02,  1.32438980109846E+01,  5.75508836426439E+01
 2.01133333300000E+03,  2.06902441016767E-01,  2.42500000000000E-01,  2.34560800120040E-01,  1.26010000000002E+02,  1.93778807087710E+01,  7.15770882069097E+01
 2.01141666700000E+03,  2.29566674608653E-01,  3.17500000000000E-01,  2.02333005523885E+00,  1.26190000000002E+02,  1.99146282033363E+01,  6.55216375827454E+01
 2.01150000000000E+03,  2.06902441016767E-01,  2.47500000000000E-01,  1.99459867394574E+00,  1.26370000000002E+02,  1.52424004943639E+01,  6.32289610375284E+01
 2.01158333300000E+03,  2.03128242086764E-01,  3.15000000000000E-01,  1.96602799868810E+00,  1.26550000000002E+02,  1.36704563586854E+01,  6.19241197723185E+01
 2.01166666700000E+03,  1.52602944542714E-01,  2.95000000000000E-01,  1.93762046009671E+00,  1.26730000000002E+02,  1.54027309011553E+01,  5.70675882318138E+01
 2.01175000000000E+03,  8.92350276711820E-02,  2.67500000000000E-01,  1.90937834076171E+00,  1.26910000000002E+02,  1.12572851504311E+01,  3.97625646861745E+01
 2.01183333300000E+03,  2.48816431998999E-02,  2.52500000000000E-01,  1.88130377080649E+00,  1.27090000000002E+02,  1.20255030971798E+01,  4.73261493147858E+01
 2.01191666700000E+03, -1.03545948154215E-01,  1.47500000000000E-01,  1.10563079851289E+00,  1.27270000000002E+02,  1.27304297871018E+01,  3.82481171706191E+01
 2.01200000000000E+03, -1.03545948154215E-01,  1.10000000000000E-01,  1.08292861046376E+00,  1.27450000000002E+02,  1.34405143556824E+01,  4.16325644608207E+01
 2.01208333300000E+03, -7.79028532594140E-02,  1.60000000000000E-01,  1.06036377488512E+00,  1.27630000000002E+02,  1.04140854538875E+01,  2.39062941129200E+01
 2.01216666700000E+03, -4.81326383041537E-03,  1.62500000000000E-01,  1.03793222764981E+00,  1.27810000000002E+02,  7.29958841594023E+00,  2.20775503196296E+01
 2.01225000000000E+03,  1.24550412851455E-01,  1.72500000000000E-01,  1.01562973782166E+00,  1.27990000000002E+02,  8.89853942735659E+00,  2.06212885058479E+01
 2.01233333300000E+03,  1.71560362625029E-01,  1.20000000000000E-01,  9.93451911442190E-01,  1.28170000000002E+02,  8.43075882991701E+00,  1.94271246309749E+01
 2.01241666700000E+03,  1.71560362625029E-01, -2.75000000000000E-02, -1.54086022125648E+00,  1.28350000000002E+02,  8.34155671628015E+00,  1.83277311479903E+01
 2.01250000000000E+03, -5.81183713541323E-02, -2.05000000000000E-01, -1.50595000321299E+00,  1.28530000000002E+02,  8.22889393742344E+00,  2.69520850795570E+01
 2.01258333300000E+03, -2.83187894269758E-01, -2.32500000000000E-01, -1.47122881890333E+00,  1.28710000000002E+02,  8.27007172049760E+00,  2.70833904540136E+01
 2.01266666700000E+03, -4.08405820485497E-01, -2.67500000000000E-01, -1.43670128729077E+00,  1.28890000000002E+02,  6.08717982422041E+00,  2.35920690424083E+01
 2.01275000000000E+03, -4.08405820485497E-01, -3.02500000000000E-01, -1.40237187682035E+00,  1.29070000000002E+02,  6.02454837866997E+00,  2.31272307877587E+01
 2.01283333300000E+03, -3.41883626156838E-01, -3.20000000000000E-01, -1.36824490006063E+00,  1.29250000000002E+02,  1.01648303348184E+01,  2.41287965408621E+01
 2.01291666700000E+03, -2.56999916803537E-01, -4.30000000000000E-01, -1.46373520396090E+00,  1.29430000000002E+02,  6.99675899315737E+00,  1.17514800252436E+01
 2.01300000000000E+03, -2.56999916803537E-01, -3.37500000000000E-01, -1.42925020225253E+00,  1.29610000000002E+02,  7.45278435642417E+00,  8.60104229306930E+00
 2.01308333300000E+03, -2.56999916803537E-01, -3.57500000000000E-01, -1.39496426898866E+00,  1.29790000000002E+02,  8.53455705955860E+00,  9.15427219806180E+00
 2.01316666700000E+03, -2.15866960046822E-01, -4.57500000000000E-01, -1.36088168229358E+00,  1.29970000000002E+02,  1.41482791915904E+01,  2.19000340406084E+01
 2.01325000000000E+03, -1.10284002791386E-01, -5.20000000000000E-01, -1.32700655813465E+00,  1.30150000000002E+02,  1.36748108327581E+01,  1.98976244887182E+01
 2.01333333300000E+03, -3.71411346998541E-02, -2.82500000000000E-01, -1.29334284536330E+00,  1.30330000000002E+02,  1.47385844544030E+01,  2.56077415864092E+01
 2.01341666700000E+03,  8.80845223401794E-03,  1.17500000000000E-01,  4.84228999180427E-01,  1.30510000000002E+02,  1.47295843427738E+01,  2.57750571704299E+01
 2.01350000000000E+03,  4.73467420507662E-02,  2.20000000000000E-01,  4.63362026799247E-01,  1.30690000000002E+02,  1.39656459610490E+01,  3.41401024022199E+01
 2.01358333300000E+03,  1.02468889614118E-01,  2.32500000000000E-01,  4.42464793723001E-01,  1.30870000000002E+02,  1.11019196491673E+01,  6.29272560371426E+01
 2.01366666700000E+03,  1.32875581667835E-01,  2.17500000000000E-01,  4.21530561548941E-01,  1.31050000000002E+02,  1.04245356477266E+01,  8.59019515949791E+01
 2.01375000000000E+03,  1.32875581667835E-01,  2.75000000000000E-01,  4.00552597420118E-01,  1.31230000000002E+02,  1.48924947216335E+01,  8.56162632641264E+01
 2.01383333300000E+03,  1.32875581667835E-01,  2.25000000000000E-01,  3.79524181175811E-01,  1.31410000000002E+02,  1.47689315592077E+01,  8.86597058586241E+01
 2.01391666700000E+03,  1.47579884378021E-01,  2.35000000000000E-01,  1.56138564709165E+00,  1.31590000000002E+02,  1.47888219682403E+01,  8.06565018618809E+01
 2.01400000000000E+03,  2.02862805628631E-01,  2.80000000000000E-01,  1.53558354898593E+00,  1.31770000000002E+02,  1.46364534767940E+01,  7.41165160392543E+01
 2.01408333300000E+03,  2.36754415150814E-01,  2.85000000000000E-01,  1.50996086602281E+00,  1.31950000000002E+02,  1.14466438590837E+01,  6.67374845516552E+01
 2.01416666700000E+03,  2.36754415150814E-01,  2.30000000000000E-01,  1.48451707386491E+00,  1.32130000000002E+02,  1.36901197614384E+01,  8.17067747915514E+01
 2.01425000000000E+03,  2.10176752948977E-01,  3.67500000000000E-01,  1.45925145357352E+00,  1.32310000000003E+02,  1.68305860753830E+01,  9.06216951727676E+01
 2.01433333300000E+03,  1.48330609279146E-01,  3.52500000000000E-01,  1.43416309091551E+00,  1.32490000000003E+02,  2.41183541564071E+01,  9.81301980790381E+01
 2.01441666700000E+03, -1.96446139272741E-01,  2.52500000000000E-01,  2.99005374567554E-01,  1.32670000000003E+02,  2.50261805767114E+01,  7.22052842338630E+01
 2.01450000000000E+03, -1.96446139272741E-01,  1.27500000000000E-01,  2.77641950670733E-01,  1.32850000000003E+02,  2.70137632839756E+01,  8.56075710656388E+01
 2.01458333300000E+03, -1.35583959699340E-01,  1.80000000000000E-01,  2.56189703097093E-01,  1.33030000000003E+02,  2.43963636801260E+01,  8.35896636261739E+01
 2.01466666700000E+03, -4.24990420639700E-02,  1.32500000000000E-01,  2.34642186304368E-01,  1.33210000000003E+02,  2.06029831800428E+01,  7.84546595733306E+01
 2.01475000000000E+03, -3.77889718455685E-02,  7.75000000000000E-02,  2.56187287566362E-01,  1.33390000000003E+02,  1.72053848681235E+01,  6.83985009604936E+01
 2.01483333300000E+03, -4.24990420639700E-02, -5.00000000000000E-02,  2.34639759709856E-01,  1.33570000000003E+02,  2.57847606434681E+01,  6.75950560689255E+01
 2.01491666700000E+03, -1.35764989911966E-01, -2.65000000000000E-01, -1.88556312478071E+00,  1.33750000000003E+02,  2.64265220983016E+01,  5.89631616932741E+01
 2.01500000000000E+03, -3.00297625034759E-01, -2.75000000000000E-01, -1.84909574381977E+00,  1.33930000000003E+02,  2.30970118369333E+01,  4.78523212227956E+01
 2.01508333300000E+03, -4.09103867888108E-01, -2.70000000000000E-01, -1.81276639844556E+00,  1.34110000000003E+02,  2.96853548469317E+01,  5.20163735046926E+01
 2.01516666700000E+03, -4.09103867888108E-01, -3.52500000000000E-01, -1.77658085196018E+00,  1.34290000000003E+02,  2.48767593057942E+01,  5.93960689652083E+01
 2.01525000000000E+03, -3.30502128660733E-01, -4.55000000000000E-01, -1.74054477631370E+00,  1.34470000000003E+02,  1.36478816543559E+01,  4.97216776174810E+01
 2.01533333300000E+03, -2.84630187932304E-01, -5.42500000000000E-01, -1.70466374542371E+00,  1.34650000000003E+02,  1.30760886713075E+01,  3.07344684249789E+01
 2.01541666700000E+03, -1.87017019568379E-01, -5.75000000000000E-01, -6.70838150689775E-01,  1.34830000000003E+02,  2.88590252154334E+01,  3.91771079585735E+01
 2.01550000000000E+03, -1.52125824766044E-01, -2.90000000000000E-01, -6.42171801627088E-01,  1.35010000000003E+02,  2.27949765017476E+01,  3.66071691196043E+01
 2.01558333300000E+03,  1.48864335322308E-02,  1.15000000000000E-01, -6.13754139773658E-01,  1.35190000000003E+02,  2.47792414213860E+01,  8.65754323157463E+01
 2.01566666700000E+03,  1.76435286236943E-01,  2.70000000000000E-01, -5.85584414695334E-01,  1.35370000000003E+02,  2.66637907877834E+01,  1.05829380026157E+02
 2.01575000000000E+03,  3.31809388506899E-01,  2.55000000000000E-01, -5.57661657003479E-01,  1.35550000000003E+02,  3.31620173814443E+01,  1.35194153091978E+02
 2.01583333300000E+03,  3.31809388506899E-01,  2.47500000000000E-01, -5.29984679265668E-01,  1.35730000000003E+02,  1.69701836429763E+01,  1.21167676706614E+02
 2.01591666700000E+03,  1.15890822759651E-01,  1.37500000000000E-01,  1.21645266683329E+00,  1.35910000000003E+02,  1.76120392096610E+01,  1.21541954453973E+02
 2.01600000000000E+03,  1.15890822759651E-01,  1.27500000000000E-01,  1.19304126989424E+00,  1.36090000000003E+02,  1.67204005058534E+01,  6.34995702076966E+01
 2.01608333300000E+03,  1.42532216939529E-01,  1.20000000000000E-01,  1.16978428148372E+00,  1.36270000000003E+02,  1.70850180318270E+01,  5.48594823976875E+01
 2.01616666700000E+03,  1.42532216939529E-01,  1.42500000000000E-01,  1.14667848257145E+00,  1.36450000000003E+02,  1.21303955569252E+01,  3.05181328297211E+01
 2.01625000000000E+03,  9.44720770929069E-02, -1.35000000000000E-01,  1.12372047222697E+00,  1.36630000000003E+02,  2.01454842592601E+01,  3.97663676396703E+01
 2.01633333300000E+03,  9.44720770929069E-02, -4.57500000000000E-01,  1.10090667033911E+00,  1.36810000000003E+02,  2.03885557422688E+01,  3.37651327334173E+01
 2.01641666700000E+03,  1.22237125785385E-01, -5.85000000000000E-01,  1.49088741483401E+00,  1.36990000000003E+02,  1.95003668416851E+01,  3.58202002445924E+01
 2.01650000000000E+03,  1.22237125785385E-01, -4.05000000000000E-01,  1.46557714657080E+00,  1.37170000000003E+02,  1.75258949936495E+01,  4.54249075444538E+01
 2.01658333300000E+03,  3.25804433092428E-02, -8.50000000000000E-02,  1.44044438382739E+00,  1.37350000000003E+02,  1.75033480675562E+01,  1.16714802728758E+02
 2.01666666700000E+03, -6.85573380824744E-03,  7.75000000000000E-02,  1.41548806579477E+00,  1.37530000000003E+02,  1.81779664259566E+01,  1.69883990588154E+02
 2.01675000000000E+03, -6.85573380824744E-03,  1.92500000000000E-01,  1.39070693575085E+00,  1.37710000000003E+02,  1.85912793651022E+01,  2.31510920448588E+02
 2.01683333300000E+03,  7.24224106971621E-03,  2.22500000000000E-01,  1.36609954104735E+00,  1.37890000000003E+02,  2.06709036644232E+01,  2.42255508357412E+02
 2.01691666700000E+03,  9.27588503446725E-03,  2.82500000000000E-01, -2.74635519141219E-01,  1.38070000000003E+02,  2.36190163485163E+01,  2.55517641661167E+02
 2.01700000000000E+03,  1.70237261114853E-01,  3.30000000000000E-01, -2.49451381053114E-01,  1.38250000000003E+02,  3.30492891373118E+01,  1.77240012916088E+02
 2.01708333300000E+03,  3.33721911210078E-01,  3.62500000000000E-01, -2.24483654832527E-01,  1.38430000000003E+02,  3.55496549528133E+01,  1.14384006818205E+02
 2.01716666700000E+03,  4.62431016090268E-01,  2.67500000000000E-01, -1.99728572796710E-01,  1.38610000000003E+02,  3.51734472782242E+01,  7.70641357683805E+01
 2.01725000000000E+03,  4.62431016090268E-01,  2.95000000000000E-01, -1.75182185811797E-01,  1.38790000000003E+02,  4.46821257102073E+01,  8.13084070352989E+01
 2.01733333300000E+03,  4.74934741687328E-01,  3.70000000000000E-01, -1.50840367600835E-01,  1.38970000000003E+02,  4.14823515511040E+01,  5.99237461609301E+01
 2.01741666700000E+03,  4.60274441287493E-01,  3.35000000000000E-01, -2.51168506196621E+00,  1.39150000000003E+02,  4.00773191670131E+01,  8.54603119538106E+01
 2.01750000000000E+03,  3.32099830052704E-01,  2.77500000000000E-01, -2.47381485638351E+00,  1.39330000000003E+02,  3.00921037980490E+01,  9.35693675856490E+01
 2.01758333300000E+03,  2.50979408524250E-01,  2.70000000000000E-01, -2.43597901724249E+00,  1.39510000000003E+02,  3.16060026740083E+01,  9.46633627143004E+01
 2.01766666700000E+03,  2.17218731245142E-01,  2.50000000000000E-01, -2.39818378883419E+00,  1.39690000000003E+02,  2.25576438292811E+01,  1.37038113519720E+02
 2.01775000000000E+03,  1.77908892864695E-01,  2.30000000000000E-01, -2.36043544322617E+00,  1.39870000000003E+02,  2.19644545249400E+01,  1.41193765531791E+02
 2.01783333300000E+03,  1.77908892864695E-01,  2.00000000000000E-01, -2.32274027317608E+00,  1.40050000000003E+02,  1.85704791034472E+01,  1.94661466758682E+02
 2.01791666700000E+03,  2.10267392468228E-01,  1.55000000000000E-01, -5.54662508757677E-01,  1.40230000000003E+02,  1.97973993975095E+01,  1.99906307985781E+02
 2.01800000000000E+03,  2.10267392468228E-01,  1.60000000000000E-01, -5.27011979370149E-01,  1.40410000000003E+02,  2.96954471949573E+01,  2.01201261595723E+02
 2.01808333300000E+03,  1.25837260563600E-01,  2.15000000000000E-01, -4.99605661135579E-01,  1.40590000000003E+02,  4.67946569222450E+01,  2.15630534694664E+02
 2.01816666700000E+03,  2.07106989418905E-02,  1.82500000000000E-01, -4.72441911107732E-01,  1.40770000000003E+02,  4.86298881645563E+01,  2.30588970747426E+02
 2.01825000000000E+03, -1.00686272066360E-01,  5.75000000000000E-02, -4.45518872723848E-01,  1.40950000000003E+02,  5.03249687078774E+01,  1.55050579466805E+02
 2.01833333300000E+03, -2.25082291832609E-01, -2.20000000000000E-01, -4.18834477736148E-01,  1.41130000000003E+02,  5.31245024000993E+01,  1.82642547099434E+02
 2.01841666700000E+03, -3.99073005379301E-01, -4.45000000000000E-01,  2.26364537747492E+00,  1.41310000000003E+02,  5.33116400527959E+01,  1.54540146665750E+02
 2.01850000000000E+03, -5.79089202388396E-01, -5.80000000000000E-01,  2.23370953089506E+00,  1.41490000000003E+02,  3.86573034201701E+01,  1.19950452087064E+02
 2.01858333300000E+03, -6.98609429843066E-01, -5.72500000000000E-01,  2.20390961858791E+00,  1.41670000000003E+02,  7.17813111142634E+01,  1.42414054050205E+02
 2.01866666700000E+03, -6.98609429843066E-01, -6.00000000000000E-01,  2.17424909332427E+00,  1.41850000000003E+02,  7.02434203242668E+01,  1.55033089972144E+02
 2.01875000000000E+03, -6.75332922386280E-01, -6.30000000000000E-01,  2.14473130209890E+00,  1.42030000000003E+02,  6.80302902547993E+01,  1.36969383447143E+02
 2.01883333300000E+03, -5.46510965313929E-01, -6.50000000000000E-01,  2.11535948043877E+00,  1.42210000000003E+02,  8.03584614739191E+01,  1.88644163597374E+02
 2.01891666700000E+03, -1.32943931097410E-01, -4.72500000000000E-01,  1.49524393545005E+00,  1.42390000000003E+02,  7.56022333101895E+01,  1.59526362791970E+02
 2.01900000000000E+03, -1.25954209513486E-01, -2.87500000000000E-01,  1.46990314728134E+00,  1.42570000000003E+02,  6.80946114433867E+01,  1.36218471224218E+02
 2.01908333300000E+03, -6.27435941068294E-02,  4.00000000000000E-02,  1.44474002681945E+00,  1.42750000000003E+02,  7.53183897552892E+01,  1.45214609659217E+02
 2.01916666700000E+03,  6.12976836148079E-02,  1.97500000000000E-01,  1.41975354681906E+00,  1.42930000000003E+02,  7.11003916394179E+01,  1.23708716921448E+02
 2.01925000000000E+03,  1.89253143546658E-01,  2.12500000000000E-01,  1.39494248414889E+00,  1.43110000000003E+02,  5.78431460780792E+01,  7.62339899450721E+01
 2.01933333300000E+03,  2.77692607396250E-01,  2.70000000000000E-01,  1.37030541973608E+00,  1.43290000000003E+02,  5.99434650028164E+01,  6.95911718687322E+01
 2.01941666700000E+03,  2.90543791723033E-01,  2.22500000000000E-01, -4.95235752550267E-01,  1.43470000000003E+02,  3.50079710658987E+01,  6.31118087426506E+01
 2.01950000000000E+03,  2.90543791723033E-01,  2.17500000000000E-01, -4.68110712704541E-01,  1.43650000000003E+02,  2.78593085390123E+01,  3.79326783083129E+01
 2.01958333300000E+03,  2.19952549777933E-01,  2.07500000000000E-01, -4.41226067208540E-01,  1.43830000000003E+02,  3.39055199994166E+01,  4.50081840101900E+01
 2.01966666700000E+03,  1.46725881041929E-01,  9.50000000000000E-02, -4.14579714082855E-01,  1.44010000000003E+02,  2.28790691084651E+01,  3.91628184562681E+01
 2.01975000000000E+03,  6.98617783708343E-02,  5.75000000000000E-02, -3.88169342208135E-01,  1.44190000000003E+02,  2.06587141442738E+01,  3.72958313362365E+01
 2.01983333300000E+03,  2.54937168579842E-02,  7.00000000000000E-02, -3.61992433777306E-01,  1.44370000000003E+02,  2.09768979885394E+01,  1.84704746391686E+01
 2.01991666700000E+03,  2.54937168579842E-02,  1.12500000000000E-01, -1.25874453405627E+00,  1.44550000000003E+02,  1.32841751444572E+01,  1.95373625145591E+01
 2.02000000000000E+03,  2.54937168579842E-02,  5.50000000000000E-02, -1.22552240678822E+00,  1.44730000000003E+02,  6.89036423354839E+00,  1.51934815442135E+01
 2.02008333300000E+03, -2.69659996710898E-02, -4.25000000000000E-02, -1.19252260273611E+00,  1.44910000000003E+02,  7.47117272601187E+00,  1.90847908770930E+01
 2.02016666700000E+03, -1.28673481538978E-01, -1.32500000000000E-01, -1.15974835013764E+00,  1.45090000000003E+02,  9.07658843196858E+00,  1.80519334152455E+01
 2.02025000000000E+03, -2.59385515154668E-01, -3.95000000000000E-01, -1.12720268815578E+00,  1.45270000000003E+02,  6.27844355429102E+00,  1.43401179827401E+01
 2.02033333300000E+03, -2.59385515154668E-01, -4.72500000000000E-01, -1.09488846315286E+00,  1.45450000000003E+02,  7.36167117017119E+00,  3.12076642980382E+01
 2.02041666700000E+03, -3.73715525556604E-02, -5.65000000000000E-01,  5.11335650866841E-01,  1.45630000000003E+02,  1.94863363812162E+01,  4.39154331123695E+01
 2.02050000000000E+03,  5.45262544429300E-03, -4.22500000000000E-01,  4.90497958964520E-01,  1.45810000000003E+02,  1.89118595616245E+01,  4.27486133002693E+01
 2.02058333300000E+03,  6.21827030412825E-02, -5.25000000000000E-02,  4.69638767271804E-01,  1.45990000000003E+02,  1.94304609634336E+01,  5.13222398677423E+01
 2.02066666700000E+03,  1.14988774571300E-01,  1.57500000000000E-01,  4.48751340865321E-01,  1.46170000000003E+02,  2.28832503113861E+01,  6.54670350748558E+01
 2.02075000000000E+03,  1.14988774571300E-01,  3.07500000000000E-01,  4.27828941072836E-01,  1.46350000000003E+02,  3.22418662992621E+01,  6.44930326243002E+01
 2.02083333300000E+03,  8.78879437970593E-02,  2.65000000000000E-01,  4.06864832618224E-01,  1.46530000000003E+02,  2.48714929003450E+01,  7.77980281006598E+01
 2.02091666700000E+03,  1.39243959006565E-03,  2.70000000000000E-01,  1.63855755096922E+00,  1.46710000000003E+02,  3.08053428527116E+01,  1.06490656682441E+02
 2.02100000000000E+03,  1.39243959006565E-03,  1.32500000000000E-01,  1.61222492402204E+00,  1.46890000000003E+02,  4.27484774511015E+01,  1.06148708544909E+02
 2.02108333300000E+03,  6.65936929142358E-02,  2.05000000000000E-01,  1.58607213533864E+00,  1.47070000000003E+02,  4.01154529890630E+01,  9.24615145924496E+01
 2.02116666700000E+03,  1.64240869696815E-01,  2.05000000000000E-01,  1.56009922832345E+00,  1.47250000000003E+02,  4.05036271257155E+01,  9.32196477466502E+01
 2.02125000000000E+03,  2.46333260792616E-01,  3.20000000000000E-01,  1.53430605524887E+00,  1.47430000000003E+02,  4.79983690815464E+01,  6.88793738883802E+01
 2.02133333300000E+03,  2.46333260792616E-01,  3.17500000000000E-01,  1.50869227584257E+00,  1.47610000000003E+02,  4.53319708568288E+01,  6.70092453233271E+01
 2.02141666700000E+03, -7.87018482976787E-03,  2.87500000000000E-01,  1.32360652730404E-01,  1.47790000000003E+02,  4.22351448857879E+01,  7.49104442333288E+01
 2.02150000000000E+03, -1.81280974734264E-02,  2.47500000000000E-01,  1.54458113982925E-01,  1.47970000000003E+02,  4.14525323869613E+01,  7.95886248503516E+01
 2.02158333300000E+03, -1.81280974734264E-02,  2.47500000000000E-01,  1.76425998798258E-01,  1.48150000000003E+02,  2.99255003979870E+01,  6.91805993490129E+01
 2.02166666700000E+03, -1.53141147806001E-03,  2.42500000000000E-01,  1.98270475280463E-01,  1.48330000000003E+02,  2.22146305152408E+01,  6.32644985374084E+01
 2.02175000000000E+03, -1.53141147806001E-03,  2.57500000000000E-01,  2.19997795624550E-01,  1.48510000000003E+02,  2.34574754642845E+01,  4.65220933158899E+01
 2.02183333300000E+03,  3.99365174755901E-03,  9.75000000000000E-02,  2.41614289344747E-01,  1.48690000000003E+02,  2.85209617087592E+01,  9.39460889148315E+01
 2.02191666700000E+03, -3.59744570285562E-03,  7.50000000000000E-03, -1.96277267948450E+00,  1.48870000000003E+02,  3.01930567118628E+01,  1.02966945553948E+02
 2.02200000000000E+03, -3.59744570285562E-03, -1.12500000000000E-01, -1.92603386835659E+00,  1.49050000000003E+02,  3.16176275802874E+01,  1.03960266370735E+02
 2.02208333300000E+03, -1.01721455336911E-01, -1.02500000000000E-01, -1.88942068954416E+00,  1.49230000000003E+02,  2.80577470260569E+01,  1.38469867768915E+02
 2.02216666700000E+03, -2.27075646802752E-01, -1.30000000000000E-01, -1.85293907644188E+00,  1.49410000000003E+02,  2.41897420980377E+01,  1.35543654537289E+02
 2.02225000000000E+03, -3.43690099871721E-01, -3.15000000000000E-01, -1.81659488545816E+00,  1.49590000000003E+02,  2.06590043252237E+01,  8.61075947991099E+01
 2.02233333300000E+03, -4.12563726415399E-01, -4.85000000000000E-01, -1.78039388914505E+00,  1.49770000000003E+02,  2.31137492347634E+01,  1.04284424144334E+02
 2.02241666700000E+03, -4.12563726415399E-01, -5.77500000000000E-01, -6.95492477141933E-01,  1.49950000000003E+02,  2.19307659310189E+01,  1.05680639564386E+02
 2.02250000000000E+03, -4.10917086092347E-01, -6.40000000000000E-01, -6.66613526985027E-01,  1.50130000000003E+02,  2.14104482058127E+01,  7.42709329647133E+01
 2.02258333300000E+03, -2.29482309887719E-01, -2.57500000000000E-01, -6.37983730693354E-01,  1.50310000000003E+02,  2.33167496425944E+01,  8.40405245415766E+01
 2.02266666700000E+03, -4.23920904305386E-03,  1.02500000000000E-01, -6.09602525168589E-01,  1.50490000000003E+02,  1.53086750195550E+01,  6.92454312782994E+01
 2.02275000000000E+03,  1.97228056481623E-01,  2.67500000000000E-01, -5.81469127780642E-01,  1.50670000000003E+02,  1.33770407482239E+01,  4.73151340697958E+01
 2.02283333300000E+03,  1.97228056481623E-01,  3.12500000000000E-01, -5.53582537062856E-01,  1.50850000000003E+02,  1.32926401192933E+01,  3.91502391352128E+01
 2.02291666700000E+03,  1.45042633088839E-01,  2.67500000000000E-01,  1.38527551035094E+00,  1.51030000000003E+02,  1.26412618005891E+01,  3.66973584953889E+01
 2.02300000000000E+03,  1.45042633088839E-01,  2.17500000000000E-01,  1.36070614365974E+00,  1.51210000000003E+02,  9.10793194889236E+00,  1.77607545245946E+01
 2.02308333300000E+03,  2.55180882223575E-01,  1.92500000000000E-01,  1.33630847490283E+00,  1.51390000000003E+02,  8.44248274060882E+00,  1.95939690296875E+01
 2.02316666700000E+03,  3.88003592504057E-01,  3.02500000000000E-01,  1.31208061765425E+00,  1.51570000000003E+02,  1.07832488269690E+01,  7.88637844671226E+00
 2.02325000000000E+03,  4.56792446405332E-01,  3.50000000000000E-01,  1.28802049120642E+00,  1.51750000000003E+02,  9.87256675592217E+00,  1.03226593422453E+01
 2.02333333300000E+03,  4.56792446405332E-01,  3.02500000000000E-01,  1.26412582160327E+00,  1.51930000000003E+02,  1.00320069855968E+01,  9.58430100961587E+00
 2.02341666700000E+03,  1.70616073997792E-01,  3.57500000000000E-01,  2.49254906163351E+00,  1.52110000000003E+02,  9.96875059647357E+00,  1.20297592060815E+01
 2.02350000000000E+03,  1.70616073997792E-01,  2.72500000000000E-01,  2.46171141834889E+00,  1.52290000000003E+02,  5.85442752992229E+00,  1.21664280361051E+01
 2.02358333300000E+03,  2.45837262381943E-01,  2.10000000000000E-01,  2.43098098962309E+00,  1.52470000000003E+02,  2.95925067204535E+00,  1.65785088234849E+01
 2.02366666700000E+03,  2.52905112795852E-01,  1.82500000000000E-01,  2.40036183000439E+00,  1.52650000000003E+02,  6.23065242999424E+00,  1.52273401489491E+01
 2.02375000000000E+03,  2.52905112795852E-01,  1.67500000000000E-01,  2.36985793433926E+00,  1.52830000000003E+02,  6.77437798718158E+00,  2.04600371673781E+01
 2.02383333300000E+03,  1.39389567063650E-01, -2.00000000000000E-02,  2.33947323137177E+00,  1.53010000000003E+02,  1.40259918042269E+01,  3.99221263419351E+01
 2.02391666700000E+03, -7.11839281824617E-02, -3.45000000000000E-01,  8.01973193709174E-01,  1.53190000000003E+02,  1.37854965507832E+01,  5.16863550816686E+01
 2.02400000000000E+03, -2.13882743758241E-01, -4.37500000000000E-01,  7.80756628314048E-01,  1.53370000000003E+02,  1.32073299041591E+01,  4.76805578142756E+01
 2.02408333300000E+03, -3.20399696530900E-01, -4.32500000000000E-01,  7.59607840112861E-01,  1.53550000000003E+02,  1.08400496109433E+01,  5.34153259955574E+01
 2.02416666700000E+03, -3.88778456384544E-01, -3.92500000000000E-01,  7.38520861068870E-01,  1.53730000000003E+02,  9.10198260109011E+00,  2.76305863692640E+00
 2.02425000000000E+03, -4.38068372064788E-01, -4.90000000000000E-01,  7.17489625520675E-01,  1.53910000000003E+02,  4.87064227390608E+00,  4.53956710472691E+01
