 1.88000000000000E+03, -2.41662079469204E-01,  0.00000000000000E+00,  1.24625337694290E+00,  1.00000000000000E-02,  1.66152330858392E+04,  2.09594764639232E+04
 1.88008333300000E+03, -2.33607960897446E-01, -6.00000000000000E-02,  1.27121087789256E+00,  1.90000000000000E-01,  2.43954144328941E+03,  2.86813582420671E+02
 1.88016666700000E+03, -2.18554091247652E-01, -1.95000000000000E-01,  1.29663209751364E+00,  3.70000000000000E-01,  4.40804190955810E+03,  5.57934166687622E+03
 1.88025000000000E+03, -1.95840417353951E-01, -3.25000000000000E-01,  1.32212566773674E+00,  5.50000000000000E-01,  1.52662878389636E+03,  1.65702869731340E+03
 1.88033333300000E+03, -1.71127923249659E-01, -4.30000000000000E-01,  1.34769020244718E+00,  7.30000000000000E-01,  1.12946292920316E+03,  1.64799360488330E+03
 1.88041666700000E+03, -1.50652329071471E-01, -4.67500000000000E-01,  1.37332429144165E+00,  9.10000000000000E-01,  6.91717693620136E+02,  9.99190274038714E+02
 1.88050000000000E+03, -1.35758315159123E-01, -4.30000000000000E-01,  1.39902650056672E+00,  1.09000000000000E+00,  9.95927111230243E+02,  9.17544778253463E+02
 1.88058333300000E+03, -1.67302033558059E-01, -3.97500000000000E-01,  1.42479537186086E+00,  1.27000000000000E+00,  1.01307409767605E+03,  1.00602380030892E+03
 1.88066666700000E+03, -2.17775143032655E-01, -3.62500000000000E-01,  2.29131576951861E+00,  1.45000000000000E+00,  7.23501085666986E+02,  8.46266133956033E+02
 1.88075000000000E+03, -1.74093379730364E-01, -2.90000000000000E-01,  2.31832334871430E+00,  1.63000000000000E+00,  8.32811062223135E+02,  9.11033579726915E+02
 1.88083333300000E+03, -6.63817346778899E-02, -1.85000000000000E-01,  2.34533374205607E+00,  1.81000000000000E+00,  8.71449625330388E+02,  7.94399707690571E+02
 1.88091666700000E+03,  7.94713739915233E-03, -6.25000000000000E-02,  2.37234476226770E+00,  1.99000000000000E+00,  5.78667295104850E+02,  6.56393733930110E+02
 1.88100000000000E+03,  4.00394423918299E-02,  5.75000000000000E-02,  2.39935420560786E+00,  2.17000000000000E+00,  5.51867030540580E+02,  6.79205669161533E+02
 1.88108333300000E+03,  6.37663753785087E-02,  1.90000000000000E-01,  2.42635985212340E+00,  2.35000000000000E+00,  6.14851896793565E+02,  1.01296969090109E+03
 1.88116666700000E+03,  8.54241755663147E-02,  3.12500000000000E-01,  2.45335946590498E+00,  2.53000000000000E+00,  4.64352123803828E+02,  1.05651393566082E+03
 1.88125000000000E+03,  9.28435646298980E-02,  3.42500000000000E-01,  2.48035079534525E+00,  2.71000000000000E+00,  4.07842325931256E+02,  9.76081191937297E+02
 1.88133333300000E+03,  8.62173367757215E-02,  2.60000000000000E-01,  2.50733157339931E+00,  2.89000000000000E+00,  4.04500823869383E+02,  1.00208410619994E+03
 1.88141666700000E+03,  6.68689894366121E-02,  1.42500000000000E-01,  2.53429951784758E+00,  3.07000000000000E+00,  4.51585613010352E+02,  1.04448778344724E+03
 1.88150000000000E+03,  4.17924227131111E-02,  5.25000000000000E-02,  2.56125233156097E+00,  3.25000000000000E+00,  4.45414507046013E+02,  8.19947093554454E+02
 1.88158333300000E+03, -3.46199929413475E-02, -2.75000000000000E-02,  2.58818770276831E+00,  3.43000000000000E+00,  4.85290007696035E+02,  6.96616221481720E+02
 1.88166666700000E+03, -1.53245314218271E-01, -1.32500000000000E-01, -3.11383343359206E+00,  3.61000000000000E+00,  4.84183085435838E+02,  6.57717392997314E+02
 1.88175000000000E+03, -1.99234755830756E-01, -2.85000000000000E-01, -3.16316467198372E+00,  3.79000000000000E+00,  5.62150958990189E+02,  6.92038576745908E+02
 1.88183333300000E+03, -1.74485402592456E-01, -4.12500000000000E-01, -3.21236031651257E+00,  3.97000000000000E+00,  4.58027531133815E+02,  3.33419309607356E+02
 1.88191666700000E+03, -1.36855350516660E-01, -4.42500000000000E-01, -3.26141676332673E+00,  4.15000000000000E+00,  3.14083926923411E+02,  2.42872658521510E+02
 1.88200000000000E+03, -9.66632006235315E-02, -4.02500000000000E-01, -3.31033041985282E+00,  4.33000000000000E+00,  2.29462056266172E+02,  2.38779442678399E+02
 1.88208333300000E+03, -7.45243000854882E-02, -3.00000000000000E-01, -3.35909770514289E+00,  4.51000000000000E+00,  3.27241952862906E+02,  2.47678381333994E+02
 1.88216666700000E+03, -8.72030767636852E-02, -1.85000000000000E-01, -3.40771505022010E+00,  4.69000000000000E+00,  3.41070223895882E+02,  3.04985353238747E+02
 1.88225000000000E+03, -1.35928745869257E-01, -1.65000000000000E-01, -3.45617889842300E+00,  4.87000000000000E+00,  3.32910420843539E+02,  4.64470641454847E+02
 1.88233333300000E+03, -2.05041301078858E-01, -2.42500000000000E-01, -3.50448570574861E+00,  5.05000000000000E+00,  3.14504764063986E+02,  3.79434606185553E+02
 1.88241666700000E+03, -2.71485762876548E-01, -3.35000000000000E-01, -3.55263194119400E+00,  5.23000000000000E+00,  3.17014253825999E+02,  3.62685548219319E+02
 1.88250000000000E+03, -3.18445812681587E-01, -3.92500000000000E-01, -3.60061408709653E+00,  5.41000000000000E+00,  2.69511779020565E+02,  3.82504404140056E+02
 1.88258333300000E+03, -2.81011906285225E-01, -4.17500000000000E-01, -3.64842863947263E+00,  5.59000000000000E+00,  2.16784232445852E+02,  2.96939078998519E+02
 1.88266666700000E+03, -1.64625345650845E-01, -4.22500000000000E-01,  3.11435860578640E+00,  5.77000000000000E+00,  1.70915274535794E+02,  1.48175719559978E+02
 1.88275000000000E+03, -1.00218896868093E-01, -3.97500000000000E-01,  3.10088849311619E+00,  5.95000000000000E+00,  1.46817385029942E+02,  1.26736470931618E+02
 1.88283333300000E+03, -9.67915183193551E-02, -3.60000000000000E-01,  3.08739102612606E+00,  6.13000000000000E+00,  2.07309458377368E+02,  1.85637594696975E+02
 1.88291666700000E+03, -1.00817965490133E-01, -2.97500000000000E-01,  3.07386436876163E+00,  6.31000000000000E+00,  2.16273039146072E+02,  2.70304878782903E+02
 1.88300000000000E+03, -1.16716380085083E-01, -2.55000000000000E-01,  3.06030668492919E+00,  6.49000000000000E+00,  1.86815079858826E+02,  2.61883375181281E+02
 1.88308333300000E+03, -1.44938178135148E-01, -3.17500000000000E-01,  3.04671613880895E+00,  6.67000000000000E+00,  1.94159515119587E+02,  3.04739791719629E+02
 1.88316666700000E+03, -1.83650208717989E-01, -3.75000000000000E-01,  3.03309089516837E+00,  6.85000000000000E+00,  1.74885173623355E+02,  3.48557345995433E+02
 1.88325000000000E+03, -2.30968162397698E-01, -3.62500000000000E-01,  3.01942911967548E+00,  7.03000000000000E+00,  1.63041731970950E+02,  4.81044942230173E+02
 1.88333333300000E+03, -2.84676711348310E-01, -3.27500000000000E-01,  3.00572897921215E+00,  7.21000000000000E+00,  1.95802995293294E+02,  5.90926882432393E+02
 1.88341666700000E+03, -3.39961440851584E-01, -3.30000000000000E-01,  2.99198864218719E+00,  7.39000000000000E+00,  2.03040852835400E+02,  6.14400491369427E+02
 1.88350000000000E+03, -3.88790561636070E-01, -4.07500000000000E-01,  2.97820627884948E+00,  7.57000000000000E+00,  1.95589502103537E+02,  5.61575381359170E+02
 1.88358333300000E+03, -4.43801202579054E-01, -4.65000000000000E-01,  2.96438006160074E+00,  7.75000000000000E+00,  2.82467220005159E+02,  6.27945671452727E+02
 1.88366666700000E+03, -4.94820456001341E-01, -5.02500000000000E-01, -7.41609899846581E+00,  7.93000000000000E+00,  2.76796483647903E+02,  5.44588815738456E+02
 1.88375000000000E+03, -4.98941116287952E-01, -5.42500000000000E-01, -7.41466863799157E+00,  8.11000000000000E+00,  2.20048065130277E+02,  3.22576003385436E+02
 1.88383333300000E+03, -4.76012723264801E-01, -5.17500000000000E-01, -7.41283205404316E+00,  8.29000000000000E+00,  1.92341292017351E+02,  2.94815830381370E+02
 1.88391666700000E+03, -4.65534067847279E-01, -4.77500000000000E-01, -7.41058877427551E+00,  8.47000000000000E+00,  2.27343403498571E+02,  3.24172810076115E+02
 1.88400000000000E+03, -4.70065257616864E-01, -5.27500000000000E-01, -7.40793836026825E+00,  8.65000000000000E+00,  2.16529478334643E+02,  2.69780162850188E+02
 1.88408333300000E+03, -4.82942656561229E-01, -6.52500000000000E-01, -7.40488040761256E+00,  8.82999999999999E+00,  1.80945577705160E+02,  1.81315181076320E+02
 1.88416666700000E+03, -4.95673182191780E-01, -6.85000000000000E-01, -7.40141454599431E+00,  9.00999999999999E+00,  1.67962391328284E+02,  1.81512419672127E+02
 1.88425000000000E+03, -5.05251712585120E-01, -5.47500000000000E-01, -7.39754043927356E+00,  9.18999999999999E+00,  1.80650167223298E+02,  1.57744731679501E+02
 1.88433333300000E+03, -5.14363022158335E-01, -3.47500000000000E-01, -7.39325778556042E+00,  9.36999999999999E+00,  2.11917224893073E+02,  2.03904771848911E+02
 1.88441666700000E+03, -5.24967871775977E-01, -2.85000000000000E-01, -7.38856631728715E+00,  9.54999999999999E+00,  1.69893203473186E+02,  1.70003005168117E+02
 1.88450000000000E+03, -5.32625246732850E-01, -3.32500000000000E-01, -7.38346580127668E+00,  9.72999999999999E+00,  1.69183843326813E+02,  1.40027270438299E+02
 1.88458333300000E+03, -4.88444460171519E-01, -3.05000000000000E-01, -7.37795603880729E+00,  9.90999999999999E+00,  1.60202192737968E+02,  1.39211167787178E+02
 1.88466666700000E+03, -3.87304179221947E-01, -3.22500000000000E-01, -4.64902807766200E+00,  1.00900000000000E+01,  1.67356012033201E+02,  1.42918172188689E+02
 1.88475000000000E+03, -3.21186842083226E-01, -4.45000000000000E-01, -4.68597120405405E+00,  1.02700000000000E+01,  1.10423337954219E+02,  9.31399136061420E+01
 1.88483333300000E+03, -3.14848091153567E-01, -4.80000000000000E-01, -4.72279010982016E+00,  1.04500000000000E+01,  7.99566974394528E+01,  4.97332008290355E+01
 1.88491666700000E+03, -3.38575353848140E-01, -3.65000000000000E-01, -4.75948176027969E+00,  1.06300000000000E+01,  6.75856398706500E+01,  5.87007861266717E+01
 1.88500000000000E+03, -3.80870282984312E-01, -2.57500000000000E-01, -4.79604312050411E+00,  1.08100000000000E+01,  5.55500794945174E+01,  7.47881921139944E+01
 1.88508333300000E+03, -4.21376146358047E-01, -2.82500000000000E-01, -4.83247115565718E+00,  1.09900000000000E+01,  6.15036382299051E+01,  8.13705687323830E+01
 1.88516666700000E+03, -4.43842189935697E-01, -4.05000000000000E-01, -4.86876283133553E+00,  1.11700000000000E+01,  6.08876592095652E+01,  5.43897059888982E+01
 1.88525000000000E+03, -4.45691086457067E-01, -4.97500000000000E-01, -4.90491511390955E+00,  1.13500000000000E+01,  5.94573219214259E+01,  7.24333315573211E+01
 1.88533333300000E+03, -4.36394805447240E-01, -4.80000000000000E-01, -4.94092497086478E+00,  1.15300000000000E+01,  6.19785638417703E+01,  6.56841789158789E+01
 1.88541666700000E+03, -4.26399636040503E-01, -4.05000000000000E-01, -4.97678937114341E+00,  1.17100000000000E+01,  7.55316175907222E+01,  9.84348847501343E+01
 1.88550000000000E+03, -4.16468643072089E-01, -3.00000000000000E-01, -5.01250528548620E+00,  1.18900000000000E+01,  5.09724596836391E+01,  9.74250307245054E+01
 1.88558333300000E+03, -3.81276142781458E-01, -1.75000000000000E-01, -5.04806968677453E+00,  1.20700000000000E+01,  2.90317572468745E+01,  1.03306397976016E+02
 1.88566666700000E+03, -3.02769944625900E-01, -1.07500000000000E-01, -5.80989798441565E+00,  1.22500000000000E+01,  2.48828983640209E+01,  1.07574848473493E+02
 1.88575000000000E+03, -2.05645915519228E-01, -1.02500000000000E-01, -5.84441342447045E+00,  1.24300000000000E+01,  3.07841445782147E+01,  1.36847166882224E+02
 1.88583333300000E+03, -1.13994744891278E-01, -9.00000000000000E-02, -5.87860188062961E+00,  1.26100000000000E+01,  3.92877067870405E+01,  9.86772917872691E+01
 1.88591666700000E+03, -4.12281183267761E-02, -1.75000000000000E-02, -5.91246105434260E+00,  1.27900000000000E+01,  5.41275199677226E+01,  1.21936163056490E+02
 1.88600000000000E+03,  1.50142490565085E-03,  7.50000000000000E-02, -5.94598867623153E+00,  1.29700000000000E+01,  5.39400772671960E+01,  1.31806907178673E+02
 1.88608333300000E+03,  1.76790152858570E-02,  1.20000000000000E-01, -5.97918250629260E+00,  1.31500000000000E+01,  7.01354708867045E+01,  1.50033131899591E+02
 1.88616666700000E+03,  1.81658755854916E-02,  1.67500000000000E-01, -6.01204033409426E+00,  1.33300000000000E+01,  6.78228211735436E+01,  1.34263303613747E+02
 1.88625000000000E+03,  1.21611322155776E-02,  2.20000000000000E-01, -6.04455997897222E+00,  1.35100000000000E+01,  5.19831819844636E+01,  1.23821219560257E+02
 1.88633333300000E+03,  4.32149785583956E-03,  2.25000000000000E-01, -6.07673929022103E+00,  1.36900000000000E+01,  4.02133012999532E+01,  8.55332549818049E+01
 1.88641666700000E+03, -1.40280920273233E-03,  1.65000000000000E-01, -6.10857614728253E+00,  1.38700000000000E+01,  4.10326411991616E+01,  6.86947489870342E+01
 1.88650000000000E+03,  2.22655079249299E-03,  3.50000000000000E-02, -6.14006845993085E+00,  1.40500000000000E+01,  2.88085772597104E+01,  3.77431197622077E+01
 1.88658333300000E+03, -5.45383685144592E-02, -1.07500000000000E-01, -6.17121416845419E+00,  1.42300000000000E+01,  2.62849081662544E+01,  2.08300568210124E+01
 1.88666666700000E+03, -1.90452473860186E-01, -2.27500000000000E-01,  3.03808477407441E+00,  1.44100000000000E+01,  1.99974172725807E+01,  4.01687920133895E+01
 1.88675000000000E+03, -2.78244649516077E-01, -3.27500000000000E-01,  3.00123824266131E+00,  1.45900000000000E+01,  1.85404104829227E+01,  4.44025331841292E+01
 1.88683333300000E+03, -3.07318606425954E-01, -3.70000000000000E-01,  2.96409760685613E+00,  1.47700000000000E+01,  3.03019082426666E+01,  7.54518259372774E+01
 1.88691666700000E+03, -3.35169712206452E-01, -3.95000000000000E-01,  2.92666504716861E+00,  1.49500000000000E+01,  3.65548741972373E+01,  6.67225735535257E+01
 1.88700000000000E+03, -3.50365162810875E-01, -4.22500000000000E-01,  2.88894277351223E+00,  1.51300000000000E+01,  4.20656851867472E+01,  7.31132601896311E+01
 1.88708333300000E+03, -3.38184258968425E-01, -3.82500000000000E-01,  2.85093302502019E+00,  1.53100000000000E+01,  4.55676399995379E+01,  5.12647303659459E+01
 1.88716666700000E+03, -2.92190330571572E-01, -3.15000000000000E-01,  2.81263806985794E+00,  1.54900000000000E+01,  5.06892650689890E+01,  5.74123638869276E+01
 1.88725000000000E+03, -2.21200043878490E-01, -2.57500000000000E-01,  2.77406020503249E+00,  1.56700000000000E+01,  3.75450168526959E+01,  5.32005684423000E+01
 1.88733333300000E+03, -1.44546852452596E-01, -1.65000000000000E-01,  2.73520175619830E+00,  1.58500000000000E+01,  3.15742916973710E+01,  5.72325310516393E+01
 1.88741666700000E+03, -7.86452714804306E-02, -5.00000000000000E-02,  2.69606507746001E+00,  1.60300000000000E+01,  2.58129150513952E+01,  5.71158065482858E+01
 1.88750000000000E+03, -2.60696269352112E-02, -2.50000000000000E-03,  2.65665255117184E+00,  1.62100000000000E+01,  3.64106645653289E+01,  6.68808667643548E+01
 1.88758333300000E+03, -2.66536077793987E-02, -3.50000000000000E-02,  2.61696658773374E+00,  1.63900000000000E+01,  5.51909591628613E+01,  5.34569557846320E+01
 1.88766666700000E+03, -6.35888991142991E-02, -6.50000000000000E-02, -3.65910998962444E-01,  1.65700000000000E+01,  6.87845642217266E+01,  2.75184665567409E+01
 1.88775000000000E+03, -3.20074065784547E-02, -7.00000000000000E-02, -3.99633527689084E-01,  1.67500000000000E+01,  7.18987805825893E+01,  3.66286413963753E+01
 1.88783333300000E+03,  4.64537225291788E-02, -3.75000000000000E-02, -4.33498628044897E-01,  1.69300000000000E+01,  7.67517965965194E+01,  4.30198136203266E+01
 1.88791666700000E+03,  9.62952761271396E-02,  3.75000000000000E-02, -4.67505116547767E-01,  1.71100000000000E+01,  6.91039375748160E+01,  8.84487093930273E+01
 1.88800000000000E+03,  1.08631681700703E-01,  1.00000000000000E-01, -5.01651782582119E-01,  1.72900000000000E+01,  8.41596418778170E+01,  1.45422752407738E+02
 1.88808333300000E+03,  8.91523353602785E-02,  1.55000000000000E-01, -5.35937388475973E-01,  1.74700000000000E+01,  8.29937313276911E+01,  1.84730360938211E+02
 1.88816666700000E+03,  5.06452140748564E-02,  1.60000000000000E-01, -5.70360669581582E-01,  1.76500000000000E+01,  8.21882561474082E+01,  1.89198148915611E+02
 1.88825000000000E+03,  3.86002447352007E-03,  6.25000000000000E-02, -6.04920334359630E-01,  1.78300000000000E+01,  7.47285485866068E+01,  2.16800860567713E+02
 1.88833333300000E+03, -4.55066340174613E-02,  1.00000000000000E-02, -6.39615064466987E-01,  1.80100000000000E+01,  8.06114706610653E+01,  1.64829483984285E+02
 1.88841666700000E+03, -9.31615644213654E-02, -1.50000000000000E-02, -6.74443514848020E-01,  1.81900000000000E+01,  7.03108197589727E+01,  1.41748100370516E+02
 1.88850000000000E+03, -1.32300521894560E-01, -1.12500000000000E-01, -7.09404313829439E-01,  1.83700000000000E+01,  7.76031601506465E+01,  1.48979406258037E+02
 1.88858333300000E+03, -1.54211492712411E-01, -1.57500000000000E-01, -7.44496063218666E-01,  1.85500000000000E+01,  9.76079265606477E+01,  1.43897427871681E+02
 1.88866666700000E+03, -1.16345688068148E-01, -5.50000000000000E-02,  7.16784379330902E+00,  1.87300000000000E+01,  1.27142321645092E+02,  1.61346058097655E+02
 1.88875000000000E+03,  1.31243050156879E-03,  9.50000000000000E-02,  7.20967881222800E+00,  1.89100000000000E+01,  1.26523636196348E+02,  1.65949041222710E+02
 1.88883333300000E+03,  1.20750041599415E-01,  1.02500000000000E-01,  7.25125075655719E+00,  1.90900000000000E+01,  1.10662700780487E+02,  2.29473747652071E+02
 1.88891666700000E+03,  1.77827702418585E-01,  6.25000000000000E-02,  7.29255698243171E+00,  1.92700000000000E+01,  1.21295908533842E+02,  1.81492106984811E+02
 1.88900000000000E+03,  1.76317844766095E-01,  1.22500000000000E-01,  7.33359487411655E+00,  1.94500000000000E+01,  1.02620417376543E+02,  1.69219023083974E+02
 1.88908333300000E+03,  1.36789037122751E-01,  2.27500000000000E-01,  7.37436184423426E+00,  1.96300000000000E+01,  8.09393758007050E+01,  1.26704891238767E+02
 1.88916666700000E+03,  7.97655330717128E-02,  3.12500000000000E-01,  7.41485533398920E+00,  1.98100000000000E+01,  1.16015178854931E+02,  1.22182782997961E+02
 1.88925000000000E+03,  1.29187520552295E-02,  2.65000000000000E-01,  7.45507281338846E+00,  1.99900000000000E+01,  1.29117293149451E+02,  7.91432190222603E+01
 1.88933333300000E+03, -6.81082966184218E-02,  9.25000000000000E-02,  7.49501178145931E+00,  2.01700000000000E+01,  1.05925925249407E+02,  1.10820855668966E+02
 1.88941666700000E+03, -1.67429168861193E-01, -8.00000000000000E-02,  7.53466976646328E+00,  2.03500000000000E+01,  9.75413357403618E+01,  1.29891464179543E+02
 1.88950000000000E+03, -2.76964819400947E-01, -1.82500000000000E-01,  7.57404432610673E+00,  2.05300000000000E+01,  1.07702516684537E+02,  1.24650322785543E+02
 1.88958333300000E+03, -3.45908415076246E-01, -1.87500000000000E-01,  7.61313304774796E+00,  2.07100000000000E+01,  8.11263831171682E+01,  1.60709446956348E+02
 1.88966666700000E+03, -3.38552809844371E-01, -1.72500000000000E-01, -7.32652694141915E+00,  2.08900000000000E+01,  5.59911318307538E+01,  1.11178444674552E+02
 1.88975000000000E+03, -3.03804197126630E-01, -2.37500000000000E-01, -7.33479440774117E+00,  2.10700000000000E+01,  5.16136022693858E+01,  8.98507096178057E+01
 1.88983333300000E+03, -2.85771477003279E-01, -3.57500000000000E-01, -7.34267746101649E+00,  2.12500000000000E+01,  5.10852144151914E+01,  1.09434665115547E+02
 1.88991666700000E+03, -2.90306652373082E-01, -5.07500000000000E-01, -7.35017483592742E+00,  2.14300000000000E+01,  4.40666131502946E+01,  1.06443442969062E+02
 1.89000000000000E+03, -3.17440585145269E-01, -6.32500000000000E-01, -7.35728529785799E+00,  2.16100000000000E+01,  3.58237303422862E+01,  7.45513525113327E+01
 1.89008333300000E+03, -3.56588032649433E-01, -6.32500000000000E-01, -7.36400764306554E+00,  2.17900000000000E+01,  5.15713069172972E+01,  8.30575071232057E+01
 1.89016666700000E+03, -3.96530933134292E-01, -5.92500000000000E-01, -7.37034069884918E+00,  2.19700000000000E+01,  7.03924007763853E+01,  9.33692923437231E+01
 1.89025000000000E+03, -4.34047553112052E-01, -6.17500000000000E-01, -7.37628332371484E+00,  2.21500000000000E+01,  7.26450554317234E+01,  1.02182092921466E+02
 1.89033333300000E+03, -4.73522059349076E-01, -6.47500000000000E-01, -7.38183440753712E+00,  2.23300000000000E+01,  7.15935127934474E+01,  1.08405213024100E+02
 1.89041666700000E+03, -5.18610764316684E-01, -6.82500000000000E-01, -7.38699287171779E+00,  2.25100000000000E+01,  6.72321138962421E+01,  1.45039569665160E+02
 1.89050000000000E+03, -5.64640248902626E-01, -7.70000000000000E-01, -7.39175766934085E+00,  2.26900000000000E+01,  5.03963123451592E+01,  1.47694890556054E+02
 1.89058333300000E+03, -5.75659356565795E-01, -8.17500000000000E-01, -7.39612778532440E+00,  2.28700000000000E+01,  3.19140207827188E+01,  1.40097412272574E+02
 1.89066666700000E+03, -5.48610194102893E-01, -7.40000000000000E-01, -8.54018935529981E+00,  2.30500000000000E+01,  4.02180437901323E+01,  1.05936386810278E+02
 1.89075000000000E+03, -5.38284545408819E-01, -6.35000000000000E-01, -8.58834177677056E+00,  2.32300000000000E+01,  5.90441950222723E+01,  1.31903280102282E+02
 1.89083333300000E+03, -5.39354724839601E-01, -5.87500000000000E-01, -8.63630844608032E+00,  2.34100000000000E+01,  1.05489022138501E+02,  9.25758030162594E+01
 1.89091666700000E+03, -5.13956111845306E-01, -5.60000000000000E-01, -8.68408575382839E+00,  2.35900000000000E+01,  1.07059773689396E+02,  8.45571170480943E+01
 1.89100000000000E+03, -4.57884115640196E-01, -5.25000000000000E-01, -8.73167010717855E+00,  2.37700000000000E+01,  1.26146171639742E+02,  8.29506890827823E+01
 1.89108333300000E+03, -3.83101249022247E-01, -4.10000000000000E-01, -8.77905793021511E+00,  2.39500000000000E+01,  1.72703365582692E+02,  9.89511935957341E+01
 1.89116666700000E+03, -3.15066659062443E-01, -2.07500000000000E-01, -8.82624566429713E+00,  2.41300000000000E+01,  1.46974596652296E+02,  1.29807394855201E+02
 1.89125000000000E+03, -2.79278421210133E-01, -3.00000000000000E-02, -8.87322976841060E+00,  2.43100000000000E+01,  1.00656251464037E+02,  1.31079529714900E+02
 1.89133333300000E+03, -2.85474301806219E-01,  7.50000000000000E-02, -8.92000671951863E+00,  2.44900000000000E+01,  1.05877652791380E+02,  1.71850740884482E+02
 1.89141666700000E+03, -3.21100862321389E-01,  1.07500000000000E-01, -8.96657301290969E+00,  2.46700000000000E+01,  1.20320652136870E+02,  2.30447393805517E+02
 1.89150000000000E+03, -3.60012725547061E-01,  9.00000000000000E-02, -9.01292516254365E+00,  2.48500000000000E+01,  6.92740194600893E+01,  2.39844208317452E+02
 1.89158333300000E+03, -3.95502162854050E-01,  4.00000000000000E-02, -9.05905970139578E+00,  2.50300000000000E+01,  7.90444791085369E+01,  1.69455232730486E+02
 1.89166666700000E+03, -4.20563488981208E-01, -6.00000000000000E-02,  4.83491752962651E+00,  2.52100000000000E+01,  9.60408866012008E+01,  1.97813187172957E+02
 1.89175000000000E+03, -4.11632898137388E-01, -1.95000000000000E-01,  4.84510612172340E+00,  2.53900000000000E+01,  8.83084144702801E+01,  1.52662448861554E+02
 1.89183333300000E+03, -3.81481706065993E-01, -2.77500000000000E-01,  4.85500653208467E+00,  2.55700000000000E+01,  7.02338195350445E+01,  9.64445777479589E+01
 1.89191666700000E+03, -3.53490633990137E-01, -2.37500000000000E-01,  4.86461674816767E+00,  2.57500000000000E+01,  8.27650361622413E+01,  7.89670289324758E+01
 1.89200000000000E+03, -3.28750297773778E-01, -1.15000000000000E-01,  4.87393477779159E+00,  2.59300000000000E+01,  1.53952929491412E+02,  1.70787389744836E+02
 1.89208333300000E+03, -3.05888526978788E-01, -1.00000000000000E-02,  4.88295864941872E+00,  2.61100000000000E+01,  1.39079933035863E+02,  1.61846098798915E+02
 1.89216666700000E+03, -2.85783420183017E-01, -2.25000000000000E-02,  4.89168641243357E+00,  2.62900000000000E+01,  1.36376597803670E+02,  1.90075218968303E+02
 1.89225000000000E+03, -2.73350337530924E-01, -1.52500000000000E-01,  4.90011613741992E+00,  2.64700000000000E+01,  1.28340285048426E+02,  2.04257288962355E+02
 1.89233333300000E+03, -2.73483581883528E-01, -2.85000000000000E-01,  4.90824591643558E+00,  2.66500000000000E+01,  1.37610758134632E+02,  1.83020407272617E+02
 1.89241666700000E+03, -2.84607913905165E-01, -3.62500000000000E-01,  4.91607386328517E+00,  2.68300000000000E+01,  7.43694244175990E+01,  1.32944907221858E+02
 1.89250000000000E+03, -2.96821371413030E-01, -4.05000000000000E-01,  4.92359811379043E+00,  2.70100000000000E+01,  7.76404161694252E+01,  1.14092835998610E+02
 1.89258333300000E+03, -3.18813117036814E-01, -4.00000000000000E-01,  4.93081682605845E+00,  2.71900000000000E+01,  9.19555384244355E+01,  1.19686418220844E+02
 1.89266666700000E+03, -3.53688368927175E-01, -3.95000000000000E-01,  4.29303999533907E-01,  2.73700000000000E+01,  1.19296062187377E+02,  1.10367278852313E+02
 1.89275000000000E+03, -3.72257926644430E-01, -4.05000000000000E-01,  3.99457491420562E-01,  2.75500000000000E+01,  9.78071244730444E+01,  1.22734510056711E+02
 1.89283333300000E+03, -3.74016448903448E-01, -3.50000000000000E-01,  3.69447772319501E-01,  2.77300000000000E+01,  9.33935155318962E+01,  1.13261975037407E+02
 1.89291666700000E+03, -3.76206008063926E-01, -2.37500000000000E-01,  3.39275331604528E-01,  2.79100000000000E+01,  1.97293229346126E+02,  3.06266094199408E+02
 1.89300000000000E+03, -3.76565191086338E-01, -1.75000000000000E-01,  3.08940686532053E-01,  2.80900000000000E+01,  2.12670211612103E+02,  2.95393187687066E+02
 1.89308333300000E+03, -3.67952710533427E-01, -2.05000000000000E-01,  2.78444382254923E-01,  2.82700000000000E+01,  2.24541759478439E+02,  3.27967816392947E+02
 1.89316666700000E+03, -3.46441491326574E-01, -2.40000000000000E-01,  2.47786991832620E-01,  2.84500000000000E+01,  2.59388424906326E+02,  3.79394896258964E+02
 1.89325000000000E+03, -3.17731144493228E-01, -2.42500000000000E-01,  2.16969116237828E-01,  2.86300000000000E+01,  2.80244451723018E+02,  3.86415357595759E+02
 1.89333333300000E+03, -2.95019552282258E-01, -1.90000000000000E-01,  1.85991384359350E-01,  2.88100000000000E+01,  1.85036634162457E+02,  2.01464157804746E+02
 1.89341666700000E+03, -2.89527703419914E-01, -8.00000000000000E-02,  1.54854453001400E-01,  2.89900000000000E+01,  1.67496697807084E+02,  2.29078690797312E+02
 1.89350000000000E+03, -3.02030861017156E-01, -2.50000000000000E-03,  1.23559006879226E-01,  2.91700000000000E+01,  1.20776505554925E+02,  1.90113008842700E+02
 1.89358333300000E+03, -3.29625265362641E-01, -4.00000000000000E-02,  9.21057586111185E-02,  2.93500000000000E+01,  8.00214518857963E+01,  1.48861625794793E+02
 1.89366666700000E+03, -3.55957033525816E-01, -1.35000000000000E-01, -2.04915563035962E-01,  2.95300000000000E+01,  4.22419144225043E+01,  1.25238643517447E+02
 1.89375000000000E+03, -3.59651268483108E-01, -1.67500000000000E-01, -1.86082402284917E-01,  2.97100000000000E+01,  7.82859915862624E+01,  2.13781263940464E+02
 1.89383333300000E+03, -3.53150278912310E-01, -1.70000000000000E-01, -1.67142659724810E-01,  2.98900000000000E+01,  8.50763818757704E+01,  1.61474928892427E+02
 1.89391666700000E+03, -3.57230086457398E-01, -2.62500000000000E-01, -1.48095995899647E-01,  3.00700000000000E+01,  2.37804881387953E+02,  3.01702775516047E+02
 1.89400000000000E+03, -3.72831304544534E-01, -4.45000000000000E-01, -1.28942096631800E-01,  3.02500000000000E+01,  3.62456042008963E+02,  5.76777271457068E+02
 1.89408333300000E+03, -3.92306497464297E-01, -6.25000000000000E-01, -1.09680673122208E-01,  3.04300000000000E+01,  3.72232227801518E+02,  6.29472247310234E+02
 1.89416666700000E+03, -4.07133287333281E-01, -7.40000000000000E-01, -9.03114620470840E-02,  3.06100000000000E+01,  3.21396040273350E+02,  5.42749329524613E+02
 1.89425000000000E+03, -4.15204329394998E-01, -7.65000000000000E-01, -7.08342256511110E-02,  3.07900000000000E+01,  3.15293182661331E+02,  6.00360576743826E+02
 1.89433333300000E+03, -4.20675491739770E-01, -7.80000000000000E-01, -5.12487518371343E-02,  3.09700000000000E+01,  1.72121012094841E+02,  4.87615111562340E+02
 1.89441666700000E+03, -4.27018082751521E-01, -8.05000000000000E-01, -3.15548542523185E-02,  3.11500000000000E+01,  9.69559561213697E+01,  2.72905353309943E+02
 1.89450000000000E+03, -4.30849084899263E-01, -7.67500000000000E-01, -1.17523723707742E-02,  3.13300000000000E+01,  1.64846907171726E+02,  2.30800034218687E+02
 1.89458333300000E+03, -4.39288665752233E-01, -7.25000000000000E-01,  8.15882842738880E-03,  3.15100000000000E+01,  2.57987071425383E+02,  2.98203483996364E+02
 1.89466666700000E+03, -4.48537820186929E-01, -7.02500000000000E-01, -4.83897163576649E+00,  3.16900000000000E+01,  2.69575367188632E+02,  2.53992161750786E+02
 1.89475000000000E+03, -4.33019040390038E-01, -6.60000000000000E-01, -4.82753125595128E+00,  3.18700000000000E+01,  2.79415939286627E+02,  2.86079852441405E+02
 1.89483333300000E+03, -4.03301773145425E-01, -5.72500000000000E-01, -4.81639130872709E+00,  3.20500000000000E+01,  2.30806966174560E+02,  2.10111833777594E+02
 1.89491666700000E+03, -3.85164987002437E-01, -4.32500000000000E-01, -4.80555407789416E+00,  3.22300000000000E+01,  1.73312975531313E+02,  2.48143373807155E+02
 1.89500000000000E+03, -3.81464524454978E-01, -3.27500000000000E-01, -4.79502182511224E+00,  3.24100000000000E+01,  7.26631970702917E+01,  2.49914074017405E+02
 1.89508333300000E+03, -3.85755213066202E-01, -3.17500000000000E-01, -4.78479678956304E+00,  3.25900000000000E+01,  5.33248767779904E+01,  2.62382775024271E+02
 1.89516666700000E+03, -3.89703172415096E-01, -3.97500000000000E-01, -4.77488118761515E+00,  3.27700000000000E+01,  6.05429226434642E+01,  3.20645667327011E+02
 1.89525000000000E+03, -3.90443421090597E-01, -5.22500000000000E-01, -4.76527721249131E+00,  3.29500000000000E+01,  6.19309206861994E+01,  3.36166508108734E+02
 1.89533333300000E+03, -3.90836939460540E-01, -5.77500000000000E-01, -4.75598703393830E+00,  3.31300000000000E+01,  5.87943678293533E+01,  3.70326663272793E+02
 1.89541666700000E+03, -3.93116426469414E-01, -5.27500000000000E-01, -4.74701279789923E+00,  3.33100000000000E+01,  6.25848614498727E+01,  3.02317404784846E+02
 1.89550000000000E+03, -3.93260645754195E-01, -4.37500000000000E-01, -4.73835662618850E+00,  3.34900000000000E+01,  7.62655713419957E+01,  3.50471791531068E+02
 1.89558333300000E+03, -3.23536554860779E-01, -2.97500000000000E-01, -4.73002061616934E+00,  3.36700000000000E+01,  5.43404386844564E+01,  2.82243043632030E+02
 1.89566666700000E+03, -1.75662350495397E-01, -1.25000000000000E-01, -1.56059349414409E+01,  3.38500000000000E+01,  6.63207321585360E+01,  3.33934401399172E+02
 1.89575000000000E+03, -7.40152009768498E-02,  0.00000000000000E+00, -1.56400011413964E+01,  3.40300000000000E+01,  8.37162964248065E+01,  2.77494435512076E+02
 1.89583333300000E+03, -4.07121115007854E-02,  6.00000000000000E-02, -1.56737075076035E+01,  3.42100000000000E+01,  9.12556514216394E+01,  2.64433224609268E+02
 1.89591666700000E+03, -2.78018247407072E-02,  5.00000000000000E-02, -1.57070516590648E+01,  3.43900000000000E+01,  1.19618865742795E+02,  2.65455997188428E+02
 1.89600000000000E+03, -2.80225961064180E-02, -3.00000000000000E-02, -1.57400312489996E+01,  3.45700000000000E+01,  1.16542279171927E+02,  2.17657276745346E+02
 1.89608333300000E+03, -2.85476431483903E-02, -1.17500000000000E-01, -1.57726439650632E+01,  3.47500000000000E+01,  1.07509998082967E+02,  2.15990537354649E+02
 1.89616666700000E+03, -2.04659221497072E-02, -1.30000000000000E-01, -1.58048875295615E+01,  3.49300000000000E+01,  8.72630252456492E+01,  1.78615007349729E+02
 1.89625000000000E+03, -5.75933361171544E-03, -6.75000000000000E-02, -1.58367596996614E+01,  3.51100000000000E+01,  8.86168332859064E+01,  1.97460402851458E+02
 1.89633333300000E+03,  4.82107622026332E-03,  1.00000000000000E-02, -1.58682582675980E+01,  3.52900000000000E+01,  7.21484523303626E+01,  1.86100803275940E+02
 1.89641666700000E+03,  1.36351772540691E-03,  3.00000000000000E-02, -1.58993810608767E+01,  3.54700000000000E+01,  9.53820825667525E+01,  1.87515017049579E+02
 1.89650000000000E+03, -1.67384249943451E-02, -1.25000000000000E-02, -1.59301259424717E+01,  3.56500000000000E+01,  1.44555187043199E+02,  2.59129903573418E+02
 1.89658333300000E+03, -3.74696965205648E-02, -2.75000000000000E-02, -1.59604908110203E+01,  3.58300000000000E+01,  1.37008794308723E+02,  2.55489873273459E+02
 1.89666666700000E+03, -3.59630903168274E-02,  1.75000000000000E-02, -1.18924970362968E+01,  3.60100000000000E+01,  1.26173445687252E+02,  2.59626497773245E+02
 1.89675000000000E+03, -3.59029719075733E-03,  8.75000000000000E-02, -1.19093276441626E+01,  3.61900000000000E+01,  1.13643401085398E+02,  2.63766988938157E+02
 1.89683333300000E+03,  3.38630553977708E-02,  1.20000000000000E-01, -1.19257430075729E+01,  3.63700000000000E+01,  8.97576579640427E+01,  2.56965382229546E+02
 1.89691666700000E+03,  5.44471372539570E-02,  6.00000000000000E-02, -1.19417423787626E+01,  3.65500000000000E+01,  5.68295982364868E+01,  1.27887213168212E+02
 1.89700000000000E+03,  5.75627005029161E-02, -2.00000000000000E-02, -1.19573250472339E+01,  3.67300000000000E+01,  8.67469144913115E+01,  1.95416831760779E+02
 1.89708333300000E+03,  5.07974817497182E-02, -2.50000000000000E-03, -1.19724903397857E+01,  3.69100000000000E+01,  1.00479228508599E+02,  2.98771476780693E+02
 1.89716666700000E+03,  4.20746130524251E-02,  6.25000000000000E-02, -1.19872376205390E+01,  3.70900000000000E+01,  8.62126300722769E+01,  2.27365572989972E+02
 1.89725000000000E+03,  3.25022647670599E-02,  2.50000000000000E-02, -1.20015662909584E+01,  3.72700000000000E+01,  9.08784234959692E+01,  2.98003052673203E+02
 1.89733333300000E+03,  1.68409468698150E-02, -6.25000000000000E-02, -1.20154757898692E+01,  3.74500000000000E+01,  8.16988689244358E+01,  3.19072970959297E+02
 1.89741666700000E+03, -9.20834876165524E-03, -7.75000000000000E-02, -1.20289655934702E+01,  3.76300000000000E+01,  6.57022048808685E+01,  2.70198307376110E+02
 1.89750000000000E+03, -4.25829146912399E-02, -5.50000000000000E-02, -1.20420352153426E+01,  3.78100000000000E+01,  5.55477864327116E+01,  1.77942945845940E+02
 1.89758333300000E+03, -1.13398374610502E-01, -5.50000000000000E-02, -1.20546842064547E+01,  3.79900000000000E+01,  5.70264873348565E+01,  2.02670825794047E+02
 1.89766666700000E+03, -2.09656302256765E-01, -5.75000000000000E-02, -8.22101578304138E-01,  3.81700000000000E+01,  4.82029986400632E+01,  1.46916643719035E+02
 1.89775000000000E+03, -2.49194338340798E-01, -8.75000000000000E-02, -8.49700600168124E-01,  3.83500000000000E+01,  4.11929779553142E+01,  1.23122590183563E+02
 1.89783333300000E+03, -2.44583867255380E-01, -1.80000000000000E-01, -8.77656071163124E-01,  3.85300000000000E+01,  2.87529795033429E+01,  1.18530257531597E+02
 1.89791666700000E+03, -2.45933801710762E-01, -2.30000000000000E-01, -9.05966700253385E-01,  3.87100000000000E+01,  5.74803178424255E+01,  1.06272350940358E+02
 1.89800000000000E+03, -2.50090073214659E-01, -2.30000000000000E-01, -9.34631160888748E-01,  3.88900000000000E+01,  6.53021021619783E+01,  9.42011464072415E+01
 1.89808333300000E+03, -2.45846905459983E-01, -2.17500000000000E-01, -9.63648091087376E-01,  3.90700000000000E+01,  7.58317273044415E+01,  9.15122360744454E+01
 1.89816666700000E+03, -2.23154707584301E-01, -2.05000000000000E-01, -9.93016093522531E-01,  3.92500000000000E+01,  7.49954927982430E+01,  1.10239636560723E+02
 1.89825000000000E+03, -1.81622100404456E-01, -2.57500000000000E-01, -1.02273373561358E+00,  3.94299999999999E+01,  7.73018864672820E+01,  1.19102677380669E+02
 1.89833333300000E+03, -1.30749874629516E-01, -2.65000000000000E-01, -1.05279954962109E+00,  3.96099999999999E+01,  1.16066901006355E+02,  2.37558908486745E+02
 1.89841666700000E+03, -8.21920406871838E-02, -1.87500000000000E-01, -1.08321203274602E+00,  3.97899999999999E+01,  1.16531800582734E+02,  2.32301107889147E+02
 1.89850000000000E+03, -4.16467344895067E-02, -1.62500000000000E-01, -1.11396964723314E+00,  3.99699999999999E+01,  1.10428328128672E+02,  2.17523733752178E+02
 1.89858333300000E+03, -5.34029393636507E-02, -1.90000000000000E-01, -1.14507082047839E+00,  4.01499999999999E+01,  1.11464584721473E+02,  1.91545240383015E+02
 1.89866666700000E+03, -9.27298541484459E-02, -1.92500000000000E-01, -1.48580834476726E+01,  4.03299999999999E+01,  1.32398663115315E+02,  2.07388136161734E+02
 1.89875000000000E+03, -5.35765391522574E-02, -1.75000000000000E-01, -1.48987579210846E+01,  4.05099999999999E+01,  8.30308090477378E+01,  6.46351514858279E+01
 1.89883333300000E+03,  1.94568544423822E-02, -1.97500000000000E-01, -1.49391266185033E+01,  4.06899999999999E+01,  1.16208166921861E+02,  8.65205416454929E+01
 1.89891666700000E+03,  3.73760544492128E-02, -2.40000000000000E-01, -1.49791865301114E+01,  4.08699999999999E+01,  1.11454121056858E+02,  8.36574574186073E+01
 1.89900000000000E+03,  6.08860376499348E-04, -3.15000000000000E-01, -1.50189346751638E+01,  4.10499999999999E+01,  1.06898681053813E+02,  7.71383015260496E+01
 1.89908333300000E+03, -6.83044637695648E-02, -3.85000000000000E-01, -1.50583681022805E+01,  4.12299999999999E+01,  9.84091575947008E+01,  3.71066750716422E+01
 1.89916666700000E+03, -1.40477657939223E-01, -3.42500000000000E-01, -1.50974838897367E+01,  4.14099999999999E+01,  1.05301883325680E+02,  6.70644798800244E+01
 1.89925000000000E+03, -1.97572665968284E-01, -2.12500000000000E-01, -1.51362791457487E+01,  4.15899999999999E+01,  8.89955285437664E+01,  4.47652556255171E+01
 1.89933333300000E+03, -2.37780231864305E-01, -1.20000000000000E-01, -1.51747510087570E+01,  4.17699999999999E+01,  8.85838553825202E+01,  5.00229393990709E+01
 1.89941666700000E+03, -2.68874885143013E-01, -1.60000000000000E-01, -1.52128966477053E+01,  4.19499999999999E+01,  8.97584989994868E+01,  5.48508107859414E+01
 1.89950000000000E+03, -2.96722426543818E-01, -1.72500000000000E-01, -1.52507132623163E+01,  4.21299999999999E+01,  7.64189890131332E+01,  6.48434850085626E+01
 1.89958333300000E+03, -2.34504227656340E-01, -9.75000000000000E-02, -1.52881980833636E+01,  4.23099999999999E+01,  5.64398812709453E+01,  4.82916233145240E+01
 1.89966666700000E+03, -6.37494459063785E-02, -2.50000000000000E-03, -6.03248881671721E+00,  4.24899999999999E+01,  2.63495259223172E+01,  4.72139383066371E+01
 1.89975000000000E+03,  5.48436363139192E-02,  1.37500000000000E-01, -6.01847411367276E+00,  4.26699999999999E+01,  3.89799889770053E+01,  4.59296554881770E+01
 1.89983333300000E+03,  9.06666173041184E-02,  2.37500000000000E-01, -6.00441760190375E+00,  4.28499999999999E+01,  5.19076510451230E+01,  6.90159067510191E+01
 1.89991666700000E+03,  9.89172595921041E-02,  2.75000000000000E-01, -5.99031760773232E+00,  4.30299999999999E+01,  6.58205124669340E+01,  6.49673405155194E+01
 1.90000000000000E+03,  7.68039902366763E-02,  2.62500000000000E-01, -5.97617247105223E+00,  4.32099999999999E+01,  5.99324808132938E+01,  5.66564064018694E+01
 1.90008333300000E+03,  3.44193146035838E-02,  2.00000000000000E-01, -5.96198054562836E+00,  4.33899999999999E+01,  6.21976092775406E+01,  5.79288443296866E+01
 1.90016666700000E+03, -1.47151232871225E-02,  1.10000000000000E-01, -5.94774019939409E+00,  4.35699999999999E+01,  6.09125115568039E+01,  8.35189967697468E+01
 1.90025000000000E+03, -6.34043078848139E-02, -2.50000000000000E-03, -5.93344981474665E+00,  4.37499999999999E+01,  5.26807719007672E+01,  6.88335001712804E+01
 1.90033333300000E+03, -1.12505982607334E-01, -1.20000000000000E-01, -5.91910778884030E+00,  4.39299999999999E+01,  4.50539784011492E+01,  6.70640379447537E+01
 1.90041666700000E+03, -1.64474040039576E-01, -1.95000000000000E-01, -5.90471253387735E+00,  4.41099999999999E+01,  4.13040074580728E+01,  6.43501841593070E+01
 1.90050000000000E+03, -2.16326296892218E-01, -2.05000000000000E-01, -5.89026247739700E+00,  4.42899999999999E+01,  4.04219283204024E+01,  6.35084848419119E+01
 1.90058333300000E+03, -2.48929337838406E-01, -1.87500000000000E-01, -5.87575606256186E+00,  4.44699999999999E+01,  5.42645083725621E+01,  1.07244586410550E+02
 1.90066666700000E+03, -2.35215214737867E-01, -1.85000000000000E-01, -1.17378407726967E+01,  4.46499999999999E+01,  6.74894923307217E+01,  1.16054365508837E+02
 1.90075000000000E+03, -1.81048076752685E-01, -2.12500000000000E-01, -1.17580651805258E+01,  4.48299999999999E+01,  6.00197620050623E+01,  1.11759719532198E+02
 1.90083333300000E+03, -1.22873259336830E-01, -2.00000000000000E-01, -1.17778819332429E+01,  4.50099999999999E+01,  8.40401392654733E+01,  1.68551903304401E+02
 1.90091666700000E+03, -8.38886697233720E-02, -1.22500000000000E-01, -1.17972899771782E+01,  4.51899999999999E+01,  8.23473745232024E+01,  1.61367609669780E+02
 1.90100000000000E+03, -6.60238361905702E-02,  2.75000000000000E-02, -1.18162882955250E+01,  4.53699999999999E+01,  6.93384350887443E+01,  9.60202398843779E+01
 1.90108333300000E+03, -6.17093954415582E-02,  1.77500000000000E-01, -1.18348759084035E+01,  4.55499999999999E+01,  6.96414150291643E+01,  7.40055130795652E+01
 1.90116666700000E+03, -6.15447954616590E-02,  1.82500000000000E-01, -1.18530518729210E+01,  4.57299999999999E+01,  8.04324823507859E+01,  8.94579097306034E+01
 1.90125000000000E+03, -6.18245718782942E-02,  1.22500000000000E-01, -1.18708152832273E+01,  4.59099999999999E+01,  7.35448855833947E+01,  2.98743670848895E+01
 1.90133333300000E+03, -6.48660906908765E-02,  4.75000000000000E-02, -1.18881652705665E+01,  4.60899999999999E+01,  8.14519775193175E+01,  4.06406648040329E+01
 1.90141666700000E+03, -7.26370819788099E-02, -9.50000000000000E-02, -1.19051010033244E+01,  4.62699999999999E+01,  1.14689121571274E+02,  1.58759946222829E+02
 1.90150000000000E+03, -8.10467500353936E-02, -2.15000000000000E-01, -1.19216216870716E+01,  4.64499999999999E+01,  1.26935752743603E+02,  1.61316081575360E+02
 1.90158333300000E+03, -1.44548374268353E-01, -2.90000000000000E-01, -1.19377265646027E+01,  4.66299999999999E+01,  1.18942024138691E+02,  1.81744222158557E+02
 1.90166666700000E+03, -2.51053381603185E-01, -3.60000000000000E-01, -5.61553119047856E+00,  4.68099999999999E+01,  1.94915430545277E+02,  2.10131103398595E+02
 1.90175000000000E+03, -2.71963043225780E-01, -3.82500000000000E-01, -5.59974495542407E+00,  4.69899999999999E+01,  2.07771697660448E+02,  2.02178863731382E+02
 1.90183333300000E+03, -2.26124215033925E-01, -3.62500000000000E-01, -5.58387584294498E+00,  4.71699999999999E+01,  2.08651380087436E+02,  1.76423663979640E+02
 1.90191666700000E+03, -1.94327235188903E-01, -3.42500000000000E-01, -5.56792266980891E+00,  4.73499999999999E+01,  3.47695968859045E+02,  2.28613279538332E+02
 1.90200000000000E+03, -1.78266715190219E-01, -3.10000000000000E-01, -5.55188427389177E+00,  4.75299999999999E+01,  3.38994804416856E+02,  1.94868232932573E+02
 1.90208333300000E+03, -1.70318546174565E-01, -2.30000000000000E-01, -5.53575951440500E+00,  4.77099999999999E+01,  2.80952456393204E+02,  1.91386964201017E+02
 1.90216666700000E+03, -1.61122127722445E-01, -2.02500000000000E-01, -5.51954727211973E+00,  4.78899999999999E+01,  2.62623796489929E+02,  1.92524812926915E+02
 1.90225000000000E+03, -1.47070968228801E-01, -2.70000000000000E-01, -5.50324644958786E+00,  4.80699999999999E+01,  2.52382904373540E+02,  2.10318956071502E+02
 1.90233333300000E+03, -1.30655544764318E-01, -3.47500000000000E-01, -5.48685597136000E+00,  4.82499999999999E+01,  1.51310365695441E+02,  2.44573782501984E+02
 1.90241666700000E+03, -1.14144944287292E-01, -4.70000000000000E-01, -5.47037478420032E+00,  4.84299999999999E+01,  1.85615397287805E+02,  2.93884484177655E+02
 1.90250000000000E+03, -9.39507948808508E-02, -5.27500000000000E-01, -5.45380185729813E+00,  4.86099999999999E+01,  1.77843975809451E+02,  3.54462462958348E+02
 1.90258333300000E+03, -1.48766135055695E-01, -4.12500000000000E-01, -5.43713618247632E+00,  4.87899999999999E+01,  1.80891893353495E+02,  3.65933865104336E+02
 1.90266666700000E+03, -2.88745228033566E-01, -2.87500000000000E-01, -1.29424291651890E+01,  4.89699999999999E+01,  1.86027386547575E+02,  2.75865793475563E+02
 1.90275000000000E+03, -3.55446218000038E-01, -2.90000000000000E-01, -1.29019401350099E+01,  4.91499999999999E+01,  1.28135895551092E+02,  1.96057351443352E+02
 1.90283333300000E+03, -3.35342898738911E-01, -3.40000000000000E-01, -1.28614362702804E+01,  4.93299999999999E+01,  2.41332117258997E+02,  2.65771770009516E+02
 1.90291666700000E+03, -3.06168950698776E-01, -2.90000000000000E-01, -1.28209205850394E+01,  4.95099999999999E+01,  3.25604909840999E+02,  2.77936331460721E+02
 1.90300000000000E+03, -2.78867407023093E-01, -1.70000000000000E-01, -1.27803960786000E+01,  4.96899999999999E+01,  4.78564222504726E+02,  4.56271466269962E+02
 1.90308333300000E+03, -2.64723748840044E-01, -2.25000000000000E-01, -1.27398657352214E+01,  4.98699999999999E+01,  5.14247248777851E+02,  4.86737150769840E+02
 1.90316666700000E+03, -2.73068277615459E-01, -3.95000000000000E-01, -1.26993325237824E+01,  5.00499999999999E+01,  5.02570845915940E+02,  4.95406572095542E+02
 1.90325000000000E+03, -3.09125620289694E-01, -3.65000000000000E-01, -1.26587993974582E+01,  5.02299999999999E+01,  4.19277302050667E+02,  4.63449902464224E+02
 1.90333333300000E+03, -3.70317739840213E-01, -3.15000000000000E-01, -1.26182692933997E+01,  5.04099999999999E+01,  3.28212680376704E+02,  3.85291278495774E+02
 1.90341666700000E+03, -4.43528724975232E-01, -4.00000000000000E-01, -1.25777451324146E+01,  5.05899999999999E+01,  2.06620885898309E+02,  2.53687893296952E+02
 1.90350000000000E+03, -5.08220632896380E-01, -5.22500000000000E-01, -1.25372298186524E+01,  5.07699999999999E+01,  1.38658838849549E+02,  2.20721530715820E+02
 1.90358333300000E+03, -5.03142592586093E-01, -6.47500000000000E-01, -1.24967262392908E+01,  5.09499999999999E+01,  2.11235522913555E+02,  3.35894605992715E+02
 1.90366666700000E+03, -4.31854045764320E-01, -6.90000000000000E-01, -7.81186711941097E+00,  5.11299999999999E+01,  2.11064298003392E+02,  3.02495800171989E+02
 1.90375000000000E+03, -3.99667783804842E-01, -6.35000000000000E-01, -7.79072412800771E+00,  5.13099999999999E+01,  3.15998825733980E+02,  6.21198381507243E+02
 1.90383333300000E+03, -4.14175948893086E-01, -5.92500000000000E-01, -7.76973503745326E+00,  5.14899999999999E+01,  2.89215293928692E+02,  5.90416663525383E+02
 1.90391666700000E+03, -4.34411233246446E-01, -6.30000000000000E-01, -7.74889876966225E+00,  5.16699999999999E+01,  2.88203986648156E+02,  5.77462162180887E+02
 1.90400000000000E+03, -4.63053590184482E-01, -6.90000000000000E-01, -7.72821422393885E+00,  5.18499999999999E+01,  2.16277468857643E+02,  5.04757319584002E+02
 1.90408333300000E+03, -4.96975862333352E-01, -7.52500000000000E-01, -7.70768027721963E+00,  5.20299999999999E+01,  1.65414049338177E+02,  5.42123961762769E+02
 1.90416666700000E+03, -5.32142584429707E-01, -8.22500000000000E-01, -7.68729578431926E+00,  5.22099999999999E+01,  6.28760976001507E+01,  2.33873355442072E+02
 1.90425000000000E+03, -5.68329006802952E-01, -8.62500000000000E-01, -7.66705957817907E+00,  5.23899999999999E+01,  5.32102653914350E+01,  2.04785660949316E+02
 1.90433333300000E+03, -6.08070997997536E-01, -8.67500000000000E-01, -7.64697047011849E+00,  5.25699999999999E+01,  9.18105514154455E+01,  3.00161597542283E+02
 1.90441666700000E+03, -6.50925656055301E-01, -8.00000000000000E-01, -7.62702725008918E+00,  5.27499999999999E+01,  1.08340179846847E+02,  2.88761776671625E+02
 1.90450000000000E+03, -6.89794703532679E-01, -6.42500000000000E-01, -7.60722868693206E+00,  5.29299999999999E+01,  1.06595612702686E+02,  2.14571960990051E+02
 1.90458333300000E+03, -6.85883488905343E-01, -5.52500000000000E-01, -7.58757352863691E+00,  5.31099999999999E+01,  1.04623774984509E+02,  1.85044348750573E+02
 1.90466666700000E+03, -6.20732432734112E-01, -5.57500000000000E-01, -7.38805004135428E+00,  5.32899999999999E+01,  1.19110188235569E+02,  1.96471847952065E+02
 1.90475000000000E+03, -5.42316542519402E-01, -4.77500000000000E-01, -7.36995788644681E+00,  5.34699999999999E+01,  9.71427022283673E+01,  1.90343242492217E+02
 1.90483333300000E+03, -4.75105613525773E-01, -3.35000000000000E-01, -7.35199171559901E+00,  5.36499999999999E+01,  1.59354475744102E+02,  2.69261295912049E+02
 1.90491666700000E+03, -4.15699758681883E-01, -2.75000000000000E-01, -7.33415002065226E+00,  5.38299999999999E+01,  2.08329469109072E+02,  4.49703970153033E+02
 1.90500000000000E+03, -3.68584090065400E-01, -2.75000000000000E-01, -7.31643127666847E+00,  5.40099999999999E+01,  2.49070388048242E+02,  5.42833086703916E+02
 1.90508333300000E+03, -3.29393507885711E-01, -3.52500000000000E-01, -7.29883394222722E+00,  5.41899999999999E+01,  2.46536730616704E+02,  6.22194655172749E+02
 1.90516666700000E+03, -2.92115228026306E-01, -4.77500000000000E-01, -7.28135645972498E+00,  5.43699999999999E+01,  2.27410351839129E+02,  5.23742197165241E+02
 1.90525000000000E+03, -2.56193894704108E-01, -4.85000000000000E-01, -7.26399725567631E+00,  5.45499999999999E+01,  1.72807601263806E+02,  3.98361656402918E+02
 1.90533333300000E+03, -2.26525753765660E-01, -4.40000000000000E-01, -7.24675474101714E+00,  5.47299999999999E+01,  1.89479301941301E+02,  2.30531661338292E+02
 1.90541666700000E+03, -2.06865341098462E-01, -4.37500000000000E-01, -7.22962731140992E+00,  5.49099999999999E+01,  1.58378698391519E+02,  1.37710965009811E+02
 1.90550000000000E+03, -1.94016168481461E-01, -4.10000000000000E-01, -7.21261334755075E+00,  5.50899999999999E+01,  1.72181925192891E+02,  1.07193731306916E+02
 1.90558333300000E+03, -2.85267296589398E-01, -3.97500000000000E-01, -7.19571121547829E+00,  5.52699999999999E+01,  1.74792915973369E+02,  1.30714074807589E+02
 1.90566666700000E+03, -4.68365552855984E-01, -4.25000000000000E-01, -9.65734107866965E+00,  5.54499999999999E+01,  1.55573555524290E+02,  1.53628258644576E+02
 1.90575000000000E+03, -5.25271832018215E-01, -4.52500000000000E-01, -9.63681332800990E+00,  5.56299999999999E+01,  7.94025628105247E+01,  1.71014726001098E+02
 1.90583333300000E+03, -4.67676806798725E-01, -5.22500000000000E-01, -9.61616958045515E+00,  5.58099999999999E+01,  5.04444220786729E+01,  1.83318403108455E+02
 1.90591666700000E+03, -4.17700778382361E-01, -4.80000000000000E-01, -9.59540973811077E+00,  5.59899999999999E+01,  4.80012419442965E+01,  1.39814020842641E+02
 1.90600000000000E+03, -3.81163115378448E-01, -3.00000000000000E-01, -9.57453373275082E+00,  5.61699999999999E+01,  8.30090445904934E+01,  1.78055235326635E+02
 1.90608333300000E+03, -3.55188567808291E-01, -2.15000000000000E-01, -9.55354152589504E+00,  5.63499999999999E+01,  9.67948683248046E+01,  1.80375806007232E+02
 1.90616666700000E+03, -3.35119457023148E-01, -1.95000000000000E-01, -9.53243310888146E+00,  5.65299999999999E+01,  9.86869116167160E+01,  1.38216004762398E+02
 1.90625000000000E+03, -3.21311950731294E-01, -2.05000000000000E-01, -9.51120850293472E+00,  5.67099999999999E+01,  1.39895691172016E+02,  1.28366353312508E+02
 1.90633333300000E+03, -3.18858668141809E-01, -1.85000000000000E-01, -9.48986775922991E+00,  5.68899999999999E+01,  1.74054097275289E+02,  2.31301339721831E+02
 1.90641666700000E+03, -3.30817099780189E-01, -6.75000000000000E-02, -9.46841095895203E+00,  5.70699999999999E+01,  1.99013882012148E+02,  1.85863222033868E+02
 1.90650000000000E+03, -3.52360911592743E-01, -4.00000000000000E-02, -9.44683821335114E+00,  5.72499999999999E+01,  1.92312250671705E+02,  1.71034713621474E+02
 1.90658333300000E+03, -3.56854898172600E-01, -1.15000000000000E-01, -9.42514966379298E+00,  5.74299999999999E+01,  1.86560287790212E+02,  1.66522342379884E+02
 1.90666666700000E+03, -3.38236430856923E-01, -1.57500000000000E-01, -1.51471031797281E+01,  5.76099999999999E+01,  1.42261094856763E+02,  1.66102751617663E+02
 1.90675000000000E+03, -3.28695102363979E-01, -1.47500000000000E-01, -1.51854838219213E+01,  5.77899999999999E+01,  1.08322786106279E+02,  2.01481434025364E+02
 1.90683333300000E+03, -3.32706690929230E-01, -1.35000000000000E-01, -1.52235374514649E+01,  5.79699999999999E+01,  8.83751898557231E+01,  2.03961489747094E+02
 1.90691666700000E+03, -3.46214867520234E-01, -1.85000000000000E-01, -1.52612612767640E+01,  5.81499999999999E+01,  1.64442421023510E+02,  2.29345497969416E+02
 1.90700000000000E+03, -3.75802409740950E-01, -3.10000000000000E-01, -1.52986525373501E+01,  5.83299999999999E+01,  1.76429063742119E+02,  2.58034190431097E+02
 1.90708333300000E+03, -4.11800584781075E-01, -4.70000000000000E-01, -1.53357085041489E+01,  5.85099999999999E+01,  1.90205313878799E+02,  2.69992694167615E+02
 1.90716666700000E+03, -4.36984797351296E-01, -5.57500000000000E-01, -1.53724264797434E+01,  5.86899999999999E+01,  3.11484709217516E+02,  1.48476289406184E+02
 1.90725000000000E+03, -4.38747617829585E-01, -5.70000000000000E-01, -1.54088037986344E+01,  5.88699999999999E+01,  3.05403568758217E+02,  2.30460696427306E+02
 1.90733333300000E+03, -4.14912400540003E-01, -5.77500000000000E-01, -1.54448378274960E+01,  5.90499999999999E+01,  2.95606532512182E+02,  2.70464176252911E+02
 1.90741666700000E+03, -3.70741396379294E-01, -5.67500000000000E-01, -1.54805259654287E+01,  5.92299999999999E+01,  3.03069028149291E+02,  2.66964948018308E+02
 1.90750000000000E+03, -3.12854523610083E-01, -5.55000000000000E-01, -1.55158656442076E+01,  5.94099999999999E+01,  3.13319369251096E+02,  3.00713617692899E+02
 1.90758333300000E+03, -3.06899416896658E-01, -4.72500000000000E-01, -1.55508543285273E+01,  5.95899999999999E+01,  1.81705973708361E+02,  2.79391879310688E+02
 1.90766666700000E+03, -3.79889857963280E-01, -3.30000000000000E-01, -7.78390036736306E+00,  5.97699999999999E+01,  2.15543701185920E+02,  2.55266415327887E+02
 1.90775000000000E+03, -4.35884035183039E-01, -3.35000000000000E-01, -7.76296095781931E+00,  5.99499999999999E+01,  1.39318488180064E+02,  1.86385499416984E+02
 1.90783333300000E+03, -4.55195017580489E-01, -4.77500000000000E-01, -7.74217401653914E+00,  6.01299999999999E+01,  1.51053389936891E+02,  2.28291159613513E+02
 1.90791666700000E+03, -4.82746057348548E-01, -5.65000000000000E-01, -7.72153843554597E+00,  6.03099999999999E+01,  2.89717453508445E+02,  2.95272357700402E+02
 1.90800000000000E+03, -5.20941147007489E-01, -5.72500000000000E-01, -7.70105308457498E+00,  6.04899999999999E+01,  3.69413889757167E+02,  3.90946051117031E+02
 1.90808333300000E+03, -5.62004476242042E-01, -6.22500000000000E-01, -7.68071681131973E+00,  6.06699999999999E+01,  3.02583404616293E+02,  3.10063584117395E+02
 1.90816666700000E+03, -5.95636180377754E-01, -7.27500000000000E-01, -7.66052844168172E+00,  6.08499999999999E+01,  3.12783934668434E+02,  3.10572870353304E+02
 1.90825000000000E+03, -6.17417435834511E-01, -7.25000000000000E-01, -7.64048678002261E+00,  6.10299999999999E+01,  3.36153075378230E+02,  2.63807939503484E+02
 1.90833333300000E+03, -6.30225152746518E-01, -5.82500000000000E-01, -7.62059060941939E+00,  6.12099999999999E+01,  1.87829762541097E+02,  1.72450513891379E+02
 1.90841666700000E+03, -6.38422073937446E-01, -4.80000000000000E-01, -7.60083869192217E+00,  6.13899999999999E+01,  9.76559661961688E+01,  1.18316027806004E+02
 1.90850000000000E+03, -6.41787346652030E-01, -4.62500000000000E-01, -7.58122976881477E+00,  6.15699999999999E+01,  1.56839553505339E+02,  2.07363770469751E+02
 1.90858333300000E+03, -5.73298835380287E-01, -4.60000000000000E-01, -7.56176256087786E+00,  6.17499999999999E+01,  1.66237963878046E+02,  2.82309757000765E+02
 1.90866666700000E+03, -4.25231666151373E-01, -4.50000000000000E-01, -1.62102856074023E+01,  6.19299999999999E+01,  1.24337897058169E+02,  2.89520872990449E+02
 1.90875000000000E+03, -3.22951690842644E-01, -3.70000000000000E-01, -1.61853120746813E+01,  6.21099999999999E+01,  1.23590910102406E+02,  2.75800038719426E+02
 1.90883333300000E+03, -2.83506102052026E-01, -2.57500000000000E-01, -1.61600287325865E+01,  6.22899999999999E+01,  1.26162163891012E+02,  2.21693082728260E+02
 1.90891666700000E+03, -2.58317702741659E-01, -2.27500000000000E-01, -1.61344383269963E+01,  6.24699999999999E+01,  7.52287125483079E+01,  2.35584709219330E+02
 1.90900000000000E+03, -2.46011009447753E-01, -2.92500000000000E-01, -1.61085436242807E+01,  6.26499999999999E+01,  5.53877315317672E+01,  1.79611455497998E+02
 1.90908333300000E+03, -2.36798978510665E-01, -3.65000000000000E-01, -1.60823474109455E+01,  6.28299999999999E+01,  5.26591790883505E+01,  1.58860181290200E+02
 1.90916666700000E+03, -2.20921671521717E-01, -3.55000000000000E-01, -1.60558524932750E+01,  6.30099999999999E+01,  1.33938170706733E+02,  1.96078928954657E+02
 1.90925000000000E+03, -1.96597058430861E-01, -2.67500000000000E-01, -1.60290616969726E+01,  6.31899999999999E+01,  1.58371165405871E+02,  2.31392531105820E+02
 1.90933333300000E+03, -1.70212648073719E-01, -2.35000000000000E-01, -1.60019778667997E+01,  6.33699999999999E+01,  2.12007082412066E+02,  1.44857947393814E+02
 1.90941666700000E+03, -1.49179171368844E-01, -3.55000000000000E-01, -1.59746038662123E+01,  6.35499999999999E+01,  2.38304476718848E+02,  1.42317008203978E+02
 1.90950000000000E+03, -1.34924986968733E-01, -4.30000000000000E-01, -1.59469425769969E+01,  6.37299999999999E+01,  2.32336986200875E+02,  1.35462209517041E+02
 1.90958333300000E+03, -1.61621587406366E-01, -3.75000000000000E-01, -1.59189968989034E+01,  6.39099999999999E+01,  1.88230095221438E+02,  1.06881304826770E+02
 1.90966666700000E+03, -2.26295096645786E-01, -3.47500000000000E-01, -1.66077425073234E+01,  6.40899999999999E+01,  1.66447471748254E+02,  8.31321312734955E+01
 1.90975000000000E+03, -2.54297684944036E-01, -3.55000000000000E-01, -1.65918333137437E+01,  6.42699999999999E+01,  1.03936365452710E+02,  7.82331920057495E+01
 1.90983333300000E+03, -2.52324316959209E-01, -2.90000000000000E-01, -1.65760131914556E+01,  6.44499999999999E+01,  8.06778073973271E+01,  7.88837021051075E+01
 1.90991666700000E+03, -2.66787378702099E-01, -1.97500000000000E-01, -1.65602801232952E+01,  6.46299999999999E+01,  9.37442178989146E+01,  8.87652741615692E+01
 1.91000000000000E+03, -2.98812732263880E-01, -2.60000000000000E-01, -1.65446320821589E+01,  6.48099999999999E+01,  6.34366115045005E+01,  2.26311141751324E+02
 1.91008333300000E+03, -3.40197767300178E-01, -4.45000000000000E-01, -1.65290670313965E+01,  6.49900000000000E+01,  5.67265496671688E+01,  2.59374280553666E+02
 1.91016666700000E+03, -3.81135532275782E-01, -5.67500000000000E-01, -1.65135829252054E+01,  6.51700000000000E+01,  7.44048252185652E+01,  3.03197600786019E+02
 1.91025000000000E+03, -4.17783834955522E-01, -5.87500000000000E-01, -1.64981777090271E+01,  6.53500000000000E+01,  1.29131231216924E+02,  3.20718844305246E+02
 1.91033333300000E+03, -4.52568213026468E-01, -6.25000000000000E-01, -1.64828493199432E+01,  6.55300000000000E+01,  1.29987052711932E+02,  3.49639495628341E+02
 1.91041666700000E+03, -4.87685370867477E-01, -6.95000000000000E-01, -1.64675956870734E+01,  6.57100000000000E+01,  1.22003282366082E+02,  2.51935356669602E+02
 1.91050000000000E+03, -5.19180455081562E-01, -7.12500000000000E-01, -1.64524147319741E+01,  6.58900000000000E+01,  1.35166124581307E+02,  2.13738233146502E+02
 1.91058333300000E+03, -4.41347505866125E-01, -6.27500000000000E-01, -1.64373043690383E+01,  6.60700000000000E+01,  1.26935847379592E+02,  2.51180632908215E+02
 1.91066666700000E+03, -2.56854409193024E-01, -4.60000000000000E-01, -1.66868718042375E+01,  6.62500000000000E+01,  7.56027633412518E+01,  3.78033267581367E+02
 1.91075000000000E+03, -1.76191803170544E-01, -3.05000000000000E-01, -1.66463358615977E+01,  6.64300000000000E+01,  7.22161121173408E+01,  3.39432646498828E+02
 1.91083333300000E+03, -2.13486001241525E-01, -2.45000000000000E-01, -1.66058614143776E+01,  6.66100000000000E+01,  7.88080802203589E+01,  3.30461031025185E+02
 1.91091666700000E+03, -2.82472897159503E-01, -3.22500000000000E-01, -1.65654511012713E+01,  6.67900000000000E+01,  1.00208576935280E+02,  3.70046350210541E+02
 1.91100000000000E+03, -3.83018776340028E-01, -4.42500000000000E-01, -1.65251075369694E+01,  6.69700000000000E+01,  9.96047158419926E+01,  2.86554089407300E+02
 1.91108333300000E+03, -4.94699129945667E-01, -5.62500000000000E-01, -1.64848333118884E+01,  6.71500000000000E+01,  9.04959634723867E+01,  1.37657482806614E+02
 1.91116666700000E+03, -5.87971618780982E-01, -6.50000000000000E-01, -1.64446309919034E+01,  6.73300000000000E+01,  1.31166133454975E+02,  1.57989738754769E+02
 1.91125000000000E+03, -6.40482137124377E-01, -6.47500000000000E-01, -1.64045031180848E+01,  6.75100000000000E+01,  1.15936711837120E+02,  1.30296140612788E+02
 1.91133333300000E+03, -6.46460378883428E-01, -6.57500000000000E-01, -1.63644522064384E+01,  6.76900000000001E+01,  9.09692853168780E+01,  1.84501119600416E+02
 1.91141666700000E+03, -6.14479535420909E-01, -6.82500000000000E-01, -1.63244807476500E+01,  6.78700000000001E+01,  1.13964087502046E+02,  2.00550028554799E+02
 1.91150000000000E+03, -5.58531230186959E-01, -6.25000000000000E-01, -1.62845912068332E+01,  6.80500000000001E+01,  1.24610018889906E+02,  2.10267359569609E+02
 1.91158333300000E+03, -4.57801994973338E-01, -5.02500000000000E-01, -1.62447860232810E+01,  6.82300000000001E+01,  6.84815193745013E+01,  2.05374234979649E+02
 1.91166666700000E+03, -3.43693636829690E-01, -3.87500000000000E-01, -8.22083474134361E+00,  6.84100000000001E+01,  8.26789298934469E+01,  1.91729833510382E+02
 1.91175000000000E+03, -3.16042451945372E-01, -3.72500000000000E-01, -8.26874629061788E+00,  6.85900000000001E+01,  1.15610661561157E+02,  1.34195527032276E+02
 1.91183333300000E+03, -3.62128471979995E-01, -4.45000000000000E-01, -8.31686053242798E+00,  6.87700000000001E+01,  1.56931299273181E+02,  1.80068198549654E+02
 1.91191666700000E+03, -4.21362531237753E-01, -4.75000000000000E-01, -8.36517399012870E+00,  6.89500000000001E+01,  1.45714798395230E+02,  1.49578319271186E+02
 1.91200000000000E+03, -4.81081948481444E-01, -4.22500000000000E-01, -8.41368316428182E+00,  6.91300000000001E+01,  1.72956725350159E+02,  1.96750847083454E+02
 1.91208333300000E+03, -5.35856015762947E-01, -3.82500000000000E-01, -8.46238453300287E+00,  6.93100000000001E+01,  2.08351316160215E+02,  2.71009488791541E+02
 1.91216666700000E+03, -5.87926190728281E-01, -4.15000000000000E-01, -8.51127455231068E+00,  6.94900000000001E+01,  2.19269518851179E+02,  2.73644634819564E+02
 1.91225000000000E+03, -6.37955899919824E-01, -4.45000000000000E-01, -8.56034965647970E+00,  6.96700000000001E+01,  1.38435878488472E+02,  2.07903535593000E+02
 1.91233333300000E+03, -6.74750728652411E-01, -4.42500000000000E-01, -8.60960625839495E+00,  6.98500000000001E+01,  1.81301507241316E+02,  2.07594355798192E+02
 1.91241666700000E+03, -6.75771990571551E-01, -4.35000000000000E-01, -8.65904074990970E+00,  7.00300000000001E+01,  2.15264821638105E+02,  1.78074650729904E+02
 1.91250000000000E+03, -6.21914519207835E-01, -4.85000000000000E-01, -8.70864950220550E+00,  7.02100000000002E+01,  1.78570869018075E+02,  9.40106506146814E+01
 1.91258333300000E+03, -5.31743013488983E-01, -5.32500000000000E-01, -8.75842886615525E+00,  7.03900000000002E+01,  1.84853675520201E+02,  5.27511636479680E+01
 1.91266666700000E+03, -4.62038337537024E-01, -4.97500000000000E-01, -9.86505743272858E+00,  7.05700000000002E+01,  2.98940240082233E+02,  1.14815887319907E+02
 1.91275000000000E+03, -4.37530819970277E-01, -4.70000000000000E-01, -9.84572924197121E+00,  7.07500000000002E+01,  3.31150549494401E+02,  2.06505626186280E+02
 1.91283333300000E+03, -4.37447458723649E-01, -4.95000000000000E-01, -9.82628783155054E+00,  7.09300000000002E+01,  2.72951684035614E+02,  1.90023598800689E+02
 1.91291666700000E+03, -4.49773968126669E-01, -6.35000000000000E-01, -9.80673279907580E+00,  7.11100000000002E+01,  2.56460415688370E+02,  1.94300974952601E+02
 1.91300000000000E+03, -4.73512361550314E-01, -7.40000000000000E-01, -9.78706377076211E+00,  7.12900000000002E+01,  3.25085307499093E+02,  3.47868746815300E+02
 1.91308333300000E+03, -5.02969876666961E-01, -7.02500000000000E-01, -9.76728040155226E+00,  7.14700000000002E+01,  2.37652145723937E+02,  3.10483426307172E+02
 1.91316666700000E+03, -5.33080310297483E-01, -7.47500000000000E-01, -9.74738237523423E+00,  7.16500000000002E+01,  2.09913601485878E+02,  2.17316063177476E+02
 1.91325000000000E+03, -5.61835887905023E-01, -8.45000000000000E-01, -9.72736940455459E+00,  7.18300000000002E+01,  2.97172793467745E+02,  2.81538726426160E+02
 1.91333333300000E+03, -5.87304206847767E-01, -8.77500000000000E-01, -9.70724123132755E+00,  7.20100000000002E+01,  3.45915702825797E+02,  3.24896600267960E+02
 1.91341666700000E+03, -6.03076691953907E-01, -8.55000000000000E-01, -9.68699762653980E+00,  7.21900000000002E+01,  3.05802442654331E+02,  1.73668945014142E+02
 1.91350000000000E+03, -5.98588448668324E-01, -7.87500000000000E-01, -9.66663839045108E+00,  7.23700000000002E+01,  2.95005947670188E+02,  1.42636977441129E+02
 1.91358333300000E+03, -5.82202112532876E-01, -7.52500000000000E-01, -9.64616335269043E+00,  7.25500000000002E+01,  2.58915251619772E+02,  1.71987547684500E+02
 1.91366666700000E+03, -5.66005368430201E-01, -7.30000000000000E-01, -2.29662518592555E+01,  7.27300000000002E+01,  2.59893313347009E+02,  2.01399378028336E+02
 1.91375000000000E+03, -5.40271917493183E-01, -6.67500000000000E-01, -2.29392140195699E+01,  7.29100000000003E+01,  2.86585242935135E+02,  2.09528478845104E+02
 1.91383333300000E+03, -5.11177109102358E-01, -5.82500000000000E-01, -2.29120833158678E+01,  7.30900000000003E+01,  2.06762972132847E+02,  2.10253868997305E+02
 1.91391666700000E+03, -4.94803299451141E-01, -4.70000000000000E-01, -2.28848613345188E+01,  7.32700000000003E+01,  2.65230939784345E+02,  3.20460448675559E+02
 1.91400000000000E+03, -4.89833049024094E-01, -4.32500000000000E-01, -2.28575496957601E+01,  7.34500000000003E+01,  3.05945468735312E+02,  3.37307379130886E+02
 1.91408333300000E+03, -4.86527000412714E-01, -5.65000000000000E-01, -2.28301500535181E+01,  7.36300000000003E+01,  2.26980139359900E+02,  2.43450602048417E+02
 1.91416666700000E+03, -4.75322010331044E-01, -7.05000000000000E-01, -2.28026640952262E+01,  7.38100000000003E+01,  1.62544736823865E+02,  2.06671043406254E+02
 1.91425000000000E+03, -4.54767822505426E-01, -6.75000000000000E-01, -2.27750935416348E+01,  7.39900000000003E+01,  1.58590384482719E+02,  2.05567405220714E+02
 1.91433333300000E+03, -4.31556160151482E-01, -5.82500000000000E-01, -2.27474401466179E+01,  7.41700000000003E+01,  8.34414562050952E+01,  1.56009391515084E+02
 1.91441666700000E+03, -4.13163896590893E-01, -6.10000000000000E-01, -2.27197056969729E+01,  7.43500000000003E+01,  9.72735456019826E+01,  2.54917939888235E+02
 1.91450000000000E+03, -4.00717139124678E-01, -6.80000000000000E-01, -2.26918920122155E+01,  7.45300000000003E+01,  9.78270030273415E+01,  2.46746112623991E+02
 1.91458333300000E+03, -4.07610579009917E-01, -6.52500000000000E-01, -2.26640009443692E+01,  7.47100000000003E+01,  1.23672483052718E+02,  3.27894050219298E+02
 1.91466666700000E+03, -4.20868570231979E-01, -5.10000000000000E-01, -2.91019427177107E+01,  7.48900000000003E+01,  1.19653953656716E+02,  3.47965403844713E+02
 1.91475000000000E+03, -3.94136820997467E-01, -3.47500000000000E-01, -2.91461551358376E+01,  7.50700000000003E+01,  2.02841423568166E+02,  3.64127477613237E+02
 1.91483333300000E+03, -3.34446729951948E-01, -2.92500000000000E-01, -2.91900495247449E+01,  7.52500000000003E+01,  2.33249702692498E+02,  4.15362143231432E+02
 1.91491666700000E+03, -2.64907489198722E-01, -2.92500000000000E-01, -2.92336222582220E+01,  7.54300000000003E+01,  2.66218744769200E+02,  4.15509349364892E+02
 1.91500000000000E+03, -1.82649571950313E-01, -2.50000000000000E-01, -2.92768697431885E+01,  7.56100000000004E+01,  2.38985445094290E+02,  3.21351043382848E+02
 1.91508333300000E+03, -9.21275919548901E-02, -1.65000000000000E-01, -2.93197884200862E+01,  7.57900000000004E+01,  2.41812167735940E+02,  3.11556916771270E+02
 1.91516666700000E+03, -9.40418755938491E-03, -5.50000000000000E-02, -2.93623747632661E+01,  7.59700000000004E+01,  2.22450122158260E+02,  3.14893927429702E+02
 1.91525000000000E+03,  4.22756565470488E-02,  7.25000000000000E-02, -2.94046252813709E+01,  7.61500000000004E+01,  1.55686197368886E+02,  2.14580242003556E+02
 1.91533333300000E+03,  4.51919118893264E-02,  2.00000000000000E-01, -2.94465365177138E+01,  7.63300000000004E+01,  1.25259358423085E+02,  2.33454937669485E+02
 1.91541666700000E+03, -6.24249943967925E-05,  2.85000000000000E-01, -2.94881050506523E+01,  7.65100000000004E+01,  1.45604956377842E+02,  2.31307240259618E+02
 1.91550000000000E+03, -7.22068280532303E-02,  3.07500000000000E-01, -2.95293274939575E+01,  7.66900000000004E+01,  1.50046617665108E+02,  2.37132824627033E+02
 1.91558333300000E+03, -1.01180576836449E-01,  2.82500000000000E-01, -2.95702004971788E+01,  7.68700000000004E+01,  8.86047827555625E+01,  1.68043548211707E+02
 1.91566666700000E+03, -6.60347596534777E-02,  1.90000000000000E-01, -2.07417943278263E+01,  7.70500000000004E+01,  6.50909232024833E+01,  1.34536711736981E+02
 1.91575000000000E+03, -5.59234664387781E-02,  4.50000000000000E-02, -2.07969012928379E+01,  7.72300000000004E+01,  9.16715589311656E+01,  2.34797119926583E+02
 1.91583333300000E+03, -9.37346703452654E-02, -5.50000000000000E-02, -2.08519913260391E+01,  7.74100000000004E+01,  7.90766531050911E+01,  2.36761761361353E+02
 1.91591666700000E+03, -1.36115320717660E-01, -1.10000000000000E-01, -2.09070598611026E+01,  7.75900000000004E+01,  1.03314706550094E+02,  2.32778636085195E+02
 1.91600000000000E+03, -1.73419960493897E-01, -1.85000000000000E-01, -2.09621023311992E+01,  7.77700000000004E+01,  1.56350083240769E+02,  2.69945859091626E+02
 1.91608333300000E+03, -2.18853882493971E-01, -3.10000000000000E-01, -2.10171141695004E+01,  7.79500000000004E+01,  1.80771963620850E+02,  2.17862610213118E+02
 1.91616666700000E+03, -2.91183139097938E-01, -4.12500000000000E-01, -2.10720908096806E+01,  7.81300000000005E+01,  1.91146662236100E+02,  1.98935532537789E+02
 1.91625000000000E+03, -3.87066752720136E-01, -3.90000000000000E-01, -2.11270276864198E+01,  7.83100000000005E+01,  1.89115556098719E+02,  2.09406259721558E+02
 1.91633333300000E+03, -4.72857636323041E-01, -3.25000000000000E-01, -2.11819202359064E+01,  7.84900000000005E+01,  1.76166495628269E+02,  1.89320501320931E+02
 1.91641666700000E+03, -5.06289044611777E-01, -2.90000000000000E-01, -2.12367638963390E+01,  7.86700000000005E+01,  1.22458952197542E+02,  1.46655648545946E+02
 1.91650000000000E+03, -4.68331553859510E-01, -2.62500000000000E-01, -2.12915541084291E+01,  7.88500000000005E+01,  1.04024863402240E+02,  2.05667016724149E+02
 1.91658333300000E+03, -4.68506410350318E-01, -2.50000000000000E-01, -2.13462863159031E+01,  7.90300000000005E+01,  6.89937473391746E+01,  1.05863946360409E+02
 1.91666666700000E+03, -5.68325765630256E-01, -2.77500000000000E-01, -1.71656943444558E+01,  7.92100000000005E+01,  7.94203281551737E+01,  1.46224540382230E+02
 1.91675000000000E+03, -6.30510118049688E-01, -3.67500000000000E-01, -1.71370052642628E+01,  7.93900000000005E+01,  5.97564960370270E+01,  2.20611345089151E+02
 1.91683333300000E+03, -6.28020158769362E-01, -4.55000000000000E-01, -1.71082973011203E+01,  7.95700000000005E+01,  8.53753216514319E+01,  2.68793828193131E+02
 1.91691666700000E+03, -6.20456697059282E-01, -4.52500000000000E-01, -1.70795729616368E+01,  7.97500000000005E+01,  8.39304010423545E+01,  2.24318104534870E+02
 1.91700000000000E+03, -6.02714872972440E-01, -4.35000000000000E-01, -1.70508347756423E+01,  7.99300000000005E+01,  7.23723394836579E+01,  2.32912761067400E+02
 1.91708333300000E+03, -5.71440464244921E-01, -4.72500000000000E-01, -1.70220852958637E+01,  8.01100000000005E+01,  4.90884942028351E+01,  2.29501152600154E+02
 1.91716666700000E+03, -5.26947437867973E-01, -4.60000000000000E-01, -1.69933270975974E+01,  8.02900000000005E+01,  6.25924893374139E+01,  1.59806157401147E+02
 1.91725000000000E+03, -4.71750707310878E-01, -3.75000000000000E-01, -1.69645627783761E+01,  8.04700000000005E+01,  3.95720492273868E+01,  1.71857801458548E+02
 1.91733333300000E+03, -4.08015512410108E-01, -3.30000000000000E-01, -1.69357949576339E+01,  8.06500000000005E+01,  1.20444283959999E+02,  2.31181114491924E+02
 1.91741666700000E+03, -3.36906577612329E-01, -3.32500000000000E-01, -1.69070262763661E+01,  8.08300000000006E+01,  1.77161125386162E+02,  2.59057587743988E+02
 1.91750000000000E+03, -2.60373443543913E-01, -3.60000000000000E-01, -1.68782593967865E+01,  8.10100000000006E+01,  1.90617283179531E+02,  2.39302264175063E+02
 1.91758333300000E+03, -2.52159363209407E-01, -3.97500000000000E-01, -1.68494970019800E+01,  8.11900000000006E+01,  1.82683255542083E+02,  2.48130481622576E+02
 1.91766666700000E+03, -3.24072776746977E-01, -4.47500000000000E-01, -2.82831979681834E+01,  8.13700000000006E+01,  1.79700198605161E+02,  2.17089134885159E+02
 1.91775000000000E+03, -3.44317680665171E-01, -5.40000000000000E-01, -2.82578160714773E+01,  8.15500000000006E+01,  8.89467675935512E+01,  1.43796418324421E+02
 1.91783333300000E+03, -3.05732916430776E-01, -4.37500000000000E-01, -2.82323141806331E+01,  8.17300000000006E+01,  2.09247139201434E+02,  3.83032028041439E+02
 1.91791666700000E+03, -2.78173809020345E-01, -1.12500000000000E-01, -2.82066932507873E+01,  8.19100000000006E+01,  2.98017054937841E+02,  4.36077685633041E+02
 1.91800000000000E+03, -2.67602414336192E-01,  2.50000000000000E-02, -2.81809542754747E+01,  8.20900000000006E+01,  2.98314127291234E+02,  4.37219840341856E+02
 1.91808333300000E+03, -2.71388515276075E-01, -1.17500000000000E-01, -2.81550982865549E+01,  8.22700000000006E+01,  3.64642676217316E+02,  4.41846739977314E+02
 1.91816666700000E+03, -2.84765929655180E-01, -3.32500000000000E-01, -2.81291263541316E+01,  8.24500000000006E+01,  4.01913766791640E+02,  5.03057318988356E+02
 1.91825000000000E+03, -3.07162349522019E-01, -4.67500000000000E-01, -2.81030395864664E+01,  8.26300000000006E+01,  2.37016136993928E+02,  2.78902897328523E+02
 1.91833333300000E+03, -3.41632514611184E-01, -4.90000000000000E-01, -2.80768391298854E+01,  8.28100000000006E+01,  1.35266671422181E+02,  1.93962952138152E+02
 1.91841666700000E+03, -3.88135728643260E-01, -4.57500000000000E-01, -2.80505261686802E+01,  8.29900000000006E+01,  1.38755502889102E+02,  1.98335252879417E+02
 1.91850000000000E+03, -4.38148130280711E-01, -4.35000000000000E-01, -2.80241019250018E+01,  8.31700000000006E+01,  7.19077472133399E+01,  1.59594745958764E+02
 1.91858333300000E+03, -3.67975071762226E-01, -4.55000000000000E-01, -2.79975676587486E+01,  8.33500000000006E+01,  5.45282044107637E+01,  1.23674651647692E+02
 1.91866666700000E+03, -1.63451093105046E-01, -4.85000000000000E-01, -2.63857148590547E+01,  8.35300000000007E+01,  8.14536793903015E+01,  8.03123891920229E+01
 1.91875000000000E+03, -4.35771656280785E-02, -4.52500000000000E-01, -2.63684593608809E+01,  8.37100000000007E+01,  7.89737571238750E+01,  8.05354681485133E+01
 1.91883333300000E+03, -2.88775595427389E-02, -4.02500000000000E-01, -2.63513160694165E+01,  8.38900000000007E+01,  7.80015376458677E+01,  8.53724988113043E+01
 1.91891666700000E+03, -2.84220591775302E-02, -3.17500000000000E-01, -2.63342828828878E+01,  8.40700000000007E+01,  7.70729114032617E+01,  1.05298615469598E+02
 1.91900000000000E+03, -4.59811099129576E-02, -1.35000000000000E-01, -2.63173576846264E+01,  8.42500000000007E+01,  1.69367002125460E+02,  1.91175678031390E+02
 1.91908333300000E+03, -7.63835922854056E-02,  0.00000000000000E+00, -2.63005383435129E+01,  8.44300000000007E+01,  1.72292356147334E+02,  1.88565980630382E+02
 1.91916666700000E+03, -1.12508201998879E-01,  5.00000000000000E-03, -2.62838227144233E+01,  8.46100000000007E+01,  2.16333350455395E+02,  2.12413192346436E+02
 1.91925000000000E+03, -1.52241412974218E-01, -7.75000000000000E-02, -2.62672086386769E+01,  8.47900000000007E+01,  2.11625647836839E+02,  1.90120716049930E+02
 1.91933333300000E+03, -1.98445838050612E-01, -1.90000000000000E-01, -2.62506939444858E+01,  8.49700000000007E+01,  2.67147468457700E+02,  2.26461719835997E+02
 1.91941666700000E+03, -2.52490084388949E-01, -3.45000000000000E-01, -2.62342764474070E+01,  8.51500000000007E+01,  1.67719376558669E+02,  1.58467139495608E+02
 1.91950000000000E+03, -3.08699160743505E-01, -4.75000000000000E-01, -2.62179539507949E+01,  8.53300000000007E+01,  1.20837770857355E+02,  1.43601315298127E+02
 1.91958333300000E+03, -3.12027223314065E-01, -4.25000000000000E-01, -2.62017242462569E+01,  8.55100000000007E+01,  7.82477960999905E+01,  1.26865883017872E+02
 1.91966666700000E+03, -2.48537349994389E-01, -2.82500000000000E-01, -2.74663822869335E+01,  8.56900000000007E+01,  8.95684775431990E+01,  1.79960567373040E+02
 1.91975000000000E+03, -2.14714481842918E-01, -2.07500000000000E-01, -2.75189438957083E+01,  8.58700000000007E+01,  3.68606128538922E+01,  1.23811848756537E+02
 1.91983333300000E+03, -2.43393221425683E-01, -2.57500000000000E-01, -2.75713249495038E+01,  8.60500000000008E+01,  2.98407487604233E+01,  7.81117696785466E+01
 1.91991666700000E+03, -2.94606684296181E-01, -4.30000000000000E-01, -2.76235209655189E+01,  8.62300000000008E+01,  3.48481084623759E+01,  8.61950186518112E+01
 1.92000000000000E+03, -3.45242368169985E-01, -6.02500000000000E-01, -2.76755274788736E+01,  8.64100000000008E+01,  4.44433890054845E+01,  1.15224811015615E+02
 1.92008333300000E+03, -3.84841234802792E-01, -6.50000000000000E-01, -2.77273400431131E+01,  8.65900000000008E+01,  1.21918820509716E+02,  1.28407012114978E+02
 1.92016666700000E+03, -4.21286227653208E-01, -6.10000000000000E-01, -2.77789542307086E+01,  8.67700000000008E+01,  1.61904106854262E+02,  1.43816537419620E+02
 1.92025000000000E+03, -4.65955460938440E-01, -5.95000000000000E-01, -2.78303656335561E+01,  8.69500000000008E+01,  1.75500377663746E+02,  1.50767810697461E+02
 1.92033333300000E+03, -5.14093553079085E-01, -5.97500000000000E-01, -2.78815698634726E+01,  8.71300000000008E+01,  2.41686050553699E+02,  1.55244323322140E+02
 1.92041666700000E+03, -5.40869466618117E-01, -6.15000000000000E-01, -2.79325625526898E+01,  8.73100000000008E+01,  2.39917236953175E+02,  1.16474606554059E+02
 1.92050000000000E+03, -5.18917944244735E-01, -6.12500000000000E-01, -2.79833393543453E+01,  8.74900000000008E+01,  1.53131550303381E+02,  7.33866371138573E+01
 1.92058333300000E+03, -4.84247497308951E-01, -5.07500000000000E-01, -2.80338959429710E+01,  8.76700000000008E+01,  1.22457291452992E+02,  1.19049709437649E+02
 1.92066666700000E+03, -4.83588408312807E-01, -3.90000000000000E-01, -1.94043560933349E+01,  8.78500000000008E+01,  1.07063511499280E+02,  1.41028334911299E+02
 1.92075000000000E+03, -4.86581057493523E-01, -3.67500000000000E-01, -1.93898794660288E+01,  8.80300000000008E+01,  5.79051292384001E+01,  2.69248572472696E+02
 1.92083333300000E+03, -4.83480513798592E-01, -4.57500000000000E-01, -1.93757109601233E+01,  8.82100000000008E+01,  1.12599216061860E+02,  3.31534890955778E+02
 1.92091666700000E+03, -4.94176694047437E-01, -5.32500000000000E-01, -1.93618533930923E+01,  8.83900000000008E+01,  1.14982497711509E+02,  3.83617977477702E+02
 1.92100000000000E+03, -5.13936562136983E-01, -5.32500000000000E-01, -1.93483095591941E+01,  8.85700000000008E+01,  1.55905818664522E+02,  3.26661336705710E+02
 1.92108333300000E+03, -5.34764615755532E-01, -6.12500000000000E-01, -1.93350822290236E+01,  8.87500000000009E+01,  2.35321494970727E+02,  3.25299778486299E+02
 1.92116666700000E+03, -5.52381059063621E-01, -6.82500000000000E-01, -1.93221741490666E+01,  8.89300000000009E+01,  2.52722081720837E+02,  2.17635535459349E+02
 1.92125000000000E+03, -5.67660537257697E-01, -6.55000000000000E-01, -1.93095880412579E+01,  8.91100000000009E+01,  1.88928080775602E+02,  1.60934026133857E+02
 1.92133333300000E+03, -5.81558262607201E-01, -6.50000000000000E-01, -1.92973266025407E+01,  8.92900000000009E+01,  3.48467779120492E+02,  1.88761583423641E+02
 1.92141666700000E+03, -5.89338609831796E-01, -5.07500000000000E-01, -1.92853925044306E+01,  8.94700000000009E+01,  2.97909091448640E+02,  1.91635191863119E+02
 1.92150000000000E+03, -5.81047295822013E-01, -3.20000000000000E-01, -1.92737883925811E+01,  8.96500000000009E+01,  2.54897810223919E+02,  1.85768420755031E+02
 1.92158333300000E+03, -5.53902235586544E-01, -3.80000000000000E-01, -1.92625168863528E+01,  8.98300000000009E+01,  2.32159951971954E+02,  1.62859059511376E+02
 1.92166666700000E+03, -5.23351888489805E-01, -4.05000000000000E-01, -2.40720635587615E+01,  9.00100000000009E+01,  2.31381455499149E+02,  1.73847206770637E+02
 1.92175000000000E+03, -5.03197110341210E-01, -3.12500000000000E-01, -2.40841057100294E+01,  9.01900000000009E+01,  9.82948255389238E+01,  1.32450296101389E+02
 1.92183333300000E+03, -4.92151786351392E-01, -3.27500000000000E-01, -2.40965884699296E+01,  9.03700000000009E+01,  2.06800689018746E+02,  2.22045826780643E+02
 1.92191666700000E+03, -4.91537182190063E-01, -3.52500000000000E-01, -2.41095122059179E+01,  9.05500000000009E+01,  2.62772452668435E+02,  2.42566819769701E+02
 1.92200000000000E+03, -5.03260415264775E-01, -3.82500000000000E-01, -2.41228772377869E+01,  9.07300000000009E+01,  2.54995979675131E+02,  2.47645513425962E+02
 1.92208333300000E+03, -5.20211355944266E-01, -5.15000000000000E-01, -2.41366838375173E+01,  9.09100000000009E+01,  3.07052852344616E+02,  2.44015564412729E+02
 1.92216666700000E+03, -5.33723058201980E-01, -6.57500000000000E-01, -2.41509322291363E+01,  9.10900000000009E+01,  3.29773637767324E+02,  2.26911751389828E+02
 1.92225000000000E+03, -5.40937335243121E-01, -6.85000000000000E-01, -2.41656225885820E+01,  9.12700000000009E+01,  2.65722519963817E+02,  1.90867431900653E+02
 1.92233333300000E+03, -5.45028063900044E-01, -6.62500000000000E-01, -2.41807550435736E+01,  9.14500000000010E+01,  1.89470809219045E+02,  1.42436316986939E+02
 1.92241666700000E+03, -5.48773492570117E-01, -6.95000000000000E-01, -2.41963296734894E+01,  9.16300000000010E+01,  1.93263965348720E+02,  1.48175612995729E+02
 1.92250000000000E+03, -5.48823026580086E-01, -7.12500000000000E-01, -2.42123465092500E+01,  9.18100000000010E+01,  1.43284771638288E+02,  2.54464921370508E+02
 1.92258333300000E+03, -5.15491116317365E-01, -7.12500000000000E-01, -2.42288055332089E+01,  9.19900000000010E+01,  9.58082403173251E+01,  2.13893067076709E+02
 1.92266666700000E+03, -4.86087033529801E-01, -6.82500000000000E-01, -3.14428597899149E+01,  9.21700000000010E+01,  8.99601903701066E+01,  1.97261961540037E+02
 1.92275000000000E+03, -5.29936363730086E-01, -5.10000000000000E-01, -3.14984803244749E+01,  9.23500000000010E+01,  8.37372747472100E+01,  2.32310671623620E+02
 1.92283333300000E+03, -5.77877899287005E-01, -3.60000000000000E-01, -3.15539891112375E+01,  9.25300000000010E+01,  8.76793024387011E+01,  2.36500939777153E+02
 1.92291666700000E+03, -5.72732164031801E-01, -4.30000000000000E-01, -3.16093812378600E+01,  9.27100000000010E+01,  8.87585098257240E+01,  1.44668903536821E+02
 1.92300000000000E+03, -5.50159290965735E-01, -6.15000000000000E-01, -3.16646518023949E+01,  9.28900000000010E+01,  9.60297616235443E+01,  1.57082385863164E+02
 1.92308333300000E+03, -5.29163954195506E-01, -7.22500000000000E-01, -3.17197959138622E+01,  9.30700000000010E+01,  6.76626655471720E+01,  1.16833378400382E+02
 1.92316666700000E+03, -4.99627576795263E-01, -7.55000000000000E-01, -3.17748086928206E+01,  9.32500000000010E+01,  5.62263587211591E+01,  9.48042529878058E+01
 1.92325000000000E+03, -4.44381579421433E-01, -7.50000000000000E-01, -3.18296852719382E+01,  9.34300000000010E+01,  4.41244237090351E+01,  8.19682099876617E+01
 1.92333333300000E+03, -3.68845445299400E-01, -6.80000000000000E-01, -3.18844207965603E+01,  9.36100000000010E+01,  5.52331864665129E+01,  9.51432646135961E+01
 1.92341666700000E+03, -3.04136755214905E-01, -6.37500000000000E-01, -3.19390104252764E+01,  9.37900000000010E+01,  4.60704192737202E+01,  7.96248274812764E+01
 1.92350000000000E+03, -2.79058330252641E-01, -6.27500000000000E-01, -3.19934493304850E+01,  9.39700000000011E+01,  7.10487631393669E+01,  1.03261852018801E+02
 1.92358333300000E+03, -2.46937761389108E-01, -6.30000000000000E-01, -3.20477326989573E+01,  9.41500000000011E+01,  8.61931578746572E+01,  1.65832200618811E+02
 1.92366666700000E+03, -1.69992330944046E-01, -5.90000000000000E-01, -2.56814051829657E+01,  9.43300000000011E+01,  9.41129371642514E+01,  1.55389709243456E+02
 1.92375000000000E+03, -1.04073006865812E-01, -4.25000000000000E-01, -2.56532403360708E+01,  9.45100000000011E+01,  1.46076798405301E+02,  1.95633035372954E+02
 1.92383333300000E+03, -5.83987483006779E-02, -2.15000000000000E-01, -2.56251761066846E+01,  9.46900000000011E+01,  1.55977604589107E+02,  2.89519231006902E+02
 1.92391666700000E+03, -1.47450455816752E-02, -5.75000000000000E-02, -2.55972159381011E+01,  9.48700000000011E+01,  1.35708431025172E+02,  2.79076991347256E+02
 1.92400000000000E+03,  1.08424605828412E-02, -6.00000000000000E-02, -2.55693632825193E+01,  9.50500000000011E+01,  1.80944404352535E+02,  3.47987854516590E+02
 1.92408333300000E+03,  1.57482477379323E-02, -1.17500000000000E-01, -2.55416216005345E+01,  9.52300000000011E+01,  1.73498778446847E+02,  3.45345217283215E+02
 1.92416666700000E+03,  9.38030219906213E-03, -4.00000000000000E-02, -2.55139943606270E+01,  9.54100000000011E+01,  1.24997007992325E+02,  2.81061534919649E+02
 1.92425000000000E+03,  1.74408756617794E-03,  1.50000000000000E-02, -2.54864850386486E+01,  9.55900000000011E+01,  1.07588173042100E+02,  2.06335842610063E+02
 1.92433333300000E+03, -5.58082023126549E-03, -6.75000000000000E-02, -2.54590971173080E+01,  9.57700000000011E+01,  1.32708664124517E+02,  2.65374974789662E+02
 1.92441666700000E+03, -1.70463666065544E-02, -1.67500000000000E-01, -2.54318340856536E+01,  9.59500000000011E+01,  7.27167120869765E+01,  1.42229402877492E+02
 1.92450000000000E+03, -3.30562777107193E-02, -2.70000000000000E-01, -2.54046994385550E+01,  9.61300000000011E+01,  1.05049624756553E+02,  1.82521184470476E+02
 1.92458333300000E+03, -9.40920678277558E-02, -4.02500000000000E-01, -2.53776966761827E+01,  9.63100000000011E+01,  1.50396396682476E+02,  2.87378707990118E+02
 1.92466666700000E+03, -1.93667179289153E-01, -4.82500000000000E-01, -2.44377605611456E+01,  9.64900000000011E+01,  1.88217703492409E+02,  3.43341572218479E+02
 1.92475000000000E+03, -2.36730024051800E-01, -4.85000000000000E-01, -2.44192938028971E+01,  9.66700000000012E+01,  2.07667738687485E+02,  4.17105833664076E+02
 1.92483333300000E+03, -2.30227145993408E-01, -4.67500000000000E-01, -2.44011051136763E+01,  9.68500000000012E+01,  2.05751252521298E+02,  4.18109193479416E+02
 1.92491666700000E+03, -2.32174048522677E-01, -5.05000000000000E-01, -2.43831977104327E+01,  9.70300000000012E+01,  1.68888924563279E+02,  3.79963802582750E+02
 1.92500000000000E+03, -2.47128865092691E-01, -6.62500000000000E-01, -2.43655747918266E+01,  9.72100000000012E+01,  1.20252362977351E+02,  3.11685033859480E+02
 1.92508333300000E+03, -2.70236602977020E-01, -8.02500000000000E-01, -2.43482395377157E+01,  9.73900000000012E+01,  1.06269715679685E+02,  2.99818124077499E+02
 1.92516666700000E+03, -2.94234919505869E-01, -7.70000000000000E-01, -2.43311951086435E+01,  9.75700000000012E+01,  8.73576651630620E+01,  2.06153943146579E+02
 1.92525000000000E+03, -3.16635097857431E-01, -6.22500000000000E-01, -2.43144446453302E+01,  9.77500000000012E+01,  9.69071278944796E+01,  2.58329984161393E+02
 1.92533333300000E+03, -3.40037932511709E-01, -5.10000000000000E-01, -2.42979912681647E+01,  9.79300000000012E+01,  1.01017671549898E+02,  2.56108418401366E+02
 1.92541666700000E+03, -3.66012238810735E-01, -5.37500000000000E-01, -2.42818380767003E+01,  9.81100000000012E+01,  1.34703555875195E+02,  2.10821219564786E+02
 1.92550000000000E+03, -3.89773041229031E-01, -5.82500000000000E-01, -2.42659881491514E+01,  9.82900000000012E+01,  1.41790627748973E+02,  1.79459992352148E+02
 1.92558333300000E+03, -3.98120819664662E-01, -5.12500000000000E-01, -2.42504445418931E+01,  9.84700000000012E+01,  1.80433206260009E+02,  2.47379166871365E+02
 1.92566666700000E+03, -3.78883589934615E-01, -3.30000000000000E-01, -2.90984488372023E+01,  9.86500000000012E+01,  2.49041560645157E+02,  2.51642186680673E+02
 1.92575000000000E+03, -3.33043575318121E-01, -1.57500000000000E-01, -2.91543224329753E+01,  9.88300000000012E+01,  3.30919429070855E+02,  2.89196480256337E+02
 1.92583333300000E+03, -2.62392296221803E-01,  2.49999999999999E-03, -2.92102899878432E+01,  9.90100000000012E+01,  3.03876748856455E+02,  3.13587682113320E+02
 1.92591666700000E+03, -1.63542812433827E-01,  2.42500000000000E-01, -2.92663466702063E+01,  9.91900000000012E+01,  3.20142794711535E+02,  3.41070345940906E+02
 1.92600000000000E+03, -5.10564035258670E-02,  3.70000000000000E-01, -2.93224876348514E+01,  9.93700000000013E+01,  2.98696609338425E+02,  5.06279983434495E+02
 1.92608333300000E+03,  3.44428056018070E-02,  3.12500000000000E-01, -2.93787080235133E+01,  9.95500000000013E+01,  2.24171937225671E+02,  4.81142410760001E+02
 1.92616666700000E+03,  5.26007676722518E-02,  2.15000000000000E-01, -2.94350029654381E+01,  9.97300000000013E+01,  1.42480004869090E+02,  4.69630953904732E+02
 1.92625000000000E+03, -4.06283078248467E-03,  1.65000000000000E-01, -2.94913675779470E+01,  9.99100000000013E+01,  1.24839751100105E+02,  5.43447739064826E+02
 1.92633333300000E+03, -1.04192156695263E-01,  1.62500000000000E-01, -2.95477969670037E+01,  1.00090000000001E+02,  1.23771889259288E+02,  5.78385883552506E+02
 1.92641666700000E+03, -2.04265440713354E-01,  2.00000000000000E-01, -2.96042862277824E+01,  1.00270000000001E+02,  7.17632152891458E+01,  3.04374383902438E+02
 1.92650000000000E+03, -2.80202779067306E-01,  2.32500000000000E-01, -2.96608304452372E+01,  1.00450000000001E+02,  1.48753951115024E+02,  4.08712550949326E+02
 1.92658333300000E+03, -3.13545780450433E-01,  1.77500000000000E-01, -2.97174246946738E+01,  1.00630000000001E+02,  1.64776639859923E+02,  4.51284668800481E+02
 1.92666666700000E+03, -2.89700447321585E-01,  1.57500000000000E-01, -2.58351273801474E+01,  1.00810000000001E+02,  2.13083182650985E+02,  4.68179971464138E+02
 1.92675000000000E+03, -2.31177845500452E-01,  1.30000000000000E-01, -2.58064781639321E+01,  1.00990000000001E+02,  1.68995936441903E+02,  4.60505666078972E+02
 1.92683333300000E+03, -1.67644295898202E-01,  2.50000000000000E-03, -2.57779111422019E+01,  1.01170000000001E+02,  1.71568936928633E+02,  4.79547557989636E+02
 1.92691666700000E+03, -1.06224649527019E-01, -2.50000000000000E-02, -2.57494297014427E+01,  1.01350000000001E+02,  1.02866577590369E+02,  3.23848903444812E+02
 1.92700000000000E+03, -4.84686652364785E-02, -5.00000000000000E-03, -2.57210372397571E+01,  1.01530000000001E+02,  1.20071103416326E+02,  2.55240218355181E+02
 1.92708333300000E+03,  1.51123388161508E-03, -7.25000000000000E-02, -2.56927371663674E+01,  1.01710000000001E+02,  7.46180208957007E+01,  1.82558166449298E+02
 1.92716666700000E+03,  3.79534747335791E-02, -1.32500000000000E-01, -2.56645329011163E+01,  1.01890000000001E+02,  9.40059556773956E+01,  1.09623803935249E+02
 1.92725000000000E+03,  5.70968088106856E-02, -7.50000000000000E-02, -2.56364278739656E+01,  1.02070000000001E+02,  1.43763452055416E+02,  2.14478198507312E+02
 1.92733333300000E+03,  5.98185762035977E-02,  8.50000000000000E-02, -2.56084255244923E+01,  1.02250000000001E+02,  2.37119158582994E+02,  2.52156249165552E+02
 1.92741666700000E+03,  5.08952853307507E-02,  1.77500000000000E-01, -2.55805293013822E+01,  1.02430000000001E+02,  2.53941424655760E+02,  3.77841562730036E+02
 1.92750000000000E+03,  3.63380592338654E-02,  1.32500000000000E-01, -2.55527426619220E+01,  1.02610000000001E+02,  2.70759814941137E+02,  3.55675751732839E+02
 1.92758333300000E+03, -3.40332653296109E-03,  6.75000000000000E-02, -2.55250690714887E+01,  1.02790000000001E+02,  2.62509623513479E+02,  4.92557978828068E+02
 1.92766666700000E+03, -6.14510821773438E-02,  1.12500000000000E-01, -3.78723268401830E+01,  1.02970000000001E+02,  2.07061990533888E+02,  3.62080594223752E+02
 1.92775000000000E+03, -8.19579058854712E-02,  2.35000000000000E-01, -3.79232156483249E+01,  1.03150000000001E+02,  1.08340977362202E+02,  3.62523729086322E+02
 1.92783333300000E+03, -6.95207516234261E-02,  2.97500000000000E-01, -3.79738436917758E+01,  1.03330000000001E+02,  9.72391282902245E+01,  4.57693577110949E+02
 1.92791666700000E+03, -6.52760690304190E-02,  2.60000000000000E-01, -3.80242064191251E+01,  1.03510000000001E+02,  1.40624504052849E+02,  5.12989116247754E+02
 1.92800000000000E+03, -8.57503496232224E-02,  7.00000000000000E-02, -3.80742993073551E+01,  1.03690000000001E+02,  1.38323828173287E+02,  4.59640896622612E+02
 1.92808333300000E+03, -1.31560849088021E-01, -1.92500000000000E-01, -3.81241178623766E+01,  1.03870000000001E+02,  1.45268109128221E+02,  4.71905819859685E+02
 1.92816666700000E+03, -1.81723562327365E-01, -3.27500000000000E-01, -3.81736576195601E+01,  1.04050000000001E+02,  1.81845150851119E+02,  5.23986195888725E+02
 1.92825000000000E+03, -2.08088567684742E-01, -3.10000000000000E-01, -3.82229141442643E+01,  1.04230000000001E+02,  1.48087834904128E+02,  4.02708102077909E+02
 1.92833333300000E+03, -1.96656453752077E-01, -1.77500000000000E-01, -3.82718830323591E+01,  1.04410000000001E+02,  1.06184507589575E+02,  4.23663902105635E+02
 1.92841666700000E+03, -1.57557155487837E-01, -5.00000000000000E-02, -3.83205599107450E+01,  1.04590000000001E+02,  1.21329695125595E+02,  5.24186979934883E+02
 1.92850000000000E+03, -1.16545662346340E-01, -1.25000000000000E-02, -3.83689404378686E+01,  1.04770000000001E+02,  1.50982405940744E+02,  5.88033513289082E+02
 1.92858333300000E+03, -4.05533633494353E-02,  1.75000000000000E-02, -3.84170203042330E+01,  1.04950000000001E+02,  1.29699731115996E+02,  5.89283492826075E+02
 1.92866666700000E+03,  4.98415750567992E-02,  2.00000000000000E-02, -3.61227210059135E+01,  1.05130000000001E+02,  1.79493776283542E+02,  5.17467508701559E+02
 1.92875000000000E+03,  2.14796051818496E-02, -1.12500000000000E-01, -3.61794318030152E+01,  1.05310000000001E+02,  2.47170419162456E+02,  4.76753139761856E+02
 1.92883333300000E+03, -1.19345683044833E-01, -2.72500000000000E-01, -3.62360401804793E+01,  1.05490000000001E+02,  2.65574996398426E+02,  3.38016067406111E+02
 1.92891666700000E+03, -2.72464038443149E-01, -2.95000000000000E-01, -3.62925409787121E+01,  1.05670000000001E+02,  2.50682151890968E+02,  3.21701633016739E+02
 1.92900000000000E+03, -3.87227425797041E-01, -2.27500000000000E-01, -3.63489290476277E+01,  1.05850000000002E+02,  2.51353577078933E+02,  2.42803705738585E+02
 1.92908333300000E+03, -4.41312370548880E-01, -1.82500000000000E-01, -3.64051992472684E+01,  1.06030000000002E+02,  1.96461587463915E+02,  2.49499161633295E+02
 1.92916666700000E+03, -4.47955491351969E-01, -1.82500000000000E-01, -3.64613464484234E+01,  1.06210000000002E+02,  1.20480437033083E+02,  1.99223836153508E+02
 1.92925000000000E+03, -4.31572435287378E-01, -2.70000000000000E-01, -3.65173655332466E+01,  1.06390000000002E+02,  7.71185703585295E+01,  1.39249999429821E+02
 1.92933333300000E+03, -4.00457504119373E-01, -4.25000000000000E-01, -3.65732513958722E+01,  1.06570000000002E+02,  8.63684817402733E+01,  7.88877346908608E+01
 1.92941666700000E+03, -3.45618428190159E-01, -4.27500000000000E-01, -3.66289989430291E+01,  1.06750000000002E+02,  9.42284245864591E+01,  1.35208791315774E+02
 1.92950000000000E+03, -2.63782053933287E-01, -3.12500000000000E-01, -3.66846030946537E+01,  1.06930000000002E+02,  1.47144440050830E+02,  1.68432235272981E+02
 1.92958333300000E+03, -1.86263973783900E-01, -2.75000000000000E-01, -3.67400587845007E+01,  1.07110000000002E+02,  1.79736734872417E+02,  2.04494620670605E+02
 1.92966666700000E+03, -1.60653846409784E-01, -2.22500000000000E-01, -2.96746473822490E+01,  1.07290000000002E+02,  1.95595106071732E+02,  2.57306725501004E+02
 1.92975000000000E+03, -1.94078332953455E-01, -1.90000000000000E-01, -2.97312531011681E+01,  1.07470000000002E+02,  2.06739263200795E+02,  2.47081992286830E+02
 1.92983333300000E+03, -2.55371830018605E-01, -2.85000000000000E-01, -2.97879027120666E+01,  1.07650000000002E+02,  2.52847521951723E+02,  2.93798411399444E+02
 1.92991666700000E+03, -3.03483091565649E-01, -3.52500000000000E-01, -2.98445912706833E+01,  1.07830000000002E+02,  2.24830587717491E+02,  2.25645589798330E+02
 1.93000000000000E+03, -2.96634999453553E-01, -3.77500000000000E-01, -2.99013138249707E+01,  1.08010000000002E+02,  1.92163709121641E+02,  1.88630708777638E+02
 1.93008333300000E+03, -2.22690187039520E-01, -3.97500000000000E-01, -2.99580654156720E+01,  1.08190000000002E+02,  2.59090871367218E+02,  1.72081291789093E+02
 1.93016666700000E+03, -1.18620129597874E-01, -3.82500000000000E-01, -3.00148410768987E+01,  1.08370000000002E+02,  2.69977078006299E+02,  2.13584059022278E+02
 1.93025000000000E+03, -3.93205855894140E-02, -4.22500000000000E-01, -3.00716358367095E+01,  1.08550000000002E+02,  1.96524574475501E+02,  1.02337371349468E+02
 1.93033333300000E+03, -7.69385721100048E-03, -5.00000000000000E-01, -3.01284447176899E+01,  1.08730000000002E+02,  1.72730118529266E+02,  1.43483930051415E+02
 1.93041666700000E+03,  1.46661053680309E-03, -5.12500000000000E-01, -3.01852627375328E+01,  1.08910000000002E+02,  1.60973845819068E+02,  1.63742720649898E+02
 1.93050000000000E+03,  2.79216547550540E-02, -4.05000000000000E-01, -3.02420849096196E+01,  1.09090000000002E+02,  1.24005198692875E+02,  1.70965014187064E+02
 1.93058333300000E+03,  1.33027755946597E-02, -1.90000000000000E-01, -3.02989062436026E+01,  1.09270000000002E+02,  7.96683513702431E+01,  1.30643155059003E+02
 1.93066666700000E+03, -6.09984784439271E-02,  3.75000000000000E-02, -2.57035720372867E+01,  1.09450000000002E+02,  9.51967499484934E+01,  1.29234352528172E+02
 1.93075000000000E+03, -7.04502429903396E-02,  2.02500000000000E-01, -2.56753306487233E+01,  1.09630000000002E+02,  1.14535498520088E+02,  2.09002887233890E+02
 1.93083333300000E+03, -1.63026263299792E-02,  2.42500000000000E-01, -2.56471871825630E+01,  1.09810000000002E+02,  1.83396599592566E+02,  2.18783699011947E+02
 1.93091666700000E+03,  2.97250989124598E-02,  1.90000000000000E-01, -2.56191450747575E+01,  1.09990000000002E+02,  1.47633997838012E+02,  1.74164634846089E+02
 1.93100000000000E+03,  6.73599481967610E-02,  1.52500000000000E-01, -2.55912077705617E+01,  1.10170000000002E+02,  1.81682003043571E+02,  2.95241330959588E+02
 1.93108333300000E+03,  9.91675025313300E-02,  1.82500000000000E-01, -2.55633787240261E+01,  1.10350000000002E+02,  1.99273240112451E+02,  3.66952348359219E+02
 1.93116666700000E+03,  1.21457667820932E-01,  3.02500000000000E-01, -2.55356613974876E+01,  1.10530000000002E+02,  1.84518462142719E+02,  2.70177572834660E+02
 1.93125000000000E+03,  1.25349390594016E-01,  4.27500000000000E-01, -2.55080592610573E+01,  1.10710000000002E+02,  1.55222862524268E+02,  3.10941659209286E+02
 1.93133333300000E+03,  1.07181855568342E-01,  5.02500000000000E-01, -2.54805757921079E+01,  1.10890000000002E+02,  1.57625651742717E+02,  3.11862732873632E+02
 1.93141666700000E+03,  7.64375196410094E-02,  4.82500000000000E-01, -2.54532144747570E+01,  1.11070000000002E+02,  1.81150064344871E+02,  2.32786359802407E+02
 1.93150000000000E+03,  5.15242849845983E-02,  3.10000000000000E-01, -2.54259787993507E+01,  1.11250000000002E+02,  1.90428698467388E+02,  1.84555692837282E+02
 1.93158333300000E+03,  8.23472384563338E-02,  1.32500000000000E-01, -2.53988722619444E+01,  1.11430000000002E+02,  1.92570789044021E+02,  1.92884182505246E+02
 1.93166666700000E+03,  1.73188188436057E-01,  1.00000000000000E-01, -3.98213531259562E+01,  1.11610000000002E+02,  1.63690598375320E+02,  2.44664279270111E+02
 1.93175000000000E+03,  2.49732053296859E-01,  1.35000000000000E-01, -3.98567574575782E+01,  1.11790000000002E+02,  1.60636812916203E+02,  2.61589295889912E+02
 1.93183333300000E+03,  3.00936858473003E-01,  1.55000000000000E-01, -3.98917331009149E+01,  1.11970000000002E+02,  9.79792126857044E+01,  3.29190244096612E+02
 1.93191666700000E+03,  3.46151350726967E-01,  1.27500000000000E-01, -3.99262772155212E+01,  1.12150000000002E+02,  5.19239604609977E+01,  3.19854980216392E+02
 1.93200000000000E+03,  3.72838358099086E-01,  9.00000000000000E-02, -3.99603870084022E+01,  1.12330000000002E+02,  4.51827055408288E+01,  3.13778655351415E+02
 1.93208333300000E+03,  3.76748877587585E-01,  2.02500000000000E-01, -3.99940597343123E+01,  1.12510000000002E+02,  3.91937300088130E+01,  1.96773421681322E+02
 1.93216666700000E+03,  3.59144475746228E-01,  3.32500000000000E-01, -4.00272926960483E+01,  1.12690000000002E+02,  8.72069843994551E+01,  2.20595145364739E+02
 1.93225000000000E+03,  3.22119806801213E-01,  2.92500000000000E-01, -4.00600832447354E+01,  1.12870000000002E+02,  1.56747130994514E+02,  1.80549352984563E+02
 1.93233333300000E+03,  2.68250763169336E-01,  2.17500000000000E-01, -4.00924287801071E+01,  1.13050000000002E+02,  1.75436954975603E+02,  1.66125376675960E+02
 1.93241666700000E+03,  2.04477340374608E-01,  1.32500000000000E-01, -4.01243267507777E+01,  1.13230000000002E+02,  1.75830954049007E+02,  1.85322429535427E+02
 1.93250000000000E+03,  1.44141273556472E-01,  1.25000000000000E-02, -4.01557746545092E+01,  1.13410000000002E+02,  1.81849777343605E+02,  1.91233508755638E+02
 1.93258333300000E+03,  6.57988221599933E-02,  2.75000000000000E-02, -4.01867700384705E+01,  1.13590000000002E+02,  1.52426553354825E+02,  1.75276337892071E+02
 1.93266666700000E+03, -2.93402523667845E-02,  1.35000000000000E-01, -4.20804786240711E+01,  1.13770000000002E+02,  1.02013750976557E+02,  2.02346153818459E+02
 1.93275000000000E+03, -7.37617442397390E-02,  1.45000000000000E-01, -4.21348510382313E+01,  1.13950000000002E+02,  8.40147055033746E+01,  2.03061828538493E+02
 1.93283333300000E+03, -6.94568580857940E-02,  7.00000000000000E-02, -4.21890115905597E+01,  1.14130000000002E+02,  1.32238979413267E+02,  3.03670418437776E+02
 1.93291666700000E+03, -7.23168337454946E-02, -3.25000000000000E-02, -4.22429552230487E+01,  1.14310000000002E+02,  1.66251491172663E+02,  3.14634454976998E+02
 1.93300000000000E+03, -1.01316079542109E-01, -3.75000000000000E-02, -4.22966769008891E+01,  1.14490000000002E+02,  2.05206182438698E+02,  4.22248350258854E+02
 1.93308333300000E+03, -1.40754329699391E-01,  8.25000000000000E-02, -4.23501716130896E+01,  1.14670000000002E+02,  2.19718103291189E+02,  4.68755000933814E+02
 1.93316666700000E+03, -1.52705289663751E-01,  1.72500000000000E-01, -4.24034343730925E+01,  1.14850000000002E+02,  2.32492410270731E+02,  4.72831094980783E+02
 1.93325000000000E+03, -1.13283545389525E-01,  2.15000000000000E-01, -4.24564602193872E+01,  1.15030000000002E+02,  1.98513389812754E+02,  4.23362787866255E+02
 1.93333333300000E+03, -3.67955303062424E-02,  1.80000000000000E-01, -4.25092442161189E+01,  1.15210000000002E+02,  1.77671867041985E+02,  4.15319403237158E+02
 1.93341666700000E+03,  3.54727525307669E-02,  1.02500000000000E-01, -4.25617814536944E+01,  1.15390000000002E+02,  1.29391518268482E+02,  2.86702356596679E+02
 1.93350000000000E+03,  7.02304979542201E-02,  6.50000000000000E-02, -4.26140670493840E+01,  1.15570000000002E+02,  8.71312329521270E+01,  2.11042034398817E+02
 1.93358333300000E+03,  9.12135912113434E-02,  1.50000000000000E-02, -4.26660961479199E+01,  1.15750000000002E+02,  1.32557188017613E+02,  2.93483390796185E+02
 1.93366666700000E+03,  1.18977697227501E-01, -5.00000000000000E-03, -4.07959338193343E+01,  1.15930000000002E+02,  1.25560843430027E+02,  2.06443918187660E+02
 1.93375000000000E+03,  1.17465160731983E-01, -1.50000000000000E-02, -4.07522106059977E+01,  1.16110000000002E+02,  1.72006658306264E+02,  2.62789086510465E+02
 1.93383333300000E+03,  7.84046268046032E-02, -1.27500000000000E-01, -4.07085583827464E+01,  1.16290000000002E+02,  1.63256320338689E+02,  3.48095846030835E+02
 1.93391666700000E+03,  7.17948830754598E-03, -2.90000000000000E-01, -4.06649804617357E+01,  1.16470000000002E+02,  1.70758069528433E+02,  2.92383916078842E+02
 1.93400000000000E+03, -9.94608700829877E-02, -4.27500000000000E-01, -4.06214801227159E+01,  1.16650000000002E+02,  1.26814985323907E+02,  2.40869734408787E+02
 1.93408333300000E+03, -2.14488544600752E-01, -5.47500000000000E-01, -4.05780606126366E+01,  1.16830000000002E+02,  2.08235191797218E+02,  4.88279085861683E+02
 1.93416666700000E+03, -2.95335815269822E-01, -5.50000000000000E-01, -4.05347251452572E+01,  1.17010000000002E+02,  1.35765121333081E+02,  4.18022099472156E+02
 1.93425000000000E+03, -3.12049567445383E-01, -4.35000000000000E-01, -4.04914769007629E+01,  1.17190000000002E+02,  1.55682954463840E+02,  3.43402548072179E+02
 1.93433333300000E+03, -2.65733694138231E-01, -3.17500000000000E-01, -4.04483190253873E+01,  1.17370000000002E+02,  1.94427521427371E+02,  3.94197082513436E+02
 1.93441666700000E+03, -1.83683205670889E-01, -2.12500000000000E-01, -4.04052546310399E+01,  1.17550000000002E+02,  1.84563776035292E+02,  3.76119047655720E+02
 1.93450000000000E+03, -9.77381784370555E-02, -1.97500000000000E-01, -4.03622867949412E+01,  1.17730000000002E+02,  9.03810512559023E+01,  1.33935292878622E+02
 1.93458333300000E+03, -2.14285055648710E-02, -2.12500000000000E-01, -4.03194185592623E+01,  1.17910000000002E+02,  1.29986540946600E+02,  2.07641235735125E+02
 1.93466666700000E+03,  2.85176735122808E-02, -1.55000000000000E-01, -4.18990533727689E+01,  1.18090000000002E+02,  1.94890849619850E+02,  3.58245221959505E+02
 1.93475000000000E+03,  3.52109476559224E-02, -1.07500000000000E-01, -4.18547164720387E+01,  1.18270000000002E+02,  2.20106606840806E+02,  3.59220909180728E+02
 1.93483333300000E+03,  2.17852549245679E-02, -1.15000000000000E-01, -4.18103587409582E+01,  1.18450000000002E+02,  2.34917414299254E+02,  4.11111811668608E+02
 1.93491666700000E+03,  1.21972464549415E-02, -8.75000000000000E-02, -4.17659841561474E+01,  1.18630000000002E+02,  2.65477249163256E+02,  3.99212374851238E+02
 1.93500000000000E+03,  5.69725237389435E-03, -6.50000000000000E-02, -4.17215966733968E+01,  1.18810000000002E+02,  2.29932446014125E+02,  3.26315032030726E+02
 1.93508333300000E+03, -3.51858679211575E-03, -2.05000000000000E-01, -4.16772002271466E+01,  1.18990000000002E+02,  1.38716779052485E+02,  1.59987473648413E+02
 1.93516666700000E+03, -2.45111255208325E-02, -3.15000000000000E-01, -4.16327987299696E+01,  1.19170000000002E+02,  1.17925483419272E+02,  2.33923191035917E+02
 1.93525000000000E+03, -6.49033789753665E-02, -1.90000000000000E-01, -4.15883960720590E+01,  1.19350000000002E+02,  1.18604892344880E+02,  2.09695173889595E+02
 1.93533333300000E+03, -1.24439467557515E-01, -3.25000000000000E-02, -4.15439961207200E+01,  1.19530000000002E+02,  1.11794881970786E+02,  2.65102131692305E+02
 1.93541666700000E+03, -1.91551809824664E-01, -3.50000000000000E-02, -4.14996027198664E+01,  1.19710000000002E+02,  1.31044097615406E+02,  2.57028850350953E+02
 1.93550000000000E+03, -2.47648797341920E-01, -1.40000000000000E-01, -4.14552196895213E+01,  1.19890000000002E+02,  1.47612329012995E+02,  2.75522222770594E+02
 1.93558333300000E+03, -2.50137337879184E-01, -2.05000000000000E-01, -4.14108508253223E+01,  1.20070000000002E+02,  1.37726166626070E+02,  1.66563528901179E+02
 1.93566666700000E+03, -1.80463147160097E-01, -2.12500000000000E-01, -4.10886956255299E+01,  1.20250000000002E+02,  1.59843356144110E+02,  2.55120995831878E+02
 1.93575000000000E+03, -8.79582874524333E-02, -2.52500000000000E-01, -4.10688922394796E+01,  1.20430000000002E+02,  1.93518997691211E+02,  2.75665225470875E+02
 1.93583333300000E+03, -3.79368563544038E-03, -2.30000000000000E-01, -4.10492402349627E+01,  1.20610000000002E+02,  1.85861750130770E+02,  5.28129249050261E+02
 1.93591666700000E+03,  7.16895445722617E-02, -5.25000000000000E-02, -4.10297374878128E+01,  1.20790000000002E+02,  1.84017840290330E+02,  5.44480742280925E+02
 1.93600000000000E+03,  1.32993290475974E-01,  1.55000000000000E-01, -4.10103818493079E+01,  1.20970000000002E+02,  1.69006785455842E+02,  5.24737703521102E+02
 1.93608333300000E+03,  1.79598834326818E-01,  3.12500000000000E-01, -4.09911711466831E+01,  1.21150000000002E+02,  1.26247977919923E+02,  4.25917600011763E+02
 1.93616666700000E+03,  2.11620195266820E-01,  3.95000000000000E-01, -4.09721031836466E+01,  1.21330000000002E+02,  7.52362393291164E+01,  3.49072577670573E+02
 1.93625000000000E+03,  2.26689834948606E-01,  3.62500000000000E-01, -4.09531757408997E+01,  1.21510000000002E+02,  1.18802759025741E+02,  1.81074044029731E+02
 1.93633333300000E+03,  2.22344769178484E-01,  3.05000000000000E-01, -4.09343865766603E+01,  1.21690000000002E+02,  1.08969160267167E+02,  2.09815548295552E+02
 1.93641666700000E+03,  2.01742792748126E-01,  3.00000000000000E-01, -4.09157334271896E+01,  1.21870000000002E+02,  1.10299375228670E+02,  2.44689525801379E+02
 1.93650000000000E+03,  1.75940022980043E-01,  2.35000000000000E-01, -4.08972140073226E+01,  1.22050000000002E+02,  1.09161078952732E+02,  2.11089417334719E+02
 1.93658333300000E+03,  1.61101729901228E-01,  1.42500000000000E-01, -4.08788260110015E+01,  1.22230000000002E+02,  1.25515044683027E+02,  2.63914305524534E+02
 1.93666666700000E+03,  1.64531408306975E-01,  1.27500000000000E-01, -4.44825207993271E+01,  1.22410000000002E+02,  1.25893492001278E+02,  1.94519797414389E+02
 1.93675000000000E+03,  1.76394680825270E-01,  1.00000000000000E-01, -4.44662985354480E+01,  1.22590000000002E+02,  1.99264683602210E+02,  1.88609555217264E+02
 1.93683333300000E+03,  1.82836668260918E-01,  5.50000000000000E-02, -4.44500068176684E+01,  1.22770000000002E+02,  1.76357364155432E+02,  1.47485804736427E+02
 1.93691666700000E+03,  1.74455980942019E-01,  7.00000000000000E-02, -4.44336434108415E+01,  1.22950000000002E+02,  2.25021124756016E+02,  1.62338629992199E+02
 1.93700000000000E+03,  1.49505282439622E-01,  1.55000000000000E-01, -4.44172061055245E+01,  1.23130000000002E+02,  2.37761703780903E+02,  1.27095232139639E+02
 1.93708333300000E+03,  1.15626022553123E-01,  2.72500000000000E-01, -4.44006927184929E+01,  1.23310000000002E+02,  1.81807880685523E+02,  1.19979961588542E+02
 1.93716666700000E+03,  8.23597437971605E-02,  2.95000000000000E-01, -4.43841010932506E+01,  1.23490000000002E+02,  9.78134339364998E+01,  7.31908772016419E+01
 1.93725000000000E+03,  5.37141732818930E-02,  2.05000000000000E-01, -4.43674291005344E+01,  1.23670000000002E+02,  1.69376535455983E+02,  1.74137043031434E+02
 1.93733333300000E+03,  2.78369655495864E-02,  2.35000000000000E-01, -4.43506746388140E+01,  1.23850000000002E+02,  1.30188198285891E+02,  1.69533640981423E+02
 1.93741666700000E+03,  3.31429801976457E-03,  4.05000000000000E-01, -4.43338356347866E+01,  1.24030000000002E+02,  1.40327533537450E+02,  1.85910247369428E+02
 1.93750000000000E+03, -1.52405512001737E-02,  4.62500000000000E-01, -4.43169100438665E+01,  1.24210000000002E+02,  1.38798846439910E+02,  1.76489506554670E+02
 1.93758333300000E+03,  7.90479939514078E-02,  4.40000000000000E-01, -4.42998958506691E+01,  1.24390000000002E+02,  1.90326298184302E+02,  2.31021944706978E+02
 1.93766666700000E+03,  2.90194366691565E-01,  4.17500000000000E-01, -5.04905143041294E+01,  1.24570000000002E+02,  1.32465598905739E+02,  2.23151424358063E+02
 1.93775000000000E+03,  4.14198240651990E-01,  4.12500000000000E-01, -5.05083956755053E+01,  1.24750000000002E+02,  1.24980736171337E+02,  2.59295115789089E+02
 1.93783333300000E+03,  4.35217985195556E-01,  5.50000000000000E-01, -5.05257455818783E+01,  1.24930000000002E+02,  1.27134076952433E+02,  2.58098257052000E+02
 1.93791666700000E+03,  4.38304229695814E-01,  6.50000000000000E-01, -5.05425630792521E+01,  1.25110000000002E+02,  1.81614182455593E+02,  2.88365688420624E+02
 1.93800000000000E+03,  4.20604232894575E-01,  5.20000000000000E-01, -5.05588472842706E+01,  1.25290000000002E+02,  1.54086703336679E+02,  2.27514119538258E+02
 1.93808333300000E+03,  3.88767311392583E-01,  3.52500000000000E-01, -5.05745973742520E+01,  1.25470000000002E+02,  1.40925389242699E+02,  1.58127962770426E+02
 1.93816666700000E+03,  3.51555737437544E-01,  3.07500000000000E-01, -5.05898125872161E+01,  1.25650000000002E+02,  1.63444717788703E+02,  1.13108594651563E+02
 1.93825000000000E+03,  3.12481728713940E-01,  3.02500000000000E-01, -5.06044922219023E+01,  1.25830000000002E+02,  1.19947979631760E+02,  8.95061779107258E+01
 1.93833333300000E+03,  2.69525984320934E-01,  2.52500000000000E-01, -5.06186356377786E+01,  1.26010000000002E+02,  8.56368921493098E+01,  5.77704129070326E+01
 1.93841666700000E+03,  2.21457348804131E-01,  2.00000000000000E-01, -5.06322422550424E+01,  1.26190000000002E+02,  9.11321962684213E+01,  1.12895269830243E+02
 1.93850000000000E+03,  1.73419750897000E-01,  1.70000000000000E-01, -5.06453115546128E+01,  1.26370000000002E+02,  1.01689426771352E+02,  1.50680053190192E+02
 1.93858333300000E+03,  1.56304954506048E-01,  1.45000000000000E-01, -5.06578430781137E+01,  1.26550000000002E+02,  1.07658826233440E+02,  1.50585329027289E+02
 1.93866666700000E+03,  1.73610640799692E-01,  1.52500000000000E-01, -3.89458036634399E+01,  1.26730000000002E+02,  1.20461582544407E+02,  2.00643752384617E+02
 1.93875000000000E+03,  1.76698060218257E-01,  2.05000000000000E-01, -3.89256849170694E+01,  1.26910000000002E+02,  9.65757838274198E+01,  2.12218267949660E+02
 1.93883333300000E+03,  1.57117997803887E-01,  1.95000000000000E-01, -3.89054359815686E+01,  1.27090000000002E+02,  1.34739451377311E+02,  1.93184099120767E+02
 1.93891666700000E+03,  1.28833144554912E-01,  5.25000000000000E-02, -3.88850560201092E+01,  1.27270000000002E+02,  1.53649453875862E+02,  1.51203188765276E+02
 1.93900000000000E+03,  9.05046149786395E-02, -7.75000000000000E-02, -3.88645442351916E+01,  1.27450000000002E+02,  1.23490894123460E+02,  1.62246723084026E+02
 1.93908333300000E+03,  4.90312828984764E-02, -1.75000000000000E-01, -3.88438998688901E+01,  1.27630000000002E+02,  1.15207424370766E+02,  1.16764034786359E+02
 1.93916666700000E+03,  1.21888526410604E-02, -2.75000000000000E-01, -3.88231222030920E+01,  1.27810000000002E+02,  1.29553904643555E+02,  1.18627169425829E+02
 1.93925000000000E+03, -1.85074974028643E-02, -2.52500000000000E-01, -3.88022105597287E+01,  1.27990000000002E+02,  8.27116237465170E+01,  1.09755163681127E+02
 1.93933333300000E+03, -4.76995956888512E-02, -1.35000000000000E-01, -3.87811643010008E+01,  1.28170000000002E+02,  5.35697091131793E+01,  9.39882717621221E+01
 1.93941666700000E+03, -7.93868377250131E-02, -7.50000000000000E-03, -3.87599828295956E+01,  1.28350000000002E+02,  7.72832563624595E+01,  9.23542911959562E+01
 1.93950000000000E+03, -1.10846370818439E-01,  4.25000000000000E-02, -3.87386655888972E+01,  1.28530000000002E+02,  8.36381032236085E+01,  2.17726877689882E+02
 1.93958333300000E+03, -1.11623287647751E-01,  1.75000000000000E-02, -3.87172120631903E+01,  1.28710000000002E+02,  8.66171797194685E+01,  2.23419805637056E+02
 1.93966666700000E+03, -7.25988690498058E-02,  7.50000000000000E-03, -3.83914073054446E+01,  1.28890000000002E+02,  9.07729258304770E+01,  1.93564897412335E+02
 1.93975000000000E+03, -3.84256206996534E-02, -1.02500000000000E-01, -3.83960077081786E+01,  1.29070000000002E+02,  9.52807605155762E+01,  1.88327265125095E+02
 1.93983333300000E+03, -2.39127586631371E-02, -1.75000000000000E-01, -3.84010735527985E+01,  1.29250000000002E+02,  9.50428961080347E+01,  2.35442325119769E+02
 1.93991666700000E+03, -2.11201378400941E-02, -1.50000000000000E-02, -3.84066061767406E+01,  1.29430000000002E+02,  8.43412836499700E+01,  1.26424302632028E+02
 1.94000000000000E+03, -3.24106517573370E-02,  1.27500000000000E-01, -3.84126068649993E+01,  1.29610000000002E+02,  7.65546006071017E+01,  1.24608772479384E+02
 1.94008333300000E+03, -5.12644527031785E-02,  1.40000000000000E-01, -3.84190768498084E+01,  1.29790000000002E+02,  7.94148698878273E+01,  1.69206974943860E+02
 1.94016666700000E+03, -6.96657884460033E-02,  1.45000000000000E-01, -3.84260173103310E+01,  1.29970000000002E+02,  7.58315801629304E+01,  1.76589107347536E+02
 1.94025000000000E+03, -8.53646964053945E-02,  1.52500000000000E-01, -3.84334293723563E+01,  1.30150000000002E+02,  5.40116721144027E+01,  1.10796554770862E+02
 1.94033333300000E+03, -1.01980975687104E-01,  1.30000000000000E-01, -3.84413141080042E+01,  1.30330000000002E+02,  6.90454551815527E+01,  1.22673134600710E+02
 1.94041666700000E+03, -1.22463091041342E-01,  1.30000000000000E-01, -3.84496725354380E+01,  1.30510000000002E+02,  6.12590816247038E+01,  1.71718958075203E+02
 1.94050000000000E+03, -1.43272297710747E-01,  6.00000000000000E-02, -3.84585056185844E+01,  1.30690000000002E+02,  3.70835933268636E+01,  1.27767222273808E+02
 1.94058333300000E+03, -7.69601379013658E-02, -6.00000000000000E-02, -3.84678142668618E+01,  1.30870000000002E+02,  3.73594962539985E+01,  1.57570221432157E+02
 1.94066666700000E+03,  7.34037529025741E-02,  3.00000000000000E-02, -4.37662726654058E+01,  1.31050000000002E+02,  4.05441142960484E+01,  1.76785864165203E+02
 1.94075000000000E+03,  1.38370928941946E-01,  1.87500000000000E-01, -4.37458672103371E+01,  1.31230000000002E+02,  2.90910461065517E+01,  1.48922218899075E+02
 1.94083333300000E+03,  1.17201782564616E-01,  2.27500000000000E-01, -4.37253278027719E+01,  1.31410000000002E+02,  5.35322644461344E+01,  1.52734525054517E+02
 1.94091666700000E+03,  8.86409596846638E-02,  2.82500000000000E-01, -4.37046535690153E+01,  1.31590000000002E+02,  1.03195321295230E+02,  4.33250193103231E+02
 1.94100000000000E+03,  5.15478556810110E-02,  3.90000000000000E-01, -4.36838436770106E+01,  1.31770000000002E+02,  1.12617102267325E+02,  4.71979016647432E+02
 1.94108333300000E+03,  1.28726162392018E-02,  4.25000000000000E-01, -4.36628973366037E+01,  1.31950000000002E+02,  1.69182480002523E+02,  5.04140882167833E+02
 1.94116666700000E+03, -1.97099637309155E-02,  3.80000000000000E-01, -4.36418137997989E+01,  1.32130000000002E+02,  1.75973002923571E+02,  5.74814451860753E+02
 1.94125000000000E+03, -4.49142543134990E-02,  2.70000000000000E-01, -4.36205923610078E+01,  1.32310000000003E+02,  1.58935840610167E+02,  5.91355798832324E+02
 1.94133333300000E+03, -6.76950618077257E-02,  8.50000000000000E-02, -4.35992323572898E+01,  1.32490000000003E+02,  1.16982213334118E+02,  3.38748961050671E+02
 1.94141666700000E+03, -9.23918428171668E-02, -3.25000000000000E-02, -4.35777331685858E+01,  1.32670000000003E+02,  1.15357924725332E+02,  2.94415582913424E+02
 1.94150000000000E+03, -1.16593460808702E-01, -2.25000000000000E-02, -4.35560942179436E+01,  1.32850000000003E+02,  8.25051159720734E+01,  3.13425330236518E+02
 1.94158333300000E+03, -8.94066979335281E-02,  2.00000000000000E-02, -4.35343149717351E+01,  1.33030000000003E+02,  1.31883076017058E+02,  2.76395629428709E+02
 1.94166666700000E+03,  4.74487782763339E-04,  1.12500000000000E-01, -3.93228833717580E+01,  1.33210000000003E+02,  2.19104921111613E+02,  3.03353871271866E+02
 1.94175000000000E+03,  7.00378489997074E-02,  2.82500000000000E-01, -3.92984964232000E+01,  1.33390000000003E+02,  2.26186900041991E+02,  2.83234345488104E+02
 1.94183333300000E+03,  1.04190848245344E-01,  3.67500000000000E-01, -3.92743390657644E+01,  1.33570000000003E+02,  2.18409793909585E+02,  2.88761707114843E+02
 1.94191666700000E+03,  1.31553426879540E-01,  2.97500000000000E-01, -3.92504152573888E+01,  1.33750000000003E+02,  2.04252711715464E+02,  3.00730155772477E+02
 1.94200000000000E+03,  1.51157662324710E-01,  2.30000000000000E-01, -3.92267289468470E+01,  1.33930000000003E+02,  1.39360410975980E+02,  2.55317758406792E+02
 1.94208333300000E+03,  1.69544477663841E-01,  2.62500000000000E-01, -3.92032840730822E+01,  1.34110000000003E+02,  5.81550481456146E+01,  1.95995847160579E+02
 1.94216666700000E+03,  1.93209287233779E-01,  3.02500000000000E-01, -3.91800845645396E+01,  1.34290000000003E+02,  4.43289297121635E+01,  2.06588845864793E+02
 1.94225000000000E+03,  2.21531125880634E-01,  3.15000000000000E-01, -3.91571343385009E+01,  1.34470000000003E+02,  7.21784351310550E+01,  2.27086812860026E+02
 1.94233333300000E+03,  2.47151171595150E-01,  3.10000000000000E-01, -3.91344373004189E+01,  1.34650000000003E+02,  6.74941030654237E+01,  1.87060375424910E+02
 1.94241666700000E+03,  2.63165626543638E-01,  1.95000000000000E-01, -3.91119973432527E+01,  1.34830000000003E+02,  9.80442118464870E+01,  2.99841378521188E+02
 1.94250000000000E+03,  2.69617205350546E-01,  7.75000000000000E-02, -3.90898183468044E+01,  1.35010000000003E+02,  8.80427259076477E+01,  2.60935644648811E+02
 1.94258333300000E+03,  2.42841702983358E-01,  1.12500000000000E-01, -3.90679041770568E+01,  1.35190000000003E+02,  8.98609880609568E+01,  2.76237012444747E+02
 1.94266666700000E+03,  1.82402975819088E-01,  1.52500000000000E-01, -3.91833984825791E+01,  1.35370000000003E+02,  5.78196910859293E+01,  2.22686046053466E+02
 1.94275000000000E+03,  1.44107306970595E-01,  1.42500000000000E-01, -3.92114634245340E+01,  1.35550000000003E+02,  8.02770912038044E+01,  2.38481358851229E+02
 1.94283333300000E+03,  1.32236337084699E-01,  1.37500000000000E-01, -3.92399931798116E+01,  1.35730000000003E+02,  6.46317462775239E+01,  1.67637169723936E+02
 1.94291666700000E+03,  1.16866033863112E-01,  8.50000000000000E-02, -3.92689862775781E+01,  1.35910000000003E+02,  7.40382195360970E+01,  1.65310687000399E+02
 1.94300000000000E+03,  9.45276026327050E-02, -2.50000000000000E-02, -3.92984411886164E+01,  1.36090000000003E+02,  6.92711671182006E+01,  1.55056012861421E+02
 1.94308333300000E+03,  6.84320862053259E-02, -1.97500000000000E-01, -3.93283563254208E+01,  1.36270000000003E+02,  6.77654148772192E+01,  1.83879316186677E+02
 1.94316666700000E+03,  4.28681745723261E-02, -3.55000000000000E-01, -3.93587300422994E+01,  1.36450000000003E+02,  6.95323803384065E+01,  1.41573058242343E+02
 1.94325000000000E+03,  1.80860889745618E-02, -3.55000000000000E-01, -3.93895606354870E+01,  1.36630000000003E+02,  6.42400658448358E+01,  1.99313922724704E+02
 1.94333333300000E+03, -8.14659909545094E-03, -3.15000000000000E-01, -3.94208463432644E+01,  1.36810000000003E+02,  7.93215712175193E+01,  2.38811026294526E+02
 1.94341666700000E+03, -3.36363630848498E-02, -3.30000000000000E-01, -3.94525853460882E+01,  1.36990000000003E+02,  8.08040397036784E+01,  2.36756190772852E+02
 1.94350000000000E+03, -4.72878394589026E-02, -2.52500000000000E-01, -3.94847757667281E+01,  1.37170000000003E+02,  8.14541701275195E+01,  2.69136038614941E+02
 1.94358333300000E+03,  2.51459870862827E-03, -8.50000000000000E-02, -3.95174156704135E+01,  1.37350000000003E+02,  4.84023046912847E+01,  2.91680863710482E+02
 1.94366666700000E+03,  1.12531985294104E-01,  4.25000000000000E-02, -5.16246675552041E+01,  1.37530000000003E+02,  6.69226894432928E+01,  1.92403872618933E+02
 1.94375000000000E+03,  1.80443158113892E-01,  5.25000000000000E-02, -5.15790956949571E+01,  1.37710000000003E+02,  7.66689024125372E+01,  1.47583793286995E+02
 1.94383333300000E+03,  1.82414015561947E-01, -2.50000000000000E-03, -5.15334936729637E+01,  1.37890000000003E+02,  8.97637201877299E+01,  1.94413349975296E+02
 1.94391666700000E+03,  1.57526374226965E-01, -2.50000000000000E-03, -5.14878658638142E+01,  1.38070000000003E+02,  1.13482592050073E+02,  1.70453071552579E+02
 1.94400000000000E+03,  1.27080306996821E-01,  1.75000000000000E-02, -5.14422166198619E+01,  1.38250000000003E+02,  2.47229046389242E+02,  2.04744461817937E+02
 1.94408333300000E+03,  1.13472543775318E-01,  1.42500000000000E-01, -5.13965502706125E+01,  1.38430000000003E+02,  2.55455667616406E+02,  2.63097699625308E+02
 1.94416666700000E+03,  1.21031381225039E-01,  3.77500000000000E-01, -5.13508711221198E+01,  1.38610000000003E+02,  2.39108794562863E+02,  2.67786379066708E+02
 1.94425000000000E+03,  1.30734544893264E-01,  4.50000000000000E-01, -5.13051834563848E+01,  1.38790000000003E+02,  2.32021347021725E+02,  2.36105925975804E+02
 1.94433333300000E+03,  1.14728169526840E-01,  3.70000000000000E-01, -5.12594915307606E+01,  1.38970000000003E+02,  2.50095090526737E+02,  4.23872609992614E+02
 1.94441666700000E+03,  5.97606169282194E-02,  2.67500000000000E-01, -5.12137995773618E+01,  1.39150000000003E+02,  1.17853034411670E+02,  4.17759224649589E+02
 1.94450000000000E+03, -1.98879184512723E-02,  1.92500000000000E-01, -5.11681118024804E+01,  1.39330000000003E+02,  8.06240713046443E+01,  3.57217400764075E+02
 1.94458333300000E+03,  3.24089294220785E-02,  1.82500000000000E-01, -5.11224323860051E+01,  1.39510000000003E+02,  6.54029982896715E+01,  3.88349643992603E+02
 1.94466666700000E+03,  2.30478242295715E-01,  2.07500000000000E-01, -4.87996927232410E+01,  1.39690000000003E+02,  2.19256575487319E+02,  3.97013753932699E+02
 1.94475000000000E+03,  3.12248124904602E-01,  2.52500000000000E-01, -4.88431136089652E+01,  1.39870000000003E+02,  1.89234587574569E+02,  1.86586227271414E+02
 1.94483333300000E+03,  2.69978968778789E-01,  2.60000000000000E-01, -4.88861384127632E+01,  1.40050000000003E+02,  1.90602703837893E+02,  1.63457984089379E+02
 1.94491666700000E+03,  2.27530686579440E-01,  2.22500000000000E-01, -4.89287632178155E+01,  1.40230000000003E+02,  2.11299140327894E+02,  1.75206051695339E+02
 1.94500000000000E+03,  1.82571297241652E-01,  2.17500000000000E-01, -4.89709841538429E+01,  1.40410000000003E+02,  2.26568861235638E+02,  1.35726031145863E+02
 1.94508333300000E+03,  1.37236839034649E-01,  1.90000000000000E-01, -4.90127973975715E+01,  1.40590000000003E+02,  1.00892111656676E+02,  9.89600925776662E+01
 1.94516666700000E+03,  9.71741692129461E-02,  1.57500000000000E-01, -4.90541991731913E+01,  1.40770000000003E+02,  1.10942387013499E+02,  1.72167430691973E+02
 1.94525000000000E+03,  6.79476603797095E-02,  1.87500000000000E-01, -4.90951857528075E+01,  1.40950000000003E+02,  1.27462269351358E+02,  1.82060467635764E+02
 1.94533333300000E+03,  5.39471353777086E-02,  1.87500000000000E-01, -4.91357534568854E+01,  1.41130000000003E+02,  2.05735671424164E+02,  2.96724790144380E+02
 1.94541666700000E+03,  6.01857371349189E-02,  1.52500000000000E-01, -4.91758986546881E+01,  1.41310000000003E+02,  2.18919233934152E+02,  3.37959034629458E+02
 1.94550000000000E+03,  9.24783832490108E-02,  8.00000000000000E-02, -4.92156177647067E+01,  1.41490000000003E+02,  2.32460955801129E+02,  3.85693891509862E+02
 1.94558333300000E+03,  1.49267426899066E-01, -1.00000000000000E-02, -4.92549072550838E+01,  1.41670000000003E+02,  4.85503039759950E+02,  4.49824738488213E+02
 1.94566666700000E+03,  1.87397949588533E-01,  2.50000000000000E-02, -3.96439453987377E+01,  1.41850000000003E+02,  4.78884350064533E+02,  4.34045708917716E+02
 1.94575000000000E+03,  1.66451784999555E-01,  1.70000000000000E-01, -3.96170352071339E+01,  1.42030000000003E+02,  4.29442373730372E+02,  3.08296529070435E+02
 1.94583333300000E+03,  1.15045698243206E-01,  2.75000000000000E-01, -3.95903048579136E+01,  1.42210000000003E+02,  4.14046469332881E+02,  2.68168024289224E+02
 1.94591666700000E+03,  6.23009194588526E-02,  2.87500000000000E-01, -3.95637583671904E+01,  1.42390000000003E+02,  4.26328246392187E+02,  2.18032481381589E+02
 1.94600000000000E+03,  9.55997029552517E-03,  2.57500000000000E-01, -3.95373997502176E+01,  1.42570000000003E+02,  3.12919321578740E+02,  2.38905419321862E+02
 1.94608333300000E+03, -3.58215214910190E-02,  1.70000000000000E-01, -3.95112330207231E+01,  1.42750000000003E+02,  3.40217285528800E+02,  2.35866856611079E+02
 1.94616666700000E+03, -6.56766719453230E-02,  7.50000000000000E-02, -3.94852621902444E+01,  1.42930000000003E+02,  3.00547190295737E+02,  2.42649799076479E+02
 1.94625000000000E+03, -7.71528193157087E-02,  1.75000000000000E-02, -3.94594912674619E+01,  1.43110000000003E+02,  2.80891293763473E+02,  2.38012475690234E+02
 1.94633333300000E+03, -7.33082116020469E-02, -1.15000000000000E-01, -3.94339242575320E+01,  1.43290000000003E+02,  3.13062983114092E+02,  3.59949990065030E+02
 1.94641666700000E+03, -5.79879514760786E-02, -2.77500000000000E-01, -3.94085651614200E+01,  1.43470000000003E+02,  1.80102235297421E+02,  1.88433308393935E+02
 1.94650000000000E+03, -3.10347216700005E-02, -3.40000000000000E-01, -3.93834179752323E+01,  1.43650000000003E+02,  1.42671174909376E+02,  1.69277711970107E+02
 1.94658333300000E+03, -3.95717788472710E-02, -2.67500000000000E-01, -3.93584866895481E+01,  1.43830000000003E+02,  1.71251711629337E+02,  1.88699630281476E+02
 1.94666666700000E+03, -1.01343643693843E-01, -1.25000000000000E-01, -4.62351720362112E+01,  1.44010000000003E+02,  2.25748738882383E+02,  2.49595657743507E+02
 1.94675000000000E+03, -1.39141129453299E-01, -8.50000000000000E-02, -4.62124610826192E+01,  1.44190000000003E+02,  1.35639873422337E+02,  1.30555897148979E+02
 1.94683333300000E+03, -1.44302503991166E-01, -1.72500000000000E-01, -4.61899360242395E+01,  1.44370000000003E+02,  1.84968079368996E+02,  1.86175415761525E+02
 1.94691666700000E+03, -1.58869084036346E-01, -2.80000000000000E-01, -4.61675951040777E+01,  1.44550000000003E+02,  2.28433113223682E+02,  2.19969173893962E+02
 1.94700000000000E+03, -1.85516590286215E-01, -3.25000000000000E-01, -4.61454365313450E+01,  1.44730000000003E+02,  2.00626527519356E+02,  1.91285354314378E+02
 1.94708333300000E+03, -2.17581663936333E-01, -2.05000000000000E-01, -4.61234584819353E+01,  1.44910000000003E+02,  1.45255614639865E+02,  1.29500578320698E+02
 1.94716666700000E+03, -2.46325995655469E-01, -5.25000000000000E-02, -4.61016590989075E+01,  1.45090000000003E+02,  2.00541022169570E+02,  1.69985966388046E+02
 1.94725000000000E+03, -2.68168353531636E-01, -1.00000000000000E-01, -4.60800364929738E+01,  1.45270000000003E+02,  1.47099575869068E+02,  1.31984522318198E+02
 1.94733333300000E+03, -2.84870444760661E-01, -2.57500000000000E-01, -4.60585887429923E+01,  1.45450000000003E+02,  1.59387488699830E+02,  1.21733102631123E+02
 1.94741666700000E+03, -2.97194785399607E-01, -3.50000000000000E-01, -4.60373138964660E+01,  1.45630000000003E+02,  1.90281099380259E+02,  1.49135665238866E+02
 1.94750000000000E+03, -2.99391025345920E-01, -3.20000000000000E-01, -4.60162099700460E+01,  1.45810000000003E+02,  2.11155810471216E+02,  1.76564010067442E+02
 1.94758333300000E+03, -2.40208386081624E-01, -2.80000000000000E-01, -4.59952749500398E+01,  1.45990000000003E+02,  1.67776032159538E+02,  1.33889502985140E+02
 1.94766666700000E+03, -1.14506222986886E-01, -3.45000000000000E-01, -5.30237770067733E+01,  1.46170000000003E+02,  1.46079606609311E+02,  1.19237877397533E+02
 1.94775000000000E+03, -1.00250679943636E-02, -3.05000000000000E-01, -5.29815108041755E+01,  1.46350000000003E+02,  1.74921575622597E+02,  1.39360980861345E+02
 1.94783333300000E+03,  5.46867687138332E-02, -1.32500000000000E-01, -5.29390683955795E+01,  1.46530000000003E+02,  5.35954120176086E+02,  3.56647508739392E+02
 1.94791666700000E+03,  9.20838477654353E-02, -5.00000000000000E-03, -5.28964545211988E+01,  1.46710000000003E+02,  6.21019931409140E+02,  3.68035825895082E+02
 1.94800000000000E+03,  8.32802801335087E-02,  6.00000000000000E-02, -5.28536739202049E+01,  1.46890000000003E+02,  6.31311137736330E+02,  3.59885411372720E+02
 1.94808333300000E+03,  3.45374277178314E-02,  9.75000000000000E-02, -5.28107313300169E+01,  1.47070000000003E+02,  6.34206948514437E+02,  3.55831824413627E+02
 1.94816666700000E+03, -2.88155640699912E-02,  9.00000000000000E-02, -5.27676314855935E+01,  1.47250000000003E+02,  6.32206574925108E+02,  5.20722710055704E+02
 1.94825000000000E+03, -7.87126613803304E-02, -2.00000000000000E-02, -5.27243791187253E+01,  1.47430000000003E+02,  2.31319718172395E+02,  2.79608493315136E+02
 1.94833333300000E+03, -9.86166495372026E-02, -3.75000000000000E-02, -5.26809789573303E+01,  1.47610000000003E+02,  1.93208437608723E+02,  2.81641547741882E+02
 1.94841666700000E+03, -8.74526508216646E-02,  2.75000000000000E-02, -5.26374357247498E+01,  1.47790000000003E+02,  2.10612465933006E+02,  3.40927030411318E+02
 1.94850000000000E+03, -5.40503249799012E-02, -4.75000000000000E-02, -5.25937541390477E+01,  1.47970000000003E+02,  2.30862796436188E+02,  3.50483809901132E+02
 1.94858333300000E+03,  3.26972202974826E-02, -1.65000000000000E-01, -5.25499389123104E+01,  1.48150000000003E+02,  2.02143140092089E+02,  2.63713130424955E+02
 1.94866666700000E+03,  1.46748342556552E-01, -1.82500000000000E-01, -4.40215494545450E+01,  1.48330000000003E+02,  2.27735161300458E+02,  3.23492792671188E+02
 1.94875000000000E+03,  1.87952380274201E-01, -8.50000000000000E-02, -4.40639778592311E+01,  1.48510000000003E+02,  2.07954770315384E+02,  3.39649114591846E+02
 1.94883333300000E+03,  1.77310436430215E-01,  1.50000000000000E-02, -4.41060177845227E+01,  1.48690000000003E+02,  2.04106446669250E+02,  3.38345956596912E+02
 1.94891666700000E+03,  1.60951857983454E-01, -4.00000000000000E-02, -4.41476655210537E+01,  1.48870000000003E+02,  2.81006656212413E+02,  3.62775780076169E+02
 1.94900000000000E+03,  1.23272998326478E-01, -1.57500000000000E-01, -4.41889174038138E+01,  1.49050000000003E+02,  2.62614209897865E+02,  2.65546447823199E+02
 1.94908333300000E+03,  6.81461112907985E-02, -2.12500000000000E-01, -4.42297698125746E+01,  1.49230000000003E+02,  2.54305266405570E+02,  2.28284664023453E+02
 1.94916666700000E+03,  1.56433846874248E-02, -2.30000000000000E-01, -4.42702191723112E+01,  1.49410000000003E+02,  2.10327409887161E+02,  1.80292925403291E+02
 1.94925000000000E+03, -1.14172749667732E-02, -2.67500000000000E-01, -4.43102619536159E+01,  1.49590000000003E+02,  2.10893743302268E+02,  1.80398501863593E+02
 1.94933333300000E+03,  2.26635405861783E-04, -3.42500000000000E-01, -4.43498946731069E+01,  1.49770000000003E+02,  1.56304768801843E+02,  1.52835028136166E+02
 1.94941666700000E+03,  5.04015092084515E-02, -3.17500000000000E-01, -4.43891138938289E+01,  1.49950000000003E+02,  1.22807123494815E+02,  1.17168422122207E+02
 1.94950000000000E+03,  1.28925422945343E-01, -1.92500000000000E-01, -4.44279162256485E+01,  1.50130000000003E+02,  2.41835207792655E+02,  2.85326511693441E+02
 1.94958333300000E+03,  9.41501103049490E-02, -7.25000000000000E-02, -4.44662983256425E+01,  1.50310000000003E+02,  2.43414327921107E+02,  2.97588220925872E+02
 1.94966666700000E+03, -8.62578891167899E-02,  2.75000000000000E-02, -4.05094265256346E+01,  1.50490000000003E+02,  2.28783035834230E+02,  2.54178299036822E+02
 1.94975000000000E+03, -1.79353362504130E-01,  3.75000000000000E-02, -4.04933541373646E+01,  1.50670000000003E+02,  2.83225988488997E+02,  3.58566058546302E+02
 1.94983333300000E+03, -1.61671897486230E-01, -1.00000000000000E-02, -4.04773541087951E+01,  1.50850000000003E+02,  2.91439066061297E+02,  3.77488412005098E+02
 1.94991666700000E+03, -1.46151761929342E-01, -3.25000000000000E-02, -4.04614237954350E+01,  1.51030000000003E+02,  1.82802184381867E+02,  2.71563329144798E+02
 1.95000000000000E+03, -1.38647096115161E-01, -1.45000000000000E-01, -4.04455605463722E+01,  1.51210000000003E+02,  2.24339769692817E+02,  3.29308398176440E+02
 1.95008333300000E+03, -1.34532898094361E-01, -3.07500000000000E-01, -4.04297617048606E+01,  1.51390000000003E+02,  2.24224893374508E+02,  3.77546285846391E+02
 1.95016666700000E+03, -1.24991419748648E-01, -3.02500000000000E-01, -4.04140246089066E+01,  1.51570000000003E+02,  1.53869079917602E+02,  4.92807981584407E+02
 1.95025000000000E+03, -1.05208627926707E-01, -2.10000000000000E-01, -4.03983465918569E+01,  1.51750000000003E+02,  1.54461062654860E+02,  5.65186663083576E+02
 1.95033333300000E+03, -7.66832483167070E-02, -1.85000000000000E-01, -4.03827249829865E+01,  1.51930000000003E+02,  2.01678360679674E+02,  5.00750846112415E+02
 1.95041666700000E+03, -4.27107897946877E-02, -1.72500000000000E-01, -4.03671571080869E+01,  1.52110000000003E+02,  3.30298370549732E+02,  7.26104214187869E+02
 1.95050000000000E+03, -3.20234352710884E-03, -1.62500000000000E-01, -4.03516402900548E+01,  1.52290000000003E+02,  3.06998444498172E+02,  6.62339395537997E+02
 1.95058333300000E+03, -3.13641062011054E-02, -1.40000000000000E-01, -4.03361718494809E+01,  1.52470000000003E+02,  3.95734369246637E+02,  5.51570163211465E+02
 1.95066666700000E+03, -1.27175689125395E-01, -1.15000000000000E-01, -4.04057268727092E+01,  1.52650000000003E+02,  4.25196867969619E+02,  5.06334742995184E+02
 1.95075000000000E+03, -1.42446292298431E-01, -1.27500000000000E-01, -4.03900790173082E+01,  1.52830000000003E+02,  3.63988939311061E+02,  5.44073603817098E+02
 1.95083333300000E+03, -8.41053878306722E-02, -4.50000000000000E-02, -4.03744861563600E+01,  1.53010000000003E+02,  1.93162065313383E+02,  2.72158352582644E+02
 1.95091666700000E+03, -3.76107086421172E-02,  8.25000000000000E-02, -4.03589456140519E+01,  1.53190000000003E+02,  2.19195594051753E+02,  3.26507590658865E+02
 1.95100000000000E+03, -6.77843711018405E-03,  3.25000000000000E-02, -4.03434547119879E+01,  1.53370000000003E+02,  1.41181178237718E+02,  3.23415946340657E+02
 1.95108333300000E+03,  1.39822844438670E-02, -8.75000000000000E-02, -4.03280107697773E+01,  1.53550000000003E+02,  1.30546331597335E+02,  2.73056208561232E+02
 1.95116666700000E+03,  3.23215786844595E-02, -3.50000000000000E-02, -4.03126111056235E+01,  1.53730000000003E+02,  1.17708599211023E+02,  2.16089349344857E+02
 1.95125000000000E+03,  5.06544746861718E-02,  1.02500000000000E-01, -4.02972530369127E+01,  1.53910000000003E+02,  1.62729725794750E+02,  3.25384165967838E+02
 1.95133333300000E+03,  6.59583235877498E-02,  1.55000000000000E-01, -4.02819338808025E+01,  1.54090000000003E+02,  2.08033289572912E+02,  3.55322436451685E+02
 1.95141666700000E+03,  7.61641876663425E-02,  2.22500000000000E-01, -4.02666509548104E+01,  1.54270000000003E+02,  1.72329207748287E+02,  2.75126012726180E+02
 1.95150000000000E+03,  8.57939779659203E-02,  2.97500000000000E-01, -4.02514015774011E+01,  1.54450000000003E+02,  1.52783189591810E+02,  2.98665851431646E+02
 1.95158333300000E+03,  4.34490045636574E-02,  2.40000000000000E-01, -4.02361830685742E+01,  1.54630000000003E+02,  1.95565550548250E+02,  5.06909999455856E+02
 1.95166666700000E+03, -4.15022648046372E-02,  1.47500000000000E-01, -5.07440538044163E+01,  1.54810000000003E+02,  2.18191751269712E+02,  5.01247319873291E+02
 1.95175000000000E+03, -4.74380484262260E-02,  7.50000000000000E-02, -5.07363528496020E+01,  1.54990000000003E+02,  1.61807528023734E+02,  4.53440567273717E+02
 1.95183333300000E+03,  1.14251099008738E-02, -1.00000000000000E-02, -5.07281426376206E+01,  1.55170000000003E+02,  1.86543034189362E+02,  4.91054367944785E+02
 1.95191666700000E+03,  5.98976187485226E-02, -1.45000000000000E-01, -5.07194250328075E+01,  1.55350000000003E+02,  2.17022735005484E+02,  7.08276909856727E+02
 1.95200000000000E+03,  9.50139488486472E-02, -2.60000000000000E-01, -5.07102019523116E+01,  1.55530000000003E+02,  1.75830709437248E+02,  5.53891565685571E+02
 1.95208333300000E+03,  1.22939612825957E-01, -1.82500000000000E-01, -5.07004753657390E+01,  1.55710000000003E+02,  1.75455540054996E+02,  5.54234939621767E+02
 1.95216666700000E+03,  1.51562849198120E-01, -3.75000000000000E-02, -5.06902472947884E+01,  1.55890000000003E+02,  2.55745648900174E+02,  7.23416879431276E+02
 1.95225000000000E+03,  1.83165148368093E-01,  4.75000000000000E-02, -5.06795198128797E+01,  1.56070000000003E+02,  2.30335835894490E+02,  6.77579857900756E+02
 1.95233333300000E+03,  2.14213056323684E-01,  1.45000000000000E-01, -5.06682950447759E+01,  1.56250000000003E+02,  2.04951872174151E+02,  4.63840242431877E+02
 1.95241666700000E+03,  2.41775702026668E-01,  2.15000000000000E-01, -5.06565751661978E+01,  1.56430000000003E+02,  2.26632246239649E+02,  4.34485549484586E+02
 1.95250000000000E+03,  2.69219935356156E-01,  1.95000000000000E-01, -5.06443624034315E+01,  1.56610000000003E+02,  1.56647482650400E+02,  3.16207814845199E+02
 1.95258333300000E+03,  2.85388170081227E-01,  2.15000000000000E-01, -5.06316590329298E+01,  1.56790000000003E+02,  6.15066650652654E+01,  1.15940915474629E+02
 1.95266666700000E+03,  2.81880360181825E-01,  2.90000000000000E-01, -4.57906896669957E+01,  1.56970000000003E+02,  1.37192219901035E+02,  1.07349895149140E+02
 1.95275000000000E+03,  2.79244942168742E-01,  2.92500000000000E-01, -4.58044074746080E+01,  1.57150000000003E+02,  1.21382953336350E+02,  8.99237887594423E+01
 1.95283333300000E+03,  2.78652227090599E-01,  3.42500000000000E-01, -4.58176034853465E+01,  1.57330000000003E+02,  1.02692095242391E+02,  6.34436089101523E+01
 1.95291666700000E+03,  2.63426590243081E-01,  4.60000000000000E-01, -4.58302772261246E+01,  1.57510000000003E+02,  1.27013618767602E+02,  4.62056001172877E+01
 1.95300000000000E+03,  2.32005491175017E-01,  4.70000000000000E-01, -4.58424282811586E+01,  1.57690000000003E+02,  1.56096813752560E+02,  5.63360521587031E+01
 1.95308333300000E+03,  1.91914186294056E-01,  3.10000000000000E-01, -4.58540562919410E+01,  1.57870000000003E+02,  7.47577259635451E+01,  4.50882491953610E+01
 1.95316666700000E+03,  1.52309786423215E-01,  1.27500000000000E-01, -4.58651609572063E+01,  1.58050000000003E+02,  7.23765589472592E+01,  5.08869570274828E+01
 1.95325000000000E+03,  1.16624880943062E-01,  1.07500000000000E-01, -4.58757420328878E+01,  1.58230000000003E+02,  1.28361964600671E+02,  6.20896364495201E+01
 1.95333333300000E+03,  8.23496991376053E-02,  1.32500000000000E-01, -4.58857993320678E+01,  1.58410000000003E+02,  1.42438009908001E+02,  7.73466560735530E+01
 1.95341666700000E+03,  4.74518595818602E-02,  1.37500000000000E-01, -4.58953327249190E+01,  1.58590000000003E+02,  1.23959004379985E+02,  8.75383797965728E+01
 1.95350000000000E+03,  1.60793628177847E-02,  1.82500000000000E-01, -4.59043421386386E+01,  1.58770000000004E+02,  1.32898561283761E+02,  9.99592507073259E+01
 1.95358333300000E+03,  4.34272957118811E-02,  2.15000000000000E-01, -4.59128275573742E+01,  1.58950000000004E+02,  1.32548403501805E+02,  9.00337165985236E+01
 1.95366666700000E+03,  1.22973626318907E-01,  2.00000000000000E-01, -5.02740011017607E+01,  1.59130000000004E+02,  8.61087631700712E+01,  9.94589240190915E+01
 1.95375000000000E+03,  1.44688712204671E-01,  1.70000000000000E-01, -5.02515181142166E+01,  1.59310000000004E+02,  5.90256676590254E+01,  1.05596389926479E+02
 1.95383333300000E+03,  1.07754504414582E-01,  1.62500000000000E-01, -5.02286070686539E+01,  1.59490000000004E+02,  5.00029216092814E+01,  8.93097678240032E+01
 1.95391666700000E+03,  6.21183452042253E-02,  1.50000000000000E-01, -5.02052712783954E+01,  1.59670000000004E+02,  3.99438165374369E+01,  7.53153564961463E+01
 1.95400000000000E+03,  1.05617268339153E-02,  6.25000000000000E-02, -5.01815140953751E+01,  1.59850000000004E+02,  4.28831482352371E+01,  7.64754425261394E+01
 1.95408333300000E+03, -3.53785496870938E-02, -1.00000000000000E-01, -5.01573389095911E+01,  1.60030000000004E+02,  5.36871903124599E+01,  6.77713134559733E+01
 1.95416666700000E+03, -6.37465660558605E-02, -2.75000000000000E-01, -5.01327491485529E+01,  1.60210000000004E+02,  8.71703258869854E+01,  9.14243806923020E+01
 1.95425000000000E+03, -7.02980497231574E-02, -2.82500000000000E-01, -5.01077482767251E+01,  1.60390000000004E+02,  8.19619178415370E+01,  9.80056031561098E+01
 1.95433333300000E+03, -5.91661634075437E-02, -8.00000000000000E-02, -5.00823397949655E+01,  1.60570000000004E+02,  9.19814450558456E+01,  9.02069403320958E+01
 1.95441666700000E+03, -3.63846014091736E-02, -1.50000000000000E-02, -5.00565272399592E+01,  1.60750000000004E+02,  1.23759080758675E+02,  1.01371973142977E+02
 1.95450000000000E+03, -3.54778593400785E-03, -1.17500000000000E-01, -5.00303141836482E+01,  1.60930000000004E+02,  1.60280377943160E+02,  1.23611916169272E+02
 1.95458333300000E+03, -3.55126002956188E-02, -1.70000000000000E-01, -5.00037042326561E+01,  1.61110000000004E+02,  1.64593866905324E+02,  1.00299257120460E+02
 1.95466666700000E+03, -1.37455007360742E-01, -2.27500000000000E-01, -4.13537309310109E+01,  1.61290000000004E+02,  1.68225262373485E+02,  1.42760731857649E+02
 1.95475000000000E+03, -1.60583112075351E-01, -2.60000000000000E-01, -4.14036724399435E+01,  1.61470000000004E+02,  1.76571620105112E+02,  1.60951998392697E+02
 1.95483333300000E+03, -9.67368913822931E-02, -2.40000000000000E-01, -4.14539170044125E+01,  1.61650000000004E+02,  1.78786476459485E+02,  1.52256667756680E+02
 1.95491666700000E+03, -2.25208570125364E-02, -1.70000000000000E-01, -4.15044603063610E+01,  1.61830000000004E+02,  1.26873540609895E+02,  2.01122489167219E+02
 1.95500000000000E+03,  4.34110934820572E-02, -1.25000000000000E-02, -4.15552979866133E+01,  1.62010000000004E+02,  9.54223553827295E+01,  1.96167907643479E+02
 1.95508333300000E+03,  7.87113160024193E-02,  4.75000000000000E-02, -4.16064256453950E+01,  1.62190000000004E+02,  1.31343912954202E+02,  2.43665462716117E+02
 1.95516666700000E+03,  7.38377410265763E-02, -5.00000000000000E-03, -4.16578388428584E+01,  1.62370000000004E+02,  1.23551599351513E+02,  2.43171091102745E+02
 1.95525000000000E+03,  4.23231034199617E-02, -4.50000000000000E-02, -4.17095330996142E+01,  1.62550000000004E+02,  1.49877948375523E+02,  2.67089910329172E+02
 1.95533333300000E+03,  1.38857132619717E-02, -6.50000000000000E-02, -4.17615038972697E+01,  1.62730000000004E+02,  1.43286611252275E+02,  1.91035480644383E+02
 1.95541666700000E+03,  1.34914295144019E-02, -5.00000000000000E-03, -4.18137466789722E+01,  1.62910000000004E+02,  1.26012710493400E+02,  1.82769767062430E+02
 1.95550000000000E+03,  4.27722938639142E-02,  1.00000000000000E-01, -4.18662568499588E+01,  1.63090000000004E+02,  9.09962677775202E+01,  7.88204284248972E+01
 1.95558333300000E+03,  1.12486054407663E-01,  1.55000000000000E-01, -4.19190297781114E+01,  1.63270000000004E+02,  8.12794571211014E+01,  8.19796419933202E+01
 1.95566666700000E+03,  2.05967335591321E-01,  1.75000000000000E-01, -3.97489748260253E+01,  1.63450000000004E+02,  2.22258825477039E+01,  7.01265748148195E+01
 1.95575000000000E+03,  2.60027242287077E-01,  2.57500000000000E-01, -3.97214107934352E+01,  1.63630000000004E+02,  5.89033927495384E+01,  6.52382277027038E+01
 1.95583333300000E+03,  2.71315606047233E-01,  3.52500000000000E-01, -3.96940111714617E+01,  1.63810000000004E+02,  8.04139380006824E+01,  1.19846712870319E+02
 1.95591666700000E+03,  2.61357554665967E-01,  3.55000000000000E-01, -3.96667799733564E+01,  1.63990000000004E+02,  1.00111859232112E+02,  1.73036564870056E+02
 1.95600000000000E+03,  2.25813866022690E-01,  3.20000000000000E-01, -3.96397212140558E+01,  1.64170000000004E+02,  1.01888148200614E+02,  1.94210980440235E+02
 1.95608333300000E+03,  1.68817769416024E-01,  2.02500000000000E-01, -3.96128389095207E+01,  1.64350000000004E+02,  1.61722661133534E+02,  2.27923313067142E+02
 1.95616666700000E+03,  1.00709087290043E-01,  4.00000000000000E-02, -3.95861370760745E+01,  1.64530000000004E+02,  1.63764906236848E+02,  2.99983107571364E+02
 1.95625000000000E+03,  3.38817572411629E-02, -8.25000000000000E-02, -3.95596197297399E+01,  1.64710000000004E+02,  2.46415039651414E+02,  3.08976838958138E+02
 1.95633333300000E+03, -2.05954172664153E-02, -2.57500000000000E-01, -3.95332908855753E+01,  1.64890000000004E+02,  2.68529099607802E+02,  3.14810067401796E+02
 1.95641666700000E+03, -5.47900883307382E-02, -3.70000000000000E-01, -3.95071545570099E+01,  1.65070000000004E+02,  2.80390318896703E+02,  2.74941736758280E+02
 1.95650000000000E+03, -6.49937847827074E-02, -3.07500000000000E-01, -3.94812147551777E+01,  1.65250000000004E+02,  2.31880404868816E+02,  2.69287739021892E+02
 1.95658333300000E+03, -3.18121880076805E-02, -2.40000000000000E-01, -3.94554754882516E+01,  1.65430000000004E+02,  2.28391159729798E+02,  2.78968404500863E+02
 1.95666666700000E+03,  4.49295280487527E-02, -2.00000000000000E-01, -4.29585324249840E+01,  1.65610000000004E+02,  1.58433590209952E+02,  2.06150322844153E+02
 1.95675000000000E+03,  1.17894368640967E-01, -1.17500000000000E-01, -4.29247066418631E+01,  1.65790000000004E+02,  1.14405154711394E+02,  2.00491434229771E+02
 1.95683333300000E+03,  1.62895282252686E-01, -4.25000000000000E-02, -4.28910944256839E+01,  1.65970000000004E+02,  1.79178691768762E+02,  2.75399448409886E+02
 1.95691666700000E+03,  1.80743776904930E-01, -7.75000000000000E-02, -4.28576963582908E+01,  1.66150000000004E+02,  2.54741889036153E+02,  2.71773771987564E+02
 1.95700000000000E+03,  1.72458673820993E-01, -2.90000000000000E-01, -4.28245129747816E+01,  1.66330000000004E+02,  2.92388483581945E+02,  2.57619822049568E+02
 1.95708333300000E+03,  1.51971276650366E-01, -4.00000000000000E-01, -4.27915447635822E+01,  1.66510000000004E+02,  2.71967094619966E+02,  2.80629711225440E+02
 1.95716666700000E+03,  1.34920329952793E-01, -3.12500000000000E-01, -4.27587921665312E+01,  1.66690000000004E+02,  2.76750204185561E+02,  2.70125060557594E+02
 1.95725000000000E+03,  1.27868610658377E-01, -3.10000000000000E-01, -4.27262555789702E+01,  1.66870000000004E+02,  1.97040963432548E+02,  2.45922112810899E+02
 1.95733333300000E+03,  1.26358068476271E-01, -2.87500000000000E-01, -4.26939353498436E+01,  1.67050000000004E+02,  1.20188136105780E+02,  2.39741434701649E+02
 1.95741666700000E+03,  1.21893234471978E-01, -1.47500000000000E-01, -4.26618317818053E+01,  1.67230000000004E+02,  8.97132084643250E+01,  2.53240746183610E+02
 1.95750000000000E+03,  1.10147878362383E-01, -5.00000000000000E-03, -4.26299451313329E+01,  1.67410000000004E+02,  7.29674865573108E+01,  2.38460492795531E+02
 1.95758333300000E+03,  6.12750746550956E-02,  1.32500000000000E-01, -4.25982756088504E+01,  1.67590000000004E+02,  1.06709716729424E+02,  2.41755184224799E+02
 1.95766666700000E+03, -2.96185241092186E-02,  2.32500000000000E-01, -4.52276574671947E+01,  1.67770000000004E+02,  1.10863504460861E+02,  2.46783043807058E+02
 1.95775000000000E+03, -8.37306308971631E-02,  2.70000000000000E-01, -4.52867595626376E+01,  1.67950000000004E+02,  9.82399248162578E+01,  2.57195367152080E+02
 1.95783333300000E+03, -4.98532446983860E-02,  2.37500000000000E-01, -4.53458045516350E+01,  1.68130000000004E+02,  5.34792973406784E+01,  1.84972437349626E+02
 1.95791666700000E+03,  5.16802341726330E-02,  2.05000000000000E-01, -4.54047867429437E+01,  1.68310000000004E+02,  7.05958291948584E+01,  1.99167370801706E+02
 1.95800000000000E+03,  1.74742997842478E-01,  3.32500000000000E-01, -4.54637004494496E+01,  1.68490000000004E+02,  4.03612695107625E+01,  1.60097195373781E+02
 1.95808333300000E+03,  2.75723721350318E-01,  6.20000000000000E-01, -4.55225399888937E+01,  1.68670000000004E+02,  6.79238009799345E+01,  1.53232489739592E+02
 1.95816666700000E+03,  3.44675917549548E-01,  8.50000000000000E-01, -4.55812996845975E+01,  1.68850000000004E+02,  6.93439356477836E+01,  1.04627605781569E+02
 1.95825000000000E+03,  3.92692933762113E-01,  8.67500000000000E-01, -4.56399738661879E+01,  1.69030000000004E+02,  6.88314399775876E+01,  1.09029675317257E+02
 1.95833333300000E+03,  4.15707910599672E-01,  7.80000000000000E-01, -4.56985568703208E+01,  1.69210000000004E+02,  8.34643611905809E+01,  1.21042218482765E+02
 1.95841666700000E+03,  3.83668782063332E-01,  6.50000000000000E-01, -4.57570430414043E+01,  1.69390000000004E+02,  1.21184292437134E+02,  1.53702518438490E+02
 1.95850000000000E+03,  2.72812156270607E-01,  4.37500000000000E-01, -4.58154267323205E+01,  1.69570000000004E+02,  1.72373247248313E+02,  3.11763019144575E+02
 1.95858333300000E+03,  1.74571025896582E-01,  2.95000000000000E-01, -4.58737023051463E+01,  1.69750000000004E+02,  1.75293153239992E+02,  4.15680098855382E+02
 1.95866666700000E+03,  1.97370649151692E-01,  2.25000000000000E-01, -4.55190844366143E+01,  1.69930000000004E+02,  1.91467140683720E+02,  4.74008760992037E+02
 1.95875000000000E+03,  2.82477530652792E-01,  1.52500000000000E-01, -4.55778489812188E+01,  1.70110000000004E+02,  1.61436061520900E+02,  4.44016238277044E+02
 1.95883333300000E+03,  3.62282410002059E-01,  1.62500000000000E-01, -4.56365283447419E+01,  1.70290000000004E+02,  1.17900464968805E+02,  4.12494430139263E+02
 1.95891666700000E+03,  4.27056657518578E-01,  2.17500000000000E-01, -4.56951168634065E+01,  1.70470000000004E+02,  5.15195340856249E+01,  2.05026473827085E+02
 1.95900000000000E+03,  4.37689637209080E-01,  2.62500000000000E-01, -4.57536088811453E+01,  1.70650000000004E+02,  5.09306815023498E+01,  1.12584106312448E+02
 1.95908333300000E+03,  3.60159464712308E-01,  1.92500000000000E-01, -4.58119987503223E+01,  1.70830000000004E+02,  5.53675457303012E+01,  4.04246751634007E+01
 1.95916666700000E+03,  2.09023552108404E-01,  7.50000000000000E-03, -4.58702808324542E+01,  1.71010000000004E+02,  1.56877227353221E+02,  2.09722465014006E+02
 1.95925000000000E+03,  4.62213585872308E-02, -1.17500000000000E-01, -4.59284494989298E+01,  1.71190000000004E+02,  1.53039716890398E+02,  2.12800992518338E+02
 1.95933333300000E+03, -6.81085597780274E-02, -1.92500000000000E-01, -4.59864991317281E+01,  1.71370000000004E+02,  1.45485330836238E+02,  2.42634802706733E+02
 1.95941666700000E+03, -1.20937736703048E-01, -2.42500000000000E-01, -4.60444241241357E+01,  1.71550000000004E+02,  1.58270750993751E+02,  2.59883030325759E+02
 1.95950000000000E+03, -1.40490238119338E-01, -2.60000000000000E-01, -4.61022188814614E+01,  1.71730000000004E+02,  1.40239903813930E+02,  2.66655909425837E+02
 1.95958333300000E+03, -1.35845353309869E-01, -2.45000000000000E-01, -4.61598778217505E+01,  1.71910000000004E+02,  8.19758354355295E+01,  1.97972610476254E+02
 1.95966666700000E+03, -9.73646350638357E-02, -1.97500000000000E-01, -5.07970953036476E+01,  1.72090000000004E+02,  9.20848465063350E+01,  1.88448438461998E+02
 1.95975000000000E+03, -4.59994600194782E-02, -1.87500000000000E-01, -5.07961769401464E+01,  1.72270000000004E+02,  1.22944865580539E+02,  4.14827621388211E+02
 1.95983333300000E+03, -4.41437796819034E-03, -2.07500000000000E-01, -5.07947300018302E+01,  1.72450000000004E+02,  1.30558485748880E+02,  4.13165944248828E+02
 1.95991666700000E+03,  1.88834738571660E-02, -1.82500000000000E-01, -5.07927556354666E+01,  1.72630000000004E+02,  1.35066570975798E+02,  4.10232050761138E+02
 1.96000000000000E+03,  1.48362734213453E-02, -4.75000000000000E-02, -5.07902550446107E+01,  1.72810000000004E+02,  9.74939918735928E+01,  3.14989484909427E+02
 1.96008333300000E+03, -1.69830932652105E-02,  1.22500000000000E-01, -5.07872294893460E+01,  1.72990000000004E+02,  1.08366639333550E+02,  3.18628562067045E+02
 1.96016666700000E+03, -6.50258136370189E-02,  1.77500000000000E-01, -5.07836802860181E+01,  1.73170000000004E+02,  1.03209544881238E+02,  2.06346324498314E+02
 1.96025000000000E+03, -1.11141393278817E-01,  1.82500000000000E-01, -5.07796088069599E+01,  1.73350000000004E+02,  9.07488203647745E+01,  1.81402318281302E+02
 1.96033333300000E+03, -1.41290943372057E-01,  1.92500000000000E-01, -5.07750164802100E+01,  1.73530000000004E+02,  8.77595884530625E+01,  1.85710815303964E+02
 1.96041666700000E+03, -1.51659072887816E-01,  1.37500000000000E-01, -5.07699047892223E+01,  1.73710000000004E+02,  8.35169405521499E+01,  2.20036030909266E+02
 1.96050000000000E+03, -1.44759505894832E-01,  7.75000000000000E-02, -5.07642752725684E+01,  1.73890000000004E+02,  7.97680170320603E+01,  2.13660810007383E+02
 1.96058333300000E+03, -1.16353207475890E-01,  3.25000000000000E-02, -5.07581295236333E+01,  1.74070000000004E+02,  7.72033022966230E+01,  8.06612296596313E+01
 1.96066666700000E+03, -7.81292033050970E-02, -1.50000000000000E-02, -4.35220577300925E+01,  1.74250000000004E+02,  1.16275092610222E+02,  1.21170309128008E+02
 1.96075000000000E+03, -5.64386821818711E-02,  7.50000000000000E-03, -4.34849645405513E+01,  1.74430000000004E+02,  1.42845533491284E+02,  2.03182055582968E+02
 1.96083333300000E+03, -4.57594159481852E-02,  4.25000000000000E-02, -4.34480694405170E+01,  1.74610000000004E+02,  2.80858472099159E+02,  2.34914783634732E+02
 1.96091666700000E+03, -3.23628696811032E-02,  5.00000000000000E-03, -4.34113737560053E+01,  1.74790000000004E+02,  2.63140360690652E+02,  2.39189612280135E+02
 1.96100000000000E+03, -1.48964685641879E-02, -4.25000000000000E-02, -4.33748787661377E+01,  1.74970000000004E+02,  3.38596639971879E+02,  2.80304038494306E+02
 1.96108333300000E+03,  9.35548609983965E-03, -4.00000000000000E-02, -4.33385857030921E+01,  1.75150000000004E+02,  2.94385802193645E+02,  2.56092441280982E+02
 1.96116666700000E+03,  3.76723083732224E-02,  3.50000000000000E-02, -4.33024957520606E+01,  1.75330000000004E+02,  2.92314672766251E+02,  3.18302065535453E+02
 1.96125000000000E+03,  5.88687862945938E-02,  1.40000000000000E-01, -4.32666100512163E+01,  1.75510000000004E+02,  1.67706900880739E+02,  2.59570224530056E+02
 1.96133333300000E+03,  5.90024563540340E-02,  1.32500000000000E-01, -4.32309296916874E+01,  1.75690000000004E+02,  1.75050372230176E+02,  3.11027137499118E+02
 1.96141666700000E+03,  3.25434721310054E-02,  3.00000000000000E-02, -4.31954557175395E+01,  1.75870000000004E+02,  8.24616099098150E+01,  2.78510762294526E+02
 1.96150000000000E+03, -1.04801748809165E-02,  1.25000000000000E-02, -4.31601891257653E+01,  1.76050000000004E+02,  1.37507057777425E+02,  2.93206061653065E+02
 1.96158333300000E+03, -3.90858295892902E-02,  3.25000000000000E-02, -4.31251308662835E+01,  1.76230000000004E+02,  1.12635197693766E+02,  1.88402099072510E+02
 1.96166666700000E+03, -2.86433149273611E-02, -3.50000000000000E-02, -4.69983325467042E+01,  1.76410000000004E+02,  1.01093777297729E+02,  1.95955518559366E+02
 1.96175000000000E+03,  1.21968915703464E-02, -9.25000000000000E-02, -4.69535794907321E+01,  1.76590000000004E+02,  1.57464338653292E+02,  2.06771163780862E+02
 1.96183333300000E+03,  6.97305073380749E-02,  5.00000000000000E-03, -4.69087787321031E+01,  1.76770000000004E+02,  2.05307893317930E+02,  2.12466716228783E+02
 1.96191666700000E+03,  1.33455856605867E-01,  1.75000000000000E-01, -4.68639345473280E+01,  1.76950000000004E+02,  1.59552999275878E+02,  2.07601045792032E+02
 1.96200000000000E+03,  1.85861165216344E-01,  2.07500000000000E-01, -4.68190511944243E+01,  1.77130000000004E+02,  1.57920266372729E+02,  1.62534109488592E+02
 1.96208333300000E+03,  2.12400753097205E-01,  2.17500000000000E-01, -4.67741329123287E+01,  1.77310000000004E+02,  1.53511710521039E+02,  1.51557095367122E+02
 1.96216666700000E+03,  2.08653943511783E-01,  3.00000000000000E-01, -4.67291839203162E+01,  1.77490000000004E+02,  1.10097019171175E+02,  1.06867643769818E+02
 1.96225000000000E+03,  1.82119410224716E-01,  3.22500000000000E-01, -4.66842084174206E+01,  1.77670000000004E+02,  1.06244419121640E+02,  8.15954487244540E+01
 1.96233333300000E+03,  1.48799500221979E-01,  2.60000000000000E-01, -4.66392105818611E+01,  1.77850000000004E+02,  1.05310243178946E+02,  7.27108594000024E+01
 1.96241666700000E+03,  1.26169955177732E-01,  1.85000000000000E-01, -4.65941945704727E+01,  1.78030000000004E+02,  1.53454493545033E+02,  8.53439449592679E+01
 1.96250000000000E+03,  1.24778181802476E-01,  1.92500000000000E-01, -4.65491645181405E+01,  1.78210000000004E+02,  2.94754147010782E+02,  1.58048019191329E+02
 1.96258333300000E+03,  9.77757283147678E-02,  1.82500000000000E-01, -4.65041245372394E+01,  1.78390000000004E+02,  3.24785238708533E+02,  1.82883141679345E+02
 1.96266666700000E+03,  4.60705523559380E-02,  1.12500000000000E-01, -4.69502572169012E+01,  1.78570000000004E+02,  2.81217337871524E+02,  1.99174189363015E+02
 1.96275000000000E+03,  6.86304384548909E-02,  1.37500000000000E-01, -4.69054530897504E+01,  1.78750000000004E+02,  2.63874992847503E+02,  1.80734301282849E+02
 1.96283333300000E+03,  1.55286109371817E-01,  2.97500000000000E-01, -4.68606058530069E+01,  1.78930000000004E+02,  2.16684861766541E+02,  1.96726370345526E+02
 1.96291666700000E+03,  2.30535622937850E-01,  4.70000000000000E-01, -4.68157197632925E+01,  1.79110000000004E+02,  8.89166810495825E+01,  1.07876122166607E+02
 1.96300000000000E+03,  2.67743888030866E-01,  5.35000000000000E-01, -4.67707990581055E+01,  1.79290000000004E+02,  4.59937737572644E+01,  6.44092807382431E+01
 1.96308333300000E+03,  2.59556294763372E-01,  4.80000000000000E-01, -4.67258479552385E+01,  1.79470000000004E+02,  5.18326441100772E+01,  6.63660586996423E+01
 1.96316666700000E+03,  2.21474030804537E-01,  4.02500000000000E-01, -4.66808706522008E+01,  1.79650000000004E+02,  6.25571086054219E+01,  1.27610337823134E+02
 1.96325000000000E+03,  1.80915448145341E-01,  3.30000000000000E-01, -4.66358713256447E+01,  1.79830000000004E+02,  5.98058635233156E+01,  1.22442919530237E+02
 1.96333333300000E+03,  1.60643765332621E-01,  2.02500000000000E-01, -4.65908541307959E+01,  1.80010000000004E+02,  6.70682580212975E+01,  1.31350441136209E+02
 1.96341666700000E+03,  1.67273480616877E-01,  1.32500000000000E-01, -4.65458232008889E+01,  1.80190000000004E+02,  9.23610059804668E+01,  1.48036939109267E+02
 1.96350000000000E+03,  1.90145200331214E-01,  1.45000000000000E-01, -4.65007826466060E+01,  1.80370000000004E+02,  9.18335071192089E+01,  1.32648381985406E+02
 1.96358333300000E+03,  1.06913247398106E-01,  9.75000000000000E-02, -4.64557365555219E+01,  1.80550000000004E+02,  9.43305903959349E+01,  9.03858180193719E+01
 1.96366666700000E+03, -9.33613323489592E-02,  5.00000000000000E-03, -3.57412980314308E+01,  1.80730000000004E+02,  1.54589205401346E+02,  8.22065122923034E+01
 1.96375000000000E+03, -1.92392994161209E-01,  1.75000000000000E-02, -3.57111837879616E+01,  1.80910000000004E+02,  1.70317306897066E+02,  9.51746769495207E+01
 1.96383333300000E+03, -1.72157148259478E-01,  8.75000000000000E-02, -3.56811244799137E+01,  1.81090000000004E+02,  1.83337591241742E+02,  1.67415680999348E+02
 1.96391666700000E+03, -1.37832691125414E-01,  8.50000000000000E-02, -3.56511236636335E+01,  1.81270000000004E+02,  1.82852897482909E+02,  1.81997881060671E+02
 1.96400000000000E+03, -1.00030745456248E-01,  1.25000000000000E-01, -3.56211849134839E+01,  1.81450000000004E+02,  1.84358238829355E+02,  1.98628123389476E+02
 1.96408333300000E+03, -6.16432822927330E-02,  2.35000000000000E-01, -3.55913118212995E+01,  1.81630000000004E+02,  1.89387097775454E+02,  3.01312804475287E+02
 1.96416666700000E+03, -2.12950302657743E-02,  1.82500000000000E-01, -3.55615079958379E+01,  1.81810000000004E+02,  1.62099888950912E+02,  2.99128621040009E+02
 1.96425000000000E+03,  2.04450927084549E-02,  2.75000000000000E-02, -3.55317770622271E+01,  1.81990000000004E+02,  1.86953577151183E+02,  3.12164943530445E+02
 1.96433333300000E+03,  5.92429721022732E-02,  2.50000000000000E-02, -3.55021226614098E+01,  1.82170000000004E+02,  1.66917015737598E+02,  2.98581529823616E+02
 1.96441666700000E+03,  9.11286844164956E-02,  4.00000000000000E-02, -3.54725484495842E+01,  1.82350000000004E+02,  1.92542560540332E+02,  3.08590568618726E+02
 1.96450000000000E+03,  1.17479332118712E-01, -6.25000000000000E-02, -3.54430580976406E+01,  1.82530000000004E+02,  1.44436778084071E+02,  1.84897553773366E+02
 1.96458333300000E+03,  7.56634109919558E-02, -1.80000000000000E-01, -3.54136552905964E+01,  1.82710000000004E+02,  1.36026213608633E+02,  2.02417243566795E+02
 1.96466666700000E+03, -3.44478824179539E-02, -2.42500000000000E-01, -3.35876165355997E+01,  1.82890000000004E+02,  7.66710019523583E+01,  1.32661132503892E+02
 1.96475000000000E+03, -7.97618154509794E-02, -2.12500000000000E-01, -3.35936049749313E+01,  1.83070000000004E+02,  2.12643136318380E+02,  2.93247048642348E+02
 1.96483333300000E+03, -5.96421677532721E-02, -1.55000000000000E-01, -3.36000496347386E+01,  1.83250000000004E+02,  1.72639595352487E+02,  2.52700109859461E+02
 1.96491666700000E+03, -4.58918439064690E-02, -2.07500000000000E-01, -3.36069516369776E+01,  1.83430000000004E+02,  1.92367700358457E+02,  3.69820088334126E+02
 1.96500000000000E+03, -4.19936987868952E-02, -2.90000000000000E-01, -3.36143120531617E+01,  1.83610000000004E+02,  2.78607038257740E+02,  4.40554747975364E+02
 1.96508333300000E+03, -4.34296301791807E-02, -2.47500000000000E-01, -3.36221319040887E+01,  1.83790000000004E+02,  3.18177463300878E+02,  4.34117965651177E+02
 1.96516666700000E+03, -4.45227275729904E-02, -1.72500000000000E-01, -3.36304121595733E+01,  1.83970000000004E+02,  1.92445915730662E+02,  2.91837988831485E+02
 1.96525000000000E+03, -4.50402653741508E-02, -1.75000000000000E-01, -3.36391537381882E+01,  1.84150000000004E+02,  2.00903800803940E+02,  3.33341691022747E+02
 1.96533333300000E+03, -4.97392779120629E-02, -2.20000000000000E-01, -3.36483575070111E+01,  1.84330000000004E+02,  1.85874803516371E+02,  3.28898533491147E+02
 1.96541666700000E+03, -6.15476880620222E-02, -2.42500000000000E-01, -3.36580242813797E+01,  1.84510000000004E+02,  1.02312243629381E+02,  2.44827462196608E+02
 1.96550000000000E+03, -7.58380126488702E-02, -2.20000000000000E-01, -3.36681548246543E+01,  1.84690000000004E+02,  8.24865113452401E+01,  2.28359431357965E+02
 1.96558333300000E+03, -1.26784299923539E-01, -1.80000000000000E-01, -3.36787498479865E+01,  1.84870000000004E+02,  1.45042439695026E+02,  2.31994995296260E+02
 1.96566666700000E+03, -2.06032858456879E-01, -1.35000000000000E-01, -3.56928650664393E+01,  1.85050000000005E+02,  2.10643383857400E+02,  2.52055589635290E+02
 1.96575000000000E+03, -2.20128915600427E-01, -1.02500000000000E-01, -3.56628409667318E+01,  1.85230000000005E+02,  2.10757679028674E+02,  1.52389677224275E+02
 1.96583333300000E+03, -1.70491787719156E-01, -6.75000000000000E-02, -3.56328775341631E+01,  1.85410000000005E+02,  2.32182583045422E+02,  1.95024249445591E+02
 1.96591666700000E+03, -1.13067487602550E-01, -2.25000000000000E-02, -3.56029783538048E+01,  1.85590000000005E+02,  2.45186318244532E+02,  2.12069271111680E+02
 1.96600000000000E+03, -5.94192645419918E-02,  8.50000000000000E-02, -3.55731470278666E+01,  1.85770000000005E+02,  1.80433780780129E+02,  2.07741454259004E+02
 1.96608333300000E+03, -1.27356184362104E-02,  2.87500000000000E-01, -3.55433871751447E+01,  1.85950000000005E+02,  1.15204508253070E+02,  1.63326194071871E+02
 1.96616666700000E+03,  2.73605176159485E-02,  4.37500000000000E-01, -3.55137024304679E+01,  1.86130000000005E+02,  1.07247558581491E+02,  1.61784257384882E+02
 1.96625000000000E+03,  5.93747543435404E-02,  4.57500000000000E-01, -3.54840964441390E+01,  1.86310000000005E+02,  9.95541437503792E+01,  1.22831889808204E+02
 1.96633333300000E+03,  8.03744682941926E-02,  3.77500000000000E-01, -3.54545728813740E+01,  1.86490000000005E+02,  1.08098518545888E+02,  2.04152546764599E+02
 1.96641666700000E+03,  9.16712061557497E-02,  2.62500000000000E-01, -3.54251354217368E+01,  1.86670000000005E+02,  1.35097520707132E+02,  2.09607918989446E+02
 1.96650000000000E+03,  1.02719072078214E-01,  1.50000000000000E-01, -3.53957877585716E+01,  1.86850000000005E+02,  1.25933752459211E+02,  2.31543538803605E+02
 1.96658333300000E+03,  6.89259691997555E-02,  7.00000000000000E-02, -3.53665335984318E+01,  1.87030000000005E+02,  1.12676662260404E+02,  2.22306692712689E+02
 1.96666666700000E+03, -1.41076531389070E-02,  6.75000000000000E-02, -3.88078427448422E+01,  1.87210000000005E+02,  1.28446728557242E+02,  2.28345292361503E+02
 1.96675000000000E+03, -4.54726124321621E-02,  1.55000000000000E-01, -3.87868327178044E+01,  1.87390000000005E+02,  1.24726027418076E+02,  1.72661713189940E+02
 1.96683333300000E+03, -2.46177277665853E-02,  2.60000000000000E-01, -3.87656876345981E+01,  1.87570000000005E+02,  1.14833043149813E+02,  1.70325911687567E+02
 1.96691666700000E+03, -1.08572700152252E-02,  2.67500000000000E-01, -3.87444069276517E+01,  1.87750000000005E+02,  1.16827148896462E+02,  1.36154534083138E+02
 1.96700000000000E+03, -1.02859331610785E-02,  1.80000000000000E-01, -3.87229900702405E+01,  1.87930000000005E+02,  1.15259799139734E+02,  2.09305736682208E+02
 1.96708333300000E+03, -1.91834474889844E-02,  2.25000000000000E-02, -3.87014365766842E+01,  1.88110000000005E+02,  8.64115568320226E+01,  1.79494961465791E+02
 1.96716666700000E+03, -3.06306399085605E-02, -6.25000000000000E-02, -3.86797460025379E+01,  1.88290000000005E+02,  7.15294732978147E+01,  1.45658767857803E+02
 1.96725000000000E+03, -4.14322929940038E-02, -5.25000000000000E-02, -3.86579179447758E+01,  1.88470000000005E+02,  5.46602641310696E+01,  1.22840863994449E+02
 1.96733333300000E+03, -5.24451842372375E-02, -1.20000000000000E-01, -3.86359520419677E+01,  1.88650000000005E+02,  6.30424798339930E+01,  1.17541829242584E+02
 1.96741666700000E+03, -6.27984897538401E-02, -1.95000000000000E-01, -3.86138479744477E+01,  1.88830000000005E+02,  9.97244465187621E+01,  1.03833060582349E+02
 1.96750000000000E+03, -6.51958315521840E-02, -2.27500000000000E-01, -3.85916054644764E+01,  1.89010000000005E+02,  1.20467227113265E+02,  1.23080660523723E+02
 1.96758333300000E+03, -8.61809542448050E-02, -2.35000000000000E-01, -3.85692242763952E+01,  1.89190000000005E+02,  1.06071684335545E+02,  1.04040762410381E+02
 1.96766666700000E+03, -1.31394359818831E-01, -1.80000000000000E-01, -2.91263220829791E+01,  1.89370000000005E+02,  1.14507300500919E+02,  1.10593508224498E+02
 1.96775000000000E+03, -1.44379163403195E-01, -1.87500000000000E-01, -2.91097751603716E+01,  1.89550000000005E+02,  1.10529511233528E+02,  1.34638716769386E+02
 1.96783333300000E+03, -1.30639934377038E-01, -2.57500000000000E-01, -2.90935389936863E+01,  1.89730000000005E+02,  1.22520834982632E+02,  8.17329111692061E+01
 1.96791666700000E+03, -1.30186862409048E-01, -2.72500000000000E-01, -2.90776167888363E+01,  1.89910000000005E+02,  1.14990743217837E+02,  6.68474963147486E+01
 1.96800000000000E+03, -1.45815796685927E-01, -2.35000000000000E-01, -2.90620117283003E+01,  1.90090000000005E+02,  1.24482974808132E+02,  8.35182773779362E+01
 1.96808333300000E+03, -1.70667627910029E-01, -1.45000000000000E-01, -2.90467269705875E+01,  1.90270000000005E+02,  3.66995819803851E+02,  2.31089262858920E+02
 1.96816666700000E+03, -1.95688030965381E-01, -8.50000000000000E-02, -2.90317656497057E+01,  1.90450000000005E+02,  4.63302621084416E+02,  3.53236460983551E+02
 1.96825000000000E+03, -2.17066615108732E-01, -9.25000000000000E-02, -2.90171308746322E+01,  1.90630000000005E+02,  4.27002398024922E+02,  3.62793821913547E+02
 1.96833333300000E+03, -2.36602530805382E-01, -1.35000000000000E-01, -2.90028257287877E+01,  1.90810000000005E+02,  4.18930810872769E+02,  3.83480387391518E+02
 1.96841666700000E+03, -2.55475012510815E-01, -1.95000000000000E-01, -2.89888532695132E+01,  1.90990000000005E+02,  4.05950740573903E+02,  3.68838796530043E+02
 1.96850000000000E+03, -2.68744480013753E-01, -1.92500000000000E-01, -2.89752165275498E+01,  1.91170000000005E+02,  1.55562528332919E+02,  2.49994786273175E+02
 1.96858333300000E+03, -2.14139596476362E-01, -1.35000000000000E-01, -2.89619185065219E+01,  1.91350000000005E+02,  6.10004750547785E+01,  9.82479870027370E+01
 1.96866666700000E+03, -8.19473848598213E-02, -4.75000000000000E-02, -3.45427866143754E+01,  1.91530000000005E+02,  5.27350827249695E+01,  1.48120407657567E+02
 1.96875000000000E+03,  2.04523836881705E-02,  7.00000000000000E-02, -3.45037186459293E+01,  1.91710000000005E+02,  5.18725986504830E+01,  1.39768409113085E+02
 1.96883333300000E+03,  7.66752571003483E-02,  1.77500000000000E-01, -3.44648095176848E+01,  1.91890000000005E+02,  3.64085288887697E+01,  1.50952246094839E+02
 1.96891666700000E+03,  1.29240352010418E-01,  2.90000000000000E-01, -3.44260611643591E+01,  1.92070000000005E+02,  6.19693681080681E+01,  1.20764279861520E+02
 1.96900000000000E+03,  1.80197284186688E-01,  4.70000000000000E-01, -3.43874754807637E+01,  1.92250000000005E+02,  9.43884479475925E+01,  2.13300220449146E+02
 1.96908333300000E+03,  2.32349715977034E-01,  7.60000000000000E-01, -3.43490543216447E+01,  1.92430000000005E+02,  1.52980443984768E+02,  1.66908521327073E+02
 1.96916666700000E+03,  2.81009578223342E-01,  9.60000000000000E-01, -3.43107995015299E+01,  1.92610000000005E+02,  1.58236832688113E+02,  2.20621527875953E+02
 1.96925000000000E+03,  3.11268637210622E-01,  8.85000000000000E-01, -3.42727127945824E+01,  1.92790000000005E+02,  1.68052898631905E+02,  2.34527428669618E+02
 1.96933333300000E+03,  3.05476252483989E-01,  6.67500000000000E-01, -3.42347959344607E+01,  1.92970000000005E+02,  1.64749063454765E+02,  2.35491370159005E+02
 1.96941666700000E+03,  2.56463177598678E-01,  4.65000000000000E-01, -3.41970506141856E+01,  1.93150000000005E+02,  1.38628058784427E+02,  1.47654767017239E+02
 1.96950000000000E+03,  1.75725423647264E-01,  3.72500000000000E-01, -3.41594784860135E+01,  1.93330000000005E+02,  1.04914090069836E+02,  1.90386818860625E+02
 1.96958333300000E+03,  7.28631918606642E-02,  3.35000000000000E-01, -3.41220811613161E+01,  1.93510000000005E+02,  1.40473554025993E+02,  1.82596938918207E+02
 1.96966666700000E+03, -5.04243102947918E-03,  2.62500000000000E-01, -2.82878959674993E+01,  1.93690000000005E+02,  1.55640561729862E+02,  2.91682519247880E+02
 1.96975000000000E+03,  5.87455153668315E-04,  2.37500000000000E-01, -2.82625364455969E+01,  1.93870000000005E+02,  1.41037234959610E+02,  3.81804507877130E+02
 1.96983333300000E+03,  4.96554289859755E-02,  3.22500000000000E-01, -2.82370567564987E+01,  1.94050000000005E+02,  2.09982313490653E+02,  4.24825990615195E+02
 1.96991666700000E+03,  8.63807384895561E-02,  4.65000000000000E-01, -2.82114578482064E+01,  1.94230000000005E+02,  2.05138269530151E+02,  4.30837345838610E+02
 1.97000000000000E+03,  1.04826542741665E-01,  5.90000000000000E-01, -2.81857407071327E+01,  1.94410000000005E+02,  1.60833968770133E+02,  3.84049722620822E+02
 1.97008333300000E+03,  1.06113649347365E-01,  6.87500000000000E-01, -2.81599063580295E+01,  1.94590000000005E+02,  1.50763144299953E+02,  2.48708262993166E+02
 1.97016666700000E+03,  9.19859851585333E-02,  7.45000000000000E-01, -2.81339558639082E+01,  1.94770000000005E+02,  1.51755978085995E+02,  2.73462967311356E+02
 1.97025000000000E+03,  5.96943783473305E-02,  6.75000000000000E-01, -2.81078903259545E+01,  1.94950000000005E+02,  6.92228509706633E+01,  3.12738176388268E+02
 1.97033333300000E+03,  4.34398401384520E-03,  4.85000000000000E-01, -2.80817108834364E+01,  1.95130000000005E+02,  5.55800438810756E+01,  2.50251986882422E+02
 1.97041666700000E+03, -7.30123602596763E-02,  2.40000000000000E-01, -2.80554187136063E+01,  1.95310000000005E+02,  7.02150376019879E+01,  2.45810497291741E+02
 1.97050000000000E+03, -1.59810138649976E-01,  2.75000000000000E-02, -2.80290150315962E+01,  1.95490000000005E+02,  5.94368465390392E+01,  3.08115285655140E+02
 1.97058333300000E+03, -1.99132636057896E-01, -7.25000000000000E-02, -2.80025010903069E+01,  1.95670000000005E+02,  4.58805781411075E+01,  2.13120437739121E+02
 1.97066666700000E+03, -1.56196372598414E-01, -9.25000000000000E-02, -2.88539741847164E+01,  1.95850000000005E+02,  8.04854021978277E+01,  2.73077979986129E+02
 1.97075000000000E+03, -8.99513271601289E-02, -6.50000000000000E-02, -2.88316547306765E+01,  1.96030000000005E+02,  7.97616459099415E+01,  3.04381077068609E+02
 1.97083333300000E+03, -4.31008301418107E-02, -1.75000000000000E-02, -2.88092039582129E+01,  1.96210000000005E+02,  9.39435834613460E+01,  4.22373614855331E+02
 1.97091666700000E+03, -1.81855320084802E-02,  3.50000000000000E-02, -2.87866218964650E+01,  1.96390000000005E+02,  1.23401575565997E+02,  3.91560648108924E+02
 1.97100000000000E+03, -2.07821690410976E-02,  5.00000000000000E-02, -2.87639086128165E+01,  1.96570000000005E+02,  1.23435265555553E+02,  3.64605397961292E+02
 1.97108333300000E+03, -4.56605219190356E-02, -3.50000000000000E-02, -2.87410642129761E+01,  1.96750000000005E+02,  1.55592576865701E+02,  2.79176072069653E+02
 1.97116666700000E+03, -8.37324910209434E-02, -1.82500000000000E-01, -2.87180888410506E+01,  1.96930000000005E+02,  1.66650780651157E+02,  2.38766575476009E+02
 1.97125000000000E+03, -1.29287002253208E-01, -3.30000000000000E-01, -2.86949826796127E+01,  1.97110000000005E+02,  2.88296757856400E+02,  1.95074681725714E+02
 1.97133333300000E+03, -1.80530366093885E-01, -4.70000000000000E-01, -2.86717459497614E+01,  1.97290000000005E+02,  2.56653453693623E+02,  1.97062820835093E+02
 1.97141666700000E+03, -2.33901683384814E-01, -5.37500000000000E-01, -2.86483789111771E+01,  1.97470000000005E+02,  2.60792519335151E+02,  2.10644799277648E+02
 1.97150000000000E+03, -2.79393402844583E-01, -4.95000000000000E-01, -2.86248818621692E+01,  1.97650000000005E+02,  2.04188606961265E+02,  1.71123560965473E+02
 1.97158333300000E+03, -3.31422759064815E-01, -4.15000000000000E-01, -2.86012551397184E+01,  1.97830000000005E+02,  2.19343115031496E+02,  2.35230409820760E+02
 1.97166666700000E+03, -3.85047973103527E-01, -3.05000000000000E-01, -2.68450383301318E+01,  1.98010000000005E+02,  7.26872742886313E+01,  1.80967417091497E+02
 1.97175000000000E+03, -3.95068427622199E-01, -1.95000000000000E-01, -2.68244568349681E+01,  1.98190000000005E+02,  8.60807837751890E+01,  1.62235651014255E+02
 1.97183333300000E+03, -3.78432430438859E-01, -1.87500000000000E-01, -2.68040329014402E+01,  1.98370000000005E+02,  9.46059953285665E+01,  2.09528039811048E+02
 1.97191666700000E+03, -3.74571485114062E-01, -2.55000000000000E-01, -2.67837649198832E+01,  1.98550000000005E+02,  1.16447742832504E+02,  2.27660910815360E+02
 1.97200000000000E+03, -3.84302446119041E-01, -3.07500000000000E-01, -2.67636512557301E+01,  1.98730000000005E+02,  7.86805475004985E+01,  1.82576120609749E+02
 1.97208333300000E+03, -3.98758576513365E-01, -3.82500000000000E-01, -2.67436902498879E+01,  1.98910000000005E+02,  8.75697680093749E+01,  1.80064863322259E+02
 1.97216666700000E+03, -4.07116095145972E-01, -4.22500000000000E-01, -2.67238802191165E+01,  1.99090000000005E+02,  8.46319376986227E+01,  2.60472753669818E+02
 1.97225000000000E+03, -4.04283428212928E-01, -3.95000000000000E-01, -2.67042194564114E+01,  1.99270000000005E+02,  9.50209164481489E+01,  2.99490159234976E+02
 1.97233333300000E+03, -3.91465038636169E-01, -3.95000000000000E-01, -2.66847062313905E+01,  1.99450000000005E+02,  7.09663121864912E+01,  2.99794499891594E+02
 1.97241666700000E+03, -3.70049843748478E-01, -3.90000000000000E-01, -2.66653387906828E+01,  1.99630000000005E+02,  1.88908774007307E+02,  5.45112357385017E+02
 1.97250000000000E+03, -3.36131783417283E-01, -3.97500000000000E-01, -2.66461153583220E+01,  1.99810000000005E+02,  1.77274653375809E+02,  5.16538739338030E+02
 1.97258333300000E+03, -3.18475671406089E-01, -4.02500000000000E-01, -2.66270341361423E+01,  1.99990000000005E+02,  3.13882261096326E+02,  5.07557672443391E+02
 1.97266666700000E+03, -3.33497941527764E-01, -2.95000000000000E-01, -2.41838205719618E+01,  2.00170000000005E+02,  3.06394439679006E+02,  5.05973343553906E+02
 1.97275000000000E+03, -3.34439894370657E-01, -1.45000000000000E-01, -2.41627190603084E+01,  2.00350000000005E+02,  3.01306369916530E+02,  5.04357201457238E+02
 1.97283333300000E+03, -3.13757392519550E-01, -1.57500000000000E-01, -2.41414908988523E+01,  2.00530000000005E+02,  2.05805689838109E+02,  2.52108401437301E+02
 1.97291666700000E+03, -2.98211413367841E-01, -2.85000000000000E-01, -2.41201358660391E+01,  2.00710000000005E+02,  2.22611905298059E+02,  2.61613721734954E+02
 1.97300000000000E+03, -2.89520270959002E-01, -3.22500000000000E-01, -2.40986537756630E+01,  2.00890000000005E+02,  7.69242387230649E+01,  1.97665470333861E+02
 1.97308333300000E+03, -2.81344582198323E-01, -3.07500000000000E-01, -2.40770444769810E+01,  2.01070000000005E+02,  1.14927170138271E+02,  1.93583600819218E+02
 1.97316666700000E+03, -2.66790066232336E-01, -2.82500000000000E-01, -2.40553078548213E+01,  2.01250000000005E+02,  1.49910292171362E+02,  2.32511381755595E+02
 1.97325000000000E+03, -2.45606614640813E-01, -1.65000000000000E-01, -2.40334438296871E+01,  2.01430000000005E+02,  1.51719597744095E+02,  2.84590953088108E+02
 1.97333333300000E+03, -2.24050380671759E-01, -4.50000000000000E-02, -2.40114523578535E+01,  2.01610000000005E+02,  1.30208272956412E+02,  3.09132039664243E+02
 1.97341666700000E+03, -2.07956722888752E-01, -3.75000000000000E-02, -2.39893334314591E+01,  2.01790000000005E+02,  1.34178658466506E+02,  3.74058792598468E+02
 1.97350000000000E+03, -1.96460645332414E-01, -8.25000000000000E-02, -2.39670870785919E+01,  2.01970000000005E+02,  1.40643789014630E+02,  3.10280409547477E+02
 1.97358333300000E+03, -1.50524518422204E-01, -1.32500000000000E-01, -2.39447133633694E+01,  2.02150000000005E+02,  1.21432447848022E+02,  3.09348529495320E+02
 1.97366666700000E+03, -7.88656954635674E-02, -1.85000000000000E-01, -3.23333283229849E+01,  2.02330000000005E+02,  1.02373711109115E+02,  2.59494901909260E+02
 1.97375000000000E+03, -6.48307694454569E-02, -2.27500000000000E-01, -3.23865197128672E+01,  2.02510000000005E+02,  1.97748955182184E+02,  3.07290616455013E+02
 1.97383333300000E+03, -9.98182461385253E-02, -2.05000000000000E-01, -3.24395208571204E+01,  2.02690000000005E+02,  1.94165339950619E+02,  2.44120477132079E+02
 1.97391666700000E+03, -1.30774751868435E-01, -1.77500000000000E-01, -3.24923270835282E+01,  2.02870000000005E+02,  2.53399311812098E+02,  3.89752044923062E+02
 1.97400000000000E+03, -1.54255796979778E-01, -2.92500000000000E-01, -3.25449337393924E+01,  2.03050000000005E+02,  2.49511980628302E+02,  4.39342840811939E+02
 1.97408333300000E+03, -1.79806794170832E-01, -5.07500000000000E-01, -3.25973361920739E+01,  2.03230000000005E+02,  2.64536023108296E+02,  4.44968758959362E+02
 1.97416666700000E+03, -2.14545059046994E-01, -7.65000000000000E-01, -3.26495298295303E+01,  2.03410000000005E+02,  2.15882275979499E+02,  4.55234735421071E+02
 1.97425000000000E+03, -2.48849701343979E-01, -9.50000000000000E-01, -3.27015100608507E+01,  2.03590000000005E+02,  2.29144922806317E+02,  4.74035025561392E+02
 1.97433333300000E+03, -2.58507102048632E-01, -8.70000000000000E-01, -3.27532723167883E+01,  2.03770000000005E+02,  1.22267906711339E+02,  3.34783777222676E+02
 1.97441666700000E+03, -2.22752049084350E-01, -6.52500000000000E-01, -3.28048120502899E+01,  2.03950000000005E+02,  1.93258225390966E+02,  3.99153411867864E+02
 1.97450000000000E+03, -1.42678602080754E-01, -5.00000000000000E-01, -3.28561247370220E+01,  2.04130000000005E+02,  1.85274008924051E+02,  4.21553700823334E+02
 1.97458333300000E+03, -8.81949416729913E-02, -4.45000000000000E-01, -3.29072058758949E+01,  2.04310000000005E+02,  1.52002197081707E+02,  3.47398434155945E+02
 1.97466666700000E+03, -1.10960652211081E-01, -4.62500000000000E-01, -2.86795988750145E+01,  2.04490000000005E+02,  1.37745421211211E+02,  3.38392702013777E+02
 1.97475000000000E+03, -1.48512741819608E-01, -4.82500000000000E-01, -2.86461618725120E+01,  2.04670000000005E+02,  1.93846647288955E+02,  3.82130340684618E+02
 1.97483333300000E+03, -1.61647324274192E-01, -4.97500000000000E-01, -2.86129169552604E+01,  2.04850000000005E+02,  1.14677931091080E+02,  2.38216715471708E+02
 1.97491666700000E+03, -1.63040904522041E-01, -4.42500000000000E-01, -2.85798648512871E+01,  2.05030000000005E+02,  1.28057538118999E+02,  2.26691812249802E+02
 1.97500000000000E+03, -1.54241815010059E-01, -3.50000000000000E-01, -2.85470062491781E+01,  2.05210000000005E+02,  2.02462060614696E+02,  3.15454964437807E+02
 1.97508333300000E+03, -1.39318984103513E-01, -3.87500000000000E-01, -2.85143417981050E+01,  2.05390000000005E+02,  2.03122095339281E+02,  2.78127635379343E+02
 1.97516666700000E+03, -1.23221068928488E-01, -4.60000000000000E-01, -2.84818721078589E+01,  2.05570000000005E+02,  1.78830668291359E+02,  2.13559855556361E+02
 1.97525000000000E+03, -1.09682592192116E-01, -5.22500000000000E-01, -2.84495977488892E+01,  2.05750000000005E+02,  2.54614316384006E+02,  3.12127796848394E+02
 1.97533333300000E+03, -9.90447480388397E-02, -5.62500000000000E-01, -2.84175192523494E+01,  2.05930000000005E+02,  2.50766302938214E+02,  3.26697930754545E+02
 1.97541666700000E+03, -8.72373692445596E-02, -4.45000000000000E-01, -2.83856371101484E+01,  2.06110000000005E+02,  2.28540534182929E+02,  2.40129249680198E+02
 1.97550000000000E+03, -6.74429186281692E-02, -2.77500000000000E-01, -2.83539517750077E+01,  2.06290000000005E+02,  4.01055319951607E+02,  4.99554793259813E+02
 1.97558333300000E+03, -8.09288456701033E-02, -2.10000000000000E-01, -2.83224636605255E+01,  2.06470000000005E+02,  3.51768192556353E+02,  5.04581554748132E+02
 1.97566666700000E+03, -1.38742948884191E-01, -2.42500000000000E-01, -1.91758520196370E+01,  2.06650000000005E+02,  2.74827981824807E+02,  4.46993023981777E+02
 1.97575000000000E+03, -1.63799806906368E-01, -3.12500000000000E-01, -1.91844758146848E+01,  2.06830000000005E+02,  2.79796309904467E+02,  4.02614536478786E+02
 1.97583333300000E+03, -1.53325000910031E-01, -3.35000000000000E-01, -1.91935230851853E+01,  2.07010000000005E+02,  2.33406281805489E+02,  4.73170560949374E+02
 1.97591666700000E+03, -1.51477139593561E-01, -3.02500000000000E-01, -1.92029945195170E+01,  2.07190000000005E+02,  9.04699104975828E+01,  2.30663188325040E+02
 1.97600000000000E+03, -1.60804368398106E-01, -3.35000000000000E-01, -1.92128907624068E+01,  2.07370000000005E+02,  1.16466158363692E+02,  2.75702206116925E+02
 1.97608333300000E+03, -1.76162635231961E-01, -5.17500000000000E-01, -1.92232124147479E+01,  2.07550000000005E+02,  1.21087209328721E+02,  2.13913004411711E+02
 1.97616666700000E+03, -1.91323832067443E-01, -6.90000000000000E-01, -1.92339600334240E+01,  2.07730000000005E+02,  1.15314049779207E+02,  2.31748736529254E+02
 1.97625000000000E+03, -2.05323093708443E-01, -7.30000000000000E-01, -1.92451341311396E+01,  2.07910000000005E+02,  9.33149753153067E+01,  1.82285605575853E+02
 1.97633333300000E+03, -2.21893855831347E-01, -7.07500000000000E-01, -1.92567351762547E+01,  2.08090000000005E+02,  9.68412633924528E+01,  3.30394705954331E+02
 1.97641666700000E+03, -2.42765985223236E-01, -5.85000000000000E-01, -1.92687635926266E+01,  2.08270000000005E+02,  8.64724555464520E+01,  3.15141415997274E+02
 1.97650000000000E+03, -2.62248972788390E-01, -3.15000000000000E-01, -1.92812197594568E+01,  2.08450000000005E+02,  8.19223267828221E+01,  3.16068126796810E+02
 1.97658333300000E+03, -2.33685289195202E-01, -2.25000000000000E-02, -1.92941040111433E+01,  2.08630000000005E+02,  6.24228858132853E+01,  3.37302203045298E+02
 1.97666666700000E+03, -1.58234926327225E-01,  1.32500000000000E-01, -2.35742199491545E+01,  2.08810000000005E+02,  7.46470455934779E+01,  3.42411342334985E+02
 1.97675000000000E+03, -1.27535345067491E-01,  1.35000000000000E-01, -2.36276640448565E+01,  2.08990000000005E+02,  3.69353504291543E+01,  1.89535501579156E+02
 1.97683333300000E+03, -1.54733666493258E-01, -1.25000000000000E-02, -2.36812579527650E+01,  2.09170000000005E+02,  4.96690569106696E+01,  2.92560302691361E+02
 1.97691666700000E+03, -1.90786785722746E-01, -1.82500000000000E-01, -2.37349972670058E+01,  2.09350000000005E+02,  4.45366616976379E+01,  3.00821497258536E+02
 1.97700000000000E+03, -2.06525948055538E-01, -2.07500000000000E-01, -2.37888775623018E+01,  2.09530000000005E+02,  9.27117077885490E+01,  4.34462452813604E+02
 1.97708333300000E+03, -1.85782148796500E-01, -1.75000000000000E-01, -2.38428943944663E+01,  2.09710000000005E+02,  1.09314786306421E+02,  3.89738701775638E+02
 1.97716666700000E+03, -1.46768218902810E-01, -1.32500000000000E-01, -2.38970433008969E+01,  2.09890000000005E+02,  1.46992400431104E+02,  4.89209466238586E+02
 1.97725000000000E+03, -1.29693162499713E-01, -9.00000000000000E-02, -2.39513198010730E+01,  2.10070000000005E+02,  1.77805759905460E+02,  3.37717828489847E+02
 1.97733333300000E+03, -1.60388907159355E-01, -4.50000000000000E-02, -2.40057193970553E+01,  2.10250000000005E+02,  1.82586550501394E+02,  3.05529942872435E+02
 1.97741666700000E+03, -2.24927429179171E-01, -2.75000000000000E-02, -2.40602375739884E+01,  2.10430000000005E+02,  1.40561776695766E+02,  1.71846572719094E+02
 1.97750000000000E+03, -2.80425792989739E-01, -1.27500000000000E-01, -2.41148698006042E+01,  2.10610000000005E+02,  1.54766053689495E+02,  2.07632980748653E+02
 1.97758333300000E+03, -1.74607803525463E-01, -2.35000000000000E-01, -2.41696115297296E+01,  2.10790000000005E+02,  1.32158582735549E+02,  1.00010092175512E+02
 1.97766666700000E+03,  8.15031479493953E-02, -2.50000000000000E-01, -2.64114727804762E+01,  2.10970000000005E+02,  9.70608985115706E+01,  1.00379696312891E+02
 1.97775000000000E+03,  2.16117881045805E-01, -2.45000000000000E-01, -2.63940473292541E+01,  2.11150000000005E+02,  9.38498406247762E+01,  1.00020879304890E+02
 1.97783333300000E+03,  2.16374327635017E-01, -2.27500000000000E-01, -2.63767371682076E+01,  2.11330000000005E+02,  1.18489726767900E+02,  9.94992518577134E+01
 1.97791666700000E+03,  2.03527908177995E-01, -1.12500000000000E-01, -2.63595402184264E+01,  2.11510000000006E+02,  7.71325284723357E+01,  8.38030443697464E+01
 1.97800000000000E+03,  1.84051873925080E-01,  6.75000000000000E-02, -2.63424543854515E+01,  2.11690000000006E+02,  1.10432844083826E+02,  1.56412813905619E+02
 1.97808333300000E+03,  1.67285017089907E-01,  1.90000000000000E-01, -2.63254775597168E+01,  2.11870000000006E+02,  8.63282655353217E+01,  1.63507806868064E+02
 1.97816666700000E+03,  1.54349636203878E-01,  2.40000000000000E-01, -2.63086076169915E+01,  2.12050000000006E+02,  1.00318262262530E+02,  1.62903775187413E+02
 1.97825000000000E+03,  1.36157328781935E-01,  2.12500000000000E-01, -2.62918424188257E+01,  2.12230000000006E+02,  8.12890609046978E+01,  1.23310178827746E+02
 1.97833333300000E+03,  1.03053524359044E-01,  7.00000000000000E-02, -2.62751798129971E+01,  2.12410000000006E+02,  9.77789452271825E+01,  1.10241072586945E+02
 1.97841666700000E+03,  5.64121173780529E-02, -1.32500000000000E-01, -2.62586176339600E+01,  2.12590000000006E+02,  6.46685160502486E+01,  5.58227010214742E+01
 1.97850000000000E+03,  1.00644078545218E-02, -2.82500000000000E-01, -2.62421537032965E+01,  2.12770000000006E+02,  9.03370177394591E+01,  8.72270121687558E+01
 1.97858333300000E+03, -6.25152611334515E-03, -3.00000000000000E-01, -2.62257858301678E+01,  2.12950000000006E+02,  7.94033327529286E+01,  1.28953321619239E+02
 1.97866666700000E+03,  2.79575030973190E-02, -1.67500000000000E-01, -2.75557281056920E+01,  2.13130000000006E+02,  7.84528142314704E+01,  1.34370023942535E+02
 1.97875000000000E+03,  8.42623424739264E-02, -1.00000000000000E-02, -2.75133941238904E+01,  2.13310000000006E+02,  6.30032377170279E+01,  1.64232468267774E+02
 1.97883333300000E+03,  1.17655884459554E-01, -2.25000000000000E-02, -2.74710312944322E+01,  2.13490000000006E+02,  5.50189669070289E+01,  1.61933841924073E+02
 1.97891666700000E+03,  1.11536718843792E-01, -5.00000000000000E-02, -2.74286431434215E+01,  2.13670000000006E+02,  4.06216740924874E+01,  1.28041436369093E+02
 1.97900000000000E+03,  7.76726556852974E-02,  1.07500000000000E-01, -2.73862331807214E+01,  2.13850000000006E+02,  6.33342386377779E+01,  1.35082287468715E+02
 1.97908333300000E+03,  4.29751806272105E-02,  2.20000000000000E-01, -2.73438048995278E+01,  2.14030000000006E+02,  1.08748599091998E+02,  1.76912802397886E+02
 1.97916666700000E+03,  2.96628376636349E-02,  2.17500000000000E-01, -2.73013617759474E+01,  2.14210000000006E+02,  1.34535494611910E+02,  1.45441071141170E+02
 1.97925000000000E+03,  3.90655080223492E-02,  2.70000000000000E-01, -2.72589072685775E+01,  2.14390000000006E+02,  1.44775268288419E+02,  2.06905309244410E+02
 1.97933333300000E+03,  5.18009996673094E-02,  3.52500000000000E-01, -2.72164448180903E+01,  2.14570000000006E+02,  1.48393697911575E+02,  2.18743071453031E+02
 1.97941666700000E+03,  4.37027775272966E-02,  3.67500000000000E-01, -2.71739778468189E+01,  2.14750000000006E+02,  1.29648498582782E+02,  1.91840560692605E+02
 1.97950000000000E+03,  4.25598416151530E-03,  2.65000000000000E-01, -2.71315097583480E+01,  2.14930000000006E+02,  7.23871707884822E+01,  1.65721772350058E+02
 1.97958333300000E+03,  5.78276109090413E-03,  1.35000000000000E-01, -2.70890439371071E+01,  2.15110000000006E+02,  4.37891158969279E+01,  1.63340958580983E+02
 1.97966666700000E+03,  8.22635595519499E-02,  9.50000000000000E-02, -3.13758126445629E+01,  2.15290000000006E+02,  4.12743716167072E+01,  1.33051123964453E+02
 1.97975000000000E+03,  1.30168555597342E-01,  1.02500000000000E-01, -3.13872275428143E+01,  2.15470000000006E+02,  3.31899351957213E+01,  1.41888421977694E+02
 1.97983333300000E+03,  1.22948615179694E-01,  1.45000000000000E-01, -3.13981637521803E+01,  2.15650000000006E+02,  5.04995178189757E+01,  1.32226146056821E+02
 1.97991666700000E+03,  9.65327194429886E-02,  2.57500000000000E-01, -3.14086210285356E+01,  2.15830000000006E+02,  8.50067159828730E+01,  1.34758583401934E+02
 1.98000000000000E+03,  5.27579871474273E-02,  3.67500000000000E-01, -3.14185991756267E+01,  2.16010000000006E+02,  1.33186333501399E+02,  1.99074670998795E+02
 1.98008333300000E+03,  4.11690881299172E-03,  3.47500000000000E-01, -3.14280980450290E+01,  2.16190000000006E+02,  1.95386600494045E+02,  2.15335026708245E+02
 1.98016666700000E+03, -3.69554103599818E-02,  3.27500000000000E-01, -3.14371175360978E+01,  2.16370000000006E+02,  1.90962594790184E+02,  2.29450194074503E+02
 1.98025000000000E+03, -6.77612825740940E-02,  5.00000000000000E-01, -3.14456575959140E+01,  2.16550000000006E+02,  1.77385284544253E+02,  2.22833845841940E+02
 1.98033333300000E+03, -9.54354025447854E-02,  6.12500000000000E-01, -3.14537182192229E+01,  2.16730000000006E+02,  1.43910107178048E+02,  2.32429971220400E+02
 1.98041666700000E+03, -1.27987621862151E-01,  4.60000000000000E-01, -3.14612994483677E+01,  2.16910000000006E+02,  1.02714688213098E+02,  1.60925502592470E+02
 1.98050000000000E+03, -1.65213642161482E-01,  2.85000000000000E-01, -3.14684013732167E+01,  2.17090000000006E+02,  1.05144971061774E+02,  1.80760826430325E+02
 1.98058333300000E+03, -9.13765384242187E-02,  2.45000000000000E-01, -3.14750241310845E+01,  2.17270000000006E+02,  1.64550890640364E+02,  1.81431290124369E+02
 1.98066666700000E+03,  9.72514264570477E-02,  1.90000000000000E-01, -1.48797099243310E+01,  2.17450000000006E+02,  1.95177728428395E+02,  2.27843333148924E+02
 1.98075000000000E+03,  1.80044273729409E-01,  8.50000000000000E-02, -1.48606715409426E+01,  2.17630000000006E+02,  2.33057545008803E+02,  2.04373711691785E+02
 1.98083333300000E+03,  1.50011310833766E-01,  2.25000000000000E-02, -1.48418817771796E+01,  2.17810000000006E+02,  2.29223525297614E+02,  2.03983488008720E+02
 1.98091666700000E+03,  1.08840733254239E-01,  6.50000000000000E-02, -1.48233436383221E+01,  2.17990000000006E+02,  1.83947265191529E+02,  2.21121568240299E+02
 1.98100000000000E+03,  5.62810251574558E-02,  1.70000000000000E-01, -1.48050601154171E+01,  2.18170000000006E+02,  1.26090862602627E+02,  1.89991705497609E+02
 1.98108333300000E+03,  5.35273705687041E-04,  2.97500000000000E-01, -1.47870341848309E+01,  2.18350000000006E+02,  1.43208091280749E+02,  1.92783904561431E+02
 1.98116666700000E+03, -4.91846161933835E-02,  4.25000000000000E-01, -1.47692688078020E+01,  2.18530000000006E+02,  2.39631978475918E+02,  3.80612328979604E+02
 1.98125000000000E+03, -8.99309428942920E-02,  4.10000000000000E-01, -1.47517669299954E+01,  2.18710000000006E+02,  2.99231898568841E+02,  4.34633597612905E+02
 1.98133333300000E+03, -1.25101288473450E-01,  3.10000000000000E-01, -1.47345314810592E+01,  2.18890000000006E+02,  2.88544633008815E+02,  3.43843578094089E+02
 1.98141666700000E+03, -1.57852890151391E-01,  2.17500000000000E-01, -1.47175653741821E+01,  2.19070000000006E+02,  3.15101676766479E+02,  3.70260403696380E+02
 1.98150000000000E+03, -1.85229453338771E-01,  1.42500000000000E-01, -1.47008715056523E+01,  2.19250000000006E+02,  2.64035563957135E+02,  3.21579839893836E+02
 1.98158333300000E+03, -1.62464794172379E-01,  1.17500000000000E-01, -1.46844527544189E+01,  2.19430000000006E+02,  1.75879254690565E+02,  2.10331732133808E+02
 1.98166666700000E+03, -6.58040870907132E-02,  1.02500000000000E-01, -2.59170194017315E+01,  2.19610000000006E+02,  1.18373108443561E+02,  1.59192425663859E+02
 1.98175000000000E+03,  3.92880355385897E-02,  8.75000000000000E-02, -2.58759849209861E+01,  2.19790000000006E+02,  1.40714383918227E+02,  1.78184135298280E+02
 1.98183333300000E+03,  1.10552752090636E-01,  1.42500000000000E-01, -2.58350432733049E+01,  2.19970000000006E+02,  1.86527400707057E+02,  1.52401742558118E+02
 1.98191666700000E+03,  1.53463047829678E-01,  2.15000000000000E-01, -2.57941970704202E+01,  2.20150000000006E+02,  2.92014151974735E+02,  2.49041952900057E+02
 1.98200000000000E+03,  1.76682772437599E-01,  1.45000000000000E-01, -2.57534488939777E+01,  2.20330000000006E+02,  2.69408711792105E+02,  1.95697234917143E+02
 1.98208333300000E+03,  1.98893849944139E-01, -5.00000000000000E-03, -2.57128012952665E+01,  2.20510000000006E+02,  2.67143250717923E+02,  2.00125740880288E+02
 1.98216666700000E+03,  2.32585376637479E-01, -9.25000000000000E-02, -2.56722567949539E+01,  2.20690000000006E+02,  2.29428129075095E+02,  1.91903548975228E+02
 1.98225000000000E+03,  2.73533975897382E-01, -1.05000000000000E-01, -2.56318178828253E+01,  2.20870000000006E+02,  1.56451634131387E+02,  2.00287862167022E+02
 1.98233333300000E+03,  3.04675081667334E-01, -9.25000000000000E-02, -2.55914870175290E+01,  2.21050000000006E+02,  4.48828326503772E+01,  1.78302885943535E+02
 1.98241666700000E+03,  3.11088190381231E-01, -1.50000000000000E-01, -2.55512666263253E+01,  2.21230000000006E+02,  7.69034199754792E+01,  1.76954192665300E+02
 1.98250000000000E+03,  2.93369399978425E-01, -2.47500000000000E-01, -2.55111591048416E+01,  2.21410000000006E+02,  9.18815861899986E+01,  1.74655570294898E+02
 1.98258333300000E+03,  1.68646010515897E-01, -2.87500000000000E-01, -2.54711668168316E+01,  2.21590000000006E+02,  1.24603205240066E+02,  1.50990723244092E+02
 1.98266666700000E+03, -3.04752057501850E-02, -3.00000000000000E-01, -1.43901232787866E+01,  2.21770000000006E+02,  1.40753577241280E+02,  2.32795335232071E+02
 1.98275000000000E+03, -8.97933340583841E-02, -3.55000000000000E-01, -1.43810800269604E+01,  2.21950000000006E+02,  1.53940579471949E+02,  1.53836465917087E+02
 1.98283333300000E+03, -3.99320795869932E-02, -4.40000000000000E-01, -1.43723767281483E+01,  2.22130000000006E+02,  1.00420545788948E+02,  1.31854454273228E+02
 1.98291666700000E+03, -8.21452846575970E-03, -4.55000000000000E-01, -1.43640156665163E+01,  2.22310000000006E+02,  1.27463812730108E+02,  1.75799633400415E+02
 1.98300000000000E+03,  5.56526373359400E-03, -3.10000000000000E-01, -1.43559990979349E+01,  2.22490000000006E+02,  1.50874158670540E+02,  2.75365163293529E+02
 1.98308333300000E+03,  1.11047495301095E-02,  1.00000000000000E-02, -1.43483292496106E+01,  2.22670000000006E+02,  1.88288869100474E+02,  2.31534152035206E+02
 1.98316666700000E+03,  1.78437417275213E-02,  3.27500000000000E-01, -1.43410083197215E+01,  2.22850000000006E+02,  2.60525584935210E+02,  2.83772607723272E+02
 1.98325000000000E+03,  2.67817769512760E-02,  3.77500000000000E-01, -1.43340384770553E+01,  2.23030000000006E+02,  3.89949887525151E+02,  2.90965342927608E+02
 1.98333333300000E+03,  3.13449780617227E-02,  2.85000000000000E-01, -1.43274218606517E+01,  2.23210000000006E+02,  4.15779223657454E+02,  2.59333453719035E+02
 1.98341666700000E+03,  2.60662380237787E-02,  2.75000000000000E-01, -1.43211605794476E+01,  2.23390000000006E+02,  3.84511729632221E+02,  2.23749335231445E+02
 1.98350000000000E+03,  1.42989348294451E-02,  2.05000000000000E-01, -1.43152567119264E+01,  2.23570000000006E+02,  3.52297246077895E+02,  1.84182165246509E+02
 1.98358333300000E+03,  3.47068371625264E-02,  1.75000000000000E-02, -1.43097123057702E+01,  2.23750000000006E+02,  2.75674562588907E+02,  1.37734544295480E+02
 1.98366666700000E+03,  9.49121151749759E-02, -1.25000000000000E-01, -2.14849446190735E+01,  2.23930000000006E+02,  1.71056132285111E+02,  1.66574870897709E+02
 1.98375000000000E+03,  1.35468853632989E-01, -1.07500000000000E-01, -2.14684525946511E+01,  2.24110000000006E+02,  1.04200794120181E+02,  1.54872959946671E+02
 1.98383333300000E+03,  1.44258405388850E-01,  4.50000000000000E-02, -2.14520596803509E+01,  2.24290000000006E+02,  9.49214939917046E+01,  1.43308865800519E+02
 1.98391666700000E+03,  1.37521132423660E-01,  1.15000000000000E-01, -2.14357638040601E+01,  2.24470000000006E+02,  8.56520396658729E+01,  1.70843392031247E+02
 1.98400000000000E+03,  1.12200385378342E-01, -1.75000000000000E-02, -2.14195628816320E+01,  2.24650000000006E+02,  1.03702031699697E+02,  2.21009780681523E+02
 1.98408333300000E+03,  7.46233580255092E-02, -1.37500000000000E-01, -2.14034548173060E+01,  2.24830000000006E+02,  7.82959614870088E+01,  1.77508068376695E+02
 1.98416666700000E+03,  3.31727036236486E-02, -1.47500000000000E-01, -2.13874375041287E+01,  2.25010000000006E+02,  8.27898529646979E+01,  1.79364185726208E+02
 1.98425000000000E+03, -8.99351037274479E-03, -1.60000000000000E-01, -2.13715088243771E+01,  2.25190000000006E+02,  7.14478702121364E+01,  1.46292934100186E+02
 1.98433333300000E+03, -5.41371415874985E-02, -2.20000000000000E-01, -2.13556666499822E+01,  2.25370000000006E+02,  5.95996341201811E+01,  1.07427852367225E+02
 1.98441666700000E+03, -1.03549203589068E-01, -3.12500000000000E-01, -2.13399088429548E+01,  2.25550000000006E+02,  7.20308498207220E+01,  1.26422283249072E+02
 1.98450000000000E+03, -1.51920865331349E-01, -3.37500000000000E-01, -2.13242332558120E+01,  2.25730000000006E+02,  7.48234000492230E+01,  1.44786897797538E+02
 1.98458333300000E+03, -7.70791900239899E-02, -2.87500000000000E-01, -2.13086377320053E+01,  2.25910000000006E+02,  9.67083272094758E+01,  1.57874552384785E+02
 1.98466666700000E+03,  1.23296005121940E-01, -3.12500000000000E-01, -1.48763751774821E+01,  2.26090000000006E+02,  1.03788509754806E+02,  1.75110734067319E+02
 1.98475000000000E+03,  2.15828550367988E-01, -4.20000000000000E-01, -1.48578885572930E+01,  2.26270000000006E+02,  1.91938050158755E+02,  2.23856540771260E+02
 1.98483333300000E+03,  1.90664285663601E-01, -4.77500000000000E-01, -1.48392910227873E+01,  2.26450000000006E+02,  2.37367656369709E+02,  2.47738723746077E+02
 1.98491666700000E+03,  1.53087288580579E-01, -4.72500000000000E-01, -1.48205818545165E+01,  2.26630000000006E+02,  2.35979801832403E+02,  2.62018968219102E+02
 1.98500000000000E+03,  1.02634863519417E-01, -4.32500000000000E-01, -1.48017603619066E+01,  2.26810000000006E+02,  2.20038780243086E+02,  3.18343191269471E+02
 1.98508333300000E+03,  4.75387958640239E-02, -4.47500000000000E-01, -1.47828258834350E+01,  2.26990000000006E+02,  2.46374804064365E+02,  3.67751043453769E+02
 1.98516666700000E+03, -2.81831868469300E-03, -5.65000000000000E-01, -1.47637777868023E+01,  2.27170000000006E+02,  1.55204464414893E+02,  3.20134113359846E+02
 1.98525000000000E+03, -4.52858736401699E-02, -6.55000000000000E-01, -1.47446154691014E+01,  2.27350000000006E+02,  8.66361095574126E+01,  2.59578441660643E+02
 1.98533333300000E+03, -8.31155023909554E-02, -5.87500000000000E-01, -1.47253383569806E+01,  2.27530000000006E+02,  8.83331352782363E+01,  2.48122619764678E+02
 1.98541666700000E+03, -1.19418424135350E-01, -3.37500000000000E-01, -1.47059459068025E+01,  2.27710000000006E+02,  1.05498070973061E+02,  2.60017501670481E+02
 1.98550000000000E+03, -1.51275980197676E-01, -1.20000000000000E-01, -1.46864376047995E+01,  2.27890000000006E+02,  1.26197876177514E+02,  1.95772181476986E+02
 1.98558333300000E+03, -1.87281521887461E-01, -9.25000000000000E-02, -1.46668129672234E+01,  2.28070000000006E+02,  2.33756486541088E+02,  2.01225863043633E+02
 1.98566666700000E+03, -2.02718873130180E-01, -1.35000000000000E-01, -1.70318914632267E+01,  2.28250000000006E+02,  2.15715769592561E+02,  1.69407950110459E+02
 1.98575000000000E+03, -1.45994152694418E-01, -1.30000000000000E-01, -1.70031359476463E+01,  2.28430000000006E+02,  2.21792887125708E+02,  2.98341393053801E+02
 1.98583333300000E+03, -4.42732743465104E-02, -1.37500000000000E-01, -1.69743734227401E+01,  2.28610000000006E+02,  2.46525497174061E+02,  4.18429615663282E+02
 1.98591666700000E+03,  5.12656895973792E-02, -3.00000000000000E-01, -1.69456065005107E+01,  2.28790000000006E+02,  3.46270427632736E+02,  4.44586549559819E+02
 1.98600000000000E+03,  1.28137389221573E-01, -5.30000000000000E-01, -1.69168378146384E+01,  2.28970000000006E+02,  2.47983268647941E+02,  4.31882242429476E+02
 1.98608333300000E+03,  1.83888244311502E-01, -6.22500000000000E-01, -1.68880700201390E+01,  2.29150000000006E+02,  2.52118104191104E+02,  4.77966854499868E+02
 1.98616666700000E+03,  2.20625127088026E-01, -6.22500000000000E-01, -1.68593057930186E+01,  2.29330000000006E+02,  2.64263184337119E+02,  3.42023161779884E+02
 1.98625000000000E+03,  2.38785359035430E-01, -6.07500000000000E-01, -1.68305478299240E+01,  2.29510000000006E+02,  2.36521103193360E+02,  2.17117544746717E+02
 1.98633333300000E+03,  2.36908660663209E-01, -5.77500000000000E-01, -1.68017988477902E+01,  2.29690000000006E+02,  7.19719957734484E+01,  1.89171636374988E+02
 1.98641666700000E+03,  2.16977768619797E-01, -5.25000000000000E-01, -1.67730615834841E+01,  2.29870000000006E+02,  1.22748178961315E+02,  2.27143647834822E+02
 1.98650000000000E+03,  1.88360753500036E-01, -4.40000000000000E-01, -1.67443387934447E+01,  2.30050000000006E+02,  1.23516277681635E+02,  2.96911213598858E+02
 1.98658333300000E+03,  1.21943700429440E-01, -2.90000000000000E-01, -1.67156332533203E+01,  2.30230000000006E+02,  1.03279361483929E+02,  3.11970811769960E+02
 1.98666666700000E+03,  3.03735518158947E-02, -1.32500000000000E-01, -2.48472417804062E+01,  2.30410000000006E+02,  1.17666164539591E+02,  4.49693188225937E+02
 1.98675000000000E+03,  4.57408592910722E-04, -2.40000000000000E-01, -2.48863016432467E+01,  2.30590000000006E+02,  1.88627140400272E+02,  5.73371740965607E+02
 1.98683333300000E+03,  1.67704377852804E-02, -5.22500000000000E-01, -2.49250086948649E+01,  2.30770000000006E+02,  1.58745734016138E+02,  5.58288143573181E+02
 1.98691666700000E+03,  2.27160641174460E-02, -5.75000000000000E-01, -2.49633599247310E+01,  2.30950000000006E+02,  1.71390790102314E+02,  5.00680326739472E+02
 1.98700000000000E+03,  2.17018651254271E-02, -3.75000000000000E-01, -2.50013523580663E+01,  2.31130000000006E+02,  1.71689397163365E+02,  4.78758268355794E+02
 1.98708333300000E+03,  2.95794286515895E-02, -1.10000000000000E-01, -2.50389830561484E+01,  2.31310000000006E+02,  1.52523431413414E+02,  2.69460487346948E+02
 1.98716666700000E+03,  6.10565637736110E-02,  1.50000000000000E-01, -2.50762491166124E+01,  2.31490000000006E+02,  8.31411277873135E+01,  1.33483919009088E+02
 1.98725000000000E+03,  1.17618944045487E-01,  3.12500000000000E-01, -2.51131476737473E+01,  2.31670000000006E+02,  1.00059810443727E+02,  2.48430369553120E+02
 1.98733333300000E+03,  1.86540017596896E-01,  4.22500000000000E-01, -2.51496758987879E+01,  2.31850000000006E+02,  9.28838986885728E+01,  2.53201249590176E+02
 1.98741666700000E+03,  2.50739907567018E-01,  5.22500000000000E-01, -2.51858310002021E+01,  2.32030000000006E+02,  1.06939024572629E+02,  2.59248658462657E+02
 1.98750000000000E+03,  3.00251868411883E-01,  5.35000000000000E-01, -2.52216102239734E+01,  2.32210000000006E+02,  1.29280989069088E+02,  2.69644023549951E+02
 1.98758333300000E+03,  2.32868097310420E-01,  5.00000000000000E-01, -2.52570108538791E+01,  2.32390000000006E+02,  2.02325429182087E+02,  4.89325724490633E+02
 1.98766666700000E+03,  6.26108027385799E-02,  4.52500000000000E-01, -2.01431961750369E+01,  2.32570000000006E+02,  1.62913190417243E+02,  3.98337448065934E+02
 1.98775000000000E+03,  7.35452627009957E-03,  4.15000000000000E-01, -2.01056242038202E+01,  2.32750000000006E+02,  1.83219800590158E+02,  3.63180156026644E+02
 1.98783333300000E+03,  5.56747027040497E-02,  4.22500000000000E-01, -2.00681944878332E+01,  2.32930000000006E+02,  2.13826239007444E+02,  3.71697853179627E+02
 1.98791666700000E+03,  9.02604184155309E-02,  3.87500000000000E-01, -2.00309087713833E+01,  2.33110000000006E+02,  2.17546345750530E+02,  4.09116433544313E+02
 1.98800000000000E+03,  1.15784543245835E-01,  2.00000000000000E-01, -1.99937687657002E+01,  2.33290000000006E+02,  1.50008715074462E+02,  1.96099499420984E+02
 1.98808333300000E+03,  1.48603315004532E-01,  9.50000000000000E-02, -1.99567761488008E+01,  2.33470000000006E+02,  1.46569676967441E+02,  1.69948783279592E+02
 1.98816666700000E+03,  2.01757629800282E-01,  2.25000000000000E-01, -1.99199325653588E+01,  2.33650000000006E+02,  1.71812228306405E+02,  1.64953873397494E+02
 1.98825000000000E+03,  2.72550286478127E-01,  3.30000000000000E-01, -1.98832396265786E+01,  2.33830000000006E+02,  1.35356685884816E+02,  2.95301735139807E+02
 1.98833333300000E+03,  3.42496876817952E-01,  3.25000000000000E-01, -1.98466989100752E+01,  2.34010000000006E+02,  9.35556238421657E+01,  2.39846901008253E+02
 1.98841666700000E+03,  3.89149560106806E-01,  3.10000000000000E-01, -1.98103119597583E+01,  2.34190000000006E+02,  1.48975159290760E+02,  2.44373587809781E+02
 1.98850000000000E+03,  3.99829558175582E-01,  2.27500000000000E-01, -1.97740802857218E+01,  2.34370000000006E+02,  2.25223587116584E+02,  4.61803414367741E+02
 1.98858333300000E+03,  3.33985206805603E-01,  9.75000000000000E-02, -1.97380053641380E+01,  2.34550000000006E+02,  1.71646883878080E+02,  4.28210054812525E+02
 1.98866666700000E+03,  2.22449733477062E-01, -1.25000000000000E-02, -6.99576657888797E+00,  2.34730000000006E+02,  1.79870917387065E+02,  2.90277312569737E+02
 1.98875000000000E+03,  1.81224173515850E-01, -1.42500000000000E-01, -6.98019297208420E+00,  2.34910000000006E+02,  1.72034158628843E+02,  2.99086853870963E+02
 1.98883333300000E+03,  1.92703375955482E-01, -2.22500000000000E-01, -6.96470635348263E+00,  2.35090000000006E+02,  1.08930883093523E+02,  3.20671123709213E+02
 1.98891666700000E+03,  1.88234010390813E-01, -2.77500000000000E-01, -6.94930490425743E+00,  2.35270000000006E+02,  3.66670309613687E+01,  1.20915317775477E+02
 1.98900000000000E+03,  1.66479268543705E-01, -3.87500000000000E-01, -6.93398679619833E+00,  2.35450000000006E+02,  7.27060973698478E+01,  2.32774283224670E+02
 1.98908333300000E+03,  1.35982138883340E-01, -5.10000000000000E-01, -6.91875019204495E+00,  2.35630000000006E+02,  6.11101524892384E+01,  2.17452874014017E+02
 1.98916666700000E+03,  1.06234374602516E-01, -6.72500000000000E-01, -6.90359324582214E+00,  2.35810000000006E+02,  6.80156386733917E+01,  2.21776290216149E+02
 1.98925000000000E+03,  7.93460317883024E-02, -7.75000000000000E-01, -6.88851410317639E+00,  2.35990000000006E+02,  7.38940110962475E+01,  2.39800014406520E+02
 1.98933333300000E+03,  4.99055064845738E-02, -5.95000000000000E-01, -6.87351090171313E+00,  2.36170000000006E+02,  1.09405265173119E+02,  2.32124919219070E+02
 1.98941666700000E+03,  1.25170747626667E-02, -1.87500000000000E-01, -6.85858177133503E+00,  2.36350000000006E+02,  8.98699817712438E+01,  1.38969363812934E+02
 1.98950000000000E+03, -3.08844452986187E-02,  1.80000000000000E-01, -6.84372483458110E+00,  2.36530000000006E+02,  9.94776109686300E+01,  1.79696901680517E+02
 1.98958333300000E+03, -3.00894279203470E-02,  2.72500000000000E-01, -6.82893820696663E+00,  2.36710000000006E+02,  9.55580960790204E+01,  2.01596613565020E+02
 1.98966666700000E+03,  3.28066482165504E-02,  1.57500000000000E-01, -4.63949678368637E+00,  2.36890000000006E+02,  1.17695811697059E+02,  2.04053360381345E+02
 1.98975000000000E+03,  8.36814077791659E-02,  6.50000000000000E-02, -4.63720968227075E+00,  2.37070000000006E+02,  1.23703531248431E+02,  2.02833122934017E+02
 1.98983333300000E+03,  1.01440908110603E-01,  6.50000000000000E-02, -4.63527734909624E+00,  2.37250000000006E+02,  1.18247167739959E+02,  2.16855179618941E+02
 1.98991666700000E+03,  1.05985245677909E-01,  8.00000000000000E-02, -4.63370133287643E+00,  2.37430000000006E+02,  1.02070702161478E+02,  1.76381655975145E+02
 1.99000000000000E+03,  9.47624000124223E-02, -1.00000000000000E-02, -4.63248315181154E+00,  2.37610000000006E+02,  1.66880835948957E+02,  2.45507756310937E+02
 1.99008333300000E+03,  7.44454341536025E-02, -8.00000000000000E-02, -4.63162429333343E+00,  2.37790000000007E+02,  1.43545118845018E+02,  2.32173551905800E+02
 1.99016666700000E+03,  5.35369567852586E-02, -3.00000000000000E-02, -4.63112621385410E+00,  2.37970000000007E+02,  1.08930830563977E+02,  2.02029718177127E+02
 1.99025000000000E+03,  3.50470750140248E-02,  5.25000000000000E-02, -4.63099033851779E+00,  2.38150000000007E+02,  1.56125051798463E+02,  2.56887863474025E+02
 1.99033333300000E+03,  1.62844702733618E-02,  7.50000000000000E-02, -4.63121806095653E+00,  2.38330000000007E+02,  1.65700485553211E+02,  2.92880138813463E+02
 1.99041666700000E+03, -4.73776755287045E-03,  3.75000000000000E-02, -4.63181074304947E+00,  2.38510000000007E+02,  1.04006716501320E+02,  1.84962678351083E+02
 1.99050000000000E+03, -2.36319852961940E-02,  1.00000000000000E-01, -4.63276971468570E+00,  2.38690000000007E+02,  1.57114623340772E+02,  1.67184777921440E+02
 1.99058333300000E+03,  4.55189897569404E-02,  2.65000000000000E-01, -4.63409627353084E+00,  2.38870000000007E+02,  1.86663923815286E+02,  2.19597089235502E+02
 1.99066666700000E+03,  2.06364944178396E-01,  3.77500000000000E-01, -1.68281873626553E+01,  2.39050000000007E+02,  1.41274670622283E+02,  1.97483845987543E+02
 1.99075000000000E+03,  2.97391717753734E-01,  3.87500000000000E-01, -1.68421147566047E+01,  2.39230000000007E+02,  1.51272341708081E+02,  1.99448526712073E+02
 1.99083333300000E+03,  3.05257636732128E-01,  3.10000000000000E-01, -1.68556085657743E+01,  2.39410000000007E+02,  1.52865531316633E+02,  2.11752702846795E+02
 1.99091666700000E+03,  2.96055676461493E-01,  1.32500000000000E-01, -1.68686682991558E+01,  2.39590000000007E+02,  1.06148964612126E+02,  2.81202960333765E+02
 1.99100000000000E+03,  2.67762254250111E-01, -5.50000000000000E-02, -1.68812935055978E+01,  2.39770000000007E+02,  1.00881671667880E+02,  2.72491704879188E+02
 1.99108333300000E+03,  2.27656048935263E-01, -1.45000000000000E-01, -1.68934837738041E+01,  2.39950000000007E+02,  9.80418918935255E+01,  2.50665437732720E+02
 1.99116666700000E+03,  1.84863881545317E-01, -2.35000000000000E-01, -1.69052387323273E+01,  2.40130000000007E+02,  7.78697653107389E+01,  2.25090356086833E+02
 1.99125000000000E+03,  1.42988820391874E-01, -3.55000000000000E-01, -1.69165580495577E+01,  2.40310000000007E+02,  9.86464082882066E+01,  2.36555969327294E+02
 1.99133333300000E+03,  9.98640187774507E-02, -4.15000000000000E-01, -1.69274414337081E+01,  2.40490000000007E+02,  8.77247263071471E+01,  2.35663868139012E+02
 1.99141666700000E+03,  5.39356277412124E-02, -4.17500000000000E-01, -1.69378886327934E+01,  2.40670000000007E+02,  5.34124796969078E+01,  2.08807777303166E+02
 1.99150000000000E+03,  9.92416093683838E-03, -3.75000000000000E-01, -1.69478994346058E+01,  2.40850000000007E+02,  4.49450497677249E+01,  1.75069485224881E+02
 1.99158333300000E+03, -3.73593423449166E-02, -2.77500000000000E-01, -1.69574736666861E+01,  2.41030000000007E+02,  7.19759439346902E+01,  1.98313139378753E+02
 1.99166666700000E+03, -8.00831663336307E-02, -1.70000000000000E-01, -1.70064842036183E+01,  2.41210000000007E+02,  1.44340175238895E+02,  3.71488675666039E+02
 1.99175000000000E+03, -9.16395930325527E-02, -1.27500000000000E-01, -1.70129529531509E+01,  2.41390000000007E+02,  1.76537332098187E+02,  3.27454277464194E+02
 1.99183333300000E+03, -8.68184535624376E-02, -1.47500000000000E-01, -1.70189851974204E+01,  2.41570000000007E+02,  1.98228773542159E+02,  3.35240175266124E+02
 1.99191666700000E+03, -9.39044292548776E-02, -1.27500000000000E-01, -1.70245811239484E+01,  2.41750000000007E+02,  2.49208322557577E+02,  3.40603384048838E+02
 1.99200000000000E+03, -1.15461291285175E-01, -3.50000000000000E-02, -1.70297409594543E+01,  2.41930000000007E+02,  2.22413781131053E+02,  3.32765114851738E+02
 1.99208333300000E+03, -1.44860162074097E-01, -2.50000000000000E-02, -1.70344649697753E+01,  2.42110000000007E+02,  1.27926862377768E+02,  1.63654928425772E+02
 1.99216666700000E+03, -1.73687019760085E-01, -1.52500000000000E-01, -1.70387534597830E+01,  2.42290000000007E+02,  9.74477870607849E+01,  1.84683616891505E+02
 1.99225000000000E+03, -1.99070578409951E-01, -2.35000000000000E-01, -1.70426067732946E+01,  2.42470000000007E+02,  8.02494627683134E+01,  1.93684878686479E+02
 1.99233333300000E+03, -2.23890061558741E-01, -1.90000000000000E-01, -1.70460252929804E+01,  2.42650000000007E+02,  6.16315117925458E+01,  1.96220393810379E+02
 1.99241666700000E+03, -2.50361335714159E-01, -1.02500000000000E-01, -1.70490094402663E+01,  2.42830000000007E+02,  1.58511164309222E+02,  3.19441972758666E+02
 1.99250000000000E+03, -2.74352745919618E-01, -9.00000000000000E-02, -1.70515596752323E+01,  2.43010000000007E+02,  1.82362880661376E+02,  3.04471248019465E+02
 1.99258333300000E+03, -2.34972122605930E-01, -1.70000000000000E-01, -1.70536764965067E+01,  2.43190000000007E+02,  1.83071688297981E+02,  3.49457505590317E+02
 1.99266666700000E+03, -1.29604659919317E-01, -1.77500000000000E-01, -9.85987307504494E+00,  2.43370000000007E+02,  2.86031969345972E+02,  4.02306258960199E+02
 1.99275000000000E+03, -7.05862085904500E-02, -1.57500000000000E-01, -9.82384514040442E+00,  2.43550000000007E+02,  2.72507636811569E+02,  4.20177392027653E+02
 1.99283333300000E+03, -6.92953056023843E-02, -2.22500000000000E-01, -9.78766382136581E+00,  2.43730000000007E+02,  1.79623428673300E+02,  2.77513664834622E+02
 1.99291666700000E+03, -8.12968549918112E-02, -2.52500000000000E-01, -9.75133226888061E+00,  2.43910000000007E+02,  1.98371006685131E+02,  3.27207634710681E+02
 1.99300000000000E+03, -1.02877057967829E-01, -2.45000000000000E-01, -9.71485363551210E+00,  2.44090000000007E+02,  2.06639426108608E+02,  2.10375983752986E+02
 1.99308333300000E+03, -1.18942688976485E-01, -2.45000000000000E-01, -9.67823107507185E+00,  2.44270000000007E+02,  1.05624322044474E+02,  1.23352229261976E+02
 1.99316666700000E+03, -1.15858162200317E-01, -1.95000000000000E-01, -9.64146774225674E+00,  2.44450000000007E+02,  1.03685014619882E+02,  1.43803117948373E+02
 1.99325000000000E+03, -9.30566744280321E-02, -1.02500000000000E-01, -9.60456679228629E+00,  2.44630000000007E+02,  1.95252290234660E+02,  3.33266749983931E+02
 1.99333333300000E+03, -6.39370199699977E-02, -2.00000000000000E-02, -9.56753138054063E+00,  2.44810000000007E+02,  1.77768116710758E+02,  2.88998335692631E+02
 1.99341666700000E+03, -4.58072684312399E-02, -1.75000000000000E-02, -9.53036466219887E+00,  2.44990000000007E+02,  1.90344001423424E+02,  3.05969413666250E+02
 1.99350000000000E+03, -4.77054615862266E-02, -9.50000000000000E-02, -9.49306979187817E+00,  2.45170000000007E+02,  1.86639076867824E+02,  3.15096644271965E+02
 1.99358333300000E+03, -2.75750397037920E-02, -1.27500000000000E-01, -9.45564992327336E+00,  2.45350000000007E+02,  1.81173599866202E+02,  2.94732184036004E+02
 1.99366666700000E+03,  4.62749397204795E-02, -1.20000000000000E-01, -7.83735679291288E+00,  2.45530000000007E+02,  1.01400675526216E+02,  1.57431157337462E+02
 1.99375000000000E+03,  1.11578249793982E-01, -1.80000000000000E-01, -7.88775164378108E+00,  2.45710000000007E+02,  9.21247185164967E+01,  2.04904717007343E+02
 1.99383333300000E+03,  1.23156064376803E-01, -3.05000000000000E-01, -7.93801365955492E+00,  2.45890000000007E+02,  8.91944557979544E+01,  2.56268419589855E+02
 1.99391666700000E+03,  9.95339319573925E-02, -4.37500000000000E-01, -7.98813903480093E+00,  2.46070000000007E+02,  1.41003002157986E+02,  3.75922610942128E+02
 1.99400000000000E+03,  7.23914732078223E-02, -5.50000000000000E-01, -8.03812397540279E+00,  2.46250000000007E+02,  3.10747853171105E+02,  5.17566367192266E+02
 1.99408333300000E+03,  6.91108766475177E-02, -6.02500000000000E-01, -8.08796469894008E+00,  2.46430000000007E+02,  3.01034817732245E+02,  4.76674668689980E+02
 1.99416666700000E+03,  8.99715497603063E-02, -5.67500000000000E-01, -8.13765743506574E+00,  2.46610000000007E+02,  3.67898590287461E+02,  4.78734249203408E+02
 1.99425000000000E+03,  1.08838975043005E-01, -5.05000000000000E-01, -8.18719842588221E+00,  2.46790000000007E+02,  4.04791035771282E+02,  4.78879393377384E+02
 1.99433333300000E+03,  9.65838320024636E-02, -4.72500000000000E-01, -8.23658392631600E+00,  2.46970000000007E+02,  3.65091112094979E+02,  4.13898462655331E+02
 1.99441666700000E+03,  4.66904927477586E-02, -4.37500000000000E-01, -8.28581020449107E+00,  2.47150000000007E+02,  1.84522590442253E+02,  3.06943666839359E+02
 1.99450000000000E+03, -1.91456015502511E-02, -3.75000000000000E-01, -8.33487354210051E+00,  2.47330000000007E+02,  1.85247286527421E+02,  3.13217583834470E+02
 1.99458333300000E+03, -8.46510579671023E-02, -3.02500000000000E-01, -8.38377023477687E+00,  2.47510000000007E+02,  1.19827349590182E+02,  3.11856634753140E+02
 1.99466666700000E+03, -1.16311304385487E-01, -2.12500000000000E-01, -2.57942670399162E+00,  2.47690000000007E+02,  1.00327734010030E+02,  2.92448123673965E+02
 1.99475000000000E+03, -7.66427140877638E-02, -1.07500000000000E-01, -2.56154417952515E+00,  2.47870000000007E+02,  8.61122875738558E+01,  2.46019043067001E+02
 1.99483333300000E+03, -5.57613902129789E-03, -6.75000000000000E-02, -2.54378458047052E+00,  2.48050000000007E+02,  1.13194205237977E+02,  1.84894965086511E+02
 1.99491666700000E+03,  5.27496109631644E-02, -8.50000000000000E-02, -2.52614648008328E+00,  2.48230000000007E+02,  1.80211867278603E+02,  1.91766747678416E+02
 1.99500000000000E+03,  1.02232045114121E-01, -6.75000000000000E-02, -2.50862843570531E+00,  2.48410000000007E+02,  2.44713262096832E+02,  2.91558784968290E+02
 1.99508333300000E+03,  1.51962922007896E-01, -4.50000000000000E-02, -2.49122898903776E+00,  2.48590000000007E+02,  3.06280598440903E+02,  4.27801183858698E+02
 1.99516666700000E+03,  2.05322089613459E-01, -7.50000000000000E-03, -2.47394666641587E+00,  2.48770000000007E+02,  3.43115495711751E+02,  4.21425455505237E+02
 1.99525000000000E+03,  2.55291707634978E-01,  1.17500000000000E-01, -2.45677997908572E+00,  2.48950000000007E+02,  3.22777266173446E+02,  4.34258253329444E+02
 1.99533333300000E+03,  2.90760568145587E-01,  2.97500000000000E-01, -2.43972742348274E+00,  2.49130000000007E+02,  2.49268526994836E+02,  4.29106748420742E+02
 1.99541666700000E+03,  3.07919102757393E-01,  4.60000000000000E-01, -2.42278748151207E+00,  2.49310000000007E+02,  1.80438146374781E+02,  2.66381746544965E+02
 1.99550000000000E+03,  3.15537739734897E-01,  5.57500000000000E-01, -2.40595862083064E+00,  2.49490000000007E+02,  1.08824114378030E+02,  9.37998846174766E+01
 1.99558333300000E+03,  2.28529106378167E-01,  5.40000000000000E-01, -2.38923929513103E+00,  2.49670000000007E+02,  1.12718507046864E+02,  8.03464206100986E+01
 1.99566666700000E+03,  5.28893637360962E-02,  4.40000000000000E-01,  1.90874855259713E-02,  2.49850000000007E+02,  2.33595275876510E+02,  1.99316573653525E+02
 1.99575000000000E+03, -1.68743412195207E-02,  4.12500000000000E-01,  7.66243274244904E-03,  2.50030000000007E+02,  2.32222747886846E+02,  1.90658625846596E+02
 1.99583333300000E+03,  1.17815277010817E-02,  4.65000000000000E-01, -4.14039777245678E-03,  2.50210000000007E+02,  2.15151891056916E+02,  1.97098271874721E+02
 1.99591666700000E+03,  3.11774985765655E-02,  5.47500000000000E-01, -1.63212734248184E-02,  2.50390000000007E+02,  2.05801527612197E+02,  2.18393755147407E+02
 1.99600000000000E+03,  3.85457386291493E-02,  5.87500000000000E-01, -2.88804265539340E-02,  2.50570000000007E+02,  1.69542638315760E+02,  2.48738697747061E+02
 1.99608333300000E+03,  4.01163484442336E-02,  4.40000000000000E-01, -4.18180543340867E-02,  2.50750000000007E+02,  6.05779356248072E+01,  1.87362830970052E+02
 1.99616666700000E+03,  4.37381887610438E-02,  2.87500000000000E-01, -5.51343186803490E-02,  2.50930000000007E+02,  1.21222852178359E+02,  2.45040093996537E+02
 1.99625000000000E+03,  5.15861806748226E-02,  3.00000000000000E-01, -6.88293461584197E-02,  2.51110000000007E+02,  1.23278463323704E+02,  3.15689640759704E+02
 1.99633333300000E+03,  5.99943273298996E-02,  3.02500000000000E-01, -8.29032278985569E-02,  2.51290000000007E+02,  1.21071911254530E+02,  2.89089117502189E+02
 1.99641666700000E+03,  6.59161963235585E-02,  2.10000000000000E-01, -9.73560195135335E-02,  2.51470000000007E+02,  1.20414911165556E+02,  2.84917272158284E+02
 1.99650000000000E+03,  7.26626215281705E-02,  9.75000000000000E-02, -1.12187741020710E-01,  2.51650000000007E+02,  1.25630543477717E+02,  2.49823503508496E+02
 1.99658333300000E+03,  1.55621488906625E-03,  5.25000000000000E-02, -1.27398376768228E-01,  2.51830000000007E+02,  9.39947972933550E+01,  1.90715359070470E+02
 1.99666666700000E+03, -1.46366361542536E-01,  8.75000000000000E-02, -1.22375723965968E+01,  2.52010000000007E+02,  1.11472388910602E+02,  1.44671166882304E+02
 1.99675000000000E+03, -2.05334450929908E-01,  8.50000000000000E-02, -1.22378922040688E+01,  2.52190000000007E+02,  1.10069486312129E+02,  1.44988871187094E+02
 1.99683333300000E+03, -1.82324660840021E-01,  7.00000000000000E-02, -1.22377953145763E+01,  2.52370000000007E+02,  1.03955754069712E+02,  1.77853721200324E+02
 1.99691666700000E+03, -1.70881889778568E-01,  1.55000000000000E-01, -1.22372824265292E+01,  2.52550000000007E+02,  1.10280625129898E+02,  1.79610349981267E+02
 1.99700000000000E+03, -1.73448305097224E-01,  2.75000000000000E-01, -1.22363542736685E+01,  2.52730000000007E+02,  1.48403768963059E+02,  2.26359977017847E+02
 1.99708333300000E+03, -1.83314980420524E-01,  2.85000000000000E-01, -1.22350116249364E+01,  2.52910000000007E+02,  1.31198241572064E+02,  2.09964175965892E+02
 1.99716666700000E+03, -1.92031378913862E-01,  2.27500000000000E-01, -1.22332552843414E+01,  2.53090000000007E+02,  1.67723132018736E+02,  2.89282380649114E+02
 1.99725000000000E+03, -1.96732012617326E-01,  2.80000000000000E-01, -1.22310860908213E+01,  2.53270000000007E+02,  3.66592853265167E+02,  5.04502292940548E+02
 1.99733333300000E+03, -2.00339767580997E-01,  4.17500000000000E-01, -1.22285049181009E+01,  2.53450000000007E+02,  3.44536957453666E+02,  4.61308695898468E+02
 1.99741666700000E+03, -2.05144018349794E-01,  4.62500000000000E-01, -1.22255126745467E+01,  2.53630000000007E+02,  2.84426829056105E+02,  4.42178374106068E+02
 1.99750000000000E+03, -2.07104445142376E-01,  3.45000000000000E-01, -1.22221103030177E+01,  2.53810000000007E+02,  2.79655169201199E+02,  4.31644790210466E+02
 1.99758333300000E+03, -1.85002129934811E-01,  2.30000000000000E-01, -1.22182987807123E+01,  2.53990000000007E+02,  2.74619085502331E+02,  3.82874760780125E+02
 1.99766666700000E+03, -1.25159351008328E-01,  3.17500000000000E-01,  2.93477329300634E+00,  2.54170000000007E+02,  1.02141403853121E+02,  1.28421513191555E+02
 1.99775000000000E+03, -4.69412253737246E-02,  5.05000000000000E-01,  2.96121599054460E+00,  2.54350000000007E+02,  1.29431846119711E+02,  3.09485590294509E+02
 1.99783333300000E+03,  3.06487855776234E-02,  5.47500000000000E-01,  2.98760508650875E+00,  2.54530000000007E+02,  1.63405404393111E+02,  3.32391376371918E+02
 1.99791666700000E+03,  9.69174871038419E-02,  4.72500000000000E-01,  3.01393807330719E+00,  2.54710000000007E+02,  2.08643536961753E+02,  3.56888753636610E+02
 1.99800000000000E+03,  1.43650001788236E-01,  5.17500000000000E-01,  3.04021243356001E+00,  2.54890000000007E+02,  1.76804797478310E+02,  4.50209647232538E+02
 1.99808333300000E+03,  1.74058853354047E-01,  6.80000000000000E-01,  3.06642564040165E+00,  2.55070000000007E+02,  2.53181981672053E+02,  5.42794411796893E+02
 1.99816666700000E+03,  1.95834726738760E-01,  7.15000000000000E-01,  3.09257515778534E+00,  2.55250000000007E+02,  2.56843296092185E+02,  3.78909522277915E+02
 1.99825000000000E+03,  2.13589131880029E-01,  6.30000000000000E-01,  3.11865844078897E+00,  2.55430000000007E+02,  2.45974647852881E+02,  3.52312971222219E+02
 1.99833333300000E+03,  2.27824589835900E-01,  6.07500000000000E-01,  3.14467293592269E+00,  2.55610000000007E+02,  2.06436310073123E+02,  3.34423724450166E+02
 1.99841666700000E+03,  2.40173691344381E-01,  6.17500000000000E-01,  3.17061608143786E+00,  2.55790000000007E+02,  2.63897259585514E+02,  3.59687856756584E+02
 1.99850000000000E+03,  2.57872995220828E-01,  6.12500000000000E-01,  3.19648530763756E+00,  2.55970000000007E+02,  2.33064092316394E+02,  3.97231891577646E+02
 1.99858333300000E+03,  2.16894389088006E-01,  6.02500000000000E-01,  3.22227803718857E+00,  2.56150000000007E+02,  2.26539772316608E+02,  4.54157779129616E+02
 1.99866666700000E+03,  1.10052119487124E-01,  5.45000000000000E-01, -5.69660433596924E+00,  2.56330000000007E+02,  2.67185909676333E+02,  5.77389616898149E+02
 1.99875000000000E+03,  7.22522515114525E-02,  4.80000000000000E-01, -5.72847188000078E+00,  2.56510000000007E+02,  2.83461269849961E+02,  6.07746568249537E+02
 1.99883333300000E+03,  1.11813247417032E-01,  4.10000000000000E-01, -5.76012493502406E+00,  2.56690000000007E+02,  2.15719662943858E+02,  4.66425432511079E+02
 1.99891666700000E+03,  1.60559761404727E-01,  2.27500000000000E-01, -5.79156060921491E+00,  2.56870000000007E+02,  1.44288240763903E+02,  3.34573831067396E+02
 1.99900000000000E+03,  2.14480031329724E-01, -2.75000000000000E-02, -5.82277602078381E+00,  2.57050000000007E+02,  1.48370314172582E+02,  2.69962990652578E+02
 1.99908333300000E+03,  2.74076593963117E-01, -1.82500000000000E-01, -5.85376829831102E+00,  2.57230000000007E+02,  9.65241148056458E+01,  1.59762594642072E+02
 1.99916666700000E+03,  3.38378084416685E-01, -1.97500000000000E-01, -5.88453458108079E+00,  2.57410000000007E+02,  8.14148258321367E+01,  1.40726774467624E+02
 1.99925000000000E+03,  4.00150775252768E-01, -9.50000000000000E-02, -5.91507201941482E+00,  2.57590000000007E+02,  7.64288601528201E+01,  1.21367632421987E+02
 1.99933333300000E+03,  4.48442618376111E-01,  6.00000000000000E-02, -5.94537777500479E+00,  2.57770000000007E+02,  1.17808006643947E+02,  1.86605727885396E+02
 1.99941666700000E+03,  4.77028090681950E-01,  1.45000000000000E-01, -5.97544902124397E+00,  2.57950000000007E+02,  1.23133418086768E+02,  2.63319746313708E+02
 1.99950000000000E+03,  4.90771895881788E-01,  2.07500000000000E-01, -6.00528294355794E+00,  2.58130000000007E+02,  1.17926701385992E+02,  2.84089537802473E+02
 1.99958333300000E+03,  3.65080433632087E-01,  3.07500000000000E-01, -6.03487673973421E+00,  2.58310000000007E+02,  1.73086676896241E+02,  3.62753544128492E+02
 1.99966666700000E+03,  1.22075224636486E-01,  3.37500000000000E-01, -2.54806626163755E+00,  2.58490000000007E+02,  2.01808107843227E+02,  4.21821842141089E+02
 1.99975000000000E+03,  5.04865230433725E-02,  2.52500000000000E-01, -2.53039892406939E+00,  2.58670000000007E+02,  1.97866658480210E+02,  3.50210414496505E+02
 1.99983333300000E+03,  1.32797500577160E-01,  1.95000000000000E-01, -2.51285199267526E+00,  2.58850000000007E+02,  1.65387922060152E+02,  2.61505262541288E+02
 1.99991666700000E+03,  2.09971145603442E-01,  1.22500000000000E-01, -2.49542401291188E+00,  2.59030000000007E+02,  1.74074315479851E+02,  2.74384001069454E+02
 2.00000000000000E+03,  2.76989333595948E-01, -4.75000000000000E-02, -2.47811351480347E+00,  2.59210000000007E+02,  1.35455063851409E+02,  1.69126402236756E+02
 2.00008333300000E+03,  3.36730714641608E-01, -8.00000000000000E-02, -2.46091901321802E+00,  2.59390000000007E+02,  1.85199068665492E+02,  2.21317943174379E+02
 2.00016666700000E+03,  3.93092769037055E-01,  2.50000000000000E-03, -2.44383900814538E+00,  2.59570000000007E+02,  2.11588364712500E+02,  5.59413434038457E+02
 2.00025000000000E+03,  4.44500257032700E-01, -5.00000000000000E-03, -2.42687198497717E+00,  2.59750000000007E+02,  2.01603134526664E+02,  6.00907175937500E+02
 2.00033333300000E+03,  4.84580583928054E-01, -7.25000000000000E-02, -2.41001641478849E+00,  2.59930000000007E+02,  1.79905232511013E+02,  5.63341502252168E+02
 2.00041666700000E+03,  5.09237198596139E-01, -9.25000000000000E-02, -2.39327075462127E+00,  2.60110000000007E+02,  2.71937404975273E+02,  6.82106154290590E+02
 2.00050000000000E+03,  5.22580736246138E-01,  2.50000000000000E-03, -2.37663344776943E+00,  2.60290000000007E+02,  2.02754913904672E+02,  6.09248114479565E+02
 2.00058333300000E+03,  4.09224904627077E-01,  8.25000000000000E-02, -2.36010292406560E+00,  2.60470000000007E+02,  1.46653269348799E+02,  3.01798962253250E+02
 2.00066666700000E+03,  2.14643669176060E-01,  4.75000000000000E-02, -7.32950372726778E+00,  2.60650000000007E+02,  1.43223870048152E+02,  2.67304220014604E+02
 2.00075000000000E+03,  2.22509054584335E-01, -2.50000000000000E-02, -7.28989614876440E+00,  2.60830000000007E+02,  1.82603074272689E+02,  2.69972212479559E+02
 2.00083333300000E+03,  3.72280566984739E-01, -1.07500000000000E-01, -7.25032844311434E+00,  2.61010000000007E+02,  7.34153972620362E+01,  1.52682138378270E+02
 2.00091666700000E+03,  4.74367688877705E-01, -1.57500000000000E-01, -7.21080315381925E+00,  2.61190000000007E+02,  7.18377005830190E+01,  1.72647534608906E+02
 2.00100000000000E+03,  5.20396067819217E-01, -1.50000000000000E-01, -7.17132280499784E+00,  2.61370000000007E+02,  8.43531022065114E+01,  1.35981130586447E+02
 2.00108333300000E+03,  5.23489685649980E-01, -7.00000000000000E-02, -7.13188990113361E+00,  2.61550000000007E+02,  8.79661393020214E+01,  1.63752982793259E+02
 2.00116666700000E+03,  5.04459182903748E-01,  5.00000000000000E-02, -7.09250692682524E+00,  2.61730000000007E+02,  7.99656929169558E+01,  2.25210516500880E+02
 2.00125000000000E+03,  4.76297927852192E-01,  7.75000000000000E-02, -7.05317634654002E+00,  2.61910000000007E+02,  1.36197475999827E+02,  2.50813183976415E+02
 2.00133333300000E+03,  4.38764721994520E-01,  1.02500000000000E-01, -7.01390060437021E+00,  2.62090000000007E+02,  1.30911418531834E+02,  3.31182615552287E+02
 2.00141666700000E+03,  3.85347908951373E-01,  2.10000000000000E-01, -6.97468212379231E+00,  2.62270000000007E+02,  1.32560213471092E+02,  3.29127697679794E+02
 2.00150000000000E+03,  3.14590930294789E-01,  2.95000000000000E-01, -6.93552330742931E+00,  2.62450000000007E+02,  1.31299335860526E+02,  3.17363759717291E+02
 2.00158333300000E+03,  3.07790384854359E-01,  3.72500000000000E-01, -6.89642653681604E+00,  2.62630000000007E+02,  1.09137832524706E+02,  2.10835588173669E+02
 2.00166666700000E+03,  3.89362649987742E-01,  4.60000000000000E-01,  2.42570486643077E+00,  2.62810000000007E+02,  8.49331944206069E+01,  2.26563632916483E+02
 2.00175000000000E+03,  4.18068760634985E-01,  5.22500000000000E-01,  2.38450047849844E+00,  2.62990000000007E+02,  8.97777204715359E+01,  1.40675695548897E+02
 2.00183333300000E+03,  3.54577889554519E-01,  5.95000000000000E-01,  2.34303958360774E+00,  2.63170000000007E+02,  1.09171030825371E+02,  1.85010942449299E+02
 2.00191666700000E+03,  2.54258817760884E-01,  6.80000000000000E-01,  2.30132480167438E+00,  2.63350000000007E+02,  1.14001869411415E+02,  1.79043107989331E+02
 2.00200000000000E+03,  1.42402385606053E-01,  6.87500000000000E-01,  2.25935877874698E+00,  2.63530000000007E+02,  1.20309461871022E+02,  1.92339672213897E+02
 2.00208333300000E+03,  5.11998203314945E-02,  5.52500000000000E-01,  2.21714418677304E+00,  2.63710000000007E+02,  9.55393422525696E+01,  3.54639105844874E+02
 2.00216666700000E+03,  5.37496666795475E-04,  3.12500000000000E-01,  2.17468372336189E+00,  2.63890000000007E+02,  1.01165487575928E+02,  4.78077559563758E+02
 2.00225000000000E+03, -1.30529734719125E-02,  3.50000000000000E-02,  2.13198011154469E+00,  2.64070000000007E+02,  9.30263090214719E+01,  4.36814209881413E+02
 2.00233333300000E+03, -1.00455365314629E-02, -1.32500000000000E-01,  2.08903609953148E+00,  2.64250000000008E+02,  8.73261441308120E+01,  5.37846564383404E+02
 2.00241666700000E+03, -9.01269994316273E-03, -1.27500000000000E-01,  2.04585446046541E+00,  2.64430000000008E+02,  1.08959359007475E+02,  5.95118145507270E+02
 2.00250000000000E+03, -1.07606551567443E-02, -7.50000000000000E-02,  2.00243799217402E+00,  2.64610000000008E+02,  1.72631720984277E+02,  4.32296245224071E+02
 2.00258333300000E+03,  9.42902464039423E-02, -2.25000000000000E-02,  1.95878951691775E+00,  2.64790000000008E+02,  1.66473539447393E+02,  2.81659848022865E+02
 2.00266666700000E+03,  3.13619816996253E-01,  1.12500000000000E-01,  3.76601851409191E+00,  2.64970000000008E+02,  1.32398532433189E+02,  3.14242400335226E+02
 2.00275000000000E+03,  4.44786432885353E-01,  2.52500000000000E-01,  3.75177211497624E+00,  2.65150000000008E+02,  2.11066925502718E+02,  3.16979403695234E+02
 2.00283333300000E+03,  4.70151121898825E-01,  2.50000000000000E-01,  3.73758063362463E+00,  2.65330000000008E+02,  2.03472284410387E+02,  3.90006304317820E+02
 2.00291666700000E+03,  4.76820543363019E-01,  2.22500000000000E-01,  3.72344259571610E+00,  2.65510000000008E+02,  1.28103789626027E+02,  3.80708728034617E+02
 2.00300000000000E+03,  4.69163429435008E-01,  1.85000000000000E-01,  3.70935651263794E+00,  2.65690000000008E+02,  1.60546294861909E+02,  3.56945346575297E+02
 2.00308333300000E+03,  4.59447610413231E-01,  7.75000000000000E-02,  3.69532088175041E+00,  2.65870000000008E+02,  1.94880740832509E+02,  3.63587996101941E+02
 2.00316666700000E+03,  4.57786457611681E-01,  2.00000000000000E-02,  3.68133418665333E+00,  2.66050000000008E+02,  1.30621639339826E+02,  2.48213189466763E+02
 2.00325000000000E+03,  4.64422367437395E-01,  2.50000000000000E-02,  3.66739489745451E+00,  2.66230000000008E+02,  1.18232584916408E+02,  9.37992309991213E+01
 2.00333333300000E+03,  4.71637009894196E-01,  8.50000000000000E-02,  3.65350147104005E+00,  2.66410000000008E+02,  1.44823028812970E+02,  1.26090171355108E+02
 2.00341666700000E+03,  4.73436632188073E-01,  2.15000000000000E-01,  3.63965235134645E+00,  2.66590000000008E+02,  1.42382524999406E+02,  2.70808726119518E+02
 2.00350000000000E+03,  4.73515188813547E-01,  3.82500000000000E-01,  3.62584596963440E+00,  2.66770000000008E+02,  1.07067343038449E+02,  2.59919896351825E+02
 2.00358333300000E+03,  4.22174519350034E-01,  5.50000000000000E-01,  3.61208074476440E+00,  2.66950000000008E+02,  1.19594139613480E+02,  2.98967866021972E+02
 2.00366666700000E+03,  3.26441727502066E-01,  6.77500000000000E-01,  4.99984831212008E+00,  2.67130000000008E+02,  1.16606583886797E+02,  3.94133326053338E+02
 2.00375000000000E+03,  3.03034444576833E-01,  6.85000000000000E-01,  4.99716738674633E+00,  2.67310000000008E+02,  9.95392359909159E+01,  3.67784224016210E+02
 2.00383333300000E+03,  3.38964212372086E-01,  5.62500000000000E-01,  4.99413623206455E+00,  2.67490000000008E+02,  1.19546621289635E+02,  3.05389476004317E+02
 2.00391666700000E+03,  3.61687289640270E-01,  4.90000000000000E-01,  4.99075384552367E+00,  2.67670000000008E+02,  1.17208115006909E+02,  3.05911510015497E+02
 2.00400000000000E+03,  3.68341018955700E-01,  5.00000000000000E-01,  4.98701925423330E+00,  2.67850000000008E+02,  1.01397068880343E+02,  3.26492563902643E+02
 2.00408333300000E+03,  3.65270573634181E-01,  4.70000000000000E-01,  4.98293151513699E+00,  2.68030000000008E+02,  8.65546298649341E+01,  2.44452754211051E+02
 2.00416666700000E+03,  3.60636915805224E-01,  4.22500000000000E-01,  4.97848971518227E+00,  2.68210000000008E+02,  1.03063259825107E+02,  2.16149111172205E+02
 2.00425000000000E+03,  3.57101482003961E-01,  3.62500000000000E-01,  4.97369297148743E+00,  2.68390000000008E+02,  6.21892097553664E+01,  1.90480668241659E+02
 2.00433333300000E+03,  3.51626828077483E-01,  2.67500000000000E-01,  4.96854043150497E+00,  2.68570000000008E+02,  6.32691986865492E+01,  1.77703194558320E+02
 2.00441666700000E+03,  3.41894222130947E-01,  2.92500000000000E-01,  4.96303127318182E+00,  2.68750000000008E+02,  5.78062342405498E+01,  1.23480502124638E+02
 2.00450000000000E+03,  3.31986972251356E-01,  4.67500000000000E-01,  4.95716470511607E+00,  2.68930000000008E+02,  6.74810897824174E+01,  1.43917629531365E+02
 2.00458333300000E+03,  3.51337283019012E-01,  6.02500000000000E-01,  4.95093996671054E+00,  2.69110000000008E+02,  4.01843824749324E+01,  1.41458781847620E+02
 2.00466666700000E+03,  4.21290711523587E-01,  6.20000000000000E-01, -1.08501945986316E+00,  2.69290000000008E+02,  4.82067850962975E+01,  1.86404023885212E+02
 2.00475000000000E+03,  5.08182979165858E-01,  6.15000000000000E-01, -1.11579741410799E+00,  2.69470000000008E+02,  5.05006068670563E+01,  1.65301792306837E+02
 2.00483333300000E+03,  5.75218799782288E-01,  6.02500000000000E-01, -1.14691883312169E+00,  2.69650000000008E+02,  4.79037879401361E+01,  1.73476327476379E+02
 2.00491666700000E+03,  6.11148898100340E-01,  5.37500000000000E-01, -1.17838210751441E+00,  2.69830000000008E+02,  5.65288203862497E+01,  1.43318061523295E+02
 2.00500000000000E+03,  6.16419650637133E-01,  4.57500000000000E-01, -1.21018559328163E+00,  2.70010000000008E+02,  8.85655899315630E+01,  2.40536495527208E+02
 2.00508333300000E+03,  6.04971043338145E-01,  4.75000000000000E-01, -1.24232761192400E+00,  2.70190000000008E+02,  1.18161328579101E+02,  2.35682116005607E+02
 2.00516666700000E+03,  5.94008799564492E-01,  6.37500000000000E-01, -1.27480645057139E+00,  2.70370000000008E+02,  1.39889655139573E+02,  2.93520532918366E+02
 2.00525000000000E+03,  5.93144831511546E-01,  8.27500000000000E-01, -1.30762036211084E+00,  2.70550000000008E+02,  1.34366790178052E+02,  2.84772429840259E+02
 2.00533333300000E+03,  6.01293092448754E-01,  9.37500000000000E-01, -1.34076756531862E+00,  2.70730000000008E+02,  1.38093028353413E+02,  2.92431449694536E+02
 2.00541666700000E+03,  6.12061439544968E-01,  9.22500000000000E-01, -1.37424624499628E+00,  2.70910000000008E+02,  1.72617797388069E+02,  2.88378923962368E+02
 2.00550000000000E+03,  6.20871436920224E-01,  8.35000000000000E-01, -1.40805455211069E+00,  2.71090000000008E+02,  1.31427261267357E+02,  2.04844151138502E+02
 2.00558333300000E+03,  6.13061280164862E-01,  7.62500000000000E-01, -1.44219060393803E+00,  2.71270000000008E+02,  1.31063105841620E+02,  1.67331294042074E+02
 2.00566666700000E+03,  6.03364308273940E-01,  6.85000000000000E-01, -5.98355900260691E+00,  2.71450000000008E+02,  1.85717526926153E+02,  2.41399635521779E+02
 2.00575000000000E+03,  6.28484323362484E-01,  5.52500000000000E-01, -6.03614083948365E+00,  2.71630000000008E+02,  1.96858240913166E+02,  2.79139568198142E+02
 2.00583333300000E+03,  6.68747021687179E-01,  4.72500000000000E-01, -6.08872989015530E+00,  2.71810000000008E+02,  2.37578477297254E+02,  3.30838284192293E+02
 2.00591666700000E+03,  7.02130812475185E-01,  4.77500000000000E-01, -6.14132220045656E+00,  2.71990000000008E+02,  3.77226951564314E+02,  4.37938366460779E+02
 2.00600000000000E+03,  7.30592976980098E-01,  3.90000000000000E-01, -6.19391381353463E+00,  2.72170000000008E+02,  3.92608685902705E+02,  4.58762259454994E+02
 2.00608333300000E+03,  7.39833041401839E-01,  2.42500000000000E-01, -6.24650077024500E+00,  2.72350000000008E+02,  3.63591270607993E+02,  4.25399940398932E+02
 2.00616666700000E+03,  7.14261117156508E-01,  2.40000000000000E-01, -6.29907910954751E+00,  2.72530000000008E+02,  3.41085267903883E+02,  4.32904926227361E+02
 2.00625000000000E+03,  6.54317726789446E-01,  3.57500000000000E-01, -6.35164486890266E+00,  2.72710000000008E+02,  2.73929634013628E+02,  3.27227228902388E+02
 2.00633333300000E+03,  5.78697843900028E-01,  4.47500000000000E-01, -6.40419408466828E+00,  2.72890000000008E+02,  1.73847318937058E+02,  2.47317210751800E+02
 2.00641666700000E+03,  5.08978464253839E-01,  4.57500000000000E-01, -6.45672279249620E+00,  2.73070000000008E+02,  1.42841970141446E+02,  2.62614999082669E+02
 2.00650000000000E+03,  4.51571875660873E-01,  4.42500000000000E-01, -6.50922702772923E+00,  2.73250000000008E+02,  1.30853928294242E+02,  2.43586901812553E+02
 2.00658333300000E+03,  4.92521282240102E-01,  5.27500000000000E-01, -6.56170282579813E+00,  2.73430000000008E+02,  1.30497689848410E+02,  2.17349126038955E+02
 2.00666666700000E+03,  6.52355689827667E-01,  6.62500000000000E-01,  3.42917575526544E+00,  2.73610000000008E+02,  1.01527124826748E+02,  1.98333442947560E+02
 2.00675000000000E+03,  7.64407286468757E-01,  7.20000000000000E-01,  3.39575480670619E+00,  2.73790000000008E+02,  7.08420915673221E+01,  1.68204035284768E+02
 2.00683333300000E+03,  7.89211606118162E-01,  6.57500000000000E-01,  3.36201744052879E+00,  2.73970000000008E+02,  8.06752594221302E+01,  1.08884125730819E+02
 2.00691666700000E+03,  7.84225557353842E-01,  5.27500000000000E-01,  3.32796549719211E+00,  2.74150000000008E+02,  7.06988536303290E+01,  1.31855241134424E+02
 2.00700000000000E+03,  7.50276803243480E-01,  4.87500000000000E-01,  3.29360084838249E+00,  2.74330000000008E+02,  1.11481268051494E+02,  1.54366629856163E+02
 2.00708333300000E+03,  6.95609339429599E-01,  4.77500000000000E-01,  3.25892539686841E+00,  2.74510000000008E+02,  2.48113576636073E+02,  2.26985258056685E+02
 2.00716666700000E+03,  6.31215721234225E-01,  4.05000000000000E-01,  3.22394107635139E+00,  2.74690000000008E+02,  3.02638377609505E+02,  2.38689753474080E+02
 2.00725000000000E+03,  5.65845249224968E-01,  3.35000000000000E-01,  3.18864985131357E+00,  2.74870000000008E+02,  3.16621668156363E+02,  2.61983317612713E+02
 2.00733333300000E+03,  5.03222817780729E-01,  2.45000000000000E-01,  3.15305371686160E+00,  2.75050000000008E+02,  3.13871283643159E+02,  2.11358695411550E+02
 2.00741666700000E+03,  4.42194950833974E-01,  1.55000000000000E-01,  3.11715469856715E+00,  2.75230000000008E+02,  2.72142727571784E+02,  1.70059370727778E+02
 2.00750000000000E+03,  3.78947579826703E-01,  8.75000000000000E-02,  3.08095485230389E+00,  2.75410000000008E+02,  1.33670211198049E+02,  6.91904918526592E+01
 2.00758333300000E+03,  3.46358772899580E-01,  5.50000000000000E-02,  3.04445626408104E+00,  2.75590000000008E+02,  6.21037818331500E+01,  7.39059696500741E+01
 2.00766666700000E+03,  3.67353970262615E-01,  1.17500000000000E-01,  4.91594920528608E+00,  2.75770000000008E+02,  3.09590787070783E+01,  6.78686826755391E+01
 2.00775000000000E+03,  3.92987207898395E-01,  2.07500000000000E-01,  4.89557668629496E+00,  2.75950000000008E+02,  3.17236308355097E+01,  7.31355864761891E+01
 2.00783333300000E+03,  3.94864011096731E-01,  2.02500000000000E-01,  4.87531361352966E+00,  2.76130000000008E+02,  3.10395670065661E+01,  6.27434692474587E+01
 2.00791666700000E+03,  3.78472335078739E-01,  1.40000000000000E-01,  4.85515995655821E+00,  2.76310000000008E+02,  2.53449625318028E+01,  6.80663396049738E+01
 2.00800000000000E+03,  3.44509590544258E-01,  1.37500000000000E-01,  4.83511565881489E+00,  2.76490000000008E+02,  5.61430385628735E+01,  4.85476988739746E+01
 2.00808333300000E+03,  3.03719655743515E-01,  1.92500000000000E-01,  4.81518063767103E+00,  2.76670000000008E+02,  6.23653168684813E+01,  7.19400604209293E+01
 2.00816666700000E+03,  2.68358064514091E-01,  2.02500000000000E-01,  4.79535478450925E+00,  2.76850000000008E+02,  8.84216865405658E+01,  8.58233365020728E+01
 2.00825000000000E+03,  2.43585850798437E-01,  1.82500000000000E-01,  4.77563796480136E+00,  2.77030000000008E+02,  7.83341589042425E+01,  9.83170676140932E+01
 2.00833333300000E+03,  2.26394898383105E-01,  2.60000000000000E-01,  4.75603001818965E+00,  2.77210000000008E+02,  8.23885344968827E+01,  9.82980675455302E+01
 2.00841666700000E+03,  2.12037356649881E-01,  3.77500000000000E-01,  4.73653075857185E+00,  2.77390000000008E+02,  8.38995319570419E+01,  1.91086701780246E+02
 2.00850000000000E+03,  2.00737482916668E-01,  4.35000000000000E-01,  4.71713997418944E+00,  2.77570000000008E+02,  8.35445014458016E+01,  1.60751173804243E+02
 2.00858333300000E+03,  2.69337687562437E-01,  4.80000000000000E-01,  4.69785742771957E+00,  2.77750000000008E+02,  7.87530831470621E+01,  1.49541352214265E+02
 2.00866666700000E+03,  4.34434697779154E-01,  5.05000000000000E-01, -2.19091953681883E+00,  2.77930000000008E+02,  1.66395448577631E+02,  1.40704674010874E+02
 2.00875000000000E+03,  5.59721258704629E-01,  4.25000000000000E-01, -2.24208522587347E+00,  2.78110000000008E+02,  2.21268204814698E+02,  1.80834171932459E+02
 2.00883333300000E+03,  6.13809920858610E-01,  3.07500000000000E-01, -2.29318288395716E+00,  2.78290000000008E+02,  2.05797770380159E+02,  1.25506586240286E+02
 2.00891666700000E+03,  6.28216056780984E-01,  2.15000000000000E-01, -2.34420876329060E+00,  2.78470000000008E+02,  2.64230911415690E+02,  1.19203831456067E+02
 2.00900000000000E+03,  5.77461993991518E-01,  7.50000000000001E-03, -2.39515912084474E+00,  2.78650000000008E+02,  2.69905187770841E+02,  1.33918702994116E+02
 2.00908333300000E+03,  4.56587924538065E-01, -2.52500000000000E-01, -2.44603021870383E+00,  2.78830000000008E+02,  2.08438990442318E+02,  2.26315687712432E+02
 2.00916666700000E+03,  2.92449148366095E-01, -3.40000000000000E-01, -2.49681832442781E+00,  2.79010000000008E+02,  1.53325566419233E+02,  1.81266912376854E+02
 2.00925000000000E+03,  1.32201150545531E-01, -2.97500000000000E-01, -2.54751971141431E+00,  2.79190000000008E+02,  1.94250066545682E+02,  1.38367211686956E+02
 2.00933333300000E+03,  1.74946261242159E-02, -1.80000000000000E-01, -2.59813065925987E+00,  2.79370000000008E+02,  1.52669056986667E+02,  1.67222335025188E+02
 2.00941666700000E+03, -3.56375850646509E-02,  8.00000000000000E-02, -2.64864745412059E+00,  2.79550000000008E+02,  1.32683071927655E+02,  1.63011229534625E+02
 2.00950000000000E+03, -3.72428097561979E-02,  3.40000000000000E-01, -2.69906638907213E+00,  2.79730000000008E+02,  1.13767707028129E+02,  6.77391760497299E+01
 2.00958333300000E+03,  1.54819495351411E-01,  4.05000000000000E-01, -2.74938376446884E+00,  2.79910000000008E+02,  1.34366288869304E+02,  1.36303087837943E+02
 2.00966666700000E+03,  5.21680088646187E-01,  4.35000000000000E-01,  3.61578480426228E+00,  2.80090000000008E+02,  8.12065175852360E+01,  1.36182164826974E+02
 2.00975000000000E+03,  7.25271680589658E-01,  5.30000000000000E-01,  3.58422435279139E+00,  2.80270000000008E+02,  9.22769155902619E+01,  1.30767987428918E+02
 2.00983333300000E+03,  7.59186202610096E-01,  5.47500000000000E-01,  3.55233747904987E+00,  2.80450000000008E+02,  9.33242617837234E+01,  2.09518081871166E+02
 2.00991666700000E+03,  7.79588437667407E-01,  5.97500000000000E-01,  3.52012584061323E+00,  2.80630000000008E+02,  9.37938305546947E+01,  2.15247846356799E+02
 2.01000000000000E+03,  7.80697248598353E-01,  8.02500000000000E-01,  3.48759112705390E+00,  2.80810000000008E+02,  7.52789639730711E+01,  1.70892910987734E+02
 2.01008333300000E+03,  7.63353826400307E-01,  1.05250000000000E+00,  3.45473505981652E+00,  2.80990000000008E+02,  8.60153822920225E+01,  1.68984257386613E+02
 2.01016666700000E+03,  7.33375643156109E-01,  1.25250000000000E+00,  3.42155939208960E+00,  2.81170000000008E+02,  1.02954639365491E+02,  1.68475974500911E+02
 2.01025000000000E+03,  6.95944324405708E-01,  1.35500000000000E+00,  3.38806590867360E+00,  2.81350000000008E+02,  9.19020526332967E+01,  9.03218246006271E+01
 2.01033333300000E+03,  6.52427061501127E-01,  1.30250000000000E+00,  3.35425642584540E+00,  2.81530000000008E+02,  9.07553171044067E+01,  1.25381766822372E+02
 2.01041666700000E+03,  6.02996466319394E-01,  1.14500000000000E+00,  3.32013279121914E+00,  2.81710000000008E+02,  1.28054360189248E+02,  1.50366178905864E+02
 2.01050000000000E+03,  5.51872534831465E-01,  1.02500000000000E+00,  3.28569688360356E+00,  2.81890000000008E+02,  1.34926515278753E+02,  1.57141527009612E+02
 2.01058333300000E+03,  4.92062646995984E-01,  9.25000000000000E-01,  3.25095061285568E+00,  2.82070000000008E+02,  1.00948888571035E+02,  1.92016215658134E+02
 2.01066666700000E+03,  4.40645001443885E-01,  8.10000000000000E-01,  9.75959647538480E+00,  2.82250000000008E+02,  1.02207767442812E+02,  1.76941517119111E+02
 2.01075000000000E+03,  4.36414005543115E-01,  7.47500000000000E-01,  9.75273374539030E+00,  2.82430000000008E+02,  1.32255478053576E+02,  1.62790194130264E+02
 2.01083333300000E+03,  4.56923439076868E-01,  7.82500000000000E-01,  9.74555985899582E+00,  2.82610000000008E+02,  1.10367240484522E+02,  1.16516678347070E+02
 2.01091666700000E+03,  4.65303996296810E-01,  8.97500000000000E-01,  9.73807668677965E+00,  2.82790000000008E+02,  9.66862172570414E+01,  1.16598203591454E+02
 2.01100000000000E+03,  4.59811225745573E-01,  8.57500000000000E-01,  9.73028612213655E+00,  2.82970000000008E+02,  8.02061080637229E+01,  7.75677735492316E+01
 2.01108333300000E+03,  4.46414370505514E-01,  6.10000000000000E-01,  9.72219008099840E+00,  2.83150000000008E+02,  8.02904260886838E+01,  9.93895432651444E+01
 2.01116666700000E+03,  4.31604363259866E-01,  4.20000000000000E-01,  9.71379050155267E+00,  2.83330000000008E+02,  7.25864152439040E+01,  1.11615137728846E+02
 2.01125000000000E+03,  4.15827611624372E-01,  3.70000000000000E-01,  9.70508934395854E+00,  2.83510000000008E+02,  5.04758973458122E+01,  1.37953707138295E+02
 2.01133333300000E+03,  3.94309044072322E-01,  4.35000000000000E-01,  9.69608859006097E+00,  2.83690000000008E+02,  5.49636173367059E+01,  1.53889504866718E+02
 2.01141666700000E+03,  3.64342244260148E-01,  5.05000000000000E-01,  9.68679024310253E+00,  2.83870000000008E+02,  6.09189395353024E+01,  1.58136746089560E+02
 2.01150000000000E+03,  3.31295884771722E-01,  4.85000000000000E-01,  9.67719632743309E+00,  2.84050000000008E+02,  2.32003569578302E+02,  2.09666224315221E+02
 2.01158333300000E+03,  3.86820000239357E-01,  4.42500000000000E-01,  9.66730888821753E+00,  2.84230000000008E+02,  2.36933588642429E+02,  2.08335399636390E+02
 2.01166666700000E+03,  5.40129626696612E-01,  4.12500000000000E-01, -2.38211041019182E+00,  2.84410000000008E+02,  2.34841170120703E+02,  2.01992480613469E+02
 2.01175000000000E+03,  6.27123473402199E-01,  3.62500000000000E-01, -2.39496520894399E+00,  2.84590000000008E+02,  2.97855703895736E+02,  2.80768098105098E+02
 2.01183333300000E+03,  6.31248678611382E-01,  2.72500000000000E-01, -2.40744042070081E+00,  2.84770000000008E+02,  3.39971358222040E+02,  3.13359485442446E+02
 2.01191666700000E+03,  6.18743175590574E-01,  2.07500000000000E-01, -2.41953435565634E+00,  2.84950000000008E+02,  1.92973278582008E+02,  2.69313774103942E+02
 2.01200000000000E+03,  5.87605143977172E-01,  1.32500000000000E-01, -2.43124535438386E+00,  2.85130000000008E+02,  2.03590117161073E+02,  2.53061095217426E+02
 2.01208333300000E+03,  5.45089548372139E-01, -3.50000000000000E-02, -2.44257178806146E+00,  2.85310000000008E+02,  2.23482037641731E+02,  2.64825716103395E+02
 2.01216666700000E+03,  5.00267651057464E-01, -1.77500000000000E-01, -2.45351205869433E+00,  2.85490000000008E+02,  2.22645476557702E+02,  2.08409232348113E+02
 2.01225000000000E+03,  4.56670203315840E-01, -1.27500000000000E-01, -2.46406459933380E+00,  2.85670000000008E+02,  2.06636116466223E+02,  2.20366263724593E+02
 2.01233333300000E+03,  4.12055675752356E-01,  8.00000000000000E-02, -2.47422787429294E+00,  2.85850000000008E+02,  1.85949376630454E+02,  1.84419695023803E+02
 2.01241666700000E+03,  3.64805299665828E-01,  2.52500000000000E-01, -2.48400037935881E+00,  2.86030000000008E+02,  1.42434710655748E+02,  1.64247785254455E+02
 2.01250000000000E+03,  3.19593349250858E-01,  3.57500000000000E-01, -2.49338064200132E+00,  2.86210000000008E+02,  1.77390133201213E+02,  1.34423266145233E+02
 2.01258333300000E+03,  2.70939181323931E-01,  5.15000000000000E-01, -2.50236722157859E+00,  2.86390000000008E+02,  1.26088770185728E+02,  1.49764031573204E+02
 2.01266666700000E+03,  2.37363973493986E-01,  6.85000000000000E-01,  7.70453189066760E+00,  2.86570000000008E+02,  9.49402432094114E+01,  8.48505630855886E+01
 2.01275000000000E+03,  2.65202460787668E-01,  7.57500000000000E-01,  7.74264063199604E+00,  2.86750000000008E+02,  1.41259537962624E+02,  9.66999487509291E+01
 2.01283333300000E+03,  3.41138557143988E-01,  7.07500000000000E-01,  7.78045335009728E+00,  2.86930000000008E+02,  1.47321376568117E+02,  1.08643085232057E+02
 2.01291666700000E+03,  4.19815836640182E-01,  5.72500000000000E-01,  7.81796779488517E+00,  2.87110000000008E+02,  1.25162224827435E+02,  1.30642046242534E+02
 2.01300000000000E+03,  4.80819737700289E-01,  4.57500000000000E-01,  7.85518174716120E+00,  2.87290000000008E+02,  1.73366183443396E+02,  1.36538515454850E+02
 2.01308333300000E+03,  5.19262050345084E-01,  4.85000000000000E-01,  7.89209301879530E+00,  2.87470000000008E+02,  2.55457872748390E+02,  1.34280405442929E+02
 2.01316666700000E+03,  5.41729459937184E-01,  5.82500000000000E-01,  7.92869945290301E+00,  2.87650000000008E+02,  2.09312770866514E+02,  1.39190960066481E+02
 2.01325000000000E+03,  5.57479237351716E-01,  6.00000000000000E-01,  7.96499892401890E+00,  2.87830000000008E+02,  2.17835106481855E+02,  1.51103450179329E+02
 2.01333333300000E+03,  5.73191887057389E-01,  5.32500000000000E-01,  8.00098933826641E+00,  2.88010000000008E+02,  1.96604086175904E+02,  1.99538819030901E+02
 2.01341666700000E+03,  5.93567228156764E-01,  4.05000000000000E-01,  8.03666863352387E+00,  2.88190000000008E+02,  1.22138276333200E+02,  1.51258796002547E+02
 2.01350000000000E+03,  6.23229946945317E-01,  3.90000000000000E-01,  8.07203477958690E+00,  2.88370000000008E+02,  5.75693746773184E+01,  1.95003048320235E+02
 2.01358333300000E+03,  5.52063524895443E-01,  5.17500000000000E-01,  8.10708577832697E+00,  2.88550000000008E+02,  6.42028306299823E+01,  1.78138524891253E+02
 2.01366666700000E+03,  3.75554750838689E-01,  6.10000000000000E-01,  9.70602550354129E+00,  2.88730000000008E+02,  5.28358986802126E+01,  1.65840315638920E+02
 2.01375000000000E+03,  3.13637450870938E-01,  5.62500000000000E-01,  9.71528385774781E+00,  2.88910000000008E+02,  7.03466130284605E+01,  1.23454461870264E+02
 2.01383333300000E+03,  3.63668380589625E-01,  3.92500000000000E-01,  9.72417361125227E+00,  2.89090000000008E+02,  8.18241568745143E+01,  1.70704227806740E+02
 2.01391666700000E+03,  4.04194618242181E-01,  2.47500000000000E-01,  9.73269530853858E+00,  2.89270000000008E+02,  1.65946263699674E+02,  2.19756971564931E+02
 2.01400000000000E+03,  4.27783926770179E-01,  1.12500000000000E-01,  9.74084952683249E+00,  2.89450000000008E+02,  1.57330544699546E+02,  2.63551339569066E+02
 2.01408333300000E+03,  4.37911660006947E-01, -9.50000000000000E-02,  9.74863687596263E+00,  2.89630000000008E+02,  1.87863053320498E+02,  3.84357676622570E+02
 2.01416666700000E+03,  4.42445815633242E-01, -2.47500000000000E-01,  9.75605799821788E+00,  2.89810000000008E+02,  1.68557095706774E+02,  3.92605865907071E+02
 2.01425000000000E+03,  4.45925787628678E-01, -2.07500000000000E-01,  9.76311356820115E+00,  2.89990000000008E+02,  1.63303625655839E+02,  3.37882701379754E+02
 2.01433333300000E+03,  4.48012611581669E-01, -9.50000000000000E-02,  9.76980429267971E+00,  2.90170000000008E+02,  8.71637757422686E+01,  2.86604404544236E+02
 2.01441666700000E+03,  4.48352996322178E-01, -5.00000000000000E-03,  9.77613091043185E+00,  2.90350000000008E+02,  1.12798795714362E+02,  3.78141947181044E+02
 2.01450000000000E+03,  4.51255387037521E-01,  1.15000000000000E-01,  9.78209419209011E+00,  2.90530000000008E+02,  1.13456294835794E+02,  2.46773831157830E+02
 2.01458333300000E+03,  3.98870555480091E-01,  2.77500000000000E-01,  9.78769493998100E+00,  2.90710000000009E+02,  1.43771841806947E+02,  2.11349515496699E+02
 2.01466666700000E+03,  2.97092560939142E-01,  4.52500000000000E-01,  1.14089872220710E+00,  2.90890000000009E+02,  1.53693852779623E+02,  2.17934091424235E+02
 2.01475000000000E+03,  2.74305930028488E-01,  4.95000000000000E-01,  1.18923982650294E+00,  2.91070000000009E+02,  1.34341802591507E+02,  2.06630891169151E+02
 2.01483333300000E+03,  3.22922104274175E-01,  4.00000000000000E-01,  1.23775387309984E+00,  2.91250000000009E+02,  1.10860414318278E+02,  9.61175529802497E+01
 2.01491666700000E+03,  3.75751970596074E-01,  3.00000000000000E-01,  1.28643721077437E+00,  2.91430000000009E+02,  7.79428607078480E+01,  1.06850717153458E+02
 2.01500000000000E+03,  4.30469274724409E-01,  1.97500000000000E-01,  1.33528617429447E+00,  2.91610000000009E+02,  5.74407564250637E+01,  1.15384282079179E+02
 2.01508333300000E+03,  4.74661859992609E-01,  7.00000000000000E-02,  1.38429708478428E+00,  2.91790000000009E+02,  3.97869636250760E+01,  9.56842605862744E+01
 2.01516666700000E+03,  4.92118887266973E-01, -8.75000000000000E-02,  1.43346625009059E+00,  2.91970000000009E+02,  6.82766926585343E+01,  1.38415466731822E+02
 2.01525000000000E+03,  4.76287595122712E-01, -1.27500000000000E-01,  1.48278996515049E+00,  2.92150000000009E+02,  1.77302036898644E+02,  2.57646319226201E+02
 2.01533333300000E+03,  4.39710663841179E-01, -3.75000000000000E-02,  1.53226451236050E+00,  2.92330000000009E+02,  1.82909713089962E+02,  2.57978004045810E+02
 2.01541666700000E+03,  4.09335040109470E-01,  2.50000000000000E-02,  1.58188616194704E+00,  2.92510000000009E+02,  2.08012782045934E+02,  2.70764715541951E+02
 2.01550000000000E+03,  4.08414802022422E-01,  1.70000000000000E-01,  1.63165117233804E+00,  2.92690000000009E+02,  2.50234320429607E+02,  3.40804651250771E+02
 2.01558333300000E+03,  4.84803507564650E-01,  4.35000000000000E-01,  1.68155579053595E+00,  2.92870000000009E+02,  2.30672243713402E+02,  3.59033745855064E+02
 2.01566666700000E+03,  6.21615178224137E-01,  7.00000000000000E-01,  3.66481875398764E+00,  2.93050000000009E+02,  1.27579318978029E+02,  2.27967643742525E+02
 2.01575000000000E+03,  7.11755118942021E-01,  7.67500000000000E-01,  3.65093364989169E+00,  2.93230000000009E+02,  1.54302155720756E+02,  2.34435743973556E+02
 2.01583333300000E+03,  7.49066549453180E-01,  5.82500000000000E-01,  3.63709256297177E+00,  2.93410000000009E+02,  2.90850970233881E+02,  3.42773443842620E+02
 2.01591666700000E+03,  7.75226780260966E-01,  4.57500000000000E-01,  3.62329392217152E+00,  2.93590000000009E+02,  5.64836989160562E+02,  5.57817865919991E+02
 2.01600000000000E+03,  7.88440188114856E-01,  4.67500000000000E-01,  3.60953614408560E+00,  2.93770000000009E+02,  6.53452967141024E+02,  4.96485710147774E+02
 2.01608333300000E+03,  7.91032955269122E-01,  4.47500000000000E-01,  3.59581763323725E+00,  2.93950000000009E+02,  6.48038586997902E+02,  4.80671365886046E+02
 2.01616666700000E+03,  7.85637289089629E-01,  3.87500000000000E-01,  3.58213678235750E+00,  2.94130000000009E+02,  6.32649889841224E+02,  4.79299661896159E+02
 2.01625000000000E+03,  7.73343297701570E-01,  3.52500000000000E-01,  3.56849197266601E+00,  2.94310000000009E+02,  4.66781517072128E+02,  3.45575235850405E+02
 2.01633333300000E+03,  7.56011203970660E-01,  3.67500000000000E-01,  3.55488157415348E+00,  2.94490000000009E+02,  1.59104646505300E+02,  8.00448288884935E+01
 2.01641666700000E+03,  7.39690780189854E-01,  3.82500000000000E-01,  3.54130394586553E+00,  2.94670000000009E+02,  9.70550400659328E+01,  1.90569328384139E+02
 2.01650000000000E+03,  7.33947273282604E-01,  4.05000000000000E-01,  3.52775743618820E+00,  2.94850000000009E+02,  1.24770985110763E+02,  1.91658433286183E+02
 2.01658333300000E+03,  7.47326251918882E-01,  4.35000000000000E-01,  3.51424038313478E+00,  2.95030000000009E+02,  1.56822366781688E+02,  2.31827456415892E+02
 2.01666666700000E+03,  7.90106466313866E-01,  4.55000000000000E-01,  8.08113972384741E+00,  2.95210000000009E+02,  1.57877450317121E+02,  2.45903386574205E+02
 2.01675000000000E+03,  8.59608778049177E-01,  4.87500000000000E-01,  8.11610880992908E+00,  2.95390000000009E+02,  1.54297437704246E+02,  2.27376828593298E+02
 2.01683333300000E+03,  9.25173552534877E-01,  4.97500000000000E-01,  8.15076027909416E+00,  2.95570000000009E+02,  1.21335184267867E+02,  1.63726031072374E+02
 2.01691666700000E+03,  9.58964280242763E-01,  4.97500000000000E-01,  8.18509220623437E+00,  2.95750000000009E+02,  9.65814149727460E+01,  1.95193727422063E+02
 2.01700000000000E+03,  9.56712731120323E-01,  4.32500000000000E-01,  8.21910269880805E+00,  2.95930000000009E+02,  7.92597784825339E+01,  1.76118435715769E+02
 2.01708333300000E+03,  9.29737604765519E-01,  2.70000000000000E-01,  8.25278989698259E+00,  2.96110000000009E+02,  8.60199512885255E+01,  2.54751956130556E+02
 2.01716666700000E+03,  8.95438429590726E-01,  2.40000000000000E-01,  8.28615197377318E+00,  2.96290000000009E+02,  1.46185092154541E+02,  2.93341632810401E+02
 2.01725000000000E+03,  8.66162295651555E-01,  4.12500000000000E-01,  8.31918713517759E+00,  2.96470000000009E+02,  1.39891303671423E+02,  2.36344466361392E+02
 2.01733333300000E+03,  8.45188602094574E-01,  5.57500000000000E-01,  8.35189362030715E+00,  2.96650000000009E+02,  1.77300233355356E+02,  2.60179144530647E+02
 2.01741666700000E+03,  8.30878356815655E-01,  5.95000000000000E-01,  8.38426970151395E+00,  2.96830000000009E+02,  2.15137695101742E+02,  2.84735161405742E+02
 2.01750000000000E+03,  8.22419471662568E-01,  6.17500000000000E-01,  8.41631368451400E+00,  2.97010000000009E+02,  2.59938543772730E+02,  2.15389956899571E+02
 2.01758333300000E+03,  7.02809424407987E-01,  6.15000000000000E-01,  8.44802390850666E+00,  2.97190000000009E+02,  2.60087565757429E+02,  2.49350478228260E+02
 2.01766666700000E+03,  4.75608525625513E-01,  5.40000000000000E-01, -2.54033198053435E+00,  2.97370000000009E+02,  3.40853099780042E+02,  3.29298274711151E+02
 2.01775000000000E+03,  3.77200093868560E-01,  4.87500000000000E-01, -2.54698779573537E+00,  2.97550000000009E+02,  3.10618517043597E+02,  3.01266391331969E+02
 2.01783333300000E+03,  3.95605527823241E-01,  5.12500000000000E-01, -2.55324093080224E+00,  2.97730000000009E+02,  2.55068838937804E+02,  2.94417690390232E+02
 2.01791666700000E+03,  3.98408208175193E-01,  4.72500000000000E-01, -2.55909020219652E+00,  2.97910000000009E+02,  2.06304335771243E+02,  3.30358495602836E+02
 2.01800000000000E+03,  3.82433596331172E-01,  2.52500000000000E-01, -2.56453445993236E+00,  2.98090000000009E+02,  1.50614588379204E+02,  2.61029739545666E+02
 2.01808333300000E+03,  3.55357968652861E-01,  3.00000000000000E-02, -2.56957258774667E+00,  2.98270000000009E+02,  1.61565877208941E+02,  3.07667985548962E+02
 2.01816666700000E+03,  3.27759399004379E-01, -5.50000000000000E-02, -2.57420350326570E+00,  2.98450000000009E+02,  1.78311669118327E+02,  3.48930435854668E+02
 2.01825000000000E+03,  3.04793725581517E-01, -1.80000000000000E-01, -2.57842615816784E+00,  2.98630000000009E+02,  1.84418919001342E+02,  3.39658110268485E+02
 2.01833333300000E+03,  2.84988399425189E-01, -3.62500000000000E-01, -2.58223953834275E+00,  2.98810000000009E+02,  3.15570457206283E+02,  4.41872262480018E+02
 2.01841666700000E+03,  2.66066026214172E-01, -3.92500000000000E-01, -2.58564266404665E+00,  2.98990000000009E+02,  3.63220623233878E+02,  4.58745338935612E+02
 2.01850000000000E+03,  2.50654103134214E-01, -2.22500000000000E-01, -2.58863459005389E+00,  2.99170000000009E+02,  3.44317457903203E+02,  3.94469036416864E+02
 2.01858333300000E+03,  2.19814333378706E-01,  3.50000000000000E-02, -2.59121440580476E+00,  2.99350000000009E+02,  3.42821216032833E+02,  3.51215626434479E+02
 2.01866666700000E+03,  1.71191420273295E-01,  2.40000000000000E-01,  6.88598228122142E+00,  2.99530000000009E+02,  3.72973548217158E+02,  3.81951386094176E+02
 2.01875000000000E+03,  1.47315255354659E-01,  2.25000000000000E-01,  6.92948165862685E+00,  2.99710000000009E+02,  2.33086692571567E+02,  2.30820726552186E+02
 2.01883333300000E+03,  1.52513414815745E-01,  5.75000000000000E-02,  6.97273605707027E+00,  2.99890000000009E+02,  1.77726542942077E+02,  2.15750262622201E+02
 2.01891666700000E+03,  1.74238705062140E-01, -2.50000000000000E-03,  7.01574265337172E+00,  3.00070000000009E+02,  2.09696448629187E+02,  2.85355416282056E+02
 2.01900000000000E+03,  2.25497295249474E-01,  6.50000000000000E-02,  7.05849865089986E+00,  3.00250000000009E+02,  2.52954608462893E+02,  3.19689733239079E+02
 2.01908333300000E+03,  3.13800824353906E-01,  9.25000000000000E-02,  7.10100127982115E+00,  3.00430000000009E+02,  2.45464346897809E+02,  2.57975468021980E+02
 2.01916666700000E+03,  4.30147272285262E-01,  3.50000000000000E-02,  7.14324779734576E+00,  3.00610000000009E+02,  3.03752245479914E+02,  3.57326207843941E+02
 2.01925000000000E+03,  5.48404879049665E-01,  2.25000000000000E-02,  7.18523548797041E+00,  3.00790000000009E+02,  3.98042813805127E+02,  4.00143367980470E+02
 2.01933333300000E+03,  6.37989806044299E-01,  1.30000000000000E-01,  7.22696166371778E+00,  3.00970000000009E+02,  3.00704768513693E+02,  2.90031019016749E+02
 2.01941666700000E+03,  6.81698656468673E-01,  2.72500000000000E-01,  7.26842366437279E+00,  3.01150000000009E+02,  2.66635855337689E+02,  2.59327026870918E+02
 2.01950000000000E+03,  6.85128236837651E-01,  3.65000000000000E-01,  7.30961885771555E+00,  3.01330000000009E+02,  2.21042344371391E+02,  2.66284133111618E+02
 2.01958333300000E+03,  6.08084898375442E-01,  4.45000000000000E-01,  7.35054463975090E+00,  3.01510000000009E+02,  2.17525343997451E+02,  3.02573019601092E+02
 2.01966666700000E+03,  4.77921495142939E-01,  5.00000000000000E-01,  5.00093911784300E+00,  3.01690000000009E+02,  1.24403208990688E+02,  2.85608709025552E+02
 2.01975000000000E+03,  4.31289207784272E-01,  4.27500000000000E-01,  4.99841521953596E+00,  3.01870000000009E+02,  1.31743563135900E+02,  2.60180894478979E+02
 2.01983333300000E+03,  4.54862366973976E-01,  3.02500000000000E-01,  4.99554155198707E+00,  3.02050000000009E+02,  9.64804802809383E+01,  2.40102819607044E+02
 2.01991666700000E+03,  4.73452942813101E-01,  2.52500000000000E-01,  4.99231709937574E+00,  3.02230000000009E+02,  1.21914744305128E+02,  3.36593505802768E+02
 2.02000000000000E+03,  4.88578324007295E-01,  3.12500000000000E-01,  4.98874087546313E+00,  3.02410000000009E+02,  8.04633559083068E+01,  1.91605133118343E+02
 2.02008333300000E+03,  5.07009175372770E-01,  4.95000000000000E-01,  4.98481192376689E+00,  3.02590000000009E+02,  8.83458246198042E+01,  1.62055070767350E+02
 2.02016666700000E+03,  5.32405636029925E-01,  6.45000000000000E-01,  4.98052931773265E+00,  3.02770000000009E+02,  1.06648199596910E+02,  1.46711035209547E+02
 2.02025000000000E+03,  5.59781391236167E-01,  6.22500000000000E-01,  4.97589216090226E+00,  3.02950000000009E+02,  1.83883084627096E+02,  2.52069569493091E+02
 2.02033333300000E+03,  5.78731079437386E-01,  5.95000000000000E-01,  4.97089958707877E+00,  3.03130000000009E+02,  1.88527866801054E+02,  1.46985745846462E+02
 2.02041666700000E+03,  5.82889017931753E-01,  6.52500000000000E-01,  4.96555076048807E+00,  3.03310000000009E+02,  2.10217654840121E+02,  1.61945777078339E+02
 2.02050000000000E+03,  5.76613595988666E-01,  6.52500000000000E-01,  4.95984487593721E+00,  3.03490000000009E+02,  2.13112523054870E+02,  1.62958531534561E+02
 2.02058333300000E+03,  5.19415589116353E-01,  5.87500000000000E-01,  4.95378115896939E+00,  3.03670000000009E+02,  1.93433541863973E+02,  3.09708671897214E+02
 2.02066666700000E+03,  4.24411007396099E-01,  5.60000000000000E-01,  4.76948299940145E+00,  3.03850000000009E+02,  1.14181146108814E+02,  2.55180135219805E+02
 2.02075000000000E+03,  4.00137517404002E-01,  5.32500000000000E-01,  4.74990912616566E+00,  3.04030000000009E+02,  1.17916766944172E+02,  2.71060012865974E+02
 2.02083333300000E+03,  4.33759423005397E-01,  4.62500000000000E-01,  4.73044387633448E+00,  3.04210000000009E+02,  1.16078799738058E+02,  2.51922134156112E+02
 2.02091666700000E+03,  4.57699630613120E-01,  4.57500000000000E-01,  4.71108703012993E+00,  3.04390000000009E+02,  1.23836761379480E+02,  2.86870577049852E+02
 2.02100000000000E+03,  4.67829140711221E-01,  4.77500000000000E-01,  4.69183834223917E+00,  3.04570000000009E+02,  1.37689363641762E+02,  1.86075542699594E+02
 2.02108333300000E+03,  4.69396229621672E-01,  3.70000000000000E-01,  4.67269754191097E+00,  3.04750000000009E+02,  1.54857425177768E+02,  1.29422295449274E+02
 2.02116666700000E+03,  4.69839742901646E-01,  2.52500000000000E-01,  4.65366433305554E+00,  3.04930000000009E+02,  1.79759190553300E+02,  2.38224620195720E+02
 2.02125000000000E+03,  4.71600705307772E-01,  2.55000000000000E-01,  4.63473839434793E+00,  3.05110000000009E+02,  1.37316443147606E+02,  2.38453698784442E+02
 2.02133333300000E+03,  4.71957464142922E-01,  2.35000000000000E-01,  4.61591937933473E+00,  3.05290000000009E+02,  1.81747692536692E+02,  3.62213201502814E+02
 2.02141666700000E+03,  4.69385605613698E-01,  1.92500000000000E-01,  4.59720691654426E+00,  3.05470000000009E+02,  1.57518272825732E+02,  3.14759989690705E+02
 2.02150000000000E+03,  4.69104777301781E-01,  2.25000000000000E-01,  4.57860060960015E+00,  3.05650000000009E+02,  3.52452330491533E+02,  5.41454301244352E+02
 2.02158333300000E+03,  4.44109180547127E-01,  3.27500000000000E-01,  4.56010003733828E+00,  3.05830000000009E+02,  2.97123229232192E+02,  4.94731424464911E+02
 2.02166666700000E+03,  4.01222560333257E-01,  4.50000000000000E-01,  4.72869433110039E+00,  3.06010000000009E+02,  3.10301516320844E+02,  5.21447809478478E+02
 2.02175000000000E+03,  4.10693213804424E-01,  4.70000000000000E-01,  4.69566758531806E+00,  3.06190000000009E+02,  2.53860976659301E+02,  3.58795907431089E+02
 2.02183333300000E+03,  4.58006177890757E-01,  4.40000000000000E-01,  4.66248451749987E+00,  3.06370000000009E+02,  3.30285036565613E+02,  4.73485493457055E+02
 2.02191666700000E+03,  4.91660242485313E-01,  4.87500000000000E-01,  4.62914613121690E+00,  3.06550000000009E+02,  1.23984787016085E+02,  2.66901473268723E+02
 2.02200000000000E+03,  5.09688692085140E-01,  5.62500000000000E-01,  4.59565345952326E+00,  3.06730000000009E+02,  1.41279957985223E+02,  2.72084498047310E+02
 2.02208333300000E+03,  5.23838363617045E-01,  4.57500000000000E-01,  4.56200756490498E+00,  3.06910000000009E+02,  1.51296976564834E+02,  3.01603797815943E+02
 2.02216666700000E+03,  5.49697081003470E-01,  1.92500000000000E-01,  4.52820953922488E+00,  3.07090000000009E+02,  1.44810383954223E+02,  3.35563048120214E+02
 2.02225000000000E+03,  5.95501163918301E-01,  1.25000000000000E-01,  4.49426050366342E+00,  3.07270000000009E+02,  6.92253783473032E+01,  2.49224883859281E+02
 2.02233333300000E+03,  6.58318043250156E-01,  3.00000000000000E-01,  4.46016160865557E+00,  3.07450000000009E+02,  1.32550218134298E+02,  3.85564720357392E+02
 2.02241666700000E+03,  7.28785188197692E-01,  4.05000000000000E-01,  4.42591403382372E+00,  3.07630000000009E+02,  1.26539512241237E+02,  3.18634889995690E+02
 2.02250000000000E+03,  7.98015105736508E-01,  3.97500000000000E-01,  4.39151898790664E+00,  3.07810000000009E+02,  1.31430091468433E+02,  3.32305149680504E+02
 2.02258333300000E+03,  7.43012008057175E-01,  4.70000000000000E-01,  4.35697770868441E+00,  3.07990000000009E+02,  1.61435701633262E+02,  3.71402758833104E+02
 2.02266666700000E+03,  5.53349628330423E-01,  5.52500000000000E-01,  4.87487017505712E+00,  3.08170000000009E+02,  1.52954633032208E+02,  3.48352446161056E+02
 2.02275000000000E+03,  4.58341213540162E-01,  4.87500000000000E-01,  4.85471891863530E+00,  3.08350000000009E+02,  8.57521992235127E+01,  1.87547927494102E+02
 2.02283333300000E+03,  4.68264913018091E-01,  4.07500000000000E-01,  4.83467701990780E+00,  3.08530000000009E+02,  7.40009911722069E+01,  1.73133496386154E+02
 2.02291666700000E+03,  4.69503494235060E-01,  4.35000000000000E-01,  4.81474439567480E+00,  3.08710000000009E+02,  1.20615615647427E+02,  3.14565536824925E+02
 2.02300000000000E+03,  4.61073333307384E-01,  4.07500000000000E-01,  4.79492093674949E+00,  3.08890000000009E+02,  1.57999501394773E+02,  3.70028840905705E+02
 2.02308333300000E+03,  4.51495965958964E-01,  3.87500000000000E-01,  4.77520650803595E+00,  3.09070000000009E+02,  1.72465653235891E+02,  4.38046820441692E+02
 2.02316666700000E+03,  4.50765869990454E-01,  5.70000000000000E-01,  4.75560094861062E+00,  3.09250000000009E+02,  1.98190345644176E+02,  4.92412262270049E+02
 2.02325000000000E+03,  4.62147969847729E-01,  8.10000000000000E-01,  4.73610407180723E+00,  3.09430000000009E+02,  2.27767906014961E+02,  4.99080728563828E+02
 2.02333333300000E+03,  4.81253003183203E-01,  1.06750000000000E+00,  4.71671566530528E+00,  3.09610000000009E+02,  1.58853894148336E+02,  2.91563167037572E+02
 2.02341666700000E+03,  5.02296327810416E-01,  1.31750000000000E+00,  4.69743549122198E+00,  3.09790000000009E+02,  8.76790308540561E+01,  1.68697649217981E+02
 2.02350000000000E+03,  5.24398399452915E-01,  1.39750000000000E+00,  4.67826328620764E+00,  3.09970000000009E+02,  7.34780784466302E+01,  9.68883497044885E+01
 2.02358333300000E+03,  4.92563352338807E-01,  1.39000000000000E+00,  4.65919876154463E+00,  3.10150000000009E+02,  8.30590987687428E+01,  1.62574024726564E+02
 2.02366666700000E+03,  4.09570984261783E-01,  1.38500000000000E+00, -9.30245697038392E+00,  3.10330000000009E+02,  1.17775750484716E+02,  2.28278224119120E+02
 2.02375000000000E+03,  3.94162688946914E-01,  1.29000000000000E+00, -9.27154809745550E+00,  3.10510000000009E+02,  1.22293629432567E+02,  2.25734565742003E+02
 2.02383333300000E+03,  4.43352323809201E-01,  1.16750000000000E+00, -9.24081076377662E+00,  3.10690000000009E+02,  1.51148710552438E+02,  2.55911772558540E+02
 2.02391666700000E+03,  4.86318812056322E-01,  1.21250000000000E+00, -9.21024548084965E+00,  3.10870000000009E+02,  1.55235100234005E+02,  2.52844781599433E+02
 2.02400000000000E+03,  5.13218545357666E-01,  1.40000000000000E+00, -9.17985272943991E+00,  3.11050000000009E+02,  1.17848931177981E+02,  1.53757067660333E+02
 2.02408333300000E+03,  5.25629065424254E-01,  1.49000000000000E+00, -9.14963295960831E+00,  3.11230000000009E+02,  9.59850781219811E+01,  1.50493050419007E+02
 2.02416666700000E+03,  5.30435520721959E-01,  1.40750000000000E+00, -9.11958659074815E+00,  3.11410000000009E+02,  9.84343932986685E+01,  2.04071797195080E+02
 2.02425000000000E+03,  5.32376592800758E-01,  1.35750000000000E+00, -9.08971401162609E+00,  3.11590000000009E+02,  1.10911700247683E+02,  2.05672468819449E+02
 2.02433333300000E+03,  5.32470228154677E-01,  1.38000000000000E+00, -9.06001558042716E+00,  3.11770000000009E+02,  1.92705691391867E+02,  4.68283501135712E+02
 2.02441666700000E+03,  5.32407953095858E-01,  1.31250000000000E+00, -9.03049162480410E+00,  3.11950000000009E+02,  1.97752991634805E+02,  4.87425900440914E+02
 2.02450000000000E+03,  5.38329503783011E-01,  1.18750000000000E+00, -9.00114244193059E+00,  3.12130000000009E+02,  1.81811927508138E+02,  4.45053023351785E+02
 2.02458333300000E+03,  5.05245153610652E-01,  1.11000000000000E+00, -8.97196829855886E+00,  3.12310000000009E+02,  1.76620374890047E+02,  5.03950231049900E+02
 2.02466666700000E+03,  4.31803528327692E-01,  1.06000000000000E+00, -6.22781389911052E-02,  3.12490000000009E+02,  1.46191697506818E+02,  5.09280719269428E+02
 2.02475000000000E+03,  4.15178124995379E-01,  1.02000000000000E+00, -4.99791079924530E-02,  3.12670000000009E+02,  5.95471497848455E+01,  2.47159143407394E+02
 2.02483333300000E+03,  4.49690121113406E-01,  9.75000000000000E-01, -3.79630023139554E-02,  3.12850000000009E+02,  1.36269150657870E+02,  2.57021574896937E+02
 2.02491666700000E+03,  4.75127069522522E-01,  8.72500000000000E-01, -2.62320723155186E-02,  3.13030000000009E+02,  3.09436095121381E+00,  1.46057029425340E+01
 2.02500000000000E+03,  4.89139953638569E-01,  6.90000000000000E-01, -1.47885487368371E-02,  3.13210000000009E+02,  4.25259481599237E+02,  2.53428526354246E+02
