 1.95000000000000E+03, -1.37966295766714E+00, -3.65000000000000E+00,  1.39456512619911E+00,  1.00000000000000E-02,  3.71547610300217E+03,  4.08787132075020E+03
 1.95008333300000E+03, -1.10504362665376E+00, -1.77250000000000E+00,  1.41948837945728E+00,  1.90000000000000E-01,  6.96455177457295E+02,  1.07260453746061E+02
 1.95016666700000E+03, -6.91634899851775E-01, -5.10000000000000E-01,  1.44448006302649E+00,  3.70000000000000E-01,  1.73810546453695E+03,  1.81351381854656E+03
 1.95025000000000E+03, -2.82091438139488E-01, -2.30000000000000E-01,  1.46953866916173E+00,  5.50000000000000E-01,  1.46595443905756E+03,  1.46307010489682E+03
 1.95033333300000E+03, -9.39307056963933E-02, -7.55000000000000E-01,  1.49466266563354E+00,  7.30000000000000E-01,  1.58278734358723E+03,  1.78721608786590E+03
 1.95041666700000E+03, -1.80321614428724E-01, -1.30000000000000E+00,  1.51985049588860E+00,  9.10000000000000E-01,  1.65634111591353E+03,  1.93675530920812E+03
 1.95050000000000E+03, -4.25863940112044E-01, -7.10000000000000E-01,  1.54510057921367E+00,  1.09000000000000E+00,  4.93914000104597E+03,  4.75743172951955E+03
 1.95058333300000E+03, -4.54754362502106E-01, -6.00000000000000E-02,  1.57041131090324E+00,  1.27000000000000E+00,  4.91597958930243E+03,  4.48268929476071E+03
 1.95066666700000E+03, -2.11906499482845E-01, -1.27500000000000E-01,  1.29236915320801E+00,  1.45000000000000E+00,  4.50415121903370E+03,  4.03717640913348E+03
 1.95075000000000E+03, -2.40800243744873E-01, -3.35000000000000E-01,  1.31699429337110E+00,  1.63000000000000E+00,  4.39129952293411E+03,  3.76001094688148E+03
 1.95083333300000E+03, -6.43110917684089E-01, -7.65000000000000E-01,  1.34169382922491E+00,  1.81000000000000E+00,  4.31374501350746E+03,  3.52762375638409E+03
 1.95091666700000E+03, -1.03842292121749E+00, -8.70000000000000E-01,  1.36646635578925E+00,  1.99000000000000E+00,  3.04181284668119E+02,  3.73636829167005E+02
 1.95100000000000E+03, -1.18169112620998E+00, -1.18750000000000E+00,  1.39131044297388E+00,  2.17000000000000E+00,  5.78833494951150E+02,  4.56194344465039E+02
 1.95108333300000E+03, -1.02493631050936E+00, -1.62250000000000E+00,  1.41622463572436E+00,  2.35000000000000E+00,  5.42993782653429E+02,  6.99806538971951E+02
 1.95116666700000E+03, -6.58013852589822E-01, -9.55000000000000E-01,  1.44120745417156E+00,  2.53000000000000E+00,  7.05649757803312E+02,  1.14746170785550E+03
 1.95125000000000E+03, -2.70151164640106E-01,  2.60000000000000E-01,  1.46625739378456E+00,  2.71000000000000E+00,  8.28419639292205E+02,  1.30457745617780E+03
 1.95133333300000E+03, -6.78181264440649E-02,  5.77500000000000E-01,  1.49137292552731E+00,  2.89000000000000E+00,  9.06219600800186E+02,  1.40551217506432E+03
 1.95141666700000E+03, -1.17064369717598E-01, -8.25000000000000E-02,  1.51655249601863E+00,  3.07000000000000E+00,  6.41227007391870E+02,  1.14145185043162E+03
 1.95150000000000E+03, -3.28125864350121E-01, -3.50000000000000E-01,  1.54179452769584E+00,  3.25000000000000E+00,  8.15647313255166E+02,  1.17782773191345E+03
 1.95158333300000E+03, -4.53550784124958E-01, -1.20000000000000E-01,  1.56709741898182E+00,  3.43000000000000E+00,  7.66585085452688E+02,  1.46563164630221E+03
 1.95166666700000E+03, -2.92201667414214E-01,  7.25000000000000E-02, -6.53662610612543E+00,  3.61000000000000E+00,  7.25859407589767E+02,  1.41850264461872E+03
 1.95175000000000E+03, -9.45561243143988E-02,  2.47500000000000E-01, -6.49693163549239E+00,  3.79000000000000E+00,  6.78488432725022E+02,  1.44856262675826E+03
 1.95183333300000E+03, -2.76327495568252E-01, -1.85000000000000E-01, -6.45732148469164E+00,  3.97000000000000E+00,  6.75742824427856E+02,  1.45791156961105E+03
 1.95191666700000E+03, -7.23370156034662E-01, -1.54000000000000E+00, -6.41779796276012E+00,  4.15000000000000E+00,  6.99423846164431E+02,  1.44490087654633E+03
 1.95200000000000E+03, -9.22889940981801E-01, -1.97250000000000E+00, -6.37836335469378E+00,  4.33000000000000E+00,  4.66651097664484E+02,  7.18194346734450E+02
 1.95208333300000E+03, -6.83222246283706E-01, -9.30000000000000E-01, -6.33901992123067E+00,  4.51000000000000E+00,  7.92373544884203E+02,  1.18327039053560E+03
 1.95216666700000E+03, -3.49747523896392E-01, -1.02500000000000E-01, -6.29976989863756E+00,  4.69000000000000E+00,  7.27832726270289E+02,  1.01357638967392E+03
 1.95225000000000E+03, -2.76639751258428E-01,  7.50000000000000E-02, -6.26061549849995E+00,  4.87000000000000E+00,  7.85971409767811E+02,  1.06334742614336E+03
 1.95233333300000E+03, -3.59633646774888E-01, -4.00000000000000E-02, -6.22155890751573E+00,  5.05000000000000E+00,  1.28656617809124E+03,  1.30083435516674E+03
 1.95241666700000E+03, -2.75667206681213E-01, -3.25000000000000E-01, -6.18260228729225E+00,  5.23000000000000E+00,  1.32098860522982E+03,  1.43912614801432E+03
 1.95250000000000E+03, -3.66243671680985E-03, -4.60000000000000E-01, -6.14374777414703E+00,  5.41000000000000E+00,  9.48277135763237E+02,  9.07198255790743E+02
 1.95258333300000E+03,  2.56233046962266E-02,  9.25000000000000E-02, -6.10499747891205E+00,  5.59000000000000E+00,  9.54528771059486E+02,  8.71196246023445E+02
 1.95266666700000E+03, -1.65634384108573E-01,  6.55000000000000E-01, -3.84336907640960E+00,  5.77000000000000E+00,  8.83965737054300E+02,  8.16206921411185E+02
 1.95275000000000E+03, -1.36976610499594E-01,  8.17500000000000E-01, -3.88325660512777E+00,  5.95000000000000E+00,  1.63023166232612E+02,  4.09078517275759E+02
 1.95283333300000E+03, -1.27209611794161E-01,  8.05000000000000E-01, -3.92307508169801E+00,  6.13000000000000E+00,  1.29111284243930E+02,  2.60913768830890E+02
 1.95291666700000E+03, -2.47199259086031E-01,  5.52500000000000E-01, -3.96282140213551E+00,  6.31000000000000E+00,  5.43979007848946E+01,  5.26081632245219E+02
 1.95300000000000E+03, -1.26633742147150E-01,  5.07500000000000E-01, -4.00249245603305E+00,  6.49000000000000E+00,  8.97080388421648E+01,  5.19434151732499E+02
 1.95308333300000E+03,  1.94356109545375E-01,  4.55000000000000E-01, -4.04208512690611E+00,  6.67000000000000E+00,  1.27989470914373E+02,  6.14144013884484E+02
 1.95316666700000E+03,  2.89955747863649E-01,  2.35000000000000E-01, -4.08159629253916E+00,  6.85000000000000E+00,  2.31429285576075E+02,  6.06737907347910E+02
 1.95325000000000E+03, -5.08931717194406E-02,  5.65000000000000E-01, -4.12102282533307E+00,  7.03000000000000E+00,  2.36974767645555E+02,  5.65494717494880E+02
 1.95333333300000E+03, -5.21461904094442E-01,  3.65000000000000E-01, -4.16036159265373E+00,  7.21000000000000E+00,  2.50458490325431E+02,  4.58215124105572E+02
 1.95341666700000E+03, -7.06102350857476E-01, -4.47500000000000E-01, -4.19960945718154E+00,  7.39000000000000E+00,  2.24954412306156E+02,  4.52133260415783E+02
 1.95350000000000E+03, -5.82424708334324E-01, -5.52500000000000E-01, -4.23876327726214E+00,  7.57000000000000E+00,  1.94747147948724E+02,  4.18000318133363E+02
 1.95358333300000E+03, -4.71372277331668E-02, -5.42500000000000E-01, -4.27781990725789E+00,  7.75000000000000E+00,  1.11285978098440E+02,  3.89554556450294E+02
 1.95366666700000E+03,  6.74754878423689E-01,  2.10000000000000E-01, -6.82508837897485E+00,  7.93000000000000E+00,  1.01409801692346E+02,  3.88419356121377E+02
 1.95375000000000E+03,  7.99330803133528E-01,  1.49250000000000E+00, -6.78485646022689E+00,  8.11000000000000E+00,  9.37783197950586E+01,  2.32187626427559E+02
 1.95383333300000E+03,  4.93499830952792E-01,  1.59250000000000E+00, -6.74469152305024E+00,  8.29000000000000E+00,  9.73829885663530E+01,  2.98799017450812E+02
 1.95391666700000E+03,  2.04175262176720E-01,  3.45000000000000E-01, -6.70459604308047E+00,  8.47000000000000E+00,  1.33401559941237E+02,  3.31540034819809E+02
 1.95400000000000E+03, -2.22704090433187E-01, -9.35000000000000E-01, -6.66457247357622E+00,  8.65000000000000E+00,  1.26259710708324E+02,  3.55324476222709E+02
 1.95408333300000E+03, -7.50706364536334E-01, -1.12750000000000E+00, -6.62462324517797E+00,  8.82999999999999E+00,  1.23761071712548E+02,  4.41588319534803E+02
 1.95416666700000E+03, -9.94448749145638E-01, -1.55500000000000E+00, -6.58475076567025E+00,  9.00999999999999E+00,  1.12482306520294E+02,  3.97874985356851E+02
 1.95425000000000E+03, -7.29376494829995E-01, -1.62750000000000E+00, -6.54495741974708E+00,  9.18999999999999E+00,  9.80869895792698E+01,  4.39782369270231E+02
 1.95433333300000E+03, -2.91921673149980E-01, -3.67500000000000E-01, -6.50524556878074E+00,  9.36999999999999E+00,  1.14233068860378E+02,  4.85558249240679E+02
 1.95441666700000E+03, -1.81769394220977E-01,  1.72500000000000E-01, -6.46561755059392E+00,  9.54999999999999E+00,  2.12810628969793E+02,  4.39349239796477E+02
 1.95450000000000E+03, -3.96388550546725E-01, -7.50000000000000E-02, -6.42607567923527E+00,  9.72999999999999E+00,  2.73544691902171E+02,  3.64716099640569E+02
 1.95458333300000E+03, -3.98689680448200E-01, -1.00000000000000E-01, -6.38662224475834E+00,  9.90999999999999E+00,  2.91465881120022E+02,  4.01306714232291E+02
 1.95466666700000E+03, -7.12658648196916E-02,  2.00000000000000E-01, -1.08400923257523E+01,  1.00900000000000E+01,  3.02788545040126E+02,  3.16872545118727E+02
 1.95475000000000E+03,  1.19594538008906E-01,  8.30000000000000E-01, -1.08733789972047E+01,  1.02700000000000E+01,  2.35477110835978E+02,  2.54811489608327E+02
 1.95483333300000E+03,  3.96827699212894E-02,  7.32500000000000E-01, -1.09063092993281E+01,  1.04500000000000E+01,  1.50764238947226E+02,  3.83289149506250E+02
 1.95491666700000E+03, -2.42947958630462E-01, -1.00000000000000E-01, -1.09388808898525E+01,  1.06300000000000E+01,  9.10802621352115E+01,  4.59160810843401E+02
 1.95500000000000E+03, -6.47030305279986E-01, -9.30000000000000E-01, -1.09710914597568E+01,  1.08100000000000E+01,  6.82321825216093E+01,  4.52845916138790E+02
 1.95508333300000E+03, -9.13497112459299E-01, -1.96250000000000E+00, -1.10029387334843E+01,  1.09900000000000E+01,  5.63972147588798E+01,  5.58479778086851E+02
 1.95516666700000E+03, -8.69141562605649E-01, -1.95000000000000E+00, -1.10344204691540E+01,  1.11700000000000E+01,  8.69794097546187E+01,  5.15221309465797E+02
 1.95525000000000E+03, -5.90182252868980E-01, -8.42500000000000E-01, -1.10655344587684E+01,  1.13500000000000E+01,  1.06805035469413E+02,  4.11106099204128E+02
 1.95533333300000E+03, -3.11753438219180E-01, -2.42500000000000E-01, -1.10962785284166E+01,  1.15300000000000E+01,  1.35855762729673E+02,  6.63391610759113E+02
 1.95541666700000E+03, -2.10561615001075E-01, -3.80000000000000E-01, -1.11266505384743E+01,  1.17100000000000E+01,  1.45234311490398E+02,  6.48818593145282E+02
 1.95550000000000E+03, -2.74967976037878E-01, -7.70000000000000E-01, -1.11566483837993E+01,  1.18900000000000E+01,  1.44083037266182E+02,  5.54803089412694E+02
 1.95558333300000E+03, -4.08920115991386E-01, -6.60000000000000E-01, -1.11862699939234E+01,  1.20700000000000E+01,  1.40639743025470E+02,  5.59733518314464E+02
 1.95566666700000E+03, -5.67862696671363E-01, -1.20000000000000E-01, -1.94864121204873E-01,  1.22500000000000E+01,  1.37625683530119E+02,  5.55551108087239E+02
 1.95575000000000E+03, -7.65255549403862E-01, -3.25000000000000E-02, -2.08621752098590E-01,  1.24300000000000E+01,  1.60367870828754E+02,  2.85355231275770E+02
 1.95583333300000E+03, -1.03111989098933E+00, -9.30000000000000E-01, -2.22760232852716E-01,  1.26100000000000E+01,  1.59723876178200E+02,  3.80625650471204E+02
 1.95591666700000E+03, -1.30943198719091E+00, -2.00250000000000E+00, -2.37279654150891E-01,  1.27900000000000E+01,  1.67217837288606E+02,  4.40981854464510E+02
 1.95600000000000E+03, -1.47465932342796E+00, -2.18500000000000E+00, -2.52180069947359E-01,  1.29700000000000E+01,  1.38152047168152E+02,  5.02977970880980E+02
 1.95608333300000E+03, -1.44961884621620E+00, -1.67250000000000E+00, -2.67461497384793E-01,  1.31500000000000E+01,  9.53178994887309E+01,  4.33057897327291E+02
 1.95616666700000E+03, -1.24077385015082E+00, -9.50000000000000E-01, -2.83123916716399E-01,  1.33300000000000E+01,  2.54176055256778E+01,  3.57291769725853E+02
 1.95625000000000E+03, -9.11779688728996E-01, -3.70000000000000E-01, -2.99167271232370E-01,  1.35100000000000E+01,  1.63555558050124E+01,  2.84287319618306E+02
 1.95633333300000E+03, -5.31423671033212E-01, -1.47500000000000E-01, -3.15591467190691E-01,  1.36900000000000E+01,  1.16707612513628E+01,  2.37609468113311E+02
 1.95641666700000E+03, -1.47574703426681E-01, -4.02500000000000E-01, -3.32396373752318E-01,  1.38700000000000E+01,  4.11726406685030E+01,  1.24973544807955E+02
 1.95650000000000E+03,  1.96166691820806E-01, -7.17500000000000E-01, -3.49581822920699E-01,  1.40500000000000E+01,  6.14793302553096E+01,  4.60986875591856E+02
 1.95658333300000E+03,  1.52709008850937E-01, -3.30000000000000E-01, -3.67147609485704E-01,  1.42300000000000E+01,  1.08579070979391E+02,  6.62394935910004E+02
 1.95666666700000E+03, -3.13950409445856E-01, -3.87500000000000E-01, -1.77466289344050E+00,  1.44100000000000E+01,  1.24138800419659E+02,  8.22021838664668E+02
 1.95675000000000E+03, -5.98805202878122E-01, -7.25000000000000E-01, -1.76091014311463E+00,  1.45900000000000E+01,  1.26466071385319E+02,  7.72856553134810E+02
 1.95683333300000E+03, -6.44292383862154E-01, -1.92500000000000E-01, -1.74722286292390E+00,  1.47700000000000E+01,  1.39792956864678E+02,  8.08412265518686E+02
 1.95691666700000E+03, -6.81246539887039E-01, -6.00000000000000E-01, -1.73359914011711E+00,  1.49500000000000E+01,  1.29150470866402E+02,  4.64434613344779E+02
 1.95700000000000E+03, -6.48144043799041E-01, -1.71500000000000E+00, -1.72003705725858E+00,  1.51300000000000E+01,  8.69777240352528E+01,  3.89709553684034E+02
 1.95708333300000E+03, -5.14784756491612E-01, -1.29500000000000E+00, -1.70653469256359E+00,  1.53100000000000E+01,  8.02496788031286E+01,  1.89231659669996E+02
 1.95716666700000E+03, -3.19681667640127E-01, -1.85000000000000E-01, -1.69309012023421E+00,  1.54900000000000E+01,  8.45878800021426E+01,  3.24204938729469E+02
 1.95725000000000E+03, -1.48883319850824E-01,  3.00000000000000E-01, -1.67970141079543E+00,  1.56700000000000E+01,  4.20983258170526E+01,  3.79169357273990E+02
 1.95733333300000E+03, -7.46159486607227E-02,  5.77500000000000E-01, -1.66636663143169E+00,  1.58500000000000E+01,  3.98573861871516E+01,  3.84673531412324E+02
 1.95741666700000E+03, -1.09985988517732E-01,  4.02500000000000E-01, -1.65308384632360E+00,  1.60300000000000E+01,  3.73699286981126E+01,  3.02967191344118E+02
 1.95750000000000E+03, -2.18749499538481E-01, -2.42500000000000E-01, -1.63985111698489E+00,  1.62100000000000E+01,  4.89333725572793E+01,  3.83171836795900E+02
 1.95758333300000E+03, -8.46398559600833E-02, -5.77500000000000E-01, -1.62666650259953E+00,  1.63900000000000E+01,  3.87041284448290E+01,  2.54505449409214E+02
 1.95766666700000E+03,  3.49451508841940E-01, -2.42500000000000E-01, -1.21883628831938E+01,  1.65700000000000E+01,  6.43950769966911E+01,  1.69067834116425E+02
 1.95775000000000E+03,  5.43970566673918E-01,  2.97500000000000E-01, -1.21949121780362E+01,  1.67500000000000E+01,  6.51653729020390E+01,  1.77325815250210E+02
 1.95783333300000E+03,  4.14988968961184E-01,  1.77500000000000E-01, -1.22010286956407E+01,  1.69300000000000E+01,  8.42911521257577E+01,  1.22995279654931E+02
 1.95791666700000E+03,  2.27367941162830E-01, -8.75000000000000E-02, -1.22067125457477E+01,  1.71100000000000E+01,  8.88159289827701E+01,  6.77812123934300E+01
 1.95800000000000E+03,  7.31341991381737E-02,  2.17500000000000E-01, -1.22119638765742E+01,  1.72900000000000E+01,  1.34209691180287E+02,  9.21330614553464E+01
 1.95808333300000E+03,  2.07333159704936E-02,  3.80000000000000E-01, -1.22167828747480E+01,  1.74700000000000E+01,  1.19933388479386E+02,  8.90136479585348E+01
 1.95816666700000E+03,  6.99753600473021E-02,  2.57500000000000E-01, -1.22211697652384E+01,  1.76500000000000E+01,  1.43882677405404E+02,  2.81221187495685E+02
 1.95825000000000E+03,  1.65555812141413E-01,  3.65000000000000E-01, -1.22251248112816E+01,  1.78300000000000E+01,  1.24131737322308E+02,  2.72032717996998E+02
 1.95833333300000E+03,  2.52383612692665E-01,  7.77500000000000E-01, -1.22286483143024E+01,  1.80100000000000E+01,  1.04800190489507E+02,  2.46872469636828E+02
 1.95841666700000E+03,  3.17764389741243E-01,  1.09000000000000E+00, -1.22317406138318E+01,  1.81900000000000E+01,  1.08025996318116E+02,  2.14158844374070E+02
 1.95850000000000E+03,  3.82087948787546E-01,  1.27250000000000E+00, -1.22344020874196E+01,  1.83700000000000E+01,  9.73329473276485E+01,  3.46889317373814E+02
 1.95858333300000E+03,  4.49494946276487E-01,  1.23750000000000E+00, -1.22366331505435E+01,  1.85500000000000E+01,  9.02603268845660E+01,  1.84996426230633E+02
 1.95866666700000E+03,  4.79744458440225E-01,  5.92500000000000E-01, -1.22253995666417E+01,  1.87300000000000E+01,  1.85518982759257E+02,  3.13595119780099E+02
 1.95875000000000E+03,  4.21544201704463E-01,  1.77500000000000E-01, -1.22288912375657E+01,  1.89100000000000E+01,  1.93381395947940E+02,  3.51017353504974E+02
 1.95883333300000E+03,  2.65381273272974E-01,  2.12500000000000E-01, -1.22319517315610E+01,  1.90900000000000E+01,  1.55931327788771E+02,  3.84769806135690E+02
 1.95891666700000E+03,  6.48770617128799E-02, -1.90000000000000E-01, -1.22345814289792E+01,  1.92700000000000E+01,  1.95610591321699E+02,  2.64956363789863E+02
 1.95900000000000E+03, -8.97967332555131E-02, -9.90000000000000E-01, -1.22367807480931E+01,  1.94500000000000E+01,  1.74358114342163E+02,  2.44113874935463E+02
 1.95908333300000E+03, -1.33497228893319E-01, -9.47500000000000E-01, -1.22385501450006E+01,  1.96300000000000E+01,  7.88243230430346E+01,  1.89983244210134E+02
 1.95916666700000E+03, -7.03395330602557E-02, -4.27500000000000E-01, -1.22398901135244E+01,  1.98100000000000E+01,  7.82491501624826E+01,  1.80196411978955E+02
 1.95925000000000E+03,  4.06246192720035E-02, -4.72500000000000E-01, -1.22408011851079E+01,  1.99900000000000E+01,  7.46530873743330E+01,  2.92832083396948E+02
 1.95933333300000E+03,  1.41384556010593E-01, -1.05000000000000E-01, -1.22412839287069E+01,  2.01700000000000E+01,  1.13091026017955E+02,  3.47114109017304E+02
 1.95941666700000E+03,  2.17561667173928E-01,  3.52500000000000E-01, -1.22413389506768E+01,  2.03500000000000E+01,  1.26416596983053E+02,  3.87204226262694E+02
 1.95950000000000E+03,  2.89218535531039E-01,  3.02500000000000E-01, -1.22409668946556E+01,  2.05300000000000E+01,  1.75115225802297E+02,  3.51485787716940E+02
 1.95958333300000E+03,  5.16827381181690E-01,  7.00000000000000E-01, -1.22401684414431E+01,  2.07100000000000E+01,  1.64577501692761E+02,  3.78637287809516E+02
 1.95966666700000E+03,  7.33115599722199E-01,  9.10000000000000E-01, -8.84337037987702E+00,  2.08900000000000E+01,  1.88786270692830E+02,  3.41235490721578E+02
 1.95975000000000E+03,  5.78821285526144E-01,  4.77500000000000E-01, -8.80332362342139E+00,  2.10700000000000E+01,  1.18647971403917E+02,  3.41425887155105E+02
 1.95983333300000E+03,  3.70458420055584E-01,  2.77500000000000E-01, -8.76319920456087E+00,  2.12500000000000E+01,  2.97897693695787E+02,  4.90814112731950E+02
 1.95991666700000E+03,  2.94342313307623E-01,  2.05000000000000E-01, -8.72300034395998E+00,  2.14300000000000E+01,  3.32985483319113E+02,  6.34923861155184E+02
 1.96000000000000E+03,  7.16384704222389E-02, -4.50000000000000E-02, -8.68273025526391E+00,  2.16100000000000E+01,  3.52500757446742E+02,  6.65498532379505E+02
 1.96008333300000E+03, -2.30278470144863E-01, -3.22500000000000E-01, -8.64239214473712E+00,  2.17900000000000E+01,  3.45294335659159E+02,  5.58798068107013E+02
 1.96016666700000E+03, -2.61738233540590E-01, -4.17500000000000E-01, -8.60198921090345E+00,  2.19700000000000E+01,  3.93176036034507E+02,  4.96779461676753E+02
 1.96025000000000E+03,  4.42451383660057E-02,  4.00000000000000E-02, -8.56152464418781E+00,  2.21500000000000E+01,  2.32531744631662E+02,  3.41084572908319E+02
 1.96033333300000E+03,  3.35316810186173E-01,  7.77500000000000E-01, -8.52100162655937E+00,  2.23300000000000E+01,  1.71763028266116E+02,  1.84313356967985E+02
 1.96041666700000E+03,  3.70801960036338E-01,  1.12500000000000E+00, -8.48042333117633E+00,  2.25100000000000E+01,  1.65872578366270E+02,  2.99579901170446E+02
 1.96050000000000E+03,  3.60830245290160E-01,  1.31750000000000E+00, -8.43979292203240E+00,  2.26900000000000E+01,  1.67202886913590E+02,  3.22941588945306E+02
 1.96058333300000E+03,  3.78696318993877E-01,  1.20000000000000E+00, -8.39911355360498E+00,  2.28700000000000E+01,  1.16271099427129E+02,  3.31010274641717E+02
 1.96066666700000E+03,  3.25082476565715E-01,  5.77500000000000E-01, -2.10331708315705E+00,  2.30500000000000E+01,  1.09287339148018E+02,  3.08891657950577E+02
 1.96075000000000E+03,  3.53416737095656E-01,  1.07500000000000E-01, -2.08761477229295E+00,  2.32300000000000E+01,  1.08526234845257E+02,  3.10182036457463E+02
 1.96083333300000E+03,  4.14427171624655E-01,  1.47500000000000E-01, -2.07201878251289E+00,  2.34100000000000E+01,  1.36417713647737E+02,  1.78438885405372E+02
 1.96091666700000E+03,  3.84347902649040E-01,  7.35000000000000E-01, -2.05652739203339E+00,  2.35900000000000E+01,  1.35789842300954E+02,  1.68610180261799E+02
 1.96100000000000E+03,  3.50794441928620E-01,  9.10000000000000E-01, -2.04113886708232E+00,  2.37700000000000E+01,  2.09958747519942E+02,  3.51999623958027E+02
 1.96108333300000E+03,  3.57928555775174E-01,  4.45000000000000E-01, -2.02585146221390E+00,  2.39500000000000E+01,  2.26381414020378E+02,  4.08380406930038E+02
 1.96116666700000E+03,  3.67843623301745E-01, -1.02500000000000E-01, -2.01066342062513E+00,  2.41300000000000E+01,  2.16550341335382E+02,  4.68567523891377E+02
 1.96125000000000E+03,  3.28309774456779E-01, -5.62500000000000E-01, -1.99557297447347E+00,  2.43100000000000E+01,  2.05900863015184E+02,  5.83620589180469E+02
 1.96133333300000E+03,  2.40833662634374E-01,  5.00000000000000E-02, -1.98057834519588E+00,  2.44900000000000E+01,  2.39221485799481E+02,  7.52784353110350E+02
 1.96141666700000E+03,  1.47931419813683E-01,  7.27500000000000E-01, -1.96567774382908E+00,  2.46700000000000E+01,  2.43406213521369E+02,  6.10446708479795E+02
 1.96150000000000E+03,  8.17847586536657E-02,  3.17500000000000E-01, -1.95086937133103E+00,  2.48500000000000E+01,  2.01261594926014E+02,  5.43587687083911E+02
 1.96158333300000E+03, -6.26753082788937E-03,  3.80000000000000E-01, -1.93615141890358E+00,  2.50300000000000E+01,  2.07650482355982E+02,  5.16383562616134E+02
 1.96166666700000E+03, -1.95367742176918E-01,  1.82500000000000E-01, -3.09936582599816E+00,  2.52100000000000E+01,  2.56073350013901E+02,  4.71565796699447E+02
 1.96175000000000E+03, -4.53763501635695E-01, -7.95000000000000E-01, -3.07619328071658E+00,  2.53900000000000E+01,  2.15445007304484E+02,  3.68452529552957E+02
 1.96183333300000E+03, -6.83617117533062E-01, -1.07000000000000E+00, -3.05319274708067E+00,  2.55700000000000E+01,  1.61979129172009E+02,  4.89250999746564E+02
 1.96191666700000E+03, -8.08343759918313E-01, -1.05500000000000E+00, -3.03036350792387E+00,  2.57500000000000E+01,  3.53899279102264E+02,  5.82088204332577E+02
 1.96200000000000E+03, -7.93760565086970E-01, -8.90000000000000E-01, -3.00770482063261E+00,  2.59300000000000E+01,  3.78462883556267E+02,  5.22091416573969E+02
 1.96208333300000E+03, -6.76449487971752E-01, -6.32500000000000E-01, -2.98521591733708E+00,  2.61100000000000E+01,  3.45194995872628E+02,  4.87414986456355E+02
 1.96216666700000E+03, -5.47451134645048E-01, -8.65000000000000E-01, -2.96289600510523E+00,  2.62900000000000E+01,  3.74229985561858E+02,  4.15860719894103E+02
 1.96225000000000E+03, -4.88027429129536E-01, -1.20500000000000E+00, -2.94074426613998E+00,  2.64700000000000E+01,  3.62481290514096E+02,  2.63018188698580E+02
 1.96233333300000E+03, -5.01446485409918E-01, -1.17250000000000E+00, -2.91875985797966E+00,  2.66500000000000E+01,  1.76864365708485E+02,  1.66161985803323E+02
 1.96241666700000E+03, -5.00735217991521E-01, -8.52500000000000E-01, -2.89694191370152E+00,  2.68300000000000E+01,  1.44189718702752E+02,  2.31152016714622E+02
 1.96250000000000E+03, -3.72795293316436E-01, -2.80000000000000E-01, -2.87528954212855E+00,  2.70100000000000E+01,  1.61161695336747E+02,  2.27782206161729E+02
 1.96258333300000E+03, -1.40665437589009E-01, -1.25000000000000E-02, -2.85380182803922E+00,  2.71900000000000E+01,  1.27400240276188E+02,  2.72739069071364E+02
 1.96266666700000E+03,  3.55643538290973E-02,  6.00000000000001E-02, -3.23463810307759E+00,  2.73700000000000E+01,  1.27313176281882E+02,  2.85442422471207E+02
 1.96275000000000E+03,  9.41396998182978E-02,  5.90000000000000E-01, -3.21047359356305E+00,  2.75500000000000E+01,  1.35543878911165E+02,  3.63283063066386E+02
 1.96283333300000E+03,  6.32094513296699E-02,  5.02500000000000E-01, -3.18648468570130E+00,  2.77300000000000E+01,  2.18547663527453E+02,  3.86349882637051E+02
 1.96291666700000E+03, -6.78697577319016E-02, -3.50000000000000E-02, -3.16267081071333E+00,  2.79100000000000E+01,  1.86652047661562E+02,  3.67728587503039E+02
 1.96300000000000E+03, -2.86673916586143E-01,  1.47500000000000E-01, -3.13903137335017E+00,  2.80900000000000E+01,  1.96444073023317E+02,  3.63571936535147E+02
 1.96308333300000E+03, -5.20862971257322E-01, -9.25000000000000E-02, -3.11556575206465E+00,  2.82700000000000E+01,  1.88051264722455E+02,  4.07037486603978E+02
 1.96316666700000E+03, -6.87284687286484E-01, -1.02000000000000E+00, -3.09227329918647E+00,  2.84500000000000E+01,  2.40148833323925E+02,  3.21932788297319E+02
 1.96325000000000E+03, -7.32263572289872E-01, -1.14250000000000E+00, -3.06915334110075E+00,  2.86300000000000E+01,  2.36510114269880E+02,  3.55510315663236E+02
 1.96333333300000E+03, -6.43950668891362E-01, -5.47500000000000E-01, -3.04620517842985E+00,  2.88100000000000E+01,  2.44683884389623E+02,  3.07982457507512E+02
 1.96341666700000E+03, -4.50159490353679E-01, -2.62500000000000E-01, -3.02342808621858E+00,  2.89900000000000E+01,  2.22260961631377E+02,  2.85570850114951E+02
 1.96350000000000E+03, -2.17608479190488E-01, -6.77500000000000E-01, -3.00082131412263E+00,  2.91700000000000E+01,  2.58456331564884E+02,  4.30165818286241E+02
 1.96358333300000E+03,  7.69247293405238E-02, -5.62500000000000E-01, -2.97838408660031E+00,  2.93500000000000E+01,  2.01348037343760E+02,  6.10558651430608E+02
 1.96366666700000E+03,  3.66776953052976E-01,  4.15000000000000E-01,  4.79555374711673E+00,  2.95300000000000E+01,  1.66201588334668E+02,  5.91857694668905E+02
 1.96375000000000E+03,  4.04480981979907E-01,  6.05000000000000E-01,  4.78821146385605E+00,  2.97100000000000E+01,  1.29195405178478E+02,  5.78011276939161E+02
 1.96383333300000E+03,  2.06095368676200E-01,  4.42500000000000E-01,  4.78050645385542E+00,  2.98900000000000E+01,  1.87425407872342E+02,  6.43206444688796E+02
 1.96391666700000E+03, -4.90019779459331E-02,  5.42500000000000E-01,  4.77243806077494E+00,  3.00700000000000E+01,  1.40047383727311E+02,  5.74665347342206E+02
 1.96400000000000E+03, -2.59804149111888E-01,  4.85000000000000E-01,  4.76400566094187E+00,  3.02500000000000E+01,  1.31505076585595E+02,  4.19622665012095E+02
 1.96408333300000E+03, -3.56055279599207E-01,  2.42500000000000E-01,  4.75520866349159E+00,  3.04300000000000E+01,  1.01362980178511E+02,  3.34434270658173E+02
 1.96416666700000E+03, -3.42994675535232E-01, -6.40000000000000E-01,  4.74604651050481E+00,  3.06100000000000E+01,  1.05334176273334E+02,  3.49838891304254E+02
 1.96425000000000E+03, -2.83061028268842E-01, -1.54500000000000E+00,  4.73651867714110E+00,  3.07900000000000E+01,  4.55532343220099E+01,  4.02980290674328E+02
 1.96433333300000E+03, -2.34614337716245E-01, -1.39250000000000E+00,  4.72662467176866E+00,  3.09700000000000E+01,  8.17441962911810E+01,  2.54314405206581E+02
 1.96441666700000E+03, -2.06541032384622E-01, -3.82500000000000E-01,  4.71636403609039E+00,  3.11500000000000E+01,  9.53079375737705E+01,  2.27327274059036E+02
 1.96450000000000E+03, -1.69255025927531E-01,  3.75000000000000E-01,  4.70573634526613E+00,  3.13300000000000E+01,  8.99251597493540E+01,  2.17745006333049E+02
 1.96458333300000E+03, -3.66452713641020E-02,  6.95000000000000E-01,  4.69474120803114E+00,  3.15100000000000E+01,  1.01132108490257E+02,  2.44621662736888E+02
 1.96466666700000E+03,  1.60250759599093E-01,  8.67500000000000E-01,  1.51403234199190E+00,  3.16900000000000E+01,  1.19244768300928E+02,  1.47865088392441E+02
 1.96475000000000E+03,  5.08938395004720E-02,  4.35000000000000E-01,  1.46848235128016E+00,  3.18700000000000E+01,  9.34408484396688E+01,  2.69022995633386E+02
 1.96483333300000E+03, -4.71331540143289E-01, -6.97500000000000E-01,  1.42272517048139E+00,  3.20500000000000E+01,  7.84177428638402E+01,  2.66718703632236E+02
 1.96491666700000E+03, -8.36053050537119E-01, -1.44000000000000E+00,  1.37676392483717E+00,  3.22300000000000E+01,  1.29021789943754E+02,  3.99972914003309E+02
 1.96500000000000E+03, -7.29815231968863E-01, -1.22500000000000E+00,  1.33060176209911E+00,  3.24100000000000E+01,  1.66981058057579E+02,  5.23223548247738E+02
 1.96508333300000E+03, -5.80532446539747E-01, -9.45000000000000E-01,  1.28424185223305E+00,  3.25900000000000E+01,  1.52796738242664E+02,  4.81702117981445E+02
 1.96516666700000E+03, -6.65301225112257E-01, -9.25000000000000E-01,  1.23768738712060E+00,  3.27700000000000E+01,  1.64853625906313E+02,  3.68616024805688E+02
 1.96525000000000E+03, -6.56566034801547E-01, -8.40000000000000E-01,  1.19094158025807E+00,  3.29500000000000E+01,  1.63509673429531E+02,  3.58814934113320E+02
 1.96533333300000E+03, -3.81553481288376E-01, -5.00000000000006E-03,  1.14400766645284E+00,  3.31300000000000E+01,  9.34638308927823E+01,  2.20031592722158E+02
 1.96541666700000E+03, -1.68959863529618E-01,  5.25000000000000E-01,  1.09688890151720E+00,  3.33100000000000E+01,  6.44221777694742E+01,  9.91564475499363E+01
 1.96550000000000E+03, -1.07548275943234E-01, -7.75000000000000E-02,  1.04958856195973E+00,  3.34900000000000E+01,  7.91796285681362E+01,  1.28746793409692E+02
 1.96558333300000E+03, -3.78113436291546E-02, -6.50000000000000E-02,  1.00210994467417E+00,  3.36700000000000E+01,  7.08633786349843E+01,  1.17582368973991E+02
 1.96566666700000E+03, -2.75455648468700E-02,  6.15000000000000E-01,  4.86736315228652E+00,  3.38500000000000E+01,  6.85855295468693E+01,  1.49178341856844E+02
 1.96575000000000E+03, -8.55155357345213E-02,  5.97500000000000E-01,  4.86684785015435E+00,  3.40300000000000E+01,  7.70967227541380E+01,  1.49221458945226E+02
 1.96583333300000E+03, -1.74588932803206E-01, -4.40000000000000E-01,  4.86598866087075E+00,  3.42100000000000E+01,  6.81992582363909E+01,  9.75470149582437E+01
 1.96591666700000E+03, -3.23698135900597E-01, -1.02000000000000E+00,  4.86478433027978E+00,  3.43900000000000E+01,  4.97350271331945E+01,  1.41222739731610E+02
 1.96600000000000E+03, -4.64858854398540E-01, -9.77500000000000E-01,  4.86323363347853E+00,  3.45700000000000E+01,  4.95837851229206E+01,  1.72646434401377E+02
 1.96608333300000E+03, -4.86719084877317E-01, -9.55000000000000E-01,  4.86133537502512E+00,  3.47500000000000E+01,  8.43083797910312E+01,  2.28475174310027E+02
 1.96616666700000E+03, -3.67964286852465E-01, -4.32500000000000E-01,  4.85908838914346E+00,  3.49300000000000E+01,  1.31603731770920E+02,  2.63799219284856E+02
 1.96625000000000E+03, -2.04896646734820E-01, -2.00000000000000E-01,  4.85649153992469E+00,  3.51100000000000E+01,  1.83506836682079E+02,  6.70864771248452E+02
 1.96633333300000E+03, -7.79442911634622E-02, -1.85000000000000E-01,  4.85354372152540E+00,  3.52900000000000E+01,  1.89061257188392E+02,  6.56955880174641E+02
 1.96641666700000E+03,  2.78988241188112E-02, -2.82500000000000E-01,  4.85024385836245E+00,  3.54700000000000E+01,  1.89774638418959E+02,  6.73255374098771E+02
 1.96650000000000E+03,  1.42394594320341E-01, -2.50000000000000E-01,  4.84659090530441E+00,  3.56500000000000E+01,  1.66239429728201E+02,  6.21950943240977E+02
 1.96658333300000E+03,  2.21263068296557E-01,  4.92500000000000E-01,  4.84258384785972E+00,  3.58300000000000E+01,  1.52716728009554E+02,  6.46455013606793E+02
 1.96666666700000E+03,  2.30399521198831E-01,  4.77500000000000E-01,  3.66669845729400E+00,  3.60100000000000E+01,  1.14304346998753E+02,  5.06421241237754E+02
 1.96675000000000E+03,  1.37330753880159E-01, -6.37500000000000E-01,  3.68950025190281E+00,  3.61900000000000E+01,  1.14339250176382E+02,  5.22590292489070E+02
 1.96683333300000E+03, -1.70629763506313E-01, -1.18500000000000E+00,  3.71216512521759E+00,  3.63700000000000E+01,  1.31904798740517E+02,  4.75193844285689E+02
 1.96691666700000E+03, -6.90106892401185E-01, -8.85000000000000E-01,  3.73469035194485E+00,  3.65500000000000E+01,  1.33925364795626E+02,  5.38022852887959E+02
 1.96700000000000E+03, -1.23423445314007E+00, -6.82500000000000E-01,  3.75707320723859E+00,  3.67300000000000E+01,  9.65395680373732E+01,  5.20866609360590E+02
 1.96708333300000E+03, -1.59953333234561E+00, -9.52500000000000E-01,  3.77931096705273E+00,  3.69100000000000E+01,  1.11214868177290E+02,  2.90713804655176E+02
 1.96716666700000E+03, -1.67664871761197E+00, -1.65250000000000E+00,  3.80140090849394E+00,  3.70900000000000E+01,  1.35110614888619E+02,  2.55537639549851E+02
 1.96725000000000E+03, -1.48871148902412E+00, -1.71750000000000E+00,  3.82334031017476E+00,  3.72700000000000E+01,  2.08557021731444E+02,  4.61326305414914E+02
 1.96733333300000E+03, -1.14828953245393E+00, -9.60000000000000E-01,  3.84512645256712E+00,  3.74500000000000E+01,  2.22083856592899E+02,  4.57291437879053E+02
 1.96741666700000E+03, -7.83961159744863E-01, -6.75000000000000E-01,  3.86675661835594E+00,  3.76300000000000E+01,  3.57673629502415E+02,  5.37192655796721E+02
 1.96750000000000E+03, -4.93034268405828E-01, -7.90000000000000E-01,  3.88822809279311E+00,  3.78100000000000E+01,  3.34606884133605E+02,  5.22870988964663E+02
 1.96758333300000E+03, -3.32882781430208E-01, -4.57500000000000E-01,  3.90953816405153E+00,  3.79900000000000E+01,  3.03457598025652E+02,  6.35783320772674E+02
 1.96766666700000E+03, -2.47724001721052E-01,  2.42500000000000E-01,  7.00126955401978E+00,  3.81700000000000E+01,  2.26068028012992E+02,  5.25024952082550E+02
 1.96775000000000E+03, -2.37179288661767E-01,  4.90000000000000E-01,  7.04340264606871E+00,  3.83500000000000E+01,  2.41535247208844E+02,  4.95410362429022E+02
 1.96783333300000E+03, -4.31071009804507E-01, -1.80000000000000E-01,  7.08527224351781E+00,  3.85300000000000E+01,  1.39864625624370E+02,  5.62435245283652E+02
 1.96791666700000E+03, -6.57794275207038E-01, -1.09250000000000E+00,  7.12687562988182E+00,  3.87100000000000E+01,  1.38167495106086E+02,  7.04139288703136E+02
 1.96800000000000E+03, -6.33840617509219E-01, -8.92500000000000E-01,  7.16821011783652E+00,  3.88900000000000E+01,  1.60226717548867E+02,  5.64020084152960E+02
 1.96808333300000E+03, -5.09010315674111E-01,  1.42500000000000E-01,  7.20927304945710E+00,  3.90700000000000E+01,  1.89865053744006E+02,  7.44904900693841E+02
 1.96816666700000E+03, -5.94542148771042E-01,  6.50000000000000E-02,  7.25006179645320E+00,  3.92500000000000E+01,  2.02177358992787E+02,  9.19442757610716E+02
 1.96825000000000E+03, -8.02698756671927E-01, -4.65000000000000E-01,  7.29057376040022E+00,  3.94299999999999E+01,  1.97706780239461E+02,  7.56570318322317E+02
 1.96833333300000E+03, -7.52946492325323E-01, -1.82500000000000E-01,  7.33080637296709E+00,  3.96099999999999E+01,  1.90986039903073E+02,  6.26556220192740E+02
 1.96841666700000E+03, -3.76292728877865E-01,  7.50000000000000E-03,  7.37075709614039E+00,  3.97899999999999E+01,  1.93173494618318E+02,  6.37610606364051E+02
 1.96850000000000E+03, -4.53817201978075E-02,  2.85000000000000E-01,  7.41042342244472E+00,  3.99699999999999E+01,  2.85517656824320E+02,  6.56274314064993E+02
 1.96858333300000E+03, -7.39918510910336E-02,  4.22500000000000E-01,  7.44980287515947E+00,  4.01499999999999E+01,  2.37419876062548E+02,  4.92913267633939E+02
 1.96866666700000E+03, -3.40408102550086E-01,  2.50000000000002E-03,  6.66555882289989E+00,  4.03299999999999E+01,  2.46202564601523E+02,  5.18596909206853E+02
 1.96875000000000E+03, -6.20957329599464E-01,  2.15000000000000E-01,  6.64298683010901E+00,  4.05099999999999E+01,  2.55129460778531E+02,  4.82916610566307E+02
 1.96883333300000E+03, -9.34184378996919E-01,  9.25000000000000E-02,  6.62024308098091E+00,  4.06899999999999E+01,  2.51841563460025E+02,  5.73325487107575E+02
 1.96891666700000E+03, -1.25464266312090E+00, -1.40250000000000E+00,  6.59732678106839E+00,  4.08699999999999E+01,  1.42791464194844E+02,  2.76494044954984E+02
 1.96900000000000E+03, -1.40849007991588E+00, -2.40750000000000E+00,  6.57423716211844E+00,  4.10499999999999E+01,  1.48308130331047E+02,  2.73552134904556E+02
 1.96908333300000E+03, -1.27095160706742E+00, -1.60750000000000E+00,  6.55097348226735E+00,  4.12299999999999E+01,  1.27684886689029E+02,  2.60317971194099E+02
 1.96916666700000E+03, -8.66311716366566E-01, -1.37500000000000E-01,  6.52753502623232E+00,  4.14099999999999E+01,  2.57336139638711E+02,  6.06782243559868E+02
 1.96925000000000E+03, -3.79009901862171E-01,  6.12500000000000E-01,  6.50392110549937E+00,  4.15899999999999E+01,  3.51284587098277E+02,  7.03804437808643E+02
 1.96933333300000E+03, -1.72313512226602E-02,  1.15750000000000E+00,  6.48013105850786E+00,  4.17699999999999E+01,  3.16406233733677E+02,  7.79319942927528E+02
 1.96941666700000E+03,  1.55502894327937E-01,  1.43750000000000E+00,  6.45616425083126E+00,  4.19499999999999E+01,  3.79169247482876E+02,  9.31833060568061E+02
 1.96950000000000E+03,  2.44399637597376E-01,  6.10000000000000E-01,  6.43202007535436E+00,  4.21299999999999E+01,  4.66584754319782E+02,  9.04419995257150E+02
 1.96958333300000E+03,  3.30378144449215E-01,  1.10000000000000E-01,  6.40769795244683E+00,  4.23099999999999E+01,  3.33651182337897E+02,  7.11016638647175E+02
 1.96966666700000E+03,  4.06787342956434E-01,  6.20000000000000E-01,  1.17687466830942E+01,  4.24899999999999E+01,  2.65949277244554E+02,  5.20915362968570E+02
 1.96975000000000E+03,  5.08113478166720E-01,  6.35000000000000E-01,  1.17421065656541E+01,  4.26699999999999E+01,  3.14088777415542E+02,  5.13828890467467E+02
 1.96983333300000E+03,  6.18601584483163E-01,  5.85000000000000E-01,  1.17154879094677E+01,  4.28499999999999E+01,  2.79063192906354E+02,  2.99058773265841E+02
 1.96991666700000E+03,  6.16154867287382E-01,  8.27500000000000E-01,  1.16888929014336E+01,  4.30299999999999E+01,  1.75513580310557E+02,  3.83056134158969E+02
 1.97000000000000E+03,  4.24342651529987E-01,  6.95000000000000E-01,  1.16623237071976E+01,  4.32099999999999E+01,  1.71302278960552E+02,  2.95034025766125E+02
 1.97008333300000E+03,  9.29475176818323E-02,  6.57500000000000E-01,  1.16357824709009E+01,  4.33899999999999E+01,  1.23216997628111E+02,  3.03921267630050E+02
 1.97016666700000E+03, -2.34741296838452E-01,  3.32500000000000E-01,  1.16092713149293E+01,  4.35699999999999E+01,  1.74802153550634E+02,  7.31922371599999E+02
 1.97025000000000E+03, -4.11349409329943E-01, -3.32500000000000E-01,  1.15827923396682E+01,  4.37499999999999E+01,  1.49190286984890E+02,  7.72546066189447E+02
 1.97033333300000E+03, -3.72946483811137E-01, -3.57500000000000E-01,  1.15563476232589E+01,  4.39299999999999E+01,  1.67940963572620E+02,  7.20806216989595E+02
 1.97041666700000E+03, -1.76390355315930E-01,  1.75000000000000E-01,  1.15299392213598E+01,  4.41099999999999E+01,  2.65731050212023E+02,  7.82080895252940E+02
 1.97050000000000E+03,  3.04849605432609E-02,  2.77500000000000E-01,  1.15035691669104E+01,  4.42899999999999E+01,  4.76459574945188E+02,  8.33879833835849E+02
 1.97058333300000E+03,  1.73821239127806E-01, -2.12500000000000E-01,  1.14772394698992E+01,  4.44699999999999E+01,  4.53197458301049E+02,  3.73679238039453E+02
 1.97066666700000E+03,  1.62872230336182E-01, -5.82500000000000E-01,  1.10863586362928E+01,  4.46499999999999E+01,  7.29108557028833E+02,  6.47556644486742E+02
 1.97075000000000E+03, -1.33698052930730E-01, -8.60000000000000E-01,  1.10609341479607E+01,  4.48299999999999E+01,  7.31020274507215E+02,  6.72465761865068E+02
 1.97083333300000E+03, -5.41732547574452E-01, -1.08500000000000E+00,  1.10355805958893E+01,  4.50099999999999E+01,  7.03767588085921E+02,  7.91881362610853E+02
 1.97091666700000E+03, -7.72130464723230E-01, -1.44000000000000E+00,  1.10102995392267E+01,  4.51899999999999E+01,  6.02448551845930E+02,  7.13125573810477E+02
 1.97100000000000E+03, -7.25202072524549E-01, -1.52750000000000E+00,  1.09850925104457E+01,  4.53699999999999E+01,  5.52005727026333E+02,  7.56831464610543E+02
 1.97108333300000E+03, -4.68806225409418E-01, -7.57500000000000E-01,  1.09599610151881E+01,  4.55499999999999E+01,  3.13771878239094E+02,  7.99527048566473E+02
 1.97116666700000E+03, -1.95766342832349E-01, -1.22500000000000E-01,  1.09349065321117E+01,  4.57299999999999E+01,  3.40874013650750E+02,  7.36329023344459E+02
 1.97125000000000E+03, -9.07411963015138E-02,  3.17500000000000E-01,  1.09099305127424E+01,  4.59099999999999E+01,  2.95174135337991E+02,  5.42335284618947E+02
 1.97133333300000E+03, -2.01315898028492E-01,  7.30000000000000E-01,  1.08850343813298E+01,  4.60899999999999E+01,  1.88582948469495E+02,  5.38326486039669E+02
 1.97141666700000E+03, -4.12944100700205E-01,  9.25000000000001E-02,  1.08602195347070E+01,  4.62699999999999E+01,  1.73659938912317E+02,  5.01019789454627E+02
 1.97150000000000E+03, -5.49523480466952E-01, -9.45000000000000E-01,  1.08354873421542E+01,  4.64499999999999E+01,  1.29789478790972E+02,  1.39764407882069E+02
 1.97158333300000E+03, -6.44450769717439E-01, -8.02500000000000E-01,  1.08108391452672E+01,  4.66299999999999E+01,  2.84268055130711E+02,  5.09773698285744E+02
 1.97166666700000E+03, -8.23019602128751E-01, -4.65000000000000E-01,  1.29342674364850E+01,  4.68099999999999E+01,  4.75944983066403E+02,  1.43083814708771E+03
 1.97175000000000E+03, -1.02561604918400E+00, -7.02500000000000E-01,  1.29210628446634E+01,  4.69899999999999E+01,  5.08043251476505E+02,  1.61561629895788E+03
 1.97183333300000E+03, -1.23819432901998E+00, -9.07500000000000E-01,  1.29078251884197E+01,  4.71699999999999E+01,  5.28015171635841E+02,  1.58820578870286E+03
 1.97191666700000E+03, -1.46434717154603E+00, -1.56000000000000E+00,  1.28945523608134E+01,  4.73499999999999E+01,  5.40382175398034E+02,  1.76073289695169E+03
 1.97200000000000E+03, -1.59671559039086E+00, -2.23750000000000E+00,  1.28812422546901E+01,  4.75299999999999E+01,  3.43152256110295E+02,  1.40082204003650E+03
 1.97208333300000E+03, -1.55167485028429E+00, -1.77500000000000E+00,  1.28678927630659E+01,  4.77099999999999E+01,  2.25808836201122E+02,  5.21070514873970E+02
 1.97216666700000E+03, -1.32401531808865E+00, -1.10500000000000E+00,  1.28545017795124E+01,  4.78899999999999E+01,  1.97703585824777E+02,  5.04863057194027E+02
 1.97225000000000E+03, -9.82644974640933E-01, -9.47500000000000E-01,  1.28410671985424E+01,  4.80699999999999E+01,  2.51165124812404E+02,  6.82011451398046E+02
 1.97233333300000E+03, -6.17420589204314E-01, -4.20000000000000E-01,  1.28275869159943E+01,  4.82499999999999E+01,  2.82600641933582E+02,  5.79222610213925E+02
 1.97241666700000E+03, -2.89257657886169E-01, -3.05000000000000E-01,  1.28140588294176E+01,  4.84299999999999E+01,  3.64248076558118E+02,  6.61791318329029E+02
 1.97250000000000E+03, -2.48416896801667E-02, -6.12500000000000E-01,  1.28004808384573E+01,  4.86099999999999E+01,  3.74864077462641E+02,  5.81778051553640E+02
 1.97258333300000E+03,  7.67540952557947E-02, -2.70000000000000E-01,  1.27868508452390E+01,  4.87899999999999E+01,  4.19162083268604E+02,  7.27259284679565E+02
 1.97266666700000E+03, -2.28090726077346E-02, -3.17500000000000E-01,  1.47632006573498E+01,  4.89699999999999E+01,  3.44997729357287E+02,  6.89644637362876E+02
 1.97275000000000E+03, -1.51492483180812E-01, -5.80000000000000E-01,  1.47422602433151E+01,  4.91499999999999E+01,  2.95474432623666E+02,  6.55049262815372E+02
 1.97283333300000E+03, -2.00608635272099E-01, -3.22500000000000E-01,  1.47214372732013E+01,  4.93299999999999E+01,  2.44549093551153E+02,  7.72004706617048E+02
 1.97291666700000E+03, -1.61063830082656E-01, -5.17500000000000E-01,  1.47007318969188E+01,  4.95099999999999E+01,  2.08075819730658E+02,  1.01246988174912E+03
 1.97300000000000E+03, -1.52115370157299E-02, -6.90000000000000E-01,  1.46801442331426E+01,  4.96899999999999E+01,  1.85265612636412E+02,  7.19419805669052E+02
 1.97308333300000E+03,  1.99258777049349E-01, -1.57500000000000E-01,  1.46596743693664E+01,  4.98699999999999E+01,  1.80104182472791E+02,  5.76066032007191E+02
 1.97316666700000E+03,  3.89546165751121E-01,  2.57500000000000E-01,  1.46393223619627E+01,  5.00499999999999E+01,  1.78131102349725E+02,  5.52500308104601E+02
 1.97325000000000E+03,  4.59536537546557E-01,  3.55000000000000E-01,  1.46190882362464E+01,  5.02299999999999E+01,  1.40224885837654E+02,  3.60432168319529E+02
 1.97333333300000E+03,  3.80120310142773E-01,  6.15000000000000E-01,  1.45989719865435E+01,  5.04099999999999E+01,  8.42252047893086E+01,  1.25912498013778E+02
 1.97341666700000E+03,  2.17852032995603E-01,  6.07500000000000E-01,  1.45789735762645E+01,  5.05899999999999E+01,  5.85722508150358E+01,  1.60898125603232E+02
 1.97350000000000E+03,  9.09003862601926E-02, -1.15000000000000E-01,  1.45590929379821E+01,  5.07699999999999E+01,  1.26891570678127E+02,  1.80064801483167E+02
 1.97358333300000E+03, -7.11236824006082E-02, -6.07500000000000E-01,  1.45393299735134E+01,  5.09499999999999E+01,  1.62352611325769E+02,  1.72055936205645E+02
 1.97366666700000E+03, -3.25480710611744E-01, -5.57500000000000E-01,  6.65105903273918E+00,  5.11299999999999E+01,  1.66578324437945E+02,  1.65851319848594E+02
 1.97375000000000E+03, -5.38387517641799E-01, -8.52500000000000E-01,  6.70250451852105E+00,  5.13099999999999E+01,  1.71127608424354E+02,  1.71631413481306E+02
 1.97383333300000E+03, -5.72607779325870E-01, -9.57500000000000E-01,  6.75407014773292E+00,  5.14899999999999E+01,  1.92764062336185E+02,  2.24852226225419E+02
 1.97391666700000E+03, -2.98781078527616E-01, -6.85000000000000E-01,  6.80575179978505E+00,  5.16699999999999E+01,  1.24853049995318E+02,  3.38557987989116E+02
 1.97400000000000E+03, -1.07005973508140E-01, -1.08750000000000E+00,  6.85754534544568E+00,  5.18499999999999E+01,  1.18532012197676E+02,  4.22384175155440E+02
 1.97408333300000E+03, -4.08931334862728E-01, -1.41000000000000E+00,  6.90944664727498E+00,  5.20299999999999E+01,  3.14905662617939E+02,  4.79585380471227E+02
 1.97416666700000E+03, -7.12119102529959E-01, -1.10750000000000E+00,  6.96145156005979E+00,  5.22099999999999E+01,  3.03508589932073E+02,  4.93908633124967E+02
 1.97425000000000E+03, -6.10619967436440E-01, -7.40000000000000E-01,  7.01355593124925E+00,  5.23899999999999E+01,  3.22680887051477E+02,  4.03309810664570E+02
 1.97433333300000E+03, -4.71467513787192E-01, -7.22500000000000E-01,  7.06575560139115E+00,  5.25699999999999E+01,  4.48192218285416E+02,  6.64612574452252E+02
 1.97441666700000E+03, -4.43010776638355E-01, -8.02500000000000E-01,  7.11804640456878E+00,  5.27499999999999E+01,  4.52130544726282E+02,  6.33370781773812E+02
 1.97450000000000E+03, -2.63860626402742E-01, -1.60000000000000E-01,  7.17042416883854E+00,  5.29299999999999E+01,  2.79336388899916E+02,  6.24507051314196E+02
 1.97458333300000E+03,  8.32024727438030E-02,  5.15000000000000E-01,  7.22288471666807E+00,  5.31099999999999E+01,  3.43142798453388E+02,  6.41978211704751E+02
 1.97466666700000E+03,  2.41543464757004E-01,  6.32500000000000E-01,  7.56112271634852E+00,  5.32899999999999E+01,  3.32570739092680E+02,  7.00394864128665E+02
 1.97475000000000E+03,  6.52591288336843E-03,  6.85000000000000E-01,  7.51986394818219E+00,  5.34699999999999E+01,  2.47456324781647E+02,  3.92819189584775E+02
 1.97483333300000E+03, -2.22316041461495E-01,  5.92500000000000E-01,  7.47854600463762E+00,  5.36499999999999E+01,  2.59365524386372E+02,  5.88958241988449E+02
 1.97491666700000E+03, -3.04160605977942E-01,  2.25000000000000E-02,  7.43717163524536E+00,  5.38299999999999E+01,  3.86446736330583E+02,  8.65812588107306E+02
 1.97500000000000E+03, -5.52097203702791E-01, -6.32500000000000E-01,  7.39574361188008E+00,  5.40099999999999E+01,  3.03527657530962E+02,  8.05390485747617E+02
 1.97508333300000E+03, -9.20314982862391E-01, -7.57500000000000E-01,  7.35426472846289E+00,  5.41899999999999E+01,  2.83358419564124E+02,  8.63644516872371E+02
 1.97516666700000E+03, -1.01937478387108E+00, -7.00000000000000E-01,  7.31273780066051E+00,  5.43699999999999E+01,  2.72985602480648E+02,  8.86025458255859E+02
 1.97525000000000E+03, -6.95153342034444E-01, -3.87500000000000E-01,  7.27116566558079E+00,  5.45499999999999E+01,  2.46680504403450E+02,  6.52679652130077E+02
 1.97533333300000E+03, -2.96539419526846E-01,  5.50000000000000E-02,  7.22955118146530E+00,  5.47299999999999E+01,  1.71052688594750E+02,  5.20823724832965E+02
 1.97541666700000E+03, -2.08710527982893E-01, -3.87500000000000E-01,  7.18789722737849E+00,  5.49099999999999E+01,  2.93269095994141E+02,  1.03805288884614E+03
 1.97550000000000E+03, -3.21007208387433E-01, -1.11750000000000E+00,  7.14620670289372E+00,  5.50899999999999E+01,  3.11866454216467E+02,  9.46487368828601E+02
 1.97558333300000E+03, -3.31649327551004E-01, -9.90000000000000E-01,  7.10448252777607E+00,  5.52699999999999E+01,  3.46382695309741E+02,  8.94989522776853E+02
 1.97566666700000E+03, -2.73667734306321E-01, -5.52500000000000E-01,  1.88350958964401E+01,  5.54499999999999E+01,  4.49308731702772E+02,  1.30156988980901E+03
 1.97575000000000E+03, -2.97206529497251E-01, -5.40000000000000E-01,  1.88181343095289E+01,  5.56299999999999E+01,  5.65637564171916E+02,  1.33859742308507E+03
 1.97583333300000E+03, -3.87930662777991E-01, -5.17500000000000E-01,  1.88009294061074E+01,  5.58099999999999E+01,  4.69112806692922E+02,  9.15046923642348E+02
 1.97591666700000E+03, -4.42146149151150E-01, -3.00000000000000E-01,  1.87834840060653E+01,  5.59899999999999E+01,  4.86045693331049E+02,  1.09011255563163E+03
 1.97600000000000E+03, -3.51596424234826E-01, -7.60000000000000E-01,  1.87658009422798E+01,  5.61699999999999E+01,  4.11618059964396E+02,  1.06435237476206E+03
 1.97608333300000E+03, -1.00337944351225E-01, -1.69750000000000E+00,  1.87478830602036E+01,  5.63499999999999E+01,  3.74227224264013E+02,  8.83760579497034E+02
 1.97616666700000E+03,  1.95572274268928E-01, -1.25500000000000E+00,  1.87297332174522E+01,  5.65299999999999E+01,  2.30535899572542E+02,  8.08579463135557E+02
 1.97625000000000E+03,  3.91097007663541E-01,  1.60000000000000E-01,  1.87113542833890E+01,  5.67099999999999E+01,  2.22571717251132E+02,  7.65402427429215E+02
 1.97633333300000E+03,  4.27917322939494E-01,  1.90000000000000E-01,  1.86927491387108E+01,  5.68899999999999E+01,  2.04429364441817E+02,  5.59459993545917E+02
 1.97641666700000E+03,  3.40518074008080E-01, -5.45000000000000E-01,  1.86739206750318E+01,  5.70699999999999E+01,  2.71975907033586E+02,  5.81443102947027E+02
 1.97650000000000E+03,  1.90356230358161E-01, -5.45000000000000E-01,  1.86548717944671E+01,  5.72499999999999E+01,  2.26227972626708E+02,  5.55084454340721E+02
 1.97658333300000E+03,  2.07584491951714E-01, -3.50000000000000E-01,  1.86356054092152E+01,  5.74299999999999E+01,  1.79197146589405E+02,  4.19653287181560E+02
 1.97666666700000E+03,  4.68048215277019E-01,  5.25000000000000E-02,  1.71084453497141E+01,  5.76099999999999E+01,  1.75418891727719E+02,  4.05816924716172E+02
 1.97675000000000E+03,  7.51911521493152E-01,  8.75000000000000E-01,  1.71485396540336E+01,  5.77899999999999E+01,  1.50215234010920E+02,  4.96237269135650E+02
 1.97683333300000E+03,  1.05853470466111E+00,  1.14000000000000E+00,  1.71883224074590E+01,  5.79699999999999E+01,  1.25034899335756E+02,  4.32102949462075E+02
 1.97691666700000E+03,  1.25234172617094E+00,  9.35000000000000E-01,  1.72277910238593E+01,  5.81499999999999E+01,  9.36132997283379E+01,  2.30143883734128E+02
 1.97700000000000E+03,  1.08072165881232E+00,  1.46000000000000E+00,  1.72669429528903E+01,  5.83299999999999E+01,  8.37683555707689E+01,  2.55672691132871E+02
 1.97708333300000E+03,  7.29436620613484E-01,  1.44250000000000E+00,  1.73057756802217E+01,  5.85099999999999E+01,  8.33220535830033E+01,  2.38490850215892E+02
 1.97716666700000E+03,  5.35298144458809E-01,  1.82500000000000E-01,  1.73442867277594E+01,  5.86899999999999E+01,  1.42646756190960E+02,  2.80026778140644E+02
 1.97725000000000E+03,  5.07434771692811E-01, -4.72500000000000E-01,  1.73824736538636E+01,  5.88699999999999E+01,  1.27132778365856E+02,  2.81452927717272E+02
 1.97733333300000E+03,  3.80242995185854E-01, -2.17500000000000E-01,  1.74203340535625E+01,  5.90499999999999E+01,  1.27397399318178E+02,  2.55251001751526E+02
 1.97741666700000E+03,  8.29373155380351E-02, -1.15000000000000E-01,  1.74578655587601E+01,  5.92299999999999E+01,  1.66702657061809E+02,  2.31173111568887E+02
 1.97750000000000E+03, -1.00749304331382E-01,  1.72500000000000E-01,  1.74950658384409E+01,  5.94099999999999E+01,  1.48371975125895E+02,  2.64893025941201E+02
 1.97758333300000E+03,  1.45397913326690E-02,  6.60000000000000E-01,  1.75319325988689E+01,  5.95899999999999E+01,  8.44026138155963E+01,  1.57440483010985E+02
 1.97766666700000E+03,  1.31606589158069E-01,  5.02500000000000E-01,  9.77849529803574E+00,  5.97699999999999E+01,  1.04237333145329E+02,  2.16883325382110E+02
 1.97775000000000E+03,  1.65188741792529E-02,  3.90000000000000E-01,  9.74450957623463E+00,  5.99499999999999E+01,  1.18605206836590E+02,  3.46449351653207E+02
 1.97783333300000E+03, -5.90826405521187E-02,  2.50000000000000E-03,  9.71035146513660E+00,  6.01299999999999E+01,  9.20438174623850E+01,  3.82302425600562E+02
 1.97791666700000E+03,  1.02497887203622E-01, -4.22500000000000E-01,  9.67602203400348E+00,  6.03099999999999E+01,  1.00642574331027E+02,  3.42178276025169E+02
 1.97800000000000E+03,  3.15853830256013E-01,  2.15000000000000E-01,  9.64152238495295E+00,  6.04899999999999E+01,  1.16785236480799E+02,  3.04184348844082E+02
 1.97808333300000E+03,  3.37670933459891E-01,  6.87500000000000E-01,  9.60685365290326E+00,  6.06699999999999E+01,  8.49475406512594E+01,  3.33585190668570E+02
 1.97816666700000E+03,  1.49013962060669E-01,  2.12500000000000E-01,  9.57201700551313E+00,  6.08499999999999E+01,  7.29781302290152E+01,  3.38961016685334E+02
 1.97825000000000E+03, -5.57293310433419E-02, -3.22500000000000E-01,  9.53701364311722E+00,  6.10299999999999E+01,  1.22230822877237E+02,  3.53359363699916E+02
 1.97833333300000E+03, -1.51696441326618E-01, -6.42500000000000E-01,  9.50184479865673E+00,  6.12099999999999E+01,  1.41898795480240E+02,  3.45095732786219E+02
 1.97841666700000E+03, -2.48300482649993E-01, -1.25000000000000E+00,  9.46651173760555E+00,  6.13899999999999E+01,  2.28591876166081E+02,  4.95834120778111E+02
 1.97850000000000E+03, -4.96519193604597E-01, -1.44000000000000E+00,  9.43101575789183E+00,  6.15699999999999E+01,  2.19412729758881E+02,  4.10662106688709E+02
 1.97858333300000E+03, -6.32530487029131E-01, -2.52500000000000E-01,  9.39535818981472E+00,  6.17499999999999E+01,  2.56402676602076E+02,  2.83353507725997E+02
 1.97866666700000E+03, -4.66890907069827E-01,  8.67500000000000E-01,  7.14145828739806E+00,  6.19299999999999E+01,  2.09732170355257E+02,  3.04746950935461E+02
 1.97875000000000E+03, -3.87104210356263E-01,  5.70000000000000E-01,  7.13162657836510E+00,  6.21099999999999E+01,  2.24706942585877E+02,  3.44261155582333E+02
 1.97883333300000E+03, -5.37019718033695E-01, -3.22500000000000E-01,  7.12222529810887E+00,  6.22899999999999E+01,  1.47859906419012E+02,  3.27817924304573E+02
 1.97891666700000E+03, -7.37718167770557E-01, -1.01500000000000E+00,  7.11325597689768E+00,  6.24699999999999E+01,  1.50716309584297E+02,  4.40257762670602E+02
 1.97900000000000E+03, -8.76291206606919E-01, -1.70750000000000E+00,  7.10472010650066E+00,  6.26499999999999E+01,  1.25086594051660E+02,  4.77834496662030E+02
 1.97908333300000E+03, -8.66173986421489E-01, -1.73000000000000E+00,  7.09661913996034E+00,  6.28299999999999E+01,  1.64023910397557E+02,  4.63981755093773E+02
 1.97916666700000E+03, -7.19371371824322E-01, -6.80000000000000E-01,  7.08895449136969E+00,  6.30099999999999E+01,  1.20531364593308E+02,  6.28194186539955E+02
 1.97925000000000E+03, -5.24717891045467E-01,  2.62500000000000E-01,  7.08172753565393E+00,  6.31899999999999E+01,  1.00149430163498E+02,  5.03470833021401E+02
 1.97933333300000E+03, -3.59392386729208E-01,  1.87500000000000E-01,  7.07493960835679E+00,  6.33699999999999E+01,  1.23540158298439E+02,  5.15146120036521E+02
 1.97941666700000E+03, -2.30454333878829E-01, -3.75000000000000E-01,  7.06859200543158E+00,  6.35499999999999E+01,  1.80649711122360E+02,  6.65667833552671E+02
 1.97950000000000E+03, -1.04915022740980E-01,  1.25000000000000E-02,  7.06268598303686E+00,  6.37299999999999E+01,  2.22393849882138E+02,  6.89976551648924E+02
 1.97958333300000E+03,  3.67839304350054E-02,  7.17500000000000E-01,  7.05722275733686E+00,  6.39099999999999E+01,  2.91323368711545E+02,  5.40211711200110E+02
 1.97966666700000E+03,  2.90050692826464E-01,  1.14000000000000E+00,  1.43715214720082E+01,  6.40899999999999E+01,  3.13454038962242E+02,  6.62257968486896E+02
 1.97975000000000E+03,  5.52126971874104E-01,  1.30750000000000E+00,  1.44241490378185E+01,  6.42699999999999E+01,  3.15197103956209E+02,  6.41265381118710E+02
 1.97983333300000E+03,  4.04620571675080E-01,  5.47500000000000E-01,  1.44766650336831E+01,  6.44499999999999E+01,  2.41089530428334E+02,  4.70966737469545E+02
 1.97991666700000E+03,  2.15359230846509E-02, -4.65000000000000E-01,  1.45290653320089E+01,  6.46299999999999E+01,  1.68683934032007E+02,  3.52282615100391E+02
 1.98000000000000E+03, -1.21995181447213E-03, -1.67500000000000E-01,  1.45813458212310E+01,  6.48099999999999E+01,  1.72151638637327E+02,  3.29092443062942E+02
 1.98008333300000E+03,  1.20561132741276E-01,  6.02500000000000E-01,  1.46335024062431E+01,  6.49900000000000E+01,  1.45574264625664E+02,  1.95136610626386E+02
 1.98016666700000E+03, -9.80745648516801E-02,  6.02500000000000E-01,  1.46855310088274E+01,  6.51700000000000E+01,  1.61133758599916E+02,  1.13782474565724E+02
 1.98025000000000E+03, -3.11291146976232E-01,  6.30000000000000E-01,  1.47374275680810E+01,  6.53500000000000E+01,  2.44521027100483E+02,  1.12333742252953E+02
 1.98033333300000E+03, -1.49051937813067E-01,  1.32500000000000E-01,  1.47891880408401E+01,  6.55300000000000E+01,  2.43587841368265E+02,  3.02911451164590E+02
 1.98041666700000E+03, -5.17274401309178E-03, -6.47500000000000E-01,  1.48408084021022E+01,  6.57100000000000E+01,  2.21398649621093E+02,  2.63239731537746E+02
 1.98050000000000E+03, -6.85292991241296E-02, -1.11500000000000E+00,  1.48922846454456E+01,  6.58900000000000E+01,  2.60371756535391E+02,  3.24725156243153E+02
 1.98058333300000E+03,  3.54142193301845E-02, -1.23750000000000E+00,  1.49436127834464E+01,  6.60700000000000E+01,  3.38056578678536E+02,  5.70246849093534E+02
 1.98066666700000E+03,  3.57821870705125E-01,  1.70000000000000E-01,  2.01007153875147E+01,  6.62500000000000E+01,  2.53055417938323E+02,  5.62142681381622E+02
 1.98075000000000E+03,  6.71060711499302E-01,  1.73500000000000E+00,  2.00768040352039E+01,  6.64300000000000E+01,  2.91608414154942E+02,  6.01269059620804E+02
 1.98083333300000E+03,  9.34566229796539E-01,  1.21500000000000E+00,  2.00530008939688E+01,  6.66100000000000E+01,  2.62410990657284E+02,  6.41766598239120E+02
 1.98091666700000E+03,  1.09135317493519E+00,  6.50000000000000E-01,  2.00293068856411E+01,  6.67900000000000E+01,  2.56683755942790E+02,  6.10644938552893E+02
 1.98100000000000E+03,  1.03990074153896E+00,  1.14000000000000E+00,  2.00057228989580E+01,  6.69700000000000E+01,  1.53807990348336E+02,  3.66380711757344E+02
 1.98108333300000E+03,  8.23493543312969E-01,  1.03750000000000E+00,  1.99822497895032E+01,  6.71500000000000E+01,  2.01868874902224E+02,  4.33696800795973E+02
 1.98116666700000E+03,  5.51546346693439E-01,  3.80000000000000E-01,  1.99588883796538E+01,  6.73300000000000E+01,  2.86925601172384E+02,  3.06077758342834E+02
 1.98125000000000E+03,  2.69380029371208E-01,  1.60000000000000E-01,  1.99356394585322E+01,  6.75100000000000E+01,  2.95398989952844E+02,  3.87061194350365E+02
 1.98133333300000E+03,  1.91607288744550E-02,  5.82500000000000E-01,  1.99125037819627E+01,  6.76900000000001E+01,  3.48664899697670E+02,  3.91761482724309E+02
 1.98141666700000E+03, -1.06564893093071E-01,  1.52500000000000E-01,  1.98894820724343E+01,  6.78700000000001E+01,  3.35396507838962E+02,  3.94532247988667E+02
 1.98150000000000E+03, -8.99084496915049E-02, -9.20000000000000E-01,  1.98665750190670E+01,  6.80500000000001E+01,  2.92872327388444E+02,  3.30789953924873E+02
 1.98158333300000E+03, -9.67101262101854E-02, -1.00500000000000E+00,  1.98437832775850E+01,  6.82300000000001E+01,  1.47119679223318E+02,  2.52312941568669E+02
 1.98166666700000E+03, -2.28965894874865E-01, -7.02500000000000E-01,  7.10135037568066E+00,  6.84100000000001E+01,  1.84236122603397E+02,  1.56981134635668E+02
 1.98175000000000E+03, -4.01817776885222E-01, -3.97500000000000E-01,  7.10986871946017E+00,  6.85900000000001E+01,  1.40320967411564E+02,  3.74143167466979E+02
 1.98183333300000E+03, -6.03462206866623E-01,  1.32500000000000E-01,  7.11884676328780E+00,  6.87700000000001E+01,  1.96303248093169E+02,  3.57459952119932E+02
 1.98191666700000E+03, -8.23163512446139E-01, -3.50000000000000E-01,  7.12828433544639E+00,  6.89500000000001E+01,  1.95250927302059E+02,  4.00886749750117E+02
 1.98200000000000E+03, -9.53138361602505E-01, -1.28000000000000E+00,  7.13818122040844E+00,  6.91300000000001E+01,  2.46304944096431E+02,  4.29506765077660E+02
 1.98208333300000E+03, -9.22210175548851E-01, -1.45250000000000E+00,  7.14853715881268E+00,  6.93100000000001E+01,  2.00289346978854E+02,  4.21265581241727E+02
 1.98216666700000E+03, -7.43565758693505E-01, -1.65000000000000E+00,  7.15935184744614E+00,  6.94900000000001E+01,  1.69718967872418E+02,  3.86697215415634E+02
 1.98225000000000E+03, -4.97633050621641E-01, -1.58750000000000E+00,  7.17062493923123E+00,  6.96700000000001E+01,  1.65680838694672E+02,  6.30109717069817E+02
 1.98233333300000E+03, -2.69060643046116E-01, -2.42500000000000E-01,  7.18235604321842E+00,  6.98500000000001E+01,  1.83198245826114E+02,  6.15557786422674E+02
 1.98241666700000E+03, -9.66663097948872E-02,  1.07500000000000E+00,  7.19454472458402E+00,  7.00300000000001E+01,  1.49717652705526E+02,  5.89753056608289E+02
 1.98250000000000E+03,  2.20867076963816E-02,  8.65000000000000E-01,  7.20719050463325E+00,  7.02100000000002E+01,  1.80095680693764E+02,  7.80464576575472E+02
 1.98258333300000E+03,  1.38688518547046E-02,  4.85000000000000E-01,  7.22029286080872E+00,  7.03900000000002E+01,  2.20117641078851E+02,  5.80785787430901E+02
 1.98266666700000E+03, -1.17345156657379E-01,  2.77500000000000E-01,  1.88186400399524E+01,  7.05700000000002E+01,  1.71704262317419E+02,  3.49933308537184E+02
 1.98275000000000E+03, -1.97706426438747E-01, -3.40000000000000E-01,  1.88020568519710E+01,  7.07500000000002E+01,  2.03113836909757E+02,  3.63144495170359E+02
 1.98283333300000E+03, -2.07085031803121E-01, -3.37500000000000E-01,  1.87855757869425E+01,  7.09300000000002E+01,  2.24980225378668E+02,  3.65977651095075E+02
 1.98291666700000E+03, -1.90438943328631E-01,  3.25000000000000E-01,  1.87691957625683E+01,  7.11100000000002E+01,  1.76368075327026E+02,  1.60776279622029E+02
 1.98300000000000E+03, -1.02307725195970E-01,  9.07500000000000E-01,  1.87529156695939E+01,  7.12900000000002E+01,  2.07834752133444E+02,  2.63453115777226E+02
 1.98308333300000E+03,  6.88934753763582E-02,  1.44500000000000E+00,  1.87367343720548E+01,  7.14700000000002E+01,  2.61268626074118E+02,  3.20571171371057E+02
 1.98316666700000E+03,  2.71580806160108E-01,  1.62000000000000E+00,  1.87206507075265E+01,  7.16500000000002E+01,  2.06371077856827E+02,  2.66872129820315E+02
 1.98325000000000E+03,  4.17823117902272E-01,  9.77500000000000E-01,  1.87046634873789E+01,  7.18300000000002E+01,  2.60900957485446E+02,  3.97713692701633E+02
 1.98333333300000E+03,  4.46071689159330E-01,  7.30000000000000E-01,  1.86887714970343E+01,  7.20100000000002E+01,  2.89645867824864E+02,  4.54545599632386E+02
 1.98341666700000E+03,  3.63286882362168E-01,  1.23500000000000E+00,  1.86729734962292E+01,  7.21900000000002E+01,  2.08367661315668E+02,  3.55837530818428E+02
 1.98350000000000E+03,  2.28682377468828E-01,  1.06000000000000E+00,  1.86572682192801E+01,  7.23700000000002E+01,  2.69621862964115E+02,  5.48660665407944E+02
 1.98358333300000E+03,  2.52905620558739E-01,  1.12500000000000E-01,  1.86416543753537E+01,  7.25500000000002E+01,  3.00588871210626E+02,  5.78233844173990E+02
 1.98366666700000E+03,  5.42715621634110E-01, -4.95000000000000E-01,  8.38236723127546E+00,  7.27300000000002E+01,  2.61500860888837E+02,  4.90883876177182E+02
 1.98375000000000E+03,  7.67602051057798E-01,  2.25000000000000E-01,  8.35131588082786E+00,  7.29100000000003E+01,  2.32411093809938E+02,  5.52697947434518E+02
 1.98383333300000E+03,  6.43861349222590E-01,  7.87500000000000E-01,  8.32054975495310E+00,  7.30900000000003E+01,  2.65589136579287E+02,  6.21050316532031E+02
 1.98391666700000E+03,  2.58706596895220E-01,  2.82500000000000E-01,  8.29007209362478E+00,  7.32700000000003E+01,  2.54110199107692E+02,  3.58885525259856E+02
 1.98400000000000E+03, -1.15172786749972E-01,  3.30000000000000E-01,  8.25988611807507E+00,  7.34500000000003E+01,  3.17292359024209E+02,  4.02775017863252E+02
 1.98408333300000E+03, -2.42390332721472E-01,  7.85000000000000E-01,  8.22999503037179E+00,  7.36300000000003E+01,  2.85984653493850E+02,  4.05777812772862E+02
 1.98416666700000E+03, -1.31408541244719E-01,  1.07500000000000E+00,  8.20040201299744E+00,  7.38100000000003E+01,  3.72492610412121E+02,  4.17643159589374E+02
 1.98425000000000E+03, -1.88014599654172E-03,  1.06750000000000E+00,  8.17111022843030E+00,  7.39900000000003E+01,  3.39670382515566E+02,  3.27185003185420E+02
 1.98433333300000E+03, -5.90671663299469E-02,  4.47500000000000E-01,  8.14212281872751E+00,  7.41700000000003E+01,  2.24671844103612E+02,  3.60455798439528E+02
 1.98441666700000E+03, -2.97660418933587E-01, -7.40000000000000E-01,  8.11344290511023E+00,  7.43500000000003E+01,  1.95204398706405E+02,  3.63885266546408E+02
 1.98450000000000E+03, -5.13555796852119E-01, -1.68000000000000E+00,  8.08507358755114E+00,  7.45300000000003E+01,  1.82892181260718E+02,  3.76939252191222E+02
 1.98458333300000E+03, -2.57294475821280E-01, -1.22750000000000E+00,  8.05701794436395E+00,  7.47100000000003E+01,  1.04399635571688E+02,  3.67184768105997E+02
 1.98466666700000E+03,  3.05796483885225E-01, -4.27500000000000E-01,  1.92270980171639E+01,  7.48900000000003E+01,  1.24000474696937E+02,  3.70589362235853E+02
 1.98475000000000E+03,  3.87369955605085E-01, -1.72500000000000E-01,  1.91911464973715E+01,  7.50700000000003E+01,  1.47168786130261E+02,  5.54426183970494E+02
 1.98483333300000E+03,  1.14199054500549E-01, -4.12500000000000E-01,  1.91550186525894E+01,  7.52500000000003E+01,  1.67635797335625E+02,  4.77062833145875E+02
 1.98491666700000E+03, -1.29075311786454E-01, -4.92500000000000E-01,  1.91187158454246E+01,  7.54300000000003E+01,  2.20117787056422E+02,  7.76283368189857E+02
 1.98500000000000E+03, -4.74247147953196E-01, -2.50000000000000E-03,  1.90822394750609E+01,  7.56100000000004E+01,  2.19210421973454E+02,  7.81195678486334E+02
 1.98508333300000E+03, -9.25513340855564E-01, -4.32500000000000E-01,  1.90455909771658E+01,  7.57900000000004E+01,  3.54654812222297E+02,  8.55533931718410E+02
 1.98516666700000E+03, -1.20645050851688E+00, -1.16000000000000E+00,  1.90087718237915E+01,  7.59700000000004E+01,  4.38221963876347E+02,  8.98380655647706E+02
 1.98525000000000E+03, -1.04850982940738E+00, -1.13750000000000E+00,  1.89717835232706E+01,  7.61500000000004E+01,  4.09844254195329E+02,  1.04983925926005E+03
 1.98533333300000E+03, -5.64275412001774E-01, -4.07500000000000E-01,  1.89346276201063E+01,  7.63300000000004E+01,  4.65433625789216E+02,  7.69927969525150E+02
 1.98541666700000E+03, -1.66807267017228E-01,  3.87500000000000E-01,  1.88973056948571E+01,  7.65100000000004E+01,  4.77313893002656E+02,  6.84140646473931E+02
 1.98550000000000E+03, -8.53683451296633E-02,  9.25000000000000E-02,  1.88598193640161E+01,  7.66900000000004E+01,  4.82839522802598E+02,  6.24844540437117E+02
 1.98558333300000E+03, -2.71573699702673E-01, -4.70000000000000E-01,  1.88221702798846E+01,  7.68700000000004E+01,  3.72265139389724E+02,  3.81378877945045E+02
 1.98566666700000E+03, -5.12744135870048E-01, -8.22500000000000E-01,  1.60806693285589E+01,  7.70500000000004E+01,  3.79968117155731E+02,  2.79493249846664E+02
 1.98575000000000E+03, -5.74164161809811E-01, -1.36500000000000E+00,  1.60557161308852E+01,  7.72300000000004E+01,  2.80094450771234E+02,  2.26736982010185E+02
 1.98583333300000E+03, -4.94883345391315E-01, -1.02000000000000E+00,  1.60305737354492E+01,  7.74100000000004E+01,  2.85868122196815E+02,  3.46712945839539E+02
 1.98591666700000E+03, -3.44719716727965E-01,  2.32500000000000E-01,  1.60052415514499E+01,  7.75900000000004E+01,  1.53660139001746E+02,  4.02973194362287E+02
 1.98600000000000E+03, -9.82817672639222E-02,  6.72500000000000E-01,  1.59797190195313E+01,  7.77700000000004E+01,  2.56964985451198E+02,  4.04097887735527E+02
 1.98608333300000E+03,  1.52994953636448E-01,  4.82500000000000E-01,  1.59540056119692E+01,  7.79500000000004E+01,  1.99089737297810E+02,  4.59746027359907E+02
 1.98616666700000E+03,  2.41785679754713E-01,  3.20000000000000E-01,  1.59281008328534E+01,  7.81300000000005E+01,  2.21639257490247E+02,  6.07519730198848E+02
 1.98625000000000E+03,  6.99126933411088E-02,  4.50000000000000E-02,  1.59020042182656E+01,  7.83100000000005E+01,  3.82107635041250E+02,  6.94391833275208E+02
 1.98633333300000E+03, -2.70889107691762E-01,  4.50000000000000E-02,  1.58757153364525E+01,  7.84900000000005E+01,  4.19737702715704E+02,  7.06175359566730E+02
 1.98641666700000E+03, -5.40718426589899E-01,  1.00000000000000E-01,  1.58492337879943E+01,  7.86700000000005E+01,  5.80880922840671E+02,  8.64002043362997E+02
 1.98650000000000E+03, -5.44603583179650E-01, -4.50000000000000E-01,  1.58225592059688E+01,  7.88500000000005E+01,  6.00868086424208E+02,  9.60900793953407E+02
 1.98658333300000E+03, -2.83858495859566E-01, -9.02500000000000E-01,  1.57956912561106E+01,  7.90300000000005E+01,  6.56641664679849E+02,  8.77615625034633E+02
 1.98666666700000E+03,  1.54138130462967E-02, -2.17500000000000E-01,  2.36210183942534E+01,  7.92100000000005E+01,  4.82201379910576E+02,  6.47168265246060E+02
 1.98675000000000E+03,  1.48605943301937E-01,  3.42500000000000E-01,  2.36033548259399E+01,  7.93900000000005E+01,  4.36980137236980E+02,  6.26968816220031E+02
 1.98683333300000E+03,  1.61139464148561E-01,  2.05000000000000E-01,  2.35854459730699E+01,  7.95700000000005E+01,  1.92956866634702E+02,  5.29899057495729E+02
 1.98691666700000E+03,  1.46062259038190E-01,  5.10000000000000E-01,  2.35672948080212E+01,  7.97500000000005E+01,  2.47861418669629E+02,  4.13267170335644E+02
 1.98700000000000E+03,  1.33354260712153E-01,  7.22500000000000E-01,  2.35489043161442E+01,  7.99300000000005E+01,  2.28741727584074E+02,  4.24646702053862E+02
 1.98708333300000E+03,  1.41507603726521E-01,  6.55000000000000E-01,  2.35302774953169E+01,  8.01100000000005E+01,  2.16939251421544E+02,  4.63985514717780E+02
 1.98716666700000E+03,  1.47697514142818E-01,  9.52500000000000E-01,  2.35114173554977E+01,  8.02900000000005E+01,  2.74457536820861E+02,  5.46282289039308E+02
 1.98725000000000E+03,  1.06903791108854E-01,  7.27500000000000E-01,  2.34923269182781E+01,  8.04700000000005E+01,  2.85391090966984E+02,  4.91111244049039E+02
 1.98733333300000E+03,  3.21883569297234E-03,  1.50000000000000E-02,  2.34730092164340E+01,  8.06500000000005E+01,  2.90220548456314E+02,  5.75297030539002E+02
 1.98741666700000E+03, -1.19871112082379E-01, -8.25000000000000E-02,  2.34534672934766E+01,  8.08300000000006E+01,  2.87720187148728E+02,  5.24724679008621E+02
 1.98750000000000E+03, -1.86298000702996E-01,  1.10000000000000E-01,  2.34337042032023E+01,  8.10100000000006E+01,  2.90009925176398E+02,  5.60490029130601E+02
 1.98758333300000E+03, -1.40078246728339E-01, -3.87500000000000E-01,  2.34137230092420E+01,  8.11900000000006E+01,  2.38203751429177E+02,  5.98992937205687E+02
 1.98766666700000E+03, -6.87049748270797E-02, -9.27500000000000E-01,  1.69219800457325E+01,  8.13700000000006E+01,  2.57846280630472E+02,  5.75572958045352E+02
 1.98775000000000E+03,  6.03546762108669E-02,  2.25000000000000E-02,  1.69761984106975E+01,  8.15500000000006E+01,  1.81406923494317E+02,  4.63933991266474E+02
 1.98783333300000E+03,  2.78450561723317E-01,  9.07500000000000E-01,  1.70304901173319E+01,  8.17300000000006E+01,  1.15736813221306E+02,  3.83080765011924E+02
 1.98791666700000E+03,  2.75826495627976E-01,  5.55000000000000E-01,  1.70848505781590E+01,  8.19100000000006E+01,  2.25315694172002E+02,  2.87902599906137E+02
 1.98800000000000E+03,  2.78155298469111E-01,  4.82500000000000E-01,  1.71392752020196E+01,  8.20900000000006E+01,  2.54200048931418E+02,  1.25245707212393E+02
 1.98808333300000E+03,  7.09700373754250E-01,  7.87500000000000E-01,  1.71937593945834E+01,  8.22700000000006E+01,  2.86018592145891E+02,  1.71222445783080E+02
 1.98816666700000E+03,  1.08484532575025E+00,  8.12500000000000E-01,  1.72482985588596E+01,  8.24500000000006E+01,  3.42421395649246E+02,  1.93728662634656E+02
 1.98825000000000E+03,  1.00437806288342E+00,  8.07500000000000E-01,  1.73028880957084E+01,  8.26300000000006E+01,  3.46203145775927E+02,  2.46914287244942E+02
 1.98833333300000E+03,  8.10345062728398E-01,  9.12500000000000E-01,  1.73575234043522E+01,  8.28100000000006E+01,  3.19750754236859E+02,  3.70794614591093E+02
 1.98841666700000E+03,  5.83688281919679E-01,  1.20750000000000E+00,  1.74121998828870E+01,  8.29900000000006E+01,  4.02899767992852E+02,  4.92939721563107E+02
 1.98850000000000E+03,  2.34823248754500E-01,  9.72500000000000E-01,  1.74669129287935E+01,  8.31700000000006E+01,  4.06045255972012E+02,  5.21234823276232E+02
 1.98858333300000E+03,  9.58770452465114E-02, -1.52500000000000E-01,  1.75216579394481E+01,  8.33500000000006E+01,  4.28638658942324E+02,  5.53671592652630E+02
 1.98866666700000E+03,  1.97065509950319E-01, -4.17500000000000E-01,  2.15127983349996E+01,  8.35300000000007E+01,  4.97116031817678E+02,  8.91995892570873E+02
 1.98875000000000E+03,  1.71484886987441E-01,  2.30000000000000E-01,  2.15189911619187E+01,  8.37100000000007E+01,  5.74270513574691E+02,  1.14242598058447E+03
 1.98883333300000E+03, -4.86094780987341E-02,  3.60000000000000E-01,  2.15256856408123E+01,  8.38900000000007E+01,  4.37167829288284E+02,  9.97974610516363E+02
 1.98891666700000E+03, -3.09009901257547E-01, -2.00000000000000E-01,  2.15328818549712E+01,  8.40700000000007E+01,  3.74455118964704E+02,  1.07486477226555E+03
 1.98900000000000E+03, -5.30627422738293E-01, -1.13000000000000E+00,  2.15405798358193E+01,  8.42500000000007E+01,  3.36109918077837E+02,  9.56974997647058E+02
 1.98908333300000E+03, -6.78728562245742E-01, -1.63750000000000E+00,  2.15487795628484E+01,  8.44300000000007E+01,  3.22908474352988E+02,  6.23548007469026E+02
 1.98916666700000E+03, -7.06185236155345E-01, -1.40000000000000E+00,  2.15574809635591E+01,  8.46100000000007E+01,  1.69536219202741E+02,  2.50975352954745E+02
 1.98925000000000E+03, -6.33160582668920E-01, -7.85000000000000E-01,  2.15666839134086E+01,  8.47900000000007E+01,  2.14755719490328E+02,  2.61982976227798E+02
 1.98933333300000E+03, -5.48982699679089E-01, -3.52500000000000E-01,  2.15763882357662E+01,  8.49700000000007E+01,  1.95322790294260E+02,  1.33911692942074E+02
 1.98941666700000E+03, -4.71289516751043E-01, -4.37500000000000E-01,  2.15865937018746E+01,  8.51500000000007E+01,  2.10902391017558E+02,  1.82993406959745E+02
 1.98950000000000E+03, -3.66146018947915E-01, -5.02500000000000E-01,  2.15973000308185E+01,  8.53300000000007E+01,  1.87936010844582E+02,  2.11884522720321E+02
 1.98958333300000E+03, -3.65017077808749E-02, -1.80000000000000E-01,  2.16085068895002E+01,  8.55100000000007E+01,  2.29523085877706E+02,  2.17426163671293E+02
 1.98966666700000E+03,  4.17799366379837E-01, -1.32500000000000E-01,  2.66826520421420E+01,  8.56900000000007E+01,  2.05337620823496E+02,  2.11927417762823E+02
 1.98975000000000E+03,  4.44409029647915E-01, -6.12500000000000E-01,  2.66648177307623E+01,  8.58700000000007E+01,  2.87789647418206E+02,  1.89794299957862E+02
 1.98983333300000E+03,  4.56867518955434E-02, -4.77500000000000E-01,  2.66468442055679E+01,  8.60500000000008E+01,  2.47743373970643E+02,  2.85631987006785E+02
 1.98991666700000E+03, -4.35049331525901E-01, -1.62500000000000E-01,  2.66287295322478E+01,  8.62300000000008E+01,  4.41602391208618E+02,  3.41550366605234E+02
 1.99000000000000E+03, -8.31453588479673E-01, -1.09750000000000E+00,  2.66104717972005E+01,  8.64100000000008E+01,  4.89286940494775E+02,  4.24208227948105E+02
 1.99008333300000E+03, -1.00535041976789E+00, -1.65250000000000E+00,  2.65920691079455E+01,  8.65900000000008E+01,  4.78164835059561E+02,  4.42412734717219E+02
 1.99016666700000E+03, -9.16077155906273E-01, -8.30000000000000E-01,  2.65735195935299E+01,  8.67700000000008E+01,  4.65980279654680E+02,  4.77091958598685E+02
 1.99025000000000E+03, -6.22706806941370E-01, -2.32500000000000E-01,  2.65548214049338E+01,  8.69500000000008E+01,  4.63969057424598E+02,  3.98489800248641E+02
 1.99033333300000E+03, -2.29287066517692E-01, -3.67500000000000E-01,  2.65359727154707E+01,  8.71300000000008E+01,  3.08462999584079E+02,  4.51517734787903E+02
 1.99041666700000E+03,  1.73256672237822E-01, -6.92500000000000E-01,  2.65169717211860E+01,  8.73100000000008E+01,  3.57348544042297E+02,  5.81631167018852E+02
 1.99050000000000E+03,  5.25076151351972E-01, -3.75000000000000E-02,  2.64978166412510E+01,  8.74900000000008E+01,  3.52553573269098E+02,  5.73816559354907E+02
 1.99058333300000E+03,  4.57869042729861E-01,  7.00000000000000E-01,  2.64785057183544E+01,  8.76700000000008E+01,  2.97308893112380E+02,  5.39544420770517E+02
 1.99066666700000E+03, -7.59813510955101E-02, -1.75000000000000E-02,  3.32897594014060E+01,  8.78500000000008E+01,  2.91549318897457E+02,  6.96459471375038E+02
 1.99075000000000E+03, -4.22114096097637E-01, -9.85000000000000E-01,  3.32720904274076E+01,  8.80300000000008E+01,  2.52776828735590E+02,  6.32784160475537E+02
 1.99083333300000E+03, -4.81531596054049E-01, -1.46250000000000E+00,  3.32541553443182E+01,  8.82100000000008E+01,  3.75800342345412E+02,  7.38174550767601E+02
 1.99091666700000E+03, -4.75131339721612E-01, -1.17500000000000E+00,  3.32359573645587E+01,  8.83900000000008E+01,  3.97132500953861E+02,  7.95790452242279E+02
 1.99100000000000E+03, -3.46122852080133E-01, -2.25000000000001E-02,  3.32174997160965E+01,  8.85700000000008E+01,  3.78707734737994E+02,  9.45643015150995E+02
 1.99108333300000E+03, -9.92921093954608E-02,  3.12500000000000E-01,  3.31987856419335E+01,  8.87500000000009E+01,  4.15530170017136E+02,  7.69228347019697E+02
 1.99116666700000E+03,  1.76441490258790E-01, -2.27500000000000E-01,  3.31798183995918E+01,  8.89300000000009E+01,  4.55868001995494E+02,  6.60226026645905E+02
 1.99125000000000E+03,  3.52507331596762E-01, -2.70000000000000E-01,  3.31606012605983E+01,  8.91100000000009E+01,  1.83997280446633E+02,  3.48345903938790E+02
 1.99133333300000E+03,  3.43979200656883E-01, -4.50000000000000E-01,  3.31411375099689E+01,  8.92900000000009E+01,  1.82396048649493E+02,  3.01758347016349E+02
 1.99141666700000E+03,  1.64801050731846E-01, -5.47500000000000E-01,  3.31214304456902E+01,  8.94700000000009E+01,  2.68722531730039E+02,  1.98553295441890E+02
 1.99150000000000E+03, -9.05074101823491E-02, -1.60000000000000E-01,  3.31014833782019E+01,  8.96500000000009E+01,  2.71977665274419E+02,  2.33686674660999E+02
 1.99158333300000E+03, -3.06987552553368E-01,  2.17500000000000E-01,  3.30812996298766E+01,  8.98300000000009E+01,  2.69699067887979E+02,  3.76521263660940E+02
 1.99166666700000E+03, -3.57957040356821E-01, -8.25000000000001E-02,  3.25050858353516E+01,  9.00100000000009E+01,  3.08224736217904E+02,  3.74889445326181E+02
 1.99175000000000E+03, -2.15559914032237E-01, -8.32500000000000E-01,  3.24799144933584E+01,  9.01900000000009E+01,  3.02639340680381E+02,  4.10464530578541E+02
 1.99183333300000E+03, -4.38021743099436E-02, -4.35000000000000E-01,  3.24545994071084E+01,  9.03700000000009E+01,  2.91531242763886E+02,  3.97646794591991E+02
 1.99191666700000E+03,  5.93687064503036E-03,  3.87500000000000E-01,  3.24291440203740E+01,  9.05500000000009E+01,  3.58937136819246E+02,  7.35185093807546E+02
 1.99200000000000E+03, -7.40752808303037E-02,  5.60000000000000E-01,  3.24035517736496E+01,  9.07300000000009E+01,  3.25904375795709E+02,  7.40492478464718E+02
 1.99208333300000E+03, -2.01209518999287E-01,  4.07500000000000E-01,  3.23778261036407E+01,  9.09100000000009E+01,  2.94049227425982E+02,  7.70582602837897E+02
 1.99216666700000E+03, -2.62805899365073E-01,  1.80000000000000E-01,  3.23519704427543E+01,  9.10900000000009E+01,  3.46190311912759E+02,  1.08980879997746E+03
 1.99225000000000E+03, -1.92117703520645E-01,  2.70000000000000E-01,  3.23259882185902E+01,  9.12700000000009E+01,  3.46363655692231E+02,  1.32665309492610E+03
 1.99233333300000E+03, -1.14950939969548E-02,  8.67500000000000E-01,  3.22998828534354E+01,  9.14500000000010E+01,  2.37233413873162E+02,  9.67753745303143E+02
 1.99241666700000E+03,  1.78277517680793E-01,  1.07500000000000E+00,  3.22736577637584E+01,  9.16300000000010E+01,  2.85745123899662E+02,  1.06302491753278E+03
 1.99250000000000E+03,  2.53456388055055E-01,  4.37500000000000E-01,  3.22473163597065E+01,  9.18100000000010E+01,  3.24025140491451E+02,  1.20957084429723E+03
 1.99258333300000E+03,  2.69649781896362E-01, -3.72500000000000E-01,  3.22208620446046E+01,  9.19900000000010E+01,  2.98644502213373E+02,  8.89878931307297E+02
 1.99266666700000E+03,  3.28922313352398E-01, -5.57500000000000E-01,  3.85246674667602E+01,  9.21700000000010E+01,  3.11151993923861E+02,  6.36990333651183E+02
 1.99275000000000E+03,  3.01444959072539E-01,  1.17500000000000E-01,  3.85317306617554E+01,  9.23500000000010E+01,  3.20081199157963E+02,  6.39516948247270E+02
 1.99283333300000E+03,  1.20159288121155E-01,  1.17500000000000E-01,  3.85383586230055E+01,  9.25300000000010E+01,  2.36752793817713E+02,  3.82328924446848E+02
 1.99291666700000E+03, -1.13379432593209E-01, -9.35000000000000E-01,  3.85445524577329E+01,  9.27100000000010E+01,  2.43306566650275E+02,  2.37374029692184E+02
 1.99300000000000E+03, -2.96823183962956E-01, -1.01250000000000E+00,  3.85503133193693E+01,  9.28900000000010E+01,  1.91841377839164E+02,  2.45024350783006E+02
 1.99308333300000E+03, -3.63392593030472E-01,  8.50000000000000E-02,  3.85556424072780E+01,  9.30700000000010E+01,  3.20238011428448E+02,  3.54334796706638E+02
 1.99316666700000E+03, -3.25020158789441E-01,  8.95000000000000E-01,  3.85605409664684E+01,  9.32500000000010E+01,  2.97261603611835E+02,  5.02232256386172E+02
 1.99325000000000E+03, -2.49863970266312E-01,  1.47250000000000E+00,  3.85650102873064E+01,  9.34300000000010E+01,  4.03962087335338E+02,  5.38809690926813E+02
 1.99333333300000E+03, -1.97214149517633E-01,  1.69500000000000E+00,  3.85690517052177E+01,  9.36100000000010E+01,  3.54567514618748E+02,  5.46649675080795E+02
 1.99341666700000E+03, -1.71992907195101E-01,  8.67500000000000E-01,  3.85726666003850E+01,  9.37900000000010E+01,  3.57348823551750E+02,  6.28909650256093E+02
 1.99350000000000E+03, -1.39989745754164E-01, -1.75000000000000E-02,  3.85758563974398E+01,  9.39700000000011E+01,  1.50559140219838E+02,  5.44582761857200E+02
 1.99358333300000E+03, -3.22197368260994E-01, -3.97500000000000E-01,  3.85786225651480E+01,  9.41500000000011E+01,  1.81024252876023E+02,  4.54203084356621E+02
 1.99366666700000E+03, -6.98740534840701E-01, -5.70000000000000E-01,  3.34173807679800E+01,  9.43300000000011E+01,  6.55811973822508E+01,  5.89230693180024E+02
 1.99375000000000E+03, -7.90466749085849E-01, -4.15000000000000E-01,  3.33991028620004E+01,  9.45100000000011E+01,  6.24789130906025E+01,  5.65569158738366E+02
 1.99383333300000E+03, -6.78157262135673E-01, -1.12500000000000E-01,  3.33809451874475E+01,  9.46900000000011E+01,  1.22353317656099E+02,  6.34471932280637E+02
 1.99391666700000E+03, -6.51159355522598E-01, -7.75000000000000E-02,  3.33629067865471E+01,  9.48700000000011E+01,  1.54273501873703E+02,  6.86296697759559E+02
 1.99400000000000E+03, -6.69998158287096E-01, -6.12500000000000E-01,  3.33449866671777E+01,  9.50500000000011E+01,  1.22801621586767E+02,  6.30662465318723E+02
 1.99408333300000E+03, -6.82770901989171E-01, -7.77500000000000E-01,  3.33271838031310E+01,  9.52300000000011E+01,  1.21404198458025E+02,  4.54702010212498E+02
 1.99416666700000E+03, -6.68007199296644E-01, -3.77500000000000E-01,  3.33094971343784E+01,  9.54100000000011E+01,  2.06452578965772E+02,  8.00606847295449E+02
 1.99425000000000E+03, -6.32080995781872E-01, -1.72500000000000E-01,  3.32919255673425E+01,  9.55900000000011E+01,  1.74201076369828E+02,  6.01646988427492E+02
 1.99433333300000E+03, -5.73295894118413E-01, -2.75000000000000E-01,  3.32744679751747E+01,  9.57700000000011E+01,  3.35904947871116E+02,  8.29734327106603E+02
 1.99441666700000E+03, -4.60501728886753E-01, -5.75000000000000E-01,  3.32571231980379E+01,  9.59500000000011E+01,  3.49634247001613E+02,  8.63693936745486E+02
 1.99450000000000E+03, -2.57624603949693E-01, -7.15000000000000E-01,  3.32398900433949E+01,  9.61300000000011E+01,  3.64515334563310E+02,  9.03477448375026E+02
 1.99458333300000E+03, -2.59277802299095E-01, -1.21000000000000E+00,  3.32227672863020E+01,  9.63100000000011E+01,  3.02494644387185E+02,  5.64477548020809E+02
 1.99466666700000E+03, -6.09829153599118E-01, -1.37750000000000E+00,  3.34132200515150E+01,  9.64900000000011E+01,  3.84710692232362E+02,  6.68582110911695E+02
 1.99475000000000E+03, -6.59633440174954E-01, -9.52500000000000E-01,  3.34694278292547E+01,  9.66700000000012E+01,  1.98165448163206E+02,  3.36994707739597E+02
 1.99483333300000E+03, -2.63769611536102E-01, -7.30000000000000E-01,  3.35255301529778E+01,  9.68500000000012E+01,  1.89139397921370E+02,  3.02035199819270E+02
 1.99491666700000E+03, -1.27145823679644E-02, -1.57500000000000E-01,  3.35815220402185E+01,  9.70300000000012E+01,  1.75069365091403E+02,  2.70377352861322E+02
 1.99500000000000E+03,  9.33092522338989E-02,  3.67500000000000E-01,  3.36373985263901E+01,  9.72100000000012E+01,  1.83380773179775E+02,  3.50608444719374E+02
 1.99508333300000E+03,  1.86224197269667E-01,  3.97500000000000E-01,  3.36931546653719E+01,  9.73900000000012E+01,  1.36639835770645E+02,  4.10073963940441E+02
 1.99516666700000E+03,  4.43068102065637E-03,  1.95000000000000E-01,  3.37487855300938E+01,  9.75700000000012E+01,  1.26475675353744E+02,  4.38994504219503E+02
 1.99525000000000E+03, -1.63372488058824E-01,  5.00000000000000E-02,  3.38042862131181E+01,  9.77500000000012E+01,  1.21022360102388E+02,  4.07582923563931E+02
 1.99533333300000E+03,  1.55310055928691E-01,  2.80000000000000E-01,  3.38596518272179E+01,  9.79300000000012E+01,  1.12760640258961E+02,  3.96502754861125E+02
 1.99541666700000E+03,  4.81565183950422E-01,  2.87500000000000E-01,  3.39148775059521E+01,  9.81100000000012E+01,  1.52906348426419E+02,  5.14812168784883E+02
 1.99550000000000E+03,  3.94561990517151E-01, -2.27500000000000E-01,  3.39699584042386E+01,  9.82900000000012E+01,  1.01158599324547E+02,  4.24602705881689E+02
 1.99558333300000E+03,  2.30229249814156E-01, -4.50000000000000E-02,  3.40248896989226E+01,  9.84700000000012E+01,  1.19521677669497E+02,  4.40417014533649E+02
 1.99566666700000E+03,  1.57593532639105E-01,  5.55000000000000E-01,  2.90037418061423E+01,  9.86500000000012E+01,  1.39259090769213E+02,  4.24399454368029E+02
 1.99575000000000E+03,  1.58935624023241E-01,  1.77500000000000E-01,  2.89674837720954E+01,  9.88300000000012E+01,  1.39657512872664E+02,  5.16907505581862E+02
 1.99583333300000E+03,  2.34541371807525E-01, -1.82500000000000E-01,  2.89310336148861E+01,  9.90100000000012E+01,  6.82390520231199E+01,  3.52939731880485E+02
 1.99591666700000E+03,  2.06461179245401E-01, -4.25000000000000E-02,  2.88943926600150E+01,  9.91900000000012E+01,  8.60886040173562E+01,  2.92466430846460E+02
 1.99600000000000E+03, -2.27678863216708E-02, -3.60000000000000E-01,  2.88575622743646E+01,  9.93700000000013E+01,  5.97796435228664E+01,  2.98333872024527E+02
 1.99608333300000E+03, -2.32327563001755E-01, -7.07500000000000E-01,  2.88205438661174E+01,  9.95500000000013E+01,  5.64141414226421E+01,  3.27276765958020E+02
 1.99616666700000E+03, -1.70431039741375E-01, -4.22500000000000E-01,  2.87833388846666E+01,  9.97300000000013E+01,  1.34603967397796E+02,  3.56945778542292E+02
 1.99625000000000E+03,  1.51453533858526E-02,  1.60000000000000E-01,  2.87459488205206E+01,  9.99100000000013E+01,  1.59588971379150E+02,  3.48008823929609E+02
 1.99633333300000E+03, -2.76067808569883E-02,  1.75000000000000E-02,  2.87083752052008E+01,  1.00090000000001E+02,  1.65013266659914E+02,  3.39333326726230E+02
 1.99641666700000E+03, -2.83941625181560E-01, -4.52500000000000E-01,  2.86706196111328E+01,  1.00270000000001E+02,  2.11205825923220E+02,  4.20267124860630E+02
 1.99650000000000E+03, -3.73319276886168E-01, -4.37500000000000E-01,  2.86326836515314E+01,  1.00450000000001E+02,  2.83848314867330E+02,  5.76236489169874E+02
 1.99658333300000E+03, -8.92077754336144E-02, -4.87500000000000E-01,  2.85945689802786E+01,  1.00630000000001E+02,  2.95394513754006E+02,  6.06905656709756E+02
 1.99666666700000E+03,  1.75904255911002E-01, -5.35000000000000E-01,  3.51603362146938E+01,  1.00810000000001E+02,  2.72010605741351E+02,  5.49840157724854E+02
 1.99675000000000E+03,  1.12625150203896E-02, -5.12500000000000E-01,  3.51330210821725E+01,  1.00990000000001E+02,  2.37119478673620E+02,  5.16144327984993E+02
 1.99683333300000E+03, -3.05541222120549E-01, -7.70000000000000E-01,  3.51057889286442E+01,  1.01170000000001E+02,  2.35919455014996E+02,  4.26466197957772E+02
 1.99691666700000E+03, -4.10777285617230E-01, -8.35000000000000E-01,  3.50786416773792E+01,  1.01350000000001E+02,  1.86413095106568E+02,  2.76292199872925E+02
 1.99700000000000E+03, -2.97420576020942E-01, -1.90000000000000E-01,  3.50515812158127E+01,  1.01530000000001E+02,  1.30096547812940E+02,  1.69468915809698E+02
 1.99708333300000E+03, -1.16271583414095E-01, -1.25000000000000E-01,  3.50246093953230E+01,  1.01710000000001E+02,  1.71439088991814E+02,  2.48904273577640E+02
 1.99716666700000E+03, -4.31475696458093E-02, -5.95000000000000E-01,  3.49977280310155E+01,  1.01890000000001E+02,  2.47580803738639E+02,  3.37588546236992E+02
 1.99725000000000E+03, -1.27538131083143E-01, -5.25000000000000E-02,  3.49709389015130E+01,  1.02070000000001E+02,  2.45034621965494E+02,  3.34441077713476E+02
 1.99733333300000E+03, -2.62224166264376E-01,  3.95000000000000E-01,  3.49442437487529E+01,  1.02250000000001E+02,  2.47224088429221E+02,  3.54448273938595E+02
 1.99741666700000E+03, -2.95664056106731E-01,  9.25000000000000E-02,  3.49176442777894E+01,  1.02430000000001E+02,  3.12539503118848E+02,  4.70299818777963E+02
 1.99750000000000E+03, -1.73476180400062E-01, -1.50000000000000E-01,  3.48911421566035E+01,  1.02610000000001E+02,  3.19016760965131E+02,  4.03063972178742E+02
 1.99758333300000E+03, -6.70315949287822E-03, -1.95000000000000E-01,  3.48647390159187E+01,  1.02790000000001E+02,  2.52972446596013E+02,  4.70776651751782E+02
 1.99766666700000E+03,  1.35818860460947E-01, -5.75000000000000E-02,  2.69668851519935E+01,  1.02970000000001E+02,  2.21485010868141E+02,  4.85620479971502E+02
 1.99775000000000E+03,  3.29877717895681E-01,  2.10000000000000E-01,  2.69425356296891E+01,  1.03150000000001E+02,  2.14386165676703E+02,  4.68948745532354E+02
 1.99783333300000E+03,  5.42497632015278E-01,  6.12500000000000E-01,  2.69185897653554E+01,  1.03330000000001E+02,  2.69628025905391E+02,  6.16285194919026E+02
 1.99791666700000E+03,  6.70194207003789E-01,  7.15000000000000E-01,  2.68950507060486E+01,  1.03510000000001E+02,  2.68460888234173E+02,  6.63771405982882E+02
 1.99800000000000E+03,  6.92663478567208E-01,  5.85000000000000E-01,  2.68719215627822E+01,  1.03690000000001E+02,  3.33857773442542E+02,  6.14603856350449E+02
 1.99808333300000E+03,  6.36364130809244E-01,  6.92500000000000E-01,  2.68492054100497E+01,  1.03870000000001E+02,  3.35169702449607E+02,  5.80218818744700E+02
 1.99816666700000E+03,  5.43563858159988E-01,  7.80000000000000E-01,  2.68269052853520E+01,  1.04050000000001E+02,  3.18623364749752E+02,  5.41199594886635E+02
 1.99825000000000E+03,  4.52789387362267E-01,  1.30000000000000E-01,  2.68050241887296E+01,  1.04230000000001E+02,  2.36968668486189E+02,  2.91139568698521E+02
 1.99833333300000E+03,  4.00677935930961E-01, -7.00000000000000E-01,  2.67835650822997E+01,  1.04410000000001E+02,  1.86824339195012E+02,  2.70128249454951E+02
 1.99841666700000E+03,  4.21765938774735E-01, -5.00000000000006E-03,  2.67625308897976E+01,  1.04590000000001E+02,  1.69233876926746E+02,  2.56392611668891E+02
 1.99850000000000E+03,  5.25680697390958E-01,  7.07500000000000E-01,  2.67419244961234E+01,  1.04770000000001E+02,  2.02693908665088E+02,  2.64651501779147E+02
 1.99858333300000E+03,  4.76519520645716E-01,  2.22500000000000E-01,  2.67217487468937E+01,  1.04950000000001E+02,  2.26336132400041E+02,  2.57891769234457E+02
 1.99866666700000E+03,  2.43510717168051E-01,  2.52500000000000E-01,  3.96770556576110E+01,  1.05130000000001E+02,  2.85562835187896E+02,  2.17934275760347E+02
 1.99875000000000E+03,  1.51443853431701E-01,  6.65000000000000E-01,  3.96504015268690E+01,  1.05310000000001E+02,  3.07606566287872E+02,  3.33004045243437E+02
 1.99883333300000E+03,  6.24383026256056E-02,  4.45000000000000E-01,  3.96238527195216E+01,  1.05490000000001E+02,  3.16272380248798E+02,  2.74508719495788E+02
 1.99891666700000E+03, -1.87794701244361E-01, -1.30000000000000E-01,  3.95974108107655E+01,  1.05670000000001E+02,  2.79761896721392E+02,  2.64552799480660E+02
 1.99900000000000E+03, -3.76091860539362E-01, -4.32500000000000E-01,  3.95710773356519E+01,  1.05850000000002E+02,  2.45217126430179E+02,  2.91751876659542E+02
 1.99908333300000E+03, -3.28685335617641E-01, -2.45000000000000E-01,  3.95448537889247E+01,  1.06030000000002E+02,  1.23531008276388E+02,  3.11431102545155E+02
 1.99916666700000E+03, -5.71116387071970E-02,  8.75000000000000E-02,  3.95187416248661E+01,  1.06210000000002E+02,  1.18619680837172E+02,  2.05069454399563E+02
 1.99925000000000E+03,  2.57828554067507E-01,  1.07500000000000E-01,  3.94927422571486E+01,  1.06390000000002E+02,  8.26417581554914E+01,  1.84646902422643E+02
 1.99933333300000E+03,  4.14341445314958E-01,  9.50000000000000E-02,  3.94668570586946E+01,  1.06570000000002E+02,  8.23850527275214E+01,  1.85369816791409E+02
 1.99941666700000E+03,  3.44969570288318E-01, -2.75000000000000E-02,  3.94410873615431E+01,  1.06750000000002E+02,  1.08400030281833E+02,  2.85502334769510E+02
 1.99950000000000E+03,  1.56877035924098E-01,  1.35000000000000E-01,  3.94154344567236E+01,  1.06930000000002E+02,  1.20534895660095E+02,  2.76223126745797E+02
 1.99958333300000E+03,  1.11868726177803E-01,  8.27500000000000E-01,  3.93898995941366E+01,  1.07110000000002E+02,  1.59028339726131E+02,  4.35213022787747E+02
 1.99966666700000E+03,  3.70157201596570E-01,  8.07500000000000E-01,  3.51556826884983E+01,  1.07290000000002E+02,  1.35850017782161E+02,  4.55611157370255E+02
 1.99975000000000E+03,  5.23996697237844E-01,  5.05000000000000E-01,  3.52060537196344E+01,  1.07470000000002E+02,  1.35513690924866E+02,  5.02101015385990E+02
 1.99983333300000E+03,  1.27012628229404E-01,  3.57500000000000E-01,  3.52561698737021E+01,  1.07650000000002E+02,  1.12546113315559E+02,  3.99924237196006E+02
 1.99991666700000E+03, -4.41045896811115E-01, -3.57500000000000E-01,  3.53060270284894E+01,  1.07830000000002E+02,  9.83719180049167E+01,  4.06117483820680E+02
 2.00000000000000E+03, -7.17401184229472E-01, -5.72500000000000E-01,  3.53556210968393E+01,  1.08010000000002E+02,  6.00095821613317E+01,  2.17631741787394E+02
 2.00008333300000E+03, -8.80413718642090E-01,  4.12500000000000E-01,  3.54049480271067E+01,  1.08190000000002E+02,  7.27790848984895E+01,  2.20219356634780E+02
 2.00016666700000E+03, -1.00752236086694E+00,  6.30000000000000E-01,  3.54540038036088E+01,  1.08370000000002E+02,  1.05846467935250E+02,  3.11770332666019E+02
 2.00025000000000E+03, -8.27006527732496E-01, -9.25000000000000E-02,  3.55027844470714E+01,  1.08550000000002E+02,  1.23348068927664E+02,  3.64217071658971E+02
 2.00033333300000E+03, -4.97135527079660E-01, -5.22500000000000E-01,  3.55512860150689E+01,  1.08730000000002E+02,  3.67637656232119E+02,  5.09868557868795E+02
 2.00041666700000E+03, -4.77217391287847E-01, -1.27250000000000E+00,  3.55995046024599E+01,  1.08910000000002E+02,  3.62442837685188E+02,  6.06588426294206E+02
 2.00050000000000E+03, -5.92288730038990E-01, -1.70000000000000E+00,  3.56474363418163E+01,  1.09090000000002E+02,  3.58002880969892E+02,  6.37899990484354E+02
 2.00058333300000E+03, -3.22423578632745E-01, -1.19500000000000E+00,  3.56950774038477E+01,  1.09270000000002E+02,  3.66797013923152E+02,  5.49031416733240E+02
 2.00066666700000E+03,  1.09785124809391E-01, -6.22500000000000E-01,  3.74021045016939E+01,  1.09450000000002E+02,  3.50363633371471E+02,  5.30184540181899E+02
 2.00075000000000E+03,  1.91867665540222E-01,  9.25000000000000E-02,  3.73770660689405E+01,  1.09630000000002E+02,  1.17778830082467E+02,  3.69922929413074E+02
 2.00083333300000E+03,  5.37471586529940E-02,  6.90000000000000E-01,  3.73518683813335E+01,  1.09810000000002E+02,  1.41541229036400E+02,  3.28542419591924E+02
 2.00091666700000E+03, -9.59725117054414E-03,  9.57500000000000E-01,  3.73265150394380E+01,  1.09990000000002E+02,  1.88103233626045E+02,  3.38946630397038E+02
 2.00100000000000E+03,  9.18335608355458E-02,  7.47500000000000E-01,  3.73010096420903E+01,  1.10170000000002E+02,  1.60206599161497E+02,  2.80923736645771E+02
 2.00108333300000E+03,  3.62391316198964E-01,  1.65000000000000E-01,  3.72753557858442E+01,  1.10350000000002E+02,  2.26234129938334E+02,  2.52654383982690E+02
 2.00116666700000E+03,  6.54507413322365E-01, -1.07500000000000E-01,  3.72495570644198E+01,  1.10530000000002E+02,  2.24144958255108E+02,  2.79282063748450E+02
 2.00125000000000E+03,  7.64445284563724E-01, -2.55000000000000E-01,  3.72236170681527E+01,  1.10710000000002E+02,  2.90752923330674E+02,  2.57289817257319E+02
 2.00133333300000E+03,  6.47531666323256E-01, -4.02500000000000E-01,  3.71975393834454E+01,  1.10890000000002E+02,  2.94137416641098E+02,  2.14114382548779E+02
 2.00141666700000E+03,  4.47915975571532E-01, -5.37500000000000E-01,  3.71713275922202E+01,  1.11070000000002E+02,  3.74227590952828E+02,  2.14764733998413E+02
 2.00150000000000E+03,  3.11234935135697E-01, -4.37500000000000E-01,  3.71449852713732E+01,  1.11250000000002E+02,  3.16197004205710E+02,  1.99947473356139E+02
 2.00158333300000E+03,  3.27026225253704E-01, -1.50000000000000E-01,  3.71185159922304E+01,  1.11430000000002E+02,  5.61729269200919E+02,  2.60429042918055E+02
 2.00166666700000E+03,  4.83411102897673E-01, -3.50000000000000E-02,  3.15903751548669E+01,  1.11610000000002E+02,  5.37113911551527E+02,  3.07922294410501E+02
 2.00175000000000E+03,  6.22027202553492E-01,  2.27500000000000E-01,  3.15459343291873E+01,  1.11790000000002E+02,  5.83562735348797E+02,  4.49138532161644E+02
 2.00183333300000E+03,  4.87738067414289E-01,  5.60000000000000E-01,  3.15014296045045E+01,  1.11970000000002E+02,  5.00891247973642E+02,  5.71215943917695E+02
 2.00191666700000E+03, -6.76004263863046E-02,  2.12500000000000E-01,  3.14568644368645E+01,  1.12150000000002E+02,  6.23693329709557E+02,  7.43517936405170E+02
 2.00200000000000E+03, -6.33600094684490E-01, -3.12500000000000E-01,  3.14122423115782E+01,  1.12330000000002E+02,  4.23814321171339E+02,  7.05391751014167E+02
 2.00208333300000E+03, -6.43322164065524E-01, -6.20000000000000E-01,  3.13675667427864E+01,  1.12510000000002E+02,  3.66896952037244E+02,  6.11600454702221E+02
 2.00216666700000E+03, -2.49235829520737E-01, -1.40750000000000E+00,  3.13228412730211E+01,  1.12690000000002E+02,  2.65814815851227E+02,  5.16814955212384E+02
 2.00225000000000E+03, -7.81043087495716E-03, -1.73000000000000E+00,  3.12780694727603E+01,  1.12870000000002E+02,  3.63605234559452E+02,  4.74068473659231E+02
 2.00233333300000E+03, -3.19483132719567E-03, -8.65000000000000E-01,  3.12332549399791E+01,  1.13050000000002E+02,  2.25130037108485E+02,  2.99843353360493E+02
 2.00241666700000E+03,  5.67964546803019E-02, -1.00000000000000E-02,  3.11884012996951E+01,  1.13230000000002E+02,  2.47941575559642E+02,  3.46779760731335E+02
 2.00250000000000E+03,  1.37659098332065E-01,  3.67500000000000E-01,  3.11435122035096E+01,  1.13410000000002E+02,  2.56383629616025E+02,  3.55658680330796E+02
 2.00258333300000E+03,  2.49374052189763E-01,  5.55000000000000E-01,  3.10985913291434E+01,  1.13590000000002E+02,  3.03104016747213E+02,  4.30074779709547E+02
 2.00266666700000E+03,  4.88385235880755E-01,  3.15000000000000E-01,  4.11338057601188E+01,  1.13770000000002E+02,  3.58354627321730E+02,  5.43051762150313E+02
 2.00275000000000E+03,  5.02321916211685E-01,  2.40000000000000E-01,  4.11773558152076E+01,  1.13950000000002E+02,  4.13563837781242E+02,  5.23240301990997E+02
 2.00283333300000E+03,  3.41555231312477E-01,  9.12500000000000E-01,  4.12205505580716E+01,  1.14130000000002E+02,  3.38781731505456E+02,  4.14995070039260E+02
 2.00291666700000E+03,  4.17645574245926E-01,  1.25750000000000E+00,  4.12633867208989E+01,  1.14310000000002E+02,  3.33203216370824E+02,  4.65786831891928E+02
 2.00300000000000E+03,  5.64166999446466E-01,  9.95000000000000E-01,  4.13058610831230E+01,  1.14490000000002E+02,  2.98986184234088E+02,  3.21984836764428E+02
 2.00308333300000E+03,  4.08311876193612E-01,  5.02500000000000E-01,  4.13479704717570E+01,  1.14670000000002E+02,  1.30296138465811E+02,  2.64877330265628E+02
 2.00316666700000E+03,  5.66278301873832E-02, -3.50000000000000E-02,  4.13897117617207E+01,  1.14850000000002E+02,  7.88253870908211E+01,  3.48402208655467E+02
 2.00325000000000E+03, -1.12905739227823E-01, -6.02500000000000E-01,  4.14310818761607E+01,  1.15030000000002E+02,  1.37428634366710E+02,  8.14978774986141E+02
 2.00333333300000E+03, -9.96157937054064E-02, -1.08250000000000E+00,  4.14720777867631E+01,  1.15210000000002E+02,  1.22988680666193E+02,  7.66909317420439E+02
 2.00341666700000E+03, -2.14947076805975E-01, -5.45000000000000E-01,  4.15126965140590E+01,  1.15390000000002E+02,  9.68444305141876E+01,  7.93182304269557E+02
 2.00350000000000E+03, -4.71268823861082E-01,  1.55000000000000E-01,  4.15529351277236E+01,  1.15570000000002E+02,  1.07920293683584E+02,  6.59853276395513E+02
 2.00358333300000E+03, -3.40205634220894E-01,  1.75000000000000E-01,  4.15927907468667E+01,  1.15750000000002E+02,  1.12009109476215E+02,  6.06122925367514E+02
 2.00366666700000E+03,  2.01796344040333E-01,  5.25000000000000E-01,  2.81969083620354E+01,  1.15930000000002E+02,  1.41220197800703E+02,  1.80914766841643E+02
 2.00375000000000E+03,  3.72027244969213E-01,  3.50000000000000E-01,  2.81595797909648E+01,  1.16110000000002E+02,  1.53720811662055E+02,  3.19423046950923E+02
 2.00383333300000E+03, -1.02677545160892E-03, -3.77500000000000E-01,  2.81225092664226E+01,  1.16290000000002E+02,  2.14591449450703E+02,  3.50637999953095E+02
 2.00391666700000E+03, -4.63731975742242E-01, -1.62500000000000E-01,  2.80857009294468E+01,  1.16470000000002E+02,  2.11988225796509E+02,  4.51049416005262E+02
 2.00400000000000E+03, -6.72789329798158E-01,  3.60000000000000E-01,  2.80491589064501E+01,  1.16650000000002E+02,  3.04052119278864E+02,  4.91967467639768E+02
 2.00408333300000E+03, -6.07123406965034E-01,  5.30000000000000E-01,  2.80128873086239E+01,  1.16830000000002E+02,  2.25153046677129E+02,  5.20626475485290E+02
 2.00416666700000E+03, -5.95933890013085E-01,  3.42500000000000E-01,  2.79768902313452E+01,  1.17010000000002E+02,  2.07726096010980E+02,  4.28283929346543E+02
 2.00425000000000E+03, -8.60335317266025E-01, -2.40000000000000E-01,  2.79411717535833E+01,  1.17190000000002E+02,  1.61311386750459E+02,  4.88886167025076E+02
 2.00433333300000E+03, -1.19006758516180E+00, -7.37500000000000E-01,  2.79057359373101E+01,  1.17370000000002E+02,  1.62900295558368E+02,  4.08779259195666E+02
 2.00441666700000E+03, -1.18976074799118E+00, -5.87500000000000E-01,  2.78705868269099E+01,  1.17550000000002E+02,  1.01288251959051E+02,  4.10306845169107E+02
 2.00450000000000E+03, -7.70604119817613E-01,  1.45000000000000E-01,  2.78357284485927E+01,  1.17730000000002E+02,  1.41472835950799E+02,  3.50865893605083E+02
 2.00458333300000E+03, -3.77083500986860E-01,  6.50000000000000E-01,  2.78011648098086E+01,  1.17910000000002E+02,  1.59329814741406E+02,  3.97703735315117E+02
 2.00466666700000E+03, -2.21471772920698E-01, -1.75000000000000E-02,  2.30175509776314E+01,  1.18090000000002E+02,  1.50085136347325E+02,  2.87473580916767E+02
 2.00475000000000E+03, -3.40372098323702E-02, -6.40000000000000E-01,  2.29834782732376E+01,  1.18270000000002E+02,  1.80530517210208E+02,  2.63138827026988E+02
 2.00483333300000E+03,  6.01965776804683E-02, -2.07500000000000E-01,  2.29496960929798E+01,  1.18450000000002E+02,  1.56056253611546E+02,  2.43092062780148E+02
 2.00491666700000E+03, -7.29548665315671E-02, -1.02500000000000E-01,  2.29162082405986E+01,  1.18630000000002E+02,  1.50048848017644E+02,  2.49333489282672E+02
 2.00500000000000E+03, -1.39917333778584E-01, -3.47500000000000E-01,  2.28830185004445E+01,  1.18810000000002E+02,  1.32144059186674E+02,  1.72183741269343E+02
 2.00508333300000E+03,  8.14312650785684E-02, -7.00000000000000E-02,  2.28501306369399E+01,  1.18990000000002E+02,  2.46629346114686E+02,  2.89761491318541E+02
 2.00516666700000E+03,  5.00874216704599E-01,  5.02500000000000E-01,  2.28175483940429E+01,  1.19170000000002E+02,  2.12962031071139E+02,  5.02835130330287E+02
 2.00525000000000E+03,  8.18415003341896E-01,  1.04500000000000E+00,  2.27852754947144E+01,  1.19350000000002E+02,  2.06108126530704E+02,  4.48729468492272E+02
 2.00533333300000E+03,  8.34881962696944E-01,  1.16500000000000E+00,  2.27533156403859E+01,  1.19530000000002E+02,  2.43395286969453E+02,  9.61072510662378E+02
 2.00541666700000E+03,  6.31706819689127E-01,  6.10000000000000E-01,  2.27216725104308E+01,  1.19710000000002E+02,  3.19593231107252E+02,  9.72861769764398E+02
 2.00550000000000E+03,  4.45898682322563E-01,  2.67500000000000E-01,  2.26903497616379E+01,  1.19890000000002E+02,  2.63384733139187E+02,  8.71962993274521E+02
 2.00558333300000E+03,  2.16931061739375E-01,  6.70000000000000E-01,  2.26593510276869E+01,  1.20070000000002E+02,  2.94741946418876E+02,  7.28787104300205E+02
 2.00566666700000E+03, -1.53735234870606E-01,  1.12250000000000E+00,  2.57317408050910E+01,  1.20250000000002E+02,  3.36687050845057E+02,  1.05613288536137E+03
 2.00575000000000E+03, -3.28539532811506E-01,  7.25000000000000E-01,  2.56873847311654E+01,  1.20430000000002E+02,  2.44572022531965E+02,  6.07138771719336E+02
 2.00583333300000E+03, -1.25388442447486E-01,  1.87500000000000E-01,  2.56430510183890E+01,  1.20610000000002E+02,  2.38234922372641E+02,  7.40411391401003E+02
 2.00591666700000E+03,  1.65343402737167E-01,  3.25000000000000E-01,  2.55987435153699E+01,  1.20790000000002E+02,  1.95574270803603E+02,  8.45731413895919E+02
 2.00600000000000E+03,  9.97278505325674E-02,  1.07500000000000E-01,  2.55544660877349E+01,  1.20970000000002E+02,  1.99751638275499E+02,  8.66718609363098E+02
 2.00608333300000E+03, -3.31201233792782E-01, -3.85000000000000E-01,  2.55102226176313E+01,  1.21150000000002E+02,  1.84325034221939E+02,  5.43545421105817E+02
 2.00616666700000E+03, -5.72205452713207E-01, -3.40000000000000E-01,  2.54660170032258E+01,  1.21330000000002E+02,  1.99718931867844E+02,  5.35238733948415E+02
 2.00625000000000E+03, -3.76960128314153E-01, -2.97500000000000E-01,  2.54218531581994E+01,  1.21510000000002E+02,  1.64100819966469E+02,  3.68889097158799E+02
 2.00633333300000E+03, -1.81172398192348E-01, -7.20000000000000E-01,  2.53777350112408E+01,  1.21690000000002E+02,  1.75664072698556E+02,  3.37322811819699E+02
 2.00641666700000E+03, -3.25118303484213E-01, -4.45000000000000E-01,  2.53336665055353E+01,  1.21870000000002E+02,  1.63336660929591E+02,  2.51504304248760E+02
 2.00650000000000E+03, -5.03202985224268E-01,  2.75000000000000E-02,  2.52896515982519E+01,  1.22050000000002E+02,  1.41246232175050E+02,  3.09973471698383E+02
 2.00658333300000E+03, -2.11057592559609E-01, -3.25000000000000E-01,  2.52456942600269E+01,  1.22230000000002E+02,  1.38347047027586E+02,  2.67343085441635E+02
 2.00666666700000E+03,  4.41667513264959E-01, -3.97500000000000E-01,  2.69293714663869E+01,  1.22410000000002E+02,  1.06919572646737E+02,  2.52109049269275E+02
 2.00675000000000E+03,  8.91465515773151E-01, -6.37500000000000E-01,  2.69056480014753E+01,  1.22590000000002E+02,  1.45579842163025E+02,  2.29596054359120E+02
 2.00683333300000E+03,  9.77636543349926E-01, -4.72500000000000E-01,  2.68823330498335E+01,  1.22770000000002E+02,  1.31335184582962E+02,  3.57598263379553E+02
 2.00691666700000E+03,  8.30650963750113E-01,  5.07500000000000E-01,  2.68594297025335E+01,  1.22950000000002E+02,  1.86956131114875E+02,  7.01040853569890E+02
 2.00700000000000E+03,  5.80584542319986E-01,  4.17500000000000E-01,  2.68369410138681E+01,  1.23130000000002E+02,  1.98067896473910E+02,  8.18460022564765E+02
 2.00708333300000E+03,  3.71861553512868E-01, -1.72500000000000E-01,  2.68148700008806E+01,  1.23310000000002E+02,  2.24720161209120E+02,  1.01264674173494E+03
 2.00716666700000E+03,  2.59024038487767E-01,  7.75000000000000E-02,  2.67932196428999E+01,  1.23490000000002E+02,  2.44886588359510E+02,  9.91188890731344E+02
 2.00725000000000E+03,  2.45563697445396E-01,  4.62500000000000E-01,  2.67719928810797E+01,  1.23670000000002E+02,  2.82107878565932E+02,  1.13254487871944E+03
 2.00733333300000E+03,  3.37852337888577E-01,  1.82500000000000E-01,  2.67511926179432E+01,  1.23850000000002E+02,  3.49175982039216E+02,  7.73351600263995E+02
 2.00741666700000E+03,  5.11748566136647E-01,  2.70000000000000E-01,  2.67308217169319E+01,  1.24030000000002E+02,  3.72462687964716E+02,  6.80228503620050E+02
 2.00750000000000E+03,  6.78514002783174E-01,  1.24000000000000E+00,  2.67108830019604E+01,  1.24210000000002E+02,  3.67339070268751E+02,  6.95348981870513E+02
 2.00758333300000E+03,  6.12941727826606E-01,  1.77250000000000E+00,  2.66913792569754E+01,  1.24390000000002E+02,  3.21478435801532E+02,  6.51592453649241E+02
 2.00766666700000E+03,  2.38114435188168E-01,  1.44250000000000E+00,  4.14858638003415E+01,  1.24570000000002E+02,  2.94362566367147E+02,  4.26165139677021E+02
 2.00775000000000E+03, -2.52530211196847E-01,  9.27500000000000E-01,  4.15263542389330E+01,  1.24750000000002E+02,  1.61547608553370E+02,  4.05998562532202E+02
 2.00783333300000E+03, -7.16734355066902E-01,  4.77500000000000E-01,  4.15664635835750E+01,  1.24930000000002E+02,  1.28977455935100E+02,  5.89671716671724E+02
 2.00791666700000E+03, -9.35120273596561E-01, -1.82500000000000E-01,  4.16061889701686E+01,  1.25110000000002E+02,  1.95191634902714E+02,  5.39873429608181E+02
 2.00800000000000E+03, -8.42042077315835E-01, -4.77500000000000E-01,  4.16455275844290E+01,  1.25290000000002E+02,  2.00065805989796E+02,  6.75606397174278E+02
 2.00808333300000E+03, -7.93241179789735E-01, -2.32500000000000E-01,  4.16844766621586E+01,  1.25470000000002E+02,  2.80581613435984E+02,  6.66728968685508E+02
 2.00816666700000E+03, -1.03742583919610E+00, -5.07500000000000E-01,  4.17230334895149E+01,  1.25650000000002E+02,  3.99109475149763E+02,  8.17308143710149E+02
 2.00825000000000E+03, -1.35135562179684E+00, -4.30000000000000E-01,  4.17611954032691E+01,  1.25830000000002E+02,  3.90827294627370E+02,  7.39756867148125E+02
 2.00833333300000E+03, -1.35204259875963E+00, -1.10000000000000E-01,  4.17989597910588E+01,  1.26010000000002E+02,  3.05205728079818E+02,  6.26790453675614E+02
 2.00841666700000E+03, -1.00871365528301E+00, -6.95000000000000E-01,  4.18363240916325E+01,  1.26190000000002E+02,  2.71582153382970E+02,  5.00372794211820E+02
 2.00850000000000E+03, -6.52882363227976E-01, -4.72500000000000E-01,  4.18732857950867E+01,  1.26370000000002E+02,  2.27843463707940E+02,  5.04890783503614E+02
 2.00858333300000E+03, -3.47151400114311E-01,  5.40000000000000E-01,  4.19098424430953E+01,  1.26550000000002E+02,  1.66187385736716E+02,  3.80442601673008E+02
 2.00866666700000E+03, -1.73877581810221E-01,  9.45000000000000E-01,  3.09042885811064E+01,  1.26730000000002E+02,  1.77680696418757E+02,  2.88407016588893E+02
 2.00875000000000E+03, -3.94483573886147E-01,  1.04000000000000E+00,  3.08592615114949E+01,  1.26910000000002E+02,  1.74989482144617E+02,  2.61429656524531E+02
 2.00883333300000E+03, -6.60342068526405E-01,  3.75000000000000E-01,  3.08142264780295E+01,  1.27090000000002E+02,  2.28636358816760E+02,  2.65855263320492E+02
 2.00891666700000E+03, -8.28506214625354E-01, -5.60000000000000E-01,  3.07691873350525E+01,  1.27270000000002E+02,  1.72690663452992E+02,  2.92219289013129E+02
 2.00900000000000E+03, -1.22873517298146E+00, -7.55000000000000E-01,  3.07241479589914E+01,  1.27450000000002E+02,  1.21203799940298E+02,  2.42212654414421E+02
 2.00908333300000E+03, -1.64673982289635E+00, -1.07500000000000E+00,  3.06791122478542E+01,  1.27630000000002E+02,  1.34105048810157E+02,  1.59863369195951E+02
 2.00916666700000E+03, -1.58282070791067E+00, -1.04750000000000E+00,  3.06340841207204E+01,  1.27810000000002E+02,  4.04481248301653E+02,  7.05755113051417E+02
 2.00925000000000E+03, -1.09360571350241E+00, -4.50000000000000E-01,  3.05890675172282E+01,  1.27990000000002E+02,  3.77367151924735E+02,  7.19864939723707E+02
 2.00933333300000E+03, -6.46341283347503E-01, -1.05000000000000E-01,  3.05440663970573E+01,  1.28170000000002E+02,  4.48088747428223E+02,  6.83761783995989E+02
 2.00941666700000E+03, -3.03698237887095E-01,  3.12500000000000E-01,  3.04990847394092E+01,  1.28350000000002E+02,  4.38001675820904E+02,  6.99028888226835E+02
 2.00950000000000E+03,  1.95901026713396E-01,  6.35000000000000E-01,  3.04541265424824E+01,  1.28530000000002E+02,  4.35170061598487E+02,  7.71752040606437E+02
 2.00958333300000E+03,  7.82699329360577E-01,  7.47500000000000E-01,  3.04091958229447E+01,  1.28710000000002E+02,  1.94151685608105E+02,  3.92700447364901E+02
 2.00966666700000E+03,  1.15291711015228E+00,  8.30000000000000E-01,  2.63252724321261E+01,  1.28890000000002E+02,  1.56945350003677E+02,  3.70391667103232E+02
 2.00975000000000E+03,  1.21448715631945E+00,  6.25000000000000E-01,  2.63199590267011E+01,  1.29070000000002E+02,  1.20806222600128E+02,  3.78445062451250E+02
 2.00983333300000E+03,  1.07271988298010E+00,  2.65000000000000E-01,  2.63151450837279E+01,  1.29250000000002E+02,  1.22805693664924E+02,  3.90922438877149E+02
 2.00991666700000E+03,  8.64374334140329E-01,  3.07500000000000E-01,  2.63108319026738E+01,  1.29430000000002E+02,  1.88091690496701E+02,  3.70572830685304E+02
 2.01000000000000E+03,  7.21096694666050E-01,  6.10000000000000E-01,  2.63070207316957E+01,  1.29610000000002E+02,  1.53349152547371E+02,  2.70165609519721E+02
 2.01008333300000E+03,  6.98934972908897E-01,  9.00000000000000E-01,  2.63037127674061E+01,  1.29790000000002E+02,  1.67354572612415E+02,  4.42827996234600E+02
 2.01016666700000E+03,  7.49247262271425E-01,  1.27500000000000E+00,  2.63009091546465E+01,  1.29970000000002E+02,  2.18188497769030E+02,  3.81578645102133E+02
 2.01025000000000E+03,  8.11287529134704E-01,  8.67500000000000E-01,  2.62986109862669E+01,  1.30150000000002E+02,  2.79882087474350E+02,  4.78365042162344E+02
 2.01033333300000E+03,  8.62980879666879E-01, -7.50000000000000E-02,  2.62968193029133E+01,  1.30330000000002E+02,  3.38474875347320E+02,  5.55509972618511E+02
 2.01041666700000E+03,  8.95017916450122E-01, -9.99999999999998E-03,  2.62955350928212E+01,  1.30510000000002E+02,  4.33530243931305E+02,  9.68165778485839E+02
 2.01050000000000E+03,  9.08431575972803E-01,  6.87500000000000E-01,  2.62947592916170E+01,  1.30690000000002E+02,  4.28360994877835E+02,  8.91262863395941E+02
 2.01058333300000E+03,  1.06811232933693E+00,  1.02500000000000E+00,  2.62944927821256E+01,  1.30870000000002E+02,  3.91539395863119E+02,  9.96753737131652E+02
 2.01066666700000E+03,  1.21101870549161E+00,  1.34000000000000E+00,  3.44589760125893E+01,  1.31050000000002E+02,  5.94473385420548E+02,  1.26843576070104E+03
 2.01075000000000E+03,  8.21104284128907E-01,  1.14000000000000E+00,  3.45110844145376E+01,  1.31230000000002E+02,  5.48808884944374E+02,  1.36864723795836E+03
 2.01083333300000E+03,  2.23267705705310E-01, -3.87500000000000E-01,  3.45634395440258E+01,  1.31410000000002E+02,  4.84168013542812E+02,  1.05580799319243E+03
 2.01091666700000E+03, -5.29121569772903E-02, -9.92500000000000E-01,  3.46160364429492E+01,  1.31590000000002E+02,  4.94831893634546E+02,  9.48403381413702E+02
 2.01100000000000E+03, -3.01694727744894E-01, -6.22500000000000E-01,  3.46688701279908E+01,  1.31770000000002E+02,  5.13626984608495E+02,  1.11263185500070E+03
 2.01108333300000E+03, -6.15024897401617E-01, -8.60000000000000E-01,  3.47219355912424E+01,  1.31950000000002E+02,  3.73298063701857E+02,  9.19939724770353E+02
 2.01116666700000E+03, -5.95950519393262E-01, -8.57500000000000E-01,  3.47752278008285E+01,  1.32130000000002E+02,  2.73995436634676E+02,  7.00198688097479E+02
 2.01125000000000E+03, -3.85832125988786E-01, -7.32500000000000E-01,  3.48287417015345E+01,  1.32310000000003E+02,  2.65679074514056E+02,  6.13342948999786E+02
 2.01133333300000E+03, -3.47180029215130E-01, -2.32500000000000E-01,  3.48824722154367E+01,  1.32490000000003E+02,  2.88580913399738E+02,  7.73017569023949E+02
 2.01141666700000E+03, -2.14878677444420E-01,  5.00000000000000E-02,  3.49364142425363E+01,  1.32670000000003E+02,  2.33279601089958E+02,  5.05071608711046E+02
 2.01150000000000E+03,  9.63463111465444E-02,  6.25000000000000E-02,  3.49905626613955E+01,  1.32850000000003E+02,  1.67000679912270E+02,  3.93674448225750E+02
 2.01158333300000E+03,  2.06695104022532E-01,  4.15000000000000E-01,  3.50449123297775E+01,  1.33030000000003E+02,  1.95839926386460E+02,  3.91373781986733E+02
 2.01166666700000E+03,  8.06907632755783E-02,  3.70000000000000E-01,  4.07096477932516E+01,  1.33210000000003E+02,  4.02760098867852E+02,  4.94359927614064E+02
 2.01175000000000E+03, -1.20041805038334E-01,  1.42500000000000E-01,  4.06874479100657E+01,  1.33390000000003E+02,  4.83826631955038E+02,  5.40291808727154E+02
 2.01183333300000E+03, -3.10523901783456E-01, -1.50000000000000E-01,  4.06650563242080E+01,  1.33570000000003E+02,  6.09395180110221E+02,  7.12668771446689E+02
 2.01191666700000E+03, -4.03121454760213E-01, -1.27500000000000E-01,  4.06424714562349E+01,  1.33750000000003E+02,  6.27102284061858E+02,  6.46725836362357E+02
 2.01200000000000E+03, -3.35343594782092E-01,  2.55000000000000E-01,  4.06196917609087E+01,  1.33930000000003E+02,  7.30191657670246E+02,  8.48791663111713E+02
 2.01208333300000E+03, -1.51770834420016E-01,  3.35000000000000E-01,  4.05967157276037E+01,  1.34110000000003E+02,  5.91382891230707E+02,  9.17298358817402E+02
 2.01216666700000E+03, -1.49859614443198E-02,  5.75000000000000E-02,  4.05735418807071E+01,  1.34290000000003E+02,  5.22305560533082E+02,  7.55034153533337E+02
 2.01225000000000E+03, -2.47056839018322E-02, -1.65000000000000E-01,  4.05501687800134E+01,  1.34470000000003E+02,  3.95056122340901E+02,  6.21556029276957E+02
 2.01233333300000E+03, -1.56192117890006E-01, -2.72500000000000E-01,  4.05265950211132E+01,  1.34650000000003E+02,  4.22415770610957E+02,  8.35505344887160E+02
 2.01241666700000E+03, -3.22599923024969E-01, -4.25000000000000E-01,  4.05028192357771E+01,  1.34830000000003E+02,  3.27856904743530E+02,  6.38087634770697E+02
 2.01250000000000E+03, -3.83139274202733E-01, -4.40000000000000E-01,  4.04788400923325E+01,  1.35010000000003E+02,  2.50241853886174E+02,  3.89323321915934E+02
 2.01258333300000E+03, -3.23337173286713E-01, -3.40000000000000E-01,  4.04546562960352E+01,  1.35190000000003E+02,  1.91925620672298E+02,  3.77115103490440E+02
 2.01266666700000E+03, -2.94633340940837E-01, -5.27500000000000E-01,  3.14087858939598E+01,  1.35370000000003E+02,  1.77604732066785E+02,  3.47622940527729E+02
 2.01275000000000E+03, -3.28778778660877E-01, -9.27500000000000E-01,  3.13919509497019E+01,  1.35550000000003E+02,  1.14482822963893E+02,  1.72529746239203E+02
 2.01283333300000E+03, -3.72571894120534E-01, -1.14000000000000E+00,  3.13755833981067E+01,  1.35730000000003E+02,  9.52434722310406E+01,  3.40984113377604E+02
 2.01291666700000E+03, -3.99278453178588E-01, -9.07500000000000E-01,  3.13596857683415E+01,  1.35910000000003E+02,  9.37101586788255E+01,  3.41135585102221E+02
 2.01300000000000E+03, -3.61723607263448E-01, -2.27500000000000E-01,  3.13442605431646E+01,  1.36090000000003E+02,  1.42880341410124E+02,  4.56853719487416E+02
 2.01308333300000E+03, -2.29798683100320E-01,  9.75000000000000E-02,  3.13293101585135E+01,  1.36270000000003E+02,  1.92208047215063E+02,  4.64872881169279E+02
 2.01316666700000E+03, -3.01566490001356E-02, -4.95000000000000E-01,  3.13148370031003E+01,  1.36450000000003E+02,  1.54770420549905E+02,  4.18499974167653E+02
 2.01325000000000E+03,  1.66557598567726E-01, -1.00500000000000E+00,  3.13008434180133E+01,  1.36630000000003E+02,  2.06144889510970E+02,  2.98620768922443E+02
 2.01333333300000E+03,  2.98134986618669E-01, -6.47500000000000E-01,  3.12873316963249E+01,  1.36810000000003E+02,  2.76271092638404E+02,  3.27367294936807E+02
 2.01341666700000E+03,  3.51624542369720E-01, -4.12500000000000E-01,  3.12743040827058E+01,  1.36990000000003E+02,  2.87511308923355E+02,  2.11403081712525E+02
 2.01350000000000E+03,  3.55195257481479E-01, -4.57500000000000E-01,  3.12617627730460E+01,  1.37170000000003E+02,  2.34155379066288E+02,  1.93334138027510E+02
 2.01358333300000E+03,  4.05545007888365E-01, -1.05000000000000E-01,  3.12497099140821E+01,  1.37350000000003E+02,  2.43309462116821E+02,  1.75904292672485E+02
 2.01366666700000E+03,  3.54128152257008E-01,  1.37500000000000E-01,  3.31906426137960E+01,  1.37530000000003E+02,  2.06314270028167E+02,  2.24872521395360E+02
 2.01375000000000E+03, -1.75767687606299E-02, -2.87500000000000E-01,  3.32345610661092E+01,  1.37710000000003E+02,  1.64566378230786E+02,  2.29509360487228E+02
 2.01383333300000E+03, -3.80213712867731E-01, -9.12500000000000E-01,  3.32788458195985E+01,  1.37890000000003E+02,  1.09739777547600E+02,  1.80859468935601E+02
 2.01391666700000E+03, -5.70026213438367E-01, -7.17500000000000E-01,  3.33234927912481E+01,  1.38070000000003E+02,  2.08805375336664E+02,  2.67838353274888E+02
 2.01400000000000E+03, -9.19443891341530E-01, -3.87500000000000E-01,  3.33684978579394E+01,  1.38250000000003E+02,  2.47988350683492E+02,  2.84043592379948E+02
 2.01408333300000E+03, -1.35261287913213E+00, -7.62500000000000E-01,  3.34138568569543E+01,  1.38430000000003E+02,  2.35692881959901E+02,  2.99333176716713E+02
 2.01416666700000E+03, -1.32595175744693E+00, -6.42500000000000E-01,  3.34595655864845E+01,  1.38610000000003E+02,  1.96271782373642E+02,  3.47231341820397E+02
 2.01425000000000E+03, -7.36942211087822E-01, -2.72500000000000E-01,  3.35056198061460E+01,  1.38790000000003E+02,  1.99274603460724E+02,  3.85193927496633E+02
 2.01433333300000E+03, -1.27703214056616E-01, -6.55000000000000E-01,  3.35520152374995E+01,  1.38970000000003E+02,  1.04140395721685E+02,  3.33115251226846E+02
 2.01441666700000E+03,  2.00907848408310E-01, -7.42500000000000E-01,  3.35987475645749E+01,  1.39150000000003E+02,  9.67647524570745E+01,  3.11540241271675E+02
 2.01450000000000E+03,  4.72886606280370E-01,  2.27500000000000E-01,  3.36458124344020E+01,  1.39330000000003E+02,  7.39069245430588E+01,  2.46041376379331E+02
 2.01458333300000E+03,  7.52501837891588E-01,  9.95000000000000E-01,  3.36932054575458E+01,  1.39510000000003E+02,  1.08431292260411E+02,  2.72505485347828E+02
 2.01466666700000E+03,  1.04937970675330E+00,  1.01250000000000E+00,  3.45149066132883E+01,  1.39690000000003E+02,  1.76503622103715E+02,  2.65081406154627E+02
 2.01475000000000E+03,  1.31543624271993E+00,  9.25000000000000E-01,  3.44704602517381E+01,  1.39870000000003E+02,  1.80221133066484E+02,  2.73217683363136E+02
 2.01483333300000E+03,  1.06094709144061E+00,  6.97500000000000E-01,  3.44261190800348E+01,  1.40050000000003E+02,  1.53770595203021E+02,  3.14257206784733E+02
 2.01491666700000E+03,  3.40153588166817E-01,  3.80000000000000E-01,  3.43818875423938E+01,  1.40230000000003E+02,  2.63126757891709E+02,  3.45107295080719E+02
 2.01500000000000E+03, -1.53695088553036E-01,  2.85000000000000E-01,  3.43377700907085E+01,  1.40410000000003E+02,  2.32022207737712E+02,  2.81317381496896E+02
 2.01508333300000E+03, -2.55942352048892E-01,  1.50000000000000E-01,  3.42937711839228E+01,  1.40590000000003E+02,  2.64239460141668E+02,  4.57978701750763E+02
 2.01516666700000E+03, -3.20286414321739E-01, -2.35000000000000E-01,  3.42498952874006E+01,  1.40770000000003E+02,  3.29235185163157E+02,  4.23453773383603E+02
 2.01525000000000E+03, -4.06631667842719E-01, -3.37500000000000E-01,  3.42061468722943E+01,  1.40950000000003E+02,  3.62137889981633E+02,  4.00446188385991E+02
 2.01533333300000E+03, -2.24672659350604E-01, -1.40000000000000E-01,  3.41625304149115E+01,  1.41130000000003E+02,  2.56044194906928E+02,  3.62462711886054E+02
 2.01541666700000E+03,  1.71462962942799E-01,  2.50000000000000E-02,  3.41190503960791E+01,  1.41310000000003E+02,  2.72443205964719E+02,  3.17945015690660E+02
 2.01550000000000E+03,  3.58335398083591E-01,  1.40000000000000E-01,  3.40757113005064E+01,  1.41490000000003E+02,  1.87459441090839E+02,  1.13215874630158E+02
 2.01558333300000E+03,  3.52423453985415E-01, -1.02500000000000E-01,  3.40325176161472E+01,  1.41670000000003E+02,  1.55071194833146E+02,  1.28818700618860E+02
 2.01566666700000E+03,  4.28995767690143E-01,  1.42500000000000E-01,  4.32309787578518E+01,  1.41850000000003E+02,  1.17897518854431E+02,  1.41353411660974E+02
 2.01575000000000E+03,  4.73674179019081E-01,  8.10000000000000E-01,  4.32193748851408E+01,  1.42030000000003E+02,  1.78067922729380E+02,  2.95435367983397E+02
 2.01583333300000E+03,  4.09855758750539E-01,  5.47500000000000E-01,  4.32074221356844E+01,  1.42210000000003E+02,  1.76650780361982E+02,  3.01432626971583E+02
 2.01591666700000E+03,  3.16515629034217E-01,  6.70000000000000E-01,  4.31951235166671E+01,  1.42390000000003E+02,  1.64498424132421E+02,  3.22424257192740E+02
 2.01600000000000E+03,  2.11911660820452E-01,  1.50750000000000E+00,  4.31824820643606E+01,  1.42570000000003E+02,  1.21350716949195E+02,  3.27878225280096E+02
 2.01608333300000E+03,  1.37560921540513E-01,  1.42750000000000E+00,  4.31695008435859E+01,  1.42750000000003E+02,  1.60274432809097E+02,  4.19637335569723E+02
 2.01616666700000E+03,  1.11988628040780E-01,  7.75000000000000E-01,  4.31561829471719E+01,  1.42930000000003E+02,  9.67564223537258E+01,  2.25259570800233E+02
 2.01625000000000E+03,  8.06933881850570E-02,  1.90000000000000E-01,  4.31425314954105E+01,  1.43110000000003E+02,  9.31472503798153E+01,  2.48481087927356E+02
 2.01633333300000E+03, -2.44087589034301E-02, -4.35000000000000E-01,  4.31285496355091E+01,  1.43290000000003E+02,  1.01015353267086E+02,  5.19245526581276E+02
 2.01641666700000E+03, -1.81699606289520E-01, -4.00000000000000E-01,  4.31142405410391E+01,  1.43470000000003E+02,  1.67532858047891E+02,  6.20714558586960E+02
 2.01650000000000E+03, -2.95352281259785E-01, -1.22500000000000E-01,  4.30996074113819E+01,  1.43650000000003E+02,  1.24019519903184E+02,  5.00376758734354E+02
 2.01658333300000E+03, -1.60200657754846E-01, -2.95000000000000E-01,  4.30846534711720E+01,  1.43830000000003E+02,  1.24437804937221E+02,  5.17799097296474E+02
 2.01666666700000E+03,  1.44777694630583E-01,  2.10000000000000E-01,  3.12539141203107E+01,  1.44010000000003E+02,  1.59718905778914E+02,  5.44367290324453E+02
 2.01675000000000E+03,  1.95854470998774E-01,  1.15250000000000E+00,  3.12421781858472E+01,  1.44190000000003E+02,  2.15635626136694E+02,  3.20394188231298E+02
 2.01683333300000E+03, -8.58767108881169E-03,  9.40000000000000E-01,  3.12309341287147E+01,  1.44370000000003E+02,  1.51977579738337E+02,  3.06259513001077E+02
 2.01691666700000E+03, -2.32781017180784E-01, -3.75000000000000E-02,  3.12201839638159E+01,  1.44550000000003E+02,  2.19288698520594E+02,  3.56724585123845E+02
 2.01700000000000E+03, -3.84682508526725E-01, -3.20000000000000E-01,  3.12099296555986E+01,  1.44730000000003E+02,  2.45885376283286E+02,  3.57053827096787E+02
 2.01708333300000E+03, -4.01899898275677E-01, -1.05000000000000E-01,  3.12001731177143E+01,  1.44910000000003E+02,  2.75716239811744E+02,  3.30032053943021E+02
 2.01716666700000E+03, -2.94541568121000E-01,  7.50000000000000E-03,  3.11909162126841E+01,  1.45090000000003E+02,  2.42446931391263E+02,  2.75003225613140E+02
 2.01725000000000E+03, -1.29521479869336E-01,  1.50000000000000E-02,  3.11821607515711E+01,  1.45270000000003E+02,  2.40297348639928E+02,  3.20767771017535E+02
 2.01733333300000E+03,  2.66233971403765E-02,  2.35000000000000E-01,  3.11739084936605E+01,  1.45450000000003E+02,  1.70901424673415E+02,  5.07821880502616E+02
 2.01741666700000E+03,  1.51342707256014E-01,  8.75000000000000E-01,  3.11661611461458E+01,  1.45630000000003E+02,  1.50429225891043E+02,  5.03647692557735E+02
 2.01750000000000E+03,  2.57764869844580E-01,  1.01000000000000E+00,  3.11589203638227E+01,  1.45810000000003E+02,  1.55106290746477E+02,  5.85359525204617E+02
 2.01758333300000E+03,  2.71398544252020E-01,  3.52500000000000E-01,  3.11521877487903E+01,  1.45990000000003E+02,  1.59407640743962E+02,  6.61215474132235E+02
 2.01766666700000E+03,  5.87580809958210E-02, -1.80000000000000E-01,  3.90594342573688E+01,  1.46170000000003E+02,  1.77806041568933E+02,  5.51898149720181E+02
 2.01775000000000E+03, -3.06277316062957E-01, -7.15000000000000E-01,  3.90246220989989E+01,  1.46350000000003E+02,  2.09367768464902E+02,  4.87201228275590E+02
 2.01783333300000E+03, -5.82341215525774E-01, -9.15000000000000E-01,  3.89895933741097E+01,  1.46530000000003E+02,  2.52902972241030E+02,  5.17486311867628E+02
 2.01791666700000E+03, -6.67936195479429E-01, -2.40000000000000E-01,  3.89543489784875E+01,  1.46710000000003E+02,  2.19199952173520E+02,  4.28186195433622E+02
 2.01800000000000E+03, -6.97652560186898E-01, -3.42500000000000E-01,  3.89188898547175E+01,  1.46890000000003E+02,  2.23018503533053E+02,  4.00793253224553E+02
 2.01808333300000E+03, -8.16967272874095E-01, -1.16000000000000E+00,  3.88832169921798E+01,  1.47070000000003E+02,  2.26614753528290E+02,  3.62088180864888E+02
 2.01816666700000E+03, -9.25731676925753E-01, -1.27750000000000E+00,  3.88473314270376E+01,  1.47250000000003E+02,  1.85614201017667E+02,  2.44887882034146E+02
 2.01825000000000E+03, -7.75514277500512E-01, -1.12250000000000E+00,  3.88112342422186E+01,  1.47430000000003E+02,  1.77241859132122E+02,  2.69834868784275E+02
 2.01833333300000E+03, -3.29656057845280E-01, -6.60000000000000E-01,  3.87749265673876E+01,  1.47610000000003E+02,  1.62464562796813E+02,  2.52348192993770E+02
 2.01841666700000E+03,  9.99887698500778E-02, -1.32500000000000E-01,  3.87384095789118E+01,  1.47790000000003E+02,  3.17785638658632E+02,  3.14323024588546E+02
 2.01850000000000E+03,  1.76343906513250E-01,  9.50000000000000E-02,  3.87016844998182E+01,  1.47970000000003E+02,  3.43305940711183E+02,  3.92105967072788E+02
 2.01858333300000E+03,  2.31817947788841E-01,  7.20000000000000E-01,  3.86647525997429E+01,  1.48150000000003E+02,  3.67896975509530E+02,  3.34431240506512E+02
 2.01866666700000E+03,  5.42540253489683E-01,  9.87500000000000E-01,  3.14933043064798E+01,  1.48330000000003E+02,  4.49358515412573E+02,  3.47683301106038E+02
 2.01875000000000E+03,  5.67157509536644E-01,  5.40000000000000E-01,  3.14743264670041E+01,  1.48510000000003E+02,  4.14457546966730E+02,  3.64425649140157E+02
 2.01883333300000E+03,  1.75579844249307E-01,  3.47500000000000E-01,  3.14558036374466E+01,  1.48690000000003E+02,  2.17170102375185E+02,  2.41986081765049E+02
 2.01891666700000E+03, -2.97799922823742E-01,  4.40000000000000E-01,  3.14377385575958E+01,  1.48870000000003E+02,  1.72419424525443E+02,  1.94240688874343E+02
 2.01900000000000E+03, -6.69475350021659E-01, -8.25000000000000E-02,  3.14201339228270E+01,  1.49050000000003E+02,  1.56838896701793E+02,  2.65270707140721E+02
 2.01908333300000E+03, -8.05093356388481E-01, -7.72500000000000E-01,  3.14029923836626E+01,  1.49230000000003E+02,  8.28828367758165E+01,  2.51078084503691E+02
 2.01916666700000E+03, -7.04283598408126E-01, -6.67500000000000E-01,  3.13863165453389E+01,  1.49410000000003E+02,  1.13016751141246E+02,  2.84362368554318E+02
 2.01925000000000E+03, -4.74431256690208E-01, -4.75000000000000E-01,  3.13701089673782E+01,  1.49590000000003E+02,  1.44908371288347E+02,  6.75396834930293E+02
 2.01933333300000E+03, -2.24078043575062E-01, -2.35000000000000E-01,  3.13543721631678E+01,  1.49770000000003E+02,  1.91446831149664E+02,  7.80733515122686E+02
 2.01941666700000E+03,  1.17949554787322E-02,  2.32500000000000E-01,  3.13391085995448E+01,  1.49950000000003E+02,  2.34304465779301E+02,  8.90366095547860E+02
 2.01950000000000E+03,  2.44621287929450E-01,  6.60000000000000E-01,  3.13243206963867E+01,  1.50130000000003E+02,  2.72593276603097E+02,  1.18270728705526E+03
 2.01958333300000E+03,  5.20808585173283E-01,  1.14000000000000E+00,  3.13100108262093E+01,  1.50310000000003E+02,  3.06947373965481E+02,  1.14846381854696E+03
 2.01966666700000E+03,  6.28617646243646E-01,  8.57500000000000E-01,  2.90979401079951E+01,  1.50490000000003E+02,  2.67539116699520E+02,  8.07352766086921E+02
 2.01975000000000E+03,  2.76380554412373E-01, -9.75000000000000E-02,  2.91464046743186E+01,  1.50670000000003E+02,  2.54980886876465E+02,  6.96911553862117E+02
 2.01983333300000E+03, -1.76864121659882E-01, -3.07500000000000E-01,  2.91951594526975E+01,  1.50850000000003E+02,  2.11623789965199E+02,  6.26688040325176E+02
 2.01991666700000E+03, -3.79718445773198E-01, -3.15000000000000E-01,  2.92441999852872E+01,  1.51030000000003E+02,  1.32387910193831E+02,  3.78126388003709E+02
 2.02000000000000E+03, -6.09054786169084E-01, -5.22500000000000E-01,  2.92935217842803E+01,  1.51210000000003E+02,  1.27570115532657E+02,  3.39173087672387E+02
 2.02008333300000E+03, -8.83289644484554E-01, -8.75000000000000E-01,  2.93431203324480E+01,  1.51390000000003E+02,  2.27385394503978E+02,  3.23374437472969E+02
 2.02016666700000E+03, -7.68273885136105E-01, -1.56750000000000E+00,  2.93929910836842E+01,  1.51570000000003E+02,  2.34516494835138E+02,  3.03264995905027E+02
 2.02025000000000E+03, -3.06288661362240E-01, -1.22500000000000E+00,  2.94431294635549E+01,  1.51750000000003E+02,  2.78482897462700E+02,  2.15580398076167E+02
 2.02033333300000E+03,  6.16632378171143E-02,  5.00000000000003E-03,  2.94935308698507E+01,  1.51930000000003E+02,  2.82233755996561E+02,  1.55633249465735E+02
 2.02041666700000E+03,  4.06565998901441E-01,  7.97500000000000E-01,  2.95441906731429E+01,  1.52110000000003E+02,  2.25686034486708E+02,  2.52680831227847E+02
 2.02050000000000E+03,  9.12359204059215E-01,  1.26500000000000E+00,  2.95951042173426E+01,  1.52290000000003E+02,  2.24372326742703E+02,  3.69356144983185E+02
 2.02058333300000E+03,  9.37888376310305E-01,  1.34750000000000E+00,  2.96462668202650E+01,  1.52470000000003E+02,  2.08962561578134E+02,  4.78736565147976E+02
 2.02066666700000E+03,  3.43436293874162E-01,  4.75000000000000E-01,  4.34018917330668E+01,  1.52650000000003E+02,  1.72182766681474E+02,  5.22845028499292E+02
 2.02075000000000E+03, -2.49267980967819E-02, -3.40000000000000E-01,  4.34028113535180E+01,  1.52830000000003E+02,  1.60066419513085E+02,  5.42758889484643E+02
 2.02083333300000E+03, -1.36536502293537E-01,  1.55000000000000E-01,  4.34033043521182E+01,  1.53010000000003E+02,  1.79902587656914E+02,  4.50273834735053E+02
 2.02091666700000E+03, -3.16851348791630E-01,  5.90000000000000E-01,  4.34033725486294E+01,  1.53190000000003E+02,  1.80090208005123E+02,  4.68701882569748E+02
 2.02100000000000E+03, -4.42481064527112E-01, -6.25000000000000E-02,  4.34030178068165E+01,  1.53370000000003E+02,  1.58368319214577E+02,  3.76567326498451E+02
 2.02108333300000E+03, -4.41463955868916E-01, -7.67500000000000E-01,  4.34022420340594E+01,  1.53550000000003E+02,  2.98906325614310E+02,  4.17228791228332E+02
 2.02116666700000E+03, -3.60116652567937E-01, -1.11250000000000E+00,  4.34010471809591E+01,  1.53730000000003E+02,  3.37493426359643E+02,  3.57337646591190E+02
 2.02125000000000E+03, -2.59028073594296E-01, -1.21500000000000E+00,  4.33994352409387E+01,  1.53910000000003E+02,  4.15804684614713E+02,  4.15789358869212E+02
 2.02133333300000E+03, -1.59325579939147E-01, -6.60000000000000E-01,  4.33974082498376E+01,  1.54090000000003E+02,  3.34922919674426E+02,  3.02140120558658E+02
 2.02141666700000E+03, -8.29083376976141E-02,  1.62500000000000E-01,  4.33949682855013E+01,  1.54270000000003E+02,  4.16066678709986E+02,  3.85460633828132E+02
 2.02150000000000E+03, -2.47490637030928E-02,  4.92500000000000E-01,  4.33921174673646E+01,  1.54450000000003E+02,  2.61791313727805E+02,  3.15699981698547E+02
 2.02158333300000E+03,  1.99494981768569E-01,  5.75000000000000E-01,  4.33888579560302E+01,  1.54630000000003E+02,  2.46395181895216E+02,  2.98257115442422E+02
 2.02166666700000E+03,  5.20516814315772E-01,  7.50000000000000E-01,  4.31753723594564E+01,  1.54810000000003E+02,  1.75759274220186E+02,  2.31014851447260E+02
 2.02175000000000E+03,  5.00534413825877E-01,  9.57500000000000E-01,  4.31557407752037E+01,  1.54990000000003E+02,  1.79926969010863E+02,  1.99083470651114E+02
 2.02183333300000E+03,  1.28884310697104E-01, -2.00000000000000E-02,  4.31362420349020E+01,  1.55170000000003E+02,  1.27706730415574E+02,  8.63368490054926E+01
 2.02191666700000E+03, -3.17968242994191E-01, -1.09250000000000E+00,  4.31168753496652E+01,  1.55350000000003E+02,  1.59830529405837E+02,  1.39979739032698E+02
 2.02200000000000E+03, -6.71601882359788E-01, -2.42500000000000E-01,  4.30976398904657E+01,  1.55530000000003E+02,  1.43430902364885E+02,  1.39591065485241E+02
 2.02208333300000E+03, -8.04216072988525E-01,  4.12500000000000E-01,  4.30785347883902E+01,  1.55710000000003E+02,  1.23807904704018E+02,  1.98131297847592E+02
 2.02216666700000E+03, -6.97151364552779E-01, -1.75000000000000E-01,  4.30595591349021E+01,  1.55890000000003E+02,  1.61908576316491E+02,  2.02455150263492E+02
 2.02225000000000E+03, -4.34514913447658E-01, -6.80000000000000E-01,  4.30407119821120E+01,  1.56070000000003E+02,  2.19940686565998E+02,  3.29228011529338E+02
 2.02233333300000E+03, -1.36411938427886E-01, -6.15000000000000E-01,  4.30219923430536E+01,  1.56250000000003E+02,  1.90986273253270E+02,  3.57887239490311E+02
 2.02241666700000E+03,  1.08118525282674E-01,  2.20000000000000E-01,  4.30033991919675E+01,  1.56430000000003E+02,  2.00004540774797E+02,  3.92330007362005E+02
 2.02250000000000E+03,  2.60100022836988E-01,  1.11500000000000E+00,  4.29849314645914E+01,  1.56610000000003E+02,  2.43068925330362E+02,  5.15051036504149E+02
 2.02258333300000E+03,  2.63541691416032E-01,  9.02500000000000E-01,  4.29665880584567E+01,  1.56790000000003E+02,  1.94066903098600E+02,  5.86022162949220E+02
 2.02266666700000E+03,  1.43108801389241E-01,  3.42500000000000E-01,  4.33946488453743E+01,  1.56970000000003E+02,  1.60726284373322E+02,  4.81632409470591E+02
 2.02275000000000E+03,  1.80318337231032E-02,  3.00000000000000E-02,  4.33971782087075E+01,  1.57150000000003E+02,  1.72476023933589E+02,  5.87206541599165E+02
 2.02283333300000E+03, -1.23500892062339E-01, -5.07500000000000E-01,  4.33992745452113E+01,  1.57330000000003E+02,  1.97692193134219E+02,  6.59566627981196E+02
 2.02291666700000E+03, -3.02129242881495E-01, -7.50000000000000E-01,  4.34009395068653E+01,  1.57510000000003E+02,  1.48459179718296E+02,  5.25225182436898E+02
 2.02300000000000E+03, -4.36401067604545E-01, -7.12500000000000E-01,  4.34021747910486E+01,  1.57690000000003E+02,  1.56072819151421E+02,  4.76643263721123E+02
 2.02308333300000E+03, -4.68124986979946E-01, -1.14000000000000E+00,  4.34029821401749E+01,  1.57870000000003E+02,  1.08847561564812E+02,  4.81702643782056E+02
 2.02316666700000E+03, -4.04280780142382E-01, -1.39500000000000E+00,  4.34033633413204E+01,  1.58050000000003E+02,  9.33902856939263E+01,  2.98408026445299E+02
 2.02325000000000E+03, -3.01953171738080E-01, -9.65000000000000E-01,  4.34033202258464E+01,  1.58230000000003E+02,  7.76607497152065E+01,  1.94049864015374E+02
 2.02333333300000E+03, -2.13403348913475E-01, -2.87500000000000E-01,  4.34028546690158E+01,  1.58410000000003E+02,  1.83442240353130E+02,  2.28805938433468E+02
 2.02341666700000E+03, -1.45835141328032E-01,  4.15000000000000E-01,  4.34019685896034E+01,  1.58590000000003E+02,  2.65899823628605E+02,  2.85247382595081E+02
 2.02350000000000E+03, -7.32999384311278E-02,  6.40000000000000E-01,  4.34006639495010E+01,  1.58770000000004E+02,  3.10386214732250E+02,  4.22179470070544E+02
 2.02358333300000E+03,  2.44915047783458E-01,  5.82500000000000E-01,  4.33989427533162E+01,  1.58950000000004E+02,  3.20996449658517E+02,  3.99438809798035E+02
 2.02366666700000E+03,  7.81461896325140E-01,  8.97500000000000E-01,  2.83552864241819E+01,  1.59130000000004E+02,  3.08967399969173E+02,  4.21690556563606E+02
 2.02375000000000E+03,  1.00049424160525E+00,  1.08250000000000E+00,  2.83388257081954E+01,  1.59310000000004E+02,  3.89543396253481E+02,  4.66102920422949E+02
 2.02383333300000E+03,  8.25430628708812E-01,  8.55000000000000E-01,  2.83224659229785E+01,  1.59490000000004E+02,  3.26539832726949E+02,  4.02745910905873E+02
 2.02391666700000E+03,  5.21778515800682E-01,  5.62500000000000E-01,  2.83062057154878E+01,  1.59670000000004E+02,  4.21539799622153E+02,  2.83801316637904E+02
 2.02400000000000E+03,  2.17882609216831E-01,  1.42500000000000E-01,  2.82900437041326E+01,  1.59850000000004E+02,  4.35532448726627E+02,  3.60724585032985E+02
 2.02408333300000E+03,  2.39309548894728E-02, -7.25000000000000E-02,  2.82739784790867E+01,  1.60030000000004E+02,  4.76460132438465E+02,  5.89936747619832E+02
 2.02416666700000E+03, -2.56775853753614E-02, -1.90000000000000E-01,  2.82580086026048E+01,  1.60210000000004E+02,  2.88064593444312E+02,  5.25998684398825E+02
 2.02425000000000E+03,  3.16009064554626E-02, -9.85000000000000E-01,  2.82421326093434E+01,  1.60390000000004E+02,  3.22794344048217E+02,  6.81164528805205E+02
 2.02433333300000E+03,  1.37738709486610E-01, -1.10000000000000E+00,  2.82263490066859E+01,  1.60570000000004E+02,  2.04556846522158E+02,  8.17336826439002E+02
 2.02441666700000E+03,  2.58578276219666E-01,  4.90000000000000E-01,  2.82106562750726E+01,  1.60750000000004E+02,  1.93321205253375E+02,  8.97175717973457E+02
 2.02450000000000E+03,  3.81997926023595E-01,  1.03000000000000E+00,  2.81950528683344E+01,  1.60930000000004E+02,  1.66341801079519E+02,  9.28709669236567E+02
 2.02458333300000E+03,  2.59784400618489E-01,  2.52500000000000E-01,  2.81795372140313E+01,  1.61110000000004E+02,  1.66708749168143E+02,  8.86615791161225E+02
 2.02466666700000E+03, -1.27465460861972E-02,  3.30000000000000E-01,  2.94115591568334E+01,  1.61290000000004E+02,  1.03271526530281E+02,  7.42145727729641E+02
 2.02475000000000E+03, -1.48508040581892E-03,  3.82500000000000E-01,  2.94649592648328E+01,  1.61470000000004E+02,  8.08044868173833E+01,  5.75272700651452E+02
 2.02483333300000E+03,  1.37044826083238E-01,  4.22500000000000E-01,  2.95181875478086E+01,  1.61650000000004E+02,  9.38378458986611E+01,  4.84905451610634E+02
 2.02491666700000E+03,  3.73452145971008E-01,  8.82500000000000E-01,  2.95712395377507E+01,  1.61830000000004E+02,  8.43235856649865E+01,  1.98207424265970E+02
 2.02500000000000E+03,  5.98121635475576E-01,  1.09500000000000E+00,  2.96241107914092E+01,  1.62010000000004E+02,  1.07358169412452E+02,  2.02280112751953E+02
 2.02508333300000E+03,  2.96566156188025E-01,  8.72500000000000E-01,  2.96767968907951E+01,  1.62190000000004E+02,  9.59694997683271E+01,  4.33944125171449E+02
 2.02516666700000E+03, -2.21257365404596E-01, -6.75000000000000E-02,  2.97292934436767E+01,  1.62370000000004E+02,  1.92965678433228E+02,  5.47279939985141E+02
 2.02525000000000E+03, -2.66600795591686E-01, -9.82500000000000E-01,  2.97815960840739E+01,  1.62550000000004E+02,  2.11307092125366E+02,  5.63952222785950E+02
 2.02533333300000E+03, -5.05062937264794E-02, -1.22750000000000E+00,  2.98337004727468E+01,  1.62730000000004E+02,  1.91071369011808E+02,  5.66214833874078E+02
 2.02541666700000E+03, -3.43510635714408E-02, -8.12500000000000E-01,  2.98856022976818E+01,  1.62910000000004E+02,  3.09768820935431E+02,  7.53424537354042E+02
 2.02550000000000E+03,  1.17306615466325E-02, -2.30000000000000E-01,  2.99372972745729E+01,  1.63090000000004E+02,  3.36840775398757E+02,  5.94765617426785E+02
 2.02558333300000E+03,  2.19268866524666E-01,  3.00000000000000E-02,  2.99887811472998E+01,  1.63270000000004E+02,  2.81563961482162E+02,  4.59224972027186E+02
 2.02566666700000E+03,  2.84131609740319E-01,  6.50000000000000E-01,  3.85140265064117E+01,  1.63450000000004E+02,  3.09164936910304E+02,  4.27847081058836E+02
 2.02575000000000E+03,  1.52800584808145E-01,  1.20750000000000E+00,  3.85063690832593E+01,  1.63630000000004E+02,  3.61969044280835E+02,  4.53568495526772E+02
 2.02583333300000E+03, -7.77867917180957E-02,  3.75000000000000E-01,  3.84983434902369E+01,  1.63810000000004E+02,  3.97673324841651E+02,  5.52214882193678E+02
 2.02591666700000E+03, -3.81718283643758E-01, -5.80000000000000E-01,  3.84899522876295E+01,  1.63990000000004E+02,  3.99008986511902E+02,  6.31205449820538E+02
 2.02600000000000E+03, -6.46350506592329E-01, -5.07500000000000E-01,  3.84811980683678E+01,  1.64170000000004E+02,  3.67368895192162E+02,  6.39632764871033E+02
 2.02608333300000E+03, -7.45974425878900E-01, -9.27500000000000E-01,  3.84720834575640E+01,  1.64350000000004E+02,  2.93130605560632E+02,  5.73736715352088E+02
 2.02616666700000E+03, -7.07715013675513E-01, -1.62000000000000E+00,  3.84626111120443E+01,  1.64530000000004E+02,  3.04913730449971E+02,  7.30741758597770E+02
 2.02625000000000E+03, -6.54327483033761E-01, -1.48500000000000E+00,  3.84527837198777E+01,  1.64710000000004E+02,  4.80863978759679E+00,  3.69666201594672E+01
 2.02633333300000E+03, -6.32807408817872E-01, -1.03000000000000E+00,  3.84426039999000E+01,  1.64890000000004E+02,  3.31323682916303E+02,  9.54536052616634E+02
