 1.88000000000000E+03,  3.33491224606856E-01, -4.93000000000000E-01,  1.43714495280034E+00,  1.00000000000000E-02,  2.21709176126352E+03,  4.65466706993625E+03
 1.88008333300000E+03,  3.21904458338345E-01, -5.30500000000000E-01,  1.46027180651422E+00,  1.90000000000000E-01,  2.92737576474737E+00,  8.98004970557128E+03
 1.88016666700000E+03,  3.17728385167910E-01, -6.04250000000000E-01,  1.48380721419146E+00,  3.70000000000000E-01,  1.90779629415750E+03,  5.47180273956613E+03
 1.88025000000000E+03,  3.29022959705825E-01, -6.24000000000000E-01,  1.50739476162316E+00,  5.50000000000000E-01,  1.94541046052635E+03,  6.24741876504465E+03
 1.88033333300000E+03,  3.59081983229148E-01, -5.80500000000000E-01,  1.53103320244273E+00,  7.30000000000000E-01,  2.20634802088543E+03,  5.31050670889542E+03
 1.88041666700000E+03,  4.04543240173553E-01, -4.69500000000000E-01,  1.55472126865387E+00,  9.10000000000000E-01,  1.89924080353698E+03,  5.31842242747606E+03
 1.88050000000000E+03,  4.60414384393741E-01, -3.13500000000000E-01,  1.57845767075428E+00,  1.09000000000000E+00,  2.92452629672481E+03,  4.84431007482603E+03
 1.88058333300000E+03,  3.36228449229619E-01, -1.25750000000000E-01,  1.60224109786231E+00,  1.27000000000000E+00,  3.83457412005037E+03,  6.44817620913664E+03
 1.88066666700000E+03,  7.83418238877959E-03,  1.21250000000000E-01,  2.41565377807488E+00,  1.45000000000000E+00,  5.60642105193182E+03,  7.04624858059074E+03
 1.88075000000000E+03, -1.67856415217078E-01,  3.60500000000000E-01,  2.44010809907698E+00,  1.63000000000000E+00,  6.43639534628633E+03,  6.41950337404467E+03
 1.88083333300000E+03, -1.61045944073857E-01,  4.71250000000000E-01,  2.46455033516072E+00,  1.81000000000000E+00,  6.86514984763587E+03,  5.92199387189963E+03
 1.88091666700000E+03, -4.65465353682619E-02,  4.37500000000000E-01,  2.48897850744636E+00,  1.99000000000000E+00,  6.43193740945751E+03,  5.02599030881622E+03
 1.88100000000000E+03,  1.58019019056035E-01,  3.76250000000000E-01,  2.51339062246779E+00,  2.17000000000000E+00,  5.21777644090832E+03,  4.15500902918519E+03
 1.88108333300000E+03,  2.50319558351834E-01,  3.61250000000000E-01,  2.53778467240276E+00,  2.35000000000000E+00,  3.32378530288449E+03,  1.89529941653727E+03
 1.88116666700000E+03,  2.37001050197233E-01,  4.40250000000000E-01,  2.56215863530517E+00,  2.53000000000000E+00,  3.39429095127442E+03,  2.84703605143585E+03
 1.88125000000000E+03,  2.24663574588065E-01,  5.60000000000000E-01,  2.58651047533962E+00,  2.71000000000000E+00,  2.86003276771428E+03,  2.45429751810523E+03
 1.88133333300000E+03,  2.13243598868375E-01,  5.63000000000000E-01,  2.61083814301815E+00,  2.89000000000000E+00,  2.14772209614793E+03,  3.13074070024492E+03
 1.88141666700000E+03,  1.93234868577203E-01,  4.05000000000000E-01,  2.63513957543904E+00,  3.07000000000000E+00,  2.43328851999524E+03,  3.58362824129844E+03
 1.88150000000000E+03,  1.57104455866682E-01,  1.78500000000000E-01,  2.65941269652771E+00,  3.25000000000000E+00,  2.16518320153884E+03,  3.96777144270419E+03
 1.88158333300000E+03,  9.78242369705198E-02,  5.90000000000000E-02,  2.68365541727976E+00,  3.43000000000000E+00,  1.18116060395942E+03,  2.85872072463842E+03
 1.88166666700000E+03,  3.06547394616816E-02,  5.55000000000000E-02, -3.43950217150368E+00,  3.61000000000000E+00,  1.31113028047256E+03,  3.06434339207767E+03
 1.88175000000000E+03, -1.45741269159988E-02,  4.42500000000000E-02, -3.48574314115739E+00,  3.79000000000000E+00,  1.01749079647968E+03,  2.47164886704480E+03
 1.88183333300000E+03, -5.26656982801949E-02, -5.50000000000000E-03, -3.53183567282909E+00,  3.97000000000000E+00,  9.61433728884055E+02,  2.82458218369444E+03
 1.88191666700000E+03, -1.10870526286406E-01, -1.13000000000000E-01, -3.57777645937589E+00,  4.15000000000000E+00,  1.05135287926580E+03,  2.72947891577676E+03
 1.88200000000000E+03, -1.84522765319653E-01, -2.98000000000000E-01, -3.62356220556783E+00,  4.33000000000000E+00,  1.19765595571398E+03,  3.38420259058123E+03
 1.88208333300000E+03, -2.49080525105727E-01, -4.28500000000000E-01, -3.66918962840092E+00,  4.51000000000000E+00,  1.21145334988477E+03,  3.46079428407785E+03
 1.88216666700000E+03, -2.75910602655294E-01, -2.82000000000000E-01, -3.71465545740888E+00,  4.69000000000000E+00,  1.80181181973237E+03,  3.87497874052432E+03
 1.88225000000000E+03, -2.57165206904652E-01,  5.49999999999999E-03, -3.75995643497365E+00,  4.87000000000000E+00,  1.55108955250121E+03,  2.25781286387055E+03
 1.88233333300000E+03, -2.21316200858095E-01,  4.80000000000000E-02, -3.80508931663436E+00,  5.05000000000000E+00,  1.39366733130747E+03,  1.94340402584681E+03
 1.88241666700000E+03, -2.24797650761882E-01, -1.62250000000000E-01, -3.85005087139507E+00,  5.23000000000000E+00,  1.29986807569658E+03,  1.66364413370444E+03
 1.88250000000000E+03, -3.22578688173957E-01, -2.91500000000000E-01, -3.89483788203092E+00,  5.41000000000000E+00,  1.09007655610232E+03,  1.36997715881776E+03
 1.88258333300000E+03, -3.78478282789618E-01, -2.39750000000000E-01, -3.93944714539290E+00,  5.59000000000000E+00,  4.82772171217063E+02,  7.29526388464183E+02
 1.88266666700000E+03, -2.70306326563279E-01, -2.06000000000000E-01,  3.27418304930099E+00,  5.77000000000000E+00,  6.10256856638330E+02,  1.28488749560284E+03
 1.88275000000000E+03, -1.72266588931929E-01, -2.68750000000000E-01,  3.25921816491020E+00,  5.95000000000000E+00,  6.43519522235491E+02,  1.80232805828039E+03
 1.88283333300000E+03, -1.61973874560136E-01, -3.37000000000000E-01,  3.24421308163906E+00,  6.13000000000000E+00,  5.59401921702578E+02,  1.35330892326403E+03
 1.88291666700000E+03, -1.80423247600103E-01, -2.88750000000000E-01,  3.22916618814517E+00,  6.31000000000000E+00,  4.98552930400709E+02,  1.55037175709065E+03
 1.88300000000000E+03, -2.15721651031070E-01, -2.15500000000000E-01,  3.21407587434186E+00,  6.49000000000000E+00,  5.26757824106520E+02,  1.58288205004267E+03
 1.88308333300000E+03, -2.33466850117492E-01, -2.59750000000000E-01,  3.19894053168167E+00,  6.67000000000000E+00,  3.14725877704694E+02,  9.28136111041912E+02
 1.88316666700000E+03, -1.96240511717933E-01, -2.52000000000000E-01,  3.18375855343969E+00,  6.85000000000000E+00,  4.68817140791354E+02,  1.43133053466223E+03
 1.88325000000000E+03, -9.17036324232288E-02, -1.62250000000000E-01,  3.16852833499686E+00,  7.03000000000000E+00,  3.67531555545230E+02,  1.51363240567707E+03
 1.88333333300000E+03,  5.02567324920323E-02, -9.62500000000000E-02,  3.15324827412298E+00,  7.21000000000000E+00,  3.79032986312159E+02,  1.24452996035445E+03
 1.88341666700000E+03,  1.66312410375438E-01,  2.65000000000000E-02,  3.13791677125951E+00,  7.39000000000000E+00,  4.73692823220470E+02,  1.84760077926978E+03
 1.88350000000000E+03,  1.91221867238436E-01,  7.87500000000000E-02,  3.12253222980218E+00,  7.57000000000000E+00,  4.57867822254622E+02,  1.80233242733667E+03
 1.88358333300000E+03,  7.01979157288389E-02, -1.67500000000000E-02,  3.10709305638322E+00,  7.75000000000000E+00,  2.98672186019985E+02,  1.02074589364948E+03
 1.88366666700000E+03, -9.79034053830741E-02, -5.42500000000000E-02, -7.19352623783990E+00,  7.93000000000000E+00,  2.90087933423750E+02,  9.95400519714637E+02
 1.88375000000000E+03, -1.25337413330678E-01,  1.32500000000000E-02, -7.20200542061244E+00,  8.11000000000000E+00,  2.89260568912738E+02,  1.23603901341270E+03
 1.88383333300000E+03, -3.59544732160657E-02,  6.47500000000000E-02, -7.21011818217951E+00,  8.29000000000000E+00,  1.42568938375960E+02,  5.90599364860269E+02
 1.88391666700000E+03,  7.15936841270732E-02,  1.55000000000000E-02, -7.21786334450594E+00,  8.47000000000000E+00,  2.03090454399942E+02,  7.85324671211919E+02
 1.88400000000000E+03,  1.74842427697343E-01, -7.12500000000000E-02, -7.22523975799005E+00,  8.65000000000000E+00,  1.59046551127249E+02,  6.10322301317112E+02
 1.88408333300000E+03,  2.62097310366263E-01, -2.95000000000000E-02, -7.23224630162141E+00,  8.82999999999999E+00,  1.71079496079606E+02,  6.10467199702715E+02
 1.88416666700000E+03,  3.35371855690319E-01,  2.09000000000000E-01, -7.23888188313574E+00,  9.00999999999999E+00,  3.85940513406113E+02,  1.17178465563210E+03
 1.88425000000000E+03,  4.00189708564292E-01,  5.02250000000000E-01, -7.24514543916669E+00,  9.18999999999999E+00,  4.56627935015956E+02,  1.25698649813778E+03
 1.88433333300000E+03,  4.53960098928785E-01,  5.62500000000000E-01, -7.25103593539473E+00,  9.36999999999999E+00,  4.30987687979269E+02,  1.08895470833337E+03
 1.88441666700000E+03,  4.85500209125508E-01,  4.50500000000000E-01, -7.25655236669285E+00,  9.54999999999999E+00,  5.12396728451741E+02,  1.44892090181982E+03
 1.88450000000000E+03,  4.86346034099461E-01,  4.83500000000000E-01, -7.26169375726940E+00,  9.72999999999999E+00,  4.84285651270689E+02,  1.39381967271776E+03
 1.88458333300000E+03,  5.81152997743482E-01,  5.58000000000000E-01, -7.26645916080769E+00,  9.90999999999999E+00,  2.47705600226786E+02,  7.26867730234657E+02
 1.88466666700000E+03,  8.13501467989621E-01,  5.99250000000000E-01, -5.19124978854274E+00,  1.00900000000000E+01,  1.69203235688011E+02,  6.56716427878144E+02
 1.88475000000000E+03,  9.77246441108862E-01,  6.92250000000000E-01, -5.22470540202456E+00,  1.02700000000000E+01,  1.33351002327150E+02,  6.34119912954723E+02
 1.88483333300000E+03,  1.02797801651213E+00,  7.89750000000000E-01, -5.25798641634490E+00,  1.04500000000000E+01,  7.55934557391738E+01,  2.21417794909851E+02
 1.88491666700000E+03,  1.03631829490871E+00,  8.27750000000000E-01, -5.29109004942896E+00,  1.06300000000000E+01,  1.15170230224141E+02,  3.51890739792280E+02
 1.88500000000000E+03,  9.93313189065784E-01,  7.70250000000000E-01, -5.32401352485342E+00,  1.08100000000000E+01,  1.43927967492069E+02,  2.82405875605921E+02
 1.88508333300000E+03,  9.09589635082284E-01,  6.92750000000000E-01, -5.35675407215940E+00,  1.09900000000000E+01,  1.83531968521107E+02,  3.60345632897860E+02
 1.88516666700000E+03,  8.14109064866176E-01,  5.98750000000000E-01, -5.38930892716515E+00,  1.11700000000000E+01,  2.47378822366922E+02,  4.86128983481082E+02
 1.88525000000000E+03,  7.38954586281869E-01,  5.30500000000000E-01, -5.42167533227855E+00,  1.13500000000000E+01,  3.18946967069780E+02,  6.15911121644961E+02
 1.88533333300000E+03,  7.02913808369812E-01,  5.45000000000000E-01, -5.45385053680905E+00,  1.15300000000000E+01,  5.09655297685784E+02,  6.22039321137753E+02
 1.88541666700000E+03,  7.07375188250666E-01,  4.96250000000000E-01, -5.48583179727944E+00,  1.17100000000000E+01,  6.45716863434636E+02,  1.01991332858051E+03
 1.88550000000000E+03,  7.45826489047130E-01,  4.58000000000000E-01, -5.51761637773702E+00,  1.18900000000000E+01,  7.10061087463323E+02,  9.98863604755152E+02
 1.88558333300000E+03,  6.60937791591453E-01,  5.94500000000000E-01, -5.54920155006443E+00,  1.20700000000000E+01,  6.30400823674944E+02,  9.64054336746973E+02
 1.88566666700000E+03,  4.22307741319245E-01,  7.94750000000000E-01, -5.95977768358933E+00,  1.22500000000000E+01,  5.70810675492473E+02,  8.44309662001396E+02
 1.88575000000000E+03,  2.96633761319227E-01,  9.35500000000000E-01, -5.99065868345104E+00,  1.24300000000000E+01,  3.79398798697820E+02,  7.12756720902758E+02
 1.88583333300000E+03,  2.85565776229323E-01,  1.02075000000000E+00, -6.02121634403067E+00,  1.26100000000000E+01,  4.19961350652610E+02,  5.58746217816869E+02
 1.88591666700000E+03,  2.33683591284045E-01,  9.13500000000000E-01, -6.05144866614320E+00,  1.27900000000000E+01,  3.36330133420495E+02,  5.23869117810308E+02
 1.88600000000000E+03,  1.22628137319833E-01,  5.72250000000000E-01, -6.08135367854229E+00,  1.29700000000000E+01,  4.27899541527243E+02,  4.61514121486682E+02
 1.88608333300000E+03, -4.23672470634041E-02,  3.22500000000000E-01, -6.11092943809011E+00,  1.31500000000000E+01,  4.47839260168335E+02,  4.68749295150362E+02
 1.88616666700000E+03, -2.32575759521484E-01,  2.31500000000000E-01, -6.14017402992396E+00,  1.33300000000000E+01,  5.26637079098011E+02,  5.52346110755487E+02
 1.88625000000000E+03, -4.11050288934546E-01, -3.20000000000000E-02, -6.16908556762008E+00,  1.35100000000000E+01,  3.24780182696623E+02,  3.21833240958347E+02
 1.88633333300000E+03, -5.50163691717639E-01, -5.09250000000000E-01, -6.19766219335410E+00,  1.36900000000000E+01,  4.01546025216419E+02,  5.83260784622579E+02
 1.88641666700000E+03, -6.37564290114593E-01, -7.60500000000000E-01, -6.22590207805864E+00,  1.38700000000000E+01,  3.75078024101395E+02,  5.57993878919883E+02
 1.88650000000000E+03, -6.68827937972721E-01, -7.36250000000000E-01, -6.25380342157761E+00,  1.40500000000000E+01,  3.22013390711874E+02,  5.12317871155006E+02
 1.88658333300000E+03, -6.79050562887345E-01, -7.39500000000000E-01, -6.28136445281748E+00,  1.42300000000000E+01,  2.54078381727177E+02,  4.98721005905038E+02
 1.88666666700000E+03, -7.57019449159919E-01, -7.40500000000000E-01,  2.10681741287575E+00,  1.44100000000000E+01,  2.86453831151818E+02,  5.11867260016760E+02
 1.88675000000000E+03, -8.98801734712447E-01, -7.08000000000000E-01,  2.06691023545438E+00,  1.45900000000000E+01,  2.23148547829127E+02,  3.35607683605181E+02
 1.88683333300000E+03, -9.79799574194128E-01, -7.45500000000000E-01,  2.02676841288069E+00,  1.47700000000000E+01,  1.67719417324030E+02,  3.27077256580386E+02
 1.88691666700000E+03, -9.39497774166618E-01, -7.68250000000000E-01,  1.98639439884750E+00,  1.49500000000000E+01,  1.78302266181908E+02,  4.27667550463038E+02
 1.88700000000000E+03, -8.03856723847380E-01, -6.50500000000000E-01,  1.94579067102787E+00,  1.51300000000000E+01,  1.46964531967544E+02,  3.57359677790333E+02
 1.88708333300000E+03, -6.11238772507764E-01, -5.67500000000000E-01,  1.90495973086180E+00,  1.53100000000000E+01,  1.36539671844470E+02,  4.11984334626951E+02
 1.88716666700000E+03, -4.04060223523876E-01, -6.44750000000000E-01,  1.86390410334034E+00,  1.54900000000000E+01,  1.04797316084087E+02,  2.79652238423023E+02
 1.88725000000000E+03, -2.27553406168993E-01, -6.84750000000000E-01,  1.82262633678695E+00,  1.56700000000000E+01,  1.17450262914939E+02,  2.98350448448027E+02
 1.88733333300000E+03, -1.26891971936906E-01, -5.35250000000000E-01,  1.78112900263616E+00,  1.58500000000000E+01,  2.30782209612014E+02,  4.29669961076273E+02
 1.88741666700000E+03, -1.34489317178616E-01, -3.56250000000000E-01,  1.73941469520959E+00,  1.60300000000000E+01,  2.06108460934300E+02,  4.53692202475235E+02
 1.88750000000000E+03, -2.51251875081596E-01, -3.73500000000000E-01,  1.69748603148933E+00,  1.62100000000000E+01,  1.97272437086071E+02,  3.00303311540247E+02
 1.88758333300000E+03, -3.18030879030438E-01, -4.20250000000000E-01,  1.65534565088874E+00,  1.63900000000000E+01,  2.15152477069023E+02,  3.53826534672335E+02
 1.88766666700000E+03, -2.32023980960538E-01, -2.59750000000000E-01, -3.28259247444462E-01,  1.65700000000000E+01,  2.07798378474380E+02,  3.39939064834678E+02
 1.88775000000000E+03, -1.40276024154038E-01,  2.17500000000000E-02, -3.62181952317542E-01,  1.67500000000000E+01,  7.69856394309485E+01,  1.76474094294447E+02
 1.88783333300000E+03, -5.85083217794899E-02,  2.32750000000000E-01, -3.96232369365546E-01,  1.69300000000000E+01,  8.62661482910578E+01,  1.50322705860553E+02
 1.88791666700000E+03,  9.35616200994502E-02,  3.20500000000000E-01, -4.30409341006236E-01,  1.71100000000000E+01,  1.21236190681603E+02,  2.80749437911867E+02
 1.88800000000000E+03,  3.00977460662531E-01,  5.07500000000000E-01, -4.64711684966529E-01,  1.72900000000000E+01,  1.13169846085464E+02,  2.15715396665609E+02
 1.88808333300000E+03,  5.41945786071852E-01,  7.76250000000000E-01, -4.99138194354459E-01,  1.74700000000000E+01,  2.05679615154260E+02,  2.74858216560178E+02
 1.88816666700000E+03,  7.93031679133999E-01,  8.61250000000000E-01, -5.33687637734392E-01,  1.76500000000000E+01,  2.18563671980908E+02,  3.23305082497260E+02
 1.88825000000000E+03,  1.02687610205406E+00,  8.67750000000000E-01, -5.68358759205486E-01,  1.78300000000000E+01,  2.44566558213153E+02,  3.65184346526895E+02
 1.88833333300000E+03,  1.21164944339142E+00,  9.29000000000000E-01, -6.03150278483379E-01,  1.80100000000000E+01,  2.70019327884624E+02,  3.11326885696934E+02
 1.88841666700000E+03,  1.32090659091475E+00,  9.67250000000000E-01, -6.38060890985125E-01,  1.81900000000000E+01,  3.44324385135698E+02,  4.38464619183765E+02
 1.88850000000000E+03,  1.35052095686664E+00,  9.43750000000000E-01, -6.73089267917337E-01,  1.83700000000000E+01,  3.74719154966264E+02,  4.34234942188305E+02
 1.88858333300000E+03,  1.15038988052247E+00,  9.58500000000000E-01, -7.08234056367543E-01,  1.85500000000000E+01,  6.02354600847234E+02,  4.58938069846301E+02
 1.88866666700000E+03,  8.19672425021194E-01,  1.21125000000000E+00,  7.89309004452738E+00,  1.87300000000000E+01,  7.23600216753997E+02,  7.43895952415933E+02
 1.88875000000000E+03,  7.70252916529598E-01,  1.66800000000000E+00,  7.92599660827177E+00,  1.89100000000000E+01,  7.09896311464032E+02,  7.21321470073142E+02
 1.88883333300000E+03,  8.91116023394830E-01,  1.97200000000000E+00,  7.95860353728283E+00,  1.90900000000000E+01,  7.05612901627303E+02,  6.74633531629390E+02
 1.88891666700000E+03,  9.06172421665653E-01,  1.94075000000000E+00,  7.99090914599184E+00,  1.92700000000000E+01,  6.03746791999124E+02,  6.15398209901277E+02
 1.88900000000000E+03,  8.12232222078979E-01,  1.66775000000000E+00,  8.02291177919973E+00,  1.94500000000000E+01,  3.68927254809522E+02,  5.26133498712974E+02
 1.88908333300000E+03,  6.35556305087964E-01,  1.29175000000000E+00,  8.05460981219113E+00,  1.96300000000000E+01,  2.52420164962127E+02,  2.19440228333643E+02
 1.88916666700000E+03,  4.28161788454064E-01,  1.01000000000000E+00,  8.08600165084470E+00,  1.98100000000000E+01,  2.88656886730278E+02,  1.78875188299135E+02
 1.88925000000000E+03,  2.48576021072177E-01,  8.74250000000000E-01,  8.11708573174012E+00,  1.99900000000000E+01,  2.83458821998981E+02,  3.15654964944018E+02
 1.88933333300000E+03,  1.40440773081717E-01,  6.32000000000000E-01,  8.14786052226133E+00,  2.01700000000000E+01,  5.93202328923547E+02,  4.72680928937840E+02
 1.88941666700000E+03,  1.23439167739936E-01,  2.29750000000000E-01,  8.17832452069633E+00,  2.03500000000000E+01,  6.21878441891673E+02,  5.11484263249888E+02
 1.88950000000000E+03,  1.98922601130346E-01, -1.03000000000000E-01,  8.20847625633334E+00,  2.05300000000000E+01,  6.01825341647779E+02,  8.67089318647955E+02
 1.88958333300000E+03,  1.09795521153192E-01, -3.36500000000000E-01,  8.23831428955339E+00,  2.07100000000000E+01,  5.54461582654869E+02,  9.89675963801967E+02
 1.88966666700000E+03, -2.02598146131844E-01, -5.65500000000000E-01, -6.83367954439388E+00,  2.08900000000000E+01,  5.88079533663056E+02,  8.71235061002604E+02
 1.88975000000000E+03, -3.19084439563262E-01, -7.24250000000000E-01, -6.85146188159019E+00,  2.10700000000000E+01,  2.77570444519480E+02,  8.69039054181753E+02
 1.88983333300000E+03, -2.44553502312824E-01, -7.38750000000000E-01, -6.86891943060532E+00,  2.12500000000000E+01,  4.34852473856978E+02,  9.83186563355825E+02
 1.88991666700000E+03, -2.11022234166961E-01, -9.49500000000000E-01, -6.88605031892409E+00,  2.14300000000000E+01,  4.36122881349886E+02,  6.56633126765374E+02
 1.89000000000000E+03, -2.19920662656837E-01, -1.30750000000000E+00, -6.90285269718871E+00,  2.16100000000000E+01,  4.06572116394308E+02,  5.85254654838358E+02
 1.89008333300000E+03, -2.56846276201457E-01, -1.16075000000000E+00, -6.91932473942831E+00,  2.17900000000000E+01,  3.18120944639857E+02,  4.88981061405441E+02
 1.89016666700000E+03, -2.93796494423679E-01, -6.91000000000000E-01, -6.93546464328620E+00,  2.19700000000000E+01,  3.30795993132722E+02,  3.46340357829734E+02
 1.89025000000000E+03, -3.03890803994184E-01, -5.14250000000000E-01, -6.95127063024468E+00,  2.21500000000000E+01,  1.41764361424627E+02,  2.46802341838666E+02
 1.89033333300000E+03, -2.76094925075163E-01, -5.93750000000000E-01, -6.96674094584748E+00,  2.23300000000000E+01,  1.07572560522528E+02,  2.13793387871820E+02
 1.89041666700000E+03, -2.16975328584804E-01, -6.66500000000000E-01, -6.98187385991978E+00,  2.25100000000000E+01,  2.30308330101899E+02,  2.42341496591500E+02
 1.89050000000000E+03, -1.38849223681706E-01, -7.05000000000000E-01, -6.99666766678573E+00,  2.26900000000000E+01,  4.01370018053754E+02,  6.36982506370043E+02
 1.89058333300000E+03, -4.00516953560130E-01, -7.72000000000000E-01, -7.01112068548350E+00,  2.28700000000000E+01,  4.38767978975766E+02,  7.01867810704666E+02
 1.89066666700000E+03, -9.62717447084209E-01, -8.16500000000000E-01, -9.09472073515325E+00,  2.30500000000000E+01,  4.54816170562595E+02,  6.60562011342489E+02
 1.89075000000000E+03, -1.08180733303871E+00, -7.79000000000000E-01, -9.13837478039439E+00,  2.32300000000000E+01,  5.54229281225491E+02,  6.52703656954763E+02
 1.89083333300000E+03, -8.15954291319507E-01, -6.03500000000000E-01, -9.18181454737908E+00,  2.34100000000000E+01,  4.15479607894739E+02,  5.94366703445146E+02
 1.89091666700000E+03, -5.99228348956726E-01, -3.26000000000000E-01, -9.22503685072108E+00,  2.35900000000000E+01,  2.24569564607087E+02,  2.04877375083314E+02
 1.89100000000000E+03, -4.62803819850929E-01, -1.22500000000000E-01, -9.26803852366297E+00,  2.37700000000000E+01,  2.10591121641980E+02,  2.10306740528409E+02
 1.89108333300000E+03, -3.98198336104534E-01,  2.20000000000000E-02, -9.31081641838306E+00,  2.39500000000000E+01,  2.24609786797775E+02,  1.74034906872100E+02
 1.89116666700000E+03, -3.64335254477336E-01,  2.14500000000000E-01, -9.35336740630013E+00,  2.41300000000000E+01,  1.69622059333218E+02,  2.35517343912245E+02
 1.89125000000000E+03, -3.13343590729252E-01,  3.63500000000000E-01, -9.39568837837622E+00,  2.43100000000000E+01,  3.01321559529475E+02,  5.63467854507513E+02
 1.89133333300000E+03, -2.17455479229494E-01,  4.01500000000000E-01, -9.43777624541705E+00,  2.44900000000000E+01,  3.48869837523757E+02,  5.86649004704545E+02
 1.89141666700000E+03, -7.91146480117619E-02,  4.01500000000000E-01, -9.47962793837034E+00,  2.46700000000000E+01,  3.58913806040190E+02,  6.96289407022800E+02
 1.89150000000000E+03,  7.92294159120921E-02,  3.34500000000000E-01, -9.52124040862179E+00,  2.48500000000000E+01,  4.89333475255475E+02,  7.17737500806226E+02
 1.89158333300000E+03, -9.91059430794608E-02,  1.64250000000000E-01, -9.56261062828890E+00,  2.50300000000000E+01,  4.69275342549245E+02,  6.42565135044776E+02
 1.89166666700000E+03, -5.96688075570666E-01,  5.12500000000000E-02,  4.72364336164679E+00,  2.52100000000000E+01,  3.49970969680966E+02,  2.96213982835146E+02
 1.89175000000000E+03, -7.19744234350432E-01,  9.65000000000000E-02,  4.72470231681584E+00,  2.53900000000000E+01,  3.77073301196649E+02,  2.70470350769328E+02
 1.89183333300000E+03, -5.13585108513473E-01,  1.62250000000000E-01,  4.72545321710623E+00,  2.55700000000000E+01,  3.99439924359516E+02,  1.26537288092660E+02
 1.89191666700000E+03, -3.81301076863717E-01,  7.50000000000000E-02,  4.72589476675433E+00,  2.57500000000000E+01,  2.55533677548711E+02,  1.17511856794895E+02
 1.89200000000000E+03, -3.50673484942200E-01, -1.25250000000000E-01,  4.72602569404487E+00,  2.59300000000000E+01,  3.07062886713157E+02,  3.43187160016327E+02
 1.89208333300000E+03, -4.05859364069302E-01, -2.71750000000000E-01,  4.72584475151548E+00,  2.61100000000000E+01,  4.14942752511095E+02,  3.66723742797943E+02
 1.89216666700000E+03, -4.96122446405008E-01, -3.45250000000000E-01,  4.72535071615864E+00,  2.62900000000000E+01,  4.37707684480581E+02,  4.06216139944253E+02
 1.89225000000000E+03, -5.64027299924102E-01, -3.97500000000000E-01,  4.72454238962109E+00,  2.64700000000000E+01,  4.73905469071097E+02,  3.73019752633876E+02
 1.89233333300000E+03, -5.74614778094875E-01, -4.06000000000000E-01,  4.72341859840057E+00,  2.66500000000000E+01,  5.44709386564568E+02,  4.02079484799402E+02
 1.89241666700000E+03, -5.26923583397144E-01, -3.41000000000000E-01,  4.72197819404001E+00,  2.68300000000000E+01,  5.89197423273402E+02,  3.16715645030814E+02
 1.89250000000000E+03, -4.43932261078231E-01, -3.43000000000000E-01,  4.72022005331900E+00,  2.70100000000000E+01,  4.64940200697742E+02,  2.82195379460248E+02
 1.89258333300000E+03, -4.01281916028577E-01, -5.73000000000000E-01,  4.71814307844257E+00,  2.71900000000000E+01,  4.50217141197889E+02,  3.73762147163640E+02
 1.89266666700000E+03, -4.74891426103109E-01, -9.48250000000000E-01,  8.05025228881653E-01,  2.73700000000000E+01,  4.37341117886753E+02,  3.62218440294293E+02
 1.89275000000000E+03, -6.18869358234811E-01, -1.19775000000000E+00,  7.76284765115959E-01,  2.75500000000000E+01,  4.23646361267604E+02,  3.19254958115887E+02
 1.89283333300000E+03, -7.48769480935681E-01, -1.13400000000000E+00,  7.47391657377180E-01,  2.77300000000000E+01,  3.57241929721616E+02,  2.45832033195780E+02
 1.89291666700000E+03, -8.44216599209140E-01, -9.21000000000000E-01,  7.18346150022132E-01,  2.79100000000000E+01,  3.60346594337066E+02,  2.42232362372633E+02
 1.89300000000000E+03, -9.10243270938626E-01, -8.15500000000000E-01,  6.89148512485081E-01,  2.80900000000000E+01,  3.15606802697754E+02,  3.08215599553130E+02
 1.89308333300000E+03, -9.46053911876014E-01, -8.61500000000000E-01,  6.59799039324944E-01,  2.82700000000000E+01,  2.83637946788702E+02,  3.69984123470697E+02
 1.89316666700000E+03, -9.43872447109915E-01, -9.60000000000000E-01,  6.30298050269276E-01,  2.84500000000000E+01,  3.27105847388335E+02,  4.92271837861847E+02
 1.89325000000000E+03, -8.99865685647192E-01, -1.05175000000000E+00,  6.00645890254968E-01,  2.86300000000000E+01,  2.72458255798547E+02,  4.30292534285104E+02
 1.89333333300000E+03, -8.25267898102400E-01, -1.16500000000000E+00,  5.70842929465695E-01,  2.88100000000000E+01,  3.58335390377587E+02,  6.23990172626195E+02
 1.89341666700000E+03, -7.45175255367639E-01, -1.31500000000000E+00,  5.40889563366102E-01,  2.89900000000000E+01,  3.91531383314135E+02,  7.01501692152509E+02
 1.89350000000000E+03, -6.84625699324941E-01, -1.45800000000000E+00,  5.10786212732698E-01,  2.91700000000000E+01,  3.34360887290125E+02,  6.48019011507864E+02
 1.89358333300000E+03, -5.85184070358589E-01, -1.46150000000000E+00,  4.80533323681492E-01,  2.93500000000000E+01,  3.09330868206334E+02,  6.53272356762041E+02
 1.89366666700000E+03, -4.72448297890488E-01, -1.35650000000000E+00,  2.79790464366433E-01,  2.95300000000000E+01,  5.16460664054824E+02,  8.16680454510266E+02
 1.89375000000000E+03, -4.91699235531482E-01, -1.22850000000000E+00,  2.99238192729643E-01,  2.97100000000000E+01,  5.30204276629773E+02,  8.70758970526020E+02
 1.89383333300000E+03, -5.80335695803202E-01, -1.06225000000000E+00,  3.18771057846843E-01,  2.98900000000000E+01,  5.01542509033145E+02,  6.38092893204137E+02
 1.89391666700000E+03, -6.28752320567360E-01, -9.31750000000000E-01,  3.38389090935397E-01,  3.00700000000000E+01,  4.66736119163278E+02,  6.88496820621151E+02
 1.89400000000000E+03, -6.44726146519798E-01, -8.65250000000000E-01,  3.58092299759248E-01,  3.02500000000000E+01,  3.88398600721107E+02,  5.35346597717008E+02
 1.89408333300000E+03, -6.30921298308555E-01, -8.36500000000000E-01,  3.77880668573580E-01,  3.04300000000000E+01,  1.93262610048911E+02,  7.27368272936065E+02
 1.89416666700000E+03, -5.83578732323315E-01, -8.03500000000000E-01,  3.97754158072719E-01,  3.06100000000000E+01,  9.94843119504071E+01,  5.27605339268477E+02
 1.89425000000000E+03, -5.03142079213680E-01, -7.74000000000000E-01,  4.17712705341339E-01,  3.07900000000000E+01,  1.20064225365398E+02,  5.10698619128701E+02
 1.89433333300000E+03, -4.04954763339007E-01, -7.51750000000000E-01,  4.37756223808935E-01,  3.09700000000000E+01,  3.72392184231392E+02,  1.03244704330930E+03
 1.89441666700000E+03, -3.17534686892900E-01, -7.07000000000000E-01,  4.57884603207593E-01,  3.11500000000000E+01,  5.39042526915402E+02,  1.07888001941449E+03
 1.89450000000000E+03, -2.68105829748131E-01, -7.06000000000000E-01,  4.78097709533058E-01,  3.13300000000000E+01,  8.18485146670349E+02,  1.06400605824168E+03
 1.89458333300000E+03, -2.67409654439077E-01, -8.07000000000000E-01,  4.98395385009108E-01,  3.15100000000000E+01,  8.03741818501278E+02,  1.05580737748316E+03
 1.89466666700000E+03, -2.82961708973096E-01, -9.07750000000000E-01, -5.09005148922725E+00,  3.16900000000000E+01,  7.38084869297142E+02,  1.18655873402535E+03
 1.89475000000000E+03, -2.60856770683352E-01, -8.55250000000000E-01, -5.08029133367636E+00,  3.18700000000000E+01,  5.11846642143020E+02,  6.26323444346598E+02
 1.89483333300000E+03, -1.93411766236581E-01, -6.35500000000000E-01, -5.07080820786070E+00,  3.20500000000000E+01,  3.40317992747822E+02,  6.49904251306173E+02
 1.89491666700000E+03, -1.08469752428877E-01, -3.83000000000000E-01, -5.06160420229560E+00,  3.22300000000000E+01,  4.95350881468623E+01,  3.20571697203463E+02
 1.89500000000000E+03, -3.12658458914436E-02, -2.43250000000000E-01, -5.05268138820502E+00,  3.24100000000000E+01,  1.54131428812727E+02,  3.53055860783446E+02
 1.89508333300000E+03,  2.39639028639891E-02, -1.53500000000000E-01, -5.04404181720902E+00,  3.25900000000000E+01,  1.74789222873157E+02,  2.60622408314925E+02
 1.89516666700000E+03,  5.72641899922662E-02, -6.40000000000000E-02, -5.03568752101310E+00,  3.27700000000000E+01,  1.71924515096655E+02,  3.21855489725438E+02
 1.89525000000000E+03,  7.30828493728742E-02, -3.35000000000000E-02, -5.02762051109969E+00,  3.29500000000000E+01,  1.59640478384683E+02,  4.04293951579491E+02
 1.89533333300000E+03,  6.89100629486582E-02, -4.87500000000000E-02, -5.01984277842172E+00,  3.31300000000000E+01,  2.07977887858873E+02,  6.61505719293327E+02
 1.89541666700000E+03,  3.49775999915338E-02, -4.47500000000000E-02, -5.01235629309832E+00,  3.33100000000000E+01,  1.07471073606668E+02,  5.96151215115095E+02
 1.89550000000000E+03, -3.43653341164530E-02,  1.29500000000000E-01, -5.00516300411279E+00,  3.34900000000000E+01,  9.99808504164963E+01,  5.80315510490118E+02
 1.89558333300000E+03,  8.41099925868740E-02,  4.02500000000000E-01, -4.99826483901273E+00,  3.36700000000000E+01,  9.60237207320442E+01,  5.44982500111983E+02
 1.89566666700000E+03,  4.35600240153876E-01,  5.28750000000000E-01, -1.61787739231811E+01,  3.38500000000000E+01,  1.07537952014911E+02,  5.02938189167282E+02
 1.89575000000000E+03,  6.28093935615050E-01,  5.73750000000000E-01, -1.62033924783597E+01,  3.40300000000000E+01,  5.98756478320156E+01,  2.31065797240674E+02
 1.89583333300000E+03,  6.27408468114760E-01,  6.17250000000000E-01, -1.62276288650489E+01,  3.42100000000000E+01,  1.57856535755581E+02,  3.31427037895120E+02
 1.89591666700000E+03,  6.04212614519038E-01,  5.80000000000000E-01, -1.62514815517773E+01,  3.43900000000000E+01,  1.91985780992378E+02,  2.96005630645342E+02
 1.89600000000000E+03,  5.44200043409159E-01,  4.48000000000000E-01, -1.62749490420377E+01,  3.45700000000000E+01,  2.00250121844686E+02,  3.18534660509179E+02
 1.89608333300000E+03,  4.46552917798991E-01,  2.79500000000000E-01, -1.62980298744089E+01,  3.47500000000000E+01,  2.87892651964577E+02,  2.14748719203115E+02
 1.89616666700000E+03,  3.25767426765726E-01,  1.36250000000000E-01, -1.63207226226733E+01,  3.49300000000000E+01,  3.37507326953668E+02,  2.26086577365886E+02
 1.89625000000000E+03,  2.00299472446021E-01,  5.87500000000000E-02, -1.63430258959303E+01,  3.51100000000000E+01,  2.78927871700036E+02,  1.25750277803352E+02
 1.89633333300000E+03,  7.98623089200022E-02,  7.45000000000000E-02, -1.63649383387058E+01,  3.52900000000000E+01,  3.30338190310738E+02,  1.65809743829931E+02
 1.89641666700000E+03, -3.59565208556965E-02,  2.67500000000000E-01, -1.63864586310578E+01,  3.54700000000000E+01,  3.07122996926842E+02,  1.07760389114979E+02
 1.89650000000000E+03, -1.47057987928529E-01,  6.83250000000000E-01, -1.64075854886774E+01,  3.56500000000000E+01,  2.44161661219442E+02,  1.12396052501703E+02
 1.89658333300000E+03,  4.16894501572978E-02,  1.06975000000000E+00, -1.64283176629864E+01,  3.58300000000000E+01,  2.13211534943412E+02,  1.62957063668125E+02
 1.89666666700000E+03,  5.77525853678390E-01,  1.20250000000000E+00, -1.18488205073254E+01,  3.60100000000000E+01,  2.10046599242717E+02,  2.55693651215543E+02
 1.89675000000000E+03,  9.15279005283760E-01,  1.24275000000000E+00, -1.18633438211126E+01,  3.61900000000000E+01,  1.11816317681978E+02,  3.96627779145467E+02
 1.89683333300000E+03,  9.88130937138284E-01,  1.32100000000000E+00, -1.18774701837126E+01,  3.63700000000000E+01,  1.42862502940135E+02,  3.92104847380490E+02
 1.89691666700000E+03,  1.02006282573122E+00,  1.34650000000000E+00, -1.18911989878670E+01,  3.65500000000000E+01,  1.86453940903183E+02,  3.91369855388868E+02
 1.89700000000000E+03,  9.98601712187783E-01,  1.28625000000000E+00, -1.19045296608463E+01,  3.67300000000000E+01,  3.35533501756243E+02,  5.39619610386368E+02
 1.89708333300000E+03,  9.25338237124662E-01,  1.07075000000000E+00, -1.19174616644667E+01,  3.69100000000000E+01,  1.08130019617552E+03,  1.42358076343665E+03
 1.89716666700000E+03,  8.17505101789209E-01,  7.05500000000000E-01, -1.19299944951045E+01,  3.70900000000000E+01,  1.27143270748163E+03,  1.37785124708945E+03
 1.89725000000000E+03,  6.96388323514374E-01,  4.44500000000000E-01, -1.19421276837056E+01,  3.72700000000000E+01,  1.32605147913836E+03,  1.39892484025625E+03
 1.89733333300000E+03,  5.74420922147875E-01,  4.22000000000000E-01, -1.19538607957917E+01,  3.74500000000000E+01,  1.35577356621722E+03,  1.53738685665896E+03
 1.89741666700000E+03,  4.53638560445389E-01,  4.87000000000000E-01, -1.19651934314625E+01,  3.76300000000000E+01,  1.26544926220180E+03,  1.50655192686525E+03
 1.89750000000000E+03,  3.36204297470070E-01,  4.69250000000000E-01, -1.19761252253943E+01,  3.78100000000000E+01,  5.97589666019621E+02,  7.64137551678981E+02
 1.89758333300000E+03,  2.93114746505186E-01,  3.62000000000000E-01, -1.19866558468346E+01,  3.79900000000000E+01,  5.30000259977570E+02,  7.57641268889096E+02
 1.89766666700000E+03,  3.41763140497096E-01,  2.56500000000000E-01, -1.27194427092757E+00,  3.81700000000000E+01,  6.73826071159111E+02,  9.86690478247143E+02
 1.89775000000000E+03,  3.64571685192741E-01,  1.46500000000000E-01, -1.30045422595331E+00,  3.83500000000000E+01,  5.87382984662519E+02,  9.36154847949329E+02
 1.89783333300000E+03,  3.39033335618152E-01, -4.50000000000000E-02, -1.32928848571121E+00,  3.85300000000000E+01,  7.48284911921231E+02,  8.86005337174443E+02
 1.89791666700000E+03,  3.01829882005213E-01, -2.68000000000000E-01, -1.35844570575665E+00,  3.87100000000000E+01,  7.00373690554550E+02,  6.77093209882365E+02
 1.89800000000000E+03,  2.42663271075069E-01, -3.96500000000000E-01, -1.38792450942100E+00,  3.88900000000000E+01,  6.63702171470143E+02,  6.65223596934960E+02
 1.89808333300000E+03,  1.66349860996806E-01, -3.82500000000000E-01, -1.41772348789872E+00,  3.90700000000000E+01,  4.38665776365290E+02,  4.06595779046773E+02
 1.89816666700000E+03,  9.35680804514372E-02, -2.87000000000000E-01, -1.44784120033821E+00,  3.92500000000000E+01,  5.60866591915349E+02,  5.88091593774731E+02
 1.89825000000000E+03,  4.77480037077775E-02, -2.16750000000000E-01, -1.47827617393634E+00,  3.94299999999999E+01,  3.27220003303772E+02,  7.20683994855273E+02
 1.89833333300000E+03,  4.02746311194157E-02, -1.95000000000000E-01, -1.50902690403681E+00,  3.96099999999999E+01,  3.33123429338608E+02,  7.47653162025877E+02
 1.89841666700000E+03,  6.71738546132739E-02, -2.08750000000000E-01, -1.54009185423213E+00,  3.97899999999999E+01,  2.88697680476943E+02,  7.40903004377627E+02
 1.89850000000000E+03,  1.18544968737952E-01, -2.96250000000000E-01, -1.57146945646945E+00,  3.99699999999999E+01,  6.71660320952103E+02,  1.22126957118968E+03
 1.89858333300000E+03,  1.01964284431266E-01, -3.51500000000000E-01, -1.60315811115992E+00,  4.01499999999999E+01,  5.39808354500099E+02,  1.09932107257012E+03
 1.89866666700000E+03, -4.56635173992354E-02, -2.90250000000000E-01, -1.46006909343465E+01,  4.03299999999999E+01,  5.66413212611380E+02,  8.46845311787519E+02
 1.89875000000000E+03, -2.00544926069100E-01, -2.13750000000000E-01, -1.46411101200924E+01,  4.05099999999999E+01,  7.75855092788128E+02,  1.29511590677335E+03
 1.89883333300000E+03, -2.78288319259317E-01, -1.74750000000000E-01, -1.46812573319307E+01,  4.06899999999999E+01,  8.18789780877868E+02,  1.36287683994259E+03
 1.89891666700000E+03, -3.04037739156450E-01, -2.05750000000000E-01, -1.47211295867818E+01,  4.08699999999999E+01,  4.90072106100892E+02,  1.21678607382618E+03
 1.89900000000000E+03, -3.02597928892436E-01, -3.17250000000000E-01, -1.47607239264159E+01,  4.10499999999999E+01,  4.92704278437561E+02,  1.14353335653507E+03
 1.89908333300000E+03, -2.98273029586940E-01, -3.72250000000000E-01, -1.48000374177439E+01,  4.12299999999999E+01,  5.12680944882836E+02,  1.26533148056456E+03
 1.89916666700000E+03, -3.04986548037529E-01, -2.72000000000000E-01, -1.48390671531042E+01,  4.14099999999999E+01,  2.42668232272515E+02,  7.78946137064622E+02
 1.89925000000000E+03, -3.28750596279326E-01, -8.70000000000000E-02, -1.48778102505476E+01,  4.15899999999999E+01,  2.17697731727860E+02,  6.19405506112562E+02
 1.89933333300000E+03, -3.73683339049485E-01,  9.77500000000000E-02, -1.49162638541190E+01,  4.17699999999999E+01,  2.81544427209953E+02,  5.81445107362892E+02
 1.89941666700000E+03, -4.40984086199223E-01,  1.64250000000000E-01, -1.49544251341354E+01,  4.19499999999999E+01,  3.78743887158807E+02,  5.00055308555194E+02
 1.89950000000000E+03, -5.20670147252530E-01,  3.04750000000000E-01, -1.49922912874622E+01,  4.21299999999999E+01,  4.37500522278540E+02,  5.29011869330166E+02
 1.89958333300000E+03, -2.01837997093592E-01,  6.55750000000000E-01, -1.50298595377847E+01,  4.23099999999999E+01,  4.48813647954245E+02,  5.17823397701385E+02
 1.89966666700000E+03,  5.08391290954506E-01,  8.52000000000000E-01, -5.65108436114298E+00,  4.24899999999999E+01,  7.24804384553583E+02,  7.71666070445967E+02
 1.89975000000000E+03,  8.25232985124403E-01,  1.01275000000000E+00, -5.63583159605618E+00,  4.26699999999999E+01,  6.78227660903061E+02,  5.68491984859074E+02
 1.89983333300000E+03,  7.97946592927663E-01,  1.35875000000000E+00, -5.62054000486017E+00,  4.28499999999999E+01,  5.88020554342007E+02,  7.94691569532402E+02
 1.89991666700000E+03,  8.38774496242256E-01,  1.57825000000000E+00, -5.60520823008066E+00,  4.30299999999999E+01,  5.18562990264227E+02,  6.98560477446292E+02
 1.90000000000000E+03,  9.14160758240662E-01,  1.53275000000000E+00, -5.58983492857867E+00,  4.32099999999999E+01,  6.16306722061194E+02,  6.96331360101128E+02
 1.90008333300000E+03,  9.84610347866024E-01,  1.38300000000000E+00, -5.57441877180367E+00,  4.33899999999999E+01,  3.32445505415599E+02,  4.14356635099245E+02
 1.90016666700000E+03,  1.01802274346796E+00,  1.21500000000000E+00, -5.55895844604446E+00,  4.35699999999999E+01,  2.91809409918554E+02,  4.52146443101471E+02
 1.90025000000000E+03,  9.91736612684318E-01,  1.02400000000000E+00, -5.54345265267790E+00,  4.37499999999999E+01,  3.50476128346051E+02,  3.91291183361557E+02
 1.90033333300000E+03,  8.91082732987038E-01,  9.20750000000000E-01, -5.52790010841540E+00,  4.39299999999999E+01,  5.20063941437064E+02,  8.05766213969639E+02
 1.90041666700000E+03,  7.13989089665307E-01,  9.57000000000000E-01, -5.51229954554716E+00,  4.41099999999999E+01,  4.17517452316510E+02,  8.76038040781800E+02
 1.90050000000000E+03,  4.80969256929803E-01,  9.77750000000000E-01, -5.49664971218408E+00,  4.42899999999999E+01,  4.09188611965079E+02,  9.81470728820049E+02
 1.90058333300000E+03,  3.64116883618924E-01,  8.87250000000000E-01, -5.48094937249734E+00,  4.44699999999999E+01,  6.66709642660550E+02,  1.38693566129061E+03
 1.90066666700000E+03,  4.34832720878013E-01,  7.44750000000000E-01, -1.16062869038281E+01,  4.46499999999999E+01,  5.87875050243558E+02,  1.32260336740910E+03
 1.90075000000000E+03,  4.82582029561607E-01,  5.96750000000000E-01, -1.16262454345486E+01,  4.48299999999999E+01,  5.65728959953731E+02,  8.73425385040438E+02
 1.90083333300000E+03,  4.73944915610088E-01,  6.50750000000000E-01, -1.16458190102911E+01,  4.50099999999999E+01,  7.05819188513113E+02,  1.13914436759824E+03
 1.90091666700000E+03,  4.91400150499436E-01,  8.98000000000000E-01, -1.16650065478111E+01,  4.51899999999999E+01,  7.08680417420082E+02,  1.17887539861533E+03
 1.90100000000000E+03,  5.14931829501281E-01,  8.90250000000000E-01, -1.16838069977553E+01,  4.53699999999999E+01,  6.62484029251050E+02,  8.29586967294080E+02
 1.90108333300000E+03,  5.34963154481414E-01,  6.51750000000000E-01, -1.17022193447318E+01,  4.55499999999999E+01,  7.28847173010465E+02,  1.43888607076149E+03
 1.90116666700000E+03,  5.55445518688687E-01,  4.33500000000000E-01, -1.17202426073765E+01,  4.57299999999999E+01,  9.40562373099842E+02,  1.48470052390861E+03
 1.90125000000000E+03,  5.83757114372691E-01,  2.23000000000000E-01, -1.17378758384163E+01,  4.59099999999999E+01,  8.22477573100565E+02,  1.23679867886042E+03
 1.90133333300000E+03,  6.19107876948353E-01,  6.30000000000000E-02, -1.17551181247276E+01,  4.60899999999999E+01,  8.41848134290906E+02,  1.38345132388660E+03
 1.90141666700000E+03,  6.52023063114134E-01,  4.92500000000000E-02, -1.17719685873918E+01,  4.62699999999999E+01,  7.09956067565899E+02,  1.35998138407317E+03
 1.90150000000000E+03,  6.75555065305191E-01,  1.38000000000000E-01, -1.17884263817464E+01,  4.64499999999999E+01,  7.71342276618213E+02,  9.77895184508756E+02
 1.90158333300000E+03,  5.64407464272504E-01,  1.44250000000000E-01, -1.18044906974329E+01,  4.66299999999999E+01,  3.71668319035943E+02,  1.09426673548405E+03
 1.90166666700000E+03,  3.29385053392000E-01,  1.13750000000000E-01, -5.31120989684539E+00,  4.68099999999999E+01,  5.78359415020564E+02,  1.20867246246367E+03
 1.90175000000000E+03,  2.46057492506676E-01,  2.06750000000000E-01, -5.29483933821114E+00,  4.69899999999999E+01,  5.19127130828464E+02,  9.70649286976535E+02
 1.90183333300000E+03,  3.27801344216651E-01,  3.36000000000000E-01, -5.27840417955857E+00,  4.71699999999999E+01,  7.38529923419173E+02,  8.69033111416348E+02
 1.90191666700000E+03,  4.33962822473138E-01,  3.64000000000000E-01, -5.26190342588504E+00,  4.73499999999999E+01,  7.30657707348474E+02,  8.37506393658666E+02
 1.90200000000000E+03,  5.39783687606225E-01,  3.49250000000000E-01, -5.24533610145999E+00,  4.75299999999999E+01,  8.95740975918435E+02,  8.08209065743160E+02
 1.90208333300000E+03,  6.31315537739335E-01,  3.86500000000000E-01, -5.22870125002421E+00,  4.77099999999999E+01,  6.96462923371917E+02,  6.24858878765874E+02
 1.90216666700000E+03,  7.08739692346558E-01,  5.89250000000000E-01, -5.21199793498626E+00,  4.78899999999999E+01,  7.76521002541491E+02,  6.53430897771489E+02
 1.90225000000000E+03,  7.76459417541577E-01,  9.23750000000000E-01, -5.19522523961609E+00,  4.80699999999999E+01,  4.45959409253268E+02,  6.16803420742091E+02
 1.90233333300000E+03,  8.31650408064656E-01,  1.17600000000000E+00, -5.17838226723573E+00,  4.82499999999999E+01,  8.54569813414219E+02,  2.10947890934249E+03
 1.90241666700000E+03,  8.63834282334092E-01,  1.45025000000000E+00, -5.16146814140710E+00,  4.84299999999999E+01,  7.42446945454398E+02,  2.06281097813363E+03
 1.90250000000000E+03,  8.66120742419215E-01,  1.64475000000000E+00, -5.14448200611686E+00,  4.86099999999999E+01,  7.18427858629881E+02,  2.10982346336785E+03
 1.90258333300000E+03,  9.85922904516806E-01,  1.54625000000000E+00, -5.12742302595836E+00,  4.87899999999999E+01,  6.82876908307106E+02,  2.03118417790527E+03
 1.90266666700000E+03,  1.25341403743268E+00,  1.47000000000000E+00, -1.27509784579362E+01,  4.89699999999999E+01,  7.39684084836559E+02,  2.05025152870474E+03
 1.90275000000000E+03,  1.39081055395362E+00,  1.56375000000000E+00, -1.27111661030556E+01,  4.91499999999999E+01,  2.85603081320882E+02,  7.97330916561949E+02
 1.90283333300000E+03,  1.34189586586027E+00,  1.54225000000000E+00, -1.26713417916397E+01,  4.93299999999999E+01,  3.94926866682153E+02,  1.23628218602675E+03
 1.90291666700000E+03,  1.21427570080956E+00,  1.36650000000000E+00, -1.26315082965657E+01,  4.95099999999999E+01,  3.98940165192451E+02,  1.55810866275392E+03
 1.90300000000000E+03,  1.02715842223399E+00,  1.17625000000000E+00, -1.25916683764329E+01,  4.96899999999999E+01,  4.60862287747860E+02,  1.95191635252267E+03
 1.90308333300000E+03,  8.21731409359398E-01,  1.01350000000000E+00, -1.25518247752696E+01,  4.98699999999999E+01,  1.07393228200144E+03,  2.05479997569984E+03
 1.90316666700000E+03,  6.50768794163720E-01,  8.63000000000000E-01, -1.25119802222437E+01,  5.00499999999999E+01,  1.22403953191109E+03,  1.55173073638974E+03
 1.90325000000000E+03,  5.55943132831073E-01,  6.24500000000000E-01, -1.24721374313747E+01,  5.02299999999999E+01,  1.09729188679631E+03,  1.14233676521154E+03
 1.90333333300000E+03,  5.48157990946031E-01,  5.19250000000000E-01, -1.24322991012485E+01,  5.04099999999999E+01,  1.06521280029492E+03,  1.06549075065020E+03
 1.90341666700000E+03,  6.05695226328926E-01,  5.50250000000000E-01, -1.23924679147348E+01,  5.05899999999999E+01,  1.09428846637656E+03,  1.04923924317248E+03
 1.90350000000000E+03,  6.90979470092513E-01,  4.70750000000000E-01, -1.23526465387065E+01,  5.07699999999999E+01,  4.19827142377053E+02,  9.64845504935414E+02
 1.90358333300000E+03,  6.91800503830398E-01,  3.99000000000000E-01, -1.23128376237625E+01,  5.09499999999999E+01,  5.01777253480581E+02,  1.19059963658748E+03
 1.90366666700000E+03,  5.76796534323614E-01,  2.38750000000000E-01, -7.65826060636271E+00,  5.11299999999999E+01,  6.60296963346637E+02,  1.28304479771451E+03
 1.90375000000000E+03,  4.80194463858015E-01, -7.80000000000000E-02, -7.63624008757113E+00,  5.13099999999999E+01,  6.60348699892982E+02,  1.02261657209976E+03
 1.90383333300000E+03,  4.03462077876554E-01, -2.49500000000000E-01, -7.61436159298183E+00,  5.14899999999999E+01,  5.78675605341990E+02,  9.02419828895874E+02
 1.90391666700000E+03,  2.79775833885153E-01, -2.58250000000000E-01, -7.59262416269130E+00,  5.16699999999999E+01,  8.10981829286011E+02,  9.78912660490753E+02
 1.90400000000000E+03,  1.30190217540427E-01, -3.07500000000000E-01, -7.57102681670221E+00,  5.18499999999999E+01,  8.01007980926973E+02,  1.05441713944588E+03
 1.90408333300000E+03, -2.86124835583657E-03, -3.26500000000000E-01, -7.54956855514931E+00,  5.20299999999999E+01,  8.88477239354183E+02,  1.41112161931721E+03
 1.90416666700000E+03, -6.72422542018686E-02, -2.43250000000000E-01, -7.52824835852788E+00,  5.22099999999999E+01,  9.88832179492530E+02,  1.41687518821053E+03
 1.90425000000000E+03, -2.49181121210215E-02, -1.20500000000000E-01, -7.50706518792463E+00,  5.23899999999999E+01,  9.90615369505527E+02,  1.20651084458001E+03
 1.90433333300000E+03,  1.27885445173239E-01,  1.18250000000000E-01, -7.48601798525120E+00,  5.25699999999999E+01,  8.08258960276572E+02,  1.07022953810403E+03
 1.90441666700000E+03,  3.59230455062399E-01,  4.92500000000000E-01, -7.46510567348001E+00,  5.27499999999999E+01,  5.61447549287490E+02,  1.01128426558944E+03
 1.90450000000000E+03,  6.19510613210050E-01,  8.25250000000000E-01, -7.44432715688253E+00,  5.29299999999999E+01,  3.43948290870717E+02,  6.93531379765242E+02
 1.90458333300000E+03,  7.01302528319382E-01,  8.98750000000000E-01, -7.42368132126997E+00,  5.31099999999999E+01,  4.03893324504602E+02,  7.10958674407368E+02
 1.90466666700000E+03,  5.50476820353447E-01,  8.33250000000000E-01, -7.44607986186963E+00,  5.32899999999999E+01,  3.61831098744539E+02,  7.15814625275432E+02
 1.90475000000000E+03,  4.81963512397161E-01,  8.40750000000000E-01, -7.42542284506754E+00,  5.34699999999999E+01,  8.06119722763956E+02,  1.04465338015229E+03
 1.90483333300000E+03,  5.68214837843661E-01,  9.35250000000000E-01, -7.40489747334498E+00,  5.36499999999999E+01,  1.05976358353210E+03,  1.12234342321356E+03
 1.90491666700000E+03,  6.80795881401794E-01,  1.11525000000000E+00, -7.38450259783487E+00,  5.38299999999999E+01,  1.16791134440407E+03,  1.40879358741539E+03
 1.90500000000000E+03,  7.95671751767661E-01,  1.19300000000000E+00, -7.36423705192473E+00,  5.40099999999999E+01,  1.13033656650945E+03,  1.60653577395882E+03
 1.90508333300000E+03,  8.99435885797600E-01,  1.25750000000000E+00, -7.34409965150638E+00,  5.41899999999999E+01,  1.37330626074521E+03,  1.61251412808654E+03
 1.90516666700000E+03,  9.92483551422837E-01,  1.29150000000000E+00, -7.32408919522778E+00,  5.43699999999999E+01,  9.00179424559691E+02,  1.28627530631405E+03
 1.90525000000000E+03,  1.07901637231298E+00,  1.24400000000000E+00, -7.30420446474707E+00,  5.45499999999999E+01,  7.72254004479308E+02,  1.04552638694940E+03
 1.90533333300000E+03,  1.15556321051688E+00,  1.29950000000000E+00, -7.28444422498874E+00,  5.47299999999999E+01,  6.90880028891304E+02,  7.31470554121087E+02
 1.90541666700000E+03,  1.21057530734440E+00,  1.27350000000000E+00, -7.26480722440193E+00,  5.49099999999999E+01,  7.19838904802953E+02,  5.60495970467919E+02
 1.90550000000000E+03,  1.23573063167204E+00,  1.33175000000000E+00, -7.24529219522072E+00,  5.50899999999999E+01,  6.33860016089367E+02,  6.04091884313004E+02
 1.90558333300000E+03,  1.12280129089655E+00,  1.54925000000000E+00, -7.22589785372656E+00,  5.52699999999999E+01,  9.45411280363165E+02,  1.37968043979985E+03
 1.90566666700000E+03,  8.90427449778555E-01,  1.52325000000000E+00, -9.20183006638162E+00,  5.54499999999999E+01,  9.91553479688619E+02,  1.36280632385508E+03
 1.90575000000000E+03,  7.77643161806973E-01,  1.36750000000000E+00, -9.18100891938796E+00,  5.56299999999999E+01,  9.83340521422660E+02,  1.48487543050953E+03
 1.90583333300000E+03,  7.73834305847664E-01,  1.30350000000000E+00, -9.16009763366660E+00,  5.58099999999999E+01,  8.46728959876278E+02,  1.39265257828149E+03
 1.90591666700000E+03,  7.46433697359203E-01,  1.20550000000000E+00, -9.13909639824626E+00,  5.59899999999999E+01,  6.73612472491052E+02,  1.54814489232409E+03
 1.90600000000000E+03,  6.82876597744147E-01,  1.09650000000000E+00, -9.11800542917100E+00,  5.61699999999999E+01,  3.77523359417310E+02,  9.10996117781727E+02
 1.90608333300000E+03,  5.84003276537889E-01,  1.11225000000000E+00, -9.09682496953180E+00,  5.63499999999999E+01,  2.18192255565597E+02,  9.20821437677133E+02
 1.90616666700000E+03,  4.65967753054861E-01,  1.16300000000000E+00, -9.07555528949413E+00,  5.65299999999999E+01,  2.58673789442742E+02,  6.23309163661430E+02
 1.90625000000000E+03,  3.48888449132623E-01,  1.02275000000000E+00, -9.05419668632152E+00,  5.67099999999999E+01,  2.53111226177249E+02,  6.84042110713357E+02
 1.90633333300000E+03,  2.44042187397692E-01,  7.35250000000000E-01, -9.03274948439516E+00,  5.68899999999999E+01,  5.24528392084347E+02,  8.07098417377276E+02
 1.90641666700000E+03,  1.52269810605464E-01,  3.80750000000000E-01, -9.01121403522936E+00,  5.70699999999999E+01,  6.53686848016970E+02,  8.36077460621098E+02
 1.90650000000000E+03,  7.43244637703988E-02, -2.00000000000001E-03, -8.98959071748308E+00,  5.72499999999999E+01,  8.31015711180972E+02,  7.32721477937021E+02
 1.90658333300000E+03,  7.18111993542583E-02, -3.59250000000000E-01, -8.96787993696738E+00,  5.74299999999999E+01,  7.56436403368946E+02,  6.83923671985523E+02
 1.90666666700000E+03,  1.36207609946131E-01, -6.39000000000000E-01, -1.46433915168870E+01,  5.76099999999999E+01,  1.14550886350701E+03,  7.11210013076068E+02
 1.90675000000000E+03,  1.55389196384586E-01, -4.32500000000000E-01, -1.46835232335071E+01,  5.77899999999999E+01,  9.66097860445017E+02,  4.30971657749146E+02
 1.90683333300000E+03,  1.57279202527663E-01, -4.99999999999987E-04, -1.47233798249070E+01,  5.79699999999999E+01,  8.35564009418272E+02,  4.85751219636418E+02
 1.90691666700000E+03,  1.92847890890107E-01, -4.77500000000000E-02, -1.47629583342735E+01,  5.81499999999999E+01,  6.86447834025920E+02,  5.34694648097936E+02
 1.90700000000000E+03,  2.18089225623244E-01, -2.17500000000000E-01, -1.48022558299499E+01,  5.83299999999999E+01,  8.49100460994606E+02,  1.27922700978714E+03
 1.90708333300000E+03,  1.96328492625676E-01, -1.53000000000000E-01, -1.48412694057236E+01,  5.85099999999999E+01,  4.97165239121210E+02,  1.43188901605065E+03
 1.90716666700000E+03,  1.11423224759398E-01, -1.61000000000000E-01, -1.48799961811104E+01,  5.86899999999999E+01,  6.23134839482019E+02,  1.54608802772824E+03
 1.90725000000000E+03, -3.42691918006455E-02, -1.97750000000000E-01, -1.49184333016357E+01,  5.88699999999999E+01,  9.98351388484629E+02,  1.95430634596395E+03
 1.90733333300000E+03, -2.27982455016996E-01, -4.52500000000000E-02, -1.49565779391133E+01,  5.90499999999999E+01,  1.01727268853143E+03,  2.46228510817564E+03
 1.90741666700000E+03, -4.49110686974470E-01,  1.11500000000000E-01, -1.49944272919202E+01,  5.92299999999999E+01,  8.34604471473252E+02,  1.78078664227937E+03
 1.90750000000000E+03, -6.64893751983930E-01,  4.40000000000000E-02, -1.50319785852692E+01,  5.94099999999999E+01,  1.02971898726596E+03,  2.21420112650431E+03
 1.90758333300000E+03, -5.15274169386244E-01, -1.47500000000000E-02, -1.50692290714783E+01,  5.95899999999999E+01,  1.11409136561045E+03,  2.42560851417320E+03
 1.90766666700000E+03, -8.80224505922726E-04,  8.22500000000000E-02, -7.75066039023238E+00,  5.97699999999999E+01,  7.46688540221692E+02,  1.85699749241442E+03
 1.90775000000000E+03,  2.28442788651559E-01,  1.03750000000000E-01, -7.72804403394887E+00,  5.99499999999999E+01,  8.79203602894103E+02,  1.36633144632250E+03
 1.90783333300000E+03,  2.13819379742557E-01,  9.40000000000000E-02, -7.70557344597093E+00,  6.01299999999999E+01,  1.09966625758921E+03,  1.35304237028192E+03
 1.90791666700000E+03,  2.83173995464054E-01,  1.08250000000000E-01, -7.68324775165468E+00,  6.03099999999999E+01,  8.59404865434823E+02,  8.47107536840427E+02
 1.90800000000000E+03,  3.86731154578679E-01,  1.39500000000000E-01, -7.66106605535776E+00,  6.04899999999999E+01,  8.34694072541976E+02,  7.51854763086821E+02
 1.90808333300000E+03,  4.77291858142158E-01,  2.11000000000000E-01, -7.63902744065434E+00,  6.06699999999999E+01,  9.10213367078390E+02,  1.08213501074704E+03
 1.90816666700000E+03,  5.25569798188414E-01,  1.31250000000000E-01, -7.61713097055293E+00,  6.08499999999999E+01,  8.09932914693457E+02,  1.15531911547346E+03
 1.90825000000000E+03,  5.20341253644935E-01, -4.50000000000000E-03, -7.59537568771675E+00,  6.10299999999999E+01,  5.74391790907825E+02,  1.15072672101682E+03
 1.90833333300000E+03,  4.62120205642109E-01,  4.20000000000000E-02, -7.57376061468666E+00,  6.12099999999999E+01,  6.48718132115587E+02,  1.13951116624475E+03
 1.90841666700000E+03,  3.61671471660652E-01,  4.37500000000000E-02, -7.55228475410681E+00,  6.13899999999999E+01,  5.71470411211775E+02,  9.41671122049114E+02
 1.90850000000000E+03,  2.44690174182958E-01, -1.98000000000000E-01, -7.53094708895271E+00,  6.15699999999999E+01,  4.77298078286870E+02,  6.69273897812609E+02
 1.90858333300000E+03,  4.75533741295024E-02, -4.01750000000000E-01, -7.50974658276189E+00,  6.17499999999999E+01,  3.57745164760892E+02,  5.28318931904643E+02
 1.90866666700000E+03, -2.32913341705598E-01, -4.03500000000000E-01, -1.58910618459597E+01,  6.19299999999999E+01,  4.88177379307210E+02,  7.94432684806536E+02
 1.90875000000000E+03, -4.16503968917286E-01, -4.48750000000000E-01, -1.58642941253047E+01,  6.21099999999999E+01,  4.80706808781085E+02,  6.63883402552468E+02
 1.90883333300000E+03, -4.73951898426350E-01, -5.84250000000000E-01, -1.58372501142173E+01,  6.22899999999999E+01,  4.68740384161156E+02,  1.01220481781317E+03
 1.90891666700000E+03, -4.90612408694249E-01, -4.12750000000000E-01, -1.58099325050363E+01,  6.24699999999999E+01,  6.15007119576747E+02,  1.30829611545494E+03
 1.90900000000000E+03, -4.88337608037797E-01, -1.52750000000000E-01, -1.57823440065050E+01,  6.26499999999999E+01,  1.11706744668227E+03,  2.30106802478445E+03
 1.90908333300000E+03, -4.77654828103924E-01, -1.98500000000000E-01, -1.57544873434339E+01,  6.28299999999999E+01,  9.95836337225047E+02,  2.17897518627424E+03
 1.90916666700000E+03, -4.54086879713363E-01, -2.75500000000000E-01, -1.57263652563610E+01,  6.30099999999999E+01,  9.70519832188523E+02,  2.28920490027166E+03
 1.90925000000000E+03, -4.08092841022101E-01, -2.72750000000000E-01, -1.56979805012107E+01,  6.31899999999999E+01,  1.51934071697907E+03,  2.89158915058934E+03
 1.90933333300000E+03, -3.37053011864185E-01, -3.20250000000000E-01, -1.56693358489525E+01,  6.33699999999999E+01,  1.46281168720507E+03,  2.81464941406751E+03
 1.90941666700000E+03, -2.46727008203426E-01, -5.04000000000000E-01, -1.56404340852568E+01,  6.35499999999999E+01,  9.52428320444568E+02,  1.93579186692664E+03
 1.90950000000000E+03, -1.41399315986996E-01, -6.98000000000000E-01, -1.56112780101508E+01,  6.37299999999999E+01,  9.43027299104953E+02,  1.78670060806503E+03
 1.90958333300000E+03, -2.53122519913777E-01, -8.78500000000000E-01, -1.55818704376723E+01,  6.39099999999999E+01,  9.18107272667204E+02,  1.65046124768643E+03
 1.90966666700000E+03, -6.35731304538905E-01, -1.06675000000000E+00, -1.60752122977067E+01,  6.40899999999999E+01,  2.88141451219576E+02,  5.57417256902422E+02
 1.90975000000000E+03, -8.70228164873414E-01, -1.20575000000000E+00, -1.60593756173500E+01,  6.42699999999999E+01,  6.83856685012625E+02,  5.85274039649479E+02
 1.90983333300000E+03, -8.94070197783013E-01, -1.20450000000000E+00, -1.60435859095458E+01,  6.44499999999999E+01,  1.07380703189693E+03,  7.78199054888856E+02
 1.90991666700000E+03, -9.00431276542935E-01, -1.06675000000000E+00, -1.60278412946789E+01,  6.46299999999999E+01,  1.07960428541173E+03,  8.42026160416862E+02
 1.91000000000000E+03, -9.15028913107068E-01, -8.93000000000000E-01, -1.60121398922378E+01,  6.48099999999999E+01,  1.14494701100662E+03,  1.36658767168295E+03
 1.91008333300000E+03, -9.49308431841245E-01, -6.54250000000000E-01, -1.59964798211795E+01,  6.49900000000000E+01,  1.04437552475733E+03,  1.37574452248452E+03
 1.91016666700000E+03, -9.96724438433797E-01, -5.89250000000000E-01, -1.59808592002955E+01,  6.51700000000000E+01,  5.41161017423790E+02,  1.00382042406784E+03
 1.91025000000000E+03, -1.04297444403908E+00, -7.91000000000000E-01, -1.59652761485765E+01,  6.53500000000000E+01,  1.58131410537556E+02,  7.56378385249383E+02
 1.91033333300000E+03, -1.07857446464002E+00, -9.95750000000000E-01, -1.59497287855780E+01,  6.55300000000000E+01,  4.65956872850413E+02,  6.96270319814901E+02
 1.91041666700000E+03, -1.10113722007838E+00, -9.69250000000000E-01, -1.59342152317841E+01,  6.57100000000000E+01,  4.11974781428494E+02,  1.57084342922530E+02
 1.91050000000000E+03, -1.10647024912402E+00, -8.34000000000000E-01, -1.59187336089725E+01,  6.58900000000000E+01,  5.63158004337140E+02,  3.36081632443229E+02
 1.91058333300000E+03, -9.08760203306464E-01, -9.28500000000000E-01, -1.59032820405777E+01,  6.60700000000000E+01,  1.10187363883526E+03,  5.66296858583338E+02
 1.91066666700000E+03, -5.41247048128772E-01, -1.08150000000000E+00, -1.64618924981101E+01,  6.62500000000000E+01,  1.22217665080394E+03,  5.11664438832568E+02
 1.91075000000000E+03, -3.72343023957201E-01, -9.23250000000000E-01, -1.64221348387628E+01,  6.64300000000000E+01,  9.23683203243405E+02,  5.04314808119043E+02
 1.91083333300000E+03, -3.28818629617907E-01, -5.94750000000000E-01, -1.63824386985001E+01,  6.66100000000000E+01,  1.13865409170957E+03,  1.05293042860567E+03
 1.91091666700000E+03, -2.14138450782547E-01, -3.79500000000000E-01, -1.63428064538221E+01,  6.67900000000000E+01,  1.37996128245064E+03,  1.10199465277848E+03
 1.91100000000000E+03, -9.09730066994769E-02, -2.93250000000000E-01, -1.63032404583596E+01,  6.69700000000000E+01,  9.93851849055293E+02,  9.29506287663495E+02
 1.91108333300000E+03, -1.43635682262282E-02, -2.99000000000000E-01, -1.62637430426428E+01,  6.71500000000000E+01,  8.76059707326748E+02,  9.49123222024594E+02
 1.91116666700000E+03, -1.61714667383573E-02, -4.25750000000000E-01, -1.62243165138733E+01,  6.73300000000000E+01,  9.03710732359439E+02,  9.66601441488451E+02
 1.91125000000000E+03, -1.05521602967039E-01, -6.36250000000000E-01, -1.61849631557002E+01,  6.75100000000000E+01,  7.33070414630960E+02,  4.74050676921345E+02
 1.91133333300000E+03, -2.76305443427310E-01, -7.03000000000000E-01, -1.61456852279993E+01,  6.76900000000001E+01,  3.52298193376900E+02,  2.85690425986148E+02
 1.91141666700000E+03, -5.10213398251239E-01, -4.89250000000000E-01, -1.61064849666560E+01,  6.78700000000001E+01,  1.99450781928555E+02,  2.88313350420912E+02
 1.91150000000000E+03, -7.73705627431499E-01, -2.67500000000000E-01, -1.60673645833523E+01,  6.80500000000001E+01,  2.23905112544979E+02,  4.15720760876202E+02
 1.91158333300000E+03, -7.89239318647641E-01, -1.49000000000000E-01, -1.60283262653564E+01,  6.82300000000001E+01,  2.48927359241769E+02,  3.63438527723468E+02
 1.91166666700000E+03, -4.66001201201855E-01,  2.20000000000000E-02, -9.42013613176588E+00,  6.84100000000001E+01,  2.64643268223652E+02,  3.24781183455178E+02
 1.91175000000000E+03, -1.64730942727131E-01,  3.25500000000000E-01, -9.46913222809675E+00,  6.85900000000001E+01,  3.75353503172580E+02,  3.64316878761220E+02
 1.91183333300000E+03,  1.06280268493136E-01,  7.77250000000000E-01, -9.51824723115025E+00,  6.87700000000001E+01,  6.02290170030341E+02,  5.38462827103206E+02
 1.91191666700000E+03,  4.71455771728568E-01,  1.11850000000000E+00, -9.56747755965656E+00,  6.89500000000001E+01,  5.66601470525160E+02,  4.70933155591134E+02
 1.91200000000000E+03,  8.05330288962442E-01,  1.14550000000000E+00, -9.61681961783632E+00,  6.91300000000001E+01,  4.88414713802356E+02,  4.51786143550921E+02
 1.91208333300000E+03,  1.00809244730873E+00,  9.38250000000000E-01, -9.66626979575789E+00,  6.93100000000001E+01,  5.02120200881156E+02,  4.81513597089097E+02
 1.91216666700000E+03,  1.04207332138433E+00,  7.59500000000000E-01, -9.71582446969644E+00,  6.94900000000001E+01,  4.87099451202031E+02,  4.43172100985133E+02
 1.91225000000000E+03,  9.32729188563817E-01,  6.23750000000000E-01, -9.76548000249465E+00,  6.96700000000001E+01,  3.54862091777909E+02,  2.86225798238134E+02
 1.91233333300000E+03,  7.42204764056447E-01,  3.90000000000000E-01, -9.81523274392530E+00,  6.98500000000001E+01,  3.68297741648943E+02,  2.83616790450303E+02
 1.91241666700000E+03,  5.36329150944065E-01,  2.61000000000000E-01, -9.86507903105534E+00,  7.00300000000001E+01,  4.25733218358802E+02,  3.48311925337755E+02
 1.91250000000000E+03,  3.61716047168328E-01,  2.34000000000000E-01, -9.91501518861163E+00,  7.02100000000002E+01,  3.58641726870320E+02,  3.07819781998136E+02
 1.91258333300000E+03,  2.61930636763671E-01,  2.21250000000000E-01, -9.96503752934825E+00,  7.03900000000002E+01,  3.06713524133999E+02,  2.90164706527281E+02
 1.91266666700000E+03,  2.42471009542708E-01,  2.10250000000000E-01, -9.58195135451192E+00,  7.05700000000002E+01,  5.21445933867299E+02,  4.25604096869520E+02
 1.91275000000000E+03,  2.74464857858175E-01,  1.91500000000000E-01, -9.56285109183729E+00,  7.07500000000002E+01,  7.46033333469473E+02,  6.13637329769588E+02
 1.91283333300000E+03,  3.68460236486414E-01,  1.73000000000000E-01, -9.54366218985241E+00,  7.09300000000002E+01,  8.02343408108887E+02,  6.16074078697875E+02
 1.91291666700000E+03,  5.00979712845008E-01,  5.85000000000000E-02, -9.52438433329376E+00,  7.11100000000002E+01,  8.03547307366045E+02,  6.67513891681493E+02
 1.91300000000000E+03,  5.94371724818983E-01,  1.80250000000000E-01, -9.50501723255145E+00,  7.12900000000002E+01,  7.61452289586582E+02,  6.39257024175705E+02
 1.91308333300000E+03,  6.02330820290214E-01,  5.27000000000000E-01, -9.48556062377578E+00,  7.14700000000002E+01,  5.10466260739964E+02,  4.69604611245404E+02
 1.91316666700000E+03,  5.34174684797428E-01,  3.54000000000000E-01, -9.46601426897985E+00,  7.16500000000002E+01,  3.35581870998617E+02,  1.99917274252341E+02
 1.91325000000000E+03,  4.44216668398990E-01, -1.20750000000000E-01, -9.44637795613851E+00,  7.18300000000002E+01,  2.40615562494513E+02,  1.42244802622893E+02
 1.91333333300000E+03,  3.97454628473605E-01, -8.47500000000000E-02, -9.42665149928330E+00,  7.20100000000002E+01,  3.31599380213225E+02,  1.29949401989715E+02
 1.91341666700000E+03,  4.34990472464941E-01,  1.79750000000000E-01, -9.40683473859367E+00,  7.21900000000002E+01,  3.40807777619618E+02,  1.46607366781145E+02
 1.91350000000000E+03,  5.56909505821316E-01,  2.01750000000000E-01, -9.38692754048419E+00,  7.23700000000002E+01,  3.07342498998506E+02,  2.28474178952549E+02
 1.91358333300000E+03,  6.82414946164355E-01,  1.74250000000000E-01, -9.36692979768804E+00,  7.25500000000002E+01,  2.29425323803381E+02,  2.27850472050420E+02
 1.91366666700000E+03,  7.31515551814887E-01,  2.91000000000000E-01, -2.25202457627591E+01,  7.27300000000002E+01,  2.08353383623522E+02,  3.01674782690775E+02
 1.91375000000000E+03,  7.45834578453724E-01,  5.67000000000000E-01, -2.24945018767769E+01,  7.29100000000003E+01,  1.70003316120211E+02,  2.63782660344183E+02
 1.91383333300000E+03,  7.72539054516008E-01,  8.37500000000000E-01, -2.24687066749224E+01,  7.30900000000003E+01,  1.48905536296212E+02,  2.47915323433206E+02
 1.91391666700000E+03,  7.92029262521603E-01,  9.40500000000000E-01, -2.24428618956715E+01,  7.32700000000003E+01,  1.58627312203050E+02,  2.64051353954396E+02
 1.91400000000000E+03,  7.77857361247794E-01,  9.29000000000000E-01, -2.24169693057904E+01,  7.34500000000003E+01,  1.57216541652427E+02,  2.71571528406381E+02
 1.91408333300000E+03,  7.16897201933601E-01,  8.59750000000000E-01, -2.23910307001264E+01,  7.36300000000003E+01,  1.97586786798730E+02,  1.90124115433734E+02
 1.91416666700000E+03,  6.13071475900579E-01,  8.11500000000000E-01, -2.23650479013933E+01,  7.38100000000003E+01,  2.21841540918665E+02,  2.00034996689450E+02
 1.91425000000000E+03,  4.77542913640745E-01,  6.98500000000000E-01, -2.23390227599523E+01,  7.39900000000003E+01,  2.58297628755606E+02,  2.64147431544151E+02
 1.91433333300000E+03,  3.16981449723136E-01,  3.95250000000000E-01, -2.23129571535884E+01,  7.41700000000003E+01,  3.56821685065172E+02,  2.48285950762246E+02
 1.91441666700000E+03,  1.32451819779223E-01,  2.10250000000000E-01, -2.22868529872819E+01,  7.43500000000003E+01,  4.14569796015896E+02,  3.22911053346100E+02
 1.91450000000000E+03, -7.03899946483504E-02,  3.91000000000000E-01, -2.22607121929755E+01,  7.45300000000003E+01,  4.55505606233879E+02,  3.38362961346295E+02
 1.91458333300000E+03, -1.03875668213594E-01,  6.69000000000000E-01, -2.22345367293368E+01,  7.47100000000003E+01,  5.07202017153054E+02,  4.92990015993330E+02
 1.91466666700000E+03,  1.03358848496112E-01,  6.07250000000000E-01, -2.90521204108412E+01,  7.48900000000003E+01,  5.30390100340962E+02,  5.37044249589729E+02
 1.91475000000000E+03,  2.83367082857881E-01,  3.51250000000000E-01, -2.90945938110540E+01,  7.50700000000003E+01,  4.71904162358404E+02,  5.15544233991026E+02
 1.91483333300000E+03,  4.04779877414816E-01,  4.03250000000000E-01, -2.91367710899236E+01,  7.52500000000003E+01,  6.08523003971705E+02,  4.38709389904476E+02
 1.91491666700000E+03,  5.78494130545876E-01,  7.42000000000000E-01, -2.91786488104224E+01,  7.54300000000003E+01,  5.61411562678301E+02,  6.06759991253009E+02
 1.91500000000000E+03,  7.65840018166551E-01,  9.61500000000000E-01, -2.92202235651613E+01,  7.56100000000004E+01,  5.45189245178134E+02,  4.87182902214166E+02
 1.91508333300000E+03,  9.20713279122583E-01,  9.70750000000000E-01, -2.92614919767564E+01,  7.57900000000004E+01,  6.48218294391246E+02,  6.31648571200745E+02
 1.91516666700000E+03,  1.00316706570326E+00,  9.41000000000000E-01, -2.93024506981921E+01,  7.59700000000004E+01,  6.99652656830554E+02,  5.25350929042729E+02
 1.91525000000000E+03,  9.83357363964453E-01,  9.13250000000000E-01, -2.93430964131803E+01,  7.61500000000004E+01,  7.36351331745987E+02,  8.68219099361807E+02
 1.91533333300000E+03,  8.42732982988717E-01,  1.00675000000000E+00, -2.93834258365155E+01,  7.63300000000004E+01,  7.29317076644754E+02,  7.98515718031141E+02
 1.91541666700000E+03,  5.80855075586899E-01,  9.78500000000000E-01, -2.94234357144267E+01,  7.65100000000004E+01,  6.66639688754212E+02,  8.96316836988906E+02
 1.91550000000000E+03,  2.26249936093301E-01,  5.13500000000000E-01, -2.94631228249244E+01,  7.66900000000004E+01,  5.53520076600192E+02,  7.85511126078040E+02
 1.91558333300000E+03, -4.74456348714885E-02,  6.85000000000000E-02, -2.95024839781442E+01,  7.68700000000004E+01,  5.98214150398713E+02,  1.11958053692377E+03
 1.91566666700000E+03, -1.33292430056223E-01, -6.55000000000000E-02, -2.15667650078247E+01,  7.70500000000004E+01,  4.71056084411668E+02,  1.06115958765029E+03
 1.91575000000000E+03, -1.81259255499574E-01, -9.75000000000000E-02, -2.16187243421771E+01,  7.72300000000004E+01,  5.08572069148545E+02,  9.97476725017756E+02
 1.91583333300000E+03, -2.12551537249834E-01, -1.15750000000000E-01, -2.16706106710110E+01,  7.74100000000004E+01,  4.70620459873958E+02,  8.77580329902559E+02
 1.91591666700000E+03, -1.35815129192335E-01, -4.30000000000000E-02, -2.17224197770047E+01,  7.75900000000004E+01,  4.47786035382100E+02,  7.91916518114748E+02
 1.91600000000000E+03,  2.91962299049435E-02, -4.50000000000000E-02, -2.17741474478787E+01,  7.77700000000004E+01,  3.65727179909665E+02,  4.95034367651609E+02
 1.91608333300000E+03,  2.11874558152881E-01, -2.01000000000000E-01, -2.18257894768519E+01,  7.79500000000004E+01,  3.17228585503316E+02,  2.39038578261240E+02
 1.91616666700000E+03,  3.25313250624542E-01, -2.52000000000000E-01, -2.18773416630962E+01,  7.81300000000005E+01,  3.21707192514865E+02,  3.87243963840435E+02
 1.91625000000000E+03,  3.04223624597145E-01, -1.77250000000000E-01, -2.19287998121919E+01,  7.83100000000005E+01,  3.63330634911323E+02,  5.20031286236673E+02
 1.91633333300000E+03,  1.33672483252689E-01, -9.95000000000000E-02, -2.19801597365801E+01,  7.84900000000005E+01,  4.02768172546568E+02,  7.37677202158530E+02
 1.91641666700000E+03, -1.38841784191859E-01, -3.07000000000000E-01, -2.20314172560170E+01,  7.86700000000005E+01,  3.47046471273784E+02,  9.11079183325360E+02
 1.91650000000000E+03, -4.13443977017791E-01, -8.69500000000000E-01, -2.20825681980253E+01,  7.88500000000005E+01,  4.18502446123224E+02,  1.91930189167224E+03
 1.91658333300000E+03, -5.27331281284035E-01, -1.30275000000000E+00, -2.21336083983455E+01,  7.90300000000005E+01,  4.55774177271199E+02,  1.74968940596300E+03
 1.91666666700000E+03, -5.08302444823532E-01, -1.38400000000000E+00, -1.73510436970203E+01,  7.92100000000005E+01,  4.55857285489973E+02,  1.89157714467144E+03
 1.91675000000000E+03, -5.70598567296163E-01, -1.37900000000000E+00, -1.73251593722627E+01,  7.93900000000005E+01,  4.20586601225288E+02,  1.76024811852197E+03
 1.91683333300000E+03, -6.72708390463405E-01, -1.37325000000000E+00, -1.72992496671603E+01,  7.95700000000005E+01,  4.47352091149526E+02,  1.85627332682811E+03
 1.91691666700000E+03, -6.84554554443015E-01, -1.24000000000000E+00, -1.72733165836237E+01,  7.97500000000005E+01,  3.32354385503750E+02,  8.48310184117343E+02
 1.91700000000000E+03, -6.20912790621774E-01, -1.04700000000000E+00, -1.72473621472604E+01,  7.99300000000005E+01,  2.67204494051106E+02,  8.94405614324116E+02
 1.91708333300000E+03, -5.32822421550634E-01, -8.35500000000000E-01, -1.72213884071254E+01,  8.01100000000005E+01,  3.33133746716438E+02,  8.52641308297209E+02
 1.91716666700000E+03, -4.79634969459878E-01, -6.22250000000000E-01, -1.71953974354671E+01,  8.02900000000005E+01,  4.14505004694335E+02,  9.84994798395376E+02
 1.91725000000000E+03, -5.00165957816141E-01, -5.05500000000000E-01, -1.71693913274698E+01,  8.04700000000005E+01,  3.60272679413186E+02,  9.63115187217624E+02
 1.91733333300000E+03, -5.93028447498378E-01, -4.51250000000000E-01, -1.71433722009920E+01,  8.06500000000005E+01,  4.28491059882331E+02,  1.13982492679498E+03
 1.91741666700000E+03, -7.11313719460164E-01, -3.17000000000000E-01, -1.71173421963012E+01,  8.08300000000006E+01,  4.16560347786140E+02,  1.09126228428189E+03
 1.91750000000000E+03, -7.75210776113983E-01, -1.64250000000000E-01, -1.70913034758047E+01,  8.10100000000006E+01,  4.48307520472275E+02,  1.02757191643177E+03
 1.91758333300000E+03, -7.56188054320189E-01, -2.00250000000000E-01, -1.70652582237769E+01,  8.11900000000006E+01,  3.53602747479479E+02,  9.69481600687057E+02
 1.91766666700000E+03, -7.07013143421835E-01, -3.14250000000000E-01, -2.81412949811790E+01,  8.13700000000006E+01,  4.87098051708404E+02,  7.34347152581475E+02
 1.91775000000000E+03, -6.42743966585499E-01, -3.54250000000000E-01, -2.81176176095760E+01,  8.15500000000006E+01,  4.34795868222122E+02,  8.64883744167383E+02
 1.91783333300000E+03, -5.32141408889133E-01, -4.39750000000000E-01, -2.80938462685413E+01,  8.17300000000006E+01,  5.16175731399185E+02,  9.03214005294059E+02
 1.91791666700000E+03, -3.79540917415783E-01, -5.39750000000000E-01, -2.80699817332063E+01,  8.19100000000006E+01,  3.58363780097869E+02,  7.78961881248366E+02
 1.91800000000000E+03, -2.12718489081316E-01, -5.38250000000000E-01, -2.80460248130483E+01,  8.20900000000006E+01,  3.41564900413713E+02,  5.54312081486310E+02
 1.91808333300000E+03, -5.01754777093985E-02, -4.97500000000000E-01, -2.80219763518416E+01,  8.22700000000006E+01,  3.52503150472871E+02,  8.60485450003718E+02
 1.91816666700000E+03,  1.02957330332194E-01, -4.20500000000000E-01, -2.79978372276019E+01,  8.24500000000006E+01,  5.76079998684603E+02,  7.40696189957786E+02
 1.91825000000000E+03,  2.45929007540445E-01, -2.07250000000000E-01, -2.79736083525256E+01,  8.26300000000006E+01,  4.81138745388350E+02,  7.28552009310217E+02
 1.91833333300000E+03,  3.71809695805529E-01,  1.94750000000000E-01, -2.79492906729232E+01,  8.28100000000006E+01,  4.94827554045545E+02,  6.55456938419564E+02
 1.91841666700000E+03,  4.67764075101015E-01,  5.40500000000000E-01, -2.79248851691466E+01,  8.29900000000006E+01,  5.24420886674693E+02,  7.19868529419324E+02
 1.91850000000000E+03,  5.26669999433220E-01,  6.18750000000000E-01, -2.79003928555112E+01,  8.31700000000006E+01,  4.02356012610754E+02,  6.80015652064355E+02
 1.91858333300000E+03,  4.17614237813659E-01,  6.95000000000000E-01, -2.78758147802122E+01,  8.33500000000006E+01,  2.84795677774647E+02,  6.99854387001327E+02
 1.91866666700000E+03,  2.19438873022799E-01,  9.58250000000000E-01, -2.59608062925166E+01,  8.35300000000007E+01,  3.18038221636049E+02,  7.08709011343087E+02
 1.91875000000000E+03,  2.83424532566273E-01,  1.25775000000000E+00, -2.59435767788048E+01,  8.37100000000007E+01,  4.03881039443472E+02,  8.59763697561426E+02
 1.91883333300000E+03,  5.42243038959988E-01,  1.41800000000000E+00, -2.59264255226294E+01,  8.38900000000007E+01,  4.47140373418035E+02,  1.16457297730834E+03
 1.91891666700000E+03,  7.70673447742302E-01,  1.51250000000000E+00, -2.59093505259732E+01,  8.40700000000007E+01,  4.23613114344590E+02,  1.00639445592382E+03
 1.91900000000000E+03,  9.41199496104436E-01,  1.48850000000000E+00, -2.58923497838994E+01,  8.42500000000007E+01,  3.04359294100184E+02,  7.79970017655356E+02
 1.91908333300000E+03,  1.04168874122190E+00,  1.19175000000000E+00, -2.58754212849716E+01,  8.44300000000007E+01,  2.53653071340520E+02,  7.35038340146310E+02
 1.91916666700000E+03,  1.07839035010290E+00,  9.22500000000000E-01, -2.58585630116752E+01,  8.46100000000007E+01,  1.34682259909960E+02,  6.04693418440570E+02
 1.91925000000000E+03,  1.06532976873532E+00,  9.02750000000000E-01, -2.58417729408393E+01,  8.47900000000007E+01,  2.17787358912965E+02,  2.71643116079818E+02
 1.91933333300000E+03,  1.01184063499214E+00,  9.54500000000000E-01, -2.58250490440587E+01,  8.49700000000007E+01,  2.14160167192966E+02,  3.06242298036146E+02
 1.91941666700000E+03,  9.20889427633341E-01,  9.06750000000000E-01, -2.58083892881175E+01,  8.51500000000007E+01,  2.11710458017621E+02,  2.97668510596974E+02
 1.91950000000000E+03,  7.98959337670291E-01,  8.33000000000000E-01, -2.57917916354118E+01,  8.53300000000007E+01,  2.23656997452546E+02,  3.18244905269181E+02
 1.91958333300000E+03,  6.38089183481707E-01,  8.05750000000000E-01, -2.57752540443741E+01,  8.55100000000007E+01,  2.56620561101567E+02,  5.60614288273075E+02
 1.91966666700000E+03,  5.34350884462784E-01,  6.93250000000000E-01, -2.79255778728976E+01,  8.56900000000007E+01,  2.59401473844829E+02,  1.13745419755320E+03
 1.91975000000000E+03,  6.08188257349391E-01,  4.15000000000000E-01, -2.79741724407419E+01,  8.58700000000007E+01,  3.00277952470894E+02,  1.06346812023426E+03
 1.91983333300000E+03,  7.34175328265302E-01,  3.01500000000000E-01, -2.80225635604850E+01,  8.60500000000008E+01,  3.19879697482138E+02,  1.26225747802168E+03
 1.91991666700000E+03,  7.51292797663353E-01,  5.79500000000000E-01, -2.80707471917213E+01,  8.62300000000008E+01,  4.92463735009127E+02,  1.40531577662472E+03
 1.92000000000000E+03,  6.36205620410077E-01,  7.86250000000000E-01, -2.81187193136160E+01,  8.64100000000008E+01,  5.40533663433532E+02,  1.27931742092275E+03
 1.92008333300000E+03,  4.21019010855368E-01,  6.60000000000000E-01, -2.81664759253494E+01,  8.65900000000008E+01,  3.94973559482617E+02,  7.21845341670152E+02
 1.92016666700000E+03,  1.80270981681712E-01,  4.04000000000000E-01, -2.82140130465588E+01,  8.67700000000008E+01,  3.49115529042326E+02,  6.36302678456268E+02
 1.92025000000000E+03, -7.06054360748069E-03,  2.53000000000000E-01, -2.82613267177770E+01,  8.69500000000008E+01,  4.30356066611278E+02,  4.35487725536690E+02
 1.92033333300000E+03, -9.67634769322148E-02,  2.83500000000000E-01, -2.83084130008694E+01,  8.71300000000008E+01,  2.49192845981086E+02,  2.46661836566035E+02
 1.92041666700000E+03, -9.57384427034049E-02,  2.81000000000000E-01, -2.83552679794674E+01,  8.73100000000008E+01,  2.79395022433158E+02,  4.26767986744125E+02
 1.92050000000000E+03, -4.88253589525664E-02,  1.64250000000000E-01, -2.84018877593996E+01,  8.74900000000008E+01,  3.54177747400595E+02,  4.00377588280222E+02
 1.92058333300000E+03,  1.43244390134105E-02,  2.82500000000000E-02, -2.84482684691198E+01,  8.76700000000008E+01,  3.54805814787824E+02,  4.02378846670492E+02
 1.92066666700000E+03,  9.20180789900434E-02, -6.87500000000000E-02, -1.99546665726493E+01,  8.78500000000008E+01,  4.16366359725558E+02,  5.13985859582354E+02
 1.92075000000000E+03,  1.65986494382840E-01, -1.02250000000000E-01, -1.99371452278231E+01,  8.80300000000008E+01,  8.20570238026033E+02,  8.51311056460665E+02
 1.92083333300000E+03,  1.96719876479874E-01, -6.85000000000000E-02, -1.99198542487308E+01,  8.82100000000008E+01,  8.20311986574990E+02,  5.32406645616364E+02
 1.92091666700000E+03,  1.36289008901741E-01,  7.35000000000000E-02, -1.99027965046054E+01,  8.83900000000008E+01,  8.81438065692860E+02,  8.23052697768297E+02
 1.92100000000000E+03, -3.81596228638385E-02,  1.37250000000000E-01, -1.98859748530865E+01,  8.85700000000008E+01,  9.16346525033681E+02,  9.34190214341099E+02
 1.92108333300000E+03, -2.89370890587143E-01, -1.73250000000000E-01, -1.98693921397780E+01,  8.87500000000009E+01,  8.57077838308829E+02,  1.03873694067165E+03
 1.92116666700000E+03, -5.35086701632830E-01, -4.62500000000000E-01, -1.98530511978071E+01,  8.89300000000009E+01,  7.18275533426218E+02,  8.82640557978263E+02
 1.92125000000000E+03, -6.89758693672578E-01, -4.35000000000000E-01, -1.98369548473842E+01,  8.91100000000009E+01,  6.83443088400247E+02,  1.04461305892724E+03
 1.92133333300000E+03, -7.07401824026495E-01, -4.27500000000000E-01, -1.98211058953634E+01,  8.92900000000009E+01,  7.31009655205158E+02,  1.00820045000237E+03
 1.92141666700000E+03, -5.99903673143107E-01, -4.33750000000000E-01, -1.98055071348050E+01,  8.94700000000009E+01,  7.92697835221211E+02,  1.16732179510294E+03
 1.92150000000000E+03, -4.23290121439148E-01, -3.68000000000000E-01, -1.97901613445389E+01,  8.96500000000009E+01,  7.55480451979771E+02,  9.41847213856840E+02
 1.92158333300000E+03, -2.96539979679758E-01, -3.19750000000000E-01, -1.97750712887291E+01,  8.98300000000009E+01,  6.20323106704661E+02,  1.06653529758876E+03
 1.92166666700000E+03, -3.02089178090023E-01, -2.86250000000000E-01, -2.46369266323134E+01,  9.00100000000009E+01,  6.47607183784030E+02,  9.30866330573155E+02
 1.92175000000000E+03, -3.60101345931509E-01, -3.11250000000000E-01, -2.46553522640542E+01,  9.01900000000009E+01,  5.13138237225332E+02,  7.53212176418320E+02
 1.92183333300000E+03, -3.82824627144764E-01, -3.37500000000000E-01, -2.46741857410786E+01,  9.03700000000009E+01,  5.19048139732120E+02,  1.02570414127249E+03
 1.92191666700000E+03, -3.71034131882975E-01, -2.33750000000000E-01, -2.46934267609905E+01,  9.05500000000009E+01,  4.59336287120705E+02,  1.11907467647757E+03
 1.92200000000000E+03, -3.41768892742468E-01, -7.65000000000000E-02, -2.47130749767578E+01,  9.07300000000009E+01,  3.48666432628980E+02,  8.13275388457599E+02
 1.92208333300000E+03, -3.01670726493357E-01,  1.15750000000000E-01, -2.47331299966534E+01,  9.09100000000009E+01,  2.64946114554565E+02,  8.59548862652505E+02
 1.92216666700000E+03, -2.44418710344851E-01,  2.03500000000000E-01, -2.47535913842012E+01,  9.10900000000009E+01,  3.01410231562320E+02,  9.80561832790555E+02
 1.92225000000000E+03, -1.61353146423983E-01,  1.61250000000000E-01, -2.47744586581290E+01,  9.12700000000009E+01,  3.95944413356380E+02,  7.77575753465626E+02
 1.92233333300000E+03, -5.35381664296145E-02,  5.12500000000000E-02, -2.47957312923272E+01,  9.14500000000010E+01,  5.14444918561500E+02,  1.11975784475134E+03
 1.92241666700000E+03,  6.73670530486427E-02, -1.84750000000000E-01, -2.48174087158130E+01,  9.16300000000010E+01,  6.31997857354541E+02,  1.90540183365537E+03
 1.92250000000000E+03,  1.90135286636736E-01, -3.67250000000000E-01, -2.48394903127013E+01,  9.18100000000010E+01,  8.57927220565171E+02,  2.38489485166358E+03
 1.92258333300000E+03,  3.97674504175289E-01, -4.21000000000000E-01, -2.48619754221810E+01,  9.19900000000010E+01,  8.44025102602496E+02,  2.26204137338410E+03
 1.92266666700000E+03,  6.18662835625051E-01, -3.38750000000000E-01, -3.22299208353569E+01,  9.21700000000010E+01,  9.80503724332121E+02,  2.52304389860325E+03
 1.92275000000000E+03,  6.36375489635974E-01, -2.57000000000000E-01, -3.22811515448042E+01,  9.23500000000010E+01,  9.96535481941752E+02,  2.11662609449437E+03
 1.92283333300000E+03,  5.61768791653342E-01, -3.05500000000000E-01, -3.23322174092623E+01,  9.25300000000010E+01,  9.37364395334952E+02,  1.43253998752696E+03
 1.92291666700000E+03,  5.29276997403622E-01, -3.10750000000000E-01, -3.23831140194943E+01,  9.27100000000010E+01,  7.26212188653889E+02,  9.42250224427935E+02
 1.92300000000000E+03,  4.73350534794783E-01, -2.12000000000000E-01, -3.24338369819471E+01,  9.28900000000010E+01,  7.72289888943416E+02,  9.73228413415528E+02
 1.92308333300000E+03,  3.58908176095018E-01, -1.82250000000000E-01, -3.24843819192535E+01,  9.30700000000010E+01,  6.60936463267543E+02,  5.00421722128404E+02
 1.92316666700000E+03,  2.02491665924774E-01, -1.36500000000000E-01, -3.25347444707333E+01,  9.32500000000010E+01,  6.73159767422584E+02,  8.46289008472053E+02
 1.92325000000000E+03,  5.77340209496221E-02,  1.30000000000000E-02, -3.25849202928914E+01,  9.34300000000010E+01,  5.94744359144129E+02,  9.05807215505472E+02
 1.92333333300000E+03, -2.01445753863768E-02,  8.97500000000000E-02, -3.26349050599139E+01,  9.36100000000010E+01,  5.74563800557564E+02,  8.57307516647610E+02
 1.92341666700000E+03, -5.22893283282929E-03,  1.23500000000000E-01, -3.26846944641627E+01,  9.37900000000010E+01,  4.92460150196659E+02,  8.48974106213725E+02
 1.92350000000000E+03,  8.94175457999386E-02,  1.94000000000000E-01, -3.27342842166666E+01,  9.39700000000011E+01,  3.86754636280810E+02,  9.39723256346186E+02
 1.92358333300000E+03,  2.43458137733922E-01,  3.27750000000000E-01, -3.27836700476106E+01,  9.41500000000011E+01,  3.57561219216400E+02,  7.35096837750254E+02
 1.92366666700000E+03,  3.36407065624738E-01,  5.60750000000000E-01, -2.62622202397130E+01,  9.43300000000011E+01,  4.49592607380438E+02,  7.80055346986272E+02
 1.92375000000000E+03,  2.65076318368046E-01,  8.17000000000000E-01, -2.62356988948454E+01,  9.45100000000011E+01,  4.35098835574132E+02,  9.12870228805371E+02
 1.92383333300000E+03,  1.63156282533364E-01,  8.84250000000000E-01, -2.62092200063798E+01,  9.46900000000011E+01,  4.44010749590360E+02,  8.82768505777018E+02
 1.92391666700000E+03,  1.15445541250044E-01,  5.80000000000000E-01, -2.61827863798222E+01,  9.48700000000011E+01,  4.26705447376675E+02,  7.19529965732751E+02
 1.92400000000000E+03,  5.47320652836279E-02,  2.65000000000000E-01, -2.61564008377575E+01,  9.50500000000011E+01,  3.58354720959332E+02,  9.16658280194579E+02
 1.92408333300000E+03, -5.50500212649222E-02,  2.24500000000000E-01, -2.61300662194480E+01,  9.52300000000011E+01,  5.29620910287514E+02,  1.36187952217626E+03
 1.92416666700000E+03, -1.95821888308816E-01,  1.12250000000000E-01, -2.61037853804290E+01,  9.54100000000011E+01,  5.53810121784891E+02,  1.22651071862932E+03
 1.92425000000000E+03, -3.10747612234193E-01, -1.91500000000000E-01, -2.60775611921015E+01,  9.55900000000011E+01,  5.20120494612935E+02,  1.19574339284846E+03
 1.92433333300000E+03, -3.42801959828293E-01, -4.23250000000000E-01, -2.60513965413213E+01,  9.57700000000011E+01,  4.64283882468697E+02,  1.26082575364372E+03
 1.92441666700000E+03, -2.69119878532930E-01, -4.88500000000000E-01, -2.60252943299855E+01,  9.59500000000011E+01,  6.10662665662772E+02,  1.38304032194270E+03
 1.92450000000000E+03, -1.12382620187097E-01, -6.00500000000000E-01, -2.59992574746156E+01,  9.61300000000011E+01,  3.47595101187020E+02,  7.58260524295398E+02
 1.92458333300000E+03, -3.22619363965420E-02, -6.98750000000000E-01, -2.59732889059378E+01,  9.63100000000011E+01,  4.09744517335384E+02,  8.94093988586639E+02
 1.92466666700000E+03, -1.29503505182259E-01, -5.87250000000000E-01, -2.46006708665536E+01,  9.64900000000011E+01,  4.98835487828156E+02,  9.95345368018928E+02
 1.92475000000000E+03, -2.47342772899675E-01, -4.78750000000000E-01, -2.45856174506593E+01,  9.66700000000012E+01,  6.11935943623707E+02,  1.11719053394382E+03
 1.92483333300000E+03, -3.04860003968698E-01, -4.26750000000000E-01, -2.45708330488252E+01,  9.68500000000012E+01,  4.14209109340453E+02,  6.41012284812306E+02
 1.92491666700000E+03, -3.45547971976339E-01, -3.66750000000000E-01, -2.45563205013048E+01,  9.70300000000012E+01,  5.45835221884056E+02,  7.73701992663808E+02
 1.92500000000000E+03, -3.75524026550588E-01, -2.73000000000000E-01, -2.45420826309622E+01,  9.72100000000012E+01,  6.07756946884034E+02,  8.58042016906543E+02
 1.92508333300000E+03, -3.91848790920777E-01, -4.35000000000000E-02, -2.45281222428120E+01,  9.73900000000012E+01,  4.86681163768241E+02,  7.25737722235269E+02
 1.92516666700000E+03, -3.81389635626467E-01,  1.35250000000000E-01, -2.45144421235601E+01,  9.75700000000012E+01,  4.72410377041061E+02,  5.65336500193431E+02
 1.92525000000000E+03, -3.32328612520930E-01,  1.20250000000000E-01, -2.45010450411478E+01,  9.77500000000012E+01,  4.63237635183151E+02,  6.99568487632250E+02
 1.92533333300000E+03, -2.46441957008252E-01, -5.25000000000000E-02, -2.44879337442964E+01,  9.79300000000012E+01,  5.58911801740597E+02,  6.70351010130745E+02
 1.92541666700000E+03, -1.39507706362249E-01, -2.80000000000000E-02, -2.44751109620553E+01,  9.81100000000012E+01,  7.42907504078449E+02,  7.93396024890225E+02
 1.92550000000000E+03, -2.92312607841118E-02,  3.34500000000000E-01, -2.44625794033509E+01,  9.82900000000012E+01,  9.79431599390680E+02,  8.81430541527335E+02
 1.92558333300000E+03,  1.07922517539574E-01,  6.18000000000000E-01, -2.44503417565383E+01,  9.84700000000012E+01,  1.12837897836911E+03,  8.08583395915671E+02
 1.92566666700000E+03,  2.91418597311440E-01,  7.97500000000000E-01, -2.96052835079222E+01,  9.86500000000012E+01,  1.16269772236028E+03,  7.72536376795330E+02
 1.92575000000000E+03,  5.11224974310363E-01,  1.03525000000000E+00, -2.96589958044120E+01,  9.88300000000012E+01,  9.75562173248290E+02,  6.58671937752776E+02
 1.92583333300000E+03,  7.81801603824247E-01,  1.31175000000000E+00, -2.97127682850803E+01,  9.90100000000012E+01,  7.91333601784369E+02,  3.94302345736820E+02
 1.92591666700000E+03,  1.05042102485779E+00,  1.50400000000000E+00, -2.97665964132770E+01,  9.91900000000012E+01,  5.83488962828535E+02,  3.57972415525451E+02
 1.92600000000000E+03,  1.20076241148509E+00,  1.55175000000000E+00, -2.98204756422743E+01,  9.93700000000013E+01,  3.80051578733781E+02,  5.10012746227985E+02
 1.92608333300000E+03,  1.17301101382637E+00,  1.55375000000000E+00, -2.98744014157833E+01,  9.95500000000013E+01,  5.44135155950428E+02,  4.46971367281837E+02
 1.92616666700000E+03,  9.89172319098643E-01,  1.46225000000000E+00, -2.99283691684732E+01,  9.97300000000013E+01,  5.32977955943791E+02,  5.89664221624972E+02
 1.92625000000000E+03,  7.29149531858543E-01,  1.27675000000000E+00, -2.99823743264908E+01,  9.99100000000013E+01,  7.81008287989354E+02,  9.49877624347255E+02
 1.92633333300000E+03,  4.78161065922648E-01,  1.13500000000000E+00, -3.00364123079816E+01,  1.00090000000001E+02,  9.02695212236667E+02,  9.46803886124106E+02
 1.92641666700000E+03,  2.81853879135434E-01,  9.91500000000000E-01, -3.00904785236128E+01,  1.00270000000001E+02,  9.08297744283026E+02,  9.87805436095094E+02
 1.92650000000000E+03,  1.34734658158727E-01,  7.14000000000000E-01, -3.01445683770963E+01,  1.00450000000001E+02,  7.89497178608543E+02,  1.05319157147773E+03
 1.92658333300000E+03,  6.54936638955396E-02,  3.70750000000000E-01, -3.01986772657136E+01,  1.00630000000001E+02,  8.27830965632399E+02,  9.79745920934066E+02
 1.92666666700000E+03,  1.00681015052426E-01,  1.33250000000000E-01, -2.57133951628829E+01,  1.00810000000001E+02,  7.43380318825508E+02,  1.09290053976068E+03
 1.92675000000000E+03,  2.09638854307681E-01,  1.06000000000000E-01, -2.56883938167547E+01,  1.00990000000001E+02,  6.33696139978938E+02,  1.05952524931327E+03
 1.92683333300000E+03,  4.01111336872399E-01,  3.09000000000000E-01, -2.56634974436233E+01,  1.01170000000001E+02,  6.04114279556087E+02,  8.58427215036053E+02
 1.92691666700000E+03,  6.26819973754184E-01,  5.45250000000000E-01, -2.56387091209744E+01,  1.01350000000001E+02,  5.98519358355830E+02,  1.09786228840015E+03
 1.92700000000000E+03,  7.59733200856310E-01,  6.81000000000000E-01, -2.56140319342642E+01,  1.01530000000001E+02,  5.55153286715254E+02,  1.15572971277542E+03
 1.92708333300000E+03,  7.31764282142094E-01,  6.29500000000000E-01, -2.55894689764629E+01,  1.01710000000001E+02,  4.16341019967097E+02,  6.52872156675538E+02
 1.92716666700000E+03,  5.62778873496962E-01,  4.25500000000000E-01, -2.55650233475960E+01,  1.01890000000001E+02,  3.86549601071654E+02,  6.69292081219771E+02
 1.92725000000000E+03,  3.35595467188377E-01,  1.90000000000000E-01, -2.55406981542837E+01,  1.02070000000001E+02,  6.75525363531024E+02,  7.77545714930385E+02
 1.92733333300000E+03,  1.38686949226906E-01,  1.25000000000000E-02, -2.55164965092790E+01,  1.02250000000001E+02,  7.21286210269510E+02,  4.40858619149076E+02
 1.92741666700000E+03,  1.61667055812059E-02, -3.40000000000000E-02, -2.54924215310036E+01,  1.02430000000001E+02,  7.40515389623950E+02,  4.74910628657844E+02
 1.92750000000000E+03, -4.59200716558180E-02, -1.28250000000000E-01, -2.54684763430825E+01,  1.02610000000001E+02,  7.48756849281593E+02,  6.14824003257781E+02
 1.92758333300000E+03, -4.56258476978557E-02, -1.56500000000000E-01, -2.54446640738767E+01,  1.02790000000001E+02,  7.76445541445207E+02,  8.52189692620247E+02
 1.92766666700000E+03,  1.39914493714531E-02, -1.42500000000000E-02, -3.84368863319811E+01,  1.02970000000001E+02,  5.19742428051869E+02,  1.45114498154247E+03
 1.92775000000000E+03,  8.21803012129681E-02,  1.08500000000000E-01, -3.84824059887858E+01,  1.03150000000001E+02,  4.54093029150564E+02,  1.70470329451294E+03
 1.92783333300000E+03,  1.55886720920094E-01,  1.99250000000000E-01, -3.85276344859139E+01,  1.03330000000001E+02,  4.08995812248214E+02,  1.70362849224384E+03
 1.92791666700000E+03,  2.29998364621560E-01,  3.93250000000000E-01, -3.85725678821476E+01,  1.03510000000001E+02,  2.32963625595733E+02,  1.57045270858914E+03
 1.92800000000000E+03,  2.63048259959742E-01,  5.96000000000000E-01, -3.86172022670011E+01,  1.03690000000001E+02,  2.37615942754796E+02,  1.40300024752731E+03
 1.92808333300000E+03,  2.47927094123604E-01,  5.38500000000000E-01, -3.86615337611711E+01,  1.03870000000001E+02,  3.91181079787918E+02,  6.78039633873466E+02
 1.92816666700000E+03,  2.13055485501435E-01,  3.48500000000000E-01, -3.87055585169829E+01,  1.04050000000001E+02,  4.14229520163287E+02,  5.98702959271762E+02
 1.92825000000000E+03,  2.00554262180985E-01,  2.84000000000000E-01, -3.87492727188318E+01,  1.04230000000001E+02,  5.45167828984333E+02,  5.74504627285458E+02
 1.92833333300000E+03,  2.38558599121551E-01,  2.55250000000000E-01, -3.87926725836216E+01,  1.04410000000001E+02,  5.52192449185215E+02,  7.57261414039551E+02
 1.92841666700000E+03,  3.27086746035558E-01,  1.65250000000000E-01, -3.88357543611972E+01,  1.04590000000001E+02,  5.32322438160087E+02,  7.03975770529356E+02
 1.92850000000000E+03,  4.43552630745103E-01,  7.47500000000000E-02, -3.88785143347734E+01,  1.04770000000001E+02,  4.98325228507447E+02,  8.44259379674894E+02
 1.92858333300000E+03,  4.52280006089468E-01, -6.05000000000000E-02, -3.89209488213598E+01,  1.04950000000001E+02,  5.77167696960999E+02,  8.62107689750179E+02
 1.92866666700000E+03,  3.41243730338017E-01, -1.65750000000000E-01, -3.72319270618502E+01,  1.05130000000001E+02,  4.55085666358562E+02,  7.69918894322216E+02
 1.92875000000000E+03,  3.24412845303638E-01, -1.15250000000000E-01, -3.72833094883973E+01,  1.05310000000001E+02,  4.79294196559723E+02,  6.33767067073715E+02
 1.92883333300000E+03,  3.80753895162979E-01, -4.67500000000000E-02, -3.73345065015017E+01,  1.05490000000001E+02,  4.86610672386134E+02,  5.80558153985717E+02
 1.92891666700000E+03,  3.73841057890909E-01, -7.82500000000000E-02, -3.73855135543671E+01,  1.05670000000001E+02,  2.62257850821989E+02,  5.00319905200886E+02
 1.92900000000000E+03,  3.07446811585278E-01, -9.67500000000000E-02, -3.74363261186654E+01,  1.05850000000002E+02,  1.25796413988618E+02,  3.96429163728000E+02
 1.92908333300000E+03,  2.23444987437938E-01, -2.55000000000000E-02, -3.74869396850692E+01,  1.06030000000002E+02,  1.52597528792658E+02,  3.35559588669799E+02
 1.92916666700000E+03,  1.73567825886602E-01,  7.95000000000000E-02, -3.75373497637821E+01,  1.06210000000002E+02,  2.42705034232576E+02,  2.85781876348584E+02
 1.92925000000000E+03,  1.83551461550564E-01,  1.85500000000000E-01, -3.75875518850662E+01,  1.06390000000002E+02,  2.29123987287759E+02,  2.58128924264230E+02
 1.92933333300000E+03,  2.33875362691716E-01,  2.34750000000000E-01, -3.76375415997665E+01,  1.06570000000002E+02,  3.91970043287485E+02,  2.67758900541184E+02
 1.92941666700000E+03,  2.71636890367866E-01,  2.47000000000000E-01, -3.76873144798338E+01,  1.06750000000002E+02,  3.85254480298049E+02,  2.67979324340858E+02
 1.92950000000000E+03,  2.45902295786332E-01,  2.78000000000000E-01, -3.77368661188429E+01,  1.06930000000002E+02,  3.82567708994692E+02,  2.96416925156950E+02
 1.92958333300000E+03,  2.52443114742187E-01,  3.62500000000000E-01, -3.77861921325101E+01,  1.07110000000002E+02,  2.55291768676209E+02,  3.87418151152717E+02
 1.92966666700000E+03,  3.94654077617185E-01,  4.55750000000000E-01, -2.96413225010062E+01,  1.07290000000002E+02,  2.68820903118803E+02,  4.10427728507741E+02
 1.92975000000000E+03,  5.61850507071952E-01,  4.24250000000000E-01, -2.96950756867516E+01,  1.07470000000002E+02,  1.52906477782901E+02,  3.40618496887720E+02
 1.92983333300000E+03,  6.63372324630894E-01,  4.78250000000000E-01, -2.97488860133064E+01,  1.07650000000002E+02,  1.37175035472724E+02,  2.45321536019786E+02
 1.92991666700000E+03,  6.72928995621638E-01,  6.24250000000000E-01, -2.98027489372005E+01,  1.07830000000002E+02,  1.09968523904372E+02,  2.39359294224952E+02
 1.93000000000000E+03,  5.59801460698907E-01,  5.75000000000000E-01, -2.98566599052324E+01,  1.08010000000002E+02,  1.86863568789801E+02,  1.26277720689918E+02
 1.93008333300000E+03,  3.63679099254355E-01,  5.04750000000000E-01, -2.99106143549881E+01,  1.08190000000002E+02,  1.99690397524120E+02,  1.63090248886791E+02
 1.93016666700000E+03,  1.63141629328109E-01,  5.34000000000000E-01, -2.99646077153600E+01,  1.08370000000002E+02,  2.10423265997912E+02,  1.98901241943536E+02
 1.93025000000000E+03,  1.83880362970846E-02,  4.14000000000000E-01, -3.00186354070677E+01,  1.08550000000002E+02,  2.90695811944578E+02,  4.27664539944259E+02
 1.93033333300000E+03, -7.29722384610961E-02,  2.83250000000000E-01, -3.00726928431804E+01,  1.08730000000002E+02,  4.48279342590432E+02,  4.50148043485358E+02
 1.93041666700000E+03, -1.75037975025746E-01,  4.48250000000000E-01, -3.01267754296397E+01,  1.08910000000002E+02,  3.91748417257321E+02,  6.50695024382860E+02
 1.93050000000000E+03, -3.66367166130086E-01,  6.77500000000000E-01, -3.01808785657841E+01,  1.09090000000002E+02,  3.57292462029686E+02,  6.34074274506894E+02
 1.93058333300000E+03, -2.39921714125502E-01,  8.74750000000000E-01, -3.02349976448745E+01,  1.09270000000002E+02,  3.00722395928887E+02,  5.84578556510894E+02
 1.93066666700000E+03,  4.30903056707021E-01,  1.13950000000000E+00, -2.51196033288072E+01,  1.09450000000002E+02,  2.61855089408691E+02,  3.78812083282985E+02
 1.93075000000000E+03,  1.03099527414786E+00,  1.41550000000000E+00, -2.50982247668782E+01,  1.09630000000002E+02,  1.84660287301451E+02,  4.54138304669159E+02
 1.93083333300000E+03,  1.38784750680055E+00,  1.62825000000000E+00, -2.50770305158709E+01,  1.09810000000002E+02,  3.15869532623120E+02,  3.39074185406082E+02
 1.93091666700000E+03,  1.65939550421635E+00,  1.65675000000000E+00, -2.50560237107367E+01,  1.09990000000002E+02,  3.10066171375374E+02,  3.36992957251089E+02
 1.93100000000000E+03,  1.74134291103438E+00,  1.68900000000000E+00, -2.50352074824002E+01,  1.10170000000002E+02,  3.99998675986862E+02,  5.00825810403867E+02
 1.93108333300000E+03,  1.61498035225358E+00,  1.77900000000000E+00, -2.50145849572758E+01,  1.10350000000002E+02,  5.13051259212928E+02,  7.18128711402846E+02
 1.93116666700000E+03,  1.34833295017078E+00,  1.64625000000000E+00, -2.49941592567836E+01,  1.10530000000002E+02,  4.47385359646752E+02,  6.30506908338009E+02
 1.93125000000000E+03,  1.04716014165064E+00,  1.31975000000000E+00, -2.49739334968655E+01,  1.10710000000002E+02,  4.49245168976923E+02,  5.93574771752303E+02
 1.93133333300000E+03,  7.90472700127142E-01,  1.00800000000000E+00, -2.49539107875019E+01,  1.10890000000002E+02,  4.83590401899734E+02,  6.38495828687837E+02
 1.93141666700000E+03,  5.93212838826368E-01,  8.35000000000000E-01, -2.49340942322273E+01,  1.11070000000002E+02,  5.59045670397408E+02,  8.87866924055962E+02
 1.93150000000000E+03,  4.16652060882489E-01,  6.82750000000000E-01, -2.49144869276473E+01,  1.11250000000002E+02,  4.89889898699190E+02,  9.86825054716193E+02
 1.93158333300000E+03,  2.70408416031220E-01,  4.13000000000000E-01, -2.48950919629548E+01,  1.11430000000002E+02,  7.28203532748546E+02,  1.31846579352661E+03
 1.93166666700000E+03,  2.70974606648451E-01,  2.27500000000000E-01, -4.02044970169887E+01,  1.11610000000002E+02,  5.98813002916972E+02,  1.27921262675444E+03
 1.93175000000000E+03,  4.54174676820509E-01,  1.82250000000000E-01, -4.02326323729674E+01,  1.11790000000002E+02,  6.44819123253403E+02,  1.21290088240660E+03
 1.93183333300000E+03,  6.99130691871697E-01,  9.12500000000000E-02, -4.02603309709110E+01,  1.11970000000002E+02,  5.22464351731345E+02,  8.42290383485870E+02
 1.93191666700000E+03,  9.07144916341495E-01, -4.25000000000000E-03, -4.02875907244152E+01,  1.12150000000002E+02,  4.61376253899185E+02,  5.56663747952848E+02
 1.93200000000000E+03,  1.04315545096961E+00,  1.72500000000000E-02, -4.03144095935976E+01,  1.12330000000002E+02,  2.46195530243636E+02,  4.66251192999851E+02
 1.93208333300000E+03,  1.08995758197359E+00,  1.98000000000000E-01, -4.03407855852975E+01,  1.12510000000002E+02,  4.06633436077140E+02,  7.39013991220634E+02
 1.93216666700000E+03,  1.05157698873196E+00,  4.33000000000000E-01, -4.03667167532690E+01,  1.12690000000002E+02,  5.67699866437869E+02,  9.13414725253236E+02
 1.93225000000000E+03,  9.42561644944415E-01,  5.02250000000000E-01, -4.03922011983679E+01,  1.12870000000002E+02,  5.23486114291432E+02,  8.89904643917728E+02
 1.93233333300000E+03,  7.75076477535335E-01,  4.43000000000000E-01, -4.04172370687324E+01,  1.13050000000002E+02,  5.25735224595108E+02,  9.66153538155803E+02
 1.93241666700000E+03,  5.56624946732631E-01,  3.69750000000000E-01, -4.04418225599571E+01,  1.13230000000002E+02,  5.17013326945470E+02,  9.36939063856763E+02
 1.93250000000000E+03,  2.99316434977808E-01,  3.27750000000000E-01, -4.04659559152616E+01,  1.13410000000002E+02,  3.23362874171582E+02,  6.79736834402481E+02
 1.93258333300000E+03,  2.10695596193236E-02,  3.00000000000000E-01, -4.04896354256513E+01,  1.13590000000002E+02,  2.76065687322790E+02,  6.73374671764424E+02
 1.93266666700000E+03, -1.85016122814052E-01,  2.14250000000000E-01, -4.18741750183812E+01,  1.13770000000002E+02,  4.31317735253808E+02,  8.20921364703507E+02
 1.93275000000000E+03, -2.05319512814183E-01,  1.74750000000000E-01, -4.19269264984563E+01,  1.13950000000002E+02,  4.39346074118893E+02,  7.08032623122729E+02
 1.93283333300000E+03, -8.36264603820360E-02,  1.47000000000000E-01, -4.19795038020240E+01,  1.14130000000002E+02,  4.25213986598198E+02,  4.64650430211477E+02
 1.93291666700000E+03,  5.95575107111576E-02,  5.37500000000000E-02, -4.20319021189226E+01,  1.14310000000002E+02,  6.23536327790010E+02,  8.68469948177681E+02
 1.93300000000000E+03,  1.36787534673674E-01, -2.62500000000000E-02, -4.20841166565456E+01,  1.14490000000002E+02,  5.20694869053793E+02,  1.21834235530293E+03
 1.93308333300000E+03,  9.73569692027000E-02, -7.97500000000000E-02, -4.21361426404226E+01,  1.14670000000002E+02,  4.34791361644392E+02,  1.41290938743041E+03
 1.93316666700000E+03, -4.74251371453282E-02, -8.27500000000000E-02, -4.21879753147980E+01,  1.14850000000002E+02,  4.04695428487234E+02,  1.65874972766769E+03
 1.93325000000000E+03, -2.39214496553162E-01, -1.21000000000000E-01, -4.22396099432067E+01,  1.15030000000002E+02,  9.77679165806880E+02,  2.14004939848554E+03
 1.93333333300000E+03, -4.12387854258774E-01, -3.59250000000000E-01, -4.22910418090479E+01,  1.15210000000002E+02,  1.19806879563244E+03,  1.84647444866499E+03
 1.93341666700000E+03, -5.29920483568028E-01, -6.61250000000000E-01, -4.23422662161552E+01,  1.15390000000002E+02,  1.15717154063387E+03,  1.38272477508088E+03
 1.93350000000000E+03, -5.95486910317718E-01, -8.32500000000000E-01, -4.23932784893653E+01,  1.15570000000002E+02,  1.27413398657852E+03,  1.20668938986052E+03
 1.93358333300000E+03, -4.07601511352093E-01, -8.88250000000000E-01, -4.24440739750821E+01,  1.15750000000002E+02,  1.68844356044702E+03,  1.03813639016882E+03
 1.93366666700000E+03, -8.12505625024520E-02, -8.97500000000000E-01, -4.15242553408191E+01,  1.15930000000002E+02,  1.54979756769664E+03,  1.26608653121732E+03
 1.93375000000000E+03, -1.12017579879006E-01, -8.24500000000000E-01, -4.14806714479665E+01,  1.16110000000002E+02,  1.13425825918720E+03,  1.17307624246583E+03
 1.93383333300000E+03, -2.95877337462557E-01, -6.83500000000000E-01, -4.14370882677889E+01,  1.16290000000002E+02,  1.20632713719287E+03,  1.20342820648651E+03
 1.93391666700000E+03, -3.01865482244990E-01, -5.59000000000000E-01, -4.13935093396574E+01,  1.16470000000002E+02,  1.27509463612356E+03,  1.11854246222318E+03
 1.93400000000000E+03, -2.23818995922984E-01, -3.84500000000000E-01, -4.13499381805996E+01,  1.16650000000002E+02,  1.19821997791119E+03,  1.74516357484863E+03
 1.93408333300000E+03, -1.50496281219420E-01, -2.05250000000000E-01, -4.13063782848589E+01,  1.16830000000002E+02,  7.62428448720253E+02,  1.19246787961293E+03
 1.93416666700000E+03, -1.22435597850559E-01, -2.75000000000000E-03, -4.12628331234594E+01,  1.17010000000002E+02,  9.58834801223717E+02,  1.50628749704316E+03
 1.93425000000000E+03, -1.28513459772794E-01,  1.36750000000000E-01, -4.12193061437734E+01,  1.17190000000002E+02,  1.25448705962185E+03,  1.76635995849111E+03
 1.93433333300000E+03, -1.33195813695173E-01,  3.87500000000000E-02, -4.11758007690950E+01,  1.17370000000002E+02,  1.46568432354935E+03,  2.08343539983171E+03
 1.93441666700000E+03, -1.09121273716613E-01, -1.52750000000000E-01, -4.11323203982172E+01,  1.17550000000002E+02,  1.14309129857898E+03,  1.36493729420224E+03
 1.93450000000000E+03, -5.45365857160367E-02, -2.39750000000000E-01, -4.10888684050136E+01,  1.17730000000002E+02,  1.28106079388384E+03,  1.32690159854010E+03
 1.93458333300000E+03,  9.57650519700571E-02, -1.27500000000000E-01, -4.10454481380255E+01,  1.17910000000002E+02,  1.34436651339993E+03,  1.34527153289192E+03
 1.93466666700000E+03,  2.30512406963397E-01,  3.80000000000000E-02, -4.11266917616437E+01,  1.18090000000002E+02,  9.33560773600966E+02,  1.32178256754562E+03
 1.93475000000000E+03,  1.22200295556090E-01,  1.77750000000000E-01, -4.10832436887400E+01,  1.18270000000002E+02,  4.77054568264155E+02,  9.06643040788295E+02
 1.93483333300000E+03, -4.84434799151078E-02,  2.38750000000000E-01, -4.10398277738086E+01,  1.18450000000002E+02,  7.24433292582998E+02,  1.24366351927878E+03
 1.93491666700000E+03, -5.46413641383540E-02,  6.07500000000000E-02, -4.09964473362862E+01,  1.18630000000002E+02,  6.45312189399578E+02,  1.60385857976650E+03
 1.93500000000000E+03,  7.82824258030926E-02, -1.84500000000000E-01, -4.09531056694119E+01,  1.18810000000002E+02,  3.96884155667674E+02,  1.22693104210802E+03
 1.93508333300000E+03,  2.82181113641273E-01, -2.35500000000000E-01, -4.09098060398288E+01,  1.18990000000002E+02,  4.18031580524980E+02,  9.70960641048394E+02
 1.93516666700000E+03,  4.72818159165220E-01, -1.43750000000000E-01, -4.08665516871904E+01,  1.19170000000002E+02,  5.74306516541848E+02,  1.31609790264467E+03
 1.93525000000000E+03,  5.74077551174796E-01, -7.05000000000000E-02, -4.08233458237710E+01,  1.19350000000002E+02,  3.40343116671818E+02,  1.00043964385340E+03
 1.93533333300000E+03,  5.38173521941134E-01, -2.75000000000000E-02, -4.07801916340828E+01,  1.19530000000002E+02,  3.16350790878914E+02,  5.52463604736407E+02
 1.93541666700000E+03,  3.62425592259194E-01, -8.82500000000000E-02, -4.07370922744962E+01,  1.19710000000002E+02,  3.21123852830739E+02,  6.24300668208879E+02
 1.93550000000000E+03,  9.69272609852760E-02, -1.05000000000000E-01, -4.06940508728664E+01,  1.19890000000002E+02,  3.89917417900614E+02,  8.02787569367782E+02
 1.93558333300000E+03,  7.60705208195909E-02,  1.23750000000000E-01, -4.06510705281645E+01,  1.20070000000002E+02,  2.32857505268994E+02,  5.24743134929727E+02
 1.93566666700000E+03,  3.85559649120453E-01,  2.92500000000000E-01, -4.09945457323370E+01,  1.20250000000002E+02,  2.79430108457281E+02,  6.96004768149817E+02
 1.93575000000000E+03,  5.53050045327214E-01,  3.84500000000000E-01, -4.09732234779072E+01,  1.20430000000002E+02,  2.26642709554641E+02,  7.35975959219400E+02
 1.93583333300000E+03,  5.38080158810611E-01,  4.83000000000000E-01, -4.09520456664690E+01,  1.20610000000002E+02,  4.05703862705851E+02,  8.76116648873324E+02
 1.93591666700000E+03,  5.59444953880896E-01,  5.40000000000000E-01, -4.09310104681134E+01,  1.20790000000002E+02,  3.45165124201788E+02,  7.83227555425229E+02
 1.93600000000000E+03,  6.01514477108196E-01,  6.53250000000000E-01, -4.09101160306219E+01,  1.20970000000002E+02,  4.34897269467761E+02,  8.50498792041812E+02
 1.93608333300000E+03,  6.35281342278814E-01,  6.30750000000000E-01, -4.08893604799258E+01,  1.21150000000002E+02,  4.02425552944738E+02,  7.17091636911377E+02
 1.93616666700000E+03,  6.29187423461956E-01,  5.54500000000000E-01, -4.08687419205696E+01,  1.21330000000002E+02,  4.60595709143861E+02,  7.61238663463766E+02
 1.93625000000000E+03,  5.54458771012251E-01,  6.28250000000000E-01, -4.08482584361771E+01,  1.21510000000002E+02,  3.44663687999987E+02,  8.04159580216265E+02
 1.93633333300000E+03,  3.90428695994759E-01,  5.53750000000000E-01, -4.08279080899206E+01,  1.21690000000002E+02,  6.47818430300058E+02,  1.17797274437015E+03
 1.93641666700000E+03,  1.35572961438791E-01,  3.70750000000000E-01, -4.08076889249940E+01,  1.21870000000002E+02,  6.35069543573985E+02,  1.23112460222293E+03
 1.93650000000000E+03, -1.79931982584348E-01,  2.57500000000000E-01, -4.07875989650879E+01,  1.22050000000002E+02,  9.13488574732060E+02,  1.94251652020404E+03
 1.93658333300000E+03, -2.26679192454574E-01,  8.47500000000000E-02, -4.07676362148684E+01,  1.22230000000002E+02,  8.75523093037886E+02,  2.16896495914336E+03
 1.93666666700000E+03,  9.68288819430811E-02,  1.33500000000000E-01, -4.43214139781450E+01,  1.22410000000002E+02,  9.13969743419834E+02,  1.96337470878136E+03
 1.93675000000000E+03,  3.05716929659264E-01,  3.99500000000000E-01, -4.43044184679794E+01,  1.22590000000002E+02,  5.93700836048759E+02,  1.54970355881739E+03
 1.93683333300000E+03,  3.23164496708482E-01,  5.90750000000000E-01, -4.42873813625815E+01,  1.22770000000002E+02,  7.64386642386273E+02,  1.53182018468501E+03
 1.93691666700000E+03,  3.41076837349027E-01,  6.07750000000000E-01, -4.42703006429412E+01,  1.22950000000002E+02,  9.53409510817571E+02,  1.08436732407523E+03
 1.93700000000000E+03,  3.37081731343310E-01,  4.33000000000000E-01, -4.42531743112992E+01,  1.23130000000002E+02,  1.10802353820808E+03,  9.72411950079748E+02
 1.93708333300000E+03,  3.00197716268472E-01,  4.23500000000000E-01, -4.42360003916202E+01,  1.23310000000002E+02,  1.29000452352608E+03,  9.88141832187857E+02
 1.93716666700000E+03,  2.34072125603068E-01,  4.49500000000000E-01, -4.42187769300619E+01,  1.23490000000002E+02,  1.54448669566051E+03,  9.08357217522777E+02
 1.93725000000000E+03,  1.47008075235616E-01,  1.86750000000000E-01, -4.42015019954402E+01,  1.23670000000002E+02,  1.31822953034701E+03,  8.65765551370104E+02
 1.93733333300000E+03,  4.04553594634217E-02, -2.95000000000000E-02, -4.41841736796890E+01,  1.23850000000002E+02,  8.19699609200398E+02,  5.90500730965592E+02
 1.93741666700000E+03, -9.14827615345418E-02,  7.27500000000000E-02, -4.41667900983176E+01,  1.24030000000002E+02,  1.02936703728388E+03,  7.27311279942513E+02
 1.93750000000000E+03, -2.50893079381619E-01,  8.85000000000000E-02, -4.41493493908616E+01,  1.24210000000002E+02,  7.31372514323220E+02,  6.39520348397212E+02
 1.93758333300000E+03, -3.23059153103192E-01, -3.57500000000000E-02, -4.41318497213307E+01,  1.24390000000002E+02,  4.55566938225940E+02,  5.98744112229974E+02
 1.93766666700000E+03, -2.52262373728514E-01,  9.00000000000000E-03, -5.06252550898832E+01,  1.24570000000002E+02,  5.47144681056036E+02,  6.30115983434923E+02
 1.93775000000000E+03, -1.96276515624258E-01,  8.57500000000000E-02, -5.06349567438694E+01,  1.24750000000002E+02,  6.48623348796924E+02,  7.54994310672298E+02
 1.93783333300000E+03, -1.94376911904982E-01,  1.60000000000000E-01, -5.06441474952305E+01,  1.24930000000002E+02,  3.62920913545417E+02,  3.96053749910609E+02
 1.93791666700000E+03, -1.96068685584627E-01,  7.02500000000000E-02, -5.06528272089437E+01,  1.25110000000002E+02,  3.61294015589041E+02,  4.36143417864017E+02
 1.93800000000000E+03, -2.19767083303585E-01, -1.71250000000000E-01, -5.06609958054256E+01,  1.25290000000002E+02,  3.96175531699668E+02,  5.27467589357294E+02
 1.93808333300000E+03, -2.71954410642353E-01, -2.73750000000000E-01, -5.06686532604619E+01,  1.25470000000002E+02,  4.02749727330649E+02,  3.63504884386166E+02
 1.93816666700000E+03, -3.44443696365143E-01, -3.34000000000000E-01, -5.06757996051285E+01,  1.25650000000002E+02,  2.96691497484431E+02,  1.87550619935061E+02
 1.93825000000000E+03, -4.24842177334308E-01, -4.73250000000000E-01, -5.06824349257057E+01,  1.25830000000002E+02,  2.51674204114383E+02,  5.20508694483120E+02
 1.93833333300000E+03, -5.08494064473131E-01, -6.71000000000000E-01, -5.06885593635839E+01,  1.26010000000002E+02,  4.33935228419431E+02,  7.80923503795620E+02
 1.93841666700000E+03, -5.99313864964637E-01, -8.73500000000000E-01, -5.06941731151623E+01,  1.26190000000002E+02,  4.93994173461294E+02,  9.82086344487659E+02
 1.93850000000000E+03, -6.98850898266337E-01, -9.80500000000000E-01, -5.06992764317398E+01,  1.26370000000002E+02,  5.21697263062965E+02,  1.41260528338161E+03
 1.93858333300000E+03, -5.27224382701034E-01, -8.33750000000000E-01, -5.07038696193979E+01,  1.26550000000002E+02,  7.05485074627029E+02,  1.69953040972269E+03
 1.93866666700000E+03, -6.22862094429242E-02, -5.77500000000000E-01, -3.86053168460626E+01,  1.26730000000002E+02,  6.72783691145500E+02,  1.51859035697948E+03
 1.93875000000000E+03,  1.69850792700380E-01, -5.23000000000000E-01, -3.85848005161097E+01,  1.26910000000002E+02,  6.25616186049742E+02,  1.47664419949388E+03
 1.93883333300000E+03,  1.55405129040295E-01, -5.46500000000000E-01, -3.85641799461225E+01,  1.27090000000002E+02,  6.16976298758695E+02,  1.17787396993300E+03
 1.93891666700000E+03,  1.40180417446898E-01, -4.42500000000000E-01, -3.85434546041072E+01,  1.27270000000002E+02,  1.13952991113190E+03,  1.56238182004091E+03
 1.93900000000000E+03,  1.06606312289562E-01, -3.63000000000000E-01, -3.85226239940658E+01,  1.27450000000002E+02,  9.88633441524654E+02,  1.38840868780241E+03
 1.93908333300000E+03,  4.93573113041021E-02, -4.95000000000000E-01, -3.85016876561829E+01,  1.27630000000002E+02,  1.02651885222127E+03,  1.23054021212985E+03
 1.93916666700000E+03, -2.21192467288478E-02, -4.88250000000000E-01, -3.84806451670074E+01,  1.27810000000002E+02,  1.02113255629160E+03,  9.73185079895559E+02
 1.93925000000000E+03, -9.43316187311529E-02, -1.83250000000000E-01, -3.84594961396262E+01,  1.27990000000002E+02,  1.07091101147990E+03,  1.06648127186771E+03
 1.93933333300000E+03, -1.61980232792412E-01,  7.17500000000000E-02, -3.84382402238329E+01,  1.28170000000002E+02,  8.53077749460205E+02,  5.96632694790544E+02
 1.93941666700000E+03, -2.29079237054560E-01,  2.03500000000000E-01, -3.84168771062885E+01,  1.28350000000002E+02,  8.44968078405031E+02,  5.79323886573691E+02
 1.93950000000000E+03, -2.98265695920046E-01,  2.08250000000000E-01, -3.83954065106772E+01,  1.28530000000002E+02,  1.35689149243970E+03,  2.44150887850299E+03
 1.93958333300000E+03, -2.30211109930720E-02,  1.52500000000000E-01, -3.83738281978541E+01,  1.28710000000002E+02,  1.38489336546245E+03,  3.38564299247483E+03
 1.93966666700000E+03,  6.08502128667078E-01, -2.50000000000000E-03, -3.87028144585545E+01,  1.28890000000002E+02,  1.26865455438523E+03,  3.28895429124084E+03
 1.93975000000000E+03,  9.21877418108820E-01, -1.31750000000000E-01, -3.87036431865235E+01,  1.29070000000002E+02,  8.81969640864862E+02,  2.97536282601446E+03
 1.93983333300000E+03,  9.08068053548616E-01,  1.39000000000000E-01, -3.87048846092699E+01,  1.29250000000002E+02,  1.05337817849093E+03,  3.28526786550820E+03
 1.93991666700000E+03,  8.88433950926699E-01,  6.51000000000000E-01, -3.87065404541974E+01,  1.29430000000002E+02,  6.80188742873009E+02,  2.23997270677611E+03
 1.94000000000000E+03,  8.46031757351792E-01,  1.18025000000000E+00, -3.87086124054945E+01,  1.29610000000002E+02,  5.49554518845828E+02,  1.54090848529564E+03
 1.94008333300000E+03,  7.76373404094657E-01,  1.45475000000000E+00, -3.87111021037632E+01,  1.29790000000002E+02,  9.01471964855692E+02,  1.97538868997021E+03
 1.94016666700000E+03,  6.89889762516265E-01,  1.31875000000000E+00, -3.87140111456546E+01,  1.29970000000002E+02,  9.25539943010099E+02,  2.13982344537322E+03
 1.94025000000000E+03,  6.01129296347363E-01,  1.01500000000000E+00, -3.87173410835094E+01,  1.30150000000002E+02,  7.45964669147943E+02,  1.82928105859797E+03
 1.94033333300000E+03,  5.16444311278732E-01,  8.49750000000000E-01, -3.87210934250059E+01,  1.30330000000002E+02,  7.35098634686614E+02,  1.04650955967764E+03
 1.94041666700000E+03,  4.32793353711994E-01,  7.42500000000000E-01, -3.87252696328133E+01,  1.30510000000002E+02,  7.52543263836011E+02,  8.07153779883010E+02
 1.94050000000000E+03,  3.48363151561596E-01,  6.02750000000000E-01, -3.87298711242515E+01,  1.30690000000002E+02,  4.26873771274812E+02,  5.08653693027192E+02
 1.94058333300000E+03,  4.60142988018822E-01,  5.95250000000000E-01, -3.87348992709577E+01,  1.30870000000002E+02,  3.92031337796428E+02,  3.99881704543915E+02
 1.94066666700000E+03,  7.88368058999893E-01,  6.01000000000000E-01, -4.34298376561663E+01,  1.31050000000002E+02,  4.66200949877950E+02,  4.64200056648708E+02
 1.94075000000000E+03,  9.66826256480421E-01,  7.39250000000000E-01, -4.34090257704585E+01,  1.31230000000002E+02,  3.78450076792865E+02,  6.26501421452119E+02
 1.94083333300000E+03,  9.77980330528029E-01,  1.10625000000000E+00, -4.33881066371557E+01,  1.31410000000002E+02,  3.37679644459090E+02,  6.82173246912740E+02
 1.94091666700000E+03,  9.84674366735585E-01,  1.44500000000000E+00, -4.33670797036447E+01,  1.31590000000002E+02,  2.86496662775409E+02,  7.20710000618770E+02
 1.94100000000000E+03,  9.69731982537260E-01,  1.57425000000000E+00, -4.33459444554032E+01,  1.31770000000002E+02,  3.33420303546615E+02,  6.34824857190419E+02
 1.94108333300000E+03,  9.28306586081521E-01,  1.59850000000000E+00, -4.33247004162002E+01,  1.31950000000002E+02,  2.65368154521682E+02,  6.33815784681698E+02
 1.94116666700000E+03,  8.70356269236505E-01,  1.62575000000000E+00, -4.33033471482898E+01,  1.32130000000002E+02,  1.68878693294861E+02,  4.83348106554003E+02
 1.94125000000000E+03,  8.09862720060073E-01,  1.59100000000000E+00, -4.32818842525974E+01,  1.32310000000003E+02,  1.81661661989869E+02,  4.96199853841742E+02
 1.94133333300000E+03,  7.52546635360971E-01,  1.42750000000000E+00, -4.32603113688993E+01,  1.32490000000003E+02,  3.47375064501461E+02,  6.31776861278192E+02
 1.94141666700000E+03,  6.94707445731368E-01,  1.19750000000000E+00, -4.32386281759954E+01,  1.32670000000003E+02,  2.43076097975831E+02,  8.88798073633647E+02
 1.94150000000000E+03,  6.33889269208769E-01,  1.16250000000000E+00, -4.32168343918739E+01,  1.32850000000003E+02,  2.41915163748392E+02,  7.29771479492556E+02
 1.94158333300000E+03,  6.40225557777051E-01,  1.22225000000000E+00, -4.31949297738698E+01,  1.33030000000003E+02,  2.46181963421690E+02,  8.18728244271345E+02
 1.94166666700000E+03,  7.12327198144584E-01,  1.14800000000000E+00, -3.93959325958973E+01,  1.33210000000003E+02,  2.34813933743723E+02,  7.43428752018694E+02
 1.94175000000000E+03,  7.15121570829718E-01,  1.07950000000000E+00, -3.93756321990454E+01,  1.33390000000003E+02,  9.08165438442738E+01,  6.40540794726274E+02
 1.94183333300000E+03,  6.53815860921951E-01,  1.11850000000000E+00, -3.93555657301385E+01,  1.33570000000003E+02,  1.09966289424410E+02,  4.76647128607596E+02
 1.94191666700000E+03,  5.90913651104060E-01,  1.09700000000000E+00, -3.93357366863167E+01,  1.33750000000003E+02,  1.36490320860339E+02,  5.36347799816141E+02
 1.94200000000000E+03,  5.15182199616591E-01,  8.38250000000000E-01, -3.93161485543209E+01,  1.33930000000003E+02,  1.68368607242935E+02,  4.15842460907103E+02
 1.94208333300000E+03,  4.26888230193431E-01,  5.34500000000000E-01, -3.92968048098957E+01,  1.34110000000003E+02,  3.17265868557333E+02,  5.51198697471299E+02
 1.94216666700000E+03,  3.39962226700875E-01,  4.30250000000000E-01, -3.92777089171922E+01,  1.34290000000003E+02,  4.46279361139629E+02,  5.94983034097409E+02
 1.94225000000000E+03,  2.71010456231817E-01,  3.16500000000000E-01, -3.92588643281737E+01,  1.34470000000003E+02,  4.28563487664095E+02,  5.27459275898986E+02
 1.94233333300000E+03,  2.26930675591372E-01, -4.24999999999999E-03, -3.92402744820199E+01,  1.34650000000003E+02,  4.53350037856808E+02,  6.05132331469534E+02
 1.94241666700000E+03,  2.03754546575501E-01, -3.11500000000000E-01, -3.92219428045344E+01,  1.34830000000003E+02,  5.06004314436400E+02,  6.42211053759267E+02
 1.94250000000000E+03,  1.97407479456169E-01, -5.11750000000000E-01, -3.92038727075514E+01,  1.35010000000003E+02,  3.60457414987818E+02,  5.63978709339688E+02
 1.94258333300000E+03,  2.18902834414357E-01, -7.11750000000000E-01, -3.91860675883449E+01,  1.35190000000003E+02,  2.25471740873012E+02,  3.35071405936766E+02
 1.94266666700000E+03,  2.14594085680355E-01, -8.67750000000000E-01, -3.91735457667341E+01,  1.35370000000003E+02,  2.72831427595999E+02,  3.45909813103436E+02
 1.94275000000000E+03,  1.17194100829558E-01, -9.43000000000000E-01, -3.91941524808434E+01,  1.35550000000003E+02,  3.49316084985726E+02,  5.60288895983164E+02
 1.94283333300000E+03, -5.70556219259284E-03, -9.57500000000000E-01, -3.92152023777328E+01,  1.35730000000003E+02,  2.73693695905559E+02,  5.16085270476689E+02
 1.94291666700000E+03, -8.95194223330936E-02, -9.32500000000000E-01, -3.92366949479354E+01,  1.35910000000003E+02,  3.44776559795053E+02,  7.40506861447428E+02
 1.94300000000000E+03, -1.43738648967549E-01, -8.52750000000000E-01, -3.92586296287766E+01,  1.36090000000003E+02,  4.62150601716587E+02,  9.66391979605170E+02
 1.94308333300000E+03, -1.70024674703682E-01, -7.26250000000000E-01, -3.92810058043250E+01,  1.36270000000003E+02,  6.07850531171665E+02,  1.07067831698455E+03
 1.94316666700000E+03, -1.60179632337622E-01, -5.78500000000000E-01, -3.93038228053504E+01,  1.36450000000003E+02,  5.09065609522903E+02,  1.26407460101640E+03
 1.94325000000000E+03, -1.06908063301736E-01, -4.11750000000000E-01, -3.93270799092903E+01,  1.36630000000003E+02,  5.31457743163499E+02,  1.32539928843674E+03
 1.94333333300000E+03, -1.55784419677052E-02, -3.06000000000000E-01, -3.93507763402238E+01,  1.36810000000003E+02,  5.85284509572603E+02,  1.30598794562451E+03
 1.94341666700000E+03,  9.56365765281831E-02, -2.77500000000000E-01, -3.93749112688535E+01,  1.36990000000003E+02,  4.79710498233226E+02,  1.14622825898899E+03
 1.94350000000000E+03,  2.07882393906846E-01, -3.09750000000000E-01, -3.93994838124952E+01,  1.37170000000003E+02,  4.59583881886505E+02,  1.15477486765028E+03
 1.94358333300000E+03,  3.22719238728896E-01, -3.89000000000000E-01, -3.94244930350752E+01,  1.37350000000003E+02,  6.30340287033797E+02,  7.74821925929705E+02
 1.94366666700000E+03,  3.21545190189829E-01, -3.91750000000000E-01, -5.12793935230938E+01,  1.37530000000003E+02,  6.62270193987442E+02,  7.46248514828035E+02
 1.94375000000000E+03,  6.83096252564337E-02, -3.70750000000000E-01, -5.12345762359685E+01,  1.37710000000003E+02,  5.96806842198814E+02,  4.95074186476705E+02
 1.94383333300000E+03, -2.98992629666289E-01, -4.59250000000000E-01, -5.11897507297209E+01,  1.37890000000003E+02,  5.91126351686146E+02,  4.64788247204514E+02
 1.94391666700000E+03, -6.05410992686531E-01, -4.78500000000000E-01, -5.11449209114389E+01,  1.38070000000003E+02,  7.76292893247655E+02,  4.98044365225208E+02
 1.94400000000000E+03, -8.01619742686729E-01, -3.13000000000000E-01, -5.11000906643795E+01,  1.38250000000003E+02,  6.15806462266526E+02,  3.86486164869398E+02
 1.94408333300000E+03, -8.57341293256515E-01, -2.04500000000000E-01, -5.10552638474500E+01,  1.38430000000003E+02,  6.33042021293426E+02,  5.66687915107724E+02
 1.94416666700000E+03, -7.69450905619434E-01, -1.77250000000000E-01, -5.10104442946951E+01,  1.38610000000003E+02,  5.60209305291718E+02,  7.40270987805954E+02
 1.94425000000000E+03, -5.69319375184964E-01, -1.53750000000000E-01, -5.09656358147885E+01,  1.38790000000003E+02,  7.84388553239433E+02,  1.30505331846981E+03
 1.94433333300000E+03, -3.19306843158749E-01, -2.13250000000000E-01, -5.09208421905294E+01,  1.38970000000003E+02,  5.85507162929470E+02,  1.20884645608029E+03
 1.94441666700000E+03, -9.19729919678946E-02, -1.76000000000000E-01, -5.08760671783448E+01,  1.39150000000003E+02,  5.45248725068170E+02,  1.19537281953883E+03
 1.94450000000000E+03,  6.04815111529980E-02, -1.14250000000000E-01, -5.08313145077962E+01,  1.39330000000003E+02,  5.10795079423855E+02,  1.02003987834771E+03
 1.94458333300000E+03,  1.43840955554680E-01, -2.15250000000000E-01, -5.07865878810924E+01,  1.39510000000003E+02,  6.01598023745995E+02,  8.25492187641442E+02
 1.94466666700000E+03,  8.99510782890969E-02, -3.30500000000000E-01, -4.93083820408839E+01,  1.39690000000003E+02,  4.57156678910164E+02,  2.03572377509234E+02
 1.94475000000000E+03, -1.88959997000673E-01, -3.95750000000000E-01, -4.93446365505773E+01,  1.39870000000003E+02,  4.24345487753409E+02,  2.53402784077030E+02
 1.94483333300000E+03, -5.53689832651336E-01, -4.53000000000000E-01, -4.93804737922453E+01,  1.40050000000003E+02,  4.58885925720147E+02,  2.13061960135409E+02
 1.94491666700000E+03, -8.41354441985649E-01, -5.57500000000000E-01, -4.94158906677045E+01,  1.40230000000003E+02,  7.09818565792247E+02,  8.31828561148222E+02
 1.94500000000000E+03, -1.01036497247251E+00, -6.04500000000000E-01, -4.94508841260464E+01,  1.40410000000003E+02,  8.58915614684413E+02,  1.01878086030638E+03
 1.94508333300000E+03, -1.04485754370279E+00, -6.66750000000000E-01, -4.94854511639853E+01,  1.40590000000003E+02,  7.59257755619086E+02,  1.08430869929458E+03
 1.94516666700000E+03, -9.58007132786107E-01, -8.28500000000000E-01, -4.95195888261992E+01,  1.40770000000003E+02,  7.75782086377321E+02,  1.16992208751116E+03
 1.94525000000000E+03, -7.93763956999153E-01, -7.28250000000000E-01, -4.95532942056639E+01,  1.40950000000003E+02,  8.61126732709247E+02,  1.32831581244630E+03
 1.94533333300000E+03, -6.18373371365236E-01, -4.69500000000000E-01, -4.95865644439805E+01,  1.41130000000003E+02,  5.73189861647929E+02,  7.27667978343685E+02
 1.94541666700000E+03, -4.96648057213391E-01, -3.91000000000000E-01, -4.96193967316955E+01,  1.41310000000003E+02,  3.53414802868502E+02,  6.67755803035848E+02
 1.94550000000000E+03, -4.61485284982502E-01, -4.15500000000000E-01, -4.96517883086143E+01,  1.41490000000003E+02,  3.76015180703626E+02,  6.43299893936863E+02
 1.94558333300000E+03, -4.19924746185340E-01, -4.66000000000000E-01, -4.96837364641076E+01,  1.41670000000003E+02,  2.38238866002515E+02,  4.87216416332457E+02
 1.94566666700000E+03, -3.50979791664861E-01, -5.36500000000000E-01, -3.93478704171736E+01,  1.41850000000003E+02,  1.10709738288665E+02,  3.45040273774548E+02
 1.94575000000000E+03, -3.79879425014934E-01, -5.69500000000000E-01, -3.93281341098906E+01,  1.42030000000003E+02,  1.33320059478366E+02,  3.99200420739405E+02
 1.94583333300000E+03, -4.39021186986419E-01, -5.70000000000000E-01, -3.93086400596789E+01,  1.42210000000003E+02,  1.74379253943165E+02,  2.95662536510847E+02
 1.94591666700000E+03, -4.26622359212582E-01, -6.15750000000000E-01, -3.92893917378711E+01,  1.42390000000003E+02,  2.79384889609653E+02,  2.70866732959899E+02
 1.94600000000000E+03, -3.73863776877867E-01, -5.98750000000000E-01, -3.92703926039766E+01,  1.42570000000003E+02,  4.48902361485131E+02,  2.61296271697770E+02
 1.94608333300000E+03, -3.08143252852073E-01, -4.75750000000000E-01, -3.92516461050860E+01,  1.42750000000003E+02,  4.30939435662666E+02,  3.10190505388685E+02
 1.94616666700000E+03, -2.43731947058473E-01, -3.75750000000000E-01, -3.92331556752778E+01,  1.42930000000003E+02,  5.03445893625208E+02,  2.49653553924589E+02
 1.94625000000000E+03, -1.86472521618828E-01, -3.66250000000000E-01, -3.92149247350242E+01,  1.43110000000003E+02,  4.81516493447527E+02,  2.20835014490782E+02
 1.94633333300000E+03, -1.42097200046463E-01, -3.39000000000000E-01, -3.91969566905997E+01,  1.43290000000003E+02,  4.80000117042954E+02,  3.61296370669898E+02
 1.94641666700000E+03, -1.16137072050918E-01, -2.00000000000000E-01, -3.91792549334903E+01,  1.43470000000003E+02,  3.02083150603937E+02,  3.17898031386056E+02
 1.94650000000000E+03, -1.04573419061138E-01, -6.67500000000000E-02, -3.91618228398039E+01,  1.43650000000003E+02,  4.60862199398069E+02,  3.73941458729131E+02
 1.94658333300000E+03, -2.22071817563479E-01,  4.60000000000000E-02, -3.91446637696826E+01,  1.43830000000003E+02,  3.76880022138515E+02,  3.18748632182637E+02
 1.94666666700000E+03, -4.70702674424994E-01,  2.05000000000000E-02, -4.62077709812126E+01,  1.44010000000003E+02,  3.83629490919028E+02,  3.62587874803587E+02
 1.94675000000000E+03, -5.88153396300193E-01, -8.65000000000000E-02, -4.61833870158785E+01,  1.44190000000003E+02,  3.04529701676206E+02,  2.42874109494651E+02
 1.94683333300000E+03, -5.38038172938072E-01,  6.67500000000000E-02, -4.61591797156539E+01,  1.44370000000003E+02,  4.33882942403810E+02,  2.62700473885721E+02
 1.94691666700000E+03, -4.42160965600222E-01,  3.17500000000000E-01, -4.61351476386796E+01,  1.44550000000003E+02,  3.55195380271437E+02,  3.66456863931655E+02
 1.94700000000000E+03, -3.27230689357807E-01,  3.72250000000000E-01, -4.61112893118327E+01,  1.44730000000003E+02,  4.89259380502399E+02,  4.99133088012119E+02
 1.94708333300000E+03, -2.09722194933630E-01,  4.22250000000000E-01, -4.60876032311463E+01,  1.44910000000003E+02,  5.80469911543390E+02,  5.47829716882822E+02
 1.94716666700000E+03, -9.21645848378788E-02,  4.50750000000000E-01, -4.60640878622347E+01,  1.45090000000003E+02,  6.31577984927619E+02,  7.06021938392666E+02
 1.94725000000000E+03,  2.72674858145888E-02,  1.48250000000000E-01, -4.60407416407222E+01,  1.45270000000003E+02,  7.57298384307008E+02,  7.63942524257160E+02
 1.94733333300000E+03,  1.43511131519738E-01,  3.40000000000000E-02, -4.60175629726786E+01,  1.45450000000003E+02,  6.72608033726690E+02,  5.46487788141510E+02
 1.94741666700000E+03,  2.44272021358371E-01,  2.28750000000000E-01, -4.59945502350576E+01,  1.45630000000003E+02,  5.22648628969071E+02,  4.87751779558846E+02
 1.94750000000000E+03,  3.21232334105614E-01,  8.12500000000000E-02, -4.59717017761413E+01,  1.45810000000003E+02,  3.92349050398297E+02,  5.31371177131267E+02
 1.94758333300000E+03,  6.41180458487546E-02, -1.87750000000000E-01, -4.59490159159889E+01,  1.45990000000003E+02,  3.59989107448050E+02,  3.67672532204051E+02
 1.94766666700000E+03, -4.78755307467926E-01, -2.62750000000000E-01, -5.28096497174617E+01,  1.46170000000003E+02,  2.17734410191898E+02,  3.92760628852627E+02
 1.94775000000000E+03, -6.16802577532480E-01, -3.25500000000000E-01, -5.27677207884504E+01,  1.46350000000003E+02,  2.71788648394774E+02,  4.86820887448913E+02
 1.94783333300000E+03, -3.71127276470248E-01, -2.14000000000000E-01, -5.27256363657656E+01,  1.46530000000003E+02,  3.25086229780287E+02,  5.93834805890468E+02
 1.94791666700000E+03, -1.34290573890930E-01,  1.45000000000000E-01, -5.26834008317879E+01,  1.46710000000003E+02,  3.17324724828732E+02,  4.64976363060661E+02
 1.94800000000000E+03,  2.81718377079895E-02,  2.95250000000000E-01, -5.26410185656374E+01,  1.46890000000003E+02,  3.00680402043191E+02,  5.60914749016224E+02
 1.94808333300000E+03,  8.40930646113459E-02,  2.50250000000000E-01, -5.25984939425370E+01,  1.47070000000003E+02,  2.34388990965472E+02,  6.91696870786747E+02
 1.94816666700000E+03,  4.51198202858099E-02,  1.92000000000000E-01, -5.25558313331783E+01,  1.47250000000003E+02,  2.27732612042679E+02,  7.56704265263995E+02
 1.94825000000000E+03, -4.59133124488324E-02,  7.00000000000000E-02, -5.25130351030881E+01,  1.47430000000003E+02,  2.26536236011249E+02,  5.97593605927537E+02
 1.94833333300000E+03, -1.38523312921756E-01,  3.20000000000000E-02, -5.24701096119981E+01,  1.47610000000003E+02,  3.20317489286121E+02,  8.35847501442180E+02
 1.94841666700000E+03, -1.92592372206808E-01,  4.22500000000000E-02, -5.24270592132158E+01,  1.47790000000003E+02,  3.14430494462400E+02,  9.90304992070158E+02
 1.94850000000000E+03, -1.84181353666195E-01, -8.85000000000000E-02, -5.23838882529983E+01,  1.47970000000003E+02,  5.62130520687620E+02,  1.37844745086757E+03
 1.94858333300000E+03, -2.99064569805985E-01, -2.87750000000000E-01, -5.23406010699278E+01,  1.48150000000003E+02,  6.87825426520848E+02,  1.32990190255635E+03
 1.94866666700000E+03, -5.50950634230476E-01, -4.48250000000000E-01, -4.45896101969341E+01,  1.48330000000003E+02,  6.69406799427057E+02,  1.61242787272435E+03
 1.94875000000000E+03, -5.69638452074666E-01, -4.64000000000000E-01, -4.46241255826480E+01,  1.48510000000003E+02,  6.84588749684648E+02,  1.76231702578508E+03
 1.94883333300000E+03, -3.73370139856137E-01, -2.00000000000000E-01, -4.46582265581415E+01,  1.48690000000003E+02,  6.47937087444543E+02,  1.60961100979989E+03
 1.94891666700000E+03, -2.13405603545301E-01, -1.10000000000000E-01, -4.46919102890397E+01,  1.48870000000003E+02,  6.09478504266077E+02,  1.54934917388269E+03
 1.94900000000000E+03, -1.60186206503091E-01, -3.10000000000000E-01, -4.47251739865932E+01,  1.49050000000003E+02,  5.82773207289515E+02,  1.77628465173535E+03
 1.94908333300000E+03, -2.41004126646284E-01, -4.14000000000000E-01, -4.47580149079840E+01,  1.49230000000003E+02,  6.80615665136199E+02,  1.74918709113409E+03
 1.94916666700000E+03, -4.29067446324643E-01, -3.97750000000000E-01, -4.47904303566239E+01,  1.49410000000003E+02,  5.96009024992233E+02,  1.55939988338271E+03
 1.94925000000000E+03, -6.58794034156256E-01, -2.57250000000000E-01, -4.48224176824474E+01,  1.49590000000003E+02,  6.13225116770162E+02,  1.46901343372470E+03
 1.94933333300000E+03, -8.54455423953480E-01, -2.55250000000000E-01, -4.48539742821973E+01,  1.49770000000003E+02,  4.61408524107105E+02,  1.03246417432317E+03
 1.94941666700000E+03, -9.54319610992888E-01, -3.94500000000000E-01, -4.48850975997048E+01,  1.49950000000003E+02,  6.38496806348777E+02,  1.51580423985035E+03
 1.94950000000000E+03, -9.21922446064621E-01, -4.27750000000000E-01, -4.49157851261622E+01,  1.50130000000003E+02,  7.14232207845423E+02,  1.44404258761369E+03
 1.94958333300000E+03, -9.52468237291463E-01, -5.87750000000000E-01, -4.49460344003898E+01,  1.50310000000003E+02,  6.90281041938148E+02,  1.32708853907410E+03
 1.94966666700000E+03, -1.15623147881348E+00, -9.03750000000000E-01, -3.98577578434976E+01,  1.50490000000003E+02,  6.78046303079469E+02,  1.37288812812418E+03
 1.94975000000000E+03, -1.25378425477329E+00, -1.14475000000000E+00, -3.98413644702504E+01,  1.50670000000003E+02,  6.32378225807468E+02,  1.54583956088340E+03
 1.94983333300000E+03, -1.19355288421862E+00, -1.20675000000000E+00, -3.98249773018944E+01,  1.50850000000003E+02,  4.23458677593548E+02,  8.32907401455069E+02
 1.94991666700000E+03, -1.12602111539999E+00, -1.09100000000000E+00, -3.98085940793695E+01,  1.51030000000003E+02,  6.73368110871118E+02,  1.31692059160897E+03
 1.95000000000000E+03, -1.08230160303132E+00, -1.08475000000000E+00, -3.97922125532181E+01,  1.51210000000003E+02,  7.77531869265147E+02,  1.37924593320504E+03
 1.95008333300000E+03, -1.07366288347769E+00, -1.20625000000000E+00, -3.97758304840885E+01,  1.51390000000003E+02,  8.33128024774581E+02,  1.39732266201216E+03
 1.95016666700000E+03, -1.08822825936008E+00, -1.16175000000000E+00, -3.97594456432380E+01,  1.51570000000003E+02,  8.50009608006685E+02,  1.17734089375947E+03
 1.95025000000000E+03, -1.10321994707016E+00, -1.15800000000000E+00, -3.97430558130329E+01,  1.51750000000003E+02,  7.87159269698660E+02,  1.23323110044260E+03
 1.95033333300000E+03, -1.10033123635932E+00, -1.27800000000000E+00, -3.97266587874468E+01,  1.51930000000003E+02,  4.92186033615525E+02,  6.39597154240359E+02
 1.95041666700000E+03, -1.07065364262165E+00, -1.36200000000000E+00, -3.97102523725559E+01,  1.52110000000003E+02,  4.33662596631561E+02,  6.23513399863475E+02
 1.95050000000000E+03, -1.00749454189410E+00, -1.37025000000000E+00, -3.96938343870332E+01,  1.52290000000003E+02,  3.64534739611683E+02,  5.23533036726165E+02
 1.95058333300000E+03, -9.53188440313788E-01, -1.25850000000000E+00, -3.96774026626388E+01,  1.52470000000003E+02,  4.44729978172650E+02,  8.79448498815392E+02
 1.95066666700000E+03, -9.29331683487201E-01, -1.20050000000000E+00, -4.04716191275704E+01,  1.52650000000003E+02,  4.57578216876031E+02,  7.23007083159129E+02
 1.95075000000000E+03, -8.65052737046239E-01, -1.30925000000000E+00, -4.04534589965944E+01,  1.52830000000003E+02,  4.66268826975279E+02,  7.18076236471461E+02
 1.95083333300000E+03, -7.49294858583639E-01, -1.36775000000000E+00, -4.04353884320629E+01,  1.53010000000003E+02,  5.37271304639407E+02,  6.93588601428677E+02
 1.95091666700000E+03, -6.29428323333563E-01, -1.19500000000000E+00, -4.04174051753701E+01,  1.53190000000003E+02,  5.83755674346472E+02,  8.20981511518805E+02
 1.95100000000000E+03, -5.27407056335988E-01, -1.00625000000000E+00, -4.03995069587194E+01,  1.53370000000003E+02,  6.44519972518777E+02,  9.93993852209779E+02
 1.95108333300000E+03, -4.53346545993057E-01, -9.33500000000000E-01, -4.03816915056441E+01,  1.53550000000003E+02,  9.83931717661754E+02,  1.76757568224883E+03
 1.95116666700000E+03, -4.02688792283037E-01, -8.13000000000000E-01, -4.03639565315285E+01,  1.53730000000003E+02,  9.86701886293882E+02,  1.86921656006428E+03
 1.95125000000000E+03, -3.66566769685649E-01, -5.69250000000000E-01, -4.03462997441302E+01,  1.53910000000003E+02,  1.30688720757545E+03,  2.48131651783339E+03
 1.95133333300000E+03, -3.43649890601966E-01, -3.60000000000000E-01, -4.03287188441032E+01,  1.54090000000003E+02,  1.55479594374208E+03,  3.52782794070400E+03
 1.95141666700000E+03, -3.40883518540549E-01, -7.32500000000000E-02, -4.03112115255220E+01,  1.54270000000003E+02,  1.56003114049184E+03,  3.47683730183795E+03
 1.95150000000000E+03, -3.62464946498720E-01,  2.86000000000000E-01, -4.02937754764065E+01,  1.54450000000003E+02,  1.19104854952277E+03,  2.74452979143914E+03
 1.95158333300000E+03, -4.32417358177609E-01,  3.97250000000000E-01, -4.02764083792471E+01,  1.54630000000003E+02,  1.01049701086695E+03,  2.65231480695201E+03
 1.95166666700000E+03, -5.02070053504015E-01,  4.40750000000000E-01, -5.07155720388995E+01,  1.54810000000003E+02,  6.78478714090344E+02,  2.16667398020607E+03
 1.95175000000000E+03, -4.59128528444380E-01,  5.68000000000000E-01, -5.07127100342417E+01,  1.54990000000003E+02,  6.97111586963368E+02,  1.35148943337246E+03
 1.95183333300000E+03, -3.31935118451748E-01,  5.87250000000000E-01, -5.07093498325225E+01,  1.55170000000003E+02,  7.77429480612948E+02,  1.37129332011379E+03
 1.95191666700000E+03, -2.01862813240965E-01,  3.93250000000000E-01, -5.07054926332889E+01,  1.55350000000003E+02,  7.46077880073138E+02,  1.44780494668604E+03
 1.95200000000000E+03, -9.35962695977507E-02,  1.74000000000000E-01, -5.07011396875624E+01,  1.55530000000003E+02,  7.92364465220662E+02,  1.58890932881206E+03
 1.95208333300000E+03, -1.99058707545871E-02,  7.57500000000000E-02, -5.06962922975849E+01,  1.55710000000003E+02,  7.11533341616638E+02,  1.42636908063721E+03
 1.95216666700000E+03,  2.13679121069729E-02,  6.00000000000000E-02, -5.06909518165585E+01,  1.55890000000003E+02,  4.93990344206567E+02,  1.28299042774471E+03
 1.95225000000000E+03,  3.71173816362475E-02,  1.05000000000000E-02, -5.06851196483767E+01,  1.56070000000003E+02,  3.33600286971130E+02,  1.18751694279244E+03
 1.95233333300000E+03,  2.72668240681632E-02, -2.63250000000000E-01, -5.06787972473505E+01,  1.56250000000003E+02,  3.86437135543253E+02,  1.31649473514827E+03
 1.95241666700000E+03, -1.58532991795061E-02, -5.93750000000000E-01, -5.06719861179268E+01,  1.56430000000003E+02,  4.41543952814380E+02,  1.17784315930073E+03
 1.95250000000000E+03, -9.64064658630669E-02, -6.60750000000000E-01, -5.06646878143997E+01,  1.56610000000003E+02,  5.62859153527810E+02,  1.35189444475797E+03
 1.95258333300000E+03, -1.99477776724101E-01, -5.29000000000000E-01, -5.06569039406159E+01,  1.56790000000003E+02,  5.08980288243072E+02,  1.22453976706343E+03
 1.95266666700000E+03, -2.62842383145077E-01, -3.74000000000000E-01, -4.55696754878500E+01,  1.56970000000003E+02,  5.78630935611952E+02,  9.33925170859013E+02
 1.95275000000000E+03, -2.36609358480525E-01, -3.30000000000000E-01, -4.55873991718327E+01,  1.57150000000003E+02,  5.25933660297172E+02,  6.97045321729552E+02
 1.95283333300000E+03, -1.58714450571595E-01, -3.95000000000000E-01, -4.56046360188031E+01,  1.57330000000003E+02,  4.23838593145344E+02,  6.42698961623522E+02
 1.95291666700000E+03, -8.04433834647275E-02, -2.31500000000000E-01, -4.56213850281458E+01,  1.57510000000003E+02,  3.14973732530258E+02,  5.87199413125341E+02
 1.95300000000000E+03, -2.15376424338530E-02,  9.12500000000000E-02, -4.56376452516879E+01,  1.57690000000003E+02,  5.17057293239413E+02,  8.49512882708837E+02
 1.95308333300000E+03,  1.00605925443593E-02,  1.75250000000000E-01, -4.56534157937509E+01,  1.57870000000003E+02,  3.41257206959001E+02,  7.01938298424161E+02
 1.95316666700000E+03,  2.08327900059614E-02,  2.10500000000000E-01, -4.56686958111960E+01,  1.58050000000003E+02,  3.70317806362982E+02,  7.70139287412316E+02
 1.95325000000000E+03,  2.11666037816540E-02,  2.95500000000000E-01, -4.56834845134625E+01,  1.58230000000003E+02,  3.64481069969371E+02,  8.45858820373950E+02
 1.95333333300000E+03,  1.34238578913194E-02,  2.67750000000000E-01, -4.56977811625983E+01,  1.58410000000003E+02,  4.32950399514768E+02,  8.89627966736179E+02
 1.95341666700000E+03, -8.81883953843506E-03,  2.39750000000000E-01, -4.57115850732838E+01,  1.58590000000003E+02,  2.19924744650097E+02,  5.48920604979755E+02
 1.95350000000000E+03, -4.97062515952196E-02,  1.71250000000000E-01, -4.57248956128484E+01,  1.58770000000004E+02,  2.42162333979162E+02,  7.13413517166449E+02
 1.95358333300000E+03, -1.39820251443405E-01,  1.22500000000000E-01, -4.57377122012799E+01,  1.58950000000004E+02,  2.74622062509066E+02,  6.66426423693192E+02
 1.95366666700000E+03, -2.33598939340213E-01,  1.14000000000000E-01, -4.96970614915801E+01,  1.59130000000004E+02,  4.93281007194529E+02,  5.79605416585370E+02
 1.95375000000000E+03, -2.08784571750165E-01,  1.65000000000000E-02, -4.96676815973331E+01,  1.59310000000004E+02,  5.90121686821980E+02,  5.51380723985022E+02
 1.95383333300000E+03, -9.24545938007006E-02, -3.35000000000000E-02, -4.96379584703917E+01,  1.59490000000004E+02,  9.26913083695788E+02,  8.59591420505722E+02
 1.95391666700000E+03,  2.46711666938584E-02, -5.07500000000000E-02, -4.96078957641035E+01,  1.59670000000004E+02,  9.59527546087106E+02,  7.71973759220553E+02
 1.95400000000000E+03,  1.11114014194919E-01, -9.40000000000000E-02, -4.95774971571302E+01,  1.59850000000004E+02,  1.06154553157575E+03,  8.58029388694046E+02
 1.95408333300000E+03,  1.50781077785571E-01, -1.53750000000000E-01, -4.95467663528821E+01,  1.60030000000004E+02,  1.23493047354635E+03,  9.23933466437955E+02
 1.95416666700000E+03,  1.47553583170049E-01, -2.94750000000000E-01, -4.95157070789495E+01,  1.60210000000004E+02,  1.31193103471793E+03,  8.12721842157984E+02
 1.95425000000000E+03,  1.15610532665196E-01, -4.90750000000000E-01, -4.94843230865327E+01,  1.60390000000004E+02,  1.18148655889979E+03,  6.89959420118976E+02
 1.95433333300000E+03,  6.68978026814276E-02, -5.97000000000000E-01, -4.94526181498676E+01,  1.60570000000004E+02,  1.44687267825494E+03,  1.04391664277655E+03
 1.95441666700000E+03,  8.30397727499765E-03, -6.01500000000000E-01, -4.94205960656508E+01,  1.60750000000004E+02,  1.31434464961260E+03,  9.18754377247368E+02
 1.95450000000000E+03, -5.04891990033257E-02, -6.42750000000000E-01, -4.93882606524608E+01,  1.60930000000004E+02,  1.03042353759060E+03,  9.07244365262333E+02
 1.95458333300000E+03, -2.75328009742088E-01, -7.72000000000000E-01, -4.93556157501776E+01,  1.61110000000004E+02,  8.60095755663166E+02,  8.33818652736343E+02
 1.95466666700000E+03, -6.33720971778103E-01, -8.55750000000000E-01, -4.23178779048140E+01,  1.61290000000004E+02,  7.61201176295885E+02,  6.89329656985607E+02
 1.95475000000000E+03, -7.17954264449890E-01, -8.19750000000000E-01, -4.23690899430188E+01,  1.61470000000004E+02,  6.93780747978658E+02,  4.03587877890011E+02
 1.95483333300000E+03, -5.34894890345291E-01, -7.96500000000000E-01, -4.24205254878429E+01,  1.61650000000004E+02,  7.39043840885402E+02,  6.59193821389570E+02
 1.95491666700000E+03, -3.51545847252649E-01, -7.37750000000000E-01, -4.24721801026369E+01,  1.61830000000004E+02,  7.63754963353392E+02,  6.85657611765717E+02
 1.95500000000000E+03, -2.69216942701253E-01, -7.02000000000000E-01, -4.25240493194547E+01,  1.62010000000004E+02,  6.57392302803221E+02,  6.56626972293289E+02
 1.95508333300000E+03, -3.37043495742825E-01, -8.25500000000000E-01, -4.25761286395855E+01,  1.62190000000004E+02,  5.98420602244452E+02,  6.15280318518628E+02
 1.95516666700000E+03, -5.25907946133574E-01, -1.00300000000000E+00, -4.26284135340906E+01,  1.62370000000004E+02,  3.62928165252030E+02,  5.06300291571101E+02
 1.95525000000000E+03, -7.45726792383380E-01, -1.22025000000000E+00, -4.26808994443449E+01,  1.62550000000004E+02,  3.09036074271349E+02,  2.51918613087252E+02
 1.95533333300000E+03, -8.92810782764530E-01, -1.38475000000000E+00, -4.27335817825827E+01,  1.62730000000004E+02,  2.66122477968462E+02,  4.11892727561672E+02
 1.95541666700000E+03, -8.98045017139606E-01, -1.42700000000000E+00, -4.27864559324483E+01,  1.62910000000004E+02,  3.19958417777772E+02,  5.44635909664993E+02
 1.95550000000000E+03, -7.51551663046358E-01, -1.37075000000000E+00, -4.28395172495507E+01,  1.63090000000004E+02,  2.58588057213697E+02,  7.81673836406904E+02
 1.95558333300000E+03, -7.45147569740351E-01, -1.29925000000000E+00, -4.28927610620222E+01,  1.63270000000004E+02,  3.33935779504373E+02,  7.70191133442405E+02
 1.95566666700000E+03, -9.96119855871040E-01, -1.51125000000000E+00, -3.98418827568842E+01,  1.63450000000004E+02,  3.13325074714772E+02,  7.58805064623044E+02
 1.95575000000000E+03, -1.07454135243987E+00, -1.83925000000000E+00, -3.98176736604051E+01,  1.63630000000004E+02,  2.74051119329868E+02,  5.11442316580376E+02
 1.95583333300000E+03, -9.04978482866159E-01, -1.85925000000000E+00, -3.97936278364497E+01,  1.63810000000004E+02,  3.78129995874602E+02,  4.64495474898891E+02
 1.95591666700000E+03, -7.31412056781250E-01, -1.65350000000000E+00, -3.97697488647560E+01,  1.63990000000004E+02,  6.43169093555586E+02,  4.43276299117151E+02
 1.95600000000000E+03, -6.46199334555399E-01, -1.39775000000000E+00, -3.97460403265195E+01,  1.64170000000004E+02,  5.55070115716916E+02,  6.08159144485300E+02
 1.95608333300000E+03, -6.89657643942478E-01, -1.18425000000000E+00, -3.97225058038014E+01,  1.64350000000004E+02,  5.56100466813228E+02,  6.02486487454178E+02
 1.95616666700000E+03, -8.23871543313098E-01, -1.11725000000000E+00, -3.96991488789358E+01,  1.64530000000004E+02,  5.73314748836148E+02,  6.87564511703864E+02
 1.95625000000000E+03, -9.52409003030433E-01, -1.14975000000000E+00, -3.96759731339355E+01,  1.64710000000004E+02,  4.36524904385116E+02,  6.54275187559447E+02
 1.95633333300000E+03, -9.71991900301820E-01, -1.21950000000000E+00, -3.96529821498972E+01,  1.64890000000004E+02,  2.39466262879182E+02,  5.14961189635417E+02
 1.95641666700000E+03, -8.24484006380528E-01, -1.24875000000000E+00, -3.96301795064057E+01,  1.65070000000004E+02,  2.03621802792969E+02,  3.51944368301223E+02
 1.95650000000000E+03, -5.21961868072139E-01, -1.12700000000000E+00, -3.96075687809372E+01,  1.65250000000004E+02,  2.50610680545570E+02,  4.15103773416841E+02
 1.95658333300000E+03, -3.20049153034524E-01, -9.82250000000000E-01, -3.95851535482618E+01,  1.65430000000004E+02,  4.63893383691599E+02,  7.44421930224794E+02
 1.95666666700000E+03, -4.03024682085132E-01, -1.00075000000000E+00, -4.32633232046536E+01,  1.65610000000004E+02,  5.60832789459025E+02,  9.81255685073702E+02
 1.95675000000000E+03, -5.16298206295235E-01, -1.14100000000000E+00, -4.32272734883425E+01,  1.65790000000004E+02,  5.56677542898482E+02,  9.68375340740145E+02
 1.95683333300000E+03, -5.05444914696580E-01, -1.13625000000000E+00, -4.31914102880030E+01,  1.65970000000004E+02,  5.89809008905810E+02,  8.88069710516166E+02
 1.95691666700000E+03, -4.35089524685917E-01, -8.86750000000000E-01, -4.31557346118743E+01,  1.66150000000004E+02,  6.61346657052754E+02,  1.32973453257090E+03
 1.95700000000000E+03, -3.31564243563571E-01, -6.18500000000000E-01, -4.31202474256457E+01,  1.66330000000004E+02,  4.89527958817703E+02,  1.11922567851634E+03
 1.95708333300000E+03, -2.20779220810584E-01, -3.54250000000000E-01, -4.30849496524608E+01,  1.66510000000004E+02,  6.56793961349318E+02,  9.37574585084421E+02
 1.95716666700000E+03, -1.20369843991256E-01, -7.00000000000000E-02, -4.30498421729279E+01,  1.66690000000004E+02,  7.88331229517957E+02,  9.31424217925580E+02
 1.95725000000000E+03, -4.38553281641451E-02,  1.05500000000000E-01, -4.30149258251381E+01,  1.66870000000004E+02,  7.69117314812024E+02,  9.29276719903298E+02
 1.95733333300000E+03, -6.72761894201564E-03,  2.38750000000000E-01, -4.29802014046902E+01,  1.67050000000004E+02,  7.64771871722743E+02,  6.32268100764750E+02
 1.95741666700000E+03, -2.32816358002713E-02,  4.21750000000000E-01, -4.29456696647230E+01,  1.67230000000004E+02,  7.35937796301132E+02,  5.97942945698885E+02
 1.95750000000000E+03, -9.43642141566717E-02,  5.06500000000000E-01, -4.29113313159539E+01,  1.67410000000004E+02,  4.89622320123940E+02,  5.91787524729895E+02
 1.95758333300000E+03, -9.04098526068739E-02,  4.91500000000000E-01, -4.28771870267260E+01,  1.67590000000004E+02,  4.27063672156209E+02,  8.69254890622529E+02
 1.95766666700000E+03,  2.78459179880198E-02,  5.85750000000000E-01, -4.67737298974983E+01,  1.67770000000004E+02,  4.05911305345563E+02,  8.79570255933878E+02
 1.95775000000000E+03,  9.10446158125939E-02,  7.51500000000000E-01, -4.68269814184338E+01,  1.67950000000004E+02,  3.14734529072978E+02,  8.75533178851039E+02
 1.95783333300000E+03,  1.14850353546294E-01,  8.49500000000000E-01, -4.68800467486726E+01,  1.68130000000004E+02,  5.18796161413171E+02,  1.14764429850983E+03
 1.95791666700000E+03,  1.61910464502077E-01,  9.54750000000000E-01, -4.69329208958202E+01,  1.68310000000004E+02,  5.18856422484599E+02,  1.15704528822690E+03
 1.95800000000000E+03,  1.78370464110539E-01,  1.04875000000000E+00, -4.69855988869354E+01,  1.68490000000004E+02,  3.83375991423329E+02,  9.42034826804980E+02
 1.95808333300000E+03,  1.56746686047407E-01,  9.18750000000000E-01, -4.70380757691485E+01,  1.68670000000004E+02,  5.47665423409883E+02,  1.39446774365312E+03
 1.95816666700000E+03,  1.28361161493723E-01,  5.97750000000000E-01, -4.70903466102803E+01,  1.68850000000004E+02,  6.67934644958746E+02,  1.39278856669349E+03
 1.95825000000000E+03,  1.25875829247793E-01,  3.73250000000000E-01, -4.71424064994544E+01,  1.69030000000004E+02,  5.13511855529329E+02,  1.16291759058068E+03
 1.95833333300000E+03,  1.46151521260201E-01,  3.28500000000000E-01, -4.71942505477094E+01,  1.69210000000004E+02,  5.26955491834408E+02,  1.16871858324851E+03
 1.95841666700000E+03,  1.42687076035039E-01,  2.62500000000000E-01, -4.72458738886065E+01,  1.69390000000004E+02,  5.45784737777890E+02,  1.20312677365334E+03
 1.95850000000000E+03,  5.36556127770176E-02,  2.14500000000000E-01, -4.72972716788348E+01,  1.69570000000004E+02,  5.47621525096806E+02,  1.07564162147422E+03
 1.95858333300000E+03, -1.46708191415075E-01,  2.16750000000000E-01, -4.73484390988125E+01,  1.69750000000004E+02,  4.57734089559610E+02,  1.02982989600811E+03
 1.95866666700000E+03, -2.86063622812154E-01,  9.87500000000000E-02, -4.55086331228210E+01,  1.69930000000004E+02,  3.45287901747071E+02,  8.90678054476476E+02
 1.95875000000000E+03, -1.75029530056254E-01,  3.77500000000000E-02, -4.55647545880746E+01,  1.70110000000004E+02,  3.03411549860098E+02,  8.13098609902456E+02
 1.95883333300000E+03,  3.44361572799786E-02,  1.71750000000000E-01, -4.56208086575542E+01,  1.70290000000004E+02,  4.61290614967027E+02,  7.93265116327191E+02
 1.95891666700000E+03,  1.22554157198159E-01,  2.89500000000000E-01, -4.56767900674807E+01,  1.70470000000004E+02,  3.24439183419645E+02,  4.62433631079036E+02
 1.95900000000000E+03,  5.68315018166781E-02,  2.45750000000000E-01, -4.57326935587102E+01,  1.70650000000004E+02,  2.96164954756323E+02,  5.57198258296073E+02
 1.95908333300000E+03, -8.73185901167759E-02,  1.12000000000000E-01, -4.57885138773923E+01,  1.70830000000004E+02,  4.49289240968237E+02,  6.27891175695219E+02
 1.95916666700000E+03, -1.88194806534449E-01,  2.85000000000000E-02, -4.58442457756275E+01,  1.71010000000004E+02,  7.66764940112070E+02,  9.11807734297067E+02
 1.95925000000000E+03, -1.67687244979136E-01,  2.25000000000000E-03, -4.58998840121238E+01,  1.71190000000004E+02,  6.96408088647102E+02,  7.94424072782530E+02
 1.95933333300000E+03, -4.83995334770712E-02, -6.60000000000000E-02, -4.59554233528529E+01,  1.71370000000004E+02,  7.04310071569297E+02,  9.84141492271534E+02
 1.95941666700000E+03,  6.07276192142406E-02, -1.70000000000000E-01, -4.60108585717049E+01,  1.71550000000004E+02,  6.89294473012612E+02,  8.94325823792289E+02
 1.95950000000000E+03,  3.98802176545403E-02, -2.45750000000000E-01, -4.60661844511426E+01,  1.71730000000004E+02,  5.79772811596729E+02,  8.78980578490473E+02
 1.95958333300000E+03, -1.86274697304722E-01, -2.89250000000000E-01, -4.61213957828546E+01,  1.71910000000004E+02,  2.87822795032128E+02,  6.50078384707462E+02
 1.95966666700000E+03, -4.07237985182243E-01, -2.11000000000000E-01, -5.06848303334833E+01,  1.72090000000004E+02,  3.65143226317121E+02,  7.90111897751341E+02
 1.95975000000000E+03, -3.31957041024937E-01, -6.00000000000000E-02, -5.06907600281361E+01,  1.72270000000004E+02,  3.92379145684385E+02,  6.29978589132909E+02
 1.95983333300000E+03, -1.17176681593067E-01, -8.42500000000000E-02, -5.06961791258361E+01,  1.72450000000004E+02,  3.82736873390600E+02,  7.07687764904613E+02
 1.95991666700000E+03,  3.87995420843369E-04, -1.65000000000000E-01, -5.07010878987844E+01,  1.72630000000004E+02,  7.34149627444414E+02,  1.05010720131510E+03
 1.96000000000000E+03,  1.18570533036639E-02, -1.65250000000000E-01, -5.07054866739180E+01,  1.72810000000004E+02,  1.01947491303659E+03,  1.31611035634117E+03
 1.96008333300000E+03, -2.95018801463289E-02, -1.45500000000000E-01, -5.07093758327834E+01,  1.72990000000004E+02,  8.69816749618279E+02,  1.14962468670496E+03
 1.96016666700000E+03, -5.70081192200945E-02, -6.15000000000000E-02, -5.07127558114015E+01,  1.73170000000004E+02,  8.84140497372635E+02,  1.21057042016648E+03
 1.96025000000000E+03, -4.66412134285806E-02, -6.75000000000000E-03, -5.07156271001253E+01,  1.73350000000004E+02,  1.10427494126093E+03,  1.58421429792376E+03
 1.96033333300000E+03, -3.90442851283721E-02, -8.30000000000000E-02, -5.07179902434900E+01,  1.73530000000004E+02,  9.18900440543028E+02,  1.33302574996650E+03
 1.96041666700000E+03, -1.08788295655119E-01, -2.46250000000000E-01, -5.07198458400561E+01,  1.73710000000004E+02,  7.79086595795227E+02,  9.83474756011847E+02
 1.96050000000000E+03, -3.01020691959668E-01, -3.30750000000000E-01, -5.07211945422445E+01,  1.73890000000004E+02,  7.38887483152213E+02,  1.10843464565404E+03
 1.96058333300000E+03, -5.33487428053273E-01, -2.71750000000000E-01, -5.07220370561646E+01,  1.74070000000004E+02,  6.92162187461604E+02,  1.20586853356289E+03
 1.96066666700000E+03, -6.14190728072623E-01, -2.29500000000000E-01, -4.40002835668014E+01,  1.74250000000004E+02,  4.64051694266921E+02,  6.15429377263893E+02
 1.96075000000000E+03, -4.81583868782199E-01, -2.74250000000000E-01, -4.39608650122647E+01,  1.74430000000004E+02,  4.25348746160736E+02,  5.89579072949354E+02
 1.96083333300000E+03, -2.58137615556285E-01, -2.29750000000000E-01, -4.39216049310784E+01,  1.74610000000004E+02,  5.72400961432654E+02,  9.01182097373492E+02
 1.96091666700000E+03, -5.44710267505880E-02, -1.67500000000000E-02, -4.38825051501321E+01,  1.74790000000004E+02,  7.71080541906198E+02,  9.18316902910942E+02
 1.96100000000000E+03,  8.08792976273787E-02,  1.54000000000000E-01, -4.38435674551165E+01,  1.74970000000004E+02,  1.08007785833530E+03,  8.77881258111334E+02
 1.96108333300000E+03,  1.29330888133224E-01,  1.72750000000000E-01, -4.38047935903885E+01,  1.75150000000004E+02,  1.17353519363622E+03,  1.12705626270143E+03
 1.96116666700000E+03,  1.06205595349152E-01,  1.00500000000000E-01, -4.37661852588431E+01,  1.75330000000004E+02,  1.01699398469096E+03,  9.98236054681188E+02
 1.96125000000000E+03,  4.57698851866884E-02, -2.37500000000000E-02, -4.37277441217921E+01,  1.75510000000004E+02,  7.98038358985606E+02,  9.13202363227665E+02
 1.96133333300000E+03, -1.92020235554830E-02, -1.63750000000000E-01, -4.36894717988508E+01,  1.75690000000004E+02,  8.27120098135102E+02,  1.19437690442771E+03
 1.96141666700000E+03, -6.79920084313194E-02, -3.36750000000000E-01, -4.36513698678305E+01,  1.75870000000004E+02,  5.53545237882186E+02,  1.10376449591819E+03
 1.96150000000000E+03, -8.90354696467534E-02, -5.45250000000000E-01, -4.36134398646396E+01,  1.76050000000004E+02,  5.33106368432081E+02,  1.05267823110455E+03
 1.96158333300000E+03, -2.72291982638500E-01, -6.60250000000000E-01, -4.35756832831905E+01,  1.76230000000004E+02,  7.69965295488698E+02,  1.20329101624772E+03
 1.96166666700000E+03, -6.29678345151938E-01, -7.58500000000000E-01, -4.63236537446156E+01,  1.76410000000004E+02,  9.29045484805770E+02,  1.09396601845231E+03
 1.96175000000000E+03, -7.48204218173246E-01, -7.73250000000000E-01, -4.62794466122964E+01,  1.76590000000004E+02,  9.19551625060235E+02,  8.49666279197412E+02
 1.96183333300000E+03, -5.63489192983968E-01, -6.40750000000000E-01, -4.62352424292671E+01,  1.76770000000004E+02,  9.63444300696744E+02,  9.31224994942231E+02
 1.96191666700000E+03, -2.82157248399379E-01, -5.91750000000000E-01, -4.61910448745806E+01,  1.76950000000004E+02,  1.09237427531264E+03,  1.11715895046098E+03
 1.96200000000000E+03,  1.18968280578499E-02, -5.40500000000000E-01, -4.61468576033534E+01,  1.77130000000004E+02,  1.27060234096056E+03,  1.41835886971335E+03
 1.96208333300000E+03,  2.46434846921287E-01, -5.08500000000000E-01, -4.61026842462957E+01,  1.77310000000004E+02,  1.10616205229139E+03,  1.38321731180988E+03
 1.96216666700000E+03,  3.84355236603490E-01, -6.16250000000000E-01, -4.60585284092465E+01,  1.77490000000004E+02,  1.06957266049587E+03,  1.47699115928060E+03
 1.96225000000000E+03,  4.26291955468586E-01, -7.28250000000000E-01, -4.60143936727130E+01,  1.77670000000004E+02,  9.84470451945692E+02,  1.51453101606331E+03
 1.96233333300000E+03,  3.99346855568793E-01, -7.94000000000000E-01, -4.59702835914158E+01,  1.77850000000004E+02,  8.26679522960307E+02,  1.17061414992457E+03
 1.96241666700000E+03,  3.44292466054857E-01, -7.88750000000000E-01, -4.59262016938380E+01,  1.78030000000004E+02,  4.85272415104104E+02,  7.76567586585438E+02
 1.96250000000000E+03,  3.06321801150279E-01, -6.54000000000000E-01, -4.58821514817800E+01,  1.78210000000004E+02,  7.78749620511616E+02,  9.96913599422624E+02
 1.96258333300000E+03,  1.71434593831659E-01, -5.92500000000000E-01, -4.58381364299194E+01,  1.78390000000004E+02,  5.87961078561152E+02,  7.55196703750391E+02
 1.96266666700000E+03, -9.35287085452576E-02, -7.23500000000000E-01, -4.66343807211757E+01,  1.78570000000004E+02,  6.66080600242098E+02,  1.07117123073906E+03
 1.96275000000000E+03, -2.23370140454176E-01, -7.39000000000000E-01, -4.65902587365356E+01,  1.78750000000004E+02,  6.40877632278618E+02,  1.01361648842161E+03
 1.96283333300000E+03, -1.63215158130682E-01, -5.99750000000000E-01, -4.65461131865887E+01,  1.78930000000004E+02,  9.56345506884709E+02,  1.34215037616988E+03
 1.96291666700000E+03, -5.81500091766445E-02, -4.52500000000000E-01, -4.65019479050991E+01,  1.79110000000004E+02,  5.55509559206126E+02,  1.07127561434882E+03
 1.96300000000000E+03,  1.83123458524458E-02, -2.76000000000000E-01, -4.64577667053267E+01,  1.79290000000004E+02,  8.73145803651785E+02,  1.19977611967593E+03
 1.96308333300000E+03,  1.62082232879798E-02, -1.40250000000000E-01, -4.64135733795263E+01,  1.79470000000004E+02,  7.67424777789465E+02,  7.05588177394038E+02
 1.96316666700000E+03, -6.98709361808647E-02, -6.22500000000000E-02, -4.63693716984509E+01,  1.79650000000004E+02,  8.54882852688567E+02,  9.81222927043086E+02
 1.96325000000000E+03, -2.05713703420478E-01, -7.60000000000000E-02, -4.63251654108585E+01,  1.79830000000004E+02,  4.73420821146319E+02,  6.13736413781930E+02
 1.96333333300000E+03, -3.38871125375676E-01, -1.75500000000000E-01, -4.62809582430247E+01,  1.80010000000004E+02,  6.27508520260741E+02,  7.59496126147169E+02
 1.96341666700000E+03, -4.20117999495828E-01, -1.43250000000000E-01, -4.62367538982583E+01,  1.80190000000004E+02,  3.18222603925768E+02,  7.31330497869166E+02
 1.96350000000000E+03, -4.16057416368317E-01,  6.77500000000000E-02, -4.61925560564225E+01,  1.80370000000004E+02,  5.25153936217234E+02,  9.45289975364289E+02
 1.96358333300000E+03, -3.77358706301586E-01,  2.86000000000000E-01, -4.61483683734600E+01,  1.80550000000004E+02,  4.57740556219085E+02,  9.51600723754473E+02
 1.96366666700000E+03, -3.45438243263179E-01,  4.63000000000000E-01, -3.53219100914261E+01,  1.80730000000004E+02,  5.88319217488910E+02,  1.14774847528979E+03
 1.96375000000000E+03, -2.61029192200182E-01,  5.70000000000000E-01, -3.52963652302054E+01,  1.80910000000004E+02,  6.44341816345794E+02,  1.47660747067999E+03
 1.96383333300000E+03, -1.53813552590572E-01,  6.21750000000000E-01, -3.52709371642332E+01,  1.81090000000004E+02,  7.48944039068256E+02,  1.44142498948857E+03
 1.96391666700000E+03, -1.23855188232303E-01,  6.58000000000000E-01, -3.52456292633357E+01,  1.81270000000004E+02,  8.66596774126125E+02,  1.34055209241012E+03
 1.96400000000000E+03, -2.14345732246573E-01,  5.05750000000000E-01, -3.52204449053918E+01,  1.81450000000004E+02,  1.08830202985138E+03,  1.16435646673853E+03
 1.96408333300000E+03, -4.18615653161828E-01,  1.43000000000000E-01, -3.51953874758022E+01,  1.81630000000004E+02,  9.54370973347703E+02,  9.75649266282217E+02
 1.96416666700000E+03, -6.80736098711523E-01, -2.50750000000000E-01, -3.51704603669561E+01,  1.81810000000004E+02,  8.74486691641703E+02,  6.24677833366637E+02
 1.96425000000000E+03, -9.22240325765740E-01, -6.23750000000000E-01, -3.51456669776959E+01,  1.81990000000004E+02,  1.00705105908885E+03,  6.90451860908661E+02
 1.96433333300000E+03, -1.07726902763290E+00, -8.76500000000000E-01, -3.51210107127797E+01,  1.82170000000004E+02,  6.99316070941662E+02,  6.84536894078156E+02
 1.96441666700000E+03, -1.11494344973846E+00, -8.85250000000000E-01, -3.50964949823426E+01,  1.82350000000004E+02,  5.69002868753838E+02,  6.96527213383318E+02
 1.96450000000000E+03, -1.04035816752906E+00, -8.95750000000000E-01, -3.50721232013554E+01,  1.82530000000004E+02,  5.70753965606070E+02,  6.11149762493950E+02
 1.96458333300000E+03, -8.21640619503919E-01, -1.00825000000000E+00, -3.50478987890819E+01,  1.82710000000004E+02,  5.87506050920112E+02,  6.89598540223773E+02
 1.96466666700000E+03, -5.62057474943303E-01, -1.00975000000000E+00, -3.40428156344591E+01,  1.82890000000004E+02,  3.76960816020095E+02,  5.90204995127315E+02
 1.96475000000000E+03, -4.60602579457216E-01, -9.27750000000000E-01, -3.40548629611874E+01,  1.83070000000004E+02,  4.15163928701247E+02,  5.15672786939169E+02
 1.96483333300000E+03, -4.33834769819652E-01, -8.28750000000000E-01, -3.40673409031114E+01,  1.83250000000004E+02,  3.52176478922489E+02,  5.06750709882498E+02
 1.96491666700000E+03, -3.57521590477319E-01, -6.62250000000000E-01, -3.40802499161073E+01,  1.83430000000004E+02,  3.43130304064539E+02,  5.71933861269282E+02
 1.96500000000000E+03, -2.56348861526773E-01, -3.85750000000000E-01, -3.40935904080016E+01,  1.83610000000004E+02,  2.16916279256424E+02,  3.67610612076094E+02
 1.96508333300000E+03, -1.47397304514031E-01, -1.16500000000000E-01, -3.41073627383918E+01,  1.83790000000004E+02,  2.31153821041910E+02,  4.09043552987008E+02
 1.96516666700000E+03, -3.60856774700869E-02,  7.77500000000000E-02, -3.41215672184734E+01,  1.83970000000004E+02,  3.06794040857928E+02,  4.13940589434680E+02
 1.96525000000000E+03,  7.49164848372456E-02,  2.80750000000000E-01, -3.41362041108746E+01,  1.84150000000004E+02,  3.20742559812346E+02,  4.43519704586334E+02
 1.96533333300000E+03,  1.75333511893209E-01,  4.23500000000000E-01, -3.41512736294966E+01,  1.84330000000004E+02,  3.80686220392383E+02,  3.43140276257179E+02
 1.96541666700000E+03,  2.47896147173930E-01,  4.95000000000000E-01, -3.41667759393619E+01,  1.84510000000004E+02,  3.70226890660763E+02,  3.14366362141914E+02
 1.96550000000000E+03,  2.80438816687660E-01,  6.86500000000000E-01, -3.41827111564684E+01,  1.84690000000004E+02,  4.96079860911744E+02,  6.01725520143821E+02
 1.96558333300000E+03,  3.06665936853018E-01,  9.53500000000000E-01, -3.41990793476512E+01,  1.84870000000004E+02,  3.90174172726174E+02,  6.70676466388565E+02
 1.96566666700000E+03,  3.57636351223904E-01,  1.11500000000000E+00, -3.55104777129182E+01,  1.85050000000005E+02,  3.18795179776181E+02,  5.81460627715041E+02
 1.96575000000000E+03,  4.01346909408958E-01,  1.22125000000000E+00, -3.54841853657949E+01,  1.85230000000005E+02,  2.71057674335146E+02,  7.77874003990190E+02
 1.96583333300000E+03,  4.22167860098413E-01,  1.26200000000000E+00, -3.54579856490846E+01,  1.85410000000005E+02,  5.56528048751216E+02,  1.09208219803551E+03
 1.96591666700000E+03,  4.24079585724744E-01,  1.14425000000000E+00, -3.54318818584765E+01,  1.85590000000005E+02,  8.98467376779901E+02,  1.43137089928473E+03
 1.96600000000000E+03,  3.97045387361499E-01,  8.85750000000000E-01, -3.54058773014963E+01,  1.85770000000005E+02,  9.05001658442679E+02,  1.33673470021239E+03
 1.96608333300000E+03,  3.43447795327355E-01,  5.88000000000000E-01, -3.53799752969921E+01,  1.85950000000005E+02,  9.56888020728312E+02,  1.36688747860585E+03
 1.96616666700000E+03,  2.79284853163908E-01,  3.82750000000000E-01, -3.53541791746192E+01,  1.86130000000005E+02,  1.02878691451826E+03,  1.45638286045886E+03
 1.96625000000000E+03,  2.22355908502449E-01,  2.36000000000000E-01, -3.53284922743211E+01,  1.86310000000005E+02,  8.25352162846086E+02,  1.16566602257612E+03
 1.96633333300000E+03,  1.79350122904468E-01,  1.33250000000000E-01, -3.53029179458084E+01,  1.86490000000005E+02,  5.86112816885580E+02,  1.19753143032398E+03
 1.96641666700000E+03,  1.44561525931373E-01,  1.73250000000000E-01, -3.52774595480350E+01,  1.86670000000005E+02,  5.63345602139927E+02,  1.20708238865153E+03
 1.96650000000000E+03,  1.10950764749550E-01,  2.47750000000000E-01, -3.52521204486724E+01,  1.86850000000005E+02,  7.88710146642153E+02,  1.31694620401472E+03
 1.96658333300000E+03,  1.48362760227008E-01,  2.11750000000000E-01, -3.52269040235808E+01,  1.87030000000005E+02,  7.64353161081349E+02,  1.79872132691144E+03
 1.96666666700000E+03,  2.42790231011288E-01,  1.12500000000000E-01, -3.85338542461837E+01,  1.87210000000005E+02,  7.36912580757107E+02,  1.92936985014775E+03
 1.96675000000000E+03,  2.31749805110492E-01,  4.12500000000000E-02, -3.85129748969690E+01,  1.87390000000005E+02,  5.96102104742578E+02,  1.28992446216315E+03
 1.96683333300000E+03,  1.17133577175291E-01,  7.75000000000000E-03, -3.84919896199579E+01,  1.87570000000005E+02,  8.12378081014079E+02,  1.29557334500379E+03
 1.96691666700000E+03, -2.54202434625042E-02, -8.50000000000000E-02, -3.84708980085408E+01,  1.87750000000005E+02,  5.64774701863715E+02,  1.17513464368939E+03
 1.96700000000000E+03, -1.97611470859376E-01, -2.79500000000000E-01, -3.84496996927243E+01,  1.87930000000005E+02,  7.05165708374738E+02,  5.04897430504701E+02
 1.96708333300000E+03, -3.88354376220570E-01, -4.46000000000000E-01, -3.84283943392969E+01,  1.88110000000005E+02,  1.20001818011565E+03,  1.75173404152301E+03
 1.96716666700000E+03, -5.73364775760272E-01, -4.80250000000000E-01, -3.84069816519873E+01,  1.88290000000005E+02,  1.06335450570941E+03,  1.66005819043458E+03
 1.96725000000000E+03, -7.27730874777988E-01, -4.19000000000000E-01, -3.83854613716162E+01,  1.88470000000005E+02,  1.10154074081334E+03,  1.66373156315091E+03
 1.96733333300000E+03, -8.39480600755527E-01, -3.53250000000000E-01, -3.83638332762418E+01,  1.88650000000005E+02,  1.13291422730949E+03,  1.75770693969805E+03
 1.96741666700000E+03, -9.11358415558083E-01, -3.67500000000000E-01, -3.83420971812989E+01,  1.88830000000005E+02,  9.03152625067334E+02,  2.00371858466671E+03
 1.96750000000000E+03, -9.50045453826379E-01, -5.32750000000000E-01, -3.83202529397305E+01,  1.89010000000005E+02,  3.99427286143576E+02,  6.06601058752804E+02
 1.96758333300000E+03, -6.73431956080166E-01, -7.49250000000000E-01, -3.82983004421140E+01,  1.89190000000005E+02,  4.51468603359316E+02,  5.75846560821270E+02
 1.96766666700000E+03, -1.13813469844744E-01, -8.39000000000000E-01, -2.90691026949476E+01,  1.89370000000005E+02,  2.89633976553523E+02,  6.39054570743628E+02
 1.96775000000000E+03,  1.26183996545583E-01, -7.65500000000000E-01, -2.90656683049384E+01,  1.89550000000005E+02,  2.73428169526753E+02,  6.38800802361535E+02
 1.96783333300000E+03,  7.24173338373586E-02, -6.06250000000000E-01, -2.90626035291234E+01,  1.89730000000005E+02,  3.06199062281833E+02,  4.57731166997988E+02
 1.96791666700000E+03,  2.81859897069792E-02, -5.47250000000000E-01, -2.90599103622321E+01,  1.89910000000005E+02,  3.31617814156263E+02,  4.77545451995788E+02
 1.96800000000000E+03, -2.04551050893937E-02, -5.75750000000000E-01, -2.90575907643631E+01,  1.90090000000005E+02,  4.54427928172253E+02,  1.48320411456393E+03
 1.96808333300000E+03, -7.66480190834037E-02, -6.01500000000000E-01, -2.90556466606085E+01,  1.90270000000005E+02,  4.13265358385724E+02,  1.63372558071135E+03
 1.96816666700000E+03, -1.30500874016908E-01, -6.53000000000000E-01, -2.90540799406830E+01,  1.90450000000005E+02,  4.28727557249068E+02,  1.55301290364116E+03
 1.96825000000000E+03, -1.69950286517753E-01, -6.67000000000000E-01, -2.90528924585568E+01,  1.90630000000005E+02,  6.70392333864760E+02,  1.61012656539777E+03
 1.96833333300000E+03, -1.92946534229404E-01, -5.42000000000000E-01, -2.90520860320946E+01,  1.90810000000005E+02,  6.33980172049662E+02,  1.75830709807807E+03
 1.96841666700000E+03, -2.08332209603481E-01, -2.84000000000000E-01, -2.90516624426978E+01,  1.90990000000005E+02,  5.97282927087625E+02,  1.20525705839943E+03
 1.96850000000000E+03, -2.24729439578634E-01, -1.02750000000000E-01, -2.90516234349520E+01,  1.91170000000005E+02,  5.37160160002274E+02,  9.73353367846814E+02
 1.96858333300000E+03, -1.27290502249438E-01, -5.60000000000000E-02, -2.90519707162795E+01,  1.91350000000005E+02,  4.99816599969773E+02,  1.08900781972226E+03
 1.96866666700000E+03,  1.29398185069474E-01,  2.35000000000000E-02, -3.43077825953733E+01,  1.91530000000005E+02,  3.71700780614953E+02,  8.95113681804590E+02
 1.96875000000000E+03,  3.55692345358411E-01,  1.96750000000000E-01, -3.42696373873621E+01,  1.91710000000005E+02,  3.39939539005271E+02,  7.25089222806534E+02
 1.96883333300000E+03,  4.92215802580261E-01,  4.02500000000000E-01, -3.42316436285344E+01,  1.91890000000005E+02,  3.28108115974281E+02,  3.20306512426073E+02
 1.96891666700000E+03,  5.77244555429459E-01,  5.26750000000000E-01, -3.41938029568111E+01,  1.92070000000005E+02,  8.33930165500194E+02,  7.53576562889940E+02
 1.96900000000000E+03,  5.82549918073671E-01,  5.38500000000000E-01, -3.41561169732469E+01,  1.92250000000005E+02,  9.29455726561308E+02,  7.26712889195051E+02
 1.96908333300000E+03,  5.09039307636822E-01,  4.69750000000000E-01, -3.41185872419194E+01,  1.92430000000005E+02,  8.91948783796144E+02,  9.16552597903165E+02
 1.96916666700000E+03,  3.85684984859807E-01,  3.23500000000000E-01, -3.40812152898239E+01,  1.92610000000005E+02,  1.26782318668843E+03,  1.09333663102548E+03
 1.96925000000000E+03,  2.51767878304377E-01,  2.11250000000000E-01, -3.40440026067745E+01,  1.92790000000005E+02,  1.49422564302657E+03,  1.43806036167012E+03
 1.96933333300000E+03,  1.36403826496279E-01,  2.36500000000000E-01, -3.40069506453116E+01,  1.92970000000005E+02,  1.36833713862848E+03,  1.32949531495167E+03
 1.96941666700000E+03,  5.03839114988129E-02,  2.74250000000000E-01, -3.39700608206141E+01,  1.93150000000005E+02,  1.26499158389787E+03,  1.23602304367710E+03
 1.96950000000000E+03, -7.05605476837388E-03,  2.74750000000000E-01, -3.39333345104190E+01,  1.93330000000005E+02,  1.23191394310777E+03,  1.28684009520106E+03
 1.96958333300000E+03,  3.53335056757159E-02,  3.28250000000000E-01, -3.38967730549463E+01,  1.93510000000005E+02,  1.08467976221026E+03,  1.15688753046962E+03
 1.96966666700000E+03,  2.05677806324295E-01,  4.83250000000000E-01, -2.84975060642579E+01,  1.93690000000005E+02,  7.89943608278986E+02,  1.04061183621627E+03
 1.96975000000000E+03,  3.71116568804525E-01,  6.97000000000000E-01, -2.84753663934583E+01,  1.93870000000005E+02,  4.79145768836375E+02,  8.64374000038941E+02
 1.96983333300000E+03,  4.62235842824775E-01,  7.62000000000000E-01, -2.84531251306213E+01,  1.94050000000005E+02,  4.68497689435270E+02,  8.38693293253482E+02
 1.96991666700000E+03,  4.79193518281407E-01,  6.47750000000000E-01, -2.84307825138866E+01,  1.94230000000005E+02,  3.93051492517598E+02,  6.58190460880500E+02
 1.97000000000000E+03,  3.99328819121413E-01,  4.87500000000000E-01, -2.84083388157629E+01,  1.94410000000005E+02,  2.16271484819429E+02,  6.38285587933028E+02
 1.97008333300000E+03,  2.32934927720248E-01,  3.17250000000000E-01, -2.83857943431686E+01,  1.94590000000005E+02,  1.56535669956240E+02,  4.18564487054252E+02
 1.97016666700000E+03,  2.09259670936575E-02,  1.12500000000000E-01, -2.83631494374668E+01,  1.94770000000005E+02,  1.58724442921288E+02,  3.29265819621886E+02
 1.97025000000000E+03, -1.84778530353629E-01, -1.31250000000000E-01, -2.83404044744941E+01,  1.94950000000005E+02,  1.96583140219762E+02,  3.79642328066977E+02
 1.97033333300000E+03, -3.43786520272561E-01, -3.35250000000000E-01, -2.83175598645840E+01,  1.95130000000005E+02,  2.15264478903690E+02,  3.73879577749529E+02
 1.97041666700000E+03, -4.37219277174547E-01, -5.92750000000000E-01, -2.82946160525849E+01,  1.95310000000005E+02,  3.52354569151337E+02,  8.57902682425332E+02
 1.97050000000000E+03, -4.62173135573367E-01, -9.54000000000000E-01, -2.82715735178711E+01,  1.95490000000005E+02,  4.63526284971078E+02,  1.00145677542550E+03
 1.97058333300000E+03, -5.42676714156419E-01, -1.12600000000000E+00, -2.82484327743495E+01,  1.95670000000005E+02,  4.02380637646876E+02,  1.02539630315378E+03
 1.97066666700000E+03, -7.38165626322931E-01, -1.06375000000000E+00, -2.87576791520678E+01,  1.95850000000005E+02,  3.69539651855348E+02,  9.33386065290238E+02
 1.97075000000000E+03, -8.72023570460404E-01, -1.02175000000000E+00, -2.87367767295802E+01,  1.96030000000005E+02,  4.02867250050117E+02,  9.01004367899182E+02
 1.97083333300000E+03, -9.07479240573210E-01, -1.08925000000000E+00, -2.87157725377241E+01,  1.96210000000005E+02,  2.55843647036134E+02,  4.16585748156953E+02
 1.97091666700000E+03, -9.29279615042759E-01, -1.25000000000000E+00, -2.86946664035199E+01,  1.96390000000005E+02,  1.56775750083732E+02,  2.22718086243549E+02
 1.97100000000000E+03, -9.51491081305358E-01, -1.40375000000000E+00, -2.86734581874118E+01,  1.96570000000005E+02,  1.95112566149646E+02,  1.38928338439293E+02
 1.97108333300000E+03, -9.77259580609758E-01, -1.41250000000000E+00, -2.86521477833768E+01,  1.96750000000005E+02,  5.33147291130020E+02,  5.67999580242274E+02
 1.97116666700000E+03, -9.96556089945154E-01, -1.27300000000000E+00, -2.86307351190289E+01,  1.96930000000005E+02,  7.79668511503529E+02,  1.19105338353897E+03
 1.97125000000000E+03, -9.97029365830008E-01, -1.12800000000000E+00, -2.86092201557172E+01,  1.97110000000005E+02,  7.96373684213167E+02,  1.40398371461010E+03
 1.97133333300000E+03, -9.76191980123217E-01, -1.11975000000000E+00, -2.85876028886185E+01,  1.97290000000005E+02,  8.48848695985346E+02,  1.49175654633001E+03
 1.97141666700000E+03, -9.42306590842951E-01, -1.19675000000000E+00, -2.85658833468242E+01,  1.97470000000005E+02,  8.27856587285320E+02,  1.52338503268082E+03
 1.97150000000000E+03, -9.03284403802888E-01, -1.21225000000000E+00, -2.85440615934215E+01,  1.97650000000005E+02,  5.30885328833015E+02,  1.27325099846792E+03
 1.97158333300000E+03, -8.76879873669318E-01, -1.12850000000000E+00, -2.85221377255694E+01,  1.97830000000005E+02,  3.17917311388042E+02,  7.51373604317835E+02
 1.97166666700000E+03, -8.84614033306058E-01, -1.06025000000000E+00, -2.66019732519277E+01,  1.98010000000005E+02,  3.03635118761426E+02,  5.62468040732882E+02
 1.97175000000000E+03, -9.01785042342722E-01, -1.09675000000000E+00, -2.65810026251287E+01,  1.98190000000005E+02,  2.56375215741336E+02,  4.92606537225027E+02
 1.97183333300000E+03, -8.83142978741173E-01, -1.13775000000000E+00, -2.65601708039335E+01,  1.98370000000005E+02,  2.84999835378387E+02,  6.70460739918278E+02
 1.97191666700000E+03, -8.24890898783862E-01, -9.81250000000000E-01, -2.65394762617129E+01,  1.98550000000005E+02,  2.36679654856449E+02,  5.37661483239781E+02
 1.97200000000000E+03, -7.47925042066315E-01, -5.92250000000000E-01, -2.65189174515880E+01,  1.98730000000005E+02,  1.74018784380213E+02,  4.10795883408831E+02
 1.97208333300000E+03, -6.65169438076774E-01, -2.86750000000000E-01, -2.64984928067894E+01,  1.98910000000005E+02,  1.29270924976404E+02,  3.71781618651198E+02
 1.97216666700000E+03, -5.78395277458081E-01, -1.39000000000000E-01, -2.64782007410189E+01,  1.99090000000005E+02,  1.60859615108814E+02,  3.84562992491891E+02
 1.97225000000000E+03, -4.87902968099192E-01,  3.47500000000000E-02, -2.64580396488146E+01,  1.99270000000005E+02,  2.89487014592699E+02,  3.35766655523046E+02
 1.97233333300000E+03, -4.03412157968212E-01,  2.14750000000000E-01, -2.64380079059175E+01,  1.99450000000005E+02,  4.22013614322035E+02,  3.40677071367594E+02
 1.97241666700000E+03, -3.43661281182507E-01,  3.97250000000000E-01, -2.64181038696421E+01,  1.99630000000005E+02,  6.57445037464917E+02,  4.75879510129996E+02
 1.97250000000000E+03, -3.24164804121210E-01,  6.24000000000000E-01, -2.63983258792485E+01,  1.99810000000005E+02,  8.44789794895832E+02,  6.41729650030624E+02
 1.97258333300000E+03, -2.84724601572859E-01,  8.16500000000000E-01, -2.63786722563179E+01,  1.99990000000005E+02,  1.10522611659322E+03,  9.62550135429143E+02
 1.97266666700000E+03, -2.02197068953194E-01,  9.30250000000000E-01, -2.36992486819271E+01,  2.00170000000005E+02,  1.11550101908544E+03,  1.19543466854845E+03
 1.97275000000000E+03, -1.68249926010418E-01,  1.03775000000000E+00, -2.36775558785333E+01,  2.00350000000005E+02,  9.97896983726353E+02,  1.20875021957250E+03
 1.97283333300000E+03, -1.79092634371250E-01,  1.16300000000000E+00, -2.36557641852053E+01,  2.00530000000005E+02,  7.60684904376028E+02,  1.18560887508502E+03
 1.97291666700000E+03, -1.89972440111493E-01,  1.22925000000000E+00, -2.36338737887384E+01,  2.00710000000005E+02,  6.93199723876766E+02,  1.27745758751283E+03
 1.97300000000000E+03, -2.15329691397779E-01,  9.68000000000000E-01, -2.36118849082807E+01,  2.00890000000005E+02,  4.29778433212970E+02,  9.27049876699713E+02
 1.97308333300000E+03, -2.58156622229906E-01,  4.62750000000000E-01, -2.35897977953779E+01,  2.01070000000005E+02,  2.36918070459817E+02,  6.97883454954643E+02
 1.97316666700000E+03, -3.07560139629343E-01,  3.25000000000000E-02, -2.35676127340120E+01,  2.01250000000005E+02,  2.40519598866956E+02,  7.10267590681214E+02
 1.97325000000000E+03, -3.49500396510929E-01, -3.37000000000000E-01, -2.35453300406357E+01,  2.01430000000005E+02,  2.20156540544850E+02,  6.14883064842854E+02
 1.97333333300000E+03, -3.78967284682880E-01, -6.48250000000000E-01, -2.35229500642007E+01,  2.01610000000005E+02,  1.40899821309588E+02,  3.68623747003613E+02
 1.97341666700000E+03, -4.00983776099522E-01, -8.77000000000000E-01, -2.35004731861813E+01,  2.01790000000005E+02,  2.14544570464479E+02,  4.53206518680828E+02
 1.97350000000000E+03, -4.19751522037579E-01, -1.05775000000000E+00, -2.34778998205921E+01,  2.01970000000005E+02,  2.49467175969482E+02,  3.83906437004451E+02
 1.97358333300000E+03, -3.53625419216006E-01, -1.22275000000000E+00, -2.34552304140012E+01,  2.02150000000005E+02,  3.00952557022161E+02,  4.06220610570906E+02
 1.97366666700000E+03, -2.72597181495316E-01, -1.37875000000000E+00, -3.29427670852835E+01,  2.02330000000005E+02,  3.91967086477734E+02,  5.37906800524054E+02
 1.97375000000000E+03, -4.04426296552725E-01, -1.53875000000000E+00, -3.29912388374766E+01,  2.02510000000005E+02,  3.58074462343577E+02,  5.06010642767189E+02
 1.97383333300000E+03, -6.54259527852575E-01, -1.70850000000000E+00, -3.30394845805613E+01,  2.02690000000005E+02,  2.44625195640182E+02,  4.22022175488926E+02
 1.97391666700000E+03, -8.28499086425097E-01, -1.77075000000000E+00, -3.30875001754009E+01,  2.02870000000005E+02,  2.91570722749798E+02,  3.40583127709972E+02
 1.97400000000000E+03, -8.98960855023736E-01, -1.65650000000000E+00, -3.31352815054850E+01,  2.03050000000005E+02,  2.57264156987990E+02,  3.32959577454724E+02
 1.97408333300000E+03, -8.70083729251696E-01, -1.42450000000000E+00, -3.31828244773970E+01,  2.03230000000005E+02,  1.84185536220808E+02,  2.18525427352136E+02
 1.97416666700000E+03, -7.73884412760327E-01, -1.12975000000000E+00, -3.32301250212779E+01,  2.03410000000005E+02,  1.77074107856184E+02,  2.49495941008069E+02
 1.97425000000000E+03, -6.60998848833390E-01, -8.54750000000000E-01, -3.32771790912873E+01,  2.03590000000005E+02,  2.15028129579401E+02,  2.55806456908632E+02
 1.97433333300000E+03, -5.85293467532860E-01, -7.02250000000000E-01, -3.33239826660615E+01,  2.03770000000005E+02,  2.85417461234126E+02,  3.21880972567485E+02
 1.97441666700000E+03, -5.81389303794161E-01, -6.72750000000000E-01, -3.33705317491682E+01,  2.03950000000005E+02,  3.71780030898344E+02,  4.76116713488589E+02
 1.97450000000000E+03, -6.43841623197622E-01, -6.43250000000000E-01, -3.34168223695580E+01,  2.04130000000005E+02,  3.68482352585980E+02,  4.59939400727119E+02
 1.97458333300000E+03, -7.39006793574083E-01, -6.31250000000000E-01, -3.34628505820127E+01,  2.04310000000005E+02,  4.82575659765395E+02,  4.58639908849528E+02
 1.97466666700000E+03, -9.09080622807350E-01, -7.66750000000000E-01, -2.87804680481846E+01,  2.04490000000005E+02,  4.94674972579564E+02,  4.82066515512302E+02
 1.97475000000000E+03, -1.18955368115524E+00, -9.16750000000000E-01, -2.87459740810412E+01,  2.04670000000005E+02,  3.47714049376300E+02,  5.93805523225707E+02
 1.97483333300000E+03, -1.44583635122932E+00, -9.47000000000000E-01, -2.87116513265368E+01,  2.04850000000005E+02,  2.83273327259149E+02,  3.54366882066667E+02
 1.97491666700000E+03, -1.54723447948693E+00, -9.09500000000000E-01, -2.86775006652940E+01,  2.05030000000005E+02,  2.88503931553762E+02,  4.25298141215521E+02
 1.97500000000000E+03, -1.47646243726037E+00, -7.63500000000000E-01, -2.86435229421442E+01,  2.05210000000005E+02,  2.74403086277868E+02,  4.94157551851365E+02
 1.97508333300000E+03, -1.26498305027703E+00, -6.47750000000000E-01, -2.86097189661311E+01,  2.05390000000005E+02,  2.55965397673745E+02,  4.76083811156349E+02
 1.97516666700000E+03, -9.82340902884090E-01, -7.22250000000000E-01, -2.85760895105195E+01,  2.05570000000005E+02,  3.36786263722440E+02,  2.70491620660917E+02
 1.97525000000000E+03, -7.18337498956371E-01, -8.99000000000000E-01, -2.85426353128101E+01,  2.05750000000005E+02,  4.03969559134688E+02,  4.51706483586548E+02
 1.97533333300000E+03, -5.58143722583181E-01, -1.10225000000000E+00, -2.85093570747597E+01,  2.05930000000005E+02,  5.44623496876139E+02,  7.12823930891493E+02
 1.97541666700000E+03, -5.52511014859308E-01, -1.18500000000000E+00, -2.84762554624069E+01,  2.06110000000005E+02,  4.75882648900447E+02,  7.32136877512627E+02
 1.97550000000000E+03, -6.93873823560020E-01, -1.17150000000000E+00, -2.84433311061026E+01,  2.06290000000005E+02,  4.75536068328588E+02,  7.97898998261707E+02
 1.97558333300000E+03, -8.31390229033599E-01, -1.26325000000000E+00, -2.84105846005468E+01,  2.06470000000005E+02,  4.15803325184014E+02,  8.24006697776614E+02
 1.97566666700000E+03, -8.49556620621695E-01, -1.46300000000000E+00, -1.95211781374569E+01,  2.06650000000005E+02,  3.23137729439102E+02,  9.44190450389479E+02
 1.97575000000000E+03, -8.29243122566719E-01, -1.59975000000000E+00, -1.95309937034837E+01,  2.06830000000005E+02,  2.21430218661380E+02,  8.62241488030422E+02
 1.97583333300000E+03, -7.81854602093507E-01, -1.63425000000000E+00, -1.95412017264246E+01,  2.07010000000005E+02,  1.90101796981315E+02,  7.50477605185430E+02
 1.97591666700000E+03, -6.68367061482794E-01, -1.63500000000000E+00, -1.95518027818835E+01,  2.07190000000005E+02,  2.15754126233061E+02,  9.01280135212455E+02
 1.97600000000000E+03, -5.22776131414717E-01, -1.43450000000000E+00, -1.95627974057964E+01,  2.07370000000005E+02,  2.80204997412700E+02,  8.81791674509784E+02
 1.97608333300000E+03, -3.76822279848632E-01, -1.05025000000000E+00, -1.95741860942650E+01,  2.07550000000005E+02,  5.11112582326200E+02,  1.43136559268165E+03
 1.97616666700000E+03, -2.51838734279499E-01, -7.84750000000000E-01, -1.95859693033947E+01,  2.07730000000005E+02,  6.40414805232234E+02,  1.54048936217416E+03
 1.97625000000000E+03, -1.63033435019319E-01, -6.40250000000000E-01, -1.95981474491376E+01,  2.07910000000005E+02,  6.32077576239761E+02,  1.98459269138077E+03
 1.97633333300000E+03, -1.25903141754438E-01, -4.32000000000000E-01, -1.96107209071415E+01,  2.08090000000005E+02,  7.69754621884714E+02,  2.01033787183542E+03
 1.97641666700000E+03, -1.53385145285707E-01, -1.16250000000000E-01, -1.96236900126026E+01,  2.08270000000005E+02,  7.85569669413655E+02,  2.51596434968026E+03
 1.97650000000000E+03, -2.43803906700709E-01,  1.91500000000000E-01, -1.96370550601251E+01,  2.08450000000005E+02,  7.33719192806449E+02,  1.94935258618701E+03
 1.97658333300000E+03, -2.75065447262687E-01,  4.02750000000000E-01, -1.96508163035846E+01,  2.08630000000005E+02,  6.50842657856845E+02,  1.70295104001501E+03
 1.97666666700000E+03, -1.10110155386693E-01,  5.84750000000000E-01, -2.48607143451710E+01,  2.08810000000005E+02,  6.47802310485703E+02,  1.34765838396950E+03
 1.97675000000000E+03,  1.70331455047531E-01,  7.38250000000000E-01, -2.49137268449343E+01,  2.08990000000005E+02,  4.67650287569076E+02,  1.13727886371288E+03
 1.97683333300000E+03,  4.23012580694256E-01,  7.15000000000000E-01, -2.49667912038722E+01,  2.09170000000005E+02,  4.11503062161611E+02,  7.13517628746869E+02
 1.97691666700000E+03,  5.68100699078904E-01,  6.29250000000000E-01, -2.50199030676746E+01,  2.09350000000005E+02,  2.58120652094014E+02,  7.64185476247685E+02
 1.97700000000000E+03,  5.65285670926660E-01,  6.30750000000000E-01, -2.50730580732560E+01,  2.09530000000005E+02,  2.06504262891189E+02,  7.28087130655277E+02
 1.97708333300000E+03,  4.47444288633986E-01,  5.20250000000000E-01, -2.51262518492376E+01,  2.09710000000005E+02,  3.10259743290421E+02,  7.60129033734592E+02
 1.97716666700000E+03,  2.97137528566523E-01,  1.86000000000000E-01, -2.51794800164311E+01,  2.09890000000005E+02,  4.01056411609372E+02,  8.59253873284431E+02
 1.97725000000000E+03,  1.93551642000595E-01, -1.11250000000000E-01, -2.52327381883231E+01,  2.10070000000005E+02,  3.82739836008854E+02,  1.07160486796619E+03
 1.97733333300000E+03,  1.65491649184606E-01, -2.60000000000000E-02, -2.52860219715610E+01,  2.10250000000005E+02,  3.33327854220523E+02,  8.95514761224510E+02
 1.97741666700000E+03,  1.82023024015825E-01,  2.59500000000000E-01, -2.53393269664396E+01,  2.10430000000005E+02,  3.02101741353484E+02,  7.76752649637557E+02
 1.97750000000000E+03,  1.84979584604681E-01,  3.56500000000000E-01, -2.53926487673888E+01,  2.10610000000005E+02,  3.64383097747538E+02,  7.03565951152238E+02
 1.97758333300000E+03,  8.11811147808628E-02,  2.96750000000000E-01, -2.54459829634624E+01,  2.10790000000005E+02,  4.08045239827954E+02,  5.85288491917898E+02
 1.97766666700000E+03, -1.07826580106633E-02,  3.20250000000000E-01, -2.65039115072384E+01,  2.10970000000005E+02,  6.24844642442702E+02,  4.44555171961177E+02
 1.97775000000000E+03,  1.54380941921241E-01,  5.04000000000000E-01, -2.64835843394743E+01,  2.11150000000005E+02,  6.01908348629478E+02,  2.78675558417656E+02
 1.97783333300000E+03,  4.37832377072267E-01,  6.66250000000000E-01, -2.64633885740809E+01,  2.11330000000005E+02,  7.10956173765091E+02,  3.58165562543961E+02
 1.97791666700000E+03,  5.93458223782906E-01,  6.97500000000000E-01, -2.64433225917622E+01,  2.11510000000006E+02,  5.53990368352829E+02,  5.56592777901886E+02
 1.97800000000000E+03,  5.74728443392375E-01,  6.31500000000000E-01, -2.64233847546967E+01,  2.11690000000006E+02,  5.59059936660715E+02,  8.22982831294007E+02
 1.97808333300000E+03,  4.17234543587999E-01,  4.76500000000000E-01, -2.64035734069095E+01,  2.11870000000006E+02,  4.99705224806721E+02,  8.37623958394176E+02
 1.97816666700000E+03,  2.11853470352703E-01,  2.55000000000000E-01, -2.63838868746464E+01,  2.12050000000006E+02,  6.66190865541238E+02,  9.68281612484408E+02
 1.97825000000000E+03,  4.59905388096383E-02,  3.85000000000000E-02, -2.63643234667508E+01,  2.12230000000006E+02,  5.46629877049515E+02,  9.14758368357506E+02
 1.97833333300000E+03, -4.81345396699067E-02, -1.18750000000000E-01, -2.63448814750432E+01,  2.12410000000006E+02,  6.31728148147501E+02,  7.48922031054643E+02
 1.97841666700000E+03, -1.03892345841331E-01, -2.97750000000000E-01, -2.63255591747025E+01,  2.12590000000006E+02,  4.80149057185276E+02,  5.08696786081704E+02
 1.97850000000000E+03, -1.84632072666469E-01, -4.82250000000000E-01, -2.63063548246501E+01,  2.12770000000006E+02,  4.08203691134720E+02,  5.68726882252056E+02
 1.97858333300000E+03, -1.97425536578834E-01, -5.37250000000000E-01, -2.62872666679358E+01,  2.12950000000006E+02,  2.96447674778070E+02,  4.46435211221700E+02
 1.97866666700000E+03, -4.49133247156374E-02, -3.90000000000000E-01, -2.80729859596306E+01,  2.13130000000006E+02,  3.49123454583029E+02,  4.67772540895296E+02
 1.97875000000000E+03,  1.16267439042595E-01, -9.47500000000000E-02, -2.80322964615016E+01,  2.13310000000006E+02,  3.15349354591508E+02,  4.77743695212861E+02
 1.97883333300000E+03,  1.93557225604555E-01,  9.02500000000000E-02, -2.79915256469972E+01,  2.13490000000006E+02,  4.18972623527618E+02,  5.67814913524845E+02
 1.97891666700000E+03,  2.25248032222125E-01,  7.17500000000000E-02, -2.79506769630988E+01,  2.13670000000006E+02,  3.14318049749671E+02,  3.51316643424875E+02
 1.97900000000000E+03,  2.22873029917511E-01, -2.42500000000000E-02, -2.79097538477489E+01,  2.13850000000006E+02,  3.00355262707929E+02,  5.00185800611920E+02
 1.97908333300000E+03,  2.11741483450051E-01, -1.36250000000000E-01, -2.78687597294305E+01,  2.14030000000006E+02,  2.89445604663160E+02,  4.83339662348962E+02
 1.97916666700000E+03,  2.21532652828626E-01, -1.33000000000000E-01, -2.78276980267497E+01,  2.14210000000006E+02,  2.37866303563811E+02,  4.58808667499125E+02
 1.97925000000000E+03,  2.67555527041677E-01,  2.52500000000000E-02, -2.77865721480189E+01,  2.14390000000006E+02,  1.68720916097422E+02,  3.14185798878290E+02
 1.97933333300000E+03,  3.37270312469522E-01,  1.31500000000000E-01, -2.77453854908439E+01,  2.14570000000006E+02,  1.85712413341291E+02,  3.17270217755640E+02
 1.97941666700000E+03,  3.95197620435799E-01,  1.04250000000000E-01, -2.77041414417114E+01,  2.14750000000006E+02,  1.84334275926083E+02,  2.54388806155949E+02
 1.97950000000000E+03,  4.04856808534616E-01,  5.87500000000000E-02, -2.76628433755804E+01,  2.14930000000006E+02,  2.45669016426138E+02,  4.06628671681600E+02
 1.97958333300000E+03,  2.41652881588700E-01,  1.26750000000000E-01, -2.76214946554746E+01,  2.15110000000006E+02,  2.98681905892912E+02,  4.53068733526498E+02
 1.97966666700000E+03, -5.56375120428984E-04,  2.70000000000000E-01, -3.10822607249765E+01,  2.15290000000006E+02,  2.98743846804985E+02,  4.49813848623059E+02
 1.97975000000000E+03, -1.33427833771121E-02,  3.21500000000000E-01, -3.10995259829024E+01,  2.15470000000006E+02,  4.45164176003700E+02,  4.80869869621128E+02
 1.97983333300000E+03,  1.05248555493064E-01,  3.37250000000000E-01, -3.11163457982821E+01,  2.15650000000006E+02,  4.04674853264021E+02,  5.54252093526517E+02
 1.97991666700000E+03,  1.57722282004743E-01,  4.16000000000000E-01, -3.11327192627322E+01,  2.15830000000006E+02,  3.66372296913865E+02,  5.01094074726075E+02
 1.98000000000000E+03,  1.63811192807962E-01,  4.34500000000000E-01, -3.11486455118648E+01,  2.16010000000006E+02,  3.68690856020083E+02,  3.81327803899071E+02
 1.98008333300000E+03,  1.58293968728732E-01,  3.64500000000000E-01, -3.11641237253331E+01,  2.16190000000006E+02,  3.68954173637136E+02,  5.72758215772928E+02
 1.98016666700000E+03,  1.79242182476007E-01,  3.50500000000000E-01, -3.11791531268723E+01,  2.16370000000006E+02,  2.69349730659246E+02,  5.44448263228004E+02
 1.98025000000000E+03,  2.47506674958202E-01,  4.13250000000000E-01, -3.11937329843346E+01,  2.16550000000006E+02,  3.25921926881774E+02,  4.11255091154831E+02
 1.98033333300000E+03,  3.52495272197257E-01,  3.84250000000000E-01, -3.12078626097182E+01,  2.16730000000006E+02,  2.64047346613255E+02,  4.00237790883810E+02
 1.98041666700000E+03,  4.57480481106125E-01,  2.28750000000000E-01, -3.12215413591920E+01,  2.16910000000006E+02,  3.61003465268465E+02,  4.35649457705352E+02
 1.98050000000000E+03,  5.22816037421731E-01,  1.18250000000000E-01, -3.12347686331135E+01,  2.17090000000006E+02,  3.50987738735392E+02,  2.49311336234919E+02
 1.98058333300000E+03,  2.74922050051332E-01,  1.02250000000000E-01, -3.12475438760422E+01,  2.17270000000006E+02,  2.95255900548459E+02,  2.63381686824593E+02
 1.98066666700000E+03, -2.41951495859165E-01,  1.31750000000000E-01, -1.47058698098234E+01,  2.17450000000006E+02,  3.20511160407735E+02,  3.61713983901383E+02
 1.98075000000000E+03, -4.51668115930140E-01,  2.21250000000000E-01, -1.46968856864369E+01,  2.17630000000006E+02,  3.35870788091801E+02,  4.18626763326484E+02
 1.98083333300000E+03, -3.62012879239804E-01,  3.54750000000000E-01, -1.46882042856011E+01,  2.17810000000006E+02,  2.02023520211438E+02,  3.97464985300967E+02
 1.98091666700000E+03, -2.67945203845648E-01,  3.16000000000000E-01, -1.46798278174566E+01,  2.17990000000006E+02,  1.99742202165373E+02,  4.18843750556960E+02
 1.98100000000000E+03, -1.90272030540881E-01,  4.77500000000000E-02, -1.46717584690250E+01,  2.18170000000006E+02,  3.64707826079872E+02,  4.69233944213122E+02
 1.98108333300000E+03, -1.37960102782736E-01, -8.65000000000000E-02, -1.46639984038536E+01,  2.18350000000006E+02,  2.92843444614623E+02,  4.26988294766865E+02
 1.98116666700000E+03, -1.05475815319603E-01, -4.77500000000000E-02, -1.46565497616629E+01,  2.18530000000006E+02,  2.72514978661820E+02,  2.60025763768684E+02
 1.98125000000000E+03, -8.32813182961038E-02, -6.17500000000000E-02, -1.46494146579970E+01,  2.18710000000006E+02,  2.47277414856025E+02,  2.51934793371902E+02
 1.98133333300000E+03, -6.97576878871132E-02, -6.57500000000000E-02, -1.46425951838766E+01,  2.18890000000006E+02,  2.20473223229532E+02,  2.33348146662531E+02
 1.98141666700000E+03, -7.19649147458928E-02, -8.00000000000000E-02, -1.46360934054543E+01,  2.19070000000006E+02,  5.67259371984986E+01,  1.76988269434348E+02
 1.98150000000000E+03, -9.45845448864060E-02, -1.35250000000000E-01, -1.46299113636733E+01,  2.19250000000006E+02,  6.09160654429370E+01,  9.38276552054201E+01
 1.98158333300000E+03, -5.07005368947716E-02, -6.72500000000000E-02, -1.46240510739288E+01,  2.19430000000006E+02,  1.45001970842414E+02,  2.67011952552475E+02
 1.98166666700000E+03,  1.00384434236573E-01,  7.15000000000000E-02, -2.52373899336015E+01,  2.19610000000006E+02,  1.64567220923375E+02,  2.75447808648923E+02
 1.98175000000000E+03,  2.51828104424976E-01,  1.31750000000000E-01, -2.51983851972082E+01,  2.19790000000006E+02,  2.40637165210576E+02,  2.98154283575655E+02
 1.98183333300000E+03,  4.01405129050703E-01,  1.65500000000000E-01, -2.51594964038401E+01,  2.19970000000006E+02,  2.71958535727976E+02,  3.82665966376456E+02
 1.98191666700000E+03,  5.81337653463861E-01,  1.69000000000000E-01, -2.51207255375829E+01,  2.20150000000006E+02,  3.33694904736268E+02,  5.87451005659026E+02
 1.98200000000000E+03,  7.38891317041277E-01,  1.25750000000000E-01, -2.50820745518272E+01,  2.20330000000006E+02,  2.55274862034587E+02,  4.44189120189392E+02
 1.98208333300000E+03,  8.31861766990396E-01,  1.27000000000000E-01, -2.50435453690981E+01,  2.20510000000006E+02,  2.50098792599057E+02,  4.31216938433533E+02
 1.98216666700000E+03,  8.41193628754206E-01,  2.01000000000000E-01, -2.50051398808895E+01,  2.20690000000006E+02,  1.83123661309223E+02,  4.54280671131465E+02
 1.98225000000000E+03,  7.68047680445847E-01,  3.40750000000000E-01, -2.49668599475032E+01,  2.20870000000006E+02,  2.89616046956937E+02,  3.90462162029794E+02
 1.98233333300000E+03,  6.24832872212279E-01,  5.32750000000000E-01, -2.49287073978925E+01,  2.21050000000006E+02,  2.97103697293227E+02,  3.00804554032645E+02
 1.98241666700000E+03,  4.31969196507429E-01,  6.98000000000000E-01, -2.48906840295114E+01,  2.21230000000006E+02,  2.84699665101802E+02,  3.82572856790599E+02
 1.98250000000000E+03,  2.21795827525686E-01,  8.14750000000000E-01, -2.48527916081676E+01,  2.21410000000006E+02,  3.57258570294150E+02,  8.05562765652304E+02
 1.98258333300000E+03,  9.88108341741942E-02,  1.03675000000000E+00, -2.48150318678818E+01,  2.21590000000006E+02,  5.15609408680873E+02,  8.23226631997562E+02
 1.98266666700000E+03,  1.40261842318369E-01,  1.40950000000000E+00, -1.46133166311816E+01,  2.21770000000006E+02,  3.54045286626679E+02,  8.02123249316410E+02
 1.98275000000000E+03,  2.79951821923751E-01,  1.68525000000000E+00, -1.46084325864799E+01,  2.21950000000006E+02,  3.32559968835327E+02,  7.62975530767884E+02
 1.98283333300000E+03,  4.67891422657778E-01,  1.78350000000000E+00, -1.46038780883808E+01,  2.22130000000006E+02,  3.49004200492075E+02,  8.19706727710132E+02
 1.98291666700000E+03,  6.84560329366016E-01,  1.88650000000000E+00, -1.45996550196335E+01,  2.22310000000006E+02,  2.81394464780161E+02,  4.26690448695489E+02
 1.98300000000000E+03,  8.72744384400343E-01,  1.99750000000000E+00, -1.45957652354714E+01,  2.22490000000006E+02,  1.95416051644079E+02,  5.83651131344427E+02
 1.98308333300000E+03,  9.85757035878505E-01,  1.97425000000000E+00, -1.45922105632941E+01,  2.22670000000006E+02,  2.29474726858116E+02,  5.78978897085728E+02
 1.98316666700000E+03,  1.00142560977716E+00,  1.74150000000000E+00, -1.45889928023543E+01,  2.22850000000006E+02,  2.22567536860961E+02,  6.45816810829504E+02
 1.98325000000000E+03,  9.20187267311562E-01,  1.47675000000000E+00, -1.45861137234464E+01,  2.23030000000006E+02,  2.10023385165030E+02,  6.99497556022409E+02
 1.98333333300000E+03,  7.56500217350603E-01,  1.38150000000000E+00, -1.45835750685992E+01,  2.23210000000006E+02,  2.51428810675275E+02,  7.53140033482847E+02
 1.98341666700000E+03,  5.35221077515280E-01,  1.31800000000000E+00, -1.45813785507722E+01,  2.23390000000006E+02,  2.00914235849098E+02,  5.55047369684501E+02
 1.98350000000000E+03,  2.94471500103731E-01,  1.13575000000000E+00, -1.45795258535549E+01,  2.23570000000006E+02,  2.17448155254859E+02,  6.33918955147856E+02
 1.98358333300000E+03,  1.45959604058531E-01,  7.89250000000000E-01, -1.45780186308693E+01,  2.23750000000006E+02,  1.73083166574530E+02,  4.94977085286898E+02
 1.98366666700000E+03,  1.30587015365607E-01,  3.19250000000000E-01, -2.14541466128457E+01,  2.23930000000006E+02,  1.81397316203412E+02,  3.27338246724109E+02
 1.98375000000000E+03,  1.24524528424836E-01, -4.50000000000000E-02, -2.14354974839783E+01,  2.24110000000006E+02,  1.23687364809003E+02,  4.55998587998331E+02
 1.98383333300000E+03,  9.46271570369807E-02, -9.30000000000000E-02, -2.14169570072666E+01,  2.24290000000006E+02,  1.21458131059520E+02,  4.34220203784603E+02
 1.98391666700000E+03,  7.44778463699920E-02,  6.82500000000000E-02, -2.13985234537128E+01,  2.24470000000006E+02,  7.84644627062560E+01,  3.52865495851532E+02
 1.98400000000000E+03,  4.83856560769071E-02,  1.37000000000000E-01, -2.13801950809824E+01,  2.24650000000006E+02,  9.35483860305538E+01,  3.91966013108248E+02
 1.98408333300000E+03,  1.17415060912723E-02,  7.02500000000000E-02, -2.13619701337728E+01,  2.24830000000006E+02,  2.44408648306466E+02,  4.53115372075405E+02
 1.98416666700000E+03, -2.64385074133595E-02, -4.22500000000000E-02, -2.13438468441838E+01,  2.25010000000006E+02,  4.62963256409757E+02,  5.76935099573758E+02
 1.98425000000000E+03, -5.40933077648403E-02, -2.08750000000000E-01, -2.13258234320896E+01,  2.25190000000006E+02,  4.46327621469286E+02,  6.13094475919734E+02
 1.98433333300000E+03, -6.80915288558421E-02, -4.00500000000000E-01, -2.13078981055124E+01,  2.25370000000006E+02,  6.71149203689513E+02,  6.85483158379209E+02
 1.98441666700000E+03, -7.50096809177563E-02, -5.08000000000000E-01, -2.12900690609972E+01,  2.25550000000006E+02,  7.95525938130308E+02,  6.77351403368661E+02
 1.98450000000000E+03, -8.00585724733915E-02, -4.66250000000000E-01, -2.12723344839887E+01,  2.25730000000006E+02,  6.43610387816563E+02,  6.20991158731144E+02
 1.98458333300000E+03, -6.44484392012763E-02, -3.29500000000000E-01, -2.12546925492093E+01,  2.25910000000006E+02,  4.61203874284437E+02,  2.90535897704831E+02
 1.98466666700000E+03, -7.06336398455550E-02, -2.37500000000000E-01, -1.39132299289874E+01,  2.26090000000006E+02,  4.86830757373271E+02,  3.67070559914819E+02
 1.98475000000000E+03, -1.69018168922575E-01, -3.33000000000000E-01, -1.38915922378890E+01,  2.26270000000006E+02,  6.19224753680603E+02,  4.13494279366753E+02
 1.98483333300000E+03, -3.00527632528268E-01, -5.94750000000000E-01, -1.38698629884892E+01,  2.26450000000006E+02,  7.40146099935868E+02,  3.90676407425985E+02
 1.98491666700000E+03, -4.03134974986437E-01, -7.55000000000000E-01, -1.38480425330574E+01,  2.26630000000006E+02,  8.84997604740113E+02,  3.23754755523168E+02
 1.98500000000000E+03, -4.86528010775078E-01, -6.90750000000000E-01, -1.38261312527212E+01,  2.26810000000006E+02,  8.56387350685803E+02,  3.27040528784560E+02
 1.98508333300000E+03, -5.51245479975827E-01, -6.30750000000000E-01, -1.38041295574777E+01,  2.26990000000006E+02,  1.01620595461315E+03,  3.38732768118625E+02
 1.98516666700000E+03, -5.86539247356713E-01, -6.50250000000000E-01, -1.37820378861989E+01,  2.27170000000006E+02,  6.89003333908628E+02,  3.69217836137938E+02
 1.98525000000000E+03, -5.81157028256934E-01, -6.90250000000000E-01, -1.37598567066340E+01,  2.27350000000006E+02,  4.94229355442680E+02,  3.48972478225586E+02
 1.98533333300000E+03, -5.35289018965074E-01, -6.71500000000000E-01, -1.37375865154057E+01,  2.27530000000006E+02,  6.94664583416589E+02,  4.67328045246540E+02
 1.98541666700000E+03, -4.61081557757985E-01, -4.96500000000000E-01, -1.37152278380038E+01,  2.27710000000006E+02,  7.31450598442301E+02,  6.58358916122882E+02
 1.98550000000000E+03, -3.71080286384239E-01, -3.13750000000000E-01, -1.36927812287732E+01,  2.27890000000006E+02,  5.59363251515952E+02,  6.75494840880169E+02
 1.98558333300000E+03, -1.72653878005452E-01, -2.64250000000000E-01, -1.36702472708978E+01,  2.28070000000006E+02,  5.71964429355205E+02,  8.21587365984139E+02
 1.98566666700000E+03,  7.82260558123335E-02, -3.09000000000000E-01, -1.69233060754345E+01,  2.28250000000006E+02,  5.44278867900552E+02,  8.73392681873549E+02
 1.98575000000000E+03,  1.42944172890611E-01, -3.46750000000000E-01, -1.68972726057036E+01,  2.28430000000006E+02,  2.37030111348389E+02,  9.51765771285566E+02
 1.98583333300000E+03,  9.76090415536950E-02, -2.91500000000000E-01, -1.68712495365083E+01,  2.28610000000006E+02,  3.55558396167344E+02,  1.07583952580919E+03
 1.98591666700000E+03,  9.56402594586021E-02, -2.59750000000000E-01, -1.68452392254957E+01,  2.28790000000006E+02,  3.79075980861300E+02,  1.10403349982575E+03
 1.98600000000000E+03,  1.20730874934667E-01, -2.53000000000000E-01, -1.68192440494256E+01,  2.28970000000006E+02,  4.71248420522213E+02,  8.51667074973683E+02
 1.98608333300000E+03,  1.62769097669108E-01, -1.19250000000000E-01, -1.67932664038608E+01,  2.29150000000006E+02,  4.93184022759706E+02,  8.44618925801163E+02
 1.98616666700000E+03,  2.21079472798941E-01,  1.90000000000000E-02, -1.67673087028545E+01,  2.29330000000006E+02,  4.57351234192445E+02,  7.01227486678202E+02
 1.98625000000000E+03,  2.95065268643969E-01,  2.62500000000000E-02, -1.67413733786348E+01,  2.29510000000006E+02,  2.97052298869514E+02,  5.00239131704321E+02
 1.98633333300000E+03,  3.73819380006179E-01,  3.05000000000000E-02, -1.67154628812849E+01,  2.29690000000006E+02,  2.65215232943767E+02,  3.62532364764031E+02
 1.98641666700000E+03,  4.37090861553575E-01,  2.09250000000000E-01, -1.66895796784215E+01,  2.29870000000006E+02,  1.34809495179412E+02,  3.82898897072755E+02
 1.98650000000000E+03,  4.68043412406945E-01,  4.31500000000000E-01, -1.66637262548690E+01,  2.30050000000006E+02,  2.13805196062716E+02,  6.52194064066595E+02
 1.98658333300000E+03,  5.74117099894670E-01,  5.34250000000000E-01, -1.66379051123319E+01,  2.30230000000006E+02,  2.42422969290843E+02,  6.86422721854962E+02
 1.98666666700000E+03,  7.97769135803415E-01,  6.37750000000000E-01, -2.49677686248202E+01,  2.30410000000006E+02,  3.63466568831197E+02,  9.58357948093963E+02
 1.98675000000000E+03,  9.57085569758551E-01,  8.32000000000000E-01, -2.50036361519911E+01,  2.30590000000006E+02,  6.11346847280851E+02,  1.05992798088277E+03
 1.98683333300000E+03,  1.00974275337632E+00,  1.02275000000000E+00, -2.50391591335427E+01,  2.30770000000006E+02,  7.16280664809591E+02,  1.09431269308102E+03
 1.98691666700000E+03,  1.02001024653749E+00,  1.06775000000000E+00, -2.50743348664539E+01,  2.30950000000006E+02,  6.06077332718026E+02,  7.99273343433567E+02
 1.98700000000000E+03,  9.83914766554397E-01,  1.02050000000000E+00, -2.51091606814326E+01,  2.31130000000006E+02,  5.70741569207919E+02,  9.71513362310799E+02
 1.98708333300000E+03,  9.11768237703734E-01,  1.06700000000000E+00, -2.51436339431843E+01,  2.31310000000006E+02,  4.84599908575381E+02,  9.82035933280005E+02
 1.98716666700000E+03,  8.25660311946232E-01,  1.16175000000000E+00, -2.51777520506749E+01,  2.31490000000006E+02,  2.93102016193860E+02,  9.23337168402590E+02
 1.98725000000000E+03,  7.44997888295933E-01,  1.17625000000000E+00, -2.52115124373916E+01,  2.31670000000006E+02,  1.75620573824658E+02,  8.59336049227283E+02
 1.98733333300000E+03,  6.72765442124064E-01,  1.18625000000000E+00, -2.52449125715973E+01,  2.31850000000006E+02,  4.69000547186244E+02,  1.13467992475472E+03
 1.98741666700000E+03,  5.95396742070228E-01,  1.29050000000000E+00, -2.52779499565825E+01,  2.32030000000006E+02,  6.89662655254334E+02,  1.02266627042378E+03
 1.98750000000000E+03,  4.96566545713584E-01,  1.45075000000000E+00, -2.53106221309114E+01,  2.32210000000006E+02,  6.59510811605456E+02,  6.66034360162968E+02
 1.98758333300000E+03,  5.40789658283835E-01,  1.55675000000000E+00, -2.53429266686650E+01,  2.32390000000006E+02,  6.93883389095278E+02,  7.09775597350059E+02
 1.98766666700000E+03,  7.56358339097235E-01,  1.55025000000000E+00, -2.01328378259244E+01,  2.32570000000006E+02,  8.50001792657996E+02,  7.93012235828935E+02
 1.98775000000000E+03,  8.14592414139348E-01,  1.43625000000000E+00, -2.00952834206482E+01,  2.32750000000006E+02,  5.16113438942297E+02,  7.02460082157730E+02
 1.98783333300000E+03,  6.65733394949726E-01,  1.28650000000000E+00, -2.00578547352628E+01,  2.32930000000006E+02,  4.25170497887044E+02,  5.55717517282849E+02
 1.98791666700000E+03,  4.62178534645167E-01,  1.08100000000000E+00, -2.00205534512837E+01,  2.33110000000006E+02,  6.45562656734205E+02,  6.82268894861201E+02
 1.98800000000000E+03,  2.40986152773708E-01,  7.15500000000000E-01, -1.99833812202702E+01,  2.33290000000006E+02,  6.11555773873206E+02,  5.73761910831817E+02
 1.98808333300000E+03,  4.65893786531916E-02,  3.89750000000000E-01, -1.99463396636993E+01,  2.33470000000006E+02,  8.33808254179857E+02,  6.53563908824902E+02
 1.98816666700000E+03, -7.93191864835828E-02,  1.83500000000000E-01, -1.99094303728447E+01,  2.33650000000006E+02,  9.25726788500892E+02,  5.77692806460074E+02
 1.98825000000000E+03, -1.15758434318765E-01, -1.52250000000000E-01, -1.98726549086597E+01,  2.33830000000006E+02,  8.10513217053961E+02,  5.95739113295913E+02
 1.98833333300000E+03, -7.50336209563321E-02, -5.67500000000000E-01, -1.98360148016649E+01,  2.34010000000006E+02,  7.69108321325079E+02,  7.35894343155557E+02
 1.98841666700000E+03,  2.29072049482232E-03, -8.62750000000000E-01, -1.97995115518405E+01,  2.34190000000006E+02,  8.51897415564866E+02,  7.42273597416763E+02
 1.98850000000000E+03,  6.86619148433619E-02, -9.68250000000000E-01, -1.97631466285230E+01,  2.34370000000006E+02,  5.52013449491373E+02,  5.56070126660424E+02
 1.98858333300000E+03, -3.49169184898904E-02, -9.75000000000000E-01, -1.97269214703064E+01,  2.34550000000006E+02,  5.43451812187892E+02,  5.43329159934168E+02
 1.98866666700000E+03, -3.41866006727437E-01, -1.12225000000000E+00, -6.79824734328243E+00,  2.34730000000006E+02,  7.39602619450130E+02,  7.12265607652962E+02
 1.98875000000000E+03, -6.04082959976527E-01, -1.37275000000000E+00, -6.78138616605171E+00,  2.34910000000006E+02,  5.78471737511781E+02,  4.16007725495779E+02
 1.98883333300000E+03, -7.57934814717828E-01, -1.46100000000000E+00, -6.76460809635692E+00,  2.35090000000006E+02,  4.67083786866753E+02,  4.47636710006720E+02
 1.98891666700000E+03, -8.74526190768608E-01, -1.44650000000000E+00, -6.74791152782031E+00,  2.35270000000006E+02,  4.45791956296123E+02,  5.84060851752337E+02
 1.98900000000000E+03, -9.35533393721082E-01, -1.37300000000000E+00, -6.73129484603395E+00,  2.35450000000006E+02,  5.56980378623858E+02,  7.26116108779632E+02
 1.98908333300000E+03, -9.24559300066464E-01, -1.17650000000000E+00, -6.71475642886386E+00,  2.35630000000006E+02,  6.26880036687472E+02,  6.34280556646307E+02
 1.98916666700000E+03, -8.30727754044076E-01, -1.00400000000000E+00, -6.69829464675502E+00,  2.35810000000006E+02,  7.24110757040891E+02,  1.01797021312859E+03
 1.98925000000000E+03, -6.60447871731803E-01, -8.79750000000000E-01, -6.68190786303736E+00,  2.35990000000006E+02,  8.31625271949938E+02,  1.01833244438648E+03
 1.98933333300000E+03, -4.45400615877992E-01, -7.65750000000000E-01, -6.66559443423227E+00,  2.36170000000006E+02,  1.51094033298463E+03,  1.43077580118440E+03
 1.98941666700000E+03, -2.35302668239292E-01, -6.14000000000000E-01, -6.64935271036006E+00,  2.36350000000006E+02,  1.46444830061436E+03,  1.22980123427960E+03
 1.98950000000000E+03, -7.69386580961189E-02, -5.01750000000000E-01, -6.63318103524801E+00,  2.36530000000006E+02,  1.21557775033093E+03,  1.19135504867880E+03
 1.98958333300000E+03, -1.95446306422329E-01, -5.22500000000000E-01, -6.61707774683904E+00,  2.36710000000006E+02,  1.14152426198828E+03,  9.17603065741670E+02
 1.98966666700000E+03, -5.74841217748076E-01, -5.41000000000000E-01, -4.94286154153506E+00,  2.36890000000006E+02,  1.06170253837964E+03,  9.01224226056619E+02
 1.98975000000000E+03, -7.59649484059321E-01, -5.29500000000000E-01, -4.93960315484619E+00,  2.37070000000006E+02,  3.49597087156294E+02,  4.69295866219675E+02
 1.98983333300000E+03, -7.08829288798080E-01, -4.26000000000000E-01, -4.93666264453271E+00,  2.37250000000006E+02,  5.95829070043233E+02,  7.30356229047340E+02
 1.98991666700000E+03, -6.27649722690864E-01, -2.31000000000000E-01, -4.93404161142651E+00,  2.37430000000006E+02,  5.66062958177844E+02,  6.79404222866598E+02
 1.99000000000000E+03, -5.38667561646001E-01, -1.05750000000000E-01, -4.93174163075645E+00,  2.37610000000006E+02,  5.69966917680147E+02,  6.23877638433358E+02
 1.99008333300000E+03, -4.54030013688776E-01, -8.65000000000000E-02, -4.92976425188912E+00,  2.37790000000007E+02,  5.60401358761939E+02,  7.95459722453076E+02
 1.99016666700000E+03, -3.72485386000415E-01, -7.60000000000000E-02, -4.92811099807236E+00,  2.37970000000007E+02,  6.03143799176771E+02,  7.34041129816917E+02
 1.99025000000000E+03, -2.89521088958023E-01,  3.50000000000000E-03, -4.92678336618178E+00,  2.38150000000007E+02,  2.09153537903749E+02,  4.21633495381110E+02
 1.99033333300000E+03, -2.08925748370492E-01,  2.47500000000000E-02, -4.92578282647016E+00,  2.38330000000007E+02,  2.00136646699037E+02,  4.76373850512115E+02
 1.99041666700000E+03, -1.43206643992602E-01, -2.70000000000000E-02, -4.92511082231981E+00,  2.38510000000007E+02,  7.48274785844736E+02,  7.28781854380720E+02
 1.99050000000000E+03, -1.02224952356137E-01, -2.52500000000000E-02, -4.92476876999796E+00,  2.38690000000007E+02,  8.74919223281191E+02,  8.44104630284942E+02
 1.99058333300000E+03,  3.75984165182340E-02,  1.55000000000000E-02, -4.92475805841518E+00,  2.38870000000007E+02,  8.21848597772585E+02,  8.07481563158164E+02
 1.99066666700000E+03,  2.83250936931386E-01,  5.50000000000000E-03, -1.68540972312251E+01,  2.39050000000007E+02,  8.34423629158623E+02,  8.03202585653912E+02
 1.99075000000000E+03,  4.05874840289840E-01, -7.37500000000000E-02, -1.68625623727469E+01,  2.39230000000007E+02,  1.22751792618888E+03,  8.14516164175509E+02
 1.99083333300000E+03,  4.24271871582604E-01, -1.35500000000000E-01, -1.68706121798204E+01,  2.39410000000007E+02,  7.20964468941746E+02,  5.50950375270017E+02
 1.99091666700000E+03,  4.55820665871268E-01, -1.03750000000000E-01, -1.68782465760496E+01,  2.39590000000007E+02,  5.53888673984902E+02,  2.41052477256105E+02
 1.99100000000000E+03,  4.80571921224283E-01, -1.15000000000000E-02, -1.68854655216428E+01,  2.39770000000007E+02,  6.36646975567159E+02,  3.20063709491737E+02
 1.99108333300000E+03,  4.89630563139678E-01,  3.25000000000000E-02, -1.68922690133680E+01,  2.39950000000007E+02,  7.56965919940239E+02,  1.02311124979267E+03
 1.99116666700000E+03,  4.87981169986537E-01,  1.85000000000000E-02, -1.68986570845040E+01,  2.40130000000007E+02,  4.14716724007837E+02,  9.46359977966588E+02
 1.99125000000000E+03,  4.84165126752630E-01,  5.25000000000000E-02, -1.69046298047876E+01,  2.40310000000007E+02,  6.81398447958757E+02,  1.49370638364755E+03
 1.99133333300000E+03,  4.78523463106536E-01,  1.71000000000000E-01, -1.69101872803568E+01,  2.40490000000007E+02,  6.95655150159378E+02,  1.50071716428183E+03
 1.99141666700000E+03,  4.62584773386997E-01,  3.00000000000000E-01, -1.69153296536896E+01,  2.40670000000007E+02,  7.26594390789160E+02,  1.49657929230912E+03
 1.99150000000000E+03,  4.30245691541339E-01,  3.60250000000000E-01, -1.69200571035388E+01,  2.40850000000007E+02,  6.68803450979537E+02,  1.08279612740888E+03
 1.99158333300000E+03,  4.54287750310918E-01,  3.23000000000000E-01, -1.69243698448630E+01,  2.41030000000007E+02,  8.09758318114948E+02,  1.23450287598017E+03
 1.99166666700000E+03,  5.50511189853657E-01,  3.86500000000000E-01, -1.69069962149109E+01,  2.41210000000007E+02,  5.29053099824257E+02,  8.25425810461885E+02
 1.99175000000000E+03,  6.02138563850871E-01,  6.65750000000000E-01, -1.69123806866598E+01,  2.41390000000007E+02,  6.03915519722734E+02,  9.02811642530778E+02
 1.99183333300000E+03,  6.14503171616449E-01,  9.21250000000000E-01, -1.69173501262589E+01,  2.41570000000007E+02,  5.92659686117689E+02,  7.84326685539801E+02
 1.99191666700000E+03,  6.40804481202434E-01,  1.02625000000000E+00, -1.69219047275574E+01,  2.41750000000007E+02,  5.58135439237636E+02,  5.41682916794825E+02
 1.99200000000000E+03,  6.61037808335823E-01,  1.04050000000000E+00, -1.69260447205805E+01,  2.41930000000007E+02,  3.94477633500101E+02,  6.14693594507506E+02
 1.99208333300000E+03,  6.66255415676425E-01,  1.01775000000000E+00, -1.69297703714538E+01,  2.42110000000007E+02,  3.41901630810794E+02,  4.65450237053944E+02
 1.99216666700000E+03,  6.61394177359637E-01,  1.06525000000000E+00, -1.69330819823246E+01,  2.42290000000007E+02,  2.76277919079137E+02,  3.70155689796056E+02
 1.99225000000000E+03,  6.54953944376796E-01,  1.25675000000000E+00, -1.69359798912786E+01,  2.42470000000007E+02,  3.97022439841777E+02,  7.63619071651379E+02
 1.99233333300000E+03,  6.47240775635442E-01,  1.31725000000000E+00, -1.69384644722530E+01,  2.42650000000007E+02,  4.24729906263781E+02,  7.24712345801363E+02
 1.99241666700000E+03,  6.29754623582914E-01,  1.04875000000000E+00, -1.69405361349452E+01,  2.42830000000007E+02,  7.22413834177357E+02,  8.70075419731928E+02
 1.99250000000000E+03,  5.96369111828281E-01,  7.09500000000000E-01, -1.69421953247175E+01,  2.43010000000007E+02,  9.02526613707159E+02,  8.21112637219900E+02
 1.99258333300000E+03,  5.83709152160920E-01,  4.76000000000000E-01, -1.69434425224985E+01,  2.43190000000007E+02,  8.64112667939573E+02,  8.47667402449060E+02
 1.99266666700000E+03,  6.09790510546799E-01,  3.92500000000000E-01, -9.67805873257039E+00,  2.43370000000007E+02,  1.11009353402511E+03,  9.30766090804692E+02
 1.99275000000000E+03,  6.20824389781907E-01,  4.18250000000000E-01, -9.64247539212689E+00,  2.43550000000007E+02,  1.47871122557805E+03,  1.24275321043358E+03
 1.99283333300000E+03,  5.98241329622995E-01,  4.02000000000000E-01, -9.60674848162557E+00,  2.43730000000007E+02,  1.44192749483829E+03,  1.16080878822701E+03
 1.99291666700000E+03,  5.52348733048179E-01,  3.94250000000000E-01, -9.57088094006837E+00,  2.43910000000007E+02,  1.48859709811930E+03,  1.44596402977722E+03
 1.99300000000000E+03,  4.79181508867409E-01,  5.14000000000000E-01, -9.53487570732068E+00,  2.44090000000007E+02,  1.60402436363182E+03,  1.53180504062834E+03
 1.99308333300000E+03,  3.92551571434216E-01,  6.81500000000000E-01, -9.49873572377961E+00,  2.44270000000007E+02,  1.14791108858523E+03,  1.04978648272392E+03
 1.99316666700000E+03,  3.20560681520412E-01,  8.50000000000000E-01, -9.46246393004288E+00,  2.44450000000007E+02,  8.25749593782307E+02,  9.43929917633750E+02
 1.99325000000000E+03,  2.88523889667257E-01,  1.03650000000000E+00, -9.42606326657805E+00,  2.44630000000007E+02,  5.55596960840213E+02,  6.89960603790687E+02
 1.99333333300000E+03,  3.01904002563338E-01,  1.11550000000000E+00, -9.38953667339250E+00,  2.44810000000007E+02,  3.09415432936574E+02,  4.53964806489663E+02
 1.99341666700000E+03,  3.43425694162817E-01,  1.00400000000000E+00, -9.35288708970380E+00,  2.44990000000007E+02,  2.38825303571430E+02,  3.53500897670620E+02
 1.99350000000000E+03,  3.85843307627227E-01,  8.33000000000000E-01, -9.31611745361091E+00,  2.45170000000007E+02,  3.89652138341453E+02,  5.90732972527375E+02
 1.99358333300000E+03,  4.18832995446151E-01,  7.56250000000000E-01, -9.27923070176585E+00,  2.45350000000007E+02,  4.67525987956918E+02,  6.75491586060263E+02
 1.99366666700000E+03,  4.32171733053415E-01,  7.50500000000000E-01, -8.29443314957607E+00,  2.45530000000007E+02,  5.42008296768904E+02,  7.98682036828773E+02
 1.99375000000000E+03,  3.92337724130268E-01,  7.16750000000000E-01, -8.34132024968311E+00,  2.45710000000007E+02,  5.61658685246320E+02,  8.80787978250673E+02
 1.99383333300000E+03,  2.85470592173684E-01,  6.38250000000000E-01, -8.38805187437707E+00,  2.45890000000007E+02,  5.09387277361549E+02,  9.27342535606573E+02
 1.99391666700000E+03,  1.30869537809870E-01,  5.39250000000000E-01, -8.43462456259361E+00,  2.46070000000007E+02,  3.80700498878413E+02,  8.19256368719417E+02
 1.99400000000000E+03, -3.28621702020306E-02,  3.78500000000000E-01, -8.48103486618539E+00,  2.46250000000007E+02,  2.42309011976802E+02,  5.52670152638243E+02
 1.99408333300000E+03, -1.51911601911103E-01,  2.36000000000000E-01, -8.52727935026013E+00,  2.46430000000007E+02,  2.00191450148498E+02,  4.44208578143448E+02
 1.99416666700000E+03, -1.80726013485476E-01,  2.92750000000000E-01, -8.57335459351729E+00,  2.46610000000007E+02,  3.50657628817276E+02,  6.75165416186820E+02
 1.99425000000000E+03, -1.09084915740937E-01,  4.58750000000000E-01, -8.61925718858328E+00,  2.46790000000007E+02,  3.49088265688896E+02,  9.30411527242485E+02
 1.99433333300000E+03,  2.51591650018737E-02,  5.26750000000000E-01, -8.66498374234507E+00,  2.46970000000007E+02,  3.04783341689022E+02,  8.65949960172761E+02
 1.99441666700000E+03,  1.49926382427116E-01,  4.78250000000000E-01, -8.71053087628227E+00,  2.47150000000007E+02,  2.92989271698053E+02,  8.36258143507134E+02
 1.99450000000000E+03,  1.93713488556380E-01,  3.65000000000000E-01, -8.75589522679763E+00,  2.47330000000007E+02,  3.52813830556495E+02,  8.05808149198693E+02
 1.99458333300000E+03,  2.07401038531210E-01,  2.84750000000000E-01, -8.80107344554574E+00,  2.47510000000007E+02,  2.38736482943809E+02,  7.45622308174746E+02
 1.99466666700000E+03,  2.48223030701879E-01,  3.90250000000000E-01, -2.42376194996619E+00,  2.47690000000007E+02,  4.24956775123498E+02,  6.02539784883992E+02
 1.99475000000000E+03,  2.29055757484899E-01,  5.73750000000000E-01, -2.40464741059251E+00,  2.47870000000007E+02,  4.77510610488763E+02,  5.94385887585653E+02
 1.99483333300000E+03,  1.41749909376693E-01,  6.22000000000000E-01, -2.38564881885300E+00,  2.48050000000007E+02,  4.87438548737256E+02,  9.31251692896777E+02
 1.99491666700000E+03,  5.02899636485633E-02,  6.44750000000000E-01, -2.36676492395239E+00,  2.48230000000007E+02,  4.26001725086637E+02,  9.95686997741122E+02
 1.99500000000000E+03, -2.03751141791148E-02,  6.93750000000000E-01, -2.34799446081384E+00,  2.48410000000007E+02,  3.64635374273231E+02,  7.25966733701305E+02
 1.99508333300000E+03, -3.89291580290154E-02,  6.37500000000000E-01, -2.32933615032818E+00,  2.48590000000007E+02,  2.39824282077147E+02,  7.17118491160804E+02
 1.99516666700000E+03,  1.35310225390183E-02,  5.01500000000000E-01, -2.31078869960477E+00,  2.48770000000007E+02,  3.42984237177294E+02,  9.66292783554882E+02
 1.99525000000000E+03,  1.23076333891737E-01,  3.76250000000000E-01, -2.29235080222408E+00,  2.48950000000007E+02,  3.76613487918471E+02,  7.72173998390067E+02
 1.99533333300000E+03,  2.37222981477245E-01,  3.55750000000000E-01, -2.27402113849189E+00,  2.49130000000007E+02,  3.34223020257767E+02,  9.39065590502112E+02
 1.99541666700000E+03,  2.84025070640572E-01,  4.19750000000000E-01, -2.25579837569504E+00,  2.49310000000007E+02,  3.34684575215576E+02,  9.25188236403583E+02
 1.99550000000000E+03,  2.08369433669867E-01,  3.26500000000000E-01, -2.23768116835871E+00,  2.49490000000007E+02,  3.57451245101725E+02,  1.21420493039161E+03
 1.99558333300000E+03,  9.06598345078624E-02,  9.62500000000000E-02, -2.21966815850526E+00,  2.49670000000007E+02,  2.51907676389240E+02,  1.18664951654571E+03
 1.99566666700000E+03,  5.40912703859612E-02, -8.97500000000000E-02, -2.13665769860182E-01,  2.49850000000007E+02,  2.04130461660273E+02,  1.22398882242626E+03
 1.99575000000000E+03,  6.97474735945233E-02, -2.95250000000000E-01, -2.22654299876406E-01,  2.50030000000007E+02,  2.92778976885459E+02,  1.03416529112552E+03
 1.99583333300000E+03,  1.02016531262564E-01, -4.50250000000000E-01, -2.31989705946929E-01,  2.50210000000007E+02,  3.97937838682026E+02,  1.03757733302232E+03
 1.99591666700000E+03,  1.57033202207121E-01, -4.41500000000000E-01, -2.41672490057279E-01,  2.50390000000007E+02,  4.61172461059708E+02,  8.61081467604223E+02
 1.99600000000000E+03,  2.13700307598313E-01, -3.61750000000000E-01, -2.51703123234986E-01,  2.50570000000007E+02,  4.94862160867460E+02,  6.75084348679844E+02
 1.99608333300000E+03,  2.61045971238463E-01, -2.65750000000000E-01, -2.62082045423988E-01,  2.50750000000007E+02,  5.38007512426135E+02,  6.98905074218238E+02
 1.99616666700000E+03,  3.01243578237102E-01, -1.82000000000000E-01, -2.72809665362524E-01,  2.50930000000007E+02,  6.74658130457468E+02,  9.55037128403449E+02
 1.99625000000000E+03,  3.39526142071098E-01, -1.60750000000000E-01, -2.83886360464577E-01,  2.51110000000007E+02,  7.15652604460385E+02,  9.60967577408883E+02
 1.99633333300000E+03,  3.72688083010610E-01, -9.27500000000000E-02, -2.95312476704847E-01,  2.51290000000007E+02,  6.65803245367074E+02,  7.92488831246265E+02
 1.99641666700000E+03,  3.88733621072073E-01, -8.00000000000000E-03, -3.07088328507295E-01,  2.51470000000007E+02,  5.88724478010470E+02,  7.77078055152601E+02
 1.99650000000000E+03,  3.78301282320565E-01, -5.30000000000000E-02, -3.19214198637265E-01,  2.51650000000007E+02,  7.50415754770236E+02,  1.03681713013495E+03
 1.99658333300000E+03,  3.41485609248255E-01, -1.32250000000000E-01, -3.31690338097188E-01,  2.51830000000007E+02,  6.75619607083271E+02,  9.20962359487003E+02
 1.99666666700000E+03,  3.08976907254991E-01, -1.63500000000000E-01, -1.21148382541449E+01,  2.52010000000007E+02,  6.65331530737700E+02,  9.21907070495163E+02
 1.99675000000000E+03,  3.24395995776257E-01, -1.24750000000000E-01, -1.21165438401130E+01,  2.52190000000007E+02,  5.74612705952950E+02,  8.13045354280178E+02
 1.99683333300000E+03,  3.85394234010358E-01, -1.25750000000000E-01, -1.21178501016903E+01,  2.52370000000007E+02,  5.72298130055230E+02,  7.31133883250053E+02
 1.99691666700000E+03,  4.63307271250944E-01, -1.71500000000000E-01, -1.21187575251866E+01,  2.52550000000007E+02,  3.32554803325897E+02,  2.79085414459904E+02
 1.99700000000000E+03,  5.38410264985480E-01, -1.03500000000000E-01, -1.21192666301316E+01,  2.52730000000007E+02,  2.56908701822099E+02,  3.26046695241592E+02
 1.99708333300000E+03,  6.01882004935280E-01, -2.65000000000000E-02, -1.21193779691733E+01,  2.52910000000007E+02,  2.44816643770697E+02,  3.75689888701911E+02
 1.99716666700000E+03,  6.58592312574260E-01,  9.50000000000000E-02, -1.21190921279720E+01,  2.53090000000007E+02,  4.98766054596619E+02,  6.85744738880170E+02
 1.99725000000000E+03,  7.16746684938971E-01,  4.20250000000000E-01, -1.21184097250917E+01,  2.53270000000007E+02,  9.48644794523574E+02,  9.18528499424152E+02
 1.99733333300000E+03,  7.76104163193039E-01,  8.33750000000000E-01, -1.21173314118873E+01,  2.53450000000007E+02,  9.51009329711121E+02,  1.28905838301709E+03
 1.99741666700000E+03,  8.27350107278963E-01,  1.14175000000000E+00, -1.21158578723886E+01,  2.53630000000007E+02,  8.83036127307097E+02,  1.09937493123839E+03
 1.99750000000000E+03,  8.63273796268660E-01,  1.38575000000000E+00, -1.21139898231802E+01,  2.53810000000007E+02,  7.51603613061401E+02,  1.04770791480753E+03
 1.99758333300000E+03,  8.22256580078407E-01,  1.65425000000000E+00, -1.21117280132788E+01,  2.53990000000007E+02,  5.49128272357069E+02,  1.03126811998303E+03
 1.99766666700000E+03,  7.25798258761312E-01,  1.85450000000000E+00,  3.04662914899084E+00,  2.54170000000007E+02,  3.07547087595837E+02,  1.00642358086167E+03
 1.99775000000000E+03,  7.20805882738919E-01,  1.95775000000000E+00,  3.07007917414445E+00,  2.54350000000007E+02,  5.20976551199676E+02,  7.77639838385409E+02
 1.99783333300000E+03,  7.87960500682895E-01,  1.94275000000000E+00,  3.09346112269805E+00,  2.54530000000007E+02,  6.34847599372824E+02,  7.67111921559734E+02
 1.99791666700000E+03,  8.32143969098374E-01,  1.88875000000000E+00,  3.11677271511272E+00,  2.54710000000007E+02,  6.94851917141622E+02,  7.32981779182577E+02
 1.99800000000000E+03,  8.35968558533220E-01,  1.84000000000000E+00,  3.14001166394122E+00,  2.54890000000007E+02,  7.16339856703668E+02,  4.67358294621082E+02
 1.99808333300000E+03,  7.95918240381065E-01,  1.62300000000000E+00,  3.16317567410609E+00,  2.55070000000007E+02,  7.51215154386451E+02,  4.98338849260068E+02
 1.99816666700000E+03,  7.24533839712887E-01,  1.23050000000000E+00,  3.18626244317917E+00,  2.55250000000007E+02,  7.58555835002530E+02,  5.22765102858483E+02
 1.99825000000000E+03,  6.39266476084950E-01,  8.07750000000000E-01,  3.20926966166247E+00,  2.55430000000007E+02,  6.71198700810629E+02,  5.18726063223859E+02
 1.99833333300000E+03,  5.49806518019960E-01,  4.18250000000000E-01,  3.23219501327031E+00,  2.55610000000007E+02,  6.44868059026392E+02,  5.51178541496284E+02
 1.99841666700000E+03,  4.56565834584195E-01,  2.07500000000000E-02,  3.25503617521286E+00,  2.55790000000007E+02,  6.82618677464462E+02,  8.57700165519019E+02
 1.99850000000000E+03,  3.61053299564105E-01, -2.78000000000000E-01,  3.27779081848082E+00,  2.55970000000007E+02,  4.56558808745164E+02,  8.12319877686132E+02
 1.99858333300000E+03,  2.77313508128118E-02, -4.27000000000000E-01,  3.30045660813140E+00,  2.56150000000007E+02,  4.02575434954778E+02,  7.76906493045804E+02
 1.99866666700000E+03, -5.18650180704745E-01, -6.27500000000000E-01, -6.21469970521985E+00,  2.56330000000007E+02,  4.91275533022016E+02,  7.78234806505160E+02
 1.99875000000000E+03, -7.72134298876504E-01, -8.59000000000000E-01, -6.24070431250052E+00,  2.56510000000007E+02,  5.04000661885384E+02,  9.76604700387274E+02
 1.99883333300000E+03, -7.55300348075743E-01, -9.91500000000000E-01, -6.26644473105822E+00,  2.56690000000007E+02,  3.93408005517961E+02,  6.55363626694755E+02
 1.99891666700000E+03, -7.41039366099458E-01, -1.08500000000000E+00, -6.29191854332133E+00,  2.56870000000007E+02,  3.84413713766236E+02,  4.69200890961585E+02
 1.99900000000000E+03, -7.41238831757031E-01, -1.14000000000000E+00, -6.31712334763921E+00,  2.57050000000007E+02,  3.92706779344690E+02,  3.55542671718242E+02
 1.99908333300000E+03, -7.56637247917076E-01, -1.07925000000000E+00, -6.34205675856541E+00,  2.57230000000007E+02,  2.71648618789585E+02,  4.52335277097163E+02
 1.99916666700000E+03, -7.75041781024462E-01, -9.81000000000000E-01, -6.36671640713933E+00,  2.57410000000007E+02,  2.38800293910005E+02,  2.51285312008759E+02
 1.99925000000000E+03, -7.82438340360575E-01, -9.72000000000000E-01, -6.39109994116634E+00,  2.57590000000007E+02,  2.83913055648662E+02,  4.32220687657640E+02
 1.99933333300000E+03, -7.75230000151153E-01, -1.03700000000000E+00, -6.41520502549644E+00,  2.57770000000007E+02,  3.47726428316162E+02,  6.14260446785635E+02
 1.99941666700000E+03, -7.61016589561843E-01, -1.08550000000000E+00, -6.43902934230117E+00,  2.57950000000007E+02,  1.88164537836017E+02,  7.12818186647663E+02
 1.99950000000000E+03, -7.47295030802505E-01, -1.06150000000000E+00, -6.46257059134906E+00,  2.58130000000007E+02,  2.06753955414682E+02,  6.44593651363294E+02
 1.99958333300000E+03, -8.54738585457215E-01, -1.05800000000000E+00, -6.48582649027925E+00,  2.58310000000007E+02,  3.57407616422201E+02,  7.06041465351492E+02
 1.99966666700000E+03, -1.12984614424971E+00, -1.16725000000000E+00, -2.16570071231271E+00,  2.58490000000007E+02,  3.84598680147341E+02,  9.15031485298830E+02
 1.99975000000000E+03, -1.36841377738987E+00, -1.31375000000000E+00, -2.14809366529867E+00,  2.58670000000007E+02,  3.12689673816683E+02,  9.25180361570008E+02
 1.99983333300000E+03, -1.50122231421608E+00, -1.39550000000000E+00, -2.13058380401627E+00,  2.58850000000007E+02,  3.82658535598704E+02,  7.85573995788773E+02
 1.99991666700000E+03, -1.59672547289986E+00, -1.41550000000000E+00, -2.11316970065704E+00,  2.59030000000007E+02,  5.40348100197384E+02,  9.67293515854578E+02
 2.00000000000000E+03, -1.66536928226323E+00, -1.38275000000000E+00, -2.09584991676917E+00,  2.59210000000007E+02,  4.41743389786318E+02,  1.08999083478892E+03
 2.00008333300000E+03, -1.70992226708621E+00, -1.25075000000000E+00, -2.07862300352719E+00,  2.59390000000007E+02,  4.42301305462744E+02,  7.56773724715770E+02
 2.00016666700000E+03, -1.72322071415809E+00, -1.01850000000000E+00, -2.06148750200289E+00,  2.59570000000007E+02,  4.87102616926545E+02,  5.56847784659018E+02
 2.00025000000000E+03, -1.69852345257851E+00, -8.48250000000000E-01, -2.04444194343741E+00,  2.59750000000007E+02,  4.92568734623703E+02,  6.66081126296416E+02
 2.00033333300000E+03, -1.64081533898925E+00, -8.75250000000000E-01, -2.02748484951436E+00,  2.59930000000007E+02,  5.19463732299471E+02,  5.29312605942362E+02
 2.00041666700000E+03, -1.56658986041108E+00, -8.91750000000000E-01, -2.01061473263419E+00,  2.60110000000007E+02,  5.84385198674242E+02,  4.28279625184711E+02
 2.00050000000000E+03, -1.49160735810949E+00, -7.91500000000000E-01, -1.99383009618943E+00,  2.60290000000007E+02,  5.48486505585731E+02,  4.59263886096144E+02
 2.00058333300000E+03, -1.40744398464712E+00, -7.10250000000000E-01, -1.97712943484107E+00,  2.60470000000007E+02,  8.73880418298684E+02,  8.84447973391569E+02
 2.00066666700000E+03, -1.35114268561799E+00, -6.90000000000000E-01, -6.31515004948315E+00,  2.60650000000007E+02,  9.58936038975714E+02,  1.22440963836180E+03
 2.00075000000000E+03, -1.36542528745121E+00, -7.00500000000000E-01, -6.27753032428316E+00,  2.60830000000007E+02,  8.96188055409474E+02,  1.19027829493513E+03
 2.00083333300000E+03, -1.37807297581360E+00, -7.19500000000000E-01, -6.23999485085322E+00,  2.61010000000007E+02,  7.64035995601085E+02,  1.36344773946338E+03
 2.00091666700000E+03, -1.34781075332248E+00, -7.39000000000000E-01, -6.20254551668373E+00,  2.61190000000007E+02,  8.57475121077583E+02,  1.49518912875267E+03
 2.00100000000000E+03, -1.31603179657580E+00, -7.29500000000000E-01, -6.16518418675325E+00,  2.61370000000007E+02,  5.13501352061933E+02,  1.17051665236078E+03
 2.00108333300000E+03, -1.30763661428337E+00, -6.26250000000000E-01, -6.12791270337000E+00,  2.61550000000007E+02,  3.78248805678862E+02,  9.97583919959210E+02
 2.00116666700000E+03, -1.32279039204107E+00, -4.44500000000000E-01, -6.09073288601648E+00,  2.61730000000007E+02,  2.32273108965223E+02,  9.57881044168407E+02
 2.00125000000000E+03, -1.34556749014071E+00, -3.75000000000000E-01, -6.05364653119742E+00,  2.61910000000007E+02,  3.40346237377425E+02,  8.42408055662069E+02
 2.00133333300000E+03, -1.35813769855614E+00, -4.40250000000000E-01, -6.01665541229065E+00,  2.62090000000007E+02,  2.32502060551763E+02,  9.54830254544516E+02
 2.00141666700000E+03, -1.34708197312206E+00, -4.83000000000000E-01, -5.97976127940144E+00,  2.62270000000007E+02,  2.90582124239942E+02,  1.02488205629356E+03
 2.00150000000000E+03, -1.29943771908664E+00, -4.52750000000000E-01, -5.94296585921988E+00,  2.62450000000007E+02,  3.35090574726956E+02,  8.46898439939357E+02
 2.00158333300000E+03, -1.20047627747815E+00, -4.41000000000000E-01, -5.90627085488156E+00,  2.62630000000007E+02,  3.76872124376828E+02,  9.07756622671827E+02
 2.00166666700000E+03, -1.08576765789525E+00, -5.21250000000000E-01,  2.30494328020346E+00,  2.62810000000007E+02,  4.22072288953852E+02,  9.86823358343350E+02
 2.00175000000000E+03, -1.00155719737587E+00, -5.66000000000000E-01,  2.26625937411431E+00,  2.62990000000007E+02,  5.37127219990125E+02,  9.50404653788483E+02
 2.00183333300000E+03, -9.22949835066254E-01, -5.97000000000000E-01,  2.22732878955679E+00,  2.63170000000007E+02,  5.37065050361022E+02,  8.34429185956564E+02
 2.00191666700000E+03, -8.47373045192742E-01, -6.27000000000000E-01,  2.18815385579356E+00,  2.63350000000007E+02,  5.48758641300971E+02,  7.60660623544396E+02
 2.00200000000000E+03, -8.12742452767087E-01, -5.43250000000000E-01,  2.14873692710298E+00,  2.63530000000007E+02,  5.78328921974931E+02,  7.00957631093946E+02
 2.00208333300000E+03, -8.22213982269663E-01, -3.68250000000000E-01,  2.10908038258010E+00,  2.63710000000007E+02,  5.37675550258657E+02,  6.11372235262995E+02
 2.00216666700000E+03, -8.40947302511248E-01, -1.49250000000000E-01,  2.06918662593475E+00,  2.63890000000007E+02,  4.50159110626525E+02,  3.34506128663512E+02
 2.00225000000000E+03, -8.15014794765513E-01, -1.62500000000000E-02,  2.02905808528680E+00,  2.64070000000007E+02,  4.42931877950464E+02,  7.04680558325871E+02
 2.00233333300000E+03, -6.98196635465505E-01,  3.12500000000000E-02,  1.98869721295867E+00,  2.64250000000008E+02,  4.07970151664584E+02,  1.01733586897695E+03
 2.00241666700000E+03, -4.69261336186593E-01,  1.15500000000000E-01,  1.94810648526498E+00,  2.64430000000008E+02,  4.27737113531318E+02,  1.11735983306084E+03
 2.00250000000000E+03, -1.33520308970767E-01,  2.17500000000000E-01,  1.90728840229956E+00,  2.64610000000008E+02,  5.41089644130093E+02,  1.16812734961026E+03
 2.00258333300000E+03,  3.13466342126273E-01,  2.80000000000000E-01,  1.86624548771964E+00,  2.64790000000008E+02,  5.54085258792883E+02,  1.32133518074170E+03
 2.00266666700000E+03,  7.42635601076987E-01,  3.82000000000000E-01,  4.03124213888462E+00,  2.64970000000008E+02,  5.01146441884350E+02,  1.07439990840581E+03
 2.00275000000000E+03,  9.62553770853261E-01,  6.49000000000000E-01,  4.01622480449121E+00,  2.65150000000008E+02,  5.84922494568735E+02,  9.01671769288527E+02
 2.00283333300000E+03,  1.02821353020912E+00,  9.19000000000000E-01,  4.00124542936333E+00,  2.65330000000008E+02,  7.87136246444896E+02,  1.04544256732025E+03
 2.00291666700000E+03,  1.03262533466537E+00,  9.39500000000000E-01,  3.98630271346693E+00,  2.65510000000008E+02,  7.03785767358180E+02,  1.36794696374568E+03
 2.00300000000000E+03,  9.67067753921350E-01,  7.74000000000000E-01,  3.97139534411526E+00,  2.65690000000008E+02,  6.87525431999811E+02,  1.24816554318912E+03
 2.00308333300000E+03,  8.54582426694783E-01,  5.89750000000000E-01,  3.95652199620882E+00,  2.65870000000008E+02,  7.10390807542630E+02,  1.14117039845049E+03
 2.00316666700000E+03,  7.45921112087432E-01,  3.69750000000000E-01,  3.94168133247700E+00,  2.66050000000008E+02,  6.47147520643696E+02,  1.37074922155417E+03
 2.00325000000000E+03,  6.96934316743179E-01,  1.40000000000000E-02,  3.92687200372146E+00,  2.66230000000008E+02,  3.60412207930364E+02,  1.08438484998189E+03
 2.00333333300000E+03,  7.42519321407571E-01, -2.79000000000000E-01,  3.91209264906104E+00,  2.66410000000008E+02,  2.81109261495174E+02,  6.36919811671504E+02
 2.00341666700000E+03,  8.84141548975522E-01, -2.15500000000000E-01,  3.89734189617845E+00,  2.66590000000008E+02,  2.50331724117438E+02,  6.57401146316972E+02
 2.00350000000000E+03,  1.09565821123526E+00,  2.22500000000000E-02,  3.88261836156846E+00,  2.66770000000008E+02,  2.25604997533340E+02,  6.38228177183969E+02
 2.00358333300000E+03,  1.19699207434346E+00,  7.60000000000000E-02,  3.86792065078761E+00,  2.66950000000008E+02,  2.89900872491491E+02,  6.89698085393830E+02
 2.00366666700000E+03,  1.12137525161830E+00,  6.50000000000000E-02,  4.39197894410456E+00,  2.67130000000008E+02,  4.79222290509614E+02,  6.87474717903254E+02
 2.00375000000000E+03,  1.11070388894968E+00,  2.25000000000000E-01,  4.37683559648519E+00,  2.67310000000008E+02,  5.50395021150335E+02,  6.20648601157871E+02
 2.00383333300000E+03,  1.20669392704818E+00,  3.29750000000000E-01,  4.36135217570549E+00,  2.67490000000008E+02,  5.57706961485206E+02,  6.83914721906959E+02
 2.00391666700000E+03,  1.29250816299278E+00,  2.86000000000000E-01,  4.34552875882403E+00,  2.67670000000008E+02,  6.23246451486538E+02,  9.00520003218804E+02
 2.00400000000000E+03,  1.34801167079454E+00,  1.84500000000000E-01,  4.32936545357046E+00,  2.67850000000008E+02,  5.33521628964205E+02,  4.54563714984348E+02
 2.00408333300000E+03,  1.36536076688243E+00,  5.17500000000000E-02,  4.31286239840009E+00,  2.68030000000008E+02,  5.77835966049158E+02,  1.46765442805390E+03
 2.00416666700000E+03,  1.35182414538660E+00,  2.97500000000000E-02,  4.29601976254512E+00,  2.68210000000008E+02,  6.80709441898965E+02,  1.50334920929659E+03
 2.00425000000000E+03,  1.31937833410386E+00,  2.07500000000000E-02,  4.27883774606233E+00,  2.68390000000008E+02,  1.06097342489069E+03,  1.62039211905188E+03
 2.00433333300000E+03,  1.27278646609875E+00, -1.05000000000000E-01,  4.26131657987752E+00,  2.68570000000008E+02,  1.35994164977914E+03,  1.61342825495280E+03
 2.00441666700000E+03,  1.20874014750868E+00, -1.65000000000000E-01,  4.24345652582631E+00,  2.68750000000008E+02,  1.42195287061686E+03,  1.87897981787957E+03
 2.00450000000000E+03,  1.12671873093403E+00, -6.52500000000000E-02,  4.22525787669168E+00,  2.68930000000008E+02,  1.28409780693568E+03,  1.22341411244304E+03
 2.00458333300000E+03,  8.45019266429671E-01,  9.55000000000000E-02,  4.20672095623797E+00,  2.69110000000008E+02,  1.17293366016763E+03,  1.30209322222896E+03
 2.00466666700000E+03,  3.83377955786214E-01,  2.08500000000000E-01, -1.19469508034763E+00,  2.69290000000008E+02,  8.02456608843059E+02,  1.02597940005164E+03
 2.00475000000000E+03,  1.39480093230722E-01,  2.49250000000000E-01, -1.22230019048657E+00,  2.69470000000008E+02,  6.41944116763010E+02,  9.46870835158767E+02
 2.00483333300000E+03,  1.03265440808444E-01,  3.09000000000000E-01, -1.25023315966575E+00,  2.69650000000008E+02,  5.85224658651495E+02,  7.22179264495207E+02
 2.00491666700000E+03,  5.67894431203690E-02,  4.02250000000000E-01, -1.27849273310162E+00,  2.69830000000008E+02,  4.90056153376227E+02,  4.11188207311277E+02
 2.00500000000000E+03, -2.28666961883021E-02,  3.42500000000000E-01, -1.30707762356514E+00,  2.70010000000008E+02,  4.06409524428922E+02,  3.92912524480844E+02
 2.00508333300000E+03, -1.42565528306632E-01,  1.70000000000000E-01, -1.33598651145842E+00,  2.70190000000008E+02,  4.15409226003278E+02,  5.67428576210317E+02
 2.00516666700000E+03, -2.89559625861855E-01,  1.15500000000000E-01, -1.36521804489515E+00,  2.70370000000008E+02,  3.04847629343046E+02,  6.12705200961863E+02
 2.00525000000000E+03, -4.42088134538254E-01,  1.31500000000000E-01, -1.39477083978479E+00,  2.70550000000008E+02,  3.68898738700697E+02,  8.41602373513413E+02
 2.00533333300000E+03, -5.82521099253509E-01,  1.09500000000000E-01, -1.42464347992050E+00,  2.70730000000008E+02,  4.41511283390195E+02,  8.68425674175196E+02
 2.00541666700000E+03, -7.00379357041492E-01,  4.00000000000000E-03, -1.45483451707086E+00,  2.70910000000008E+02,  4.30122403773873E+02,  1.02750905051134E+03
 2.00550000000000E+03, -7.84268402544033E-01, -1.33000000000000E-01, -1.48534247107528E+00,  2.71090000000008E+02,  4.09023643875203E+02,  9.72909526437101E+02
 2.00558333300000E+03, -4.30572682605439E-01, -2.71500000000000E-01, -1.51616582994322E+00,  2.71270000000008E+02,  3.02265489796986E+02,  7.82807796985560E+02
 2.00566666700000E+03,  3.42469300536291E-01, -4.91000000000000E-01, -5.65935462967407E+00,  2.71450000000008E+02,  1.70174478987118E+02,  5.28603501015734E+02
 2.00575000000000E+03,  6.85374490291744E-01, -7.47500000000000E-01, -5.70930167724188E+00,  2.71630000000008E+02,  1.68296196142783E+02,  4.56727191864181E+02
 2.00583333300000E+03,  5.34179575005169E-01, -9.12250000000000E-01, -5.75928750789210E+00,  2.71810000000008E+02,  1.83226997927226E+02,  2.99218783639088E+02
 2.00591666700000E+03,  2.71230358061031E-01, -8.66000000000000E-01, -5.80930848599063E+00,  2.71990000000008E+02,  2.68838921637076E+02,  2.92982455740182E+02
 2.00600000000000E+03, -6.48892095165792E-02, -6.64250000000000E-01, -5.85936096972318E+00,  2.72170000000008E+02,  3.12528601394605E+02,  4.07011828699921E+02
 2.00608333300000E+03, -4.14805048722715E-01, -5.01500000000000E-01, -5.90944131145169E+00,  2.72350000000008E+02,  4.70384364739687E+02,  5.18631191171884E+02
 2.00616666700000E+03, -7.25235173147789E-01, -4.27750000000000E-01, -5.95954585807162E+00,  2.72530000000008E+02,  4.09239703288653E+02,  7.16530552782357E+02
 2.00625000000000E+03, -9.74879092170319E-01, -3.65750000000000E-01, -6.00967095136998E+00,  2.72710000000008E+02,  4.03311337791774E+02,  9.41247744855733E+02
 2.00633333300000E+03, -1.18082874452534E+00, -2.34250000000000E-01, -6.05981292838392E+00,  2.72890000000008E+02,  1.00366876641111E+03,  1.22809490296383E+03
 2.00641666700000E+03, -1.37726422970071E+00, -7.12500000000000E-02, -6.10996812176001E+00,  2.73070000000008E+02,  1.23106097191483E+03,  1.31034261044483E+03
 2.00650000000000E+03, -1.57886284647057E+00,  6.55000000000000E-02, -6.16013286011412E+00,  2.73250000000008E+02,  1.08451171144901E+03,  1.25634811967730E+03
 2.00658333300000E+03, -1.08531171453007E+00,  2.20250000000000E-01, -6.21030346839182E+00,  2.73430000000008E+02,  1.20099891938632E+03,  1.66866254786507E+03
 2.00666666700000E+03,  1.61495577544548E-01,  4.11500000000000E-01,  2.55381163563417E+00,  2.73610000000008E+02,  1.18495038182569E+03,  1.35457320613982E+03
 2.00675000000000E+03,  7.90389123944213E-01,  5.95250000000000E-01,  2.51681171254349E+00,  2.73790000000008E+02,  4.78997331760294E+02,  1.00168314584864E+03
 2.00683333300000E+03,  6.78020870012452E-01,  7.46000000000000E-01,  2.47955038462600E+00,  2.73970000000008E+02,  3.55127394924494E+02,  1.21476110171269E+03
 2.00691666700000E+03,  4.59474397042504E-01,  7.89250000000000E-01,  2.44202981132487E+00,  2.74150000000008E+02,  3.71079174035067E+02,  1.44236940265541E+03
 2.00700000000000E+03,  1.99383267220821E-01,  5.90750000000000E-01,  2.40425217833939E+00,  2.74330000000008E+02,  3.62298623473032E+02,  8.70927699507278E+02
 2.00708333300000E+03, -3.28230221510068E-02,  2.48750000000000E-01,  2.36621969744526E+00,  2.74510000000008E+02,  3.92450494362947E+02,  8.81762391350811E+02
 2.00716666700000E+03, -1.95656578029744E-01, -7.50000000000001E-04,  2.32793460631179E+00,  2.74690000000008E+02,  3.83276389075501E+02,  1.06265272700803E+03
 2.00725000000000E+03, -2.99589537379807E-01, -1.72500000000000E-01,  2.28939916831626E+00,  2.74870000000008E+02,  2.93138853528398E+02,  6.38279718759788E+02
 2.00733333300000E+03, -4.03651078738809E-01, -3.26250000000000E-01,  2.25061567235527E+00,  2.75050000000008E+02,  3.92131331224451E+02,  5.72429789398662E+02
 2.00741666700000E+03, -5.79269701888289E-01, -3.15500000000000E-01,  2.21158643265312E+00,  2.75230000000008E+02,  3.32742105392715E+02,  6.10945674982500E+02
 2.00750000000000E+03, -8.58928191604953E-01, -3.05000000000000E-01,  2.17231378856741E+00,  2.75410000000008E+02,  4.27283128163828E+02,  6.81752084127825E+02
 2.00758333300000E+03, -8.19518768960937E-01, -5.71000000000000E-01,  2.13280010439167E+00,  2.75590000000008E+02,  5.27754517655460E+02,  6.50484457180407E+02
 2.00766666700000E+03, -3.32570001611773E-01, -9.79500000000000E-01,  5.20697997363372E+00,  2.75770000000008E+02,  5.72902621699478E+02,  7.65020697124868E+02
 2.00775000000000E+03, -8.15914511672157E-02, -1.30650000000000E+00,  5.18718651996034E+00,  2.75950000000008E+02,  5.50865012426941E+02,  7.82404147385893E+02
 2.00783333300000E+03, -1.34966084233170E-01, -1.41525000000000E+00,  5.16747867780252E+00,  2.76130000000008E+02,  4.83143673149823E+02,  7.48744660307888E+02
 2.00791666700000E+03, -1.71417028979452E-01, -1.41900000000000E+00,  5.14785646013616E+00,  2.76310000000008E+02,  4.82917126919183E+02,  7.04277257194722E+02
 2.00800000000000E+03, -1.92521454345398E-01, -1.44800000000000E+00,  5.12831985647331E+00,  2.76490000000008E+02,  4.84407011219608E+02,  5.26901995440011E+02
 2.00808333300000E+03, -2.02673784906193E-01, -1.34025000000000E+00,  5.10886883292329E+00,  2.76670000000008E+02,  7.01256948916192E+02,  9.02914353730443E+02
 2.00816666700000E+03, -2.07345757005027E-01, -1.12275000000000E+00,  5.08950333225704E+00,  2.76850000000008E+02,  6.17902701518429E+02,  9.65591909703532E+02
 2.00825000000000E+03, -2.19291685962895E-01, -9.33250000000000E-01,  5.07022327397471E+00,  2.77030000000008E+02,  9.16159472524604E+02,  1.24692477299286E+03
 2.00833333300000E+03, -2.61973198418501E-01, -7.36000000000000E-01,  5.05102855437646E+00,  2.77210000000008E+02,  8.04586670642917E+02,  1.43912640873263E+03
 2.00841666700000E+03, -3.60087288612158E-01, -5.31000000000000E-01,  5.03191904663640E+00,  2.77390000000008E+02,  8.74155367090659E+02,  1.55877247500986E+03
 2.00850000000000E+03, -5.19840755312488E-01, -3.53500000000000E-01,  5.01289460087982E+00,  2.77570000000008E+02,  6.47178339479075E+02,  1.14374670733999E+03
 2.00858333300000E+03, -4.54972650492833E-01, -3.05500000000000E-01,  4.99395504426349E+00,  2.77750000000008E+02,  6.73082953001981E+02,  9.26816864646409E+02
 2.00866666700000E+03, -9.94242327395890E-02, -4.08250000000000E-01, -2.30460123679386E+00,  2.77930000000008E+02,  3.97627053899500E+02,  6.02560078216070E+02
 2.00875000000000E+03,  7.70496771897601E-02, -5.18000000000000E-01, -2.35337305095288E+00,  2.78110000000008E+02,  3.61714780911934E+02,  4.07652784247491E+02
 2.00883333300000E+03,  5.82226989202959E-02, -6.57250000000000E-01, -2.40207777677053E+00,  2.78290000000008E+02,  1.91439650014655E+02,  3.52862749910888E+02
 2.00891666700000E+03,  7.26634048748455E-02, -8.21500000000000E-01, -2.45071191874360E+00,  2.78470000000008E+02,  1.18810724132822E+02,  2.64119616462799E+02
 2.00900000000000E+03,  8.92315378201431E-02, -8.42250000000000E-01, -2.49927198554293E+00,  2.78650000000008E+02,  1.41466278806326E+02,  2.93564334793793E+02
 2.00908333300000E+03,  6.52181194091078E-02, -8.11250000000000E-01, -2.54775449034680E+00,  2.78830000000008E+02,  1.66438555717459E+02,  3.27562621405245E+02
 2.00916666700000E+03, -2.86033115192524E-02, -7.24250000000000E-01, -2.59615595117400E+00,  2.79010000000008E+02,  1.88647519502418E+02,  4.83413527868816E+02
 2.00925000000000E+03, -1.94263947366488E-01, -3.88250000000000E-01, -2.64447289121634E+00,  2.79190000000008E+02,  6.92160849186420E+02,  1.29730047082570E+03
 2.00933333300000E+03, -4.04891067092276E-01,  1.82500000000000E-02, -2.69270183917070E+00,  2.79370000000008E+02,  6.55130345432896E+02,  1.29460157643339E+03
 2.00941666700000E+03, -6.09818495402080E-01,  2.87750000000000E-01, -2.74083932957050E+00,  2.79550000000008E+02,  6.03421093701984E+02,  1.22472215071575E+03
 2.00950000000000E+03, -7.44760540849457E-01,  4.23250000000000E-01, -2.78888190311659E+00,  2.79730000000008E+02,  6.75034640622138E+02,  1.23999958129572E+03
 2.00958333300000E+03, -7.04120982594563E-01,  5.22750000000000E-01, -2.83682610700756E+00,  2.79910000000008E+02,  9.86075216823752E+02,  1.52381212192906E+03
 2.00966666700000E+03, -5.29325652031983E-01,  6.63500000000000E-01,  3.34094300772811E+00,  2.80090000000008E+02,  5.83185047934719E+02,  6.45879809614499E+02
 2.00975000000000E+03, -3.97836854390433E-01,  8.33250000000000E-01,  3.31061790099628E+00,  2.80270000000008E+02,  5.95843664454116E+02,  6.40867894470984E+02
 2.00983333300000E+03, -2.71987656372351E-01,  1.02050000000000E+00,  3.27998870269456E+00,  2.80450000000008E+02,  7.47272353446289E+02,  7.44623355532980E+02
 2.00991666700000E+03, -6.68131213013352E-02,  1.09050000000000E+00,  3.24905691331727E+00,  2.80630000000008E+02,  6.82664649544690E+02,  7.04748749649596E+02
 2.01000000000000E+03,  1.64677412867722E-01,  9.54750000000000E-01,  3.21782406293019E+00,  2.80810000000008E+02,  3.61265520297799E+02,  2.43368569776731E+02
 2.01008333300000E+03,  3.48916019459058E-01,  6.94250000000000E-01,  3.18629171106542E+00,  2.80990000000008E+02,  2.79478219457944E+02,  2.37015515637207E+02
 2.01016666700000E+03,  4.23501873843959E-01,  4.52250000000000E-01,  3.15446144661292E+00,  2.81170000000008E+02,  4.57116630512174E+02,  8.18158456493355E+02
 2.01025000000000E+03,  3.58793324843714E-01,  2.55250000000000E-01,  3.12233488770880E+00,  2.81350000000008E+02,  4.28641531564595E+02,  7.92297912619094E+02
 2.01033333300000E+03,  1.66189954963173E-01, -7.07500000000000E-02,  3.08991368162017E+00,  2.81530000000008E+02,  4.46799879203776E+02,  8.49795320560762E+02
 2.01041666700000E+03, -1.03673144452267E-01, -5.34750000000000E-01,  3.05719950462673E+00,  2.81710000000008E+02,  6.27592203956646E+02,  1.04716140462325E+03
 2.01050000000000E+03, -3.71798723372045E-01, -9.77000000000000E-01,  3.02419406189913E+00,  2.81890000000008E+02,  9.23842577372730E+02,  1.18057231893712E+03
 2.01058333300000E+03, -6.57328958165260E-01, -1.36500000000000E+00,  2.99089908737392E+00,  2.82070000000008E+02,  7.37613832274934E+02,  6.83348794159501E+02
 2.01066666700000E+03, -9.35312374827985E-01, -1.65050000000000E+00,  9.50419890304532E+00,  2.82250000000008E+02,  7.21757812874542E+02,  1.09278051584407E+03
 2.01075000000000E+03, -1.03182421376001E+00, -1.71125000000000E+00,  9.49874393316763E+00,  2.82430000000008E+02,  6.97325827646692E+02,  1.08574310785792E+03
 2.01083333300000E+03, -9.59134243863672E-01, -1.65575000000000E+00,  9.49300128244088E+00,  2.82610000000008E+02,  6.63379463515208E+02,  1.11319924690920E+03
 2.01091666700000E+03, -8.31665440407783E-01, -1.66650000000000E+00,  9.48697266768716E+00,  2.82790000000008E+02,  4.20625195856374E+02,  9.82372738573698E+02
 2.01100000000000E+03, -6.84724771665102E-01, -1.59475000000000E+00,  9.48065982591063E+00,  2.82970000000008E+02,  5.85680710121317E+02,  1.49279653478476E+03
 2.01108333300000E+03, -5.49553918636156E-01, -1.36100000000000E+00,  9.47406451403779E+00,  2.83150000000008E+02,  5.74350031078545E+02,  1.18499303135146E+03
 2.01116666700000E+03, -4.46995475791579E-01, -1.12350000000000E+00,  9.46718850865577E+00,  2.83330000000008E+02,  5.45130558651694E+02,  1.13563770524610E+03
 2.01125000000000E+03, -3.93124867754614E-01, -9.40250000000000E-01,  9.46003360574869E+00,  2.83510000000008E+02,  4.12016840751376E+02,  9.54933115780270E+02
 2.01133333300000E+03, -4.05973029076743E-01, -8.39250000000000E-01,  9.45260162043220E+00,  2.83690000000008E+02,  4.63724599887323E+02,  1.16318388337435E+03
 2.01141666700000E+03, -5.01791389652810E-01, -8.30000000000000E-01,  9.44489438668608E+00,  2.83870000000008E+02,  3.18082034627806E+02,  8.75155643343771E+02
 2.01150000000000E+03, -6.81228417402445E-01, -8.93500000000000E-01,  9.43691375708511E+00,  2.84050000000008E+02,  3.23963903214446E+02,  9.73810677784040E+02
 2.01158333300000E+03, -8.01810866716624E-01, -9.86750000000000E-01,  9.42866160252813E+00,  2.84230000000008E+02,  3.94015627986288E+02,  1.22887422027354E+03
 2.01166666700000E+03, -7.57599474165017E-01, -1.09575000000000E+00, -2.22496970604728E+00,  2.84410000000008E+02,  4.95851076595337E+02,  1.50598002167207E+03
 2.01175000000000E+03, -6.86580096134039E-01, -1.23200000000000E+00, -2.23830595096638E+00,  2.84590000000008E+02,  3.99486922155669E+02,  1.29595725396216E+03
 2.01183333300000E+03, -6.46902337238365E-01, -1.30550000000000E+00, -2.25128229608602E+00,  2.84770000000008E+02,  3.82483496229251E+02,  1.02105762263824E+03
 2.01191666700000E+03, -6.00168271032256E-01, -1.21600000000000E+00, -2.26389713431050E+00,  2.84950000000008E+02,  4.21081071212523E+02,  1.05726116999476E+03
 2.01200000000000E+03, -5.64773677903231E-01, -9.18750000000000E-01, -2.27614888638718E+00,  2.85130000000008E+02,  3.33901407283068E+02,  8.13568324808213E+02
 2.01208333300000E+03, -5.48057047053634E-01, -5.79750000000000E-01, -2.28803600111726E+00,  2.85310000000008E+02,  2.19261862758020E+02,  4.54434509317368E+02
 2.01216666700000E+03, -5.43536117082336E-01, -3.73750000000000E-01, -2.29955695556366E+00,  2.85490000000008E+02,  2.29354339608356E+02,  6.54449215822929E+02
 2.01225000000000E+03, -5.41278182943077E-01, -3.00500000000000E-01, -2.31071025525585E+00,  2.85670000000008E+02,  2.35310878046489E+02,  7.03558669674731E+02
 2.01233333300000E+03, -5.39691638454494E-01, -2.40250000000000E-01, -2.32149443439166E+00,  2.85850000000008E+02,  2.21538101371570E+02,  5.93244768508126E+02
 2.01241666700000E+03, -5.46161278529153E-01, -4.07500000000000E-02, -2.33190805603604E+00,  2.86030000000008E+02,  2.30901780381622E+02,  6.19556231607919E+02
 2.01250000000000E+03, -5.65882120980771E-01,  1.45250000000000E-01, -2.34194971231678E+00,  2.86210000000008E+02,  2.35493087674616E+02,  7.03334410183246E+02
 2.01258333300000E+03, -5.99241096845339E-01,  1.26750000000000E-01, -2.35161802461710E+00,  2.86390000000008E+02,  2.52684504012413E+02,  5.94753869820153E+02
 2.01266666700000E+03, -5.79512161725413E-01,  1.02500000000000E-02,  6.92768712483482E+00,  2.86570000000008E+02,  2.62421003696748E+02,  5.29484942548782E+02
 2.01275000000000E+03, -4.31443784604080E-01,  3.65000000000000E-02,  6.96776240900394E+00,  2.86750000000008E+02,  3.27100062524693E+02,  3.48538117837445E+02
 2.01283333300000E+03, -2.21096166794389E-01,  7.92500000000000E-02,  7.00759274876102E+00,  2.86930000000008E+02,  4.58822556346945E+02,  5.66505099585683E+02
 2.01291666700000E+03, -4.56662188512153E-02, -1.04000000000000E-01,  7.04717571314611E+00,  2.87110000000008E+02,  5.56074223539034E+02,  7.27709576967575E+02
 2.01300000000000E+03,  6.18708036278282E-02, -3.19750000000000E-01,  7.08650889735281E+00,  2.87290000000008E+02,  5.99835845124258E+02,  1.24231823402024E+03
 2.01308333300000E+03,  9.83716785681674E-02, -3.63250000000000E-01,  7.12558992293001E+00,  2.87470000000008E+02,  6.35774395959183E+02,  1.35726595647988E+03
 2.01316666700000E+03,  8.84271437566926E-02, -3.08500000000000E-01,  7.16441643798057E+00,  2.87650000000008E+02,  6.27242437054988E+02,  1.30327528620603E+03
 2.01325000000000E+03,  6.54489408722644E-02, -3.19750000000000E-01,  7.20298611735690E+00,  2.87830000000008E+02,  6.63953691910303E+02,  1.34341312879129E+03
 2.01333333300000E+03,  5.07074451941712E-02, -4.26000000000000E-01,  7.24129666285328E+00,  2.88010000000008E+02,  5.88204009478378E+02,  1.16780266457053E+03
 2.01341666700000E+03,  4.58329678593801E-02, -5.69750000000000E-01,  7.27934580339513E+00,  2.88190000000008E+02,  4.90201844308363E+02,  6.33802333730815E+02
 2.01350000000000E+03,  4.13706609223429E-02, -6.80250000000000E-01,  7.31713129522495E+00,  2.88370000000008E+02,  4.69429282069045E+02,  5.47247064794440E+02
 2.01358333300000E+03, -2.45561776688544E-01, -6.68500000000000E-01,  7.35465092208513E+00,  2.88550000000008E+02,  6.36238020502446E+02,  8.44206864687674E+02
 2.01366666700000E+03, -7.57290930044401E-01, -5.57750000000000E-01,  9.51625136637562E+00,  2.88730000000008E+02,  4.55307583384306E+02,  6.42554361129500E+02
 2.01375000000000E+03, -8.76215985925199E-01, -4.50250000000000E-01,  9.52087898074312E+00,  2.88910000000008E+02,  6.22440884026375E+02,  8.13051658508014E+02
 2.01383333300000E+03, -6.61931720316410E-01, -4.00000000000000E-01,  9.52517578075180E+00,  2.89090000000008E+02,  7.93624863045661E+02,  1.05206596609855E+03
 2.01391666700000E+03, -4.81945867436144E-01, -4.10500000000000E-01,  9.52914270499284E+00,  2.89270000000008E+02,  8.41247069078402E+02,  1.04213429977025E+03
 2.01400000000000E+03, -3.72612946803410E-01, -4.11250000000000E-01,  9.53278071938978E+00,  2.89450000000008E+02,  7.07672352328967E+02,  1.19683768902939E+03
 2.01408333300000E+03, -3.37747250710824E-01, -2.75250000000000E-01,  9.53609081701835E+00,  2.89630000000008E+02,  8.30811819648767E+02,  1.19398234159058E+03
 2.01416666700000E+03, -3.51358042536740E-01, -4.55000000000000E-02,  9.53907401792340E+00,  2.89810000000008E+02,  8.58786075191519E+02,  1.20944565274648E+03
 2.01425000000000E+03, -3.77737333525749E-01,  1.36250000000000E-01,  9.54173136893291E+00,  2.89990000000008E+02,  7.03763273835582E+02,  9.15214412017488E+02
 2.01433333300000E+03, -3.93700847218205E-01,  2.30000000000000E-01,  9.54406394346925E+00,  2.90170000000008E+02,  7.21434424256112E+02,  1.25907472741108E+03
 2.01441666700000E+03, -3.97051176188686E-01,  2.03500000000000E-01,  9.54607284135749E+00,  2.90350000000008E+02,  6.28572929580904E+02,  9.36620464030655E+02
 2.01450000000000E+03, -3.98395371879911E-01,  9.65000000000000E-02,  9.54775918863105E+00,  2.90530000000008E+02,  5.80392319791177E+02,  8.74166302639730E+02
 2.01458333300000E+03, -3.69958950561602E-01,  2.15000000000000E-02,  9.54912413733445E+00,  2.90710000000009E+02,  3.63220836136086E+02,  8.15284431673999E+02
 2.01466666700000E+03, -3.17182994267668E-01,  9.60000000000000E-02,  1.40757243542177E+00,  2.90890000000009E+02,  4.34085720378816E+02,  9.21304284685024E+02
 2.01475000000000E+03, -2.95666940090200E-01,  3.45750000000000E-01,  1.45462425813160E+00,  2.91070000000009E+02,  3.44311481582854E+02,  6.01899148905942E+02
 2.01483333300000E+03, -2.56272127904046E-01,  5.83000000000000E-01,  1.50181856330258E+00,  2.91250000000009E+02,  4.09885461845840E+02,  7.18113398284524E+02
 2.01491666700000E+03, -1.37230167943002E-01,  6.14750000000000E-01,  1.54915186213888E+00,  2.91430000000009E+02,  3.60491233676152E+02,  9.91235668152832E+02
 2.01500000000000E+03,  3.82552383079654E-02,  5.11250000000000E-01,  1.59662065539538E+00,  2.91610000000009E+02,  5.37742067385135E+02,  8.15195509283980E+02
 2.01508333300000E+03,  2.20704001582969E-01,  4.03250000000000E-01,  1.64422143372123E+00,  2.91790000000009E+02,  6.74974246397041E+02,  1.09943999980535E+03
 2.01516666700000E+03,  3.49874757964415E-01,  3.96750000000000E-01,  1.69195067800444E+00,  2.91970000000009E+02,  7.22945184463790E+02,  1.19397513534257E+03
 2.01525000000000E+03,  3.70145151218413E-01,  5.31250000000000E-01,  1.73980485971753E+00,  2.92150000000009E+02,  6.57874901286698E+02,  1.24370613126461E+03
 2.01533333300000E+03,  2.46853332338846E-01,  6.91750000000000E-01,  1.78778044126402E+00,  2.92330000000009E+02,  6.79311805624886E+02,  9.33523345151861E+02
 2.01541666700000E+03, -1.62477137952200E-02,  9.14500000000000E-01,  1.83587387632584E+00,  2.92510000000009E+02,  7.91577332867773E+02,  9.37616304843616E+02
 2.01550000000000E+03, -3.66435296240084E-01,  1.15750000000000E+00,  1.88408161021161E+00,  2.92690000000009E+02,  5.92600129508976E+02,  6.47133457555808E+02
 2.01558333300000E+03, -1.61592706714566E-01,  1.37100000000000E+00,  1.93240008020571E+00,  2.92870000000009E+02,  5.47125039451598E+02,  6.43716539395692E+02
 2.01566666700000E+03,  6.89191892851534E-01,  1.58575000000000E+00,  3.87715933778580E+00,  2.93050000000009E+02,  6.05159512150501E+02,  8.03599545029169E+02
 2.01575000000000E+03,  1.11410260699918E+00,  1.68025000000000E+00,  3.86247085626696E+00,  2.93230000000009E+02,  6.66465020457056E+02,  8.83770643503766E+02
 2.01583333300000E+03,  1.08873241707868E+00,  1.66550000000000E+00,  3.84780626916524E+00,  2.93410000000009E+02,  5.10231455253784E+02,  1.05822513595736E+03
 2.01591666700000E+03,  1.14752149433316E+00,  1.66825000000000E+00,  3.83316415710744E+00,  2.93590000000009E+02,  5.31090890448596E+02,  9.27613914379501E+02
 2.01600000000000E+03,  1.26900556582717E+00,  1.56825000000000E+00,  3.81854309063517E+00,  2.93770000000009E+02,  5.88084386856379E+02,  8.18190567394023E+02
 2.01608333300000E+03,  1.40009038576158E+00,  1.29375000000000E+00,  3.80394163046107E+00,  2.93950000000009E+02,  4.84396119900544E+02,  4.30265357037688E+02
 2.01616666700000E+03,  1.47328841157458E+00,  1.04275000000000E+00,  3.78935832772637E+00,  2.94130000000009E+02,  5.79706067741207E+02,  3.45871206324911E+02
 2.01625000000000E+03,  1.42567218093313E+00,  7.68000000000000E-01,  3.77479172425975E+00,  2.94310000000009E+02,  9.04794094366338E+02,  2.65640347116099E+02
 2.01633333300000E+03,  1.21913855114521E+00,  4.83500000000000E-01,  3.76024035283755E+00,  2.94490000000009E+02,  8.80783108733693E+02,  3.03449761962407E+02
 2.01641666700000E+03,  8.60376579533636E-01,  2.71750000000000E-01,  3.74570273744528E+00,  2.94670000000009E+02,  8.52361599161693E+02,  3.10022039015067E+02
 2.01650000000000E+03,  4.11301343758364E-01,  8.49999999999999E-03,  3.73117739354033E+00,  2.94850000000009E+02,  8.95890834899440E+02,  3.91311944800813E+02
 2.01658333300000E+03,  2.26136158248205E-01, -2.40750000000000E-01,  3.71666282831589E+00,  2.95030000000009E+02,  9.61761746312821E+02,  6.28449707455135E+02
 2.01666666700000E+03,  3.89926141606210E-01, -4.41500000000000E-01,  7.52307084578578E+00,  2.95210000000009E+02,  8.14280303118952E+02,  7.64352871421002E+02
 2.01675000000000E+03,  4.05764064750010E-01, -5.32000000000000E-01,  7.55906726005793E+00,  2.95390000000009E+02,  8.43734602053016E+02,  8.14112845167806E+02
 2.01683333300000E+03,  2.35637465502831E-01, -4.09500000000000E-01,  7.59478392254555E+00,  2.95570000000009E+02,  8.14591268703934E+02,  9.71917342426278E+02
 2.01691666700000E+03,  1.17560870177065E-01, -2.61750000000000E-01,  7.63021883107496E+00,  2.95750000000009E+02,  9.44572521984633E+02,  1.31364270179163E+03
 2.01700000000000E+03,  5.54031072707426E-02, -1.31750000000000E-01,  7.66537001240584E+00,  2.95930000000009E+02,  7.42794687196626E+02,  1.10506495941723E+03
 2.01708333300000E+03,  5.14061499516656E-02, -2.25000000000000E-02,  7.70023552238232E+00,  2.96110000000009E+02,  4.29726248984247E+02,  9.37641674025515E+02
 2.01716666700000E+03,  1.06841165453773E-01, -3.10000000000000E-02,  7.73481344608060E+00,  2.96290000000009E+02,  4.82610912467875E+02,  9.61076320603121E+02
 2.01725000000000E+03,  2.12883156503868E-01, -2.85000000000000E-02,  7.76910189795315E+00,  2.96470000000009E+02,  5.61296704438964E+02,  1.06754580247268E+03
 2.01733333300000E+03,  3.42949148654729E-01, -4.75000000000000E-03,  7.80309902196949E+00,  2.96650000000009E+02,  5.99050223358745E+02,  7.10477187409685E+02
 2.01741666700000E+03,  4.57979355670076E-01, -6.40000000000000E-02,  7.83680299175358E+00,  2.96830000000009E+02,  7.77504309411574E+02,  9.69557380308336E+02
 2.01750000000000E+03,  5.23896480779186E-01, -1.80000000000000E-01,  7.87021201071765E+00,  2.97010000000009E+02,  7.94895384103045E+02,  9.21478689117538E+02
 2.01758333300000E+03,  3.29692182011751E-01, -3.42750000000000E-01,  7.90332431219266E+00,  2.97190000000009E+02,  7.05187256923888E+02,  1.09564594299763E+03
 2.01766666700000E+03, -1.40624854027746E-01, -5.30500000000000E-01, -2.46767069661574E+00,  2.97370000000009E+02,  6.20967891343439E+02,  9.39975300826955E+02
 2.01775000000000E+03, -4.80135489478632E-01, -6.98000000000000E-01, -2.46659206986979E+00,  2.97550000000009E+02,  5.00563970722299E+02,  8.63066729466977E+02
 2.01783333300000E+03, -6.11566980465188E-01, -8.34000000000000E-01, -2.46511375462127E+00,  2.97730000000009E+02,  2.77684587509974E+02,  5.80377415267404E+02
 2.01791666700000E+03, -6.78710130442601E-01, -9.21500000000000E-01, -2.46323531127179E+00,  2.97910000000009E+02,  3.98478534044376E+02,  6.62081032455420E+02
 2.01800000000000E+03, -6.77028929558846E-01, -9.33500000000000E-01, -2.46095633376538E+00,  2.98090000000009E+02,  4.00330241035338E+02,  3.79650690346087E+02
 2.01808333300000E+03, -6.05361696562311E-01, -9.24250000000000E-01, -2.45827644967264E+00,  2.98270000000009E+02,  6.78592824832123E+02,  5.99630351287020E+02
 2.01816666700000E+03, -4.65463138408072E-01, -8.35250000000000E-01, -2.45519532027120E+00,  2.98450000000009E+02,  1.07880900541589E+03,  7.12711595425942E+02
 2.01825000000000E+03, -2.70861118627308E-01, -5.95250000000000E-01, -2.45171264062251E+00,  2.98630000000009E+02,  1.19150022475949E+03,  8.06073045055386E+02
 2.01833333300000E+03, -5.38533855613111E-02, -4.18500000000000E-01, -2.44782813964487E+00,  2.98810000000009E+02,  1.05586998551381E+03,  7.94821298963261E+02
 2.01841666700000E+03,  1.40676182842926E-01, -3.06500000000000E-01, -2.44354158018285E+00,  2.98990000000009E+02,  1.04659513161494E+03,  8.27944731455444E+02
 2.01850000000000E+03,  2.73654457001117E-01, -1.85250000000000E-01, -2.43885275907292E+00,  2.99170000000009E+02,  8.88677023470670E+02,  5.67354277356791E+02
 2.01858333300000E+03,  2.83563512020843E-01, -1.24750000000000E-01, -2.43376150720536E+00,  2.99350000000009E+02,  4.65503157306620E+02,  7.96278853475965E+02
 2.01866666700000E+03,  1.86852868593779E-01, -3.57500000000000E-02,  6.28036437957587E+00,  2.99530000000009E+02,  5.21729794699499E+02,  8.00863905497490E+02
 2.01875000000000E+03,  1.34672315268595E-01,  1.04750000000000E-01,  6.32389149560136E+00,  2.99710000000009E+02,  6.75688887708182E+02,  9.19392302335168E+02
 2.01883333300000E+03,  1.94492848163252E-01,  2.24250000000000E-01,  6.36721431955091E+00,  2.99890000000009E+02,  7.07876131958648E+02,  9.22971438193380E+02
 2.01891666700000E+03,  3.27229379993516E-01,  2.32000000000000E-01,  6.41033004482186E+00,  3.00070000000009E+02,  1.03325408539600E+03,  1.88457675324611E+03
 2.01900000000000E+03,  4.86821019444633E-01,  1.23500000000000E-01,  6.45323588747439E+00,  3.00250000000009E+02,  8.81334939660592E+02,  1.53774093188534E+03
 2.01908333300000E+03,  6.19049206651601E-01,  6.02500000000000E-02,  6.49592908647854E+00,  3.00430000000009E+02,  9.40477422178086E+02,  1.62215128715681E+03
 2.01916666700000E+03,  6.79223436749428E-01,  1.08750000000000E-01,  6.53840690395829E+00,  3.00610000000009E+02,  8.43039908618105E+02,  1.66382479974979E+03
 2.01925000000000E+03,  6.38827847390791E-01,  2.00750000000000E-01,  6.58066662543298E+00,  3.00790000000009E+02,  8.01409896132218E+02,  1.62776995908331E+03
 2.01933333300000E+03,  4.86850314034014E-01,  2.41750000000000E-01,  6.62270556005591E+00,  3.00970000000009E+02,  6.17169819269442E+02,  8.32722517200311E+02
 2.01941666700000E+03,  2.33929168826112E-01,  1.62500000000000E-01,  6.66452104085016E+00,  3.01150000000009E+02,  8.56093807197468E+02,  1.81032854872849E+03
 2.01950000000000E+03, -8.14643355683406E-02, -4.32500000000000E-02,  6.70611042494145E+00,  3.01330000000009E+02,  6.71378523020971E+02,  1.84959706339270E+03
 2.01958333300000E+03, -3.98816763117989E-01, -2.41250000000000E-01,  6.74747109378823E+00,  3.01510000000009E+02,  6.32829308225317E+02,  1.67183184832939E+03
 2.01966666700000E+03, -6.24807144066403E-01, -2.61750000000000E-01,  4.64226864330333E+00,  3.01690000000009E+02,  6.64481101916872E+02,  1.67958766338591E+03
 2.01975000000000E+03, -6.87278169954997E-01, -1.05000000000000E-01,  4.63469689290330E+00,  3.01870000000009E+02,  5.80005399177176E+02,  1.85943746043595E+03
 2.01983333300000E+03, -6.09327130557754E-01,  1.90000000000000E-02,  4.62679121635455E+00,  3.02050000000009E+02,  5.38747054060764E+02,  1.74709103160160E+03
 2.01991666700000E+03, -4.45386599683832E-01,  3.17500000000000E-02,  4.61855102528206E+00,  3.02230000000009E+02,  5.45543828482453E+02,  1.62206816822136E+03
 2.02000000000000E+03, -2.44911077877895E-01,  1.57500000000000E-02,  4.60997575988815E+00,  3.02410000000009E+02,  5.39142812791928E+02,  1.53090569755697E+03
 2.02008333300000E+03, -6.82853023674491E-02, -1.33250000000000E-01,  4.60106488908056E+00,  3.02590000000009E+02,  8.72783875290622E+02,  2.28752503862272E+03
 2.02016666700000E+03,  3.29463237432199E-02, -2.42500000000000E-01,  4.59181791059731E+00,  3.02770000000009E+02,  7.00017267307249E+02,  1.84739751884197E+03
 2.02025000000000E+03,  2.51075208642677E-02, -2.24000000000000E-01,  4.58223435112856E+00,  3.02950000000009E+02,  7.04387021335339E+02,  1.06180019733925E+03
 2.02033333300000E+03, -1.04451528602060E-01, -3.78750000000000E-01,  4.57231376643515E+00,  3.03130000000009E+02,  6.58444197314645E+02,  1.03038151785201E+03
 2.02041666700000E+03, -3.42558803395913E-01, -5.80250000000000E-01,  4.56205574146410E+00,  3.03310000000009E+02,  7.93570289853878E+02,  1.28925850246314E+03
 2.02050000000000E+03, -6.44770941120933E-01, -6.98500000000000E-01,  4.55145989046084E+00,  3.03490000000009E+02,  5.82382980792258E+02,  8.09849845180469E+02
 2.02058333300000E+03, -8.94557541147323E-01, -8.81750000000000E-01,  4.54052585707821E+00,  3.03670000000009E+02,  5.79815061265602E+02,  9.99249939546875E+02
 2.02066666700000E+03, -1.01582552719849E+00, -1.09975000000000E+00,  5.17351522101944E+00,  3.03850000000009E+02,  3.70377298303029E+02,  1.08687919190961E+03
 2.02075000000000E+03, -1.07751440885394E+00, -1.26125000000000E+00,  5.15386673691019E+00,  3.04030000000009E+02,  4.06328728263693E+02,  1.17557192314667E+03
 2.02083333300000E+03, -1.12497118079283E+00, -1.29375000000000E+00,  5.13430387251307E+00,  3.04210000000009E+02,  2.52573691517657E+02,  9.63455812889211E+02
 2.02091666700000E+03, -1.15325584852854E+00, -1.24600000000000E+00,  5.11482660110981E+00,  3.04390000000009E+02,  1.06792897833886E+02,  6.73384076932895E+02
 2.02100000000000E+03, -1.17749192019156E+00, -1.21875000000000E+00,  5.09543487262369E+00,  3.04570000000009E+02,  4.13506215549341E+02,  6.47069031069626E+02
 2.02108333300000E+03, -1.20259666263074E+00, -1.13675000000000E+00,  5.07612861368609E+00,  3.04750000000009E+02,  4.21490892703341E+02,  4.79466150783951E+02
 2.02116666700000E+03, -1.22070178853293E+00, -9.99000000000000E-01,  5.05690772770638E+00,  3.04930000000009E+02,  3.95919583672629E+02,  4.04943784552364E+02
 2.02125000000000E+03, -1.22163199086614E+00, -9.34500000000000E-01,  5.03777209494484E+00,  3.05110000000009E+02,  3.98413065597261E+02,  3.63783269257509E+02
 2.02133333300000E+03, -1.20472279398649E+00, -8.75250000000000E-01,  5.01872157258890E+00,  3.05290000000009E+02,  6.18765101057570E+02,  7.00528332934987E+02
 2.02141666700000E+03, -1.17940085833178E+00, -7.67000000000000E-01,  4.99975599483250E+00,  3.05470000000009E+02,  5.48285730994192E+02,  9.15605996207589E+02
 2.02150000000000E+03, -1.15388822557651E+00, -7.05000000000000E-01,  4.98087517295861E+00,  3.05650000000009E+02,  6.18885642641451E+02,  1.12900782794060E+03
 2.02158333300000E+03, -1.05232134071677E+00, -7.35250000000000E-01,  4.96207889542492E+00,  3.05830000000009E+02,  7.17359230307790E+02,  1.05069565760115E+03
 2.02166666700000E+03, -9.21529375200094E-01, -9.26750000000000E-01,  4.76576775891400E+00,  3.06010000000009E+02,  7.81458643191817E+02,  1.05230358908579E+03
 2.02175000000000E+03, -9.52840213258462E-01, -1.20250000000000E+00,  4.73238580939766E+00,  3.06190000000009E+02,  7.42354726529413E+02,  9.00024150172605E+02
 2.02183333300000E+03, -1.07718193075779E+00, -1.45225000000000E+00,  4.69886333292058E+00,  3.06370000000009E+02,  5.22801866768760E+02,  6.76893605114518E+02
 2.02191666700000E+03, -1.15834374255121E+00, -1.54275000000000E+00,  4.66520133309492E+00,  3.06550000000009E+02,  4.84461592463944E+02,  6.22283032838186E+02
 2.02200000000000E+03, -1.19647953556373E+00, -1.37675000000000E+00,  4.63140084033654E+00,  3.06730000000009E+02,  3.51991791059507E+02,  6.30517148239000E+02
 2.02208333300000E+03, -1.18988638030295E+00, -1.23725000000000E+00,  4.59746291181575E+00,  3.06910000000009E+02,  3.01980272802532E+02,  6.59419355306440E+02
 2.02216666700000E+03, -1.13469503108472E+00, -1.29450000000000E+00,  4.56338863140421E+00,  3.07090000000009E+02,  1.68097018273407E+02,  1.26199039686267E+03
 2.02225000000000E+03, -1.03515492541484E+00, -1.45850000000000E+00,  4.52917910961839E+00,  3.07270000000009E+02,  2.44867211133109E+02,  1.32556272986685E+03
 2.02233333300000E+03, -9.12679695247360E-01, -1.54950000000000E+00,  4.49483548355925E+00,  3.07450000000009E+02,  5.27221504050737E+02,  1.25960318297199E+03
 2.02241666700000E+03, -8.01584640007979E-01, -1.46325000000000E+00,  4.46035891684848E+00,  3.07630000000009E+02,  7.03038627259646E+02,  1.37297289734724E+03
 2.02250000000000E+03, -7.31928267435096E-01, -1.41800000000000E+00,  4.42575059956098E+00,  3.07810000000009E+02,  7.34580898793831E+02,  1.53645256743202E+03
 2.02258333300000E+03, -7.15652231822757E-01, -1.52975000000000E+00,  4.39101174815380E+00,  3.07990000000009E+02,  6.77852348594928E+02,  8.31914977507886E+02
 2.02266666700000E+03, -7.38540429228860E-01, -1.64250000000000E+00,  5.33536508637217E+00,  3.08170000000009E+02,  6.43070832798175E+02,  6.52493173821307E+02
 2.02275000000000E+03, -7.66477220104746E-01, -1.61325000000000E+00,  5.31502690542411E+00,  3.08350000000009E+02,  3.43824680864906E+02,  5.49405959951383E+02
 2.02283333300000E+03, -7.74118638302773E-01, -1.46475000000000E+00,  5.29477369650144E+00,  3.08530000000009E+02,  2.19191557238589E+02,  4.64952189028481E+02
 2.02291666700000E+03, -7.57428598861198E-01, -1.28100000000000E+00,  5.27460562361252E+00,  3.08710000000009E+02,  2.87707901248346E+02,  3.11935653569970E+02
 2.02300000000000E+03, -7.20739913473244E-01, -1.13875000000000E+00,  5.25452282698819E+00,  3.08890000000009E+02,  3.61155533229073E+02,  3.38977311724934E+02
 2.02308333300000E+03, -6.65175210518096E-01, -9.76250000000000E-01,  5.23452542312208E+00,  3.09070000000009E+02,  4.21990886797720E+02,  3.66851640771175E+02
 2.02316666700000E+03, -5.88507692761656E-01, -6.90000000000000E-01,  5.21461350481421E+00,  3.09250000000009E+02,  4.40436775492073E+02,  4.18141202706347E+02
 2.02325000000000E+03, -4.95485926507783E-01, -4.09250000000000E-01,  5.19478714121789E+00,  3.09430000000009E+02,  5.34235451250433E+02,  9.69818859598188E+02
 2.02333333300000E+03, -4.06754124654028E-01, -1.62250000000000E-01,  5.17504637788986E+00,  3.09610000000009E+02,  4.61364630110812E+02,  1.04762662881300E+03
 2.02341666700000E+03, -3.54338713599754E-01,  5.12500000000000E-02,  5.15539123684368E+00,  3.09790000000009E+02,  4.49827457858442E+02,  1.05646551681546E+03
 2.02350000000000E+03, -3.64218556765378E-01,  2.38250000000000E-01,  5.13582171660639E+00,  3.09970000000009E+02,  3.32809216205529E+02,  1.02072420576721E+03
 2.02358333300000E+03, -3.17538221615264E-01,  4.26500000000000E-01,  5.11633779227842E+00,  3.10150000000009E+02,  3.50275884631882E+02,  1.11262521796497E+03
 2.02366666700000E+03, -1.36714891673004E-01,  5.23000000000000E-01, -9.71896089279698E+00,  3.10330000000009E+02,  4.32496993535453E+02,  7.55062803358671E+02
 2.02375000000000E+03,  1.41052306005994E-02,  6.24750000000000E-01, -9.68542034580286E+00,  3.10510000000009E+02,  8.52874554121707E+02,  1.21951365674143E+03
 2.02383333300000E+03,  7.73959938762345E-02,  6.87750000000000E-01, -9.65202522070396E+00,  3.10690000000009E+02,  8.71529601134055E+02,  1.27448396454862E+03
 2.02391666700000E+03,  9.57419774558266E-02,  6.16750000000000E-01, -9.61877645702508E+00,  3.10870000000009E+02,  8.98513715587104E+02,  1.34331936679527E+03
 2.02400000000000E+03,  4.95337067880176E-02,  5.46500000000000E-01, -9.58567496631589E+00,  3.11050000000009E+02,  9.40487313353157E+02,  1.38700294252913E+03
 2.02408333300000E+03, -5.94239133155234E-02,  4.29000000000000E-01, -9.55272163212536E+00,  3.11230000000009E+02,  7.92389039184476E+02,  1.20189939753657E+03
 2.02416666700000E+03, -2.07856208445057E-01,  2.64000000000000E-01, -9.51991730998027E+00,  3.11410000000009E+02,  3.81596643008508E+02,  7.13567955685130E+02
 2.02425000000000E+03, -3.65529871363629E-01,  5.12500000000000E-02, -9.48726282736735E+00,  3.11590000000009E+02,  3.51842239413840E+02,  8.77692480655702E+02
 2.02433333300000E+03, -5.11645931233198E-01, -2.41000000000000E-01, -9.45475898371925E+00,  3.11770000000009E+02,  3.81528819402343E+02,  9.86515946731760E+02
 2.02441666700000E+03, -6.39527991068026E-01, -4.37250000000000E-01, -9.42240655040447E+00,  3.11950000000009E+02,  2.99140868165568E+02,  9.16188462657263E+02
 2.02450000000000E+03, -7.48132368700450E-01, -5.23750000000000E-01, -9.39020627072101E+00,  3.12130000000009E+02,  5.18939879923189E+02,  1.50948150224900E+03
 2.02458333300000E+03, -7.40901781525128E-01, -6.52500000000000E-01, -9.35815885989391E+00,  3.12310000000009E+02,  5.06589841358025E+02,  1.47003707449276E+03
 2.02466666700000E+03, -6.01339993425940E-01, -8.39250000000000E-01, -2.09331029051772E-01,  3.12490000000009E+02,  4.56321946762101E+02,  1.21286344245644E+03
 2.02475000000000E+03, -5.08194461909003E-01, -9.18750000000000E-01, -2.01421022871098E-01,  3.12670000000009E+02,  3.91063505831534E+02,  9.97973521840083E+02
 2.02483333300000E+03, -4.94188036625199E-01, -9.62750000000000E-01, -1.93791588332986E-01,  3.12850000000009E+02,  3.75459102228888E+02,  8.54524310336535E+02
 2.02491666700000E+03, -5.05639802495078E-01, -1.11375000000000E+00, -1.86444603144570E-01,  3.13030000000009E+02,  1.57508934003117E+02,  4.24642544101624E+02
 2.02500000000000E+03, -5.60577365754931E-01, -1.08975000000000E+00, -1.79381925131196E-01,  3.13210000000009E+02,  1.69517245809017E+02,  4.37852508325812E+02
 2.02508333300000E+03, -6.56250040120206E-01, -7.97500000000000E-01, -1.72605391959339E-01,  3.13390000000009E+02,  1.80367106533972E+02,  3.58755354722046E+02
 2.02516666700000E+03, -7.69333159857466E-01, -5.92750000000000E-01, -1.66116820861596E-01,  3.13570000000009E+02,  2.26303537863870E+02,  3.66470298674031E+02
 2.02525000000000E+03, -8.70753998223765E-01, -6.53750000000000E-01, -1.59918008363783E-01,  3.13750000000009E+02,  2.88829350629009E+02,  3.67674904420019E+02
 2.02533333300000E+03, -9.42346723651775E-01, -8.08000000000000E-01, -1.54010730014177E-01,  3.13930000000009E+02,  2.12938744218692E+02,  2.45184759970395E+02
 2.02541666700000E+03, -9.81644337416729E-01, -9.66750000000000E-01, -1.48396740114941E-01,  3.14110000000009E+02,  1.55812337340507E+02,  2.73019532438869E+02
 2.02550000000000E+03, -9.93258464026555E-01, -1.08825000000000E+00, -1.43077771455751E-01,  3.14290000000009E+02,  2.98360958964537E+02,  3.67590738198402E+02
 2.02558333300000E+03, -1.05766325859097E+00, -1.07850000000000E+00, -1.38055535049680E-01,  3.14470000000009E+02,  4.37506582895090E+02,  4.76489812939282E+02
 2.02566666700000E+03, -1.17441775253991E+00, -1.07650000000000E+00,  7.09465335732381E-01,  3.14650000000009E+02,  3.87496153904205E+02,  4.50887517993308E+02
 2.02575000000000E+03, -1.17941798469341E+00, -1.17325000000000E+00,  7.30689397589734E-01,  3.14830000000009E+02,  4.53144214612071E+02,  8.17166277812379E+02
 2.02583333300000E+03, -1.06464254997297E+00, -1.18500000000000E+00,  7.51994196981671E-01,  3.15010000000009E+02,  4.53168023191395E+02,  7.28919942908601E+02
 2.02591666700000E+03, -9.22438449977105E-01, -1.05700000000000E+00,  7.73379261418335E-01,  3.15190000000009E+02,  3.15705904827190E+02,  6.70203766352444E+02
 2.02600000000000E+03, -7.80064088874959E-01, -8.74000000000000E-01,  7.94844094490440E-01,  3.15370000000009E+02,  1.65900865364494E+02,  5.52978393557988E+02
 2.02608333300000E+03, -6.54164566232372E-01, -6.34250000000000E-01,  8.16388175884190E-01,  3.15550000000009E+02,  1.60870434012453E+02,  6.26815089784805E+02
 2.02616666700000E+03, -5.47307826171085E-01, -3.66500000000000E-01,  8.38010961399502E-01,  3.15730000000009E+02,  2.45434318771913E+02,  4.28503369018373E+02
 2.02625000000000E+03, -4.57673380301138E-01, -8.87500000000000E-02,  8.59711882971602E-01,  3.15910000000009E+02,  3.03390679011610E+02,  6.04598157282532E+02
 2.02633333300000E+03, -3.90239039830284E-01,  2.32500000000000E-01,  8.81490348695933E-01,  3.16090000000009E+02,  8.12576546950511E+02,  1.31055290887443E+03
 2.02641666700000E+03, -3.45310146723833E-01,  6.37000000000000E-01,  9.03345742856408E-01,  3.16270000000009E+02,  3.28932222503665E+02,  9.65047366328947E+02
