 1.95300000000000E+03,  4.19920376980596E-01,  5.50000000000000E-01,  6.55054508440314E-01,  1.00000000000000E-02,  4.63446685487809E+04,  4.70414583224259E+04
 1.95308333300000E+03,  5.17376947420541E-01,  5.25000000000000E-01,  6.27552101674873E-01,  1.90000000000000E-01,  3.13012722512928E+03,  3.16964037141706E+03
 1.95316666700000E+03,  5.17376947420541E-01,  4.75000000000000E-01,  6.00006139150412E-01,  3.70000000000000E-01,  1.12476336917337E+04,  1.20553539093625E+04
 1.95325000000000E+03,  3.94544690065136E-01,  3.50000000000000E-01,  5.72405691048205E-01,  5.50000000000000E-01,  1.97893410321750E+03,  2.66738589321890E+03
 1.95333333300000E+03,  2.35373544037288E-01,  2.75000000000000E-01,  5.44739784107286E-01,  7.30000000000000E-01,  1.41871437550664E+03,  2.26732341198939E+03
 1.95341666700000E+03, -2.04623202179426E-01,  2.00000000000000E-01, -1.33555214795450E+00,  9.10000000000000E-01,  5.29734398823182E+02,  1.03626338828587E+03
 1.95350000000000E+03, -2.04623202179426E-01,  1.75000000000000E-01, -1.29312429113813E+00,  1.09000000000000E+00,  3.50659432606815E+02,  6.14531805904486E+02
 1.95358333300000E+03, -1.32624436303591E-01,  1.25000000000000E-01, -1.25098209144154E+00,  1.27000000000000E+00,  6.06407233950477E+02,  8.02997283356906E+02
 1.95366666700000E+03, -1.32624436303591E-01,  7.00000000000000E-02, -1.20913213127220E+00,  1.45000000000000E+00,  7.66860037927956E+02,  9.85810985677607E+02
 1.95375000000000E+03, -2.24583796304259E-01,  2.50000000000000E-02, -1.16758064249299E+00,  1.63000000000000E+00,  7.22248527186638E+02,  7.98772005901835E+02
 1.95383333300000E+03, -2.24583796304259E-01, -3.75000000000000E-02, -1.12633349402544E+00,  1.81000000000000E+00,  6.76890747292259E+02,  8.94996157608570E+02
 1.95391666700000E+03, -2.95301332765162E-01, -1.50000000000000E-01,  8.21308305966912E-02,  1.99000000000000E+00,  5.50696634484934E+02,  7.86513672056732E+02
 1.95400000000000E+03, -2.95301332765162E-01, -2.75000000000000E-01,  1.12316912695512E-01,  2.17000000000000E+00,  2.93945208269429E+02,  4.97604073822631E+02
 1.95408333300000E+03, -3.07943123314641E-01, -4.00000000000000E-01,  1.42270603453839E-01,  2.35000000000000E+00,  1.58239299550823E+02,  4.32142728805550E+02
 1.95416666700000E+03, -3.11378837216993E-01, -5.00000000000000E-01,  1.72001028017803E-01,  2.53000000000000E+00,  1.57726835217806E+02,  4.86435792857114E+02
 1.95425000000000E+03, -3.11378837216993E-01, -5.50000000000000E-01,  2.01517561651226E-01,  2.71000000000000E+00,  3.22705181348029E+02,  6.87401454637090E+02
 1.95433333300000E+03, -2.89944292958502E-01, -5.87500000000000E-01,  2.30829813049004E-01,  2.89000000000000E+00,  3.89685872750119E+02,  7.19815713462262E+02
 1.95441666700000E+03, -2.89944292958502E-01, -5.75000000000000E-01,  2.22907610194121E+00,  3.07000000000000E+00,  4.09886660046310E+02,  6.99464323830688E+02
 1.95450000000000E+03, -3.15069300478027E-01, -6.12500000000000E-01,  2.19436023546883E+00,  3.25000000000000E+00,  4.16461990792687E+02,  6.26551184099713E+02
 1.95458333300000E+03, -3.15069300478027E-01, -6.25000000000000E-01,  2.15982197178260E+00,  3.43000000000000E+00,  4.56885389343331E+02,  6.27904320674804E+02
 1.95466666700000E+03, -2.99823810848475E-01, -4.62500000000000E-01,  2.12546461028186E+00,  3.61000000000000E+00,  2.94229783228486E+02,  3.77526541079252E+02
 1.95475000000000E+03, -7.75675565509323E-02, -2.50000000000000E-01,  2.09129126249087E+00,  3.79000000000000E+00,  2.68799907576216E+02,  3.54782430775631E+02
 1.95483333300000E+03,  2.16075278155314E-01,  1.50000000000000E-01,  2.05730483850918E+00,  3.97000000000000E+00,  2.33676612565192E+02,  3.56633280023977E+02
 1.95491666700000E+03,  2.31765606531893E-01,  1.87500000000000E-01,  1.78831758470722E+00,  4.15000000000000E+00,  2.39853700969395E+02,  3.59914023157330E+02
 1.95500000000000E+03,  3.35635469123954E-01,  2.62500000000000E-01,  1.75613063092857E+00,  4.33000000000000E+00,  2.03056862290576E+02,  2.81094504156723E+02
 1.95508333300000E+03,  4.50914788500335E-01,  2.70000000000000E-01,  1.72414593496479E+00,  4.51000000000000E+00,  1.50417069342227E+02,  2.30344781548376E+02
 1.95516666700000E+03,  5.05740320928615E-01,  2.62500000000000E-01,  1.69236337586991E+00,  4.69000000000000E+00,  1.59026932100744E+02,  1.87187593139593E+02
 1.95525000000000E+03,  5.05740320928615E-01,  3.62500000000000E-01,  1.66078250336387E+00,  4.87000000000000E+00,  1.86305791953858E+02,  2.13326110435304E+02
 1.95533333300000E+03,  4.19981206988408E-01,  4.75000000000000E-01,  1.62940253118288E+00,  5.05000000000000E+00,  1.74826122738248E+02,  2.10711004226606E+02
 1.95541666700000E+03,  4.13964743594345E-02,  4.62500000000000E-01, -4.01173573753703E-01,  5.23000000000000E+00,  1.72358174942958E+02,  2.02642679274518E+02
 1.95550000000000E+03,  4.13964743594345E-02,  4.75000000000000E-01, -3.66647064754550E-01,  5.41000000000000E+00,  1.61481619742190E+02,  1.79538847480275E+02
 1.95558333300000E+03,  2.63073831208473E-01,  5.27500000000000E-01, -3.32449778692359E-01,  5.59000000000000E+00,  1.17582116500407E+02,  1.60585827121235E+02
 1.95566666700000E+03,  4.08929232655096E-01,  4.50000000000000E-01, -2.98577945173669E-01,  5.77000000000000E+00,  8.31860533962401E+01,  1.18904418635364E+02
 1.95575000000000E+03,  4.08929232655096E-01,  4.07500000000000E-01, -2.65027362593000E-01,  5.95000000000000E+00,  8.93247075652780E+01,  8.11753571355002E+01
 1.95583333300000E+03,  3.59363546072385E-01,  1.65000000000000E-01, -2.31793405348791E-01,  6.13000000000000E+00,  1.05488731184870E+02,  1.29501053613364E+02
 1.95591666700000E+03, -1.37339172294242E-01,  1.47500000000000E-01, -1.26097438938823E+00,  6.31000000000000E+00,  1.16673712432146E+02,  1.53870021756364E+02
 1.95600000000000E+03, -1.52116575594895E-01, -5.50000000000000E-02, -1.21905437665207E+00,  6.49000000000000E+00,  1.09352710647020E+02,  1.51460411701403E+02
 1.95608333300000E+03, -2.34369931865744E-01, -1.55000000000000E-01, -1.17743138622708E+00,  6.67000000000000E+00,  1.13760935475674E+02,  1.64059802956023E+02
 1.95616666700000E+03, -4.11543558553576E-01, -2.80000000000000E-01, -1.13611137440638E+00,  6.85000000000000E+00,  9.66736848435501E+01,  1.54492300636225E+02
 1.95625000000000E+03, -5.99362354411288E-01, -5.60000000000000E-01, -1.09509992552965E+00,  7.03000000000000E+00,  6.33486090227220E+01,  9.24002643910102E+01
 1.95633333300000E+03, -5.99362354411288E-01, -5.55000000000000E-01, -1.05440224075580E+00,  7.21000000000000E+00,  5.00190534575732E+01,  7.02403659814008E+01
 1.95641666700000E+03, -1.30353775862019E-01, -6.30000000000000E-01,  8.04281427396093E-01,  7.39000000000000E+00,  4.40183292913607E+01,  5.24240171942594E+01
 1.95650000000000E+03, -1.30353775862019E-01, -6.22500000000000E-01,  7.76828110820711E-01,  7.57000000000000E+00,  3.92361508088600E+01,  3.25904320457689E+01
 1.95658333300000E+03, -1.61831907272861E-01, -6.65000000000000E-01,  7.49389122071710E-01,  7.75000000000000E+00,  3.16340858190063E+01,  1.92551557940413E+01
 1.95666666700000E+03, -1.84688316729049E-01, -7.05000000000000E-01,  7.21954079605703E-01,  7.93000000000000E+00,  2.89821691929540E+01,  2.73590665919310E+01
 1.95675000000000E+03, -1.84688316729049E-01, -6.90000000000000E-01,  6.94512462688730E-01,  8.11000000000000E+00,  2.64305719509287E+01,  3.07602616479828E+01
 1.95683333300000E+03, -1.92328521442821E-01, -6.15000000000000E-01,  6.67053628285184E-01,  8.29000000000000E+00,  2.43778450556912E+01,  2.90749211608467E+01
 1.95691666700000E+03, -2.76769738018372E-01, -2.10000000000000E-01,  2.20363835492918E+00,  8.47000000000000E+00,  2.99053113161162E+01,  3.63654904489392E+01
 1.95700000000000E+03, -2.76769738018372E-01, -5.25000000000000E-02,  2.16905220608723E+00,  8.65000000000000E+00,  3.56109540968632E+01,  5.59708232673100E+01
 1.95708333300000E+03, -1.71299357976953E-01, -3.25000000000000E-02,  2.13464609384504E+00,  8.82999999999999E+00,  3.41483260598928E+01,  5.57989108515919E+01
 1.95716666700000E+03,  4.36757516208129E-02,  2.30000000000000E-01,  2.10042318137302E+00,  9.00999999999999E+00,  3.64650828951781E+01,  5.16995604138681E+01
 1.95725000000000E+03,  2.68810860180137E-01,  3.00000000000000E-01,  2.06638643401325E+00,  9.18999999999999E+00,  4.40123597954564E+01,  5.36830028709023E+01
 1.95733333300000E+03,  2.68810860180137E-01,  3.42500000000000E-01,  2.03253860597360E+00,  9.36999999999999E+00,  3.47276335889383E+01,  4.52575101193994E+01
 1.95741666700000E+03,  1.15388038111782E-01,  3.52500000000000E-01,  1.12314043322567E+00,  9.54999999999999E+00,  2.71107884262286E+01,  2.56855462684954E+01
 1.95750000000000E+03,  1.15388038111782E-01,  3.67500000000000E-01,  1.09484373489821E+00,  9.72999999999999E+00,  3.48422563482177E+01,  2.07788189798059E+01
 1.95758333300000E+03,  1.48135288532644E-01,  4.00000000000000E-01,  1.06666556357997E+00,  9.90999999999999E+00,  3.12557140024358E+01,  3.85106789091806E+01
 1.95766666700000E+03,  1.48135288532644E-01,  4.50000000000000E-01,  1.03859818424112E+00,  1.00900000000000E+01,  2.02134242486384E+01,  3.28840555674498E+01
 1.95775000000000E+03,  1.09125616496315E-01,  3.60000000000000E-01,  1.01063356558896E+00,  1.02700000000000E+01,  2.78016023887025E+01,  5.26936776634827E+01
 1.95783333300000E+03,  4.09931719625590E-02,  2.92500000000000E-01,  9.82763390530066E-01,  1.04500000000000E+01,  2.54370457205727E+01,  5.69796212673651E+01
 1.95791666700000E+03, -1.74633441839046E-02,  2.75000000000000E-01, -9.46775159027430E-01,  1.06300000000000E+01,  1.87695004151622E+01,  5.79486404936591E+01
 1.95800000000000E+03, -1.74633441839046E-02,  1.50000000000000E-01, -9.07271561350621E-01,  1.08100000000000E+01,  1.96297318714422E+01,  4.69607338800894E+01
 1.95808333300000E+03,  2.06880715537080E-02,  1.22500000000000E-01, -8.68100695498376E-01,  1.09900000000000E+01,  2.90932094483157E+01,  5.75712635076702E+01
 1.95816666700000E+03,  2.06880715537080E-02,  9.25000000000000E-02, -8.29265406849224E-01,  1.11700000000000E+01,  2.73444938787968E+01,  4.13255556791375E+01
 1.95825000000000E+03, -5.66156155850718E-02, -1.57500000000000E-01, -7.90768101569797E-01,  1.13500000000000E+01,  2.53019023100624E+01,  3.95619884413629E+01
 1.95833333300000E+03, -1.17275341246460E-01, -4.92500000000000E-01, -7.52610741286894E-01,  1.15300000000000E+01,  2.84267203729287E+01,  3.81543682759307E+01
 1.95841666700000E+03, -1.82146292599168E-01, -5.10000000000000E-01, -1.27382438005306E+00,  1.17100000000000E+01,  2.63635108198072E+01,  3.03225734771572E+01
 1.95850000000000E+03, -2.44824811755756E-01, -5.82500000000000E-01, -1.23181497310559E+00,  1.18900000000000E+01,  2.02335247115577E+01,  2.44687137224463E+01
 1.95858333300000E+03, -3.65983321672345E-01, -6.42500000000000E-01, -1.19010069865520E+00,  1.20700000000000E+01,  1.29843827421955E+01,  1.92675653495615E+01
 1.95866666700000E+03, -5.18734176368956E-01, -6.92500000000000E-01, -1.14868762415629E+00,  1.22500000000000E+01,  1.46799607714139E+01,  1.81009021606075E+01
 1.95875000000000E+03, -6.42678954546046E-01, -7.60000000000000E-01, -1.10758144867118E+00,  1.24300000000000E+01,  1.06490731863613E+01,  2.02704631728677E+01
 1.95883333300000E+03, -6.42678954546046E-01, -8.42500000000000E-01, -1.06678749143447E+00,  1.26100000000000E+01,  1.92958304708035E+01,  2.13855239887275E+01
 1.95891666700000E+03, -2.62263985056834E-02, -8.25000000000000E-01,  8.42214218360990E-01,  1.27900000000000E+01,  2.60458429177645E+01,  2.88777202824036E+01
 1.95900000000000E+03, -1.42543719266594E-02, -6.67500000000000E-01,  8.14724365855971E-01,  1.29700000000000E+01,  2.51184023750150E+01,  3.25037812279632E+01
 1.95908333300000E+03,  3.99215414880638E-02, -6.45000000000000E-01,  7.87262910457418E-01,  1.31500000000000E+01,  2.63956422627685E+01,  3.69308557467224E+01
 1.95916666700000E+03,  7.84021812272366E-02, -6.37500000000000E-01,  7.59819689718829E-01,  1.33300000000000E+01,  2.69031908868154E+01,  3.32376934203584E+01
 1.95925000000000E+03,  7.84021812272366E-02, -5.42500000000000E-01,  7.32384379361700E-01,  1.35100000000000E+01,  1.72279338087682E+01,  3.13965300044064E+01
 1.95933333300000E+03,  1.64609753700822E-02, -1.50000000000000E-01,  7.04946509599939E-01,  1.36900000000000E+01,  6.69114328196445E+00,  1.88412037176154E+01
 1.95941666700000E+03, -4.20965891765507E-03,  3.37500000000000E-01,  2.08337022694824E+00,  1.38700000000000E+01,  6.76156429788363E+00,  1.50974396910111E+01
 1.95950000000000E+03, -4.20965891765507E-03,  5.17500000000000E-01,  2.04942767047398E+00,  1.40500000000000E+01,  7.66959223609329E+00,  6.35910720440415E+00
 1.95958333300000E+03,  2.28049053361625E-01,  4.82500000000000E-01,  2.01567532801636E+00,  1.42300000000000E+01,  6.91644671482786E+00,  4.67488669857233E+00
 1.95966666700000E+03,  4.43079507957954E-01,  4.75000000000000E-01,  1.98211561285915E+00,  1.44100000000000E+01,  8.19343935338370E+00,  5.47673416536906E+00
 1.95975000000000E+03,  5.74280855083443E-01,  3.17500000000000E-01,  1.94875069554533E+00,  1.45900000000000E+01,  8.92373287954100E+00,  6.73704200677033E+00
 1.95983333300000E+03,  5.74280855083443E-01,  2.07500000000000E-01,  1.91558249198908E+00,  1.47700000000000E+01,  8.41609657822157E+00,  9.79841713103674E+00
 1.95991666700000E+03, -6.68656421795560E-03,  1.00000000000000E-01,  8.11466233543856E-01,  1.49500000000000E+01,  4.46384693571012E+00,  8.27960468081058E+00
 1.96000000000000E+03, -6.68656421795560E-03, -5.00000000000000E-03,  7.84007475170250E-01,  1.51300000000000E+01,  4.50543950742660E+00,  1.01973555893618E+01
 1.96008333300000E+03,  7.17243301749534E-02, -4.50000000000000E-02,  7.56565735172908E-01,  1.53100000000000E+01,  4.42596854059010E+00,  8.47509474167552E+00
 1.96016666700000E+03,  7.98238134025262E-02, -1.15000000000000E-01,  7.29130671154952E-01,  1.54900000000000E+01,  3.97947827463104E+00,  9.26847759302325E+00
 1.96025000000000E+03,  7.98238134025262E-02, -3.10000000000000E-01,  7.01691797176170E-01,  1.56700000000000E+01,  6.01193864357414E+00,  1.59226919644324E+01
 1.96033333300000E+03,  2.23618578004488E-02, -4.55000000000000E-01,  6.74238500540019E-01,  1.58500000000000E+01,  5.57668507499106E+00,  1.58850984889000E+01
 1.96041666700000E+03, -2.47706039324579E-01, -6.30000000000000E-01, -1.43763182763314E+00,  1.60300000000000E+01,  5.33558451624679E+00,  1.67637760921602E+01
 1.96050000000000E+03, -4.35354814919907E-01, -6.50000000000000E-01, -1.39455257563215E+00,  1.62100000000000E+01,  4.21950043752274E+00,  2.05946777741389E+01
 1.96058333300000E+03, -4.84303479410924E-01, -6.40000000000000E-01, -1.35174198343322E+00,  1.63900000000000E+01,  3.93308096105730E+00,  2.18986659126454E+01
 1.96066666700000E+03, -4.84303479410924E-01, -6.37500000000000E-01, -1.30920741421751E+00,  1.65700000000000E+01,  1.95785634718310E+00,  1.43429927843986E+01
 1.96075000000000E+03, -4.29275730966445E-01, -6.22500000000000E-01, -1.26695591258619E+00,  1.67500000000000E+01,  1.44668464715054E+00,  1.66237231183803E+01
 1.96083333300000E+03, -3.93001783049712E-01, -5.20000000000000E-01, -1.22499419072279E+00,  1.69300000000000E+01,  1.33855007677370E+00,  1.31081316755336E+01
 1.96091666700000E+03, -8.46018909378057E-02, -3.87500000000000E-01, -8.26072768381582E-01,  1.71100000000000E+01,  1.35756092401462E+00,  1.10944520390571E+01
 1.96100000000000E+03,  2.72590576644044E-03, -3.25000000000000E-02, -7.87603473694568E-01,  1.72900000000000E+01,  2.38313343027136E+00,  1.00204025250861E+01
 1.96108333300000E+03,  1.05205878971470E-01,  7.25000000000000E-02, -7.49474266009817E-01,  1.74700000000000E+01,  3.44741554403017E+00,  8.30466544898927E+00
 1.96116666700000E+03,  1.93462963600523E-01,  9.50000000000000E-02, -7.11686620661239E-01,  1.76500000000000E+01,  4.06991265733734E+00,  7.93770133078205E+00
 1.96125000000000E+03,  2.04698112946232E-01,  2.85000000000000E-01, -6.74241560049913E-01,  1.78300000000000E+01,  4.14583142677014E+00,  1.75840379848380E+01
 1.96133333300000E+03,  2.32932576710665E-01,  3.55000000000000E-01, -6.37139650931724E-01,  1.80100000000000E+01,  4.99301880041955E+00,  1.92385507374046E+01
 1.96141666700000E+03,  3.60797409620130E-01,  4.52500000000000E-01,  1.36943225933908E+00,  1.81900000000000E+01,  8.64139231131939E+00,  2.76769894754533E+01
 1.96150000000000E+03,  3.60797409620130E-01,  3.50000000000000E-01,  1.33986102721610E+00,  1.83700000000000E+01,  1.31264273360292E+01,  3.41589485185580E+01
 1.96158333300000E+03,  2.49838609815912E-01,  3.15000000000000E-01,  1.31046093375225E+00,  1.85500000000000E+01,  1.66348021232119E+01,  4.29065051770721E+01
 1.96166666700000E+03,  9.02512329857966E-02,  2.22500000000000E-01,  1.28122707948462E+00,  1.87300000000000E+01,  2.26135629103424E+01,  3.87508520980379E+01
 1.96175000000000E+03, -5.73102423723720E-02,  2.45000000000000E-01,  1.25215421018554E+00,  1.89100000000000E+01,  2.34779911683273E+01,  3.62392663384044E+01
 1.96183333300000E+03, -5.73102423723720E-02,  3.12500000000000E-01,  1.22323672078914E+00,  1.90900000000000E+01,  1.90088758464372E+01,  2.60599946534508E+01
 1.96191666700000E+03,  2.98915855237372E-01,  1.72500000000000E-01,  1.69355995900270E+00,  1.92700000000000E+01,  2.67314050360218E+01,  2.35519112710137E+01
 1.96200000000000E+03,  3.02067366576284E-01,  1.37500000000000E-01,  1.66197148206457E+00,  1.94500000000000E+01,  2.36473169226436E+01,  1.65565668431913E+01
 1.96208333300000E+03,  3.02067366576284E-01,  1.72500000000000E-01,  1.63058394132171E+00,  1.96300000000000E+01,  3.11092227295972E+01,  2.22656572109209E+01
 1.96216666700000E+03,  2.03709607038722E-01,  1.22500000000000E-01,  1.59939622159646E+00,  1.98100000000000E+01,  3.29307647837278E+01,  3.13127827301648E+01
 1.96225000000000E+03,  6.94847634437828E-02, -6.75000000000000E-02,  1.56840686075270E+00,  1.99900000000000E+01,  4.14940675218984E+01,  3.19195023393039E+01
 1.96233333300000E+03, -3.32848008071421E-02, -4.02500000000000E-01,  1.53761404519408E+00,  2.01700000000000E+01,  4.43517431121503E+01,  3.77896736664361E+01
 1.96241666700000E+03, -4.02857793999252E-01, -5.70000000000000E-01, -5.17330938898649E-01,  2.03500000000000E+01,  5.69749919333269E+01,  4.21584391316277E+01
 1.96250000000000E+03, -5.43737722315358E-01, -6.30000000000000E-01, -4.81698232441937E-01,  2.05300000000000E+01,  6.38185881485137E+01,  5.58032100863898E+01
 1.96258333300000E+03, -5.43737722315358E-01, -6.87500000000000E-01, -4.46404048577317E-01,  2.07100000000000E+01,  1.08213347829259E+02,  1.05025429414492E+02
 1.96266666700000E+03, -4.58319296374269E-01, -7.00000000000000E-01, -4.11446078832713E-01,  2.08900000000000E+01,  1.09659354797284E+02,  1.11494197265439E+02
 1.96275000000000E+03, -2.64474618354532E-01, -7.77500000000000E-01, -3.76821565592351E-01,  2.10700000000000E+01,  9.51265330853785E+01,  1.07693585574304E+02
 1.96283333300000E+03, -2.64474618354532E-01, -7.55000000000000E-01, -3.42527306573527E-01,  2.12500000000000E+01,  1.05898852379084E+02,  1.25264350691176E+02
 1.96291666700000E+03, -5.73958577492844E-01, -7.30000000000000E-01, -1.82203332766625E+00,  2.14300000000000E+01,  1.75044859754651E+02,  2.10322192507012E+02
 1.96300000000000E+03, -6.54291026071801E-01, -7.05000000000000E-01, -1.77697076435961E+00,  2.16100000000000E+01,  3.09798830120807E+02,  4.60476352214289E+02
 1.96308333300000E+03, -6.54291026071801E-01, -8.32500000000000E-01, -1.73210176695039E+00,  2.17900000000000E+01,  6.01380285389281E+02,  8.32893313443593E+02
 1.96316666700000E+03, -5.70387295698792E-01, -8.65000000000000E-01, -1.68743581080330E+00,  2.19700000000000E+01,  8.60315436010458E+02,  1.27132573655306E+03
 1.96325000000000E+03, -4.44829056504914E-01, -8.20000000000000E-01, -1.64298219262996E+00,  2.21500000000000E+01,  1.08293198908668E+03,  1.68635897374564E+03
 1.96333333300000E+03, -3.50034904283743E-01, -7.92500000000000E-01, -1.59875001298025E+00,  2.23300000000000E+01,  1.08713445456192E+03,  1.72610494331514E+03
 1.96341666700000E+03,  8.86034839477301E-03, -5.37500000000000E-01, -1.04267076332655E-01,  2.25100000000000E+01,  9.70679633598926E+02,  1.54841234770227E+03
 1.96350000000000E+03,  3.81676920055006E-02, -3.75000000000000E-02, -7.25116753469024E-02,  2.26900000000000E+01,  7.00629072565344E+02,  1.19489289948721E+03
 1.96358333300000E+03,  3.81676920055006E-02,  9.00000000000000E-02, -4.10372710938304E-02,  2.28700000000000E+01,  4.54469648172753E+02,  7.51549245208817E+02
 1.96366666700000E+03,  2.03946157358206E-02,  2.12500000000000E-01, -9.83656247864556E-03,  2.30500000000000E+01,  2.27214759247958E+02,  3.48715012508184E+02
 1.96375000000000E+03, -8.75289066183866E-02,  1.62500000000000E-01,  2.10980916573483E-02,  2.32300000000000E+01,  1.72457252488492E+02,  2.30213165057705E+02
 1.96383333300000E+03, -8.75289066183866E-02,  1.75000000000000E-01,  5.17746589115835E-02,  2.34100000000000E+01,  1.77248282570812E+02,  1.35279281736898E+02
 1.96391666700000E+03,  4.87273082078554E-01,  1.75000000000000E-01,  1.90670631469457E+00,  2.35900000000000E+01,  2.05639682087683E+02,  1.23072133241819E+02
 1.96400000000000E+03,  4.87273082078554E-01,  8.75000000000000E-02,  1.87379000653435E+00,  2.37700000000000E+01,  2.52937135414337E+02,  1.36517228858118E+02
 1.96408333300000E+03,  4.67734442106265E-01,  5.00000000000000E-02,  1.84107375521726E+00,  2.39500000000000E+01,  3.11879376755687E+02,  1.67425782016558E+02
 1.96416666700000E+03,  3.60222660705163E-01,  1.35000000000000E-01,  1.80855856751080E+00,  2.41300000000000E+01,  3.20254384726740E+02,  1.45331014755835E+02
 1.96425000000000E+03,  2.14450897084352E-01,  1.60000000000000E-01,  1.77624515055830E+00,  2.43100000000000E+01,  2.78542270463194E+02,  1.25488132486020E+02
 1.96433333300000E+03,  1.01175001399131E-01,  1.70000000000000E-01,  1.74413390284404E+00,  2.44900000000000E+01,  2.48583842846838E+02,  1.37800879465265E+02
 1.96441666700000E+03,  1.01175001399131E-01,  1.52500000000000E-01,  1.52895128912701E+00,  2.46700000000000E+01,  2.13974333979957E+02,  1.38439911613277E+02
 1.96450000000000E+03,  1.34805926786216E-01,  6.75000000000000E-02,  1.49840731356827E+00,  2.48500000000000E+01,  1.56403045162404E+02,  1.15528870978179E+02
 1.96458333300000E+03,  1.96604906863912E-01,  9.25000000000000E-02,  1.46805440851945E+00,  2.50300000000000E+01,  1.10226359506102E+02,  1.18936409949484E+02
 1.96466666700000E+03,  2.56887265745460E-01,  5.00000000000000E-02,  1.43788958455151E+00,  2.52100000000000E+01,  8.93480443659377E+01,  1.21909777735749E+02
 1.96475000000000E+03,  3.02155036375742E-01,  8.00000000000000E-02,  1.40790949021798E+00,  2.53900000000000E+01,  7.77678332176621E+01,  1.23826866221834E+02
 1.96483333300000E+03,  3.02155036375742E-01,  3.75000000000000E-02,  1.37811041168436E+00,  2.55700000000000E+01,  5.17766666852581E+01,  1.16793647331466E+02
 1.96491666700000E+03,  1.54945826765869E-01,  4.75000000000000E-02, -6.82704656151296E-01,  2.57500000000000E+01,  3.16718684025700E+01,  1.02146868514604E+02
 1.96500000000000E+03,  1.54945826765869E-01,  1.75000000000000E-02, -6.45524888469010E-01,  2.59300000000000E+01,  3.44028528154340E+01,  1.07606414348882E+02
 1.96508333300000E+03,  1.54945826765869E-01, -3.00000000000000E-02, -6.08688396940124E-01,  2.61100000000000E+01,  2.79332425439404E+01,  9.01014630509651E+01
 1.96516666700000E+03,  1.46160889166959E-01, -9.25000000000000E-02, -5.72194936385572E-01,  2.62900000000000E+01,  1.62205134896213E+01,  7.41667818377787E+01
 1.96525000000000E+03, -6.87900397356833E-02, -3.92500000000000E-01, -5.36043802995491E-01,  2.64700000000000E+01,  3.28822049220506E+01,  1.32165097487851E+02
 1.96533333300000E+03, -3.35473023962642E-01, -6.05000000000000E-01, -5.00233834897203E-01,  2.66500000000000E+01,  3.98814994600202E+01,  1.10207239426689E+02
 1.96541666700000E+03, -8.24190719540164E-01, -6.70000000000000E-01, -1.05564623954945E+00,  2.68300000000000E+01,  6.30841757911402E+01,  1.21192024206279E+02
 1.96550000000000E+03, -8.24190719540164E-01, -7.17500000000000E-01, -1.01525728413627E+00,  2.70100000000000E+01,  8.70929014969193E+01,  1.31279380232116E+02
 1.96558333300000E+03, -7.72685777164566E-01, -7.27500000000000E-01, -9.75191175177048E-01,  2.71900000000000E+01,  1.05859331444513E+02,  2.05693906715589E+02
 1.96566666700000E+03, -7.06489847810835E-01, -8.02500000000000E-01, -9.35451916816857E-01,  2.73700000000000E+01,  8.87851687393771E+01,  1.79308448287958E+02
 1.96575000000000E+03, -6.50064812576668E-01, -7.97500000000000E-01, -8.96043092571955E-01,  2.75500000000000E+01,  8.51889646684402E+01,  1.70583506964945E+02
 1.96583333300000E+03, -5.82035998366393E-01, -8.60000000000000E-01, -8.56967857793774E-01,  2.77300000000000E+01,  6.96093437368737E+01,  1.46602156714653E+02
 1.96591666700000E+03, -5.25250666956471E-01, -8.22500000000000E-01,  8.71995683717773E-01,  2.79100000000000E+01,  5.04887767200614E+01,  1.36146757072137E+02
 1.96600000000000E+03, -4.78690618879201E-01, -7.55000000000000E-01,  8.44463874700252E-01,  2.80900000000000E+01,  2.71137445058804E+01,  6.38384815641672E+01
 1.96608333300000E+03, -4.68767042187630E-01, -5.17500000000000E-01,  8.16971255733799E-01,  2.82700000000000E+01,  7.29770547630704E+01,  5.75544250424635E+01
 1.96616666700000E+03, -3.37016767613254E-01, -1.75000000000000E-01,  7.89507857299475E-01,  2.84500000000000E+01,  7.99065029042552E+01,  7.81891985756191E+01
 1.96625000000000E+03, -1.71412805313188E-01,  1.42500000000000E-01,  7.62063530893765E-01,  2.86300000000000E+01,  8.55076406987876E+01,  1.23105401492819E+02
 1.96633333300000E+03, -9.76264027803614E-03,  3.40000000000000E-01,  7.34627964865580E-01,  2.88100000000000E+01,  1.05859767976965E+02,  1.66411793046473E+02
 1.96641666700000E+03,  2.66675001567770E-01,  4.00000000000000E-01,  1.82575523856961E+00,  2.89900000000000E+01,  1.29248349288015E+02,  2.99927629686877E+02
 1.96650000000000E+03,  2.66675001567770E-01,  3.70000000000000E-01,  1.79333488369459E+00,  2.91700000000000E+01,  8.63061332689250E+01,  3.26959645678187E+02
 1.96658333300000E+03,  2.57535156381905E-01,  3.82500000000000E-01,  1.76111652597431E+00,  2.93500000000000E+01,  1.06277538797854E+02,  3.98744140509281E+02
 1.96666666700000E+03,  2.57535156381905E-01,  4.55000000000000E-01,  1.72910041576975E+00,  2.95300000000000E+01,  1.38506354392593E+02,  4.26426397844259E+02
 1.96675000000000E+03,  2.82072340528985E-01,  4.00000000000000E-01,  1.69728648264474E+00,  2.97100000000000E+01,  1.19111765873382E+02,  4.08002463279617E+02
 1.96683333300000E+03,  2.82072340528985E-01,  3.60000000000000E-01,  1.66567432792399E+00,  2.98900000000000E+01,  1.23178471788554E+02,  3.45687950878080E+02
 1.96691666700000E+03,  2.48196753300561E-01,  3.70000000000000E-01,  9.90056180459045E-01,  3.00700000000000E+01,  1.56899349507578E+02,  3.29033270576967E+02
 1.96700000000000E+03,  2.31643679460993E-01,  3.70000000000000E-01,  9.62250211267881E-01,  3.02500000000000E+01,  1.48454042253053E+02,  2.41634687630754E+02
 1.96708333300000E+03,  1.48137438712215E-01,  3.62500000000000E-01,  9.34523583826976E-01,  3.04300000000000E+01,  1.11775577498203E+02,  1.95740552600358E+02
 1.96716666700000E+03,  1.59797644699046E-03,  2.62500000000000E-01,  9.06867257606311E-01,  3.06100000000000E+01,  1.13268638792590E+02,  1.82540152153517E+02
 1.96725000000000E+03, -1.78513024426793E-01,  2.52500000000000E-01,  8.79271951371936E-01,  3.07900000000000E+01,  1.01206258916793E+02,  1.38818284025412E+02
 1.96733333300000E+03, -3.40409932989519E-01,  1.32500000000000E-01,  8.51728156746398E-01,  3.09700000000000E+01,  1.49121155280052E+02,  1.14148001730145E+02
 1.96741666700000E+03, -3.40409932989519E-01, -1.50000000000000E-01, -1.63050569667127E+00,  3.11500000000000E+01,  1.81643263966259E+02,  1.17029563381210E+02
 1.96750000000000E+03, -2.79663363708694E-01, -4.12500000000000E-01, -1.58633747674124E+00,  3.13300000000000E+01,  1.76419336583348E+02,  9.20845929316817E+01
 1.96758333300000E+03, -2.79663363708694E-01, -3.75000000000000E-01, -1.54240204388067E+00,  3.15100000000000E+01,  1.86420005911488E+02,  1.04518683890346E+02
 1.96766666700000E+03, -3.56004877295484E-01, -4.15000000000000E-01, -1.49870798711928E+00,  3.16900000000000E+01,  1.91230585642788E+02,  1.33536364895654E+02
 1.96775000000000E+03, -5.03835614745503E-01, -3.97500000000000E-01, -1.45526364405976E+00,  3.18700000000000E+01,  1.38513182725025E+02,  1.38405661918659E+02
 1.96783333300000E+03, -5.16972926734281E-01, -4.92500000000000E-01, -1.41207708484431E+00,  3.20500000000000E+01,  1.32988603687686E+02,  1.73783384091985E+02
 1.96791666700000E+03, -5.16972926734281E-01, -6.22500000000000E-01, -1.42106830133641E+00,  3.22300000000000E+01,  1.79230984979572E+02,  2.74408849989264E+02
 1.96800000000000E+03, -4.29197467376810E-01, -4.90000000000000E-01, -1.37809126078009E+00,  3.24100000000000E+01,  1.60210824857618E+02,  2.78483125627669E+02
 1.96808333300000E+03, -2.54784907626182E-01, -5.20000000000000E-01, -1.33538574251071E+00,  3.25900000000000E+01,  1.57807220526539E+02,  2.29080952960838E+02
 1.96816666700000E+03, -8.61086038020445E-02, -6.32500000000000E-01, -1.29295898912231E+00,  3.27700000000000E+01,  1.87893571284261E+02,  2.39951478675596E+02
 1.96825000000000E+03, -6.52349713179867E-02, -6.45000000000000E-01, -1.25081791925134E+00,  3.29500000000000E+01,  2.01606420857113E+02,  1.97019347333682E+02
 1.96833333300000E+03, -1.18288810283287E-02, -5.80000000000000E-01, -1.20896911395987E+00,  3.31300000000000E+01,  1.79377020685877E+02,  1.77393696752623E+02
 1.96841666700000E+03,  7.73662631045595E-02, -6.62500000000000E-01,  1.02186790722217E+00,  3.33100000000000E+01,  2.07717031531862E+02,  2.62484107230138E+02
 1.96850000000000E+03,  7.73662631045595E-02, -7.85000000000000E-01,  9.93960768675131E-01,  3.34900000000000E+01,  2.20295735782755E+02,  2.90357665681609E+02
 1.96858333300000E+03, -9.65966680063862E-03, -7.70000000000000E-01,  9.66142969485671E-01,  3.36700000000000E+01,  1.73695956209778E+02,  2.87307866124939E+02
 1.96866666700000E+03, -5.62468810698830E-02, -7.97500000000000E-01,  9.38405759335000E-01,  3.38500000000000E+01,  1.32019847906855E+02,  3.98904672240907E+02
 1.96875000000000E+03, -8.59174043814228E-02, -7.82500000000000E-01,  9.10740132483402E-01,  3.40300000000000E+01,  1.63279764553265E+02,  4.64789427175011E+02
 1.96883333300000E+03, -8.59174043814228E-02, -5.17500000000000E-01,  8.83136840634426E-01,  3.42100000000000E+01,  2.11489100584331E+02,  5.86272162457379E+02
 1.96891666700000E+03,  1.82173060652522E-01, -3.45000000000000E-01,  1.77459249925766E+00,  3.43900000000000E+01,  2.99135764122003E+02,  6.75610415264808E+02
 1.96900000000000E+03,  2.69403293977729E-01,  1.00000000000000E-02,  1.74249163041440E+00,  3.45700000000000E+01,  3.56147228602736E+02,  6.87959988007399E+02
 1.96908333300000E+03,  3.10089447421370E-01,  1.52500000000000E-01,  1.71059300770669E+00,  3.47500000000000E+01,  4.07457080350862E+02,  6.13018759131572E+02
 1.96916666700000E+03,  3.10089447421370E-01,  2.60000000000000E-01,  1.67889637086500E+00,  3.49300000000000E+01,  3.99144269149534E+02,  5.28885223101897E+02
 1.96925000000000E+03,  2.76003282553256E-01,  3.77500000000000E-01,  1.64740112737006E+00,  3.51100000000000E+01,  3.54895169150084E+02,  3.35243881048215E+02
 1.96933333300000E+03,  2.57168968622998E-01,  3.77500000000000E-01,  1.61610634610201E+00,  3.52900000000000E+01,  2.95414008688879E+02,  2.71921056930461E+02
 1.96941666700000E+03, -3.85710676476430E-01,  3.50000000000000E-01,  2.31995951943771E-01,  3.54700000000000E+01,  2.39513737096165E+02,  2.38827410190037E+02
 1.96950000000000E+03, -3.85710676476430E-01,  3.77500000000000E-01,  2.61106189606091E-01,  3.56500000000000E+01,  1.74102360421878E+02,  2.06656699782645E+02
 1.96958333300000E+03, -2.43099978431537E-01,  3.45000000000000E-01,  2.90032398125264E-01,  3.58300000000000E+01,  1.24233110175220E+02,  1.88676304065967E+02
 1.96966666700000E+03, -1.87606268916370E-01,  2.60000000000000E-01,  2.61106189606091E-01,  3.60100000000000E+01,  1.41983167054083E+02,  3.06915766233040E+02
 1.96975000000000E+03, -8.75342480395554E-02,  2.20000000000000E-01,  2.90032398125264E-01,  3.61900000000000E+01,  1.30795519715713E+02,  2.98739644957153E+02
 1.96983333300000E+03, -8.75342480395554E-02,  7.50000000000000E-03,  2.61106189606091E-01,  3.63700000000000E+01,  1.49887858568088E+02,  3.38239652753661E+02
 1.96991666700000E+03, -2.04592610912349E-01, -1.35000000000000E-01, -1.55168308165008E+00,  3.65500000000000E+01,  1.65719787027266E+02,  4.10304521094728E+02
 1.97000000000000E+03, -2.44740200703973E-01, -2.40000000000000E-01, -1.50793722247277E+00,  3.67300000000000E+01,  1.75511785675205E+02,  4.00340739267824E+02
 1.97008333300000E+03, -3.62231426850943E-01, -3.67500000000000E-01, -1.46443933375512E+00,  3.69100000000000E+01,  1.28759845790987E+02,  2.54404363692941E+02
 1.97016666700000E+03, -4.88695177500445E-01, -4.15000000000000E-01, -1.42119754357568E+00,  3.70900000000000E+01,  9.11704545189720E+01,  1.91810151375506E+02
 1.97025000000000E+03, -5.56968503509635E-01, -5.72500000000000E-01, -1.37821970022203E+00,  3.72700000000000E+01,  7.45320214944650E+01,  1.76807627347769E+02
 1.97033333300000E+03, -5.56968503509635E-01, -6.45000000000000E-01, -1.33551335696968E+00,  3.74500000000000E+01,  6.33123286049889E+01,  1.41693071629161E+02
 1.97041666700000E+03, -5.56968503509635E-01, -7.35000000000000E-01, -1.04261704979845E+00,  3.76300000000000E+01,  5.97091372659041E+01,  1.18970612247271E+02
 1.97050000000000E+03, -6.02767226216533E-01, -7.25000000000000E-01, -1.00233150063806E+00,  3.78100000000000E+01,  1.02875615587570E+02,  1.90770852137717E+02
 1.97058333300000E+03, -6.02767226216533E-01, -7.65000000000000E-01, -9.62370131576364E-01,  3.79900000000000E+01,  1.68335130352952E+02,  2.84846239755772E+02
 1.97066666700000E+03, -4.72887128229131E-01, -8.17500000000000E-01, -9.22736812301137E-01,  3.81700000000000E+01,  2.10250222690832E+02,  3.07298320630648E+02
 1.97075000000000E+03, -4.42125551682461E-01, -8.22500000000000E-01, -8.83434989360463E-01,  3.83500000000000E+01,  2.40916980143838E+02,  2.82072827538814E+02
 1.97083333300000E+03, -3.17521527990197E-01, -7.80000000000000E-01, -8.44467678882515E-01,  3.85300000000000E+01,  2.40849607038996E+02,  2.77799166862540E+02
 1.97091666700000E+03, -1.63257385018863E-01, -4.72500000000000E-01,  1.23910685126027E+00,  3.87100000000000E+01,  2.40569806045744E+02,  2.04446659886493E+02
 1.97100000000000E+03, -1.39146880930468E-01, -8.00000000000000E-02,  1.21025744256483E+00,  3.88900000000000E+01,  1.82864186183798E+02,  1.10697461193800E+02
 1.97108333300000E+03, -3.67509280459409E-02,  1.12500000000000E-01,  1.18155466971706E+00,  3.90700000000000E+01,  1.28409596428642E+02,  6.47341352680014E+01
 1.97116666700000E+03,  6.73754733203398E-02,  2.55000000000000E-01,  1.15299208955554E+00,  3.92500000000000E+01,  9.45239266381936E+01,  5.71103197461747E+01
 1.97125000000000E+03,  1.15854080190668E-01,  2.95000000000000E-01,  1.12456292778237E+00,  3.94299999999999E+01,  9.01700541855302E+01,  6.79960293421342E+01
 1.97133333300000E+03,  1.18714018023407E-01,  3.30000000000000E-01,  1.09626008642196E+00,  3.96099999999999E+01,  4.49581031293922E+01,  6.05896728917012E+01
 1.97141666700000E+03,  4.17205069020284E-01,  3.37500000000000E-01,  1.59306667670635E+00,  3.97899999999999E+01,  4.28750105253549E+01,  7.66975090344490E+01
 1.97150000000000E+03,  4.17205069020284E-01,  5.00000000000000E-01,  1.56211751694686E+00,  3.99699999999999E+01,  4.38624998223960E+01,  6.92478170004938E+01
 1.97158333300000E+03,  3.68889565324408E-01,  4.00000000000000E-01,  1.53136448953907E+00,  4.01499999999999E+01,  5.00200572664846E+01,  6.16338603996333E+01
 1.97166666700000E+03,  3.36804141755295E-01,  3.05000000000000E-01,  1.50080535292585E+00,  4.03299999999999E+01,  4.78184122423687E+01,  5.68078256420501E+01
 1.97175000000000E+03,  3.30069414542737E-01,  3.35000000000000E-01,  1.47043750686200E+00,  4.05099999999999E+01,  4.84536395172218E+01,  6.20609227943203E+01
 1.97183333300000E+03,  3.25906091021568E-01,  3.12500000000000E-01,  1.44025799038402E+00,  4.06899999999999E+01,  4.06299110390125E+01,  1.00207636809395E+02
 1.97191666700000E+03, -5.26578780810807E-02,  2.80000000000000E-01, -5.51570777250872E-02,  4.08699999999999E+01,  4.22125923643133E+01,  1.29884365284372E+02
 1.97200000000000E+03, -5.26578780810807E-02,  2.37500000000000E-01, -2.38342129634712E-02,  4.10499999999999E+01,  3.71256886558544E+01,  1.66205213824443E+02
 1.97208333300000E+03, -5.26578780810807E-02,  1.85000000000000E-01,  7.21911985045339E-03,  4.12299999999999E+01,  6.91799183514757E+01,  1.82069669945561E+02
 1.97216666700000E+03, -1.14423415178420E-01,  2.07500000000000E-01,  3.80107432382177E-02,  4.14099999999999E+01,  8.07194823096729E+01,  1.77993743061906E+02
 1.97225000000000E+03, -2.57228800599984E-01,  1.00000000000000E-01,  6.85487984081425E-02,  4.15899999999999E+01,  1.01511134327891E+02,  1.23755314735398E+02
 1.97233333300000E+03, -4.34463532790383E-01, -4.67500000000000E-01,  9.88417307269034E-02,  4.17699999999999E+01,  1.24755884350098E+02,  1.32918728389687E+02
 1.97241666700000E+03, -4.99786817652499E-01, -5.77500000000000E-01, -1.32558359276968E+00,  4.19499999999999E+01,  1.27860584470730E+02,  9.55126055908748E+01
 1.97250000000000E+03, -4.99786817652499E-01, -6.15000000000000E-01, -1.28322207325084E+00,  4.21299999999999E+01,  1.27057952784844E+02,  1.43256309796755E+02
 1.97258333300000E+03, -4.99786817652499E-01, -6.25000000000000E-01, -1.24114778426055E+00,  4.23099999999999E+01,  1.16675766110820E+02,  1.45326682228812E+02
 1.97266666700000E+03, -4.99918969484347E-01, -6.82500000000000E-01, -1.19936722719923E+00,  4.24899999999999E+01,  9.68862740150085E+01,  1.46386977099379E+02
 1.97275000000000E+03, -6.29888183570654E-01, -6.72500000000000E-01, -1.15788654996021E+00,  4.26699999999999E+01,  6.43299523198719E+01,  1.26311589010090E+02
 1.97283333300000E+03, -6.29888183570654E-01, -7.10000000000000E-01, -1.11671153468382E+00,  4.28499999999999E+01,  7.43757178634478E+01,  1.58586286204264E+02
 1.97291666700000E+03, -3.93336099793845E-01, -4.30000000000000E-01,  2.02689818291295E-01,  4.30299999999999E+01,  4.13021953400260E+01,  8.18097041306067E+01
 1.97300000000000E+03, -2.42875796716002E-01,  1.45000000000000E-01,  2.31994129066878E-01,  4.32099999999999E+01,  6.03454392010475E+01,  1.19457228068213E+02
 1.97308333300000E+03, -6.77999424187295E-02,  2.92500000000000E-01,  2.61104378530481E-01,  4.33899999999999E+01,  6.59810272522989E+01,  1.49309632943865E+02
 1.97316666700000E+03, -4.37398839691908E-02,  2.65000000000000E-01,  2.90030598218995E-01,  4.35699999999999E+01,  8.37301996536663E+01,  1.49949058591636E+02
 1.97325000000000E+03,  8.02191254519024E-02,  2.60000000000000E-01,  2.61104378530481E-01,  4.37499999999999E+01,  1.28995704974559E+02,  2.01394193998495E+02
 1.97333333300000E+03,  8.02191254519024E-02,  3.45000000000000E-01,  2.90030598218995E-01,  4.39299999999999E+01,  1.44231831988230E+02,  2.10811165484405E+02
 1.97341666700000E+03,  8.02191254519024E-02,  3.30000000000000E-01,  1.86164790112459E+00,  4.41099999999999E+01,  1.89245028566752E+02,  2.35925279000549E+02
 1.97350000000000E+03,  5.44585760091143E-03,  2.57500000000000E-01,  1.82900602593249E+00,  4.42899999999999E+01,  2.29933158118747E+02,  3.07094225618839E+02
 1.97358333300000E+03,  5.44585760091143E-03,  2.45000000000000E-01,  1.79656551172234E+00,  4.44699999999999E+01,  2.51481598667829E+02,  3.52214331047690E+02
 1.97366666700000E+03,  1.58313157605068E-02,  2.12500000000000E-01,  1.76432695232495E+00,  4.46499999999999E+01,  2.15459032556888E+02,  3.49647338090834E+02
 1.97375000000000E+03,  1.51387123419527E-01,  2.12500000000000E-01,  1.73229062972332E+00,  4.48299999999999E+01,  2.51459491408255E+02,  4.37252328342910E+02
 1.97383333300000E+03,  2.77018856508269E-01,  1.12500000000000E-01,  1.70045650588369E+00,  4.50099999999999E+01,  1.90023273464524E+02,  3.94864783110907E+02
 1.97391666700000E+03,  2.77018856508269E-01,  2.50000000000000E-02,  1.32275329243820E+00,  4.51899999999999E+01,  1.45853747049961E+02,  3.48913493530762E+02
 1.97400000000000E+03,  1.59904306550027E-01, -3.50000000000000E-02,  1.29345043562723E+00,  4.53699999999999E+01,  1.28506391197529E+02,  3.06707816865423E+02
 1.97408333300000E+03,  4.07441724540272E-03, -7.25000000000000E-02,  1.26431080721980E+00,  4.55499999999999E+01,  9.78286147696548E+01,  2.54852970349181E+02
 1.97416666700000E+03, -1.71062913590637E-01, -7.75000000000000E-02,  1.23532894855275E+00,  4.57299999999999E+01,  5.71599904051276E+01,  1.90103957939057E+02
 1.97425000000000E+03, -1.77951918797243E-01, -3.22500000000000E-01,  1.20649905277791E+00,  4.59099999999999E+01,  6.88586929940514E+01,  2.18693901731881E+02
 1.97433333300000E+03, -3.17535015438378E-01, -5.62500000000000E-01,  1.17781497006184E+00,  4.60899999999999E+01,  6.16585441513344E+01,  1.65418962699159E+02
 1.97441666700000E+03, -6.26694491938185E-01, -6.67500000000000E-01, -1.14371038704768E+00,  4.62699999999999E+01,  4.89037554940089E+01,  1.53353201161971E+02
 1.97450000000000E+03, -7.16036772901663E-01, -7.05000000000000E-01, -1.10264161661501E+00,  4.64499999999999E+01,  5.62112963608066E+01,  1.33147209916165E+02
 1.97458333300000E+03, -7.48928946489838E-01, -7.60000000000000E-01, -1.06188568016896E+00,  4.66299999999999E+01,  4.37225996213694E+01,  1.14264223951670E+02
 1.97466666700000E+03, -7.48928946489838E-01, -7.45000000000000E-01, -1.02144745854385E+00,  4.68099999999999E+01,  2.91551559551691E+01,  6.56469916221436E+01
 1.97475000000000E+03, -7.17037448930753E-01, -7.20000000000000E-01, -9.81331430812523E-01,  4.69899999999999E+01,  2.53946376465062E+01,  5.98354447785116E+01
 1.97483333300000E+03, -7.17037448930753E-01, -7.30000000000000E-01, -9.41541665086260E-01,  4.71699999999999E+01,  2.11526173508133E+01,  4.67955811210862E+01
 1.97491666700000E+03, -6.72096297548571E-01, -7.50000000000000E-01, -1.73101357709915E+00,  4.73499999999999E+01,  1.65743885180856E+01,  4.17923021643829E+01
 1.97500000000000E+03, -5.57126823198304E-01, -7.62500000000000E-01, -1.68635267299593E+00,  4.75299999999999E+01,  1.93961844792576E+01,  3.94147280750667E+01
 1.97508333300000E+03, -2.95066324305113E-01, -6.00000000000000E-01, -1.64190433047999E+00,  4.77099999999999E+01,  2.84042252936376E+01,  6.29144851234473E+01
 1.97516666700000E+03, -9.36544399062996E-02, -2.12500000000000E-01, -1.59767764511721E+00,  4.78899999999999E+01,  4.61987531035514E+01,  1.06455551345117E+02
 1.97525000000000E+03, -9.36544399062996E-02,  1.25000000000000E-01, -1.55368149867127E+00,  4.80699999999999E+01,  6.59095792877714E+01,  1.44170483504725E+02
 1.97533333300000E+03, -4.40092986202186E-02,  2.32500000000000E-01, -1.50992454220737E+00,  4.82499999999999E+01,  6.82071393696582E+01,  1.64176015178383E+02
 1.97541666700000E+03,  1.47515923729879E-01,  4.27500000000000E-01,  6.00763207903833E-01,  4.84299999999999E+01,  7.10346216886787E+01,  1.60650577891673E+02
 1.97550000000000E+03,  2.13255355878826E-01,  4.25000000000000E-01,  5.73164402298951E-01,  4.86099999999999E+01,  6.26935582422784E+01,  1.30508962284846E+02
 1.97558333300000E+03,  2.75555692463611E-01,  3.82500000000000E-01,  5.45500439591370E-01,  4.87899999999999E+01,  5.14557473664571E+01,  8.49311209235542E+01
 1.97566666700000E+03,  3.13508891353062E-01,  3.80000000000000E-01,  5.17760321959083E-01,  4.89699999999999E+01,  3.90053467927216E+01,  4.72146762235931E+01
 1.97575000000000E+03,  3.32027484844723E-01,  3.62500000000000E-01,  4.89933044673339E-01,  4.91499999999999E+01,  5.39279835569935E+01,  2.64049470895685E+01
 1.97583333300000E+03,  3.54877787228687E-01,  3.75000000000000E-01,  4.62007614825330E-01,  4.93299999999999E+01,  6.84926517082640E+01,  1.34971998669687E+01
 1.97591666700000E+03,  4.35167821603396E-01,  3.92500000000000E-01,  2.00404989543100E+00,  4.95099999999999E+01,  7.03380002597333E+01,  1.55433609248368E+01
 1.97600000000000E+03,  4.45645171944960E-01,  3.22500000000000E-01,  1.97055730030543E+00,  4.96899999999999E+01,  6.56627861808476E+01,  2.89180714456596E+01
 1.97608333300000E+03,  4.45645171944960E-01,  3.10000000000000E-01,  1.93726019485430E+00,  4.98699999999999E+01,  5.54718741974589E+01,  3.35393212539535E+01
 1.97616666700000E+03,  2.96104551046308E-01,  3.07500000000000E-01,  1.90416040427221E+00,  5.00499999999999E+01,  3.44463458301404E+01,  4.01609011254465E+01
 1.97625000000000E+03,  1.36905285345789E-01,  2.47500000000000E-01,  1.87125948388744E+00,  5.02299999999999E+01,  1.41189509538130E+01,  4.31321118180829E+01
 1.97633333300000E+03,  3.79180056250027E-02,  7.50000000000000E-02,  1.83855870844475E+00,  5.04099999999999E+01,  1.47914474314127E+01,  4.00502913706341E+01
 1.97641666700000E+03, -4.67825721009732E-01, -3.65000000000000E-01,  8.85280717303392E-01,  5.05899999999999E+01,  2.06371341933724E+01,  3.67597340384701E+01
 1.97650000000000E+03, -5.34109266521863E-01, -5.50000000000000E-01,  8.57726518677420E-01,  5.07699999999999E+01,  2.72494956618600E+01,  3.91851824608423E+01
 1.97658333300000E+03, -5.34109266521863E-01, -6.20000000000000E-01,  8.30216246150979E-01,  5.09499999999999E+01,  4.19639227776127E+01,  4.60449960811710E+01
 1.97666666700000E+03, -5.18813796694053E-01, -5.12500000000000E-01,  8.02740021974725E-01,  5.11299999999999E+01,  6.04265327538265E+01,  6.39324504968487E+01
 1.97675000000000E+03, -4.78164155103586E-01, -6.42500000000000E-01,  7.75287781953570E-01,  5.13099999999999E+01,  6.73376234611787E+01,  7.66926721967311E+01
 1.97683333300000E+03, -4.78164155103586E-01, -5.75000000000000E-01,  7.47849291054231E-01,  5.14899999999999E+01,  7.23898804559977E+01,  9.27249572073381E+01
 1.97691666700000E+03, -5.22195505980070E-01, -6.42500000000000E-01, -1.46457979650160E+00,  5.16699999999999E+01,  6.49287134187622E+01,  9.03077621794043E+01
 1.97700000000000E+03, -6.14198749606815E-01, -6.75000000000000E-01, -1.42133716410152E+00,  5.18499999999999E+01,  5.16446277918421E+01,  7.50141474416476E+01
 1.97708333300000E+03, -6.14198749606815E-01, -6.70000000000000E-01, -1.37835845357793E+00,  5.20299999999999E+01,  3.48426735210008E+01,  5.96685188713406E+01
 1.97716666700000E+03, -5.09517479211573E-01, -6.87500000000000E-01, -1.33565121918580E+00,  5.22099999999999E+01,  2.39474887511570E+01,  5.44266000966137E+01
 1.97725000000000E+03, -3.94387936723279E-01, -7.12500000000000E-01, -1.29322270549562E+00,  5.23899999999999E+01,  2.01781969124738E+01,  3.67108954786315E+01
 1.97733333300000E+03, -3.94387936723279E-01, -7.00000000000000E-01, -1.25107983320698E+00,  5.25699999999999E+01,  2.42470944924879E+01,  3.74337977598112E+01
 1.97741666700000E+03, -4.83298433820664E-01, -6.65000000000000E-01, -1.80339365329722E+00,  5.27499999999999E+01,  2.43731851425837E+01,  3.59902639681578E+01
 1.97750000000000E+03, -4.84809731914685E-01, -3.50000000000000E-01, -1.75840989902104E+00,  5.29299999999999E+01,  2.36272022490233E+01,  3.45011708973947E+01
 1.97758333300000E+03, -4.84809731914685E-01, -2.27500000000000E-01, -1.71362364575061E+00,  5.31099999999999E+01,  2.53013833951330E+01,  3.80243759314103E+01
 1.97766666700000E+03, -3.75552451173896E-01,  1.10000000000000E-01, -1.66904429718226E+00,  5.32899999999999E+01,  1.91619240237753E+01,  5.61191764428756E+01
 1.97775000000000E+03, -2.56493174508955E-01,  2.20000000000000E-01, -1.62468107109398E+00,  5.34699999999999E+01,  2.28833441801605E+01,  7.99626262808077E+01
 1.97783333300000E+03, -1.91592572095993E-01,  3.00000000000000E-01, -1.58054298194908E+00,  5.36499999999999E+01,  2.65750703041351E+01,  8.52125359465013E+01
 1.97791666700000E+03,  7.58717977004949E-02,  4.25000000000000E-01,  6.92124957323832E-01,  5.38299999999999E+01,  3.79748563458383E+01,  8.93975325723629E+01
 1.97800000000000E+03,  2.15471028876500E-01,  4.62500000000000E-01,  6.64664118654657E-01,  5.40099999999999E+01,  4.03010887843603E+01,  7.97289902048978E+01
 1.97808333300000E+03,  2.16621466415490E-01,  3.72500000000000E-01,  6.37174375170689E-01,  5.41899999999999E+01,  4.85447583921951E+01,  6.42735384848463E+01
 1.97816666700000E+03,  2.16621466415490E-01,  3.20000000000000E-01,  6.09644884568209E-01,  5.43699999999999E+01,  4.57229923082618E+01,  4.57606168624167E+01
 1.97825000000000E+03,  1.07298830597384E-01,  2.85000000000000E-01,  5.82064736536979E-01,  5.45499999999999E+01,  4.68166834014440E+01,  5.14254263812713E+01
 1.97833333300000E+03,  1.07298830597384E-01,  2.87500000000000E-01,  5.54422970920733E-01,  5.47299999999999E+01,  3.71704053805912E+01,  4.88314705922380E+01
 1.97841666700000E+03,  3.29654165256256E-01,  2.50000000000000E-01,  1.66688258890701E+00,  5.49099999999999E+01,  4.33435189590312E+01,  5.15082819282891E+01
 1.97850000000000E+03,  3.86582047074808E-01,  2.12500000000000E-01,  1.63546378871781E+00,  5.50899999999999E+01,  3.33524350522212E+01,  6.95315085118146E+01
 1.97858333300000E+03,  3.86582047074808E-01,  1.87500000000000E-01,  1.60424500609568E+00,  5.52699999999999E+01,  3.37438612589775E+01,  6.28044828073168E+01
 1.97866666700000E+03,  3.03428500558614E-01,  2.32500000000000E-01,  1.57322483330729E+00,  5.54499999999999E+01,  3.59176353150789E+01,  7.78656487884447E+01
 1.97875000000000E+03,  1.89859722343867E-01,  1.37500000000000E-01,  1.54240151181140E+00,  5.56299999999999E+01,  4.66660224935733E+01,  1.04346683148733E+02
 1.97883333300000E+03,  1.25225916422214E-01,  1.20000000000000E-01,  1.51177292839557E+00,  5.58099999999999E+01,  3.96583074824913E+01,  1.24993089920519E+02
 1.97891666700000E+03, -1.61276495140070E-01,  5.00000000000000E-02,  2.56603888295561E-01,  5.59899999999999E+01,  5.06448499956605E+01,  1.29364064612050E+02
 1.97900000000000E+03, -2.72115728815404E-01,  9.25000000000000E-02,  2.85557972585009E-01,  5.61699999999999E+01,  5.33519229168218E+01,  1.33151665545344E+02
 1.97908333300000E+03, -1.61276495140070E-01,  1.62500000000000E-01,  2.56603888295561E-01,  5.63499999999999E+01,  5.46331397608791E+01,  1.23165889816116E+02
 1.97916666700000E+03, -2.72115728815404E-01, -1.87500000000000E-01,  2.85557972585009E-01,  5.65299999999999E+01,  4.11537381503379E+01,  9.33612768400311E+01
 1.97925000000000E+03, -2.16081642522392E-01, -3.67500000000000E-01,  2.56603888295561E-01,  5.67099999999999E+01,  3.84832160266732E+01,  9.62583680047256E+01
 1.97933333300000E+03, -2.98010515998323E-01, -5.90000000000000E-01,  2.85557972585009E-01,  5.68899999999999E+01,  2.45347501334361E+01,  6.46720384707612E+01
 1.97941666700000E+03, -7.87022555261279E-01, -6.40000000000000E-01, -1.72629038203570E+00,  5.70699999999999E+01,  2.91402857784644E+01,  1.29704562062977E+02
 1.97950000000000E+03, -7.87022555261279E-01, -6.60000000000000E-01, -1.68165147601570E+00,  5.72499999999999E+01,  1.99888818072093E+01,  1.30465501469996E+02
 1.97958333300000E+03, -6.24016280232055E-01, -7.10000000000000E-01, -1.63722610109461E+00,  5.74299999999999E+01,  4.23899810697387E+01,  1.77437702549959E+02
 1.97966666700000E+03, -4.72365909008429E-01, -6.85000000000000E-01, -1.59302333108140E+00,  5.76099999999999E+01,  4.99582723552463E+01,  1.81573126643052E+02
 1.97975000000000E+03, -4.68130806987207E-01, -7.00000000000000E-01, -1.54905202418377E+00,  5.77899999999999E+01,  7.95852998658921E+01,  2.28585120720429E+02
 1.97983333300000E+03, -4.17461215980360E-01, -6.77500000000000E-01, -1.50532080614805E+00,  5.79699999999999E+01,  7.00101870537382E+01,  1.86477082164404E+02
 1.97991666700000E+03,  8.15613793571939E-02, -3.87500000000000E-01, -7.08606826199519E-01,  5.81499999999999E+01,  8.99819378114609E+01,  1.95993496273165E+02
 1.98000000000000E+03,  1.53053233987281E-01,  6.75000000000000E-02, -6.71189855981164E-01,  5.83299999999999E+01,  7.46506421717015E+01,  1.70278280738075E+02
 1.98008333300000E+03,  1.89231338762321E-01,  8.50000000000000E-02, -6.34116063424729E-01,  5.85099999999999E+01,  6.82959227435401E+01,  1.45281669298451E+02
 1.98016666700000E+03,  1.89231338762321E-01,  2.35000000000000E-01, -5.97385520267349E-01,  5.86899999999999E+01,  5.60542988574635E+01,  1.68712520718039E+02
 1.98025000000000E+03,  1.05162974593455E-01,  2.92500000000000E-01, -5.60997839732905E-01,  5.88699999999999E+01,  5.26183978998881E+01,  1.39908843783074E+02
 1.98033333300000E+03,  1.05162974593455E-01,  3.10000000000000E-01, -5.24952176496707E-01,  5.90499999999999E+01,  3.17761304238282E+01,  1.27205168499261E+02
 1.98041666700000E+03,  3.24042206031911E-01,  3.82500000000000E-01,  1.49854751141013E+00,  5.92299999999999E+01,  2.45536803073840E+01,  1.33468021078473E+02
 1.98050000000000E+03,  3.24042206031911E-01,  3.97500000000000E-01,  1.46819373316204E+00,  5.94099999999999E+01,  3.62697447394481E+01,  1.49026365589256E+02
 1.98058333300000E+03,  2.52098905351126E-01,  3.77500000000000E-01,  1.43802805058850E+00,  5.95899999999999E+01,  2.42149587274853E+01,  1.02347080095580E+02
 1.98066666700000E+03,  1.88571600030063E-01,  3.27500000000000E-01,  1.40804711391136E+00,  5.97699999999999E+01,  3.21250632161776E+01,  1.19467915788070E+02
 1.98075000000000E+03,  1.63210595648415E-01,  3.12500000000000E-01,  1.37824721096436E+00,  5.99499999999999E+01,  3.12084015682307E+01,  1.20333007963848E+02
 1.98083333300000E+03,  1.56831302943908E-01,  2.67500000000000E-01,  1.34862426762702E+00,  6.01299999999999E+01,  3.69613357758779E+01,  9.44511983481528E+01
 1.98091666700000E+03,  5.46122304756310E-02,  2.77500000000000E-01,  1.42847063433925E+00,  6.03099999999999E+01,  2.98718421739302E+01,  1.48007666309785E+02
 1.98100000000000E+03,  2.38211989994084E-02,  2.52500000000000E-01,  1.39854770807574E+00,  6.04899999999999E+01,  2.74053329610789E+01,  1.23148014708776E+02
 1.98108333300000E+03,  2.37221487460733E-03,  2.27500000000000E-01,  1.36880455869586E+00,  6.06699999999999E+01,  3.18877048859155E+01,  1.35266898308631E+02
 1.98116666700000E+03, -2.22372627658643E-02,  1.97500000000000E-01,  1.33923699715657E+00,  6.08499999999999E+01,  3.83902899598066E+01,  1.45783268360704E+02
 1.98125000000000E+03, -5.48629650657364E-02,  1.50000000000000E-01,  1.30984047427345E+00,  6.10299999999999E+01,  5.02429162650524E+01,  1.57683971614037E+02
 1.98133333300000E+03, -8.75972395744184E-02, -3.40000000000000E-01,  1.28061008303961E+00,  6.12099999999999E+01,  4.35447446363114E+01,  8.85701488089464E+01
 1.98141666700000E+03, -5.07292340437337E-01, -6.02500000000000E-01, -1.22130375387488E+00,  6.13899999999999E+01,  5.20792491208888E+01,  1.05565523664903E+02
 1.98150000000000E+03, -6.25596233103455E-01, -6.72500000000000E-01, -1.17966461739969E+00,  6.15699999999999E+01,  5.42991930776203E+01,  9.21366687750346E+01
 1.98158333300000E+03, -7.72341144120096E-01, -6.95000000000000E-01, -1.13832814822417E+00,  6.17499999999999E+01,  4.84955773779277E+01,  6.76589838303256E+01
 1.98166666700000E+03, -8.94140679313265E-01, -7.02500000000000E-01, -1.09729995100530E+00,  6.19299999999999E+01,  3.18037099072962E+01,  8.75336202179403E+01
 1.98175000000000E+03, -8.94140679313265E-01, -7.37500000000000E-01, -1.05658524780616E+00,  6.21099999999999E+01,  4.70983929767416E+01,  1.08611583145632E+02
 1.98183333300000E+03, -8.85165758765632E-01, -7.22500000000000E-01, -1.01618886752934E+00,  6.22899999999999E+01,  3.86332170873058E+01,  1.16982598313360E+02
 1.98191666700000E+03, -7.25226839507353E-01, -7.55000000000000E-01, -2.13870003370009E+00,  6.24699999999999E+01,  3.26756571799023E+01,  1.31214105515183E+02
 1.98200000000000E+03, -7.25226839507353E-01, -7.55000000000000E-01, -2.09256772514091E+00,  6.26499999999999E+01,  4.68458947907952E+01,  1.30737503262597E+02
 1.98208333300000E+03, -7.25226839507353E-01, -7.75000000000000E-01, -2.04655991082315E+00,  6.28299999999999E+01,  5.21762486857041E+01,  1.31276347390340E+02
 1.98216666700000E+03, -6.95865208812483E-01, -7.90000000000000E-01, -2.00068680772771E+00,  6.30099999999999E+01,  6.18618107295796E+01,  1.80019084386923E+02
 1.98225000000000E+03, -5.82664344483437E-01, -7.75000000000000E-01, -1.95495858004435E+00,  6.31899999999999E+01,  6.82655806804884E+01,  2.22669250842738E+02
 1.98233333300000E+03, -4.97386453798414E-01, -7.27500000000000E-01, -1.90938532077976E+00,  6.33699999999999E+01,  6.60923133566082E+01,  1.90348237420122E+02
 1.98241666700000E+03, -1.80448097143466E-01, -7.07500000000000E-01,  2.90003532730675E-01,  6.35499999999999E+01,  5.61508533013813E+01,  1.94749419056248E+02
 1.98250000000000E+03, -9.11721896730390E-02, -3.62500000000000E-01,  2.61077145082627E-01,  6.37299999999999E+01,  9.83823921442905E+01,  2.24746515298026E+02
 1.98258333300000E+03,  1.16342982006055E-02,  1.80000000000000E-01,  2.90003532730675E-01,  6.39099999999999E+01,  7.53822024811496E+01,  1.63412932177726E+02
 1.98266666700000E+03,  5.72069869435663E-02,  2.97500000000000E-01,  2.61077145082627E-01,  6.40899999999999E+01,  6.73849863891482E+01,  1.75549805033997E+02
 1.98275000000000E+03,  6.02300203158556E-02,  3.42500000000000E-01,  2.90003532730675E-01,  6.42699999999999E+01,  7.04286004391726E+01,  1.96112743269026E+02
 1.98283333300000E+03,  8.42283076872949E-02,  2.92500000000000E-01,  2.61077145082627E-01,  6.44499999999999E+01,  1.20951945192149E+02,  2.25710133019931E+02
 1.98291666700000E+03,  8.42283076872949E-02,  4.10000000000000E-01,  1.74606368911203E+00,  6.46299999999999E+01,  7.87447438539743E+01,  1.77615492468309E+02
 1.98300000000000E+03,  3.01463626853875E-01,  3.92500000000000E-01,  1.71414250494197E+00,  6.48099999999999E+01,  9.91054101306551E+01,  1.66049095598715E+02
 1.98308333300000E+03,  4.50786470226114E-01,  3.77500000000000E-01,  1.68242335202657E+00,  6.49900000000000E+01,  1.67228491214601E+02,  2.11633879788964E+02
 1.98316666700000E+03,  4.50786470226114E-01,  3.35000000000000E-01,  1.65090567524952E+00,  6.51700000000000E+01,  1.66066265950598E+02,  2.12172325348223E+02
 1.98325000000000E+03,  3.92515844845749E-01,  3.20000000000000E-01,  1.61958858156752E+00,  6.53500000000000E+01,  1.26604417261127E+02,  2.00095088008382E+02
 1.98333333300000E+03,  2.89684096725475E-01,  2.70000000000000E-01,  1.58847083429410E+00,  6.55300000000000E+01,  1.49125585817408E+02,  2.62113145924390E+02
 1.98341666700000E+03,  4.04119726520190E-02, -1.50000000000000E-01,  1.03680972498549E+00,  6.57100000000000E+01,  1.48887361379790E+02,  3.16218637754658E+02
 1.98350000000000E+03, -3.67091802722181E-02, -3.80000000000000E-01,  1.00885138786416E+00,  6.58900000000000E+01,  9.31629463274615E+01,  2.43384718761225E+02
 1.98358333300000E+03, -8.97847080959691E-02, -4.42500000000000E-01,  9.80986953859889E-01,  6.60700000000000E+01,  9.76099459355797E+01,  2.73310397127879E+02
 1.98366666700000E+03, -1.00078762747975E-01, -4.97500000000000E-01,  9.53207814096621E-01,  6.62500000000000E+01,  8.30550775617270E+01,  2.62385081352942E+02
 1.98375000000000E+03, -2.89335746267425E-01, -5.07500000000000E-01,  9.25505097667633E-01,  6.64300000000000E+01,  9.29715785510814E+01,  2.87330399261919E+02
 1.98383333300000E+03, -2.90476076777748E-01, -6.30000000000000E-01,  8.97869684162194E-01,  6.66100000000000E+01,  1.26050744750156E+02,  3.43715743739374E+02
 1.98391666700000E+03, -4.13862969639798E-01, -6.37500000000000E-01, -1.19167490642028E+00,  6.67900000000000E+01,  1.27700461014759E+02,  2.99079928773845E+02
 1.98400000000000E+03, -5.39376776928675E-01, -6.87500000000000E-01, -1.15025031974692E+00,  6.69700000000000E+01,  1.60384877387296E+02,  2.82060807499095E+02
 1.98408333300000E+03, -6.76286747553556E-01, -7.07500000000000E-01, -1.10913242312177E+00,  6.71500000000000E+01,  1.94654253069613E+02,  3.47631955588802E+02
 1.98416666700000E+03, -7.82998721637649E-01, -7.07500000000000E-01, -1.06832655036312E+00,  6.73300000000000E+01,  1.63557314915294E+02,  2.50717325832524E+02
 1.98425000000000E+03, -8.35028402744735E-01, -7.20000000000000E-01, -1.02783764511122E+00,  6.75100000000000E+01,  1.40697782436437E+02,  1.53616470551212E+02
 1.98433333300000E+03, -8.36842622869052E-01, -8.02500000000000E-01, -9.87670250772123E-01,  6.76900000000001E+01,  1.39646376824498E+02,  1.93435739507649E+02
 1.98441666700000E+03, -8.35028402744735E-01, -8.65000000000000E-01, -1.73701147489454E+00,  6.78700000000001E+01,  1.22838844912953E+02,  3.23671021746214E+02
 1.98450000000000E+03, -7.90951319704008E-01, -8.85000000000000E-01, -1.69232280010510E+00,  6.80500000000001E+01,  1.29334016148331E+02,  3.43192867418528E+02
 1.98458333300000E+03, -5.95319494896990E-01, -8.50000000000000E-01, -1.64784545325627E+00,  6.82300000000001E+01,  1.38130095521316E+02,  4.73593388093889E+02
 1.98466666700000E+03, -3.73589741796107E-01, -8.37500000000000E-01, -1.60358855725135E+00,  6.84100000000001E+01,  1.63074510717411E+02,  5.95946930650712E+02
 1.98475000000000E+03, -2.24277157150706E-01, -7.02500000000000E-01, -1.55956102347996E+00,  6.85900000000001E+01,  1.82172634243342E+02,  5.83877492704022E+02
 1.98483333300000E+03, -1.80787856342516E-01, -5.50000000000000E-02, -1.51577153487643E+00,  6.87700000000001E+01,  1.52258440322184E+02,  4.38204405651322E+02
 1.98491666700000E+03,  5.58451063664061E-02,  1.62500000000000E-01,  5.70610274700335E-01,  6.89500000000001E+01,  1.10573567279914E+02,  3.75321232180394E+02
 1.98500000000000E+03,  1.95062658538232E-01,  2.75000000000000E-01,  5.42939734394752E-01,  6.91300000000001E+01,  1.14069456724064E+02,  2.74340567918607E+02
 1.98508333300000E+03,  3.50318134408058E-01,  2.17500000000000E-01,  5.15192021982621E-01,  6.93100000000001E+01,  6.99213948263281E+01,  1.65045772419375E+02
 1.98516666700000E+03,  4.58715200474424E-01,  3.52500000000000E-01,  4.87356133040664E-01,  6.94900000000001E+01,  8.51057069545224E+01,  1.52200840947954E+02
 1.98525000000000E+03,  4.58715200474424E-01,  3.42500000000000E-01,  4.59421076701396E-01,  6.96700000000001E+01,  1.53805899597536E+02,  1.83077026484346E+02
 1.98533333300000E+03,  4.56441343114249E-01,  3.47500000000000E-01,  4.31375894470808E-01,  6.98500000000001E+01,  1.66379670940097E+02,  2.14080267209984E+02
 1.98541666700000E+03,  4.17545761419649E-01,  2.87500000000000E-01,  1.44253796878252E+00,  7.00300000000001E+01,  2.10247628127289E+02,  2.09219125368867E+02
 1.98550000000000E+03,  3.73702852586732E-01,  2.50000000000000E-01,  1.41252956673658E+00,  7.02100000000002E+01,  2.85481956219424E+02,  2.36649173535902E+02
 1.98558333300000E+03,  2.74171663196198E-01,  2.12500000000000E-01,  1.38270277794843E+00,  7.03900000000002E+01,  2.74860200804445E+02,  3.36542745670287E+02
 1.98566666700000E+03,  1.44171069342382E-01,  2.32500000000000E-01,  1.35305358249428E+00,  7.05700000000002E+01,  2.29090468489901E+02,  3.58790999730596E+02
 1.98575000000000E+03,  2.81103355660891E-02,  2.50000000000000E-01,  1.32357759950344E+00,  7.07500000000002E+01,  3.05054238330003E+02,  3.89806496163400E+02
 1.98583333300000E+03, -5.95794950793521E-03,  2.55000000000000E-01,  1.29427008909610E+00,  7.09300000000002E+01,  2.73080496775881E+02,  4.33974455686762E+02
 1.98591666700000E+03, -5.95794950793521E-03,  2.97500000000000E-01,  4.71448220128148E-01,  7.11100000000002E+01,  1.89000088827074E+02,  3.84069826954994E+02
 1.98600000000000E+03,  9.05116409133780E-02,  3.80000000000000E-01,  4.43451740921657E-01,  7.12900000000002E+01,  1.51440020368602E+02,  2.65272483926899E+02
 1.98608333300000E+03,  1.15384633742200E-01,  3.70000000000000E-01,  4.15338912059598E-01,  7.14700000000002E+01,  1.61228406039759E+02,  2.66166419349352E+02
 1.98616666700000E+03,  1.15384633742200E-01,  3.55000000000000E-01,  3.87098863918083E-01,  7.16500000000002E+01,  1.66209420579913E+02,  3.16094260355954E+02
 1.98625000000000E+03, -4.17076029977627E-03,  2.65000000000000E-01,  3.58720807700100E-01,  7.18300000000002E+01,  1.76940079940034E+02,  3.58866982914136E+02
 1.98633333300000E+03, -1.81984550539393E-01, -1.05000000000000E-01,  3.30194054216451E-01,  7.20100000000002E+01,  1.78271578552119E+02,  4.15731506382846E+02
 1.98641666700000E+03, -4.85430257407257E-01, -4.85000000000000E-01, -1.55188080715922E+00,  7.21900000000002E+01,  2.36037087435417E+02,  5.18779622106589E+02
 1.98650000000000E+03, -5.66811287483524E-01, -5.80000000000000E-01, -1.50813384910478E+00,  7.23700000000002E+01,  2.81072090670112E+02,  5.03820521395141E+02
 1.98658333300000E+03, -6.66446327267188E-01, -5.72500000000000E-01, -1.46463482426428E+00,  7.25500000000002E+01,  1.91374364998858E+02,  3.88144582330313E+02
 1.98666666700000E+03, -6.69650381155577E-01, -5.85000000000000E-01, -1.42139186194222E+00,  7.27300000000002E+01,  1.58254158168448E+02,  3.24405885784481E+02
 1.98675000000000E+03, -6.69650381155577E-01, -6.02500000000000E-01, -1.37841281172178E+00,  7.29100000000003E+01,  1.59891950911037E+02,  2.76038578012755E+02
 1.98683333300000E+03, -6.45415394725254E-01, -6.35000000000000E-01, -1.33570522824160E+00,  7.30900000000003E+01,  1.40573225497251E+02,  1.93772255993453E+02
 1.98691666700000E+03, -6.45415394725254E-01, -6.67500000000000E-01, -1.41835474004174E+00,  7.32700000000003E+01,  1.33072939242344E+02,  2.52774978931053E+02
 1.98700000000000E+03, -6.45415394725254E-01, -6.50000000000000E-01, -1.37539457403999E+00,  7.34500000000003E+01,  1.47941341949430E+02,  2.58618096256889E+02
 1.98708333300000E+03, -5.73574535776715E-01, -6.65000000000000E-01, -1.33270639558364E+00,  7.36300000000003E+01,  1.60140619995776E+02,  2.34828568874733E+02
 1.98716666700000E+03, -4.84604560023974E-01, -6.77500000000000E-01, -1.29029742728401E+00,  7.38100000000003E+01,  2.44850925452807E+02,  3.16409921932457E+02
 1.98725000000000E+03, -4.79905108605919E-01, -6.75000000000000E-01, -1.24817456692050E+00,  7.39900000000003E+01,  2.57537190087345E+02,  3.40578316622251E+02
 1.98733333300000E+03, -4.63766562179587E-01, -6.70000000000000E-01, -1.20634437386057E+00,  7.41700000000003E+01,  1.93760566206541E+02,  2.55740878324865E+02
 1.98741666700000E+03, -4.63766562179587E-01, -6.17500000000000E-01,  8.40382258711218E-01,  7.43500000000003E+01,  2.06904045149976E+02,  2.43443486248445E+02
 1.98750000000000E+03, -4.19942715851682E-01, -1.57500000000000E-01,  8.12894609910187E-01,  7.45300000000003E+01,  2.06645136244733E+02,  2.33844574117294E+02
 1.98758333300000E+03, -2.78391229671477E-01,  2.30000000000000E-01,  7.85434686728281E-01,  7.47100000000003E+01,  1.64478796971296E+02,  2.56597309492766E+02
 1.98766666700000E+03, -1.24932807518371E-01,  3.45000000000000E-01,  7.57992315442095E-01,  7.48900000000003E+01,  1.65915454522100E+02,  3.36588455535591E+02
 1.98775000000000E+03, -2.38934788303763E-02,  2.92500000000000E-01,  7.30557161569856E-01,  7.50700000000003E+01,  1.60875384893950E+02,  3.09176310350820E+02
 1.98783333300000E+03,  1.59263268335859E-02,  1.92500000000000E-01,  7.03118746224580E-01,  7.52500000000003E+01,  1.33643530130071E+02,  3.09081058958753E+02
 1.98791666700000E+03,  3.60958497434842E-01,  1.42500000000000E-01,  1.39260880799701E+00,  7.54300000000003E+01,  1.16473696380860E+02,  3.53118555330900E+02
 1.98800000000000E+03,  3.60958497434842E-01,  1.35000000000000E-01,  1.36290098047479E+00,  7.56100000000004E+01,  7.59062831916568E+01,  2.94457894288155E+02
 1.98808333300000E+03,  2.98673324405372E-01,  1.15000000000000E-01,  1.33336786327987E+00,  7.57900000000004E+01,  3.73125119497558E+01,  1.71363006397132E+02
 1.98816666700000E+03,  1.40992810551402E-01,  1.95000000000000E-01,  1.30400483574045E+00,  7.59700000000004E+01,  4.24875907003272E+01,  1.69539877406395E+02
 1.98825000000000E+03, -3.60315316424217E-02,  1.75000000000000E-01,  1.27480691992136E+00,  7.61500000000004E+01,  4.21520331783223E+01,  1.48711252526228E+02
 1.98833333300000E+03, -3.60315316424217E-02,  1.25000000000000E-01,  1.24576878391838E+00,  7.63300000000004E+01,  4.71074194820718E+01,  1.23360789663181E+02
 1.98841666700000E+03,  8.94965408726432E-02, -5.75000000000000E-02, -3.12511502833809E-01,  7.65100000000004E+01,  6.11577286803018E+01,  1.39765408743181E+02
 1.98850000000000E+03,  2.09754073585226E-01, -2.55000000000000E-01, -2.78828935006496E-01,  7.66900000000004E+01,  6.07956350949906E+01,  1.48693474074282E+02
 1.98858333300000E+03,  2.09754073585226E-01, -1.57500000000000E-01, -2.45464951539561E-01,  7.68700000000004E+01,  6.79973817011363E+01,  1.90412741659415E+02
 1.98866666700000E+03,  2.02394049738308E-01, -1.25000000000000E-01, -2.12414681429023E-01,  7.70500000000004E+01,  8.39834751312624E+01,  2.19109204975165E+02
 1.98875000000000E+03,  8.41449323070919E-02, -2.02500000000000E-01, -1.79672842768441E-01,  7.72300000000004E+01,  1.07979469821158E+02,  2.02658268886310E+02
 1.98883333300000E+03, -5.18300513762394E-02, -2.52500000000000E-01, -1.47233752001772E-01,  7.74100000000004E+01,  9.69069792669176E+01,  1.38319997190179E+02
 1.98891666700000E+03, -2.83497852103773E-01, -2.47500000000000E-01, -2.32533049068045E+00,  7.75900000000004E+01,  8.59471636435263E+01,  1.36383353758867E+02
 1.98900000000000E+03, -2.83497852103773E-01, -2.10000000000000E-01, -2.27880100656998E+00,  7.77700000000004E+01,  7.51413973110208E+01,  9.20794582164375E+01
 1.98908333300000E+03, -2.23792679716008E-01, -1.00000000000000E-01, -2.23235475364689E+00,  7.79500000000004E+01,  5.73844473331243E+01,  7.24773332766797E+01
 1.98916666700000E+03, -2.23792679716008E-01, -9.50000000000000E-02, -2.18600197667468E+00,  7.81300000000005E+01,  2.50618108191702E+01,  4.59907200180991E+01
 1.98925000000000E+03, -3.64443614839825E-01, -3.75000000000000E-01, -2.13975294090167E+00,  7.83100000000005E+01,  1.26235892354210E+01,  4.53154627400725E+01
 1.98933333300000E+03, -5.25176317980349E-01, -6.25000000000000E-01, -2.09361791403223E+00,  7.84900000000005E+01,  1.16345058026359E+01,  5.29897625888489E+01
 1.98941666700000E+03, -7.23229555880368E-01, -7.02500000000000E-01, -9.49899390312540E-01,  7.86700000000005E+01,  9.95082416891292E+00,  5.58260364663689E+01
 1.98950000000000E+03, -7.55680821065691E-01, -7.65000000000000E-01, -9.10369729628017E-01,  7.88500000000005E+01,  8.17752975575364E+00,  4.83650728409160E+01
 1.98958333300000E+03, -7.55680821065691E-01, -7.50000000000000E-01, -8.71172558270114E-01,  7.90300000000005E+01,  7.59096012905720E+00,  5.56461066033832E+01
 1.98966666700000E+03, -6.88423501358061E-01, -7.75000000000000E-01, -8.32310755946721E-01,  7.92100000000005E+01,  6.81880777038608E+00,  5.07896574754521E+01
 1.98975000000000E+03, -5.57394043836825E-01, -7.67500000000000E-01, -7.93786763608558E-01,  7.93900000000005E+01,  5.06289925622854E+00,  3.45400922509364E+01
 1.98983333300000E+03, -3.60294327755363E-01, -7.65000000000000E-01, -7.55602578055738E-01,  7.95700000000005E+01,  4.15609563812047E+00,  2.92554977058859E+01
 1.98991666700000E+03, -3.24125247411218E-01, -7.05000000000000E-01,  1.21009700670237E+00,  7.97500000000005E+01,  4.56320877385768E+00,  2.79170175680342E+01
 1.99000000000000E+03, -3.05242739873090E-01, -1.05000000000000E-01,  1.18139503368598E+00,  7.99300000000005E+01,  1.96022818975648E+01,  2.96912648715967E+01
 1.99008333300000E+03, -2.55088554718110E-01, -8.00000000000000E-02,  1.15283321649650E+00,  8.01100000000005E+01,  2.34859872786702E+01,  2.39534920868385E+01
 1.99016666700000E+03, -1.07271171241937E-01,  2.72500000000000E-01,  1.12440477900993E+00,  8.02900000000005E+01,  2.74767623762775E+01,  2.81599716723856E+01
 1.99025000000000E+03,  7.28883538797603E-02,  3.10000000000000E-01,  1.09610262146832E+00,  8.04700000000005E+01,  2.77107670130261E+01,  3.33762572644063E+01
 1.99033333300000E+03,  2.22898521669709E-01,  3.10000000000000E-01,  1.06791932870810E+00,  8.06500000000005E+01,  2.81816742853304E+01,  4.67821261399204E+01
 1.99041666700000E+03,  2.57317814173538E-01,  3.80000000000000E-01,  1.50482367869026E+00,  8.08300000000006E+01,  1.35507506856619E+01,  4.18690215405085E+01
 1.99050000000000E+03,  2.57317814173538E-01,  3.27500000000000E-01,  1.47443077193117E+00,  8.10100000000006E+01,  1.02730668730266E+01,  3.85137960364291E+01
 1.99058333300000E+03,  2.57079035853022E-01,  3.37500000000000E-01,  1.44422660586932E+00,  8.11900000000006E+01,  6.63580223979634E+00,  2.96295328010277E+01
 1.99066666700000E+03,  2.51653595896542E-01,  3.25000000000000E-01,  1.41420790535430E+00,  8.13700000000006E+01,  6.15054831022544E+00,  2.67619575419075E+01
 1.99075000000000E+03,  2.00183846734907E-01,  2.72500000000000E-01,  1.38437103285871E+00,  8.15500000000006E+01,  1.81036863346747E+01,  2.57564119495202E+01
 1.99083333300000E+03,  9.16656707973570E-02,  2.75000000000000E-01,  1.35471198874528E+00,  8.17300000000006E+01,  2.40077272253269E+01,  2.72645588841395E+01
 1.99091666700000E+03, -1.04347513050956E-02,  3.35000000000000E-01, -3.67135889000689E-01,  8.19100000000006E+01,  2.27762620791843E+01,  2.73406583364472E+01
 1.99100000000000E+03, -1.04347513050956E-02,  2.85000000000000E-01, -3.32933945134539E-01,  8.20900000000006E+01,  3.13125381093009E+01,  3.12866588087120E+01
 1.99108333300000E+03,  1.67578413514132E-01,  3.17500000000000E-01, -2.99057510485398E-01,  8.22700000000006E+01,  3.93144817147435E+01,  3.02687793743563E+01
 1.99116666700000E+03,  1.73128767719304E-01,  2.62500000000000E-01, -2.65502389533120E-01,  8.24500000000006E+01,  2.83403531793305E+01,  1.61247843437480E+01
 1.99125000000000E+03,  1.73128767719304E-01,  2.30000000000000E-01, -2.32263962653174E-01,  8.26300000000006E+01,  2.16761611375955E+01,  1.19203773806621E+01
 1.99133333300000E+03,  3.07914247368015E-02, -1.67500000000000E-01, -1.99337194122389E-01,  8.28100000000006E+01,  2.24344703813806E+01,  1.06666219479054E+01
 1.99141666700000E+03, -6.83600623820513E-01, -5.22500000000000E-01, -1.68748962129008E+00,  8.29900000000006E+01,  1.34751994959188E+01,  8.40187732291472E+00
 1.99150000000000E+03, -6.83600623820513E-01, -6.25000000000000E-01, -1.64303574117725E+00,  8.31700000000006E+01,  7.09565946652955E+00,  1.27336822822315E+01
 1.99158333300000E+03, -5.52582823830553E-01, -5.77500000000000E-01, -1.59880328872385E+00,  8.33500000000006E+01,  4.72936155832014E+00,  1.34250745083357E+01
 1.99166666700000E+03, -5.41334455601549E-01, -5.37500000000000E-01, -1.55480115136039E+00,  8.35300000000007E+01,  8.42621708414038E+00,  1.74906056795826E+01
 1.99175000000000E+03, -5.41334455601549E-01, -5.55000000000000E-01, -1.51103798624567E+00,  8.37100000000007E+01,  9.87531068676312E+00,  2.04770934086471E+01
 1.99183333300000E+03, -5.41334455601549E-01, -6.05000000000000E-01, -1.46752220372018E+00,  8.38900000000007E+01,  9.93863074208116E+00,  2.12780781648161E+01
 1.99191666700000E+03, -3.72926318589576E-01, -6.32500000000000E-01,  2.02709146014904E-01,  8.40700000000007E+01,  1.94127242179495E+01,  3.25916199480467E+01
 1.99200000000000E+03, -3.72437216511274E-01, -6.32500000000000E-01,  2.32013325981038E-01,  8.42500000000007E+01,  2.72828393666350E+01,  3.72000264665655E+01
 1.99208333300000E+03, -3.72437216511274E-01, -6.35000000000000E-01,  2.61123451165779E-01,  8.44300000000007E+01,  2.95469497747585E+01,  3.20133820189754E+01
 1.99216666700000E+03, -4.81851796763586E-01, -6.50000000000000E-01,  2.32013325981038E-01,  8.46100000000007E+01,  2.89486923774887E+01,  3.55402324597521E+01
 1.99225000000000E+03, -5.36822141631029E-01, -6.55000000000000E-01,  2.61123451165779E-01,  8.47900000000007E+01,  4.98579730053685E+01,  5.04315348325635E+01
 1.99233333300000E+03, -4.81851796763586E-01, -6.87500000000000E-01,  2.32013325981038E-01,  8.49700000000007E+01,  4.11618600424760E+01,  4.85279574637234E+01
 1.99241666700000E+03, -1.10603829507834E-01, -6.70000000000000E-01,  2.07805175175882E+00,  8.51500000000007E+01,  3.37590415676015E+01,  6.52702309510921E+01
 1.99250000000000E+03, -3.37206797405789E-02, -1.97500000000000E-01,  2.04413876167642E+00,  8.53300000000007E+01,  4.96072241780704E+01,  8.61061914613538E+01
 1.99258333300000E+03,  4.75634271950234E-02,  2.00000000000000E-02,  2.01041637837713E+00,  8.55100000000007E+01,  6.59801525186382E+01,  1.33356338822239E+02
 1.99266666700000E+03,  1.25803896944130E-01,  1.87500000000000E-01,  1.97688697800092E+00,  8.56900000000007E+01,  4.81781861870410E+01,  1.22756732666596E+02
 1.99275000000000E+03,  1.90650799860018E-01,  2.80000000000000E-01,  1.94355269205835E+00,  8.58700000000007E+01,  5.19900579500360E+01,  1.18646740925618E+02
 1.99283333300000E+03,  1.90650799860018E-01,  3.52500000000000E-01,  1.91041539561519E+00,  8.60500000000008E+01,  6.76715027970318E+01,  1.03335748865559E+02
 1.99291666700000E+03,  1.47372820495497E-01,  4.40000000000000E-01,  1.10179253151564E+00,  8.62300000000008E+01,  5.46119115036523E+01,  1.23184254902053E+02
 1.99300000000000E+03,  1.47372820495497E-01,  3.87500000000000E-01,  1.07358591203031E+00,  8.64100000000008E+01,  3.80086241872656E+01,  8.44028272198646E+01
 1.99308333300000E+03,  1.58839616805206E-01,  4.10000000000000E-01,  1.04549201495460E+00,  8.65900000000008E+01,  4.08288390693837E+01,  8.06443099771789E+01
 1.99316666700000E+03,  1.58839616805206E-01,  4.25000000000000E-01,  1.01750288092404E+00,  8.67700000000008E+01,  4.36487489477133E+01,  8.79075246645425E+01
 1.99325000000000E+03,  9.58083191183232E-02,  2.80000000000000E-01,  9.89610262134707E-01,  8.69500000000008E+01,  3.46125200084355E+01,  1.04475496691523E+02
 1.99333333300000E+03,  4.05896760647403E-02,  2.70000000000000E-01,  9.61805633332362E-01,  8.71300000000008E+01,  6.30553058326664E+01,  7.99231294064297E+01
 1.99341666700000E+03, -3.65248762829521E-01,  1.20000000000000E-01, -1.63806590089582E+00,  8.73100000000008E+01,  1.19477629524767E+02,  9.82292568415791E+01
 1.99350000000000E+03, -3.73997300913774E-01, -2.50000000000000E-02, -1.59385882957453E+00,  8.74900000000008E+01,  1.52036169951171E+02,  1.25959708335858E+02
 1.99358333300000E+03, -4.37717637602048E-01, -2.00000000000000E-02, -1.54988305561792E+00,  8.76700000000008E+01,  1.55866977916092E+02,  1.18990780552275E+02
 1.99366666700000E+03, -5.57908234988514E-01, -1.10000000000000E-01, -1.50614720933190E+00,  8.78500000000008E+01,  1.75413261023642E+02,  1.12131557458989E+02
 1.99375000000000E+03, -6.79845799188278E-01, -2.77500000000000E-01, -1.46265967237305E+00,  8.80300000000008E+01,  1.63832871031060E+02,  1.27687163420443E+02
 1.99383333300000E+03, -6.79845799188278E-01, -5.12500000000000E-01, -1.41942856164345E+00,  8.82100000000008E+01,  1.07816037543411E+02,  1.09288756773840E+02
 1.99391666700000E+03, -5.59424136635789E-01, -6.00000000000000E-01, -1.94791264708465E+00,  8.83900000000008E+01,  8.76686727607410E+01,  1.16436449637936E+02
 1.99400000000000E+03, -5.56935994587634E-01, -6.27500000000000E-01, -1.90236420559291E+00,  8.85700000000008E+01,  1.19319254500213E+02,  1.68404941463593E+02
 1.99408333300000E+03, -5.56935994587634E-01, -6.62500000000000E-01, -1.85698227112996E+00,  8.87500000000009E+01,  1.20014204979786E+02,  2.41434446310311E+02
 1.99416666700000E+03, -6.55313951149429E-01, -7.27500000000000E-01, -1.81177672095306E+00,  8.89300000000009E+01,  9.47658702929432E+01,  2.41313787375154E+02
 1.99425000000000E+03, -7.36216408332584E-01, -7.45000000000000E-01, -1.76675730337184E+00,  8.91100000000009E+01,  1.51372461481342E+02,  2.82977382055864E+02
 1.99433333300000E+03, -7.36216408332584E-01, -7.95000000000000E-01, -1.72193361965773E+00,  8.92900000000009E+01,  1.51030556271019E+02,  2.77689798154216E+02
 1.99441666700000E+03, -4.53749060540065E-03, -8.20000000000000E-01,  5.25899828032480E-01,  8.94700000000009E+01,  1.12664685473239E+02,  2.52706461176323E+02
 1.99450000000000E+03,  3.50555588336798E-02, -8.45000000000000E-01,  4.98099238044352E-01,  8.96500000000009E+01,  9.39995740861229E+01,  1.75224727510249E+02
 1.99458333300000E+03,  3.50555588336798E-02, -8.40000000000000E-01,  4.70203715317837E-01,  8.98300000000009E+01,  1.00851069665650E+02,  1.58456671103993E+02
 1.99466666700000E+03,  1.46792680649185E-01, -6.77500000000000E-01,  4.42202286645046E-01,  9.00100000000009E+01,  7.16374422394984E+01,  1.88133708738257E+02
 1.99475000000000E+03,  2.69915967849333E-01, -2.25000000000000E-02,  4.14084022777311E-01,  9.01900000000009E+01,  5.88625115681473E+01,  1.66252818809161E+02
 1.99483333300000E+03,  3.17509635101008E-01,  2.72500000000000E-01,  3.85838057289799E-01,  9.03700000000009E+01,  6.44633926887502E+01,  1.44521689830994E+02
 1.99491666700000E+03,  3.17509635101008E-01,  4.17500000000000E-01,  1.89765301508301E+00,  9.05500000000009E+01,  5.79094582507921E+01,  1.69422089718383E+02
 1.99500000000000E+03,  2.34046423616460E-01,  4.45000000000000E-01,  1.86479149288814E+00,  9.07300000000009E+01,  6.33810533720058E+01,  1.72375136065961E+02
 1.99508333300000E+03,  2.34046423616460E-01,  2.87500000000000E-01,  1.83213033312023E+00,  9.09100000000009E+01,  5.77852950939595E+01,  1.22423032677072E+02
 1.99516666700000E+03,  2.36634125484120E-01,  2.15000000000000E-01,  1.79967046125331E+00,  9.10900000000009E+01,  5.87928393248147E+01,  1.12636710693736E+02
 1.99525000000000E+03,  2.51151214431581E-01,  2.75000000000000E-01,  1.76741250059669E+00,  9.12700000000009E+01,  5.40148247785774E+01,  9.87223531817386E+01
 1.99533333300000E+03,  2.51151214431581E-01,  3.87500000000000E-01,  1.73535676342982E+00,  9.14500000000010E+01,  8.22111343052972E+01,  6.94807797110615E+01
 1.99541666700000E+03, -1.01387034585190E-02,  3.77500000000000E-01,  4.33627728174497E-01,  9.16300000000010E+01,  8.15732128309211E+01,  1.11151078848331E+02
 1.99550000000000E+03, -2.22643868838426E-02,  3.12500000000000E-01,  4.05471612775957E-01,  9.18100000000010E+01,  9.07697886405790E+01,  8.48134579149665E+01
 1.99558333300000E+03, -6.48776108392943E-02,  1.80000000000000E-01,  3.77184492509696E-01,  9.19900000000010E+01,  9.59787482194875E+01,  1.02678298380642E+02
 1.99566666700000E+03, -1.52267672688286E-01,  8.50000000000000E-02,  3.48755611303688E-01,  9.21700000000010E+01,  9.19005865622953E+01,  1.15186493539521E+02
 1.99575000000000E+03, -2.75001767961646E-01, -8.00000000000000E-02,  3.20174319243826E-01,  9.23500000000010E+01,  7.20724872319838E+01,  1.09161034323637E+02
 1.99583333300000E+03, -3.97550189729492E-01, -3.27500000000000E-01,  2.91430091207377E-01,  9.25300000000010E+01,  6.43329510180470E+01,  8.22422511660184E+01
 1.99591666700000E+03, -3.97550189729492E-01, -4.22500000000000E-01, -1.64750349354048E+00,  9.27100000000010E+01,  4.43865610372174E+01,  8.03885239711958E+01
 1.99600000000000E+03, -3.83040650445672E-01, -4.57500000000000E-01, -1.60324833152519E+00,  9.28900000000010E+01,  4.34451135365344E+01,  6.92765407156864E+01
 1.99608333300000E+03, -2.45502347322175E-01, -5.05000000000000E-01, -1.55922259956134E+00,  9.30700000000010E+01,  4.20638394842352E+01,  7.31267884202398E+01
 1.99616666700000E+03, -2.45502347322175E-01, -5.97500000000000E-01, -1.51543497875757E+00,  9.32500000000010E+01,  4.69632747581246E+01,  8.85257382273568E+01
 1.99625000000000E+03, -3.94665280015599E-01, -6.92500000000000E-01, -1.47189390505358E+00,  9.34300000000010E+01,  4.52539744350065E+01,  7.03740923097670E+01
 1.99633333300000E+03, -5.75592004011068E-01, -7.67500000000000E-01, -1.42860755302700E+00,  9.36100000000010E+01,  4.02318046999887E+01,  6.60698017120669E+01
 1.99641666700000E+03, -6.94386059179356E-01, -8.25000000000000E-01, -1.16872093614006E+00,  9.37900000000010E+01,  3.67279641292508E+01,  6.41336081591143E+01
 1.99650000000000E+03, -8.65687235958651E-01, -8.12500000000000E-01, -1.12746533071349E+00,  9.39700000000011E+01,  3.64621510642378E+01,  4.56602537129239E+01
 1.99658333300000E+03, -9.49653028660399E-01, -8.65000000000000E-01, -1.08651941363870E+00,  9.41500000000011E+01,  4.07043879724880E+01,  3.47563397637487E+01
 1.99666666700000E+03, -9.49653028660399E-01, -8.87500000000000E-01, -1.04588830417043E+00,  9.43300000000011E+01,  4.37698728031133E+01,  3.02709575298109E+01
 1.99675000000000E+03, -8.45148363604040E-01, -8.72500000000000E-01, -1.00557672573240E+00,  9.45100000000011E+01,  5.70990398545543E+01,  3.32801505969044E+01
 1.99683333300000E+03, -6.75893592382908E-01, -7.10000000000000E-01, -9.65588996266316E-01,  9.46900000000011E+01,  6.65630861085571E+01,  3.54244674099347E+01
 1.99691666700000E+03, -2.33315384972810E-01, -1.40000000000000E-01,  8.00332036532396E-01,  9.48700000000011E+01,  9.25106520957751E+01,  3.55136588190775E+01
 1.99700000000000E+03, -2.18706529528029E-01,  5.50000000000000E-02,  7.72881413858248E-01,  9.50500000000011E+01,  8.71972155939738E+01,  4.35528794060323E+01
 1.99708333300000E+03, -1.42440501753849E-01,  2.50000000000000E-01,  7.45443635221432E-01,  9.52300000000011E+01,  1.05647063171457E+02,  5.72659188661922E+01
 1.99716666700000E+03, -3.10955158698593E-02,  2.65000000000000E-01,  7.18008298036468E-01,  9.54100000000011E+01,  1.21939635091322E+02,  1.06777235566103E+02
 1.99725000000000E+03,  6.82824642432506E-02,  3.77500000000000E-01,  6.90564862932168E-01,  9.55900000000011E+01,  1.65812857450315E+02,  1.16682697839631E+02
 1.99733333300000E+03,  1.17087991181442E-01,  3.77500000000000E-01,  6.63102670695585E-01,  9.57700000000011E+01,  1.45837347716176E+02,  1.16394461534246E+02
 1.99741666700000E+03,  2.40799595274431E-01,  4.17500000000000E-01,  1.37277083008470E+00,  9.59500000000011E+01,  1.85594050502042E+02,  1.41016771751506E+02
 1.99750000000000E+03,  2.62747979725558E-01,  3.52500000000000E-01,  1.34318004876749E+00,  9.61300000000011E+01,  2.03949541936917E+02,  1.95779245383791E+02
 1.99758333300000E+03,  2.62747979725558E-01,  2.85000000000000E-01,  1.31376093509424E+00,  9.63100000000011E+01,  2.37143794504502E+02,  1.61529057820534E+02
 1.99766666700000E+03,  1.93700486574374E-01,  2.42500000000000E-01,  1.28450862973381E+00,  9.64900000000011E+01,  1.78787416578400E+02,  1.47042569624220E+02
 1.99775000000000E+03,  7.57151064949000E-02,  1.87500000000000E-01,  1.25541791819920E+00,  9.66700000000012E+01,  2.27258754432578E+02,  1.73189681381105E+02
 1.99783333300000E+03, -3.85928770698359E-02,  3.75000000000000E-02,  1.22648323468292E+00,  9.68500000000012E+01,  2.00153667389695E+02,  2.04152755661074E+02
 1.99791666700000E+03, -1.66003681165004E-01, -1.22500000000000E-01, -5.07924509915930E-01,  9.70300000000012E+01,  1.95416980233170E+02,  1.38301866052425E+02
 1.99800000000000E+03, -3.22536678625544E-01, -1.25000000000000E-01, -4.72381053277749E-01,  9.72100000000012E+01,  1.25209943183782E+02,  1.33333333835524E+02
 1.99808333300000E+03, -4.07453110962296E-01, -1.42500000000000E-01, -4.37175555721094E-01,  9.73900000000012E+01,  1.53761962625516E+02,  1.48107315268512E+02
 1.99816666700000E+03, -4.07453110962296E-01, -3.17500000000000E-01, -4.02305590236461E-01,  9.75700000000012E+01,  1.38328799621633E+02,  2.78661118848828E+02
 1.99825000000000E+03, -3.55208635813073E-01, -6.32500000000000E-01, -3.67768281765850E-01,  9.77500000000012E+01,  1.29456775767874E+02,  2.46458204987764E+02
 1.99833333300000E+03, -3.55208635813073E-01, -7.00000000000000E-01, -3.33560311902767E-01,  9.79300000000012E+01,  9.29323896596203E+01,  2.51882838121480E+02
 1.99841666700000E+03, -8.26301981174806E-01, -7.42500000000000E-01, -2.09439692459565E+00,  9.81100000000012E+01,  1.09672995360933E+02,  2.74040093772653E+02
 1.99850000000000E+03, -8.26301981174806E-01, -7.70000000000000E-01, -2.04838397266747E+00,  9.82900000000012E+01,  1.23976465440843E+02,  3.01180246204929E+02
 1.99858333300000E+03, -8.02216523990361E-01, -8.02500000000000E-01, -2.00250532722075E+00,  9.84700000000012E+01,  1.15965000680676E+02,  2.17288627184890E+02
 1.99866666700000E+03, -6.31461848481551E-01, -7.77500000000000E-01, -1.95677115489164E+00,  9.86500000000012E+01,  9.99818086313549E+01,  1.91189470605439E+02
 1.99875000000000E+03, -4.86174636043595E-01, -7.30000000000000E-01, -1.91119155186349E+00,  9.88300000000012E+01,  1.00579580322309E+02,  2.18970526567507E+02
 1.99883333300000E+03, -4.32782649287552E-01, -1.70000000000000E-01, -1.86577652548336E+00,  9.90100000000012E+01,  1.23027879459238E+02,  2.04761737550808E+02
 1.99891666700000E+03, -9.16454770896878E-02,  1.75000000000000E-01, -3.38173343402118E-01,  9.91900000000012E+01,  1.54114469905066E+02,  2.56315734171486E+02
 1.99900000000000E+03,  2.31590532634768E-01,  2.47500000000000E-01, -3.04247103737948E-01,  9.93700000000013E+01,  1.48315976506109E+02,  2.73972936535895E+02
 1.99908333300000E+03,  4.35816821851659E-01,  3.27500000000000E-01, -2.70642850882488E-01,  9.95500000000013E+01,  1.53769714792974E+02,  3.24957893567113E+02
 1.99916666700000E+03,  4.35816821851659E-01,  2.45000000000000E-01, -2.37356029942567E-01,  9.97300000000013E+01,  1.52658795207382E+02,  3.13302559706096E+02
 1.99925000000000E+03,  3.06942914538989E-01,  3.50000000000000E-01, -2.04381668643511E-01,  9.99100000000013E+01,  1.32748818742022E+02,  3.00058160103351E+02
 1.99933333300000E+03,  2.68661973646325E-01,  3.15000000000000E-01, -1.71714385999663E-01,  1.00090000000001E+02,  8.48563338666202E+01,  2.54194706357732E+02
 1.99941666700000E+03,  2.68661973646325E-01,  3.42500000000000E-01,  1.66402161601084E+00,  1.00270000000001E+02,  7.84156436700272E+01,  2.31266625291331E+02
 1.99950000000000E+03,  3.37885832109705E-01,  2.77500000000000E-01,  1.63262102549841E+00,  1.00450000000001E+02,  7.26592798290728E+01,  1.93464123300991E+02
 1.99958333300000E+03,  3.37885832109705E-01,  2.75000000000000E-01,  1.60142033910109E+00,  1.00630000000001E+02,  7.43964614018468E+01,  1.68377389739412E+02
 1.99966666700000E+03,  2.78150186874850E-01,  2.52500000000000E-01,  1.57041811741314E+00,  1.00810000000001E+02,  6.65122421954587E+01,  1.68672096706472E+02
 1.99975000000000E+03,  2.49630188134448E-01,  2.27500000000000E-01,  1.53961256983880E+00,  1.00990000000001E+02,  6.58713808504157E+01,  2.47907432090380E+02
 1.99983333300000E+03,  2.28228231068060E-01,  1.17500000000000E-01,  1.50900155079817E+00,  1.01170000000001E+02,  7.74546073548936E+01,  3.32914386299880E+02
 1.99991666700000E+03,  7.24437237810852E-02,  1.52500000000000E-01,  1.52835147827052E+00,  1.01350000000001E+02,  8.73243336039181E+01,  3.74582658076179E+02
 2.00000000000000E+03,  1.73644760908276E-03,  1.85000000000000E-01,  1.49781126970295E+00,  1.01530000000001E+02,  9.16387819170851E+01,  4.12329256271685E+02
 2.00008333300000E+03, -2.95599377617705E-02,  2.37500000000000E-01,  1.46746207658929E+00,  1.01710000000001E+02,  8.54619078648961E+01,  4.00947259264464E+02
 2.00016666700000E+03, -3.79377625409715E-02,  2.82500000000000E-01,  1.43730090242194E+00,  1.01890000000001E+02,  8.21787456899348E+01,  3.50180443429222E+02
 2.00025000000000E+03, -4.36098800672814E-02,  1.52500000000000E-01,  1.40732438866087E+00,  1.02070000000001E+02,  1.03319525718223E+02,  3.61152940474252E+02
 2.00033333300000E+03, -5.57393659555216E-02, -1.77500000000000E-01,  1.37752881437883E+00,  1.02250000000001E+02,  1.02661617021581E+02,  3.32672161833744E+02
 2.00041666700000E+03, -8.65281439813056E-02, -5.67500000000000E-01, -6.13674900164017E-01,  1.02430000000001E+02,  9.85376484498757E+01,  2.96951132614609E+02
 2.00050000000000E+03, -2.18914488807220E-01, -7.05000000000000E-01, -5.77134847456032E-01,  1.02610000000001E+02,  9.35088626671333E+01,  3.09646105800635E+02
 2.00058333300000E+03, -3.86893007674112E-01, -7.35000000000000E-01, -5.40937244491029E-01,  1.02790000000001E+02,  1.00403836629399E+02,  2.97133018923348E+02
 2.00066666700000E+03, -5.59220794057693E-01, -7.20000000000000E-01, -5.05080991589058E-01,  1.02970000000001E+02,  9.93975058572589E+01,  2.74247762312264E+02
 2.00075000000000E+03, -6.90082788637133E-01, -6.87500000000000E-01, -4.69564532200463E-01,  1.03150000000001E+02,  1.05052461101107E+02,  2.83730883750751E+02
 2.00083333300000E+03, -7.06239368351876E-01, -6.32500000000000E-01, -4.34385855097233E-01,  1.03330000000001E+02,  1.22414897495994E+02,  2.99762240916104E+02
 2.00091666700000E+03, -7.06239368351876E-01, -6.47500000000000E-01, -1.95477872954515E+00,  1.03510000000001E+02,  1.30633622395252E+02,  2.97827300043467E+02
 2.00100000000000E+03, -6.03952326004888E-01, -7.10000000000000E-01, -1.90920610063941E+00,  1.03690000000001E+02,  1.03827363006721E+02,  2.63405045977700E+02
 2.00108333300000E+03, -6.03952326004888E-01, -6.80000000000000E-01, -1.86379848280178E+00,  1.03870000000001E+02,  1.07895505127029E+02,  2.51743033371132E+02
 2.00116666700000E+03, -7.04000275814311E-01, -6.72500000000000E-01, -1.81856577111397E+00,  1.04050000000001E+02,  1.17531418836739E+02,  2.50605714149543E+02
 2.00125000000000E+03, -8.38072662477606E-01, -7.72500000000000E-01, -1.77351773444424E+00,  1.04230000000001E+02,  1.34623361762602E+02,  2.63784837943212E+02
 2.00133333300000E+03, -8.38072662477606E-01, -7.95000000000000E-01, -1.72866399733402E+00,  1.04410000000001E+02,  1.36823043939167E+02,  2.61661279575463E+02
 2.00141666700000E+03, -4.84307365643095E-01, -8.27500000000000E-01,  2.90042285919472E-01,  1.04590000000001E+02,  1.45482621418666E+02,  2.76085432674991E+02
 2.00150000000000E+03, -4.78227338422717E-01, -8.72500000000000E-01,  2.61116138758501E-01,  1.04770000000001E+02,  1.26575625664427E+02,  2.42232881362043E+02
 2.00158333300000E+03, -4.78227338422717E-01, -8.85000000000000E-01,  2.32005965925964E-01,  1.04950000000001E+02,  1.36591986085729E+02,  2.16133964047153E+02
 2.00166666700000E+03, -2.33590489610414E-01, -7.67500000000000E-01,  2.61116138758501E-01,  1.05130000000001E+02,  1.26619729907909E+02,  1.93534908372311E+02
 2.00175000000000E+03, -2.17757289230385E-01, -3.40000000000000E-01,  2.32005965925964E-01,  1.05310000000001E+02,  1.40867397851230E+02,  1.84727741444357E+02
 2.00183333300000E+03, -6.71925894676217E-02,  5.25000000000000E-02,  2.61116138758501E-01,  1.05490000000001E+02,  1.38160283566335E+02,  1.37287280673572E+02
 2.00191666700000E+03,  3.11155573459308E-01,  3.50000000000000E-01,  1.55667328660754E+00,  1.05670000000001E+02,  1.06799120487734E+02,  7.55851960096748E+01
 2.00200000000000E+03,  3.18757744278929E-01,  2.95000000000000E-01,  1.52595466745187E+00,  1.05850000000002E+02,  7.61057378713085E+01,  1.09106993511552E+02
 2.00208333300000E+03,  3.64976652266247E-01,  3.70000000000000E-01,  1.49542950611147E+00,  1.06030000000002E+02,  5.39061733392505E+01,  1.96675901163562E+02
 2.00216666700000E+03,  4.47712671953901E-01,  3.95000000000000E-01,  1.46509513877448E+00,  1.06210000000002E+02,  1.24650527252744E+02,  3.74604939588021E+02
 2.00225000000000E+03,  4.66493739959360E-01,  3.22500000000000E-01,  1.43494854063463E+00,  1.06390000000002E+02,  1.17769443662971E+02,  3.87580474593501E+02
 2.00233333300000E+03,  4.66493739959360E-01,  3.32500000000000E-01,  1.40498632479639E+00,  1.06570000000002E+02,  1.61024405503359E+02,  4.19543417940777E+02
 2.00241666700000E+03, -6.64443250732603E-02,  2.30000000000000E-01,  6.29445086574597E-01,  1.06750000000002E+02,  1.57029634184312E+02,  3.75345603592816E+02
 2.00250000000000E+03, -6.64443250732603E-02,  2.57500000000000E-01,  6.01902469408555E-01,  1.06930000000002E+02,  1.64224481044271E+02,  2.81076192595604E+02
 2.00258333300000E+03, -4.76011809839686E-02,  2.07500000000000E-01,  5.74306120057580E-01,  1.07110000000002E+02,  7.03652044715571E+01,  1.05314406957902E+02
 2.00266666700000E+03,  1.57956257921683E-02,  1.62500000000000E-01,  5.46645067660269E-01,  1.07290000000002E+02,  8.09584626577989E+01,  1.00115444497175E+02
 2.00275000000000E+03,  5.11507705045963E-02,  1.02500000000000E-01,  5.18908315081264E-01,  1.07470000000002E+02,  3.62722374066843E+01,  5.23189181400706E+01
 2.00283333300000E+03,  5.11507705045963E-02, -1.05000000000000E-01,  4.91084857507014E-01,  1.07650000000002E+02,  8.83921076736805E+01,  7.41896221156976E+01
 2.00291666700000E+03, -4.23173533078176E-01, -1.02500000000000E-01, -1.30890619334043E+00,  1.07830000000002E+02,  8.57711826585881E+01,  9.92950048324734E+01
 2.00300000000000E+03, -4.23173533078176E-01, -3.50000000000000E-02, -1.26665672743771E+00,  1.08010000000002E+02,  1.73560876915083E+02,  1.87091918818617E+02
 2.00308333300000E+03, -4.23173533078176E-01, -5.00000000000000E-03, -1.22469708777426E+00,  1.08190000000002E+02,  1.88614089018884E+02,  1.91698821358490E+02
 2.00316666700000E+03, -4.94194148348577E-01, -1.82500000000000E-01, -1.18303363836133E+00,  1.08370000000002E+02,  2.51450837775664E+02,  2.52164883959269E+02
 2.00325000000000E+03, -6.83261070850108E-01, -4.85000000000000E-01, -1.14167238481479E+00,  1.08550000000002E+02,  2.00364414983298E+02,  2.38194243041072E+02
 2.00333333300000E+03, -6.83261070850108E-01, -6.72500000000000E-01, -1.10061896236515E+00,  1.08730000000002E+02,  2.21134606693842E+02,  2.59853388832489E+02
 2.00341666700000E+03, -5.22364806523333E-01, -7.20000000000000E-01, -1.51376679883853E+00,  1.08910000000002E+02,  1.32204706156477E+02,  1.96366616345227E+02
 2.00350000000000E+03, -5.22364806523333E-01, -7.82500000000000E-01, -1.47023530893687E+00,  1.09090000000002E+02,  1.55444198794468E+02,  2.55267338112500E+02
 2.00358333300000E+03, -6.04768946778103E-01, -7.95000000000000E-01, -1.42695884764541E+00,  1.09270000000002E+02,  1.61500936046724E+02,  2.64818871700203E+02
 2.00366666700000E+03, -6.04768946778103E-01, -7.82500000000000E-01, -1.38394530151872E+00,  1.09450000000002E+02,  1.75823777078611E+02,  2.52681480418454E+02
 2.00375000000000E+03, -5.75683415168357E-01, -7.80000000000000E-01, -1.34120226410432E+00,  1.09630000000002E+02,  1.75978955049902E+02,  2.55984565898149E+02
 2.00383333300000E+03, -5.04950057363334E-01, -8.02500000000000E-01, -1.29873702115441E+00,  1.09810000000002E+02,  2.29672807587821E+02,  2.96361187809410E+02
 2.00391666700000E+03, -6.35225858425877E-02, -4.12500000000000E-01,  7.28106479155774E-01,  1.09990000000002E+02,  2.16764719808907E+02,  2.76037420706796E+02
 2.00400000000000E+03,  7.58470033585590E-04, -4.00000000000000E-02,  7.00667258192922E-01,  1.10170000000002E+02,  2.00866550158784E+02,  3.41238620222919E+02
 2.00408333300000E+03,  8.05218766314641E-02,  1.95000000000000E-01,  6.73213216158282E-01,  1.10350000000002E+02,  1.95278538576006E+02,  3.46956530720904E+02
 2.00416666700000E+03,  1.57642661437299E-01,  2.80000000000000E-01,  6.45733627008402E-01,  1.10530000000002E+02,  2.22534196352233E+02,  4.67011497105391E+02
 2.00425000000000E+03,  2.10192851842793E-01,  3.15000000000000E-01,  6.18217673271530E-01,  1.10710000000002E+02,  2.15501450951466E+02,  4.33792167117245E+02
 2.00433333300000E+03,  2.10192851842793E-01,  3.00000000000000E-01,  5.90654463867442E-01,  1.10890000000002E+02,  1.98497016318734E+02,  4.76391497845075E+02
 2.00441666700000E+03,  1.75559032156324E-01,  2.37500000000000E-01,  1.93394743892813E+00,  1.11070000000002E+02,  1.61324937726239E+02,  3.37275616347581E+02
 2.00450000000000E+03,  1.74168131849208E-01,  2.25000000000000E-01,  1.90086743328710E+00,  1.11250000000002E+02,  1.74802345009467E+02,  3.88079471615902E+02
 2.00458333300000E+03,  1.60863498898445E-01,  2.45000000000000E-01,  1.86798643785972E+00,  1.11430000000002E+02,  1.39218208612151E+02,  2.15000992849243E+02
 2.00466666700000E+03,  1.08649988562251E-01,  2.20000000000000E-01,  1.83530569881682E+00,  1.11610000000002E+02,  1.22781326926975E+02,  2.33871912140139E+02
 2.00475000000000E+03,  3.35435306060573E-02,  1.82500000000000E-01,  1.80282617059386E+00,  1.11790000000002E+02,  1.03819152697406E+02,  1.42045733344320E+02
 2.00483333300000E+03,  3.35435306060573E-02,  1.20000000000000E-01,  1.77054850635886E+00,  1.11970000000002E+02,  9.33382839803027E+01,  1.58338743981549E+02
 2.00491666700000E+03,  1.67578407025200E-01,  3.50000000000000E-02,  4.23912787904517E-01,  1.12150000000002E+02,  6.76053580562275E+01,  1.04862513490639E+02
 2.00500000000000E+03,  1.67578407025200E-01, -4.50000000000000E-02,  3.95712627062723E-01,  1.12330000000002E+02,  4.66337506323352E+01,  9.60629452539066E+01
 2.00508333300000E+03,  1.57383749254857E-01,  4.50000000000000E-02,  3.67377733858340E-01,  1.12510000000002E+02,  3.25797875654726E+01,  5.65298692979860E+01
 2.00516666700000E+03,  7.24613157537053E-02, -2.25000000000000E-02,  3.38897386786206E-01,  1.12690000000002E+02,  2.97807516540189E+01,  7.08222180311789E+01
 2.00525000000000E+03, -7.60565110459101E-02, -4.45000000000000E-01,  3.10260976952876E-01,  1.12870000000002E+02,  2.28562375428923E+01,  4.60208140662345E+01
 2.00533333300000E+03, -2.58495548071006E-01, -6.65000000000000E-01,  2.81458026660577E-01,  1.13050000000002E+02,  2.89998119615180E+01,  4.57576670320222E+01
 2.00541666700000E+03, -8.11029564399453E-01, -7.15000000000000E-01, -2.10147746287409E+00,  1.13230000000002E+02,  4.34493933162930E+01,  5.89860318387001E+01
 2.00550000000000E+03, -8.14523517052108E-01, -7.72500000000000E-01, -2.05544478105224E+00,  1.13410000000002E+02,  3.50528844495236E+01,  6.50076386517904E+01
 2.00558333300000E+03, -8.14523517052108E-01, -7.90000000000000E-01, -2.00954483866850E+00,  1.13590000000002E+02,  5.05140317139692E+01,  6.56945900855522E+01
 2.00566666700000E+03, -6.67650273273999E-01, -7.95000000000000E-01, -1.96378781155294E+00,  1.13770000000002E+02,  6.15091549039391E+01,  7.44114090081938E+01
 2.00575000000000E+03, -5.56540266990248E-01, -8.00000000000000E-01, -1.91818380790897E+00,  1.13950000000002E+02,  8.06307192536867E+01,  8.08797316903561E+01
 2.00583333300000E+03, -5.56540266990248E-01, -8.32500000000000E-01, -1.87274284992593E+00,  1.14130000000002E+02,  8.40162112329193E+01,  8.26406591369513E+01
 2.00591666700000E+03, -5.89164714655248E-01, -8.10000000000000E-01, -1.47439229855176E+00,  1.14310000000002E+02,  9.14311401665722E+01,  8.23171891748982E+01
 2.00600000000000E+03, -6.38732050440036E-01, -7.20000000000000E-01, -1.43109107375668E+00,  1.14490000000002E+02,  1.15906070268137E+02,  9.82699692248274E+01
 2.00608333300000E+03, -6.38732050440036E-01, -2.32500000000000E-01, -1.38805202147772E+00,  1.14670000000002E+02,  1.65590800366426E+02,  1.88393848672700E+02
 2.00616666700000E+03, -5.35458326484042E-01,  2.07500000000000E-01, -1.34528276396448E+00,  1.14850000000002E+02,  1.50086754685422E+02,  1.82797966331779E+02
 2.00625000000000E+03, -4.01286081763943E-01,  2.12500000000000E-01, -1.30279061706472E+00,  1.15030000000002E+02,  1.53018362398593E+02,  2.11037296564785E+02
 2.00633333300000E+03, -2.95595351402142E-01,  2.65000000000000E-01, -1.26058257591433E+00,  1.15210000000002E+02,  1.76044530848645E+02,  2.46250214666375E+02
 2.00641666700000E+03,  2.30666370034376E-01,  3.07500000000000E-01,  1.03230818474264E+00,  1.15390000000002E+02,  1.54596442004412E+02,  2.37337427977020E+02
 2.00650000000000E+03,  2.30666370034376E-01,  3.15000000000000E-01,  1.00436551398689E+00,  1.15570000000002E+02,  1.71361632016777E+02,  2.78346738676097E+02
 2.00658333300000E+03,  2.19706124557500E-01,  1.77500000000000E-01,  9.76515380476718E-01,  1.15750000000002E+02,  2.24869780612402E+02,  3.48292679818122E+02
 2.00666666700000E+03,  7.61772769761967E-02,  2.72500000000000E-01,  9.48749132390996E-01,  1.15930000000002E+02,  2.30024000402826E+02,  3.55236572729883E+02
 2.00675000000000E+03, -8.16746372805366E-02,  2.32500000000000E-01,  9.21057857848569E-01,  1.16110000000002E+02,  2.10199606434526E+02,  3.61197822413673E+02
 2.00683333300000E+03, -8.16746372805366E-02,  2.22500000000000E-01,  8.93432397537274E-01,  1.16290000000002E+02,  2.27554427332826E+02,  3.95436665912971E+02
 2.00691666700000E+03,  1.01491894950856E-01,  1.82500000000000E-01,  1.30494638613384E+00,  1.16470000000002E+02,  1.63388103460426E+02,  2.82337949018450E+02
 2.00700000000000E+03,  1.01491894950856E-01,  1.35000000000000E-01,  1.27574324234591E+00,  1.16650000000002E+02,  1.67118561950086E+02,  3.05795061273745E+02
 2.00708333300000E+03,  5.89936149208111E-02,  1.32500000000000E-01,  1.24670005528571E+00,  1.16830000000002E+02,  1.74398046010136E+02,  3.25358368705975E+02
 2.00716666700000E+03, -4.25149212339817E-02,  3.50000000000000E-02,  1.21781115436225E+00,  1.17010000000002E+02,  1.65674534064207E+02,  2.87536788842026E+02
 2.00725000000000E+03, -1.61877021731494E-01, -3.67500000000000E-01,  1.18907052386037E+00,  1.17190000000002E+02,  1.59247458312271E+02,  2.82607548231838E+02
 2.00733333300000E+03, -2.28372608575449E-01, -6.32500000000000E-01,  1.16047180862487E+00,  1.17370000000002E+02,  1.66927972497778E+02,  2.77923191204709E+02
 2.00741666700000E+03, -4.35804775614956E-01, -7.42500000000000E-01, -5.20997805601260E-01,  1.17550000000002E+02,  1.16623825210801E+02,  1.84408394591998E+02
 2.00750000000000E+03, -6.11763429801563E-01, -7.82500000000000E-01, -4.85330332510336E-01,  1.17730000000002E+02,  1.17319807540447E+02,  1.68062679457688E+02
 2.00758333300000E+03, -6.11763429801563E-01, -7.90000000000000E-01, -4.50001592834262E-01,  1.17910000000002E+02,  1.09470078394167E+02,  1.45782808391206E+02
 2.00766666700000E+03, -5.71203941390647E-01, -8.02500000000000E-01, -4.15009324298295E-01,  1.18090000000002E+02,  8.90705504118310E+01,  1.01439574090683E+02
 2.00775000000000E+03, -3.78267868687321E-01, -7.90000000000000E-01, -3.80350815073770E-01,  1.18270000000002E+02,  8.69078236109435E+01,  8.46511843656889E+01
 2.00783333300000E+03, -3.78267868687321E-01, -8.00000000000000E-01, -3.46022908167818E-01,  1.18450000000002E+02,  7.79085049143000E+01,  7.91609611211687E+01
 2.00791666700000E+03, -2.29000749742456E-01, -6.62500000000000E-01, -2.40324130295975E+00,  1.18630000000002E+02,  8.19118746810390E+01,  6.07380843934530E+01
 2.00800000000000E+03, -2.29000749742456E-01, -3.15000000000000E-01, -2.35659548640976E+00,  1.18810000000002E+02,  8.54690669230796E+01,  6.51133733636823E+01
 2.00808333300000E+03, -4.24392134423160E-02,  9.50000000000000E-02, -2.31001587590958E+00,  1.18990000000002E+02,  9.16108030003918E+01,  1.15917442437644E+02
 2.00816666700000E+03,  2.63060716002294E-02,  2.80000000000000E-01, -2.26351264228860E+00,  1.19170000000002E+02,  7.80259309650910E+01,  1.05165110517432E+02
 2.00825000000000E+03,  2.63060716002294E-02,  3.10000000000000E-01, -2.21709600654824E+00,  1.19350000000002E+02,  7.47133040882921E+01,  1.17421066112533E+02
 2.00833333300000E+03, -1.63959810123710E-01,  3.10000000000000E-01, -2.17077622216964E+00,  1.19530000000002E+02,  5.89096396428809E+01,  1.08479987607750E+02
 2.00841666700000E+03, -1.63959810123710E-01,  3.92500000000000E-01, -3.36384837540103E-01,  1.19710000000002E+02,  6.37998447914336E+01,  1.08764886439672E+02
 2.00850000000000E+03,  1.18236112090993E-01,  3.37500000000000E-01, -3.02475601995590E-01,  1.19890000000002E+02,  5.53337056902985E+01,  9.09622828605847E+01
 2.00858333300000E+03,  3.18318520858540E-01,  2.95000000000000E-01, -2.68888124729154E-01,  1.20070000000002E+02,  4.76273980103927E+01,  1.01353931326446E+02
 2.00866666700000E+03,  3.18318520858540E-01,  2.62500000000000E-01, -2.35617828740706E-01,  1.20250000000002E+02,  5.22453173388128E+01,  1.42987573369469E+02
 2.00875000000000E+03,  2.80975341103640E-01,  2.32500000000000E-01, -2.02659720084270E-01,  1.20430000000002E+02,  2.96414095690793E+01,  1.19287756214009E+02
 2.00883333300000E+03,  1.75170015418553E-01,  1.87500000000000E-01, -1.70008396579300E-01,  1.20610000000002E+02,  2.53680681461849E+01,  1.17747104564508E+02
 2.00891666700000E+03,  1.75170015418553E-01,  2.77500000000000E-01,  1.55391413128817E+00,  1.20790000000002E+02,  4.32755708060461E+01,  8.36129245501410E+01
 2.00900000000000E+03,  1.75170015418553E-01,  2.97500000000000E-01,  1.52321293776882E+00,  1.20970000000002E+02,  5.26917947701684E+01,  8.96603425837648E+01
 2.00908333300000E+03,  1.74248028326496E-01,  3.87500000000000E-01,  1.49270497816404E+00,  1.21150000000002E+02,  6.16270409433528E+01,  4.49436563033402E+01
 2.00916666700000E+03,  1.60219382316822E-01,  2.95000000000000E-01,  1.46238755639614E+00,  1.21330000000002E+02,  6.16018279693486E+01,  5.45294661068237E+01
 2.00925000000000E+03,  1.60219382316822E-01,  2.57500000000000E-01,  1.43225761526236E+00,  1.21510000000002E+02,  5.51588371428308E+01,  5.93046329794647E+01
 2.00933333300000E+03,  1.60219382316822E-01,  8.00000000000000E-02,  1.40231173541175E+00,  1.21690000000002E+02,  4.36827664977288E+01,  5.35139741753194E+01
 2.00941666700000E+03,  1.37525489890150E-02, -3.35000000000000E-01,  1.33369783436660E+00,  1.21870000000002E+02,  5.40829248729292E+01,  5.62883065313707E+01
 2.00950000000000E+03, -2.14040274080029E-01, -5.67500000000000E-01,  1.30433292786344E+00,  1.22050000000002E+02,  5.09249299646611E+01,  5.63598102806444E+01
 2.00958333300000E+03, -4.00141227267804E-01, -5.45000000000000E-01,  1.27513319082683E+00,  1.22230000000002E+02,  6.85437287941658E+01,  7.18911455371616E+01
 2.00966666700000E+03, -5.21938114098104E-01, -5.50000000000000E-01,  1.24609329529758E+00,  1.22410000000002E+02,  8.10747946097886E+01,  6.96128901863445E+01
 2.00975000000000E+03, -5.21938114098104E-01, -4.97500000000000E-01,  1.21720756340173E+00,  1.22590000000002E+02,  8.10306470878059E+01,  1.10725671135924E+02
 2.00983333300000E+03, -5.64775076606796E-01, -6.30000000000000E-01,  1.18846997225207E+00,  1.22770000000002E+02,  7.21493320349518E+01,  9.47724656386628E+01
 2.00991666700000E+03, -6.58697917163252E-01, -6.47500000000000E-01, -9.72572879512102E-01,  1.22950000000002E+02,  8.02225102659022E+01,  9.78355191281600E+01
 2.01000000000000E+03, -6.58697917163252E-01, -6.62500000000000E-01, -9.32855203490301E-01,  1.23130000000002E+02,  7.70424040583641E+01,  7.81688069030294E+01
 2.01008333300000E+03, -5.71108554453476E-01, -6.80000000000000E-01, -8.93468181887392E-01,  1.23310000000002E+02,  7.15905388427900E+01,  8.00997080299628E+01
 2.01016666700000E+03, -5.36191421392798E-01, -6.72500000000000E-01, -8.54414941708441E-01,  1.23490000000002E+02,  5.83795296592691E+01,  3.93801523136874E+01
 2.01025000000000E+03, -5.28182871241129E-01, -6.77500000000000E-01, -8.15698174644668E-01,  1.23670000000002E+02,  5.47886612088274E+01,  4.86630694425755E+01
 2.01033333300000E+03, -5.28182871241129E-01, -6.57500000000000E-01, -7.77320131208267E-01,  1.23850000000002E+02,  4.47677410905258E+01,  6.39427157372536E+01
 2.01041666700000E+03, -6.29704744981322E-01, -7.12500000000000E-01, -1.41450064854081E+00,  1.24030000000002E+02,  3.45553025286109E+01,  5.75590113443823E+01
 2.01050000000000E+03, -6.29704744981322E-01, -1.47500000000000E-01, -1.37156451216023E+00,  1.24210000000002E+02,  3.91675755184846E+01,  7.19338200205873E+01
 2.01058333300000E+03, -4.72300296079996E-01,  2.92500000000000E-01, -1.32890102232508E+00,  1.24390000000002E+02,  4.44241055119266E+01,  7.03013405518787E+01
 2.01066666700000E+03, -3.03271612447170E-01,  3.35000000000000E-01, -1.28651737315534E+00,  1.24570000000002E+02,  5.15561606232613E+01,  8.97450965021251E+01
 2.01075000000000E+03, -2.33335344384253E-01,  2.90000000000000E-01, -1.24442043270059E+00,  1.24750000000002E+02,  4.58499265431675E+01,  6.74653618272925E+01
 2.01083333300000E+03, -2.11523988986766E-01,  2.95000000000000E-01, -1.20261672941238E+00,  1.24930000000002E+02,  5.75775874818315E+01,  9.22022284727740E+01
 2.01091666700000E+03,  3.31902926512007E-01,  2.07500000000000E-01,  3.52751080659654E-01,  1.25110000000002E+02,  5.80762545253966E+01,  8.23979876866030E+01
 2.01100000000000E+03,  3.31902926512007E-01,  2.42500000000000E-01,  3.24191798398150E-01,  1.25290000000002E+02,  6.01281494470732E+01,  8.85350955031251E+01
 2.01108333300000E+03,  1.96857924475947E-01,  2.42500000000000E-01,  2.95471047861637E-01,  1.25470000000002E+02,  7.93373710269777E+01,  8.22429408463764E+01
 2.01116666700000E+03,  2.52330017899314E-02,  2.52500000000000E-01,  2.66578425998736E-01,  1.25650000000002E+02,  7.85662693163159E+01,  9.58497761826290E+01
 2.01125000000000E+03, -1.72151524541591E-01,  2.30000000000000E-01,  2.37503688757617E-01,  1.25830000000002E+02,  8.28148548435647E+01,  1.24957028066097E+02
 2.01133333300000E+03, -1.72151524541591E-01,  2.40000000000000E-01,  2.66578425998736E-01,  1.26010000000002E+02,  8.90527061626080E+01,  1.30025358077633E+02
 2.01141666700000E+03,  8.35853226231613E-02,  1.75000000000000E-01,  1.85701946528513E+00,  1.26190000000002E+02,  8.82720260242324E+01,  1.28183823323861E+02
 2.01150000000000E+03,  8.35853226231613E-02,  2.25000000000000E-02,  1.82440601918571E+00,  1.26370000000002E+02,  6.02915006440663E+01,  1.12615738218535E+02
 2.01158333300000E+03,  1.41802918679677E-02,  6.25000000000000E-02,  1.79199403665622E+00,  1.26550000000002E+02,  6.47143189822476E+01,  1.00264718396330E+02
 2.01166666700000E+03,  1.24041820588360E-02, -8.00000000000000E-02,  1.75978406794583E+00,  1.26730000000002E+02,  4.44311420964847E+01,  5.62537571047283E+01
 2.01175000000000E+03,  1.24041820588360E-02, -1.87500000000000E-01,  1.72777635026146E+00,  1.26910000000002E+02,  3.44123663562401E+01,  5.19516768482709E+01
 2.01183333300000E+03,  1.24041820588360E-02, -4.72500000000000E-01,  1.69597079969070E+00,  1.27090000000002E+02,  3.46655030783691E+01,  5.27208705562585E+01
 2.01191666700000E+03, -3.34030811718343E-01, -5.97500000000000E-01,  9.43272614120740E-01,  1.27270000000002E+02,  3.60793746783283E+01,  6.37171614749265E+01
 2.01200000000000E+03, -3.34030811718343E-01, -5.95000000000000E-01,  9.15595075883468E-01,  1.27450000000002E+02,  3.06191973091331E+01,  7.34995223705081E+01
 2.01208333300000E+03, -3.16133060853209E-01, -5.32500000000000E-01,  8.87981514173068E-01,  1.27630000000002E+02,  3.16933699057125E+01,  7.39950548946475E+01
 2.01216666700000E+03, -2.83418422509820E-01, -5.42500000000000E-01,  8.60422490851179E-01,  1.27810000000002E+02,  3.63843322301244E+01,  8.63724971562443E+01
 2.01225000000000E+03, -2.83418422509820E-01, -6.42500000000000E-01,  8.32908350250401E-01,  1.27990000000002E+02,  2.96216415137689E+01,  8.52603123988477E+01
 2.01233333300000E+03, -3.57823348805346E-01, -7.65000000000000E-01,  8.05429233698344E-01,  1.28170000000002E+02,  3.00161140403356E+01,  9.06330495612760E+01
 2.01241666700000E+03, -7.37108146722147E-01, -8.12500000000000E-01, -1.75331862091605E+00,  1.28350000000002E+02,  2.75176478739645E+01,  8.57926054802281E+01
 2.01250000000000E+03, -7.37108146722147E-01, -8.15000000000000E-01, -1.70855537215500E+00,  1.28530000000002E+02,  6.48925618863396E+01,  1.51673430408053E+02
 2.01258333300000E+03, -5.80188837876402E-01, -8.67500000000000E-01, -1.66400008356469E+00,  1.28710000000002E+02,  1.10639630084752E+02,  2.18097652370853E+02
 2.01266666700000E+03, -4.22692114833316E-01, -8.27500000000000E-01, -1.61966195072597E+00,  1.28890000000002E+02,  1.24703494544200E+02,  2.48285730799538E+02
 2.01275000000000E+03, -3.78955737155782E-01, -8.40000000000000E-01, -1.57554996394941E+00,  1.29070000000002E+02,  1.41708101600285E+02,  2.42395046634467E+02
 2.01283333300000E+03, -3.47488300484942E-01, -8.37500000000000E-01, -1.53167289121421E+00,  1.29250000000002E+02,  1.53108184526652E+02,  2.39477186884208E+02
 2.01291666700000E+03, -2.95246778209710E-01, -4.02500000000000E-01, -1.49746002362959E+00,  1.29430000000002E+02,  1.33614563171000E+02,  1.62632045110674E+02
 2.01300000000000E+03, -2.88564719792648E-01, -1.17500000000000E-01, -1.45402295375320E+00,  1.29610000000002E+02,  1.11263561992282E+02,  8.47044802065209E+01
 2.01308333300000E+03, -2.60978112972390E-01,  4.50000000000000E-02, -1.41084389479085E+00,  1.29790000000002E+02,  9.97450814874416E+01,  5.44665342942814E+01
 2.01316666700000E+03, -2.06875288246205E-01,  2.22500000000000E-01, -1.36793062549823E+00,  1.29970000000002E+02,  1.10026790986780E+02,  5.29428583953038E+01
 2.01325000000000E+03, -1.52663210245706E-01,  2.55000000000000E-01, -1.32529062603432E+00,  1.30150000000002E+02,  9.87929012133122E+01,  4.41108152629779E+01
 2.01333333300000E+03, -1.37118581138073E-01,  2.72500000000000E-01, -1.28293106336763E+00,  1.30330000000002E+02,  1.02973786749224E+02,  9.86343250175505E+01
 2.01341666700000E+03,  3.91594459695984E-01,  3.92500000000000E-01,  4.62386438819854E-01,  1.30510000000002E+02,  1.42009923511146E+02,  1.40054251529390E+02
 2.01350000000000E+03,  3.91594459695984E-01,  3.67500000000000E-01,  4.34353444599014E-01,  1.30690000000002E+02,  1.46133918742441E+02,  1.41256527095161E+02
 2.01358333300000E+03,  3.63905603584278E-01,  3.05000000000000E-01,  4.06200570099553E-01,  1.30870000000002E+02,  1.36608011891900E+02,  2.08286076261682E+02
 2.01366666700000E+03,  2.59228477847105E-01,  3.47500000000000E-01,  3.77916969832442E-01,  1.31050000000002E+02,  1.54390078430419E+02,  2.05122332728430E+02
 2.01375000000000E+03,  1.40459783800968E-01,  2.97500000000000E-01,  3.49491885231303E-01,  1.31230000000002E+02,  1.60701596739127E+02,  2.03853118184794E+02
 2.01383333300000E+03,  1.40459783800968E-01,  2.95000000000000E-01,  3.20914663404615E-01,  1.31410000000002E+02,  1.22279272850814E+02,  1.67458887041783E+02
 2.01391666700000E+03,  2.71178858112193E-01,  2.92500000000000E-01,  1.39781874560070E+00,  1.31590000000002E+02,  1.40041403382070E+02,  1.61459605550683E+02
 2.01400000000000E+03,  3.68516756566133E-01,  3.70000000000000E-01,  1.36807993847862E+00,  1.31770000000002E+02,  1.64113305821384E+02,  1.80788859581258E+02
 2.01408333300000E+03,  3.68516756566133E-01,  3.15000000000000E-01,  1.33851661231339E+00,  1.31950000000002E+02,  1.59814806775197E+02,  1.83583097493497E+02
 2.01416666700000E+03,  2.95970778109180E-01,  2.82500000000000E-01,  1.30912420914550E+00,  1.32130000000002E+02,  1.48699127203313E+02,  1.47195386909113E+02
 2.01425000000000E+03,  9.79558971730324E-02,  2.20000000000000E-01,  1.27989781325981E+00,  1.32310000000003E+02,  1.55295485973736E+02,  1.61542751191900E+02
 2.01433333300000E+03, -1.17204871253145E-01, -3.27500000000000E-01,  1.25083215433789E+00,  1.32490000000003E+02,  1.56139365001015E+02,  2.14860641105686E+02
 2.01441666700000E+03, -7.03285246429358E-01, -6.45000000000000E-01,  1.78324673089886E-01,  1.32670000000003E+02,  1.33658554541848E+02,  2.58604182249900E+02
 2.01450000000000E+03, -7.03285246429358E-01, -7.67500000000000E-01,  2.07796748507103E-01,  1.32850000000003E+02,  1.28416215972476E+02,  2.63769456767847E+02
 2.01458333300000E+03, -6.32834769869050E-01, -7.37500000000000E-01,  2.37066623155318E-01,  1.33030000000003E+02,  1.25352506991421E+02,  2.92253254690911E+02
 2.01466666700000E+03, -5.71709154025204E-01, -7.92500000000000E-01,  2.66144166057926E-01,  1.33210000000003E+02,  1.13322603812009E+02,  3.01217326969797E+02
 2.01475000000000E+03, -4.91409861937037E-01, -8.07500000000000E-01,  2.37066623155318E-01,  1.33390000000003E+02,  1.00655911878335E+02,  2.78871057890753E+02
 2.01483333300000E+03, -5.71709154025204E-01, -7.80000000000000E-01,  2.66144166057926E-01,  1.33570000000003E+02,  8.97249878579730E+01,  2.45671757316922E+02
 2.01491666700000E+03, -7.27389267376532E-01, -7.17500000000000E-01, -1.83060950328995E+00,  1.33750000000003E+02,  1.06945828493209E+02,  2.86126891959338E+02
 2.01500000000000E+03, -7.27389267376532E-01, -6.95000000000000E-01, -1.78551127536495E+00,  1.33930000000003E+02,  9.75059479261381E+01,  2.42693965988145E+02
 2.01508333300000E+03, -7.26872735917166E-01, -7.37500000000000E-01, -1.74060479572593E+00,  1.34110000000003E+02,  8.17734066738780E+01,  2.19498051616751E+02
 2.01516666700000E+03, -5.96713073651348E-01, -7.85000000000000E-01, -1.69589957165648E+00,  1.34290000000003E+02,  8.54699311961470E+01,  2.70788560426767E+02
 2.01525000000000E+03, -4.12320843108917E-01, -7.77500000000000E-01, -1.65140493513986E+00,  1.34470000000003E+02,  7.42257432964738E+01,  1.73104404184558E+02
 2.01533333300000E+03, -2.44892478294048E-01, -3.50000000000000E-01, -1.60713002530103E+00,  1.34650000000003E+02,  8.03039058462311E+01,  1.93598412417137E+02
 2.01541666700000E+03,  2.86599797519936E-01,  1.87500000000000E-01, -6.80168951312085E-01,  1.34830000000003E+02,  8.85681050410360E+01,  2.11843975901611E+02
 2.01550000000000E+03,  2.86599797519936E-01,  3.22500000000000E-01, -6.43012493598133E-01,  1.35010000000003E+02,  8.05773990186924E+01,  2.09463838239818E+02
 2.01558333300000E+03,  2.39045813253169E-01,  3.37500000000000E-01, -6.06199309901313E-01,  1.35190000000003E+02,  7.90586695154456E+01,  2.17823330684901E+02
 2.01566666700000E+03,  4.48593785527749E-02,  4.05000000000000E-01, -5.69729123897191E-01,  1.35370000000003E+02,  9.07508726772004E+01,  2.40884785279544E+02
 2.01575000000000E+03, -4.64983001898930E-02,  3.30000000000000E-01, -5.33601200641492E-01,  1.35550000000003E+02,  8.12031158310263E+01,  2.06088604577109E+02
 2.01583333300000E+03, -4.64983001898930E-02,  3.45000000000000E-01, -4.97814347197330E-01,  1.35730000000003E+02,  1.02772028355762E+02,  3.13491616251198E+02
 2.01591666700000E+03, -4.52077713931549E-02,  2.22500000000000E-01,  1.19396679724523E+00,  1.35910000000003E+02,  1.09237575583174E+02,  3.06950260606073E+02
 2.01600000000000E+03,  8.46942481830487E-02,  2.50000000000000E-01,  1.16534431905344E+00,  1.36090000000003E+02,  9.75963378534114E+01,  2.29387813218591E+02
 2.01608333300000E+03,  2.10962672694493E-01,  2.37500000000000E-01,  1.13685823304607E+00,  1.36270000000003E+02,  8.63525978083711E+01,  2.52478536886573E+02
 2.01616666700000E+03,  2.17075883367438E-01,  5.25000000000000E-02,  1.10850158045100E+00,  1.36450000000003E+02,  1.12730238710300E+02,  3.25346854953174E+02
 2.01625000000000E+03,  2.17075883367438E-01, -3.50000000000000E-02,  1.08026708338800E+00,  1.36630000000003E+02,  9.66804162094689E+01,  2.36928717057057E+02
 2.01633333300000E+03,  1.30151685055865E-01,  1.32500000000000E-01,  1.05214715352038E+00,  1.36810000000003E+02,  1.14960273427179E+02,  3.58311014271010E+02
 2.01641666700000E+03, -9.93155709935286E-02,  1.75000000000000E-01,  1.49718507620275E+00,  1.36990000000003E+02,  1.24440400414677E+02,  4.04814794653468E+02
 2.01650000000000E+03, -9.93155709935286E-02,  2.62500000000000E-01,  1.46683978203871E+00,  1.37170000000003E+02,  1.33356968149122E+02,  3.48356578700844E+02
 2.01658333300000E+03, -8.43831463714675E-02,  3.92500000000000E-01,  1.43668244138573E+00,  1.37350000000003E+02,  9.13549086523436E+01,  3.30010165337556E+02
 2.01666666700000E+03,  2.45873021424909E-02,  3.80000000000000E-01,  1.40670968825030E+00,  1.37530000000003E+02,  8.59361720830002E+01,  3.91376495796222E+02
 2.01675000000000E+03,  1.44085299370409E-01,  3.55000000000000E-01,  1.37691779425293E+00,  1.37710000000003E+02,  1.33889919499804E+02,  3.95416149660816E+02
 2.01683333300000E+03,  2.25549104896936E-01,  3.92500000000000E-01,  1.34730266909826E+00,  1.37890000000003E+02,  1.24110499453451E+02,  3.67605137720570E+02
 2.01691666700000E+03,  2.34235833336138E-01,  4.40000000000000E-01, -2.86288795218666E-01,  1.38070000000003E+02,  1.24704310501429E+02,  3.63322932425116E+02
 2.01700000000000E+03,  3.44112142639358E-01,  4.27500000000000E-01, -2.52854397544966E-01,  1.38250000000003E+02,  1.63109453973894E+02,  3.39499169313267E+02
 2.01708333300000E+03,  3.44112142639358E-01,  4.42500000000000E-01, -2.19734831870956E-01,  1.38430000000003E+02,  2.00237120707940E+02,  2.83795146397193E+02
 2.01716666700000E+03,  2.29907034120854E-01,  3.82500000000000E-01, -1.86924906860032E-01,  1.38610000000003E+02,  1.31979244580778E+02,  1.98585706337586E+02
 2.01725000000000E+03,  3.78083868356192E-02,  3.40000000000000E-01, -1.54419027403261E-01,  1.38790000000003E+02,  2.06716624667051E+02,  3.13671047882515E+02
 2.01733333300000E+03, -1.61636456948227E-01,  1.45000000000000E-01, -1.22211204459820E-01,  1.38970000000003E+02,  1.99797370894885E+02,  3.14861662221029E+02
 2.01741666700000E+03, -4.77906425107028E-01, -3.62500000000000E-01, -2.42221515045340E+00,  1.39150000000003E+02,  1.78989052238894E+02,  2.84189025452248E+02
 2.01750000000000E+03, -4.77906425107028E-01, -6.40000000000000E-01, -2.37554531900557E+00,  1.39330000000003E+02,  1.73790311837850E+02,  3.48269543302930E+02
 2.01758333300000E+03, -4.31939452074685E-01, -6.40000000000000E-01, -2.32893757844449E+00,  1.39510000000003E+02,  1.87599629841384E+02,  3.60420714987931E+02
 2.01766666700000E+03, -3.47772464257541E-01, -6.17500000000000E-01, -2.28240207420942E+00,  1.39690000000003E+02,  1.35592563155469E+02,  2.21783266915170E+02
 2.01775000000000E+03, -3.47772464257541E-01, -6.45000000000000E-01, -2.23594900903212E+00,  1.39870000000003E+02,  1.79119877182792E+02,  3.10602504071109E+02
 2.01783333300000E+03, -3.12828029278683E-01, -6.77500000000000E-01, -2.18958862534235E+00,  1.40050000000003E+02,  1.67264196879429E+02,  3.09942174858445E+02
 2.01791666700000E+03, -3.57053835961313E-01, -7.02500000000000E-01, -5.35154817578274E-01,  1.40230000000003E+02,  1.25798338647107E+02,  2.02091972067073E+02
 2.01800000000000E+03, -4.99561164667705E-01, -7.30000000000000E-01, -4.99353261209441E-01,  1.40410000000003E+02,  1.01463919151665E+02,  1.60224833281138E+02
 2.01808333300000E+03, -6.01646448701706E-01, -6.95000000000000E-01, -4.63891205879952E-01,  1.40590000000003E+02,  9.29764558462927E+01,  1.72941635726339E+02
 2.01816666700000E+03, -6.01646448701706E-01, -7.17500000000000E-01, -4.28766567591024E-01,  1.40770000000003E+02,  5.28993890709620E+01,  1.07445757943974E+02
 2.01825000000000E+03, -5.01749383742015E-01, -7.85000000000000E-01, -3.93976811293714E-01,  1.40950000000003E+02,  4.13782215851104E+01,  9.04291887089163E+01
 2.01833333300000E+03, -5.01749383742015E-01, -7.87500000000000E-01, -3.59518954942467E-01,  1.41130000000003E+02,  7.13889613716598E+01,  1.06083723281529E+02
 2.01841666700000E+03, -4.20674034129177E-01, -8.22500000000000E-01,  2.14314431946762E+00,  1.41310000000003E+02,  8.38380300226276E+01,  1.38718044026005E+02
 2.01850000000000E+03, -4.20674034129177E-01, -8.25000000000000E-01,  2.10887578288055E+00,  1.41490000000003E+02,  6.57626345095587E+01,  1.23011231454980E+02
 2.01858333300000E+03, -2.89461268194871E-01, -7.75000000000000E-01,  2.07479269666482E+00,  1.41670000000003E+02,  6.48828069302036E+01,  9.68948926087158E+01
 2.01866666700000E+03, -1.41047871680211E-01, -2.72500000000000E-01,  2.04089786850175E+00,  1.41850000000003E+02,  1.00076638025110E+02,  9.25028389873125E+01
 2.01875000000000E+03,  1.68778101541027E-02,  1.10000000000000E-01,  2.00719388516306E+00,  1.42030000000003E+02,  9.16321806324624E+01,  1.13746179280408E+02
 2.01883333300000E+03,  1.49431937672896E-01,  2.95000000000000E-01,  1.97368309986348E+00,  1.42210000000003E+02,  7.65753113848579E+01,  1.03648984989076E+02
 2.01891666700000E+03,  1.86428777433936E-01,  3.65000000000000E-01,  1.61349910462704E+00,  1.42390000000003E+02,  8.53042054696317E+01,  1.30573033007610E+02
 2.01900000000000E+03,  3.11737703230701E-01,  3.60000000000000E-01,  1.58242009378884E+00,  1.42570000000003E+02,  7.80345700984326E+01,  1.81158914476300E+02
 2.01908333300000E+03,  4.23079523259887E-01,  3.10000000000000E-01,  1.55153849356791E+00,  1.42750000000003E+02,  5.98772378677596E+01,  2.35030357806542E+02
 2.01916666700000E+03,  4.23079523259887E-01,  4.12500000000000E-01,  1.52085229648047E+00,  1.42930000000003E+02,  1.01722665788058E+02,  3.21752133768431E+02
 2.01925000000000E+03,  3.70432803419096E-01,  3.40000000000000E-01,  1.49035913811546E+00,  1.43110000000003E+02,  1.91924565755848E+02,  3.53449656761515E+02
 2.01933333300000E+03,  2.38421081580446E-01,  3.70000000000000E-01,  1.46005629458777E+00,  1.43290000000003E+02,  1.94445288298480E+02,  3.29313234720996E+02
 2.01941666700000E+03, -1.00848968680565E-01,  3.12500000000000E-01, -3.94527419444352E-01,  1.43470000000003E+02,  2.07522078806313E+02,  3.01502533307083E+02
 2.01950000000000E+03, -1.00848968680565E-01,  2.85000000000000E-01, -3.60064310973187E-01,  1.43650000000003E+02,  2.13331340125706E+02,  2.36774498784420E+02
 2.01958333300000E+03, -2.23476028314168E-02,  2.62500000000000E-01, -3.25929736189079E-01,  1.43830000000003E+02,  1.50590294191603E+02,  1.15779549465739E+02
 2.01966666700000E+03,  2.27722007892000E-02,  2.37500000000000E-01, -2.92119841492145E-01,  1.44010000000003E+02,  9.23206395776720E+01,  7.12828275839445E+01
 2.01975000000000E+03,  2.27722007892000E-02,  1.77500000000000E-01, -2.58630343391323E-01,  1.44190000000003E+02,  1.20136551044364E+02,  1.16772083939381E+02
 2.01983333300000E+03, -5.59076455222952E-03,  1.82500000000000E-01, -2.25456535875166E-01,  1.44370000000003E+02,  1.16025148028823E+02,  1.02195824025523E+02
 2.01991666700000E+03, -3.62679496958523E-01,  1.20000000000000E-01, -1.29492704004640E+00,  1.44550000000003E+02,  9.70531559770958E+01,  1.14936792671761E+02
 2.02000000000000E+03, -3.62679496958523E-01,  9.25000000000000E-02, -1.25277252718001E+00,  1.44730000000003E+02,  9.88600112424050E+01,  1.43019623900282E+02
 2.02008333300000E+03, -3.62679496958523E-01,  5.25000000000000E-02, -1.21090998032167E+00,  1.44910000000003E+02,  8.42631736638122E+01,  1.23429016405305E+02
 2.02016666700000E+03, -4.51368213653595E-01,  0.00000000000000E+00, -1.16934564653405E+00,  1.45090000000003E+02,  6.14293288706848E+01,  1.03400733170846E+02
 2.02025000000000E+03, -6.33294352380324E-01, -7.00000000000000E-02, -1.12808541045376E+00,  1.45270000000003E+02,  6.23208151031126E+01,  9.44624806214906E+01
 2.02033333300000E+03, -6.33294352380324E-01, -4.25000000000000E-02, -1.08713478251979E+00,  1.45450000000003E+02,  5.80222864025099E+01,  8.44973970807859E+01
 2.02041666700000E+03,  8.75743048493112E-02,  1.42500000000000E-01,  5.23636437056759E-01,  1.45630000000003E+02,  5.27886628405180E+01,  5.46840018321528E+01
 2.02050000000000E+03,  8.75743048493112E-02,  2.20000000000000E-01,  4.95828518452656E-01,  1.45810000000003E+02,  3.54606770130536E+01,  4.66172702832992E+01
 2.02058333300000E+03,  3.13142119892653E-02,  2.60000000000000E-01,  4.67924771230584E-01,  1.45990000000003E+02,  1.92382377182431E+01,  1.40553554168611E+01
 2.02066666700000E+03, -1.01863482839463E-02,  3.00000000000000E-01,  4.39914225060600E-01,  1.46170000000003E+02,  1.78525870938910E+01,  2.07640771464078E+01
 2.02075000000000E+03, -3.53775440993120E-02,  3.37500000000000E-01,  4.11785955110000E-01,  1.46350000000003E+02,  4.38021041110110E+01,  6.83350921080860E+01
 2.02083333300000E+03, -3.53775440993120E-02,  3.60000000000000E-01,  3.83529100907522E-01,  1.46530000000003E+02,  7.59428538446578E+01,  1.07087825100044E+02
 2.02091666700000E+03,  2.44410864910047E-01,  2.60000000000000E-01,  1.66413785300004E+00,  1.46710000000003E+02,  7.67910560808199E+01,  1.08047740755008E+02
 2.02100000000000E+03,  2.76298100056796E-01,  1.80000000000000E-01,  1.63273652262422E+00,  1.46890000000003E+02,  9.00139538352294E+01,  1.41486890838339E+02
 2.02108333300000E+03,  3.32348020589613E-01,  1.62500000000000E-01,  1.60153510102985E+00,  1.47070000000003E+02,  8.35735413236013E+01,  1.83090165742684E+02
 2.02116666700000E+03,  3.94948438221974E-01,  1.97500000000000E-01,  1.57053215009911E+00,  1.47250000000003E+02,  5.54009637590185E+01,  1.38864974347152E+02
 2.02125000000000E+03,  4.41885009618124E-01,  1.60000000000000E-01,  1.53972588053952E+00,  1.47430000000003E+02,  2.90044559740810E+01,  1.11398068192387E+02
 2.02133333300000E+03,  4.41885009618124E-01, -9.25000000000000E-02,  1.50911414808711E+00,  1.47610000000003E+02,  3.41017409414052E+01,  1.17785241472383E+02
 2.02141666700000E+03, -5.52297980149475E-01, -4.17500000000000E-01,  1.90550336401081E-01,  1.47790000000003E+02,  3.04473361071035E+01,  1.03805768283241E+02
 2.02150000000000E+03, -5.52297980149475E-01, -5.95000000000000E-01,  2.19937523198791E-01,  1.47970000000003E+02,  5.05307874461796E+01,  5.56663977839485E+01
 2.02158333300000E+03, -4.78928680510687E-01, -5.82500000000000E-01,  2.49126569890516E-01,  1.48150000000003E+02,  6.09250254102913E+01,  5.65726949431942E+01
 2.02166666700000E+03, -4.78928680510687E-01, -6.70000000000000E-01,  2.78127428430272E-01,  1.48330000000003E+02,  5.28632323534808E+01,  4.72043500936319E+01
 2.02175000000000E+03, -3.82859241652602E-01, -7.07500000000000E-01,  2.49126569890516E-01,  1.48510000000003E+02,  5.35770322004534E+01,  4.29933184379778E+01
 2.02183333300000E+03, -5.27525362708312E-01, -6.97500000000000E-01,  2.78127428430272E-01,  1.48690000000003E+02,  4.94355596230291E+01,  4.03873477732153E+01
 2.02191666700000E+03, -6.25077313700745E-01, -6.75000000000000E-01, -2.01211782111591E+00,  1.48870000000003E+02,  3.97472348679317E+01,  4.67379499894256E+01
 2.02200000000000E+03, -6.25077313700745E-01, -7.32500000000000E-01, -1.96635250269249E+00,  1.49050000000003E+02,  5.47441744906013E+01,  6.53381216323225E+01
 2.02208333300000E+03, -5.13575850069984E-01, -7.30000000000000E-01, -1.92073964240624E+00,  1.49230000000003E+02,  5.80271540388342E+01,  6.57468042021621E+01
 2.02216666700000E+03, -5.13575850069984E-01, -7.45000000000000E-01, -1.87528926776165E+00,  1.49410000000003E+02,  7.31945733406878E+01,  9.46347848170458E+01
 2.02225000000000E+03, -5.99013571392952E-01, -7.37500000000000E-01, -1.83001130293164E+00,  1.49590000000003E+02,  1.00522651779755E+02,  7.84394658554935E+01
 2.02233333300000E+03, -5.99013571392952E-01, -7.02500000000000E-01, -1.78491555048810E+00,  1.49770000000003E+02,  1.01130353079506E+02,  1.21323443208444E+02
 2.02241666700000E+03,  1.53953795413856E-01,  1.25000000000000E-02, -7.25030987426354E-01,  1.49950000000003E+02,  7.48626341262252E+01,  1.00602698779746E+02
 2.02250000000000E+03,  2.37817244854124E-01,  2.47500000000000E-01, -6.87464502887271E-01,  1.50130000000003E+02,  7.39670318509573E+01,  1.12464535363178E+02
 2.02258333300000E+03,  2.37817244854124E-01,  3.22500000000000E-01, -6.50241021355080E-01,  1.50310000000003E+02,  7.62188445824217E+01,  7.97219519228453E+01
 2.02266666700000E+03,  1.77389202725445E-01,  4.15000000000000E-01, -6.13360814282891E-01,  1.50490000000003E+02,  6.17265420763499E+01,  1.00612986189930E+02
 2.02275000000000E+03,  1.71421337952643E-01,  3.77500000000000E-01, -5.76823694899118E-01,  1.50670000000003E+02,  8.27267756102835E+01,  8.36667981809303E+01
 2.02283333300000E+03,  1.71421337952643E-01,  3.67500000000000E-01, -5.40629017791698E-01,  1.50850000000003E+02,  9.13978922538982E+01,  1.41100164102539E+02
 2.02291666700000E+03,  4.66194475149530E-01,  3.42500000000000E-01,  1.51258195551599E+00,  1.51030000000003E+02,  9.58712544960301E+01,  1.53954444328817E+02
 2.02300000000000E+03,  4.70901563053307E-01,  3.20000000000000E-01,  1.48214057991513E+00,  1.51210000000003E+02,  7.39621397099838E+01,  1.82090076260462E+02
 2.02308333300000E+03,  4.78923485247495E-01,  2.40000000000000E-01,  1.45188872002770E+00,  1.51390000000003E+02,  8.07737127893055E+01,  2.16374649016328E+02
 2.02316666700000E+03,  4.99553606667706E-01,  2.90000000000000E-01,  1.42182319278847E+00,  1.51570000000003E+02,  6.40283338787201E+01,  2.11182536777450E+02
 2.02325000000000E+03,  4.99553606667706E-01,  3.75000000000000E-01,  1.39194045281626E+00,  1.51750000000003E+02,  1.00445429214679E+02,  1.71467812497336E+02
 2.02333333300000E+03,  4.99464918560304E-01,  2.72500000000000E-01,  1.36223659247527E+00,  1.51930000000003E+02,  1.16861134856549E+02,  1.68843887452276E+02
 2.02341666700000E+03, -1.02908381334932E-03,  1.75000000000000E-02,  2.35201752234672E+00,  1.52110000000003E+02,  1.21547971803543E+02,  2.19178278211464E+02
 2.02350000000000E+03, -1.80977151884192E-01, -3.52500000000000E-01,  2.31670800476944E+00,  1.52290000000003E+02,  1.21964254633044E+02,  2.44589868479114E+02
 2.02358333300000E+03, -3.66335417729100E-01, -4.27500000000000E-01,  2.28156325503148E+00,  1.52470000000003E+02,  1.47608774396948E+02,  2.68430141059950E+02
 2.02366666700000E+03, -5.19850880944642E-01, -5.80000000000000E-01,  2.24658711968812E+00,  1.52650000000003E+02,  1.41784480670188E+02,  3.26609714096053E+02
 2.02375000000000E+03, -5.55064368947071E-01, -6.45000000000000E-01,  2.21178330701963E+00,  1.52830000000003E+02,  1.66289173027917E+02,  3.32425081809426E+02
 2.02383333300000E+03, -5.55064368947071E-01, -6.65000000000000E-01,  2.17715537258316E+00,  1.53010000000003E+02,  1.63954537615788E+02,  2.52195087993435E+02
 2.02391666700000E+03, -1.43431375782183E-01, -6.90000000000000E-01,  6.35572476637041E-01,  1.53190000000003E+02,  1.40449164665261E+02,  2.37464476073836E+02
 2.02400000000000E+03, -1.18304249422670E-01, -6.72500000000000E-01,  6.08040335891424E-01,  1.53370000000003E+02,  1.00794488699964E+02,  1.85425473210478E+02
 2.02408333300000E+03, -1.18304249422670E-01, -6.70000000000000E-01,  5.80456900676683E-01,  1.53550000000003E+02,  7.21406061826121E+01,  1.14869670146540E+02
 2.02416666700000E+03, -1.22880030816729E-01, -7.07500000000000E-01,  5.52811208498225E-01,  1.53730000000003E+02,  3.30036586488999E+01,  2.22555133464465E+00
 2.02425000000000E+03, -1.37306464939328E-01, -6.82500000000000E-01,  5.25092266467527E-01,  1.53910000000003E+02,  5.37129908575556E+01,  6.47146222369291E+01
