 1.94800000000000E+03,  1.51202330871829E+00,  9.71000000000000E-01,  1.41537193726579E+00,  1.00000000000000E-02,  5.53717053692192E+03,  1.13484337403717E+03
 1.94808333300000E+03,  8.65573775020690E-01,  2.37075000000000E+00,  1.44056188106401E+00,  1.90000000000000E-01,  9.20477453060850E+02,  1.32660640821952E+03
 1.94816666700000E+03,  6.57994886829594E-01, -1.61250000000000E-01,  1.46582168410375E+00,  3.70000000000000E-01,  2.50977197849380E+04,  3.75002521240201E+04
 1.94825000000000E+03,  9.10785320813382E-01, -2.37225000000000E+00,  1.49114984324376E+00,  5.50000000000000E-01,  2.60817681180646E+04,  4.22171982254111E+04
 1.94833333300000E+03,  1.33174005757185E+00, -2.19175000000000E+00,  1.51654483036480E+00,  7.30000000000000E-01,  2.65787425482431E+04,  4.98282190030914E+04
 1.94841666700000E+03,  1.62566760237082E+00, -1.81500000000000E+00,  1.54200509252885E+00,  9.10000000000000E-01,  2.24695291796259E+04,  3.89868341058038E+04
 1.94850000000000E+03,  1.69794776723660E+00, -9.61500000000000E-01,  1.56752905214210E+00,  1.09000000000000E+00,  7.99017765219448E+03,  2.49813824699747E+04
 1.94858333300000E+03,  1.54142040095024E+00,  2.53000000000000E-01,  1.59311510712133E+00,  1.27000000000000E+00,  5.14857889432774E+03,  2.45269449402057E+04
 1.94866666700000E+03,  1.47732792270476E+00,  3.45750000000000E-01,  7.32352250846829E+00,  1.45000000000000E+00,  4.43183584567704E+03,  1.98487036944646E+04
 1.94875000000000E+03,  1.93848838695127E+00,  1.19000000000000E+00,  7.30599535158791E+00,  1.63000000000000E+00,  3.82085818619087E+03,  1.25732598473756E+04
 1.94883333300000E+03,  2.61841822718222E+00,  2.98175000000000E+00,  7.28833901428992E+00,  1.81000000000000E+00,  6.91841985934509E+03,  1.44079233858750E+04
 1.94891666700000E+03,  3.06887139193520E+00,  3.71275000000000E+00,  7.27055191751419E+00,  1.99000000000000E+00,  6.71918918099398E+03,  7.97440554085686E+03
 1.94900000000000E+03,  3.13534354837746E+00,  4.35525000000000E+00,  7.25263249972816E+00,  2.17000000000000E+00,  8.62016890595562E+03,  6.78942461907521E+03
 1.94908333300000E+03,  2.71345111305885E+00,  3.17825000000000E+00,  7.23457921723038E+00,  2.35000000000000E+00,  9.38073979781723E+03,  1.09533336124203E+04
 1.94916666700000E+03,  1.92807285883062E+00,  3.32250000000000E-01,  7.21639054445163E+00,  2.53000000000000E+00,  1.01909518545199E+04,  1.43694668812264E+04
 1.94925000000000E+03,  1.00438378699735E+00, -8.53250000000000E-01,  7.19806497425365E+00,  2.71000000000000E+00,  7.07118456091901E+03,  1.19766870331094E+04
 1.94933333300000E+03,  1.33839150541658E-01, -1.26625000000000E+00,  7.17960101822549E+00,  2.89000000000000E+00,  7.68014604899023E+03,  1.21191780737102E+04
 1.94941666700000E+03, -5.01542399837536E-01, -1.21800000000000E+00,  7.16099720697734E+00,  3.07000000000000E+00,  4.72710279226289E+03,  1.09820565035758E+04
 1.94950000000000E+03, -7.72226559275912E-01, -2.42000000000000E-01,  7.14225209043185E+00,  3.25000000000000E+00,  2.95201675176980E+03,  7.20484953987163E+03
 1.94958333300000E+03, -3.64642214299810E-01,  2.83250000000000E-01,  7.12336423811287E+00,  3.43000000000000E+00,  2.85378245488470E+03,  4.45823280606818E+03
 1.94966666700000E+03,  6.02527423798075E-01,  9.40750000000000E-01,  9.61787056465729E+00,  3.61000000000000E+00,  2.83547156689065E+03,  4.46547592473674E+03
 1.94975000000000E+03,  1.35481489482992E+00,  1.49375000000000E+00,  9.62759824161189E+00,  3.79000000000000E+00,  2.03566580320019E+03,  3.77909177697066E+03
 1.94983333300000E+03,  1.75060299777459E+00,  1.51600000000000E+00,  9.63695025008650E+00,  3.97000000000000E+00,  1.88413289581606E+03,  2.71360967832363E+03
 1.94991666700000E+03,  2.02432312448965E+00,  2.55900000000000E+00,  9.64592716327117E+00,  4.15000000000000E+00,  4.91199423547917E+03,  4.84603007252012E+03
 1.95000000000000E+03,  2.16466245114919E+00,  2.89475000000000E+00,  9.65452958874143E+00,  4.33000000000000E+00,  4.33956703028477E+03,  3.89067935206316E+03
 1.95008333300000E+03,  2.17760929071115E+00,  2.47225000000000E+00,  9.66275816830822E+00,  4.51000000000000E+00,  6.23666009405055E+03,  8.76182785226351E+03
 1.95016666700000E+03,  2.07364288963972E+00,  2.54550000000000E+00,  9.67061357786403E+00,  4.69000000000000E+00,  9.01367805530554E+03,  1.29670155825533E+04
 1.95025000000000E+03,  1.86478562523589E+00,  2.28700000000000E+00,  9.67809652722514E+00,  4.87000000000000E+00,  8.93754201758874E+03,  1.25115857475662E+04
 1.95033333300000E+03,  1.57268822019147E+00,  1.83975000000000E+00,  9.68520775997004E+00,  5.05000000000000E+00,  2.08467672722773E+04,  3.05689477984873E+04
 1.95041666700000E+03,  1.23555814607075E+00,  9.75750000000000E-01,  9.69194805327406E+00,  5.23000000000000E+00,  2.10439900506242E+04,  3.07484073619989E+04
 1.95050000000000E+03,  9.01512308157425E-01,  2.65000000000000E-02,  9.69831821774019E+00,  5.41000000000000E+00,  2.03321135610725E+04,  2.73566833148168E+04
 1.95058333300000E+03,  2.75346128003147E-01, -1.59500000000000E-01,  9.70431909722614E+00,  5.59000000000000E+00,  1.77488072677434E+04,  2.59170287065591E+04
 1.95066666700000E+03, -5.71832365966585E-01, -6.09000000000000E-01,  9.75056012338908E+00,  5.77000000000000E+00,  1.89313606629033E+04,  2.76886278570899E+04
 1.95075000000000E+03, -9.30058335926658E-01, -1.10675000000000E+00,  9.74987889471008E+00,  5.95000000000000E+00,  5.10572881196378E+03,  9.07227360701952E+03
 1.95083333300000E+03, -8.83949739560515E-01, -7.79750000000000E-01,  9.74885138494469E+00,  6.13000000000000E+00,  5.28531594285894E+03,  8.94623120754965E+03
 1.95091666700000E+03, -8.35078771040404E-01,  2.37500000000000E-02,  9.74747907910677E+00,  6.31000000000000E+00,  5.25678586973209E+03,  1.03000482090451E+04
 1.95100000000000E+03, -7.75535701588276E-01,  1.43425000000000E+00,  9.74576349085734E+00,  6.49000000000000E+00,  4.78516463822848E+03,  7.96965626900569E+03
 1.95108333300000E+03, -6.98242660957442E-01,  2.39025000000000E+00,  9.74370616225394E+00,  6.67000000000000E+00,  3.52472434146579E+03,  6.75270569734353E+03
 1.95116666700000E+03, -6.09154149239167E-01,  1.05100000000000E+00,  9.74130866349688E+00,  6.85000000000000E+00,  2.20704521892632E+03,  4.59073231407042E+03
 1.95125000000000E+03, -5.25902087235474E-01, -1.71750000000000E+00,  9.73857259267245E+00,  7.03000000000000E+00,  2.55509031137868E+03,  5.00696335841046E+03
 1.95133333300000E+03, -4.62551063913918E-01, -2.30225000000000E+00,  9.73549957549320E+00,  7.21000000000000E+00,  1.21697682550584E+03,  3.15994269403470E+03
 1.95141666700000E+03, -4.14505710369879E-01, -1.08875000000000E+00,  9.73209126503516E+00,  7.39000000000000E+00,  2.26649754108969E+03,  3.76026871140937E+03
 1.95150000000000E+03, -3.58346595340291E-01, -6.11750000000000E-01,  9.72834934147218E+00,  7.57000000000000E+00,  2.27891800299565E+03,  3.13932758787353E+03
 1.95158333300000E+03, -2.53615579757326E-01, -8.60000000000000E-01,  9.72427551180736E+00,  7.75000000000000E+00,  3.30181500293459E+03,  4.03317446787602E+03
 1.95166666700000E+03, -1.16507346053758E-01, -8.45500000000000E-01,  2.72557239267232E+00,  7.93000000000000E+00,  2.46983597488735E+03,  4.16014006227229E+03
 1.95175000000000E+03,  1.71832395101931E-02, -5.26250000000000E-01,  2.70976054903459E+00,  8.11000000000000E+00,  3.15319735718957E+03,  3.29086225746957E+03
 1.95183333300000E+03,  1.93870972086734E-01, -6.46000000000000E-01,  2.69384383113952E+00,  8.29000000000000E+00,  2.18989148909666E+03,  2.59751570860638E+03
 1.95191666700000E+03,  4.07526398758955E-01, -8.84250000000000E-01,  2.67782054766409E+00,  8.47000000000000E+00,  2.22146463622068E+03,  2.99139654056828E+03
 1.95200000000000E+03,  5.69913351478095E-01, -2.99000000000000E-01,  2.66168902003782E+00,  8.65000000000000E+00,  1.14567889429804E+03,  2.57291695993168E+03
 1.95208333300000E+03,  6.10930170691436E-01,  1.15200000000000E+00,  2.64544758274767E+00,  8.82999999999999E+00,  1.12172908044477E+03,  1.76622051700218E+03
 1.95216666700000E+03,  4.94139233130843E-01,  9.96000000000000E-01,  2.62909458364113E+00,  9.00999999999999E+00,  9.42954895211181E+02,  2.10913997550665E+03
 1.95225000000000E+03,  2.33649896220078E-01, -2.57250000000000E-01,  2.61262838422785E+00,  9.18999999999999E+00,  1.12134732900412E+03,  2.46999971378558E+03
 1.95233333300000E+03, -9.38223723092491E-02, -1.41750000000000E-01,  2.59604735997933E+00,  9.36999999999999E+00,  1.58860178939512E+03,  4.52705543194815E+03
 1.95241666700000E+03, -3.57068690864083E-01,  6.75000000000001E-03,  2.57934990062696E+00,  9.54999999999999E+00,  1.64802097054922E+03,  5.05755691805807E+03
 1.95250000000000E+03, -4.08437420983320E-01, -6.75000000000003E-03,  2.56253441045822E+00,  9.72999999999999E+00,  1.95698525705814E+03,  7.09771079161971E+03
 1.95258333300000E+03, -4.04352492383812E-02,  4.76250000000000E-01,  2.54559930861100E+00,  9.90999999999999E+00,  1.42317326719566E+03,  6.86648415819054E+03
 1.95266666700000E+03,  3.70276859999598E-01,  6.01750000000000E-01,  6.09606985185032E+00,  1.00900000000000E+01,  1.28553353999359E+03,  6.09747212411883E+03
 1.95275000000000E+03,  3.04501470102450E-01,  7.00000000000000E-01,  6.06938987929920E+00,  1.02700000000000E+01,  7.65657707958122E+02,  4.61262513799791E+03
 1.95283333300000E+03,  3.77889863808515E-01,  1.71000000000000E-01,  6.04252660483527E+00,  1.04500000000000E+01,  9.08792854546915E+02,  5.56745103579835E+03
 1.95291666700000E+03,  1.09747837479947E+00, -4.18250000000000E-01,  6.01547983128775E+00,  1.06300000000000E+01,  9.06485303426463E+02,  5.10668512753432E+03
 1.95300000000000E+03,  2.05273049728345E+00,  2.20025000000000E+00,  5.98824939141742E+00,  1.08100000000000E+01,  1.37715782910584E+03,  5.06422008330908E+03
 1.95308333300000E+03,  2.67782141010351E+00,  4.89125000000000E+00,  5.96083514803324E+00,  1.09900000000000E+01,  1.77989008983771E+03,  7.14176611173586E+03
 1.95316666700000E+03,  2.64341887330932E+00,  2.96300000000000E+00,  5.93323699410500E+00,  1.11700000000000E+01,  2.17309967259197E+03,  6.53188374489392E+03
 1.95325000000000E+03,  2.06830608246205E+00,  1.50000000000001E-02,  5.90545485287169E+00,  1.13500000000000E+01,  2.23230791155485E+03,  5.16614636396157E+03
 1.95333333300000E+03,  1.39484780712459E+00, -1.33000000000000E-01,  5.87748867794590E+00,  1.15300000000000E+01,  2.15773524943602E+03,  3.75790117026082E+03
 1.95341666700000E+03,  1.03572183452779E+00,  7.29500000000000E-01,  5.84933845341414E+00,  1.17100000000000E+01,  1.86361866565281E+03,  3.72188324603037E+03
 1.95350000000000E+03,  1.08412536743734E+00,  5.62250000000000E-01,  5.82100419393282E+00,  1.18900000000000E+01,  1.32178763967260E+03,  3.28831010542967E+03
 1.95358333300000E+03,  9.45315448669286E-01, -3.57500000000000E-02,  5.79248594482034E+00,  1.20700000000000E+01,  1.16196713388649E+03,  4.21169314377019E+03
 1.95366666700000E+03,  5.03220694685626E-01,  1.05500000000000E-01,  2.15858178181286E+00,  1.22500000000000E+01,  8.25472522462633E+02,  3.95556279697975E+03
 1.95375000000000E+03,  5.96382454299617E-01,  4.40750000000000E-01,  2.13864039019163E+00,  1.24300000000000E+01,  1.08715424072915E+03,  3.82707027394152E+03
 1.95383333300000E+03,  1.12128882876139E+00,  1.49725000000000E+00,  2.11854770687942E+00,  1.26100000000000E+01,  9.40315466039076E+02,  4.22129803370424E+03
 1.95391666700000E+03,  1.47441994877107E+00,  2.92475000000000E+00,  2.09830259145828E+00,  1.27900000000000E+01,  1.60168172704072E+03,  3.65942760837010E+03
 1.95400000000000E+03,  1.52651416589531E+00,  2.03175000000000E+00,  2.07790392502100E+00,  1.29700000000000E+01,  1.61208703055064E+03,  2.80384332315817E+03
 1.95408333300000E+03,  1.26165933984909E+00,  3.49750000000000E-01,  2.05735061040411E+00,  1.31500000000000E+01,  2.03020287836099E+03,  2.69216169636835E+03
 1.95416666700000E+03,  8.07871816426948E-01, -1.86000000000000E-01,  2.03664157241823E+00,  1.33300000000000E+01,  1.69886802681332E+03,  2.72087948582670E+03
 1.95425000000000E+03,  3.96551737232990E-01, -2.38500000000000E-01,  2.01577575807543E+00,  1.35100000000000E+01,  1.92270051351836E+03,  2.53537025480540E+03
 1.95433333300000E+03,  2.57887677561961E-01, -2.71750000000000E-01,  1.99475213681382E+00,  1.36900000000000E+01,  1.42987356713568E+03,  1.49019455149606E+03
 1.95441666700000E+03,  4.96994755696446E-01,  5.65000000000000E-02,  1.97356970071913E+00,  1.38700000000000E+01,  1.28092405088820E+03,  1.16355798438620E+03
 1.95450000000000E+03,  1.01786812815339E+00,  8.00750000000000E-01,  1.95222746474348E+00,  1.40500000000000E+01,  1.48639772873277E+03,  9.31781290287199E+02
 1.95458333300000E+03,  1.40327973447966E+00,  1.36075000000000E+00,  1.93072446692106E+00,  1.42300000000000E+01,  1.26936056703996E+03,  2.34501265411876E+03
 1.95466666700000E+03,  1.46304352175183E+00,  1.11375000000000E+00, -7.37707493240151E+00,  1.44100000000000E+01,  1.70890247080176E+03,  3.06274527934450E+03
 1.95475000000000E+03,  1.54453968092592E+00,  2.81500000000000E-01, -7.38635791484710E+00,  1.45900000000000E+01,  1.60068091312470E+03,  3.09862803129384E+03
 1.95483333300000E+03,  1.72964291029125E+00,  1.25250000000000E-01, -7.39524342777525E+00,  1.47700000000000E+01,  2.11254893334352E+03,  3.30960711294592E+03
 1.95491666700000E+03,  1.87799549781260E+00,  9.86500000000000E-01, -7.40373012268720E+00,  1.49500000000000E+01,  1.60410096298229E+03,  3.32998534501188E+03
 1.95500000000000E+03,  1.99740106007360E+00,  3.25950000000000E+00, -7.41181668363256E+00,  1.51300000000000E+01,  2.02450329963199E+03,  3.88767604656404E+03
 1.95508333300000E+03,  2.10215907292094E+00,  5.46250000000000E+00, -7.41950182739368E+00,  1.53100000000000E+01,  1.48736370811194E+03,  3.16935831337708E+03
 1.95516666700000E+03,  2.20178022456792E+00,  4.57375000000000E+00, -7.42678430366655E+00,  1.54900000000000E+01,  1.72851041628876E+03,  3.27117289876437E+03
 1.95525000000000E+03,  2.29760989010494E+00,  2.92950000000000E+00, -7.43366289523803E+00,  1.56700000000000E+01,  1.13801555633283E+03,  2.93868470672880E+03
 1.95533333300000E+03,  2.38936356163885E+00,  2.80625000000000E+00, -7.44013641815959E+00,  1.58500000000000E+01,  1.33549537029702E+03,  3.89730087379064E+03
 1.95541666700000E+03,  2.48170567494026E+00,  2.23425000000000E+00, -7.44620372191738E+00,  1.60300000000000E+01,  1.24677488244888E+03,  2.80689602319839E+03
 1.95550000000000E+03,  2.58089343421046E+00,  1.63000000000000E+00, -7.45186368959871E+00,  1.62100000000000E+01,  1.18373610154143E+03,  2.72498149044305E+03
 1.95558333300000E+03,  2.10785727116964E+00,  1.81950000000000E+00, -7.45711523805483E+00,  1.63900000000000E+01,  1.94031970773103E+03,  3.28615066751740E+03
 1.95566666700000E+03,  1.25852601704414E+00,  2.10875000000000E+00,  2.13854259401217E+00,  1.65700000000000E+01,  1.96066328618576E+03,  3.65767099322998E+03
 1.95575000000000E+03,  1.01629629136283E+00,  2.49575000000000E+00,  2.09548315369967E+00,  1.67500000000000E+01,  1.88662320379478E+03,  3.39530080989931E+03
 1.95583333300000E+03,  7.23481011297231E-01,  1.24450000000000E+00,  2.05217448543100E+00,  1.69300000000000E+01,  1.59516317080202E+03,  2.85660785469669E+03
 1.95591666700000E+03,  2.69965746155618E-01, -1.55150000000000E+00,  2.00861943125495E+00,  1.71100000000000E+01,  2.26301706831260E+03,  3.56235869809907E+03
 1.95600000000000E+03,  6.63490866948402E-01, -6.85000000000000E-01,  1.96482085974413E+00,  1.72900000000000E+01,  1.46654486569736E+03,  3.51000820216373E+03
 1.95608333300000E+03,  1.33359687313167E+00,  3.29625000000000E+00,  1.92078166573229E+00,  1.74700000000000E+01,  1.92811331404771E+03,  3.86485528318618E+03
 1.95616666700000E+03,  8.98441164175122E-01,  4.00475000000000E+00,  1.87650477004852E+00,  1.76500000000000E+01,  2.07336512479497E+03,  3.52247530142006E+03
 1.95625000000000E+03, -4.22341416587078E-01,  1.90450000000000E+00,  1.83199311924834E+00,  1.78300000000000E+01,  2.58837746684114E+03,  5.94656915836088E+03
 1.95633333300000E+03, -9.04760280536058E-01,  1.36450000000000E+00,  1.78724968534183E+00,  1.80100000000000E+01,  2.85398178417146E+03,  6.94190477745091E+03
 1.95641666700000E+03,  4.04628604627628E-02,  2.14675000000000E+00,  1.74227746551864E+00,  1.81900000000000E+01,  3.20016502424156E+03,  6.62215866306524E+03
 1.95650000000000E+03,  1.10179611114244E+00,  2.68375000000000E+00,  1.69707948187010E+00,  1.83700000000000E+01,  3.21620913404700E+03,  7.04253561779071E+03
 1.95658333300000E+03,  1.35910014885273E+00,  2.21825000000000E+00,  1.65165878110833E+00,  1.85500000000000E+01,  2.84614215223060E+03,  6.63778458547935E+03
 1.95666666700000E+03,  1.33308251808350E+00,  1.57475000000000E+00,  4.33038159168231E+00,  1.87300000000000E+01,  2.63544113934589E+03,  3.97837642792249E+03
 1.95675000000000E+03,  1.39898296766545E+00,  2.84275000000000E+00,  4.31447534552755E+00,  1.89100000000000E+01,  2.02173028128855E+03,  3.49199866558651E+03
 1.95683333300000E+03,  1.27390105286003E+00,  4.94125000000000E+00,  4.29866011728203E+00,  1.90900000000000E+01,  1.54314198706181E+03,  3.85602658523319E+03
 1.95691666700000E+03,  8.73694699610957E-01,  4.78100000000000E+00,  4.28293489128950E+00,  1.92700000000000E+01,  1.46661038978183E+03,  4.73629361229904E+03
 1.95700000000000E+03,  3.61782607429238E-01,  1.18425000000000E+00,  4.26729862969033E+00,  1.94500000000000E+01,  2.00391477467523E+03,  4.92878101821442E+03
 1.95708333300000E+03, -1.91992358971830E-01, -1.71975000000000E+00,  4.25175027263002E+00,  1.96300000000000E+01,  1.78238513062647E+03,  4.66863977193730E+03
 1.95716666700000E+03, -7.80719801303839E-01, -1.30250000000000E+00,  4.23628873847079E+00,  1.98100000000000E+01,  1.73177186619094E+03,  3.85831448061859E+03
 1.95725000000000E+03, -1.27107210888015E+00, -1.57300000000000E+00,  4.22091292400623E+00,  1.99900000000000E+01,  2.08116628966621E+03,  3.69338398901861E+03
 1.95733333300000E+03, -1.42797605397273E+00, -2.55175000000000E+00,  4.20562170467890E+00,  2.01700000000000E+01,  2.04196303819432E+03,  3.28901692586308E+03
 1.95741666700000E+03, -1.16201908962899E+00, -1.29725000000000E+00,  4.19041393480093E+00,  2.03500000000000E+01,  1.49081450690994E+03,  3.88952516368033E+03
 1.95750000000000E+03, -6.03876441259583E-01,  4.40750000000000E-01,  4.17528844777749E+00,  2.05300000000000E+01,  1.40522372020728E+03,  4.17163370233965E+03
 1.95758333300000E+03, -6.09638187706136E-02, -1.66500000000000E-01,  4.16024405633325E+00,  2.07100000000000E+01,  1.47361016097042E+03,  5.88613742780979E+03
 1.95766666700000E+03,  2.10143099003916E-01, -2.34775000000000E+00, -6.94467860350739E+00,  2.08900000000000E+01,  1.75769432499521E+03,  5.57054316497794E+03
 1.95775000000000E+03,  1.92318185188057E-01, -2.18525000000000E+00, -6.96471977454339E+00,  2.10700000000000E+01,  1.76854116811033E+03,  5.01542046775054E+03
 1.95783333300000E+03, -1.17765767405929E-01, -2.11000000000000E-01, -6.98441551509626E+00,  2.12500000000000E+01,  2.04234345574778E+03,  5.68545031681292E+03
 1.95791666700000E+03, -6.82285164190831E-01, -3.85000000000000E-01, -7.00376363119002E+00,  2.14300000000000E+01,  2.72070064328727E+03,  6.88638155978399E+03
 1.95800000000000E+03, -1.30551656372649E+00, -3.98850000000000E+00, -7.02276195465956E+00,  2.16100000000000E+01,  2.35695822781939E+03,  4.61774499125550E+03
 1.95808333300000E+03, -1.76389232949715E+00, -7.53075000000000E+00, -7.04140834342577E+00,  2.17900000000000E+01,  2.69628086633790E+03,  5.38098652005333E+03
 1.95816666700000E+03, -1.89888315181059E+00, -5.62700000000000E+00, -7.05970068176796E+00,  2.19700000000000E+01,  2.24326431916051E+03,  4.36150306499097E+03
 1.95825000000000E+03, -1.67076906293569E+00, -2.44375000000000E+00, -7.07763688059353E+00,  2.21500000000000E+01,  2.45884439972584E+03,  3.32285333010199E+03
 1.95833333300000E+03, -1.15628799816913E+00, -2.33275000000000E+00, -7.09521487770490E+00,  2.23300000000000E+01,  1.84479453249582E+03,  2.21971412653171E+03
 1.95841666700000E+03, -5.05609704310058E-01, -1.77775000000000E+00, -7.11243263806349E+00,  2.25100000000000E+01,  2.34906954112125E+03,  3.40238378077142E+03
 1.95850000000000E+03,  1.11304827065786E-01, -4.11500000000000E-01, -7.12928815405102E+00,  2.26900000000000E+01,  1.33775748231670E+03,  3.34454498479578E+03
 1.95858333300000E+03,  4.63424640713470E-02,  4.21750000000000E-01, -7.14577944572776E+00,  2.28700000000000E+01,  1.95118632159702E+03,  4.52418730709896E+03
 1.95866666700000E+03, -6.34812945746353E-01,  4.52750000000000E-01, -7.31514691882368E+00,  2.30500000000000E+01,  1.56597507010595E+03,  5.05695151851086E+03
 1.95875000000000E+03, -7.42510794549453E-01,  4.46500000000000E-01, -7.32671759491497E+00,  2.32300000000000E+01,  1.51347694605408E+03,  4.74082232741999E+03
 1.95883333300000E+03, -3.19752148508469E-01,  7.08250000000000E-01, -7.33789929713581E+00,  2.34100000000000E+01,  2.54600731691673E+03,  6.44429580862370E+03
 1.95891666700000E+03,  3.05111120611479E-02,  1.00500000000000E-01, -7.34869049116656E+00,  2.35900000000000E+01,  2.46329087892351E+03,  5.55067942340209E+03
 1.95900000000000E+03,  3.20291530345083E-01, -1.03125000000000E+00, -7.35908967409219E+00,  2.37700000000000E+01,  2.18975209209427E+03,  4.45456051807630E+03
 1.95908333300000E+03,  5.74039537458166E-01, -5.27500000000001E-02, -7.36909537460683E+00,  2.39500000000000E+01,  2.08910389313733E+03,  3.79093637136635E+03
 1.95916666700000E+03,  8.05637919248380E-01,  1.78975000000000E+00, -7.37870615321497E+00,  2.41300000000000E+01,  2.22338001345756E+03,  4.32447194418824E+03
 1.95925000000000E+03,  1.01130772777372E+00,  1.07350000000000E+00, -7.38792060242912E+00,  2.43100000000000E+01,  6.83918280993797E+02,  1.87328734633975E+03
 1.95933333300000E+03,  1.18088028985784E+00,  8.65000000000000E-02, -7.39673734696417E+00,  2.44900000000000E+01,  1.01214858422101E+03,  1.77647196267069E+03
 1.95941666700000E+03,  1.31354091450321E+00, -3.01500000000000E-01, -7.40515504392816E+00,  2.46700000000000E+01,  1.28005098946415E+03,  1.63454250238069E+03
 1.95950000000000E+03,  1.42189459373668E+00, -6.28750000000000E-01, -7.41317238300958E+00,  2.48500000000000E+01,  1.28026919520702E+03,  2.12389678362974E+03
 1.95958333300000E+03,  1.23995682439377E+00,  8.10000000000001E-02, -7.42078808666115E+00,  2.50300000000000E+01,  1.87412947731323E+03,  1.93150273178646E+03
 1.95966666700000E+03,  1.11889130422328E+00,  8.43750000000000E-01, -3.41677778411341E+00,  2.52100000000000E+01,  2.05359694224314E+03,  1.42175607099540E+03
 1.95975000000000E+03,  1.37692660760579E+00,  1.16150000000000E+00, -3.45749927942743E+00,  2.53900000000000E+01,  2.05895208707482E+03,  1.54536573594614E+03
 1.95983333300000E+03,  8.26669034459171E-01,  1.70025000000000E+00, -3.49818748482288E+00,  2.55700000000000E+01,  1.51623831844484E+03,  1.89471703457533E+03
 1.95991666700000E+03, -4.99678362198808E-01,  1.13150000000000E+00, -3.53883936889922E+00,  2.57500000000000E+01,  1.60089318408867E+03,  1.38798428295732E+03
 1.96000000000000E+03, -1.07024284714979E+00,  3.72000000000000E-01, -3.57945188960438E+00,  2.59300000000000E+01,  8.14731843928475E+02,  1.32554236680098E+03
 1.96008333300000E+03, -6.68243582633490E-01,  1.09125000000000E+00, -3.62002199456725E+00,  2.61100000000000E+01,  5.73331914418719E+02,  1.28843366617829E+03
 1.96016666700000E+03, -3.53089349008171E-01,  1.46675000000000E+00, -3.66054662143191E+00,  2.62900000000000E+01,  2.67874310139072E+02,  2.35088434714548E+03
 1.96025000000000E+03, -6.85279497859735E-01,  1.23550000000000E+00, -3.70102269819355E+00,  2.64700000000000E+01,  3.70759820571305E+02,  3.42227121625573E+03
 1.96033333300000E+03, -9.71845330462172E-01,  7.05750000000000E-01, -3.74144714353596E+00,  2.66500000000000E+01,  3.20449929496964E+02,  3.29301392437259E+03
 1.96041666700000E+03, -4.69473428807117E-01,  4.27500000000000E-02, -3.78181686717072E+00,  2.68300000000000E+01,  6.06924020311407E+02,  3.00851867752290E+03
 1.96050000000000E+03,  5.43681949287243E-01,  2.46000000000000E-01, -3.82212877017779E+00,  2.70100000000000E+01,  8.49028456140952E+02,  3.09952654991992E+03
 1.96058333300000E+03,  5.79924439930131E-01,  1.21300000000000E+00, -3.86237974534778E+00,  2.71900000000000E+01,  8.88445282943166E+02,  2.03270506220586E+03
 1.96066666700000E+03, -4.75126417110185E-01,  1.50400000000000E+00,  2.55705562969472E+00,  2.73700000000000E+01,  7.42259459623227E+02,  9.49061065396277E+02
 1.96075000000000E+03, -7.44212739737479E-01,  5.63500000000000E-01,  2.54008140147859E+00,  2.75500000000000E+01,  1.06257592137239E+03,  9.81015266662307E+02
 1.96083333300000E+03, -1.09591354375210E-01,  3.43750000000000E-01,  2.52298549141051E+00,  2.77300000000000E+01,  8.92739708984825E+02,  1.61115744560909E+03
 1.96091666700000E+03,  6.22039958929536E-01,  3.96250000000000E-01,  2.50576635427171E+00,  2.79100000000000E+01,  1.47580957250652E+03,  3.57389933485231E+03
 1.96100000000000E+03,  1.40909401534586E+00,  1.29000000000000E+00,  2.48842246065851E+00,  2.80900000000000E+01,  2.76053868486459E+03,  4.38233144653674E+03
 1.96108333300000E+03,  2.06697852247102E+00,  2.94425000000000E+00,  2.47095229726826E+00,  2.82700000000000E+01,  3.08451601988043E+03,  4.32196598609169E+03
 1.96116666700000E+03,  2.31938908943454E+00,  2.17025000000000E+00,  2.45335436718315E+00,  2.84500000000000E+01,  3.18731679192000E+03,  4.83229663719951E+03
 1.96125000000000E+03,  2.01454226542893E+00,  1.56450000000000E+00,  2.43562719015197E+00,  2.86300000000000E+01,  3.82846183372487E+03,  4.19234463349960E+03
 1.96133333300000E+03,  1.23636487054645E+00,  1.51575000000000E+00,  2.41776930286972E+00,  2.88100000000000E+01,  3.08599629603691E+03,  2.39340071547657E+03
 1.96141666700000E+03,  2.01243310630353E-01,  5.20500000000000E-01,  2.39977925925502E+00,  2.89900000000000E+01,  1.79075887617779E+03,  1.86153070267560E+03
 1.96150000000000E+03, -8.80968879620016E-01,  4.86500000000000E-01,  2.38165563072542E+00,  2.91700000000000E+01,  1.45762491225591E+03,  1.61688670015852E+03
 1.96158333300000E+03, -7.38908024241933E-01,  1.14400000000000E+00,  2.36339700647032E+00,  2.93500000000000E+01,  1.05892678981950E+03,  1.49754944748842E+03
 1.96166666700000E+03,  9.70456510452109E-01,  1.67900000000000E+00,  8.84531299439433E-01,  2.95300000000000E+01,  1.06938174155465E+03,  4.76108923666779E+03
 1.96175000000000E+03,  2.22940027725598E+00,  1.49300000000000E+00,  8.55632007744400E-01,  2.97100000000000E+01,  9.85163905584247E+02,  4.50527637101418E+03
 1.96183333300000E+03,  2.48953172307857E+00,  1.38925000000000E+00,  8.26555092067318E-01,  2.98900000000000E+01,  1.10947348535010E+03,  4.58584379296653E+03
 1.96191666700000E+03,  2.16650767031351E+00,  3.42825000000000E+00,  7.97300787992686E-01,  3.00700000000000E+01,  1.93776972223041E+03,  4.92817301391738E+03
 1.96200000000000E+03,  1.11151136050669E+00,  3.29650000000000E+00,  7.67869360457191E-01,  3.02500000000000E+01,  2.06918138179719E+03,  5.08669434496774E+03
 1.96208333300000E+03, -2.28049107753336E-01, -2.81250000000000E-01,  7.38261103801710E-01,  3.04300000000000E+01,  1.90979385156890E+03,  2.67113371790745E+03
 1.96216666700000E+03, -1.04209447283006E+00, -4.82000000000000E-01,  7.08476341819415E-01,  3.06100000000000E+01,  2.22682261077003E+03,  2.77073698538418E+03
 1.96225000000000E+03, -7.56115930046318E-01,  1.92725000000000E+00,  6.78515427799990E-01,  3.07900000000000E+01,  3.00511328805889E+03,  2.87567868100957E+03
 1.96233333300000E+03,  4.94733291689266E-01,  2.51025000000000E+00,  6.48378744569941E-01,  3.09700000000000E+01,  2.31926837962793E+03,  3.52160525826033E+03
 1.96241666700000E+03,  1.94230701908374E+00,  2.11450000000000E+00,  6.18066704528996E-01,  3.11500000000000E+01,  2.18726099938240E+03,  3.20332069596397E+03
 1.96250000000000E+03,  2.77449410518745E+00,  1.66075000000000E+00,  5.87579749682598E-01,  3.13300000000000E+01,  1.57123543831592E+03,  2.41787194615741E+03
 1.96258333300000E+03,  2.14394323477007E+00,  1.04825000000000E+00,  5.56918351670461E-01,  3.15100000000000E+01,  1.27628937957590E+03,  2.98755638648257E+03
 1.96266666700000E+03,  3.40547461206528E-01,  7.51250000000000E-01, -3.42104664900913E-02,  3.16900000000000E+01,  4.97604146544715E+02,  2.39322004173790E+03
 1.96275000000000E+03, -8.18784269669367E-01,  1.18125000000000E+00, -6.81047978912361E-02,  3.18700000000000E+01,  3.95309080221578E+02,  2.41939736672064E+03
 1.96283333300000E+03, -8.05473069476228E-01,  1.40425000000000E+00, -1.02157583286546E-01,  3.20500000000000E+01,  8.24191173697625E+02,  3.66954737843827E+03
 1.96291666700000E+03, -4.69292640493182E-01,  9.49500000000000E-01, -1.36367720341656E-01,  3.22300000000000E+01,  9.82604875140225E+02,  4.04030945668876E+03
 1.96300000000000E+03, -3.00395117180066E-01,  2.41000000000000E-01, -1.70734077476087E-01,  3.24100000000000E+01,  1.11007363058441E+03,  3.86219535288509E+03
 1.96308333300000E+03, -1.90768255163475E-01, -4.03750000000000E-01, -2.05255493926597E-01,  3.25900000000000E+01,  9.46433019093040E+02,  4.14975193289468E+03
 1.96316666700000E+03,  2.44509765758080E-01, -9.07500000000000E-02, -2.39930779814464E-01,  3.27700000000000E+01,  1.14893030660396E+03,  3.86620069875329E+03
 1.96325000000000E+03,  9.63369660711891E-01,  1.97750000000000E-01, -2.74758716216673E-01,  3.29500000000000E+01,  6.43607079937901E+02,  2.48810352238561E+03
 1.96333333300000E+03,  1.40446202913591E+00,  3.19000000000000E-01, -3.09738055240992E-01,  3.31300000000000E+01,  1.18419519556749E+03,  2.87716913037075E+03
 1.96341666700000E+03,  1.20007806458271E+00,  1.62000000000000E-01, -3.44867520104975E-01,  3.33100000000000E+01,  1.01460774683816E+03,  3.12877594105255E+03
 1.96350000000000E+03,  7.72616450783161E-01, -1.30250000000000E-01, -3.80145805218818E-01,  3.34900000000000E+01,  1.09640111533342E+03,  2.80159016090099E+03
 1.96358333300000E+03,  3.71801909747962E-01, -5.75750000000000E-01, -4.15571576272127E-01,  3.36700000000000E+01,  2.14136453982369E+03,  2.80912921432259E+03
 1.96366666700000E+03, -1.48658338455377E-01, -2.07600000000000E+00,  9.21581322461273E+00,  3.38500000000000E+01,  2.84069921836971E+03,  4.83452904275962E+03
 1.96375000000000E+03, -3.57662772352847E-01, -2.60850000000000E+00,  9.19853287744745E+00,  3.40300000000000E+01,  2.66141882796849E+03,  5.12299060313727E+03
 1.96383333300000E+03, -2.74560773290736E-02, -1.73475000000000E+00,  9.18102774247474E+00,  3.42100000000000E+01,  2.66978743446805E+03,  4.80806192591349E+03
 1.96391666700000E+03,  5.82060404667008E-01,  3.41750000000000E-01,  9.16330046050644E+00,  3.43900000000000E+01,  2.63828144343205E+03,  7.16711023975796E+03
 1.96400000000000E+03,  1.27390256006722E+00,  3.43600000000000E+00,  9.14535368299735E+00,  3.45700000000000E+01,  1.64172277123377E+03,  8.49952619480327E+03
 1.96408333300000E+03,  1.86563545501436E+00,  4.89225000000000E+00,  9.12719007168274E+00,  3.47500000000000E+01,  1.40734196268286E+03,  8.00046676697253E+03
 1.96416666700000E+03,  2.21619146900306E+00,  4.43425000000000E+00,  9.10881229821499E+00,  3.49300000000000E+01,  8.89768808933478E+02,  1.03546083418728E+04
 1.96425000000000E+03,  2.22960107523850E+00,  3.73400000000000E+00,  9.09022304379964E+00,  3.51100000000000E+01,  1.07988265381338E+03,  1.15823166378237E+04
 1.96433333300000E+03,  1.89894381900793E+00,  2.48350000000000E+00,  9.07142499883086E+00,  3.52900000000000E+01,  1.37282949752550E+03,  9.60496166593602E+03
 1.96441666700000E+03,  1.37487300842838E+00,  1.26950000000000E+00,  9.05242086252626E+00,  3.54700000000000E+01,  1.49734459670682E+03,  1.22518032617125E+04
 1.96450000000000E+03,  9.59394672431211E-01,  9.85000000000000E-01,  9.03321334256130E+00,  3.56500000000000E+01,  1.15956220289692E+03,  1.07658636148092E+04
 1.96458333300000E+03,  4.40294271785886E-01,  1.63725000000000E+00,  9.01380515470310E+00,  3.58300000000000E+01,  1.59206484601171E+03,  7.62191895289900E+03
 1.96466666700000E+03, -2.21968767052266E-01,  2.05825000000000E+00,  9.62287275238167E+00,  3.60100000000000E+01,  1.66752082249785E+03,  7.13291324356978E+03
 1.96475000000000E+03, -3.24109616837523E-01,  1.12275000000000E+00,  9.63240899692320E+00,  3.61900000000000E+01,  1.62154134856670E+03,  6.83829226260139E+03
 1.96483333300000E+03, -7.11614152456538E-03,  4.21750000000000E-01,  9.64156986065796E+00,  3.63700000000000E+01,  1.40087655504671E+03,  2.76774031155718E+03
 1.96491666700000E+03,  2.30678161559447E-01,  5.56500000000000E-01,  9.65035593431025E+00,  3.65500000000000E+01,  1.39409872668247E+03,  4.07272004302658E+03
 1.96500000000000E+03,  3.81503380864415E-01,  1.91975000000000E+00,  9.65876784291385E+00,  3.67300000000000E+01,  1.21504814876009E+03,  4.05099602204667E+03
 1.96508333300000E+03,  4.40778314666656E-01,  2.91400000000000E+00,  9.66680624566009E+00,  3.69100000000000E+01,  9.45349843939288E+02,  3.93814246197084E+03
 1.96516666700000E+03,  3.98652793052860E-01,  6.22500000000000E-01,  9.67447183574196E+00,  3.70900000000000E+01,  8.97777338193942E+02,  4.44810841254307E+03
 1.96525000000000E+03,  2.44865241074709E-01, -6.23750000000000E-01,  9.68176534019439E+00,  3.72700000000000E+01,  1.39114396354641E+03,  4.13501129205310E+03
 1.96533333300000E+03, -1.47100191035960E-02,  8.89750000000000E-01,  9.68868751973079E+00,  3.74500000000000E+01,  1.70949168077255E+03,  2.87255476547552E+03
 1.96541666700000E+03, -3.45281728503537E-01,  3.33250000000000E-01,  9.69523916857567E+00,  3.76300000000000E+01,  1.48329317752511E+03,  2.56781675385128E+03
 1.96550000000000E+03, -6.88995194470639E-01, -1.12400000000000E+00,  9.70142111429360E+00,  3.78100000000000E+01,  2.29389914505969E+03,  4.67942821286678E+03
 1.96558333300000E+03, -9.50589558035989E-01, -1.06425000000000E+00,  9.70723421761434E+00,  3.79900000000000E+01,  2.09136416029648E+03,  5.49364445237868E+03
 1.96566666700000E+03, -1.18591600998355E+00, -6.37500000000000E-01,  7.73107077992943E+00,  3.81700000000000E+01,  1.72416179318717E+03,  5.71534556602446E+03
 1.96575000000000E+03, -1.44959631139453E+00, -2.33975000000000E+00,  7.70486499719066E+00,  3.83500000000000E+01,  1.95841079620822E+03,  6.33569589144187E+03
 1.96583333300000E+03, -1.50823631798889E+00, -4.34550000000000E+00,  7.67861361653451E+00,  3.85300000000000E+01,  2.08355117443689E+03,  7.97809684997891E+03
 1.96591666700000E+03, -1.34120536954987E+00, -2.59175000000000E+00,  7.65231921061675E+00,  3.87100000000000E+01,  2.47810441709932E+03,  5.32713730290969E+03
 1.96600000000000E+03, -1.22827473387397E+00, -2.34000000000000E-01,  7.62598433955621E+00,  3.88900000000000E+01,  2.75957317648425E+03,  4.01422994410279E+03
 1.96608333300000E+03, -1.30641482391152E+00,  3.78250000000000E-01,  7.59961155062254E+00,  3.90700000000000E+01,  2.59615893338946E+03,  4.78157692596235E+03
 1.96616666700000E+03, -1.46799920365109E+00,  7.47500000000000E-02,  7.57320337792624E+00,  3.92500000000000E+01,  2.00927694634218E+03,  4.00519233672331E+03
 1.96625000000000E+03, -1.47606200176968E+00, -8.28000000000000E-01,  7.54676234211093E+00,  3.94299999999999E+01,  1.86716340809150E+03,  2.52322320502831E+03
 1.96633333300000E+03, -1.19636934485116E+00, -1.19775000000000E+00,  7.52029095004784E+00,  3.96099999999999E+01,  9.46112002048784E+02,  2.24825348050724E+03
 1.96641666700000E+03, -7.51121657899443E-01, -7.26750000000000E-01,  7.49379169453272E+00,  3.97899999999999E+01,  6.85760112429188E+02,  2.97334629893007E+03
 1.96650000000000E+03, -4.57475727893132E-01, -1.15000000000000E-01,  7.46726705398494E+00,  3.99699999999999E+01,  1.07396309439120E+03,  4.86752066860732E+03
 1.96658333300000E+03, -5.52943833781585E-01, -6.75000000000000E-02,  7.44071949214914E+00,  4.01499999999999E+01,  1.18069150535456E+03,  4.73304722926895E+03
 1.96666666700000E+03, -8.88797304938933E-01, -3.40000000000000E-02,  4.98286863775443E+00,  4.03299999999999E+01,  1.16435298722117E+03,  4.70298617746248E+03
 1.96675000000000E+03, -1.05136421866306E+00, -3.69500000000000E-01,  4.96314045340864E+00,  4.05099999999999E+01,  1.64474373102742E+03,  5.23939239876268E+03
 1.96683333300000E+03, -8.01952405995786E-01, -1.37700000000000E+00,  4.94352362510854E+00,  4.06899999999999E+01,  1.57048911810585E+03,  5.23506330312559E+03
 1.96691666700000E+03, -1.82660594304709E-01, -3.96750000000000E-01,  4.92401806513521E+00,  4.08699999999999E+01,  1.04380403475760E+03,  2.60936840503167E+03
 1.96700000000000E+03,  6.08869692034130E-01,  2.62900000000000E+00,  4.90462365825302E+00,  4.10499999999999E+01,  2.07156335779152E+03,  4.54065728752293E+03
 1.96708333300000E+03,  1.30169278537871E+00,  3.43450000000000E+00,  4.88534026178985E+00,  4.12299999999999E+01,  2.16073269840779E+03,  4.52535737240780E+03
 1.96716666700000E+03,  1.64277952495000E+00,  9.26000000000000E-01,  4.86616770572126E+00,  4.14099999999999E+01,  1.98635025845209E+03,  5.85991863691010E+03
 1.96725000000000E+03,  1.47698911067117E+00, -1.27500000000000E-01,  4.84710579275832E+00,  4.15899999999999E+01,  2.15932471466150E+03,  8.50632975000822E+03
 1.96733333300000E+03,  7.92435536544685E-01,  6.30000000000000E-01,  4.82815429843939E+00,  4.17699999999999E+01,  2.46878024942746E+03,  8.17358277739041E+03
 1.96741666700000E+03, -2.80762235501867E-01,  5.34500000000000E-01,  4.80931297122557E+00,  4.19499999999999E+01,  1.50742900075201E+03,  8.54718795390474E+03
 1.96750000000000E+03, -1.51540520483431E+00,  4.64750000000000E-01,  4.79058153260004E+00,  4.21299999999999E+01,  3.62172464538797E+03,  1.46056107066651E+04
 1.96758333300000E+03, -1.68152947812079E+00, -3.45250000000000E-01,  4.77195967717104E+00,  4.23099999999999E+01,  3.06779182947972E+03,  1.40723138405856E+04
 1.96766666700000E+03, -4.81590417151435E-01, -1.00000000000000E+00,  1.42250070290938E+01,  4.24899999999999E+01,  3.12727947452288E+03,  1.27728741213366E+04
 1.96775000000000E+03,  2.55201987250844E-01, -9.51750000000000E-01,  1.42106674565216E+01,  4.26699999999999E+01,  2.91533492043652E+03,  1.28499854662498E+04
 1.96783333300000E+03,  3.14469123091213E-01, -1.10975000000000E+00,  1.41960618757609E+01,  4.28499999999999E+01,  3.56967209594965E+03,  1.45495704371201E+04
 1.96791666700000E+03,  5.08665737101901E-01,  2.29000000000000E-01,  1.41811928727546E+01,  4.30299999999999E+01,  2.22114196929821E+03,  1.01943349354640E+04
 1.96800000000000E+03,  8.17096078236185E-01,  2.09500000000000E-01,  1.41660630496788E+01,  4.32099999999999E+01,  2.19137949915651E+03,  1.00417220050421E+04
 1.96808333300000E+03,  1.17406393952509E+00, -1.64200000000000E+00,  1.41506750245650E+01,  4.33899999999999E+01,  1.98210377229847E+03,  8.13829548012596E+03
 1.96816666700000E+03,  1.47423458641144E+00, -3.60250000000000E-01,  1.41350314309225E+01,  4.35699999999999E+01,  2.30776047313439E+03,  9.16352188042931E+03
 1.96825000000000E+03,  1.60235849289552E+00,  1.78325000000000E+00,  1.41191349173579E+01,  4.37499999999999E+01,  2.41167214614477E+03,  6.88983346359922E+03
 1.96833333300000E+03,  1.48033003670845E+00,  1.53800000000000E+00,  1.41029881471946E+01,  4.39299999999999E+01,  1.55759726383072E+03,  6.62127262396406E+03
 1.96841666700000E+03,  1.10814230033642E+00,  1.16700000000000E+00,  1.40865937980898E+01,  4.41099999999999E+01,  2.01618042842054E+03,  5.88782805773312E+03
 1.96850000000000E+03,  5.74929600131815E-01,  1.11650000000000E+00,  1.40699545616516E+01,  4.42899999999999E+01,  2.38322196738827E+03,  5.93881060885925E+03
 1.96858333300000E+03,  3.80909903020185E-01,  5.48250000000000E-01,  1.40530731430534E+01,  4.44699999999999E+01,  2.10657723110884E+03,  5.02200827270260E+03
 1.96866666700000E+03,  6.87513834374349E-01,  3.10000000000000E-02,  5.28643165859094E+00,  4.46499999999999E+01,  1.81334856590006E+03,  5.47628368019252E+03
 1.96875000000000E+03,  7.48060661630234E-01, -3.06750000000000E-01,  5.24600427533398E+00,  4.48299999999999E+01,  1.95344113010339E+03,  4.17807410478392E+03
 1.96883333300000E+03,  2.67931010513320E-01, -8.56750000000000E-01,  5.20568751913508E+00,  4.50099999999999E+01,  2.13560498397232E+03,  4.95285508350383E+03
 1.96891666700000E+03, -3.17257816185172E-01, -2.54100000000000E+00,  5.16548488569750E+00,  4.51899999999999E+01,  2.04289015534029E+03,  6.49796855267709E+03
 1.96900000000000E+03, -4.28683510312671E-01, -4.81650000000000E+00,  5.12539987384124E+00,  4.53699999999999E+01,  2.00180871021056E+03,  7.21242432727542E+03
 1.96908333300000E+03, -5.79430749156605E-03, -3.96625000000000E+00,  5.08543598508224E+00,  4.55499999999999E+01,  1.50938784194379E+03,  5.23616277505355E+03
 1.96916666700000E+03,  1.87665433376251E-01, -9.77250000000000E-01,  5.04559672321044E+00,  4.57299999999999E+01,  1.51915363106628E+03,  5.05902064169032E+03
 1.96925000000000E+03, -2.54571741877697E-01, -7.46250000000000E-01,  5.00588559386721E+00,  4.59099999999999E+01,  2.06553013307520E+03,  5.82635119204767E+03
 1.96933333300000E+03, -6.02693129752110E-01, -1.92175000000000E+00,  4.96630610412189E+00,  4.60899999999999E+01,  1.98570290852632E+03,  4.87055091795329E+03
 1.96941666700000E+03, -3.11699670245783E-02, -1.49825000000000E+00,  4.92686176204752E+00,  4.62699999999999E+01,  1.91161020010043E+03,  3.74220628350764E+03
 1.96950000000000E+03,  9.62108123628455E-01, -4.64750000000000E-01,  4.88755607629600E+00,  4.64499999999999E+01,  2.33585927214225E+03,  4.93899690378651E+03
 1.96958333300000E+03,  1.25344911544069E+00, -3.70500000000000E-01,  4.84839255567257E+00,  4.66299999999999E+01,  2.31577332124354E+03,  5.06849139777042E+03
 1.96966666700000E+03,  7.84912420012874E-01, -8.01500000000000E-01,  1.32954080785877E+01,  4.68099999999999E+01,  1.19207377596019E+03,  2.82571308787697E+03
 1.96975000000000E+03,  2.01855573408517E-01, -1.17000000000000E+00,  1.32819146416855E+01,  4.69899999999999E+01,  1.23409010916977E+03,  6.82340448404707E+03
 1.96983333300000E+03, -2.30301393407189E-01, -1.51250000000000E+00,  1.32684489783026E+01,  4.71699999999999E+01,  1.32937644294181E+03,  7.35508360075477E+03
 1.96991666700000E+03, -4.80098292291313E-01, -2.55600000000000E+00,  1.32550091451706E+01,  4.73499999999999E+01,  9.04953874564765E+02,  6.89577682790155E+03
 1.97000000000000E+03, -4.87827020892211E-01, -3.90975000000000E+00,  1.32415931875441E+01,  4.75299999999999E+01,  8.55628128637215E+02,  7.12774839516316E+03
 1.97008333300000E+03, -2.78694172872807E-01, -2.67375000000000E+00,  1.32281991395648E+01,  4.77099999999999E+01,  1.35986690379640E+03,  7.18933592277968E+03
 1.97016666700000E+03,  6.74481591701173E-03,  9.85250000000000E-01,  1.32148250246270E+01,  4.78899999999999E+01,  1.21798219321253E+03,  4.35160196018806E+03
 1.97025000000000E+03,  2.35686815116625E-01,  3.17250000000000E+00,  1.32014688557454E+01,  4.80699999999999E+01,  1.70762271794443E+03,  4.17499580859557E+03
 1.97033333300000E+03,  3.83786636150202E-01,  2.35275000000000E+00,  1.31881286359239E+01,  4.82499999999999E+01,  1.85679799185656E+03,  3.14867410121366E+03
 1.97041666700000E+03,  4.67856207582438E-01,  5.88750000000000E-01,  1.31748023585260E+01,  4.84299999999999E+01,  1.85063034671789E+03,  3.34614515473796E+03
 1.97050000000000E+03,  4.26772718601631E-01, -2.40000000000000E-02,  1.31614880076470E+01,  4.86099999999999E+01,  1.50519334394268E+03,  4.05346317440107E+03
 1.97058333300000E+03,  4.88032813787035E-01,  7.15500000000000E-01,  1.31481835584874E+01,  4.87899999999999E+01,  1.50955905248194E+03,  2.03969185425892E+03
 1.97066666700000E+03,  8.94742359114615E-01,  1.18400000000000E+00,  1.29094894928473E+01,  4.89699999999999E+01,  1.12439098774070E+03,  2.90399478011962E+03
 1.97075000000000E+03,  1.36008524632940E+00, -2.69750000000000E-01,  1.28959826929460E+01,  4.91499999999999E+01,  9.02533568280303E+02,  5.06724151807269E+03
 1.97083333300000E+03,  1.76271042199748E+00, -1.26900000000000E+00,  1.28824442434904E+01,  4.93299999999999E+01,  9.13300750260871E+02,  6.56781575479684E+03
 1.97091666700000E+03,  2.19794268355066E+00,  1.05300000000000E+00,  1.28688720211662E+01,  4.95099999999999E+01,  1.39553523374983E+03,  6.57913612281465E+03
 1.97100000000000E+03,  2.60786915248930E+00,  4.63875000000000E+00,  1.28552639021883E+01,  4.96899999999999E+01,  1.75290688591826E+03,  7.37934707498343E+03
 1.97108333300000E+03,  2.92004236986680E+00,  5.89850000000000E+00,  1.28416177626924E+01,  4.98699999999999E+01,  2.41335366860985E+03,  7.07684546661098E+03
 1.97116666700000E+03,  3.05096023024363E+00,  4.38425000000000E+00,  1.28279314791257E+01,  5.00499999999999E+01,  3.52084353335566E+03,  5.31399639147938E+03
 1.97125000000000E+03,  2.92423538670141E+00,  2.73500000000000E+00,  1.28142029286384E+01,  5.02299999999999E+01,  3.63102690601617E+03,  3.24620256644278E+03
 1.97133333300000E+03,  2.50030728710315E+00,  1.78275000000000E+00,  1.28004299894757E+01,  5.04099999999999E+01,  3.11767026719951E+03,  2.81587399124491E+03
 1.97141666700000E+03,  1.80045283628096E+00,  1.03975000000000E+00,  1.27866105413681E+01,  5.05899999999999E+01,  3.08187570010898E+03,  2.43848527540168E+03
 1.97150000000000E+03,  9.08085026346439E-01,  5.76000000000000E-01,  1.27727424659234E+01,  5.07699999999999E+01,  2.44314300252029E+03,  1.42700931781847E+03
 1.97158333300000E+03,  2.09883247319542E-01,  2.64000000000000E-01,  1.27588236470175E+01,  5.09499999999999E+01,  1.27867880803191E+03,  1.30588252791486E+03
 1.97166666700000E+03,  1.50948240505338E-01,  1.20125000000000E+00,  1.38212103264062E+01,  5.11299999999999E+01,  1.26727483042613E+03,  2.18150964753722E+03
 1.97175000000000E+03,  7.96461468893973E-01,  2.79500000000000E+00,  1.37832279931819E+01,  5.13099999999999E+01,  1.11283576517496E+03,  2.14338582780090E+03
 1.97183333300000E+03,  1.81260333894070E+00,  3.07900000000000E+00,  1.37450953574918E+01,  5.14899999999999E+01,  1.21824188376758E+03,  4.81786101811831E+03
 1.97191666700000E+03,  2.36379627605806E+00,  3.13125000000000E+00,  1.37068142118687E+01,  5.16699999999999E+01,  2.46012161906714E+03,  9.43665155355559E+03
 1.97200000000000E+03,  2.00975343887779E+00,  3.11825000000000E+00,  1.36683863821453E+01,  5.18499999999999E+01,  2.89191618487069E+03,  9.88753321906118E+03
 1.97208333300000E+03,  1.28967038685334E+00,  2.12400000000000E+00,  1.36298137272968E+01,  5.20299999999999E+01,  3.27442946075926E+03,  9.89039088047279E+03
 1.97216666700000E+03,  7.10448500067078E-01,  1.19400000000000E+00,  1.35910981392781E+01,  5.22099999999999E+01,  3.36295597562985E+03,  9.74628671146527E+03
 1.97225000000000E+03,  1.29970112361918E-01,  1.08750000000000E-01,  1.35522415428570E+01,  5.23899999999999E+01,  3.01310274223793E+03,  6.60654995917157E+03
 1.97233333300000E+03, -5.71950199152494E-01, -9.77000000000000E-01,  1.35132458954415E+01,  5.25699999999999E+01,  1.49526099668127E+03,  2.41415979354260E+03
 1.97241666700000E+03, -8.05434300065446E-01, -1.37075000000000E+00,  1.34741131869030E+01,  5.27499999999999E+01,  2.42882647858675E+03,  2.87730970660362E+03
 1.97250000000000E+03,  5.03137688619978E-02, -1.56650000000000E+00,  1.34348454393939E+01,  5.29299999999999E+01,  2.76116722183520E+03,  1.99589718773845E+03
 1.97258333300000E+03,  3.04692936572245E-01, -1.39725000000000E+00,  1.33954447071612E+01,  5.31099999999999E+01,  3.05156520942990E+03,  2.37711440114457E+03
 1.97266666700000E+03, -1.25029670358439E+00, -1.31600000000000E+00,  1.70363697437903E+01,  5.32899999999999E+01,  2.92183776510746E+03,  2.58633815723884E+03
 1.97275000000000E+03, -2.50957157361650E+00, -1.65100000000000E+00,  1.70190569151382E+01,  5.34699999999999E+01,  3.36126334510046E+03,  2.60543385058536E+03
 1.97283333300000E+03, -2.77202002928436E+00, -1.26475000000000E+00,  1.70016170902645E+01,  5.36499999999999E+01,  1.88658797223739E+03,  1.61492310540478E+03
 1.97291666700000E+03, -2.80251237193316E+00, -9.88250000000000E-01,  1.69840484353377E+01,  5.38299999999999E+01,  1.91941737447274E+03,  3.29769767906891E+03
 1.97300000000000E+03, -2.52281149774794E+00, -3.26975000000000E+00,  1.69663491342412E+01,  5.40099999999999E+01,  1.76092636306265E+03,  3.51764528366344E+03
 1.97308333300000E+03, -1.85873523412808E+00, -4.04150000000000E+00,  1.69485173889408E+01,  5.41899999999999E+01,  1.92713937568943E+03,  3.34538146229247E+03
 1.97316666700000E+03, -8.66024322378723E-01,  1.57750000000000E-01,  1.69305514198501E+01,  5.43699999999999E+01,  2.13782812807506E+03,  3.24330676200715E+03
 1.97325000000000E+03,  2.27877629250490E-01,  2.52325000000000E+00,  1.69124494661931E+01,  5.45499999999999E+01,  2.71634584514511E+03,  6.85063457643520E+03
 1.97333333300000E+03,  1.14793370072307E+00,  1.54325000000000E+00,  1.68942097863642E+01,  5.47299999999999E+01,  2.57129178854089E+03,  7.85396278741075E+03
 1.97341666700000E+03,  1.71910523309048E+00,  1.30700000000000E+00,  1.68758306582857E+01,  5.49099999999999E+01,  2.35774414749599E+03,  8.51765163992698E+03
 1.97350000000000E+03,  1.87458627891965E+00,  1.54225000000000E+00,  1.68573103797622E+01,  5.50899999999999E+01,  2.25248879453660E+03,  9.85637430107672E+03
 1.97358333300000E+03,  1.54009008972339E+00,  1.60000000000000E+00,  1.68386472688328E+01,  5.52699999999999E+01,  1.68536345952055E+03,  9.56504316595783E+03
 1.97366666700000E+03,  9.85472266631388E-01,  1.39675000000000E+00,  1.87199400207350E+01,  5.54499999999999E+01,  1.12007570844589E+03,  6.30646868928789E+03
 1.97375000000000E+03,  5.68269508681935E-01,  1.17700000000000E+00,  1.87424236625526E+01,  5.56299999999999E+01,  4.58717604397800E+02,  4.11193051658975E+03
 1.97383333300000E+03,  6.14099308442980E-02,  9.00000000000000E-01,  1.87645086114460E+01,  5.58099999999999E+01,  1.18078807924422E+03,  3.22356479060046E+03
 1.97391666700000E+03, -6.09171125746143E-01,  6.19000000000000E-01,  1.87861942335154E+01,  5.59899999999999E+01,  1.40978270109706E+03,  2.66181610077443E+03
 1.97400000000000E+03, -1.11072874330167E+00,  1.91175000000000E+00,  1.88074799366698E+01,  5.61699999999999E+01,  1.64814191730758E+03,  3.19319572676532E+03
 1.97408333300000E+03, -1.24376216514300E+00,  2.66375000000000E+00,  1.88283651706069E+01,  5.63499999999999E+01,  1.90920315959467E+03,  3.15913885778521E+03
 1.97416666700000E+03, -1.01814017944977E+00,  1.45200000000000E+00,  1.88488494267871E+01,  5.65299999999999E+01,  2.36217905423250E+03,  2.57762941037108E+03
 1.97425000000000E+03, -6.18934077590471E-01,  1.82050000000000E+00,  1.88689322384025E+01,  5.67099999999999E+01,  2.63704794761754E+03,  2.58624547882694E+03
 1.97433333300000E+03, -2.95208284678682E-01,  2.01725000000000E+00,  1.88886131803412E+01,  5.68899999999999E+01,  2.42735696788918E+03,  1.77089164029554E+03
 1.97441666700000E+03, -2.39007736375468E-01,  7.35250000000000E-01,  1.89078918691452E+01,  5.70699999999999E+01,  2.33885626185562E+03,  1.51818930628260E+03
 1.97450000000000E+03, -5.14478277921110E-01,  3.92000000000000E-01,  1.89267679629649E+01,  5.72499999999999E+01,  2.63227824546767E+03,  1.34941944123406E+03
 1.97458333300000E+03, -4.51831423212926E-01,  3.73500000000000E-01,  1.89452411615069E+01,  5.74299999999999E+01,  2.60167826899051E+03,  2.94843888252320E+03
 1.97466666700000E+03,  2.99366518641033E-01,  6.65000000000000E-01,  6.96647132142075E+00,  5.76099999999999E+01,  1.60022172502655E+03,  2.38277028732298E+03
 1.97475000000000E+03,  8.35522662359064E-01,  1.52775000000000E+00,  6.96095594271780E+00,  5.77899999999999E+01,  2.01289908683906E+03,  3.10799161530207E+03
 1.97483333300000E+03,  9.47034383780792E-01,  2.37650000000000E+00,  6.95588916866011E+00,  5.79699999999999E+01,  1.97500401933086E+03,  3.05855656195711E+03
 1.97491666700000E+03,  1.02957016102649E+00,  3.66225000000000E+00,  6.95127216418023E+00,  5.81499999999999E+01,  1.47310952572879E+03,  3.05154458040414E+03
 1.97500000000000E+03,  1.11733343163805E+00,  3.27075000000000E+00,  6.94710605311912E+00,  5.83299999999999E+01,  1.83929780127179E+03,  2.27171692865268E+03
 1.97508333300000E+03,  1.23222026320006E+00,  7.39250000000000E-01,  6.94339191804023E+00,  5.85099999999999E+01,  2.02247899972006E+03,  3.33499814887597E+03
 1.97516666700000E+03,  1.36603382388148E+00,  5.01750000000000E-01,  6.94013080004836E+00,  5.86899999999999E+01,  1.59175257722670E+03,  3.29978097626117E+03
 1.97525000000000E+03,  1.48483583264211E+00,  1.86925000000000E+00,  6.93732369861358E+00,  5.88699999999999E+01,  3.52741431510392E+03,  6.61814034066957E+03
 1.97533333300000E+03,  1.55270145969079E+00,  1.65725000000000E+00,  6.93497157140006E+00,  5.90499999999999E+01,  3.96951141483749E+03,  6.56761335577972E+03
 1.97541666700000E+03,  1.55607129818305E+00,  1.06800000000000E+00,  6.93307533409995E+00,  5.92299999999999E+01,  3.06641152362804E+03,  5.90724089345664E+03
 1.97550000000000E+03,  1.50997413495849E+00,  1.42325000000000E+00,  6.93163586027225E+00,  5.94099999999999E+01,  2.84536903755132E+03,  6.10125508891211E+03
 1.97558333300000E+03,  1.92084801275623E+00,  2.33625000000000E+00,  6.93065398118677E+00,  5.95899999999999E+01,  2.98291910568936E+03,  5.86335177223510E+03
 1.97566666700000E+03,  2.67319898630825E+00,  2.60850000000000E+00,  1.97745184534721E+01,  5.97699999999999E+01,  1.27686290110161E+03,  2.89918434201841E+03
 1.97575000000000E+03,  2.71294809175314E+00,  2.54525000000000E+00,  1.97517997546392E+01,  5.99499999999999E+01,  1.02114092250040E+03,  5.01751663576003E+03
 1.97583333300000E+03,  2.27658034144028E+00,  3.36100000000000E+00,  1.97291995029608E+01,  6.01299999999999E+01,  1.36979104069016E+03,  4.90885579781515E+03
 1.97591666700000E+03,  2.06826302950850E+00,  4.68300000000000E+00,  1.97067181734405E+01,  6.03099999999999E+01,  1.60345306060996E+03,  4.27490597038218E+03
 1.97600000000000E+03,  2.04301941737288E+00,  4.74275000000000E+00,  1.96843562071620E+01,  6.04899999999999E+01,  1.78431511572171E+03,  4.10425088555781E+03
 1.97608333300000E+03,  2.02875726845663E+00,  3.88850000000000E+00,  1.96621140113019E+01,  6.06699999999999E+01,  2.10954476819577E+03,  6.69037475622780E+03
 1.97616666700000E+03,  1.84205455696526E+00,  2.61700000000000E+00,  1.96399919591473E+01,  6.08499999999999E+01,  3.04568019126361E+03,  6.24308883102523E+03
 1.97625000000000E+03,  1.40190805450303E+00,  4.13000000000000E-01,  1.96179903901188E+01,  6.10299999999999E+01,  2.75189532342113E+03,  6.43982562842114E+03
 1.97633333300000E+03,  7.79860928518676E-01, -4.77000000000000E-01,  1.95961096097988E+01,  6.12099999999999E+01,  2.56311903411907E+03,  6.45757686801753E+03
 1.97641666700000E+03,  1.59182088997673E-01, -5.62750000000000E-01,  1.95743498899647E+01,  6.13899999999999E+01,  2.13825305856490E+03,  7.18866661890351E+03
 1.97650000000000E+03, -2.73479045002048E-01, -9.44250000000000E-01,  1.95527114686279E+01,  6.15699999999999E+01,  1.75982932532236E+03,  4.49554780807726E+03
 1.97658333300000E+03, -2.95123573574036E-01, -1.08350000000000E+00,  1.95311945500770E+01,  6.17499999999999E+01,  1.01766169536219E+03,  2.54925129816902E+03
 1.97666666700000E+03,  1.22435010373551E-01, -8.57250000000000E-01,  2.37898552605046E+01,  6.19299999999999E+01,  1.11290688939821E+03,  3.08885395553364E+03
 1.97675000000000E+03,  6.67866585716190E-01, -4.72500000000000E-02,  2.37742025939648E+01,  6.21099999999999E+01,  1.39074279601081E+03,  2.94287293728809E+03
 1.97683333300000E+03,  1.16859989223545E+00,  3.66750000000000E-01,  2.37582764870127E+01,  6.22899999999999E+01,  1.89942759449796E+03,  2.61135258205076E+03
 1.97691666700000E+03,  1.60006134389976E+00,  3.97000000000000E-01,  2.37420798247352E+01,  6.24699999999999E+01,  1.71368661408060E+03,  2.37861179025458E+03
 1.97700000000000E+03,  1.87247720694543E+00,  1.47475000000000E+00,  2.37256155091239E+01,  6.26499999999999E+01,  1.79278682307498E+03,  4.35804292569916E+03
 1.97708333300000E+03,  1.91591126659568E+00,  3.49025000000000E+00,  2.37088864586324E+01,  6.28299999999999E+01,  2.73969767382396E+03,  3.72449432503605E+03
 1.97716666700000E+03,  1.70734409754657E+00,  3.50700000000000E+00,  2.36918956077313E+01,  6.30099999999999E+01,  2.44698773275941E+03,  3.39180695614065E+03
 1.97725000000000E+03,  1.29391888623016E+00,  1.15850000000000E+00,  2.36746459064623E+01,  6.31899999999999E+01,  3.40748101419208E+03,  4.64798850193774E+03
 1.97733333300000E+03,  7.99044709921201E-01, -3.25000000000000E-01,  2.36571403199912E+01,  6.33699999999999E+01,  4.46534911141481E+03,  6.69309814406855E+03
 1.97741666700000E+03,  3.95603040633880E-01,  1.09000000000000E-01,  2.36393818281587E+01,  6.35499999999999E+01,  3.99111311401135E+03,  5.04762305116159E+03
 1.97750000000000E+03,  2.44090793994055E-01,  6.67500000000000E-02,  2.36213734250306E+01,  6.37299999999999E+01,  3.32601701914101E+03,  5.94965313387567E+03
 1.97758333300000E+03,  5.38427207910402E-01, -1.29700000000000E+00,  2.36031181184469E+01,  6.39099999999999E+01,  3.30831241559089E+03,  5.78037907095784E+03
 1.97766666700000E+03,  1.08601438186548E+00, -1.68725000000000E+00,  8.03362265158216E+00,  6.40899999999999E+01,  4.27791253096271E+03,  7.64685576931649E+03
 1.97775000000000E+03,  1.12189937533309E+00, -7.29250000000000E-01,  8.00492529681556E+00,  6.42699999999999E+01,  3.07867086634512E+03,  6.10146441338680E+03
 1.97783333300000E+03,  2.92647416742132E-01, -1.61000000000000E+00,  7.97654312561300E+00,  6.44499999999999E+01,  3.06559733841379E+03,  5.79171669158417E+03
 1.97791666700000E+03, -9.79106542216281E-01, -5.13975000000000E+00,  7.94847924736107E+00,  6.46299999999999E+01,  2.64874313025544E+03,  4.78934409767521E+03
 1.97800000000000E+03, -1.98727146448673E+00, -7.12725000000000E+00,  7.92073674897600E+00,  6.48099999999999E+01,  2.65939929337995E+03,  5.23306963131305E+03
 1.97808333300000E+03, -2.19737758593960E+00, -6.53675000000000E+00,  7.89331869449129E+00,  6.49900000000000E+01,  7.78757084723883E+02,  2.89077913806622E+03
 1.97816666700000E+03, -1.60562583722746E+00, -5.00050000000000E+00,  7.86622812464772E+00,  6.51700000000000E+01,  8.96842794834568E+02,  2.45404224328636E+03
 1.97825000000000E+03, -7.06286475158166E-01, -1.74575000000000E+00,  7.83946805648583E+00,  6.53500000000000E+01,  2.08576289761027E+03,  5.49532305596265E+03
 1.97833333300000E+03, -1.24405641300931E-01,  1.75400000000000E+00,  7.81304148294100E+00,  6.55300000000000E+01,  2.35856291815528E+03,  5.50171695856111E+03
 1.97841666700000E+03, -2.05112448610908E-01,  2.74500000000000E+00,  7.78695137244117E+00,  6.57100000000000E+01,  2.33334178769711E+03,  5.56335816932534E+03
 1.97850000000000E+03, -8.43080789236805E-01,  2.10100000000000E+00,  7.76120066850713E+00,  6.58900000000000E+01,  2.16590591688130E+03,  4.35396824979326E+03
 1.97858333300000E+03, -1.46758995481703E+00,  1.55075000000000E+00,  7.73579228935557E+00,  6.60700000000000E+01,  2.66722986779506E+03,  4.54816732497367E+03
 1.97866666700000E+03, -1.49969204013179E+00,  1.22125000000000E+00,  1.59308181653489E+01,  6.62500000000000E+01,  1.69801268723860E+03,  2.09427529352327E+03
 1.97875000000000E+03, -1.13722130055876E+00,  9.91750000000000E-01,  1.59836573745087E+01,  6.64300000000000E+01,  1.62886750906275E+03,  2.68658739218057E+03
 1.97883333300000E+03, -7.49364952183262E-01,  1.09325000000000E+00,  1.60366511460078E+01,  6.66100000000000E+01,  1.71769887086732E+03,  2.88401156230773E+03
 1.97891666700000E+03, -5.37268293915960E-01,  2.77000000000000E-01,  1.60897949775072E+01,  6.67900000000000E+01,  1.44175257928818E+03,  3.07138304287670E+03
 1.97900000000000E+03, -1.12096852611479E+00, -1.06350000000000E+00,  1.61430843538745E+01,  6.69700000000000E+01,  1.07102573549823E+03,  3.05153760099719E+03
 1.97908333300000E+03, -1.91069247857852E+00, -1.16000000000000E+00,  1.61965147476901E+01,  6.71500000000000E+01,  8.29405733308253E+02,  3.42578419760570E+03
 1.97916666700000E+03, -1.20684461107126E+00, -1.21000000000000E+00,  1.62500816197535E+01,  6.73300000000000E+01,  6.32264727048042E+02,  3.47649058967049E+03
 1.97925000000000E+03,  2.66750270026633E-01, -1.06300000000000E+00,  1.63037804195916E+01,  6.75100000000000E+01,  7.36074518155271E+02,  2.96408547619131E+03
 1.97933333300000E+03,  2.92339603564621E-01,  1.75750000000000E-01,  1.63576065859684E+01,  6.76900000000001E+01,  1.06638092266124E+03,  3.99100001299876E+03
 1.97941666700000E+03, -6.71488471624793E-01,  4.58000000000000E-01,  1.64115555473956E+01,  6.78700000000001E+01,  1.10382575426470E+03,  3.58290692695367E+03
 1.97950000000000E+03, -9.57299782511661E-01, -9.06750000000000E-01,  1.64656227226444E+01,  6.80500000000001E+01,  1.14212508491351E+03,  2.99794721714648E+03
 1.97958333300000E+03, -1.16299203110902E+00, -1.44000000000000E+00,  1.65198035212582E+01,  6.82300000000001E+01,  1.45339403649233E+03,  4.58171998777673E+03
 1.97966666700000E+03, -1.94392242011223E+00, -1.59600000000000E+00,  2.41406039531568E+01,  6.84100000000001E+01,  1.56513447883749E+03,  5.66161932175423E+03
 1.97975000000000E+03, -2.46597921225670E+00, -2.28575000000000E+00,  2.41451294655267E+01,  6.85900000000001E+01,  1.81906787859613E+03,  5.81109909865560E+03
 1.97983333300000E+03, -2.59698597577858E+00, -2.71700000000000E+00,  2.41492565726220E+01,  6.87700000000001E+01,  2.36557303244585E+03,  7.97428800406234E+03
 1.97991666700000E+03, -2.70912953746359E+00, -3.72325000000000E+00,  2.41529864867616E+01,  6.89500000000001E+01,  2.47748816170017E+03,  9.25407062508505E+03
 1.98000000000000E+03, -2.86106540373922E+00, -5.73775000000000E+00,  2.41563204583880E+01,  6.91300000000001E+01,  2.55021497654260E+03,  7.72077995637231E+03
 1.98008333300000E+03, -3.00143653402520E+00, -5.20200000000000E+00,  2.41592597758118E+01,  6.93100000000001E+01,  2.79064329134848E+03,  8.24942254570052E+03
 1.98016666700000E+03, -2.98554209422186E+00, -1.44525000000000E+00,  2.41618057649505E+01,  6.94900000000001E+01,  2.26139580062983E+03,  7.00395867076509E+03
 1.98025000000000E+03, -2.89812896733727E+00,  1.70250000000000E-01,  2.41639597890634E+01,  6.96700000000001E+01,  1.66094388379036E+03,  7.64605117874892E+03
 1.98033333300000E+03, -2.95663967865347E+00,  3.16250000000000E-01,  2.41657232484820E+01,  6.98500000000001E+01,  1.77951044008664E+03,  7.51909309197316E+03
 1.98041666700000E+03, -3.11751859605364E+00,  5.68250000000000E-01,  2.41670975803359E+01,  7.00300000000001E+01,  2.71238819402677E+03,  7.47378907822464E+03
 1.98050000000000E+03, -3.21182162830519E+00, -2.23500000000000E-01,  2.41680842582736E+01,  7.02100000000002E+01,  2.49902049913868E+03,  6.92999882676220E+03
 1.98058333300000E+03, -2.25031544660113E+00, -8.62500000000000E-01,  2.41686847921801E+01,  7.03900000000002E+01,  3.36210813624592E+03,  7.27652304883431E+03
 1.98066666700000E+03, -3.55708731830979E-01, -7.72500000000000E-01,  2.22081635516982E+01,  7.05700000000002E+01,  5.51799522542283E+03,  6.15445486664632E+03
 1.98075000000000E+03,  3.75625032964574E-01,  2.92250000000000E-01,  2.21929989188274E+01,  7.07500000000002E+01,  6.99372055164006E+03,  5.46405895393473E+03
 1.98083333300000E+03, -4.92944379260530E-02,  7.40500000000000E-01,  2.21777507660387E+01,  7.09300000000002E+01,  5.92590087448174E+03,  5.04847273042818E+03
 1.98091666700000E+03, -5.34739488018735E-01, -1.47725000000000E+00,  2.21624168634911E+01,  7.11100000000002E+01,  5.66887952474457E+03,  4.31028530730576E+03
 1.98100000000000E+03, -9.69975347789730E-01, -3.05275000000000E+00,  2.21469949906211E+01,  7.12900000000002E+01,  5.47118379970417E+03,  6.86891445119379E+03
 1.98108333300000E+03, -1.26880154557497E+00, -2.15550000000000E+00,  2.21314829365841E+01,  7.14700000000002E+01,  3.55050525689894E+03,  5.74538592298318E+03
 1.98116666700000E+03, -1.40103628038956E+00, -1.03075000000000E+00,  2.21158785006939E+01,  7.16500000000002E+01,  2.16145253866365E+03,  4.98625610608168E+03
 1.98125000000000E+03, -1.39846262539536E+00,  2.36250000000000E-01,  2.21001794928619E+01,  7.18300000000002E+01,  2.67024728262792E+03,  7.77220900497512E+03
 1.98133333300000E+03, -1.33267881472497E+00,  9.18000000000000E-01,  2.20843837340338E+01,  7.20100000000002E+01,  2.92762025823233E+03,  9.15626891678307E+03
 1.98141666700000E+03, -1.28060292666095E+00,  8.91750000000000E-01,  2.20684890566256E+01,  7.21900000000002E+01,  2.32146906712058E+03,  6.31804869288253E+03
 1.98150000000000E+03, -1.29781878459785E+00,  5.55750000000000E-01,  2.20524933049575E+01,  7.23700000000002E+01,  1.90902185676693E+03,  5.99013385520219E+03
 1.98158333300000E+03, -7.46025524035604E-01,  2.01750000000000E-01,  2.20363943356863E+01,  7.25500000000002E+01,  1.82290758456890E+03,  7.77254269476587E+03
 1.98166666700000E+03, -7.73593404166925E-03,  2.50000000000000E-01,  1.85003948628203E+01,  7.27300000000002E+01,  1.50463397632051E+03,  5.91254911835852E+03
 1.98175000000000E+03, -8.65477102054605E-01, -8.52500000000000E-01,  1.85555226203980E+01,  7.29100000000003E+01,  1.45931994699283E+03,  4.66039436225743E+03
 1.98183333300000E+03, -2.10984077783091E+00, -2.00800000000000E+00,  1.86105883747094E+01,  7.30900000000003E+01,  1.22642223287124E+03,  5.47131778177607E+03
 1.98191666700000E+03, -1.46615461523761E+00, -9.68750000000000E-01,  1.86655875778270E+01,  7.32700000000003E+01,  1.45991317459160E+03,  5.94121748068252E+03
 1.98200000000000E+03, -2.85004596449629E-01,  2.69250000000000E-01,  1.87205156931419E+01,  7.34500000000003E+01,  1.34285621910385E+03,  4.04544641307469E+03
 1.98208333300000E+03, -5.14406605443362E-01, -1.11550000000000E+00,  1.87753681958614E+01,  7.36300000000003E+01,  1.30807211996119E+03,  4.64768532030788E+03
 1.98216666700000E+03, -1.15672672470761E+00, -3.00400000000000E+00,  1.88301405735064E+01,  7.38100000000003E+01,  1.20110175818374E+03,  4.46890860274798E+03
 1.98225000000000E+03, -1.18980514966151E+00, -2.33825000000000E+00,  1.88848283264055E+01,  7.39900000000003E+01,  2.47231147131120E+03,  5.51950909333624E+03
 1.98233333300000E+03, -1.67422953248136E+00, -1.51675000000000E+00,  1.89394269681887E+01,  7.41700000000003E+01,  2.67599008103349E+03,  5.14393779888659E+03
 1.98241666700000E+03, -2.80568119680095E+00, -1.83250000000000E+00,  1.89939320262773E+01,  7.43500000000003E+01,  2.78197262270846E+03,  6.58581954802917E+03
 1.98250000000000E+03, -3.55660698134561E+00, -1.30700000000000E+00,  1.90483390423743E+01,  7.45300000000003E+01,  2.45639007313668E+03,  5.41432681472632E+03
 1.98258333300000E+03, -2.73095595923542E+00, -8.29750000000000E-01,  1.91026435729498E+01,  7.47100000000003E+01,  2.33567354742358E+03,  5.59541014235793E+03
 1.98266666700000E+03, -8.82014346216507E-01, -1.48900000000000E+00,  2.11304979032742E+01,  7.48900000000003E+01,  1.05912576129627E+03,  4.48474245598799E+03
 1.98275000000000E+03, -5.89085716127231E-01, -3.12175000000000E+00,  2.11072907960116E+01,  7.50700000000003E+01,  9.54770229752256E+02,  4.36330828102123E+03
 1.98283333300000E+03, -1.78786136320654E+00, -4.49000000000000E+00,  2.10838990660171E+01,  7.52500000000003E+01,  1.14863821468588E+03,  3.94272773469348E+03
 1.98291666700000E+03, -2.90191104497175E+00, -5.43975000000000E+00,  2.10603216795871E+01,  7.54300000000003E+01,  1.12753315697177E+03,  3.58015534091473E+03
 1.98300000000000E+03, -3.57993374592174E+00, -8.20975000000000E+00,  2.10365576337543E+01,  7.56100000000004E+01,  1.11395400796611E+03,  3.62890539440829E+03
 1.98308333300000E+03, -3.66355633391268E+00, -1.10310000000000E+01,  2.10126059565536E+01,  7.57900000000004E+01,  1.55237484012124E+03,  5.88813584027098E+03
 1.98316666700000E+03, -3.04502422411185E+00, -1.00262500000000E+01,  2.09884657072829E+01,  7.59700000000004E+01,  1.25884383374402E+03,  5.66031792280855E+03
 1.98325000000000E+03, -1.94162724082537E+00, -5.51375000000000E+00,  2.09641359767603E+01,  7.61500000000004E+01,  1.30080962011773E+03,  5.30808306270323E+03
 1.98333333300000E+03, -9.10663431574613E-01, -1.36900000000000E+00,  2.09396158875753E+01,  7.63300000000004E+01,  1.53949230212778E+03,  6.28676544489306E+03
 1.98341666700000E+03, -3.25851555016929E-01,  2.18750000000000E-01,  2.09149045943371E+01,  7.65100000000004E+01,  1.78537731686108E+03,  6.10920836354328E+03
 1.98350000000000E+03, -1.76903206657864E-01,  9.15000000000000E-02,  2.08900012839164E+01,  7.66900000000004E+01,  1.41466975160888E+03,  2.67029339445622E+03
 1.98358333300000E+03, -3.48899842209160E-01, -5.17250000000000E-01,  2.08649051756835E+01,  7.68700000000004E+01,  1.65567061553609E+03,  3.70656513711966E+03
 1.98366666700000E+03, -5.21046187869545E-01, -7.61500000000000E-01,  1.31435024889445E+01,  7.70500000000004E+01,  1.94462674584088E+03,  3.25385143005546E+03
 1.98375000000000E+03, -6.04880836184501E-01, -1.52200000000000E+00,  1.31789580671187E+01,  7.72300000000004E+01,  1.90830851163260E+03,  2.00580250466442E+03
 1.98383333300000E+03, -9.74359828986187E-01, -3.11075000000000E+00,  1.32148018309935E+01,  7.74100000000004E+01,  1.68501593207379E+03,  2.02069999085948E+03
 1.98391666700000E+03, -1.22111552584317E+00, -1.90525000000000E+00,  1.32510309450226E+01,  7.75900000000004E+01,  1.64736009919158E+03,  2.64772773147888E+03
 1.98400000000000E+03, -5.38804382943756E-01,  1.86225000000000E+00,  1.32876425348993E+01,  7.77700000000004E+01,  1.32137888213137E+03,  3.07320182584621E+03
 1.98408333300000E+03,  7.56011304842638E-01,  2.88700000000000E+00,  1.33246336878617E+01,  7.79500000000004E+01,  5.90085198540665E+02,  3.70002038106331E+03
 1.98416666700000E+03,  1.41631599483018E+00,  1.82125000000000E+00,  1.33620014530020E+01,  7.81300000000005E+01,  3.35564912248956E+02,  5.55339481120658E+03
 1.98425000000000E+03,  6.94394758665272E-01,  1.49875000000000E+00,  1.33997428415810E+01,  7.83100000000005E+01,  3.33937029202794E+02,  7.02126877392684E+03
 1.98433333300000E+03, -7.44339814577512E-01,  1.45150000000000E+00,  1.34378548273474E+01,  7.84900000000005E+01,  3.02200246641462E+02,  6.39810641258096E+03
 1.98441666700000E+03, -1.61423531893267E+00,  7.79250000000000E-01,  1.34763343468615E+01,  7.86700000000005E+01,  3.51133956087440E+02,  5.19652387925741E+03
 1.98450000000000E+03, -1.45710584058943E+00,  5.37500000000000E-02,  1.35151782998236E+01,  7.88500000000005E+01,  3.41359227003311E+02,  4.97576266461803E+03
 1.98458333300000E+03, -1.18191695774631E+00,  3.98250000000000E-01,  1.35543835494071E+01,  7.90300000000005E+01,  5.58991162038053E+02,  3.93147672715895E+03
 1.98466666700000E+03, -1.59726539492579E+00,  9.86750000000000E-01,  1.75438092233364E+01,  7.92100000000005E+01,  6.41704261921686E+02,  3.07663427069671E+03
 1.98475000000000E+03, -2.01130249237207E+00,  3.48250000000000E-01,  1.75154463528984E+01,  7.93900000000005E+01,  7.74313095195514E+02,  3.79759296252181E+03
 1.98483333300000E+03, -1.56919181045423E+00, -9.15500000000000E-01,  1.74874295285037E+01,  7.95700000000005E+01,  6.65172369188517E+02,  3.43339110702884E+03
 1.98491666700000E+03, -4.11711403578409E-01, -6.39750000000000E-01,  1.74597620541532E+01,  7.97500000000005E+01,  7.01514922928255E+02,  3.79096988488959E+03
 1.98500000000000E+03,  8.36726668080462E-01,  1.73175000000000E+00,  1.74324472069078E+01,  7.99300000000005E+01,  5.82546633773093E+02,  3.39371822906784E+03
 1.98508333300000E+03,  1.59796187221767E+00,  4.20125000000000E+00,  1.74054882364218E+01,  8.01100000000005E+01,  5.08485208248029E+02,  3.32008318196783E+03
 1.98516666700000E+03,  1.65012056596653E+00,  3.92500000000000E+00,  1.73788883644791E+01,  8.02900000000005E+01,  4.89573149345834E+02,  2.71651963918028E+03
 1.98525000000000E+03,  1.21028318632357E+00,  2.03050000000000E+00,  1.73526507845326E+01,  8.04700000000005E+01,  7.54204557564857E+02,  3.28833239040011E+03
 1.98533333300000E+03,  7.29322902264580E-01,  6.11500000000000E-01,  1.73267786612468E+01,  8.06500000000005E+01,  7.89409796885098E+02,  2.62419034234044E+03
 1.98541666700000E+03,  5.31538129759658E-01, -5.67750000000000E-01,  1.73012751300441E+01,  8.08300000000006E+01,  1.17906732541153E+03,  3.50554774078062E+03
 1.98550000000000E+03,  5.85187592531796E-01, -6.94000000000000E-01,  1.72761432966541E+01,  8.10100000000006E+01,  1.46549638413597E+03,  3.39034624359581E+03
 1.98558333300000E+03,  7.48362682643479E-01,  1.85000000000000E-01,  1.72513862366668E+01,  8.11900000000006E+01,  1.38006324140703E+03,  4.12828220651534E+03
 1.98566666700000E+03,  6.71389614783219E-01,  7.67000000000000E-01,  1.48119282952820E+01,  8.13700000000006E+01,  1.79147873822292E+03,  4.49563620167863E+03
 1.98575000000000E+03,  1.08936836043184E-01,  4.77750000000000E-01,  1.47705319063291E+01,  8.15500000000006E+01,  1.66401841535778E+03,  4.86017344912110E+03
 1.98583333300000E+03, -3.80134717268623E-01, -2.55250000000000E-01,  1.47292609663562E+01,  8.17300000000006E+01,  1.40426540461858E+03,  4.52342449708320E+03
 1.98591666700000E+03, -6.13942672865485E-01, -1.18300000000000E+00,  1.46881193040428E+01,  8.19100000000006E+01,  1.47007089054233E+03,  5.31015402385759E+03
 1.98600000000000E+03, -1.21658039123306E+00, -2.98225000000000E+00,  1.46471107505425E+01,  8.20900000000006E+01,  1.45048538283703E+03,  4.47035290025028E+03
 1.98608333300000E+03, -2.08523253518954E+00, -4.06075000000000E+00,  1.46062391389927E+01,  8.22700000000006E+01,  1.02529505665190E+03,  3.78905892376226E+03
 1.98616666700000E+03, -2.08818950443895E+00, -1.97200000000000E+00,  1.45655083040225E+01,  8.24500000000006E+01,  1.73593837111501E+03,  4.08070550041725E+03
 1.98625000000000E+03, -6.67149300006819E-01,  2.15250000000000E-01,  1.45249220812610E+01,  8.26300000000006E+01,  1.72579563364868E+03,  5.35055078917198E+03
 1.98633333300000E+03,  1.03618859536506E+00, -1.62000000000000E-01,  1.44844843068434E+01,  8.28100000000006E+01,  1.36476097157419E+03,  3.65918970864236E+03
 1.98641666700000E+03,  1.42263451709824E+00,  1.08000000000000E-01,  1.44441988169177E+01,  8.29900000000006E+01,  1.54950515458588E+03,  3.77414268200809E+03
 1.98650000000000E+03,  3.91637370080353E-01,  1.01875000000000E+00,  1.44040694471497E+01,  8.31700000000006E+01,  1.29833492568926E+03,  4.52627040692599E+03
 1.98658333300000E+03, -3.93756864729656E-01,  5.82750000000000E-01,  1.43641000322278E+01,  8.33500000000006E+01,  1.09303560428169E+03,  4.21765922471129E+03
 1.98666666700000E+03,  4.02403601726531E-03, -1.66500000000000E-01,  2.46626364309521E+01,  8.35300000000007E+01,  8.55307971003764E+02,  3.96780622183246E+03
 1.98675000000000E+03,  5.58212525194815E-01,  3.10000000000001E-02,  2.46391578568134E+01,  8.37100000000007E+01,  9.12339501166066E+02,  4.33597675299412E+03
 1.98683333300000E+03,  5.28647674072583E-01,  1.62500000000002E-02,  2.46157992284148E+01,  8.38900000000007E+01,  1.55806958589814E+03,  6.31355053784311E+03
 1.98691666700000E+03,  2.60027038979224E-02, -9.54750000000000E-01,  2.45925611680851E+01,  8.40700000000007E+01,  1.84627278177949E+03,  5.41774042629824E+03
 1.98700000000000E+03, -7.58748393651654E-01, -1.13650000000000E+00,  2.45694442621812E+01,  8.42500000000007E+01,  1.42585940873955E+03,  6.07466979697397E+03
 1.98708333300000E+03, -1.47717984456886E+00, -2.30125000000000E+00,  2.45464490610820E+01,  8.44300000000007E+01,  1.70994166265670E+03,  4.56203272541439E+03
 1.98716666700000E+03, -1.79335656193051E+00, -3.77700000000000E+00,  2.45235760791874E+01,  8.46100000000007E+01,  1.75288135900242E+03,  5.81856912049954E+03
 1.98725000000000E+03, -1.63992501694730E+00, -2.81925000000000E+00,  2.45008257949234E+01,  8.47900000000007E+01,  1.98795739572406E+03,  6.44178063888112E+03
 1.98733333300000E+03, -1.29087761492623E+00, -1.59050000000000E+00,  2.44781986507526E+01,  8.49700000000007E+01,  1.75549598164696E+03,  6.38505526716814E+03
 1.98741666700000E+03, -1.11537085409908E+00, -1.73550000000000E+00,  2.44556950531907E+01,  8.51500000000007E+01,  2.16267565535831E+03,  5.29673626696062E+03
 1.98750000000000E+03, -1.25687533559390E+00, -2.39750000000000E+00,  2.44333153728283E+01,  8.53300000000007E+01,  2.16715142600920E+03,  7.08000974584294E+03
 1.98758333300000E+03, -1.08980976147903E+00, -1.84175000000000E+00,  2.44110599443591E+01,  8.55100000000007E+01,  2.49475458121424E+03,  9.05085654524770E+03
 1.98766666700000E+03, -3.49233465506333E-01, -1.23150000000000E+00,  2.86148048407630E+01,  8.56900000000007E+01,  1.79470098557495E+03,  7.33119431124454E+03
 1.98775000000000E+03,  1.23726711171949E-01, -1.33950000000000E+00,  2.86320501034804E+01,  8.58700000000007E+01,  2.13000432365514E+03,  7.98171179650389E+03
 1.98783333300000E+03,  2.13038368342789E-01, -6.90000000000000E-01,  2.86488670703800E+01,  8.60500000000008E+01,  1.99478298061925E+03,  8.35809238944697E+03
 1.98791666700000E+03,  2.66781047179463E-01, -2.14000000000000E-01,  2.86652556978798E+01,  8.62300000000008E+01,  2.29041446365712E+03,  6.87084031278407E+03
 1.98800000000000E+03,  2.41520381101057E-01,  6.27750000000000E-01,  2.86812159885507E+01,  8.64100000000008E+01,  2.52133167045101E+03,  3.93166062514628E+03
 1.98808333300000E+03,  1.29852418393968E-01,  3.27125000000000E+00,  2.86967479910082E+01,  8.65900000000008E+01,  2.62060212259264E+03,  4.52519995697388E+03
 1.98816666700000E+03, -5.57910812818878E-02,  3.50700000000000E+00,  2.87118517997978E+01,  8.67700000000008E+01,  2.90361603466978E+03,  4.76479781027293E+03
 1.98825000000000E+03, -2.94737341866570E-01,  5.08000000000000E-01,  2.87265275552743E+01,  8.69500000000008E+01,  2.82711156696176E+03,  4.76258958429513E+03
 1.98833333300000E+03, -5.55758026623208E-01, -2.63250000000000E-01,  2.87407754434749E+01,  8.71300000000008E+01,  3.53156950262691E+03,  4.89757151899452E+03
 1.98841666700000E+03, -7.90373501529960E-01,  1.94250000000000E-01,  2.87545956959873E+01,  8.73100000000008E+01,  2.84249710659711E+03,  4.32733960414989E+03
 1.98850000000000E+03, -9.37258762359761E-01, -4.56000000000000E-01,  2.87679885898107E+01,  8.74900000000008E+01,  2.65407744997662E+03,  3.71464142806906E+03
 1.98858333300000E+03, -9.45132884144339E-01, -3.64000000000000E-01,  2.87809544472120E+01,  8.76700000000008E+01,  2.15928071765821E+03,  2.84646094170281E+03
 1.98866666700000E+03, -1.26120520747878E+00,  6.98000000000000E-01,  3.18708248024318E+01,  8.78500000000008E+01,  2.26629696891119E+03,  3.63992913438807E+03
 1.98875000000000E+03, -1.33683006614051E+00,  1.38125000000000E+00,  3.19287030006323E+01,  8.80300000000008E+01,  2.81395299647231E+03,  5.94004892926529E+03
 1.98883333300000E+03,  3.37739111674269E-01,  2.38300000000000E+00,  3.19866087175646E+01,  8.82100000000008E+01,  2.83639808176121E+03,  5.79405270686546E+03
 1.98891666700000E+03,  2.26254520011856E+00,  4.85725000000000E+00,  3.20445366421391E+01,  8.83900000000008E+01,  3.27356433379444E+03,  5.81248589379985E+03
 1.98900000000000E+03,  2.30986798899122E+00,  6.20175000000000E+00,  3.21024814652710E+01,  8.85700000000008E+01,  3.61417495589659E+03,  6.57604150116300E+03
 1.98908333300000E+03,  1.46203147755346E+00,  3.31650000000000E+00,  3.21604378805242E+01,  8.87500000000009E+01,  3.34105603760708E+03,  5.30757279662542E+03
 1.98916666700000E+03,  7.80077466763609E-01, -2.96000000000000E-01,  3.22184005847545E+01,  8.89300000000009E+01,  1.77682398180158E+03,  2.50328200158994E+03
 1.98925000000000E+03,  4.69070143534182E-01, -1.53500000000000E-01,  3.22763642787520E+01,  8.91100000000009E+01,  1.82965344405230E+03,  3.74887901408097E+03
 1.98933333300000E+03,  9.75630631039808E-01,  6.09000000000000E-01,  3.23343236678829E+01,  8.92900000000009E+01,  1.24350668887696E+03,  3.32016112694021E+03
 1.98941666700000E+03,  1.39912794729939E+00,  5.19500000000000E-01,  3.23922734627306E+01,  8.94700000000009E+01,  1.70499259700358E+03,  4.57774227226496E+03
 1.98950000000000E+03,  9.25944024549603E-01,  1.27475000000000E+00,  3.24502083797344E+01,  8.96500000000009E+01,  2.17624257444756E+03,  7.02797834335710E+03
 1.98958333300000E+03,  4.36020892383998E-01,  7.74500000000000E-01,  3.25081231418294E+01,  8.98300000000009E+01,  2.19593325227964E+03,  7.74975104746403E+03
 1.98966666700000E+03, -8.69799836317793E-02, -7.72500000000000E-02,  2.66902519024258E+01,  9.00100000000009E+01,  2.29520122074247E+03,  7.67467570120093E+03
 1.98975000000000E+03, -1.23023316563233E+00,  5.03000000000000E-01,  2.66461791399161E+01,  9.01900000000009E+01,  2.26502205078424E+03,  7.10935748136438E+03
 1.98983333300000E+03, -2.17293951288414E+00,  8.09500000000000E-01,  2.66020418370591E+01,  9.03700000000009E+01,  1.70140359634024E+03,  5.12622372227316E+03
 1.98991666700000E+03, -1.76013226155940E+00,  1.11150000000000E+00,  2.65578433203624E+01,  9.05500000000009E+01,  1.60188856439406E+03,  4.73449672700207E+03
 1.99000000000000E+03, -4.37526900399252E-01,  1.75550000000000E+00,  2.65135869447941E+01,  9.07300000000009E+01,  1.48692074578538E+03,  3.72262846684022E+03
 1.99008333300000E+03,  5.11401071075917E-02,  1.53675000000000E+00,  2.64692760933760E+01,  9.09100000000009E+01,  1.32534279683384E+03,  4.23225758700394E+03
 1.99016666700000E+03, -9.27559205496239E-01,  3.82250000000000E-01,  2.64249141767717E+01,  9.10900000000009E+01,  1.28269032973753E+03,  4.59617588057004E+03
 1.99025000000000E+03, -2.00673925524299E+00, -7.64000000000000E-01,  2.63805046328693E+01,  9.12700000000009E+01,  9.13206928140935E+02,  5.16430473411141E+03
 1.99033333300000E+03, -1.92642941583902E+00, -7.56000000000000E-01,  2.63360509263604E+01,  9.14500000000010E+01,  9.96967131671813E+02,  5.82758522386356E+03
 1.99041666700000E+03, -1.23511027824715E+00, -4.95000000000000E-01,  2.62915565483134E+01,  9.16300000000010E+01,  8.51054241802411E+02,  6.14293824134905E+03
 1.99050000000000E+03, -8.14273602903550E-01, -1.10750000000000E+00,  2.62470250157433E+01,  9.18100000000010E+01,  8.36695958812060E+02,  5.54784099122913E+03
 1.99058333300000E+03, -3.41010413374979E-02, -1.17625000000000E+00,  2.62024598711762E+01,  9.19900000000010E+01,  8.24756884219451E+02,  5.76435962488864E+03
 1.99066666700000E+03,  1.27107888567630E+00, -2.68250000000000E-01,  3.41321874505519E+01,  9.21700000000010E+01,  9.38388620557144E+02,  6.16573009296720E+03
 1.99075000000000E+03,  1.96137499399466E+00,  1.21775000000000E+00,  3.41087949708270E+01,  9.23500000000010E+01,  1.11896359167906E+03,  4.85600939831340E+03
 1.99083333300000E+03,  2.07249578112203E+00,  2.75100000000000E+00,  3.40855329795574E+01,  9.25300000000010E+01,  1.18850964622526E+03,  4.52791070469766E+03
 1.99091666700000E+03,  2.11663004953358E+00,  3.00800000000000E+00,  3.40624019124884E+01,  9.27100000000010E+01,  1.24073016850518E+03,  4.39599976550188E+03
 1.99100000000000E+03,  1.95007856215595E+00,  1.46875000000000E+00,  3.40394021650749E+01,  9.28900000000010E+01,  1.19787832368028E+03,  3.91873405230923E+03
 1.99108333300000E+03,  1.46242713792411E+00, -1.25500000000000E+00,  3.40165340925141E+01,  9.30700000000010E+01,  1.03667193744910E+03,  3.13775494490887E+03
 1.99116666700000E+03,  7.64377043111785E-01, -1.94400000000000E+00,  3.39937980097862E+01,  9.32500000000010E+01,  3.11875743448597E+02,  1.72199938817409E+03
 1.99125000000000E+03,  1.52537215514301E-01,  2.07500000000000E-01,  3.39711941917011E+01,  9.34300000000010E+01,  3.19070092139080E+02,  1.61361286380234E+03
 1.99133333300000E+03, -2.00737069045348E-01,  1.02700000000000E+00,  3.39487228729518E+01,  9.36100000000010E+01,  2.29693498880647E+02,  3.69637525601007E+03
 1.99141666700000E+03, -4.18414952200410E-01,  7.55000000000000E-02,  3.39263842481748E+01,  9.37900000000010E+01,  3.91490329575492E+02,  3.72695981119742E+03
 1.99150000000000E+03, -7.34493308268827E-01, -5.94500000000000E-01,  3.39041784720171E+01,  9.39700000000011E+01,  4.23089445271130E+02,  4.64027290177575E+03
 1.99158333300000E+03, -1.35949919611155E+00, -9.66000000000000E-01,  3.38821056592100E+01,  9.41500000000011E+01,  4.67178891366148E+02,  5.71460184723519E+03
 1.99166666700000E+03, -1.92897415035088E+00, -1.15575000000000E+00,  3.33725141748226E+01,  9.43300000000011E+01,  4.77902770128486E+02,  6.25554210987215E+03
 1.99175000000000E+03, -1.85924708361830E+00, -3.66000000000000E-01,  3.33538139532305E+01,  9.45100000000011E+01,  4.83679056827305E+02,  3.44037546731571E+03
 1.99183333300000E+03, -1.51037780452098E+00, -2.61750000000000E-01,  3.33352351284999E+01,  9.46900000000011E+01,  7.48395439134481E+02,  3.54191651264849E+03
 1.99191666700000E+03, -1.37517377563304E+00, -2.48200000000000E+00,  3.33167767532077E+01,  9.48700000000011E+01,  1.02035675399756E+03,  2.39311488189957E+03
 1.99200000000000E+03, -1.43698529972938E+00, -5.13325000000000E+00,  3.32984378449707E+01,  9.50500000000011E+01,  9.57309304854589E+02,  1.48510798069571E+03
 1.99208333300000E+03, -1.58179178562721E+00, -7.32475000000000E+00,  3.32802173867091E+01,  9.52300000000011E+01,  1.06890970796381E+03,  1.11075201447775E+03
 1.99216666700000E+03, -1.65444440835598E+00, -7.09075000000000E+00,  3.32621143269152E+01,  9.54100000000011E+01,  1.14937484792254E+03,  1.24963493994842E+03
 1.99225000000000E+03, -1.52591075109106E+00, -4.25400000000000E+00,  3.32441275799278E+01,  9.55900000000011E+01,  8.93176796911387E+02,  1.07075083020972E+03
 1.99233333300000E+03, -1.14190214455135E+00, -2.39250000000000E+00,  3.32262560262124E+01,  9.57700000000011E+01,  1.33869648214765E+03,  2.09685493414494E+03
 1.99241666700000E+03, -5.40738401148637E-01, -2.09675000000000E+00,  3.32084985126470E+01,  9.59500000000011E+01,  1.41222703196899E+03,  1.91351092945158E+03
 1.99250000000000E+03,  1.57131289852073E-01, -1.48950000000000E+00,  3.31908538528137E+01,  9.61300000000011E+01,  1.23943980172921E+03,  1.85909690966365E+03
 1.99258333300000E+03,  2.74342215235182E-01, -2.61500000000000E-01,  3.31733208272950E+01,  9.63100000000011E+01,  1.45550558993931E+03,  1.73559807208679E+03
 1.99266666700000E+03, -2.61173581636807E-01, -4.40500000000000E-01,  4.11602237217298E+01,  9.64900000000011E+01,  1.70856908229037E+03,  2.09606914108647E+03
 1.99275000000000E+03, -4.50905598875406E-01, -1.07575000000000E+00,  4.11308552118685E+01,  9.66700000000012E+01,  1.35202604001565E+03,  1.39372057292513E+03
 1.99283333300000E+03, -5.21062855675619E-01, -4.51250000000000E-01,  4.11014560431600E+01,  9.68500000000012E+01,  1.49212442026809E+03,  1.32297766325235E+03
 1.99291666700000E+03, -1.18033897859463E+00, -1.71725000000000E+00,  4.10720295632029E+01,  9.70300000000012E+01,  1.45959174823479E+03,  1.62701165576422E+03
 1.99300000000000E+03, -2.15801569125955E+00, -5.21175000000000E+00,  4.10425790969219E+01,  9.72100000000012E+01,  1.26381825997178E+03,  1.43477881127015E+03
 1.99308333300000E+03, -2.79264069568592E+00, -6.07550000000000E+00,  4.10131079460784E+01,  9.73900000000012E+01,  1.16911996084438E+03,  1.04265801294152E+03
 1.99316666700000E+03, -2.54747221405245E+00, -3.38625000000000E+00,  4.09836193887852E+01,  9.75700000000012E+01,  7.82417483533663E+02,  7.74295703826587E+02
 1.99325000000000E+03, -1.49218048317157E+00, -2.78050000000000E+00,  4.09541166790271E+01,  9.77500000000012E+01,  5.82200976814388E+02,  9.89966465025998E+02
 1.99333333300000E+03, -3.14406834167334E-01, -4.09475000000000E+00,  4.09246030461853E+01,  9.79300000000012E+01,  5.91070570424920E+02,  7.78895781647538E+02
 1.99341666700000E+03,  1.80774976896542E-01, -2.46675000000000E+00,  4.08950816945669E+01,  9.81100000000012E+01,  6.49705359905420E+02,  1.07291490846522E+03
 1.99350000000000E+03, -3.21992751130126E-01, -9.99500000000000E-01,  4.08655558029400E+01,  9.82900000000012E+01,  5.35113028123325E+02,  1.16062675913268E+03
 1.99358333300000E+03, -9.27480273815776E-01, -1.33450000000000E+00,  4.08360285240725E+01,  9.84700000000012E+01,  1.70080571103714E+03,  3.25427048024239E+03
 1.99366666700000E+03, -7.71075628910156E-01, -1.55300000000000E+00,  3.57416292158157E+01,  9.86500000000012E+01,  1.79962938486381E+03,  3.19153159497882E+03
 1.99375000000000E+03, -5.12734486365187E-01, -1.68350000000000E+00,  3.57190183326549E+01,  9.88300000000012E+01,  1.76218965453208E+03,  3.14438691445159E+03
 1.99383333300000E+03, -6.78300597195700E-01, -8.25500000000000E-01,  3.56962173117254E+01,  9.90100000000012E+01,  1.61731059070072E+03,  2.90410382232481E+03
 1.99391666700000E+03, -9.96120427858249E-01,  4.81250000000000E-01,  3.56732246902346E+01,  9.91900000000012E+01,  1.37113047225354E+03,  3.26573064752065E+03
 1.99400000000000E+03, -1.15812021115626E+00,  6.44000000000000E-01,  3.56500390389577E+01,  9.93700000000013E+01,  2.31019695514738E+02,  1.64024954276181E+03
 1.99408333300000E+03, -9.14319020876452E-01, -3.55750000000000E-01,  3.56266589626127E+01,  9.95500000000013E+01,  1.17328712625984E+02,  1.55730844432961E+03
 1.99416666700000E+03, -2.72987779497784E-01, -7.66000000000000E-01,  3.56030831002311E+01,  9.97300000000013E+01,  2.05559191808497E+02,  2.54519232876218E+03
 1.99425000000000E+03,  4.39870932627840E-01, -4.80000000000000E-01,  3.55793101255218E+01,  9.99100000000013E+01,  2.45983408676892E+02,  2.69291499609048E+03
 1.99433333300000E+03,  7.33181126885897E-01, -2.07750000000000E-01,  3.55553387472311E+01,  1.00090000000001E+02,  7.23911958553181E+02,  2.29666658866524E+03
 1.99441666700000E+03,  2.43548889588301E-01,  7.60000000000000E-02,  3.55311677094951E+01,  1.00270000000001E+02,  7.31155614437333E+02,  1.85195644895268E+03
 1.99450000000000E+03, -1.01393152709392E+00, -3.72500000000000E-01,  3.55067957921882E+01,  1.00450000000001E+02,  7.69683384116248E+02,  2.31309146239446E+03
 1.99458333300000E+03, -2.06221934164660E+00, -1.01025000000000E+00,  3.54822218112655E+01,  1.00630000000001E+02,  9.90133730138361E+02,  1.19084986491742E+03
 1.99466666700000E+03, -2.14166077042933E+00, -1.33500000000000E+00,  4.33868958852689E+01,  1.00810000000001E+02,  1.15963119702718E+03,  1.05767727862660E+03
 1.99475000000000E+03, -1.97948943980180E+00, -8.12750000000000E-01,  4.33889573313403E+01,  1.00990000000001E+02,  6.93210955289170E+02,  2.13335455131269E+03
 1.99483333300000E+03, -2.01771716445282E+00, -3.55250000000000E-01,  4.33905817086984E+01,  1.01170000000001E+02,  7.50118069868914E+02,  2.62966051048564E+03
 1.99491666700000E+03, -2.05106984039482E+00, -3.86475000000000E+00,  4.33917707484313E+01,  1.01350000000001E+02,  1.61064449870122E+03,  3.55688443360663E+03
 1.99500000000000E+03, -2.04957644276817E+00, -7.19150000000000E+00,  4.33925262273377E+01,  1.01530000000001E+02,  1.42151816337830E+03,  3.52205117311873E+03
 1.99508333300000E+03, -1.99290758476604E+00, -5.43800000000000E+00,  4.33928499675470E+01,  1.01710000000001E+02,  1.31996165130590E+03,  4.00024435239050E+03
 1.99516666700000E+03, -1.89531877856171E+00, -3.19350000000000E+00,  4.33927438361327E+01,  1.01890000000001E+02,  1.76618091933159E+03,  5.56728402090109E+03
 1.99525000000000E+03, -1.80553072080927E+00, -1.97825000000000E+00,  4.33922097447198E+01,  1.02070000000001E+02,  1.74582871680210E+03,  5.40270564435315E+03
 1.99533333300000E+03, -1.77836001703983E+00, -1.03325000000000E+00,  4.33912496490868E+01,  1.02250000000001E+02,  1.30090043782508E+03,  4.95570437376039E+03
 1.99541666700000E+03, -1.83793849211867E+00, -7.73250000000000E-01,  4.33898655487608E+01,  1.02430000000001E+02,  1.50832285317385E+03,  5.06500887377148E+03
 1.99550000000000E+03, -1.95936342436682E+00, -1.05700000000000E+00,  4.33880594866076E+01,  1.02610000000001E+02,  1.40509856088381E+03,  4.65852087628288E+03
 1.99558333300000E+03, -1.55206768079151E+00, -1.20200000000000E+00,  4.33858335484155E+01,  1.02790000000001E+02,  1.26976151989898E+03,  2.52177295197507E+03
 1.99566666700000E+03, -6.44437229967689E-01, -1.99500000000000E-01,  2.77058832714373E+01,  1.02970000000001E+02,  1.20754587156547E+03,  3.59200751069093E+03
 1.99575000000000E+03, -1.07071035088206E-01,  8.22250000000000E-01,  2.76710403811175E+01,  1.03150000000001E+02,  1.19488193073619E+03,  4.25543714634081E+03
 1.99583333300000E+03,  3.86287675943982E-01,  3.92500000000000E-01,  2.76364984663537E+01,  1.03330000000001E+02,  8.89989717844357E+02,  4.42814153671129E+03
 1.99591666700000E+03,  9.02843688137421E-01, -2.20000000000000E-01,  2.76022615539055E+01,  1.03510000000001E+02,  1.07168631190284E+03,  4.70721603865064E+03
 1.99600000000000E+03,  6.41854862509122E-01, -7.73500000000000E-01,  2.75683336499902E+01,  1.03690000000001E+02,  7.99613646528448E+02,  4.28580731608029E+03
 1.99608333300000E+03, -4.02642928505106E-01, -1.94400000000000E+00,  2.75347187396935E+01,  1.03870000000001E+02,  1.73063112899365E+03,  3.33090318984165E+03
 1.99616666700000E+03, -1.51252135422538E+00, -1.45275000000000E+00,  2.75014207863831E+01,  1.04050000000001E+02,  1.36612506284653E+03,  3.04975655676189E+03
 1.99625000000000E+03, -2.03281101330557E+00, -5.21500000000000E-01,  2.74684437311241E+01,  1.04230000000001E+02,  1.41499393695093E+03,  2.79333635090285E+03
 1.99633333300000E+03, -1.92757749210378E+00, -3.40500000000000E-01,  2.74357914920968E+01,  1.04410000000001E+02,  2.08517816913843E+03,  2.58515372506058E+03
 1.99641666700000E+03, -1.57359079049377E+00,  3.49500000000000E-01,  2.74034679640182E+01,  1.04590000000001E+02,  2.18407960490761E+03,  2.98645843926557E+03
 1.99650000000000E+03, -1.18121618379057E+00,  6.12500000000000E-01,  2.73714770175642E+01,  1.04770000000001E+02,  1.75064499933415E+03,  2.46280795376566E+03
 1.99658333300000E+03, -1.86585509474499E-02,  9.05000000000000E-01,  2.73398224987965E+01,  1.04950000000001E+02,  2.06153111392769E+03,  2.51867009055469E+03
 1.99666666700000E+03,  1.66523302550551E+00,  1.63550000000000E+00,  3.71702162351396E+01,  1.05130000000001E+02,  2.42942821493496E+03,  3.94328498259437E+03
 1.99675000000000E+03,  2.19668112146044E+00,  1.86225000000000E+00,  3.71559249955607E+01,  1.05310000000001E+02,  3.82736531229365E+03,  7.27973938720369E+03
 1.99683333300000E+03,  1.79624964361045E+00,  8.14000000000000E-01,  3.71416388886769E+01,  1.05490000000001E+02,  4.02163652365046E+03,  8.47688261341860E+03
 1.99691666700000E+03,  1.37834930751130E+00, -1.25600000000000E+00,  3.71273553613304E+01,  1.05670000000001E+02,  3.68131553633260E+03,  8.41197854498047E+03
 1.99700000000000E+03,  9.50054446607054E-01, -2.79000000000000E-01,  3.71130718508546E+01,  1.05850000000002E+02,  3.55093960504218E+03,  8.27465987869624E+03
 1.99708333300000E+03,  5.65583115249816E-01,  3.04225000000000E+00,  3.70987857856213E+01,  1.06030000000002E+02,  3.49567400274891E+03,  8.49794091831029E+03
 1.99716666700000E+03,  3.00911320894963E-01,  2.40725000000000E+00,  3.70844945855884E+01,  1.06210000000002E+02,  1.61920847740114E+03,  5.97304927912181E+03
 1.99725000000000E+03,  1.83156045482665E-01, -1.12375000000000E+00,  3.70701956628498E+01,  1.06390000000002E+02,  1.78324009017553E+03,  5.14179369723125E+03
 1.99733333300000E+03,  1.61608685172283E-01, -3.09325000000000E+00,  3.70558864221872E+01,  1.06570000000002E+02,  3.18641381098370E+03,  9.11843470886403E+03
 1.99741666700000E+03,  1.54144355744702E-01, -2.50525000000000E+00,  3.70415642616218E+01,  1.06750000000002E+02,  3.12284055110609E+03,  9.50278625900711E+03
 1.99750000000000E+03,  1.16312790650105E-01, -1.98350000000000E+00,  3.70272265729691E+01,  1.06930000000002E+02,  3.33917651870484E+03,  9.99793333766251E+03
 1.99758333300000E+03, -2.44562957167143E-01, -3.17875000000000E+00,  3.70128707423937E+01,  1.07110000000002E+02,  3.63711089861154E+03,  1.11733823784799E+04
 1.99766666700000E+03, -1.00952167132368E+00, -3.48300000000000E+00,  3.32288770845481E+01,  1.07290000000002E+02,  3.30747336290731E+03,  1.04523064506940E+04
 1.99775000000000E+03, -1.49315059477603E+00, -4.07575000000000E+00,  3.32746842750431E+01,  1.07470000000002E+02,  1.77620067015029E+03,  6.55021506543354E+03
 1.99783333300000E+03, -1.69028107439308E+00, -5.26225000000000E+00,  3.33208473379078E+01,  1.07650000000002E+02,  1.81548304387586E+03,  5.90110464325516E+03
 1.99791666700000E+03, -2.30854280186974E+00, -5.22600000000000E+00,  3.33673619886808E+01,  1.07830000000002E+02,  1.57119140930528E+03,  5.49006283131828E+03
 1.99800000000000E+03, -2.98837026376252E+00, -7.31250000000000E+00,  3.34142239039308E+01,  1.08010000000002E+02,  9.85535058795779E+02,  3.81896585909244E+03
 1.99808333300000E+03, -3.00891060167419E+00, -8.38950000000000E+00,  3.34614287217894E+01,  1.08190000000002E+02,  1.84436726270158E+03,  3.80334705258613E+03
 1.99816666700000E+03, -2.69827425140270E+00, -4.75850000000000E+00,  3.35089720424885E+01,  1.08370000000002E+02,  1.90235129560037E+03,  3.93313991979263E+03
 1.99825000000000E+03, -2.31423670428342E+00, -2.00325000000000E+00,  3.35568494289036E+01,  1.08550000000002E+02,  1.95173087060833E+03,  4.16054801387263E+03
 1.99833333300000E+03, -1.21889185572126E+00, -1.17175000000000E+00,  3.36050564071014E+01,  1.08730000000002E+02,  2.12858934810636E+03,  2.42324853433658E+03
 1.99841666700000E+03,  2.29847446086700E-01,  2.52750000000000E-01,  3.36535884668935E+01,  1.08910000000002E+02,  2.28475335656202E+03,  6.23209126907090E+03
 1.99850000000000E+03,  1.80587908109393E-01,  1.16050000000000E+00,  3.37024410623945E+01,  1.09090000000002E+02,  1.43836480257349E+03,  6.13781775894992E+03
 1.99858333300000E+03, -4.38959182540981E-01,  6.13250000000000E-01,  3.37516096125851E+01,  1.09270000000002E+02,  1.50051046807929E+03,  6.11768048802258E+03
 1.99866666700000E+03,  5.20695565445368E-01,  1.04000000000000E-01,  4.17047132642640E+01,  1.09450000000002E+02,  3.38008067529756E+03,  9.34058345454917E+03
 1.99875000000000E+03,  1.75964088654024E+00,  8.23750000000000E-01,  4.16898759385166E+01,  1.09630000000002E+02,  3.29878164167003E+03,  9.62219124940063E+03
 1.99883333300000E+03,  2.31074732982847E+00,  2.98400000000000E+00,  4.16749931613485E+01,  1.09810000000002E+02,  3.46234292707837E+03,  1.01236686090817E+04
 1.99891666700000E+03,  2.60988263519703E+00,  5.36050000000000E+00,  4.16600621813242E+01,  1.09990000000002E+02,  3.32451347585267E+03,  1.00792186907776E+04
 1.99900000000000E+03,  2.62704573648037E+00,  4.96975000000000E+00,  4.16450802480850E+01,  1.10170000000002E+02,  3.98473951141212E+03,  1.17980152896535E+04
 1.99908333300000E+03,  2.41341648516896E+00,  2.86800000000000E+00,  4.16300446129512E+01,  1.10350000000002E+02,  1.90944200450375E+03,  7.25354507956450E+03
 1.99916666700000E+03,  1.96934238853185E+00,  2.25100000000000E+00,  4.16149525295250E+01,  1.10530000000002E+02,  2.76210294843670E+03,  8.53791442031238E+03
 1.99925000000000E+03,  1.34390600883664E+00,  2.87225000000000E+00,  4.15998012542928E+01,  1.10710000000002E+02,  2.74798278273424E+03,  4.58565099474149E+03
 1.99933333300000E+03,  7.07321877031233E-01,  2.20825000000000E+00,  4.15845880472269E+01,  1.10890000000002E+02,  3.55105666932060E+03,  5.10290463689595E+03
 1.99941666700000E+03,  1.64343949180733E-01,  4.85000000000000E-01,  4.15693101723877E+01,  1.11070000000002E+02,  3.47443626187296E+03,  4.83066051695098E+03
 1.99950000000000E+03, -3.21381011933949E-01, -6.33000000000000E-01,  4.15539648985246E+01,  1.11250000000002E+02,  5.56581650448600E+03,  7.81397436162507E+03
 1.99958333300000E+03, -3.80708121004638E-01, -1.35550000000000E+00,  4.15385494996764E+01,  1.11430000000002E+02,  4.51927000856039E+03,  6.48986847575719E+03
 1.99966666700000E+03,  1.86756082035656E-01, -1.23525000000000E+00,  4.33369533402271E+01,  1.11610000000002E+02,  4.25664169520458E+03,  5.94313975626110E+03
 1.99975000000000E+03,  7.60081455150177E-01, -9.14000000000000E-01,  4.33300202664955E+01,  1.11790000000002E+02,  4.05329682338455E+03,  5.91704676928356E+03
 1.99983333300000E+03,  1.10357519127421E+00,  7.23750000000000E-01,  4.33226971107731E+01,  1.11970000000002E+02,  3.75204044306974E+03,  4.61084288447164E+03
 1.99991666700000E+03,  1.38501254027878E+00,  3.19550000000000E+00,  4.33149864987165E+01,  1.12150000000002E+02,  1.60511162071120E+03,  2.23086738431371E+03
 2.00000000000000E+03,  1.58377431317918E+00,  9.51750000000000E-01,  4.33068910922153E+01,  1.12330000000002E+02,  1.40407393434578E+03,  2.78143843794827E+03
 2.00008333300000E+03,  1.68334718562803E+00, -1.43275000000000E+00,  4.32984135888948E+01,  1.12510000000002E+02,  1.26104951094051E+03,  3.80039654171756E+03
 2.00016666700000E+03,  1.66285843334391E+00,  2.60500000000000E-01,  4.32895567216152E+01,  1.12690000000002E+02,  1.45513773910802E+03,  3.27517367621522E+03
 2.00025000000000E+03,  1.50124527088306E+00,  3.21000000000000E-01,  4.32803232579654E+01,  1.12870000000002E+02,  1.38565850115969E+03,  3.91734069303920E+03
 2.00033333300000E+03,  1.19397246831712E+00, -1.04550000000000E+00,  4.32707159997533E+01,  1.13050000000002E+02,  1.36981442751833E+03,  4.10379337601614E+03
 2.00041666700000E+03,  7.68012636301706E-01, -7.93500000000000E-01,  4.32607377824911E+01,  1.13230000000002E+02,  1.90826378326879E+03,  3.99610066065309E+03
 2.00050000000000E+03,  2.80255876483717E-01,  5.26250000000000E-01,  4.32503914748766E+01,  1.13410000000002E+02,  2.11205251430745E+03,  2.93726446258965E+03
 2.00058333300000E+03, -4.63639598185283E-01,  7.32500000000000E-01,  4.32396799782705E+01,  1.13590000000002E+02,  1.39318958421345E+03,  3.02493699824435E+03
 2.00066666700000E+03, -1.18080337587121E+00,  3.36750000000000E-01,  3.82271345080151E+01,  1.13770000000002E+02,  2.11207149049393E+03,  4.52696586947431E+03
 2.00075000000000E+03, -1.07244229771504E+00,  1.67125000000000E+00,  3.82078497744366E+01,  1.13950000000002E+02,  2.15094000799827E+03,  3.77734353952285E+03
 2.00083333300000E+03, -3.59600218319623E-01,  2.96775000000000E+00,  3.81886922217922E+01,  1.14130000000002E+02,  1.79325452035517E+03,  4.61887456149488E+03
 2.00091666700000E+03,  3.72862081207808E-01,  2.33675000000000E+00,  3.81696609560708E+01,  1.14310000000002E+02,  1.70404421014746E+03,  4.46118204689940E+03
 2.00100000000000E+03,  9.78354763343434E-01,  1.63600000000000E+00,  3.81507550455981E+01,  1.14490000000002E+02,  2.43793096301388E+03,  6.70923169847121E+03
 2.00108333300000E+03,  1.34645879975303E+00,  1.54725000000000E+00,  3.81319735213030E+01,  1.14670000000002E+02,  2.14795327295766E+03,  4.79208207236577E+03
 2.00116666700000E+03,  1.43912749048170E+00,  1.48200000000000E+00,  3.81133153769904E+01,  1.14850000000002E+02,  2.90098967490016E+03,  4.84819474607273E+03
 2.00125000000000E+03,  1.30558755994981E+00,  1.16600000000000E+00,  3.80947795696200E+01,  1.15030000000002E+02,  2.85887803974706E+03,  3.35932610519101E+03
 2.00133333300000E+03,  1.07142134566439E+00,  6.06250000000000E-01,  3.80763650195916E+01,  1.15210000000002E+02,  2.88433570543974E+03,  3.32521307651292E+03
 2.00141666700000E+03,  8.98867773501857E-01,  6.95250000000000E-01,  3.80580706110367E+01,  1.15390000000002E+02,  2.34179584548274E+03,  3.32968515036995E+03
 2.00150000000000E+03,  9.25294430788340E-01,  6.14750000000000E-01,  3.80398951921160E+01,  1.15570000000002E+02,  1.60698331593918E+03,  3.95780697744472E+03
 2.00158333300000E+03,  6.30177552494626E-01, -8.42500000000000E-02,  3.80218375753234E+01,  1.15750000000002E+02,  1.02315423206629E+03,  4.11671836315559E+03
 2.00166666700000E+03, -1.82722256871900E-01, -2.28750000000000E-01,  3.10956723542050E+01,  1.15930000000002E+02,  9.22451088423251E+02,  4.81141359103215E+03
 2.00175000000000E+03, -6.25475010495950E-01, -5.80000000000000E-01,  3.10841546188511E+01,  1.16110000000002E+02,  9.24688822830457E+02,  4.70007641068505E+03
 2.00183333300000E+03, -6.44279172185054E-01, -1.50625000000000E+00,  3.10731353486892E+01,  1.16290000000002E+02,  1.08744881805941E+03,  2.33873800711107E+03
 2.00191666700000E+03, -6.88135808642020E-01, -4.34750000000000E-01,  3.10626165697610E+01,  1.16470000000002E+02,  1.92182214778837E+03,  1.80832742527360E+03
 2.00200000000000E+03, -7.40504409273215E-01,  1.95825000000000E+00,  3.10526002567495E+01,  1.16650000000002E+02,  1.96322940870503E+03,  2.67149225904580E+03
 2.00208333300000E+03, -7.86793887520363E-01,  2.59900000000000E+00,  3.10430883326329E+01,  1.16830000000002E+02,  1.96283946766119E+03,  1.94558065456673E+03
 2.00216666700000E+03, -8.24472609113010E-01,  1.62400000000000E+00,  3.10340826683452E+01,  1.17010000000002E+02,  2.15786296302145E+03,  2.30555565205343E+03
 2.00225000000000E+03, -8.60904252988394E-01,  4.97250000000000E-01,  3.10255850824440E+01,  1.17190000000002E+02,  2.48468467243872E+03,  2.68341308742524E+03
 2.00233333300000E+03, -8.99545773698633E-01,  1.16750000000000E-01,  3.10175973407858E+01,  1.17370000000002E+02,  2.05766840772339E+03,  2.17249308993208E+03
 2.00241666700000E+03, -9.28126544390173E-01, -2.68750000000000E-01,  3.10101211562080E+01,  1.17550000000002E+02,  2.56958333660821E+03,  3.12557293055088E+03
 2.00250000000000E+03, -9.22106978253217E-01, -9.22750000000000E-01,  3.10031581882185E+01,  1.17730000000002E+02,  2.55167832957005E+03,  3.59954189230758E+03
 2.00258333300000E+03, -9.76412552924768E-01, -1.31925000000000E+00,  3.09967100426926E+01,  1.17910000000002E+02,  2.24026644735851E+03,  4.33843764833179E+03
 2.00266666700000E+03, -1.09865499865298E+00, -1.44100000000000E+00,  4.79521264997400E+01,  1.18090000000002E+02,  2.56447857111187E+03,  4.81292733468618E+03
 2.00275000000000E+03, -1.10949803664652E+00, -1.16825000000000E+00,  4.79381921893079E+01,  1.18270000000002E+02,  2.19221625931744E+03,  4.68922488812879E+03
 2.00283333300000E+03, -1.07719895910242E+00, -2.43025000000000E+00,  4.79239128514772E+01,  1.18450000000002E+02,  1.79321210940704E+03,  2.97678739620159E+03
 2.00291666700000E+03, -1.15464274112949E+00, -4.04025000000000E+00,  4.79092918382933E+01,  1.18630000000002E+02,  1.84078460290429E+03,  2.68153399702213E+03
 2.00300000000000E+03, -1.33298367476088E+00, -2.74200000000000E+00,  4.78943325295889E+01,  1.18810000000002E+02,  2.55177442940279E+03,  3.49225510070710E+03
 2.00308333300000E+03, -1.56936111801145E+00, -8.08250000000000E-01,  4.78790383323759E+01,  1.18990000000002E+02,  1.89514969501390E+03,  3.29352673158425E+03
 2.00316666700000E+03, -1.80604944887609E+00, -9.60250000000000E-01,  4.78634126802340E+01,  1.19170000000002E+02,  1.95095323864441E+03,  3.28713004588767E+03
 2.00325000000000E+03, -1.98689101124372E+00, -1.64700000000000E+00,  4.78474590326962E+01,  1.19350000000002E+02,  1.74168601598217E+03,  3.01876362630357E+03
 2.00333333300000E+03, -2.06672705556134E+00, -1.59200000000000E+00,  4.78311808746316E+01,  1.19530000000002E+02,  1.67464914460540E+03,  3.39356990023484E+03
 2.00341666700000E+03, -2.02018768830789E+00, -1.22700000000000E+00,  4.78145817156248E+01,  1.19710000000002E+02,  1.26057713155501E+03,  2.86828662829364E+03
 2.00350000000000E+03, -1.85513963664982E+00, -3.88250000000000E-01,  4.77976650893529E+01,  1.19890000000002E+02,  1.03987072299458E+03,  2.32498305566452E+03
 2.00358333300000E+03, -1.40514507673545E+00, -2.71500000000000E-01,  4.77804345529598E+01,  1.20070000000002E+02,  1.00093591427168E+03,  2.74322018162579E+03
 2.00366666700000E+03, -7.20183401153955E-01, -6.50750000000000E-01,  3.17480413610245E+01,  1.20250000000002E+02,  1.09163658286613E+03,  3.11143932831550E+03
 2.00375000000000E+03, -1.98239211019717E-01, -3.72250000000000E-01,  3.17768792569507E+01,  1.20430000000002E+02,  1.11711172820127E+03,  3.11464567813495E+03
 2.00383333300000E+03,  7.97508266837227E-02, -6.86750000000000E-01,  3.18062057692647E+01,  1.20610000000002E+02,  8.07210986879626E+02,  3.39705588433376E+03
 2.00391666700000E+03, -5.36956323639777E-02, -1.14675000000000E+00,  3.18360185084159E+01,  1.20790000000002E+02,  9.45595957191128E+02,  3.38421298522565E+03
 2.00400000000000E+03, -8.11972464619355E-01, -7.40500000000000E-01,  3.18663150298906E+01,  1.20970000000002E+02,  8.46099418338786E+02,  3.50178200621711E+03
 2.00408333300000E+03, -1.76457729059217E+00,  1.00375000000000E+00,  3.18970928344820E+01,  1.21150000000002E+02,  6.71170174121155E+02,  3.12217941495995E+03
 2.00416666700000E+03, -2.07102369209708E+00,  2.46825000000000E+00,  3.19283493685673E+01,  1.21330000000002E+02,  9.52546758583831E+02,  2.58088315567243E+03
 2.00425000000000E+03, -1.18750855433058E+00,  1.67300000000000E+00,  3.19600820243932E+01,  1.21510000000002E+02,  1.23508707596905E+03,  1.29418761599667E+03
 2.00433333300000E+03,  5.70073763257123E-01,  9.20750000000000E-01,  3.19922881403681E+01,  1.21690000000002E+02,  9.48834226100022E+02,  1.30964757934304E+03
 2.00441666700000E+03,  2.19803800545926E+00,  3.90000000000000E-01,  3.20249650013622E+01,  1.21870000000002E+02,  1.46338516554958E+03,  8.54772923869754E+02
 2.00450000000000E+03,  2.83067779021451E+00, -5.86250000000000E-01,  3.20581098390159E+01,  1.22050000000002E+02,  1.77357152689685E+03,  2.54520014013232E+03
 2.00458333300000E+03,  1.99937119447301E+00, -4.80250000000000E-01,  3.20917198320542E+01,  1.22230000000002E+02,  1.51561045147817E+03,  2.53517631308683E+03
 2.00466666700000E+03,  6.71028002698738E-01, -3.81750000000000E-01,  2.76782524466461E+01,  1.22410000000002E+02,  1.26138656073029E+03,  2.12165161791112E+03
 2.00475000000000E+03,  6.50947553975831E-01,  2.25000000000000E-01,  2.77165861023292E+01,  1.22590000000002E+02,  1.35482467333687E+03,  3.02499557442749E+03
 2.00483333300000E+03,  1.37517679560906E+00,  1.70400000000000E+00,  2.77553325627524E+01,  1.22770000000002E+02,  8.41963686522833E+02,  3.27239699900462E+03
 2.00491666700000E+03,  1.08836876559021E+00,  5.69000000000000E-01,  2.77944884566110E+01,  1.22950000000002E+02,  8.71293155325330E+02,  2.80056398217723E+03
 2.00500000000000E+03, -3.53887480838474E-01, -2.46125000000000E+00,  2.78340503677676E+01,  1.23130000000002E+02,  9.26460102441531E+02,  3.05905253128809E+03
 2.00508333300000E+03, -1.65719385683604E+00, -3.26000000000000E+00,  2.78740148356491E+01,  1.23310000000002E+02,  1.30550093546267E+03,  4.11951436656981E+03
 2.00516666700000E+03, -1.66369425619686E+00, -1.27875000000000E+00,  2.79143783556504E+01,  1.23490000000002E+02,  1.88146936686236E+03,  4.50874613550192E+03
 2.00525000000000E+03, -6.22276817902386E-01, -4.74000000000000E-01,  2.79551373795449E+01,  1.23670000000002E+02,  2.55895589696286E+03,  5.57911588102378E+03
 2.00533333300000E+03,  5.18841193225454E-01, -9.05500000000000E-01,  2.79962883158992E+01,  1.23850000000002E+02,  2.44365865897265E+03,  4.65810237747206E+03
 2.00541666700000E+03,  1.42123121862462E+00, -1.52250000000000E-01,  2.80378275304955E+01,  1.24030000000002E+02,  2.53350184371025E+03,  4.48591219930364E+03
 2.00550000000000E+03,  2.17517048314015E+00, -3.00000000000000E-02,  2.80797513467585E+01,  1.24210000000002E+02,  2.13238677511796E+03,  5.89265636642380E+03
 2.00558333300000E+03,  2.00061561903151E+00,  4.08000000000000E-01,  2.81220560461883E+01,  1.24390000000002E+02,  2.18363242648611E+03,  5.25614714476346E+03
 2.00566666700000E+03,  8.85623013187160E-01,  2.02425000000000E+00,  2.61606713380514E+01,  1.24570000000002E+02,  1.57392078618712E+03,  4.51277843094855E+03
 2.00575000000000E+03,  3.49182155423852E-01,  2.75425000000000E+00,  2.61583110659712E+01,  1.24750000000002E+02,  1.29657271058592E+03,  5.06615683657877E+03
 2.00583333300000E+03,  4.53436552512161E-01,  1.73750000000000E+00,  2.61564628773412E+01,  1.24930000000002E+02,  1.10661325220266E+03,  5.33003864013251E+03
 2.00591666700000E+03,  4.62227891719968E-01,  9.20250000000000E-01,  2.61551277957407E+01,  1.25110000000002E+02,  1.06931191078136E+03,  4.24919748909457E+03
 2.00600000000000E+03,  3.71153081582503E-01,  2.15325000000000E+00,  2.61543067913902E+01,  1.25290000000002E+02,  7.18508714880801E+02,  5.13005764662989E+03
 2.00608333300000E+03,  3.00349949081620E-01,  2.13175000000000E+00,  2.61540007809509E+01,  1.25470000000002E+02,  8.32457489142805E+02,  4.90619134089187E+03
 2.00616666700000E+03,  3.40856453802936E-01,  2.88750000000000E-01,  2.61542106273334E+01,  1.25650000000002E+02,  1.21464908702411E+03,  7.79221205168550E+03
 2.00625000000000E+03,  4.45474131289531E-01, -6.35000000000000E-01,  2.61549371395125E+01,  1.25830000000002E+02,  1.38035655573098E+03,  1.00367846137486E+04
 2.00633333300000E+03,  5.12769545555471E-01, -5.90000000000000E-01,  2.61561810723494E+01,  1.26010000000002E+02,  1.50974865007313E+03,  1.04322254545253E+04
 2.00641666700000E+03,  5.20034829418115E-01, -4.70250000000000E-01,  2.61579431264215E+01,  1.26190000000002E+02,  1.34785846227318E+03,  9.22011531849962E+03
 2.00650000000000E+03,  5.00301058215189E-01, -6.13000000000000E-01,  2.61602239478593E+01,  1.26370000000002E+02,  1.47872440522232E+03,  8.86672224144355E+03
 2.00658333300000E+03,  4.15276568745794E-01, -3.19500000000000E-01,  2.61630241281907E+01,  1.26550000000002E+02,  1.37932860541391E+03,  6.91905228759562E+03
 2.00666666700000E+03, -1.57902205117284E-01, -1.14250000000000E-01,  3.29625277432531E+01,  1.26730000000002E+02,  2.26116356619965E+03,  5.99113986058939E+03
 2.00675000000000E+03, -1.15625956770221E+00, -2.00500000000000E-01,  3.30061189018542E+01,  1.26910000000002E+02,  2.28546209793064E+03,  4.37324267427235E+03
 2.00683333300000E+03, -1.21418231518620E+00,  8.53000000000000E-01,  3.30500907193497E+01,  1.27090000000002E+02,  2.26607842646822E+03,  6.17255170643403E+03
 2.00691666700000E+03,  1.08417626089307E-01,  3.61325000000000E+00,  3.30944391552040E+01,  1.27270000000002E+02,  2.37730225269853E+03,  6.93262058904259E+03
 2.00700000000000E+03,  1.12252551784673E+00,  5.26700000000000E+00,  3.31391601268417E+01,  1.27450000000002E+02,  2.67939749998968E+03,  5.77132138416913E+03
 2.00708333300000E+03,  5.26741522149393E-01,  4.39450000000000E+00,  3.31842495101479E+01,  1.27630000000002E+02,  2.43353546370281E+03,  6.26538117969120E+03
 2.00716666700000E+03, -7.63093823143053E-01,  3.59375000000000E+00,  3.32297031399721E+01,  1.27810000000002E+02,  2.28642294255401E+03,  6.22861164803096E+03
 2.00725000000000E+03, -1.34950784329051E+00,  2.76250000000000E+00,  3.32755168106385E+01,  1.27990000000002E+02,  2.66534388185983E+03,  4.10017214322099E+03
 2.00733333300000E+03, -1.52024403244226E+00,  2.31750000000000E+00,  3.33216862764629E+01,  1.28170000000002E+02,  2.25941702692298E+03,  3.70889836444277E+03
 2.00741666700000E+03, -2.15418890602474E+00,  1.73000000000000E+00,  3.33682072522736E+01,  1.28350000000002E+02,  3.35401606507596E+03,  7.13161787753526E+03
 2.00750000000000E+03, -2.86218334689559E+00, -3.82000000000000E-01,  3.34150754139389E+01,  1.28530000000002E+02,  2.91699635738549E+03,  5.20112205031061E+03
 2.00758333300000E+03, -1.81010300228040E+00, -8.35250000000000E-01,  3.34622863988994E+01,  1.28710000000002E+02,  2.92048845134444E+03,  5.91885564128353E+03
 2.00766666700000E+03,  8.18880619603065E-01,  8.34500000000000E-01,  4.75892617620606E+01,  1.28890000000002E+02,  2.35890993897688E+03,  5.94671945410824E+03
 2.00775000000000E+03,  2.31973655573272E+00,  2.40450000000000E+00,  4.75687870188185E+01,  1.29070000000002E+02,  2.39609048583288E+03,  6.29738923099138E+03
 2.00783333300000E+03,  2.39341101559079E+00,  4.27700000000000E+00,  4.75480430991494E+01,  1.29250000000002E+02,  9.46214499413149E+02,  2.19087903091194E+03
 2.00791666700000E+03,  2.03323535734931E+00,  4.84450000000000E+00,  4.75270338090280E+01,  1.29430000000002E+02,  6.43657437138285E+02,  2.09001563452912E+03
 2.00800000000000E+03,  1.28234829683271E+00,  3.85250000000000E+00,  4.75057629688333E+01,  1.29610000000002E+02,  6.79391045846465E+02,  1.62834491702399E+03
 2.00808333300000E+03,  3.66777811123782E-01,  5.21125000000000E+00,  4.74842344126948E+01,  1.29790000000002E+02,  7.47342165201796E+02,  2.69072815484811E+03
 2.00816666700000E+03, -2.84200262717694E-01,  6.58675000000000E+00,  4.74624519878376E+01,  1.29970000000002E+02,  1.34205619076826E+03,  3.74435702414151E+03
 2.00825000000000E+03, -3.47385471994722E-01,  4.38125000000000E+00,  4.74404195539272E+01,  1.30150000000002E+02,  1.16913018030181E+03,  4.62866340602054E+03
 2.00833333300000E+03,  1.16989321509756E-01,  1.75675000000000E+00,  4.74181409824125E+01,  1.30330000000002E+02,  2.23783501351607E+03,  6.92242132494740E+03
 2.00841666700000E+03,  7.96432161949860E-01,  4.81250000000000E-01,  4.73956201558690E+01,  1.30510000000002E+02,  2.76397178061324E+03,  7.33602894003581E+03
 2.00850000000000E+03,  1.41941130088731E+00, -7.83750000000000E-01,  4.73728609673407E+01,  1.30690000000002E+02,  2.72443995455940E+03,  7.25018188078367E+03
 2.00858333300000E+03,  1.30372457521709E+00, -1.13825000000000E+00,  4.73498673196819E+01,  1.30870000000002E+02,  2.80893085344317E+03,  6.22817667929943E+03
 2.00866666700000E+03,  4.37441017843222E-01,  1.44000000000000E-01,  3.09609656662966E+01,  1.31050000000002E+02,  3.58695766309810E+03,  5.75914479406679E+03
 2.00875000000000E+03, -1.39566772043572E-02,  1.70650000000000E+00,  3.09602133672133E+01,  1.31230000000002E+02,  2.63647857630321E+03,  4.61766701307975E+03
 2.00883333300000E+03,  7.22030736581095E-03,  2.86400000000000E+00,  3.09599907779490E+01,  1.31410000000002E+02,  2.54166754449341E+03,  4.46217466088540E+03
 2.00891666700000E+03, -2.81113909679196E-02,  4.42875000000000E+00,  3.09602987891737E+01,  1.31590000000002E+02,  2.46412493736775E+03,  3.52387278108723E+03
 2.00900000000000E+03, -9.57527156478144E-02,  4.14300000000000E+00,  3.09611382344942E+01,  1.31770000000002E+02,  1.91622544082654E+03,  4.93962736505175E+03
 2.00908333300000E+03, -1.60041299242355E-01,  2.25150000000000E+00,  3.09625098902647E+01,  1.31950000000002E+02,  1.37184327418673E+03,  5.66992974385985E+03
 2.00916666700000E+03, -1.98226858929270E-01,  2.77650000000000E+00,  3.09644144754062E+01,  1.32130000000002E+02,  1.36408369039088E+03,  4.89819138615306E+03
 2.00925000000000E+03, -2.12542599012344E-01,  2.98250000000000E+00,  3.09668526512322E+01,  1.32310000000003E+02,  1.71413133653761E+03,  6.89249575157656E+03
 2.00933333300000E+03, -2.22900200000384E-01,  7.41250000000000E-01,  3.09698250212847E+01,  1.32490000000003E+02,  2.19141632906922E+03,  7.81341576670528E+03
 2.00941666700000E+03, -2.49643771130340E-01, -8.63750000000000E-01,  3.09733321311757E+01,  1.32670000000003E+02,  2.52649697939021E+03,  6.34330349569492E+03
 2.00950000000000E+03, -3.01516922869134E-01, -5.61750000000000E-01,  3.09773744684389E+01,  1.32850000000003E+02,  2.47683016021741E+03,  5.48102046946661E+03
 2.00958333300000E+03, -4.84610531976133E-01,  2.75250000000000E-01,  3.09819524623883E+01,  1.33030000000003E+02,  2.63424839341679E+03,  5.43374215428469E+03
 2.00966666700000E+03, -6.97257124555884E-01,  5.41750000000000E-01,  3.51646194477453E+01,  1.33210000000003E+02,  2.59546523205069E+03,  4.23598802133107E+03
 2.00975000000000E+03, -7.66654933694533E-01,  4.02000000000000E-01,  3.52205998810149E+01,  1.33390000000003E+02,  2.15012955794709E+03,  3.88021786443742E+03
 2.00983333300000E+03, -9.02300846271221E-01, -4.53000000000000E-01,  3.52767523878158E+01,  1.33570000000003E+02,  1.61544677063784E+03,  3.40977904896201E+03
 2.00991666700000E+03, -1.56679038897148E+00, -3.47600000000000E+00,  3.53330716205661E+01,  1.33750000000003E+02,  1.96635482825940E+03,  3.75542523788157E+03
 2.01000000000000E+03, -2.79827069003667E+00, -6.46725000000000E+00,  3.53895522157745E+01,  1.33930000000003E+02,  1.63198008042445E+03,  3.37520771357767E+03
 2.01008333300000E+03, -2.93081226730705E+00, -5.22200000000000E+00,  3.54461887947129E+01,  1.34110000000003E+02,  1.15338278891957E+03,  2.77341341866449E+03
 2.01016666700000E+03, -1.08649637162904E+00, -2.10900000000000E+00,  3.55029759640921E+01,  1.34290000000003E+02,  1.46656552687689E+03,  2.36289637021809E+03
 2.01025000000000E+03,  3.47783354183911E-01, -4.54999999999999E-02,  3.55599083167386E+01,  1.34470000000003E+02,  1.67484739305668E+03,  2.11753786248748E+03
 2.01033333300000E+03,  4.32916767951473E-02,  2.00425000000000E+00,  3.56169804322725E+01,  1.34650000000003E+02,  1.53573385403911E+03,  2.50320432074364E+03
 2.01041666700000E+03, -3.97341460448776E-01,  2.24950000000000E+00,  3.56741868777886E+01,  1.34830000000003E+02,  3.85368199248618E+03,  5.80170982043668E+03
 2.01050000000000E+03, -6.13546237367201E-01,  7.78250000000000E-01,  3.57315222085376E+01,  1.35010000000003E+02,  3.76845607319632E+03,  5.13739832343619E+03
 2.01058333300000E+03, -1.71450139523524E-01,  4.95000000000000E-01,  3.57889809686095E+01,  1.35190000000003E+02,  4.07404602551432E+03,  5.47643212479611E+03
 2.01066666700000E+03,  1.38963809247904E+00,  1.16650000000000E+00,  4.68111237201406E+01,  1.35370000000003E+02,  4.09035442591612E+03,  7.53208047046217E+03
 2.01075000000000E+03,  1.87610553878090E+00,  2.25000000000000E+00,  4.68467924730049E+01,  1.35550000000003E+02,  3.72272921217668E+03,  7.06131223062193E+03
 2.01083333300000E+03,  1.19090151800321E+00,  1.76575000000000E+00,  4.68820261014169E+01,  1.35730000000003E+02,  1.52323538089617E+03,  3.62998496150232E+03
 2.01091666700000E+03,  1.12027274512828E+00,  8.69250000000000E-01,  4.69168223598404E+01,  1.35910000000003E+02,  1.43028814473005E+03,  3.50763031152239E+03
 2.01100000000000E+03,  1.86289681250291E+00,  3.05525000000000E+00,  4.69511790597542E+01,  1.36090000000003E+02,  8.19258654703998E+02,  4.31967163323796E+03
 2.01108333300000E+03,  2.77733025534245E+00,  3.85250000000000E+00,  4.69850940698317E+01,  1.36270000000003E+02,  7.41293424958174E+02,  2.38113723979974E+03
 2.01116666700000E+03,  3.02861287001098E+00,  2.50300000000000E+00,  4.70185653161137E+01,  1.36450000000003E+02,  9.06030426092895E+02,  3.12220568832055E+03
 2.01125000000000E+03,  2.29645009241937E+00,  2.25500000000000E+00,  4.70515907821709E+01,  1.36630000000003E+02,  1.21208617162266E+03,  6.53556479322715E+03
 2.01133333300000E+03,  1.19660690009754E+00,  1.28050000000000E+00,  4.70841685092592E+01,  1.36810000000003E+02,  1.41345656623773E+03,  7.44457752629798E+03
 2.01141666700000E+03,  6.71198491797137E-01, -4.40000000000000E-02,  4.71162965964652E+01,  1.36990000000003E+02,  1.39146180868633E+03,  5.94293712176345E+03
 2.01150000000000E+03,  9.10154189609059E-01, -1.71000000000000E-01,  4.71479732008439E+01,  1.37170000000003E+02,  1.40878568134700E+03,  6.28565974165092E+03
 2.01158333300000E+03,  4.42632184729818E-01,  2.08000000000000E-01,  4.71791965375470E+01,  1.37350000000003E+02,  1.90445150293667E+03,  5.91073871504892E+03
 2.01166666700000E+03, -6.16060592859244E-01,  6.16000000000000E-01,  4.02319448809614E+01,  1.37530000000003E+02,  1.71867866784158E+03,  3.38741422245987E+03
 2.01175000000000E+03,  9.16922399600131E-02,  1.20925000000000E+00,  4.01853358625201E+01,  1.37710000000003E+02,  1.61492084992548E+03,  2.84241031124145E+03
 2.01183333300000E+03,  1.71310657732435E+00,  3.18350000000000E+00,  4.01387332567094E+01,  1.37890000000003E+02,  1.99204462980279E+03,  7.09288422171436E+03
 2.01191666700000E+03,  2.38658599634646E+00,  5.58875000000000E+00,  4.00921413803671E+01,  1.38070000000003E+02,  1.91509933800727E+03,  6.73572617645392E+03
 2.01200000000000E+03,  2.42426558881871E+00,  5.33500000000000E+00,  4.00455645734816E+01,  1.38250000000003E+02,  1.60114743129738E+03,  6.35523940478519E+03
 2.01208333300000E+03,  1.94352635744296E+00,  3.11900000000000E+00,  3.99990071985863E+01,  1.38430000000003E+02,  1.68514096830003E+03,  5.50127159388831E+03
 2.01216666700000E+03,  6.92997118336158E-01,  6.76000000000000E-01,  3.99524736401500E+01,  1.38610000000003E+02,  1.45490128872959E+03,  6.26057939526449E+03
 2.01225000000000E+03, -5.13269773491002E-01,  3.37500000000001E-02,  3.99059683039625E+01,  1.38790000000003E+02,  1.05696083284327E+03,  3.06437330028781E+03
 2.01233333300000E+03, -4.78902362445982E-01,  1.03875000000000E+00,  3.98594956165164E+01,  1.38970000000003E+02,  1.21575012225040E+03,  3.26556805049702E+03
 2.01241666700000E+03,  2.90688143212571E-01,  1.21800000000000E+00,  3.98130600243840E+01,  1.39150000000003E+02,  9.13625457567448E+02,  2.74134631287685E+03
 2.01250000000000E+03,  3.63941503845622E-01,  6.47000000000000E-01,  3.97666659935902E+01,  1.39330000000003E+02,  5.27412194530725E+02,  4.58741543479808E+03
 2.01258333300000E+03, -4.13828287356368E-01,  5.17250000000000E-01,  3.97203180089817E+01,  1.39510000000003E+02,  6.48329525285165E+02,  5.14283468845530E+03
 2.01266666700000E+03, -9.59467753448602E-01,  1.04000000000000E+00,  3.88167729127501E+01,  1.39690000000003E+02,  5.76791410865993E+02,  5.37698018302618E+03
 2.01275000000000E+03, -8.67766300852977E-01,  2.82500000000001E-02,  3.88684979056019E+01,  1.39870000000003E+02,  6.09753598368521E+02,  6.09961891762339E+03
 2.01283333300000E+03, -6.06573821374008E-01, -1.21175000000000E+00,  3.89205128425994E+01,  1.40050000000003E+02,  5.08751678610106E+02,  7.22680093100632E+03
 2.01291666700000E+03,  1.36528247738832E-01,  1.08725000000000E+00,  3.89728126722932E+01,  1.40230000000003E+02,  5.93624444122799E+02,  6.73469106473077E+03
 2.01300000000000E+03,  1.08658689606373E+00,  5.32775000000000E+00,  3.90253923118061E+01,  1.40410000000003E+02,  5.08808507450382E+02,  5.10637228654225E+03
 2.01308333300000E+03,  8.51295034150882E-01,  6.17750000000000E+00,  3.90782466474847E+01,  1.40590000000003E+02,  7.42087515573418E+02,  4.17903532583081E+03
 2.01316666700000E+03,  6.96962246151251E-02,  3.71375000000000E+00,  3.91313705355561E+01,  1.40770000000003E+02,  6.69445369232559E+02,  4.42401455024029E+03
 2.01325000000000E+03,  6.05521133408628E-01,  2.21825000000000E+00,  3.91847588027880E+01,  1.40950000000003E+02,  1.10419968012095E+03,  4.02306639667669E+03
 2.01333333300000E+03,  1.64707249108896E+00,  1.65050000000000E+00,  3.92384062471529E+01,  1.41130000000003E+02,  1.10131103205086E+03,  2.97183126543763E+03
 2.01341666700000E+03,  1.24293454905364E+00,  1.03800000000000E+00,  3.92923076384970E+01,  1.41310000000003E+02,  1.43090831580952E+03,  3.71433429729290E+03
 2.01350000000000E+03,  3.82156463962889E-02,  2.01000000000000E-01,  3.93464577192123E+01,  1.41490000000003E+02,  1.34014681531268E+03,  4.34260861430433E+03
 2.01358333300000E+03, -3.68712221770590E-01, -5.96250000000000E-01,  3.94008512049125E+01,  1.41670000000003E+02,  1.22130301803810E+03,  3.05168118847568E+03
 2.01366666700000E+03,  1.92109853290931E-01, -2.20250000000000E-01,  4.58842976445126E+01,  1.41850000000003E+02,  7.17067427673473E+02,  2.33460200337838E+03
 2.01375000000000E+03,  9.62001077539276E-01,  4.37750000000000E-01,  4.59291644897670E+01,  1.42030000000003E+02,  1.22212081008360E+03,  2.96333859215873E+03
 2.01383333300000E+03,  1.31849053760074E+00,  1.54825000000000E+00,  4.59736624572556E+01,  1.42210000000003E+02,  2.38623415751820E+03,  4.83943417617031E+03
 2.01391666700000E+03,  1.46046494435365E+00,  3.51675000000000E+00,  4.60177880678053E+01,  1.42390000000003E+02,  2.36231559321693E+03,  4.51435898202077E+03
 2.01400000000000E+03,  1.33474055703239E+00,  2.99350000000000E+00,  4.60615378928666E+01,  1.42570000000003E+02,  2.44388251650677E+03,  5.60397891371265E+03
 2.01408333300000E+03,  4.87658129067711E-01,  3.67250000000000E-01,  4.61049085548812E+01,  1.42750000000003E+02,  2.50175321091791E+03,  5.94615287933292E+03
 2.01416666700000E+03, -4.40995770004096E-01, -2.49750000000000E-01,  4.61478967276428E+01,  1.42930000000003E+02,  2.16974491189000E+03,  5.05533647742126E+03
 2.01425000000000E+03, -4.24347219084552E-01,  7.76250000000000E-01,  4.61904991366491E+01,  1.43110000000003E+02,  6.80408928530578E+02,  3.55310974173779E+03
 2.01433333300000E+03,  1.13549747506757E-01,  1.12625000000000E+00,  4.62327125594470E+01,  1.43290000000003E+02,  5.67748517471031E+02,  4.18378987190766E+03
 2.01441666700000E+03, -5.77822580917494E-02,  3.92000000000000E-01,  4.62745338259687E+01,  1.43470000000003E+02,  1.45705164383081E+03,  5.26565911741858E+03
 2.01450000000000E+03, -7.88119767563906E-01, -7.36500000000000E-01,  4.63159598188610E+01,  1.43650000000003E+02,  1.97260928188856E+03,  7.94310244864341E+03
 2.01458333300000E+03, -1.36234439587412E+00, -1.99975000000000E+00,  4.63569874738056E+01,  1.43830000000003E+02,  1.83106620472347E+03,  9.01724923386814E+03
 2.01466666700000E+03, -1.75954896314310E+00, -3.12650000000000E+00,  3.58570170722992E+01,  1.44010000000003E+02,  1.93890943475215E+03,  9.73735458193919E+03
 2.01475000000000E+03, -1.84038448428805E+00, -3.02800000000000E+00,  3.58673111843492E+01,  1.44190000000003E+02,  1.99434289302317E+03,  8.54738849105328E+03
 2.01483333300000E+03, -1.69327428719405E+00, -2.45875000000000E+00,  3.58781566682332E+01,  1.44370000000003E+02,  1.70616903401555E+03,  6.41165050495148E+03
 2.01491666700000E+03, -1.57599324064489E+00, -1.41875000000000E+00,  3.58895532103871E+01,  1.44550000000003E+02,  2.01011283651195E+03,  3.46244275569323E+03
 2.01500000000000E+03, -1.50620421303865E+00, -1.18500000000000E-01,  3.59015004345678E+01,  1.44730000000003E+02,  1.90179995034114E+03,  3.20596446109167E+03
 2.01508333300000E+03, -1.52271804295517E+00, -8.14999999999999E-02,  3.59139979018291E+01,  1.44910000000003E+02,  1.75511279427971E+03,  1.48983236311421E+03
 2.01516666700000E+03, -1.57762016380090E+00,  2.05750000000000E-01,  3.59270451105061E+01,  1.45090000000003E+02,  3.01407019247543E+03,  2.52906338920804E+03
 2.01525000000000E+03, -1.58492481631974E+00, -7.60000000000000E-02,  3.59406414962093E+01,  1.45270000000003E+02,  2.87193402087273E+03,  3.43409217126853E+03
 2.01533333300000E+03, -1.54081964506650E+00, -1.45900000000000E+00,  3.59547864318270E+01,  1.45450000000003E+02,  2.10555701145387E+03,  3.97112623444079E+03
 2.01541666700000E+03, -1.47130016274108E+00, -2.37350000000000E+00,  3.59694792275369E+01,  1.45630000000003E+02,  2.22033115713013E+03,  3.12034097557690E+03
 2.01550000000000E+03, -1.27846323266000E+00, -3.19975000000000E+00,  3.59847191308270E+01,  1.45810000000003E+02,  2.34135194714434E+03,  2.93614825830314E+03
 2.01558333300000E+03, -1.30298807989028E+00, -3.30150000000000E+00,  3.60005053265258E+01,  1.45990000000003E+02,  1.36846068796356E+03,  2.95220889950456E+03
 2.01566666700000E+03, -1.46786491299799E+00, -3.17925000000000E+00,  4.46528365976615E+01,  1.46170000000003E+02,  1.57215852581042E+03,  5.83153006613397E+03
 2.01575000000000E+03, -1.00424395818631E+00, -2.19300000000000E+00,  4.46246431855659E+01,  1.46350000000003E+02,  1.60091385573135E+03,  5.71264615128174E+03
 2.01583333300000E+03, -4.84289585746641E-01,  4.14000000000000E-01,  4.45965440847088E+01,  1.46530000000003E+02,  1.82625468855771E+03,  6.22991479290150E+03
 2.01591666700000E+03, -6.91006476442745E-01, -4.36000000000000E-01,  4.45685412867896E+01,  1.46710000000003E+02,  2.01226646829909E+03,  6.28454591332662E+03
 2.01600000000000E+03, -1.27991081628257E+00, -2.87400000000000E+00,  4.45406367420298E+01,  1.46890000000003E+02,  2.23612972169877E+03,  6.31736534838398E+03
 2.01608333300000E+03, -1.63540118491699E+00, -1.83750000000000E+00,  4.45128323589377E+01,  1.47070000000003E+02,  1.79780665850424E+03,  3.29286335594639E+03
 2.01616666700000E+03, -1.35480852285238E+00, -1.11000000000000E+00,  4.44851300040805E+01,  1.47250000000003E+02,  1.85784787338045E+03,  3.00945922634594E+03
 2.01625000000000E+03, -5.54118106362189E-01, -1.01575000000000E+00,  4.44575315018650E+01,  1.47430000000003E+02,  2.03320428281469E+03,  3.42332919482096E+03
 2.01633333300000E+03,  2.30791573992750E-01,  2.42000000000000E-01,  4.44300386343243E+01,  1.47610000000003E+02,  1.94974078165290E+03,  3.39975017653920E+03
 2.01641666700000E+03,  4.50837289326369E-01,  1.28575000000000E+00,  4.44026531409143E+01,  1.47790000000003E+02,  1.76746095431004E+03,  5.10235059896276E+03
 2.01650000000000E+03, -6.55682980045019E-02,  1.36725000000000E+00,  4.43753767183160E+01,  1.47970000000003E+02,  1.95347585571381E+03,  4.95528358848092E+03
 2.01658333300000E+03, -5.97557942470149E-01,  1.58900000000000E+00,  4.43482110202470E+01,  1.48150000000003E+02,  2.36337532175774E+03,  6.42483498869465E+03
 2.01666666700000E+03, -4.27197545606784E-01,  1.51650000000000E+00,  3.94233984439060E+01,  1.48330000000003E+02,  2.12224300333796E+03,  6.25870358547821E+03
 2.01675000000000E+03,  3.18693122640666E-01, -1.37000000000000E-01,  3.94781268569480E+01,  1.48510000000003E+02,  2.21407680028653E+03,  7.56968037116519E+03
 2.01683333300000E+03,  1.59340513126786E+00, -9.45000000000000E-02,  3.95330858163400E+01,  1.48690000000003E+02,  1.96752589276725E+03,  4.99606984493830E+03
 2.01691666700000E+03,  2.42435705033315E+00,  6.93250000000000E-01,  3.95882699514380E+01,  1.48870000000003E+02,  1.68919351571983E+03,  4.28918239042827E+03
 2.01700000000000E+03,  1.52990764568682E+00, -1.44425000000000E+00,  3.96436738678468E+01,  1.49050000000003E+02,  1.49664118606106E+03,  4.64775853545125E+03
 2.01708333300000E+03,  2.94926925779190E-01, -2.08525000000000E+00,  3.96992921481151E+01,  1.49230000000003E+02,  1.30422152722133E+03,  4.28909382853648E+03
 2.01716666700000E+03,  3.33644495027803E-01,  5.50000000000000E-02,  3.97551193524331E+01,  1.49410000000003E+02,  1.24794790686707E+03,  3.72532633711900E+03
 2.01725000000000E+03,  3.76961679592448E-01,  4.75250000000000E-01,  3.98111500193339E+01,  1.49590000000003E+02,  1.17408643763663E+03,  3.78147927813349E+03
 2.01733333300000E+03, -2.66666279827308E-01, -1.76250000000000E-01,  3.98673786663977E+01,  1.49770000000003E+02,  2.22923944665825E+03,  6.78547234229305E+03
 2.01741666700000E+03,  3.11054089720499E-02, -8.10000000000000E-02,  3.99237997909581E+01,  1.49950000000003E+02,  2.07197165439297E+03,  7.32251183143889E+03
 2.01750000000000E+03,  1.38548302725702E+00,  2.84500000000000E-01,  3.99804078708124E+01,  1.50130000000003E+02,  2.34680276298649E+03,  6.88785495810664E+03
 2.01758333300000E+03,  1.82742971955102E+00,  5.25000000000000E-02,  4.00371973649332E+01,  1.50310000000003E+02,  2.68919012249946E+03,  6.68227184452204E+03
 2.01766666700000E+03,  9.81819545139577E-01,  6.97250000000000E-01,  3.73287025109850E+01,  1.50490000000003E+02,  3.59262793291290E+03,  8.11102290555652E+03
 2.01775000000000E+03,  5.74604657974434E-01,  1.48700000000000E+00,  3.72927912690137E+01,  1.50670000000003E+02,  2.63129149099582E+03,  5.95876968220098E+03
 2.01783333300000E+03,  1.46412751464940E+00,  1.18775000000000E+00,  3.72571969173555E+01,  1.50850000000003E+02,  2.50694451130821E+03,  3.60418835343233E+03
 2.01791666700000E+03,  2.77111733014594E+00,  2.14150000000000E+00,  3.72219238376032E+01,  1.51030000000003E+02,  2.68361766275735E+03,  3.75267974683398E+03
 2.01800000000000E+03,  3.28764279941590E+00,  3.90900000000000E+00,  3.71869763885798E+01,  1.51210000000003E+02,  2.09422033485790E+03,  3.32923993924703E+03
 2.01808333300000E+03,  2.76446923744375E+00,  3.75600000000000E+00,  3.71523589056610E+01,  1.51390000000003E+02,  1.23558420322508E+03,  2.01157303597788E+03
 2.01816666700000E+03,  1.89892837373447E+00,  1.51950000000000E+00,  3.71180757001007E+01,  1.51570000000003E+02,  9.21439636837003E+02,  1.19199541030972E+03
 2.01825000000000E+03,  1.27929728211177E+00,  3.89000000000000E-01,  3.70841310583593E+01,  1.51750000000003E+02,  1.51130207028058E+03,  2.01049875384140E+03
 2.01833333300000E+03,  9.84220742619576E-01,  4.54750000000000E-01,  3.70505292414349E+01,  1.51930000000003E+02,  1.21987729457714E+03,  2.45838318890631E+03
 2.01841666700000E+03,  8.48332227538029E-01,  6.94750000000000E-01,  3.70172744841976E+01,  1.52110000000003E+02,  1.75099806067560E+03,  4.97232580050239E+03
 2.01850000000000E+03,  7.24863671170708E-01,  1.00575000000000E+00,  3.69843709947265E+01,  1.52290000000003E+02,  1.65628921466332E+03,  4.63813554684842E+03
 2.01858333300000E+03,  2.29629500212707E-01,  7.76500000000000E-01,  3.69518229536504E+01,  1.52470000000003E+02,  1.88401439851764E+03,  4.63734725256714E+03
 2.01866666700000E+03, -1.03094417009616E+00,  3.07500000000000E-01,  3.85556359469084E+01,  1.52650000000003E+02,  1.21583639008466E+03,  3.58211135331269E+03
 2.01875000000000E+03, -2.00718094642620E+00, -1.32500000000000E-01,  3.86057919358136E+01,  1.52830000000003E+02,  1.35490969090529E+03,  3.58381130243016E+03
 2.01883333300000E+03, -1.55675185714853E+00,  5.32250000000000E-01,  3.86562633164607E+01,  1.53010000000003E+02,  9.58967739031130E+02,  2.22561650645525E+03
 2.01891666700000E+03, -7.55753671444868E-01,  7.17000000000000E-01,  3.87070452090790E+01,  1.53190000000003E+02,  1.18271917838046E+03,  2.81042603157940E+03
 2.01900000000000E+03, -6.01160949219236E-01, -1.65300000000000E+00,  3.87581326991908E+01,  1.53370000000003E+02,  1.08292574411696E+03,  2.88090014693383E+03
 2.01908333300000E+03, -4.74729096882403E-01, -3.21750000000000E+00,  3.88095208382391E+01,  1.53550000000003E+02,  1.09654840506312E+03,  3.33244950823008E+03
 2.01916666700000E+03, -2.38807815673067E-01, -1.71275000000000E+00,  3.88612046442212E+01,  1.53730000000003E+02,  1.12176590871911E+03,  5.83072614793865E+03
 2.01925000000000E+03, -1.80896679995677E-01, -5.04250000000000E-01,  3.89131791023263E+01,  1.53910000000003E+02,  1.28554339193942E+03,  5.56952201034859E+03
 2.01933333300000E+03,  3.53644563974258E-01, -7.61500000000000E-01,  3.89654391655773E+01,  1.54090000000003E+02,  1.27886378372311E+03,  4.81917403311468E+03
 2.01941666700000E+03,  1.29438768312898E+00, -2.06750000000000E-01,  3.90179797554786E+01,  1.54270000000003E+02,  1.14412105916755E+03,  5.88018674292488E+03
 2.01950000000000E+03,  1.20074491015290E+00, -1.13000000000000E-01,  3.90707957626660E+01,  1.54450000000003E+02,  1.14664650912373E+03,  5.60982714639983E+03
 2.01958333300000E+03,  7.04124403738256E-01, -9.95250000000000E-01,  3.91238820475634E+01,  1.54630000000003E+02,  7.38810044977246E+02,  2.50955771736498E+03
 2.01966666700000E+03,  9.99396414883284E-01, -6.03250000000000E-01,  4.14478799845824E+01,  1.54810000000003E+02,  9.92697807236116E+02,  1.57985354375809E+03
 2.01975000000000E+03,  8.83962258428756E-01, -3.24999999999998E-03,  4.14889341951411E+01,  1.54990000000003E+02,  8.72469035345497E+02,  1.67539692137774E+03
 2.01983333300000E+03,  4.36830043639595E-01, -1.09325000000000E+00,  4.15296024176925E+01,  1.55170000000003E+02,  1.34453486524261E+03,  9.51968818048735E+02
 2.01991666700000E+03,  1.04480852472513E+00, -6.11750000000000E-01,  4.15698817371914E+01,  1.55350000000003E+02,  1.32399381046213E+03,  1.65220530608051E+03
 2.02000000000000E+03,  2.44417837748754E+00,  3.38425000000000E+00,  4.16097692892163E+01,  1.55530000000003E+02,  1.55642387525541E+03,  2.00645705894200E+03
 2.02008333300000E+03,  3.26056585712237E+00,  4.50700000000000E+00,  4.16492622602501E+01,  1.55710000000003E+02,  1.05726555885776E+03,  2.63208624701622E+03
 2.02016666700000E+03,  2.66777612017967E+00,  1.77950000000000E+00,  4.16883578879531E+01,  1.55890000000003E+02,  1.19207080398424E+03,  3.47037557039913E+03
 2.02025000000000E+03,  1.30312665801007E+00,  1.65750000000000E-01,  4.17270534614283E+01,  1.56070000000003E+02,  7.99886134890266E+02,  3.07720751538906E+03
 2.02033333300000E+03,  3.49269073151622E-01, -2.33250000000000E-01,  4.17653463214797E+01,  1.56250000000003E+02,  1.31809706925616E+03,  3.96599677546537E+03
 2.02041666700000E+03,  1.15353603990075E-01,  1.97500000000000E-01,  4.18032338608625E+01,  1.56430000000003E+02,  1.10934481008168E+03,  4.16779063291192E+03
 2.02050000000000E+03,  1.26344625222804E-01,  4.08250000000000E-01,  4.18407135245261E+01,  1.56610000000003E+02,  1.08453778999442E+03,  3.92881627307468E+03
 2.02058333300000E+03, -4.71500675185547E-02, -1.56250000000000E-01,  4.18777828098488E+01,  1.56790000000003E+02,  9.84674601937357E+02,  4.51762295219140E+03
 2.02066666700000E+03, -3.67967077011598E-01,  1.49250000000000E-01,  4.50606145679451E+01,  1.56970000000003E+02,  9.51943194004663E+02,  5.54588683800944E+03
 2.02075000000000E+03, -2.98388256957152E-01,  1.23650000000000E+00,  4.50313234560974E+01,  1.57150000000003E+02,  6.71545840675602E+02,  5.01729381447088E+03
 2.02083333300000E+03,  4.16203136952095E-01,  2.67600000000000E+00,  4.50020941829771E+01,  1.57330000000003E+02,  8.74484431069748E+02,  5.44837478649530E+03
 2.02091666700000E+03,  1.35147396026581E+00,  3.70350000000000E+00,  4.49729292976425E+01,  1.57510000000003E+02,  1.26461979980594E+03,  7.73684033342423E+03
 2.02100000000000E+03,  1.92647574690623E+00,  4.53300000000000E+00,  4.49438313117992E+01,  1.57690000000003E+02,  1.26050945415435E+03,  7.37210428310510E+03
 2.02108333300000E+03,  1.87418586435257E+00,  5.43325000000000E+00,  4.49148026994613E+01,  1.57870000000003E+02,  1.23498021415170E+03,  6.49617559423481E+03
 2.02116666700000E+03,  1.37705080174048E+00,  4.02125000000000E+00,  4.48858458966191E+01,  1.58050000000003E+02,  9.72241580311141E+02,  6.28690902514489E+03
 2.02125000000000E+03,  7.98495352046383E-01,  2.41050000000000E+00,  4.48569633009142E+01,  1.58230000000003E+02,  1.43011608289292E+03,  5.70695731012294E+03
 2.02133333300000E+03,  2.84119927960377E-01,  1.78225000000000E+00,  4.48281572713214E+01,  1.58410000000003E+02,  1.04434567169906E+03,  2.95265674812229E+03
 2.02141666700000E+03, -3.28010721039154E-01,  6.88500000000000E-01,  4.47994301278385E+01,  1.58590000000003E+02,  1.18961012981607E+03,  3.00991445437590E+03
 2.02150000000000E+03, -1.19232087311415E+00,  5.19000000000000E-01,  4.47707841511826E+01,  1.58770000000004E+02,  1.49653748182491E+03,  3.61404218221135E+03
 2.02158333300000E+03, -9.53804505398037E-01,  9.13000000000000E-01,  4.47422215824943E+01,  1.58950000000004E+02,  1.54297717926040E+03,  2.85579041987723E+03
 2.02166666700000E+03,  8.08754334150927E-01,  1.37850000000000E+00,  4.55217247869785E+01,  1.59130000000004E+02,  1.27622421190773E+03,  2.80782894555103E+03
 2.02175000000000E+03,  1.82435521871146E+00,  1.92250000000000E+00,  4.54999315912394E+01,  1.59310000000004E+02,  1.28053701172781E+03,  3.56282576723515E+03
 2.02183333300000E+03,  1.74588852379699E+00,  1.68825000000000E+00,  4.54779504744390E+01,  1.59490000000004E+02,  1.06257155027695E+03,  2.55342408455886E+03
 2.02191666700000E+03,  1.60962993831182E+00,  1.37825000000000E+00,  4.54557795818698E+01,  1.59670000000004E+02,  7.68713705742384E+02,  3.05581236415695E+03
 2.02200000000000E+03,  1.54437677820357E+00,  3.71050000000000E+00,  4.54334170929038E+01,  1.59850000000004E+02,  8.93980467652641E+02,  4.24851183997724E+03
 2.02208333300000E+03,  1.63172382260950E+00,  6.14425000000000E+00,  4.54108612214686E+01,  1.60030000000004E+02,  5.77267239519190E+02,  4.35315605630495E+03
 2.02216666700000E+03,  1.82464745397830E+00,  5.17125000000000E+00,  4.53881102165176E+01,  1.60210000000004E+02,  5.92741700604919E+02,  3.67113066793740E+03
 2.02225000000000E+03,  1.94704656429104E+00,  3.64475000000000E+00,  4.53651623624943E+01,  1.60390000000004E+02,  5.30429582162654E+02,  3.72439117979796E+03
 2.02233333300000E+03,  1.79950257771242E+00,  2.66775000000000E+00,  4.53420159797910E+01,  1.60570000000004E+02,  6.38688914014856E+02,  2.60032408319056E+03
 2.02241666700000E+03,  1.31626968651602E+00,  1.22100000000000E+00,  4.53186694252012E+01,  1.60750000000004E+02,  1.05642756555916E+03,  1.35665105743230E+03
 2.02250000000000E+03,  6.62963201079930E-01,  3.10000000000000E-01,  4.52951210923657E+01,  1.60930000000004E+02,  1.48878466381992E+03,  1.23314644383271E+03
 2.02258333300000E+03,  5.77758920010873E-01,  5.80000000000000E-02,  4.52713694122131E+01,  1.61110000000004E+02,  1.72784274823414E+03,  1.25977703826352E+03
 2.02266666700000E+03,  1.34548134877944E+00,  5.06750000000000E-01,  4.55519515141788E+01,  1.61290000000004E+02,  1.78292472915516E+03,  1.31999149720986E+03
 2.02275000000000E+03,  1.99321255858444E+00,  2.07400000000000E+00,  4.55220390763617E+01,  1.61470000000004E+02,  1.80403340850491E+03,  2.46906303761511E+03
 2.02283333300000E+03,  2.02744279779347E+00,  2.46900000000000E+00,  4.54921411966337E+01,  1.61650000000004E+02,  1.34337499226852E+03,  3.33740466598317E+03
 2.02291666700000E+03,  1.78378575555233E+00,  5.14500000000000E-01,  4.54622609869327E+01,  1.61830000000004E+02,  1.60957317330041E+03,  5.16162051792251E+03
 2.02300000000000E+03,  1.62890976283001E+00,  5.23000000000000E-01,  4.54324015284312E+01,  1.62010000000004E+02,  1.66014845811867E+03,  6.18101508178499E+03
 2.02308333300000E+03,  1.77471263622364E+00,  1.94925000000000E+00,  4.54025658710889E+01,  1.62190000000004E+02,  1.73915264507334E+03,  6.28620134089679E+03
 2.02316666700000E+03,  2.02751101121221E+00,  1.35900000000000E+00,  4.53727570332109E+01,  1.62370000000004E+02,  1.99123769487581E+03,  5.02796617458451E+03
 2.02325000000000E+03,  1.98383338977029E+00,  4.56500000000000E-01,  4.53429780010130E+01,  1.62550000000004E+02,  1.84593312267098E+03,  4.42719621332994E+03
 2.02333333300000E+03,  1.48097213731344E+00, -4.38250000000000E-01,  4.53132317281916E+01,  1.62730000000004E+02,  1.13333466808927E+03,  3.34013312548775E+03
 2.02341666700000E+03,  8.42424063098580E-01, -3.59000000000000E-01,  4.52835211355013E+01,  1.62910000000004E+02,  1.03340523756646E+03,  4.17950531775191E+03
 2.02350000000000E+03,  6.42725280758535E-01, -2.75250000000000E-01,  4.52538491103382E+01,  1.63090000000004E+02,  1.00009801685065E+03,  4.43667543237571E+03
 2.02358333300000E+03,  5.01469437653539E-01, -1.02850000000000E+00,  4.52242185063295E+01,  1.63270000000004E+02,  9.87525177892104E+02,  4.94865746150553E+03
 2.02366666700000E+03, -2.27101553655757E-01, -1.60650000000000E+00,  3.03843861397210E+01,  1.63450000000004E+02,  1.24166900040189E+03,  4.85016992827620E+03
 2.02375000000000E+03, -1.03966050291923E+00, -2.74675000000000E+00,  3.03576274186943E+01,  1.63630000000004E+02,  1.94093322058268E+03,  4.64813516998397E+03
 2.02383333300000E+03, -1.66430234928974E+00, -3.35950000000000E+00,  3.03306604447631E+01,  1.63810000000004E+02,  1.78429579916956E+03,  2.77005126726436E+03
 2.02391666700000E+03, -2.07108716134592E+00, -2.81100000000000E+00,  3.03034846089960E+01,  1.63990000000004E+02,  2.58332569758062E+03,  3.68609592099112E+03
 2.02400000000000E+03, -1.85272888202714E+00, -2.91475000000000E+00,  3.02760993407958E+01,  1.64170000000004E+02,  2.41537783377459E+03,  4.40250338055966E+03
 2.02408333300000E+03, -9.22068032766827E-01, -3.52375000000000E+00,  3.02485041081254E+01,  1.64350000000004E+02,  2.21365224953150E+03,  4.16088998959945E+03
 2.02416666700000E+03,  3.06570493556735E-01, -1.34250000000000E+00,  3.02206984177268E+01,  1.64530000000004E+02,  1.80766412904467E+03,  3.78436232853518E+03
 2.02425000000000E+03,  1.13513644456426E+00,  1.54275000000000E+00,  3.01926818153348E+01,  1.64710000000004E+02,  2.43414145521428E+03,  4.61898856947321E+03
 2.02433333300000E+03,  1.07629111246817E+00,  1.29175000000000E+00,  3.01644538858845E+01,  1.64890000000004E+02,  1.95121609333175E+03,  3.61237609827658E+03
 2.02441666700000E+03,  2.40694903194533E-01, -2.16500000000000E-01,  3.01360142537122E+01,  1.65070000000004E+02,  1.79794433947218E+03,  3.41460736224205E+03
 2.02450000000000E+03, -7.21776193189672E-01, -5.74000000000000E-01,  3.01073625827506E+01,  1.65250000000004E+02,  2.79340305069223E+03,  4.31535217222719E+03
 2.02458333300000E+03, -9.47954409957258E-01, -3.43000000000000E-01,  3.00784985767179E+01,  1.65430000000004E+02,  2.80500290861047E+03,  6.00318194266362E+03
 2.02466666700000E+03, -3.95318711926996E-01, -1.66500000000000E-01,  3.85468955100308E+01,  1.65610000000004E+02,  2.27476931698302E+03,  5.49500320744890E+03
 2.02475000000000E+03,  1.22209578845610E-01, -1.07500000000000E-02,  3.85410565170431E+01,  1.65790000000004E+02,  2.09158898122732E+03,  4.92532475710253E+03
 2.02483333300000E+03,  4.19756194671168E-01,  2.20500000000000E-01,  3.85348318304341E+01,  1.65970000000004E+02,  2.32686349591661E+03,  4.09081757540777E+03
 2.02491666700000E+03,  7.37651234816446E-01,  2.14575000000000E+00,  3.85282238762510E+01,  1.66150000000004E+02,  1.30223683422490E+03,  3.59991702546700E+03
 2.02500000000000E+03,  1.09903185533048E+00,  3.55825000000000E+00,  3.85212351159887E+01,  1.66330000000004E+02,  1.60313860282847E+03,  4.72367668091008E+03
 2.02508333300000E+03,  1.49431951898329E+00,  1.96100000000000E+00,  3.85138680461377E+01,  1.66510000000004E+02,  1.71725244588218E+03,  4.58052075346746E+03
 2.02516666700000E+03,  1.85691132519212E+00,  1.18950000000000E+00,  3.85061251977280E+01,  1.66690000000004E+02,  1.55477032060814E+03,  4.89201207775738E+03
 2.02525000000000E+03,  2.08487597344017E+00,  2.25375000000000E+00,  3.84980091358683E+01,  1.66870000000004E+02,  1.40669749119217E+03,  5.97102132486068E+03
 2.02533333300000E+03,  2.09926372472375E+00,  2.25925000000000E+00,  3.84895224592816E+01,  1.67050000000004E+02,  1.38478611488783E+03,  6.37856479334824E+03
 2.02541666700000E+03,  1.89457390958769E+00,  1.38800000000000E+00,  3.84806677998358E+01,  1.67230000000004E+02,  9.32805045691901E+02,  3.54799406895309E+03
 2.02550000000000E+03,  1.53867699987975E+00,  8.80750000000000E-01,  3.84714478220713E+01,  1.67410000000004E+02,  9.51138459698189E+02,  3.96504126047655E+03
 2.02558333300000E+03,  1.05600544750631E+00,  2.31750000000000E-01,  3.84618652227233E+01,  1.67590000000004E+02,  9.60781150862838E+02,  3.85919495409315E+03
 2.02566666700000E+03,  3.83592198158983E-01, -1.77250000000000E-01,  3.99357133592796E+01,  1.67770000000004E+02,  1.00514069599129E+03,  5.53641221995205E+03
 2.02575000000000E+03, -2.50672385582958E-01,  1.74000000000000E-01,  3.99076291049651E+01,  1.67950000000004E+02,  1.46614210869017E+03,  5.38390645806640E+03
 2.02583333300000E+03, -3.22502552906802E-01,  3.43250000000000E-01,  3.98796302373329E+01,  1.68130000000004E+02,  1.84895594869412E+03,  5.35284833054057E+03
 2.02591666700000E+03,  2.92324400716339E-01,  6.17250000000000E-01,  3.98517187908153E+01,  1.68310000000004E+02,  2.06120172997549E+03,  6.51572423826056E+03
 2.02600000000000E+03,  1.14992202686471E+00,  6.68250000000000E-01,  3.98238967613505E+01,  1.68490000000004E+02,  2.67766974636987E+03,  9.29047239359643E+03
 2.02608333300000E+03,  1.67578528278569E+00,  1.15350000000000E+00,  3.97961661061401E+01,  1.68670000000004E+02,  2.65584361816201E+03,  6.31363317450830E+03
 2.02616666700000E+03,  1.58575736728513E+00,  1.47700000000000E+00,  3.97685287434149E+01,  1.68850000000004E+02,  2.62147340327057E+03,  6.25027751368884E+03
 2.02625000000000E+03,  1.09492908942332E+00, -2.74999999999981E-03,  3.97409865522068E+01,  1.69030000000004E+02,  2.97870912573969E+03,  9.01129430388041E+03
 2.02633333300000E+03,  7.50740121644010E-01, -8.77000000000000E-01,  3.97135413721280E+01,  1.69210000000004E+02,  2.20472320748332E+03,  3.95993637545013E+03
 2.02641666700000E+03,  8.21744569585295E-01, -1.96200000000000E+00,  3.96861950031565E+01,  1.69390000000004E+02,  4.98381777755701E+03,  1.61307629213770E+04
