 1.88000000000000E+03, -5.30362079459014E-01, -6.21750000000000E-01,  1.28506368046857E+00,  1.00000000000000E-02,  7.19844115656965E+04,  7.46483192365409E+04
 1.88008333300000E+03, -5.71877723604230E-01, -5.39250000000000E-01,  1.30870744458894E+00,  1.90000000000000E-01,  3.70253349134215E+03,  9.49876885561497E+03
 1.88016666700000E+03, -6.03488579792217E-01, -5.07500000000000E-01,  1.33277901889926E+00,  3.70000000000000E-01,  1.61328104426830E+04,  1.81066372625206E+04
 1.88025000000000E+03, -6.16385177205522E-01, -5.60312500000000E-01,  1.35691178143223E+00,  5.50000000000000E-01,  1.86680553466261E+03,  3.62438484052537E+03
 1.88033333300000E+03, -6.02499028649270E-01, -6.23562500000000E-01,  1.38110441805386E+00,  7.30000000000000E-01,  1.60602255972935E+03,  2.14154167527095E+03
 1.88041666700000E+03, -5.59385698309188E-01, -5.65000000000000E-01,  1.40535559207201E+00,  9.10000000000000E-01,  1.71811557719207E+03,  2.10880802217191E+03
 1.88050000000000E+03, -4.97203655880812E-01, -3.81875000000000E-01,  1.42966394436878E+00,  1.09000000000000E+00,  1.96542462149946E+03,  2.41509302265209E+03
 1.88058333300000E+03, -4.49631459693121E-01, -2.30562500000000E-01,  1.45402809353614E+00,  1.27000000000000E+00,  1.15020640337635E+03,  1.55926472480535E+03
 1.88066666700000E+03, -4.41745328398818E-01, -1.98250000000000E-01,  1.93490050336026E+00,  1.45000000000000E+00,  1.25377751722480E+03,  1.17388371177592E+03
 1.88075000000000E+03, -4.55780489411520E-01, -2.21250000000000E-01,  1.96006585738014E+00,  1.63000000000000E+00,  9.26330993163475E+02,  9.09223032049074E+02
 1.88083333300000E+03, -4.70640881838518E-01, -2.76750000000000E-01,  1.98525244434909E+00,  1.81000000000000E+00,  1.06801221612635E+03,  8.93278267679071E+02
 1.88091666700000E+03, -4.73848529425829E-01, -3.78687500000000E-01,  2.01045842618062E+00,  1.99000000000000E+00,  8.07674820923749E+02,  8.22339238916858E+02
 1.88100000000000E+03, -4.57541193803955E-01, -4.23125000000000E-01,  2.03568194653216E+00,  2.17000000000000E+00,  9.42392801085168E+02,  1.07173515400514E+03
 1.88108333300000E+03, -4.30072925404359E-01, -3.20437500000000E-01,  2.06092113101252E+00,  2.35000000000000E+00,  7.62185452903263E+02,  1.12432210068429E+03
 1.88116666700000E+03, -3.99975323006423E-01, -1.63562500000000E-01,  2.08617408739194E+00,  2.53000000000000E+00,  6.61344953393715E+02,  1.00861191465031E+03
 1.88125000000000E+03, -3.72500133245122E-01, -1.09562500000000E-01,  2.11143890581493E+00,  2.71000000000000E+00,  4.60844140920396E+02,  1.07032185643886E+03
 1.88133333300000E+03, -3.52435951280137E-01, -1.93562500000000E-01,  2.13671365901560E+00,  2.89000000000000E+00,  5.02236568672101E+02,  9.48983376919066E+02
 1.88141666700000E+03, -3.41835836137763E-01, -2.82375000000000E-01,  2.16199640253562E+00,  3.07000000000000E+00,  3.60908540322056E+02,  6.82834665421406E+02
 1.88150000000000E+03, -3.43254724841141E-01, -2.69125000000000E-01,  2.18728517494475E+00,  3.25000000000000E+00,  4.55185908732055E+02,  8.70808151482770E+02
 1.88158333300000E+03, -2.94779953724490E-01, -2.19500000000000E-01,  2.21257799806389E+00,  3.43000000000000E+00,  5.24942552459116E+02,  8.51454621493320E+02
 1.88166666700000E+03, -2.09111410946841E-01, -2.12250000000000E-01, -3.06559343788795E+00,  3.61000000000000E+00,  4.58873759958915E+02,  6.18770239597486E+02
 1.88175000000000E+03, -2.42073721921686E-01, -2.43750000000000E-01, -3.11292150452781E+00,  3.79000000000000E+00,  3.55335661355275E+02,  5.57328378813440E+02
 1.88183333300000E+03, -3.80213628018023E-01, -2.63125000000000E-01, -3.16012145053704E+00,  3.97000000000000E+00,  3.48323504667454E+02,  5.31303736638968E+02
 1.88191666700000E+03, -4.82127760578699E-01, -2.06687500000000E-01, -3.20718982602531E+00,  4.15000000000000E+00,  2.42377423251545E+02,  2.92882691342809E+02
 1.88200000000000E+03, -4.97723308084070E-01, -1.15000000000000E-01, -3.25412319141492E+00,  4.33000000000000E+00,  1.27403091569134E+02,  2.82541694001032E+02
 1.88208333300000E+03, -4.70308636344616E-01, -1.20750000000000E-01, -3.30091811777211E+00,  4.51000000000000E+00,  1.71904169141627E+02,  3.11215730988527E+02
 1.88216666700000E+03, -4.82764045475041E-01, -2.39500000000000E-01, -3.34757118713740E+00,  4.69000000000000E+00,  1.77862489858211E+02,  1.60803745283363E+02
 1.88225000000000E+03, -5.61721499526563E-01, -3.75437500000000E-01, -3.39407899285455E+00,  4.87000000000000E+00,  1.82516650267466E+02,  1.91266308351658E+02
 1.88233333300000E+03, -6.51629827017362E-01, -4.90750000000000E-01, -3.44043813989850E+00,  5.05000000000000E+00,  1.49488108626447E+02,  1.35666408780120E+02
 1.88241666700000E+03, -6.81016491072071E-01, -5.45750000000000E-01, -3.48664524520188E+00,  5.23000000000000E+00,  1.43466686385296E+02,  1.61321056586675E+02
 1.88250000000000E+03, -6.35682655747935E-01, -4.74562500000000E-01, -3.53269693798038E+00,  5.41000000000000E+00,  8.11204004511688E+01,  1.60089844152754E+02
 1.88258333300000E+03, -5.47840099371413E-01, -3.33687500000000E-01, -3.57858986005666E+00,  5.59000000000000E+00,  5.44091502647351E+01,  1.55113695039503E+02
 1.88266666700000E+03, -4.66565213018835E-01, -2.71375000000000E-01,  3.11860781346735E+00,  5.77000000000000E+00,  3.80922059352844E+01,  1.46247104017285E+02
 1.88275000000000E+03, -4.30821912650705E-01, -3.54437500000000E-01,  3.10454795770658E+00,  5.95000000000000E+00,  5.73253659711257E+01,  1.59910989950143E+02
 1.88283333300000E+03, -4.29807007717537E-01, -4.64125000000000E-01,  3.09044521522994E+00,  6.13000000000000E+00,  7.94600663612313E+01,  1.33386212069889E+02
 1.88291666700000E+03, -4.40286285472345E-01, -4.26062500000000E-01,  3.07629788077110E+00,  6.31000000000000E+00,  9.81812060238135E+01,  1.16460813354674E+02
 1.88300000000000E+03, -4.57327727949387E-01, -3.08562500000000E-01,  3.06210425125800E+00,  6.49000000000000E+00,  9.23034106198577E+01,  1.26166166604484E+02
 1.88308333300000E+03, -4.79592019477905E-01, -3.20875000000000E-01,  3.04786262610836E+00,  6.67000000000000E+00,  8.69509304002082E+01,  1.20133955386381E+02
 1.88316666700000E+03, -5.07123432968038E-01, -4.49562500000000E-01,  3.03357130752503E+00,  6.85000000000000E+00,  5.89944738840833E+01,  1.30857922446465E+02
 1.88325000000000E+03, -5.37375289100006E-01, -5.24750000000000E-01,  3.01922860079098E+00,  7.03000000000000E+00,  4.02767969820302E+01,  1.25441872823495E+02
 1.88333333300000E+03, -5.63857550901402E-01, -4.72125000000000E-01,  3.00483281456406E+00,  7.21000000000000E+00,  3.05771390681137E+01,  1.02461027290838E+02
 1.88341666700000E+03, -5.79538624618422E-01, -3.77937500000000E-01,  2.99038226117132E+00,  7.39000000000000E+00,  4.00139397209204E+01,  8.70837327408549E+01
 1.88350000000000E+03, -5.82487543896508E-01, -3.77875000000000E-01,  2.97587525690292E+00,  7.57000000000000E+00,  5.33127855361519E+01,  7.60694294662387E+01
 1.88358333300000E+03, -5.16041100162496E-01, -4.60750000000000E-01,  2.96131012230568E+00,  7.75000000000000E+00,  5.42973016950202E+01,  6.01997139272771E+01
 1.88366666700000E+03, -3.83853887196995E-01, -5.31187500000000E-01, -7.15044690035346E+00,  7.93000000000000E+00,  6.29713359474668E+01,  1.42959482798502E+02
 1.88375000000000E+03, -3.11560974941026E-01, -5.84937500000000E-01, -7.15705985888396E+00,  8.11000000000000E+00,  4.91060818150691E+01,  1.52310632771511E+02
 1.88383333300000E+03, -3.04270402782659E-01, -6.48125000000000E-01, -7.16329712093046E+00,  8.29000000000000E+00,  3.45543525836281E+01,  1.37456566336921E+02
 1.88391666700000E+03, -2.98276161133903E-01, -6.95187500000000E-01, -7.16915762193190E+00,  8.47000000000000E+00,  2.86815584985568E+01,  1.31632831649228E+02
 1.88400000000000E+03, -2.88172956005688E-01, -6.83375000000000E-01, -7.17464032737695E+00,  8.65000000000000E+00,  3.11852443870938E+01,  1.26417354495110E+02
 1.88408333300000E+03, -2.75538459336420E-01, -6.17437500000000E-01, -7.17974423295177E+00,  8.82999999999999E+00,  3.90353479814657E+01,  6.03368572522557E+01
 1.88416666700000E+03, -2.65106202548731E-01, -5.68187500000000E-01, -7.18446836468464E+00,  9.00999999999999E+00,  5.99258195946365E+01,  5.57591075214344E+01
 1.88425000000000E+03, -2.57985408631466E-01, -5.79000000000000E-01, -7.18881177908732E+00,  9.18999999999999E+00,  9.90743161726778E+01,  1.54606841403168E+02
 1.88433333300000E+03, -2.49284599639366E-01, -5.98250000000000E-01, -7.19277356329323E+00,  9.36999999999999E+00,  1.05133585819411E+02,  1.72644519050860E+02
 1.88441666700000E+03, -2.32869148217979E-01, -5.51250000000000E-01, -7.19635283519233E+00,  9.54999999999999E+00,  1.11907572023802E+02,  1.74378387246389E+02
 1.88450000000000E+03, -2.08533471220723E-01, -4.17625000000000E-01, -7.19954874356278E+00,  9.72999999999999E+00,  1.04830485243126E+02,  1.57571362600311E+02
 1.88458333300000E+03, -2.44369412805765E-01, -2.61500000000000E-01, -7.20236046819935E+00,  9.90999999999999E+00,  9.01475591343842E+01,  1.36042322887439E+02
 1.88466666700000E+03, -3.54030112204966E-01, -1.97687500000000E-01, -6.10779577931239E+00,  1.00900000000000E+01,  5.91215355309994E+01,  3.98618924630412E+01
 1.88475000000000E+03, -4.22970808448443E-01, -2.47562500000000E-01, -6.13412693194804E+00,  1.02700000000000E+01,  7.06116280153440E+01,  2.12525150210530E+01
 1.88483333300000E+03, -4.38890767792080E-01, -3.08625000000000E-01, -6.16019536098165E+00,  1.04500000000000E+01,  7.74173322443631E+01,  2.50378258517842E+01
 1.88491666700000E+03, -4.47155957822256E-01, -3.37562500000000E-01, -6.18599856768867E+00,  1.06300000000000E+01,  6.59678781469164E+01,  2.94780524872134E+01
 1.88500000000000E+03, -4.44653571043796E-01, -4.04500000000000E-01, -6.21153406938991E+00,  1.08100000000000E+01,  5.88546651550550E+01,  3.14118679025333E+01
 1.88508333300000E+03, -4.39823185094379E-01, -5.08062500000000E-01, -6.23679939974665E+00,  1.09900000000000E+01,  4.73948106586385E+01,  5.25052227492000E+01
 1.88516666700000E+03, -4.46632792019930E-01, -5.58562500000000E-01, -6.26179210905419E+00,  1.11700000000000E+01,  2.24068031413599E+01,  6.83664474198607E+01
 1.88525000000000E+03, -4.73929401779657E-01, -5.72562500000000E-01, -6.28650976453387E+00,  1.13500000000000E+01,  7.56857296348984E+00,  8.30589186214493E+01
 1.88533333300000E+03, -5.19280158748108E-01, -6.38875000000000E-01, -6.31094995062350E+00,  1.15300000000000E+01,  1.50982168275087E+01,  1.08474503128214E+02
 1.88541666700000E+03, -5.71767729082883E-01, -7.29812500000000E-01, -6.33511026926611E+00,  1.17100000000000E+01,  2.57395815850312E+01,  1.26601564422547E+02
 1.88550000000000E+03, -6.19936710035119E-01, -7.35250000000000E-01, -6.35898834019715E+00,  1.18900000000000E+01,  3.25004148753470E+01,  1.23908051377200E+02
 1.88558333300000E+03, -5.70040050916037E-01, -6.40562500000000E-01, -6.38258180122985E+00,  1.20700000000000E+01,  3.22845885259214E+01,  1.10791176859151E+02
 1.88566666700000E+03, -4.06126029597805E-01, -5.36812500000000E-01, -5.49231132130825E+00,  1.22500000000000E+01,  2.95992834543978E+01,  9.62075528453947E+01
 1.88575000000000E+03, -2.90114439488046E-01, -4.61375000000000E-01, -5.52700881669915E+00,  1.24300000000000E+01,  2.74599192163618E+01,  7.96284246130601E+01
 1.88583333300000E+03, -2.47154050696196E-01, -3.71562500000000E-01, -5.56140512418680E+00,  1.26100000000000E+01,  2.62423848654144E+01,  9.76924357689978E+01
 1.88591666700000E+03, -2.27969800384064E-01, -2.52937500000000E-01, -5.59549788510088E+00,  1.27900000000000E+01,  2.37282590058899E+01,  1.03619508454003E+02
 1.88600000000000E+03, -2.54808464147690E-01, -1.39437500000000E-01, -5.62928476731235E+00,  1.29700000000000E+01,  2.39173036848375E+01,  1.00484476644512E+02
 1.88608333300000E+03, -3.29908992798951E-01, -7.03125000000000E-02, -5.66276346544372E+00,  1.31500000000000E+01,  3.74271797591282E+01,  9.42794791359018E+01
 1.88616666700000E+03, -4.29645524490380E-01, -6.46250000000000E-02, -5.69593170107652E+00,  1.33300000000000E+01,  3.05953552677671E+01,  1.09059505924013E+02
 1.88625000000000E+03, -5.13864648009344E-01, -1.32875000000000E-01, -5.72878722295572E+00,  1.35100000000000E+01,  3.21618176423179E+01,  9.25263997668707E+01
 1.88633333300000E+03, -5.46646370832973E-01, -2.61312500000000E-01, -5.76132780719115E+00,  1.36900000000000E+01,  2.69530628354643E+01,  8.58776346411409E+01
 1.88641666700000E+03, -5.16477169969984E-01, -3.49687500000000E-01, -5.79355125745601E+00,  1.38700000000000E+01,  3.33179223548039E+01,  1.21488205725415E+02
 1.88650000000000E+03, -4.42834761268472E-01, -3.04500000000000E-01, -5.82545540518228E+00,  1.40500000000000E+01,  2.59283062788302E+01,  1.13694742275758E+02
 1.88658333300000E+03, -3.58750741253465E-01, -2.06375000000000E-01, -5.85703810975313E+00,  1.42300000000000E+01,  2.93973995406587E+01,  8.66591721324292E+01
 1.88666666700000E+03, -3.21562674666733E-01, -2.04687500000000E-01,  2.38255932218846E+00,  1.44100000000000E+01,  2.55382879064485E+01,  1.19519519985989E+02
 1.88675000000000E+03, -3.69154799857570E-01, -3.17937500000000E-01,  2.34400563514752E+00,  1.45900000000000E+01,  2.80666105588780E+01,  1.03327908213016E+02
 1.88683333300000E+03, -4.41255858734351E-01, -4.63500000000000E-01,  2.30519846126037E+00,  1.47700000000000E+01,  3.53048965286843E+01,  8.83507227232860E+01
 1.88691666700000E+03, -4.63700350153522E-01, -5.51812500000000E-01,  2.26614018031064E+00,  1.49500000000000E+01,  3.26545185989402E+01,  8.61085968918403E+01
 1.88700000000000E+03, -4.31419799314326E-01, -5.54375000000000E-01,  2.22683319791018E+00,  1.51300000000000E+01,  3.37838371666466E+01,  9.70010519722719E+01
 1.88708333300000E+03, -3.85123764696515E-01, -5.44625000000000E-01,  2.18727994529155E+00,  1.53100000000000E+01,  2.86669281309827E+01,  1.12411986316925E+02
 1.88716666700000E+03, -3.71346516605073E-01, -5.92125000000000E-01,  2.14748287909762E+00,  1.54900000000000E+01,  2.83940479392395E+01,  1.19628743756983E+02
 1.88725000000000E+03, -4.02426349461708E-01, -6.75312500000000E-01,  2.10744448116822E+00,  1.56700000000000E+01,  1.49918643547181E+01,  1.00082146540635E+02
 1.88733333300000E+03, -4.52082719346708E-01, -7.34437500000000E-01,  2.06716725832387E+00,  1.58500000000000E+01,  2.28172939709959E+01,  1.04887532144224E+02
 1.88741666700000E+03, -4.85093724636204E-01, -7.34687500000000E-01,  2.02665374214671E+00,  1.60300000000000E+01,  3.07247581346252E+01,  9.31129438800255E+01
 1.88750000000000E+03, -4.87032241360292E-01, -7.14000000000000E-01,  1.98590648875847E+00,  1.62100000000000E+01,  3.13813841997358E+01,  2.68035029786304E+01
 1.88758333300000E+03, -4.84360721098877E-01, -7.24937500000000E-01,  1.94492807859568E+00,  1.63900000000000E+01,  2.94591782544544E+01,  1.60470624010616E+01
 1.88766666700000E+03, -5.15888568366280E-01, -7.20062500000000E-01, -2.05778600168748E-01,  1.65700000000000E+01,  3.36745836560687E+01,  1.49466125653463E+01
 1.88775000000000E+03, -5.70218361965899E-01, -6.71562500000000E-01, -2.38796879836229E-01,  1.67500000000000E+01,  3.54630455208951E+01,  3.74899603882253E+01
 1.88783333300000E+03, -6.05436358763716E-01, -6.63750000000000E-01, -2.71952291805744E-01,  1.69300000000000E+01,  3.22344708078385E+01,  5.58150723993935E+01
 1.88791666700000E+03, -6.02952499152263E-01, -6.95125000000000E-01, -3.05243739967278E-01,  1.71100000000000E+01,  3.36177954879005E+01,  7.18429359552947E+01
 1.88800000000000E+03, -5.69733927250467E-01, -6.38562500000000E-01, -3.38670102356121E-01,  1.72900000000000E+01,  4.68497213718295E+01,  8.98595285295656E+01
 1.88808333300000E+03, -5.22884771147931E-01, -4.67125000000000E-01, -3.72230231218932E-01,  1.74700000000000E+01,  6.35297189736955E+01,  1.53550243736968E+02
 1.88816666700000E+03, -4.76148713922221E-01, -2.95812500000000E-01, -4.05922953083203E-01,  1.76500000000000E+01,  5.71820305651690E+01,  1.64644051027695E+02
 1.88825000000000E+03, -4.32474515335130E-01, -2.23562500000000E-01, -4.39747068830139E-01,  1.78300000000000E+01,  5.02515656903982E+01,  1.47071183610349E+02
 1.88833333300000E+03, -3.88076653825043E-01, -2.67250000000000E-01, -4.73701353770917E-01,  1.80100000000000E+01,  7.12319639330983E+01,  1.59795331868752E+02
 1.88841666700000E+03, -3.42677334250525E-01, -3.53625000000000E-01, -5.07784557726345E-01,  1.81900000000000E+01,  7.96170781868728E+01,  1.89271733293939E+02
 1.88850000000000E+03, -3.04508543414890E-01, -3.76812500000000E-01, -5.41995405109886E-01,  1.83700000000000E+01,  6.54153860109202E+01,  1.27982642210109E+02
 1.88858333300000E+03, -2.65021150324607E-01, -3.29937500000000E-01, -5.76332595014067E-01,  1.85500000000000E+01,  7.56159565015076E+01,  1.72999949038608E+02
 1.88866666700000E+03, -2.23120502556805E-01, -2.67187500000000E-01,  8.37410352366061E+00,  1.87300000000000E+01,  9.26573764005596E+01,  2.13012302335905E+02
 1.88875000000000E+03, -2.08857074609900E-01, -2.10562500000000E-01,  8.40248828710276E+00,  1.89100000000000E+01,  7.89140225058289E+01,  2.02844312995779E+02
 1.88883333300000E+03, -2.19653217070140E-01, -1.66812500000000E-01,  8.43054522976819E+00,  1.90900000000000E+01,  9.36472529128279E+01,  1.58974837064117E+02
 1.88891666700000E+03, -2.30451315602831E-01, -1.28250000000000E-01,  8.45827306449469E+00,  1.92700000000000E+01,  1.13673277250088E+02,  1.62119031412528E+02
 1.88900000000000E+03, -2.33429847259272E-01, -8.78125000000000E-02,  8.48567053681914E+00,  1.94500000000000E+01,  1.23840382087944E+02,  8.37293753059296E+01
 1.88908333300000E+03, -2.30826111394455E-01, -4.25625000000000E-02,  8.51273642504679E+00,  1.96300000000000E+01,  1.36370865046616E+02,  8.70230810770991E+01
 1.88916666700000E+03, -2.32802567663224E-01,  1.15000000000000E-02,  8.53946954031681E+00,  1.98100000000000E+01,  1.45900217219536E+02,  8.19307442675458E+01
 1.88925000000000E+03, -2.48888233753158E-01,  2.78750000000000E-02,  8.56586872666410E+00,  1.99900000000000E+01,  1.37694361645405E+02,  1.22641220180367E+02
 1.88933333300000E+03, -2.81223131400941E-01, -4.06875000000000E-02,  8.59193286107720E+00,  2.01700000000000E+01,  1.13437107467480E+02,  1.40076182919622E+02
 1.88941666700000E+03, -3.24820047632188E-01, -1.41875000000000E-01,  8.61766085355244E+00,  2.03500000000000E+01,  1.61136262116079E+02,  1.62585790686851E+02
 1.88950000000000E+03, -3.72671599657466E-01, -1.79937500000000E-01,  8.64305164714431E+00,  2.05300000000000E+01,  1.75263331848473E+02,  2.34407520476319E+02
 1.88958333300000E+03, -4.15900341541881E-01, -1.46625000000000E-01,  8.66810421801194E+00,  2.07100000000000E+01,  1.61416829412396E+02,  2.49058500947067E+02
 1.88966666700000E+03, -4.45574115854778E-01, -1.31125000000000E-01, -6.95399764552535E+00,  2.08900000000000E+01,  1.65321968370189E+02,  2.54524226110121E+02
 1.88975000000000E+03, -4.66219146054228E-01, -2.16625000000000E-01, -6.96753457624025E+00,  2.10700000000000E+01,  1.61886406597868E+02,  2.48771190468109E+02
 1.88983333300000E+03, -4.89373763850521E-01, -4.08000000000000E-01, -6.98072165141797E+00,  2.12500000000000E+01,  1.02957687512741E+02,  2.33191485204928E+02
 1.88991666700000E+03, -5.13857112332956E-01, -6.33562500000000E-01, -6.99355726570061E+00,  2.14300000000000E+01,  7.45986524441442E+01,  1.65877327158059E+02
 1.89000000000000E+03, -5.33369569515882E-01, -7.75187500000000E-01, -7.00603984037577E+00,  2.16100000000000E+01,  1.32854064808049E+02,  3.43496545527430E+02
 1.89008333300000E+03, -5.48372970831519E-01, -7.65250000000000E-01, -7.01816782358128E+00,  2.17900000000000E+01,  1.14751914892177E+02,  2.99361815552712E+02
 1.89016666700000E+03, -5.62332761307145E-01, -6.95062500000000E-01, -7.02993969050732E+00,  2.19700000000000E+01,  1.25763996958738E+02,  4.18342115048974E+02
 1.89025000000000E+03, -5.75103145773360E-01, -6.82937500000000E-01, -7.04135394359559E+00,  2.21500000000000E+01,  1.15219379345786E+02,  4.24218460245641E+02
 1.89033333300000E+03, -5.80769478096950E-01, -6.90000000000000E-01, -7.05240911273572E+00,  2.23300000000000E+01,  1.28293648643053E+02,  4.67768911758435E+02
 1.89041666700000E+03, -5.72601321805264E-01, -6.62250000000000E-01, -7.06310375545877E+00,  2.25100000000000E+01,  6.40142587311340E+01,  2.72109615820443E+02
 1.89050000000000E+03, -5.50324285909310E-01, -6.48062500000000E-01, -7.07343645712793E+00,  2.26900000000000E+01,  9.34467201589088E+01,  2.74593025745213E+02
 1.89058333300000E+03, -5.09831618146974E-01, -6.35875000000000E-01, -7.08340583112623E+00,  2.28700000000000E+01,  9.90904392192535E+01,  1.36840922858827E+02
 1.89066666700000E+03, -4.69799439036297E-01, -5.74937500000000E-01, -8.82576596624756E+00,  2.30500000000000E+01,  9.56686378301609E+01,  1.40366325181788E+02
 1.89075000000000E+03, -4.82892203287043E-01, -5.33375000000000E-01, -8.87052677423058E+00,  2.32300000000000E+01,  2.02570010026217E+02,  2.78411839033511E+02
 1.89083333300000E+03, -5.43138324178646E-01, -5.69562500000000E-01, -8.91508507896889E+00,  2.34100000000000E+01,  2.87581956762128E+02,  3.64178118315628E+02
 1.89091666700000E+03, -5.73507076178749E-01, -6.07500000000000E-01, -8.95943754790711E+00,  2.35900000000000E+01,  2.67047185924158E+02,  3.92571415543778E+02
 1.89100000000000E+03, -5.24474654621479E-01, -5.58312500000000E-01, -9.00358086641432E+00,  2.37700000000000E+01,  3.22939050744349E+02,  5.50348854915483E+02
 1.89108333300000E+03, -4.24025418924215E-01, -4.46187500000000E-01, -9.04751173811026E+00,  2.39500000000000E+01,  3.36524753521054E+02,  5.44399968661834E+02
 1.89116666700000E+03, -3.43600871789465E-01, -3.86750000000000E-01, -9.09122688518935E+00,  2.41300000000000E+01,  3.45553415247548E+02,  3.30583350454385E+02
 1.89125000000000E+03, -3.27915159675326E-01, -4.36562500000000E-01, -9.13472304874272E+00,  2.43100000000000E+01,  3.73787224543439E+02,  4.64308340245765E+02
 1.89133333300000E+03, -3.63880890350361E-01, -5.43000000000000E-01, -9.17799698907802E+00,  2.44900000000000E+01,  3.78206004010450E+02,  4.45913682929892E+02
 1.89141666700000E+03, -4.09746620827625E-01, -6.56000000000000E-01, -9.22104548603709E+00,  2.46700000000000E+01,  4.36763868735143E+02,  4.93959841729950E+02
 1.89150000000000E+03, -4.39192557536883E-01, -7.58875000000000E-01, -9.26386533931148E+00,  2.48500000000000E+01,  4.34853242578895E+02,  5.02420562429315E+02
 1.89158333300000E+03, -4.57522718472626E-01, -8.18812500000000E-01, -9.30645336875564E+00,  2.50300000000000E+01,  3.01834167841798E+02,  4.88472923421947E+02
 1.89166666700000E+03, -4.70307056476716E-01, -8.14250000000000E-01,  4.64577073472710E+00,  2.52100000000000E+01,  2.59832201453300E+02,  3.39288154657529E+02
 1.89175000000000E+03, -4.71595895055809E-01, -7.75375000000000E-01,  4.65282267733035E+00,  2.53900000000000E+01,  2.35495338241261E+02,  3.61499957535976E+02
 1.89183333300000E+03, -4.69638606451839E-01, -7.23875000000000E-01,  4.65958727248430E+00,  2.55700000000000E+01,  1.34932640963410E+02,  2.10881455379736E+02
 1.89191666700000E+03, -4.70465388853965E-01, -6.17562500000000E-01,  4.66606277304675E+00,  2.57500000000000E+01,  1.34150292915703E+02,  1.90561659749903E+02
 1.89200000000000E+03, -4.69797679941786E-01, -4.55000000000000E-01,  4.67224745288610E+00,  2.59300000000000E+01,  1.28067839598742E+02,  1.90954018231213E+02
 1.89208333300000E+03, -4.68340017153723E-01, -3.52687500000000E-01,  4.67813960713397E+00,  2.61100000000000E+01,  8.07453393516701E+01,  1.34861262173165E+02
 1.89216666700000E+03, -4.68805412815118E-01, -3.58875000000000E-01,  4.68373755243565E+00,  2.62900000000000E+01,  1.03354865302305E+02,  1.01429194366613E+02
 1.89225000000000E+03, -4.70919634742063E-01, -3.58750000000000E-01,  4.68903962719839E+00,  2.64700000000000E+01,  7.36482641280171E+01,  5.90679978221151E+01
 1.89233333300000E+03, -4.69858465879888E-01, -3.01625000000000E-01,  4.69404419183738E+00,  2.66500000000000E+01,  1.07643431644002E+02,  7.08628087206762E+01
 1.89241666700000E+03, -4.60332151498680E-01, -2.70187500000000E-01,  4.69874962901942E+00,  2.68300000000000E+01,  1.08728938015042E+02,  7.63329723723419E+01
 1.89250000000000E+03, -4.42731815194529E-01, -2.61375000000000E-01,  4.70315434390439E+00,  2.70100000000000E+01,  8.37459716053025E+01,  5.71324493759247E+01
 1.89258333300000E+03, -4.00541815578758E-01, -2.17875000000000E-01,  4.70725676438427E+00,  2.71900000000000E+01,  7.42669115626617E+01,  5.17946572795194E+01
 1.89266666700000E+03, -3.56682282037343E-01, -2.55375000000000E-01,  4.97692695893886E-01,  2.73700000000000E+01,  7.31220099084289E+01,  3.86334704547971E+01
 1.89275000000000E+03, -3.78204085518274E-01, -4.70250000000000E-01,  4.67987025777387E-01,  2.75500000000000E+01,  4.87315002850764E+01,  6.91489431984283E+01
 1.89283333300000E+03, -4.47233409740732E-01, -7.06000000000000E-01,  4.38126511145771E-01,  2.77300000000000E+01,  4.34904479426649E+01,  8.77527466884676E+01
 1.89291666700000E+03, -5.12718146070953E-01, -8.06312500000000E-01,  4.08111657385715E-01,  2.79100000000000E+01,  4.60396751526628E+01,  8.56511863936354E+01
 1.89300000000000E+03, -5.65324286812539E-01, -7.80875000000000E-01,  3.77942996315628E-01,  2.80900000000000E+01,  3.36095209037689E+01,  9.74072742677668E+01
 1.89308333300000E+03, -6.05831277803626E-01, -6.73437500000000E-01,  3.47621086197016E-01,  2.82700000000000E+01,  4.74841163112565E+01,  1.13033295424649E+02
 1.89316666700000E+03, -6.36700279357446E-01, -5.48062500000000E-01,  3.17146511742400E-01,  2.84500000000000E+01,  3.91071335387147E+01,  8.49653515234707E+01
 1.89325000000000E+03, -6.53659085938373E-01, -4.94312500000000E-01,  2.86519884119782E-01,  2.86300000000000E+01,  3.78534446947265E+01,  5.86298211406624E+01
 1.89333333300000E+03, -6.46725925600708E-01, -5.05125000000000E-01,  2.55741840953653E-01,  2.88100000000000E+01,  7.43877473034328E+01,  6.72874956928570E+01
 1.89341666700000E+03, -6.11198395795154E-01, -4.86687500000000E-01,  2.24813046322552E-01,  2.89900000000000E+01,  8.26158279997487E+01,  1.32392639338137E+02
 1.89350000000000E+03, -5.58655447554334E-01, -4.13687500000000E-01,  1.93734190753167E-01,  2.91700000000000E+01,  1.51914350849311E+02,  1.53555049537001E+02
 1.89358333300000E+03, -4.90230903248437E-01, -3.50562500000000E-01,  1.62505991210965E-01,  2.93500000000000E+01,  1.88780003460824E+02,  1.77169257611011E+02
 1.89366666700000E+03, -4.30643273185832E-01, -3.51312500000000E-01, -1.02751945846946E-01,  2.95300000000000E+01,  2.57793085460659E+02,  2.06215156780223E+02
 1.89375000000000E+03, -4.35397501252988E-01, -4.26812500000000E-01, -8.44363986952992E-02,  2.97100000000000E+01,  2.59458700577959E+02,  2.36175439266398E+02
 1.89383333300000E+03, -4.90182372903441E-01, -5.50875000000000E-01, -6.60266052611336E-02,  2.98900000000000E+01,  2.63197904152658E+02,  1.82217491342995E+02
 1.89391666700000E+03, -5.51181436471907E-01, -6.58875000000000E-01, -4.75222625856413E-02,  3.00700000000000E+01,  2.20851393505778E+02,  1.56701620892928E+02
 1.89400000000000E+03, -6.04948788006836E-01, -6.87937500000000E-01, -2.89230914931129E-02,  3.02500000000000E+01,  1.75267402438319E+02,  1.17467781545345E+02
 1.89408333300000E+03, -6.45344057936431E-01, -6.41500000000000E-01, -1.02288366840977E-02,  3.04300000000000E+01,  1.54517565341130E+02,  1.49776149048745E+02
 1.89416666700000E+03, -6.71326241492088E-01, -5.94562500000000E-01,  8.56073317475015E-03,  3.06100000000000E+01,  1.44980791520606E+02,  1.30893465609709E+02
 1.89425000000000E+03, -6.81366027180057E-01, -6.21937500000000E-01,  2.74458253641370E-02,  3.07900000000000E+01,  1.61137497341722E+02,  1.19716388452841E+02
 1.89433333300000E+03, -6.71506516395014E-01, -7.22312500000000E-01,  4.64266230289274E-02,  3.09700000000000E+01,  1.49805179631316E+02,  1.22216817392341E+02
 1.89441666700000E+03, -6.39725491402497E-01, -8.28375000000000E-01,  6.55032850982997E-02,  3.11500000000000E+01,  1.59320267524085E+02,  1.46883855531521E+02
 1.89450000000000E+03, -5.92059504135995E-01, -8.96625000000000E-01,  8.46759462092446E-02,  3.13300000000000E+01,  1.09289612062998E+02,  9.83477327417277E+01
 1.89458333300000E+03, -5.37192940317979E-01, -9.07812500000000E-01,  1.03944716633435E-01,  3.15100000000000E+01,  8.45501777437240E+01,  8.02177696867901E+01
 1.89466666700000E+03, -4.94850216491587E-01, -8.57937500000000E-01, -5.11459734700645E+00,  3.16900000000000E+01,  6.23866616122845E+01,  7.16842934749481E+01
 1.89475000000000E+03, -4.84858760664134E-01, -7.99687500000000E-01, -5.10377837504345E+00,  3.18700000000000E+01,  3.71953403487148E+01,  5.77379358676075E+01
 1.89483333300000E+03, -4.92654658040423E-01, -7.62875000000000E-01, -5.09324068183543E+00,  3.20500000000000E+01,  2.70260351998288E+01,  2.98770891296545E+01
 1.89491666700000E+03, -4.96101405964586E-01, -7.31375000000000E-01, -5.08298645330762E+00,  3.22300000000000E+01,  5.58635966332336E+01,  4.95839254222360E+01
 1.89500000000000E+03, -4.90038580322184E-01, -7.06375000000000E-01, -5.07301785528440E+00,  3.24100000000000E+01,  7.51377491282543E+01,  9.44899160191971E+01
 1.89508333300000E+03, -4.76553451602928E-01, -6.84937500000000E-01, -5.06333703316431E+00,  3.25900000000000E+01,  8.17138714404475E+01,  1.12780576039207E+02
 1.89516666700000E+03, -4.61061003501445E-01, -6.64187500000000E-01, -5.05394611159724E+00,  3.27700000000000E+01,  1.06482477100819E+02,  1.33839838527175E+02
 1.89525000000000E+03, -4.45432257738583E-01, -6.59125000000000E-01, -5.04484719416385E+00,  3.29500000000000E+01,  1.09185703364127E+02,  1.41914886598261E+02
 1.89533333300000E+03, -4.25541812104732E-01, -6.61500000000000E-01, -5.03604236305714E+00,  3.31300000000000E+01,  7.99035792024644E+01,  1.09769397228940E+02
 1.89541666700000E+03, -3.95973767419445E-01, -6.40437500000000E-01, -5.02753367876634E+00,  3.33100000000000E+01,  7.53499194400079E+01,  6.21586275315913E+01
 1.89550000000000E+03, -3.57169288042412E-01, -5.92375000000000E-01, -5.01932317976320E+00,  3.34900000000000E+01,  7.10672105183157E+01,  5.44729131902867E+01
 1.89558333300000E+03, -3.80774500277483E-01, -5.42250000000000E-01, -5.01141288219045E+00,  3.36700000000000E+01,  5.24073921649896E+01,  6.91575281617549E+01
 1.89566666700000E+03, -4.65315372216712E-01, -5.01750000000000E-01, -1.61100462523704E+01,  3.38500000000000E+01,  5.45348266003047E+01,  6.94829526991295E+01
 1.89575000000000E+03, -4.75550656154077E-01, -4.54750000000000E-01, -1.61345597402882E+01,  3.40300000000000E+01,  9.62826712784943E+01,  1.19504564968041E+02
 1.89583333300000E+03, -4.21217651268412E-01, -3.95812500000000E-01, -1.61586854931429E+01,  3.42100000000000E+01,  9.37192551629352E+01,  1.49203844927956E+02
 1.89591666700000E+03, -3.79644365702345E-01, -3.30187500000000E-01, -1.61824219757417E+01,  3.43900000000000E+01,  1.00793188416492E+02,  1.53021116059421E+02
 1.89600000000000E+03, -3.56612357235112E-01, -2.48125000000000E-01, -1.62057676890380E+01,  3.45700000000000E+01,  9.52038393289739E+01,  1.18808832791890E+02
 1.89608333300000E+03, -3.56830671642001E-01, -1.82312500000000E-01, -1.62287211702533E+01,  3.47500000000000E+01,  1.16539999469647E+02,  1.54614820578938E+02
 1.89616666700000E+03, -3.80526726900222E-01, -1.85375000000000E-01, -1.62512809929958E+01,  3.49300000000000E+01,  9.96445328862542E+01,  1.46209203002062E+02
 1.89625000000000E+03, -4.19293301767743E-01, -2.39000000000000E-01, -1.62734457673741E+01,  3.51100000000000E+01,  8.12033843671174E+01,  1.12663556937453E+02
 1.89633333300000E+03, -4.57287744036901E-01, -3.04000000000000E-01, -1.62952141401071E+01,  3.52900000000000E+01,  7.37869136247284E+01,  1.15428323021064E+02
 1.89641666700000E+03, -4.79224343555633E-01, -3.79750000000000E-01, -1.63165847946291E+01,  3.54700000000000E+01,  7.08155429020082E+01,  1.18469819773577E+02
 1.89650000000000E+03, -4.79555096262487E-01, -4.65562500000000E-01, -1.63375564511910E+01,  3.56500000000000E+01,  4.49672516130385E+01,  7.65482806043996E+01
 1.89658333300000E+03, -4.51431270324131E-01, -5.57312500000000E-01, -1.63581278669579E+01,  3.58300000000000E+01,  3.01895621919168E+01,  6.98890871525451E+01
 1.89666666700000E+03, -4.10635115717723E-01, -6.62187500000000E-01, -1.18921519488050E+01,  3.60100000000000E+01,  8.13011524915512E+01,  1.16608331439123E+02
 1.89675000000000E+03, -3.95728169189028E-01, -7.29812500000000E-01, -1.19027490217703E+01,  3.61900000000000E+01,  8.03037757216019E+01,  9.77728327311733E+01
 1.89683333300000E+03, -4.01489545593776E-01, -6.66500000000000E-01, -1.19129401232458E+01,  3.63700000000000E+01,  9.79177224409453E+01,  9.47931258975320E+01
 1.89691666700000E+03, -4.02804496515286E-01, -4.76625000000000E-01, -1.19227249953454E+01,  3.65500000000000E+01,  1.95085885295603E+02,  1.50523374176250E+02
 1.89700000000000E+03, -3.94344031215215E-01, -2.67687500000000E-01, -1.19321034157493E+01,  3.67300000000000E+01,  1.96922448512370E+02,  1.24524303096763E+02
 1.89708333300000E+03, -3.78200396800751E-01, -1.43937500000000E-01, -1.19410751976821E+01,  3.69100000000000E+01,  1.54318242828825E+02,  7.77328911616435E+01
 1.89716666700000E+03, -3.59965149455039E-01, -1.52062500000000E-01, -1.19496401898868E+01,  3.70900000000000E+01,  1.58647323488137E+02,  1.11290555923506E+02
 1.89725000000000E+03, -3.41801034252939E-01, -2.48750000000000E-01, -1.19577982765949E+01,  3.72700000000000E+01,  1.90646764772648E+02,  1.70225357842908E+02
 1.89733333300000E+03, -3.19904944588002E-01, -3.21000000000000E-01, -1.19655493774929E+01,  3.74500000000000E+01,  1.40035367954141E+02,  1.56613990818402E+02
 1.89741666700000E+03, -2.89130178443926E-01, -2.90625000000000E-01, -1.19728934476838E+01,  3.76300000000000E+01,  2.36892351938920E+02,  2.46432706231270E+02
 1.89750000000000E+03, -2.50072902541819E-01, -1.89312500000000E-01, -1.19798304776466E+01,  3.78100000000000E+01,  2.71654270152691E+02,  2.65584918998417E+02
 1.89758333300000E+03, -2.38062770769951E-01, -8.17500000000000E-02, -1.19863604931896E+01,  3.79900000000000E+01,  2.79230453582678E+02,  2.57312165674116E+02
 1.89766666700000E+03, -2.68802890734076E-01,  9.75000000000000E-03, -5.60191586919951E-01,  3.81700000000000E+01,  2.86121254198444E+02,  2.97177403983071E+02
 1.89775000000000E+03, -2.98464205771596E-01,  2.88750000000000E-02, -5.78630641671479E-01,  3.83500000000000E+01,  2.64056706211899E+02,  3.28962536054809E+02
 1.89783333300000E+03, -3.16975861708405E-01, -6.73125000000000E-02, -5.97426649664390E-01,  3.85300000000000E+01,  1.80143252415749E+02,  2.69002715428332E+02
 1.89791666700000E+03, -3.34013177633945E-01, -2.08437500000000E-01, -6.16579197594252E-01,  3.87100000000000E+01,  1.82919665347365E+02,  2.53071780066136E+02
 1.89800000000000E+03, -3.39073312578620E-01, -3.39875000000000E-01, -6.36087837851239E-01,  3.88900000000000E+01,  2.13505891375482E+02,  2.80458332312814E+02
 1.89808333300000E+03, -3.29090276005668E-01, -4.65250000000000E-01, -6.55952088500845E-01,  3.90700000000000E+01,  1.82074426174640E+02,  3.09425653321754E+02
 1.89816666700000E+03, -3.06109114459189E-01, -5.32750000000000E-01, -6.76171433268574E-01,  3.92500000000000E+01,  1.85239918032556E+02,  2.94773805345746E+02
 1.89825000000000E+03, -2.71887788678985E-01, -5.08687500000000E-01, -6.96745321528636E-01,  3.94299999999999E+01,  1.81796241294858E+02,  2.90369133694501E+02
 1.89833333300000E+03, -2.26276533760400E-01, -4.51125000000000E-01, -7.17673168296645E-01,  3.96099999999999E+01,  2.16803129170972E+02,  3.41841625379392E+02
 1.89841666700000E+03, -1.71654967723944E-01, -3.76250000000000E-01, -7.38954354226269E-01,  3.97899999999999E+01,  3.15341261577338E+02,  3.71099455218843E+02
 1.89850000000000E+03, -1.18501615405352E-01, -2.73750000000000E-01, -7.60588225609909E-01,  3.99699999999999E+01,  3.14255230754670E+02,  2.81367576103067E+02
 1.89858333300000E+03, -1.56977226575027E-01, -1.98312500000000E-01, -7.82574094383398E-01,  4.01499999999999E+01,  4.39614235571728E+02,  3.41649052703272E+02
 1.89866666700000E+03, -2.85399507854539E-01, -1.89562500000000E-01, -1.45517769519950E+01,  4.03299999999999E+01,  4.60213987916636E+02,  3.33358989692457E+02
 1.89875000000000E+03, -3.62891156364589E-01, -2.65687500000000E-01, -1.45921882207804E+01,  4.05099999999999E+01,  4.56179503873408E+02,  3.86545878179504E+02
 1.89883333300000E+03, -4.26172559299302E-01, -4.25312500000000E-01, -1.46323218713734E+01,  4.06899999999999E+01,  3.39184000229471E+02,  3.43840148050807E+02
 1.89891666700000E+03, -5.39046029792597E-01, -6.01375000000000E-01, -1.46721748781188E+01,  4.08699999999999E+01,  3.82489872332475E+02,  3.88710692142981E+02
 1.89900000000000E+03, -6.41712533108284E-01, -7.34187500000000E-01, -1.47117442413126E+01,  4.10499999999999E+01,  2.29220143478287E+02,  2.73973804909085E+02
 1.89908333300000E+03, -6.94553530112294E-01, -8.12000000000000E-01, -1.47510269875000E+01,  4.12299999999999E+01,  1.99594985822120E+02,  2.64216250761782E+02
 1.89916666700000E+03, -6.97828866197000E-01, -8.31437500000000E-01, -1.47900201697692E+01,  4.14099999999999E+01,  1.83677709013122E+02,  2.26657587436522E+02
 1.89925000000000E+03, -6.74276281801519E-01, -7.98000000000000E-01, -1.48287208680432E+01,  4.15899999999999E+01,  1.87805502338713E+02,  1.98616396647018E+02
 1.89933333300000E+03, -6.40946038662565E-01, -7.28312500000000E-01, -1.48671261893676E+01,  4.17699999999999E+01,  2.05967001898938E+02,  3.34564814676792E+02
 1.89941666700000E+03, -6.00110769284801E-01, -6.36812500000000E-01, -1.49052332681958E+01,  4.19499999999999E+01,  2.30951877891873E+02,  3.92779330997911E+02
 1.89950000000000E+03, -5.52440098631320E-01, -5.52437500000000E-01, -1.49430392666706E+01,  4.21299999999999E+01,  2.68172340399086E+02,  4.21477468289350E+02
 1.89958333300000E+03, -4.90740889448502E-01, -4.97750000000000E-01, -1.49805413749032E+01,  4.23099999999999E+01,  2.21463420084405E+02,  3.75354981917360E+02
 1.89966666700000E+03, -4.29024403410026E-01, -4.63000000000000E-01, -6.02514962440443E+00,  4.24899999999999E+01,  2.18445263989400E+02,  4.06424457326363E+02
 1.89975000000000E+03, -4.05228365320870E-01, -4.30625000000000E-01, -6.01120314426094E+00,  4.26699999999999E+01,  1.36520253958548E+02,  1.97304681812597E+02
 1.89983333300000E+03, -4.08038111267839E-01, -3.69562500000000E-01, -5.99723404877513E+00,  4.28499999999999E+01,  1.22826325949105E+02,  1.47338869877602E+02
 1.89991666700000E+03, -4.08119737224347E-01, -2.74625000000000E-01, -5.98324069670742E+00,  4.30299999999999E+01,  2.51586793709528E+02,  2.44163787267400E+02
 1.90000000000000E+03, -4.01807122298741E-01, -1.94750000000000E-01, -5.96922145751922E+00,  4.32099999999999E+01,  2.52442434565161E+02,  2.30497117224854E+02
 1.90008333300000E+03, -3.92537920072291E-01, -1.53562500000000E-01, -5.95517471166797E+00,  4.33899999999999E+01,  2.37388729876549E+02,  2.81824164354869E+02
 1.90016666700000E+03, -3.86319572767318E-01, -1.44750000000000E-01, -5.94109885090056E+00,  4.35699999999999E+01,  2.41042588168579E+02,  2.78982968258191E+02
 1.90025000000000E+03, -3.85119425057251E-01, -1.87250000000000E-01, -5.92699227854503E+00,  4.37499999999999E+01,  2.44193019146280E+02,  2.65115210241430E+02
 1.90033333300000E+03, -3.85014536871136E-01, -2.76500000000000E-01, -5.91285340980045E+00,  4.39299999999999E+01,  9.22772132440838E+01,  1.86380528234489E+02
 1.90041666700000E+03, -3.81094302621353E-01, -3.34437500000000E-01, -5.89868067202507E+00,  4.41099999999999E+01,  9.75850649735313E+01,  1.90465121292104E+02
 1.90050000000000E+03, -3.74206979940177E-01, -3.10312500000000E-01, -5.88447250502264E+00,  4.42899999999999E+01,  9.27115353452063E+01,  1.18747958543794E+02
 1.90058333300000E+03, -3.56527946779969E-01, -2.63062500000000E-01, -5.87022736132684E+00,  4.44699999999999E+01,  9.49322901492132E+01,  1.11196934486057E+02
 1.90066666700000E+03, -3.30748447088123E-01, -2.77187500000000E-01, -1.17137603582493E+01,  4.46499999999999E+01,  8.69324802059617E+01,  1.27114674074346E+02
 1.90075000000000E+03, -3.24657392712277E-01, -3.30000000000000E-01, -1.17296913476630E+01,  4.48299999999999E+01,  8.69127391975875E+01,  1.71260481710412E+02
 1.90083333300000E+03, -3.38849528911442E-01, -2.97500000000000E-01, -1.17452231360387E+01,  4.50099999999999E+01,  6.81282814846300E+01,  1.65970871264944E+02
 1.90091666700000E+03, -3.54847930079545E-01, -1.66687500000000E-01, -1.17603549943942E+01,  4.51899999999999E+01,  8.56286708654540E+01,  1.78936225103106E+02
 1.90100000000000E+03, -3.67464490089480E-01, -8.40625000000000E-02, -1.17750862292314E+01,  4.53699999999999E+01,  1.06292918972687E+02,  2.46366082877853E+02
 1.90108333300000E+03, -3.78347549659616E-01, -1.16000000000000E-01, -1.17894161825673E+01,  4.55499999999999E+01,  1.18806788098725E+02,  2.37594435347974E+02
 1.90116666700000E+03, -3.92001831947453E-01, -1.87125000000000E-01, -1.18033442319600E+01,  4.57299999999999E+01,  1.17983088314545E+02,  1.93084966794309E+02
 1.90125000000000E+03, -4.08954147447625E-01, -2.40687500000000E-01, -1.18168697905316E+01,  4.59099999999999E+01,  1.21533710187363E+02,  1.89166262597096E+02
 1.90133333300000E+03, -4.23418145867749E-01, -2.98687500000000E-01, -1.18299923069867E+01,  4.60899999999999E+01,  1.04020511060377E+02,  1.70236647805631E+02
 1.90141666700000E+03, -4.28164702866508E-01, -3.70687500000000E-01, -1.18427112656268E+01,  4.62699999999999E+01,  1.17052337308331E+02,  2.25145569956318E+02
 1.90150000000000E+03, -4.21845034522218E-01, -4.03125000000000E-01, -1.18550261863611E+01,  4.64499999999999E+01,  1.95031116857809E+02,  3.87903417067446E+02
 1.90158333300000E+03, -3.97751371153393E-01, -3.80000000000000E-01, -1.18669366247132E+01,  4.66299999999999E+01,  2.03432116281925E+02,  3.53356728044391E+02
 1.90166666700000E+03, -3.69683768439877E-01, -3.58250000000000E-01, -5.88271788705916E+00,  4.68099999999999E+01,  2.11811192614435E+02,  3.77412030293169E+02
 1.90175000000000E+03, -3.75765703507237E-01, -3.62750000000000E-01, -5.86846807701720E+00,  4.69899999999999E+01,  2.41335515475923E+02,  4.20597824012504E+02
 1.90183333300000E+03, -4.12139090684885E-01, -3.67000000000000E-01, -5.85417956752095E+00,  4.71699999999999E+01,  3.12904313796844E+02,  4.18257646596535E+02
 1.90191666700000E+03, -4.53372507336108E-01, -3.55312500000000E-01, -5.83985083906811E+00,  4.73499999999999E+01,  2.64504567262688E+02,  3.53901475573796E+02
 1.90200000000000E+03, -4.91561729419607E-01, -3.47437500000000E-01, -5.82548038576216E+00,  4.75299999999999E+01,  2.71644689770424E+02,  4.68951003761541E+02
 1.90208333300000E+03, -5.25199829999590E-01, -3.90000000000000E-01, -5.81106671558875E+00,  4.77099999999999E+01,  2.61287825549958E+02,  5.31442076741805E+02
 1.90216666700000E+03, -5.55640724810675E-01, -4.93625000000000E-01, -5.79660835068989E+00,  4.78899999999999E+01,  2.26865351872859E+02,  4.91084658075706E+02
 1.90225000000000E+03, -5.80689732873529E-01, -5.88812500000000E-01, -5.78210382763613E+00,  4.80699999999999E+01,  1.11976200377260E+02,  3.74319928505126E+02
 1.90233333300000E+03, -5.92632907874285E-01, -6.20125000000000E-01, -5.76755169769655E+00,  4.82499999999999E+01,  7.29641325744467E+01,  2.77371566296404E+02
 1.90241666700000E+03, -5.83381039015554E-01, -6.40500000000000E-01, -5.75295052710659E+00,  4.84299999999999E+01,  6.94795782123560E+01,  1.90599487371891E+02
 1.90250000000000E+03, -5.51952745747150E-01, -7.22812500000000E-01, -5.73829889733370E+00,  4.86099999999999E+01,  6.65265582879070E+01,  1.20991070906757E+02
 1.90258333300000E+03, -5.29441019029741E-01, -8.08750000000000E-01, -5.72359540534069E+00,  4.87899999999999E+01,  6.16272420196479E+01,  2.11239765281668E+02
 1.90266666700000E+03, -5.43134965277113E-01, -7.88250000000000E-01, -1.25955631342775E+01,  4.89699999999999E+01,  8.47283151176654E+01,  2.29446065856957E+02
 1.90275000000000E+03, -5.65373857269230E-01, -6.98562500000000E-01, -1.25558743150410E+01,  4.91499999999999E+01,  1.01924883113795E+02,  2.88097510963828E+02
 1.90283333300000E+03, -5.70929490618970E-01, -6.13750000000000E-01, -1.25161842329338E+01,  4.93299999999999E+01,  9.64086367607201E+01,  2.46460822176672E+02
 1.90291666700000E+03, -5.56230133014560E-01, -4.95937500000000E-01, -1.24764956937658E+01,  4.95099999999999E+01,  1.32621897515778E+02,  2.67600054861832E+02
 1.90300000000000E+03, -5.13794588340541E-01, -3.61562500000000E-01, -1.24368114877912E+01,  4.96899999999999E+01,  1.77693542076802E+02,  2.43236804053698E+02
 1.90308333300000E+03, -4.46498576084617E-01, -3.02625000000000E-01, -1.23971343894099E+01,  4.98699999999999E+01,  1.65221563482401E+02,  2.33106355477217E+02
 1.90316666700000E+03, -3.76688210016205E-01, -3.19500000000000E-01, -1.23574671568710E+01,  5.00499999999999E+01,  1.34384936340096E+02,  1.88844175376960E+02
 1.90325000000000E+03, -3.35414284117836E-01, -3.60937500000000E-01, -1.23178125319795E+01,  5.02299999999999E+01,  1.35975159073666E+02,  2.09547893194908E+02
 1.90333333300000E+03, -3.35383395331230E-01, -3.90375000000000E-01, -1.22781732398052E+01,  5.04099999999999E+01,  1.82899346405309E+02,  3.20749504008418E+02
 1.90341666700000E+03, -3.53581946377128E-01, -3.76062500000000E-01, -1.22385519883944E+01,  5.05899999999999E+01,  2.89676935475257E+02,  3.62446809278610E+02
 1.90350000000000E+03, -3.45843719994450E-01, -3.37375000000000E-01, -1.21989514684845E+01,  5.07699999999999E+01,  3.02887507621404E+02,  3.65192643085550E+02
 1.90358333300000E+03, -3.97646322331380E-01, -3.11562500000000E-01, -1.21593743532207E+01,  5.09499999999999E+01,  3.14678646418059E+02,  4.12286588320558E+02
 1.90366666700000E+03, -5.37337805255655E-01, -3.17187500000000E-01, -8.23691979308959E+00,  5.11299999999999E+01,  3.50825965039304E+02,  5.82148331788592E+02
 1.90375000000000E+03, -5.88911645292443E-01, -3.93812500000000E-01, -8.21218761970693E+00,  5.13099999999999E+01,  2.67762717503228E+02,  4.50940383704753E+02
 1.90383333300000E+03, -5.59317226735241E-01, -5.44812500000000E-01, -8.18761918414716E+00,  5.14899999999999E+01,  1.10219434783891E+02,  3.57297630070320E+02
 1.90391666700000E+03, -5.51093914645620E-01, -6.97000000000000E-01, -8.16321400926573E+00,  5.16699999999999E+01,  1.27713052790262E+02,  3.47184308251338E+02
 1.90400000000000E+03, -5.63296798781294E-01, -7.70000000000000E-01, -8.13897159226324E+00,  5.18499999999999E+01,  1.31897422018267E+02,  3.25724455334758E+02
 1.90408333300000E+03, -5.92990664289378E-01, -7.72687500000000E-01, -8.11489140484861E+00,  5.20299999999999E+01,  1.47582536036005E+02,  1.75408495158467E+02
 1.90416666700000E+03, -6.32527184789966E-01, -7.85687500000000E-01, -8.09097289340559E+00,  5.22099999999999E+01,  2.39009685899138E+02,  3.61356675226099E+02
 1.90425000000000E+03, -6.66902661364231E-01, -7.97062500000000E-01, -8.06721547916265E+00,  5.23899999999999E+01,  3.38860677837946E+02,  3.73070313482894E+02
 1.90433333300000E+03, -6.77150475379665E-01, -7.39562500000000E-01, -8.04361855836609E+00,  5.25699999999999E+01,  3.77032129965405E+02,  5.07118736006790E+02
 1.90441666700000E+03, -6.50049502528157E-01, -6.46125000000000E-01, -8.02018150245657E+00,  5.27499999999999E+01,  6.25949886286472E+02,  7.90728929238613E+02
 1.90450000000000E+03, -5.87258987726795E-01, -5.71187500000000E-01, -7.99690365824882E+00,  5.29299999999999E+01,  5.73160994114965E+02,  7.56229496156570E+02
 1.90458333300000E+03, -4.65228400644838E-01, -5.18437500000000E-01, -7.97378434811456E+00,  5.31099999999999E+01,  4.82291568651685E+02,  5.45648067989211E+02
 1.90466666700000E+03, -3.27462014126042E-01, -5.06875000000000E-01, -7.47337650306919E+00,  5.32899999999999E+01,  4.30677855510671E+02,  6.24395052159070E+02
 1.90475000000000E+03, -2.90192804023294E-01, -5.28625000000000E-01, -7.45387079963746E+00,  5.34699999999999E+01,  4.14731619798009E+02,  5.78346659142288E+02
 1.90483333300000E+03, -3.30144764873628E-01, -5.06687500000000E-01, -7.43449868175364E+00,  5.36499999999999E+01,  1.62080071264743E+02,  2.49582049703980E+02
 1.90491666700000E+03, -3.72030296267007E-01, -4.27500000000000E-01, -7.41525890051327E+00,  5.38299999999999E+01,  1.43163299210091E+02,  2.32463751641530E+02
 1.90500000000000E+03, -4.03168935053315E-01, -3.56500000000000E-01, -7.39615018876386E+00,  5.40099999999999E+01,  2.04039588462672E+02,  3.08856362201249E+02
 1.90508333300000E+03, -4.18863041907692E-01, -3.28937500000000E-01, -7.37717126136735E+00,  5.41899999999999E+01,  2.10959759051555E+02,  2.13582844984981E+02
 1.90516666700000E+03, -4.19946339942251E-01, -3.71937500000000E-01, -7.35832081546493E+00,  5.43699999999999E+01,  1.75330430194649E+02,  1.51845958680324E+02
 1.90525000000000E+03, -4.06852189235449E-01, -4.56250000000000E-01, -7.33959753074401E+00,  5.45499999999999E+01,  1.97794496878198E+02,  3.10912704017900E+02
 1.90533333300000E+03, -3.77385169342803E-01, -4.66562500000000E-01, -7.32100006970747E+00,  5.47299999999999E+01,  2.74742462032967E+02,  3.57722841093813E+02
 1.90541666700000E+03, -3.30924618861006E-01, -4.22625000000000E-01, -7.30252707794501E+00,  5.49099999999999E+01,  2.18075594446673E+02,  2.88616113246819E+02
 1.90550000000000E+03, -2.74494433456257E-01, -4.57437500000000E-01, -7.28417718440677E+00,  5.50899999999999E+01,  1.68640944790398E+02,  2.95551058914760E+02
 1.90558333300000E+03, -2.97409488769832E-01, -5.38500000000000E-01, -7.26594900167888E+00,  5.52699999999999E+01,  1.58211866282155E+02,  2.81379037536030E+02
 1.90566666700000E+03, -4.15503995475954E-01, -5.34250000000000E-01, -9.93493799462713E+00,  5.54499999999999E+01,  2.94415611942550E+02,  3.51346918723225E+02
 1.90575000000000E+03, -4.80539323325955E-01, -4.27062500000000E-01, -9.91700886318823E+00,  5.56299999999999E+01,  2.15151154419580E+02,  3.01806355057169E+02
 1.90583333300000E+03, -4.74221718757652E-01, -2.83687500000000E-01, -9.89898405900041E+00,  5.58099999999999E+01,  3.06557550913250E+02,  3.55037006686046E+02
 1.90591666700000E+03, -4.54947682376131E-01, -1.56812500000000E-01, -9.88086298723447E+00,  5.59899999999999E+01,  4.01584781534268E+02,  4.92147549763932E+02
 1.90600000000000E+03, -4.19303064731750E-01, -7.50000000000000E-02, -9.86264507876558E+00,  5.61699999999999E+01,  3.97355018477690E+02,  5.03487924126462E+02
 1.90608333300000E+03, -3.73219451418763E-01, -5.82500000000000E-02, -9.84432979032132E+00,  5.63499999999999E+01,  2.59581176306556E+02,  3.32553031771329E+02
 1.90616666700000E+03, -3.27643597597582E-01, -9.59375000000000E-02, -9.82591660462579E+00,  5.65299999999999E+01,  2.55755126368768E+02,  3.30746149840702E+02
 1.90625000000000E+03, -2.90775924972451E-01, -1.56875000000000E-01, -9.80740503053997E+00,  5.67099999999999E+01,  2.29402585552839E+02,  3.20434768572884E+02
 1.90633333300000E+03, -2.64392489812117E-01, -2.13187500000000E-01, -9.78879460319823E+00,  5.68899999999999E+01,  1.46474846446720E+02,  1.53387078490805E+02
 1.90641666700000E+03, -2.47236634580379E-01, -2.11500000000000E-01, -9.77008488414087E+00,  5.70699999999999E+01,  1.31573312565790E+02,  1.28897724840989E+02
 1.90650000000000E+03, -2.41064906560566E-01, -1.13000000000000E-01, -9.75127546144283E+00,  5.72499999999999E+01,  9.88341328077137E+01,  6.88498346829141E+01
 1.90658333300000E+03, -2.74675993538956E-01,  2.21875000000000E-02, -9.73236594983850E+00,  5.74299999999999E+01,  1.47304636947639E+02,  9.66789748558166E+01
 1.90666666700000E+03, -3.24771078202008E-01,  4.96875000000000E-02, -1.52041986059762E+01,  5.76099999999999E+01,  1.22986625364871E+02,  9.91881241634285E+01
 1.90675000000000E+03, -3.30328625169375E-01, -1.15500000000000E-01, -1.52394498162764E+01,  5.77899999999999E+01,  1.46765365143451E+02,  1.20463113931559E+02
 1.90683333300000E+03, -3.42005782234185E-01, -3.60937500000000E-01, -1.52743753223143E+01,  5.79699999999999E+01,  1.57603585699792E+02,  1.32833045705816E+02
 1.90691666700000E+03, -4.10643307523154E-01, -4.92437500000000E-01, -1.53089725823520E+01,  5.81499999999999E+01,  1.69353032188719E+02,  2.05423177772774E+02
 1.90700000000000E+03, -5.02905009590052E-01, -4.99875000000000E-01, -1.53432390852555E+01,  5.83299999999999E+01,  1.39683739042597E+02,  2.40142274507895E+02
 1.90708333300000E+03, -5.75953032678905E-01, -5.07437500000000E-01, -1.53771723507355E+01,  5.85099999999999E+01,  1.55261921774783E+02,  2.41035179099276E+02
 1.90716666700000E+03, -6.00090622212983E-01, -5.19437500000000E-01, -1.54107699295836E+01,  5.86899999999999E+01,  1.78613620261846E+02,  2.13783232471350E+02
 1.90725000000000E+03, -5.70194396563888E-01, -5.17625000000000E-01, -1.54440294039059E+01,  5.88699999999999E+01,  1.99566946979998E+02,  2.38051992393084E+02
 1.90733333300000E+03, -5.02797208681075E-01, -5.58687500000000E-01, -1.54769483873521E+01,  5.90499999999999E+01,  2.01117090591064E+02,  1.78584135223107E+02
 1.90741666700000E+03, -4.24661539656294E-01, -5.94000000000000E-01, -1.55095245253415E+01,  5.92299999999999E+01,  1.79204400299993E+02,  1.19543305844424E+02
 1.90750000000000E+03, -3.60638211563359E-01, -5.47187500000000E-01, -1.55417554952850E+01,  5.94099999999999E+01,  1.35832944387927E+02,  6.83056613439366E+01
 1.90758333300000E+03, -3.48074845295039E-01, -4.74437500000000E-01, -1.55736390068035E+01,  5.95899999999999E+01,  1.10243458331445E+02,  8.58027840593920E+01
 1.90766666700000E+03, -3.78378493863056E-01, -4.51000000000000E-01, -7.60481404181291E+00,  5.97699999999999E+01,  1.66597441797722E+02,  7.96272094168018E+01
 1.90775000000000E+03, -3.86295591954328E-01, -4.70937500000000E-01, -7.58440181200507E+00,  5.99499999999999E+01,  1.90048154473526E+02,  1.40315195791715E+02
 1.90783333300000E+03, -3.68311878300698E-01, -4.83250000000000E-01, -7.56413089437336E+00,  6.01299999999999E+01,  2.35747442156222E+02,  1.61952777662683E+02
 1.90791666700000E+03, -3.48774959650312E-01, -4.53625000000000E-01, -7.54400016614163E+00,  6.03099999999999E+01,  2.18792434248813E+02,  2.59826772815940E+02
 1.90800000000000E+03, -3.27833143576178E-01, -4.22375000000000E-01, -7.52400848462214E+00,  6.04899999999999E+01,  1.89399213674027E+02,  2.58186151715739E+02
 1.90808333300000E+03, -3.12900002344869E-01, -4.46500000000000E-01, -7.50415468746210E+00,  6.06699999999999E+01,  1.10243181076221E+02,  2.29008593518237E+02
 1.90816666700000E+03, -3.12774096740685E-01, -4.71875000000000E-01, -7.48443759289281E+00,  6.08499999999999E+01,  7.91118535036752E+01,  2.04045799646930E+02
 1.90825000000000E+03, -3.29325440891692E-01, -4.61312500000000E-01, -7.46485599998123E+00,  6.10299999999999E+01,  5.19254611963591E+01,  2.10689254400527E+02
 1.90833333300000E+03, -3.54712315423171E-01, -4.79250000000000E-01, -7.44540868888400E+00,  6.12099999999999E+01,  7.73916024697232E+01,  1.62367775487002E+02
 1.90841666700000E+03, -3.76914894906272E-01, -4.91062500000000E-01, -7.42609442110386E+00,  6.13899999999999E+01,  7.81540690441773E+01,  1.83805320215191E+02
 1.90850000000000E+03, -3.88454428539674E-01, -4.42250000000000E-01, -7.40691193974855E+00,  6.15699999999999E+01,  1.46192275646266E+02,  2.56873537477393E+02
 1.90858333300000E+03, -3.74573779798218E-01, -4.15750000000000E-01, -7.38785996979191E+00,  6.17499999999999E+01,  1.39968277479224E+02,  2.18213034988540E+02
 1.90866666700000E+03, -3.47201607949032E-01, -4.36250000000000E-01, -1.58739658552987E+01,  6.19299999999999E+01,  1.75569015087704E+02,  2.37127437910906E+02
 1.90875000000000E+03, -3.49913851475179E-01, -4.42437500000000E-01, -1.58478245131689E+01,  6.21099999999999E+01,  1.81537837836300E+02,  2.69911839556933E+02
 1.90883333300000E+03, -3.76489812170335E-01, -4.39312500000000E-01, -1.58213989441906E+01,  6.22899999999999E+01,  1.98116929893437E+02,  2.47803437665783E+02
 1.90891666700000E+03, -3.96309689836868E-01, -4.31375000000000E-01, -1.57946918718842E+01,  6.24699999999999E+01,  1.67937086224679E+02,  3.37525326322957E+02
 1.90900000000000E+03, -4.03553432628128E-01, -4.05937500000000E-01, -1.57677060374711E+01,  6.26499999999999E+01,  1.82537912236298E+02,  3.33904416224168E+02
 1.90908333300000E+03, -4.02688623965792E-01, -3.84937500000000E-01, -1.57404441995265E+01,  6.28299999999999E+01,  1.28982216068782E+02,  2.84370121288082E+02
 1.90916666700000E+03, -4.01297126631862E-01, -3.62375000000000E-01, -1.57129091336312E+01,  6.30099999999999E+01,  2.06782310404654E+02,  3.10430810852970E+02
 1.90925000000000E+03, -4.00815179229271E-01, -3.24437500000000E-01, -1.56851036320214E+01,  6.31899999999999E+01,  1.98039611169993E+02,  3.07534363161204E+02
 1.90933333300000E+03, -3.94399652911245E-01, -2.88312500000000E-01, -1.56570305032367E+01,  6.33699999999999E+01,  2.32428980533929E+02,  2.41552604497263E+02
 1.90941666700000E+03, -3.74699853100288E-01, -2.56375000000000E-01, -1.56286925717672E+01,  6.35499999999999E+01,  2.55040347435024E+02,  2.64536311233417E+02
 1.90950000000000E+03, -3.44749315365661E-01, -2.21437500000000E-01, -1.56000926776990E+01,  6.37299999999999E+01,  3.52172902003629E+02,  3.21652952440514E+02
 1.90958333300000E+03, -3.56736153061278E-01, -1.99625000000000E-01, -1.55712336763584E+01,  6.39099999999999E+01,  2.44145919651844E+02,  2.75500981407306E+02
 1.90966666700000E+03, -4.24008873678799E-01, -2.28000000000000E-01, -1.63802944087241E+01,  6.40899999999999E+01,  2.60849184798279E+02,  2.62644399640615E+02
 1.90975000000000E+03, -4.70982641907094E-01, -3.21000000000000E-01, -1.63647673513393E+01,  6.42699999999999E+01,  2.36899278665827E+02,  2.29510057973970E+02
 1.90983333300000E+03, -4.85819631052739E-01, -4.13000000000000E-01, -1.63493106163528E+01,  6.44499999999999E+01,  2.39677320290769E+02,  3.29180259439401E+02
 1.90991666700000E+03, -4.93750141655059E-01, -4.44875000000000E-01, -1.63339222539609E+01,  6.46299999999999E+01,  2.29051987407531E+02,  4.22166465811427E+02
 1.91000000000000E+03, -4.88859014317602E-01, -4.76500000000000E-01, -1.63186003084349E+01,  6.48099999999999E+01,  3.16300580279532E+02,  4.09716522740763E+02
 1.91008333300000E+03, -4.73290064851685E-01, -5.54875000000000E-01, -1.63033428185004E+01,  6.49900000000000E+01,  3.47910805154903E+02,  4.57196563428671E+02
 1.91016666700000E+03, -4.53496432592613E-01, -6.25562500000000E-01, -1.62881478177177E+01,  6.51700000000000E+01,  3.24917162780537E+02,  4.29638350054473E+02
 1.91025000000000E+03, -4.33339805007933E-01, -6.38812500000000E-01, -1.62730133348623E+01,  6.53500000000000E+01,  3.00416831949947E+02,  3.02891038316269E+02
 1.91033333300000E+03, -4.11366278309606E-01, -5.69500000000000E-01, -1.62579373943057E+01,  6.55300000000000E+01,  2.97856073439285E+02,  2.64677871825337E+02
 1.91041666700000E+03, -3.85034674909422E-01, -4.30625000000000E-01, -1.62429180163974E+01,  6.57100000000000E+01,  3.33628644716274E+02,  4.11545828732033E+02
 1.91050000000000E+03, -3.57299285876243E-01, -3.13562500000000E-01, -1.62279532178463E+01,  6.58900000000000E+01,  2.76575713790846E+02,  3.62628729373350E+02
 1.91058333300000E+03, -3.34307268410497E-01, -2.70562500000000E-01, -1.62130410121031E+01,  6.60700000000000E+01,  3.78792111725196E+02,  4.54158252576972E+02
 1.91066666700000E+03, -3.31667888234915E-01, -2.73500000000000E-01, -1.62203926562853E+01,  6.62500000000000E+01,  4.23635238247935E+02,  5.92443080605400E+02
 1.91075000000000E+03, -3.79926730976366E-01, -3.46687500000000E-01, -1.61812445034421E+01,  6.64300000000000E+01,  3.84834637588249E+02,  5.63587167456082E+02
 1.91083333300000E+03, -4.81776775554235E-01, -4.88375000000000E-01, -1.61421749229203E+01,  6.66100000000000E+01,  2.62860990147314E+02,  4.10746132297643E+02
 1.91091666700000E+03, -5.84182214437386E-01, -5.71125000000000E-01, -1.61031862293494E+01,  6.67900000000000E+01,  3.07609439676540E+02,  5.36631693742071E+02
 1.91100000000000E+03, -6.24549609583013E-01, -5.20250000000000E-01, -1.60642807124572E+01,  6.69700000000000E+01,  1.88489663325687E+02,  4.31074623934845E+02
 1.91108333300000E+03, -5.84946299152691E-01, -3.88750000000000E-01, -1.60254606368470E+01,  6.71500000000000E+01,  2.46580769469083E+02,  4.83865900579862E+02
 1.91116666700000E+03, -5.00144984076127E-01, -2.85937500000000E-01, -1.59867282417771E+01,  6.73300000000000E+01,  2.29264075160378E+02,  4.55482179998985E+02
 1.91125000000000E+03, -4.23955587606785E-01, -2.91500000000000E-01, -1.59480857409443E+01,  6.75100000000000E+01,  2.78791506865509E+02,  4.81680538232089E+02
 1.91133333300000E+03, -3.86842630992662E-01, -3.53125000000000E-01, -1.59095353222724E+01,  6.76900000000001E+01,  2.81075391891488E+02,  4.01316764827703E+02
 1.91141666700000E+03, -3.81335843639264E-01, -3.81875000000000E-01, -1.58710791477030E+01,  6.78700000000001E+01,  3.27390647202854E+02,  4.34208941110525E+02
 1.91150000000000E+03, -3.81881163539155E-01, -3.80687500000000E-01, -1.58327193529911E+01,  6.80500000000001E+01,  2.92805623595318E+02,  2.70626354508313E+02
 1.91158333300000E+03, -3.55581613619873E-01, -3.87250000000000E-01, -1.57944580475045E+01,  6.82300000000001E+01,  3.41239499803494E+02,  2.92157388504551E+02
 1.91166666700000E+03, -3.15269620219090E-01, -4.14437500000000E-01, -9.11022252763484E+00,  6.84100000000001E+01,  3.00231422143945E+02,  2.55137091355142E+02
 1.91175000000000E+03, -3.26340039863358E-01, -4.64750000000000E-01, -9.15873313814836E+00,  6.85900000000001E+01,  3.45933924039611E+02,  4.05003247951605E+02
 1.91183333300000E+03, -3.90162445726924E-01, -5.17437500000000E-01, -9.20738378340836E+00,  6.87700000000001E+01,  3.64408234329019E+02,  4.42558413241397E+02
 1.91191666700000E+03, -4.55565354360120E-01, -5.15375000000000E-01, -9.25617086802563E+00,  6.89500000000001E+01,  3.30669660590948E+02,  5.30559303154698E+02
 1.91200000000000E+03, -4.98551786075157E-01, -4.67875000000000E-01, -9.30509077999021E+00,  6.91300000000001E+01,  2.75089370298169E+02,  5.07863306257167E+02
 1.91208333300000E+03, -5.09721866850056E-01, -4.54000000000000E-01, -9.35413989103395E+00,  6.93100000000001E+01,  2.87763979534519E+02,  5.14366132430495E+02
 1.91216666700000E+03, -4.80942105477754E-01, -4.65375000000000E-01, -9.40331455699505E+00,  6.94900000000001E+01,  1.94997763215748E+02,  3.39400212743593E+02
 1.91225000000000E+03, -4.26889918083196E-01, -4.68750000000000E-01, -9.45261111818470E+00,  6.96700000000001E+01,  1.19693599568884E+02,  2.49679504979623E+02
 1.91233333300000E+03, -3.93782044737496E-01, -4.75187500000000E-01, -9.50202589975552E+00,  6.98500000000001E+01,  1.07585479378592E+02,  1.67998060742530E+02
 1.91241666700000E+03, -4.10519588247027E-01, -4.20687500000000E-01, -9.55155521207195E+00,  7.00300000000001E+01,  1.50854620830234E+02,  1.84314053078532E+02
 1.91250000000000E+03, -4.38612817937379E-01, -2.75125000000000E-01, -9.60119535108261E+00,  7.02100000000002E+01,  1.58027383529071E+02,  1.78358950862951E+02
 1.91258333300000E+03, -3.87377029489735E-01, -1.56000000000000E-01, -9.65094259869429E+00,  7.03900000000002E+01,  1.67244763345285E+02,  2.28641219144183E+02
 1.91266666700000E+03, -2.71973913721474E-01, -1.52437500000000E-01, -9.80148424801404E+00,  7.05700000000002E+01,  1.95225703686057E+02,  2.36931293683757E+02
 1.91275000000000E+03, -2.12315906234031E-01, -2.34062500000000E-01, -9.78284222064411E+00,  7.07500000000002E+01,  1.80136822535370E+02,  2.26396550643657E+02
 1.91283333300000E+03, -2.19401216329777E-01, -3.48187500000000E-01, -9.76410076738246E+00,  7.09300000000002E+01,  1.46115842042024E+02,  1.82654315977693E+02
 1.91291666700000E+03, -2.46808167143244E-01, -4.49312500000000E-01, -9.74525948478762E+00,  7.11100000000002E+01,  1.40765179315064E+02,  1.93088882032441E+02
 1.91300000000000E+03, -2.86898759794395E-01, -4.96625000000000E-01, -9.72631799611644E+00,  7.12900000000002E+01,  2.34333333514016E+02,  3.10476236936127E+02
 1.91308333300000E+03, -3.35558633561437E-01, -5.36937500000000E-01, -9.70727595144371E+00,  7.14700000000002E+01,  3.81797164297034E+02,  4.33450216233942E+02
 1.91316666700000E+03, -3.89667767718230E-01, -6.17500000000000E-01, -9.68813302777778E+00,  7.16500000000002E+01,  4.65890480069899E+02,  4.85790049091331E+02
 1.91325000000000E+03, -4.41135936602538E-01, -6.83125000000000E-01, -9.66888892917217E+00,  7.18300000000002E+01,  5.39747691804149E+02,  5.65889710878172E+02
 1.91333333300000E+03, -4.76046516398029E-01, -7.20250000000000E-01, -9.64954338683320E+00,  7.20100000000002E+01,  6.21039991737699E+02,  6.06130732956956E+02
 1.91341666700000E+03, -4.82532353253437E-01, -7.47625000000000E-01, -9.63009615922368E+00,  7.21900000000002E+01,  5.26120696049835E+02,  4.73832178955846E+02
 1.91350000000000E+03, -4.60557236501455E-01, -7.23500000000000E-01, -9.61054703216247E+00,  7.23700000000002E+01,  3.52731815186981E+02,  3.39626760334752E+02
 1.91358333300000E+03, -4.82756603114942E-01, -6.53312500000000E-01, -9.59089581892005E+00,  7.25500000000002E+01,  2.76622670733882E+02,  3.55295302168698E+02
 1.91366666700000E+03, -5.76956146717207E-01, -6.05937500000000E-01, -2.25308221205020E+01,  7.27300000000002E+01,  2.03682584357680E+02,  3.00556511618401E+02
 1.91375000000000E+03, -6.34361929379465E-01, -5.79687500000000E-01, -2.25041312877024E+01,  7.29100000000003E+01,  1.01377218120840E+02,  2.15549810731764E+02
 1.91383333300000E+03, -6.23832390582785E-01, -5.16562500000000E-01, -2.24773884962862E+01,  7.30900000000003E+01,  1.21853243446564E+02,  2.39487098408691E+02
 1.91391666700000E+03, -5.84390048111100E-01, -4.24437500000000E-01, -2.24505957270365E+01,  7.32700000000003E+01,  1.70622935774744E+02,  3.65640028981963E+02
 1.91400000000000E+03, -5.28051687142230E-01, -3.46812500000000E-01, -2.24237549891246E+01,  7.34500000000003E+01,  2.22061672383645E+02,  3.97144747774332E+02
 1.91408333300000E+03, -4.77346287547542E-01, -3.05250000000000E-01, -2.23968683198615E+01,  7.36300000000003E+01,  2.09046976484128E+02,  3.92718996317070E+02
 1.91416666700000E+03, -4.53432997032495E-01, -3.20875000000000E-01, -2.23699377844446E+01,  7.38100000000003E+01,  2.19857164540321E+02,  4.01641131408903E+02
 1.91425000000000E+03, -4.63760560960687E-01, -3.95062500000000E-01, -2.23429654756990E+01,  7.39900000000003E+01,  2.01674770504315E+02,  3.78039448950209E+02
 1.91433333300000E+03, -4.98782516839482E-01, -4.80187500000000E-01, -2.23159535138152E+01,  7.41700000000003E+01,  1.56339393619871E+02,  2.64998263175226E+02
 1.91441666700000E+03, -5.40328769997864E-01, -5.01062500000000E-01, -2.22889040460813E+01,  7.43500000000003E+01,  9.23743060864552E+01,  1.43616436560657E+02
 1.91450000000000E+03, -5.74701590749599E-01, -4.65437500000000E-01, -2.22618192466110E+01,  7.45300000000003E+01,  8.49709576740093E+01,  1.20720006993139E+02
 1.91458333300000E+03, -5.16404711544353E-01, -4.66312500000000E-01, -2.22347013160670E+01,  7.47100000000003E+01,  8.30282378786634E+01,  1.47768553918278E+02
 1.91466666700000E+03, -3.72579761643619E-01, -4.76062500000000E-01, -2.98505305600480E+01,  7.48900000000003E+01,  7.09589309862718E+01,  1.14751868307607E+02
 1.91475000000000E+03, -3.02116167380072E-01, -3.80000000000000E-01, -2.98857054263117E+01,  7.50700000000003E+01,  9.54245801935419E+01,  1.06683278705869E+02
 1.91483333300000E+03, -2.81182640217136E-01, -2.29187500000000E-01, -2.99205094075959E+01,  7.52500000000003E+01,  1.69682354077665E+02,  1.57048418838738E+02
 1.91491666700000E+03, -2.29699368717396E-01, -1.58937500000000E-01, -2.99549397652504E+01,  7.54300000000003E+01,  1.67083526713111E+02,  1.32285155748930E+02
 1.91500000000000E+03, -1.78431343144900E-01, -1.64187500000000E-01, -2.99889937988471E+01,  7.56100000000004E+01,  1.75740124000873E+02,  1.78420020243357E+02
 1.91508333300000E+03, -1.53379164085713E-01, -1.73937500000000E-01, -3.00226688464590E+01,  7.57900000000004E+01,  1.71513864440621E+02,  1.55230911328944E+02
 1.91516666700000E+03, -1.61948904606107E-01, -1.61312500000000E-01, -3.00559622849349E+01,  7.59700000000004E+01,  1.39137693651883E+02,  1.54425057399204E+02
 1.91525000000000E+03, -1.92124252813215E-01, -1.20062500000000E-01, -3.00888715301690E+01,  7.61500000000004E+01,  1.12631878505090E+02,  9.91931455508495E+01
 1.91533333300000E+03, -2.23664590549742E-01, -6.56875000000000E-02, -3.01213940373648E+01,  7.63300000000004E+01,  1.07062928998040E+02,  1.01803437982291E+02
 1.91541666700000E+03, -2.42753070092661E-01, -3.20625000000000E-02, -3.01535273012953E+01,  7.65100000000004E+01,  1.02071862217342E+02,  1.87512644252209E+01
 1.91550000000000E+03, -2.49764575635683E-01, -4.90625000000000E-02, -3.01852688565569E+01,  7.66900000000004E+01,  1.06714264933070E+02,  6.63325822116643E+01
 1.91558333300000E+03, -3.39355485486257E-01, -1.07812500000000E-01, -3.02166162778186E+01,  7.68700000000004E+01,  1.15259213963004E+02,  8.26426203960131E+01
 1.91566666700000E+03, -4.94881193948112E-01, -1.78562500000000E-01, -2.22270639311792E+01,  7.70500000000004E+01,  1.71574586099721E+02,  1.99309329159261E+02
 1.91575000000000E+03, -5.22531994975412E-01, -2.68750000000000E-01, -2.22778313232134E+01,  7.72300000000004E+01,  2.02005762713432E+02,  2.18838471619726E+02
 1.91583333300000E+03, -4.62401926891213E-01, -3.89562500000000E-01, -2.23284644789200E+01,  7.74100000000004E+01,  2.60776914850636E+02,  2.46443562563399E+02
 1.91591666700000E+03, -4.66918092371825E-01, -5.22875000000000E-01, -2.23789591991029E+01,  7.75900000000004E+01,  2.75098989645319E+02,  1.98280010846128E+02
 1.91600000000000E+03, -5.46651733837666E-01, -6.31687500000000E-01, -2.24293112966331E+01,  7.77700000000004E+01,  3.45648236564337E+02,  2.21009549954960E+02
 1.91608333300000E+03, -6.34159903952136E-01, -6.81437500000000E-01, -2.24795165969069E+01,  7.79500000000004E+01,  3.55361012519374E+02,  2.79027873054736E+02
 1.91616666700000E+03, -6.47661709195340E-01, -6.68500000000000E-01, -2.25295709383021E+01,  7.81300000000005E+01,  3.19265312033907E+02,  2.64276005170566E+02
 1.91625000000000E+03, -5.87186855175351E-01, -6.03812500000000E-01, -2.25794701726327E+01,  7.83100000000005E+01,  2.58737054260566E+02,  2.98250241709204E+02
 1.91633333300000E+03, -5.31792427420226E-01, -4.94625000000000E-01, -2.26292101656028E+01,  7.84900000000005E+01,  3.05237000436044E+02,  3.46287227364839E+02
 1.91641666700000E+03, -5.37374414928920E-01, -3.58437500000000E-01, -2.26787867972573E+01,  7.86700000000005E+01,  2.23782399454199E+02,  3.12016534673799E+02
 1.91650000000000E+03, -5.71359246252360E-01, -2.08062500000000E-01, -2.27281959624323E+01,  7.88500000000005E+01,  1.40870377654531E+02,  1.95803915861978E+02
 1.91658333300000E+03, -5.91677683238176E-01, -6.57500000000000E-02, -2.27774335712029E+01,  7.90300000000005E+01,  1.74670026156669E+02,  2.72544173089241E+02
 1.91666666700000E+03, -6.14214844239672E-01, -4.34375000000000E-02, -1.77941203444854E+01,  7.92100000000005E+01,  2.34520683417287E+02,  2.45896686106168E+02
 1.91675000000000E+03, -6.57127246864883E-01, -2.30187500000000E-01, -1.77680110161875E+01,  7.93900000000005E+01,  2.35172398026896E+02,  2.57981580245610E+02
 1.91683333300000E+03, -7.13735805253850E-01, -5.10187500000000E-01, -1.77418451000043E+01,  7.95700000000005E+01,  2.41151658719043E+02,  2.54470721435786E+02
 1.91691666700000E+03, -7.62259985950347E-01, -7.16625000000000E-01, -1.77156243974799E+01,  7.97500000000005E+01,  2.44870452885009E+02,  2.42029489783187E+02
 1.91700000000000E+03, -7.78365160661070E-01, -8.25875000000000E-01, -1.76893507376342E+01,  7.99300000000005E+01,  3.32887911918160E+02,  2.89807447655255E+02
 1.91708333300000E+03, -7.55355712270574E-01, -8.75500000000000E-01, -1.76630259767469E+01,  8.01100000000005E+01,  3.21593930956645E+02,  2.87905150932874E+02
 1.91716666700000E+03, -7.02567296957968E-01, -8.54562500000000E-01, -1.76366519981371E+01,  8.02900000000005E+01,  2.67417407857829E+02,  2.39759623126084E+02
 1.91725000000000E+03, -6.34857074133005E-01, -7.57250000000000E-01, -1.76102307119390E+01,  8.04700000000005E+01,  4.53299470789668E+02,  3.56794383153911E+02
 1.91733333300000E+03, -5.64851342685439E-01, -6.24312500000000E-01, -1.75837640548723E+01,  8.06500000000005E+01,  4.66710076410399E+02,  3.34851573282930E+02
 1.91741666700000E+03, -5.03154267211070E-01, -4.68750000000000E-01, -1.75572539900093E+01,  8.08300000000006E+01,  4.19289576070609E+02,  3.13380868796780E+02
 1.91750000000000E+03, -4.61090968240871E-01, -2.89437500000000E-01, -1.75307025065368E+01,  8.10100000000006E+01,  3.88508519240209E+02,  3.12080153313488E+02
 1.91758333300000E+03, -4.05751270976699E-01, -1.27062500000000E-01, -1.75041116195144E+01,  8.11900000000006E+01,  4.05623257353241E+02,  3.22018690095386E+02
 1.91766666700000E+03, -3.22093467307327E-01, -5.91875000000000E-02, -2.84408140165410E+01,  8.13700000000006E+01,  2.70114191850144E+02,  2.01566954148645E+02
 1.91775000000000E+03, -2.76295859863501E-01, -1.56500000000000E-01, -2.84174996094140E+01,  8.15500000000006E+01,  2.08139214104383E+02,  2.05247418696786E+02
 1.91783333300000E+03, -2.84848055836498E-01, -3.99375000000000E-01, -2.83940741435656E+01,  8.17300000000006E+01,  1.78949639333625E+02,  1.89543496198151E+02
 1.91791666700000E+03, -3.17286890187495E-01, -7.08375000000000E-01, -2.83705382277733E+01,  8.19100000000006E+01,  1.64882995387672E+02,  1.63091207483711E+02
 1.91800000000000E+03, -3.64459048771338E-01, -9.90062500000000E-01, -2.83468925071244E+01,  8.20900000000006E+01,  1.80846640446336E+02,  2.24836727594222E+02
 1.91808333300000E+03, -4.17965129644108E-01, -1.11831250000000E+00, -2.83231376629954E+01,  8.22700000000006E+01,  1.60712976340482E+02,  2.38030278530195E+02
 1.91816666700000E+03, -4.68537361846379E-01, -1.03787500000000E+00, -2.82992744130248E+01,  8.24500000000006E+01,  1.82780033933054E+02,  2.54043053708658E+02
 1.91825000000000E+03, -5.03345529412178E-01, -8.53500000000000E-01, -2.82753035110801E+01,  8.26300000000006E+01,  1.40516545707164E+02,  2.23699334223535E+02
 1.91833333300000E+03, -5.08268060843699E-01, -7.13062500000000E-01, -2.82512257472187E+01,  8.28100000000006E+01,  1.75586196553634E+02,  2.96340218276085E+02
 1.91841666700000E+03, -4.76136761695811E-01, -6.60000000000000E-01, -2.82270419476431E+01,  8.29900000000006E+01,  1.71044732609292E+02,  3.46675411813194E+02
 1.91850000000000E+03, -4.14776999786941E-01, -6.53437500000000E-01, -2.82027529746491E+01,  8.31700000000006E+01,  1.65436791160738E+02,  3.93672981397947E+02
 1.91858333300000E+03, -3.99628663504393E-01, -6.45187500000000E-01, -2.81783597265689E+01,  8.33500000000006E+01,  2.44852569456647E+02,  4.59301759662827E+02
 1.91866666700000E+03, -4.56228518271338E-01, -6.04187500000000E-01, -2.59724922518605E+01,  8.35300000000007E+01,  2.57656405715977E+02,  4.13165844034856E+02
 1.91875000000000E+03, -4.85341554239348E-01, -5.43375000000000E-01, -2.59567457281074E+01,  8.37100000000007E+01,  3.54991483020752E+02,  4.99242939680246E+02
 1.91883333300000E+03, -4.71538430347695E-01, -4.90437500000000E-01, -2.59410662043310E+01,  8.38900000000007E+01,  3.26381843392818E+02,  3.80169488341845E+02
 1.91891666700000E+03, -4.54135458306939E-01, -4.22312500000000E-01, -2.59254515236133E+01,  8.40700000000007E+01,  3.08594833126364E+02,  4.34990065138782E+02
 1.91900000000000E+03, -4.31215159454037E-01, -3.28375000000000E-01, -2.59098995239453E+01,  8.42500000000007E+01,  2.22456541051165E+02,  4.21421346559712E+02
 1.91908333300000E+03, -4.08349698639547E-01, -2.61750000000000E-01, -2.58944080386718E+01,  8.44300000000007E+01,  3.14075480670540E+02,  4.89238384925650E+02
 1.91916666700000E+03, -3.94147125577787E-01, -2.27062500000000E-01, -2.58789748969347E+01,  8.46100000000007E+01,  1.88403772450212E+02,  3.64685707260833E+02
 1.91925000000000E+03, -3.92816218004073E-01, -1.77437500000000E-01, -2.58635979241179E+01,  8.47900000000007E+01,  1.79524315420487E+02,  3.73237421659348E+02
 1.91933333300000E+03, -4.01226454088705E-01, -1.46500000000000E-01, -2.58482749422918E+01,  8.49700000000007E+01,  2.31711169448855E+02,  3.18048596357872E+02
 1.91941666700000E+03, -4.13305876897375E-01, -1.96937500000000E-01, -2.58330037706586E+01,  8.51500000000007E+01,  2.40551471965696E+02,  2.99957173158882E+02
 1.91950000000000E+03, -4.27135346805838E-01, -2.82625000000000E-01, -2.58177822259971E+01,  8.53300000000007E+01,  1.59387039505498E+02,  2.30701701409157E+02
 1.91958333300000E+03, -4.44370951322854E-01, -3.28375000000000E-01, -2.58026081231087E+01,  8.55100000000007E+01,  1.33263828965011E+02,  1.90177826299977E+02
 1.91966666700000E+03, -4.65140290305026E-01, -3.81875000000000E-01, -2.90573394449813E+01,  8.56900000000007E+01,  1.49151631267662E+02,  1.71716596520333E+02
 1.91975000000000E+03, -5.08860070478714E-01, -5.05937500000000E-01, -2.90994194098786E+01,  8.58700000000007E+01,  9.62396911248519E+01,  1.07088282453160E+02
 1.91983333300000E+03, -5.93637441345183E-01, -6.14000000000000E-01, -2.91411921581666E+01,  8.60500000000008E+01,  1.10106517538016E+02,  1.19143821603747E+02
 1.91991666700000E+03, -6.79354669009170E-01, -6.22500000000000E-01, -2.91826542405096E+01,  8.62300000000008E+01,  1.02256841178732E+02,  1.20604445884509E+02
 1.92000000000000E+03, -7.11752158486148E-01, -6.00125000000000E-01, -2.92238022390855E+01,  8.64100000000008E+01,  1.22359392602416E+02,  1.29722962400654E+02
 1.92008333300000E+03, -6.85354410583522E-01, -6.09500000000000E-01, -2.92646327679573E+01,  8.65900000000008E+01,  1.50308998218816E+02,  1.34739928512380E+02
 1.92016666700000E+03, -6.28905585492384E-01, -6.27062500000000E-01, -2.93051424734401E+01,  8.67700000000008E+01,  1.49597515625323E+02,  1.89023177729737E+02
 1.92025000000000E+03, -5.67867755972631E-01, -6.45062500000000E-01, -2.93453280344644E+01,  8.69500000000008E+01,  1.13030588695128E+02,  9.98756273233614E+01
 1.92033333300000E+03, -5.06439140874553E-01, -6.65937500000000E-01, -2.93851861629350E+01,  8.71300000000008E+01,  1.08176127677849E+02,  1.47511302408968E+02
 1.92041666700000E+03, -4.40645244918582E-01, -6.38125000000000E-01, -2.94247136040853E+01,  8.73100000000008E+01,  9.10188727850977E+01,  1.41601878124282E+02
 1.92050000000000E+03, -3.77801086098863E-01, -5.14500000000000E-01, -2.94639071368282E+01,  8.74900000000008E+01,  1.01304949091547E+02,  1.81893125920398E+02
 1.92058333300000E+03, -3.40937626147895E-01, -3.74562500000000E-01, -2.95027635741018E+01,  8.76700000000008E+01,  1.06174968595729E+02,  1.57757969277159E+02
 1.92066666700000E+03, -3.40873012459146E-01, -3.47562500000000E-01, -2.00835958853005E+01,  8.78500000000008E+01,  1.09556985002376E+02,  1.62233681342919E+02
 1.92075000000000E+03, -3.65669841627746E-01, -4.12250000000000E-01, -2.00639982164418E+01,  8.80300000000008E+01,  1.17620952974445E+02,  1.20848183600574E+02
 1.92083333300000E+03, -4.08208847595484E-01, -4.76750000000000E-01, -2.00446205976906E+01,  8.82100000000008E+01,  1.30410613724349E+02,  1.76636188513604E+02
 1.92091666700000E+03, -4.61767861947806E-01, -5.36812500000000E-01, -2.00254660744508E+01,  8.83900000000008E+01,  9.07764593768592E+01,  2.04270358660634E+02
 1.92100000000000E+03, -5.14367920895101E-01, -6.07125000000000E-01, -2.00065376818334E+01,  8.85700000000008E+01,  1.65939758334951E+02,  3.04246501144546E+02
 1.92108333300000E+03, -5.60457335949692E-01, -6.59250000000000E-01, -1.99878384441911E+01,  8.87500000000009E+01,  2.70760217898540E+02,  4.44283281113566E+02
 1.92116666700000E+03, -5.98720083248794E-01, -6.64687500000000E-01, -1.99693713746533E+01,  8.89300000000009E+01,  2.63648735624902E+02,  4.29373086977452E+02
 1.92125000000000E+03, -6.26869506597425E-01, -6.56375000000000E-01, -1.99511394746621E+01,  8.91100000000009E+01,  3.08550319387826E+02,  4.66990895347666E+02
 1.92133333300000E+03, -6.39752649582890E-01, -6.61187500000000E-01, -1.99331457335096E+01,  8.92900000000009E+01,  2.94855538430737E+02,  4.15002509449755E+02
 1.92141666700000E+03, -6.33361556184211E-01, -6.05312500000000E-01, -1.99153931278760E+01,  8.94700000000009E+01,  3.08992764421384E+02,  4.96629071546849E+02
 1.92150000000000E+03, -6.10808926798279E-01, -4.71875000000000E-01, -1.98978846213684E+01,  8.96500000000009E+01,  3.04272610048757E+02,  5.09995798510539E+02
 1.92158333300000E+03, -6.11521144540801E-01, -3.72437500000000E-01, -1.98806231640618E+01,  8.98300000000009E+01,  2.96034334489423E+02,  5.06394966446525E+02
 1.92166666700000E+03, -6.47743497467627E-01, -3.54000000000000E-01, -2.44205746895555E+01,  9.00100000000009E+01,  2.66906892673904E+02,  4.66132542417002E+02
 1.92175000000000E+03, -6.66985374391343E-01, -3.63812500000000E-01, -2.44338116063607E+01,  9.01900000000009E+01,  3.07690083914900E+02,  4.93261550699606E+02
 1.92183333300000E+03, -6.63387164934137E-01, -3.65812500000000E-01, -2.44474666906834E+01,  9.03700000000009E+01,  3.10686102411879E+02,  3.72715674541747E+02
 1.92191666700000E+03, -6.56508767809549E-01, -3.67562500000000E-01, -2.44615401552430E+01,  9.05500000000009E+01,  2.03255182684738E+02,  2.28705969792529E+02
 1.92200000000000E+03, -6.42183169323364E-01, -4.07125000000000E-01, -2.44760321674273E+01,  9.07300000000009E+01,  2.17290630032880E+02,  2.53044319992266E+02
 1.92208333300000E+03, -6.23104368094562E-01, -5.01875000000000E-01, -2.44909428491655E+01,  9.09100000000009E+01,  2.07082100434320E+02,  2.29537421879677E+02
 1.92216666700000E+03, -6.04788496568757E-01, -5.85375000000000E-01, -2.45062722768076E+01,  9.10900000000009E+01,  1.79270081601146E+02,  1.88426422919784E+02
 1.92225000000000E+03, -5.88684527763073E-01, -5.92437500000000E-01, -2.45220204810093E+01,  9.12700000000009E+01,  1.28746834129292E+02,  1.30608507197467E+02
 1.92233333300000E+03, -5.69832800405519E-01, -5.52312500000000E-01, -2.45381874466236E+01,  9.14500000000010E+01,  1.29136091524416E+02,  1.22316873495137E+02
 1.92241666700000E+03, -5.41810885605884E-01, -4.98250000000000E-01, -2.45547731125982E+01,  9.16300000000010E+01,  1.36156966084501E+02,  1.02671923541771E+02
 1.92250000000000E+03, -5.04212116022207E-01, -4.39437500000000E-01, -2.45717773718791E+01,  9.18100000000010E+01,  1.59424913357424E+02,  1.62306144815970E+02
 1.92258333300000E+03, -4.58175996516930E-01, -4.10375000000000E-01, -2.45892000713205E+01,  9.19900000000010E+01,  2.00406061638638E+02,  1.52788053021842E+02
 1.92266666700000E+03, -4.39645353345059E-01, -3.97687500000000E-01, -3.22865722753564E+01,  9.21700000000010E+01,  1.57161403358068E+02,  2.89335328642205E+02
 1.92275000000000E+03, -4.99781261101959E-01, -3.84125000000000E-01, -3.23376285776627E+01,  9.23500000000010E+01,  1.85795066351335E+02,  3.27846241247679E+02
 1.92283333300000E+03, -5.95322920332248E-01, -4.44500000000000E-01, -3.23885061923520E+01,  9.25300000000010E+01,  1.63223493599063E+02,  3.26554023416424E+02
 1.92291666700000E+03, -6.34222475955994E-01, -5.77062500000000E-01, -3.24392006473394E+01,  9.27100000000010E+01,  1.33592420315373E+02,  2.86171900155473E+02
 1.92300000000000E+03, -5.98086086182553E-01, -6.43125000000000E-01, -3.24897074883317E+01,  9.28900000000010E+01,  7.87509973129944E+01,  3.30475602514197E+02
 1.92308333300000E+03, -5.36155212805306E-01, -5.97125000000000E-01, -3.25400222793439E+01,  9.30700000000010E+01,  6.41525476839652E+01,  1.76946035812038E+02
 1.92316666700000E+03, -4.95498343577652E-01, -5.16875000000000E-01, -3.25901406032119E+01,  9.32500000000010E+01,  9.38654086619275E+01,  2.81716357490990E+02
 1.92325000000000E+03, -4.90481945877802E-01, -4.61125000000000E-01, -3.26400580621035E+01,  9.34300000000010E+01,  1.04965943386930E+02,  2.72425436923992E+02
 1.92333333300000E+03, -5.22589754452203E-01, -4.60500000000000E-01, -3.26897702780272E+01,  9.36100000000010E+01,  1.42801708205347E+02,  3.37138577525729E+02
 1.92341666700000E+03, -5.83786156399151E-01, -5.18375000000000E-01, -3.27392728933375E+01,  9.37900000000010E+01,  1.42045810399579E+02,  2.92922658512823E+02
 1.92350000000000E+03, -6.35884665263691E-01, -6.25312500000000E-01, -3.27885615712382E+01,  9.39700000000011E+01,  1.46175254147868E+02,  3.10807998473596E+02
 1.92358333300000E+03, -6.04250150795315E-01, -7.66062500000000E-01, -3.28376319962830E+01,  9.41500000000011E+01,  1.00865748415429E+02,  1.93440415710769E+02
 1.92366666700000E+03, -5.27290355305709E-01, -8.58375000000000E-01, -2.57894486164771E+01,  9.43300000000011E+01,  8.70040794509551E+01,  2.13304105125608E+02
 1.92375000000000E+03, -5.31275663196361E-01, -8.28062500000000E-01, -2.57634001499817E+01,  9.45100000000011E+01,  1.41548302251054E+02,  1.22931180823411E+02
 1.92383333300000E+03, -5.83927732659596E-01, -6.83000000000000E-01, -2.57374555595046E+01,  9.46900000000011E+01,  1.62897378935884E+02,  1.34746936461885E+02
 1.92391666700000E+03, -6.02484071157499E-01, -4.59187500000000E-01, -2.57116180747909E+01,  9.48700000000011E+01,  2.10324095891824E+02,  1.51385539915451E+02
 1.92400000000000E+03, -5.79217394273042E-01, -2.30062500000000E-01, -2.56858909334490E+01,  9.50500000000011E+01,  2.07871515886200E+02,  1.67454531374346E+02
 1.92408333300000E+03, -5.23436297960890E-01, -1.01875000000000E-01, -2.56602773804694E+01,  9.52300000000011E+01,  2.05525675953093E+02,  1.50020352895412E+02
 1.92416666700000E+03, -4.55370662576201E-01, -1.17750000000000E-01, -2.56347806677419E+01,  9.54100000000011E+01,  1.12497754462979E+02,  1.62305635734800E+02
 1.92425000000000E+03, -3.93622782687200E-01, -2.10312500000000E-01, -2.56094040535703E+01,  9.55900000000011E+01,  9.74006760540645E+01,  1.62067815812667E+02
 1.92433333300000E+03, -3.46136605876807E-01, -2.80125000000000E-01, -2.55841508021863E+01,  9.57700000000011E+01,  4.85891109352504E+01,  1.11535308792800E+02
 1.92441666700000E+03, -3.11603808559915E-01, -3.09312500000000E-01, -2.55590241832610E+01,  9.59500000000011E+01,  5.93659809555839E+01,  1.05096254985234E+02
 1.92450000000000E+03, -2.87571683198373E-01, -3.27125000000000E-01, -2.55340274714154E+01,  9.61300000000011E+01,  1.15592975111683E+02,  1.44413845088355E+02
 1.92458333300000E+03, -3.05261118898319E-01, -3.32375000000000E-01, -2.55091639457283E+01,  9.63100000000011E+01,  1.09452469846694E+02,  1.35657368562785E+02
 1.92466666700000E+03, -3.63037058773542E-01, -3.68000000000000E-01, -2.46931052613578E+01,  9.64900000000011E+01,  1.25352944636700E+02,  1.63997204452162E+02
 1.92475000000000E+03, -3.97880193246461E-01, -4.77125000000000E-01, -2.46760209853554E+01,  9.66700000000012E+01,  1.96709034866186E+02,  3.09303530855545E+02
 1.92483333300000E+03, -4.11721675456719E-01, -5.85687500000000E-01, -2.46591993806644E+01,  9.68500000000012E+01,  1.77247266843670E+02,  2.87231501415838E+02
 1.92491666700000E+03, -4.31691255211364E-01, -6.59500000000000E-01, -2.46426434749947E+01,  9.70300000000012E+01,  1.38080809048579E+02,  2.55308783725054E+02
 1.92500000000000E+03, -4.51674563011004E-01, -7.52312500000000E-01, -2.46263562794106E+01,  9.72100000000012E+01,  2.09123197132872E+02,  3.29975123838727E+02
 1.92508333300000E+03, -4.71708370267540E-01, -8.47437500000000E-01, -2.46103407878444E+01,  9.73900000000012E+01,  1.99316910582305E+02,  3.09179951662030E+02
 1.92516666700000E+03, -4.94673229576879E-01, -8.97187500000000E-01, -2.45945999766113E+01,  9.75700000000012E+01,  1.57941158297718E+02,  2.22527274665378E+02
 1.92525000000000E+03, -5.20017778026061E-01, -8.87312500000000E-01, -2.45791368039265E+01,  9.77500000000012E+01,  1.66017200477290E+02,  2.13997917975980E+02
 1.92533333300000E+03, -5.41740883659839E-01, -8.17812500000000E-01, -2.45639542094241E+01,  9.79300000000012E+01,  1.52586175277792E+02,  2.26198579639865E+02
 1.92541666700000E+03, -5.53286998912372E-01, -7.20625000000000E-01, -2.45490551136778E+01,  9.81100000000012E+01,  1.11490714058075E+02,  2.33175229110089E+02
 1.92550000000000E+03, -5.54633332722461E-01, -6.62875000000000E-01, -2.45344424177244E+01,  9.82900000000012E+01,  1.31325942969371E+02,  2.35002478928443E+02
 1.92558333300000E+03, -4.90878012227094E-01, -6.89125000000000E-01, -2.45201190025880E+01,  9.84700000000012E+01,  1.18205082721243E+02,  2.26269215006302E+02
 1.92566666700000E+03, -3.53550289783966E-01, -7.26125000000000E-01, -2.98740893359131E+01,  9.86500000000012E+01,  1.33907175191032E+02,  2.40733762149849E+02
 1.92575000000000E+03, -2.39796376915352E-01, -6.71250000000000E-01, -2.99283700270965E+01,  9.88300000000012E+01,  1.85214875998640E+02,  3.01182013681463E+02
 1.92583333300000E+03, -1.68801051240405E-01, -5.54062500000000E-01, -2.99826834327016E+01,  9.90100000000012E+01,  1.80578463781179E+02,  2.11574992825776E+02
 1.92591666700000E+03, -1.41976761473346E-01, -4.51062500000000E-01, -3.00370248389354E+01,  9.91900000000012E+01,  2.17675743168425E+02,  2.48980128618735E+02
 1.92600000000000E+03, -1.72062774914828E-01, -3.72750000000000E-01, -3.00913895252550E+01,  9.93700000000013E+01,  2.08069772866165E+02,  3.06257612335295E+02
 1.92608333300000E+03, -2.21124570511635E-01, -3.14875000000000E-01, -3.01457727649141E+01,  9.95500000000013E+01,  2.42851916593084E+02,  3.54412718922017E+02
 1.92616666700000E+03, -2.69369182106029E-01, -2.91125000000000E-01, -3.02001698255107E+01,  9.97300000000013E+01,  2.50979039240769E+02,  3.17030811995783E+02
 1.92625000000000E+03, -3.13055710951688E-01, -3.14062500000000E-01, -3.02545759695364E+01,  9.99100000000013E+01,  2.21459626055906E+02,  3.00031095896575E+02
 1.92633333300000E+03, -3.39207622538256E-01, -3.65375000000000E-01, -3.03089864549257E+01,  1.00090000000001E+02,  1.57436385328034E+02,  2.49470089814966E+02
 1.92641666700000E+03, -3.57360763919597E-01, -3.81000000000000E-01, -3.03633965356063E+01,  1.00270000000001E+02,  1.86591079280484E+02,  1.56243993457694E+02
 1.92650000000000E+03, -4.18032515889744E-01, -3.57000000000000E-01, -3.04178014620503E+01,  1.00450000000001E+02,  1.23949019262032E+02,  1.02892900696555E+02
 1.92658333300000E+03, -4.27547032637560E-01, -3.48187500000000E-01, -3.04721964818253E+01,  1.00630000000001E+02,  8.90639635078489E+01,  9.88964926416629E+01
 1.92666666700000E+03, -3.25668980189426E-01, -3.50562500000000E-01, -2.51605254294156E+01,  1.00810000000001E+02,  2.02476264028995E+02,  2.34829585524902E+02
 1.92675000000000E+03, -2.95763815965234E-01, -3.49750000000000E-01, -2.51381896690752E+01,  1.00990000000001E+02,  1.99438059815199E+02,  2.29904053881476E+02
 1.92683333300000E+03, -3.63439025149344E-01, -3.69562500000000E-01, -2.51160421478554E+01,  1.01170000000001E+02,  1.71605349105010E+02,  2.18390462321883E+02
 1.92691666700000E+03, -4.25167434441293E-01, -4.21937500000000E-01, -2.50940861410446E+01,  1.01350000000001E+02,  1.73346801485759E+02,  2.16730019705097E+02
 1.92700000000000E+03, -4.64199827378549E-01, -4.67125000000000E-01, -2.50723249189985E+01,  1.01530000000001E+02,  1.71557748685650E+02,  2.04725836922026E+02
 1.92708333300000E+03, -4.75337790360314E-01, -4.74187500000000E-01, -2.50507617466330E+01,  1.01710000000001E+02,  1.38233487588296E+02,  1.22728625689788E+02
 1.92716666700000E+03, -4.61251922287031E-01, -4.79062500000000E-01, -2.50293998829183E+01,  1.01890000000001E+02,  1.61166443088387E+02,  1.35054767182926E+02
 1.92725000000000E+03, -4.26349018608029E-01, -5.11000000000000E-01, -2.50082425803720E+01,  1.02070000000001E+02,  1.52303695409277E+02,  1.50240336791749E+02
 1.92733333300000E+03, -3.74228734501893E-01, -5.32187500000000E-01, -2.49872930845535E+01,  1.02250000000001E+02,  1.58427378887272E+02,  1.33357388775594E+02
 1.92741666700000E+03, -3.09585942130915E-01, -4.73187500000000E-01, -2.49665546335573E+01,  1.02430000000001E+02,  1.85901811586330E+02,  1.49189121764595E+02
 1.92750000000000E+03, -2.42324474653669E-01, -3.55125000000000E-01, -2.49460304575082E+01,  1.02610000000001E+02,  1.54155562883055E+02,  1.16425894311290E+02
 1.92758333300000E+03, -2.33074428371165E-01, -2.73937500000000E-01, -2.49257237780551E+01,  1.02790000000001E+02,  1.87864921396473E+02,  1.42290828989942E+02
 1.92766666700000E+03, -2.86513721053067E-01, -2.63687500000000E-01, -3.89851398110008E+01,  1.02970000000001E+02,  2.78469820865229E+02,  2.04993609637160E+02
 1.92775000000000E+03, -3.04693683999326E-01, -3.16812500000000E-01, -3.90262671025811E+01,  1.03150000000001E+02,  3.59462225354188E+02,  2.61471419495349E+02
 1.92783333300000E+03, -2.87127188158693E-01, -3.76750000000000E-01, -3.90670442278577E+01,  1.03330000000001E+02,  3.33187291977999E+02,  2.71168482467451E+02
 1.92791666700000E+03, -2.83212560084506E-01, -3.44687500000000E-01, -3.91074676594242E+01,  1.03510000000001E+02,  3.77349799154257E+02,  4.18985207963022E+02
 1.92800000000000E+03, -2.97378421193353E-01, -2.48687500000000E-01, -3.91475339081040E+01,  1.03690000000001E+02,  3.16003101098658E+02,  3.83639816383637E+02
 1.92808333300000E+03, -3.28526941262336E-01, -2.31062500000000E-01, -3.91872395233468E+01,  1.03870000000001E+02,  2.48937807373285E+02,  3.24657603261629E+02
 1.92816666700000E+03, -3.57689780019842E-01, -3.27562500000000E-01, -3.92265810936215E+01,  1.04050000000001E+02,  1.85559160607539E+02,  2.71099497447340E+02
 1.92825000000000E+03, -3.57247184026507E-01, -4.17250000000000E-01, -3.92655552468019E+01,  1.04230000000001E+02,  1.89640914874132E+02,  2.76315627137005E+02
 1.92833333300000E+03, -3.17142562112559E-01, -4.03812500000000E-01, -3.93041586505486E+01,  1.04410000000001E+02,  1.50251915852960E+02,  1.60138061645783E+02
 1.92841666700000E+03, -2.61722745653040E-01, -3.14125000000000E-01, -3.93423880126846E+01,  1.04590000000001E+02,  1.66662888765791E+02,  1.82246365881587E+02
 1.92850000000000E+03, -2.37126312740105E-01, -1.91562500000000E-01, -3.93802400815655E+01,  1.04770000000001E+02,  1.41343846606387E+02,  1.93369383796398E+02
 1.92858333300000E+03, -3.09907212865661E-01, -7.32500000000000E-02, -3.94177116464447E+01,  1.04950000000001E+02,  2.09392917684048E+02,  2.06893670221991E+02
 1.92866666700000E+03, -4.57752015278586E-01, -5.32500000000000E-02, -3.77883067353587E+01,  1.05130000000001E+02,  1.84645533898429E+02,  1.74286500114784E+02
 1.92875000000000E+03, -5.73163158620318E-01, -1.57000000000000E-01, -3.78372696300731E+01,  1.05310000000001E+02,  1.34555564532014E+02,  1.54480235292604E+02
 1.92883333300000E+03, -6.32559570371772E-01, -2.77687500000000E-01, -3.78859875930885E+01,  1.05490000000001E+02,  1.30959744532702E+02,  1.72735707065318E+02
 1.92891666700000E+03, -6.21701220896283E-01, -3.54625000000000E-01, -3.79344562492800E+01,  1.05670000000001E+02,  1.97773191732458E+02,  2.29780471090045E+02
 1.92900000000000E+03, -5.31207076971813E-01, -4.18375000000000E-01, -3.79826712495963E+01,  1.05850000000002E+02,  1.40436165902386E+02,  2.86285459336310E+02
 1.92908333300000E+03, -4.35874555434254E-01, -4.67937500000000E-01, -3.80306282715727E+01,  1.06030000000002E+02,  1.54239652817091E+02,  2.96383290637096E+02
 1.92916666700000E+03, -4.06306222877029E-01, -4.77312500000000E-01, -3.80783230198422E+01,  1.06210000000002E+02,  1.69986426552130E+02,  2.95526301117099E+02
 1.92925000000000E+03, -4.43519930874741E-01, -4.84875000000000E-01, -3.81257512266410E+01,  1.06390000000002E+02,  2.36960031110692E+02,  3.38100013057969E+02
 1.92933333300000E+03, -5.00378938634159E-01, -5.38437500000000E-01, -3.81729086523128E+01,  1.06570000000002E+02,  2.86734642702885E+02,  4.03601346024703E+02
 1.92941666700000E+03, -5.37903146321420E-01, -5.90250000000000E-01, -3.82197910858066E+01,  1.06750000000002E+02,  2.68943755092118E+02,  3.39075339752073E+02
 1.92950000000000E+03, -5.43593416036449E-01, -5.73125000000000E-01, -3.82663943451728E+01,  1.06930000000002E+02,  2.56656031353330E+02,  3.44157627661133E+02
 1.92958333300000E+03, -5.43501581771187E-01, -5.06125000000000E-01, -3.83127142780538E+01,  1.07110000000002E+02,  2.40164016504979E+02,  3.24569892707450E+02
 1.92966666700000E+03, -5.39377355464523E-01, -4.46562500000000E-01, -2.92977437482499E+01,  1.07290000000002E+02,  1.97062830372225E+02,  3.21888181861100E+02
 1.92975000000000E+03, -4.90866587208415E-01, -4.15312500000000E-01, -2.93513834669653E+01,  1.07470000000002E+02,  1.09626143945510E+02,  2.16694676548868E+02
 1.92983333300000E+03, -4.19887470538370E-01, -3.87375000000000E-01, -2.94051056709590E+01,  1.07650000000002E+02,  1.11086728978839E+02,  2.23955033216215E+02
 1.92991666700000E+03, -3.68819566056938E-01, -3.29562500000000E-01, -2.94589057523035E+01,  1.07830000000002E+02,  1.26944537644322E+02,  2.20964306266486E+02
 1.93000000000000E+03, -3.47240936572942E-01, -2.53937500000000E-01, -2.95127790905597E+01,  1.08010000000002E+02,  1.78111179501904E+02,  2.59017093095158E+02
 1.93008333300000E+03, -3.35932228362518E-01, -2.00937500000000E-01, -2.95667210533088E+01,  1.08190000000002E+02,  2.13611208796268E+02,  3.21332772577205E+02
 1.93016666700000E+03, -2.84491001545338E-01, -1.85625000000000E-01, -2.96207269966868E+01,  1.08370000000002E+02,  2.12941198765042E+02,  3.26922992880330E+02
 1.93025000000000E+03, -1.88316458427875E-01, -2.34125000000000E-01, -2.96747922659194E+01,  1.08550000000002E+02,  2.04728928359630E+02,  3.21607455709130E+02
 1.93033333300000E+03, -1.26741304608094E-01, -3.62312500000000E-01, -2.97289121958593E+01,  1.08730000000002E+02,  1.86512804294523E+02,  2.84599796236970E+02
 1.93041666700000E+03, -1.65060960677966E-01, -4.74375000000000E-01, -2.97830821115253E+01,  1.08910000000002E+02,  1.31707939759777E+02,  2.67273279288671E+02
 1.93050000000000E+03, -2.49454049270741E-01, -4.60250000000000E-01, -2.98372973286416E+01,  1.09090000000002E+02,  7.42241473598071E+01,  1.24543423555028E+02
 1.93058333300000E+03, -3.23311619249719E-01, -3.42375000000000E-01, -2.98915531541800E+01,  1.09270000000002E+02,  6.99002823941122E+01,  1.64133471891366E+02
 1.93066666700000E+03, -3.85651233054506E-01, -2.44437500000000E-01, -2.50490376136849E+01,  1.09450000000002E+02,  1.12241633190404E+02,  2.05771547915167E+02
 1.93075000000000E+03, -4.03237174875755E-01, -2.58812500000000E-01, -2.50276920685214E+01,  1.09630000000002E+02,  1.14504947263733E+02,  2.05968420221598E+02
 1.93083333300000E+03, -3.77948550720296E-01, -3.17062500000000E-01, -2.50065513456051E+01,  1.09810000000002E+02,  1.49589276072112E+02,  2.36032386686176E+02
 1.93091666700000E+03, -3.38646322679710E-01, -2.67937500000000E-01, -2.49856186899142E+01,  1.09990000000002E+02,  1.59801860849738E+02,  2.45401178025148E+02
 1.93100000000000E+03, -2.90653479309676E-01, -8.30625000000000E-02, -2.49648973389215E+01,  1.10170000000002E+02,  1.58150360850993E+02,  1.50314101583416E+02
 1.93108333300000E+03, -2.47284082937651E-01,  1.11750000000000E-01, -2.49443905220891E+01,  1.10350000000002E+02,  1.16171292269244E+02,  9.46863949219544E+01
 1.93116666700000E+03, -2.23467465888889E-01,  1.89437500000000E-01, -2.49241014603632E+01,  1.10530000000002E+02,  1.45983897503576E+02,  1.73452435267282E+02
 1.93125000000000E+03, -2.24926971052489E-01,  1.49375000000000E-01, -2.49040333656691E+01,  1.10710000000002E+02,  1.47912271952846E+02,  1.39666458790292E+02
 1.93133333300000E+03, -2.44093401612896E-01,  7.93125000000000E-02, -2.48841894404069E+01,  1.10890000000002E+02,  1.57084443973001E+02,  1.68227891524621E+02
 1.93141666700000E+03, -2.68324959118498E-01,  4.15625000000000E-02, -2.48645728769485E+01,  1.11070000000002E+02,  1.33649519963849E+02,  1.68847499565910E+02
 1.93150000000000E+03, -2.91717518754616E-01,  3.00625000000000E-02, -2.48451868571338E+01,  1.11250000000002E+02,  1.66940158430467E+02,  2.23261019015098E+02
 1.93158333300000E+03, -3.22653375531467E-01,  2.25000000000000E-02, -2.48260345517692E+01,  1.11430000000002E+02,  2.81582366645399E+02,  2.73769712581279E+02
 1.93166666700000E+03, -3.54701087472055E-01, -1.32500000000000E-02, -4.05956379772846E+01,  1.11610000000002E+02,  2.87403647632414E+02,  2.84351917913504E+02
 1.93175000000000E+03, -3.69217243505833E-01, -1.01312500000000E-01, -4.06147462833924E+01,  1.11790000000002E+02,  5.23837833216504E+02,  5.59314443614620E+02
 1.93183333300000E+03, -3.77076392893745E-01, -1.86250000000000E-01, -4.06333787514949E+01,  1.11970000000002E+02,  6.86530230761283E+02,  7.10902970436707E+02
 1.93191666700000E+03, -3.87616016820530E-01, -2.35937500000000E-01, -4.06515342480468E+01,  1.12150000000002E+02,  6.56518872893176E+02,  6.69845636391135E+02
 1.93200000000000E+03, -3.94171233070857E-01, -2.83437500000000E-01, -4.06692116904837E+01,  1.12330000000002E+02,  6.03986704161014E+02,  6.32652262713674E+02
 1.93208333300000E+03, -3.97788701951476E-01, -3.26375000000000E-01, -4.06864100472936E+01,  1.12510000000002E+02,  5.60997383489814E+02,  5.91020972697290E+02
 1.93216666700000E+03, -4.03288475067688E-01, -3.61312500000000E-01, -4.07031283380816E+01,  1.12690000000002E+02,  3.53792814642455E+02,  2.71317789704876E+02
 1.93225000000000E+03, -4.12185979765278E-01, -3.76937500000000E-01, -4.07193656336269E+01,  1.12870000000002E+02,  2.09519688683375E+02,  1.33593574754116E+02
 1.93233333300000E+03, -4.19971478816383E-01, -3.56937500000000E-01, -4.07351210559345E+01,  1.13050000000002E+02,  2.32008044167990E+02,  1.95528609801583E+02
 1.93241666700000E+03, -4.20591199223578E-01, -3.38250000000000E-01, -4.07503937782784E+01,  1.13230000000002E+02,  2.04289810365087E+02,  1.87035151815625E+02
 1.93250000000000E+03, -4.13475417723653E-01, -3.27812500000000E-01, -4.07651830252386E+01,  1.13410000000002E+02,  2.13890645116632E+02,  2.09363943093997E+02
 1.93258333300000E+03, -3.74173333729190E-01, -3.05562500000000E-01, -4.07794880727319E+01,  1.13590000000002E+02,  1.80801689311513E+02,  2.09875606552221E+02
 1.93266666700000E+03, -3.01354728468538E-01, -2.94250000000000E-01, -4.35020210545217E+01,  1.13770000000002E+02,  1.62483007310478E+02,  2.13376532996547E+02
 1.93275000000000E+03, -2.78335568301090E-01, -3.40500000000000E-01, -4.35462053574280E+01,  1.13950000000002E+02,  1.45732517932775E+02,  1.81084033645537E+02
 1.93283333300000E+03, -3.50909737075577E-01, -4.39625000000000E-01, -4.35900565531862E+01,  1.14130000000002E+02,  8.73420310922018E+01,  1.26273619824650E+02
 1.93291666700000E+03, -4.65876812326789E-01, -4.76562500000000E-01, -4.36335706824463E+01,  1.14310000000002E+02,  1.69225172501126E+02,  2.30574016751996E+02
 1.93300000000000E+03, -5.50677589666411E-01, -4.28750000000000E-01, -4.36767438231719E+01,  1.14490000000002E+02,  1.76040050710475E+02,  2.72449529017787E+02
 1.93308333300000E+03, -5.72826745067314E-01, -4.46062500000000E-01, -4.37195720911056E+01,  1.14670000000002E+02,  3.57186785928762E+02,  4.43946265910129E+02
 1.93316666700000E+03, -5.50186136326735E-01, -5.32062500000000E-01, -4.37620516402303E+01,  1.14850000000002E+02,  3.38985670386733E+02,  4.00750190929013E+02
 1.93325000000000E+03, -5.13951578459827E-01, -5.24812500000000E-01, -4.38041786632241E+01,  1.15030000000002E+02,  3.70375427725401E+02,  3.91893948129618E+02
 1.93333333300000E+03, -4.76152651713551E-01, -4.12875000000000E-01, -4.38459493919098E+01,  1.15210000000002E+02,  2.88824613030346E+02,  2.74527751761824E+02
 1.93341666700000E+03, -4.34141344028244E-01, -3.04812500000000E-01, -4.38873600977002E+01,  1.15390000000002E+02,  2.87067055274812E+02,  3.00110402450843E+02
 1.93350000000000E+03, -3.93614520296468E-01, -1.90937500000000E-01, -4.39284070920365E+01,  1.15570000000002E+02,  1.70273075326362E+02,  1.75498888577005E+02
 1.93358333300000E+03, -3.77804900448932E-01, -2.61875000000000E-02, -4.39690867268213E+01,  1.15750000000002E+02,  1.84170596956506E+02,  2.19208793717216E+02
 1.93366666700000E+03, -3.81235845398111E-01,  6.23750000000000E-02, -4.07870780325885E+01,  1.15930000000002E+02,  2.33129848023660E+02,  2.26851667955237E+02
 1.93375000000000E+03, -3.75010264938027E-01, -5.81875000000000E-02, -4.07441160152326E+01,  1.16110000000002E+02,  2.73886953427302E+02,  3.49156304532642E+02
 1.93383333300000E+03, -3.70278599448287E-01, -2.77875000000000E-01, -4.07012133398700E+01,  1.16290000000002E+02,  2.39211994622420E+02,  2.88121357914674E+02
 1.93391666700000E+03, -3.79715935131376E-01, -4.56875000000000E-01, -4.06583732306675E+01,  1.16470000000002E+02,  1.78632658377990E+02,  2.43513258864608E+02
 1.93400000000000E+03, -3.96990077832903E-01, -6.33312500000000E-01, -4.06155988818923E+01,  1.16650000000002E+02,  1.85422539535475E+02,  2.02904398736048E+02
 1.93408333300000E+03, -4.28157632550925E-01, -8.12375000000000E-01, -4.05728934575277E+01,  1.16830000000002E+02,  1.25734747621416E+02,  1.88579409594518E+02
 1.93416666700000E+03, -4.76662444131739E-01, -8.86437500000000E-01, -4.05302600908956E+01,  1.17010000000002E+02,  2.18499455890703E+02,  1.98523582331579E+02
 1.93425000000000E+03, -5.22158456944361E-01, -8.40937500000000E-01, -4.04877018842828E+01,  1.17190000000002E+02,  2.15738385093199E+02,  2.06888663379634E+02
 1.93433333300000E+03, -5.30423300226617E-01, -7.49812500000000E-01, -4.04452219085743E+01,  1.17370000000002E+02,  2.18289928017797E+02,  1.98217513439453E+02
 1.93441666700000E+03, -4.92354836601717E-01, -6.41375000000000E-01, -4.04028232028910E+01,  1.17550000000002E+02,  2.18652464171555E+02,  2.17173594433195E+02
 1.93450000000000E+03, -4.47181194317373E-01, -5.34125000000000E-01, -4.03605087742342E+01,  1.17730000000002E+02,  2.13942436706021E+02,  2.33968952658699E+02
 1.93458333300000E+03, -4.16897841801744E-01, -4.46875000000000E-01, -4.03182815971345E+01,  1.17910000000002E+02,  1.04119298624812E+02,  1.95852149329659E+02
 1.93466666700000E+03, -4.02971448613356E-01, -4.00375000000000E-01, -4.05771865878119E+01,  1.18090000000002E+02,  1.14204945392424E+02,  2.04116606883928E+02
 1.93475000000000E+03, -4.33497855018793E-01, -4.07562500000000E-01, -4.05345458310103E+01,  1.18270000000002E+02,  1.08452741306250E+02,  1.97727735524701E+02
 1.93483333300000E+03, -4.87948348636311E-01, -4.14312500000000E-01, -4.04919799235401E+01,  1.18450000000002E+02,  1.50399389088530E+02,  2.21529305717431E+02
 1.93491666700000E+03, -5.10384752203288E-01, -3.99125000000000E-01, -4.04494919394617E+01,  1.18630000000002E+02,  1.97905608250312E+02,  2.82783716832935E+02
 1.93500000000000E+03, -4.88353457281594E-01, -4.09437500000000E-01, -4.04070849211081E+01,  1.18810000000002E+02,  1.71408202214162E+02,  1.81110716149642E+02
 1.93508333300000E+03, -4.59019628400805E-01, -4.56000000000000E-01, -4.03647618787277E+01,  1.18990000000002E+02,  1.60164572896936E+02,  1.87345542839337E+02
 1.93516666700000E+03, -4.80429038837247E-01, -4.93875000000000E-01, -4.03225257901335E+01,  1.19170000000002E+02,  1.63742780291342E+02,  1.84658988450765E+02
 1.93525000000000E+03, -5.72434635631582E-01, -5.13687500000000E-01, -4.02803796003581E+01,  1.19350000000002E+02,  1.19770988344416E+02,  1.47717843196112E+02
 1.93533333300000E+03, -6.87896255915259E-01, -5.75937500000000E-01, -4.02383262213137E+01,  1.19530000000002E+02,  7.85878304424307E+01,  1.05489881208917E+02
 1.93541666700000E+03, -7.48348742827848E-01, -6.74312500000000E-01, -4.01963685314589E+01,  1.19710000000002E+02,  8.48740025940145E+01,  1.14774897178326E+02
 1.93550000000000E+03, -7.12334160880544E-01, -7.17687500000000E-01, -4.01545093754705E+01,  1.19890000000002E+02,  1.48575376342796E+02,  1.70274905949729E+02
 1.93558333300000E+03, -5.87613844737198E-01, -6.67125000000000E-01, -4.01127515639217E+01,  1.20070000000002E+02,  1.58339094746641E+02,  1.86461445303126E+02
 1.93566666700000E+03, -4.57840164331003E-01, -5.90062500000000E-01, -4.08476079720018E+01,  1.20250000000002E+02,  1.37393065368472E+02,  1.92252867852100E+02
 1.93575000000000E+03, -4.14719533023033E-01, -5.74187500000000E-01, -4.08288382797270E+01,  1.20430000000002E+02,  1.69080573535382E+02,  2.06710689641200E+02
 1.93583333300000E+03, -4.21910741146607E-01, -5.90187500000000E-01, -4.08101949932360E+01,  1.20610000000002E+02,  1.69490156354780E+02,  1.93137630109867E+02
 1.93591666700000E+03, -4.22420818628390E-01, -5.34875000000000E-01, -4.07916759391567E+01,  1.20790000000002E+02,  1.08895834358074E+02,  1.35248156089673E+02
 1.93600000000000E+03, -4.15323874776800E-01, -3.89937500000000E-01, -4.07732789258257E+01,  1.20970000000002E+02,  1.28802399621235E+02,  1.58132698711902E+02
 1.93608333300000E+03, -4.04754618060922E-01, -2.70437500000000E-01, -4.07550017438016E+01,  1.21150000000002E+02,  1.88294254215885E+02,  2.24930373079230E+02
 1.93616666700000E+03, -3.96247455099897E-01, -2.87125000000000E-01, -4.07368421663816E+01,  1.21330000000002E+02,  1.46113679579767E+02,  2.41044659811489E+02
 1.93625000000000E+03, -3.91325703903295E-01, -3.93187500000000E-01, -4.07187979501205E+01,  1.21510000000002E+02,  2.09016394996851E+02,  3.41260558390484E+02
 1.93633333300000E+03, -3.86122951927330E-01, -4.80812500000000E-01, -4.07008668353522E+01,  1.21690000000002E+02,  2.74817538376426E+02,  3.93362234428722E+02
 1.93641666700000E+03, -3.75747140814914E-01, -4.84625000000000E-01, -4.06830465467135E+01,  1.21870000000002E+02,  2.57550619247580E+02,  3.66481391262401E+02
 1.93650000000000E+03, -3.60280953151188E-01, -3.54687500000000E-01, -4.06653347936701E+01,  1.22050000000002E+02,  3.07161112398542E+02,  4.30789001614606E+02
 1.93658333300000E+03, -3.47775185645064E-01, -1.45750000000000E-01, -4.06477292710455E+01,  1.22230000000002E+02,  2.85292472003737E+02,  3.50954301017124E+02
 1.93666666700000E+03, -3.44303368275346E-01, -3.78750000000000E-02, -4.39717140246546E+01,  1.22410000000002E+02,  2.13398906243860E+02,  2.60741731502425E+02
 1.93675000000000E+03, -3.49863465274125E-01, -1.02812500000000E-01, -4.39533577800596E+01,  1.22590000000002E+02,  3.14697985759000E+02,  3.69676321937936E+02
 1.93683333300000E+03, -3.65508433026658E-01, -2.01875000000000E-01, -4.39348988517382E+01,  1.22770000000002E+02,  2.97933537622885E+02,  3.75857219267735E+02
 1.93691666700000E+03, -3.86959609004552E-01, -2.15625000000000E-01, -4.39163359191079E+01,  1.22950000000002E+02,  2.72750290872932E+02,  2.70009372275339E+02
 1.93700000000000E+03, -4.07005366960959E-01, -1.62500000000000E-01, -4.38976676963840E+01,  1.23130000000002E+02,  3.47450759738551E+02,  3.90724867520234E+02
 1.93708333300000E+03, -4.25309245894443E-01, -1.00750000000000E-01, -4.38788929329214E+01,  1.23310000000002E+02,  3.80476184835023E+02,  4.53342804327154E+02
 1.93716666700000E+03, -4.45173056879597E-01, -1.01562500000000E-01, -4.38600104135500E+01,  1.23490000000002E+02,  2.20729357521141E+02,  2.69915482772192E+02
 1.93725000000000E+03, -4.67096958323868E-01, -1.86375000000000E-01, -4.38410189589037E+01,  1.23670000000002E+02,  3.06494600565956E+02,  3.38691555322925E+02
 1.93733333300000E+03, -4.86373094110774E-01, -2.53062500000000E-01, -4.38219174257429E+01,  1.23850000000002E+02,  2.97976846892898E+02,  4.14992697600975E+02
 1.93741666700000E+03, -4.97438649440832E-01, -2.25750000000000E-01, -4.38027047072699E+01,  1.24030000000002E+02,  2.19405996549272E+02,  2.92649036746843E+02
 1.93750000000000E+03, -5.00392121216556E-01, -1.87000000000000E-01, -4.37833797334385E+01,  1.24210000000002E+02,  1.83372644043256E+02,  2.57801815878800E+02
 1.93758333300000E+03, -4.75922107881630E-01, -2.06625000000000E-01, -4.37639414712564E+01,  1.24390000000002E+02,  2.81324212797083E+02,  4.18529805428563E+02
 1.93766666700000E+03, -4.22874616874634E-01, -2.30625000000000E-01, -5.05686225904170E+01,  1.24570000000002E+02,  2.89618427946659E+02,  4.25337640028992E+02
 1.93775000000000E+03, -3.88626488179905E-01, -2.43437500000000E-01, -5.05764039294017E+01,  1.24750000000002E+02,  2.27235655689239E+02,  3.40866718205297E+02
 1.93783333300000E+03, -3.80394753934728E-01, -2.92312500000000E-01, -5.05836673887319E+01,  1.24930000000002E+02,  2.40702423368702E+02,  3.80652508409201E+02
 1.93791666700000E+03, -3.73923749972550E-01, -3.37750000000000E-01, -5.05904130645737E+01,  1.25110000000002E+02,  3.39259120741093E+02,  4.97760833615470E+02
 1.93800000000000E+03, -3.63910255614868E-01, -3.14500000000000E-01, -5.05966411101054E+01,  1.25290000000002E+02,  2.39857164357670E+02,  3.40666475270466E+02
 1.93808333300000E+03, -3.51941594554041E-01, -2.71875000000000E-01, -5.06023517354116E+01,  1.25470000000002E+02,  2.50495778091338E+02,  3.86613612661926E+02
 1.93816666700000E+03, -3.42676695355899E-01, -2.71312500000000E-01, -5.06075452073688E+01,  1.25650000000002E+02,  3.03990842683686E+02,  3.70061120263300E+02
 1.93825000000000E+03, -3.37083219996279E-01, -2.81562500000000E-01, -5.06122218495239E+01,  1.25830000000002E+02,  3.05597732810557E+02,  3.56681338856407E+02
 1.93833333300000E+03, -3.30088066394743E-01, -2.40000000000000E-01, -5.06163820419638E+01,  1.26010000000002E+02,  2.30539109716455E+02,  2.59564509749828E+02
 1.93841666700000E+03, -3.15369358516586E-01, -1.62562500000000E-01, -5.06200262211783E+01,  1.26190000000002E+02,  2.47312418486737E+02,  2.60895518747285E+02
 1.93850000000000E+03, -2.92565614898942E-01, -1.50375000000000E-01, -5.06231548799137E+01,  1.26370000000002E+02,  1.77481452199858E+02,  1.73574248301594E+02
 1.93858333300000E+03, -3.25042443970855E-01, -1.94687500000000E-01, -5.06257685670196E+01,  1.26550000000002E+02,  2.21633432630102E+02,  3.20527269199695E+02
 1.93866666700000E+03, -4.27443653838960E-01, -1.86687500000000E-01, -3.83261748507016E+01,  1.26730000000002E+02,  2.23291294905808E+02,  3.32289109447110E+02
 1.93875000000000E+03, -4.94268979870161E-01, -1.43562500000000E-01, -3.83033939505821E+01,  1.26910000000002E+02,  1.98694847413151E+02,  2.91621678532500E+02
 1.93883333300000E+03, -5.11027407932489E-01, -1.71687500000000E-01, -3.82804909260807E+01,  1.27090000000002E+02,  1.75140572143298E+02,  3.20981228902375E+02
 1.93891666700000E+03, -5.18938473016811E-01, -3.18125000000000E-01, -3.82574660299281E+01,  1.27270000000002E+02,  1.64394604526082E+02,  3.49707408826258E+02
 1.93900000000000E+03, -5.14913733446063E-01, -5.19312500000000E-01, -3.82343195554695E+01,  1.27450000000002E+02,  5.75574840233290E+01,  1.87288375311233E+02
 1.93908333300000E+03, -5.01796901311361E-01, -6.42875000000000E-01, -3.82110518367133E+01,  1.27630000000002E+02,  6.02363149673054E+01,  1.72417238330745E+02
 1.93916666700000E+03, -4.84341898640773E-01, -6.27937500000000E-01, -3.81876632483723E+01,  1.27810000000002E+02,  7.19555567075009E+01,  1.76962594726441E+02
 1.93925000000000E+03, -4.63388993529522E-01, -5.42000000000000E-01, -3.81641542058985E+01,  1.27990000000002E+02,  1.90339114046177E+02,  3.13207717055721E+02
 1.93933333300000E+03, -4.35115493707275E-01, -4.66812500000000E-01, -3.81405251655096E+01,  1.28170000000002E+02,  1.66279005318012E+02,  2.54646960994419E+02
 1.93941666700000E+03, -3.97196167361815E-01, -4.00437500000000E-01, -3.81167766242093E+01,  1.28350000000002E+02,  1.64506705917770E+02,  3.35562892013924E+02
 1.93950000000000E+03, -3.56232147807873E-01, -3.44875000000000E-01, -3.80929091197998E+01,  1.28530000000002E+02,  1.45984677884674E+02,  3.28802695599219E+02
 1.93958333300000E+03, -3.07866961398476E-01, -3.59812500000000E-01, -3.80689232308870E+01,  1.28710000000002E+02,  1.52468304123021E+02,  3.51282939555223E+02
 1.93966666700000E+03, -2.66418309795306E-01, -4.20250000000000E-01, -3.87863890552043E+01,  1.28890000000002E+02,  5.97788657950341E+01,  1.87141572463244E+02
 1.93975000000000E+03, -2.71805433569760E-01, -4.12312500000000E-01, -3.87959714614985E+01,  1.29070000000002E+02,  6.10959490035636E+01,  1.99132180673078E+02
 1.93983333300000E+03, -3.10491014048604E-01, -3.53937500000000E-01, -3.88060050622175E+01,  1.29250000000002E+02,  1.13917738231726E+02,  1.75074013344154E+02
 1.93991666700000E+03, -3.48664643826067E-01, -3.58187500000000E-01, -3.88164905930138E+01,  1.29430000000002E+02,  1.21943402213138E+02,  1.98157734548751E+02
 1.94000000000000E+03, -3.79345370985845E-01, -3.74812500000000E-01, -3.88274287374705E+01,  1.29610000000002E+02,  1.26864417423222E+02,  1.79228882377629E+02
 1.94008333300000E+03, -4.02631177428375E-01, -2.97562500000000E-01, -3.88388201268724E+01,  1.29790000000002E+02,  1.64830923129864E+02,  1.94097445606645E+02
 1.94016666700000E+03, -4.22002363572192E-01, -1.95562500000000E-01, -3.88506653399836E+01,  1.29970000000002E+02,  2.37015826898992E+02,  2.86757846045796E+02
 1.94025000000000E+03, -4.37649150683826E-01, -1.84125000000000E-01, -3.88629649028332E+01,  1.30150000000002E+02,  2.23421270187684E+02,  3.07583833484947E+02
 1.94033333300000E+03, -4.44172415372321E-01, -2.40875000000000E-01, -3.88757192885088E+01,  1.30330000000002E+02,  2.44423200643072E+02,  2.78308090403343E+02
 1.94041666700000E+03, -4.35386839480841E-01, -2.74250000000000E-01, -3.88889289169573E+01,  1.30510000000002E+02,  3.94253952291351E+02,  4.87216026809717E+02
 1.94050000000000E+03, -4.11507071328287E-01, -2.74000000000000E-01, -3.89025941547933E+01,  1.30690000000002E+02,  3.29718536715109E+02,  4.73356668536310E+02
 1.94058333300000E+03, -3.67395279486732E-01, -2.52687500000000E-01, -3.89167153151163E+01,  1.30870000000002E+02,  2.65057889363686E+02,  3.61173799532944E+02
 1.94066666700000E+03, -3.10536400134349E-01, -1.69062500000000E-01, -4.30163147702016E+01,  1.31050000000002E+02,  2.51700408512781E+02,  3.24621743125902E+02
 1.94075000000000E+03, -2.69651793527565E-01, -5.83125000000000E-02, -4.29924909855647E+01,  1.31230000000002E+02,  3.11109430389463E+02,  3.98813589964415E+02
 1.94083333300000E+03, -2.44456856344215E-01,  5.25000000000000E-03, -4.29685436651199E+01,  1.31410000000002E+02,  1.86916287440444E+02,  2.37464291295723E+02
 1.94091666700000E+03, -2.19049531224858E-01,  6.26250000000000E-02, -4.29444733206593E+01,  1.31590000000002E+02,  2.51771760812388E+02,  3.39682917916394E+02
 1.94100000000000E+03, -1.94527597319120E-01,  1.57875000000000E-01, -4.29202805071543E+01,  1.31770000000002E+02,  2.45036025302192E+02,  3.27375512801590E+02
 1.94108333300000E+03, -1.80983454972367E-01,  2.20250000000000E-01, -4.28959658227626E+01,  1.31950000000002E+02,  2.54762348094224E+02,  3.06620797179008E+02
 1.94116666700000E+03, -1.90827631915445E-01,  1.95750000000000E-01, -4.28715299088269E+01,  1.32130000000002E+02,  2.54167178628600E+02,  3.42380807719997E+02
 1.94125000000000E+03, -2.28531583860332E-01,  1.30625000000000E-01, -4.28469734498666E+01,  1.32310000000003E+02,  2.08843304005159E+02,  2.81085278892902E+02
 1.94133333300000E+03, -2.85651016622405E-01,  9.54375000000000E-02, -4.28222971735609E+01,  1.32490000000003E+02,  1.62446474332716E+02,  2.05230861910588E+02
 1.94141666700000E+03, -3.45257201506690E-01,  1.30000000000000E-01, -4.27975018507247E+01,  1.32670000000003E+02,  2.69544316561289E+02,  3.29907731349911E+02
 1.94150000000000E+03, -3.91673010216988E-01,  1.83750000000000E-01, -4.27725882952761E+01,  1.32850000000003E+02,  2.35771884207077E+02,  3.22948697674972E+02
 1.94158333300000E+03, -3.87890145488032E-01,  1.52375000000000E-01, -4.27475573641960E+01,  1.33030000000003E+02,  1.71216227551549E+02,  2.74038983103266E+02
 1.94166666700000E+03, -3.20793091932355E-01,  3.42500000000000E-02, -3.94490694542937E+01,  1.33210000000003E+02,  2.06693120502072E+02,  3.22994687888451E+02
 1.94175000000000E+03, -2.49537413905589E-01, -6.35000000000000E-02, -3.94275431329145E+01,  1.33390000000003E+02,  1.97570703389439E+02,  2.93091078215586E+02
 1.94183333300000E+03, -2.09479616239853E-01, -6.26250000000000E-02, -3.94062525394485E+01,  1.33570000000003E+02,  1.30868382666335E+02,  2.69826938140568E+02
 1.94191666700000E+03, -1.92243433220479E-01, -1.71875000000000E-02, -3.93852013360450E+01,  1.33750000000003E+02,  1.56822600117677E+02,  2.94199954458486E+02
 1.94200000000000E+03, -1.93971255011045E-01, -1.51250000000000E-02, -3.93643931738045E+01,  1.33930000000003E+02,  1.31521749940782E+02,  2.22725438863759E+02
 1.94208333300000E+03, -2.12379854547873E-01, -2.20625000000000E-02, -3.93438316921539E+01,  1.34110000000003E+02,  1.08953805368804E+02,  1.67176705177485E+02
 1.94216666700000E+03, -2.44509360007822E-01,  5.43750000000000E-03, -3.93235205182210E+01,  1.34290000000003E+02,  1.21639471115653E+02,  1.85737323379252E+02
 1.94225000000000E+03, -2.82277506047140E-01,  4.11875000000000E-02, -3.93034632662111E+01,  1.34470000000003E+02,  1.01501006787442E+02,  8.96507655970084E+01
 1.94233333300000E+03, -3.12469187613443E-01,  6.92500000000000E-02, -3.92836635367845E+01,  1.34650000000003E+02,  1.05038145522730E+02,  1.12067521944583E+02
 1.94241666700000E+03, -3.23266592145142E-01,  7.84375000000000E-02, -3.92641249164342E+01,  1.34830000000003E+02,  1.33418268702495E+02,  1.30871195768881E+02
 1.94250000000000E+03, -3.12238691032931E-01,  1.04250000000000E-01, -3.92448509768664E+01,  1.35010000000003E+02,  1.79089518655888E+02,  1.92907791310095E+02
 1.94258333300000E+03, -3.36087807193382E-01,  1.43937500000000E-01, -3.92258452743811E+01,  1.35190000000003E+02,  2.51730014355852E+02,  3.11207747226661E+02
 1.94266666700000E+03, -4.28287802210219E-01,  6.60625000000000E-02, -4.00528918939666E+01,  1.35370000000003E+02,  2.73210846709035E+02,  3.19158409296476E+02
 1.94275000000000E+03, -5.29956452717187E-01, -1.24500000000000E-01, -4.00877841452849E+01,  1.35550000000003E+02,  2.61822257268892E+02,  3.15730668256824E+02
 1.94283333300000E+03, -6.25383291465256E-01, -2.75937500000000E-01, -4.01230828218757E+01,  1.35730000000003E+02,  2.47794022544461E+02,  3.11937890654921E+02
 1.94291666700000E+03, -7.08355915741791E-01, -3.63875000000000E-01, -4.01587855572243E+01,  1.35910000000003E+02,  2.28795159359479E+02,  2.94951230799159E+02
 1.94300000000000E+03, -7.31573497244818E-01, -4.34500000000000E-01, -4.01948899324131E+01,  1.36090000000003E+02,  1.33048570715800E+02,  1.47421782497527E+02
 1.94308333300000E+03, -6.79663340902040E-01, -4.88750000000000E-01, -4.02313934763506E+01,  1.36270000000003E+02,  9.11315356070455E+01,  1.40055999165567E+02
 1.94316666700000E+03, -5.81185851606930E-01, -5.13062500000000E-01, -4.02682936660074E+01,  1.36450000000003E+02,  1.00199227679383E+02,  9.12378705163788E+01
 1.94325000000000E+03, -4.89060681891626E-01, -5.06437500000000E-01, -4.03055879266606E+01,  1.36630000000003E+02,  1.28282258639295E+02,  8.05606753118387E+01
 1.94333333300000E+03, -4.43432134239772E-01, -5.24187500000000E-01, -4.03432736321457E+01,  1.36810000000003E+02,  9.57466188258070E+01,  6.11045133503581E+01
 1.94341666700000E+03, -4.45877452546304E-01, -5.90625000000000E-01, -4.03813481051159E+01,  1.36990000000003E+02,  1.14758636930222E+02,  9.26593273062920E+01
 1.94350000000000E+03, -4.64926913207315E-01, -5.84687500000000E-01, -4.04198086173100E+01,  1.37170000000003E+02,  1.36623039744340E+02,  1.01335711276934E+02
 1.94358333300000E+03, -4.11797216450031E-01, -4.10750000000000E-01, -4.04586523898267E+01,  1.37350000000003E+02,  1.20768197017984E+02,  9.57881424761342E+01
 1.94366666700000E+03, -2.73777573947080E-01, -1.89437500000000E-01, -5.00409346852149E+01,  1.37530000000003E+02,  8.18795507888983E+01,  8.97337330259684E+01
 1.94375000000000E+03, -1.93758191281827E-01, -9.20000000000000E-02, -4.99974228301488E+01,  1.37710000000003E+02,  8.82130649611145E+01,  1.09563669316530E+02
 1.94383333300000E+03, -2.31814545284273E-01, -1.20562500000000E-01, -4.99540042027941E+01,  1.37890000000003E+02,  7.02495553017533E+01,  9.58010233124271E+01
 1.94391666700000E+03, -3.33651072311137E-01, -2.15625000000000E-01, -4.99106819964073E+01,  1.38070000000003E+02,  1.82519503234618E+02,  1.68784009111032E+02
 1.94400000000000E+03, -4.28516123555446E-01, -3.50187500000000E-01, -4.98674593669851E+01,  1.38250000000003E+02,  2.44613126177483E+02,  2.51416075191659E+02
 1.94408333300000E+03, -4.49421234473323E-01, -4.33625000000000E-01, -4.98243394328826E+01,  1.38430000000003E+02,  2.43723062062142E+02,  2.63484921159111E+02
 1.94416666700000E+03, -3.90320586699138E-01, -4.25625000000000E-01, -4.97813252744382E+01,  1.38610000000003E+02,  2.44737260570521E+02,  3.06435383259693E+02
 1.94425000000000E+03, -3.03721101519756E-01, -4.24062500000000E-01, -4.97384199336055E+01,  1.38790000000003E+02,  3.63213396924954E+02,  4.23847431084192E+02
 1.94433333300000E+03, -2.46322755624255E-01, -4.37312500000000E-01, -4.96956264135928E+01,  1.38970000000003E+02,  2.84153591183627E+02,  3.94008265025545E+02
 1.94441666700000E+03, -2.32464399596899E-01, -4.04125000000000E-01, -4.96529476785091E+01,  1.39150000000003E+02,  2.36261824585067E+02,  3.19328382978267E+02
 1.94450000000000E+03, -2.38615639825993E-01, -3.63062500000000E-01, -4.96103866530175E+01,  1.39330000000003E+02,  2.52913548253766E+02,  3.46598203317385E+02
 1.94458333300000E+03, -2.67718859504933E-01, -3.17750000000000E-01, -4.95679462219962E+01,  1.39510000000003E+02,  3.35673699857166E+02,  3.24810285531219E+02
 1.94466666700000E+03, -2.99805147011053E-01, -2.36312500000000E-01, -4.98993163923217E+01,  1.39690000000003E+02,  3.12112974190929E+02,  2.00332830631498E+02
 1.94475000000000E+03, -2.76222039476446E-01, -1.85812500000000E-01, -4.99261884991016E+01,  1.39870000000003E+02,  3.10458760718030E+02,  1.75135524066360E+02
 1.94483333300000E+03, -2.28414996651304E-01, -1.84437500000000E-01, -4.99525811396610E+01,  1.40050000000003E+02,  3.46468279636394E+02,  2.78943007009458E+02
 1.94491666700000E+03, -2.07925866684220E-01, -1.36875000000000E-01, -4.99784922558920E+01,  1.40230000000003E+02,  3.70121417494041E+02,  3.23589506593291E+02
 1.94500000000000E+03, -2.15315322308370E-01, -8.59375000000000E-02, -5.00039198447573E+01,  1.40410000000003E+02,  2.95410113494757E+02,  2.55946030477609E+02
 1.94508333300000E+03, -2.47098859948261E-01, -1.94500000000000E-01, -5.00288619584898E+01,  1.40590000000003E+02,  2.24700653998040E+02,  2.81503992589396E+02
 1.94516666700000E+03, -2.94718146825158E-01, -3.88937500000000E-01, -5.00533167047848E+01,  1.40770000000003E+02,  2.23486753803274E+02,  2.83108299231772E+02
 1.94525000000000E+03, -3.43495779698705E-01, -4.40062500000000E-01, -5.00772822469845E+01,  1.40950000000003E+02,  1.67811085364682E+02,  2.39871367522685E+02
 1.94533333300000E+03, -3.76475572177865E-01, -3.18125000000000E-01, -5.01007568042538E+01,  1.41130000000003E+02,  1.30292433789814E+02,  2.30019452561515E+02
 1.94541666700000E+03, -3.82855204757597E-01, -1.27750000000000E-01, -5.01237386517487E+01,  1.41310000000003E+02,  1.14513662573594E+02,  2.45116000998526E+02
 1.94550000000000E+03, -3.64823515710287E-01,  2.51250000000000E-02, -5.01462261207765E+01,  1.41490000000003E+02,  1.29864578989418E+02,  2.72180409576662E+02
 1.94558333300000E+03, -3.26918752710124E-01,  2.67500000000000E-02, -5.01682175989482E+01,  1.41670000000003E+02,  1.15079427734553E+02,  3.72737800786519E+02
 1.94566666700000E+03, -2.87793659491653E-01, -1.16750000000000E-01, -3.92438686518052E+01,  1.41850000000003E+02,  1.69086722769029E+02,  4.01860243806323E+02
 1.94575000000000E+03, -2.73949442814399E-01, -2.59875000000000E-01, -3.92248768164353E+01,  1.42030000000003E+02,  2.00969356838498E+02,  4.01675751771921E+02
 1.94583333300000E+03, -2.75123150836777E-01, -3.20000000000000E-01, -3.92061569397400E+01,  1.42210000000003E+02,  1.97010839850544E+02,  4.13106602879998E+02
 1.94591666700000E+03, -2.71063844818634E-01, -3.61250000000000E-01, -3.91877125444855E+01,  1.42390000000003E+02,  1.60329320802286E+02,  3.53193714708035E+02
 1.94600000000000E+03, -2.60421732713715E-01, -4.16875000000000E-01, -3.91695471361524E+01,  1.42570000000003E+02,  1.28077173949382E+02,  2.42382306872120E+02
 1.94608333300000E+03, -2.48305347783747E-01, -3.93250000000000E-01, -3.91516642023240E+01,  1.42750000000003E+02,  1.39331150547868E+02,  2.10585796263514E+02
 1.94616666700000E+03, -2.41813461275313E-01, -2.95062500000000E-01, -3.91340672120752E+01,  1.42930000000003E+02,  2.58283418223932E+02,  2.64409919445927E+02
 1.94625000000000E+03, -2.43022441849524E-01, -2.96125000000000E-01, -3.91167596153640E+01,  1.43110000000003E+02,  2.55638330091671E+02,  2.43405606419203E+02
 1.94633333300000E+03, -2.46759256715956E-01, -4.22750000000000E-01, -3.90997448424255E+01,  1.43290000000003E+02,  2.92100858121401E+02,  3.76397845979311E+02
 1.94641666700000E+03, -2.45772756038763E-01, -5.38937500000000E-01, -3.90830263031669E+01,  1.43470000000003E+02,  2.87826684830746E+02,  3.57358963552881E+02
 1.94650000000000E+03, -2.38421576615548E-01, -6.30125000000000E-01, -3.90666073865656E+01,  1.43650000000003E+02,  2.28884193474578E+02,  2.90988997624582E+02
 1.94658333300000E+03, -2.50610086764993E-01, -6.87562500000000E-01, -3.90504914600700E+01,  1.43830000000003E+02,  1.21445547420376E+02,  2.88313848232575E+02
 1.94666666700000E+03, -2.87889681712399E-01, -6.43187500000000E-01, -4.55342268539720E+01,  1.44010000000003E+02,  1.36518919629789E+02,  3.44432162756104E+02
 1.94675000000000E+03, -3.12397289337232E-01, -5.84000000000000E-01, -4.55160976064617E+01,  1.44190000000003E+02,  1.63342395038034E+02,  3.04969478085950E+02
 1.94683333300000E+03, -3.24360285347234E-01, -5.84000000000000E-01, -4.54980811498790E+01,  1.44370000000003E+02,  1.72911734204462E+02,  3.73641396881399E+02
 1.94691666700000E+03, -3.37991240168849E-01, -5.55250000000000E-01, -4.54801750863399E+01,  1.44550000000003E+02,  1.67706322897044E+02,  3.78817584698426E+02
 1.94700000000000E+03, -3.47312909442702E-01, -5.11187500000000E-01, -4.54623770027594E+01,  1.44730000000003E+02,  1.39443615509432E+02,  3.10248528544558E+02
 1.94708333300000E+03, -3.54050568480979E-01, -5.56937500000000E-01, -4.54446844714218E+01,  1.44910000000003E+02,  1.38442885616247E+02,  2.61363906847532E+02
 1.94716666700000E+03, -3.63627144333948E-01, -6.59562500000000E-01, -4.54270950505541E+01,  1.45090000000003E+02,  1.55431308583127E+02,  2.75091256417258E+02
 1.94725000000000E+03, -3.77997342768354E-01, -7.17750000000000E-01, -4.54096062848998E+01,  1.45270000000003E+02,  1.63216697513115E+02,  2.16611000992799E+02
 1.94733333300000E+03, -3.92806754183269E-01, -6.83437500000000E-01, -4.53922157062965E+01,  1.45450000000003E+02,  1.90410205893491E+02,  2.49513782574482E+02
 1.94741666700000E+03, -4.01749685290163E-01, -5.59562500000000E-01, -4.53749208342544E+01,  1.45630000000003E+02,  2.03868209825668E+02,  2.63555678477446E+02
 1.94750000000000E+03, -4.03527114013935E-01, -3.94187500000000E-01, -4.53577191765361E+01,  1.45810000000003E+02,  2.26502570052861E+02,  2.81713221980704E+02
 1.94758333300000E+03, -4.20905166494946E-01, -2.72187500000000E-01, -4.53406082297393E+01,  1.45990000000003E+02,  1.42805351302195E+02,  1.79637848824675E+02
 1.94766666700000E+03, -4.49913617325766E-01, -2.82937500000000E-01, -5.16254201523735E+01,  1.46170000000003E+02,  1.98838808520849E+02,  2.48760614660598E+02
 1.94775000000000E+03, -4.70445831199397E-01, -4.37312500000000E-01, -5.15809431583988E+01,  1.46350000000003E+02,  1.96226998541652E+02,  2.79885018803324E+02
 1.94783333300000E+03, -5.22183967303873E-01, -6.23375000000000E-01, -5.15364247382700E+01,  1.46530000000003E+02,  1.97852720046307E+02,  2.21873640952056E+02
 1.94791666700000E+03, -5.97764747788069E-01, -7.07812500000000E-01, -5.14918691123382E+01,  1.46710000000003E+02,  2.12680178148874E+02,  2.48301058505738E+02
 1.94800000000000E+03, -6.19731512888612E-01, -6.69750000000000E-01, -5.14472804813556E+01,  1.46890000000003E+02,  3.59866672924362E+02,  3.06863049574293E+02
 1.94808333300000E+03, -5.59610956118389E-01, -5.91500000000000E-01, -5.14026630258887E+01,  1.47070000000003E+02,  3.31599083528381E+02,  3.34941685199789E+02
 1.94816666700000E+03, -4.65925501128259E-01, -5.45375000000000E-01, -5.13580209057364E+01,  1.47250000000003E+02,  3.05868365052991E+02,  2.80300047614050E+02
 1.94825000000000E+03, -4.12763360023347E-01, -5.48250000000000E-01, -5.13133582593517E+01,  1.47430000000003E+02,  2.72850217735395E+02,  2.83036790642562E+02
 1.94833333300000E+03, -4.28588946689083E-01, -5.67000000000000E-01, -5.12686792032692E+01,  1.47610000000003E+02,  2.22951268950342E+02,  2.53616335728637E+02
 1.94841666700000E+03, -4.81200176069384E-01, -5.30812500000000E-01, -5.12239878315359E+01,  1.47790000000003E+02,  9.79731435856521E+01,  2.07012200640694E+02
 1.94850000000000E+03, -5.23696114109064E-01, -4.30187500000000E-01, -5.11792882151479E+01,  1.47970000000003E+02,  7.01431437197093E+01,  1.02477594631848E+02
 1.94858333300000E+03, -4.94178787654813E-01, -3.57000000000000E-01, -5.11345844014909E+01,  1.48150000000003E+02,  7.44530513750512E+01,  1.47175704322719E+02
 1.94866666700000E+03, -4.01988653849855E-01, -3.73500000000000E-01, -4.47839979889792E+01,  1.48330000000003E+02,  1.16964443587906E+02,  1.97278280994371E+02
 1.94875000000000E+03, -3.51446114130395E-01, -4.20500000000000E-01, -4.48150430754333E+01,  1.48510000000003E+02,  1.82516979250481E+02,  2.26050841136900E+02
 1.94883333300000E+03, -3.56902923899974E-01, -4.25687500000000E-01, -4.48456448230106E+01,  1.48690000000003E+02,  1.66978647259750E+02,  2.05775168248650E+02
 1.94891666700000E+03, -3.83923210712782E-01, -4.60500000000000E-01, -4.48758007495740E+01,  1.48870000000003E+02,  1.51640314872580E+02,  2.02389728868222E+02
 1.94900000000000E+03, -4.36371676415630E-01, -5.89875000000000E-01, -4.49055084227321E+01,  1.49050000000003E+02,  2.00336483530187E+02,  2.38795357013435E+02
 1.94908333300000E+03, -5.09870033072351E-01, -7.03312500000000E-01, -4.49347654600968E+01,  1.49230000000003E+02,  2.00753235061202E+02,  2.20998451511535E+02
 1.94916666700000E+03, -5.88123796706284E-01, -7.36875000000000E-01, -4.49635695295341E+01,  1.49410000000003E+02,  1.47519357547589E+02,  2.51854111552996E+02
 1.94925000000000E+03, -6.45605769650248E-01, -7.43312500000000E-01, -4.49919183494077E+01,  1.49590000000003E+02,  1.60770950226511E+02,  2.95445967712271E+02
 1.94933333300000E+03, -6.58012867549354E-01, -7.25500000000000E-01, -4.50198096888158E+01,  1.49770000000003E+02,  1.63398141947694E+02,  3.00414742689425E+02
 1.94941666700000E+03, -6.15544212915873E-01, -6.81000000000000E-01, -4.50472413678206E+01,  1.49950000000003E+02,  1.26246675863767E+02,  2.28776374185352E+02
 1.94950000000000E+03, -5.30388002038738E-01, -6.50500000000000E-01, -4.50742112576707E+01,  1.50130000000003E+02,  1.25134891312461E+02,  1.83721208779231E+02
 1.94958333300000E+03, -4.57823787898988E-01, -6.34937500000000E-01, -4.51007172810166E+01,  1.50310000000003E+02,  1.09635387614950E+02,  1.15108306594887E+02
 1.94966666700000E+03, -4.40653580665449E-01, -5.95125000000000E-01, -3.99157994233288E+01,  1.50490000000003E+02,  1.32791227220717E+02,  1.76568173576889E+02
 1.94975000000000E+03, -4.48879230375719E-01, -5.25937500000000E-01, -3.99004447631497E+01,  1.50670000000003E+02,  3.36283151683934E+02,  2.66905816701665E+02
 1.94983333300000E+03, -4.56325356881129E-01, -4.79625000000000E-01, -3.98850798941359E+01,  1.50850000000003E+02,  3.23167279656148E+02,  2.55120468686255E+02
 1.94991666700000E+03, -4.61841624450228E-01, -4.89625000000000E-01, -3.98697024583517E+01,  1.51030000000003E+02,  3.47328753620082E+02,  3.67596926682345E+02
 1.95000000000000E+03, -4.60336764325891E-01, -4.73312500000000E-01, -3.98543101102698E+01,  1.51210000000003E+02,  3.41800399714402E+02,  3.60773804993501E+02
 1.95008333300000E+03, -4.53842868874456E-01, -3.71062500000000E-01, -3.98389005172922E+01,  1.51390000000003E+02,  4.16908906003100E+02,  3.57066392460841E+02
 1.95016666700000E+03, -4.47574000099369E-01, -3.08937500000000E-01, -3.98234713602679E+01,  1.51570000000003E+02,  3.11433340297753E+02,  3.64103035071415E+02
 1.95025000000000E+03, -4.42951070988994E-01, -3.68562500000000E-01, -3.98080203340087E+01,  1.51750000000003E+02,  3.53165623940486E+02,  3.71709474891145E+02
 1.95033333300000E+03, -4.35065648675381E-01, -4.44750000000000E-01, -3.97925451478012E+01,  1.51930000000003E+02,  3.09308576010787E+02,  2.76156328534736E+02
 1.95041666700000E+03, -4.17437038757561E-01, -4.89562500000000E-01, -3.97770435259176E+01,  1.52110000000003E+02,  4.28580060351983E+02,  4.25298808087013E+02
 1.95050000000000E+03, -3.89393219567624E-01, -5.42937500000000E-01, -3.97615132081223E+01,  1.52290000000003E+02,  3.38520466468719E+02,  3.29704340039877E+02
 1.95058333300000E+03, -3.84217800126378E-01, -5.52250000000000E-01, -3.97459519501762E+01,  1.52470000000003E+02,  2.34970354794888E+02,  2.31962346717610E+02
 1.95066666700000E+03, -4.16942214372466E-01, -5.02187500000000E-01, -3.99504721437333E+01,  1.52650000000003E+02,  1.93832298911488E+02,  2.79031504274942E+02
 1.95075000000000E+03, -4.44977671498207E-01, -5.34625000000000E-01, -3.99351318071886E+01,  1.52830000000003E+02,  2.47085771607038E+02,  3.15851323790991E+02
 1.95083333300000E+03, -4.58208480110014E-01, -7.08375000000000E-01, -3.99197866331522E+01,  1.53010000000003E+02,  1.57523944162864E+02,  1.65421829595019E+02
 1.95091666700000E+03, -4.68443061291907E-01, -9.05250000000000E-01, -3.99044342375771E+01,  1.53190000000003E+02,  1.55682368554259E+02,  1.75865736222139E+02
 1.95100000000000E+03, -4.70734077585136E-01, -1.01275000000000E+00, -3.98890722476403E+01,  1.53370000000003E+02,  2.06437099827218E+02,  2.18310706320151E+02
 1.95108333300000E+03, -4.67364814959746E-01, -9.87062500000000E-01, -3.98736983022679E+01,  1.53550000000003E+02,  2.14747236969157E+02,  3.13393982633493E+02
 1.95116666700000E+03, -4.63761534879421E-01, -8.45000000000000E-01, -3.98583100526594E+01,  1.53730000000003E+02,  1.39458962823141E+02,  3.20082287272391E+02
 1.95125000000000E+03, -4.61504304205071E-01, -6.80187500000000E-01, -3.98429051628082E+01,  1.53910000000003E+02,  1.66257249105989E+02,  3.75501975754338E+02
 1.95133333300000E+03, -4.55835400809196E-01, -5.64812500000000E-01, -3.98274813100208E+01,  1.54090000000003E+02,  3.47778394686634E+02,  6.09239091571096E+02
 1.95141666700000E+03, -4.40417513871451E-01, -5.03375000000000E-01, -3.98120361854323E+01,  1.54270000000003E+02,  2.94953095435183E+02,  5.54053521417682E+02
 1.95150000000000E+03, -4.14619998616485E-01, -4.95250000000000E-01, -3.97965674945203E+01,  1.54450000000003E+02,  3.36100226704999E+02,  4.68280330433271E+02
 1.95158333300000E+03, -3.94368566648880E-01, -4.86000000000000E-01, -3.97810729576154E+01,  1.54630000000003E+02,  4.57888235176001E+02,  4.53620505100369E+02
 1.95166666700000E+03, -3.87925886966275E-01, -4.29312500000000E-01, -5.04168881344890E+01,  1.54810000000003E+02,  4.50798303284174E+02,  4.70108032304050E+02
 1.95175000000000E+03, -3.81803224337197E-01, -3.89937500000000E-01, -5.04022803043422E+01,  1.54990000000003E+02,  3.00825397619470E+02,  3.00718191953871E+02
 1.95183333300000E+03, -3.75220268601830E-01, -3.87562500000000E-01, -5.03872125149214E+01,  1.55170000000003E+02,  3.16754538469578E+02,  3.10319584159129E+02
 1.95191666700000E+03, -3.70774387305843E-01, -3.82875000000000E-01, -5.03716872108669E+01,  1.55350000000003E+02,  2.63819411371589E+02,  2.58147518261192E+02
 1.95200000000000E+03, -3.63056957328308E-01, -4.01750000000000E-01, -5.03557068816783E+01,  1.55530000000003E+02,  2.07931796272441E+02,  2.81925782910202E+02
 1.95208333300000E+03, -3.53226571022303E-01, -4.54750000000000E-01, -5.03392740612881E+01,  1.55710000000003E+02,  1.96731641517195E+02,  2.42677029829580E+02
 1.95216666700000E+03, -3.45398125359296E-01, -4.84875000000000E-01, -5.03223913276288E+01,  1.55890000000003E+02,  1.39584938292763E+02,  2.06609742647092E+02
 1.95225000000000E+03, -3.40186088764867E-01, -4.63812500000000E-01, -5.03050613021953E+01,  1.56070000000003E+02,  1.51624689130110E+02,  2.31524241565000E+02
 1.95233333300000E+03, -3.32661399440697E-01, -4.30437500000000E-01, -5.02872866496003E+01,  1.56250000000003E+02,  1.67367765681911E+02,  2.39896600253400E+02
 1.95241666700000E+03, -3.17318549312980E-01, -4.03312500000000E-01, -5.02690700771253E+01,  1.56430000000003E+02,  2.56670794112608E+02,  3.10243297371038E+02
 1.95250000000000E+03, -2.95201583209213E-01, -3.55500000000000E-01, -5.02504143342646E+01,  1.56610000000003E+02,  3.20110617209347E+02,  3.78968017844799E+02
 1.95258333300000E+03, -2.38876738567485E-01, -2.96375000000000E-01, -5.02313222122655E+01,  1.56790000000003E+02,  3.35943682449306E+02,  3.59420173252817E+02
 1.95266666700000E+03, -1.52704691861115E-01, -2.87500000000000E-01, -4.57651671859244E+01,  1.56970000000003E+02,  3.51075933089918E+02,  3.61337899776455E+02
 1.95275000000000E+03, -1.07359922244510E-01, -3.64062500000000E-01, -4.57713737086055E+01,  1.57150000000003E+02,  3.48616515712027E+02,  3.40883045095023E+02
 1.95283333300000E+03, -1.03899287991628E-01, -4.80500000000000E-01, -4.57770773560612E+01,  1.57330000000003E+02,  2.73688121935547E+02,  3.44475279223638E+02
 1.95291666700000E+03, -1.02772402048135E-01, -5.87187500000000E-01, -4.57822783763808E+01,  1.57510000000003E+02,  1.88891616436462E+02,  3.25427362248496E+02
 1.95300000000000E+03, -9.82553218246185E-02, -6.64187500000000E-01, -4.57869770711929E+01,  1.57690000000003E+02,  2.03622170956845E+02,  3.71442687938239E+02
 1.95308333300000E+03, -9.16199032113902E-02, -6.56437500000000E-01, -4.57911737955461E+01,  1.57870000000003E+02,  2.28185299997594E+02,  3.81945267708113E+02
 1.95316666700000E+03, -8.73190025431584E-02, -5.65625000000000E-01, -4.57948689577816E+01,  1.58050000000003E+02,  3.10170233948842E+02,  4.46517459958699E+02
 1.95325000000000E+03, -8.62128614351290E-02, -4.93875000000000E-01, -4.57980630193988E+01,  1.58230000000003E+02,  3.48220317385882E+02,  4.02852518881739E+02
 1.95333333300000E+03, -8.31960330853510E-02, -4.70437500000000E-01, -4.58007564949138E+01,  1.58410000000003E+02,  3.59373711923466E+02,  4.22258294825240E+02
 1.95341666700000E+03, -7.19585277782767E-02, -4.63500000000000E-01, -4.58029499517104E+01,  1.58590000000003E+02,  3.70482735606648E+02,  3.69431686240019E+02
 1.95350000000000E+03, -5.21652376104817E-02, -4.90250000000000E-01, -4.58046440098844E+01,  1.58770000000004E+02,  3.16111803514325E+02,  3.67191659608847E+02
 1.95358333300000E+03, -8.05108879682596E-02, -5.25562500000000E-01, -4.58058393420805E+01,  1.58950000000004E+02,  3.86159659724037E+02,  3.75845732638402E+02
 1.95366666700000E+03, -1.65832053813744E-01, -5.00187500000000E-01, -4.94073559252726E+01,  1.59130000000004E+02,  2.64939897825463E+02,  2.76738763816966E+02
 1.95375000000000E+03, -2.14816980823394E-01, -4.08187500000000E-01, -4.93756596983712E+01,  1.59310000000004E+02,  2.40236007075735E+02,  1.72327660855778E+02
 1.95383333300000E+03, -2.31751883511644E-01, -2.91625000000000E-01, -4.93436433856350E+01,  1.59490000000004E+02,  1.98418235355583E+02,  1.59019503818809E+02
 1.95391666700000E+03, -2.71345531911817E-01, -2.02750000000000E-01, -4.93113109132787E+01,  1.59670000000004E+02,  2.50676973487069E+02,  1.78556174937637E+02
 1.95400000000000E+03, -3.36635590949546E-01, -1.83687500000000E-01, -4.92786662296610E+01,  1.59850000000004E+02,  2.22399456200875E+02,  3.54306600678519E+02
 1.95408333300000E+03, -4.20870027745392E-01, -2.39062500000000E-01, -4.92457133046776E+01,  1.60030000000004E+02,  2.88710276843930E+02,  4.75305301465261E+02
 1.95416666700000E+03, -5.01845826854838E-01, -3.12812500000000E-01, -4.92124561291520E+01,  1.60210000000004E+02,  3.37033300860514E+02,  5.22514956088952E+02
 1.95425000000000E+03, -5.46977828641421E-01, -3.14437500000000E-01, -4.91788987142237E+01,  1.60390000000004E+02,  3.60761819544509E+02,  5.23387092693970E+02
 1.95433333300000E+03, -5.31273869944541E-01, -2.63062500000000E-01, -4.91450450907354E+01,  1.60570000000004E+02,  3.01799691703881E+02,  4.92751324020645E+02
 1.95441666700000E+03, -4.57704294898990E-01, -2.72375000000000E-01, -4.91108993086173E+01,  1.60750000000004E+02,  1.91935650843738E+02,  3.04139039740852E+02
 1.95450000000000E+03, -3.62819074391966E-01, -3.46750000000000E-01, -4.90764654362697E+01,  1.60930000000004E+02,  1.70067553019089E+02,  1.86147296274109E+02
 1.95458333300000E+03, -3.18641657357542E-01, -4.06750000000000E-01, -4.90417475599441E+01,  1.61110000000004E+02,  1.21234385988006E+02,  1.25789267864551E+02
 1.95466666700000E+03, -3.67082006309284E-01, -4.38375000000000E-01, -4.36342113040306E+01,  1.61290000000004E+02,  1.14630697796683E+02,  1.30643694248790E+02
 1.95475000000000E+03, -4.38254996313801E-01, -4.94125000000000E-01, -4.36899895032596E+01,  1.61470000000004E+02,  1.78874205409496E+02,  1.35578856789098E+02
 1.95483333300000E+03, -4.50989025567238E-01, -5.94187500000000E-01, -4.37458702728750E+01,  1.61650000000004E+02,  1.93677522795249E+02,  6.19434159637243E+01
 1.95491666700000E+03, -4.15732517318260E-01, -6.62375000000000E-01, -4.38018484027168E+01,  1.61830000000004E+02,  1.65567475095008E+02,  5.82410679903208E+01
 1.95500000000000E+03, -3.69398123784609E-01, -6.63500000000000E-01, -4.38579186661687E+01,  1.62010000000004E+02,  1.63220723916570E+02,  6.27625859581613E+01
 1.95508333300000E+03, -3.32370966871375E-01, -6.74437500000000E-01, -4.39140758208129E+01,  1.62190000000004E+02,  1.54425377715054E+02,  7.07847635884845E+01
 1.95516666700000E+03, -3.27202753178045E-01, -6.81375000000000E-01, -4.39703146090878E+01,  1.62370000000004E+02,  1.32760851917611E+02,  3.89104042552829E+01
 1.95525000000000E+03, -3.48855099949826E-01, -6.04375000000000E-01, -4.40266297589490E+01,  1.62550000000004E+02,  9.02236984455764E+01,  6.70706127168587E+01
 1.95533333300000E+03, -3.38831917027886E-01, -5.21312500000000E-01, -4.40830159845308E+01,  1.62730000000004E+02,  1.19452428724637E+02,  1.09027717326435E+02
 1.95541666700000E+03, -2.65689507953028E-01, -5.10625000000000E-01, -4.41394679868112E+01,  1.62910000000004E+02,  2.95687231508875E+02,  4.15095085912317E+02
 1.95550000000000E+03, -2.04250156255561E-01, -4.65250000000000E-01, -4.41959804542789E+01,  1.63090000000004E+02,  2.88071549599025E+02,  4.33688965958862E+02
 1.95558333300000E+03, -1.89467097009205E-01, -3.30437500000000E-01, -4.42525480636014E+01,  1.63270000000004E+02,  3.78099409726519E+02,  6.62006385115467E+02
 1.95566666700000E+03, -1.77798573005083E-01, -2.47937500000000E-01, -3.93104333319888E+01,  1.63450000000004E+02,  3.92873856110372E+02,  6.88312334866027E+02
 1.95575000000000E+03, -1.89032467776360E-01, -3.18625000000000E-01, -3.92905433299050E+01,  1.63630000000004E+02,  4.00256061428019E+02,  8.00241371357404E+02
 1.95583333300000E+03, -2.25890564201893E-01, -4.43812500000000E-01, -3.92709131870108E+01,  1.63810000000004E+02,  3.47720353644689E+02,  6.80884901263870E+02
 1.95591666700000E+03, -2.52194636859385E-01, -5.21812500000000E-01, -3.92515464802427E+01,  1.63990000000004E+02,  4.11269283347341E+02,  7.57882469516984E+02
 1.95600000000000E+03, -2.60584955652303E-01, -5.86750000000000E-01, -3.92324467713471E+01,  1.64170000000004E+02,  3.84255699188809E+02,  5.50937272448297E+02
 1.95608333300000E+03, -2.54235012671817E-01, -6.32625000000000E-01, -3.92136176062619E+01,  1.64350000000004E+02,  4.15679735000944E+02,  7.27538511098761E+02
 1.95616666700000E+03, -2.41307677906604E-01, -5.82000000000000E-01, -3.91950625145004E+01,  1.64530000000004E+02,  4.75115157240109E+02,  7.30324728183684E+02
 1.95625000000000E+03, -2.27564492078915E-01, -4.58562500000000E-01, -3.91767850085363E+01,  1.64710000000004E+02,  3.50709048730589E+02,  5.70948395540521E+02
 1.95633333300000E+03, -2.13557067964913E-01, -3.34187500000000E-01, -3.91587885831904E+01,  1.64890000000004E+02,  3.61473032516214E+02,  6.17507910445024E+02
 1.95641666700000E+03, -1.96559404540762E-01, -2.20750000000000E-01, -3.91410767150197E+01,  1.65070000000004E+02,  2.64234306347881E+02,  6.65548581055154E+02
 1.95650000000000E+03, -1.75485798930652E-01, -1.47062500000000E-01, -3.91236528617076E+01,  1.65250000000004E+02,  2.68546477170279E+02,  5.45718731172412E+02
 1.95658333300000E+03, -1.41202940506435E-01, -1.43187500000000E-01, -3.91065204614570E+01,  1.65430000000004E+02,  1.92648166576751E+02,  3.97361717429466E+02
 1.95666666700000E+03, -1.19208901905777E-01, -1.78062500000000E-01, -4.28600377608364E+01,  1.65610000000004E+02,  2.30255672768381E+02,  3.81260620074731E+02
 1.95675000000000E+03, -1.65347881192943E-01, -2.43000000000000E-01, -4.28268230436889E+01,  1.65790000000004E+02,  1.88207253778223E+02,  3.32037152362059E+02
 1.95683333300000E+03, -2.61867473558152E-01, -3.31812500000000E-01, -4.27938119300437E+01,  1.65970000000004E+02,  2.18683889684131E+02,  3.57569024074314E+02
 1.95691666700000E+03, -3.47845246264701E-01, -3.52875000000000E-01, -4.27610049382596E+01,  1.66150000000004E+02,  2.23883346284277E+02,  2.83224696616792E+02
 1.95700000000000E+03, -3.89347206810555E-01, -2.76750000000000E-01, -4.27284025426804E+01,  1.66330000000004E+02,  2.02421513794726E+02,  3.16359928224143E+02
 1.95708333300000E+03, -3.80942336566098E-01, -2.23937500000000E-01, -4.26960051737178E+01,  1.66510000000004E+02,  2.36005229646118E+02,  5.26221781909910E+02
 1.95716666700000E+03, -3.45989660808631E-01, -2.23937500000000E-01, -4.26638132179429E+01,  1.66690000000004E+02,  2.28004505874864E+02,  5.09936134401015E+02
 1.95725000000000E+03, -3.18691592245260E-01, -1.78250000000000E-01, -4.26318270181837E+01,  1.66870000000004E+02,  2.41017372332781E+02,  4.90239500194222E+02
 1.95733333300000E+03, -3.22369757127506E-01, -1.13687500000000E-01, -4.26000468736308E+01,  1.67050000000004E+02,  1.78708174254779E+02,  5.04336649104638E+02
 1.95741666700000E+03, -3.58638883346989E-01, -1.24500000000000E-01, -4.25684730399505E+01,  1.67230000000004E+02,  1.70002917153302E+02,  5.50813168422189E+02
 1.95750000000000E+03, -4.11660517800894E-01, -1.92000000000000E-01, -4.25371057294040E+01,  1.67410000000004E+02,  1.25715884863283E+02,  3.48069081066177E+02
 1.95758333300000E+03, -4.31357733072472E-01, -2.58062500000000E-01, -4.25059451109751E+01,  1.67590000000004E+02,  2.13692904563308E+02,  4.17769714303564E+02
 1.95766666700000E+03, -4.10602327219140E-01, -2.73000000000000E-01, -4.71506125717327E+01,  1.67770000000004E+02,  1.55314798264557E+02,  3.51771830054350E+02
 1.95775000000000E+03, -4.25482172117298E-01, -2.17312500000000E-01, -4.72023628328847E+01,  1.67950000000004E+02,  1.98701779511561E+02,  3.48933905350170E+02
 1.95783333300000E+03, -4.73090503465785E-01, -1.48750000000000E-01, -4.72538807537954E+01,  1.68130000000004E+02,  1.96467439694278E+02,  2.63861128073052E+02
 1.95791666700000E+03, -4.68268936430366E-01, -8.77500000000000E-02, -4.73051614135495E+01,  1.68310000000004E+02,  1.70662906702840E+02,  2.71602027700670E+02
 1.95800000000000E+03, -3.83078067861401E-01, -2.05625000000000E-02, -4.73561999171089E+01,  1.68490000000004E+02,  1.57303495912546E+02,  1.58423745812440E+02
 1.95808333300000E+03, -2.82448500691547E-01, -3.62500000000000E-03, -4.74069913959286E+01,  1.68670000000004E+02,  1.57434196761103E+02,  2.16803807715688E+02
 1.95816666700000E+03, -2.51005742332835E-01, -4.40000000000000E-02, -4.74575310085682E+01,  1.68850000000004E+02,  1.43540672968176E+02,  2.35117763569557E+02
 1.95825000000000E+03, -2.82645917806742E-01, -6.11250000000000E-02, -4.75078139412994E+01,  1.69030000000004E+02,  1.39698263467214E+02,  2.31907885557901E+02
 1.95833333300000E+03, -2.84919742400178E-01,  3.68750000000000E-03, -4.75578354087102E+01,  1.69210000000004E+02,  1.66910762158671E+02,  2.11585891879250E+02
 1.95841666700000E+03, -1.96018555838686E-01,  1.70375000000000E-01, -4.76075906543046E+01,  1.69390000000004E+02,  7.03153538175275E+01,  1.63674720554217E+02
 1.95850000000000E+03, -5.99563139324800E-02,  3.85750000000000E-01, -4.76570749510980E+01,  1.69570000000004E+02,  7.03598455458105E+01,  8.96827516626588E+01
 1.95858333300000E+03,  4.14165624816994E-03,  5.14437500000000E-01, -4.77062836022088E+01,  1.69750000000004E+02,  5.12484844871259E+01,  2.80078571908961E+01
 1.95866666700000E+03, -1.30914008234527E-03,  4.66250000000000E-01, -4.76403989821786E+01,  1.69930000000004E+02,  5.75881998547710E+01,  8.68858330904111E+01
 1.95875000000000E+03,  2.06436558356398E-02,  3.05125000000000E-01, -4.76897012182319E+01,  1.70110000000004E+02,  3.32081507733736E+01,  8.02142094498251E+01
 1.95883333300000E+03,  2.15113377073258E-02,  1.64500000000000E-01, -4.77387247143115E+01,  1.70290000000004E+02,  4.00071479443386E+01,  1.29641002185869E+02
 1.95891666700000E+03, -4.36505579193059E-02,  9.26875000000000E-02, -4.77874648248758E+01,  1.70470000000004E+02,  7.44076868722625E+01,  1.81725583136393E+02
 1.95900000000000E+03, -1.23239000210269E-01,  8.65000000000000E-02, -4.78359169360393E+01,  1.70650000000004E+02,  9.19089004540991E+01,  2.03171339246742E+02
 1.95908333300000E+03, -1.89199965862753E-01,  1.10437500000000E-01, -4.78840764661479E+01,  1.70830000000004E+02,  8.54028142591891E+01,  1.45663741326988E+02
 1.95916666700000E+03, -2.33230213223142E-01,  8.61875000000000E-02, -4.79319388663498E+01,  1.71010000000004E+02,  1.07851853075093E+02,  2.67776328183583E+02
 1.95925000000000E+03, -2.44013182721326E-01,  4.12500000000000E-02, -4.79794996211611E+01,  1.71190000000004E+02,  1.07841548459776E+02,  2.30696824702401E+02
 1.95933333300000E+03, -2.18950035161434E-01,  2.31875000000000E-02, -4.80267542490268E+01,  1.71370000000004E+02,  9.07255817688359E+01,  2.55521741061696E+02
 1.95941666700000E+03, -1.88697368019375E-01, -2.21875000000000E-02, -4.80736983028773E+01,  1.71550000000004E+02,  8.98719038484052E+01,  2.57029623617560E+02
 1.95950000000000E+03, -1.98806522596792E-01, -7.39375000000000E-02, -4.81203273706795E+01,  1.71730000000004E+02,  9.85777582585174E+01,  2.64547697141827E+02
 1.95958333300000E+03, -2.46050926155526E-01, -7.31875000000000E-02, -4.81666370759832E+01,  1.71910000000004E+02,  8.78971606345429E+01,  1.58481584013777E+02
 1.95966666700000E+03, -2.80457392260838E-01, -5.92500000000000E-02, -5.03551200206508E+01,  1.72090000000004E+02,  1.05218507384566E+02,  2.24275643521969E+02
 1.95975000000000E+03, -2.87798201906470E-01, -6.03750000000000E-02, -5.03386708717483E+01,  1.72270000000004E+02,  1.32511416698457E+02,  1.66366600946702E+02
 1.95983333300000E+03, -2.89411228330239E-01, -7.50000000000000E-02, -5.03217719036969E+01,  1.72450000000004E+02,  1.15695750203682E+02,  1.73225811959491E+02
 1.95991666700000E+03, -2.90216095071712E-01, -1.40687500000000E-01, -5.03044257395597E+01,  1.72630000000004E+02,  1.28911555207923E+02,  1.84086560216912E+02
 1.96000000000000E+03, -2.85898043926596E-01, -2.37437500000000E-01, -5.02866350455017E+01,  1.72810000000004E+02,  1.99730213267285E+02,  2.96030297075798E+02
 1.96008333300000E+03, -2.79278897502485E-01, -2.31625000000000E-01, -5.02684025303400E+01,  1.72990000000004E+02,  1.75186725723486E+02,  2.31877542369661E+02
 1.96016666700000E+03, -2.76485130892618E-01, -6.43750000000000E-02, -5.02497309450883E+01,  1.73170000000004E+02,  1.66900851782329E+02,  2.76048327060726E+02
 1.96025000000000E+03, -2.80310273053645E-01,  1.16312500000000E-01, -5.02306230824960E+01,  1.73350000000004E+02,  1.66320687672039E+02,  2.59899729750829E+02
 1.96033333300000E+03, -2.86761351799660E-01,  1.52125000000000E-01, -5.02110817765819E+01,  1.73530000000004E+02,  1.69897482105119E+02,  2.66982303897482E+02
 1.96041666700000E+03, -2.88386855368888E-01,  6.18750000000000E-02, -5.01911099021622E+01,  1.73710000000004E+02,  8.72839081067319E+01,  1.39439797685279E+02
 1.96050000000000E+03, -2.81516565708839E-01, -5.07500000000000E-02, -5.01707103743739E+01,  1.73890000000004E+02,  8.48810263662510E+01,  1.25871732635629E+02
 1.96058333300000E+03, -2.42328950098323E-01, -1.04250000000000E-01, -5.01498861481920E+01,  1.74070000000004E+02,  8.62313212617338E+01,  8.23183886166619E+01
 1.96066666700000E+03, -1.74871459247949E-01, -7.68750000000000E-02, -4.35653300081654E+01,  1.74250000000004E+02,  8.10704246688156E+01,  8.96873333564596E+01
 1.96075000000000E+03, -1.55136140687268E-01, -3.16250000000000E-02, -4.35282230855648E+01,  1.74430000000004E+02,  5.61894319519687E+01,  6.11256679507754E+01
 1.96083333300000E+03, -2.12823254583524E-01, -4.63125000000000E-02, -4.34913001148200E+01,  1.74610000000004E+02,  5.24290289699663E+01,  7.33090384154831E+01
 1.96091666700000E+03, -2.99253001874042E-01, -1.60187500000000E-01, -4.34545625000397E+01,  1.74790000000004E+02,  6.84886769771783E+01,  1.71778138878273E+02
 1.96100000000000E+03, -3.58618110347473E-01, -3.29750000000000E-01, -4.34180116012073E+01,  1.74970000000004E+02,  5.65356069987789E+01,  2.01814781294513E+02
 1.96108333300000E+03, -3.61254222238260E-01, -3.99000000000000E-01, -4.33816487341149E+01,  1.75150000000004E+02,  4.85625558394575E+01,  1.89658070640180E+02
 1.96116666700000E+03, -3.19087572495222E-01, -2.92875000000000E-01, -4.33454751703054E+01,  1.75330000000004E+02,  5.97581609932265E+01,  1.94302951737372E+02
 1.96125000000000E+03, -2.69255276757461E-01, -1.87562500000000E-01, -4.33094921370215E+01,  1.75510000000004E+02,  7.53272716617711E+01,  1.83018318906388E+02
 1.96133333300000E+03, -2.43300137398188E-01, -2.95562500000000E-01, -4.32737008171634E+01,  1.75690000000004E+02,  9.26107246863198E+01,  1.47812612600499E+02
 1.96141666700000E+03, -2.47661694199960E-01, -5.89937500000000E-01, -4.32381023492524E+01,  1.75870000000004E+02,  1.03987992183087E+02,  1.82913618812206E+02
 1.96150000000000E+03, -2.67348515548144E-01, -8.77312500000000E-01, -4.32026978274035E+01,  1.76050000000004E+02,  1.84640826272978E+02,  2.58201350113965E+02
 1.96158333300000E+03, -2.84964209561481E-01, -1.00412500000000E+00, -4.31674883013046E+01,  1.76230000000004E+02,  2.12157952093540E+02,  3.33745279459069E+02
 1.96166666700000E+03, -3.26846123663671E-01, -9.63375000000000E-01, -4.51246232918722E+01,  1.76410000000004E+02,  1.98792236089764E+02,  3.36937698602688E+02
 1.96175000000000E+03, -4.26566081490847E-01, -8.59562500000000E-01, -4.50819190850603E+01,  1.76590000000004E+02,  1.81907090121051E+02,  3.10517042617051E+02
 1.96183333300000E+03, -5.29010818698568E-01, -7.80562500000000E-01, -4.50393119946275E+01,  1.76770000000004E+02,  1.53954420581112E+02,  2.26352726519201E+02
 1.96191666700000E+03, -5.53171087387584E-01, -7.80437500000000E-01, -4.49968050061129E+01,  1.76950000000004E+02,  1.89934401653773E+02,  3.02032911410443E+02
 1.96200000000000E+03, -4.90763710419894E-01, -8.49125000000000E-01, -4.49544010690942E+01,  1.77130000000004E+02,  2.08852395342049E+02,  2.42102623509490E+02
 1.96208333300000E+03, -3.97984123850422E-01, -8.48812500000000E-01, -4.49121030968446E+01,  1.77310000000004E+02,  2.47087357229356E+02,  2.75205667857430E+02
 1.96216666700000E+03, -3.39062661531406E-01, -6.90562500000000E-01, -4.48699139659974E+01,  1.77490000000004E+02,  2.47099544589729E+02,  3.09646232454502E+02
 1.96225000000000E+03, -3.32104160649530E-01, -4.78437500000000E-01, -4.48278365162170E+01,  1.77670000000004E+02,  2.98588002850976E+02,  3.36358587666700E+02
 1.96233333300000E+03, -3.47037305028773E-01, -3.45125000000000E-01, -4.47858735498759E+01,  1.77850000000004E+02,  2.00994941081798E+02,  1.91158452602291E+02
 1.96241666700000E+03, -3.46639620950717E-01, -2.96687500000000E-01, -4.47440278317389E+01,  1.78030000000004E+02,  1.62579573761559E+02,  2.03105563736266E+02
 1.96250000000000E+03, -3.21419034267178E-01, -2.80375000000000E-01, -4.47023020886542E+01,  1.78210000000004E+02,  1.29258398222135E+02,  1.87489530853950E+02
 1.96258333300000E+03, -3.03075153976201E-01, -2.85375000000000E-01, -4.46606990092505E+01,  1.78390000000004E+02,  1.67648291186535E+02,  1.36278356045898E+02
 1.96266666700000E+03, -2.96759821065240E-01, -3.05937500000000E-01, -4.52502944085883E+01,  1.78570000000004E+02,  1.78235162609121E+02,  1.72456593934900E+02
 1.96275000000000E+03, -2.72253318515404E-01, -3.15750000000000E-01, -4.52073231401824E+01,  1.78750000000004E+02,  2.37294384203199E+02,  2.56875643495033E+02
 1.96283333300000E+03, -2.68284697475083E-01, -3.45687500000000E-01, -4.51644400355494E+01,  1.78930000000004E+02,  2.75877406381165E+02,  3.54716473144818E+02
 1.96291666700000E+03, -3.36368790496425E-01, -4.70437500000000E-01, -4.51216481835793E+01,  1.79110000000004E+02,  3.29497266878253E+02,  3.93800830253762E+02
 1.96300000000000E+03, -4.51792475486786E-01, -6.62125000000000E-01, -4.50789506382405E+01,  1.79290000000004E+02,  2.85318593139851E+02,  3.72617026239218E+02
 1.96308333300000E+03, -5.44537826179824E-01, -7.71812500000000E-01, -4.50363504182184E+01,  1.79470000000004E+02,  2.39811015563887E+02,  3.64534808459234E+02
 1.96316666700000E+03, -5.56847723344205E-01, -7.15937500000000E-01, -4.49938505065607E+01,  1.79650000000004E+02,  1.63323159860756E+02,  2.61869509579294E+02
 1.96325000000000E+03, -4.90064956610914E-01, -5.73062500000000E-01, -4.49514538503292E+01,  1.79830000000004E+02,  1.07608749923960E+02,  1.89573551425773E+02
 1.96333333300000E+03, -3.96264330490439E-01, -4.84375000000000E-01, -4.49091633602580E+01,  1.80010000000004E+02,  4.97313798331728E+01,  1.28969169177339E+02
 1.96341666700000E+03, -3.28225245768588E-01, -5.37000000000000E-01, -4.48669819104182E+01,  1.80190000000004E+02,  9.51576445976992E+01,  1.89841974019011E+02
 1.96350000000000E+03, -3.00604116617404E-01, -6.87000000000000E-01, -4.48249123378891E+01,  1.80370000000004E+02,  1.91691070939457E+02,  3.49140088826717E+02
 1.96358333300000E+03, -2.92565576417216E-01, -7.87812500000000E-01, -4.47829574424361E+01,  1.80550000000004E+02,  2.15343530019240E+02,  4.13528477735196E+02
 1.96366666700000E+03, -2.83384942202526E-01, -7.70562500000000E-01, -3.47043832005056E+01,  1.80730000000004E+02,  3.02738361428815E+02,  4.85312171964979E+02
 1.96375000000000E+03, -2.68036537546760E-01, -6.74750000000000E-01, -3.46823489402967E+01,  1.80910000000004E+02,  3.77298897252844E+02,  5.80387716725556E+02
 1.96383333300000E+03, -2.39681723512756E-01, -4.89750000000000E-01, -3.46605308050733E+01,  1.81090000000004E+02,  3.52542279196486E+02,  5.48541139080286E+02
 1.96391666700000E+03, -1.92599797586425E-01, -1.89187500000000E-01, -3.46389323374702E+01,  1.81270000000004E+02,  2.67777562960092E+02,  3.75465283096385E+02
 1.96400000000000E+03, -1.33612632803047E-01,  1.05062500000000E-01, -3.46175570718389E+01,  1.81450000000004E+02,  2.45652758965164E+02,  3.09768185501714E+02
 1.96408333300000E+03, -7.86817675714377E-02,  1.98312500000000E-01, -3.45964085336630E+01,  1.81630000000004E+02,  2.11054571390089E+02,  2.46431853258366E+02
 1.96416666700000E+03, -4.43382471546399E-02,  7.76250000000000E-02, -3.45754902389742E+01,  1.81810000000004E+02,  1.97198343721038E+02,  2.38175011827912E+02
 1.96425000000000E+03, -3.72383002449721E-02, -9.51250000000000E-02, -3.45548056937681E+01,  1.81990000000004E+02,  1.77895866149624E+02,  2.49973258961840E+02
 1.96433333300000E+03, -5.11149925816107E-02, -2.10625000000000E-01, -3.45343583934213E+01,  1.82170000000004E+02,  1.53979993662055E+02,  2.34672256502123E+02
 1.96441666700000E+03, -7.36191783866641E-02, -2.64562500000000E-01, -3.45141518221088E+01,  1.82350000000004E+02,  1.52523070384497E+02,  2.89824289373935E+02
 1.96450000000000E+03, -9.64178156858831E-02, -2.84687500000000E-01, -3.44941894522225E+01,  1.82530000000004E+02,  9.92480936949227E+01,  2.47711899544502E+02
 1.96458333300000E+03, -1.55078557594062E-01, -2.60000000000000E-01, -3.44744747437903E+01,  1.82710000000004E+02,  6.19130378787237E+01,  1.83572743057055E+02
 1.96466666700000E+03, -2.52888995902232E-01, -2.12312500000000E-01, -3.39768803351206E+01,  1.82890000000004E+02,  6.48402355485114E+01,  2.06300821057651E+02
 1.96475000000000E+03, -3.20990057489908E-01, -2.88687500000000E-01, -3.39870088857187E+01,  1.83070000000004E+02,  6.98188576429276E+01,  2.69606412561047E+02
 1.96483333300000E+03, -3.58476303664038E-01, -4.96250000000000E-01, -3.39975770406167E+01,  1.83250000000004E+02,  8.77189822322822E+01,  2.58161460314301E+02
 1.96491666700000E+03, -3.93596383181615E-01, -6.06375000000000E-01, -3.40085854286735E+01,  1.83430000000004E+02,  1.29904684306299E+02,  2.46799948582836E+02
 1.96500000000000E+03, -4.19194253200600E-01, -5.50562500000000E-01, -3.40200346292339E+01,  1.83610000000004E+02,  1.47845654154456E+02,  2.97455154624670E+02
 1.96508333300000E+03, -4.35334185035452E-01, -5.02437500000000E-01, -3.40319251719255E+01,  1.83790000000004E+02,  1.32872717042727E+02,  2.31115425091996E+02
 1.96516666700000E+03, -4.45679872255902E-01, -5.21562500000000E-01, -3.40442575364631E+01,  1.83970000000004E+02,  1.34453359978332E+02,  1.81508642900282E+02
 1.96525000000000E+03, -4.50874497452210E-01, -5.12500000000000E-01, -3.40570321524591E+01,  1.84150000000004E+02,  1.52505874833634E+02,  3.71428965423889E+02
 1.96533333300000E+03, -4.46241185809983E-01, -4.71687500000000E-01, -3.40702493992418E+01,  1.84330000000004E+02,  1.07867257328296E+02,  3.98864721445613E+02
 1.96541666700000E+03, -4.26511174134686E-01, -4.59000000000000E-01, -3.40839096056807E+01,  1.84510000000004E+02,  6.59198765031165E+01,  3.32122254775969E+02
 1.96550000000000E+03, -3.92857050468945E-01, -4.64562500000000E-01, -3.40980130500186E+01,  1.84690000000004E+02,  7.75082746406311E+01,  3.39868005453125E+02
 1.96558333300000E+03, -3.14832335413958E-01, -4.67500000000000E-01, -3.41125599597109E+01,  1.84870000000004E+02,  7.31240477499800E+01,  3.03997315714652E+02
 1.96566666700000E+03, -2.06085501276107E-01, -4.78812500000000E-01, -3.50173554214211E+01,  1.85050000000005E+02,  4.78570040545854E+01,  7.56020216587931E+01
 1.96575000000000E+03, -1.53703186046410E-01, -4.71375000000000E-01, -3.49927790483530E+01,  1.85230000000005E+02,  1.41863301226776E+02,  2.64567296206834E+02
 1.96583333300000E+03, -1.50958335902186E-01, -4.01375000000000E-01, -3.49683710197026E+01,  1.85410000000005E+02,  1.79710364091761E+02,  3.39706810152216E+02
 1.96591666700000E+03, -1.45847139550899E-01, -2.93937500000000E-01, -3.49441349326353E+01,  1.85590000000005E+02,  1.73729720067698E+02,  3.38957278466418E+02
 1.96600000000000E+03, -1.32743067031413E-01, -1.86437500000000E-01, -3.49200743838347E+01,  1.85770000000005E+02,  1.81141296648722E+02,  3.68270668714317E+02
 1.96608333300000E+03, -1.15941407338228E-01, -1.06062500000000E-01, -3.48961929689203E+01,  1.85950000000005E+02,  2.18823141612297E+02,  4.40221036657354E+02
 1.96616666700000E+03, -1.05644016531185E-01, -1.04250000000000E-01, -3.48724942818648E+01,  1.86130000000005E+02,  2.60765795958161E+02,  3.95619364730479E+02
 1.96625000000000E+03, -1.09380735439526E-01, -1.86500000000000E-01, -3.48489819144109E+01,  1.86310000000005E+02,  2.92527249587241E+02,  3.25053072077913E+02
 1.96633333300000E+03, -1.26923026552883E-01, -3.05375000000000E-01, -3.48256594554871E+01,  1.86490000000005E+02,  3.18157046445650E+02,  3.43379760137808E+02
 1.96641666700000E+03, -1.52568012066703E-01, -4.28437500000000E-01, -3.48025304906236E+01,  1.86670000000005E+02,  3.46751814330953E+02,  4.48599098447613E+02
 1.96650000000000E+03, -1.81159698433148E-01, -5.35812500000000E-01, -3.47795986013670E+01,  1.86850000000005E+02,  3.67350681607565E+02,  4.74072920839616E+02
 1.96658333300000E+03, -1.95462039314198E-01, -5.73062500000000E-01, -3.47568673646953E+01,  1.87030000000005E+02,  2.39299244292660E+02,  2.91101436972444E+02
 1.96666666700000E+03, -1.88927704180442E-01, -4.95750000000000E-01, -3.80798747837666E+01,  1.87210000000005E+02,  2.15315549534878E+02,  3.33792942426306E+02
 1.96675000000000E+03, -1.94744026785418E-01, -3.77250000000000E-01, -3.80558247479854E+01,  1.87390000000005E+02,  1.87593735226745E+02,  3.17585878513183E+02
 1.96683333300000E+03, -2.33829729461684E-01, -3.57125000000000E-01, -3.80316573012179E+01,  1.87570000000005E+02,  1.33909725632788E+02,  1.74170311008689E+02
 1.96691666700000E+03, -2.96139056225664E-01, -4.80625000000000E-01, -3.80073731258518E+01,  1.87750000000005E+02,  9.73130552992198E+01,  1.04806785631425E+02
 1.96700000000000E+03, -3.68128968610132E-01, -6.59750000000000E-01, -3.79829729450393E+01,  1.87930000000005E+02,  9.10165952134004E+01,  1.20240729136080E+02
 1.96708333300000E+03, -4.37507408782131E-01, -7.53312500000000E-01, -3.79584575226702E+01,  1.88110000000005E+02,  6.50885966474761E+01,  1.06216272293548E+02
 1.96716666700000E+03, -4.93259612619950E-01, -6.74500000000000E-01, -3.79338276633372E+01,  1.88290000000005E+02,  6.98568050671901E+01,  1.22465999599785E+02
 1.96725000000000E+03, -5.24069211575954E-01, -5.08000000000000E-01, -3.79090842122940E+01,  1.88470000000005E+02,  8.88612898935128E+01,  1.46755758293347E+02
 1.96733333300000E+03, -5.20569897035622E-01, -4.64187500000000E-01, -3.78842280554060E+01,  1.88650000000005E+02,  5.42613211425156E+01,  1.52208495258708E+02
 1.96741666700000E+03, -4.82232053653921E-01, -6.12250000000000E-01, -3.78592601190942E+01,  1.88830000000005E+02,  5.87671977336547E+01,  1.47976919992738E+02
 1.96750000000000E+03, -4.23064315239976E-01, -7.91687500000000E-01, -3.78341813702715E+01,  1.89010000000005E+02,  5.72495402220896E+01,  1.78166481461638E+02
 1.96758333300000E+03, -3.57600277366656E-01, -8.45250000000000E-01, -3.78089928162721E+01,  1.89190000000005E+02,  4.71555094324107E+01,  1.58526112331602E+02
 1.96766666700000E+03, -3.06741781339326E-01, -7.68062500000000E-01, -2.90576620617876E+01,  1.89370000000005E+02,  3.36909698491522E+01,  1.77806246072745E+02
 1.96775000000000E+03, -2.93127179503902E-01, -6.40937500000000E-01, -2.90618099903732E+01,  1.89550000000005E+02,  1.30142812560099E+02,  3.01079295777848E+02
 1.96783333300000E+03, -3.03233295676535E-01, -5.70187500000000E-01, -2.90663719517710E+01,  1.89730000000005E+02,  1.41666005655226E+02,  3.42354526871470E+02
 1.96791666700000E+03, -3.13907641045364E-01, -6.17000000000000E-01, -2.90713491737583E+01,  1.89910000000005E+02,  1.28400218773657E+02,  3.49430959532151E+02
 1.96800000000000E+03, -3.20134720611103E-01, -7.14437500000000E-01, -2.90767428406446E+01,  1.90090000000005E+02,  2.58941577342642E+02,  5.64370841136716E+02
 1.96808333300000E+03, -3.24102011457954E-01, -7.45312500000000E-01, -2.90825540929972E+01,  1.90270000000005E+02,  2.99496789828780E+02,  5.99718117759182E+02
 1.96816666700000E+03, -3.31234840132639E-01, -6.71937500000000E-01, -2.90887840273727E+01,  1.90450000000005E+02,  2.12746625942407E+02,  4.97133091216485E+02
 1.96825000000000E+03, -3.43237716459289E-01, -5.39125000000000E-01, -2.90954336960541E+01,  1.90630000000005E+02,  2.16294072545667E+02,  5.10303943551870E+02
 1.96833333300000E+03, -3.55552946829223E-01, -4.05250000000000E-01, -2.91025041067942E+01,  1.90810000000005E+02,  2.25240928069029E+02,  4.53624568253147E+02
 1.96841666700000E+03, -3.62020854594327E-01, -2.84125000000000E-01, -2.91099962225651E+01,  1.90990000000005E+02,  9.52131906410948E+01,  2.37544641311334E+02
 1.96850000000000E+03, -3.62054060520807E-01, -1.56375000000000E-01, -2.91179109613138E+01,  1.91170000000005E+02,  1.26834871546944E+02,  2.52590824385338E+02
 1.96858333300000E+03, -3.03744364376862E-01, -3.30625000000000E-02, -2.91262491957232E+01,  1.91350000000005E+02,  1.32873346688877E+02,  2.47363860153929E+02
 1.96866666700000E+03, -1.62062941780335E-01,  2.54375000000000E-02, -3.46403208105308E+01,  1.91530000000005E+02,  1.35561951857399E+02,  2.31729528559533E+02
 1.96875000000000E+03, -3.79249234995941E-02, -1.06875000000000E-02, -3.46012375217227E+01,  1.91710000000005E+02,  1.26039365239703E+02,  2.14965383095028E+02
 1.96883333300000E+03,  4.10349197904160E-03, -6.80000000000000E-02, -3.45622955869019E+01,  1.91890000000005E+02,  1.28947847440003E+02,  2.12685425240363E+02
 1.96891666700000E+03, -2.43940518629998E-02, -5.85000000000000E-02, -3.45234970303024E+01,  1.92070000000005E+02,  1.51690293935333E+02,  1.36196048280181E+02
 1.96900000000000E+03, -9.57361068316092E-02,  1.50000000000000E-03, -3.44848438391578E+01,  1.92250000000005E+02,  1.71959503076578E+02,  1.39408081753516E+02
 1.96908333300000E+03, -1.63099481206519E-01,  3.86250000000000E-02, -3.44463379635243E+01,  1.92430000000005E+02,  2.39285988775544E+02,  1.72828210081092E+02
 1.96916666700000E+03, -1.96163464391169E-01,  3.81250000000000E-02, -3.44079813161108E+01,  1.92610000000005E+02,  2.92303792496711E+02,  2.45136866513219E+02
 1.96925000000000E+03, -1.96127415201440E-01,  3.32500000000000E-02, -3.43697757721139E+01,  1.92790000000005E+02,  3.38784177918072E+02,  3.50528800707525E+02
 1.96933333300000E+03, -1.83459866999704E-01,  2.17500000000000E-02, -3.43317231690597E+01,  1.92970000000005E+02,  4.81531471521405E+02,  6.55696269599205E+02
 1.96941666700000E+03, -1.76293469958902E-01, -2.71250000000000E-02, -3.42938253066519E+01,  1.93150000000005E+02,  4.48635267124023E+02,  6.29866907836716E+02
 1.96950000000000E+03, -1.80681725209102E-01, -1.06562500000000E-01, -3.42560839466256E+01,  1.93330000000005E+02,  4.41393509560690E+02,  5.70950630636450E+02
 1.96958333300000E+03, -1.66744559216377E-01, -1.57937500000000E-01, -3.42185008126074E+01,  1.93510000000005E+02,  4.20714114703859E+02,  6.72452065365380E+02
 1.96966666700000E+03, -1.37525364982238E-01, -1.52937500000000E-01, -2.81038855102020E+01,  1.93690000000005E+02,  5.60275329702883E+02,  8.26960142403506E+02
 1.96975000000000E+03, -1.57224740914292E-01, -1.38812500000000E-01, -2.80790821290850E+01,  1.93870000000005E+02,  3.30714196227507E+02,  5.41055386066380E+02
 1.96983333300000E+03, -2.18759614418154E-01, -1.40375000000000E-01, -2.80541795326894E+01,  1.94050000000005E+02,  3.39086701437453E+02,  5.09359457989019E+02
 1.96991666700000E+03, -2.71232520268529E-01, -1.51562500000000E-01, -2.80291788349980E+01,  1.94230000000005E+02,  2.68528074879936E+02,  4.96723247840390E+02
 1.97000000000000E+03, -2.96654733162064E-01, -1.92000000000000E-01, -2.80040811854570E+01,  1.94410000000005E+02,  2.34586844335442E+02,  3.52607699612775E+02
 1.97008333300000E+03, -2.92070414929068E-01, -2.35062500000000E-01, -2.79788877688712E+01,  1.94590000000005E+02,  4.84928917036422E+01,  9.73881436867271E+01
 1.97016666700000E+03, -2.65925847160725E-01, -2.55937500000000E-01, -2.79535998052916E+01,  1.94770000000005E+02,  5.64004209903205E+01,  6.49614601456601E+01
 1.97025000000000E+03, -2.28746667877988E-01, -2.80437500000000E-01, -2.79282185498988E+01,  1.94950000000005E+02,  1.14763194522242E+02,  1.33530345512978E+02
 1.97033333300000E+03, -1.86929906543609E-01, -2.61000000000000E-01, -2.79027452928790E+01,  1.95130000000005E+02,  1.11339697556423E+02,  2.22245138610313E+02
 1.97041666700000E+03, -1.43862322206108E-01, -1.71250000000000E-01, -2.78771813592948E+01,  1.95310000000005E+02,  1.72301357382593E+02,  2.37929587264027E+02
 1.97050000000000E+03, -1.04783939925305E-01, -1.03500000000000E-01, -2.78515281089503E+01,  1.95490000000005E+02,  1.72559461610854E+02,  2.42131748462848E+02
 1.97058333300000E+03, -1.61071020913548E-01, -8.44375000000000E-02, -2.78257869362496E+01,  1.95670000000005E+02,  1.97010373039707E+02,  3.27402016539952E+02
 1.97066666700000E+03, -3.23252306703417E-01, -8.51875000000000E-02, -2.87402704555353E+01,  1.95850000000005E+02,  2.01225097179340E+02,  4.49499854973339E+02
 1.97075000000000E+03, -4.26874112699086E-01, -1.55125000000000E-01, -2.87184742605798E+01,  1.96030000000005E+02,  2.26648607878556E+02,  3.73619210078498E+02
 1.97083333300000E+03, -4.55579365811165E-01, -3.26312500000000E-01, -2.86965623603724E+01,  1.96210000000005E+02,  1.90577932662689E+02,  3.37131036680516E+02
 1.97091666700000E+03, -4.74321035878404E-01, -5.63250000000000E-01, -2.86745348814654E+01,  1.96390000000005E+02,  1.91254192699032E+02,  3.49815579749912E+02
 1.97100000000000E+03, -4.76171744302618E-01, -8.09312500000000E-01, -2.86523919864207E+01,  1.96570000000005E+02,  1.67023539024965E+02,  3.22516391196553E+02
 1.97108333300000E+03, -4.63672150980184E-01, -9.75062500000000E-01, -2.86301338738701E+01,  1.96750000000005E+02,  9.50044805393371E+01,  1.49093888470432E+02
 1.97116666700000E+03, -4.43781556518475E-01, -9.71437500000000E-01, -2.86077607785688E+01,  1.96930000000005E+02,  8.36756289146507E+01,  2.11265415062815E+02
 1.97125000000000E+03, -4.19696836251332E-01, -8.09125000000000E-01, -2.85852729714434E+01,  1.97110000000005E+02,  5.64480073760988E+01,  2.24222666400289E+02
 1.97133333300000E+03, -3.87545727064131E-01, -6.11062500000000E-01, -2.85626707596331E+01,  1.97290000000005E+02,  5.81835109690066E+01,  2.06419802400116E+02
 1.97141666700000E+03, -3.41121647761918E-01, -4.62937500000000E-01, -2.85399544865257E+01,  1.97470000000005E+02,  1.83281546173822E+02,  2.66032257874253E+02
 1.97150000000000E+03, -2.79968559821466E-01, -3.38500000000000E-01, -2.85171245317867E+01,  1.97650000000005E+02,  1.94970662860090E+02,  2.51924639430921E+02
 1.97158333300000E+03, -2.40135427352028E-01, -2.22312500000000E-01, -2.84941813113836E+01,  1.97830000000005E+02,  1.96437414141329E+02,  2.46182559870484E+02
 1.97166666700000E+03, -2.46209128150749E-01, -1.89125000000000E-01, -2.61415415113479E+01,  1.98010000000005E+02,  3.83350372650229E+02,  5.06163125892502E+02
 1.97175000000000E+03, -2.62906787400153E-01, -3.06562500000000E-01, -2.61249676497420E+01,  1.98190000000005E+02,  4.21901675734817E+02,  5.70548802373062E+02
 1.97183333300000E+03, -2.76066036128218E-01, -4.98562500000000E-01, -2.61084829087211E+01,  1.98370000000005E+02,  3.57590223435934E+02,  5.16402945288596E+02
 1.97191666700000E+03, -2.92985448891856E-01, -5.90437500000000E-01, -2.60920852109093E+01,  1.98550000000005E+02,  3.43752823918305E+02,  5.16062294510333E+02
 1.97200000000000E+03, -3.07798319937077E-01, -5.47062500000000E-01, -2.60757724692493E+01,  1.98730000000005E+02,  3.56516707653013E+02,  4.96645849505154E+02
 1.97208333300000E+03, -3.20829052550744E-01, -5.17062500000000E-01, -2.60595425874373E+01,  1.98910000000005E+02,  1.67477470680185E+02,  2.28243483610183E+02
 1.97216666700000E+03, -3.34854989040199E-01, -5.43562500000000E-01, -2.60433934603587E+01,  1.99090000000005E+02,  2.11281410810801E+02,  3.10678632469471E+02
 1.97225000000000E+03, -3.48604973515741E-01, -5.32625000000000E-01, -2.60273229745256E+01,  1.99270000000005E+02,  1.53210178965957E+02,  2.49023584809691E+02
 1.97233333300000E+03, -3.54789640838953E-01, -5.14250000000000E-01, -2.60113290085149E+01,  1.99450000000005E+02,  1.98891679078224E+02,  2.88655341963277E+02
 1.97241666700000E+03, -3.45306935422879E-01, -5.48687500000000E-01, -2.59954094334070E+01,  1.99630000000005E+02,  2.24237889138456E+02,  3.32751084262575E+02
 1.97250000000000E+03, -3.18813507790596E-01, -5.50125000000000E-01, -2.59795621132265E+01,  1.99810000000005E+02,  3.37025211601931E+02,  3.85443164740705E+02
 1.97258333300000E+03, -2.95998436203316E-01, -4.53062500000000E-01, -2.59637849053822E+01,  1.99990000000005E+02,  2.70673400585250E+02,  2.75025777425876E+02
 1.97266666700000E+03, -2.87583141940776E-01, -3.37687500000000E-01, -2.37609219081431E+01,  2.00170000000005E+02,  2.59755206380702E+02,  2.98801058425190E+02
 1.97275000000000E+03, -2.73130670967159E-01, -3.03500000000000E-01, -2.37386532916497E+01,  2.00350000000005E+02,  2.54019936943493E+02,  4.66732918739386E+02
 1.97283333300000E+03, -2.49468319460779E-01, -2.94312500000000E-01, -2.37162739415022E+01,  2.00530000000005E+02,  2.09723056535416E+02,  3.72365089713117E+02
 1.97291666700000E+03, -2.21095254455130E-01, -1.82250000000000E-01, -2.36937842200335E+01,  2.00710000000005E+02,  1.07736980044873E+02,  3.50757416308100E+02
 1.97300000000000E+03, -1.83184929359791E-01, -3.06875000000000E-02, -2.36711845237881E+01,  2.00890000000005E+02,  2.08814438344199E+02,  4.83013683000297E+02
 1.97308333300000E+03, -1.40169623037127E-01,  2.23750000000000E-02, -2.36484752835390E+01,  2.01070000000005E+02,  2.34311811078139E+02,  5.50639946595398E+02
 1.97316666700000E+03, -1.02304418190012E-01,  2.11250000000000E-02, -2.36256569642982E+01,  2.01250000000005E+02,  2.59524038693700E+02,  3.89567228703813E+02
 1.97325000000000E+03, -7.80142579446150E-02,  3.05000000000000E-02, -2.36027300653221E+01,  2.01430000000005E+02,  2.71124229875356E+02,  4.98671662310048E+02
 1.97333333300000E+03, -6.94405014486509E-02,  3.95000000000000E-02, -2.35796951201112E+01,  2.01610000000005E+02,  3.14475344892367E+02,  5.38427727364841E+02
 1.97341666700000E+03, -7.45340006212715E-02,  9.20625000000000E-02, -2.35565526964042E+01,  2.01790000000005E+02,  2.65561979456613E+02,  5.72747367768355E+02
 1.97350000000000E+03, -9.19737219220873E-02,  2.02000000000000E-01, -2.35333033961663E+01,  2.01970000000005E+02,  3.28094047528418E+02,  5.71582154287962E+02
 1.97358333300000E+03, -1.03937457760522E-01,  2.84437500000000E-01, -2.35099478555729E+01,  2.02150000000005E+02,  3.19370853344394E+02,  5.92814773630539E+02
 1.97366666700000E+03, -9.44662142050426E-02,  2.41562500000000E-01, -3.38655401057108E+01,  2.02330000000005E+02,  3.70964337366728E+02,  6.50679211793783E+02
 1.97375000000000E+03, -1.07072111791687E-01,  2.46875000000000E-02, -3.39083686751514E+01,  2.02510000000005E+02,  3.29882223910831E+02,  6.35535006357515E+02
 1.97383333300000E+03, -1.84735567706258E-01, -3.07625000000000E-01, -3.39508820567649E+01,  2.02690000000005E+02,  3.33717931179581E+02,  5.84401510037952E+02
 1.97391666700000E+03, -2.88751962127351E-01, -6.24625000000000E-01, -3.39930766314003E+01,  2.02870000000005E+02,  2.49736714482318E+02,  5.31800328957732E+02
 1.97400000000000E+03, -3.53649982697863E-01, -8.24875000000000E-01, -3.40349488132120E+01,  2.03050000000005E+02,  1.94281864784611E+02,  4.86433441985910E+02
 1.97408333300000E+03, -3.58028686594326E-01, -8.80062500000000E-01, -3.40764950500614E+01,  2.03230000000005E+02,  1.19017705078631E+02,  3.09972142452538E+02
 1.97416666700000E+03, -3.23974281390797E-01, -8.12750000000000E-01, -3.41177118239140E+01,  2.03410000000005E+02,  1.18057477182822E+02,  2.78875335545522E+02
 1.97425000000000E+03, -2.80159686674798E-01, -6.69500000000000E-01, -3.41585956512321E+01,  2.03590000000005E+02,  9.14796921652506E+01,  2.43931824053814E+02
 1.97433333300000E+03, -2.35337599184480E-01, -5.11812500000000E-01, -3.41991430833629E+01,  2.03770000000005E+02,  1.00846142271658E+02,  2.52824521345828E+02
 1.97441666700000E+03, -1.85761280295292E-01, -3.59062500000000E-01, -3.42393507069221E+01,  2.03950000000005E+02,  1.05262118090722E+02,  2.48660414508644E+02
 1.97450000000000E+03, -1.36876668133732E-01, -2.03312500000000E-01, -3.42792151441726E+01,  2.04130000000005E+02,  1.12020967011889E+02,  2.54162262465710E+02
 1.97458333300000E+03, -1.65730003478707E-01, -7.59375000000000E-02, -3.43187330533988E+01,  2.04310000000005E+02,  1.02656433875506E+02,  2.19151635596581E+02
 1.97466666700000E+03, -2.76757930570184E-01, -2.90000000000000E-02, -2.88152632873233E+01,  2.04490000000005E+02,  5.55829881963384E+01,  1.38900236761977E+02
 1.97475000000000E+03, -3.47023031966089E-01, -9.24375000000000E-02, -2.87811041339021E+01,  2.04670000000005E+02,  4.59271607197327E+01,  1.27011712287018E+02
 1.97483333300000E+03, -3.80407500136554E-01, -2.08687500000000E-01, -2.87471222807741E+01,  2.04850000000005E+02,  1.06966312054969E+02,  1.21521632701062E+02
 1.97491666700000E+03, -4.21803280718693E-01, -2.89625000000000E-01, -2.87133186672063E+01,  2.05030000000005E+02,  9.65932621729090E+01,  1.17817999090613E+02
 1.97500000000000E+03, -4.44978041052638E-01, -3.49625000000000E-01, -2.86796941951454E+01,  2.05210000000005E+02,  1.22966718573305E+02,  1.26338962499758E+02
 1.97508333300000E+03, -4.41327331588835E-01, -4.32937500000000E-01, -2.86462497292112E+01,  2.05390000000005E+02,  1.26828561176218E+02,  1.04986703755751E+02
 1.97516666700000E+03, -4.17103867479487E-01, -5.18812500000000E-01, -2.86129860966941E+01,  2.05570000000005E+02,  1.60572336489056E+02,  8.90529796262212E+01
 1.97525000000000E+03, -3.79813052239153E-01, -5.49625000000000E-01, -2.85799040875600E+01,  2.05750000000005E+02,  1.37134363276659E+02,  1.65638772116396E+02
 1.97533333300000E+03, -3.28870434601768E-01, -4.85000000000000E-01, -2.85470044544601E+01,  2.05930000000005E+02,  1.72372874622257E+02,  1.69764260723284E+02
 1.97541666700000E+03, -2.59547200793509E-01, -3.48750000000000E-01, -2.85142879127461E+01,  2.06110000000005E+02,  1.91165070770339E+02,  1.75999487021412E+02
 1.97550000000000E+03, -1.75383253259031E-01, -1.90687500000000E-01, -2.84817551404922E+01,  2.06290000000005E+02,  2.63244790744645E+02,  1.85856065051523E+02
 1.97558333300000E+03, -2.08465348463428E-01, -4.31250000000000E-02, -2.84494067785219E+01,  2.06470000000005E+02,  2.23409173518065E+02,  1.70400831087995E+02
 1.97566666700000E+03, -3.87296979401232E-01,  2.62500000000000E-03, -1.95792987953380E+01,  2.06650000000005E+02,  2.38877741565553E+02,  1.93236662861058E+02
 1.97575000000000E+03, -4.93334504064392E-01, -1.64625000000000E-01, -1.95917937840403E+01,  2.06830000000005E+02,  4.67829706297470E+02,  6.09380675554339E+02
 1.97583333300000E+03, -5.02333199537465E-01, -4.67125000000000E-01, -1.96046943457776E+01,  2.07010000000005E+02,  5.00188823145552E+02,  6.16593042854866E+02
 1.97591666700000E+03, -5.06789598279877E-01, -6.95125000000000E-01, -1.96180007417414E+01,  2.07190000000005E+02,  5.41556886156085E+02,  6.28112663736203E+02
 1.97600000000000E+03, -5.02783501165956E-01, -7.66750000000000E-01, -1.96317131905784E+01,  2.07370000000005E+02,  5.77567017631733E+02,  6.51647919849609E+02
 1.97608333300000E+03, -4.93208459791120E-01, -7.56687500000000E-01, -1.96458318682653E+01,  2.07550000000005E+02,  5.35145145056335E+02,  5.67892065653408E+02
 1.97616666700000E+03, -4.83718612607997E-01, -7.38187500000000E-01, -1.96603569079888E+01,  2.07730000000005E+02,  2.80479045694401E+02,  2.04530532453995E+02
 1.97625000000000E+03, -4.75984157646837E-01, -7.10625000000000E-01, -1.96752884000315E+01,  2.07910000000005E+02,  2.72222238909582E+02,  1.77927412300836E+02
 1.97633333300000E+03, -4.65410264841678E-01, -6.95875000000000E-01, -1.96906263916625E+01,  2.08090000000005E+02,  2.81725212324980E+02,  2.22422369782799E+02
 1.97641666700000E+03, -4.45898220061313E-01, -7.36062500000000E-01, -1.97063708870352E+01,  2.08270000000005E+02,  2.50476343993733E+02,  2.51520377697905E+02
 1.97650000000000E+03, -4.16967071683070E-01, -7.50812500000000E-01, -1.97225218470889E+01,  2.08450000000005E+02,  2.62375903432514E+02,  2.66402808780173E+02
 1.97658333300000E+03, -3.47308171439180E-01, -6.49312500000000E-01, -1.97390791894575E+01,  2.08630000000005E+02,  3.89747571385805E+02,  4.04800434877092E+02
 1.97666666700000E+03, -2.81762057719724E-01, -5.12812500000000E-01, -2.56494433506702E+01,  2.08810000000005E+02,  3.35516132729898E+02,  4.08651110686228E+02
 1.97675000000000E+03, -2.98365892099772E-01, -4.53875000000000E-01, -2.57030192590606E+01,  2.08990000000005E+02,  2.58267021450856E+02,  4.38431087712137E+02
 1.97683333300000E+03, -2.91810491624561E-01, -4.62500000000000E-01, -2.57565762333819E+01,  2.09170000000005E+02,  2.77112681442654E+02,  4.98200633562600E+02
 1.97691666700000E+03, -2.07777044213670E-01, -4.70687500000000E-01, -2.58101097237497E+01,  2.09350000000005E+02,  3.11453446397147E+02,  5.88236059532159E+02
 1.97700000000000E+03, -1.58111468165691E-01, -4.69937500000000E-01, -2.58636151796327E+01,  2.09530000000005E+02,  2.64172141056632E+02,  5.32416395148917E+02
 1.97708333300000E+03, -1.97441715775193E-01, -4.95375000000000E-01, -2.59170880503663E+01,  2.09710000000005E+02,  4.10756104431495E+02,  7.31820523995208E+02
 1.97716666700000E+03, -2.68578805700338E-01, -4.78375000000000E-01, -2.59705237856661E+01,  2.09890000000005E+02,  3.65538552144968E+02,  6.21065988903244E+02
 1.97725000000000E+03, -2.98781621220644E-01, -3.37250000000000E-01, -2.60239178361419E+01,  2.10070000000005E+02,  4.04054095786027E+02,  6.27283218497293E+02
 1.97733333300000E+03, -2.86132627752872E-01, -1.81875000000000E-01, -2.60772656538119E+01,  2.10250000000005E+02,  3.71233645580333E+02,  6.31993600547434E+02
 1.97741666700000E+03, -2.68298191821002E-01, -1.48750000000000E-01, -2.61305626926154E+01,  2.10430000000005E+02,  4.30177076862843E+02,  6.92172961835777E+02
 1.97750000000000E+03, -2.63451021366935E-01, -1.95875000000000E-01, -2.61838044089274E+01,  2.10610000000005E+02,  3.20697004772354E+02,  5.84837473874244E+02
 1.97758333300000E+03, -2.24893739324759E-01, -2.42500000000000E-01, -2.62369862620711E+01,  2.10790000000005E+02,  3.47220588831387E+02,  5.81220678670387E+02
 1.97766666700000E+03, -1.40755756289653E-01, -2.79375000000000E-01, -2.58911777930377E+01,  2.10970000000005E+02,  2.82746564380684E+02,  5.39195223806954E+02
 1.97775000000000E+03, -9.58070591164474E-02, -2.62250000000000E-01, -2.58757565703598E+01,  2.11150000000005E+02,  3.13834935086985E+02,  4.44289966858617E+02
 1.97783333300000E+03, -1.05461713730825E-01, -1.40000000000000E-01, -2.58603910616783E+01,  2.11330000000005E+02,  2.36925874141132E+02,  3.80069866043952E+02
 1.97791666700000E+03, -1.29695655208300E-01,  4.26875000000000E-02, -2.58450790884274E+01,  2.11510000000006E+02,  1.90603508063553E+02,  2.85650599089612E+02
 1.97800000000000E+03, -1.59291272966137E-01,  1.92000000000000E-01, -2.58298184692661E+01,  2.11690000000006E+02,  2.61199736214820E+02,  3.98548500851006E+02
 1.97808333300000E+03, -1.92328594413992E-01,  2.15750000000000E-01, -2.58146070205231E+01,  2.11870000000006E+02,  2.58293704659923E+02,  3.51114240137250E+02
 1.97816666700000E+03, -2.31978213601432E-01,  7.82500000000000E-02, -2.57994425566425E+01,  2.12050000000006E+02,  3.40218783184675E+02,  3.52955928086487E+02
 1.97825000000000E+03, -2.77218269477295E-01, -1.47187500000000E-01, -2.57843228906290E+01,  2.12230000000006E+02,  3.04343916908460E+02,  2.13850639684864E+02
 1.97833333300000E+03, -3.18484819204637E-01, -3.44750000000000E-01, -2.57692458344930E+01,  2.12410000000006E+02,  3.12111957292244E+02,  2.21338923626584E+02
 1.97841666700000E+03, -3.44005596519310E-01, -4.35687500000000E-01, -2.57542091996964E+01,  2.12590000000006E+02,  4.23418764741690E+02,  3.04891533290275E+02
 1.97850000000000E+03, -3.49370104591348E-01, -4.11312500000000E-01, -2.57392107975967E+01,  2.12770000000006E+02,  4.23136174591814E+02,  2.98423151266471E+02
 1.97858333300000E+03, -3.02560501670829E-01, -3.41125000000000E-01, -2.57242484398927E+01,  2.12950000000006E+02,  3.01967066425594E+02,  2.60627018716338E+02
 1.97866666700000E+03, -2.28570401228823E-01, -2.75812500000000E-01, -2.67769010455020E+01,  2.13130000000006E+02,  3.61533440838166E+02,  3.49921682286751E+02
 1.97875000000000E+03, -2.29761914536252E-01, -2.14125000000000E-01, -2.67353905108756E+01,  2.13310000000006E+02,  3.47090994051977E+02,  3.67046361020073E+02
 1.97883333300000E+03, -2.83862471025275E-01, -1.94062500000000E-01, -2.66939009404207E+01,  2.13490000000006E+02,  2.36981603480332E+02,  3.08515852617908E+02
 1.97891666700000E+03, -2.96107552190197E-01, -2.12625000000000E-01, -2.66524354171490E+01,  2.13670000000006E+02,  2.56067911112931E+02,  4.08101173787465E+02
 1.97900000000000E+03, -2.43292436596592E-01, -1.78812500000000E-01, -2.66109970027606E+01,  2.13850000000006E+02,  3.25065485340785E+02,  4.53789332834371E+02
 1.97908333300000E+03, -1.65565142858710E-01, -1.07000000000000E-01, -2.65695887372920E+01,  2.14030000000006E+02,  2.73743676534439E+02,  3.90584913888409E+02
 1.97916666700000E+03, -1.33164855277709E-01, -7.68750000000000E-02, -2.65282136387688E+01,  2.14210000000006E+02,  3.81321805095878E+02,  4.21475888973254E+02
 1.97925000000000E+03, -1.82460601872097E-01, -6.55000000000000E-02, -2.64868747028608E+01,  2.14390000000006E+02,  2.77015446456850E+02,  3.03103486753241E+02
 1.97933333300000E+03, -2.82972341848172E-01, -7.92500000000000E-02, -2.64455749025418E+01,  2.14570000000006E+02,  2.56372022061561E+02,  2.14160339004691E+02
 1.97941666700000E+03, -3.65991960381511E-01, -1.65375000000000E-01, -2.64043171877532E+01,  2.14750000000006E+02,  1.91422128966556E+02,  2.21013025069775E+02
 1.97950000000000E+03, -3.84306478175446E-01, -2.67187500000000E-01, -2.63631044850709E+01,  2.14930000000006E+02,  1.68240358409876E+02,  2.11869090844113E+02
 1.97958333300000E+03, -3.65232986677741E-01, -3.01437500000000E-01, -2.63219396973764E+01,  2.15110000000006E+02,  1.30159959914755E+02,  2.31088234020339E+02
 1.97966666700000E+03, -3.54306377789369E-01, -2.65125000000000E-01, -3.12321073810131E+01,  2.15290000000006E+02,  2.29401836409129E+02,  2.79917378185682E+02
 1.97975000000000E+03, -3.43726077065875E-01, -2.22437500000000E-01, -3.12415328035452E+01,  2.15470000000006E+02,  4.37447986172932E+02,  3.95442812596703E+02
 1.97983333300000E+03, -3.27510931302011E-01, -2.15937500000000E-01, -3.12504976568021E+01,  2.15650000000006E+02,  4.25516932211784E+02,  4.27729674963171E+02
 1.97991666700000E+03, -3.11522394909350E-01, -2.21625000000000E-01, -3.12590018147190E+01,  2.15830000000006E+02,  4.18858651123528E+02,  4.47527622369911E+02
 1.98000000000000E+03, -2.91576000888241E-01, -2.12750000000000E-01, -3.12670451966547E+01,  2.16010000000006E+02,  3.90211538705144E+02,  4.01627101033804E+02
 1.98008333300000E+03, -2.68824041784640E-01, -1.97812500000000E-01, -3.12746277673386E+01,  2.16190000000006E+02,  3.47893857716727E+02,  4.12199718361178E+02
 1.98016666700000E+03, -2.46718608622975E-01, -1.87750000000000E-01, -3.12817495368118E+01,  2.16370000000006E+02,  1.47944501920726E+02,  2.53919683920201E+02
 1.98025000000000E+03, -2.25818453261926E-01, -1.67250000000000E-01, -3.12884105603625E+01,  2.16550000000006E+02,  2.07049677188327E+02,  2.68959402529664E+02
 1.98033333300000E+03, -2.02270800052637E-01, -1.19625000000000E-01, -3.12946109384558E+01,  2.16730000000006E+02,  3.02742630824755E+02,  2.58196489473893E+02
 1.98041666700000E+03, -1.71912380542446E-01, -2.15000000000000E-02, -3.13003508166579E+01,  2.16910000000006E+02,  2.76308954430600E+02,  2.45051443932742E+02
 1.98050000000000E+03, -1.35987703444047E-01,  1.37000000000000E-01, -3.13056303855544E+01,  2.17090000000006E+02,  2.56054790952073E+02,  1.78444510209371E+02
 1.98058333300000E+03, -1.01365210617283E-01,  2.77812500000000E-01, -3.13104498806635E+01,  2.17270000000006E+02,  3.06277935927552E+02,  2.27417425625569E+02
 1.98066666700000E+03, -7.81891985978245E-02,  3.16312500000000E-01, -1.46127364520544E+01,  2.17450000000006E+02,  3.06941883403584E+02,  2.45758039792034E+02
 1.98075000000000E+03, -7.31086926243340E-02,  2.65500000000000E-01, -1.46071762139907E+01,  2.17630000000006E+02,  2.53585411728720E+02,  3.37890139695269E+02
 1.98083333300000E+03, -8.07521552731204E-02,  1.74625000000000E-01, -1.46019537771897E+01,  2.17810000000006E+02,  2.88950897480331E+02,  3.92471124734396E+02
 1.98091666700000E+03, -9.02049567434529E-02,  5.07500000000000E-02, -1.45970710855681E+01,  2.17990000000006E+02,  3.10164130309861E+02,  4.10265489197459E+02
 1.98100000000000E+03, -9.55770670807173E-02, -9.21250000000000E-02, -1.45925300540371E+01,  2.18170000000006E+02,  2.77780357567026E+02,  3.79439214917685E+02
 1.98108333300000E+03, -9.80238714345846E-02, -1.93687500000000E-01, -1.45883325681756E+01,  2.18350000000006E+02,  2.05207716175269E+02,  2.54641877448767E+02
 1.98116666700000E+03, -1.01922256266416E-01, -2.55750000000000E-01, -1.45844804839083E+01,  2.18530000000006E+02,  1.76635050343078E+02,  1.52184523132755E+02
 1.98125000000000E+03, -1.08091828541086E-01, -3.16312500000000E-01, -1.45809756271864E+01,  2.18710000000006E+02,  1.59700328962625E+02,  9.57218082886580E+01
 1.98133333300000E+03, -1.11418525867661E-01, -3.20500000000000E-01, -1.45778197936718E+01,  2.18890000000006E+02,  1.36518592791186E+02,  9.92552392090842E+01
 1.98141666700000E+03, -1.05610839418790E-01, -2.13062500000000E-01, -1.45750147484259E+01,  2.19070000000006E+02,  1.82494315773668E+02,  1.27866291461170E+02
 1.98150000000000E+03, -9.03690334962855E-02, -5.40000000000000E-02, -1.45725622256006E+01,  2.19250000000006E+02,  2.12272933456212E+02,  1.90849387244192E+02
 1.98158333300000E+03, -4.56676328866981E-02,  6.32500000000000E-02, -1.45704639281342E+01,  2.19430000000006E+02,  2.86837463157171E+02,  2.54370392495540E+02
 1.98166666700000E+03, -4.09143818408364E-03,  9.26875000000000E-02, -2.48633917167260E+01,  2.19610000000006E+02,  2.66610982001626E+02,  2.52192363798046E+02
 1.98175000000000E+03, -4.36008525864583E-02,  1.02500000000000E-02, -2.48259100618854E+01,  2.19790000000006E+02,  2.84923527947632E+02,  2.20489587221643E+02
 1.98183333300000E+03, -1.21233947989707E-01, -1.55125000000000E-01, -2.47885677069688E+01,  2.19970000000006E+02,  2.16994760473431E+02,  1.91604543071735E+02
 1.98191666700000E+03, -1.62078934479510E-01, -3.20062500000000E-01, -2.47513663928558E+01,  2.20150000000006E+02,  1.90617569944686E+02,  1.81737357204725E+02
 1.98200000000000E+03, -1.67654472948764E-01, -4.31687500000000E-01, -2.47143078270826E+01,  2.20330000000006E+02,  1.05921208400120E+02,  1.09318681801577E+02
 1.98208333300000E+03, -1.64853808449115E-01, -4.66562500000000E-01, -2.46773936837075E+01,  2.20510000000006E+02,  1.00013197668095E+02,  1.53143536893935E+02
 1.98216666700000E+03, -1.78676194305679E-01, -4.38187500000000E-01, -2.46406256031801E+01,  2.20690000000006E+02,  5.15821582459660E+01,  1.53770455300528E+02
 1.98225000000000E+03, -2.13392341903849E-01, -4.15000000000000E-01, -2.46040051922171E+01,  2.20870000000006E+02,  4.39052825906079E+01,  1.38183833727551E+02
 1.98233333300000E+03, -2.55897275058446E-01, -4.39937500000000E-01, -2.45675340236821E+01,  2.21050000000006E+02,  1.39945569554277E+02,  1.70200952741025E+02
 1.98241666700000E+03, -2.93044321311463E-01, -4.85000000000000E-01, -2.45312136364716E+01,  2.21230000000006E+02,  2.93357382247370E+02,  4.41661960159474E+02
 1.98250000000000E+03, -3.23361208798677E-01, -5.10750000000000E-01, -2.44950455354056E+01,  2.21410000000006E+02,  3.12959474359252E+02,  4.18610159156665E+02
 1.98258333300000E+03, -2.70962015792172E-01, -5.25750000000000E-01, -2.44590311911233E+01,  2.21590000000006E+02,  3.50294672071061E+02,  4.58480489809534E+02
 1.98266666700000E+03, -1.31688948985157E-01, -5.38625000000000E-01, -1.45682629389356E+01,  2.21770000000006E+02,  3.97371951826250E+02,  5.06623920052630E+02
 1.98275000000000E+03, -6.34522345504934E-02, -4.74250000000000E-01, -1.45669870095532E+01,  2.21950000000006E+02,  3.11553580690216E+02,  4.64227013561938E+02
 1.98283333300000E+03, -7.50563121187899E-02, -2.41125000000000E-01, -1.45660707060119E+01,  2.22130000000006E+02,  1.86946719413576E+02,  2.71040746291084E+02
 1.98291666700000E+03, -8.72786831639347E-02,  1.15750000000000E-01, -1.45655155935276E+01,  2.22310000000006E+02,  2.34951694372114E+02,  3.03628925861741E+02
 1.98300000000000E+03, -9.42956354337858E-02,  4.46250000000000E-01, -1.45653232045507E+01,  2.22490000000006E+02,  2.61885466197239E+02,  2.66960401153633E+02
 1.98308333300000E+03, -9.68334050098693E-02,  6.58625000000000E-01, -1.45654950384859E+01,  2.22670000000006E+02,  2.15310054988088E+02,  2.36487306107575E+02
 1.98316666700000E+03, -9.89893538230393E-02,  7.26000000000000E-01, -1.45660325614161E+01,  2.22850000000006E+02,  2.24600103986426E+02,  1.96624235821847E+02
 1.98325000000000E+03, -1.01783214452365E-01,  6.25750000000000E-01, -1.45669372058300E+01,  2.23030000000006E+02,  2.10884350422230E+02,  1.11901038172130E+02
 1.98333333300000E+03, -1.00616068900411E-01,  4.11562500000000E-01, -1.45682103703541E+01,  2.23210000000006E+02,  1.59646732731410E+02,  9.32193341467762E+01
 1.98341666700000E+03, -8.96730771610535E-02,  2.06187500000000E-01, -1.45698534194886E+01,  2.23390000000006E+02,  9.51560313638501E+01,  1.15464023583897E+02
 1.98350000000000E+03, -6.89664912100161E-02,  7.81250000000000E-02, -1.45718676833475E+01,  2.23570000000006E+02,  1.30486388419529E+02,  1.42595688536247E+02
 1.98358333300000E+03, -1.22658624677780E-01,  3.42500000000000E-02, -1.45742544574033E+01,  2.23750000000006E+02,  1.12311152524335E+02,  1.41327785554625E+02
 1.98366666700000E+03, -2.57734389288579E-01,  5.60000000000000E-02, -2.15296727093035E+01,  2.23930000000006E+02,  1.13103207946153E+02,  1.66488063045357E+02
 1.98375000000000E+03, -3.21327683228501E-01,  9.73125000000000E-02, -2.15120979392592E+01,  2.24110000000006E+02,  1.14632042405263E+02,  1.27886044554371E+02
 1.98383333300000E+03, -3.09955565047179E-01,  8.18750000000000E-02, -2.14946336174610E+01,  2.24290000000006E+02,  1.48420578885809E+02,  1.67171700147812E+02
 1.98391666700000E+03, -2.95316458324848E-01, -5.13750000000000E-02, -2.14772779060357E+01,  2.24470000000006E+02,  1.34277537469809E+02,  1.34994054752378E+02
 1.98400000000000E+03, -2.75031382913781E-01, -2.56875000000000E-01, -2.14600289530461E+01,  2.24650000000006E+02,  1.29433706379289E+02,  1.41168333891057E+02
 1.98408333300000E+03, -2.52731899869473E-01, -4.11250000000000E-01, -2.14428848928761E+01,  2.24830000000006E+02,  1.00708935398272E+02,  1.49641124514162E+02
 1.98416666700000E+03, -2.34112600281409E-01, -4.54375000000000E-01, -2.14258438466177E+01,  2.25010000000006E+02,  1.38077573931308E+02,  1.53717925036558E+02
 1.98425000000000E+03, -2.20308133903193E-01, -4.29625000000000E-01, -2.14089039224598E+01,  2.25190000000006E+02,  9.92329908879357E+01,  1.15606789550983E+02
 1.98433333300000E+03, -2.05864259292877E-01, -3.84250000000000E-01, -2.13920632160777E+01,  2.25370000000006E+02,  1.48906113134200E+02,  2.10699847085419E+02
 1.98441666700000E+03, -1.83916093484061E-01, -3.15812500000000E-01, -2.13753198110259E+01,  2.25550000000006E+02,  1.51270417743179E+02,  2.12982486536781E+02
 1.98450000000000E+03, -1.53737046542974E-01, -2.15687500000000E-01, -2.13586717791310E+01,  2.25730000000006E+02,  1.72868059399358E+02,  2.15602067715909E+02
 1.98458333300000E+03, -4.27304500703884E-02, -1.01875000000000E-01, -2.13421171808872E+01,  2.25910000000006E+02,  1.18589553145379E+02,  2.49782020838838E+02
 1.98466666700000E+03,  1.34334791046834E-01, -2.52500000000000E-02, -1.39446720363855E+01,  2.26090000000006E+02,  1.32950155541387E+02,  2.28524600192870E+02
 1.98475000000000E+03,  2.02077248252356E-01, -3.23750000000000E-02, -1.39222845313568E+01,  2.26270000000006E+02,  1.05792776059617E+02,  1.67142167895370E+02
 1.98483333300000E+03,  1.58550954657633E-01, -9.21875000000000E-02, -1.38997960832259E+01,  2.26450000000006E+02,  1.10449747258971E+02,  1.68866031078828E+02
 1.98491666700000E+03,  9.54299102323434E-02, -1.11625000000000E-01, -1.38772072528462E+01,  2.26630000000006E+02,  1.14160563084919E+02,  1.59373841319325E+02
 1.98500000000000E+03,  2.67343655946758E-02, -6.78750000000000E-02, -1.38545186313679E+01,  2.26810000000006E+02,  1.07540340476577E+02,  1.07209699739686E+02
 1.98508333300000E+03, -3.69962771021170E-02, -4.14375000000000E-02, -1.38317308402169E+01,  2.26990000000006E+02,  1.17429280856385E+02,  1.00518537288100E+02
 1.98516666700000E+03, -8.79761001352904E-02, -8.26250000000000E-02, -1.38088445310691E+01,  2.27170000000006E+02,  7.39500131767342E+01,  5.36723424649033E+01
 1.98525000000000E+03, -1.18063880052770E-01, -1.59125000000000E-01, -1.37858603858201E+01,  2.27350000000006E+02,  1.54534163763360E+02,  1.60605900170996E+02
 1.98533333300000E+03, -1.19422000793335E-01, -2.12375000000000E-01, -1.37627791165503E+01,  2.27530000000006E+02,  1.48273924682107E+02,  1.90235742047749E+02
 1.98541666700000E+03, -9.05547116752173E-02, -2.03437500000000E-01, -1.37396014654854E+01,  2.27710000000006E+02,  1.78661095323279E+02,  2.25908348983088E+02
 1.98550000000000E+03, -4.24023935908909E-02, -1.61250000000000E-01, -1.37163282049519E+01,  2.27890000000006E+02,  1.85170762897283E+02,  2.93364445509835E+02
 1.98558333300000E+03, -2.48218441084030E-02, -1.39312500000000E-01, -1.36929601373286E+01,  2.28070000000006E+02,  2.00155288656638E+02,  3.01051062665366E+02
 1.98566666700000E+03, -5.88654713911902E-02, -1.47812500000000E-01, -1.64814638115540E+01,  2.28250000000006E+02,  2.09940287193653E+02,  2.17481115105927E+02
 1.98575000000000E+03, -9.45143629465284E-02, -1.74500000000000E-01, -1.64551644477190E+01,  2.28430000000006E+02,  1.99107621622284E+02,  1.94695272971895E+02
 1.98583333300000E+03, -1.21690770289596E-01, -1.78750000000000E-01, -1.64289247975724E+01,  2.28610000000006E+02,  2.18521305633951E+02,  2.17299793074286E+02
 1.98591666700000E+03, -1.53287887989591E-01, -1.58250000000000E-01, -1.64027476833683E+01,  2.28790000000006E+02,  2.92009041240014E+02,  2.31333143536385E+02
 1.98600000000000E+03, -1.76488118122227E-01, -1.72312500000000E-01, -1.63766359396387E+01,  2.28970000000006E+02,  3.41146359220790E+02,  3.22704626541100E+02
 1.98608333300000E+03, -1.83857105057854E-01, -2.02937500000000E-01, -1.63505924128059E+01,  2.29150000000006E+02,  2.64358842952062E+02,  2.84193972553990E+02
 1.98616666700000E+03, -1.73764691629050E-01, -1.88125000000000E-01, -1.63246199607917E+01,  2.29330000000006E+02,  2.97131184797454E+02,  3.69596236448367E+02
 1.98625000000000E+03, -1.47558227990520E-01, -1.23687500000000E-01, -1.62987214526246E+01,  2.29510000000006E+02,  2.48335069503621E+02,  3.47156468148957E+02
 1.98633333300000E+03, -1.08695213605714E-01, -3.45000000000000E-02, -1.62728997680455E+01,  2.29690000000006E+02,  1.49045571235826E+02,  2.64176916430846E+02
 1.98641666700000E+03, -6.54425821698989E-02,  4.56250000000000E-02, -1.62471577971099E+01,  2.29870000000006E+02,  1.17614590449020E+02,  1.87337501551559E+02
 1.98650000000000E+03, -3.29514091447819E-02,  6.80625000000000E-02, -1.62214984397894E+01,  2.30050000000006E+02,  1.24751867011876E+02,  2.43874720476555E+02
 1.98658333300000E+03,  1.81377947839266E-02,  1.00000000000000E-02, -1.61959246055701E+01,  2.30230000000006E+02,  1.41395937848359E+02,  1.44656957576907E+02
 1.98666666700000E+03,  7.60126253707330E-02, -5.95625000000000E-02, -2.49304829550511E+01,  2.30410000000006E+02,  1.78841779584306E+02,  1.89382743725389E+02
 1.98675000000000E+03,  4.53447590613066E-02, -3.70000000000000E-02, -2.49660928304426E+01,  2.30590000000006E+02,  1.80349923837299E+02,  1.99539351920920E+02
 1.98683333300000E+03, -5.20575472717738E-02,  6.03750000000000E-02, -2.50013501829325E+01,  2.30770000000006E+02,  1.84369868543524E+02,  2.26063854563768E+02
 1.98691666700000E+03, -1.22331652040378E-01,  1.07187500000000E-01, -2.50362522988262E+01,  2.30950000000006E+02,  3.27856930306254E+02,  3.16355404780613E+02
 1.98700000000000E+03, -1.30518234240739E-01,  7.40625000000000E-02, -2.50707964996764E+01,  2.31130000000006E+02,  2.88010678942382E+02,  3.30740597492315E+02
 1.98708333300000E+03, -8.21919393586496E-02,  6.60625000000000E-02, -2.51049801425541E+01,  2.31310000000006E+02,  2.66569711536754E+02,  2.80343718142582E+02
 1.98716666700000E+03, -1.21801143755473E-02,  1.27312500000000E-01, -2.51388006203153E+01,  2.31490000000006E+02,  3.31712478946458E+02,  2.86875387152581E+02
 1.98725000000000E+03,  4.39312165151398E-02,  1.80812500000000E-01, -2.51722553618633E+01,  2.31670000000006E+02,  3.84528263238362E+02,  3.18481738435680E+02
 1.98733333300000E+03,  7.17333166860250E-02,  1.60750000000000E-01, -2.52053418324063E+01,  2.31850000000006E+02,  2.37380807888482E+02,  1.81262180371514E+02
 1.98741666700000E+03,  7.89563445855977E-02,  9.08125000000000E-02, -2.52380575337110E+01,  2.32030000000006E+02,  2.22696399782115E+02,  1.53235375181541E+02
 1.98750000000000E+03,  8.01464630426065E-02,  3.33125000000000E-02, -2.52704000043511E+01,  2.32210000000006E+02,  2.45358255637596E+02,  1.89638489511146E+02
 1.98758333300000E+03,  4.57904453394341E-02,  3.25000000000000E-03, -2.53023668199517E+01,  2.32390000000006E+02,  2.50333300792764E+02,  1.94652700424909E+02
 1.98766666700000E+03,  1.70363444362197E-03, -2.75000000000000E-03, -2.08398691597668E+01,  2.32570000000006E+02,  1.77356599860961E+02,  1.55853151557479E+02
 1.98775000000000E+03,  3.61649021778561E-02,  3.70625000000000E-02, -2.08005584243687E+01,  2.32750000000006E+02,  2.19319882978063E+02,  1.80692676205445E+02
 1.98783333300000E+03,  9.77588374014089E-02,  8.86250000000000E-02, -2.07613410142995E+01,  2.32930000000006E+02,  2.60814207130706E+02,  2.49769350901752E+02
 1.98791666700000E+03,  1.09917781888306E-01,  1.20562500000000E-01, -2.07222192135829E+01,  2.33110000000006E+02,  2.31728201091685E+02,  2.15171956524354E+02
 1.98800000000000E+03,  8.87105822755686E-02,  2.11250000000000E-01, -2.06831952785457E+01,  2.33290000000006E+02,  1.58727688695984E+02,  1.96909814021455E+02
 1.98808333300000E+03,  6.11085059328568E-02,  3.54500000000000E-01, -2.06442714375976E+01,  2.33470000000006E+02,  1.86594996628711E+02,  1.85142406982418E+02
 1.98816666700000E+03,  4.14775885385730E-02,  4.01125000000000E-01, -2.06054498910158E+01,  2.33650000000006E+02,  1.55952262191506E+02,  1.98840500239373E+02
 1.98825000000000E+03,  2.95452964141548E-02,  3.27875000000000E-01, -2.05667328107340E+01,  2.33830000000006E+02,  1.11308495450050E+02,  1.36097386434271E+02
 1.98833333300000E+03,  2.40513913013630E-02,  2.36375000000000E-01, -2.05281223401352E+01,  2.34010000000006E+02,  1.14980293405530E+02,  2.49441761266024E+02
 1.98841666700000E+03,  3.03078053776821E-02,  1.80375000000000E-01, -2.04896205938495E+01,  2.34190000000006E+02,  1.37247022245478E+02,  2.61239101968004E+02
 1.98850000000000E+03,  5.06217494041508E-02,  1.88062500000000E-01, -2.04512296575557E+01,  2.34370000000006E+02,  1.13855687591545E+02,  2.89380734083230E+02
 1.98858333300000E+03,  6.87645105883946E-03,  2.47875000000000E-01, -2.04129515877878E+01,  2.34550000000006E+02,  1.90909407078199E+02,  3.77809170989049E+02
 1.98866666700000E+03, -1.19862305517129E-01,  2.74250000000000E-01, -6.74879534013722E+00,  2.34730000000006E+02,  2.33260567074207E+02,  4.09847359077724E+02
 1.98875000000000E+03, -2.02414670393143E-01,  1.90937500000000E-01, -6.73366579754271E+00,  2.34910000000006E+02,  2.63449084301347E+02,  3.18670939022676E+02
 1.98883333300000E+03, -2.27385298477674E-01,  2.32500000000000E-02, -6.71860442106286E+00,  2.35090000000006E+02,  3.54837073285296E+02,  4.62678243726164E+02
 1.98891666700000E+03, -2.45709997601523E-01, -1.19312500000000E-01, -6.70360944163408E+00,  2.35270000000006E+02,  3.87855363769208E+02,  4.77797241987891E+02
 1.98900000000000E+03, -2.50812038941784E-01, -1.92125000000000E-01, -6.68867908457429E+00,  2.35450000000006E+02,  2.75164477526445E+02,  3.64959782868113E+02
 1.98908333300000E+03, -2.44426820281892E-01, -2.23812500000000E-01, -6.67381156990698E+00,  2.35630000000006E+02,  2.74156137914254E+02,  3.52494821963911E+02
 1.98916666700000E+03, -2.32173695229278E-01, -1.97250000000000E-01, -6.65900511268589E+00,  2.35810000000006E+02,  3.68939131998344E+02,  3.96901620598428E+02
 1.98925000000000E+03, -2.16569665270895E-01, -9.56250000000000E-02, -6.64425792332004E+00,  2.35990000000006E+02,  3.38182251261947E+02,  3.17129103173664E+02
 1.98933333300000E+03, -1.94862392482668E-01,  2.83125000000000E-02, -6.62956820789933E+00,  2.36170000000006E+02,  3.22094680617893E+02,  2.75494034150480E+02
 1.98941666700000E+03, -1.63881912599304E-01,  1.02625000000000E-01, -6.61493416852050E+00,  2.36350000000006E+02,  3.26862593619349E+02,  2.62573874765441E+02
 1.98950000000000E+03, -1.26782081449898E-01,  1.07375000000000E-01, -6.60035400361340E+00,  2.36530000000006E+02,  2.90319981698147E+02,  2.28118289305585E+02
 1.98958333300000E+03, -4.34229244398636E-02,  9.56875000000000E-02, -6.58582590826766E+00,  2.36710000000006E+02,  3.78407796476523E+02,  2.97006316037648E+02
 1.98966666700000E+03,  7.44909377960522E-02,  1.26250000000000E-01, -4.91887262448683E+00,  2.36890000000006E+02,  2.96538461436393E+02,  2.25210906152043E+02
 1.98975000000000E+03,  1.22582716858471E-01,  1.76312500000000E-01, -4.91775904734908E+00,  2.37070000000006E+02,  3.21873219577054E+02,  3.13550231893028E+02
 1.98983333300000E+03,  1.09328217140678E-01,  1.74375000000000E-01, -4.91698407479013E+00,  2.37250000000006E+02,  3.42148993502731E+02,  3.14883351798324E+02
 1.98991666700000E+03,  9.64736272522771E-02,  1.47750000000000E-01, -4.91654912352010E+00,  2.37430000000006E+02,  3.84594551369691E+02,  4.23833327618347E+02
 1.99000000000000E+03,  8.96004216282529E-02,  1.95812500000000E-01, -4.91645558120803E+00,  2.37610000000006E+02,  1.76358815909857E+02,  2.57419353809820E+02
 1.99008333300000E+03,  8.72506485923931E-02,  2.74437500000000E-01, -4.91670480624276E+00,  2.37790000000007E+02,  2.42697468465186E+02,  3.15325200058522E+02
 1.99016666700000E+03,  8.47667353216552E-02,  2.76375000000000E-01, -4.91729812749727E+00,  2.37970000000007E+02,  2.16842497248750E+02,  2.64748417109963E+02
 1.99025000000000E+03,  8.10785444489596E-02,  2.29687500000000E-01, -4.91823684409634E+00,  2.38150000000007E+02,  2.50679595678654E+02,  3.43821348451204E+02
 1.99033333300000E+03,  8.10805449600118E-02,  1.88312500000000E-01, -4.91952222518754E+00,  2.38330000000007E+02,  2.22074930400691E+02,  2.71634350102990E+02
 1.99041666700000E+03,  9.08697727352755E-02,  1.63875000000000E-01, -4.92115550971580E+00,  2.38510000000007E+02,  2.10397217918530E+02,  3.14789816454702E+02
 1.99050000000000E+03,  1.10565758834186E-01,  1.63375000000000E-01, -4.92313790620131E+00,  2.38690000000007E+02,  1.74719763710016E+02,  2.81093228045790E+02
 1.99058333300000E+03,  6.54218806124916E-02,  1.53562500000000E-01, -4.92547059252100E+00,  2.38870000000007E+02,  1.70313919365821E+02,  2.70647378012297E+02
 1.99066666700000E+03, -5.08227050032819E-02,  1.18812500000000E-01, -1.67582752438995E+01,  2.39050000000007E+02,  1.28273143559636E+02,  1.91392196710940E+02
 1.99075000000000E+03, -1.04657812967444E-01,  9.38750000000000E-02, -1.67673088726426E+01,  2.39230000000007E+02,  1.48195458631209E+02,  2.18588611267577E+02
 1.99083333300000E+03, -9.52026800578585E-02,  9.26250000000000E-02, -1.67759225628752E+01,  2.39410000000007E+02,  1.40711645651414E+02,  1.86604210850821E+02
 1.99091666700000E+03, -8.46478260860530E-02,  9.93125000000000E-02, -1.67841162008472E+01,  2.39590000000007E+02,  1.60512530579541E+02,  1.99446854415211E+02
 1.99100000000000E+03, -6.82005733388430E-02,  9.31250000000000E-02, -1.67918897105790E+01,  2.39770000000007E+02,  1.29483520207251E+02,  1.46456695684377E+02
 1.99108333300000E+03, -4.80093433069698E-02,  6.48750000000000E-02, -1.67992430538198E+01,  2.39950000000007E+02,  1.33507025880057E+02,  1.78294641978405E+02
 1.99116666700000E+03, -2.93044978577905E-02,  1.74375000000000E-02, -1.68061762300016E+01,  2.40130000000007E+02,  8.80294442047832E+01,  1.24323771442872E+02
 1.99125000000000E+03, -1.36020580227835E-02, -3.77500000000000E-02, -1.68126892761888E+01,  2.40310000000007E+02,  9.15945116360023E+01,  1.36523759849595E+02
 1.99133333300000E+03,  3.67558079448768E-03, -8.52500000000000E-02, -1.68187822670237E+01,  2.40490000000007E+02,  7.49094350956507E+01,  1.99241568752689E+02
 1.99141666700000E+03,  2.84353099697604E-02, -1.40625000000000E-01, -1.68244553146674E+01,  2.40670000000007E+02,  8.46516723915845E+01,  1.98574748950424E+02
 1.99150000000000E+03,  6.07285191811302E-02, -2.12625000000000E-01, -1.68297085687368E+01,  2.40850000000007E+02,  1.37806624534454E+02,  2.36434949741832E+02
 1.99158333300000E+03,  7.90419376459016E-02, -2.48500000000000E-01, -1.68345422162369E+01,  2.41030000000007E+02,  1.63846661214437E+02,  2.84036747053968E+02
 1.99166666700000E+03,  7.49468430489769E-02, -2.23250000000000E-01, -1.68166247164149E+01,  2.41210000000007E+02,  2.50832819653903E+02,  3.46111129985986E+02
 1.99175000000000E+03,  7.29191914520133E-02, -1.91500000000000E-01, -1.68224497952327E+01,  2.41390000000007E+02,  2.70147759891714E+02,  3.34835971650926E+02
 1.99183333300000E+03,  7.54361898775086E-02, -1.58750000000000E-01, -1.68278550219837E+01,  2.41570000000007E+02,  2.70788291410817E+02,  3.44724013975902E+02
 1.99191666700000E+03,  7.59801953130118E-02, -5.35000000000000E-02, -1.68328405701442E+01,  2.41750000000007E+02,  2.07722671194400E+02,  3.19678654475671E+02
 1.99200000000000E+03,  8.02265122074569E-02,  1.13562500000000E-01, -1.68374066505333E+01,  2.41930000000007E+02,  1.95491603026102E+02,  3.01834290287011E+02
 1.99208333300000E+03,  8.68578389820670E-02,  2.46750000000000E-01, -1.68415535112390E+01,  2.42110000000007E+02,  1.05812820978617E+02,  2.14549229071570E+02
 1.99216666700000E+03,  9.13805138384535E-02,  3.14250000000000E-01, -1.68452814375389E+01,  2.42290000000007E+02,  1.24365347185512E+02,  1.64919581914444E+02
 1.99225000000000E+03,  9.28949624263774E-02,  3.75187500000000E-01, -1.68485907518180E+01,  2.42470000000007E+02,  1.35866413345890E+02,  1.79612004941853E+02
 1.99233333300000E+03,  9.64637445250451E-02,  4.75625000000000E-01, -1.68514818134813E+01,  2.42650000000007E+02,  1.61225284536775E+02,  1.54844833967915E+02
 1.99241666700000E+03,  1.08347417337787E-01,  5.51250000000000E-01, -1.68539550188624E+01,  2.42830000000007E+02,  1.77611486403987E+02,  1.79338083017892E+02
 1.99250000000000E+03,  1.28828112314005E-01,  5.32250000000000E-01, -1.68560108011284E+01,  2.43010000000007E+02,  2.01191692236643E+02,  1.95699036508073E+02
 1.99258333300000E+03,  8.94409980745471E-02,  4.59500000000000E-01, -1.68576496301800E+01,  2.43190000000007E+02,  1.46915946158510E+02,  1.81339419101855E+02
 1.99266666700000E+03, -2.62770256689270E-02,  3.61750000000000E-01, -9.39226836170471E+00,  2.43370000000007E+02,  1.24140993543820E+02,  1.71645011163672E+02
 1.99275000000000E+03, -1.00460426516484E-01,  2.33875000000000E-01, -9.35588928962181E+00,  2.43550000000007E+02,  8.95641814692946E+01,  1.45789415985129E+02
 1.99283333300000E+03, -1.10777474033186E-01,  1.29375000000000E-01, -9.31938580578948E+00,  2.43730000000007E+02,  1.34500266311222E+02,  2.04420671453219E+02
 1.99291666700000E+03, -1.02736841191330E-01,  7.35000000000000E-02, -9.28276092441524E+00,  2.43910000000007E+02,  1.29727028697812E+02,  2.03216467407004E+02
 1.99300000000000E+03, -7.64821261044897E-02,  1.84375000000000E-02, -9.24601765849869E+00,  2.44090000000007E+02,  1.09888101548618E+02,  2.16452024859768E+02
 1.99308333300000E+03, -3.55829097705741E-02, -4.26250000000000E-02, -9.20915901949074E+00,  2.44270000000007E+02,  1.28104679209180E+02,  1.98641124932304E+02
 1.99316666700000E+03,  7.93161712305924E-03, -6.65000000000000E-02, -9.17218801695340E+00,  2.44450000000007E+02,  1.31432566201585E+02,  1.98946159908307E+02
 1.99325000000000E+03,  3.30785460325771E-02, -4.59375000000000E-02, -9.13510765822048E+00,  2.44630000000007E+02,  5.62962800590986E+01,  7.66325464463317E+01
 1.99333333300000E+03,  1.96912141342992E-02, -1.34375000000000E-02, -9.09792094805900E+00,  2.44810000000007E+02,  1.09978353491875E+02,  1.56045999973404E+02
 1.99341666700000E+03, -3.59181318422092E-02,  4.50000000000000E-03, -9.06063088833151E+00,  2.44990000000007E+02,  1.08199094520375E+02,  1.26532171592440E+02
 1.99350000000000E+03, -1.12499632899536E-01,  9.68750000000000E-03, -9.02324047765930E+00,  2.45170000000007E+02,  9.10163104420988E+01,  1.36590131466480E+02
 1.99358333300000E+03, -1.17889103687082E-01, -6.06250000000000E-03, -8.98575271108647E+00,  2.45350000000007E+02,  1.02510831549538E+02,  2.11279368021939E+02
 1.99366666700000E+03, -7.09280138022228E-02, -5.55625000000000E-02, -7.93612005967875E+00,  2.45530000000007E+02,  1.23400456810929E+02,  2.12030417588312E+02
 1.99375000000000E+03, -1.24277845730701E-01, -8.55625000000000E-02, -7.98408857351376E+00,  2.45710000000007E+02,  4.72677143255708E+01,  1.60213643327628E+02
 1.99383333300000E+03, -2.17783457331642E-01, -6.16875000000000E-02, -8.03192125723939E+00,  2.45890000000007E+02,  7.88431327290585E+01,  2.91180147549129E+02
 1.99391666700000E+03, -2.27766195647108E-01, -4.49375000000000E-02, -8.07961450092647E+00,  2.46070000000007E+02,  1.22860272690756E+02,  3.28388846766042E+02
 1.99400000000000E+03, -1.93069423511622E-01, -9.25000000000000E-02, -8.12716470599517E+00,  2.46250000000007E+02,  1.46070632601811E+02,  2.71211533532782E+02
 1.99408333300000E+03, -1.95821289728878E-01, -2.16375000000000E-01, -8.17456828557296E+00,  2.46430000000007E+02,  1.66126455185848E+02,  2.96571281810398E+02
 1.99416666700000E+03, -2.63556369000774E-01, -3.74437500000000E-01, -8.22182166485122E+00,  2.46610000000007E+02,  1.86729965317102E+02,  2.86807098332181E+02
 1.99425000000000E+03, -3.41783173141370E-01, -4.95250000000000E-01, -8.26892128144059E+00,  2.46790000000007E+02,  2.05013753407761E+02,  2.30510550005886E+02
 1.99433333300000E+03, -3.60197693571794E-01, -5.84062500000000E-01, -8.31586358572482E+00,  2.46970000000007E+02,  1.91272414176331E+02,  2.31229339798537E+02
 1.99441666700000E+03, -3.04196525645769E-01, -6.89937500000000E-01, -8.36264504121333E+00,  2.47150000000007E+02,  1.60695320618434E+02,  2.59457592178459E+02
 1.99450000000000E+03, -2.14817558105546E-01, -8.10687500000000E-01, -8.40926212489220E+00,  2.47330000000007E+02,  1.26844612950058E+02,  2.56464090228690E+02
 1.99458333300000E+03, -1.03099328991365E-01, -8.86437500000000E-01, -8.45571132757370E+00,  2.47510000000007E+02,  1.17648323007722E+02,  2.70591088212192E+02
 1.99466666700000E+03,  8.24425141056633E-03, -8.41500000000000E-01, -2.86769878038049E+00,  2.47690000000007E+02,  7.03871036730561E+01,  1.77561498307316E+02
 1.99475000000000E+03,  5.06084593859347E-02, -6.70625000000000E-01, -2.84701256062985E+00,  2.47870000000007E+02,  3.68146486554496E+01,  1.48751511996947E+02
 1.99483333300000E+03,  4.33526611972530E-02, -4.62500000000000E-01, -2.82646758881689E+00,  2.48050000000007E+02,  3.22075861432402E+01,  1.26802173239511E+02
 1.99491666700000E+03,  3.89732482552954E-02, -3.03062500000000E-01, -2.80606287726911E+00,  2.48230000000007E+02,  5.02465005545894E+01,  1.22308533316546E+02
 1.99500000000000E+03,  4.51837990564021E-02, -2.03437500000000E-01, -2.78579741868243E+00,  2.48410000000007E+02,  9.66269332778409E+01,  1.54865981958828E+02
 1.99508333300000E+03,  6.26930706569482E-02, -1.30125000000000E-01, -2.76567018633870E+00,  2.48590000000007E+02,  1.06441122337078E+02,  1.62052377340724E+02
 1.99516666700000E+03,  8.57914477933516E-02, -4.09375000000000E-02, -2.74568013432556E+00,  2.48770000000007E+02,  1.12171256051399E+02,  1.51733668829804E+02
 1.99525000000000E+03,  1.08472455925119E-01,  6.99375000000000E-02, -2.72582619775880E+00,  2.48950000000007E+02,  1.15348088800995E+02,  1.21502280303737E+02
 1.99533333300000E+03,  1.29250829234565E-01,  1.45687500000000E-01, -2.70610729300695E+00,  2.49130000000007E+02,  1.22418368452220E+02,  1.59395235788048E+02
 1.99541666700000E+03,  1.49274484263690E-01,  1.63000000000000E-01, -2.68652231791834E+00,  2.49310000000007E+02,  1.06694615823118E+02,  1.38774221186896E+02
 1.99550000000000E+03,  1.66159116511457E-01,  1.49187500000000E-01, -2.66707015205033E+00,  2.49490000000007E+02,  1.18230442791979E+02,  2.02188333513898E+02
 1.99558333300000E+03,  1.04656465050587E-01,  1.19875000000000E-01, -2.64774965690093E+00,  2.49670000000007E+02,  1.34993771777574E+02,  2.00153004853984E+02
 1.99566666700000E+03, -2.98954005498830E-02,  1.12875000000000E-01, -3.67050266811816E-01,  2.49850000000007E+02,  1.59555667221402E+02,  3.43284001807454E+02
 1.99575000000000E+03, -8.99204430999109E-02,  1.25250000000000E-01, -3.81190752735230E-01,  2.50030000000007E+02,  1.28503525021849E+02,  2.91839025619071E+02
 1.99583333300000E+03, -8.02487309514480E-02,  8.11875000000000E-02, -3.95690488322959E-01,  2.50210000000007E+02,  9.52762133798296E+01,  2.40254329984818E+02
 1.99591666700000E+03, -7.09332204996555E-02,  5.06250000000000E-03, -4.10549468550449E-01,  2.50390000000007E+02,  8.86753673181381E+01,  1.85861750535336E+02
 1.99600000000000E+03, -5.62088765888381E-02, -1.63125000000000E-02, -4.25767654626972E-01,  2.50570000000007E+02,  9.75305962334712E+01,  1.86083368739891E+02
 1.99608333300000E+03, -3.73152641395619E-02,  3.12499999999999E-04, -4.41344973929057E-01,  2.50750000000007E+02,  1.06466877889423E+02,  1.34848980850571E+02
 1.99616666700000E+03, -1.88657321589900E-02,  1.43750000000000E-02, -4.57281319937820E-01,  2.50930000000007E+02,  1.47080135173775E+02,  1.75291471389052E+02
 1.99625000000000E+03, -2.26060044648762E-03,  1.97500000000000E-02, -4.73576552180200E-01,  2.51110000000007E+02,  1.37212799348562E+02,  2.09854695896463E+02
 1.99633333300000E+03,  1.65720512030415E-02,  3.12500000000000E-02, -4.90230496174127E-01,  2.51290000000007E+02,  1.72328841714747E+02,  2.34136568407321E+02
 1.99641666700000E+03,  4.24532727436635E-02,  9.26875000000000E-02, -5.07242943377608E-01,  2.51470000000007E+02,  1.76209299132447E+02,  2.29054115866083E+02
 1.99650000000000E+03,  7.40183642135391E-02,  1.77937500000000E-01, -5.24613651141746E-01,  2.51650000000007E+02,  1.58444360281114E+02,  1.94300812616593E+02
 1.99658333300000E+03,  1.00540518311282E-01,  2.24812500000000E-01, -5.42342342667725E-01,  2.51830000000007E+02,  1.49994511133743E+02,  2.31252848280808E+02
 1.99666666700000E+03,  1.05952523029533E-01,  2.58687500000000E-01, -1.19536514216288E+01,  2.52010000000007E+02,  1.88094288258551E+02,  2.45935335435823E+02
 1.99675000000000E+03,  8.53746412479224E-02,  2.80937500000000E-01, -1.19454656874499E+01,  2.52190000000007E+02,  1.54984880051809E+02,  2.33704180564174E+02
 1.99683333300000E+03,  5.21677289584870E-02,  2.04562500000000E-01, -1.19368992279615E+01,  2.52370000000007E+02,  1.30612636277768E+02,  3.04982077036335E+02
 1.99691666700000E+03,  2.12343290534617E-02,  2.62500000000000E-03, -1.19279533700649E+01,  2.52550000000007E+02,  1.50827595935373E+02,  3.70152246372934E+02
 1.99700000000000E+03, -1.11475919431611E-03, -2.22500000000000E-01, -1.19186294711046E+01,  2.52730000000007E+02,  1.20170008091192E+02,  3.37234394167541E+02
 1.99708333300000E+03, -1.57153174454272E-02, -3.24687500000000E-01, -1.19089289186749E+01,  2.52910000000007E+02,  1.24350185466638E+02,  3.38462848311938E+02
 1.99716666700000E+03, -2.67739848567059E-02, -2.76062500000000E-01, -1.18988531304220E+01,  2.53090000000007E+02,  1.67429900509386E+02,  4.60996151651943E+02
 1.99725000000000E+03, -3.51365252933227E-02, -1.94500000000000E-01, -1.18884035538440E+01,  2.53270000000007E+02,  1.64706390879021E+02,  3.87743654532669E+02
 1.99733333300000E+03, -3.59500168791392E-02, -1.76375000000000E-01, -1.18775816660868E+01,  2.53450000000007E+02,  1.32879103714720E+02,  2.70231982577381E+02
 1.99741666700000E+03, -2.34412307365492E-02, -2.46250000000000E-01, -1.18663889737376E+01,  2.53630000000007E+02,  1.35963081302786E+02,  2.41452202740509E+02
 1.99750000000000E+03,  1.91609120740602E-03, -3.79437500000000E-01, -1.18548270126149E+01,  2.53810000000007E+02,  9.44945651374163E+01,  1.94845203997328E+02
 1.99758333300000E+03,  4.13484979401127E-02, -5.00500000000000E-01, -1.18428973475555E+01,  2.53990000000007E+02,  8.37871810911144E+01,  1.19943273824354E+02
 1.99766666700000E+03,  8.00093894195805E-02, -5.85750000000000E-01,  3.41160464216329E+00,  2.54170000000007E+02,  9.13297020943906E+01,  1.41292202079715E+02
 1.99775000000000E+03,  8.84094321500372E-02, -6.47125000000000E-01,  3.43428140272587E+00,  2.54350000000007E+02,  1.35716234575615E+02,  1.98631456741561E+02
 1.99783333300000E+03,  7.43923799622197E-02, -5.85500000000000E-01,  3.45684506940073E+00,  2.54530000000007E+02,  1.66985946773215E+02,  2.08947472187640E+02
 1.99791666700000E+03,  6.32781624749627E-02, -3.06750000000000E-01,  3.47929315306745E+00,  2.54710000000007E+02,  1.71390149332605E+02,  2.06650863024250E+02
 1.99800000000000E+03,  6.31302768277892E-02,  8.06250000000000E-02,  3.50162316249482E+00,  2.54890000000007E+02,  1.59717743295425E+02,  1.83230028989452E+02
 1.99808333300000E+03,  7.21208269918019E-02,  3.95250000000000E-01,  3.52383260465350E+00,  2.55070000000007E+02,  1.69507137413699E+02,  1.71069107972636E+02
 1.99816666700000E+03,  8.35264838832762E-02,  5.52937500000000E-01,  3.54591898502929E+00,  2.55250000000007E+02,  1.61190370343764E+02,  1.57513437622644E+02
 1.99825000000000E+03,  9.40448270201360E-02,  5.60687500000000E-01,  3.56787980793706E+00,  2.55430000000007E+02,  1.57320565087144E+02,  1.71481278114298E+02
 1.99833333300000E+03,  1.07371861292041E-01,  5.15125000000000E-01,  3.58971257683526E+00,  2.55610000000007E+02,  1.52656516478244E+02,  1.81143821862989E+02
 1.99841666700000E+03,  1.29842173483367E-01,  5.35312500000000E-01,  3.61141479464106E+00,  2.55790000000007E+02,  1.68167127384592E+02,  1.87146390249888E+02
 1.99850000000000E+03,  1.62771308006168E-01,  6.18312500000000E-01,  3.63298396404586E+00,  2.55970000000007E+02,  2.09578059003820E+02,  2.00458732011270E+02
 1.99858333300000E+03,  1.29161201141738E-01,  6.60312500000000E-01,  3.65441758783148E+00,  2.56150000000007E+02,  1.73578257121973E+02,  2.31794698662803E+02
 1.99866666700000E+03,  2.41746162200841E-02,  6.26125000000000E-01, -6.52322698069901E+00,  2.56330000000007E+02,  1.84834574933060E+02,  3.01357978328229E+02
 1.99875000000000E+03, -1.79024728674091E-02,  5.42000000000000E-01, -6.54469120374379E+00,  2.56510000000007E+02,  3.95294745883699E+02,  5.92930975929975E+02
 1.99883333300000E+03, -1.08773903863100E-02,  3.87812500000000E-01, -6.56585207763330E+00,  2.56690000000007E+02,  4.09592745514650E+02,  6.60645023934494E+02
 1.99891666700000E+03, -2.61111258387192E-02,  1.73375000000000E-01, -6.58670742039948E+00,  2.56870000000007E+02,  4.11226395880843E+02,  6.87044039670094E+02
 1.99900000000000E+03, -5.30018218939763E-02, -1.59375000000000E-02, -6.60725507096938E+00,  2.57050000000007E+02,  4.34652119680549E+02,  7.89129450481083E+02
 1.99908333300000E+03, -8.50497017305341E-02, -1.20375000000000E-01, -6.62749288942918E+00,  2.57230000000007E+02,  4.78825418143028E+02,  7.64224822557352E+02
 1.99916666700000E+03, -1.18409067545682E-01, -1.52687500000000E-01, -6.64741875728624E+00,  2.57410000000007E+02,  2.81223373350942E+02,  4.75309586849405E+02
 1.99925000000000E+03, -1.47165353794909E-01, -1.53625000000000E-01, -6.66703057772886E+00,  2.57590000000007E+02,  2.58481916376643E+02,  3.80431933878092E+02
 1.99933333300000E+03, -1.62231562113647E-01, -1.45375000000000E-01, -6.68632627588400E+00,  2.57770000000007E+02,  1.95798102622491E+02,  3.33909877784719E+02
 1.99941666700000E+03, -1.56437412606190E-01, -1.45812500000000E-01, -6.70530379907276E+00,  2.57950000000007E+02,  1.99660644751551E+02,  1.63762893156248E+02
 1.99950000000000E+03, -1.31215660345169E-01, -1.57000000000000E-01, -6.72396111706360E+00,  2.58130000000007E+02,  1.25764782112639E+02,  9.91459030293397E+01
 1.99958333300000E+03, -1.22351772532252E-01, -1.47937500000000E-01, -6.74229622232342E+00,  2.58310000000007E+02,  1.92440332331958E+02,  2.46357493766029E+02
 1.99966666700000E+03, -1.48775900114251E-01, -1.24187500000000E-01, -2.08308022303351E+00,  2.58490000000007E+02,  2.81699897044979E+02,  3.79976968598900E+02
 1.99975000000000E+03, -1.73121536527528E-01, -1.13937500000000E-01, -2.06740684246807E+00,  2.58670000000007E+02,  3.70137545165201E+02,  5.18741625114367E+02
 1.99983333300000E+03, -1.86567462261628E-01, -1.08062500000000E-01, -2.05181662029653E+00,  2.58850000000007E+02,  3.73674267561391E+02,  5.78371939219990E+02
 1.99991666700000E+03, -1.99933897487887E-01, -1.16875000000000E-01, -2.03630794250275E+00,  2.59030000000007E+02,  4.34321056867371E+02,  6.50974578275193E+02
 2.00000000000000E+03, -2.08191857871511E-01, -1.77437500000000E-01, -2.02087918672762E+00,  2.59210000000007E+02,  5.19514357117933E+02,  7.52150752870524E+02
 2.00008333300000E+03, -2.13641312253076E-01, -2.68812500000000E-01, -2.00552872256096E+00,  2.59390000000007E+02,  3.86180464175899E+02,  6.83111307947537E+02
 2.00016666700000E+03, -2.21791196032105E-01, -3.22812500000000E-01, -1.99025491183419E+00,  2.59570000000007E+02,  3.78246265410725E+02,  7.11336446414810E+02
 2.00025000000000E+03, -2.34279311450844E-01, -3.27062500000000E-01, -1.97505610891397E+00,  2.59750000000007E+02,  4.98932824711019E+02,  7.96813760469015E+02
 2.00033333300000E+03, -2.46256887848972E-01, -3.30750000000000E-01, -1.95993066099656E+00,  2.59930000000007E+02,  5.14241877263877E+02,  7.70561360284373E+02
 2.00041666700000E+03, -2.51017884102266E-01, -3.41312500000000E-01, -1.94487690840305E+00,  2.60110000000007E+02,  3.56807013164872E+02,  5.07300090416678E+02
 2.00050000000000E+03, -2.47178165365876E-01, -3.02562500000000E-01, -1.92989318487522E+00,  2.60290000000007E+02,  4.04405935305490E+02,  4.53584420421701E+02
 2.00058333300000E+03, -1.84779605489877E-01, -1.89625000000000E-01, -1.91497781787218E+00,  2.60470000000007E+02,  3.55480504057775E+02,  3.07555098999432E+02
 2.00066666700000E+03, -5.81694701777341E-02, -5.52500000000000E-02, -6.62627197738947E+00,  2.60650000000007E+02,  2.94701649184269E+02,  2.89394455025296E+02
 2.00075000000000E+03,  1.59190575412359E-02,  3.69375000000000E-02, -6.58823799048756E+00,  2.60830000000007E+02,  2.59519543608284E+02,  2.41587826444809E+02
 2.00083333300000E+03, -6.55196825048079E-03,  6.25625000000000E-02, -6.55027464097403E+00,  2.61010000000007E+02,  2.55747601559020E+02,  2.48620817165823E+02
 2.00091666700000E+03, -8.85864433836563E-02,  2.08125000000000E-02, -6.51238406633409E+00,  2.61190000000007E+02,  3.81216804160410E+02,  4.35689808572493E+02
 2.00100000000000E+03, -1.92432811459433E-01, -6.31875000000000E-02, -6.47456838239619E+00,  2.61370000000007E+02,  3.72000172464003E+02,  5.15503420966505E+02
 2.00108333300000E+03, -2.63388275571209E-01, -1.28562500000000E-01, -6.43682968313639E+00,  2.61550000000007E+02,  3.02169103310809E+02,  4.18154823206362E+02
 2.00116666700000E+03, -2.65630221072067E-01, -1.36125000000000E-01, -6.39917004048574E+00,  2.61730000000007E+02,  2.67524923432554E+02,  4.08218194126967E+02
 2.00125000000000E+03, -2.03232209585318E-01, -1.03687500000000E-01, -6.36159150414076E+00,  2.61910000000007E+02,  2.70178846765617E+02,  4.37529517558040E+02
 2.00133333300000E+03, -1.12253111504754E-01, -5.33125000000000E-02, -6.32409610137722E+00,  2.62090000000007E+02,  3.41805284257613E+02,  4.78952179988927E+02
 2.00141666700000E+03, -3.34006301054313E-02,  4.50000000000000E-03, -6.28668583686682E+00,  2.62270000000007E+02,  3.37211422026937E+02,  3.91874077647563E+02
 2.00150000000000E+03,  1.19779647140811E-02,  5.92500000000000E-02, -6.24936269249735E+00,  2.62450000000007E+02,  3.63028125055858E+02,  4.11394765067535E+02
 2.00158333300000E+03,  5.92756135641263E-02,  1.08187500000000E-01, -6.21212862719578E+00,  2.62630000000007E+02,  3.83996580002671E+02,  4.47968928616394E+02
 2.00166666700000E+03,  1.02588632720323E-01,  1.49875000000000E-01,  2.38029394994977E+00,  2.62810000000007E+02,  4.78668089228950E+02,  5.35787339067506E+02
 2.00175000000000E+03,  6.92531820948851E-02,  1.83312500000000E-01,  2.34172525626412E+00,  2.62990000000007E+02,  3.09640295922295E+02,  3.46285081846277E+02
 2.00183333300000E+03,  2.17241436164150E-03,  2.11687500000000E-01,  2.30290321528228E+00,  2.63170000000007E+02,  3.04311909988864E+02,  3.50179701287013E+02
 2.00191666700000E+03, -1.29642376988606E-02,  2.25562500000000E-01,  2.26383020831597E+00,  2.63350000000007E+02,  2.46573199541931E+02,  2.92924722928105E+02
 2.00200000000000E+03,  2.44284251394415E-02,  1.95062500000000E-01,  2.22450864249296E+00,  2.63530000000007E+02,  2.38190347279907E+02,  3.17345262310598E+02
 2.00208333300000E+03,  7.07772776402461E-02,  1.52500000000000E-01,  2.18494095054943E+00,  2.63710000000007E+02,  1.69842168724662E+02,  2.85163854078876E+02
 2.00216666700000E+03,  8.03401310543790E-02,  1.72937500000000E-01,  2.14512959061935E+00,  2.63890000000007E+02,  1.40680390097144E+02,  2.63924923418279E+02
 2.00225000000000E+03,  4.42383000534897E-02,  2.06750000000000E-01,  2.10507704602100E+00,  2.64070000000007E+02,  1.50185131980098E+02,  3.03961363573410E+02
 2.00233333300000E+03, -7.98401752605494E-03,  1.76187500000000E-01,  2.06478582504052E+00,  2.64250000000008E+02,  1.74376541560168E+02,  3.44712536113012E+02
 2.00241666700000E+03, -4.01135124652836E-02,  1.35000000000000E-01,  2.02425846071264E+00,  2.64430000000008E+02,  1.73744105792129E+02,  2.86537069780795E+02
 2.00250000000000E+03, -3.87877386819084E-02,  1.22187500000000E-01,  1.98349751059854E+00,  2.64610000000008E+02,  1.42039542310460E+02,  1.90244458535935E+02
 2.00258333300000E+03,  4.06607496712877E-02,  8.37500000000000E-02,  1.94250555656083E+00,  2.64790000000008E+02,  1.04110779950002E+02,  1.38005018282615E+02
 2.00266666700000E+03,  1.71693428037793E-01,  1.37500000000000E-03,  3.63701055522398E+00,  2.64970000000008E+02,  1.17628714280717E+02,  2.12887540612574E+02
 2.00275000000000E+03,  2.23248873624354E-01, -3.96875000000000E-02,  3.62332644139185E+00,  2.65150000000008E+02,  2.65280408761695E+02,  3.68125150231034E+02
 2.00283333300000E+03,  2.03228196133619E-01,  4.71250000000000E-02,  3.60966285024724E+00,  2.65330000000008E+02,  3.21847982989449E+02,  5.16844788372051E+02
 2.00291666700000E+03,  1.82249844649211E-01,  1.92500000000000E-01,  3.59601821009239E+00,  2.65510000000008E+02,  3.57708730029339E+02,  5.76183428336745E+02
 2.00300000000000E+03,  1.65642857102342E-01,  2.61500000000000E-01,  3.58239094040851E+00,  2.65690000000008E+02,  3.57112721327151E+02,  5.70794970093578E+02
 2.00308333300000E+03,  1.52842994800459E-01,  2.51500000000000E-01,  3.56877945213227E+00,  2.65870000000008E+02,  3.44858115166125E+02,  4.81004683195782E+02
 2.00316666700000E+03,  1.40274690361408E-01,  2.30750000000000E-01,  3.55518214793360E+00,  2.66050000000008E+02,  2.66714488421927E+02,  3.74186296237118E+02
 2.00325000000000E+03,  1.27288712156980E-01,  2.08562500000000E-01,  3.54159742249457E+00,  2.66230000000008E+02,  2.46002625308936E+02,  3.22633738483065E+02
 2.00333333300000E+03,  1.18537064228212E-01,  1.58125000000000E-01,  3.52802366278945E+00,  2.66410000000008E+02,  2.27481476751906E+02,  2.84355155020510E+02
 2.00341666700000E+03,  1.19871593712731E-01,  7.92500000000000E-02,  3.51445924836579E+00,  2.66590000000008E+02,  2.24183325914408E+02,  2.82703213616820E+02
 2.00350000000000E+03,  1.31657197389456E-01,  1.60625000000000E-02,  3.50090255162665E+00,  2.66770000000008E+02,  2.57209648464811E+02,  2.57806094131108E+02
 2.00358333300000E+03,  1.04580365051423E-01,  2.34375000000000E-02,  3.48735193811375E+00,  2.66950000000008E+02,  1.75753550909550E+02,  1.78654646942702E+02
 2.00366666700000E+03,  3.42333819642387E-02,  8.88750000000000E-02,  4.43311608977753E+00,  2.67130000000008E+02,  1.76479742985224E+02,  1.28167218289306E+02
 2.00375000000000E+03,  5.00473383198030E-03,  1.14562500000000E-01,  4.41860222175194E+00,  2.67310000000008E+02,  2.58365880454089E+02,  1.51136248595460E+02
 2.00383333300000E+03,  1.47406248967396E-02,  5.68750000000000E-02,  4.40374048919938E+00,  2.67490000000008E+02,  2.74084776833913E+02,  1.59606811090612E+02
 2.00391666700000E+03,  2.45562445812051E-02,  2.00000000000000E-03,  4.38853095115601E+00,  2.67670000000008E+02,  2.72304427635201E+02,  3.06181793152679E+02
 2.00400000000000E+03,  4.01458537879431E-02, -1.13125000000000E-02,  4.37297369842549E+00,  2.67850000000008E+02,  2.99092776347762E+02,  3.42403536409791E+02
 2.00408333300000E+03,  5.98285393029532E-02, -3.85000000000000E-02,  4.35706885363433E+00,  2.68030000000008E+02,  2.64264580123362E+02,  3.37563947877193E+02
 2.00416666700000E+03,  7.82414826424653E-02, -4.85625000000000E-02,  4.34081657128371E+00,  2.68210000000008E+02,  1.73298266604794E+02,  3.16648477461708E+02
 2.00425000000000E+03,  9.31159148006721E-02,  2.31250000000000E-03,  4.32421703779775E+00,  2.68390000000008E+02,  1.86171656765831E+02,  3.28656271705738E+02
 2.00433333300000E+03,  1.07829831760123E-01,  3.22500000000000E-02,  4.30727047156818E+00,  2.68570000000008E+02,  1.51902995204351E+02,  1.69124373078434E+02
 2.00441666700000E+03,  1.27018319854487E-01, -2.75000000000000E-03,  4.28997712299544E+00,  2.68750000000008E+02,  1.15372542416168E+02,  1.19732539003353E+02
 2.00450000000000E+03,  1.49912914347034E-01, -2.73125000000000E-02,  4.27233727452620E+00,  2.68930000000008E+02,  8.08329867829282E+01,  6.24085282002744E+01
 2.00458333300000E+03,  2.08496873421987E-01, -9.93750000000000E-03,  4.25435124068728E+00,  2.69110000000008E+02,  1.06585268177663E+02,  8.88248446885873E+01
 2.00466666700000E+03,  2.88505332987347E-01,  6.37500000000000E-03, -1.11730701410707E+00,  2.69290000000008E+02,  1.09149236946512E+02,  6.74543018736863E+01
 2.00475000000000E+03,  3.02308350380349E-01,  3.31250000000000E-02, -1.14434725960305E+00,  2.69470000000008E+02,  1.54482513084482E+02,  1.04975870589610E+02
 2.00483333300000E+03,  2.61764649015887E-01,  1.01937500000000E-01, -1.17172428222306E+00,  2.69650000000008E+02,  2.87121343332059E+02,  2.37506217528415E+02
 2.00491666700000E+03,  2.23334607982869E-01,  1.89125000000000E-01, -1.19943682637352E+00,  2.69830000000008E+02,  2.94651117728666E+02,  2.43134178623616E+02
 2.00500000000000E+03,  1.92742177872095E-01,  2.95250000000000E-01, -1.22748360284365E+00,  2.70010000000008E+02,  3.06971634069821E+02,  2.20244922276058E+02
 2.00508333300000E+03,  1.66483803291447E-01,  3.90250000000000E-01, -1.25586328888440E+00,  2.70190000000008E+02,  2.66651304620897E+02,  2.28357573307455E+02
 2.00516666700000E+03,  1.39292445889725E-01,  3.65375000000000E-01, -1.28457452829131E+00,  2.70370000000008E+02,  2.34460364302486E+02,  2.28619653639662E+02
 2.00525000000000E+03,  1.12891399309431E-01,  2.50250000000000E-01, -1.31361593149133E+00,  2.70550000000008E+02,  1.05561475773541E+02,  1.04467415065835E+02
 2.00533333300000E+03,  9.66571197987704E-02,  1.98750000000000E-01, -1.34298607563354E+00,  2.70730000000008E+02,  1.05381789531573E+02,  1.41144818922912E+02
 2.00541666700000E+03,  9.80698742081188E-02,  2.35562500000000E-01, -1.37268350468374E+00,  2.70910000000008E+02,  1.39980028621268E+02,  2.39353371406484E+02
 2.00550000000000E+03,  1.11043338304416E-01,  2.88375000000000E-01, -1.40270672952302E+00,  2.71090000000008E+02,  2.00932559625908E+02,  2.73975373091061E+02
 2.00558333300000E+03,  1.65338442376951E-01,  3.30250000000000E-01, -1.43305422805013E+00,  2.71270000000008E+02,  1.63193800044333E+02,  2.27848083835758E+02
 2.00566666700000E+03,  2.41789424260165E-01,  3.32937500000000E-01, -4.93952353081035E+00,  2.71450000000008E+02,  1.73487259068035E+02,  2.42792121346115E+02
 2.00575000000000E+03,  2.19935458523641E-01,  2.46625000000000E-01, -4.98880709009231E+00,  2.71630000000008E+02,  1.87764839151488E+02,  2.00131997740773E+02
 2.00583333300000E+03,  1.05766109863611E-01,  9.25625000000000E-02, -5.03817896081483E+00,  2.71810000000008E+02,  1.42804709342083E+02,  1.17855963604883E+02
 2.00591666700000E+03,  1.66983198552967E-02, -3.77500000000000E-02, -5.08763553303591E+00,  2.71990000000008E+02,  1.53726235668175E+02,  2.43613585090098E+02
 2.00600000000000E+03,  2.14182223434182E-03, -7.01875000000000E-02, -5.13717318586257E+00,  2.72170000000008E+02,  1.86739336671738E+02,  2.53327418326822E+02
 2.00608333300000E+03,  3.76859224420081E-02, -3.07500000000000E-02, -5.18678828780744E+00,  2.72350000000008E+02,  1.95932263935449E+02,  2.80398294840336E+02
 2.00616666700000E+03,  8.12232169274386E-02, -2.18750000000000E-03, -5.23647719714653E+00,  2.72530000000008E+02,  1.99964947084186E+02,  3.15196685615299E+02
 2.00625000000000E+03,  1.15968612478438E-01,  1.59375000000000E-02, -5.28623626227826E+00,  2.72710000000008E+02,  1.70137536637852E+02,  2.84117075867630E+02
 2.00633333300000E+03,  1.36881711663153E-01,  3.53125000000000E-02, -5.33606182208379E+00,  2.72890000000008E+02,  1.01594472538082E+02,  1.17962527738711E+02
 2.00641666700000E+03,  1.36715223211820E-01,  4.31250000000000E-03, -5.38595020628842E+00,  2.73070000000008E+02,  9.79722070634985E+01,  1.23181802759535E+02
 2.00650000000000E+03,  1.28544979101677E-01, -8.35625000000000E-02, -5.43589773582430E+00,  2.73250000000008E+02,  8.25240484696428E+01,  7.63817750123852E+01
 2.00658333300000E+03,  9.12962795633526E-02, -2.07812500000000E-01, -5.48590072319399E+00,  2.73430000000008E+02,  8.11534172692455E+01,  7.32368586859000E+01
 2.00666666700000E+03, -7.08922674929797E-03, -3.34750000000000E-01,  3.29945147897883E+00,  2.73610000000008E+02,  9.84688181632016E+01,  8.17435247869231E+01
 2.00675000000000E+03, -1.11066500106985E-01, -3.49125000000000E-01,  3.26833976433339E+00,  2.73790000000008E+02,  1.34287866984517E+02,  1.61871092006964E+02
 2.00683333300000E+03, -1.69685144979651E-01, -1.96625000000000E-01,  3.23692180383422E+00,  2.73970000000008E+02,  1.45018994634654E+02,  1.54026016726913E+02
 2.00691666700000E+03, -1.74427547208447E-01, -5.75000000000000E-03,  3.20519923272526E+00,  2.74150000000008E+02,  1.34129508188423E+02,  1.61509633949535E+02
 2.00700000000000E+03, -1.25849206213575E-01,  8.86875000000000E-02,  3.17317371641164E+00,  2.74330000000008E+02,  1.13846568469779E+02,  1.41651501400645E+02
 2.00708333300000E+03, -5.32788317439229E-02,  8.18750000000000E-02,  3.14084695033706E+00,  2.74510000000008E+02,  9.27659810152038E+01,  1.40968433645611E+02
 2.00716666700000E+03,  1.66373279325110E-03,  3.33125000000000E-02,  3.10822065985769E+00,  2.74690000000008E+02,  1.06050169733818E+02,  1.48177519035828E+02
 2.00725000000000E+03,  1.12964329504123E-02,  1.25000000000000E-02,  3.07529660011272E+00,  2.74870000000008E+02,  6.47588453830316E+01,  1.41717474356448E+02
 2.00733333300000E+03, -2.09731977695780E-02,  4.74375000000000E-02,  3.04207655589147E+00,  2.75050000000008E+02,  9.14278112605875E+01,  1.30780959224431E+02
 2.00741666700000E+03, -6.61723232430146E-02,  6.87500000000000E-02,  3.00856234149710E+00,  2.75230000000008E+02,  1.14304744228970E+02,  1.58819453760894E+02
 2.00750000000000E+03, -9.33503716022560E-02,  1.03750000000000E-02,  2.97475580060699E+00,  2.75410000000008E+02,  1.94707378265586E+02,  1.91830616063296E+02
 2.00758333300000E+03, -7.81003038871267E-02, -8.36875000000000E-02,  2.94065880612970E+00,  2.75590000000008E+02,  2.85878719614543E+02,  2.48310796621782E+02
 2.00766666700000E+03, -4.14977646016322E-02, -1.47875000000000E-01,  4.96198089237684E+00,  2.75770000000008E+02,  3.09782846317036E+02,  2.92459409228460E+02
 2.00775000000000E+03, -4.06277700227555E-02, -1.60437500000000E-01,  4.94255744636254E+00,  2.75950000000008E+02,  2.85697874457513E+02,  3.16959932871641E+02
 2.00783333300000E+03, -7.71220042263158E-02, -1.21687500000000E-01,  4.92323067085287E+00,  2.76130000000008E+02,  2.87660887507510E+02,  3.04540228950197E+02
 2.00791666700000E+03, -1.20903226141633E-01, -8.84375000000000E-02,  4.90400048989305E+00,  2.76310000000008E+02,  4.81772572245075E+02,  4.37552701283010E+02
 2.00800000000000E+03, -1.59202556731772E-01, -1.45625000000000E-01,  4.88486680312311E+00,  2.76490000000008E+02,  3.45961030514895E+02,  3.22165308119745E+02
 2.00808333300000E+03, -1.85369648764466E-01, -2.80812500000000E-01,  4.86582948585175E+00,  2.76670000000008E+02,  3.29710457960200E+02,  2.98740865644786E+02
 2.00816666700000E+03, -1.97046867122232E-01, -3.80687500000000E-01,  4.84688838913370E+00,  2.76850000000008E+02,  3.66260575191714E+02,  2.84325933582881E+02
 2.00825000000000E+03, -1.91293526822001E-01, -3.97187500000000E-01,  4.82804333985033E+00,  2.77030000000008E+02,  3.85622717278395E+02,  3.29093781490582E+02
 2.00833333300000E+03, -1.63361849283235E-01, -3.88437500000000E-01,  4.80929414079357E+00,  2.77210000000008E+02,  2.45761793343201E+02,  2.99404182207245E+02
 2.00841666700000E+03, -1.11434192459087E-01, -3.73437500000000E-01,  4.79064057075317E+00,  2.77390000000008E+02,  2.80408695139866E+02,  3.98152309888771E+02
 2.00850000000000E+03, -4.26374103029994E-02, -3.01250000000000E-01,  4.77208238460722E+00,  2.77570000000008E+02,  2.77374404103909E+02,  3.76529313572871E+02
 2.00858333300000E+03, -1.13684218860340E-02, -1.60125000000000E-01,  4.75361931341597E+00,  2.77750000000008E+02,  2.39164987049933E+02,  3.66671789944673E+02
 2.00866666700000E+03, -4.30702783975020E-02, -2.62500000000000E-02, -2.06512899400780E+00,  2.77930000000008E+02,  2.00588469321119E+02,  3.08986359959453E+02
 2.00875000000000E+03, -7.93070943005830E-02,  2.74375000000000E-02, -2.11431796982298E+00,  2.78110000000008E+02,  7.80905503321403E+01,  1.52074282591910E+02
 2.00883333300000E+03, -1.09253626645559E-01,  1.13750000000000E-02, -2.16345183148967E+00,  2.78290000000008E+02,  1.44301301370514E+02,  1.47879671541794E+02
 2.00891666700000E+03, -1.35307178750032E-01, -3.45000000000000E-02, -2.21252699176372E+00,  2.78470000000008E+02,  2.36716865954133E+02,  1.84576098940376E+02
 2.00900000000000E+03, -1.05080683578741E-01, -8.21875000000000E-02, -2.26153986667618E+00,  2.78650000000008E+02,  2.68891095768544E+02,  2.03705363353377E+02
 2.00908333300000E+03,  7.73617079122383E-03, -1.04812500000000E-01, -2.31048687587983E+00,  2.78830000000008E+02,  2.75676913740279E+02,  2.06468222243688E+02
 2.00916666700000E+03,  1.51532262270743E-01, -1.03625000000000E-01, -2.35936444299528E+00,  2.79010000000008E+02,  2.77047987392729E+02,  2.15690403955880E+02
 2.00925000000000E+03,  2.32725545535385E-01, -8.69375000000000E-02, -2.40816899595671E+00,  2.79190000000008E+02,  1.78428118830121E+02,  1.04275263036479E+02
 2.00933333300000E+03,  2.16520420282166E-01, -6.93749999999999E-03, -2.45689696735713E+00,  2.79370000000008E+02,  1.75078471345809E+02,  1.70156897917389E+02
 2.00941666700000E+03,  1.68138785742975E-01,  1.55437500000000E-01, -2.50554479479327E+00,  2.79550000000008E+02,  1.68177298268289E+02,  1.63264567151539E+02
 2.00950000000000E+03,  1.75583429129727E-01,  2.99562500000000E-01, -2.55410892120988E+00,  2.79730000000008E+02,  1.59651408322619E+02,  1.52460207710470E+02
 2.00958333300000E+03,  2.59336036462749E-01,  3.37437500000000E-01, -2.60258579524351E+00,  2.79910000000008E+02,  1.53277503509023E+02,  1.54169684997628E+02
 2.00966666700000E+03,  3.42717375021158E-01,  3.08875000000000E-01,  3.70265426401159E+00,  2.80090000000008E+02,  1.46625892742343E+02,  1.50908239632141E+02
 2.00975000000000E+03,  3.51150197296750E-01,  2.80812500000000E-01,  3.67599239477152E+00,  2.80270000000008E+02,  7.54453953183111E+01,  1.26656890614717E+02
 2.00983333300000E+03,  3.15600961362645E-01,  2.57000000000000E-01,  3.64900458507016E+00,  2.80450000000008E+02,  1.30362455712682E+02,  2.90361030265082E+02
 2.00991666700000E+03,  2.82630170231985E-01,  2.43812500000000E-01,  3.62169203620739E+00,  2.80630000000008E+02,  2.28740392925230E+02,  3.97858025649746E+02
 2.01000000000000E+03,  2.56164740298735E-01,  2.71312500000000E-01,  3.59405598099638E+00,  2.80810000000008E+02,  2.64935570827981E+02,  4.67107663739405E+02
 2.01008333300000E+03,  2.31936155410207E-01,  3.00687500000000E-01,  3.56609768369021E+00,  2.80990000000008E+02,  2.69444238120420E+02,  4.60829224976094E+02
 2.01016666700000E+03,  2.06231312017230E-01,  2.89812500000000E-01,  3.53781843990493E+00,  2.81170000000008E+02,  2.76464071134934E+02,  3.88020526363362E+02
 2.01025000000000E+03,  1.83435098973467E-01,  2.96125000000000E-01,  3.50921957653907E+00,  2.81350000000008E+02,  1.96401533119164E+02,  2.19538891405742E+02
 2.01033333300000E+03,  1.73782330978868E-01,  3.35312500000000E-01,  3.48030245168952E+00,  2.81530000000008E+02,  1.19749079700187E+02,  1.18550230024331E+02
 2.01041666700000E+03,  1.82753532180231E-01,  3.38937500000000E-01,  3.45106845456396E+00,  2.81710000000008E+02,  1.16342981834168E+02,  7.94437095859157E+01
 2.01050000000000E+03,  2.01777795587472E-01,  2.94437500000000E-01,  3.42151900538967E+00,  2.81890000000008E+02,  1.11945001529566E+02,  9.43982425186727E+01
 2.01058333300000E+03,  1.33439681271968E-01,  2.51500000000000E-01,  3.39165555531887E+00,  2.82070000000008E+02,  8.45562108445421E+01,  9.00819015938426E+01
 2.01066666700000E+03, -3.21459040314880E-02,  2.52500000000000E-01,  9.41461366253824E+00,  2.82250000000008E+02,  1.52135022537190E+02,  1.46049632710464E+02
 2.01075000000000E+03, -1.32401392578537E-01,  2.66437500000000E-01,  9.40532806417520E+00,  2.82430000000008E+02,  1.31048162550250E+02,  1.64149924514319E+02
 2.01083333300000E+03, -1.58793435905226E-01,  1.85812500000000E-01,  9.39576879339693E+00,  2.82610000000008E+02,  1.15331238713736E+02,  1.90236225187344E+02
 2.01091666700000E+03, -1.81551434068712E-01, -2.13125000000000E-02,  9.38593784408320E+00,  2.82790000000008E+02,  2.18285682648791E+02,  3.18296492962395E+02
 2.01100000000000E+03, -1.94749526407808E-01, -2.41187500000000E-01,  9.37583722830272E+00,  2.82970000000008E+02,  2.32043937062291E+02,  3.16000973141473E+02
 2.01108333300000E+03, -1.99663082253858E-01, -3.71375000000000E-01,  9.36546897602459E+00,  2.83150000000008E+02,  2.06882724695672E+02,  3.34879095180711E+02
 2.01116666700000E+03, -2.01042936422237E-01, -3.99625000000000E-01,  9.35483513482801E+00,  2.83330000000008E+02,  2.17428042945852E+02,  3.55726612251013E+02
 2.01125000000000E+03, -2.00367553205150E-01, -3.28062500000000E-01,  9.34393776961040E+00,  2.83510000000008E+02,  2.31792321305332E+02,  3.28289887361189E+02
 2.01133333300000E+03, -1.93381129424220E-01, -2.10937500000000E-01,  9.33277896229383E+00,  2.83690000000008E+02,  1.58752911007744E+02,  3.11233434831429E+02
 2.01141666700000E+03, -1.74669180270753E-01, -1.59500000000000E-01,  9.32136081152995E+00,  2.83870000000008E+02,  1.98633549914803E+02,  4.13122701998243E+02
 2.01150000000000E+03, -1.44643970734902E-01, -1.81125000000000E-01,  9.30968543240326E+00,  2.84050000000008E+02,  1.61450636254233E+02,  3.51446562145630E+02
 2.01158333300000E+03, -1.11154121865081E-01, -1.94125000000000E-01,  9.29775495613297E+00,  2.84230000000008E+02,  1.47006565719071E+02,  2.99014221466952E+02
 2.01166666700000E+03, -8.67968730988282E-02, -1.77500000000000E-01, -2.23988342127013E+00,  2.84410000000008E+02,  1.05855118100127E+02,  2.62220463732798E+02
 2.01175000000000E+03, -7.83416596941890E-02, -1.37500000000000E-01, -2.25033820348417E+00,  2.84590000000008E+02,  7.93824104159010E+01,  1.93831566367309E+02
 2.01183333300000E+03, -7.78233159149896E-02, -6.48750000000000E-02, -2.26041757246338E+00,  2.84770000000008E+02,  2.65348844873329E+01,  1.04098507288702E+02
 2.01191666700000E+03, -7.32907100892525E-02, -1.55625000000000E-02, -2.27012010642268E+00,  2.84950000000008E+02,  1.23156889494209E+02,  2.32056422962242E+02
 2.01200000000000E+03, -5.96524773134038E-02, -5.35000000000000E-02, -2.27944441388013E+00,  2.85130000000008E+02,  1.25107915671939E+02,  2.55991229493065E+02
 2.01208333300000E+03, -3.90203543147748E-02, -1.20562500000000E-01, -2.28838913385049E+00,  2.85310000000008E+02,  1.42016857308567E+02,  2.67626599665093E+02
 2.01216666700000E+03, -1.68072177739964E-02, -9.10000000000000E-02, -2.29695293603528E+00,  2.85490000000008E+02,  1.45186120098469E+02,  2.54401865391099E+02
 2.01225000000000E+03,  5.12296965353116E-03,  4.69375000000000E-02, -2.30513452100971E+00,  2.85670000000008E+02,  2.23351261204030E+02,  3.73964681015908E+02
 2.01233333300000E+03,  3.08909134771595E-02,  1.11187500000000E-01, -2.31293262040613E+00,  2.85850000000008E+02,  1.65661916152736E+02,  3.29985810723071E+02
 2.01241666700000E+03,  6.58904430610784E-02, -2.93750000000000E-02, -2.32034599709418E+00,  2.86030000000008E+02,  2.65638529393412E+02,  4.80057294359286E+02
 2.01250000000000E+03,  1.09648653942332E-01, -2.16375000000000E-01, -2.32737344535749E+00,  2.86210000000008E+02,  2.70534626664325E+02,  4.64789678504553E+02
 2.01258333300000E+03,  1.30180452875532E-01, -2.31062500000000E-01, -2.33401379106698E+00,  2.86390000000008E+02,  3.57343439866765E+02,  5.11765909496314E+02
 2.01266666700000E+03,  1.07186409645274E-01, -8.65000000000000E-02,  6.97091752271600E+00,  2.86570000000008E+02,  3.61422095700205E+02,  4.56117504764524E+02
 2.01275000000000E+03,  6.33957133133879E-02,  5.36875000000000E-02,  7.01110625943030E+00,  2.86750000000008E+02,  3.33070442994878E+02,  3.57014299242505E+02
 2.01283333300000E+03,  5.85199315239662E-03,  9.85000000000000E-02,  7.05104532524676E+00,  2.86930000000008E+02,  2.27789089469461E+02,  2.17387359370544E+02
 2.01291666700000E+03, -4.10452244268906E-02,  9.48750000000000E-02,  7.09073221256122E+00,  2.87110000000008E+02,  2.38522638282335E+02,  2.90259255985933E+02
 2.01300000000000E+03, -3.16300681733667E-02,  9.79375000000000E-02,  7.13016444060461E+00,  2.87290000000008E+02,  1.49603410320355E+02,  1.95826392147722E+02
 2.01308333300000E+03,  3.34106985732749E-02,  1.01250000000000E-01,  7.16933955565602E+00,  2.87470000000008E+02,  8.97193274958325E+01,  1.21314774632406E+02
 2.01316666700000E+03,  1.05409559635539E-01,  1.24062500000000E-01,  7.20825513125275E+00,  2.87650000000008E+02,  1.30643028759612E+02,  1.95190229662548E+02
 2.01325000000000E+03,  1.27916444371973E-01,  1.89187500000000E-01,  7.24690876839696E+00,  2.87830000000008E+02,  1.68702844943638E+02,  1.87062820280983E+02
 2.01333333300000E+03,  8.24721180490087E-02,  2.41062500000000E-01,  7.28529809575913E+00,  2.88010000000008E+02,  1.37242651850354E+02,  1.18485862297337E+02
 2.01341666700000E+03,  4.26383926626660E-04,  2.18312500000000E-01,  7.32342076987820E+00,  2.88190000000008E+02,  1.90007687442347E+02,  1.93029789661316E+02
 2.01350000000000E+03, -6.59058340717691E-02,  1.53312500000000E-01,  7.36127447535851E+00,  2.88370000000008E+02,  1.83593695771364E+02,  2.18357337154088E+02
 2.01358333300000E+03, -1.86660723952570E-02,  1.23062500000000E-01,  7.39885692506323E+00,  2.88550000000008E+02,  1.54346006979479E+02,  1.68060254264685E+02
 2.01366666700000E+03,  1.24156197762915E-01,  1.32375000000000E-01,  9.53444317454631E+00,  2.88730000000008E+02,  1.36513881362004E+02,  1.52069154471940E+02
 2.01375000000000E+03,  1.92128223870775E-01,  1.16750000000000E-01,  9.53053437980564E+00,  2.88910000000008E+02,  1.99809293228900E+02,  2.13326713927762E+02
 2.01383333300000E+03,  1.79853489114629E-01,  5.50000000000000E-02,  9.52631876167586E+00,  2.89090000000008E+02,  1.93913264500902E+02,  1.76652932479812E+02
 2.01391666700000E+03,  1.66020868349285E-01,  1.02500000000000E-02,  9.52179792944939E+00,  2.89270000000008E+02,  3.59392433949202E+02,  2.74985158953161E+02
 2.01400000000000E+03,  1.54871666970529E-01,  2.12500000000000E-02,  9.51697351557844E+00,  2.89450000000008E+02,  3.34982501625030E+02,  2.48023359046068E+02
 2.01408333300000E+03,  1.44713374221336E-01,  5.21875000000000E-02,  9.51184717542401E+00,  2.89630000000008E+02,  4.00216686648542E+02,  3.27868823083518E+02
 2.01416666700000E+03,  1.31919462575088E-01,  9.36875000000000E-02,  9.50642058700263E+00,  2.89810000000008E+02,  4.16348728325775E+02,  3.76161001959392E+02
 2.01425000000000E+03,  1.16793602133844E-01,  1.65000000000000E-01,  9.50069545073080E+00,  2.89990000000008E+02,  3.71448228830079E+02,  3.38679732548099E+02
 2.01433333300000E+03,  1.04750446152715E-01,  2.40375000000000E-01,  9.49467348916713E+00,  2.90170000000008E+02,  1.95952881083245E+02,  2.19538710760950E+02
 2.01441666700000E+03,  1.01113482300091E-01,  2.95250000000000E-01,  9.48835644675221E+00,  2.90350000000008E+02,  1.92525322125517E+02,  2.28101525290496E+02
 2.01450000000000E+03,  1.04569269120728E-01,  3.20875000000000E-01,  9.48174608954637E+00,  2.90530000000008E+02,  2.25230980830639E+02,  2.19394517743227E+02
 2.01458333300000E+03,  1.63828498501427E-01,  2.79937500000000E-01,  9.47484420496516E+00,  2.90710000000009E+02,  2.09201437161024E+02,  2.07481703804801E+02
 2.01466666700000E+03,  2.65405907449809E-01,  1.91937500000000E-01,  1.76105147502720E+00,  2.90890000000009E+02,  1.98308209481247E+02,  2.37307099551923E+02
 2.01475000000000E+03,  2.75961789182362E-01,  1.55750000000000E-01,  1.80912162654348E+00,  2.91070000000009E+02,  4.03875268392016E+02,  5.15317305820942E+02
 2.01483333300000E+03,  1.98667294862600E-01,  1.77500000000000E-01,  1.85731451991226E+00,  2.91250000000009E+02,  4.43410382033427E+02,  5.61020522981676E+02
 2.01491666700000E+03,  1.29812295196403E-01,  1.75562500000000E-01,  1.90562652949411E+00,  2.91430000000009E+02,  3.41851390038208E+02,  4.88889366243128E+02
 2.01500000000000E+03,  9.61810727415837E-02,  1.62437500000000E-01,  1.95405402085011E+00,  2.91610000000009E+02,  2.98375920021047E+02,  4.47796643088901E+02
 2.01508333300000E+03,  9.68835496762308E-02,  1.87187500000000E-01,  2.00259335110318E+00,  2.91790000000009E+02,  4.68670138553928E+02,  5.95012475617877E+02
 2.01516666700000E+03,  1.28685766331268E-01,  2.18312500000000E-01,  2.05124086930014E+00,  2.91970000000009E+02,  3.31508422842333E+02,  4.41619311441823E+02
 2.01525000000000E+03,  1.78428736326648E-01,  2.29250000000000E-01,  2.09999291677463E+00,  2.92150000000009E+02,  3.00158273378345E+02,  4.33224287349922E+02
 2.01533333300000E+03,  2.09727148554431E-01,  2.35687500000000E-01,  2.14884582751081E+00,  2.92330000000009E+02,  3.01850232903224E+02,  4.39600269112971E+02
 2.01541666700000E+03,  1.94624582253831E-01,  2.35500000000000E-01,  2.19779592850763E+00,  2.92510000000009E+02,  2.81039450239638E+02,  4.03231957822167E+02
 2.01550000000000E+03,  1.60328690755945E-01,  2.15625000000000E-01,  2.24683954014392E+00,  2.92690000000009E+02,  1.13416366673854E+02,  2.54850604070979E+02
 2.01558333300000E+03,  2.07651842741419E-01,  1.96625000000000E-01,  2.29597297654399E+00,  2.92870000000009E+02,  8.27510745711110E+01,  1.75750032706545E+02
 2.01566666700000E+03,  3.35989331703135E-01,  2.00625000000000E-01,  3.80449465886692E+00,  2.93050000000009E+02,  8.04320233532038E+01,  1.61036658173550E+02
 2.01575000000000E+03,  4.11000273276717E-01,  2.35312500000000E-01,  3.79044214288037E+00,  2.93230000000009E+02,  7.26866331021249E+01,  1.57451178102317E+02
 2.01583333300000E+03,  4.21876555023056E-01,  3.32000000000000E-01,  3.77642833701566E+00,  2.93410000000009E+02,  8.64767967377609E+01,  1.47348822971023E+02
 2.01591666700000E+03,  4.25844222539963E-01,  4.68375000000000E-01,  3.76245179747783E+00,  2.93590000000009E+02,  1.27870126632913E+02,  1.39176420994341E+02
 2.01600000000000E+03,  4.27594013604063E-01,  5.77187500000000E-01,  3.74851106841835E+00,  2.93770000000009E+02,  8.35605750491969E+01,  8.87795159398550E+01
 2.01608333300000E+03,  4.26092874179360E-01,  6.58937500000000E-01,  3.73460468219437E+00,  2.93950000000009E+02,  1.29785302017943E+02,  1.02107341420270E+02
 2.01616666700000E+03,  4.17651908898624E-01,  7.03187500000000E-01,  3.72073115962958E+00,  2.94130000000009E+02,  2.11152650227118E+02,  1.53631352397899E+02
 2.01625000000000E+03,  4.02899369457610E-01,  6.76500000000000E-01,  3.70688901027671E+00,  2.94310000000009E+02,  2.11293595898676E+02,  1.85194997512625E+02
 2.01633333300000E+03,  3.89368605636937E-01,  6.29812500000000E-01,  3.69307673268150E+00,  2.94490000000009E+02,  2.00492473663282E+02,  2.08293786166203E+02
 2.01641666700000E+03,  3.85508783499437E-01,  6.18375000000000E-01,  3.67929281464829E+00,  2.94670000000009E+02,  1.98194971419080E+02,  2.27163173627163E+02
 2.01650000000000E+03,  3.91835848879612E-01,  6.18812500000000E-01,  3.66553573350701E+00,  2.94850000000009E+02,  1.47209296546151E+02,  2.06370003444795E+02
 2.01658333300000E+03,  3.01031815173790E-01,  5.86187500000000E-01,  3.65180395638172E+00,  2.95030000000009E+02,  8.62783011215489E+01,  1.71180482776484E+02
 2.01666666700000E+03,  1.15402974123313E-01,  5.12750000000000E-01,  7.10378523121448E+00,  2.95210000000009E+02,  1.91523967483871E+02,  2.01366753941729E+02
 2.01675000000000E+03,  5.38384215797223E-02,  4.46187500000000E-01,  7.14313280314987E+00,  2.95390000000009E+02,  2.04523075432740E+02,  1.66218897748146E+02
 2.01683333300000E+03,  1.18010186790580E-01,  4.15187500000000E-01,  7.18222245759123E+00,  2.95570000000009E+02,  2.14668781055343E+02,  2.11271822747966E+02
 2.01691666700000E+03,  1.70545228112541E-01,  3.53187500000000E-01,  7.22105177712496E+00,  2.95750000000009E+02,  2.37220346893960E+02,  2.48638980537472E+02
 2.01700000000000E+03,  1.68129943072504E-01,  1.93625000000000E-01,  7.25961837186992E+00,  2.95930000000009E+02,  2.43656551027235E+02,  3.21677576722831E+02
 2.01708333300000E+03,  1.02160412580993E-01, -2.46250000000000E-02,  7.29791987967973E+00,  2.96110000000009E+02,  1.75392552660416E+02,  3.88260484375165E+02
 2.01716666700000E+03,  5.98811106664790E-03, -1.97187500000000E-01,  7.33595396634195E+00,  2.96290000000009E+02,  2.17684935559432E+02,  4.91149297147055E+02
 2.01725000000000E+03, -6.90510639119332E-02, -2.49437500000000E-01,  7.37371832577373E+00,  2.96470000000009E+02,  2.09277503740833E+02,  4.40129498222754E+02
 2.01733333300000E+03, -8.78200268605892E-02, -2.07125000000000E-01,  7.41121068021431E+00,  2.96650000000009E+02,  2.15286231535811E+02,  4.09763024504988E+02
 2.01741666700000E+03, -4.97453044059861E-02, -1.35375000000000E-01,  7.44842878041408E+00,  2.96830000000009E+02,  2.01049837338401E+02,  3.42075341766937E+02
 2.01750000000000E+03,  1.85277847545599E-02, -4.28125000000000E-02,  7.48537040582030E+00,  2.97010000000009E+02,  1.49406300873192E+02,  2.17298530401912E+02
 2.01758333300000E+03,  6.73506285243776E-02,  6.77500000000000E-02,  7.52203336475937E+00,  2.97190000000009E+02,  6.31294252995293E+01,  1.40767760932931E+02
 2.01766666700000E+03,  6.53555034997946E-02,  1.36875000000000E-01, -2.28710789461972E+00,  2.97370000000009E+02,  1.35813551838174E+02,  1.63818919601708E+02
 2.01775000000000E+03,  3.52136539842752E-02,  8.86250000000000E-02, -2.27790005997729E+00,  2.97550000000009E+02,  1.50110443073260E+02,  1.75434910076593E+02
 2.01783333300000E+03,  1.24123168922084E-03, -5.29375000000000E-02, -2.26828570628371E+00,  2.97730000000009E+02,  1.32822773340853E+02,  1.60983279403241E+02
 2.01791666700000E+03, -2.85043089493793E-02, -1.52937500000000E-01, -2.25826507547907E+00,  2.97910000000009E+02,  1.93118533574358E+02,  2.73741385180270E+02
 2.01800000000000E+03, -4.65629078323155E-02, -1.40250000000000E-01, -2.24783844505942E+00,  2.98090000000009E+02,  2.33883599863972E+02,  2.42073742267143E+02
 2.01808333300000E+03, -5.39496038484927E-02, -4.96250000000000E-02, -2.23700612808639E+00,  2.98270000000009E+02,  1.62924124538637E+02,  2.08747670726413E+02
 2.01816666700000E+03, -5.64664284157824E-02,  5.46875000000000E-02, -2.22576847319293E+00,  2.98450000000009E+02,  1.89150934739169E+02,  2.04756368094248E+02
 2.01825000000000E+03, -5.70761568076353E-02,  8.56875000000000E-02, -2.21412586458504E+00,  2.98630000000009E+02,  2.13687322559107E+02,  2.41127232545417E+02
 2.01833333300000E+03, -5.24791203212057E-02,  1.29375000000000E-02, -2.20207872203956E+00,  2.98810000000009E+02,  1.57682499825192E+02,  1.27623992592076E+02
 2.01841666700000E+03, -3.74226367230807E-02, -8.50000000000000E-02, -2.18962750089793E+00,  2.98990000000009E+02,  1.26373585939078E+02,  1.67130760717077E+02
 2.01850000000000E+03, -1.21689447117751E-02, -1.39437500000000E-01, -2.17677269205610E+00,  2.99170000000009E+02,  2.68134113201820E+02,  3.62671850909763E+02
 2.01858333300000E+03,  2.89260781323757E-02, -1.73000000000000E-01, -2.16351482195040E+00,  2.99350000000009E+02,  2.27578317969742E+02,  3.85988042122003E+02
 2.01866666700000E+03,  6.41205288136920E-02, -2.09125000000000E-01,  6.72864786224279E+00,  2.99530000000009E+02,  2.01737599557574E+02,  3.61050696810523E+02
 2.01875000000000E+03,  5.49653947558380E-02, -1.95250000000000E-01,  6.77025838442881E+00,  2.99710000000009E+02,  2.98014166380772E+02,  4.50899742092759E+02
 2.01883333300000E+03,  2.79813510183618E-02, -1.02437500000000E-01,  6.81163457856765E+00,  2.99890000000009E+02,  3.17820310446894E+02,  4.48396612914395E+02
 2.01891666700000E+03,  2.53086967972643E-02, -7.62500000000000E-03,  6.85277378310808E+00,  3.00070000000009E+02,  2.11708387609726E+02,  2.77680161250329E+02
 2.01900000000000E+03,  5.30247363056252E-02,  1.60625000000000E-02,  6.89367336201086E+00,  3.00250000000009E+02,  1.95731472565384E+02,  2.20438325611044E+02
 2.01908333300000E+03,  9.47010610920184E-02,  1.25000000000000E-02,  6.93433070498044E+00,  3.00430000000009E+02,  2.04725996351604E+02,  2.39069720624067E+02
 2.01916666700000E+03,  1.15431956572978E-01,  4.56250000000000E-02,  6.97474322769355E+00,  3.00610000000009E+02,  1.32821500635276E+02,  2.11572344902957E+02
 2.01925000000000E+03,  9.30438276953271E-02,  7.05625000000000E-02,  7.01490837202466E+00,  3.00790000000009E+02,  1.98420714437012E+02,  2.25230679509692E+02
 2.01933333300000E+03,  4.57451727331777E-02,  2.26875000000000E-02,  7.05482360626843E+00,  3.00970000000009E+02,  1.60869444977034E+02,  2.09445685234441E+02
 2.01941666700000E+03,  2.30725003443575E-02, -7.35625000000000E-02,  7.09448642535886E+00,  3.01150000000009E+02,  1.52419355040605E+02,  2.37875948309863E+02
 2.01950000000000E+03,  6.28372701371749E-02, -1.78437500000000E-01,  7.13389435108538E+00,  3.01330000000009E+02,  1.88644836259641E+02,  3.13665774483617E+02
 2.01958333300000E+03,  1.44492855913039E-01, -2.90312500000000E-01,  7.17304493230572E+00,  3.01510000000009E+02,  1.61145126081985E+02,  2.38656611004616E+02
 2.01966666700000E+03,  2.04281413639019E-01, -3.50687500000000E-01,  4.73242861481900E+00,  3.01690000000009E+02,  1.04524306456146E+02,  2.10335954206244E+02
 2.01975000000000E+03,  2.16003980341872E-01, -2.64375000000000E-01,  4.73229124574454E+00,  3.01870000000009E+02,  1.17759201729160E+02,  1.99573104180513E+02
 2.01983333300000E+03,  2.05231905915204E-01, -3.83125000000000E-02,  4.73183141906817E+00,  3.02050000000009E+02,  2.41242795342665E+02,  3.36769987231901E+02
 2.01991666700000E+03,  1.94372095670212E-01,  2.34750000000000E-01,  4.73104794512964E+00,  3.02230000000009E+02,  3.33188793042899E+02,  3.94506493823880E+02
 2.02000000000000E+03,  1.88968681632195E-01,  4.35812500000000E-01,  4.72993966059154E+00,  3.02410000000009E+02,  3.31115541862922E+02,  3.90274910174856E+02
 2.02008333300000E+03,  1.87937966987366E-01,  4.98312500000000E-01,  4.72850542863257E+00,  3.02590000000009E+02,  2.95679313151452E+02,  3.79258989277071E+02
 2.02016666700000E+03,  1.87396854319342E-01,  4.76000000000000E-01,  4.72674413913804E+00,  3.02770000000009E+02,  3.14843962535895E+02,  4.05532457691990E+02
 2.02025000000000E+03,  1.86763879898549E-01,  4.07250000000000E-01,  4.72465470888736E+00,  3.02950000000009E+02,  2.02204018813413E+02,  2.34675382115009E+02
 2.02033333300000E+03,  1.90431196156615E-01,  2.84812500000000E-01,  4.72223608173882E+00,  3.03130000000009E+02,  8.31717492739070E+01,  5.39356789866331E+01
 2.02041666700000E+03,  2.03129973833570E-01,  1.87875000000000E-01,  4.71948722881121E+00,  3.03310000000009E+02,  1.55879168404951E+02,  1.85194748878713E+02
 2.02050000000000E+03,  2.23766087073853E-01,  1.88750000000000E-01,  4.71640714866274E+00,  3.03490000000009E+02,  1.51959633637827E+02,  1.93541812992867E+02
 2.02058333300000E+03,  1.90714389131599E-01,  2.21312500000000E-01,  4.71299486746675E+00,  3.03670000000009E+02,  1.20248908435573E+02,  1.74576710688407E+02
 2.02066666700000E+03,  8.70071061398710E-02,  2.00062500000000E-01,  4.89572817414726E+00,  3.03850000000009E+02,  1.15582440682074E+02,  1.76871702556983E+02
 2.02075000000000E+03,  1.14710971856491E-02,  1.43312500000000E-01,  4.87663610918988E+00,  3.04030000000009E+02,  1.02239648529852E+02,  1.83322721011551E+02
 2.02083333300000E+03, -1.66187224499900E-02,  9.20000000000000E-02,  4.85764035239831E+00,  3.04210000000009E+02,  1.62982086182288E+02,  2.93716614380635E+02
 2.02091666700000E+03, -2.83920228595997E-02,  2.95000000000000E-02,  4.83874074438094E+00,  3.04390000000009E+02,  2.04765846084057E+02,  3.41449588403503E+02
 2.02100000000000E+03, -1.64253453032782E-02, -4.99375000000000E-02,  4.81993710160865E+00,  3.04570000000009E+02,  2.35032597768086E+02,  4.20380888043485E+02
 2.02108333300000E+03,  1.61174339364037E-02, -1.09125000000000E-01,  4.80122921650015E+00,  3.04750000000009E+02,  2.50408118810666E+02,  4.60001732296870E+02
 2.02116666700000E+03,  5.96348952835165E-02, -1.18875000000000E-01,  4.78261685751062E+00,  3.04930000000009E+02,  2.56814693376928E+02,  4.73577366031562E+02
 2.02125000000000E+03,  1.05860633643427E-01, -7.07500000000000E-02,  4.76409976922372E+00,  3.05110000000009E+02,  1.42604502520437E+02,  2.71444618324879E+02
 2.02133333300000E+03,  1.51667237605107E-01,  2.24375000000000E-02,  4.74567767244673E+00,  3.05290000000009E+02,  1.04932087007356E+02,  3.10626454953415E+02
 2.02141666700000E+03,  1.95853293817611E-01,  1.28000000000000E-01,  4.72735026430910E+00,  3.05470000000009E+02,  8.54169150865158E+01,  2.31153774005038E+02
 2.02150000000000E+03,  2.33307729415476E-01,  1.98625000000000E-01,  4.70911721836410E+00,  3.05650000000009E+02,  8.73388093881299E+01,  2.46476647372376E+02
 2.02158333300000E+03,  2.04632621327388E-01,  1.94312500000000E-01,  4.69097818469381E+00,  3.05830000000009E+02,  1.47968812209971E+02,  3.42539941708214E+02
 2.02166666700000E+03,  1.15517473535816E-01,  1.32812500000000E-01,  4.54667290439721E+00,  3.06010000000009E+02,  1.39667981582931E+02,  3.14846413185875E+02
 2.02175000000000E+03,  8.65564363632467E-02,  8.35000000000000E-02,  4.51281709645751E+00,  3.06190000000009E+02,  1.60615428453561E+02,  2.79969587413513E+02
 2.02183333300000E+03,  1.21986730832741E-01,  1.16187500000000E-01,  4.47882218546201E+00,  3.06370000000009E+02,  1.49595606374027E+02,  2.72096404428753E+02
 2.02191666700000E+03,  1.63902993660371E-01,  2.27437500000000E-01,  4.44468938112597E+00,  3.06550000000009E+02,  1.32741046685340E+02,  3.87227701891949E+02
 2.02200000000000E+03,  2.08643782071984E-01,  3.53000000000000E-01,  4.41041992057682E+00,  3.06730000000009E+02,  1.17331875482668E+01,  1.38617001787569E+01
