 1.96200547580006E+03	-1.28216147176085E-01
 1.96200821370009E+03	-1.74288188899666E-01
 1.96201095160012E+03	-1.78258748843513E-01
 1.96201368950015E+03	-1.28882883307114E-01
 1.96201642740018E+03	-2.56987299434545E-02
 1.96201916530022E+03	 1.08122723911592E-01
 1.96202190320025E+03	 2.23135411630334E-01
 1.96202464110028E+03	 2.66236045416553E-01
 1.96202737900031E+03	 2.14697448134668E-01
 1.96203011690034E+03	 9.03786727395256E-02
 1.96203285480037E+03	-5.82668044581933E-02
 1.96203559270040E+03	-1.87343234447109E-01
 1.96203833060043E+03	-2.74778941886872E-01
 1.96204106850046E+03	-3.15845485148605E-01
 1.96204380640049E+03	-3.10978483031712E-01
 1.96204654430052E+03	-2.62617441408017E-01
 1.96204928220055E+03	-1.81372724862481E-01
 1.96205202010058E+03	-8.74750336772952E-02
 1.96205475800062E+03	-4.87325253729360E-04
 1.96205749590065E+03	 7.09798843736710E-02
 1.96206023380068E+03	 1.26181377691924E-01
 1.96206297170071E+03	 1.61851949455208E-01
 1.96206570960074E+03	 1.70653747900611E-01
 1.96206844750077E+03	 1.49379193281750E-01
 1.96207118540080E+03	 1.03225030265356E-01
 1.96207392330083E+03	 4.14402877637077E-02
 1.96207666120086E+03	-2.63654897469825E-02
 1.96207939910089E+03	-8.89426295217772E-02
 1.96208213700092E+03	-1.33364865337623E-01
 1.96208487490095E+03	-1.47512446480588E-01
 1.96208761280098E+03	-1.19422211015152E-01
 1.96209035070101E+03	-3.77837564736634E-02
 1.96209308860105E+03	 9.45637924547404E-02
 1.96209582650108E+03	 2.41469574823566E-01
 1.96209856440111E+03	 3.37594401544645E-01
 1.96210130230114E+03	 3.27171510831656E-01
 1.96210404020117E+03	 2.05909378921875E-01
 1.96210677810120E+03	 2.42363802912097E-02
 1.96210951600123E+03	-1.50409538995084E-01
 1.96211225390126E+03	-2.73940293982197E-01
 1.96211499180129E+03	-3.35247755115434E-01
 1.96211772970132E+03	-3.39504783148246E-01
 1.96212046760135E+03	-2.93174870091630E-01
 1.96212320550138E+03	-2.06035452626962E-01
 1.96212594340141E+03	-9.84914279690924E-02
 1.96212868130145E+03	 3.66173638143213E-03
 1.96213141920148E+03	 8.43094915214367E-02
 1.96213415710151E+03	 1.42446825554762E-01
 1.96213689500154E+03	 1.80851917483201E-01
 1.96213963290157E+03	 1.94638374212321E-01
 1.96214237080160E+03	 1.75549245962087E-01
 1.96214510870163E+03	 1.24304289399805E-01
 1.96214784660166E+03	 5.35611079513997E-02
 1.96215058450169E+03	-1.98471588504131E-02
 1.96215332240172E+03	-8.16627160739487E-02
 1.96215606030175E+03	-1.21654216398371E-01
 1.96215879820178E+03	-1.33642039965124E-01
 1.96216153610181E+03	-1.13135652314131E-01
 1.96216427400185E+03	-5.17411393047848E-02
 1.96216701190188E+03	 5.99571775577558E-02
 1.96216974980191E+03	 2.11721792022300E-01
 1.96217248770194E+03	 3.54377246398601E-01
 1.96217522560197E+03	 4.15281339458781E-01
 1.96217796350200E+03	 3.48125018014709E-01
 1.96218070140203E+03	 1.71396200223128E-01
 1.96218343930206E+03	-4.43725908565134E-02
 1.96218617720209E+03	-2.26540196644244E-01
 1.96218891510212E+03	-3.38023370534107E-01
 1.96219165300215E+03	-3.75822940821258E-01
 1.96219439090218E+03	-3.49235037968275E-01
 1.96219712880221E+03	-2.69426115277184E-01
 1.96219986670224E+03	-1.55346290739444E-01
 1.96220260460228E+03	-3.60252010580306E-02
 1.96220534250231E+03	 6.24066225960922E-02
 1.96220808040234E+03	 1.31032937714261E-01
 1.96221081830237E+03	 1.74972472288032E-01
 1.96221355620240E+03	 1.96935769741044E-01
 1.96221629410243E+03	 1.89524103610663E-01
 1.96221903200246E+03	 1.45390330006762E-01
 1.96222176990249E+03	 7.04340994783364E-02
 1.96222450780252E+03	-1.60691308572539E-02
 1.96222724570255E+03	-9.18007200783155E-02
 1.96222998360258E+03	-1.40369791198484E-01
 1.96223272150261E+03	-1.54587972702344E-01
 1.96223545940264E+03	-1.34986685523559E-01
 1.96223819730268E+03	-8.29418737719644E-02
 1.96224093520271E+03	 6.24178859391703E-03
 1.96224367310274E+03	 1.36136170494455E-01
 1.96224641100277E+03	 2.86361214384582E-01
 1.96224914890280E+03	 4.00716074927556E-01
 1.96225188680283E+03	 4.13316292032078E-01
 1.96225462470286E+03	 2.98183637760578E-01
 1.96225736260289E+03	 9.37105135839567E-02
 1.96226010050292E+03	-1.24044122287417E-01
 1.96226283840295E+03	-2.90990140256095E-01
 1.96226557630298E+03	-3.80637356523431E-01
 1.96226831420301E+03	-3.94084806776909E-01
 1.96227105210304E+03	-3.41650078837280E-01
 1.96227379000308E+03	-2.39733067399038E-01
 1.96227652790311E+03	-1.15638551422178E-01
 1.96227926580314E+03	-1.37437267059691E-03
 1.96228200370317E+03	 8.29205217286097E-02
 1.96228474160320E+03	 1.36531493003220E-01
 1.96228747950323E+03	 1.66946672425810E-01
 1.96229021740326E+03	 1.74001424277732E-01
 1.96229295530329E+03	 1.48676413807834E-01
 1.96229569320332E+03	 8.64777753672110E-02
 1.96229843110335E+03	-1.60375093257790E-03
 1.96230116900338E+03	-9.19345244961303E-02
 1.96230390690341E+03	-1.59945566234233E-01
 1.96230664480344E+03	-1.90087649481189E-01
 1.96230938270347E+03	-1.79024492519370E-01
 1.96231212060351E+03	-1.31808964791411E-01
 1.96231485850354E+03	-5.36786582914624E-02
 1.96231759640357E+03	 5.38403564501799E-02
 1.96232033430360E+03	 1.83316789055201E-01
 1.96232307220363E+03	 3.05010540162820E-01
 1.96232581010366E+03	 3.67302927041903E-01
 1.96232854800369E+03	 3.26204717913494E-01
 1.96233128590372E+03	 1.81329874714509E-01
 1.96233402380375E+03	-1.85850507681193E-02
 1.96233676170378E+03	-2.07455818377954E-01
 1.96233949960381E+03	-3.38747597321248E-01
 1.96234223750384E+03	-3.96146834332742E-01
 1.96234497540387E+03	-3.81945434367817E-01
 1.96234771330391E+03	-3.07698691245464E-01
 1.96235045120394E+03	-1.95615944719404E-01
 1.96235318910397E+03	-7.71196294368083E-02
 1.96235592700400E+03	 2.02287476451104E-02
 1.96235866490403E+03	 8.59180884512789E-02
 1.96236140280406E+03	 1.24612097733268E-01
 1.96236414070409E+03	 1.41837269861368E-01
 1.96236687860412E+03	 1.34053954097968E-01
 1.96236961650415E+03	 9.33110498829204E-02
 1.96237235440418E+03	 1.98650183914797E-02
 1.96237509230421E+03	-7.09978863941028E-02
 1.96237783020424E+03	-1.54129523646188E-01
 1.96238056810427E+03	-2.06325175226072E-01
 1.96238330600431E+03	-2.15196802775502E-01
 1.96238604390434E+03	-1.80116523695663E-01
 1.96238878180437E+03	-1.07457559574970E-01
 1.96239151970440E+03	-6.36487392506070E-03
 1.96239425760443E+03	 1.09972636233494E-01
 1.96239699550446E+03	 2.18721729600051E-01
 1.96239973340449E+03	 2.86094118210315E-01
 1.96240247130452E+03	 2.79100322357436E-01
 1.96240520920455E+03	 1.86620635238047E-01
 1.96240794710458E+03	 3.17751102809394E-02
 1.96241068500461E+03	-1.38526213231452E-01
 1.96241342290464E+03	-2.78607619484907E-01
 1.96241616080467E+03	-3.61294904033787E-01
 1.96241889870471E+03	-3.77841541564282E-01
 1.96242163660474E+03	-3.31917927161636E-01
 1.96242437450477E+03	-2.39082420129197E-01
 1.96242711240480E+03	-1.26507811808468E-01
 1.96242985030483E+03	-2.34405213148216E-02
 1.96243258820486E+03	 5.25952746889111E-02
 1.96243532610489E+03	 9.98376359827420E-02
 1.96243806400492E+03	 1.23379588743819E-01
 1.96244080190495E+03	 1.24464336479417E-01
 1.96244353980498E+03	 9.86542103078270E-02
 1.96244627770501E+03	 4.27848702459066E-02
 1.96244901560504E+03	-3.67121157420140E-02
 1.96245175350507E+03	-1.21618082382287E-01
 1.96245449140510E+03	-1.88479200700503E-01
 1.96245722930514E+03	-2.18822555285095E-01
 1.96245996720517E+03	-2.04195707106331E-01
 1.96246270510520E+03	-1.43985414624844E-01
 1.96246544300523E+03	-4.38036588033635E-02
 1.96246818090526E+03	 7.98975695164585E-02
 1.96247091880529E+03	 1.95730297654103E-01
 1.96247365670532E+03	 2.64702787898908E-01
 1.96247639460535E+03	 2.58346628747341E-01
 1.96247913250538E+03	 1.74369353391467E-01
 1.96248187040541E+03	 3.77158788808640E-02
 1.96248460830544E+03	-1.12880506919514E-01
 1.96248734620547E+03	-2.41990761238380E-01
 1.96249008410550E+03	-3.26599282999179E-01
 1.96249282200554E+03	-3.55165675556611E-01
 1.96249555990557E+03	-3.25041042222363E-01
 1.96249829780560E+03	-2.45069387173138E-01
 1.96250103570563E+03	-1.37934361895430E-01
 1.96250377360566E+03	-3.25955841715201E-02
 1.96250651150569E+03	 5.01223004458298E-02
 1.96250924940572E+03	 1.04458649013298E-01
 1.96251198730575E+03	 1.33245838142451E-01
 1.96251472520578E+03	 1.38100286956712E-01
 1.96251746310581E+03	 1.17139041406107E-01
 1.96252020100584E+03	 6.93594269097054E-02
 1.96252293890587E+03	-5.62135626306595E-04
 1.96252567680590E+03	-7.99963534334892E-02
 1.96252841470594E+03	-1.50166982876537E-01
 1.96253115260597E+03	-1.92844877189043E-01
 1.96253389050600E+03	-1.96644897116062E-01
 1.96253662840603E+03	-1.55979457085090E-01
 1.96253936630606E+03	-6.75044563541711E-02
 1.96254210420609E+03	 6.31257077783907E-02
 1.96254484210612E+03	 2.06561237678951E-01
 1.96254758000615E+03	 3.09575112925069E-01
 1.96255031790618E+03	 3.22331656817433E-01
 1.96255305580621E+03	 2.32855305444712E-01
 1.96255579370624E+03	 7.53926090976837E-02
 1.96255853160627E+03	-9.45946455432020E-02
 1.96256126950630E+03	-2.33111789373191E-01
 1.96256400740633E+03	-3.20257241597079E-01
 1.96256674530637E+03	-3.51160879723147E-01
 1.96256948320640E+03	-3.25051871041136E-01
 1.96257222110643E+03	-2.47173980453185E-01
 1.96257495900646E+03	-1.36692776930229E-01
 1.96257769690649E+03	-2.37697605863887E-02
 1.96258043480652E+03	 6.64248912062413E-02
 1.96258317270655E+03	 1.25759975730562E-01
 1.96258591060658E+03	 1.58118594244549E-01
 1.96258864850661E+03	 1.66179775865411E-01
 1.96259138640664E+03	 1.47250118477746E-01
 1.96259412430667E+03	 1.00044562356166E-01
 1.96259686220670E+03	 3.07835886017192E-02
 1.96259960010673E+03	-4.72817171406692E-02
 1.96260233800677E+03	-1.17346842165720E-01
 1.96260507590680E+03	-1.63518824997146E-01
 1.96260781380683E+03	-1.75912556613039E-01
 1.96261055170686E+03	-1.50662197800236E-01
 1.96261328960689E+03	-8.27203215758409E-02
 1.96261602750692E+03	 3.48995025331921E-02
 1.96261876540695E+03	 1.92756792911963E-01
 1.96262150330698E+03	 3.44380953238836E-01
 1.96262424120701E+03	 4.17988445111950E-01
 1.96262697910704E+03	 3.64150591831490E-01
 1.96262971700707E+03	 1.96272795418367E-01
 1.96263245490710E+03	-1.81686986141866E-02
 1.96263519280713E+03	-2.05858192518962E-01
 1.96263793070717E+03	-3.26938546363644E-01
 1.96264066860720E+03	-3.75500185206932E-01
 1.96264340650723E+03	-3.57735326920616E-01
 1.96264614440726E+03	-2.81170801468344E-01
 1.96264888230729E+03	-1.62704426085875E-01
 1.96265162020732E+03	-3.40760032331012E-02
 1.96265435810735E+03	 7.15283768395250E-02
 1.96265709600738E+03	 1.39071311304794E-01
 1.96265983390741E+03	 1.73723367817833E-01
 1.96266257180744E+03	 1.84163422546067E-01
 1.96266530970747E+03	 1.69619493215494E-01
 1.96266804760750E+03	 1.25073987022870E-01
 1.96267078550753E+03	 5.37681164362618E-02
 1.96267352340756E+03	-2.95190716450338E-02
 1.96267626130760E+03	-1.04933415545358E-01
 1.96267899920763E+03	-1.55106595323424E-01
 1.96268173710766E+03	-1.70507202186350E-01
 1.96268447500769E+03	-1.50873311300832E-01
 1.96268721290772E+03	-9.79912991500212E-02
 1.96268995080775E+03	-5.35119144156439E-03
 1.96269268870778E+03	 1.35463636185583E-01
 1.96269542660781E+03	 3.06529146013716E-01
 1.96269816450784E+03	 4.45435605867536E-01
 1.96270090240787E+03	 4.73234692843222E-01
 1.96270364030790E+03	 3.54343691120201E-01
 1.96270637820793E+03	 1.29555865008680E-01
 1.96270911610796E+03	-1.13050180355664E-01
 1.96271185400800E+03	-2.98139318850097E-01
 1.96271459190803E+03	-3.95806920313160E-01
 1.96271732980806E+03	-4.09132317063901E-01
 1.96272006770809E+03	-3.49618999890883E-01
 1.96272280560812E+03	-2.33365335051743E-01
 1.96272554350815E+03	-9.08777889149817E-02
 1.96272828140818E+03	 3.72209894711383E-02
 1.96273101930821E+03	 1.22706860956481E-01
 1.96273375720824E+03	 1.64502915402036E-01
 1.96273649510827E+03	 1.77138718583389E-01
 1.96273923300830E+03	 1.68251680599776E-01
 1.96274197090833E+03	 1.32679916367553E-01
 1.96274470880836E+03	 6.64011800137729E-02
 1.96274744670840E+03	-2.05128265855068E-02
 1.96275018460843E+03	-1.06068611335544E-01
 1.96275292250846E+03	-1.67505894980336E-01
 1.96275566040849E+03	-1.90729222376541E-01
 1.96275839830852E+03	-1.74435391733663E-01
 1.96276113620855E+03	-1.26388915084217E-01
 1.96276387410858E+03	-5.08936815091464E-02
 1.96276661200861E+03	 5.95770948603072E-02
 1.96276934990864E+03	 2.09630246846121E-01
 1.96277208780867E+03	 3.70315672584013E-01
 1.96277482570870E+03	 4.71902876101578E-01
 1.96277756360873E+03	 4.44828749499380E-01
 1.96278030150876E+03	 2.77246294335873E-01
 1.96278303940880E+03	 3.01964181119036E-02
 1.96278577730883E+03	-2.05846788892078E-01
 1.96278851520886E+03	-3.67182758346031E-01
 1.96279125310889E+03	-4.34859691580468E-01
 1.96279399100892E+03	-4.15407601297675E-01
 1.96279672890895E+03	-3.23206366237305E-01
 1.96279946680898E+03	-1.83907934088268E-01
 1.96280220470901E+03	-3.88225834744685E-02
 1.96280494260904E+03	 7.13017428784939E-02
 1.96280768050907E+03	 1.30432268399873E-01
 1.96281041840910E+03	 1.49996664752241E-01
 1.96281315630913E+03	 1.46660321832857E-01
 1.96281589420916E+03	 1.22677772769930E-01
 1.96281863210919E+03	 7.02351446347824E-02
 1.96282137000923E+03	-1.03333437958369E-02
 1.96282410790926E+03	-1.01886219493443E-01
 1.96282684580929E+03	-1.78311719825083E-01
 1.96282958370932E+03	-2.18053724666324E-01
 1.96283232160935E+03	-2.12961316650320E-01
 1.96283505950938E+03	-1.69074476449500E-01
 1.96283779740941E+03	-9.82512499309102E-02
 1.96284053530944E+03	-5.37304486265688E-03
 1.96284327320947E+03	 1.13655541822767E-01
 1.96284601110950E+03	 2.53166527400480E-01
 1.96284874900953E+03	 3.75536915152976E-01
 1.96285148690956E+03	 4.18509244965171E-01
 1.96285422480959E+03	 3.37967833694671E-01
 1.96285696270963E+03	 1.47909575201107E-01
 1.96285970060966E+03	-8.43972538202208E-02
 1.96286243850969E+03	-2.83180145125004E-01
 1.96286517640972E+03	-4.03457405479467E-01
 1.96286791430975E+03	-4.34550385639508E-01
 1.96287065220978E+03	-3.83448734864698E-01
 1.96287339010981E+03	-2.68435536355747E-01
 1.96287612800984E+03	-1.24145909123115E-01
 1.96287886590987E+03	 4.75719556632458E-03
 1.96288160380990E+03	 8.69987843971370E-02
 1.96288434170993E+03	 1.21073518737376E-01
 1.96288707960996E+03	 1.24553931304468E-01
 1.96288981750999E+03	 1.09416550519100E-01
 1.96289255541003E+03	 7.21438276514119E-02
 1.96289529331006E+03	 6.35210094926719E-03
 1.96289803121009E+03	-8.07730162420644E-02
 1.96290076911012E+03	-1.66615156881263E-01
 1.96290350701015E+03	-2.24950952684372E-01
 1.96290624491018E+03	-2.39101695833711E-01
 1.96290898281021E+03	-2.07515394879159E-01
 1.96291172071024E+03	-1.40080593018328E-01
 1.96291445861027E+03	-4.87047032372638E-02
 1.96291719651030E+03	 5.93338892213401E-02
 1.96291993441033E+03	 1.76704089699303E-01
 1.96292267231036E+03	 2.82970515668572E-01
 1.96292541021039E+03	 3.40165983404473E-01
 1.96292814811042E+03	 3.10390259543153E-01
 1.96293088601046E+03	 1.85111987785078E-01
 1.96293362391049E+03	-1.75256227758154E-03
 1.96293636181052E+03	-1.91687331604813E-01
 1.96293909971055E+03	-3.33493770379495E-01
 1.96294183761058E+03	-4.00750745995641E-01
 1.96294457551061E+03	-3.88235362024287E-01
 1.96294731341064E+03	-3.05073551191226E-01
 1.96295005131067E+03	-1.76413852616020E-01
 1.96295278921070E+03	-4.23784023264164E-02
 1.96295552711073E+03	 5.85257799557197E-02
 1.96295826501076E+03	 1.10525804417777E-01
 1.96296100291079E+03	 1.23165965154161E-01
 1.96296374081082E+03	 1.12538368137851E-01
 1.96296647871086E+03	 8.33589009423280E-02
 1.96296921661089E+03	 3.04308584825068E-02
 1.96297195451092E+03	-4.63785973842453E-02
 1.96297469241095E+03	-1.32392451404723E-01
 1.96297743031098E+03	-2.02823498019434E-01
 1.96298016821101E+03	-2.35809728929119E-01
 1.96298290611104E+03	-2.22153682365919E-01
 1.96298564401107E+03	-1.65217493415694E-01
 1.96298838191110E+03	-7.40308009933477E-02
 1.96299111981113E+03	 4.09267725042654E-02
 1.96299385771116E+03	 1.63781626106524E-01
 1.96299659561119E+03	 2.67438317893700E-01
 1.96299933351122E+03	 3.17570086881440E-01
 1.96300207141126E+03	 2.88733202765334E-01
 1.96300480931129E+03	 1.80877815553911E-01
 1.96300754721132E+03	 2.21684283952822E-02
 1.96301028511135E+03	-1.44254553273560E-01
 1.96301302301138E+03	-2.78621957527719E-01
 1.96301576091141E+03	-3.55029850212303E-01
 1.96301849881144E+03	-3.61682461738349E-01
 1.96302123671147E+03	-2.99515049104587E-01
 1.96302397461150E+03	-1.85389078985060E-01
 1.96302671251153E+03	-5.30142593174913E-02
 1.96302945041156E+03	 5.88332416953898E-02
 1.96303218831159E+03	 1.26159520920564E-01
 1.96303492621162E+03	 1.49067512523791E-01
 1.96303766411165E+03	 1.41236851385865E-01
 1.96304040201169E+03	 1.12447387908182E-01
 1.96304313991172E+03	 6.28730361599028E-02
 1.96304587781175E+03	-8.15869545949881E-03
 1.96304861571178E+03	-9.15139721405723E-02
 1.96305135361181E+03	-1.67055390557781E-01
 1.96305409151184E+03	-2.12539791795656E-01
 1.96305682941187E+03	-2.14645827367191E-01
 1.96305956731190E+03	-1.72285086529615E-01
 1.96306230521193E+03	-8.99533339331109E-02
 1.96306504311196E+03	 2.80348642201298E-02
 1.96306778101199E+03	 1.70182865842829E-01
 1.96307051891202E+03	 3.04006304153432E-01
 1.96307325681205E+03	 3.78890095745357E-01
 1.96307599471209E+03	 3.54444002466257E-01
 1.96307873261212E+03	 2.30966742220093E-01
 1.96308147051215E+03	 5.11433041833698E-02
 1.96308420841218E+03	-1.28247414542224E-01
 1.96308694631221E+03	-2.65904944739679E-01
 1.96308968421224E+03	-3.43137449801013E-01
 1.96309242211227E+03	-3.53715721630513E-01
 1.96309516001230E+03	-2.97450156284400E-01
 1.96309789791233E+03	-1.86140334874396E-01
 1.96310063581236E+03	-4.96539174572286E-02
 1.96310337371239E+03	 7.28107415517747E-02
 1.96310611161242E+03	 1.52912142915507E-01
 1.96310884951245E+03	 1.85570293116846E-01
 1.96311158741249E+03	 1.81897908586378E-01
 1.96311432531252E+03	 1.52751656533085E-01
 1.96311706321255E+03	 1.01191434317319E-01
 1.96311980111258E+03	 2.84491181651306E-02
 1.96312253901261E+03	-5.70272810953149E-02
 1.96312527691264E+03	-1.37433091799599E-01
 1.96312801481267E+03	-1.91616282309052E-01
 1.96313075271270E+03	-2.04866763976633E-01
 1.96313349061273E+03	-1.74835346778151E-01
 1.96313622851276E+03	-1.06419035027232E-01
 1.96313896641279E+03	-5.91064477841357E-04
 1.96314170431282E+03	 1.44107061959211E-01
 1.96314444221285E+03	 3.09853679282804E-01
 1.96314718011289E+03	 4.42615948618687E-01
 1.96314991801292E+03	 4.72982822299094E-01
 1.96315265591295E+03	 3.67313083367208E-01
 1.96315539381298E+03	 1.59381541254943E-01
 1.96315813171301E+03	-7.20747370845567E-02
 1.96316086961304E+03	-2.56266569627051E-01
 1.96316360751307E+03	-3.61566343772026E-01
 1.96316634541310E+03	-3.86154693307054E-01
 1.96316908331313E+03	-3.36362040766154E-01
 1.96317182121316E+03	-2.23731392932215E-01
 1.96317455911319E+03	-7.60585465501278E-02
 1.96317729701322E+03	 6.40108144208578E-02
 1.96318003491325E+03	 1.60461374880291E-01
 1.96318277281328E+03	 2.03428720916083E-01
 1.96318551071332E+03	 2.05227135067245E-01
 1.96318824861335E+03	 1.79928679730865E-01
 1.96319098651338E+03	 1.31120054178844E-01
 1.96319372441341E+03	 5.81614306197800E-02
 1.96319646231344E+03	-3.17119508009940E-02
 1.96319920021347E+03	-1.20243352958963E-01
 1.96320193811350E+03	-1.84886829055452E-01
 1.96320467601353E+03	-2.08765277659353E-01
 1.96320741391356E+03	-1.88153974831122E-01
 1.96321015181359E+03	-1.31013712064499E-01
 1.96321288971362E+03	-4.38666180887320E-02
 1.96321562761365E+03	 7.89801655592340E-02
 1.96321836551368E+03	 2.42002459074753E-01
 1.96322110341372E+03	 4.16016183344069E-01
 1.96322384131375E+03	 5.28120463384942E-01
 1.96322657921378E+03	 5.03423201701977E-01
 1.96322931711381E+03	 3.27565330626998E-01
 1.96323205501384E+03	 6.54063445683514E-02
 1.96323479291387E+03	-1.85156300390790E-01
 1.96323753081390E+03	-3.55375818071596E-01
 1.96324026871393E+03	-4.25908687882312E-01
 1.96324300661396E+03	-4.04469335332096E-01
 1.96324574451399E+03	-3.05097586568809E-01
 1.96324848241402E+03	-1.53032178948660E-01
 1.96325122031405E+03	 7.18366665759653E-03
 1.96325395821408E+03	 1.27712503388745E-01
 1.96325669611412E+03	 1.86373851452032E-01
 1.96325943401415E+03	 1.94368678079363E-01
 1.96326217191418E+03	 1.73983345195163E-01
 1.96326490981421E+03	 1.34269400276200E-01
 1.96326764771424E+03	 7.10573992426088E-02
 1.96327038561427E+03	-1.54289243994362E-02
 1.96327312351430E+03	-1.09727868843511E-01
 1.96327586141433E+03	-1.86700688034694E-01
 1.96327859931436E+03	-2.24427677000553E-01
 1.96328133721439E+03	-2.14455451866180E-01
 1.96328407511442E+03	-1.64484774466983E-01
 1.96328681301445E+03	-8.90549678720397E-02
 1.96328955091448E+03	 7.90082748338013E-03
 1.96329228881451E+03	 1.37661976757216E-01
 1.96329502671455E+03	 3.01792283017139E-01
 1.96329776461458E+03	 4.58690746282732E-01
 1.96330050251461E+03	 5.28323547799201E-01
 1.96330324041464E+03	 4.47969972236062E-01
 1.96330597831467E+03	 2.29017822007662E-01
 1.96330871621470E+03	-4.53506486183090E-02
 1.96331145411473E+03	-2.79082607195713E-01
 1.96331419201476E+03	-4.17215763331852E-01
 1.96331692991479E+03	-4.50329757997089E-01
 1.96331966781482E+03	-3.89263940826097E-01
 1.96332240571485E+03	-2.54597999142468E-01
 1.96332514361488E+03	-8.60730438328700E-02
 1.96332788151491E+03	 6.08665588257189E-02
 1.96333061941495E+03	 1.44913167953676E-01
 1.96333335731498E+03	 1.64353726240576E-01
 1.96333609521501E+03	 1.46343885926622E-01
 1.96333883311504E+03	 1.12978209113848E-01
 1.96334157101507E+03	 6.41560758549780E-02
 1.96334430891510E+03	-8.24540001598129E-03
 1.96334704681513E+03	-9.86755787445538E-02
 1.96334978471516E+03	-1.84145683612992E-01
 1.96335252261519E+03	-2.37485985283679E-01
 1.96335526051522E+03	-2.42272275907729E-01
 1.96335799841525E+03	-2.00130554018111E-01
 1.96336073631528E+03	-1.27324245919048E-01
 1.96336347421531E+03	-3.99945773183707E-02
 1.96336621211535E+03	 6.13229163062618E-02
 1.96336895001538E+03	 1.86977848307270E-01
 1.96337168791541E+03	 3.29126729956088E-01
 1.96337442581544E+03	 4.39224854151126E-01
 1.96337716371547E+03	 4.48219864364983E-01
 1.96337990161550E+03	 3.21057746734820E-01
 1.96338263951553E+03	 9.24116387379237E-02
 1.96338537741556E+03	-1.54375704539001E-01
 1.96338811531559E+03	-3.42147937133187E-01
 1.96339085321562E+03	-4.33877064904376E-01
 1.96339359111565E+03	-4.25727812589654E-01
 1.96339632901568E+03	-3.29638312014976E-01
 1.96339906691571E+03	-1.74423490643106E-01
 1.96340180481574E+03	-1.15086552015937E-02
 1.96340454271578E+03	 1.03602340074125E-01
 1.96340728061581E+03	 1.46162165390493E-01
 1.96341001851584E+03	 1.33686391494118E-01
 1.96341275641587E+03	 9.88140528593720E-02
 1.96341549431590E+03	 5.57914230212930E-02
 1.96341823221593E+03	-2.60652055975819E-03
 1.96342097011596E+03	-8.18511378035105E-02
 1.96342370801599E+03	-1.68322183947890E-01
 1.96342644591602E+03	-2.34673295419060E-01
 1.96342918381605E+03	-2.57037465558643E-01
 1.96343192171608E+03	-2.27728392262911E-01
 1.96343465961611E+03	-1.57129935852222E-01
 1.96343739751614E+03	-6.48858429879769E-02
 1.96344013541618E+03	 3.47009192882762E-02
 1.96344287331621E+03	 1.39891928869374E-01
 1.96344561121624E+03	 2.50030573917298E-01
 1.96344834911627E+03	 3.44736978561172E-01
 1.96345108701630E+03	 3.80589365834083E-01
 1.96345382491633E+03	 3.18269646654805E-01
 1.96345656281636E+03	 1.58166625216767E-01
 1.96345930071639E+03	-5.16361206656163E-02
 1.96346203861642E+03	-2.43796467903109E-01
 1.96346477651645E+03	-3.67803133328943E-01
 1.96346751441648E+03	-4.02603528608340E-01
 1.96347025231651E+03	-3.48176722152367E-01
 1.96347299021654E+03	-2.20996978887709E-01
 1.96347572811658E+03	-5.98521489582389E-02
 1.96347846601661E+03	 7.96753842516293E-02
 1.96348120391664E+03	 1.54049487362562E-01
 1.96348394181667E+03	 1.59023314359018E-01
 1.96348667971670E+03	 1.23183801607832E-01
 1.96348941761673E+03	 7.43866432172589E-02
 1.96349215551676E+03	 1.77507430154895E-02
 1.96349489341679E+03	-5.41110137178390E-02
 1.96349763131682E+03	-1.38015109956208E-01
 1.96350036921685E+03	-2.12864047696786E-01
 1.96350310711688E+03	-2.52111941631515E-01
 1.96350584501691E+03	-2.40057634865751E-01
 1.96350858291694E+03	-1.78671259363919E-01
 1.96351132081698E+03	-8.29459685301467E-02
 1.96351405871701E+03	 2.97224859034478E-02
 1.96351679661704E+03	 1.46548486117390E-01
 1.96351953451707E+03	 2.55618750417692E-01
 1.96352227241710E+03	 3.36467890733974E-01
 1.96352501031713E+03	 3.59767383944593E-01
 1.96352774821716E+03	 3.02820134371354E-01
 1.96353048611719E+03	 1.68779940249271E-01
 1.96353322401722E+03	-8.91021282415813E-03
 1.96353596191725E+03	-1.81539541266945E-01
 1.96353869981728E+03	-3.06400431368108E-01
 1.96354143771731E+03	-3.58305136381676E-01
 1.96354417561734E+03	-3.29073260150162E-01
 1.96354691351737E+03	-2.26033844630833E-01
 1.96354965141741E+03	-7.62433440662245E-02
 1.96355238931744E+03	 7.37168298882679E-02
 1.96355512721747E+03	 1.75662908578914E-01
 1.96355786511750E+03	 2.07142997637951E-01
 1.96356060301753E+03	 1.81186721333644E-01
 1.96356334091756E+03	 1.26735232135050E-01
 1.96356607881759E+03	 6.15444345875883E-02
 1.96356881671762E+03	-1.36116430779049E-02
 1.96357155461765E+03	-9.87347541168603E-02
 1.96357429251768E+03	-1.80075582690048E-01
 1.96357703041771E+03	-2.33466742541520E-01
 1.96357976831774E+03	-2.39223710841441E-01
 1.96358250621777E+03	-1.93029134283592E-01
 1.96358524411781E+03	-1.04472782625829E-01
 1.96358798201784E+03	 1.29016105602311E-02
 1.96359071991787E+03	 1.47759518109690E-01
 1.96359345781790E+03	 2.84389802376623E-01
 1.96359619571793E+03	 3.91509678964515E-01
 1.96359893361796E+03	 4.26747639886175E-01
 1.96360167151799E+03	 3.62428157884690E-01
 1.96360440941802E+03	 2.09944742165501E-01
 1.96360714731805E+03	 1.65047864904371E-02
 1.96360988521808E+03	-1.62656662453505E-01
 1.96361262311811E+03	-2.88931163490775E-01
 1.96361536101814E+03	-3.44133753823620E-01
 1.96361809891817E+03	-3.22515565085107E-01
 1.96362083681821E+03	-2.28732489945101E-01
 1.96362357471824E+03	-8.44086692726221E-02
 1.96362631261827E+03	 6.99448193459934E-02
 1.96362905051830E+03	 1.88531068254839E-01
 1.96363178841833E+03	 2.42942595347585E-01
 1.96363452631836E+03	 2.34544849512732E-01
 1.96363726421839E+03	 1.84871513673580E-01
 1.96364000211842E+03	 1.14458609746850E-01
 1.96364274001845E+03	 3.17453177972252E-02
 1.96364547791848E+03	-5.98024528355361E-02
 1.96364821581851E+03	-1.49003975729837E-01
 1.96365095371854E+03	-2.14766784545141E-01
 1.96365369161857E+03	-2.36472119803902E-01
 1.96365642951860E+03	-2.06239876920635E-01
 1.96365916741864E+03	-1.31312250087899E-01
 1.96366190531867E+03	-2.39652703920134E-02
 1.96366464321870E+03	 1.09599657449444E-01
 1.96366738111873E+03	 2.64204764811062E-01
 1.96367011901876E+03	 4.14645144004249E-01
 1.96367285691879E+03	 5.06211012975240E-01
 1.96367559481882E+03	 4.81926215460201E-01
 1.96367833271885E+03	 3.29420061163692E-01
 1.96368107061888E+03	 9.89354140983999E-02
 1.96368380851891E+03	-1.29142217844651E-01
 1.96368654641894E+03	-2.93379262175977E-01
 1.96368928431897E+03	-3.70415110528948E-01
 1.96369202221900E+03	-3.60249542255539E-01
 1.96369476011904E+03	-2.71100890271483E-01
 1.96369749801907E+03	-1.23680229351629E-01
 1.96370023591910E+03	 4.13145355593572E-02
 1.96370297381913E+03	 1.74791825521528E-01
 1.96370571171916E+03	 2.44780028894458E-01
 1.96370844961919E+03	 2.50428082327182E-01
 1.96371118751922E+03	 2.11497517845050E-01
 1.96371392541925E+03	 1.47026043758317E-01
 1.96371666331928E+03	 6.51671139623511E-02
 1.96371940121931E+03	-2.99790384138682E-02
 1.96372213911934E+03	-1.27032015711062E-01
 1.96372487701937E+03	-2.04997663442977E-01
 1.96372761491940E+03	-2.41796894873368E-01
 1.96373035281944E+03	-2.26305622393034E-01
 1.96373309071947E+03	-1.64260387620649E-01
 1.96373582861950E+03	-7.10784496726830E-02
 1.96373856651953E+03	 4.44179657486729E-02
 1.96374130441956E+03	 1.86182688700938E-01
 1.96374404231959E+03	 3.51108416890814E-01
 1.96374678021962E+03	 4.99588059311167E-01
 1.96374951811965E+03	 5.58331651208204E-01
 1.96375225601968E+03	 4.70451699649715E-01
 1.96375499391971E+03	 2.48997424815584E-01
 1.96375773181974E+03	-2.42683256976897E-02
 1.96376046971977E+03	-2.55271983151046E-01
 1.96376320761980E+03	-3.90130252138102E-01
 1.96376594551983E+03	-4.19312385193657E-01
 1.96376868341987E+03	-3.52793490248585E-01
 1.96377142131990E+03	-2.10378980925561E-01
 1.96377415921993E+03	-3.19892094435525E-02
 1.96377689711996E+03	 1.24926134475539E-01
 1.96377963501999E+03	 2.14711762533268E-01
 1.96378237292002E+03	 2.30501789475883E-01
 1.96378511082005E+03	 1.97556316744588E-01
 1.96378784872008E+03	 1.42222396261854E-01
 1.96379058662011E+03	 7.23381807528513E-02
 1.96379332452014E+03	-1.45122264635006E-02
 1.96379606242017E+03	-1.12269831710562E-01
 1.96379880032020E+03	-2.00222720960352E-01
 1.96380153822023E+03	-2.52582787819463E-01
 1.96380427612027E+03	-2.52667754770011E-01
 1.96380701402030E+03	-2.01884097577655E-01
 1.96380975192033E+03	-1.17592998643456E-01
 1.96381248982036E+03	-1.77526017438422E-02
 1.96381522772039E+03	 9.64366699582957E-02
 1.96381796562042E+03	 2.36548669079119E-01
 1.96382070352045E+03	 3.95111993337921E-01
 1.96382344142048E+03	 5.18912740609617E-01
 1.96382617932051E+03	 5.29937205048751E-01
 1.96382891722054E+03	 3.87691084653657E-01
 1.96383165512057E+03	 1.31887899535865E-01
 1.96383439302060E+03	-1.41519889470570E-01
 1.96383713092063E+03	-3.45173378899742E-01
 1.96383986882067E+03	-4.39816634820005E-01
 1.96384260672070E+03	-4.24071356665130E-01
 1.96384534462073E+03	-3.12315982994825E-01
 1.96384808252076E+03	-1.36607175649848E-01
 1.96385082042079E+03	 4.46748316415027E-02
 1.96385355832082E+03	 1.67399341227466E-01
 1.96385629622085E+03	 2.02844471191341E-01
 1.96385903412088E+03	 1.72427791619397E-01
 1.96386177202091E+03	 1.16939394774290E-01
 1.96386450992094E+03	 5.68500319366974E-02
 1.96386724782097E+03	-1.33372837180249E-02
 1.96386998572100E+03	-9.99366523651400E-02
 1.96387272362103E+03	-1.90013637859521E-01
 1.96387546152107E+03	-2.55971575932883E-01
 1.96387819942110E+03	-2.73550470257393E-01
 1.96388093732113E+03	-2.35825903119047E-01
 1.96388367522116E+03	-1.56277711177595E-01
 1.96388641312119E+03	-5.90786898826969E-02
 1.96388915102122E+03	 4.03634015194729E-02
 1.96389188892125E+03	 1.47608313605932E-01
 1.96389462682128E+03	 2.74143674614676E-01
 1.96389736472131E+03	 4.03208600766235E-01
 1.96390010262134E+03	 4.76767844796800E-01
 1.96390284052137E+03	 4.31082328342872E-01
 1.96390557842140E+03	 2.53496874103495E-01
 1.96390831632143E+03	 1.96774899612149E-03
 1.96391105422146E+03	-2.33705047689535E-01
 1.96391379212150E+03	-3.86722145836491E-01
 1.96391653002153E+03	-4.32395407489986E-01
 1.96391926792156E+03	-3.72562954063325E-01
 1.96392200582159E+03	-2.25954299284550E-01
 1.96392474372162E+03	-3.83392598546404E-02
 1.96392748162165E+03	 1.20181257889853E-01
 1.96393021952168E+03	 1.92976069569552E-01
 1.96393295742171E+03	 1.76556766257465E-01
 1.96393569532174E+03	 1.13880622866599E-01
 1.96393843322177E+03	 4.70867981306508E-02
 1.96394117112180E+03	-1.56907616055441E-02
 1.96394390902183E+03	-8.76470274946229E-02
 1.96394664692186E+03	-1.70724529557191E-01
 1.96394938482190E+03	-2.43862525552584E-01
 1.96395212272193E+03	-2.78064892306041E-01
 1.96395486062196E+03	-2.56481730461415E-01
 1.96395759852199E+03	-1.83573934679484E-01
 1.96396033642202E+03	-8.14336387433351E-02
 1.96396307432205E+03	 2.46960528555661E-02
 1.96396581222208E+03	 1.23666104107724E-01
 1.96396855012211E+03	 2.21023692366402E-01
 1.96397128802214E+03	 3.18574844084135E-01
 1.96397402592217E+03	 3.90940160419379E-01
 1.96397676382220E+03	 3.90847210277128E-01
 1.96397950172223E+03	 2.86478371354588E-01
 1.96398223962226E+03	 9.54695870006612E-02
 1.96398497752230E+03	-1.20120000399415E-01
 1.96398771542233E+03	-2.92114395337997E-01
 1.96399045332236E+03	-3.78606201605289E-01
 1.96399319122239E+03	-3.66464322485091E-01
 1.96399592912242E+03	-2.61223904118943E-01
 1.96399866702245E+03	-9.05630903065763E-02
 1.96400140492248E+03	 8.75983385804193E-02
 1.96400414282251E+03	 2.03912359615008E-01
 1.96400688072254E+03	 2.22119057292285E-01
 1.96400961862257E+03	 1.63380029921798E-01
 1.96401235652260E+03	 7.90671135013103E-02
 1.96401509442263E+03	 2.03737354501585E-03
 1.96401783232266E+03	-6.95331404154603E-02
 1.96402057022269E+03	-1.46602471806084E-01
 1.96402330812273E+03	-2.21425234619987E-01
 1.96402604602276E+03	-2.68310015791432E-01
 1.96402878392279E+03	-2.63851911056042E-01
 1.96403152182282E+03	-2.02666845392018E-01
 1.96403425972285E+03	-9.91422465397365E-02
 1.96403699762288E+03	 2.17252932139236E-02
 1.96403973552291E+03	 1.38292408304739E-01
 1.96404247342294E+03	 2.40629741199155E-01
 1.96404521132297E+03	 3.23954110944160E-01
 1.96404794922300E+03	 3.74000331947766E-01
 1.96405068712303E+03	 3.64759036439696E-01
 1.96405342502306E+03	 2.76983735444733E-01
 1.96405616292309E+03	 1.20328749723835E-01
 1.96405890082313E+03	-6.42017019049664E-02
 1.96406163872316E+03	-2.24225988962902E-01
 1.96406437662319E+03	-3.19330146951746E-01
 1.96406711452322E+03	-3.29891356231454E-01
 1.96406985242325E+03	-2.53734137606632E-01
 1.96407259032328E+03	-1.06393963404036E-01
 1.96407532822331E+03	 7.14157421466809E-02
 1.96407806612334E+03	 2.17803870100296E-01
 1.96408080402337E+03	 2.79563893209019E-01
 1.96408354192340E+03	 2.47422052632551E-01
 1.96408627982343E+03	 1.58102305206069E-01
 1.96408901772346E+03	 5.77422271294472E-02
 1.96409175562349E+03	-3.32411719015336E-02
 1.96409449352353E+03	-1.18288400698269E-01
 1.96409723142356E+03	-1.97965434599122E-01
 1.96409996932359E+03	-2.55480934397211E-01
 1.96410270722362E+03	-2.67493031750312E-01
 1.96410544512365E+03	-2.22259959386279E-01
 1.96410818302368E+03	-1.26659270420148E-01
 1.96411092092371E+03	-2.64516894545820E-04
 1.96411365882374E+03	 1.35750721950177E-01
 1.96411639672377E+03	 2.65236564808773E-01
 1.96411913462380E+03	 3.72675594913239E-01
 1.96412187252383E+03	 4.34001952270382E-01
 1.96412461042386E+03	 4.19869504293280E-01
 1.96412734832389E+03	 3.16539576076094E-01
 1.96413008622392E+03	 1.44345940724137E-01
 1.96413282412396E+03	-4.82860891065437E-02
 1.96413556202399E+03	-2.10043318785730E-01
 1.96413829992402E+03	-3.06533973462626E-01
 1.96414103782405E+03	-3.22414462599929E-01
 1.96414377572408E+03	-2.56024251236305E-01
 1.96414651362411E+03	-1.20023114832031E-01
 1.96414925152414E+03	 5.28603280205319E-02
 1.96415198942417E+03	 2.11611699522314E-01
 1.96415472732420E+03	 3.05252277193101E-01
 1.96415746522423E+03	 3.09574800464893E-01
 1.96416020312426E+03	 2.39574324252043E-01
 1.96416294102429E+03	 1.33410736659680E-01
 1.96416567892432E+03	 2.26706243896782E-02
 1.96416841682436E+03	-8.11382731252631E-02
 1.96417115472439E+03	-1.74604348108086E-01
 1.96417389262442E+03	-2.45850045536802E-01
 1.96417663052445E+03	-2.74914507226873E-01
 1.96417936842448E+03	-2.47971665585076E-01
 1.96418210632451E+03	-1.67647758079418E-01
 1.96418484422454E+03	-4.99090864467788E-02
 1.96418758212457E+03	 8.75281004163832E-02
 1.96419032002460E+03	 2.32805845957964E-01
 1.96419305792463E+03	 3.73456720212130E-01
 1.96419579582466E+03	 4.81045655110056E-01
 1.96419853372469E+03	 5.09835792911703E-01
 1.96420127162472E+03	 4.24452906802365E-01
 1.96420400952476E+03	 2.35343839553605E-01
 1.96420674742479E+03	 2.25411012238099E-03
 1.96420948532482E+03	-2.01739904791229E-01
 1.96421222322485E+03	-3.28588025958900E-01
 1.96421496112488E+03	-3.62514316432211E-01
 1.96421769902491E+03	-3.05795221772089E-01
 1.96422043692494E+03	-1.72706284092122E-01
 1.96422317482497E+03	 3.52889356019771E-03
 1.96422591272500E+03	 1.71615243843154E-01
 1.96422865062503E+03	 2.82014440143063E-01
 1.96423138852506E+03	 3.10922745693485E-01
 1.96423412642509E+03	 2.67259586258301E-01
 1.96423686432512E+03	 1.78651142060102E-01
 1.96423960222516E+03	 7.09838459165322E-02
 1.96424234012519E+03	-4.10675552900095E-02
 1.96424507802522E+03	-1.48095872610771E-01
 1.96424781592525E+03	-2.35688927641919E-01
 1.96425055382528E+03	-2.83628002258905E-01
 1.96425329172531E+03	-2.76308905999291E-01
 1.96425602962534E+03	-2.13603854066376E-01
 1.96425876752537E+03	-1.10951886887706E-01
 1.96426150542540E+03	 1.26170492751158E-02
 1.96426424332543E+03	 1.47824257748639E-01
 1.96426698122546E+03	 2.93664775231774E-01
 1.96426971912549E+03	 4.36514399378792E-01
 1.96427245702552E+03	 5.31568192094934E-01
 1.96427519492555E+03	 5.18370131283682E-01
 1.96427793282559E+03	 3.69122604813406E-01
 1.96428067072562E+03	 1.23130683604971E-01
 1.96428340862565E+03	-1.33234022674811E-01
 1.96428614652568E+03	-3.21702890764905E-01
 1.96428888442571E+03	-4.06003161303628E-01
 1.96429162232574E+03	-3.83336435220011E-01
 1.96429436022577E+03	-2.66594020624740E-01
 1.96429709812580E+03	-8.71585549685682E-02
 1.96429983602583E+03	 9.84862812788595E-02
 1.96430257392586E+03	 2.28215644845208E-01
 1.96430531182589E+03	 2.70382131890500E-01
 1.96430804972592E+03	 2.37794152822614E-01
 1.96431078762595E+03	 1.65062299888651E-01
 1.96431352552599E+03	 7.69411917894029E-02
 1.96431626342602E+03	-2.02804686979180E-02
 1.96431900132605E+03	-1.24029307900493E-01
 1.96432173922608E+03	-2.20531924164720E-01
 1.96432447712611E+03	-2.85712581222047E-01
 1.96432721502614E+03	-2.98282745055796E-01
 1.96432995292617E+03	-2.52673305087885E-01
 1.96433269082620E+03	-1.62570515233804E-01
 1.96433542872623E+03	-5.16004553037957E-02
 1.96433816662626E+03	 6.42608274974360E-02
 1.96434090452629E+03	 1.86851611366956E-01
 1.96434364242632E+03	 3.22240594814643E-01
 1.96434638032635E+03	 4.50518918053073E-01
 1.96434911822639E+03	 5.14513592372801E-01
 1.96435185612642E+03	 4.53971277558718E-01
 1.96435459402645E+03	 2.60839840904227E-01
 1.96435733192648E+03	-2.18731272679825E-03
 1.96436006982651E+03	-2.42271655591479E-01
 1.96436280772654E+03	-3.92492828681873E-01
 1.96436554562657E+03	-4.29505358900445E-01
 1.96436828352660E+03	-3.56286153095364E-01
 1.96437102142663E+03	-1.93826490111390E-01
 1.96437375932666E+03	 7.01495844838841E-03
 1.96437649722669E+03	 1.70553249431484E-01
 1.96437923512672E+03	 2.38383688287498E-01
 1.96438197302675E+03	 2.09632118441756E-01
 1.96438471092678E+03	 1.30988560643468E-01
 1.96438744882682E+03	 4.72820395626600E-02
 1.96439018672685E+03	-3.10585358327469E-02
 1.96439292462688E+03	-1.14761619424448E-01
 1.96439566252691E+03	-2.04062611809446E-01
 1.96439840042694E+03	-2.77677903865204E-01
 1.96440113832697E+03	-3.07538962033402E-01
 1.96440387622700E+03	-2.78489865390124E-01
 1.96440661412703E+03	-1.97308770831565E-01
 1.96440935202706E+03	-8.83974806177457E-02
 1.96441208992709E+03	 2.19586980092390E-02
 1.96441482782712E+03	 1.24158341648276E-01
 1.96441756572715E+03	 2.27987944811949E-01
 1.96442030362718E+03	 3.39043176063884E-01
 1.96442304152722E+03	 4.29634424600365E-01
 1.96442577942725E+03	 4.42326065675219E-01
 1.96442851732728E+03	 3.34670589273433E-01
 1.96443125522731E+03	 1.23680039687755E-01
 1.96443399312734E+03	-1.18056784846104E-01
 1.96443673102737E+03	-3.10348257570241E-01
 1.96443946892740E+03	-4.05776475785801E-01
 1.96444220682743E+03	-3.90449734025900E-01
 1.96444494472746E+03	-2.70050608501262E-01
 1.96444768262749E+03	-7.63436548200763E-02
 1.96445042052752E+03	 1.20712366501614E-01
 1.96445315842755E+03	 2.37910980728565E-01
 1.96445589632758E+03	 2.36021764275146E-01
 1.96445863422762E+03	 1.47878645278095E-01
 1.96446137212765E+03	 4.04775100794373E-02
 1.96446411002768E+03	-4.65436744707433E-02
 1.96446684792771E+03	-1.18668653429931E-01
 1.96446958582774E+03	-1.93013508140917E-01
 1.96447232372777E+03	-2.64110681583785E-01
 1.96447506162780E+03	-3.05220478104951E-01
 1.96447779952783E+03	-2.92124344340071E-01
 1.96448053742786E+03	-2.20768659668098E-01
 1.96448327532789E+03	-1.09207518318592E-01
 1.96448601322792E+03	 1.24648676601372E-02
 1.96448875112795E+03	 1.19908431300119E-01
 1.96449148902798E+03	 2.08856487643148E-01
 1.96449422692801E+03	 2.89005499018266E-01
 1.96449696482805E+03	 3.58327565197176E-01
 1.96449970272808E+03	 3.86364498108378E-01
 1.96450244062811E+03	 3.32240759970251E-01
 1.96450517852814E+03	 1.84538208409841E-01
 1.96450791642817E+03	-1.84542247287498E-02
 1.96451065432820E+03	-2.10041520296295E-01
 1.96451339222823E+03	-3.34069873113888E-01
 1.96451613012826E+03	-3.62800328511284E-01
 1.96451886802829E+03	-2.89550302314882E-01
 1.96452160592832E+03	-1.26481362854521E-01
 1.96452434382835E+03	 7.98915378951720E-02
 1.96452708172838E+03	 2.47866321041857E-01
 1.96452981962841E+03	 3.03737540305244E-01
 1.96453255752845E+03	 2.37552056732903E-01
 1.96453529542848E+03	 1.07487892161922E-01
 1.96453803332851E+03	-1.70040554560487E-02
 1.96454077122854E+03	-1.09680409190216E-01
 1.96454350912857E+03	-1.84094038120616E-01
 1.96454624702860E+03	-2.51772510164695E-01
 1.96454898492863E+03	-2.98885199415913E-01
 1.96455172282866E+03	-3.00029911597011E-01
 1.96455446072869E+03	-2.42018574260767E-01
 1.96455719862872E+03	-1.33272744081973E-01
 1.96455993652875E+03	 9.85907010093007E-04
 1.96456267442878E+03	 1.30885301717172E-01
 1.96456541232881E+03	 2.36483026146790E-01
 1.96456815022885E+03	 3.13706716380490E-01
 1.96457088812888E+03	 3.62883838054532E-01
 1.96457362602891E+03	 3.72147693592781E-01
 1.96457636392894E+03	 3.19333153935077E-01
 1.96457910182897E+03	 1.95079514643055E-01
 1.96458183972900E+03	 2.22013637497457E-02
 1.96458457762903E+03	-1.50749457080214E-01
 1.96458731552906E+03	-2.74852505372753E-01
 1.96459005342909E+03	-3.19932498462028E-01
 1.96459279132912E+03	-2.75044833691889E-01
 1.96459552922915E+03	-1.43859615701834E-01
 1.96459826712918E+03	 4.74288676997745E-02
 1.96460100502921E+03	 2.38946904130206E-01
 1.96460374292925E+03	 3.53093858387039E-01
 1.96460648082928E+03	 3.42606660310729E-01
 1.96460921872931E+03	 2.27093203524515E-01
 1.96461195662934E+03	 7.37035599549856E-02
 1.96461469452937E+03	-6.04875341229936E-02
 1.96461743242940E+03	-1.61697842702988E-01
 1.96462017032943E+03	-2.40254111951021E-01
 1.96462290822946E+03	-2.95707316925451E-01
 1.96462564612949E+03	-3.10277170935512E-01
 1.96462838402952E+03	-2.68071334678656E-01
 1.96463112192955E+03	-1.70491815232936E-01
 1.96463385982958E+03	-3.56134240780620E-02
 1.96463659772961E+03	 1.10557179379728E-01
 1.96463933562964E+03	 2.43800551747932E-01
 1.96464207352968E+03	 3.47983708515124E-01
 1.96464481142971E+03	 4.11947914968824E-01
 1.96464754932974E+03	 4.20754242001194E-01
 1.96465028722977E+03	 3.57551467025740E-01
 1.96465302512980E+03	 2.21168445642261E-01
 1.96465576302983E+03	 3.99645078930564E-02
 1.96465850092986E+03	-1.37142667863291E-01
 1.96466123882989E+03	-2.64382062783822E-01
 1.96466397672992E+03	-3.14680015435851E-01
 1.96466671462995E+03	-2.79271986286897E-01
 1.96466945252998E+03	-1.63143357086213E-01
 1.96467219043001E+03	 1.22344882092265E-02
 1.96467492833004E+03	 2.02502916427521E-01
 1.96467766623008E+03	 3.45659315657904E-01
 1.96468040413011E+03	 3.88465418544575E-01
 1.96468314203014E+03	 3.19610094049962E-01
 1.96468587993017E+03	 1.77544657338235E-01
 1.96468861783020E+03	 2.00198098451837E-02
 1.96469135573023E+03	-1.15409912229017E-01
 1.96469409363026E+03	-2.20371869340923E-01
 1.96469683153029E+03	-2.93971013640910E-01
 1.96469956943032E+03	-3.25434328890212E-01
 1.96470230733035E+03	-3.01063169236748E-01
 1.96470504523038E+03	-2.19654603067633E-01
 1.96470778313041E+03	-9.56617511432616E-02
 1.96471052103044E+03	 4.92873187688841E-02
 1.96471325893048E+03	 1.95161910669560E-01
 1.96471599683051E+03	 3.26331705023487E-01
 1.96471873473054E+03	 4.26772360049789E-01
 1.96472147263057E+03	 4.72151322419327E-01
 1.96472421053060E+03	 4.33231788349666E-01
 1.96472694843063E+03	 2.98318884619395E-01
 1.96472968633066E+03	 9.51745271416531E-02
 1.96473242423069E+03	-1.16079510939477E-01
 1.96473516213072E+03	-2.75827632299309E-01
 1.96473790003075E+03	-3.50074633012776E-01
 1.96474063793078E+03	-3.29784005459851E-01
 1.96474337583081E+03	-2.21646702900626E-01
 1.96474611373084E+03	-4.95368962073893E-02
 1.96474885163087E+03	 1.40958590003702E-01
 1.96475158953091E+03	 2.92541183805785E-01
 1.96475432743094E+03	 3.59991388853777E-01
 1.96475706533097E+03	 3.30285634793926E-01
 1.96475980323100E+03	 2.24715324322699E-01
 1.96476254113103E+03	 8.25322948664998E-02
 1.96476527903106E+03	-6.13177634772885E-02
 1.96476801693109E+03	-1.87061581346465E-01
 1.96477075483112E+03	-2.83486321337792E-01
 1.96477349273115E+03	-3.37195748706434E-01
 1.96477623063118E+03	-3.34187011200290E-01
 1.96477896853121E+03	-2.71462423200614E-01
 1.96478170643124E+03	-1.62477808941299E-01
 1.96478444433127E+03	-2.93195446441785E-02
 1.96478718223131E+03	 1.09632158735505E-01
 1.96478992013134E+03	 2.44744919008848E-01
 1.96479265803137E+03	 3.67928283453091E-01
 1.96479539593140E+03	 4.58208202770532E-01
 1.96479813383143E+03	 4.76996491260821E-01
 1.96480087173146E+03	 3.89194040284739E-01
 1.96480360963148E+03	 1.98765965663435E-01
 1.96480634753152E+03	-3.91601869350545E-02
 1.96480908543155E+03	-2.48462355294253E-01
 1.96481182333158E+03	-3.74085064847203E-01
 1.96481456123161E+03	-3.95227200533757E-01
 1.96481729913164E+03	-3.13120943143171E-01
 1.96482003703167E+03	-1.47188800002505E-01
 1.96482277493171E+03	 5.49846754564380E-02
 1.96482551283174E+03	 2.24218847575706E-01
 1.96482825073177E+03	 3.04964549010037E-01
 1.96483098863180E+03	 2.87147004464182E-01
 1.96483372653183E+03	 2.01251920026755E-01
 1.96483646443186E+03	 8.59899574659361E-02
 1.96483920233189E+03	-3.56766362252867E-02
 1.96484194023192E+03	-1.54560071888280E-01
 1.96484467813195E+03	-2.60264439751519E-01
 1.96484741603198E+03	-3.33686893398076E-01
 1.96485015393201E+03	-3.53940973483339E-01
 1.96485289183204E+03	-3.11856871653671E-01
 1.96485562973207E+03	-2.17518278526442E-01
 1.96485836763211E+03	-9.49595441415046E-02
 1.96486110553214E+03	 3.23553324946315E-02
 1.96486384343217E+03	 1.53852364258401E-01
 1.96486658133220E+03	 2.70392780378124E-01
 1.96486931923223E+03	 3.76996683531822E-01
 1.96487205713226E+03	 4.44877490405738E-01
 1.96487479503229E+03	 4.27574112106260E-01
 1.96487753293232E+03	 2.97113766238283E-01
 1.96488027083235E+03	 7.85538822512094E-02
 1.96488300873238E+03	-1.56814326033690E-01
 1.96488574663241E+03	-3.35412021449461E-01
 1.96488848453244E+03	-4.15515861313903E-01
 1.96489122243247E+03	-3.84942336943670E-01
 1.96489396033250E+03	-2.49660759573811E-01
 1.96489669823254E+03	-4.41692265046646E-02
 1.96489943613257E+03	 1.57858630018410E-01
 1.96490217403260E+03	 2.73464488579949E-01
 1.96490491193263E+03	 2.67280230933447E-01
 1.96490764983266E+03	 1.73234727831832E-01
 1.96491038773269E+03	 5.44084184979028E-02
 1.96491312563272E+03	-5.20575813253617E-02
 1.96491586353275E+03	-1.46921285961463E-01
 1.96491860143278E+03	-2.38581636721019E-01
 1.96492133933281E+03	-3.16215007642546E-01
 1.96492407723284E+03	-3.53763294362545E-01
 1.96492681513287E+03	-3.31500816155369E-01
 1.96492955303290E+03	-2.50772775947720E-01
 1.96493229093294E+03	-1.33099969785341E-01
 1.96493502883297E+03	-7.70524008017060E-03
 1.96493776673300E+03	 1.05019501332837E-01
 1.96494050463303E+03	 2.02918192363553E-01
 1.96494324253306E+03	 2.93163513204832E-01
 1.96494598043309E+03	 3.68953531634219E-01
 1.96494871833312E+03	 3.96461180868757E-01
 1.96495145623315E+03	 3.34289669950907E-01
 1.96495419413318E+03	 1.73657339704643E-01
 1.96495693203321E+03	-4.19666518391647E-02
 1.96495966993324E+03	-2.41302349632803E-01
 1.96496240783327E+03	-3.67081441521581E-01
 1.96496514573330E+03	-3.91905328722422E-01
 1.96496788363334E+03	-3.07546791791973E-01
 1.96497062153337E+03	-1.25998533576639E-01
 1.96497335943340E+03	 9.83763652873404E-02
 1.96497609733343E+03	 2.70641553364587E-01
 1.96497883523346E+03	 3.11370759845142E-01
 1.96498157313349E+03	 2.19576355979588E-01
 1.96498431103352E+03	 6.82554457086766E-02
 1.96498704893355E+03	-6.62729397758086E-02
 1.96498978683358E+03	-1.61351254606105E-01
 1.96499252473361E+03	-2.36054965841147E-01
 1.96499526263364E+03	-3.02642201580844E-01
 1.96499800053367E+03	-3.44818868501455E-01
 1.96500073843370E+03	-3.36563875471006E-01
 1.96500347633373E+03	-2.67928962282916E-01
 1.96500621423377E+03	-1.52405838545857E-01
 1.96500895213380E+03	-1.87221257248143E-02
 1.96501169003383E+03	 1.03501361401950E-01
 1.96501442793386E+03	 1.98582196037840E-01
 1.96501716583389E+03	 2.69482473293934E-01
 1.96501990373392E+03	 3.23284977158327E-01
 1.96502264163395E+03	 3.49437615449049E-01
 1.96502537953398E+03	 3.18169919209462E-01
 1.96502811743401E+03	 2.07799492935884E-01
 1.96503085533404E+03	 3.42502960306491E-02
 1.96503359323407E+03	-1.50457852042241E-01
 1.96503633113410E+03	-2.89407726932200E-01
 1.96503906903413E+03	-3.46812237466397E-01
 1.96504180693417E+03	-3.06848598665513E-01
 1.96504454483420E+03	-1.66268497830551E-01
 1.96504728273423E+03	 4.98340234623408E-02
 1.96505002063426E+03	 2.66570679885574E-01
 1.96505275853429E+03	 3.82470533618882E-01
 1.96505549643432E+03	 3.40913749431194E-01
 1.96505823433435E+03	 1.78749989305109E-01
 1.96506097223438E+03	-8.83495829002747E-03
 1.96506371013441E+03	-1.51253213644766E-01
 1.96506644803444E+03	-2.42056804026240E-01
 1.96506918593447E+03	-3.05100380609444E-01
 1.96507192383450E+03	-3.45788973299590E-01
 1.96507466173453E+03	-3.45173322245244E-01
 1.96507739963457E+03	-2.86849548574009E-01
 1.96508013753460E+03	-1.75346588287698E-01
 1.96508287543463E+03	-3.34096510477202E-02
 1.96508561333466E+03	 1.08628956819840E-01
 1.96508835123469E+03	 2.24306913122077E-01
 1.96509108913472E+03	 3.01597130453382E-01
 1.96509382703475E+03	 3.42705085959277E-01
 1.96509656493478E+03	 3.49068336320062E-01
 1.96509930283481E+03	 3.09424009938703E-01
 1.96510204073484E+03	 2.10203954254547E-01
 1.96510477863487E+03	 5.89825844437253E-02
 1.96510751653490E+03	-1.07466716007778E-01
 1.96511025443493E+03	-2.41104989176428E-01
 1.96511299233496E+03	-3.06554642228619E-01
 1.96511573023500E+03	-2.87483319970241E-01
 1.96511846813503E+03	-1.78893877583603E-01
 1.96512120603506E+03	 9.97951762221672E-03
 1.96512394393509E+03	 2.34996682157494E-01
 1.96512668183512E+03	 4.10613714799638E-01
 1.96512941973515E+03	 4.51101159676901E-01
 1.96513215763518E+03	 3.36016338131310E-01
 1.96513489553521E+03	 1.30050877320154E-01
 1.96513763343524E+03	-7.20276439945348E-02
 1.96514037133527E+03	-2.17154035120730E-01
 1.96514310923530E+03	-3.07600581829662E-01
 1.96514584713533E+03	-3.59125731402804E-01
 1.96514858503536E+03	-3.68174891192858E-01
 1.96515132293540E+03	-3.21357471928915E-01
 1.96515406083543E+03	-2.18521420511200E-01
 1.96515679873546E+03	-7.71143245183379E-02
 1.96515953663549E+03	 7.72816444379615E-02
 1.96516227453552E+03	 2.18417132156401E-01
 1.96516501243555E+03	 3.24869349168349E-01
 1.96516775033558E+03	 3.85020073919048E-01
 1.96517048823561E+03	 3.94167101527945E-01
 1.96517322613564E+03	 3.46289755812622E-01
 1.96517596403567E+03	 2.36602972722239E-01
 1.96517870193570E+03	 7.70745319996183E-02
 1.96518143983573E+03	-9.60604760568557E-02
 1.96518417773576E+03	-2.36487861346367E-01
 1.96518691563580E+03	-3.09409907574130E-01
 1.96518965353583E+03	-2.99590578972329E-01
 1.96519239143586E+03	-2.05815911541738E-01
 1.96519512933589E+03	-3.82317779223193E-02
 1.96519786723592E+03	 1.72538721370311E-01
 1.96520060513595E+03	 3.66496268605437E-01
 1.96520334303598E+03	 4.68396017615565E-01
 1.96520608093601E+03	 4.29826859057178E-01
 1.96520881883604E+03	 2.66983621799514E-01
 1.96521155673607E+03	 5.16375024234514E-02
 1.96521429463610E+03	-1.42024439635906E-01
 1.96521703253613E+03	-2.80468977433631E-01
 1.96521977043616E+03	-3.64136672429464E-01
 1.96522250833620E+03	-3.95151453485449E-01
 1.96522524623623E+03	-3.66742063770614E-01
 1.96522798413626E+03	-2.78678273383099E-01
 1.96523072203629E+03	-1.46983252695238E-01
 1.96523345993632E+03	 4.70061241050095E-03
 1.96523619783635E+03	 1.55102642383244E-01
 1.96523893573638E+03	 2.85993478146493E-01
 1.96524167363641E+03	 3.80574281562512E-01
 1.96524441153644E+03	 4.23371729963471E-01
 1.96524714943647E+03	 3.99390638860752E-01
 1.96524988733650E+03	 2.98640888182281E-01
 1.96525262523653E+03	 1.30824316894394E-01
 1.96525536313656E+03	-6.52151069661305E-02
 1.96525810103659E+03	-2.35300848886475E-01
 1.96526083893663E+03	-3.36336819439967E-01
 1.96526357683666E+03	-3.48569216210894E-01
 1.96526631473669E+03	-2.70063154876273E-01
 1.96526905263672E+03	-1.13283516245084E-01
 1.96527179053675E+03	 8.85311200075712E-02
 1.96527452843678E+03	 2.80271369310064E-01
 1.96527726633681E+03	 4.01148055848553E-01
 1.96528000423684E+03	 4.10825848796408E-01
 1.96528274213687E+03	 3.08852551833683E-01
 1.96528548003690E+03	 1.34165725969195E-01
 1.96528821793693E+03	-5.75539513487257E-02
 1.96529095583696E+03	-2.22853771426730E-01
 1.96529369373699E+03	-3.41365440838270E-01
 1.96529643163703E+03	-4.04224314650580E-01
 1.96529916953706E+03	-4.03061484917584E-01
 1.96530190743709E+03	-3.36330021482120E-01
 1.96530464533712E+03	-2.19245772138613E-01
 1.96530738323715E+03	-7.80175276398963E-02
 1.96531012113718E+03	 6.53020247513093E-02
 1.96531285903721E+03	 1.98313324618067E-01
 1.96531559693724E+03	 3.11473394639115E-01
 1.96531833483727E+03	 3.90085547875904E-01
 1.96532107273730E+03	 4.11917426793452E-01
 1.96532381063733E+03	 3.53801307199197E-01
 1.96532654853736E+03	 2.09689990009402E-01
 1.96532928643739E+03	 8.29383782604914E-03
 1.96533202433743E+03	-1.92738869952564E-01
 1.96533476223746E+03	-3.36783307362766E-01
 1.96533750013749E+03	-3.91630201194871E-01
 1.96534023803752E+03	-3.47314295221944E-01
 1.96534297593755E+03	-2.09065056568683E-01
 1.96534571383758E+03	-7.07765431778946E-03
 1.96534845173761E+03	 1.95592804178379E-01
 1.96535118963764E+03	 3.26551665838862E-01
 1.96535392753767E+03	 3.46291502929666E-01
 1.96535666543770E+03	 2.66360097657888E-01
 1.96535940333773E+03	 1.28548990501995E-01
 1.96536214123776E+03	-2.71100958036419E-02
 1.96536487913779E+03	-1.75814970593166E-01
 1.96536761703782E+03	-3.01585427040610E-01
 1.96537035493786E+03	-3.87315111193039E-01
 1.96537309283789E+03	-4.14284447606908E-01
 1.96537583073792E+03	-3.72522304008774E-01
 1.96537856863795E+03	-2.71711157060972E-01
 1.96538130653798E+03	-1.39037152330579E-01
 1.96538404443801E+03	-3.17552696324488E-03
 1.96538678233804E+03	 1.20202884878159E-01
 1.96538952023807E+03	 2.27908333956293E-01
 1.96539225813810E+03	 3.16614860879904E-01
 1.96539499603813E+03	 3.70869013132910E-01
 1.96539773393816E+03	 3.62914946894126E-01
 1.96540047183819E+03	 2.69533051934610E-01
 1.96540320973822E+03	 9.73482737017911E-02
 1.96540594763826E+03	-1.08033348918718E-01
 1.96540868553829E+03	-2.84381643568355E-01
 1.96541142343832E+03	-3.85463527949235E-01
 1.96541416133835E+03	-3.89889697662093E-01
 1.96541689923838E+03	-2.90500028544064E-01
 1.96541963713841E+03	-9.98381942530105E-02
 1.96542237503844E+03	 1.26623169239818E-01
 1.96542511293847E+03	 2.96433467799895E-01
 1.96542785083850E+03	 3.36809211413924E-01
 1.96543058873853E+03	 2.49173770913229E-01
 1.96543332663856E+03	 9.82672558636751E-02
 1.96543606453859E+03	-5.06136377538931E-02
 1.96543880243862E+03	-1.74439480777474E-01
 1.96544154033866E+03	-2.78959209656305E-01
 1.96544427823869E+03	-3.62628711017240E-01
 1.96544701613872E+03	-4.04942293894354E-01
 1.96544975403875E+03	-3.84343171475148E-01
 1.96545249193878E+03	-2.99130899080315E-01
 1.96545522983881E+03	-1.71210379300325E-01
 1.96545796773884E+03	-3.31583883367117E-02
 1.96546070563887E+03	 8.94872815627246E-02
 1.96546344353890E+03	 1.87975394111126E-01
 1.96546618143893E+03	 2.65331602637414E-01
 1.96546891933896E+03	 3.20687287901721E-01
 1.96547165723899E+03	 3.37167881313455E-01
 1.96547439513902E+03	 2.88006313300391E-01
 1.96547713303905E+03	 1.61018990305134E-01
 1.96547987093909E+03	-1.98682940127025E-02
 1.96548260883912E+03	-2.01046831606672E-01
 1.96548534673915E+03	-3.29928245323427E-01
 1.96548808463918E+03	-3.75991651536013E-01
 1.96549082253921E+03	-3.24014445960556E-01
 1.96549356043924E+03	-1.67784948639457E-01
 1.96549629833927E+03	 6.56756229175508E-02
 1.96549903623930E+03	 2.91163697479280E-01
 1.96550177413933E+03	 3.98592081282534E-01
 1.96550451203936E+03	 3.36063963398006E-01
 1.96550724993939E+03	 1.54363604020271E-01
 1.96550998783942E+03	-4.34321198109810E-02
 1.96551272573945E+03	-1.90708171442333E-01
 1.96551546363949E+03	-2.87390909923778E-01
 1.96551820153952E+03	-3.56504994145363E-01
 1.96552093943955E+03	-3.97361038230055E-01
 1.96552367733958E+03	-3.87612509981088E-01
 1.96552641523961E+03	-3.14178269412944E-01
 1.96552915313964E+03	-1.89597887633352E-01
 1.96553189103967E+03	-4.38562050442053E-02
 1.96553462893970E+03	 9.17999569839331E-02
 1.96553736683973E+03	 1.97207179219997E-01
 1.96554010473976E+03	 2.68140213218710E-01
 1.96554284263979E+03	 3.09617295078130E-01
 1.96554558053982E+03	 3.20450563935674E-01
 1.96554831843985E+03	 2.85403608694039E-01
 1.96555105633989E+03	 1.88504955569920E-01
 1.96555379423992E+03	 3.71238761638454E-02
 1.96555653213995E+03	-1.30345391411184E-01
 1.96555927003998E+03	-2.64546562007962E-01
 1.96556200794001E+03	-3.31017792597881E-01
 1.96556474584004E+03	-3.13135505732599E-01
 1.96556748374007E+03	-1.99059336726026E-01
 1.96557022164010E+03	 1.01705418314932E-02
 1.96557295954013E+03	 2.64797777291150E-01
 1.96557569744016E+03	 4.56352336053971E-01
 1.96557843534019E+03	 4.79519798617081E-01
 1.96558117324022E+03	 3.20551404024900E-01
 1.96558391114025E+03	 7.22517605764407E-02
 1.96558664904029E+03	-1.48807325426356E-01
 1.96558938694032E+03	-2.90789027867758E-01
 1.96559212484035E+03	-3.69728644994758E-01
 1.96559486274038E+03	-4.09118249299660E-01
 1.96559760064041E+03	-4.03535081923605E-01
 1.96560033854044E+03	-3.37740442701809E-01
 1.96560307644047E+03	-2.16302144656181E-01
 1.96560581434050E+03	-6.47621116638701E-02
 1.96560855224053E+03	 8.63730161520691E-02
 1.96561129014056E+03	 2.12036819574286E-01
 1.96561402804059E+03	 2.96882638485606E-01
 1.96561676594062E+03	 3.37660813391273E-01
 1.96561950384065E+03	 3.37660862645851E-01
 1.96562224174068E+03	 2.95106474240146E-01
 1.96562497964072E+03	 2.02564077860099E-01
 1.96562771754075E+03	 6.34450990831485E-02
 1.96563045544078E+03	-9.42724411340072E-02
 1.96563319334081E+03	-2.27264466009105E-01
 1.96563593124084E+03	-3.00388075462332E-01
 1.96563866914087E+03	-2.97622066433497E-01
 1.96564140704090E+03	-2.12015454484921E-01
 1.96564414494093E+03	-3.89576924808057E-02
 1.96564688284096E+03	 2.02548694534026E-01
 1.96564962074099E+03	 4.39915029434217E-01
 1.96565235864102E+03	 5.61940124627486E-01
 1.96565509654105E+03	 4.93725045323862E-01
 1.96565783444108E+03	 2.64294070360296E-01
 1.96566057234112E+03	-1.33127610900699E-02
 1.96566331024115E+03	-2.34478196400854E-01
 1.96566604814118E+03	-3.67267768510772E-01
 1.96566878604121E+03	-4.30448591655069E-01
 1.96567152394124E+03	-4.37370170486558E-01
 1.96567426184127E+03	-3.82115781989437E-01
 1.96567699974130E+03	-2.66315017488107E-01
 1.96567973764133E+03	-1.13329911982417E-01
 1.96568247554136E+03	 4.63370908784895E-02
 1.96568521344139E+03	 1.89315356198318E-01
 1.96568795134142E+03	 2.98404879212698E-01
 1.96569068924145E+03	 3.60558546770177E-01
 1.96569342714148E+03	 3.69912040620340E-01
 1.96569616504152E+03	 3.25988187336402E-01
 1.96569890294155E+03	 2.29106767186105E-01
 1.96570164084158E+03	 8.63059337929730E-02
 1.96570437874161E+03	-7.68958798071382E-02
 1.96570711664164E+03	-2.19339145956430E-01
 1.96570985454167E+03	-3.03975422617846E-01
 1.96571259244170E+03	-3.12645665631046E-01
 1.96571533034173E+03	-2.42015314972694E-01
 1.96571806824176E+03	-9.39100551271322E-02
 1.96572080614179E+03	 1.18995781510932E-01
 1.96572354404182E+03	 3.52919852696793E-01
 1.96572628194185E+03	 5.26310583378349E-01
 1.96572901984188E+03	 5.54255753145066E-01
 1.96573175774191E+03	 4.09497172990773E-01
 1.96573449564195E+03	 1.51604384912074E-01
 1.96573723354198E+03	-1.14784459032429E-01
 1.96573997144201E+03	-3.13935966457798E-01
 1.96574270934204E+03	-4.28593615293687E-01
 1.96574544724207E+03	-4.68565634428279E-01
 1.96574818514210E+03	-4.36764777210244E-01
 1.96575092304213E+03	-3.35714655069073E-01
 1.96575366094216E+03	-1.87275088634757E-01
 1.96575639884219E+03	-2.58550576162308E-02
 1.96575913674222E+03	 1.23335345402422E-01
 1.96576187464225E+03	 2.48111544745898E-01
 1.96576461254228E+03	 3.37307783335503E-01
 1.96576735044231E+03	 3.76721254518675E-01
 1.96577008834235E+03	 3.55429103141891E-01
 1.96577282624238E+03	 2.70000463876473E-01
 1.96577556414241E+03	 1.27770966376992E-01
 1.96577830204244E+03	-4.60505237952745E-02
 1.96578103994247E+03	-2.09074721394237E-01
 1.96578377784250E+03	-3.19080398233407E-01
 1.96578651574253E+03	-3.51766390525386E-01
 1.96578925364256E+03	-3.00721248237064E-01
 1.96579199154259E+03	-1.69221783573147E-01
 1.96579472944262E+03	 2.63897519669672E-02
 1.96579746734265E+03	 2.45237834641338E-01
 1.96580020524268E+03	 4.23027867669247E-01
 1.96580294314271E+03	 4.94580615238664E-01
 1.96580568104275E+03	 4.26571026441903E-01
 1.96580841894278E+03	 2.39298319956313E-01
 1.96581115684281E+03	-1.86301270610724E-03
 1.96581389474284E+03	-2.24361047399526E-01
 1.96581663264287E+03	-3.84257298087496E-01
 1.96581937054290E+03	-4.68390847648609E-01
 1.96582210844293E+03	-4.73581773618766E-01
 1.96582484634296E+03	-4.00145948565655E-01
 1.96582758424299E+03	-2.65598476008030E-01
 1.96583032214302E+03	-1.06692631812454E-01
 1.96583306004305E+03	 4.28049498904954E-02
 1.96583579794308E+03	 1.69566648152535E-01
 1.96583853584311E+03	 2.71376317719030E-01
 1.96584127374314E+03	 3.39177805556576E-01
 1.96584401164318E+03	 3.55118998986163E-01
 1.96584674954321E+03	 3.03727713248491E-01
 1.96584948744324E+03	 1.82963243488746E-01
 1.96585222534327E+03	 1.21940108467331E-02
 1.96585496324330E+03	-1.67260530932083E-01
 1.96585770114333E+03	-3.07519121275696E-01
 1.96586043904336E+03	-3.75695437193115E-01
 1.96586317694339E+03	-3.58619141096342E-01
 1.96586591484342E+03	-2.52998131086676E-01
 1.96586865274345E+03	-6.86485203441237E-02
 1.96587139064348E+03	 1.52524016215583E-01
 1.96587412854351E+03	 3.36952490728712E-01
 1.96587686644354E+03	 4.16701465375671E-01
 1.96587960434358E+03	 3.69980122252035E-01
 1.96588234224361E+03	 2.25185950676928E-01
 1.96588508014364E+03	 3.30720194326356E-02
 1.96588781804367E+03	-1.60435090381961E-01
 1.96589055594370E+03	-3.23360900311166E-01
 1.96589329384373E+03	-4.33780607353798E-01
 1.96589603174376E+03	-4.74190536644323E-01
 1.96589876964379E+03	-4.34012860945587E-01
 1.96590150754382E+03	-3.21393635564131E-01
 1.96590424544385E+03	-1.68870574537830E-01
 1.96590698334388E+03	-1.74967195101115E-02
 1.96590972124391E+03	 1.08501508624171E-01
 1.96591245914394E+03	 2.07706425678565E-01
 1.96591519704398E+03	 2.83133494612055E-01
 1.96591793494401E+03	 3.24690618011535E-01
 1.96592067284404E+03	 3.11572914007415E-01
 1.96592341074407E+03	 2.28443409105120E-01
 1.96592614864410E+03	 8.13026111695819E-02
 1.96592888654413E+03	-9.65507544209779E-02
 1.96593162444416E+03	-2.56002408384753E-01
 1.96593436234419E+03	-3.56201633100458E-01
 1.96593710024422E+03	-3.77241582931029E-01
 1.96593983814425E+03	-3.09771775432765E-01
 1.96594257604428E+03	-1.49181065048672E-01
 1.96594531394431E+03	 7.97864732517778E-02
 1.96594805184434E+03	 2.99635046411521E-01
 1.96595078974438E+03	 4.11689803800847E-01
 1.96595352764441E+03	 3.68816672632384E-01
 1.96595626554444E+03	 2.09742912289635E-01
 1.96595900344447E+03	 1.55749306852400E-02
 1.96596174134450E+03	-1.57151701238422E-01
 1.96596447924453E+03	-2.95216792715061E-01
 1.96596721714456E+03	-3.98512438125495E-01
 1.96596995504459E+03	-4.53034353494491E-01
 1.96597269294462E+03	-4.37183324856866E-01
 1.96597543084465E+03	-3.45440332268557E-01
 1.96597816874468E+03	-2.00756427779701E-01
 1.96598090664471E+03	-4.41201689637383E-02
 1.96598364454474E+03	 8.94241191669462E-02
 1.96598638244477E+03	 1.87615324424731E-01
 1.96598912034481E+03	 2.55993308693783E-01
 1.96599185824484E+03	 2.98124260391922E-01
 1.96599459614487E+03	 3.02828952192129E-01
 1.96599733404490E+03	 2.51020022244119E-01
 1.96600007194493E+03	 1.35184979143978E-01
 1.96600280984496E+03	-2.52162081377319E-02
 1.96600554774499E+03	-1.86778187634439E-01
 1.96600828564502E+03	-3.04450906711372E-01
 1.96601102354505E+03	-3.52440047772029E-01
 1.96601376144508E+03	-3.20242247736299E-01
 1.96601649934511E+03	-1.96058894601446E-01
 1.96601923724514E+03	 2.12283487771599E-02
 1.96602197514517E+03	 2.79679964875284E-01
 1.96602471304521E+03	 4.66108539328019E-01
 1.96602745094524E+03	 4.77187651546934E-01
 1.96603018884527E+03	 3.09041278249586E-01
 1.96603292674530E+03	 6.03073418871896E-02
 1.96603566464533E+03	-1.58712844181507E-01
 1.96603840254536E+03	-3.05829656672789E-01
 1.96604114044539E+03	-3.96917459261807E-01
 1.96604387834542E+03	-4.45676580985880E-01
 1.96604661624545E+03	-4.37984948721043E-01
 1.96604935414548E+03	-3.58052801183472E-01
 1.96605209204551E+03	-2.17660723771720E-01
 1.96605482994554E+03	-5.35794763692451E-02
 1.96605756784557E+03	 9.52619692854706E-02
 1.96606030574561E+03	 2.05863336776249E-01
 1.96606304364564E+03	 2.74528431376332E-01
 1.96606578154567E+03	 3.07566074498451E-01
 1.96606851944570E+03	 3.06925420980274E-01
 1.96607125734573E+03	 2.63483644682367E-01
 1.96607399524576E+03	 1.66862729804373E-01
 1.96607673314579E+03	 2.43722429285670E-02
 1.96607947104582E+03	-1.30887243943746E-01
 1.96608220894585E+03	-2.54671915983581E-01
 1.96608494684588E+03	-3.16202667873398E-01
 1.96608768474591E+03	-3.05076262710446E-01
 1.96609042264594E+03	-2.13719101627318E-01
 1.96609316054597E+03	-2.89603435534888E-02
 1.96609589844600E+03	 2.34784791389440E-01
 1.96609863634604E+03	 4.92392397778215E-01
 1.96610137424607E+03	 6.10886293177214E-01
 1.96610411214610E+03	 5.09525899041606E-01
 1.96610685004613E+03	 2.37614097792299E-01
 1.96610958794616E+03	-6.58081813738061E-02
 1.96611232584619E+03	-2.89493207430172E-01
 1.96611506374622E+03	-4.13546548176517E-01
 1.96611780164625E+03	-4.67485159075477E-01
 1.96612053954628E+03	-4.63416661556094E-01
 1.96612327744631E+03	-3.90022661561197E-01
 1.96612601534634E+03	-2.50495686220913E-01
 1.96612875324637E+03	-7.78435111735393E-02
 1.96613149114640E+03	 8.69719093844582E-02
 1.96613422904644E+03	 2.17249836497014E-01
 1.96613696694647E+03	 3.02306594301252E-01
 1.96613970484650E+03	 3.40677925058473E-01
 1.96614244274653E+03	 3.34881792184403E-01
 1.96614518064656E+03	 2.85801969226648E-01
 1.96614791854659E+03	 1.91041472277448E-01
 1.96615065644662E+03	 5.50707826931010E-02
 1.96615339434665E+03	-9.78260480469787E-02
 1.96615613224668E+03	-2.27451286876127E-01
 1.96615887014671E+03	-2.99429503732992E-01
 1.96616160804674E+03	-3.00730682386470E-01
 1.96616434594677E+03	-2.30261691149797E-01
 1.96616708384680E+03	-8.04182200833986E-02
 1.96616982174684E+03	 1.53623502197846E-01
 1.96617255964687E+03	 4.31273755498760E-01
 1.96617529754690E+03	 6.43719536022028E-01
 1.96617803544693E+03	 6.67828473960047E-01
 1.96618077334696E+03	 4.67733811976308E-01
 1.96618351124699E+03	 1.36544869498329E-01
 1.96618624914702E+03	-1.78387686829253E-01
 1.96618898704705E+03	-3.87388825468252E-01
 1.96619172494708E+03	-4.88145553042291E-01
 1.96619446284711E+03	-5.06807007467998E-01
 1.96619720074714E+03	-4.49064624969846E-01
 1.96619993864717E+03	-3.16471099018430E-01
 1.96620267654720E+03	-1.38064265152418E-01
 1.96620541444723E+03	 3.97860746313629E-02
 1.96620815234727E+03	 1.85555297835769E-01
 1.96621089024730E+03	 2.89856771952636E-01
 1.96621362814733E+03	 3.49404098416476E-01
 1.96621636604736E+03	 3.58748054483565E-01
 1.96621910394739E+03	 3.14939665657745E-01
 1.96622184184742E+03	 2.20301201445062E-01
 1.96622457974745E+03	 8.35247071582919E-02
 1.96622731764748E+03	-7.37167620934422E-02
 1.96623005554751E+03	-2.14831399976427E-01
 1.96623279344754E+03	-3.03118594188120E-01
 1.96623553134757E+03	-3.20355431520482E-01
 1.96623826924760E+03	-2.66386228657587E-01
 1.96624100714763E+03	-1.42457317805507E-01
 1.96624374504767E+03	 5.38425772286315E-02
 1.96624648294770E+03	 3.05390413226043E-01
 1.96624922084773E+03	 5.45818430739145E-01
 1.96625195874776E+03	 6.68719368446737E-01
 1.96625469664779E+03	 5.92828358380571E-01
 1.96625743454782E+03	 3.33046010716019E-01
 1.96626017244785E+03	-5.12883872738635E-04
 1.96626291034788E+03	-2.84519713189957E-01
 1.96626564824791E+03	-4.60129691690921E-01
 1.96626838614794E+03	-5.30450657482477E-01
 1.96627112404797E+03	-5.08710910875401E-01
 1.96627386194800E+03	-3.99898286021474E-01
 1.96627659984803E+03	-2.26969337757570E-01
 1.96627933774807E+03	-3.99113302953739E-02
 1.96628207564810E+03	 1.16866891274747E-01
 1.96628481354813E+03	 2.31054169820660E-01
 1.96628755144816E+03	 3.07882276791270E-01
 1.96629028934819E+03	 3.43963500794478E-01
 1.96629302724822E+03	 3.26461049014307E-01
 1.96629576514825E+03	 2.48741838533884E-01
 1.96629850304828E+03	 1.18514590732626E-01
 1.96630124094831E+03	-4.17385696079043E-02
 1.96630397884834E+03	-1.96120424256724E-01
 1.96630671674837E+03	-3.05688917789562E-01
 1.96630945464840E+03	-3.46256134354272E-01
 1.96631219254843E+03	-3.13720189001953E-01
 1.96631493044847E+03	-2.11280973392426E-01
 1.96631766834850E+03	-4.16569695924915E-02
 1.96632040624853E+03	 1.79045799751154E-01
 1.96632314414856E+03	 4.02462047236886E-01
 1.96632588204859E+03	 5.52147390520717E-01
 1.96632861994862E+03	 5.57930696458069E-01
 1.96633135784865E+03	 4.00497961823501E-01
 1.96633409574868E+03	 1.31470251437219E-01
 1.96633683364871E+03	-1.54756904336658E-01
 1.96633957154874E+03	-3.78126349019869E-01
 1.96634230944877E+03	-5.05305130934145E-01
 1.96634504734880E+03	-5.33421901876944E-01
 1.96634778524883E+03	-4.64716108764113E-01
 1.96635052314886E+03	-3.13831668452982E-01
 1.96635326104890E+03	-1.25368924645485E-01
 1.96635599894893E+03	 4.39348662708862E-02
 1.96635873684896E+03	 1.65299227222387E-01
 1.96636147474899E+03	 2.45979397138897E-01
 1.96636421264902E+03	 2.97168318748583E-01
 1.96636695054905E+03	 3.09542862263095E-01
 1.96636968844908E+03	 2.64296467381153E-01
 1.96637242634911E+03	 1.56356377402361E-01
 1.96637516424914E+03	 3.36222216587333E-03
 1.96637790214917E+03	-1.58804166322331E-01
 1.96638064004920E+03	-2.88092026995319E-01
 1.96638337794923E+03	-3.54061421704266E-01
 1.96638611584926E+03	-3.47325762212112E-01
 1.96638885374930E+03	-2.68821861707111E-01
 1.96639159164933E+03	-1.18494891849340E-01
 1.96639432954936E+03	 9.02850196401972E-02
 1.96639706744939E+03	 3.07337948246954E-01
 1.96639980534942E+03	 4.55520161370270E-01
 1.96640254324945E+03	 4.75540083343909E-01
 1.96640528114948E+03	 3.61016058648445E-01
 1.96640801904951E+03	 1.54051564934128E-01
 1.96641075694954E+03	-8.36049408653111E-02
 1.96641349484957E+03	-2.96536844646335E-01
 1.96641623274960E+03	-4.47449825780270E-01
 1.96641897064963E+03	-5.15171231667014E-01
 1.96642170854966E+03	-4.88137349973802E-01
 1.96642444644970E+03	-3.69233582091198E-01
 1.96642718434973E+03	-1.90338458495237E-01
 1.96642992224976E+03	-8.45951694752298E-03
 1.96643266014979E+03	 1.28819178122162E-01
 1.96643539804982E+03	 2.13267183321595E-01
 1.96643813594985E+03	 2.63457403025318E-01
 1.96644087384988E+03	 2.87557287658997E-01
 1.96644361174991E+03	 2.69821713736923E-01
 1.96644634964994E+03	 1.91766079012534E-01
 1.96644908754997E+03	 5.69426000092323E-02
 1.96645182545000E+03	-1.04225111474149E-01
 1.96645456335003E+03	-2.47402883458120E-01
 1.96645730125006E+03	-3.35271154454255E-01
 1.96646003915009E+03	-3.52494598759150E-01
 1.96646277705013E+03	-2.98826768792383E-01
 1.96646551495016E+03	-1.70455555675010E-01
 1.96646825285019E+03	 3.30535454436756E-02
 1.96647099075022E+03	 2.71455948833590E-01
 1.96647372865025E+03	 4.52536736554287E-01
 1.96647646655028E+03	 4.87528520723029E-01
 1.96647920445031E+03	 3.62981073784036E-01
 1.96648194235034E+03	 1.45850664511379E-01
 1.96648468025037E+03	-7.99784566895107E-02
 1.96648741815040E+03	-2.68136642893225E-01
 1.96649015605043E+03	-4.06252709404908E-01
 1.96649289395046E+03	-4.84173646764549E-01
 1.96649563185049E+03	-4.82742385375340E-01
 1.96649836975053E+03	-3.90874869073491E-01
 1.96650110765056E+03	-2.26432114232913E-01
 1.96650384555059E+03	-3.75876664712584E-02
 1.96650658345062E+03	 1.21370159050053E-01
 1.96650932135065E+03	 2.22456843129455E-01
 1.96651205925068E+03	 2.73315457704263E-01
 1.96651479715071E+03	 2.92897289528152E-01
 1.96651753505074E+03	 2.82348342120711E-01
 1.96652027295077E+03	 2.24815931898959E-01
 1.96652301085080E+03	 1.10610912857614E-01
 1.96652574875083E+03	-4.26941229613803E-02
 1.96652848665086E+03	-1.93724417779438E-01
 1.96653122455089E+03	-2.99146516775875E-01
 1.96653396245093E+03	-3.35893965578102E-01
 1.96653670035096E+03	-3.02850866396002E-01
 1.96653943825099E+03	-1.99144971635133E-01
 1.96654217615102E+03	-1.32877380220454E-02
 1.96654491405105E+03	 2.42851640963226E-01
 1.96654765195108E+03	 4.88869682980699E-01
 1.96655038985111E+03	 5.98891120836863E-01
 1.96655312775114E+03	 5.00195218625979E-01
 1.96655586565117E+03	 2.43064659403759E-01
 1.96655860355120E+03	-4.49961651164232E-02
 1.96656134145123E+03	-2.67439590681640E-01
 1.96656407935126E+03	-4.06397339292805E-01
 1.96656681725129E+03	-4.79099979911230E-01
 1.96656955515132E+03	-4.84491941116840E-01
 1.96657229305136E+03	-4.06677708997974E-01
 1.96657503095139E+03	-2.51203396962622E-01
 1.96657776885142E+03	-5.83727779174994E-02
 1.96658050675145E+03	 1.18502801069481E-01
 1.96658324465148E+03	 2.42822241206030E-01
 1.96658598255151E+03	 3.07711159662277E-01
 1.96658872045154E+03	 3.26498771396451E-01
 1.96659145835157E+03	 3.10877004341468E-01
 1.96659419625160E+03	 2.57313404593249E-01
 1.96659693415163E+03	 1.55899273058883E-01
 1.96659967205166E+03	 1.22539265229554E-02
 1.96660240995169E+03	-1.41810282032165E-01
 1.96660514785172E+03	-2.61658752185773E-01
 1.96660788575176E+03	-3.15823526248722E-01
 1.96661062365179E+03	-2.99031327010288E-01
 1.96661336155182E+03	-2.16735631731376E-01
 1.96661609945185E+03	-6.04858274277800E-02
 1.96661883735188E+03	 1.81370489462498E-01
 1.96662157525191E+03	 4.69666276851491E-01
 1.96662431315194E+03	 6.85096996112432E-01
 1.96662705105197E+03	 6.94141720906349E-01
 1.96662978895200E+03	 4.67102209119743E-01
 1.96663252685203E+03	 1.15584783669298E-01
 1.96663526475206E+03	-2.03056050518493E-01
 1.96663800265209E+03	-4.06037791202325E-01
 1.96664074055212E+03	-5.01392131731086E-01
 1.96664347845216E+03	-5.15560347733580E-01
 1.96664621635219E+03	-4.47659319352536E-01
 1.96664895425222E+03	-2.96490754597133E-01
 1.96665169215225E+03	-9.63657069218099E-02
 1.96665443005228E+03	 9.58789423712841E-02
 1.96665716795231E+03	 2.39045641243563E-01
 1.96665990585234E+03	 3.22539133205221E-01
 1.96666264375237E+03	 3.53491118848547E-01
 1.96666538165240E+03	 3.40477199608267E-01
 1.96666811955243E+03	 2.86157886034601E-01
 1.96667085745246E+03	 1.88566351749710E-01
 1.96667359535249E+03	 5.14498240324357E-02
 1.96667633325252E+03	-1.02804927426723E-01
 1.96667907115256E+03	-2.34225617332202E-01
 1.96668180905259E+03	-3.05977240381510E-01
 1.96668454695262E+03	-3.05365830153349E-01
 1.96668728485265E+03	-2.40210821135877E-01
 1.96669002275268E+03	-1.13132287528679E-01
 1.96669276065271E+03	 8.99986623687443E-02
 1.96669549855274E+03	 3.66289206656133E-01
 1.96669823645277E+03	 6.43237754554328E-01
 1.96670097435280E+03	 7.83739703891092E-01
 1.96670371225283E+03	 6.81155249069971E-01
 1.96670645015286E+03	 3.61467998194203E-01
 1.96670918805289E+03	-2.67806656208731E-02
 1.96671192595292E+03	-3.33281425816617E-01
 1.96671466385295E+03	-5.03151587278110E-01
 1.96671740175299E+03	-5.56546930384211E-01
 1.96672013965302E+03	-5.13619487262040E-01
 1.96672287755305E+03	-3.76980976209199E-01
 1.96672561545308E+03	-1.72366046820473E-01
 1.96672835335311E+03	 3.84302363279451E-02
 1.96673109125314E+03	 1.99486192849364E-01
 1.96673382915317E+03	 2.96144354977668E-01
 1.96673656705320E+03	 3.41240942857582E-01
 1.96673930495323E+03	 3.43726825182493E-01
 1.96674204285326E+03	 3.00951698015893E-01
 1.96674478075329E+03	 2.10108119603914E-01
 1.96674751865332E+03	 7.75828052061527E-02
 1.96675025655335E+03	-7.64111217877986E-02
 1.96675299445339E+03	-2.16980827395142E-01
 1.96675573235342E+03	-3.06273013494350E-01
 1.96675847025345E+03	-3.24381505787882E-01
 1.96676120815348E+03	-2.76002685067738E-01
 1.96676394605351E+03	-1.71657528537242E-01
 1.96676668395354E+03	-7.24053541359332E-03
 1.96676942185357E+03	 2.24820251701384E-01
 1.96677215975360E+03	 4.93787378372924E-01
 1.96677489765363E+03	 7.04697541350480E-01
 1.96677763555366E+03	 7.38000281547781E-01
 1.96678037345369E+03	 5.41483555666843E-01
 1.96678311135372E+03	 1.87264939326467E-01
 1.96678584925375E+03	-1.76613337942398E-01
 1.96678858715379E+03	-4.35312319718169E-01
 1.96679132505382E+03	-5.60272741947282E-01
 1.96679406295385E+03	-5.67939878555753E-01
 1.96679680085388E+03	-4.68527051859611E-01
 1.96679953875391E+03	-2.78397934066125E-01
 1.96680227665394E+03	-5.32955958871062E-02
 1.96680501455397E+03	 1.32864872980003E-01
 1.96680775245400E+03	 2.44254202867043E-01
 1.96681049035403E+03	 2.95980154481972E-01
 1.96681322825406E+03	 3.12040999426558E-01
 1.96681596615409E+03	 2.92026875808843E-01
 1.96681870405412E+03	 2.22247442038528E-01
 1.96682144195415E+03	 1.01503476220222E-01
 1.96682417985418E+03	-5.05158319226111E-02
 1.96682691775422E+03	-1.98980202768090E-01
 1.96682965565425E+03	-3.05131987015125E-01
 1.96683239355428E+03	-3.43476288366615E-01
 1.96683513145431E+03	-3.13208962645928E-01
 1.96683786935434E+03	-2.26962187050282E-01
 1.96684060725437E+03	-8.89804828278248E-02
 1.96684334515440E+03	 1.04466996767611E-01
 1.96684608305443E+03	 3.36506070825493E-01
 1.96684882095446E+03	 5.46068159991516E-01
 1.96685155885449E+03	 6.43016058282048E-01
 1.96685429675452E+03	 5.61003103679771E-01
 1.96685703465455E+03	 3.10164137853512E-01
 1.96685977255458E+03	-1.91011481762736E-02
 1.96686251045462E+03	-3.13361831581488E-01
 1.96686524835465E+03	-5.02712477567627E-01
 1.96686798625468E+03	-5.72365444428600E-01
 1.96687072415471E+03	-5.26872749938984E-01
 1.96687346205474E+03	-3.74820740333595E-01
 1.96687619995477E+03	-1.54830340671040E-01
 1.96687893785480E+03	 5.71188809415313E-02
 1.96688167575483E+03	 1.96248903123319E-01
 1.96688441365486E+03	 2.56831937097421E-01
 1.96688715155489E+03	 2.74124208879096E-01
 1.96688988945492E+03	 2.68425110670494E-01
 1.96689262735495E+03	 2.26024830623689E-01
 1.96689536525498E+03	 1.29353689020411E-01
 1.96689810315502E+03	-1.31792605899557E-02
 1.96690084105505E+03	-1.67200039040720E-01
 1.96690357895508E+03	-2.89693264910938E-01
 1.96690631685511E+03	-3.48517398157381E-01
 1.96690905475514E+03	-3.36234622490136E-01
 1.96691179265517E+03	-2.64749822549424E-01
 1.96691453055520E+03	-1.42704091692945E-01
 1.96691726845523E+03	 3.17199775697159E-02
 1.96692000635526E+03	 2.44360520079868E-01
 1.96692274425529E+03	 4.39892978259591E-01
 1.96692548215532E+03	 5.40463967816900E-01
 1.96692822005535E+03	 4.95325134782844E-01
 1.96693095795538E+03	 3.12525776240502E-01
 1.96693369585541E+03	 5.04771211721855E-02
 1.96693643375545E+03	-2.14310413161384E-01
 1.96693917165548E+03	-4.19172454359410E-01
 1.96694190955551E+03	-5.29780705291438E-01
 1.96694464745554E+03	-5.32723242117700E-01
 1.96694738535557E+03	-4.25919503052224E-01
 1.96695012325560E+03	-2.30497158072610E-01
 1.96695286115563E+03	-6.91582796656377E-03
 1.96695559905566E+03	 1.67612163634454E-01
 1.96695833695569E+03	 2.53870653547954E-01
 1.96696107485572E+03	 2.72534396653854E-01
 1.96696381275575E+03	 2.62822837241657E-01
 1.96696655065578E+03	 2.32502969105162E-01
 1.96696928855581E+03	 1.60230360820034E-01
 1.96697202645585E+03	 3.55363467944447E-02
 1.96697476435588E+03	-1.18174992314082E-01
 1.96697750225591E+03	-2.55564771858667E-01
 1.96698024015594E+03	-3.35536024534470E-01
 1.96698297805597E+03	-3.41361244424230E-01
 1.96698571595600E+03	-2.81860147546287E-01
 1.96698845385603E+03	-1.69761302517995E-01
 1.96699119175606E+03	-3.29730231639910E-03
 1.96699392965609E+03	 2.13168797573818E-01
 1.96699666755612E+03	 4.27915514554085E-01
 1.96699940545615E+03	 5.47143988799660E-01
 1.96700214335618E+03	 5.03468975389747E-01
 1.96700488125621E+03	 3.13511484644149E-01
 1.96700761915625E+03	 5.80020655923967E-02
 1.96701035705628E+03	-1.84202103244410E-01
 1.96701309495631E+03	-3.71718591095387E-01
 1.96701583285634E+03	-4.86893302459445E-01
 1.96701857075637E+03	-5.13628142636603E-01
 1.96702130865640E+03	-4.38345635495172E-01
 1.96702404655643E+03	-2.68642548061344E-01
 1.96702678445646E+03	-4.81560090721008E-02
 1.96702952235649E+03	 1.53055878473907E-01
 1.96703226025652E+03	 2.77072335656659E-01
 1.96703499815655E+03	 3.15005306675006E-01
 1.96703773605658E+03	 3.00043253779149E-01
 1.96704047395661E+03	 2.61718491821004E-01
 1.96704321185665E+03	 1.96526504000220E-01
 1.96704594975668E+03	 8.72008851801036E-02
 1.96704868765671E+03	-6.05239416092503E-02
 1.96705142555674E+03	-2.08817891001805E-01
 1.96705416345677E+03	-3.10441392578533E-01
 1.96705690135680E+03	-3.37196360107670E-01
 1.96705963925683E+03	-2.90920619451990E-01
 1.96706237715686E+03	-1.87551869187113E-01
 1.96706511505689E+03	-2.97576541990141E-02
 1.96706785295692E+03	 1.90289562646937E-01
 1.96707059085695E+03	 4.43252892778646E-01
 1.96707332875698E+03	 6.30662861853572E-01
 1.96707606665701E+03	 6.38794265024760E-01
 1.96707880455704E+03	 4.41376353277913E-01
 1.96708154245708E+03	 1.30973059886131E-01
 1.96708428035711E+03	-1.62685616390713E-01
 1.96708701825714E+03	-3.68778254090637E-01
 1.96708975615717E+03	-4.83704112724694E-01
 1.96709249405720E+03	-5.15334991535432E-01
 1.96709523195723E+03	-4.54168466082145E-01
 1.96709796985726E+03	-2.98003504942503E-01
 1.96710070775729E+03	-8.07194631437261E-02
 1.96710344565732E+03	 1.34800081650669E-01
 1.96710618355735E+03	 2.89875820114135E-01
 1.96710892145738E+03	 3.59603599184526E-01
 1.96711165935741E+03	 3.57750196872001E-01
 1.96711439725744E+03	 3.13579160245606E-01
 1.96711713515748E+03	 2.41551542785688E-01
 1.96711987305751E+03	 1.35658817548802E-01
 1.96712261095754E+03	-6.44745264543618E-03
 1.96712534885757E+03	-1.60466912578679E-01
 1.96712808675760E+03	-2.81556222807639E-01
 1.96713082465763E+03	-3.32455844524642E-01
 1.96713356255766E+03	-3.05089227935937E-01
 1.96713630045769E+03	-2.14942033902221E-01
 1.96713903835772E+03	-7.27231963053483E-02
 1.96714177625775E+03	 1.32110028148418E-01
 1.96714451415778E+03	 3.99607003958168E-01
 1.96714725205781E+03	 6.61833956266613E-01
 1.96714998995784E+03	 7.84366185064940E-01
 1.96715272785788E+03	 6.65346376275569E-01
 1.96715546575791E+03	 3.39084430712083E-01
 1.96715820365794E+03	-4.26043664408590E-02
 1.96716094155797E+03	-3.37057633548556E-01
 1.96716367945800E+03	-4.99261233315716E-01
 1.96716641735803E+03	-5.50123413395840E-01
 1.96716915525806E+03	-5.03433945077155E-01
 1.96717189315809E+03	-3.57335664825755E-01
 1.96717463105812E+03	-1.37295473322969E-01
 1.96717736895815E+03	 9.21682488742936E-02
 1.96718010685818E+03	 2.66900785259985E-01
 1.96718284475821E+03	 3.60209710071166E-01
 1.96718558265824E+03	 3.81068108934416E-01
 1.96718832055827E+03	 3.50016303070675E-01
 1.96719105845831E+03	 2.80565080146188E-01
 1.96719379635834E+03	 1.75373042136356E-01
 1.96719653425837E+03	 3.62503414064355E-02
 1.96719927215840E+03	-1.19619594775688E-01
 1.96720201005843E+03	-2.54803983523618E-01
 1.96720474795846E+03	-3.29089725595912E-01
 1.96720748585849E+03	-3.24989727195846E-01
 1.96721022375852E+03	-2.53897767147025E-01
 1.96721296165855E+03	-1.33612564412586E-01
 1.96721569955858E+03	 3.87978799534478E-02
 1.96721843745861E+03	 2.79156712261456E-01
 1.96722117535864E+03	 5.64093353585546E-01
 1.96722391325867E+03	 7.89772615848801E-01
 1.96722665115871E+03	 8.16091849748846E-01
 1.96722938905874E+03	 5.84151328971394E-01
 1.96723212695877E+03	 1.85918161061436E-01
 1.96723486485880E+03	-2.04235640190175E-01
 1.96723760275883E+03	-4.64549403713452E-01
 1.96724034065886E+03	-5.77582743565734E-01
 1.96724307855889E+03	-5.69224736047803E-01
 1.96724581645892E+03	-4.49874076023971E-01
 1.96724855435895E+03	-2.35767355095698E-01
 1.96725129225898E+03	 1.14230154873859E-02
 1.96725403015901E+03	 2.09466765459280E-01
 1.96725676805904E+03	 3.16898975972191E-01
 1.96725950595907E+03	 3.48236378519409E-01
 1.96726224385911E+03	 3.33673596133282E-01
 1.96726498175914E+03	 2.83983086974243E-01
 1.96726771965917E+03	 1.94193160592949E-01
 1.96727045755920E+03	 6.41413453989388E-02
 1.96727319545923E+03	-8.94851271349534E-02
 1.96727593335926E+03	-2.32744419898996E-01
 1.96727867125929E+03	-3.25629272339043E-01
 1.96728140915932E+03	-3.43655206010486E-01
 1.96728414705935E+03	-2.92051733934335E-01
 1.96728688495938E+03	-1.92731599725136E-01
 1.96728962285941E+03	-5.43736997215589E-02
 1.96729236075944E+03	 1.37283883512119E-01
 1.96729509865947E+03	 3.86796171359792E-01
 1.96729783655950E+03	 6.40083095613991E-01
 1.96730057445954E+03	 7.79969043273792E-01
 1.96730331235957E+03	 6.99027445844142E-01
 1.96730605025960E+03	 3.96739691734586E-01
 1.96730878815963E+03	-2.91517831518763E-03
 1.96731152605966E+03	-3.44282393989084E-01
 1.96731426395969E+03	-5.44829444746829E-01
 1.96731700185972E+03	-6.03181096328301E-01
 1.96731973975975E+03	-5.35812185617961E-01
 1.96732247765978E+03	-3.53474903043542E-01
 1.96732521555981E+03	-1.00880039365990E-01
 1.96732795345984E+03	 1.30806077059320E-01
 1.96733069135987E+03	 2.65502186495314E-01
 1.96733342925990E+03	 3.00699261670605E-01
 1.96733616715994E+03	 2.84396087434704E-01
 1.96733890505997E+03	 2.48400667792609E-01
 1.96734164296000E+03	 1.84800528500327E-01
 1.96734438086003E+03	 7.74095135180569E-02
 1.96734711876006E+03	-6.61736568699073E-02
 1.96734985666009E+03	-2.12780880570995E-01
 1.96735259456012E+03	-3.20016563939989E-01
 1.96735533246015E+03	-3.56854335180909E-01
 1.96735807036018E+03	-3.20541577070412E-01
 1.96736080826021E+03	-2.33283421595734E-01
 1.96736354616024E+03	-1.14779368106137E-01
 1.96736628406027E+03	 3.88472709063442E-02
 1.96736902196030E+03	 2.38247871047054E-01
 1.96737175986034E+03	 4.59681495932156E-01
 1.96737449776037E+03	 6.26708578471453E-01
 1.96737723566040E+03	 6.44616586829129E-01
 1.96737997356043E+03	 4.68822054620928E-01
 1.96738271146046E+03	 1.49990000328520E-01
 1.96738544936049E+03	-1.92347612460100E-01
 1.96738818726052E+03	-4.49296197972629E-01
 1.96739092516055E+03	-5.75801585399470E-01
 1.96739366306058E+03	-5.71753780197902E-01
 1.96739640096061E+03	-4.43100998597682E-01
 1.96739913886064E+03	-2.12998661168979E-01
 1.96740187676067E+03	 4.41373061904633E-02
 1.96740461466070E+03	 2.27888407145388E-01
 1.96740735256074E+03	 2.90342317203307E-01
 1.96741009046077E+03	 2.67509252485491E-01
 1.96741282836080E+03	 2.20678276118233E-01
 1.96741556626083E+03	 1.67586155604746E-01
 1.96741830416086E+03	 8.50710110223174E-02
 1.96742104206089E+03	-4.05559909998837E-02
 1.96742377996092E+03	-1.86350088530808E-01
 1.96742651786095E+03	-3.07081199194190E-01
 1.96742925576098E+03	-3.63047780916737E-01
 1.96743199366101E+03	-3.40936691247720E-01
 1.96743473156104E+03	-2.58010741507388E-01
 1.96743746946107E+03	-1.41326333250322E-01
 1.96744020736110E+03	 6.77212668798687E-04
 1.96744294526113E+03	 1.75173258856200E-01
 1.96744568316117E+03	 3.67430139213767E-01
 1.96744842106120E+03	 5.18472896835300E-01
 1.96745115896123E+03	 5.53792826204082E-01
 1.96745389686126E+03	 4.36368815060416E-01
 1.96745663476129E+03	 1.93942373362343E-01
 1.96745937266132E+03	-9.66735561218166E-02
 1.96746211056135E+03	-3.50480750089955E-01
 1.96746484846138E+03	-5.10513030711041E-01
 1.96746758636141E+03	-5.54693368307875E-01
 1.96747032426144E+03	-4.78192607140420E-01
 1.96747306216147E+03	-2.89189729357202E-01
 1.96747580006150E+03	-3.38992138417606E-02
 1.96747853796153E+03	 1.95849147878958E-01
 1.96748127586157E+03	 3.15660317197716E-01
 1.96748401376160E+03	 3.15433856106454E-01
 1.96748675166163E+03	 2.53837825954669E-01
 1.96748948956166E+03	 1.84256618191643E-01
 1.96749222746169E+03	 1.06737009814531E-01
 1.96749496536172E+03	-3.71589411746720E-03
 1.96749770326175E+03	-1.45377668398390E-01
 1.96750044116178E+03	-2.79453390371228E-01
 1.96750317906181E+03	-3.58466939630554E-01
 1.96750591696184E+03	-3.56386115434654E-01
 1.96750865486187E+03	-2.80410220453005E-01
 1.96751139276190E+03	-1.58494413174717E-01
 1.96751413066193E+03	-9.67874165113556E-03
 1.96751686856197E+03	 1.68036120264001E-01
 1.96751960646200E+03	 3.65934023586452E-01
 1.96752234436203E+03	 5.27159512394544E-01
 1.96752508226206E+03	 5.67971935148356E-01
 1.96752782016209E+03	 4.48000225157196E-01
 1.96753055806212E+03	 2.07731380778854E-01
 1.96753329596215E+03	-6.70267787530361E-02
 1.96753603386218E+03	-3.03406603574594E-01
 1.96753877176221E+03	-4.62506455478292E-01
 1.96754150966224E+03	-5.25433054112363E-01
 1.96754424756227E+03	-4.79970414951415E-01
 1.96754698546230E+03	-3.25365712579287E-01
 1.96754972336233E+03	-8.99633365712873E-02
 1.96755246126236E+03	 1.57924468920067E-01
 1.96755519916240E+03	 3.32726653459143E-01
 1.96755793706243E+03	 3.85980057432315E-01
 1.96756067496246E+03	 3.39412172674633E-01
 1.96756341286249E+03	 2.52137375084693E-01
 1.96756615076252E+03	 1.57719577405294E-01
 1.96756888866255E+03	 4.70041121561428E-02
 1.96757162656258E+03	-9.17301368054212E-02
 1.96757436446261E+03	-2.36314130179388E-01
 1.96757710236264E+03	-3.39930076125883E-01
 1.96757984026267E+03	-3.65358677568758E-01
 1.96758257816270E+03	-3.07284060880508E-01
 1.96758531606273E+03	-1.88431919738487E-01
 1.96758805396276E+03	-3.38114167164983E-02
 1.96759079186280E+03	 1.52552834593163E-01
 1.96759352976283E+03	 3.71474836216292E-01
 1.96759626766286E+03	 5.79222817129887E-01
 1.96759900556289E+03	 6.76726311445654E-01
 1.96760174346292E+03	 5.81980929535636E-01
 1.96760448136295E+03	 3.14908635505358E-01
 1.96760721926297E+03	-1.14386654786018E-02
 1.96760995716301E+03	-2.84189919451033E-01
 1.96761269506304E+03	-4.56218764808000E-01
 1.96761543296307E+03	-5.26592040158752E-01
 1.96761817086310E+03	-4.94796576972847E-01
 1.96762090876313E+03	-3.57303053628167E-01
 1.96762364666316E+03	-1.35608324106796E-01
 1.96762638456320E+03	 1.12385421295395E-01
 1.96762912246323E+03	 3.13292921958832E-01
 1.96763186036326E+03	 4.14053361862378E-01
 1.96763459826329E+03	 4.08314379409337E-01
 1.96763733616332E+03	 3.31741894758083E-01
 1.96764007406335E+03	 2.25579230982115E-01
 1.96764281196338E+03	 1.04221894723009E-01
 1.96764554986341E+03	-3.69947531130460E-02
 1.96764828776344E+03	-1.88145211288656E-01
 1.96765102566347E+03	-3.11881721086993E-01
 1.96765376356350E+03	-3.66442255490697E-01
 1.96765650146353E+03	-3.35244104108828E-01
 1.96765923936356E+03	-2.33300262697758E-01
 1.96766197726359E+03	-8.70933994858019E-02
 1.96766471516363E+03	 9.31562933224930E-02
 1.96766745306366E+03	 3.15157280637504E-01
 1.96767019096369E+03	 5.61725045562991E-01
 1.96767292886372E+03	 7.47169877120390E-01
 1.96767566676375E+03	 7.50642627221405E-01
 1.96767840466378E+03	 5.23204777471880E-01
 1.96768114256381E+03	 1.51584004886519E-01
 1.96768388046384E+03	-2.07391569209164E-01
 1.96768661836387E+03	-4.47894783355059E-01
 1.96768935626390E+03	-5.54205741330611E-01
 1.96769209416393E+03	-5.43906544668080E-01
 1.96769483206396E+03	-4.22294526627814E-01
 1.96769756996399E+03	-2.05134369483117E-01
 1.96770030786403E+03	 4.96418614678951E-02
 1.96770304576406E+03	 2.63073649177206E-01
 1.96770578366409E+03	 3.83802226225700E-01
 1.96770852156412E+03	 4.07662253845789E-01
 1.96771125946415E+03	 3.59867276663758E-01
 1.96771399736418E+03	 2.68422021762662E-01
 1.96771673526421E+03	 1.49002869666868E-01
 1.96771947316424E+03	 6.74182825838155E-03
 1.96772221106427E+03	-1.47664770816949E-01
 1.96772494896430E+03	-2.84306628821033E-01
 1.96772768686433E+03	-3.62892710108128E-01
 1.96773042476436E+03	-3.59189868369318E-01
 1.96773316266439E+03	-2.80821179307502E-01
 1.96773590056443E+03	-1.54568792025301E-01
 1.96773863846446E+03	 2.87549258392511E-03
 1.96774137636449E+03	 1.99378952300215E-01
 1.96774411426452E+03	 4.41375164042422E-01
 1.96774685216455E+03	 6.81512548761048E-01
 1.96774959006458E+03	 8.04641188601826E-01
 1.96775232796461E+03	 7.01871397501201E-01
 1.96775506586464E+03	 3.77891938650383E-01
 1.96775780376467E+03	-3.21379242135576E-02
 1.96776054166470E+03	-3.68307013663608E-01
 1.96776327956473E+03	-5.54796693883286E-01
 1.96776601746476E+03	-5.97366337386669E-01
 1.96776875536479E+03	-5.13520650381875E-01
 1.96777149326483E+03	-3.14491148769582E-01
 1.96777423116486E+03	-4.84468107330553E-02
 1.96777696906489E+03	 1.91498449281771E-01
 1.96777970696492E+03	 3.29305749777359E-01
 1.96778244486495E+03	 3.58686906356643E-01
 1.96778518276498E+03	 3.21872121714355E-01
 1.96778792066501E+03	 2.53401998836227E-01
 1.96779065856504E+03	 1.58215405401173E-01
 1.96779339646507E+03	 3.12309859403102E-02
 1.96779613436510E+03	-1.18685030830960E-01
 1.96779887226513E+03	-2.61993597164226E-01
 1.96780161016516E+03	-3.58265439681582E-01
 1.96780434806519E+03	-3.77505600069488E-01
 1.96780708596522E+03	-3.19719889632183E-01
 1.96780982386526E+03	-2.11771671622029E-01
 1.96781256176529E+03	-7.91523869738981E-02
 1.96781529966532E+03	 7.90093742881868E-02
 1.96781803756535E+03	 2.79811703624992E-01
 1.96782077546538E+03	 5.11984551677733E-01
 1.96782351336541E+03	 6.99642572254996E-01
 1.96782625126544E+03	 7.27985866517913E-01
 1.96782898916547E+03	 5.32384477153159E-01
 1.96783172706550E+03	 1.70281681661478E-01
 1.96783446496553E+03	-2.10525580682972E-01
 1.96783720286556E+03	-4.81961514491606E-01
 1.96783994076559E+03	-6.02362684057880E-01
 1.96784267866562E+03	-5.82064649442182E-01
 1.96784541656566E+03	-4.30924895867466E-01
 1.96784815446569E+03	-1.75901219745087E-01
 1.96785089236572E+03	 9.78033572318083E-02
 1.96785363026575E+03	 2.80271711134781E-01
 1.96785636816578E+03	 3.25114187415401E-01
 1.96785910606581E+03	 2.77117181044841E-01
 1.96786184396584E+03	 2.04767462140761E-01
 1.96786458186587E+03	 1.29910265345696E-01
 1.96786731976590E+03	 3.27874251239746E-02
 1.96787005766593E+03	-9.82290635020307E-02
 1.96787279556596E+03	-2.40609038118237E-01
 1.96787553346599E+03	-3.50536589673557E-01
 1.96787827136602E+03	-3.89785706895787E-01
 1.96788100926606E+03	-3.48005456051736E-01
 1.96788374716609E+03	-2.48211677152492E-01
 1.96788648506612E+03	-1.25270409764211E-01
 1.96788922296615E+03	 7.33208106854048E-03
 1.96789196086618E+03	 1.64044225287849E-01
 1.96789469876621E+03	 3.52917678224343E-01
 1.96789743666624E+03	 5.34874191734080E-01
 1.96790017456627E+03	 6.24347312646629E-01
 1.96790291246630E+03	 5.43074183399728E-01
 1.96790565036633E+03	 2.87427695904023E-01
 1.96790838826636E+03	-5.38730920452196E-02
 1.96791112616639E+03	-3.57015638982514E-01
 1.96791386406642E+03	-5.41308568685608E-01
 1.96791660196645E+03	-5.88178211564828E-01
 1.96791933986649E+03	-5.01299318410008E-01
 1.96792207776652E+03	-2.89853456259602E-01
 1.96792481566655E+03	-7.09656258165901E-03
 1.96792755356658E+03	 2.34815149155781E-01
 1.96793029146661E+03	 3.36572080347078E-01
 1.96793302936664E+03	 2.96789697324738E-01
 1.96793576726667E+03	 1.97323855450683E-01
 1.96793850516670E+03	 1.06591812064507E-01
 1.96794124306673E+03	 2.39298270891348E-02
 1.96794398096676E+03	-8.24725530050744E-02
 1.96794671886679E+03	-2.14683071951765E-01
 1.96794945676682E+03	-3.34367533675969E-01
 1.96795219466685E+03	-3.94222047263384E-01
 1.96795493256689E+03	-3.69926054683944E-01
 1.96795767046692E+03	-2.73581663490039E-01
 1.96796040836695E+03	-1.42782283511016E-01
 1.96796314626698E+03	-7.89807909365797E-03
 1.96796588416701E+03	 1.31559567014665E-01
 1.96796862206704E+03	 2.87747149270963E-01
 1.96797135996707E+03	 4.41021089652897E-01
 1.96797409786710E+03	 5.28923110675634E-01
 1.96797683576713E+03	 4.87165335714473E-01
 1.96797957366716E+03	 3.01767904930388E-01
 1.96798231156719E+03	 2.49261928356688E-02
 1.96798504946722E+03	-2.54144206879798E-01
 1.96798778736725E+03	-4.57230262411231E-01
 1.96799052526729E+03	-5.45657662959525E-01
 1.96799326316732E+03	-5.10336501460455E-01
 1.96799600106735E+03	-3.51709769970078E-01
 1.96799873896738E+03	-9.40385676843948E-02
 1.96800147686741E+03	 1.82289214010423E-01
 1.96800421476744E+03	 3.61986363740830E-01
 1.96800695266747E+03	 3.80620073544100E-01
 1.96800969056750E+03	 2.78730609682102E-01
 1.96801242846753E+03	 1.49248291719370E-01
 1.96801516636756E+03	 4.17301079644696E-02
 1.96801790426759E+03	-6.06498961936612E-02
 1.96802064216762E+03	-1.82710657684196E-01
 1.96802338006765E+03	-3.07741160882539E-01
 1.96802611796768E+03	-3.88814035297913E-01
 1.96802885586772E+03	-3.88468633199191E-01
 1.96803159376775E+03	-3.03333529012878E-01
 1.96803433166778E+03	-1.63258460819485E-01
 1.96803706956781E+03	-7.56715837277894E-03
 1.96803980746784E+03	 1.46069072177244E-01
 1.96804254536787E+03	 3.03140070633819E-01
 1.96804528326790E+03	 4.52838471368971E-01
 1.96804802116793E+03	 5.39935220182825E-01
 1.96805075906796E+03	 4.98877865425343E-01
 1.96805349696799E+03	 3.17177180701099E-01
 1.96805623486802E+03	 5.23511644783932E-02
 1.96805897276805E+03	-2.11000125060831E-01
 1.96806171066808E+03	-4.08651358774543E-01
 1.96806444856812E+03	-5.08453224659853E-01
 1.96806718646815E+03	-4.97694469074349E-01
 1.96806992436818E+03	-3.73252734219342E-01
 1.96807266226821E+03	-1.48807884283933E-01
 1.96807540016824E+03	 1.24735591050952E-01
 1.96807813806827E+03	 3.55358174443408E-01
 1.96808087596830E+03	 4.54307372297729E-01
 1.96808361386833E+03	 4.02791526321928E-01
 1.96808635176836E+03	 2.64007786672460E-01
 1.96808908966839E+03	 1.16523177351243E-01
 1.96809182756842E+03	-1.31046841494414E-02
 1.96809456546845E+03	-1.41628498198652E-01
 1.96809730336848E+03	-2.72759504834921E-01
 1.96810004126852E+03	-3.73524525790797E-01
 1.96810277916855E+03	-4.01893717574992E-01
 1.96810551706858E+03	-3.41006149296593E-01
 1.96810825496861E+03	-2.07998509739055E-01
 1.96811099286864E+03	-3.91212226620346E-02
 1.96811373076867E+03	 1.37323618627028E-01
 1.96811646866870E+03	 3.16309547938240E-01
 1.96811920656873E+03	 4.92157580244207E-01
 1.96812194446876E+03	 6.16894383425933E-01
 1.96812468236879E+03	 6.09288912199046E-01
 1.96812742026882E+03	 4.28981383618492E-01
 1.96813015816885E+03	 1.30723918107042E-01
 1.96813289606888E+03	-1.73435724095962E-01
 1.96813563396892E+03	-3.96872181785161E-01
 1.96813837186895E+03	-5.10405158684390E-01
 1.96814110976898E+03	-5.12647137901548E-01
 1.96814384766901E+03	-4.03925917886787E-01
 1.96814658556904E+03	-1.97013592392833E-01
 1.96814932346907E+03	 6.37680196524295E-02
 1.96815206136910E+03	 3.05596620704428E-01
 1.96815479926913E+03	 4.53835873930930E-01
 1.96815753716916E+03	 4.69292594923236E-01
 1.96816027506919E+03	 3.71346158019945E-01
 1.96816301296922E+03	 2.19267594123151E-01
 1.96816575086925E+03	 6.23015028438291E-02
 1.96816848876928E+03	-8.74844261238428E-02
 1.96817122666931E+03	-2.31526710117151E-01
 1.96817396456935E+03	-3.50358096662925E-01
 1.96817670246938E+03	-4.06802562890198E-01
 1.96817944036941E+03	-3.76991583398089E-01
 1.96818217826944E+03	-2.68247020164916E-01
 1.96818491616947E+03	-1.09821609289577E-01
 1.96818765406950E+03	 6.98115111292640E-02
 1.96819039196953E+03	 2.60475555742822E-01
 1.96819312986956E+03	 4.60965245034192E-01
 1.96819586776959E+03	 6.39505615642063E-01
 1.96819860566962E+03	 7.12686224803556E-01
 1.96820134356965E+03	 5.97937480142364E-01
 1.96820408146968E+03	 3.02567302862231E-01
 1.96820681936971E+03	-5.99629497123565E-02
 1.96820955726975E+03	-3.56924100476204E-01
 1.96821229516978E+03	-5.23445509474052E-01
 1.96821503306981E+03	-5.58437794779062E-01
 1.96821777096984E+03	-4.72165318166379E-01
 1.96822050886987E+03	-2.76461089854953E-01
 1.96822324676990E+03	-1.57036385695219E-02
 1.96822598466993E+03	 2.30779164489165E-01
 1.96822872256996E+03	 3.91096953860542E-01
 1.96823146046999E+03	 4.37596282255466E-01
 1.96823419837002E+03	 3.85606665555238E-01
 1.96823693627005E+03	 2.70273686043877E-01
 1.96823967417008E+03	 1.24608393775540E-01
 1.96824241207011E+03	-3.18478295770259E-02
 1.96824514997015E+03	-1.87605296314189E-01
 1.96824788787018E+03	-3.22399778233703E-01
 1.96825062577021E+03	-4.02777563486422E-01
 1.96825336367024E+03	-4.01886415318652E-01
 1.96825610157027E+03	-3.21050907547403E-01
 1.96825883947030E+03	-1.86816855835365E-01
 1.96826157737033E+03	-2.75390003838218E-02
 1.96826431527036E+03	 1.46657567425275E-01
 1.96826705317039E+03	 3.40920910241076E-01
 1.96826979107042E+03	 5.44272771696149E-01
 1.96827252897045E+03	 6.94435452178987E-01
 1.96827526687048E+03	 6.92326246030231E-01
 1.96827800477051E+03	 4.82869823259846E-01
 1.96828074267054E+03	 1.25683047631525E-01
 1.96828348057058E+03	-2.36782856479403E-01
 1.96828621847061E+03	-4.86438948136484E-01
 1.96828895637064E+03	-5.87987220338448E-01
 1.96829169427067E+03	-5.51427512215025E-01
 1.96829443217070E+03	-3.87290565511118E-01
 1.96829717007073E+03	-1.27766352527394E-01
 1.96829990797076E+03	 1.41924686119030E-01
 1.96830264587079E+03	 3.21790772365563E-01
 1.96830538377082E+03	 3.70974921846125E-01
 1.96830812167085E+03	 3.23190279449413E-01
 1.96831085957088E+03	 2.32307955732110E-01
 1.96831359747091E+03	 1.23098191989998E-01
 1.96831633537094E+03	-5.82319912594377E-03
 1.96831907327098E+03	-1.52350036807664E-01
 1.96832181117101E+03	-2.93893190799729E-01
 1.96832454907104E+03	-3.92623699998051E-01
 1.96832728697107E+03	-4.15472148856693E-01
 1.96833002487110E+03	-3.56141813083156E-01
 1.96833276277113E+03	-2.39779931035389E-01
 1.96833550067116E+03	-1.01371742327799E-01
 1.96833823857119E+03	 4.30872463369342E-02
 1.96834097647122E+03	 2.02729345126235E-01
 1.96834371437125E+03	 3.85548432607750E-01
 1.96834645227128E+03	 5.60059639469781E-01
 1.96834919017131E+03	 6.44919767305984E-01
 1.96835192807134E+03	 5.56198582868005E-01
 1.96835466597138E+03	 2.85770323938201E-01
 1.96835740387141E+03	-7.04814173228671E-02
 1.96836014177144E+03	-3.78253669552478E-01
 1.96836287967147E+03	-5.55624437825285E-01
 1.96836561757150E+03	-5.88884829514210E-01
 1.96836835547153E+03	-4.84122356573312E-01
 1.96837109337156E+03	-2.54136071096024E-01
 1.96837383127159E+03	 3.74440498076208E-02
 1.96837656917162E+03	 2.70447786789507E-01
 1.96837930707165E+03	 3.51271653269133E-01
 1.96838204497168E+03	 2.91188074171910E-01
 1.96838478287171E+03	 1.76526096535322E-01
 1.96838752077174E+03	 7.16843309456963E-02
 1.96839025867177E+03	-2.49171870691486E-02
 1.96839299657181E+03	-1.39663732404504E-01
 1.96839573447184E+03	-2.70191415983624E-01
 1.96839847237187E+03	-3.78910738041364E-01
 1.96840121027190E+03	-4.22167825837521E-01
 1.96840394817193E+03	-3.80323423566743E-01
 1.96840668607196E+03	-2.70414884909976E-01
 1.96840942397199E+03	-1.33327234916076E-01
 1.96841216187202E+03	-8.63176554540372E-04
 1.96841489977205E+03	 1.27407904678728E-01
 1.96841763767208E+03	 2.69414805024342E-01
 1.96842037557211E+03	 4.19869902091203E-01
 1.96842311347214E+03	 5.26758470311159E-01
 1.96842585137217E+03	 5.14903809322543E-01
 1.96842858927221E+03	 3.44461146539315E-01
 1.96843132717224E+03	 5.55244122618396E-02
 1.96843406507227E+03	-2.48470054397460E-01
 1.96843680297230E+03	-4.69166353040393E-01
 1.96843954087233E+03	-5.62553817588323E-01
 1.96844227877236E+03	-5.22757276329887E-01
 1.96844501667239E+03	-3.49576369426181E-01
 1.96844775457242E+03	-7.03644409960971E-02
 1.96845049247245E+03	 2.17108963851844E-01
 1.96845323037248E+03	 3.79539147535670E-01
 1.96845596827251E+03	 3.56647928877872E-01
 1.96845870617254E+03	 2.13011104540351E-01
 1.96846144407257E+03	 6.08448432427453E-02
 1.96846418197261E+03	-4.96288192503712E-02
 1.96846691987264E+03	-1.44256715194033E-01
 1.96846965777267E+03	-2.53738857220294E-01
 1.96847239567270E+03	-3.62298698540431E-01
 1.96847513357273E+03	-4.23365901431485E-01
 1.96847787147276E+03	-4.01822384856745E-01
 1.96848060937279E+03	-2.98807608651380E-01
 1.96848334727282E+03	-1.50079226324306E-01
 1.96848608517285E+03	-8.60647989865015E-04
 1.96848882307288E+03	 1.27990401876321E-01
 1.96849156097291E+03	 2.47596836611767E-01
 1.96849429887294E+03	 3.67321963267978E-01
 1.96849703677297E+03	 4.58205102863913E-01
 1.96849977467301E+03	 4.61739053274769E-01
 1.96850251257304E+03	 3.38387892895458E-01
 1.96850525047307E+03	 1.06670298035844E-01
 1.96850798837310E+03	-1.61765672748776E-01
 1.96851072627313E+03	-3.83526572768989E-01
 1.96851346417316E+03	-5.04816573624841E-01
 1.96851620207319E+03	-5.07943969854172E-01
 1.96851893997322E+03	-3.88556244795670E-01
 1.96852167787325E+03	-1.52382218523916E-01
 1.96852441577328E+03	 1.47149597288794E-01
 1.96852715367331E+03	 3.91543412183927E-01
 1.96852989157334E+03	 4.65124311988309E-01
 1.96853262947337E+03	 3.55523937182309E-01
 1.96853536737340E+03	 1.61772034102788E-01
 1.96853810527344E+03	-8.96830005779668E-03
 1.96854084317347E+03	-1.30555840148148E-01
 1.96854358107350E+03	-2.36458635014962E-01
 1.96854631897353E+03	-3.42350684935244E-01
 1.96854905687356E+03	-4.17800134593482E-01
 1.96855179477359E+03	-4.20613913098648E-01
 1.96855453267362E+03	-3.35523177883510E-01
 1.96855727057365E+03	-1.83929899348038E-01
 1.96856000847368E+03	-1.00503688854407E-02
 1.96856274637371E+03	 1.47616647326206E-01
 1.96856548427374E+03	 2.80129853184150E-01
 1.96856822217377E+03	 3.96015684374578E-01
 1.96857096007380E+03	 4.80639232018283E-01
 1.96857369797384E+03	 4.84127885096374E-01
 1.96857643587387E+03	 3.65237499397076E-01
 1.96857917377390E+03	 1.40529346402167E-01
 1.96858191167393E+03	-1.19888661143444E-01
 1.96858464957396E+03	-3.38768037690705E-01
 1.96858738747399E+03	-4.67511250340538E-01
 1.96859012537402E+03	-4.88032221542154E-01
 1.96859286327405E+03	-3.97227819909401E-01
 1.96859560117408E+03	-1.99999966640902E-01
 1.96859833907411E+03	 7.44540389181779E-02
 1.96860107697414E+03	 3.48751089709592E-01
 1.96860381487417E+03	 5.12771283089981E-01
 1.96860655277420E+03	 4.95893577380673E-01
 1.96860929067424E+03	 3.29279864703725E-01
 1.96861202857427E+03	 1.16336115999570E-01
 1.96861476647430E+03	-6.27039441609160E-02
 1.96861750437433E+03	-1.99687153357926E-01
 1.96862024227436E+03	-3.16221707284500E-01
 1.96862298017439E+03	-4.05633054062103E-01
 1.96862571807442E+03	-4.33359739462746E-01
 1.96862845597445E+03	-3.75455258299491E-01
 1.96863119387448E+03	-2.40009318110940E-01
 1.96863393177451E+03	-6.04590263384528E-02
 1.96863666967454E+03	 1.23281372426058E-01
 1.96863940757457E+03	 2.86455348287222E-01
 1.96864214547460E+03	 4.25685760516597E-01
 1.96864488337463E+03	 5.32153948022270E-01
 1.96864762127467E+03	 5.62442227679963E-01
 1.96865035917470E+03	 4.62236696765673E-01
 1.96865309707473E+03	 2.30042628804421E-01
 1.96865583497476E+03	-6.04587006313735E-02
 1.96865857287479E+03	-3.12000508768223E-01
 1.96866131077482E+03	-4.64479864747333E-01
 1.96866404867485E+03	-5.01898114326476E-01
 1.96866678657488E+03	-4.25829321235584E-01
 1.96866952447491E+03	-2.46048606812097E-01
 1.96867226237494E+03	 6.51583531713049E-03
 1.96867500027497E+03	 2.71011408130051E-01
 1.96867773817500E+03	 4.67257424623780E-01
 1.96868047607503E+03	 5.27488864884842E-01
 1.96868321397507E+03	 4.37425229369139E-01
 1.96868595187510E+03	 2.49798934011229E-01
 1.96868868977513E+03	 4.36427636049000E-02
 1.96869142767516E+03	-1.33897782394224E-01
 1.96869416557519E+03	-2.77897636131515E-01
 1.96869690347522E+03	-3.87015970759539E-01
 1.96869964137525E+03	-4.38920456653109E-01
 1.96870237927528E+03	-4.09896809633009E-01
 1.96870511717531E+03	-3.01426433788877E-01
 1.96870785507534E+03	-1.39308205326974E-01
 1.96871059297537E+03	 4.37544198448427E-02
 1.96871333087540E+03	 2.22729261251622E-01
 1.96871606877543E+03	 3.86517073150626E-01
 1.96871880667547E+03	 5.26164126269556E-01
 1.96872154457550E+03	 6.06969908350954E-01
 1.96872428247553E+03	 5.66556805194618E-01
 1.96872702037556E+03	 3.68997364257536E-01
 1.96872975827559E+03	 6.17959355086004E-02
 1.96873249617562E+03	-2.44083796579171E-01
 1.96873523407565E+03	-4.54372220957187E-01
 1.96873797197568E+03	-5.35563502764110E-01
 1.96874070987571E+03	-4.89776833199292E-01
 1.96874344777574E+03	-3.26717768923248E-01
 1.96874618567577E+03	-7.83247811908463E-02
 1.96874892357580E+03	 1.85190032383103E-01
 1.96875166147583E+03	 3.81846913272180E-01
 1.96875439937586E+03	 4.61317665278815E-01
 1.96875713727590E+03	 4.20560104144700E-01
 1.96875987517593E+03	 2.90627782571882E-01
 1.96876261307596E+03	 1.16045927692117E-01
 1.96876535097599E+03	-6.44517964470346E-02
 1.96876808887602E+03	-2.28150943165626E-01
 1.96877082677605E+03	-3.59574240980741E-01
 1.96877356467608E+03	-4.36047492907137E-01
 1.96877630257611E+03	-4.34110603138698E-01
 1.96877904047614E+03	-3.51621390137427E-01
 1.96878177837617E+03	-2.13135663148847E-01
 1.96878451627620E+03	-5.06187281238838E-02
 1.96878725417623E+03	 1.15683478010697E-01
 1.96878999207626E+03	 2.79290012317714E-01
 1.96879272997630E+03	 4.35186764306794E-01
 1.96879546787633E+03	 5.58602174762736E-01
 1.96879820577636E+03	 5.92601596842494E-01
 1.96880094367639E+03	 4.77113514810228E-01
 1.96880368157642E+03	 2.12361044462626E-01
 1.96880641947645E+03	-1.14885608684899E-01
 1.96880915737648E+03	-3.87886505824065E-01
 1.96881189527651E+03	-5.37044705514077E-01
 1.96881463317654E+03	-5.49479134165304E-01
 1.96881737107657E+03	-4.29409164156386E-01
 1.96882010897660E+03	-1.94619631315204E-01
 1.96882284687663E+03	 8.79018278924066E-02
 1.96882558477666E+03	 3.09923516648972E-01
 1.96882832267670E+03	 3.94793014384868E-01
 1.96883106057673E+03	 3.49739061787152E-01
 1.96883379847676E+03	 2.35452762897172E-01
 1.96883653637679E+03	 1.00830638333144E-01
 1.96883927427682E+03	-4.06799668487405E-02
 1.96884201217685E+03	-1.87816909109227E-01
 1.96884475007688E+03	-3.25632175638645E-01
 1.96884748797691E+03	-4.22463436341775E-01
 1.96885022587694E+03	-4.45934862891007E-01
 1.96885296377697E+03	-3.85358593475226E-01
 1.96885570167700E+03	-2.62281805014077E-01
 1.96885843957703E+03	-1.15137059316769E-01
 1.96886117747706E+03	 2.94664014771035E-02
 1.96886391537710E+03	 1.69081181263646E-01
 1.96886665327713E+03	 3.10550650435749E-01
 1.96886939117716E+03	 4.43678365311500E-01
 1.96887212907719E+03	 5.25393754996905E-01
 1.96887486697722E+03	 4.93286220992748E-01
 1.96887760487725E+03	 3.13201040056168E-01
 1.96888034277728E+03	 2.51606934181173E-02
 1.96888308067731E+03	-2.69231941049938E-01
 1.96888581857734E+03	-4.75790475190013E-01
 1.96888855647737E+03	-5.54720074928825E-01
 1.96889129437740E+03	-4.99912876575552E-01
 1.96889403227743E+03	-3.11320050067525E-01
 1.96889677017746E+03	-2.51519321563138E-02
 1.96889950807749E+03	 2.50771598135207E-01
 1.96890224597753E+03	 3.88813201029189E-01
 1.96890498387756E+03	 3.47336191775121E-01
 1.96890772177759E+03	 1.99362899287664E-01
 1.96891045967762E+03	 4.61164989070978E-02
 1.96891319757765E+03	-7.42632811460241E-02
 1.96891593547768E+03	-1.83740989718270E-01
 1.96891867337771E+03	-3.00212022953758E-01
 1.96892141127774E+03	-4.01848182927765E-01
 1.96892414917777E+03	-4.46062680680097E-01
 1.96892688707780E+03	-4.06193994873471E-01
 1.96892962497783E+03	-2.91824005205339E-01
 1.96893236287786E+03	-1.42598702072790E-01
 1.96893510077789E+03	 5.80693571544458E-05
 1.96893783867793E+03	 1.21469982406755E-01
 1.96894057657796E+03	 2.33692029426387E-01
 1.96894331447799E+03	 3.45225397539946E-01
 1.96894605237802E+03	 4.32466679124895E-01
 1.96894879027805E+03	 4.43407253696436E-01
 1.96895152817808E+03	 3.34278433636736E-01
 1.96895426607811E+03	 1.11995924301401E-01
 1.96895700397814E+03	-1.55805396056211E-01
 1.96895974187817E+03	-3.80007807955467E-01
 1.96896247977820E+03	-5.02506793113755E-01
 1.96896521767823E+03	-5.04897098916410E-01
 1.96896795557826E+03	-3.78773323118896E-01
 1.96897069347829E+03	-1.27715931754236E-01
 1.96897343137833E+03	 1.81952700739090E-01
 1.96897616927836E+03	 4.11349531768059E-01
 1.96897890717839E+03	 4.43235392417489E-01
 1.96898164507842E+03	 2.89453605439162E-01
 1.96898438297845E+03	 7.36162676929788E-02
 1.96898712087848E+03	-9.51602874064970E-02
 1.96898985877851E+03	-2.04283320909688E-01
 1.96899259667854E+03	-2.96288263362687E-01
 1.96899533457857E+03	-3.86124225450458E-01
 1.96899807247860E+03	-4.41108905967971E-01
 1.96900081037863E+03	-4.21428532845458E-01
 1.96900354827866E+03	-3.18496458995969E-01
 1.96900628617869E+03	-1.61227030322722E-01
 1.96900902407872E+03	 2.61528908874682E-03
 1.96901176197876E+03	 1.37178458291764E-01
 1.96901449987879E+03	 2.39514717118304E-01
 1.96901723777882E+03	 3.25958568252497E-01
 1.96901997567885E+03	 3.94487739120418E-01
 1.96902271357888E+03	 4.08812060443799E-01
 1.96902545147891E+03	 3.27032928748145E-01
 1.96902818937894E+03	 1.44830929577526E-01
 1.96903092727897E+03	-9.03241204784260E-02
 1.96903366517900E+03	-3.04937136408335E-01
 1.96903640307903E+03	-4.40250700230904E-01
 1.96903914097906E+03	-4.71129742623935E-01
 1.96904187887909E+03	-3.89913507316676E-01
 1.96904461677912E+03	-1.90339229352630E-01
 1.96904735467916E+03	 1.04442970366750E-01
 1.96905009257919E+03	 3.97668030282525E-01
 1.96905283047922E+03	 5.46191734083737E-01
 1.96905556837925E+03	 4.72138449720389E-01
 1.96905830627928E+03	 2.39116739627840E-01
 1.96906104417931E+03	-1.00867202687388E-02
 1.96906378207934E+03	-1.85191231579619E-01
 1.96906651997937E+03	-2.95288562832699E-01
 1.96906925787940E+03	-3.80314347653155E-01
 1.96907199577943E+03	-4.39468519052943E-01
 1.96907473367946E+03	-4.37838205961511E-01
 1.96907747157949E+03	-3.53346708051526E-01
 1.96908020947952E+03	-1.99356778653050E-01
 1.96908294737956E+03	-1.56250258536854E-02
 1.96908568527959E+03	 1.52917899238414E-01
 1.96908842317962E+03	 2.80309182253118E-01
 1.96909116107965E+03	 3.69256967929238E-01
 1.96909389897968E+03	 4.27840715356074E-01
 1.96909663687971E+03	 4.37288057179053E-01
 1.96909937477974E+03	 3.59549036483971E-01
 1.96910211267977E+03	 1.83131728746504E-01
 1.96910485057980E+03	-4.98085230338586E-02
 1.96910758847983E+03	-2.67184152342164E-01
 1.96911032637986E+03	-4.10220564651684E-01
 1.96911306427989E+03	-4.52780150743781E-01
 1.96911580217992E+03	-3.90643112219454E-01
 1.96911854007995E+03	-2.25003167032092E-01
 1.96912127797999E+03	 3.23815215467328E-02
 1.96912401588002E+03	 3.28792375002623E-01
 1.96912675378005E+03	 5.56097887950760E-01
 1.96912949168008E+03	 6.02525091780756E-01
 1.96913222958011E+03	 4.44611913452841E-01
 1.96913496748014E+03	 1.75692315188782E-01
 1.96913770538017E+03	-7.66891789613551E-02
 1.96914044328020E+03	-2.52588828553907E-01
 1.96914318118023E+03	-3.66819110105361E-01
 1.96914591908026E+03	-4.39482863162513E-01
 1.96914865698029E+03	-4.56314829428196E-01
 1.96915139488032E+03	-3.94991731587447E-01
 1.96915413278035E+03	-2.59056359677158E-01
 1.96915687068039E+03	-7.75511324161385E-02
 1.96915960858042E+03	 1.11486745100743E-01
 1.96916234648045E+03	 2.74585562503572E-01
 1.96916508438048E+03	 3.95020893691196E-01
 1.96916782228051E+03	 4.71878820102090E-01
 1.96917056018054E+03	 4.95910628578601E-01
 1.96917329808057E+03	 4.35213917925370E-01
 1.96917603598060E+03	 2.66517921950825E-01
 1.96917877388063E+03	 1.97382810761748E-02
 1.96918151178066E+03	-2.27469044008820E-01
 1.96918424968069E+03	-4.01674450003710E-01
 1.96918698758072E+03	-4.68607899232109E-01
 1.96918972548075E+03	-4.23940643351874E-01
 1.96919246338079E+03	-2.74612345787563E-01
 1.96919520128082E+03	-4.05572659714977E-02
 1.96919793918085E+03	 2.32704214375153E-01
 1.96920067708088E+03	 4.70712686087973E-01
 1.96920341498091E+03	 5.88540858422050E-01
 1.96920615288094E+03	 5.34664000587767E-01
 1.96920889078097E+03	 3.33202627876240E-01
 1.96921162868100E+03	 7.36873244876561E-02
 1.96921436658103E+03	-1.55774879285458E-01
 1.96921710448106E+03	-3.21184860177601E-01
 1.96921984238109E+03	-4.26507537816672E-01
 1.96922258028112E+03	-4.68923547042638E-01
 1.96922531818115E+03	-4.33669987550882E-01
 1.96922805608119E+03	-3.22076974805321E-01
 1.96923079398122E+03	-1.60050239057081E-01
 1.96923353188125E+03	 2.04628638462056E-02
 1.96923626978128E+03	 1.94316053436787E-01
 1.96923900768131E+03	 3.42756898712225E-01
 1.96924174558134E+03	 4.53047379518130E-01
 1.96924448348137E+03	 5.12211275421876E-01
 1.96924722138140E+03	 4.93040512012582E-01
 1.96924995928143E+03	 3.63269523616925E-01
 1.96925269718146E+03	 1.28310011312996E-01
 1.96925543508149E+03	-1.45303056173167E-01
 1.96925817298152E+03	-3.68217966686150E-01
 1.96926091088155E+03	-4.84409845649989E-01
 1.96926364878158E+03	-4.79748567721899E-01
 1.96926638668162E+03	-3.57090271675287E-01
 1.96926912458165E+03	-1.34907383316007E-01
 1.96927186248168E+03	 1.32683222150920E-01
 1.96927460038171E+03	 3.63424281508090E-01
 1.96927733828174E+03	 4.87343865679977E-01
 1.96928007618177E+03	 4.77387735858649E-01
 1.96928281408180E+03	 3.49978628364656E-01
 1.96928555198183E+03	 1.50882107949784E-01
 1.96928828988186E+03	-6.42233721691964E-02
 1.96929102778189E+03	-2.52192500142363E-01
 1.96929376568192E+03	-3.90703869736643E-01
 1.96929650358195E+03	-4.64881376451680E-01
 1.96929924148198E+03	-4.58898479032896E-01
 1.96930197938202E+03	-3.71454712813723E-01
 1.96930471728205E+03	-2.28643032640650E-01
 1.96930745518208E+03	-6.72828011599064E-02
 1.96931019308211E+03	 8.99734189836987E-02
 1.96931293098214E+03	 2.35660308949325E-01
 1.96931566888217E+03	 3.62409292110121E-01
 1.96931840678220E+03	 4.54024997941111E-01
 1.96932114468223E+03	 4.82603858468991E-01
 1.96932388258226E+03	 4.12672225100861E-01
 1.96932662048229E+03	 2.28079305121436E-01
 1.96932935838232E+03	-3.33151574790222E-02
 1.96933209628235E+03	-2.87227984248257E-01
 1.96933483418238E+03	-4.57256311399370E-01
 1.96933757208242E+03	-5.10358642247465E-01
 1.96934030998245E+03	-4.39274453931218E-01
 1.96934304788248E+03	-2.46439767335556E-01
 1.96934578578251E+03	 2.73771146246782E-02
 1.96934852368254E+03	 2.83824534946014E-01
 1.96935126158257E+03	 4.18956392012096E-01
 1.96935399948260E+03	 4.00323432416400E-01
 1.96935673738263E+03	 2.76053500946360E-01
 1.96935947528266E+03	 1.13505269399824E-01
 1.96936221318269E+03	-5.12566923316320E-02
 1.96936495108272E+03	-2.08823520602961E-01
 1.96936768898275E+03	-3.48042571876131E-01
 1.96937042688278E+03	-4.43707392928222E-01
 1.96937316478281E+03	-4.66224569494435E-01
 1.96937590268285E+03	-4.02510388463601E-01
 1.96937864058288E+03	-2.71874842474403E-01
 1.96938137848291E+03	-1.17152470902505E-01
 1.96938411638294E+03	 2.64694503975104E-02
 1.96938685428297E+03	 1.51391799467488E-01
 1.96938959218300E+03	 2.64702396613804E-01
 1.96939233008303E+03	 3.62509701641649E-01
 1.96939506798306E+03	 4.19910285531540E-01
 1.96939780588309E+03	 4.00038620758033E-01
 1.96940054378312E+03	 2.76104799634603E-01
 1.96940328168315E+03	 6.02338439015056E-02
 1.96940601958318E+03	-1.86250956629177E-01
 1.96940875748321E+03	-3.85177434519517E-01
 1.96941149538325E+03	-4.87051448592249E-01
 1.96941423328328E+03	-4.74570354118371E-01
 1.96941697118331E+03	-3.36363202261691E-01
 1.96941970908334E+03	-7.98489783971333E-02
 1.96942244698337E+03	 2.18464122122546E-01
 1.96942518488340E+03	 4.20855503699128E-01
 1.96942792278343E+03	 4.30060752871306E-01
 1.96943066068346E+03	 2.74835125112247E-01
 1.96943339858349E+03	 7.00038264738652E-02
 1.96943613648352E+03	-9.78634763855412E-02
 1.96943887438355E+03	-2.22424760680779E-01
 1.96944161228358E+03	-3.30639732804246E-01
 1.96944435018361E+03	-4.21594924610521E-01
 1.96944708808365E+03	-4.61588994427015E-01
 1.96944982598368E+03	-4.20218542984494E-01
 1.96945256388371E+03	-3.00409416730776E-01
 1.96945530178374E+03	-1.39865889144385E-01
 1.96945803968377E+03	 1.37672178304765E-02
 1.96946077758380E+03	 1.34773662224219E-01
 1.96946351548383E+03	 2.28639509162717E-01
 1.96946625338386E+03	 3.08542711256506E-01
 1.96946899128389E+03	 3.66138789196155E-01
 1.96947172918392E+03	 3.68898374341465E-01
 1.96947446708395E+03	 2.84878275671009E-01
 1.96947720498398E+03	 1.12556938514232E-01
 1.96947994288401E+03	-1.06486178876157E-01
 1.96948268078404E+03	-3.05333163235317E-01
 1.96948541868408E+03	-4.29628296556281E-01
 1.96948815658411E+03	-4.56133365357924E-01
 1.96949089448414E+03	-3.72383526771368E-01
 1.96949363238417E+03	-1.63995140753871E-01
 1.96949637028420E+03	 1.41829578809388E-01
 1.96949910818423E+03	 4.28930729788061E-01
 1.96950184608426E+03	 5.43162036252190E-01
 1.96950458398429E+03	 4.23957928459164E-01
 1.96950732188432E+03	 1.64073152889067E-01
 1.96951005978435E+03	-8.45670234452727E-02
 1.96951279768438E+03	-2.46148908844022E-01
 1.96951553558441E+03	-3.43905052990061E-01
 1.96951827348444E+03	-4.17264866873473E-01
 1.96952101138448E+03	-4.59132799006845E-01
 1.96952374928451E+03	-4.34487649610281E-01
 1.96952648718454E+03	-3.28538174789380E-01
 1.96952922508457E+03	-1.64703832261629E-01
 1.96953196298460E+03	 1.06574339926414E-02
 1.96953470088463E+03	 1.55696025972438E-01
 1.96953743878466E+03	 2.55600738119384E-01
 1.96954017668469E+03	 3.21893562655066E-01
 1.96954291458472E+03	 3.64600394029059E-01
 1.96954565248475E+03	 3.67463752633864E-01
 1.96954839038478E+03	 2.98768514845903E-01
 1.96955112828481E+03	 1.47505472319698E-01
 1.96955386618484E+03	-5.50150792067953E-02
 1.96955660408488E+03	-2.48925370191805E-01
 1.96955934198491E+03	-3.79958615844090E-01
 1.96956207988494E+03	-4.22229777705072E-01
 1.96956481778497E+03	-3.68962953495537E-01
 1.96956755568500E+03	-2.09222084366664E-01
 1.96957029358503E+03	 6.04078577839425E-02
 1.96957303148506E+03	 3.81095855948420E-01
 1.96957576938509E+03	 6.12281384913911E-01
 1.96957850728512E+03	 6.18355570478925E-01
 1.96958124518515E+03	 3.93636778780295E-01
 1.96958398308518E+03	 7.47230710417631E-02
 1.96958672098521E+03	-1.86646180606094E-01
 1.96958945888524E+03	-3.41118863609569E-01
 1.96959219678528E+03	-4.25155009691005E-01
 1.96959493468531E+03	-4.68269934230207E-01
 1.96959767258534E+03	-4.55310453545159E-01
 1.96960041048537E+03	-3.65058231336007E-01
 1.96960314838540E+03	-2.07982441798310E-01
 1.96960588628543E+03	-2.15105010437798E-02
 1.96960862418546E+03	 1.52198892790821E-01
 1.96961136208549E+03	 2.83112551559354E-01
 1.96961409998552E+03	 3.63627797083503E-01
 1.96961683788555E+03	 4.02883269553759E-01
 1.96961957578558E+03	 4.01713752111815E-01
 1.96962231368561E+03	 3.39085277269083E-01
 1.96962505158564E+03	 1.96651656278264E-01
 1.96962778948567E+03	-5.63167860647169E-03
 1.96963052738571E+03	-2.09733020831645E-01
 1.96963326528574E+03	-3.55600002440233E-01
 1.96963600318577E+03	-4.11446309848142E-01
 1.96963874108580E+03	-3.72204725164915E-01
 1.96964147898583E+03	-2.39009534368681E-01
 1.96964421688586E+03	-1.17355643968770E-02
 1.96964695478589E+03	 2.84886539445588E-01
 1.96964969268592E+03	 5.64796490061300E-01
 1.96965243058595E+03	 6.96849077842923E-01
 1.96965516848598E+03	 5.96663573792441E-01
 1.96965790638601E+03	 3.10213793489142E-01
 1.96966064428604E+03	-1.76550802329494E-02
 1.96966338218607E+03	-2.65677864795468E-01
 1.96966612008611E+03	-4.09487768218885E-01
 1.96966885798614E+03	-4.78457834849373E-01
 1.96967159588617E+03	-4.83253506611829E-01
 1.96967433378620E+03	-4.11623207430101E-01
 1.96967707168623E+03	-2.68551990698504E-01
 1.96967980958626E+03	-8.67524165335528E-02
 1.96968254748629E+03	 9.64136050556508E-02
 1.96968528538632E+03	 2.53366614130365E-01
 1.96968802328635E+03	 3.65952326101179E-01
 1.96969076118638E+03	 4.27193665344351E-01
 1.96969349908641E+03	 4.37178334352450E-01
 1.96969623698644E+03	 3.87103224202675E-01
 1.96969897488647E+03	 2.59872300700497E-01
 1.96970171278651E+03	 6.10986369370094E-02
 1.96970445068654E+03	-1.60112896748730E-01
 1.96970718858657E+03	-3.36144149270750E-01
 1.96970992648660E+03	-4.22153373517403E-01
 1.96971266438663E+03	-4.06025634645487E-01
 1.96971540228666E+03	-2.91032379456762E-01
 1.96971814018669E+03	-8.72118630582492E-02
 1.96972087808672E+03	 1.77584990307831E-01
 1.96972361598675E+03	 4.43774280394282E-01
 1.96972635388678E+03	 6.22974225953849E-01
 1.96972909178681E+03	 6.32857580748809E-01
 1.96973182968684E+03	 4.54875947690292E-01
 1.96973456758687E+03	 1.61861219139594E-01
 1.96973730548690E+03	-1.29813326746704E-01
 1.96974004338694E+03	-3.42492056392225E-01
 1.96974278128697E+03	-4.63669586950983E-01
 1.96974551918700E+03	-5.03117581032406E-01
 1.96974825708703E+03	-4.58886276719734E-01
 1.96975099498706E+03	-3.35463274220583E-01
 1.96975373288709E+03	-1.65122982019186E-01
 1.96975647078712E+03	 1.09379358585123E-02
 1.96975920868715E+03	 1.69315975751708E-01
 1.96976194658718E+03	 3.00316827924499E-01
 1.96976468448721E+03	 3.92436397689952E-01
 1.96976742238724E+03	 4.32656048294853E-01
 1.96977016028727E+03	 4.09759810227635E-01
 1.96977289818730E+03	 3.11115425214737E-01
 1.96977563608734E+03	 1.34150923166320E-01
 1.96977837398737E+03	-8.87507089649820E-02
 1.96978111188740E+03	-2.92942422213541E-01
 1.96978384978743E+03	-4.20480855110600E-01
 1.96978658768746E+03	-4.46270912134838E-01
 1.96978932558749E+03	-3.65715076335572E-01
 1.96979206348752E+03	-1.83120700089089E-01
 1.96979480138755E+03	 7.06718971829909E-02
 1.96979753928758E+03	 3.25816978775909E-01
 1.96980027718761E+03	 4.99781774012013E-01
 1.96980301508764E+03	 5.38398079429591E-01
 1.96980575298767E+03	 4.34650899543047E-01
 1.96980849088770E+03	 2.24961298902852E-01
 1.96981122878774E+03	-2.59284778244850E-02
 1.96981396668777E+03	-2.52430041825340E-01
 1.96981670458780E+03	-4.14361973278941E-01
 1.96981944248783E+03	-4.96141001339525E-01
 1.96982218038786E+03	-4.88817062133779E-01
 1.96982491828789E+03	-3.92366678192171E-01
 1.96982765618792E+03	-2.34830577527383E-01
 1.96983039408795E+03	-6.51253631666804E-02
 1.96983313198798E+03	 8.30434742351899E-02
 1.96983586988801E+03	 2.06502536433956E-01
 1.96983860778804E+03	 3.08820303338468E-01
 1.96984134568807E+03	 3.77773869467595E-01
 1.96984408358810E+03	 3.91010576434538E-01
 1.96984682148813E+03	 3.30134023835541E-01
 1.96984955938817E+03	 1.89117899147452E-01
 1.96985229728820E+03	-1.27772505020740E-02
 1.96985503518823E+03	-2.23794406978566E-01
 1.96985777308826E+03	-3.82826440480488E-01
 1.96986051098829E+03	-4.53115055931574E-01
 1.96986324888832E+03	-4.21924087971877E-01
 1.96986598678835E+03	-2.80306216387728E-01
 1.96986872468838E+03	-3.82717866688366E-02
 1.96987146258841E+03	 2.36182826196660E-01
 1.96987420048844E+03	 4.30957869312514E-01
 1.96987693838847E+03	 4.68511441574043E-01
 1.96987967628850E+03	 3.60238031370530E-01
 1.96988241418853E+03	 1.75578132508624E-01
 1.96988515208857E+03	-2.37190048329820E-02
 1.96988788998860E+03	-2.08312986220207E-01
 1.96989062788863E+03	-3.62593827552157E-01
 1.96989336578866E+03	-4.65606721889542E-01
 1.96989610368869E+03	-4.91716266486633E-01
 1.96989884158872E+03	-4.26007014662063E-01
 1.96990157948875E+03	-2.83728310339509E-01
 1.96990431738878E+03	-1.12494420498799E-01
 1.96990705528881E+03	 3.77603464696119E-02
 1.96990979318884E+03	 1.50248291598165E-01
 1.96991253108887E+03	 2.38460360888652E-01
 1.96991526898890E+03	 3.10306094245905E-01
 1.96991800688893E+03	 3.47841424794017E-01
 1.96992074478897E+03	 3.22213194376640E-01
 1.96992348268900E+03	 2.17944303794077E-01
 1.96992622058903E+03	 4.62720407396000E-02
 1.96992895848906E+03	-1.52158715525290E-01
 1.96993169638909E+03	-3.21235924523783E-01
 1.96993443428912E+03	-4.18773743543261E-01
 1.96993717218915E+03	-4.28345012966013E-01
 1.96993991008918E+03	-3.37529333608601E-01
 1.96994264798921E+03	-1.31575474986244E-01
 1.96994538588924E+03	 1.58553841197059E-01
 1.96994812378927E+03	 4.18367136602016E-01
 1.96995086168930E+03	 5.11547801210786E-01
 1.96995359958933E+03	 3.97986261463430E-01
 1.96995633748937E+03	 1.66001000216200E-01
 1.96995907538940E+03	-6.19392243224561E-02
 1.96996181328943E+03	-2.30702379095452E-01
 1.96996455118946E+03	-3.52848107512303E-01
 1.96996728908949E+03	-4.42780002541267E-01
 1.96997002698952E+03	-4.81679319066825E-01
 1.96997276488955E+03	-4.39974389409289E-01
 1.96997550278958E+03	-3.14213185992822E-01
 1.96997824068961E+03	-1.39651559007817E-01
 1.96998097858964E+03	 2.88222946889782E-02
 1.96998371648967E+03	 1.52860846387645E-01
 1.96998645438970E+03	 2.32138748384279E-01
 1.96998919228973E+03	 2.87062747837889E-01
 1.96999193018976E+03	 3.22094357054000E-01
 1.96999466808980E+03	 3.14047795790183E-01
 1.96999740598983E+03	 2.36358920330755E-01
 1.97000014388986E+03	 8.85318093000989E-02
 1.97000288178989E+03	-9.59138780741416E-02
 1.97000561968992E+03	-2.64350789825467E-01
 1.97000835758995E+03	-3.72217664895979E-01
 1.97001109548998E+03	-4.01095428678128E-01
 1.97001383339001E+03	-3.45209172764034E-01
 1.97001657129004E+03	-1.86554183623316E-01
 1.97001930919007E+03	 8.33801612412175E-02
 1.97002204709010E+03	 3.97363817128769E-01
 1.97002478499013E+03	 6.02803361495085E-01
 1.97002752289016E+03	 5.71210147587344E-01
 1.97003026079020E+03	 3.22228935666934E-01
 1.97003299869023E+03	 6.93777022970164E-03
 1.97003573659026E+03	-2.35230714353069E-01
 1.97003847449029E+03	-3.74739297472490E-01
 1.97004121239032E+03	-4.51593482542707E-01
 1.97004395029035E+03	-4.85496225213926E-01
 1.97004668819038E+03	-4.55118701618327E-01
 1.97004942609041E+03	-3.42899517013483E-01
 1.97005216399044E+03	-1.68880640446207E-01
 1.97005490189047E+03	 1.85404689940430E-02
 1.97005763979050E+03	 1.72158029542776E-01
 1.97006037769053E+03	 2.70240756383569E-01
 1.97006311559056E+03	 3.21113121323306E-01
 1.97006585349060E+03	 3.42011591012467E-01
 1.97006859139063E+03	 3.30862546815810E-01
 1.97007132929066E+03	 2.65020315435190E-01
 1.97007406719069E+03	 1.31238248709425E-01
 1.97007680509072E+03	-4.82506155609294E-02
 1.97007954299075E+03	-2.22233679745268E-01
 1.97008228089078E+03	-3.40800172453447E-01
 1.97008501879081E+03	-3.80086344675540E-01
 1.97008775669084E+03	-3.39130312550700E-01
 1.97009049459087E+03	-2.13459197761855E-01
 1.97009323249090E+03	 1.37298166770500E-02
 1.97009597039093E+03	 3.26630168491440E-01
 1.97009870829096E+03	 6.20509811853783E-01
 1.97010144619099E+03	 7.33638085631956E-01
 1.97010418409103E+03	 5.78929701459683E-01
 1.97010692199106E+03	 2.36690994885631E-01
 1.97010965989109E+03	-1.13710226935717E-01
 1.97011239779112E+03	-3.49274696519611E-01
 1.97011513569115E+03	-4.66545943705089E-01
 1.97011787359118E+03	-5.09260310953157E-01
 1.97012061149121E+03	-4.87859096599458E-01
 1.97012334939124E+03	-3.87780927685314E-01
 1.97012608729127E+03	-2.18608133317568E-01
 1.97012882519130E+03	-2.26596572283432E-02
 1.97013156309133E+03	 1.54206557680642E-01
 1.97013430099136E+03	 2.83781009329008E-01
 1.97013703889139E+03	 3.57951750373613E-01
 1.97013977679143E+03	 3.83518343662886E-01
 1.97014251469146E+03	 3.68344491636844E-01
 1.97014525259149E+03	 3.05881948834652E-01
 1.97014799049152E+03	 1.82276256645905E-01
 1.97015072839155E+03	 5.50865811003513E-03
 1.97015346629158E+03	-1.80938987202179E-01
 1.97015620419161E+03	-3.21261568402428E-01
 1.97015894209164E+03	-3.80918370915989E-01
 1.97016167999167E+03	-3.54804087863620E-01
 1.97016441789170E+03	-2.47898801609663E-01
 1.97016715579173E+03	-5.67387023157101E-02
 1.97016989369176E+03	 2.17390942456293E-01
 1.97017263159179E+03	 5.24026437196600E-01
 1.97017536949183E+03	 7.41795396473931E-01
 1.97017810739186E+03	 7.40189053928239E-01
 1.97018084529189E+03	 4.92972680388660E-01
 1.97018358319192E+03	 1.18090528721800E-01
 1.97018632109195E+03	-2.18203202065275E-01
 1.97018905899198E+03	-4.28429744638717E-01
 1.97019179689201E+03	-5.22045754458767E-01
 1.97019453479204E+03	-5.28043525363791E-01
 1.97019727269207E+03	-4.48964700424023E-01
 1.97020001059210E+03	-2.91379616324300E-01
 1.97020274849213E+03	-9.54513261299415E-02
 1.97020548639216E+03	 8.87874477963888E-02
 1.97020822429219E+03	 2.34424927506160E-01
 1.97021096219222E+03	 3.34983284669272E-01
 1.97021370009226E+03	 3.87387411068013E-01
 1.97021643799229E+03	 3.88941431390359E-01
 1.97021917589232E+03	 3.37521792509083E-01
 1.97022191379235E+03	 2.27933075148128E-01
 1.97022465169238E+03	 6.23343135214686E-02
 1.97022738959241E+03	-1.29378233740769E-01
 1.97023012749244E+03	-2.93455555126013E-01
 1.97023286539247E+03	-3.84714277983616E-01
 1.97023560329250E+03	-3.87597131388993E-01
 1.97023834119253E+03	-3.04720807722971E-01
 1.97024107909256E+03	-1.39558014691541E-01
 1.97024381699259E+03	 9.87020830143459E-02
 1.97024655489262E+03	 3.73827704334638E-01
 1.97024929279266E+03	 6.08766231790119E-01
 1.97025203069269E+03	 7.03424918965346E-01
 1.97025476859272E+03	 5.92562274724052E-01
 1.97025750649275E+03	 3.05966058810355E-01
 1.97026024439278E+03	-3.86808294389730E-02
 1.97026298229281E+03	-3.20146839541383E-01
 1.97026572019284E+03	-4.87002782710861E-01
 1.97026845809287E+03	-5.45098498684173E-01
 1.97027119599290E+03	-5.04143153552024E-01
 1.97027393389293E+03	-3.70990115964871E-01
 1.97027667179296E+03	-1.81121339317805E-01
 1.97027940969299E+03	 6.00629271916895E-03
 1.97028214759302E+03	 1.51985995744935E-01
 1.97028488549306E+03	 2.56782681379330E-01
 1.97028762339309E+03	 3.28766237313677E-01
 1.97029036129312E+03	 3.60196230254810E-01
 1.97029309919315E+03	 3.36383012528850E-01
 1.97029583709318E+03	 2.50231715430030E-01
 1.97029857499321E+03	 1.05515392743372E-01
 1.97030131289324E+03	-7.63103469208105E-02
 1.97030405079327E+03	-2.50904277666613E-01
 1.97030678869330E+03	-3.69818524889959E-01
 1.97030952659333E+03	-4.07628061422157E-01
 1.97031226449336E+03	-3.60443931929613E-01
 1.97031500239339E+03	-2.26475273011219E-01
 1.97031774029342E+03	-1.16242584956593E-02
 1.97032047819346E+03	 2.43579624632663E-01
 1.97032321609349E+03	 4.62532499025941E-01
 1.97032595399352E+03	 5.68320297794082E-01
 1.97032869189355E+03	 5.20976068754501E-01
 1.97033142979358E+03	 3.32377563451153E-01
 1.97033416769361E+03	 6.18122235906491E-02
 1.97033690559364E+03	-2.08534958013152E-01
 1.97033964349367E+03	-4.12726492097720E-01
 1.97034238139370E+03	-5.21779192061076E-01
 1.97034511929373E+03	-5.28437878843968E-01
 1.97034785719376E+03	-4.32608804267876E-01
 1.97035059509379E+03	-2.58252531454286E-01
 1.97035333299382E+03	-6.48884194887532E-02
 1.97035607089385E+03	 8.81520129972976E-02
 1.97035880879389E+03	 1.86862056442895E-01
 1.97036154669392E+03	 2.53435596790371E-01
 1.97036428459395E+03	 2.98881627122741E-01
 1.97036702249398E+03	 3.05204388153180E-01
 1.97036976039401E+03	 2.50141305643507E-01
 1.97037249829404E+03	 1.30750578823677E-01
 1.97037523619407E+03	-3.35946117334497E-02
 1.97037797409410E+03	-2.04778036282968E-01
 1.97038071199413E+03	-3.37044922242091E-01
 1.97038344989416E+03	-3.99860172096969E-01
 1.97038618779419E+03	-3.85851742853191E-01
 1.97038892569422E+03	-2.89880742720076E-01
 1.97039166359425E+03	-1.02214563728365E-01
 1.97039440149429E+03	 1.53107409756943E-01
 1.97039713939432E+03	 3.89200385036394E-01
 1.97039987729435E+03	 5.01463669494045E-01
 1.97040261519438E+03	 4.48147635803549E-01
 1.97040535309441E+03	 2.71489634430740E-01
 1.97040809099444E+03	 4.58576210836317E-02
 1.97041082889446E+03	-1.73648235902028E-01
 1.97041356679450E+03	-3.56499312505766E-01
 1.97041630469453E+03	-4.79861098832017E-01
 1.97041904259456E+03	-5.20912313592592E-01
 1.97042178049459E+03	-4.63024238973752E-01
 1.97042451839462E+03	-3.13051012690044E-01
 1.97042725629465E+03	-1.16642544399656E-01
 1.97042999419469E+03	 5.80775088327673E-02
 1.97043273209472E+03	 1.68920193068451E-01
 1.97043546999475E+03	 2.26335528067995E-01
 1.97043820789478E+03	 2.61349594343302E-01
 1.97044094579481E+03	 2.77434617251374E-01
 1.97044368369484E+03	 2.48197500363816E-01
 1.97044642159487E+03	 1.53684112868876E-01
 1.97044915949490E+03	 4.68226646298439E-03
 1.97045189739493E+03	-1.61815762058554E-01
 1.97045463529496E+03	-2.99928964808732E-01
 1.97045737319499E+03	-3.75837386875142E-01
 1.97046011109502E+03	-3.80544439532633E-01
 1.97046284899505E+03	-3.14237266698241E-01
 1.97046558689508E+03	-1.61774581833285E-01
 1.97046832479512E+03	 8.46696772909033E-02
 1.97047106269515E+03	 3.63902658366260E-01
 1.97047380059518E+03	 5.42887106651898E-01
 1.97047653849521E+03	 5.17163352594014E-01
 1.97047927639524E+03	 3.08226739170381E-01
 1.97048201429527E+03	 3.62221148849185E-02
 1.97048475219530E+03	-1.94160617311195E-01
 1.97048749009533E+03	-3.55702979106123E-01
 1.97049022799536E+03	-4.61572616080993E-01
 1.97049296589539E+03	-5.08913792287474E-01
 1.97049570379542E+03	-4.74402088086820E-01
 1.97049844169545E+03	-3.47621544149670E-01
 1.97050117959548E+03	-1.56147352469819E-01
 1.97050391749552E+03	 4.01210444734700E-02
 1.97050665539555E+03	 1.83322091699246E-01
 1.97050939329558E+03	 2.55637722319224E-01
 1.97051213119561E+03	 2.81386170648926E-01
 1.97051486909564E+03	 2.86624020088868E-01
 1.97051760699567E+03	 2.64565806699255E-01
 1.97052034489570E+03	 1.88832344910349E-01
 1.97052308279573E+03	 5.26551201824913E-02
 1.97052582069576E+03	-1.14382576650329E-01
 1.97052855859579E+03	-2.62974199440030E-01
 1.97053129649582E+03	-3.52107961671259E-01
 1.97053403439585E+03	-3.67618112807100E-01
 1.97053677229588E+03	-3.15582682770164E-01
 1.97053951019592E+03	-1.92356290687769E-01
 1.97054224809595E+03	 2.40584834083929E-02
 1.97054498599598E+03	 3.21006844757388E-01
 1.97054772389601E+03	 5.91601143841240E-01
 1.97055046179604E+03	 6.77804981798961E-01
 1.97055319969607E+03	 5.08802923759200E-01
 1.97055593759610E+03	 1.77438613275922E-01
 1.97055867549613E+03	-1.46718003870844E-01
 1.97056141339616E+03	-3.62845363374548E-01
 1.97056415129619E+03	-4.76067643967258E-01
 1.97056688919622E+03	-5.20031524302329E-01
 1.97056962709625E+03	-4.93958554312686E-01
 1.97057236499628E+03	-3.81723012574708E-01
 1.97057510289632E+03	-1.97048587095997E-01
 1.97057784079635E+03	 1.02264969428241E-02
 1.97058057869638E+03	 1.83203474855143E-01
 1.97058331659641E+03	 2.88623598290333E-01
 1.97058605449644E+03	 3.29038080541041E-01
 1.97058879239647E+03	 3.28330066276539E-01
 1.97059153029650E+03	 3.00069742175458E-01
 1.97059426819653E+03	 2.32183982194944E-01
 1.97059700609656E+03	 1.08731995623898E-01
 1.97059974399659E+03	-5.73264030038114E-02
 1.97060248189662E+03	-2.20593972973664E-01
 1.97060521979665E+03	-3.31252560621150E-01
 1.97060795769668E+03	-3.64083197994050E-01
 1.97061069559671E+03	-3.22830860968297E-01
 1.97061343349675E+03	-2.16756570545273E-01
 1.97061617139678E+03	-3.49539236528911E-02
 1.97061890929681E+03	 2.36429978261658E-01
 1.97062164719684E+03	 5.49435447070587E-01
 1.97062438509687E+03	 7.64155705385372E-01
 1.97062712299690E+03	 7.34426378337102E-01
 1.97062986089693E+03	 4.46841891214041E-01
 1.97063259879696E+03	 4.84496460653913E-02
 1.97063533669699E+03	-2.82708431882776E-01
 1.97063807459702E+03	-4.72433100135142E-01
 1.97064081249705E+03	-5.45862382323314E-01
 1.97064355039708E+03	-5.34174227779491E-01
 1.97064628829711E+03	-4.35651302337189E-01
 1.97064902619715E+03	-2.56893740751013E-01
 1.97065176409718E+03	-4.35621199717459E-02
 1.97065450199721E+03	 1.45682887696651E-01
 1.97065723989724E+03	 2.76221269206168E-01
 1.97065997779727E+03	 3.43262032995763E-01
 1.97066271569730E+03	 3.57732861462945E-01
 1.97066545359733E+03	 3.31793485788996E-01
 1.97066819149736E+03	 2.67115630849692E-01
 1.97067092939739E+03	 1.55214242874573E-01
 1.97067366729742E+03	-2.00236048352066E-03
 1.97067640519745E+03	-1.72846620765713E-01
 1.97067914309748E+03	-3.06717866886695E-01
 1.97068188099751E+03	-3.66504242435552E-01
 1.97068461889755E+03	-3.46088896759945E-01
 1.97068735679758E+03	-2.56835208671516E-01
 1.97069009469761E+03	-1.02091725905291E-01
 1.97069283259764E+03	 1.27468872349963E-01
 1.97069557049767E+03	 4.19144037196569E-01
 1.97069830839770E+03	 6.91206953355934E-01
 1.97070104629773E+03	 8.04248531543164E-01
 1.97070378419776E+03	 6.61153728175192E-01
 1.97070652209779E+03	 3.07460024102568E-01
 1.97070925999782E+03	-9.24007014463407E-02
 1.97071199789785E+03	-3.89326372936278E-01
 1.97071473579788E+03	-5.40896047938627E-01
 1.97071747369791E+03	-5.73369441508141E-01
 1.97072021159794E+03	-5.04665042102026E-01
 1.97072294949798E+03	-3.41849995361112E-01
 1.97072568739801E+03	-1.24937871220703E-01
 1.97072842529804E+03	 7.74119293844757E-02
 1.97073116319807E+03	 2.19427253724619E-01
 1.97073390109810E+03	 2.99964648810831E-01
 1.97073663899813E+03	 3.34508902772170E-01
 1.97073937689816E+03	 3.28308460816829E-01
 1.97074211479819E+03	 2.77630661611456E-01
 1.97074485269822E+03	 1.79048023041411E-01
 1.97074759059825E+03	 3.60582420240488E-02
 1.97075032849828E+03	-1.30026627477695E-01
 1.97075306639831E+03	-2.77002741258337E-01
 1.97075580429834E+03	-3.62814196574389E-01
 1.97075854219838E+03	-3.70862665874469E-01
 1.97076128009841E+03	-3.07470025596231E-01
 1.97076401799844E+03	-1.79074725734924E-01
 1.97076675589847E+03	 1.56789432463386E-02
 1.97076949379850E+03	 2.66476279676354E-01
 1.97077223169853E+03	 5.24111058780868E-01
 1.97077496959856E+03	 6.95276703229863E-01
 1.97077770749859E+03	 6.82610020678759E-01
 1.97078044539862E+03	 4.58161357099117E-01
 1.97078318329865E+03	 1.03837871955157E-01
 1.97078592119868E+03	-2.39715007518096E-01
 1.97078865909871E+03	-4.72401968733425E-01
 1.97079139699874E+03	-5.73612125126642E-01
 1.97079413489878E+03	-5.56801448189587E-01
 1.97079687279881E+03	-4.30804425579083E-01
 1.97079961069884E+03	-2.23861072465163E-01
 1.97080234859887E+03	-6.22623737606807E-03
 1.97080508649890E+03	 1.51738314488767E-01
 1.97080782439893E+03	 2.34605125033742E-01
 1.97081056229896E+03	 2.71517058452891E-01
 1.97081330019899E+03	 2.82455592627209E-01
 1.97081603809902E+03	 2.57728377112949E-01
 1.97081877599905E+03	 1.81944616484394E-01
 1.97082151389908E+03	 5.63014116689880E-02
 1.97082425179911E+03	-9.88389497776577E-02
 1.97082698969914E+03	-2.47407571176053E-01
 1.97082972759917E+03	-3.48919506726522E-01
 1.97083246549921E+03	-3.80499499853909E-01
 1.97083520339924E+03	-3.44119191592625E-01
 1.97083794129927E+03	-2.45648885456802E-01
 1.97084067919930E+03	-8.07660787197659E-02
 1.97084341709933E+03	 1.42822450573581E-01
 1.97084615499936E+03	 3.77114431263688E-01
 1.97084889289939E+03	 5.43309766105741E-01
 1.97085163079942E+03	 5.72221324049874E-01
 1.97085436869945E+03	 4.39975771224204E-01
 1.97085710659948E+03	 1.82197736770220E-01
 1.97085984449951E+03	-1.18195635280917E-01
 1.97086258239954E+03	-3.71835024749069E-01
 1.97086532029957E+03	-5.25402791882004E-01
 1.97086805819961E+03	-5.64690763178783E-01
 1.97087079609964E+03	-4.89206095694822E-01
 1.97087353399967E+03	-3.12504738199685E-01
 1.97087627189970E+03	-8.89371684209184E-02
 1.97087900979973E+03	 9.76764900993699E-02
 1.97088174769976E+03	 1.97012651542955E-01
 1.97088448559979E+03	 2.27436659317559E-01
 1.97088722349982E+03	 2.33007246739206E-01
 1.97088996139985E+03	 2.23765330181913E-01
 1.97089269929988E+03	 1.75552556244793E-01
 1.97089543719991E+03	 7.21637641743506E-02
 1.97089817509994E+03	-7.17441088363120E-02
 1.97090091299997E+03	-2.19416783018033E-01
 1.97090365090001E+03	-3.29583761587722E-01
 1.97090638880004E+03	-3.75161745193615E-01
 1.97090912670007E+03	-3.55078906281627E-01
 1.97091186460010E+03	-2.79327238564074E-01
 1.97091460250013E+03	-1.42661329953801E-01
 1.97091734040016E+03	 6.29801311246453E-02
 1.97092007830019E+03	 3.00106013168865E-01
 1.97092281620022E+03	 4.76194026838530E-01
 1.97092555410025E+03	 5.06894959982247E-01
 1.97092829200028E+03	 3.81607747939066E-01
 1.97093102990031E+03	 1.58045586073810E-01
 1.97093376780034E+03	-9.08841691043651E-02
 1.97093650570037E+03	-3.11363012578951E-01
 1.97093924360041E+03	-4.68740091271312E-01
 1.97094198150044E+03	-5.39014875452696E-01
 1.97094471940047E+03	-5.05742666576889E-01
 1.97094745730050E+03	-3.66913843132170E-01
 1.97095019520053E+03	-1.54498897253795E-01
 1.97095293310056E+03	 5.84965017575647E-02
 1.97095567100059E+03	 1.97051052425838E-01
 1.97095840890062E+03	 2.42171390230857E-01
 1.97096114680065E+03	 2.34769263055645E-01
 1.97096388470068E+03	 2.15487904341431E-01
 1.97096662260071E+03	 1.79216423741298E-01
 1.97096936050074E+03	 9.73174364105055E-02
 1.97097209840077E+03	-3.47740611460758E-02
 1.97097483630080E+03	-1.85013712026393E-01
 1.97097757420084E+03	-3.06855405131405E-01
 1.97098031210087E+03	-3.65572563563064E-01
 1.97098305000090E+03	-3.53980434158621E-01
 1.97098578790093E+03	-2.86235046304558E-01
 1.97098852580096E+03	-1.67535685117970E-01
 1.97099126370099E+03	 1.88930075816185E-02
 1.97099400160102E+03	 2.66719195884847E-01
 1.97099673950105E+03	 4.92999907499028E-01
 1.97099947740108E+03	 5.72508138750418E-01
 1.97100221530111E+03	 4.48032179510773E-01
 1.97100495320114E+03	 1.85730356107094E-01
 1.97100769110117E+03	-9.25627247253392E-02
 1.97101042900120E+03	-3.09316326894690E-01
 1.97101316690124E+03	-4.51264067797092E-01
 1.97101590480127E+03	-5.21396226778520E-01
 1.97101864270130E+03	-5.07097535927655E-01
 1.97102138060133E+03	-3.95015054817036E-01
 1.97102411850136E+03	-2.00128300401999E-01
 1.97102685640139E+03	 2.35030424936832E-02
 1.97102959430142E+03	 2.02674025938470E-01
 1.97103233220145E+03	 2.89568632765616E-01
 1.97103507010148E+03	 2.93510106328782E-01
 1.97103780800151E+03	 2.59352146499368E-01
 1.97104054590154E+03	 2.12502152444066E-01
 1.97104328380157E+03	 1.38288478042516E-01
 1.97104602170160E+03	 1.73036744445641E-02
 1.97104875960164E+03	-1.35622305179940E-01
 1.97105149750167E+03	-2.74727080463674E-01
 1.97105423540170E+03	-3.55055773283356E-01
 1.97105697330173E+03	-3.58101511682789E-01
 1.97105971120176E+03	-2.94762056946426E-01
 1.97106244910179E+03	-1.82017444999605E-01
 1.97106518700182E+03	-1.32787285494104E-02
 1.97106792490185E+03	 2.27954010313529E-01
 1.97107066280188E+03	 5.02006281499291E-01
 1.97107340070191E+03	 6.82153600951670E-01
 1.97107613860194E+03	 6.39575952965757E-01
 1.97107887650197E+03	 3.71374154360349E-01
 1.97108161440200E+03	 1.35665669375768E-02
 1.97108435230203E+03	-2.82599706298614E-01
 1.97108709020207E+03	-4.59466309068829E-01
 1.97108982810210E+03	-5.35676454583366E-01
 1.97109256600213E+03	-5.28267930258092E-01
 1.97109530390216E+03	-4.29879993511952E-01
 1.97109804180219E+03	-2.46132375868053E-01
 1.97110077970222E+03	-2.09673022923192E-02
 1.97110351760225E+03	 1.80893080056317E-01
 1.97110625550228E+03	 3.08504923037314E-01
 1.97110899340231E+03	 3.48508791592694E-01
 1.97111173130234E+03	 3.24474623652343E-01
 1.97111446920237E+03	 2.68610947406319E-01
 1.97111720710240E+03	 1.89735821101031E-01
 1.97111994500243E+03	 7.50939613452169E-02
 1.97112268290247E+03	-7.55984614812351E-02
 1.97112542080250E+03	-2.29078130134525E-01
 1.97112815870253E+03	-3.36449965458597E-01
 1.97113089660256E+03	-3.66365624325609E-01
 1.97113363450259E+03	-3.19553145432851E-01
 1.97113637240262E+03	-2.15191441604552E-01
 1.97113911030265E+03	-6.17091150500660E-02
 1.97114184820268E+03	 1.55215259202628E-01
 1.97114458610271E+03	 4.33882634953734E-01
 1.97114732400274E+03	 6.94884644049920E-01
 1.97115006190277E+03	 7.91265392554143E-01
 1.97115279980280E+03	 6.25720873598292E-01
 1.97115553770283E+03	 2.57766095865549E-01
 1.97115827560287E+03	-1.37221572030664E-01
 1.97116101350290E+03	-4.16318347304353E-01
 1.97116375140293E+03	-5.50216779847888E-01
 1.97116648930296E+03	-5.69787853023225E-01
 1.97116922720299E+03	-4.90348454658873E-01
 1.97117196510302E+03	-3.17129641629736E-01
 1.97117470300305E+03	-8.91501674641776E-02
 1.97117744090308E+03	 1.24907684632193E-01
 1.97118017880311E+03	 2.72255672369580E-01
 1.97118291670314E+03	 3.40352879599197E-01
 1.97118565460317E+03	 3.43805678878280E-01
 1.97118839250320E+03	 3.02529927517010E-01
 1.97119113040323E+03	 2.27987506810912E-01
 1.97119386830326E+03	 1.19562996367950E-01
 1.97119660620330E+03	-2.30662599395457E-02
 1.97119934410333E+03	-1.79403191925806E-01
 1.97120208200336E+03	-3.06820993632229E-01
 1.97120481990339E+03	-3.66480181233281E-01
 1.97120755780342E+03	-3.47793943565570E-01
 1.97121029570345E+03	-2.64921298929347E-01
 1.97121303360348E+03	-1.32381003683087E-01
 1.97121577150351E+03	 5.29224295186552E-02
 1.97121850940354E+03	 2.98663329621926E-01
 1.97122124730357E+03	 5.71828650473510E-01
 1.97122398520360E+03	 7.67431447436643E-01
 1.97122672310363E+03	 7.56224196672770E-01
 1.97122946100366E+03	 4.97349385315061E-01
 1.97123219890370E+03	 9.63324180872380E-02
 1.97123493680373E+03	-2.74172062921306E-01
 1.97123767470376E+03	-5.06097436005999E-01
 1.97124041260379E+03	-5.91644971212171E-01
 1.97124315050382E+03	-5.55728766807399E-01
 1.97124588840385E+03	-4.10328054381966E-01
 1.97124862630388E+03	-1.85643273915217E-01
 1.97125136420391E+03	 4.45215586205866E-02
 1.97125410210394E+03	 2.06474877236046E-01
 1.97125684000397E+03	 2.81123961391293E-01
 1.97125957790400E+03	 2.95576642842280E-01
 1.97126231580403E+03	 2.75530391831479E-01
 1.97126505370406E+03	 2.23701044231113E-01
 1.97126779160410E+03	 1.33338685474239E-01
 1.97127052950413E+03	 5.39316826335082E-03
 1.97127326740416E+03	-1.42864802905395E-01
 1.97127600530419E+03	-2.76353791161699E-01
 1.97127874320422E+03	-3.55942616210605E-01
 1.97128148110425E+03	-3.62872960462069E-01
 1.97128421900428E+03	-3.05889163101685E-01
 1.97128695690431E+03	-2.00517513519841E-01
 1.97128969480434E+03	-4.83764672189821E-02
 1.97129243270437E+03	 1.55826937032914E-01
 1.97129517060440E+03	 3.95193066979978E-01
 1.97129790850443E+03	 6.06553033976236E-01
 1.97130064640446E+03	 6.91150128546578E-01
 1.97130338430450E+03	 5.73653239501388E-01
 1.97130612220453E+03	 2.72711522749708E-01
 1.97130886010456E+03	-9.39746175907176E-02
 1.97131159800459E+03	-3.92403360940306E-01
 1.97131433590462E+03	-5.56510170872469E-01
 1.97131707380465E+03	-5.85572048764234E-01
 1.97131981170468E+03	-4.91356146797581E-01
 1.97132254960471E+03	-2.91971545325327E-01
 1.97132528750474E+03	-4.89179629752378E-02
 1.97132802540477E+03	 1.43744787048270E-01
 1.97133076330480E+03	 2.31657456891385E-01
 1.97133350120483E+03	 2.37820063967086E-01
 1.97133623910486E+03	 2.14452186609330E-01
 1.97133897700489E+03	 1.79863339207544E-01
 1.97134171490493E+03	 1.16676267608853E-01
 1.97134445280496E+03	 1.11857101899249E-02
 1.97134719070499E+03	-1.24071071045595E-01
 1.97134992860502E+03	-2.55569796634536E-01
 1.97135266650505E+03	-3.44404627084765E-01
 1.97135540440508E+03	-3.66351320218981E-01
 1.97135814230511E+03	-3.25306203015818E-01
 1.97136088020514E+03	-2.39846810319908E-01
 1.97136361810517E+03	-1.15327955134153E-01
 1.97136635600520E+03	 5.64671271363098E-02
 1.97136909390523E+03	 2.64126976193401E-01
 1.97137183180526E+03	 4.54664474609903E-01
 1.97137456970529E+03	 5.52932547939502E-01
 1.97137730760533E+03	 5.03368645785814E-01
 1.97138004550536E+03	 3.03414906710421E-01
 1.97138278340539E+03	 1.23875770151492E-02
 1.97138552130542E+03	-2.74722746664653E-01
 1.97138825920545E+03	-4.78197383857079E-01
 1.97139099710548E+03	-5.63957878422840E-01
 1.97139373500551E+03	-5.27477633928283E-01
 1.97139647290554E+03	-3.74081585839493E-01
 1.97139921080557E+03	-1.39818044476470E-01
 1.97140194870560E+03	 8.88281313504179E-02
 1.97140468660563E+03	 2.21292498115311E-01
 1.97140742450566E+03	 2.38311201075540E-01
 1.97141016240569E+03	 1.95638774724405E-01
 1.97141290030573E+03	 1.48546131907154E-01
 1.97141563820576E+03	 9.77274883489837E-02
 1.97141837610579E+03	 1.46673901198112E-02
 1.97142111400582E+03	-1.06852783171743E-01
 1.97142385190585E+03	-2.37852000523290E-01
 1.97142658980588E+03	-3.35678580004931E-01
 1.97142932770591E+03	-3.69120707322870E-01
 1.97143206560594E+03	-3.34776287000300E-01
 1.97143480350597E+03	-2.53324527380288E-01
 1.97143754140600E+03	-1.40458045537219E-01
 1.97144027930603E+03	 1.22342901048250E-02
 1.97144301720606E+03	 2.07778469480575E-01
 1.97144575510609E+03	 3.98991360008222E-01
 1.97144849300612E+03	 5.00132249392950E-01
 1.97145123090616E+03	 4.53662250041261E-01
 1.97145396880619E+03	 2.73789125846753E-01
 1.97145670670622E+03	 2.53969362117495E-02
 1.97145944460625E+03	-2.21238475262306E-01
 1.97146218250628E+03	-4.13906011069840E-01
 1.97146492040631E+03	-5.20240226129417E-01
 1.97146765830634E+03	-5.22558907317980E-01
 1.97147039620637E+03	-4.13878247973821E-01
 1.97147313410640E+03	-2.08776003198752E-01
 1.97147587200643E+03	 3.43183905240531E-02
 1.97147860990646E+03	 2.22529844855820E-01
 1.97148134780649E+03	 2.90983190570733E-01
 1.97148408570652E+03	 2.55690247240983E-01
 1.97148682360656E+03	 1.84154024975528E-01
 1.97148956150659E+03	 1.17003892347496E-01
 1.97149229940662E+03	 3.99737208158316E-02
 1.97149503730665E+03	-7.11084309128538E-02
 1.97149777520668E+03	-2.04687785233199E-01
 1.97150051310671E+03	-3.18287361964708E-01
 1.97150325100674E+03	-3.71076885618458E-01
 1.97150598890677E+03	-3.48247711136455E-01
 1.97150872680680E+03	-2.65541925771037E-01
 1.97151146470683E+03	-1.48707430747762E-01
 1.97151420260686E+03	-1.45968454523600E-03
 1.97151694050689E+03	 1.90617037347737E-01
 1.97151967840692E+03	 4.05493575479121E-01
 1.97152241630696E+03	 5.52903449380662E-01
 1.97152515420699E+03	 5.34556347234853E-01
 1.97152789210702E+03	 3.39610866447717E-01
 1.97153063000705E+03	 5.69339253345244E-02
 1.97153336790708E+03	-2.06434597247659E-01
 1.97153610580711E+03	-3.95233796517127E-01
 1.97153884370714E+03	-4.99247756065073E-01
 1.97154158160717E+03	-5.14155046226629E-01
 1.97154431950720E+03	-4.30657554846990E-01
 1.97154705740723E+03	-2.52996008933985E-01
 1.97154979530726E+03	-1.86791442375939E-02
 1.97155253320729E+03	 2.00678678516117E-01
 1.97155527110732E+03	 3.30357033683775E-01
 1.97155800900735E+03	 3.42827611023474E-01
 1.97156074690739E+03	 2.75644623949431E-01
 1.97156348480742E+03	 1.86501490118384E-01
 1.97156622270745E+03	 9.56101371406280E-02
 1.97156896060748E+03	-1.41790157669440E-02
 1.97157169850751E+03	-1.49567176610400E-01
 1.97157443640754E+03	-2.80409035542264E-01
 1.97157717430757E+03	-3.60864549224371E-01
 1.97157991220760E+03	-3.63087973806172E-01
 1.97158265010763E+03	-2.91355529791170E-01
 1.97158538800766E+03	-1.71646121391086E-01
 1.97158812590769E+03	-2.25798826822424E-02
 1.97159086380772E+03	 1.64213324169484E-01
 1.97159360170775E+03	 3.93317461636121E-01
 1.97159633960779E+03	 6.04757134482585E-01
 1.97159907750782E+03	 6.77112292087127E-01
 1.97160181540785E+03	 5.29643063412346E-01
 1.97160455330788E+03	 2.13434522623369E-01
 1.97160729120791E+03	-1.27169441777279E-01
 1.97161002910794E+03	-3.76389624424196E-01
 1.97161276700797E+03	-5.06191851331468E-01
 1.97161550490800E+03	-5.32389719580803E-01
 1.97161824280803E+03	-4.61609603967482E-01
 1.97162098070806E+03	-2.97833957480228E-01
 1.97162371860809E+03	-7.29758303104130E-02
 1.97162645650812E+03	 1.51982835318192E-01
 1.97162919440815E+03	 3.13907397991456E-01
 1.97163193230819E+03	 3.76730184329028E-01
 1.97163467020822E+03	 3.47216101134835E-01
 1.97163740810825E+03	 2.64116405912965E-01
 1.97164014600828E+03	 1.62178445628195E-01
 1.97164288390831E+03	 4.70000367507811E-02
 1.97164562180834E+03	-8.81826907977979E-02
 1.97164835970837E+03	-2.28479742620340E-01
 1.97165109760840E+03	-3.33813855285440E-01
 1.97165383550843E+03	-3.67947422848608E-01
 1.97165657340846E+03	-3.22788662212372E-01
 1.97165931130849E+03	-2.16683554375448E-01
 1.97166204920852E+03	-7.31771831745820E-02
 1.97166478710855E+03	 1.02674219710448E-01
 1.97166752500859E+03	 3.21525342498305E-01
 1.97167026290862E+03	 5.62976323396040E-01
 1.97167300080865E+03	 7.32965222297064E-01
 1.97167573870868E+03	 7.07680668294338E-01
 1.97167847660871E+03	 4.50277896747376E-01
 1.97168121450874E+03	 6.67352022977644E-02
 1.97168395240877E+03	-2.78762362980244E-01
 1.97168669030880E+03	-4.89675707728971E-01
 1.97168942820883E+03	-5.61912663072656E-01
 1.97169216610886E+03	-5.17999327274738E-01
 1.97169490400889E+03	-3.69820246454036E-01
 1.97169764190892E+03	-1.46851556882725E-01
 1.97170037980895E+03	 8.48467301554837E-02
 1.97170311770898E+03	 2.56767623710561E-01
 1.97170585560902E+03	 3.38759619694705E-01
 1.97170859350905E+03	 3.40206263609254E-01
 1.97171133140908E+03	 2.86206843689568E-01
 1.97171406930911E+03	 1.98653004811005E-01
 1.97171680720914E+03	 8.81201705947515E-02
 1.97171954510917E+03	-4.26703565179027E-02
 1.97172228300920E+03	-1.82578648733148E-01
 1.97172502090923E+03	-3.00745355682675E-01
 1.97172775880926E+03	-3.60395931617489E-01
 1.97173049670929E+03	-3.44829828623238E-01
 1.97173323460932E+03	-2.64853559628830E-01
 1.97173597250935E+03	-1.41863839765495E-01
 1.97173871040938E+03	 1.33190591917509E-02
 1.97174144830942E+03	 2.05554025490078E-01
 1.97174418620945E+03	 4.32515371013564E-01
 1.97174692410948E+03	 6.44005859579733E-01
 1.97174966200951E+03	 7.34131268716512E-01
 1.97175239990954E+03	 6.10354818517485E-01
 1.97175513780957E+03	 2.89309178999937E-01
 1.97175787570960E+03	-9.55515638001090E-02
 1.97176061360963E+03	-3.97582391707355E-01
 1.97176335150966E+03	-5.52447267422156E-01
 1.97176608940969E+03	-5.66946907369702E-01
 1.97176882730972E+03	-4.58314737052585E-01
 1.97177156520975E+03	-2.49113651271667E-01
 1.97177430310978E+03	-2.76984282203182E-03
 1.97177704100982E+03	 1.90471611986847E-01
 1.97177977890985E+03	 2.79317100014081E-01
 1.97178251680988E+03	 2.80793933830035E-01
 1.97178525470991E+03	 2.39186404643580E-01
 1.97178799260994E+03	 1.76890526011281E-01
 1.97179073050997E+03	 9.07412237692609E-02
 1.97179346841000E+03	-2.36753560708326E-02
 1.97179620631003E+03	-1.55280827100258E-01
 1.97179894421006E+03	-2.75624782781850E-01
 1.97180168211009E+03	-3.49209652936762E-01
 1.97180442001012E+03	-3.54203860593917E-01
 1.97180715791015E+03	-2.96307087179666E-01
 1.97180989581018E+03	-1.97118614569831E-01
 1.97181263371021E+03	-6.93890942054329E-02
 1.97181537161025E+03	 9.04274693419873E-02
 1.97181810951028E+03	 2.83707205037664E-01
 1.97182084741031E+03	 4.82545136471897E-01
 1.97182358531034E+03	 6.17751916881624E-01
 1.97182632321037E+03	 6.04403428830615E-01
 1.97182906111040E+03	 4.04979767538746E-01
 1.97183179901043E+03	 7.80716773824028E-02
 1.97183453691046E+03	-2.50865697063870E-01
 1.97183727481049E+03	-4.76969736535888E-01
 1.97184001271052E+03	-5.64787619357906E-01
 1.97184275061055E+03	-5.19125319228736E-01
 1.97184548851058E+03	-3.52201643089515E-01
 1.97184822641061E+03	-1.06634986380495E-01
 1.97185096431065E+03	 1.23738605798838E-01
 1.97185370221068E+03	 2.46794899209983E-01
 1.97185644011071E+03	 2.48298634300189E-01
 1.97185917801074E+03	 1.88406896108149E-01
 1.97186191591077E+03	 1.24187666995926E-01
 1.97186465381080E+03	 6.01110244746206E-02
 1.97186739171083E+03	-2.69857720301900E-02
 1.97187012961086E+03	-1.42038644889142E-01
 1.97187286751089E+03	-2.59645054788909E-01
 1.97187560541092E+03	-3.41360897552354E-01
 1.97187834331095E+03	-3.58951895056116E-01
 1.97188108121098E+03	-3.11452766880316E-01
 1.97188381911101E+03	-2.22241053663001E-01
 1.97188655701105E+03	-1.12374692315914E-01
 1.97188929491108E+03	 1.98464568411893E-02
 1.97189203281111E+03	 1.82730857142156E-01
 1.97189477071114E+03	 3.56966711781471E-01
 1.97189750861117E+03	 4.87184416979565E-01
 1.97190024651120E+03	 5.09474115304979E-01
 1.97190298441123E+03	 3.89929317320596E-01
 1.97190572231126E+03	 1.50424548522463E-01
 1.97190846021129E+03	-1.34141412872810E-01
 1.97191119811132E+03	-3.73759661033029E-01
 1.97191393601135E+03	-5.09518093669146E-01
 1.97191667391138E+03	-5.23011971237472E-01
 1.97191941181141E+03	-4.13593953772373E-01
 1.97192214971144E+03	-1.98862878102245E-01
 1.97192488761148E+03	 5.41492960902806E-02
 1.97192762551151E+03	 2.37773486769313E-01
 1.97193036341154E+03	 2.81768131803232E-01
 1.97193310131157E+03	 2.13565764473610E-01
 1.97193583921160E+03	 1.16791248606634E-01
 1.97193857711163E+03	 3.97159216933865E-02
 1.97194131501166E+03	-3.28442924924052E-02
 1.97194405291169E+03	-1.28915991243979E-01
 1.97194679081172E+03	-2.41431041292252E-01
 1.97194952871175E+03	-3.32392510465959E-01
 1.97195226661178E+03	-3.64311955869918E-01
 1.97195500451181E+03	-3.24764720454469E-01
 1.97195774241184E+03	-2.32516041719917E-01
 1.97196048031188E+03	-1.18736934985061E-01
 1.97196321821191E+03	 5.06983250004282E-03
 1.97196595611194E+03	 1.50957550850950E-01
 1.97196869401197E+03	 3.14775915722587E-01
 1.97197143191200E+03	 4.44910965273227E-01
 1.97197416981203E+03	 4.70995694726299E-01
 1.97197690771206E+03	 3.63022495718659E-01
 1.97197964561209E+03	 1.53091499720007E-01
 1.97198238351212E+03	-9.23028185565313E-02
 1.97198512141215E+03	-3.08346925990418E-01
 1.97198785931218E+03	-4.49617586040235E-01
 1.97199059721221E+03	-4.91955792096196E-01
 1.97199333511224E+03	-4.25533079056820E-01
 1.97199607301228E+03	-2.53216063945734E-01
 1.97199881091231E+03	-1.00321230003214E-02
 1.97200154881234E+03	 2.19853398789754E-01
 1.97200428671237E+03	 3.39148910084795E-01
 1.97200702461240E+03	 3.14161494630339E-01
 1.97200976251243E+03	 2.02056995976108E-01
 1.97201250041246E+03	 8.52169018135641E-02
 1.97201523831249E+03	-7.62714778174023E-03
 1.97201797621252E+03	-1.00306232090140E-01
 1.97202071411255E+03	-2.09292070137055E-01
 1.97202345201258E+03	-3.11285353635661E-01
 1.97202618991261E+03	-3.64529223415866E-01
 1.97202892781264E+03	-3.43199597411149E-01
 1.97203166571268E+03	-2.53359135342141E-01
 1.97203440361271E+03	-1.26008493880224E-01
 1.97203714151274E+03	 1.09662386822264E-02
 1.97203987941277E+03	 1.57936312227622E-01
 1.97204261731280E+03	 3.24594048487583E-01
 1.97204535521283E+03	 4.78424480963079E-01
 1.97204809311286E+03	 5.37507792751874E-01
 1.97205083101289E+03	 4.39717977597611E-01
 1.97205356891292E+03	 2.09508063550251E-01
 1.97205630681295E+03	-6.10838204817797E-02
 1.97205904471298E+03	-2.86594383974927E-01
 1.97206178261301E+03	-4.27939013429690E-01
 1.97206452051304E+03	-4.75918839574588E-01
 1.97206725841307E+03	-4.26681996096362E-01
 1.97206999631311E+03	-2.81425881385401E-01
 1.97207273421314E+03	-6.17269522861772E-02
 1.97207547211317E+03	 1.77007163419315E-01
 1.97207821001320E+03	 3.53342544248814E-01
 1.97208094791323E+03	 4.03172953702173E-01
 1.97208368581326E+03	 3.29410364020118E-01
 1.97208642371329E+03	 1.97013620902415E-01
 1.97208916161332E+03	 6.83517909072851E-02
 1.97209189951335E+03	-4.49621551775847E-02
 1.97209463741338E+03	-1.59936536385543E-01
 1.97209737531341E+03	-2.72834005147302E-01
 1.97210011321344E+03	-3.49991920526205E-01
 1.97210285111347E+03	-3.57869221467113E-01
 1.97210558901351E+03	-2.88703948266071E-01
 1.97210832691354E+03	-1.62824469306905E-01
 1.97211106481357E+03	-1.21223186422734E-02
 1.97211380271360E+03	 1.46639785422788E-01
 1.97211654061363E+03	 3.20067434449809E-01
 1.97211927851366E+03	 5.00596398158861E-01
 1.97212201641369E+03	 6.22502498174959E-01
 1.97212475431372E+03	 5.90787794670653E-01
 1.97212749221375E+03	 3.75497097827773E-01
 1.97213023011378E+03	 5.79670069320012E-02
 1.97213296801381E+03	-2.34263816711308E-01
 1.97213570591384E+03	-4.21895117226749E-01
 1.97213844381387E+03	-4.92413575727701E-01
 1.97214118171391E+03	-4.56375505281869E-01
 1.97214391961394E+03	-3.23092052261860E-01
 1.97214665751397E+03	-1.15974173071059E-01
 1.97214939541400E+03	 1.15102496011193E-01
 1.97215213331403E+03	 3.06583502420483E-01
 1.97215487121406E+03	 4.05530549034428E-01
 1.97215760911409E+03	 3.92976576261005E-01
 1.97216034701412E+03	 2.94603365102868E-01
 1.97216308491415E+03	 1.60903187698515E-01
 1.97216582281418E+03	 2.72755467823322E-02
 1.97216856071421E+03	-1.01241459712004E-01
 1.97217129861424E+03	-2.24240472686910E-01
 1.97217403651427E+03	-3.20394644477257E-01
 1.97217677441430E+03	-3.57728243805257E-01
 1.97217951231434E+03	-3.20390481357216E-01
 1.97218225021437E+03	-2.18112872387244E-01
 1.97218498811440E+03	-7.57678604938476E-02
 1.97218772601443E+03	 8.46049947717774E-02
 1.97219046391446E+03	 2.58247744132564E-01
 1.97219320181449E+03	 4.46913804839887E-01
 1.97219593971452E+03	 6.17193398056341E-01
 1.97219867761455E+03	 6.81312041159638E-01
 1.97220141551458E+03	 5.57088820569961E-01
 1.97220415341461E+03	 2.59664746296669E-01
 1.97220689131464E+03	-9.06894588724412E-02
 1.97220962921467E+03	-3.63370099741086E-01
 1.97221236711470E+03	-5.00449113461436E-01
 1.97221510501474E+03	-5.05723298622184E-01
 1.97221784291477E+03	-3.95851296529820E-01
 1.97222058081480E+03	-1.96054586823173E-01
 1.97222331871483E+03	 3.77028830233568E-02
 1.97222605661486E+03	 2.32132978435465E-01
 1.97222879451489E+03	 3.39013985680954E-01
 1.97223153241492E+03	 3.53428638871225E-01
 1.97223427031495E+03	 2.97046929847629E-01
 1.97223700821498E+03	 1.97081250014375E-01
 1.97223974611501E+03	 7.57861325406729E-02
 1.97224248401504E+03	-5.35453135772203E-02
 1.97224522191507E+03	-1.81071640783231E-01
 1.97224795981510E+03	-2.87732689950252E-01
 1.97225069771514E+03	-3.45248605328341E-01
 1.97225343561517E+03	-3.34914122169154E-01
 1.97225617351520E+03	-2.61498772834485E-01
 1.97225891141523E+03	-1.45206180858213E-01
 1.97226164931526E+03	-4.45810979998791E-03
 1.97226438721529E+03	 1.53451484546149E-01
 1.97226712511532E+03	 3.28494691469477E-01
 1.97226986301535E+03	 5.06568851458522E-01
 1.97227260091538E+03	 6.32280050680013E-01
 1.97227533881541E+03	 6.19924778585642E-01
 1.97227807671544E+03	 4.23186015839515E-01
 1.97228081461547E+03	 9.76812937142583E-02
 1.97228355251550E+03	-2.28024126640206E-01
 1.97228629041553E+03	-4.47255105777621E-01
 1.97228902831557E+03	-5.25202304926106E-01
 1.97229176621560E+03	-4.68954153971726E-01
 1.97229450411563E+03	-2.97004990317916E-01
 1.97229724201566E+03	-5.80268078135868E-02
 1.97229997991569E+03	 1.59299020204801E-01
 1.97230271781572E+03	 2.76928181995532E-01
 1.97230545571575E+03	 2.84423770367993E-01
 1.97230819361578E+03	 2.27729772042528E-01
 1.97231093151581E+03	 1.50515624297252E-01
 1.97231366941584E+03	 6.30927280609745E-02
 1.97231640731587E+03	-4.07072820161744E-02
 1.97231914521590E+03	-1.57197732185013E-01
 1.97232188311593E+03	-2.64931871889809E-01
 1.97232462101597E+03	-3.33066168968743E-01
 1.97232735891600E+03	-3.38672503881655E-01
 1.97233009681603E+03	-2.82452105228667E-01
 1.97233283471606E+03	-1.85831470550571E-01
 1.97233557261609E+03	-6.96214272287129E-02
 1.97233831051612E+03	 6.10565904189807E-02
 1.97234104841615E+03	 2.09432677223775E-01
 1.97234378631618E+03	 3.67625220903774E-01
 1.97234652421621E+03	 5.01129615092524E-01
 1.97234926211624E+03	 5.49346231801300E-01
 1.97235200001627E+03	 4.56053892480659E-01
 1.97235473791630E+03	 2.20967555732340E-01
 1.97235747581633E+03	-7.92740303929285E-02
 1.97236021371637E+03	-3.37303529650923E-01
 1.97236295161640E+03	-4.82429346283001E-01
 1.97236568951643E+03	-4.95234975982885E-01
 1.97236842741646E+03	-3.79085302693609E-01
 1.97237116531649E+03	-1.59446467145877E-01
 1.97237390321652E+03	 8.73681663162891E-02
 1.97237664111655E+03	 2.52950776249253E-01
 1.97237937901658E+03	 2.77617047118926E-01
 1.97238211691661E+03	 1.97846476861788E-01
 1.97238485481664E+03	 9.51357128128672E-02
 1.97238759271667E+03	 1.24415242959655E-02
 1.97239033061670E+03	-6.33331891894910E-02
 1.97239306851673E+03	-1.54388548154495E-01
 1.97239580641677E+03	-2.53222923839205E-01
 1.97239854431680E+03	-3.27065041598146E-01
 1.97240128221683E+03	-3.44144043770638E-01
 1.97240402011686E+03	-2.95715261654269E-01
 1.97240675801689E+03	-2.01260580350512E-01
 1.97240949591692E+03	-9.06421869051812E-02
 1.97241223381695E+03	 2.28114824282831E-02
 1.97241497171698E+03	 1.46321383388983E-01
 1.97241770961701E+03	 2.81575536122138E-01
 1.97242044751704E+03	 4.01406622075701E-01
 1.97242318541707E+03	 4.56981675422208E-01
 1.97242592331710E+03	 4.06378710111310E-01
 1.97242866121713E+03	 2.42159267764379E-01
 1.97243139911716E+03	 4.10007895805205E-03
 1.97243413701720E+03	-2.34318435165797E-01
 1.97243687491723E+03	-4.03343949520226E-01
 1.97243961281726E+03	-4.65205962974669E-01
 1.97244235071729E+03	-4.07947333841889E-01
 1.97244508861732E+03	-2.34838426295220E-01
 1.97244782651735E+03	 1.30561531753457E-02
 1.97245056441738E+03	 2.37499033822042E-01
 1.97245330231741E+03	 3.32467220163843E-01
 1.97245604021744E+03	 2.73041465102777E-01
 1.97245877811747E+03	 1.34037064165401E-01
 1.97246151601750E+03	 7.47213336632411E-03
 1.97246425391753E+03	-7.95226286634148E-02
 1.97246699181756E+03	-1.55742188747049E-01
 1.97246972971760E+03	-2.41895022536080E-01
 1.97247246761763E+03	-3.19281473955905E-01
 1.97247520551766E+03	-3.50877625911348E-01
 1.97247794341769E+03	-3.14419497431408E-01
 1.97248068131772E+03	-2.18275868333750E-01
 1.97248341921775E+03	-9.46622354860338E-02
 1.97248615711778E+03	 2.71019978804575E-02
 1.97248889501781E+03	 1.44155302907919E-01
 1.97249163291784E+03	 2.67513921317003E-01
 1.97249437081787E+03	 3.83319979640722E-01
 1.97249710871790E+03	 4.41891844216637E-01
 1.97249984661793E+03	 3.96030806827376E-01
 1.97250258451796E+03	 2.43703222214517E-01
 1.97250532241800E+03	 2.97168801759929E-02
 1.97250806031803E+03	-1.83802028572978E-01
 1.97251079821806E+03	-3.44343354567432E-01
 1.97251353611809E+03	-4.19822623752245E-01
 1.97251627401812E+03	-3.95615528804308E-01
 1.97251901191815E+03	-2.67330294169334E-01
 1.97252174981818E+03	-4.95926397850289E-02
 1.97252448771821E+03	 1.97848053593966E-01
 1.97252722561824E+03	 3.72408756368728E-01
 1.97252996351827E+03	 3.93499666560041E-01
 1.97253270141830E+03	 2.73765184890122E-01
 1.97253543931833E+03	 1.04912280106597E-01
 1.97253817721836E+03	-3.31987903714864E-02
 1.97254091511839E+03	-1.31084438301197E-01
 1.97254365301843E+03	-2.17508725859236E-01
 1.97254639091846E+03	-2.98979244644706E-01
 1.97254912881849E+03	-3.47865153183879E-01
 1.97255186671852E+03	-3.33513253382609E-01
 1.97255460461855E+03	-2.49419842983018E-01
 1.97255734251858E+03	-1.17778824056310E-01
 1.97256008041861E+03	 2.55181289500637E-02
 1.97256281831864E+03	 1.58397535201147E-01
 1.97256555621867E+03	 2.85381488384229E-01
 1.97256829411870E+03	 4.09231437482088E-01
 1.97257103201873E+03	 4.92309577751557E-01
 1.97257376991876E+03	 4.70853661883071E-01
 1.97257650781879E+03	 3.18895052740032E-01
 1.97257924571883E+03	 8.33308324643078E-02
 1.97258198361886E+03	-1.51947797745300E-01
 1.97258472151889E+03	-3.23063852554900E-01
 1.97258745941892E+03	-4.03930817681965E-01
 1.97259019731895E+03	-3.89611412702988E-01
 1.97259293521898E+03	-2.82310523750694E-01
 1.97259567311901E+03	-9.42833946958723E-02
 1.97259841101904E+03	 1.38582033414999E-01
 1.97260114891907E+03	 3.47267142149894E-01
 1.97260388681910E+03	 4.49881095601495E-01
 1.97260662471913E+03	 4.06223341514862E-01
 1.97260936261916E+03	 2.55076104102390E-01
 1.97261210051919E+03	 8.03642793982366E-02
 1.97261483841923E+03	-6.22458125578840E-02
 1.97261757631926E+03	-1.72271864480780E-01
 1.97262031421929E+03	-2.64741877221802E-01
 1.97262305211932E+03	-3.30155811532449E-01
 1.97262579001935E+03	-3.41643865933525E-01
 1.97262852791938E+03	-2.83827475768305E-01
 1.97263126581941E+03	-1.65717099901518E-01
 1.97263400371944E+03	-1.52246795785979E-02
 1.97263674161947E+03	 1.37136859070024E-01
 1.97263947951950E+03	 2.78707666050770E-01
 1.97264221741953E+03	 4.13692997955786E-01
 1.97264495531956E+03	 5.27127303029773E-01
 1.97264769321959E+03	 5.60482427438820E-01
 1.97265043111962E+03	 4.53271153367206E-01
 1.97265316901966E+03	 2.14720577411457E-01
 1.97265590691969E+03	-6.70916438229410E-02
 1.97265864481972E+03	-2.92722791595824E-01
 1.97266138271975E+03	-4.11346461989339E-01
 1.97266412061978E+03	-4.17476029521841E-01
 1.97266685851981E+03	-3.21749572308731E-01
 1.97266959641984E+03	-1.44944740185206E-01
 1.97267233431987E+03	 7.31227372173186E-02
 1.97267507221990E+03	 2.76584027681096E-01
 1.97267781011993E+03	 4.08461472886729E-01
 1.97268054801996E+03	 4.30003151626130E-01
 1.97268328591999E+03	 3.41763183017837E-01
 1.97268602382002E+03	 1.87958565760054E-01
 1.97268876172006E+03	 2.61402420951029E-02
 1.97269149962009E+03	-1.11995254219486E-01
 1.97269423752012E+03	-2.23372486081854E-01
 1.97269697542015E+03	-3.04501371742056E-01
 1.97269971332018E+03	-3.37738224912732E-01
 1.97270245122021E+03	-3.07661569037797E-01
 1.97270518912024E+03	-2.16984054868383E-01
 1.97270792702027E+03	-8.39006246061938E-02
 1.97271066492030E+03	 6.76588941365798E-02
 1.97271340282033E+03	 2.18195895752825E-01
 1.97271614072036E+03	 3.61114726315006E-01
 1.97271887862039E+03	 4.91503519790163E-01
 1.97272161652042E+03	 5.75160042155697E-01
 1.97272435442046E+03	 5.46685824072009E-01
 1.97272709232049E+03	 3.67279193803990E-01
 1.97272983022052E+03	 8.24028589830751E-02
 1.97273256812055E+03	-2.00183645797874E-01
 1.97273530602058E+03	-3.89061886767254E-01
 1.97273804392061E+03	-4.50823957355671E-01
 1.97274078182064E+03	-3.89684003875281E-01
 1.97274351972067E+03	-2.26301842896014E-01
 1.97274625762070E+03	-6.80115491821119E-03
 1.97274899552073E+03	 1.98192625287006E-01
 1.97275173342076E+03	 3.27850439119369E-01
 1.97275447132079E+03	 3.61153033140002E-01
 1.97275720922082E+03	 3.11537329979356E-01
 1.97275994712086E+03	 2.05840016553421E-01
 1.97276268502089E+03	 7.26545453927066E-02
 1.97276542292092E+03	-6.33055166645266E-02
 1.97276816082095E+03	-1.85301882318888E-01
 1.97277089872098E+03	-2.79825851215098E-01
 1.97277363662101E+03	-3.29484739460350E-01
 1.97277637452104E+03	-3.19781631550355E-01
 1.97277911242107E+03	-2.52591750031292E-01
 1.97278185032110E+03	-1.44843602629535E-01
 1.97278458822113E+03	-1.49052644648208E-02
 1.97278732612116E+03	 1.24324648471581E-01
 1.97279006402119E+03	 2.63991923170413E-01
 1.97279280192122E+03	 3.96000945187816E-01
 1.97279553982125E+03	 5.01087158101896E-01
 1.97279827772129E+03	 5.34474279271081E-01
 1.97280101562132E+03	 4.43599357845001E-01
 1.97280375352135E+03	 2.22223519657554E-01
 1.97280649142138E+03	-6.06448320873382E-02
 1.97280922932141E+03	-3.03222760229809E-01
 1.97281196722144E+03	-4.36569148384417E-01
 1.97281470512147E+03	-4.40084512905151E-01
 1.97281744302150E+03	-3.19419570032446E-01
 1.97282018092153E+03	-1.07292160051434E-01
 1.97282291882156E+03	 1.20144843298654E-01
 1.97282565672159E+03	 2.70659837736026E-01
 1.97282839462162E+03	 3.00541978338833E-01
 1.97283113252165E+03	 2.38858188586266E-01
 1.97283387042169E+03	 1.42380852711518E-01
 1.97283660832172E+03	 4.24650545267745E-02
 1.97283934622175E+03	-5.96710139537834E-02
 1.97284208412178E+03	-1.65406085742569E-01
 1.97284482202181E+03	-2.61143216114773E-01
 1.97284755992184E+03	-3.22065414568010E-01
 1.97285029782187E+03	-3.26830908475494E-01
 1.97285303572190E+03	-2.72695619979259E-01
 1.97285577362193E+03	-1.78129709138739E-01
 1.97285851152196E+03	-6.67951082770726E-02
 1.97286124942199E+03	 4.99656311635844E-02
 1.97286398732202E+03	 1.71484836811421E-01
 1.97286672522205E+03	 2.93171027418773E-01
 1.97286946312209E+03	 3.97474800332481E-01
 1.97287220102212E+03	 4.52981787036842E-01
 1.97287493892215E+03	 4.20861548499607E-01
 1.97287767682218E+03	 2.78610028994638E-01
 1.97288041472221E+03	 5.14401486136392E-02
 1.97288315262224E+03	-1.88146110753758E-01
 1.97288589052227E+03	-3.63291856693442E-01
 1.97288862842230E+03	-4.29911991187519E-01
 1.97289136632233E+03	-3.73324088381603E-01
 1.97289410422236E+03	-2.00336085500993E-01
 1.97289684212239E+03	 3.83887975137969E-02
 1.97289958002242E+03	 2.40345746834506E-01
 1.97290231792245E+03	 3.10796759225042E-01
 1.97290505582248E+03	 2.41153368472958E-01
 1.97290779372252E+03	 1.07602677111799E-01
 1.97291053162255E+03	-1.13266598912926E-02
 1.97291326952258E+03	-9.72464443902064E-02
 1.97291600742261E+03	-1.73563069837604E-01
 1.97291874532264E+03	-2.52598333774160E-01
 1.97292148322267E+03	-3.15668182291810E-01
 1.97292422112270E+03	-3.32542776178395E-01
 1.97292695902273E+03	-2.88167419200375E-01
 1.97292969692276E+03	-1.94563962237618E-01
 1.97293243482279E+03	-8.14706837256452E-02
 1.97293517272282E+03	 2.78260986026881E-02
 1.97293791062285E+03	 1.31450084087430E-01
 1.97294064852288E+03	 2.35956400893004E-01
 1.97294338642292E+03	 3.31749676637653E-01
 1.97294612432295E+03	 3.88241520242923E-01
 1.97294886222298E+03	 3.72202766866173E-01
 1.97295160012301E+03	 2.68788858432552E-01
 1.97295433802304E+03	 9.32993136997764E-02
 1.97295707592307E+03	-1.08962790208833E-01
 1.97295981382310E+03	-2.79860462538849E-01
 1.97296255172313E+03	-3.73856897614115E-01
 1.97296528962316E+03	-3.66630752400174E-01
 1.97296802752319E+03	-2.47850191191558E-01
 1.97297076542322E+03	-3.28731842043553E-02
 1.97297350332325E+03	 2.07007197303389E-01
 1.97297624122328E+03	 3.57354770980270E-01
 1.97297897912332E+03	 3.42414494740022E-01
 1.97298171702335E+03	 1.94079882679793E-01
 1.97298445492338E+03	 1.74023234520879E-02
 1.97298719282341E+03	-1.10520875466307E-01
 1.97298993072344E+03	-1.89373691653864E-01
 1.97299266862347E+03	-2.52969965002966E-01
 1.97299540652350E+03	-3.09911335587485E-01
 1.97299814442353E+03	-3.36027670364133E-01
 1.97300088232356E+03	-3.05347807412024E-01
 1.97300362022359E+03	-2.15547328792514E-01
 1.97300635812362E+03	-9.08010595173878E-02
 1.97300909602365E+03	 3.49711468530457E-02
 1.97301183392368E+03	 1.43218481929721E-01
 1.97301457182371E+03	 2.38981685685733E-01
 1.97301730972375E+03	 3.27417342289054E-01
 1.97302004762378E+03	 3.86638827811308E-01
 1.97302278552381E+03	 3.76750582589164E-01
 1.97302552342384E+03	 2.77466265980394E-01
 1.97302826132387E+03	 1.09630079049851E-01
 1.97303099922390E+03	-7.81494742533139E-02
 1.97303373712393E+03	-2.35852243467720E-01
 1.97303647502396E+03	-3.28357024271263E-01
 1.97303921292399E+03	-3.37225212496626E-01
 1.97304195082402E+03	-2.53523061401729E-01
 1.97304468872405E+03	-7.78226205932152E-02
 1.97304742662408E+03	 1.57562967634714E-01
 1.97305016452411E+03	 3.68013162420118E-01
 1.97305290242415E+03	 4.49648597761431E-01
 1.97305564032418E+03	 3.61085142785455E-01
 1.97305837822421E+03	 1.65212780515027E-01
 1.97306111612424E+03	-2.92137089380406E-02
 1.97306385402427E+03	-1.61752568644724E-01
 1.97306659192430E+03	-2.43237011132487E-01
 1.97306932982433E+03	-3.01611625880256E-01
 1.97307206772436E+03	-3.35370415020389E-01
 1.97307480562439E+03	-3.21783063772700E-01
 1.97307754352442E+03	-2.47661012469103E-01
 1.97308028142445E+03	-1.23697170715121E-01
 1.97308301932448E+03	 2.04783357695819E-02
 1.97308575722451E+03	 1.53390353858609E-01
 1.97308849512455E+03	 2.62301066214873E-01
 1.97309123302458E+03	 3.53425694571811E-01
 1.97309397092461E+03	 4.22479581753895E-01
 1.97309670882464E+03	 4.34123984447666E-01
 1.97309944672467E+03	 3.49336844699816E-01
 1.97310218462470E+03	 1.73129491345244E-01
 1.97310492252473E+03	-3.82605179694051E-02
 1.97310766042476E+03	-2.17112841866349E-01
 1.97311039832479E+03	-3.21048790539774E-01
 1.97311313622482E+03	-3.36314635157208E-01
 1.97311587412485E+03	-2.63815143097784E-01
 1.97311861202488E+03	-1.11713980416647E-01
 1.97312134992491E+03	 9.83961967012100E-02
 1.97312408782495E+03	 3.16905310352745E-01
 1.97312682572498E+03	 4.64916830681552E-01
 1.97312956362501E+03	 4.72102160373751E-01
 1.97313230152504E+03	 3.34434915189545E-01
 1.97313503942507E+03	 1.25398988497538E-01
 1.97313777732510E+03	-6.49801470444577E-02
 1.97314051522513E+03	-1.96845854095168E-01
 1.97314325312516E+03	-2.80283671790067E-01
 1.97314599102519E+03	-3.28130228953679E-01
 1.97314872892522E+03	-3.32353389282908E-01
 1.97315146682525E+03	-2.80741294326868E-01
 1.97315420472528E+03	-1.75747663385712E-01
 1.97315694262531E+03	-3.54495001784599E-02
 1.97315968052534E+03	 1.13165148452583E-01
 1.97316241842538E+03	 2.45468222310958E-01
 1.97316515632541E+03	 3.52646993861917E-01
 1.97316789422544E+03	 4.35828878728899E-01
 1.97317063212547E+03	 4.77851954895876E-01
 1.97317337002550E+03	 4.36257288160734E-01
 1.97317610792553E+03	 2.85039743156257E-01
 1.97317884582556E+03	 5.80744984532501E-02
 1.97318158372559E+03	-1.65568410411431E-01
 1.97318432162562E+03	-3.16346611375420E-01
 1.97318705952565E+03	-3.64445276211855E-01
 1.97318979742568E+03	-3.09768271690075E-01
 1.97319253532571E+03	-1.68100639066731E-01
 1.97319527322574E+03	 2.85436214929228E-02
 1.97319801112578E+03	 2.32409964192199E-01
 1.97320074902581E+03	 3.88974881349028E-01
 1.97320348692584E+03	 4.49740921626281E-01
 1.97320622482587E+03	 3.91666629919885E-01
 1.97320896272590E+03	 2.37189262722234E-01
 1.97321170062593E+03	 4.71540566733219E-02
 1.97321443852595E+03	-1.19739763620354E-01
 1.97321717642599E+03	-2.39175674977644E-01
 1.97321991432602E+03	-3.11407332002538E-01
 1.97322265222605E+03	-3.35076575180452E-01
 1.97322539012608E+03	-3.04509822910955E-01
 1.97322812802611E+03	-2.23191913597575E-01
 1.97323086592614E+03	-1.05306906050947E-01
 1.97323360382618E+03	 3.20155638025612E-02
 1.97323634172621E+03	 1.70502222703850E-01
 1.97323907962624E+03	 2.93099733178264E-01
 1.97324181752627E+03	 3.90906551671523E-01
 1.97324455542630E+03	 4.56036575969074E-01
 1.97324729332633E+03	 4.61936375165758E-01
 1.97325003122636E+03	 3.70712650176808E-01
 1.97325276912639E+03	 1.77761280609731E-01
 1.97325550702642E+03	-6.15469970204556E-02
 1.97325824492645E+03	-2.64426522546290E-01
 1.97326098282648E+03	-3.72476874797047E-01
 1.97326372072651E+03	-3.65968396120341E-01
 1.97326645862654E+03	-2.51146375970477E-01
 1.97326919652657E+03	-6.01260923595964E-02
 1.97327193442661E+03	 1.45252081093159E-01
 1.97327467232664E+03	 2.96845339763084E-01
 1.97327741022667E+03	 3.56373069909156E-01
 1.97328014812670E+03	 3.24630787166200E-01
 1.97328288602673E+03	 2.23849415493974E-01
 1.97328562392676E+03	 8.31964271618859E-02
 1.97328836182679E+03	-6.56724380634691E-02
 1.97329109972682E+03	-1.95269447540295E-01
 1.97329383762685E+03	-2.87800747584459E-01
 1.97329657552688E+03	-3.31520566172988E-01
 1.97329931342691E+03	-3.18831657422034E-01
 1.97330205132694E+03	-2.54036403942373E-01
 1.97330478922697E+03	-1.55034441233907E-01
 1.97330752712701E+03	-4.01303417636427E-02
 1.97331026502704E+03	 8.09583173881745E-02
 1.97331300292707E+03	 2.00087800546691E-01
 1.97331574082710E+03	 3.04597209328815E-01
 1.97331847872713E+03	 3.81142556602907E-01
 1.97332121662716E+03	 4.13600028099633E-01
 1.97332395452719E+03	 3.75900458933782E-01
 1.97332669242722E+03	 2.46987068729301E-01
 1.97332943032725E+03	 4.44509338891169E-02
 1.97333216822728E+03	-1.69617183175718E-01
 1.97333490612731E+03	-3.25759010219115E-01
 1.97333764402734E+03	-3.81251323163337E-01
 1.97334038192737E+03	-3.20928992568372E-01
 1.97334311982741E+03	-1.55601335457948E-01
 1.97334585772744E+03	 6.12153762695458E-02
 1.97334859562747E+03	 2.38795502993684E-01
 1.97335133352750E+03	 3.04535618777310E-01
 1.97335407142753E+03	 2.56133995480275E-01
 1.97335680932756E+03	 1.47341123338781E-01
 1.97335954722759E+03	 2.94035171226709E-02
 1.97336228512762E+03	-8.04103898084784E-02
 1.97336502302765E+03	-1.82708374224316E-01
 1.97336776092768E+03	-2.70715428676180E-01
 1.97337049882771E+03	-3.25641312245601E-01
 1.97337323672774E+03	-3.28444014512927E-01
 1.97337597462777E+03	-2.74723114400536E-01
 1.97337871252780E+03	-1.81219686126099E-01
 1.97338145042784E+03	-7.43963591061616E-02
 1.97338418832787E+03	 2.99797919138859E-02
 1.97338692622790E+03	 1.31269458314287E-01
 1.97338966412793E+03	 2.28070486030066E-01
 1.97339240202796E+03	 3.06787207102035E-01
 1.97339513992799E+03	 3.47491742535506E-01
 1.97339787782802E+03	 3.32022394220161E-01
 1.97340061572805E+03	 2.47439183074595E-01
 1.97340335362808E+03	 9.71172844093937E-02
 1.97340609152811E+03	-8.59220738064527E-02
 1.97340882942814E+03	-2.47993762577536E-01
 1.97341156732817E+03	-3.41556035262352E-01
 1.97341430522820E+03	-3.37357297327946E-01
 1.97341704312824E+03	-2.22385446066214E-01
 1.97341978102827E+03	-1.67628773626139E-02
 1.97342251892830E+03	 2.01525509288105E-01
 1.97342525682833E+03	 3.23708049059759E-01
 1.97342799472836E+03	 2.92431525316909E-01
 1.97343073262839E+03	 1.50014928883030E-01
 1.97343347052842E+03	-9.85258980527832E-03
 1.97343620842845E+03	-1.28535846369555E-01
 1.97343894632848E+03	-2.09053169387586E-01
 1.97344168422851E+03	-2.73975104801831E-01
 1.97344442212854E+03	-3.23421904077629E-01
 1.97344716002857E+03	-3.35855876759901E-01
 1.97344989792860E+03	-2.93696655641197E-01
 1.97345263582864E+03	-2.02055319799052E-01
 1.97345537372867E+03	-8.72954672014742E-02
 1.97345811162870E+03	 2.22698844009197E-02
 1.97346084952873E+03	 1.16323165468034E-01
 1.97346358742876E+03	 2.00478969225677E-01
 1.97346632532879E+03	 2.74258696837058E-01
 1.97346906322882E+03	 3.18738107398214E-01
 1.97347180112885E+03	 3.09434010901473E-01
 1.97347453902888E+03	 2.35856786567246E-01
 1.97347727692891E+03	 1.08137063795045E-01
 1.97348001482894E+03	-4.62564838851758E-02
 1.97348275272897E+03	-1.89584218455461E-01
 1.97348549062900E+03	-2.85740494115751E-01
 1.97348822852904E+03	-3.08759620253516E-01
 1.97349096642907E+03	-2.39898701150284E-01
 1.97349370432910E+03	-7.26237185625399E-02
 1.97349644222913E+03	 1.56684714194577E-01
 1.97349918012916E+03	 3.50635668717347E-01
 1.97350191802919E+03	 4.01687042977282E-01
 1.97350465592922E+03	 2.83198360764449E-01
 1.97350739382925E+03	 7.57944198012648E-02
 1.97351013172928E+03	-1.10042392074909E-01
 1.97351286962931E+03	-2.25092201135872E-01
 1.97351560752934E+03	-2.88386283544165E-01
 1.97351834542937E+03	-3.28168388146795E-01
 1.97352108332940E+03	-3.42508585095935E-01
 1.97352382122943E+03	-3.12029753793698E-01
 1.97352655912947E+03	-2.28989115912787E-01
 1.97352929702950E+03	-1.08757965250345E-01
 1.97353203492953E+03	 1.87422681984712E-02
 1.97353477282956E+03	 1.28239268607292E-01
 1.97353751072959E+03	 2.14137582735690E-01
 1.97354024862962E+03	 2.83456960515695E-01
 1.97354298652965E+03	 3.31576189106001E-01
 1.97354572442968E+03	 3.33400228310829E-01
 1.97354846232971E+03	 2.65948880380525E-01
 1.97355120022974E+03	 1.35406214889832E-01
 1.97355393812977E+03	-2.25608134439020E-02
 1.97355667602980E+03	-1.64264765936456E-01
 1.97355941392983E+03	-2.56832566175502E-01
 1.97356215182987E+03	-2.82789726940333E-01
 1.97356488972990E+03	-2.33266748605750E-01
 1.97356762762993E+03	-1.01722712449161E-01
 1.97357036552996E+03	 1.03018124117715E-01
 1.97357310342999E+03	 3.26793115351230E-01
 1.97357584133002E+03	 4.68886788588481E-01
 1.97357857923005E+03	 4.44902323081677E-01
 1.97358131713008E+03	 2.63810873616209E-01
 1.97358405503011E+03	 2.59176505683891E-02
 1.97358679293014E+03	-1.65170128101588E-01
 1.97358953083017E+03	-2.76264919553857E-01
 1.97359226873020E+03	-3.30663050431808E-01
 1.97359500663023E+03	-3.49690812882078E-01
 1.97359774453027E+03	-3.29301433966355E-01
 1.97360048243030E+03	-2.60197209336978E-01
 1.97360322033033E+03	-1.47932927572349E-01
 1.97360595823036E+03	-1.33097199956622E-02
 1.97360869613039E+03	 1.16831151017554E-01
 1.97361143403042E+03	 2.22314915617580E-01
 1.97361417193045E+03	 2.99460610610465E-01
 1.97361690983048E+03	 3.52309640869697E-01
 1.97361964773051E+03	 3.70056778060103E-01
 1.97362238563054E+03	 3.24914729107108E-01
 1.97362512353057E+03	 2.02972233720284E-01
 1.97362786143060E+03	 3.08270531891322E-02
 1.97363059933063E+03	-1.36775346744541E-01
 1.97363333723066E+03	-2.51391510970772E-01
 1.97363607513070E+03	-2.89549718742168E-01
 1.97363881303073E+03	-2.47729338477694E-01
 1.97364155093076E+03	-1.31461235901484E-01
 1.97364428883079E+03	 4.67507177978889E-02
 1.97364702673082E+03	 2.56309560399451E-01
 1.97364976463085E+03	 4.34897077347431E-01
 1.97365250253088E+03	 5.02095437668292E-01
 1.97365524043091E+03	 4.12695813090068E-01
 1.97365797833094E+03	 2.03129046412531E-01
 1.97366071623097E+03	-3.06115462332862E-02
 1.97366345413100E+03	-2.08251035515932E-01
 1.97366619203103E+03	-3.10012445756221E-01
 1.97366892993106E+03	-3.52369291641239E-01
 1.97367166783110E+03	-3.46329399082767E-01
 1.97367440573113E+03	-2.91946497919166E-01
 1.97367714363116E+03	-1.94976480363652E-01
 1.97367988153119E+03	-7.07933344415990E-02
 1.97368261943122E+03	 6.21455433595403E-02
 1.97368535733125E+03	 1.84597488917572E-01
 1.97368809523128E+03	 2.80675929566349E-01
 1.97369083313131E+03	 3.45236033872572E-01
 1.97369357103134E+03	 3.76974018447377E-01
 1.97369630893137E+03	 3.60725318402714E-01
 1.97369904683140E+03	 2.72530885178550E-01
 1.97370178473143E+03	 1.12975871217633E-01
 1.97370452263146E+03	-7.47616606874116E-02
 1.97370726053150E+03	-2.29321487019499E-01
 1.97370999843153E+03	-3.07103834328679E-01
 1.97371273633156E+03	-2.92662100688113E-01
 1.97371547423159E+03	-1.90913761782983E-01
 1.97371821213162E+03	-2.38541152981844E-02
 1.97372095003165E+03	 1.69601510468903E-01
 1.97372368793168E+03	 3.39874721873256E-01
 1.97372642583171E+03	 4.36213436721623E-01
 1.97372916373174E+03	 4.20327376620796E-01
 1.97373190163177E+03	 2.89123701397077E-01
 1.97373463953180E+03	 8.81775400233378E-02
 1.97373737743183E+03	-1.11530398231008E-01
 1.97374011533186E+03	-2.58578841005198E-01
 1.97374285323189E+03	-3.39354517243319E-01
 1.97374559113193E+03	-3.58676366812966E-01
 1.97374832903196E+03	-3.21858431559447E-01
 1.97375106693199E+03	-2.39278503384088E-01
 1.97375380483202E+03	-1.30105496750772E-01
 1.97375654273205E+03	-1.14163108469047E-02
 1.97375928063208E+03	 1.07047586466651E-01
 1.97376201853211E+03	 2.14189525131077E-01
 1.97376475643214E+03	 2.95478559537528E-01
 1.97376749433217E+03	 3.41693368674414E-01
 1.97377023223220E+03	 3.46759514278725E-01
 1.97377297013223E+03	 2.96450667514917E-01
 1.97377570803226E+03	 1.77576334508413E-01
 1.97377844593229E+03	 5.73144063237480E-03
 1.97378118383233E+03	-1.69284631962410E-01
 1.97378392173236E+03	-2.92178177962967E-01
 1.97378665963239E+03	-3.28142945455690E-01
 1.97378939753242E+03	-2.65194929523400E-01
 1.97379213543245E+03	-1.14895405416133E-01
 1.97379487333248E+03	 7.87871410976440E-02
 1.97379761123251E+03	 2.48723318392181E-01
 1.97380034913254E+03	 3.39710755189259E-01
 1.97380308703257E+03	 3.34313192115269E-01
 1.97380582493260E+03	 2.46446881829252E-01
 1.97380856283263E+03	 1.03809888918284E-01
 1.97381130073266E+03	-5.92199265349641E-02
 1.97381403863269E+03	-2.06585186268896E-01
 1.97381677653273E+03	-3.10958245621648E-01
 1.97381951443276E+03	-3.58219361021464E-01
 1.97382225233279E+03	-3.44003063418542E-01
 1.97382499023282E+03	-2.75477051448081E-01
 1.97382772813285E+03	-1.74856088957060E-01
 1.97383046603288E+03	-6.77626184522469E-02
 1.97383320393291E+03	 3.45892714133582E-02
 1.97383594183294E+03	 1.32716069776598E-01
 1.97383867973297E+03	 2.20448241209280E-01
 1.97384141763300E+03	 2.81292253811358E-01
 1.97384415553303E+03	 3.01535629702645E-01
 1.97384689343306E+03	 2.74238706869476E-01
 1.97384963133309E+03	 1.93295251087861E-01
 1.97385236923313E+03	 6.07521257874042E-02
 1.97385510713316E+03	-9.75529883125696E-02
 1.97385784503319E+03	-2.36751868939335E-01
 1.97386058293322E+03	-3.15265826721239E-01
 1.97386332083325E+03	-3.05709684860938E-01
 1.97386605873328E+03	-1.96735503836136E-01
 1.97386879663331E+03	-1.02622734871721E-02
 1.97387153453334E+03	 1.83233021641254E-01
 1.97387427243337E+03	 2.95710222395818E-01
 1.97387701033340E+03	 2.85324555090127E-01
 1.97387974823343E+03	 1.81644070697514E-01
 1.97388248613346E+03	 4.49086180705377E-02
 1.97388522403349E+03	-8.55200153258877E-02
 1.97388796193352E+03	-1.99155841066709E-01
 1.97389069983356E+03	-2.91226966399026E-01
 1.97389343773359E+03	-3.48233865025975E-01
 1.97389617563362E+03	-3.53473492651685E-01
 1.97389891353365E+03	-3.00800171558991E-01
 1.97390165143368E+03	-2.04764658874463E-01
 1.97390438933371E+03	-9.56872966217611E-02
 1.97390712723374E+03	 2.10299548575672E-03
 1.97390986513377E+03	 8.60863806268193E-02
 1.97391260303380E+03	 1.63575347598034E-01
 1.97391534093383E+03	 2.28699536379290E-01
 1.97391807883386E+03	 2.61438851709365E-01
 1.97392081673389E+03	 2.46276915252773E-01
 1.97392355463392E+03	 1.81775430380145E-01
 1.97392629253396E+03	 7.62733460733622E-02
 1.97392903043399E+03	-5.29372933228981E-02
 1.97393176833402E+03	-1.77567215432137E-01
 1.97393450623405E+03	-2.65805379860365E-01
 1.97393724413408E+03	-2.90852514352945E-01
 1.97393998203411E+03	-2.30241560906188E-01
 1.97394271993414E+03	-7.60478239767907E-02
 1.97394545783417E+03	 1.32701390108449E-01
 1.97394819573420E+03	 3.00754468900650E-01
 1.97395093363423E+03	 3.34859218554635E-01
 1.97395367153426E+03	 2.23117999762069E-01
 1.97395640943429E+03	 4.15853538240546E-02
 1.97395914733432E+03	-1.21284701775441E-01
 1.97396188523436E+03	-2.31478190232475E-01
 1.97396462313439E+03	-3.02212633667311E-01
 1.97396736103442E+03	-3.46918140342976E-01
 1.97397009893445E+03	-3.57135711425868E-01
 1.97397283683448E+03	-3.17493848765253E-01
 1.97397557473451E+03	-2.28240728208124E-01
 1.97397831263454E+03	-1.12049169436815E-01
 1.97398105053457E+03	-7.53177101510759E-04
 1.97398378843460E+03	 8.72718295607942E-02
 1.97398652633463E+03	 1.55823234154116E-01
 1.97398926423466E+03	 2.13352097806894E-01
 1.97399200213469E+03	 2.51094878613375E-01
 1.97399474003472E+03	 2.46840705368450E-01
 1.97399747793475E+03	 1.88387398106394E-01
 1.97400021583479E+03	 8.60522221227262E-02
 1.97400295373482E+03	-3.49691746075432E-02
 1.97400569163485E+03	-1.46697951720915E-01
 1.97400842953488E+03	-2.25547414416237E-01
 1.97401116743491E+03	-2.54817141930007E-01
 1.97401390533494E+03	-2.19728416353428E-01
 1.97401664323497E+03	-1.03884572233103E-01
 1.97401938113500E+03	 8.93531263841580E-02
 1.97402211903503E+03	 3.00236197256813E-01
 1.97402485693506E+03	 4.20266293039230E-01
 1.97402759483509E+03	 3.70496562103581E-01
 1.97403033273512E+03	 1.76172423411452E-01
 1.97403307063515E+03	-5.45975721469549E-02
 1.97403580853519E+03	-2.27139854402102E-01
 1.97403854643522E+03	-3.20838031587082E-01
 1.97404128433525E+03	-3.62090118029214E-01
 1.97404402223528E+03	-3.68667369417123E-01
 1.97404676013531E+03	-3.34941066818653E-01
 1.97404949803534E+03	-2.54328436411190E-01
 1.97405223593537E+03	-1.37815792607483E-01
 1.97405497383540E+03	-1.17217589377095E-02
 1.97405771173543E+03	 9.71195955819807E-02
 1.97406044963546E+03	 1.76757867918678E-01
 1.97406318753549E+03	 2.32271707765563E-01
 1.97406592543552E+03	 2.68720725194326E-01
 1.97406866333555E+03	 2.74133346982148E-01
 1.97407140123559E+03	 2.27737728585695E-01
 1.97407413913562E+03	 1.25901418128757E-01
 1.97407687703565E+03	-6.46573870698840E-03
 1.97407961493568E+03	-1.30521273118791E-01
 1.97408235283571E+03	-2.14666032876158E-01
 1.97408509073574E+03	-2.43411635897049E-01
 1.97408782863577E+03	-2.12143633713816E-01
 1.97409056653580E+03	-1.16216557217657E-01
 1.97409330443583E+03	 4.84531236261516E-02
 1.97409604233586E+03	 2.59797130590081E-01
 1.97409878023589E+03	 4.43249081596885E-01
 1.97410151813592E+03	 4.97405175188689E-01
 1.97410425603595E+03	 3.73942068545345E-01
 1.97410699393598E+03	 1.29665676850927E-01
 1.97410973183602E+03	-1.18200927045991E-01
 1.97411246973605E+03	-2.86822402672197E-01
 1.97411520763608E+03	-3.67634669491872E-01
 1.97411794553611E+03	-3.87195659145479E-01
 1.97412068343614E+03	-3.60344087060494E-01
 1.97412342133617E+03	-2.88352398319213E-01
 1.97412615923620E+03	-1.79044682420135E-01
 1.97412889713623E+03	-5.17557261785638E-02
 1.97413163503626E+03	 7.12605622390513E-02
 1.97413437293629E+03	 1.72177321956424E-01
 1.97413711083632E+03	 2.42762751151931E-01
 1.97413984873635E+03	 2.84720287161693E-01
 1.97414258663638E+03	 2.98112487040566E-01
 1.97414532453642E+03	 2.70032771607755E-01
 1.97414806243645E+03	 1.85386993549260E-01
 1.97415080033648E+03	 5.18812555607780E-02
 1.97415353823651E+03	-9.35996084343322E-02
 1.97415627613654E+03	-2.06379748412678E-01
 1.97415901403657E+03	-2.57447650814183E-01
 1.97416175193660E+03	-2.38114935689347E-01
 1.97416448983663E+03	-1.51445800234702E-01
 1.97416722773666E+03	-5.12029114618733E-03
 1.97416996563669E+03	 1.84531071143814E-01
 1.97417270353672E+03	 3.76695858138933E-01
 1.97417544143675E+03	 4.99074491041702E-01
 1.97417817933678E+03	 4.79974077074786E-01
 1.97418091723682E+03	 3.07964976683847E-01
 1.97418365513685E+03	 5.45450363094496E-02
 1.97418639303688E+03	-1.77466228937929E-01
 1.97418913093691E+03	-3.26735048657311E-01
 1.97419186883694E+03	-3.90233870661696E-01
 1.97419460673697E+03	-3.86415864413022E-01
 1.97419734463700E+03	-3.28037627926550E-01
 1.97420008253703E+03	-2.28582018447910E-01
 1.97420282043706E+03	-1.09510102156483E-01
 1.97420555833709E+03	 9.52265671638586E-03
 1.97420829623712E+03	 1.17211239206799E-01
 1.97421103413715E+03	 2.04647563115900E-01
 1.97421377203718E+03	 2.63184211825721E-01
 1.97421650993722E+03	 2.88796339993083E-01
 1.97421924783725E+03	 2.78038456128547E-01
 1.97422198573728E+03	 2.20907287474859E-01
 1.97422472363731E+03	 1.11265131810121E-01
 1.97422746153734E+03	-3.29810321142245E-02
 1.97423019943737E+03	-1.70336369200520E-01
 1.97423293733740E+03	-2.59166102902881E-01
 1.97423567523743E+03	-2.75573274831900E-01
 1.97423841313746E+03	-2.13520306825520E-01
 1.97424115103749E+03	-8.20855624558216E-02
 1.97424388893752E+03	 9.26960836765298E-02
 1.97424662683755E+03	 2.69679483879593E-01
 1.97424936473758E+03	 3.99828878335649E-01
 1.97425210263761E+03	 4.35944067139559E-01
 1.97425484053765E+03	 3.51556408869438E-01
 1.97425757843768E+03	 1.65425523172774E-01
 1.97426031633771E+03	-5.79183480651661E-02
 1.97426305423774E+03	-2.46237364887016E-01
 1.97426579213777E+03	-3.60197580321437E-01
 1.97426853003780E+03	-3.95768125444054E-01
 1.97427126793783E+03	-3.62513024063139E-01
 1.97427400583786E+03	-2.76283172403710E-01
 1.97427674373789E+03	-1.64001710016205E-01
 1.97427948163792E+03	-5.35556521444906E-02
 1.97428221953795E+03	 4.37839681425460E-02
 1.97428495743798E+03	 1.29634982277162E-01
 1.97428769533801E+03	 1.99912788918788E-01
 1.97429043323805E+03	 2.41975495034376E-01
 1.97429317113808E+03	 2.46800150653994E-01
 1.97429590903811E+03	 2.11386754500969E-01
 1.97429864693814E+03	 1.32993342189229E-01
 1.97430138483817E+03	 1.58117279339752E-02
 1.97430412273820E+03	-1.16664200210432E-01
 1.97430686063823E+03	-2.27225802681294E-01
 1.97430959853826E+03	-2.83164695107317E-01
 1.97431233643829E+03	-2.64188218310606E-01
 1.97431507433832E+03	-1.63721047413396E-01
 1.97431781223835E+03	-1.55063259335043E-04
 1.97432055013838E+03	 1.75635689659956E-01
 1.97432328803841E+03	 3.01125785634226E-01
 1.97432602593845E+03	 3.37042366903976E-01
 1.97432876383848E+03	 2.80096904481507E-01
 1.97433150173851E+03	 1.50827265851172E-01
 1.97433423963854E+03	-1.79490646470880E-02
 1.97433697753857E+03	-1.85873757163087E-01
 1.97433971543860E+03	-3.15209445326230E-01
 1.97434245333863E+03	-3.82583356136642E-01
 1.97434519123866E+03	-3.80186567255484E-01
 1.97434792913869E+03	-3.13771292944564E-01
 1.97435066703872E+03	-2.06624641304764E-01
 1.97435340493875E+03	-9.46283907961255E-02
 1.97435614283878E+03	-2.78441667457854E-03
 1.97435888073881E+03	 7.00584098036967E-02
 1.97436161863884E+03	 1.34373628659728E-01
 1.97436435653888E+03	 1.85178940088997E-01
 1.97436709443891E+03	 2.04747359442590E-01
 1.97436983233894E+03	 1.82730233575080E-01
 1.97437257023897E+03	 1.21804391055174E-01
 1.97437530813900E+03	 3.00864757678985E-02
 1.97437804603903E+03	-7.89131271682389E-02
 1.97438078393906E+03	-1.82308664746790E-01
 1.97438352183909E+03	-2.53715103235437E-01
 1.97438625973912E+03	-2.70306029767788E-01
 1.97438899763915E+03	-2.12526440811965E-01
 1.97439173553918E+03	-7.46323129740837E-02
 1.97439447343921E+03	 1.08657476311127E-01
 1.97439721133924E+03	 2.59513485178644E-01
 1.97439994923928E+03	 3.05779724957763E-01
 1.97440268713931E+03	 2.36029747548973E-01
 1.97440542503934E+03	 9.74944639828468E-02
 1.97440816293937E+03	-5.39646579256974E-02
 1.97441090083940E+03	-1.88636939601964E-01
 1.97441363873943E+03	-2.95980541391767E-01
 1.97441637663946E+03	-3.65300648529819E-01
 1.97441911453949E+03	-3.81899561876569E-01
 1.97442185243952E+03	-3.36823915840511E-01
 1.97442459033955E+03	-2.39140078217259E-01
 1.97442732823958E+03	-1.19797557704527E-01
 1.97443006613961E+03	-1.56677314992739E-02
 1.97443280403964E+03	 5.74757078706199E-02
 1.97443554193968E+03	 1.10751626978073E-01
 1.97443827983971E+03	 1.56194624153199E-01
 1.97444101773974E+03	 1.84083132291690E-01
 1.97444375563977E+03	 1.73921792170864E-01
 1.97444649353980E+03	 1.19363118834709E-01
 1.97444923143983E+03	 3.33099781313009E-02
 1.97445196933986E+03	-6.40868107726681E-02
 1.97445470723989E+03	-1.53370086470379E-01
 1.97445744513992E+03	-2.17573576817640E-01
 1.97446018303995E+03	-2.42968941277467E-01
 1.97446292093998E+03	-2.14105885486401E-01
 1.97446565884001E+03	-1.11984699013883E-01
 1.97446839674004E+03	 6.17174656179050E-02
 1.97447113464007E+03	 2.50021975939486E-01
 1.97447387254011E+03	 3.54453861804168E-01
 1.97447661044014E+03	 3.10114997564968E-01
 1.97447934834017E+03	 1.44148782300441E-01
 1.97448208624020E+03	-5.36181232230781E-02
 1.97448482414023E+03	-2.10787239202462E-01
 1.97448756204026E+03	-3.11071895659746E-01
 1.97449029994029E+03	-3.67300888628203E-01
 1.97449303784032E+03	-3.83542590499449E-01
 1.97449577574035E+03	-3.50612699226254E-01
 1.97449851364038E+03	-2.65198273446259E-01
 1.97450125154041E+03	-1.44533380370216E-01
 1.97450398944044E+03	-2.26590713191872E-02
 1.97450672734047E+03	 7.04191212567485E-02
 1.97450946524051E+03	 1.29146915956470E-01
 1.97451220314054E+03	 1.68048570671824E-01
 1.97451494104057E+03	 1.94668380636644E-01
 1.97451767894060E+03	 1.94745498309239E-01
 1.97452041684063E+03	 1.49757455272300E-01
 1.97452315474066E+03	 6.20225342035130E-02
 1.97452589264069E+03	-4.37405628948791E-02
 1.97452863054072E+03	-1.37805971770490E-01
 1.97453136844075E+03	-1.99530994760375E-01
 1.97453410634078E+03	-2.20231030131916E-01
 1.97453684424081E+03	-1.96364609025000E-01
 1.97453958214084E+03	-1.17647887903800E-01
 1.97454232004087E+03	 2.95741497392839E-02
 1.97454505794091E+03	 2.28034740536375E-01
 1.97454779584094E+03	 3.99808809335872E-01
 1.97455053374097E+03	 4.41378749012492E-01
 1.97455327164100E+03	 3.11416072520788E-01
 1.97455600954103E+03	 7.45662707838710E-02
 1.97455874744106E+03	-1.55633704271276E-01
 1.97456148534109E+03	-3.08228428092608E-01
 1.97456422324112E+03	-3.81152986358220E-01
 1.97456696114115E+03	-3.98044952469345E-01
 1.97456969904118E+03	-3.68542300336642E-01
 1.97457243694121E+03	-2.91659157991661E-01
 1.97457517484124E+03	-1.76353162510365E-01
 1.97457791274127E+03	-4.72155343271508E-02
 1.97458065064131E+03	 6.64547273263595E-02
 1.97458338854134E+03	 1.46304378418661E-01
 1.97458612644137E+03	 1.93355266525661E-01
 1.97458886434140E+03	 2.18858221294222E-01
 1.97459160224143E+03	 2.23883938847384E-01
 1.97459434014146E+03	 1.93313793632802E-01
 1.97459707804149E+03	 1.15380001485293E-01
 1.97459981594152E+03	 2.81861134856214E-03
 1.97460255384155E+03	-1.10493989798931E-01
 1.97460529174158E+03	-1.90893693903349E-01
 1.97460802964161E+03	-2.20685435536812E-01
 1.97461076754164E+03	-1.98081265813252E-01
 1.97461350544167E+03	-1.25670706737776E-01
 1.97461624334170E+03	 2.70894973466307E-04
 1.97461898124174E+03	 1.79916958000896E-01
 1.97462171914177E+03	 3.76940379739179E-01
 1.97462445704180E+03	 5.04571568258584E-01
 1.97462719494183E+03	 4.75126396805749E-01
 1.97462993284186E+03	 2.80080638390596E-01
 1.97463267074189E+03	 8.51713866882569E-03
 1.97463540864192E+03	-2.25332125418395E-01
 1.97463814654195E+03	-3.63726367113653E-01
 1.97464088444198E+03	-4.12939402722618E-01
 1.97464362234201E+03	-3.96520875868854E-01
 1.97464636024204E+03	-3.27449029570613E-01
 1.97464909814207E+03	-2.18110330250815E-01
 1.97465183604210E+03	-9.10990490447665E-02
 1.97465457394214E+03	 2.85942905827766E-02
 1.97465731184217E+03	 1.24103585373932E-01
 1.97466004974220E+03	 1.88749353878673E-01
 1.97466278764223E+03	 2.24121469241302E-01
 1.97466552554226E+03	 2.34251381424971E-01
 1.97466826344229E+03	 2.15787430854808E-01
 1.97467100134232E+03	 1.57613608483900E-01
 1.97467373924235E+03	 5.73942604592168E-02
 1.97467647714238E+03	-6.37460575241977E-02
 1.97467921504241E+03	-1.68958122528318E-01
 1.97468195294244E+03	-2.27091342208419E-01
 1.97468469084247E+03	-2.24780160714827E-01
 1.97468742874250E+03	-1.63052335607423E-01
 1.97469016664254E+03	-4.84299043814751E-02
 1.97469290454257E+03	 1.10670121419101E-01
 1.97469564244260E+03	 2.94252171572180E-01
 1.97469838034263E+03	 4.52927522868385E-01
 1.97470111824266E+03	 5.11653326773347E-01
 1.97470385614269E+03	 4.16781783581880E-01
 1.97470659404272E+03	 1.90306977154154E-01
 1.97470933194275E+03	-7.50943017344249E-02
 1.97471206984278E+03	-2.84229716687898E-01
 1.97471480774281E+03	-3.96430030942560E-01
 1.97471754564284E+03	-4.18866764159653E-01
 1.97472028354287E+03	-3.70358375986618E-01
 1.97472302144290E+03	-2.70085969510093E-01
 1.97472575934293E+03	-1.45941208402937E-01
 1.97472849724297E+03	-2.82444598590191E-02
 1.97473123514300E+03	 6.71777878311375E-02
 1.97473397304303E+03	 1.39350090696642E-01
 1.97473671094306E+03	 1.88531338130393E-01
 1.97473944884309E+03	 2.11169524009078E-01
 1.97474218674312E+03	 2.03903684961388E-01
 1.97474492464315E+03	 1.63385932020760E-01
 1.97474766254318E+03	 8.64515058758236E-02
 1.97475040044321E+03	-1.99670895136606E-02
 1.97475313834324E+03	-1.31292159558444E-01
 1.97475587624327E+03	-2.14944971379821E-01
 1.97475861414330E+03	-2.46576045268970E-01
 1.97476135204333E+03	-2.15144669642059E-01
 1.97476408994337E+03	-1.20523800709552E-01
 1.97476682784340E+03	 2.47899001410885E-02
 1.97476956574343E+03	 1.92914873290883E-01
 1.97477230364346E+03	 3.43310500545086E-01
 1.97477504154349E+03	 4.28722615362631E-01
 1.97477777944352E+03	 4.07193333244811E-01
 1.97478051734355E+03	 2.66988954246233E-01
 1.97478325524358E+03	 4.75138722243648E-02
 1.97478599314361E+03	-1.75849897995529E-01
 1.97478873104364E+03	-3.37634224979221E-01
 1.97479146894367E+03	-4.11607462160061E-01
 1.97479420684370E+03	-4.01135607000081E-01
 1.97479694474373E+03	-3.21900298397909E-01
 1.97479968264377E+03	-2.02502888387330E-01
 1.97480242054380E+03	-8.23976957705179E-02
 1.97480515844383E+03	 1.05429404373837E-02
 1.97480789634386E+03	 7.61168326853532E-02
 1.97481063424389E+03	 1.26241344272409E-01
 1.97481337214392E+03	 1.60941061242542E-01
 1.97481611004395E+03	 1.68730470644447E-01
 1.97481884794398E+03	 1.42285847509647E-01
 1.97482158584401E+03	 8.32969438208323E-02
 1.97482432374404E+03	-1.41544359580732E-03
 1.97482706164407E+03	-9.81639108865599E-02
 1.97482979954410E+03	-1.84836396428390E-01
 1.97483253744413E+03	-2.38546902937301E-01
 1.97483527534416E+03	-2.42212135722346E-01
 1.97483801324420E+03	-1.83524490120669E-01
 1.97484075114423E+03	-6.07121810367357E-02
 1.97484348904426E+03	 1.01494934686266E-01
 1.97484622694429E+03	 2.50816599310892E-01
 1.97484896484432E+03	 3.34058128866050E-01
 1.97485170274435E+03	 3.25056430277535E-01
 1.97485444064438E+03	 2.28389472011227E-01
 1.97485717854441E+03	 6.92145465749565E-02
 1.97485991644444E+03	-1.13199546788814E-01
 1.97486265434447E+03	-2.73574398683480E-01
 1.97486539224450E+03	-3.75963033951304E-01
 1.97486813014453E+03	-4.03231104443924E-01
 1.97487086804456E+03	-3.55222351466095E-01
 1.97487360594460E+03	-2.49415470800294E-01
 1.97487634384463E+03	-1.23724380808769E-01
 1.97487908174466E+03	-2.05709969926715E-02
 1.97488181964469E+03	 4.32866202284892E-02
 1.97488455754472E+03	 8.27972495305160E-02
 1.97488729544475E+03	 1.14940099751983E-01
 1.97489003334478E+03	 1.33866461638117E-01
 1.97489277124481E+03	 1.21941074928283E-01
 1.97489550914484E+03	 7.37057182656024E-02
 1.97489824704487E+03	-3.44081255294132E-05
 1.97490098494490E+03	-8.27026304257326E-02
 1.97490372284493E+03	-1.57769413976259E-01
 1.97490646074496E+03	-2.10439311663187E-01
 1.97490919864500E+03	-2.29266074149076E-01
 1.97491193654503E+03	-2.01870924160964E-01
 1.97491467444506E+03	-1.12923563325087E-01
 1.97491741234509E+03	 3.62312238469825E-02
 1.97492015024512E+03	 2.01153039514693E-01
 1.97492288814515E+03	 3.06543680731658E-01
 1.97492562604518E+03	 3.00826147700457E-01
 1.97492836394521E+03	 1.94112472778657E-01
 1.97493110184524E+03	 3.81583636897144E-02
 1.97493383974527E+03	-1.19094951470596E-01
 1.97493657764530E+03	-2.52049400514726E-01
 1.97493931554533E+03	-3.46261490892478E-01
 1.97494205344536E+03	-3.87545480546271E-01
 1.97494479134540E+03	-3.64518411279103E-01
 1.97494752924543E+03	-2.78552764518302E-01
 1.97495026714546E+03	-1.53391522094103E-01
 1.97495300504549E+03	-3.17526610395925E-02
 1.97495574294552E+03	 5.02551274641382E-02
 1.97495848084555E+03	 8.98909000339791E-02
 1.97496121874558E+03	 1.10506708926115E-01
 1.97496395664561E+03	 1.25982234661243E-01
 1.97496669454564E+03	 1.23636981820341E-01
 1.97496943244567E+03	 8.53888500591022E-02
 1.97497217034570E+03	 1.34757805217385E-02
 1.97497490824573E+03	-7.06216907101991E-02
 1.97497764614576E+03	-1.43184123769835E-01
 1.97498038404579E+03	-1.89053473484294E-01
 1.97498312194583E+03	-2.02937955135447E-01
 1.97498585984586E+03	-1.82860042924000E-01
 1.97498859774589E+03	-1.18301581819691E-01
 1.97499133564592E+03	 6.33500633843868E-03
 1.97499407354595E+03	 1.78332009469945E-01
 1.97499681144598E+03	 3.30026376760771E-01
 1.97499954934601E+03	 3.72725508715894E-01
 1.97500228724604E+03	 2.72308961740762E-01
 1.97500502514607E+03	 8.05390564331358E-02
 1.97500776304610E+03	-1.15180329771194E-01
 1.97501050094613E+03	-2.60262232388291E-01
 1.97501323884616E+03	-3.47150280517341E-01
 1.97501597674619E+03	-3.83437796335067E-01
 1.97501871464623E+03	-3.67990170669615E-01
 1.97502145254626E+03	-2.96655089156587E-01
 1.97502419044629E+03	-1.79093078958167E-01
 1.97502692834632E+03	-4.57646127527874E-02
 1.97502966624635E+03	 6.37202040622446E-02
 1.97503240414638E+03	 1.25954981216744E-01
 1.97503514204641E+03	 1.48895241873768E-01
 1.97503787994644E+03	 1.55318682334581E-01
 1.97504061784647E+03	 1.51588617647847E-01
 1.97504335574650E+03	 1.21967973360852E-01
 1.97504609364653E+03	 5.45044563709805E-02
 1.97504883154656E+03	-3.78724976760820E-02
 1.97505156944659E+03	-1.25040767499922E-01
 1.97505430734663E+03	-1.80678149574700E-01
 1.97505704524666E+03	-1.94154743409514E-01
 1.97505978314669E+03	-1.68479501867307E-01
 1.97506252104672E+03	-1.07169800085241E-01
 1.97506525894675E+03	-1.35603837562681E-03
 1.97506799684678E+03	 1.57891953694667E-01
 1.97507073474681E+03	 3.39892433377408E-01
 1.97507347264684E+03	 4.59004412232363E-01
 1.97507621054687E+03	 4.29448334562590E-01
 1.97507894844690E+03	 2.45945619913078E-01
 1.97508168634693E+03	-4.95931593479575E-03
 1.97508442424696E+03	-2.19245618830650E-01
 1.97508716214699E+03	-3.48019750141499E-01
 1.97508990004702E+03	-3.97693689382964E-01
 1.97509263794706E+03	-3.86449822825507E-01
 1.97509537584709E+03	-3.21892034423668E-01
 1.97509811374712E+03	-2.12020872138217E-01
 1.97510085164715E+03	-7.83511925495438E-02
 1.97510358954718E+03	 4.73208023840552E-02
 1.97510632744721E+03	 1.37275178648443E-01
 1.97510906534724E+03	 1.82373079041141E-01
 1.97511180324727E+03	 1.94140578280157E-01
 1.97511454114730E+03	 1.87819140557130E-01
 1.97511727904733E+03	 1.62759343444224E-01
 1.97512001694736E+03	 1.05925704268314E-01
 1.97512275484739E+03	 1.54764997696325E-02
 1.97512549274742E+03	-8.64055244735796E-02
 1.97512823064746E+03	-1.66236500866092E-01
 1.97513096854749E+03	-2.00097420327406E-01
 1.97513370644752E+03	-1.82625117821882E-01
 1.97513644434755E+03	-1.21139606007623E-01
 1.97513918224758E+03	-2.14039840249778E-02
 1.97514192014761E+03	 1.20112004100519E-01
 1.97514465804764E+03	 2.98135929771319E-01
 1.97514739594767E+03	 4.64790665559997E-01
 1.97515013384770E+03	 5.31478446402335E-01
 1.97515287174773E+03	 4.33001121764592E-01
 1.97515560964776E+03	 1.94855827828266E-01
 1.97515834754779E+03	-7.88869527821366E-02
 1.97516108544782E+03	-2.87836805184684E-01
 1.97516382334786E+03	-3.94868976906658E-01
 1.97516656124789E+03	-4.12529416523425E-01
 1.97516929914792E+03	-3.61705570527326E-01
 1.97517203704795E+03	-2.59472323519670E-01
 1.97517477494798E+03	-1.29632207981158E-01
 1.97517751284801E+03	-2.36821234578381E-03
 1.97518025074804E+03	 9.87310983175761E-02
 1.97518298864807E+03	 1.63773548047558E-01
 1.97518572654810E+03	 1.94298720141849E-01
 1.97518846444813E+03	 1.97777596704838E-01
 1.97519120234816E+03	 1.79317381942691E-01
 1.97519394024819E+03	 1.35273338482022E-01
 1.97519667814822E+03	 5.99549861210788E-02
 1.97519941604825E+03	-3.85403454041860E-02
 1.97520215394829E+03	-1.33940265112525E-01
 1.97520489184832E+03	-1.95965312303817E-01
 1.97520762974835E+03	-2.06532914370108E-01
 1.97521036764838E+03	-1.63368828048069E-01
 1.97521310554841E+03	-7.34410145301764E-02
 1.97521584344844E+03	 5.52099630691345E-02
 1.97521858134847E+03	 2.14274461452489E-01
 1.97522131924850E+03	 3.80830340403490E-01
 1.97522405714853E+03	 5.00274239787681E-01
 1.97522679504856E+03	 5.01461463911615E-01
 1.97522953294859E+03	 3.51823665952360E-01
 1.97523227084862E+03	 9.87398515056326E-02
 1.97523500874865E+03	-1.57968513188575E-01
 1.97523774664869E+03	-3.36982216327580E-01
 1.97524048454872E+03	-4.13184972963057E-01
 1.97524322244875E+03	-3.98569750870839E-01
 1.97524596034878E+03	-3.14579947715055E-01
 1.97524869824881E+03	-1.90139930766416E-01
 1.97525143614884E+03	-6.30920980880533E-02
 1.97525417404887E+03	 3.67834988209957E-02
 1.97525691194890E+03	 1.02768606871053E-01
 1.97525964984893E+03	 1.42579483064018E-01
 1.97526238774896E+03	 1.61157468720102E-01
 1.97526512564899E+03	 1.56855519824222E-01
 1.97526786354902E+03	 1.26779900666521E-01
 1.97527060144905E+03	 6.96546562292802E-02
 1.97527333934909E+03	-1.08050889285036E-02
 1.97527607724912E+03	-1.00001287074331E-01
 1.97527881514915E+03	-1.74068372151016E-01
 1.97528155304918E+03	-2.11206188447718E-01
 1.97528429094921E+03	-1.99602901074725E-01
 1.97528702884924E+03	-1.36112938319968E-01
 1.97528976674927E+03	-2.49828503237788E-02
 1.97529250464930E+03	 1.19078988818586E-01
 1.97529524254933E+03	 2.69527681938543E-01
 1.97529798044936E+03	 3.89378737038164E-01
 1.97530071834939E+03	 4.34580619333800E-01
 1.97530345624942E+03	 3.69409683207419E-01
 1.97530619414945E+03	 1.95633988772429E-01
 1.97530893204949E+03	-3.34624669508603E-02
 1.97531166994952E+03	-2.40613727326819E-01
 1.97531440784955E+03	-3.70292692134139E-01
 1.97531714574958E+03	-4.06104532796066E-01
 1.97531988364961E+03	-3.56871421036198E-01
 1.97532262154964E+03	-2.46614364346860E-01
 1.97532535944967E+03	-1.16192683045386E-01
 1.97532809734970E+03	-1.00337370434093E-02
 1.97533083524973E+03	 5.24598373446159E-02
 1.97533357314976E+03	 8.40146443042788E-02
 1.97533631104979E+03	 1.03228993721533E-01
 1.97533904894982E+03	 1.10882630710895E-01
 1.97534178684985E+03	 9.58842576880213E-02
 1.97534452474988E+03	 5.30928187301251E-02
 1.97534726264992E+03	-1.15690827419510E-02
 1.97535000054995E+03	-8.54370380973643E-02
 1.97535273844998E+03	-1.52150221746620E-01
 1.97535547635001E+03	-1.95581688094637E-01
 1.97535821425004E+03	-2.04570823221208E-01
 1.97536095215007E+03	-1.71202019464090E-01
 1.97536369005010E+03	-8.82639135173727E-02
 1.97536642795013E+03	 4.05496861544375E-02
 1.97536916585016E+03	 1.86504610034490E-01
 1.97537190375019E+03	 3.02067092058162E-01
 1.97537464165022E+03	 3.46508059330436E-01
 1.97537737955025E+03	 3.03861700322791E-01
 1.97538011745028E+03	 1.82474394485387E-01
 1.97538285535032E+03	 1.02280008186397E-02
 1.97538559325035E+03	-1.69451567477787E-01
 1.97538833115038E+03	-3.10387553204431E-01
 1.97539106905041E+03	-3.80946946022648E-01
 1.97539380695044E+03	-3.70138122954729E-01
 1.97539654485047E+03	-2.85694960629529E-01
 1.97539928275050E+03	-1.57253680897564E-01
 1.97540202065053E+03	-3.35927473410848E-02
 1.97540475855056E+03	 4.41444388155286E-02
 1.97540749645059E+03	 7.24516242125960E-02
 1.97541023435062E+03	 7.84757950722128E-02
 1.97541297225065E+03	 8.20010430431877E-02
 1.97541571015068E+03	 7.57371778045633E-02
 1.97541844805072E+03	 4.37946316652116E-02
 1.97542118595075E+03	-1.42873945125686E-02
 1.97542392385078E+03	-8.27462186281017E-02
 1.97542666175081E+03	-1.42463345950677E-01
 1.97542939965084E+03	-1.79743035231922E-01
 1.97543213755087E+03	-1.88841803283198E-01
 1.97543487545090E+03	-1.67987114341961E-01
 1.97543761335093E+03	-1.09808253617682E-01
 1.97544035125096E+03	-3.18267505213850E-03
 1.97544308915099E+03	 1.42260578918943E-01
 1.97544582705102E+03	 2.77315555163999E-01
 1.97544856495105E+03	 3.37128439590645E-01
 1.97545130285108E+03	 2.91075799939905E-01
 1.97545404075111E+03	 1.62352843222183E-01
 1.97545677865115E+03	 2.27444753449767E-04
 1.97545951655118E+03	-1.54575596664302E-01
 1.97546225445121E+03	-2.77500462840816E-01
 1.97546499235124E+03	-3.51190546720915E-01
 1.97546773025127E+03	-3.61676169670411E-01
 1.97547046815130E+03	-3.03251155840755E-01
 1.97547320605133E+03	-1.87721775407248E-01
 1.97547594395136E+03	-5.12007578425493E-02
 1.97547868185139E+03	 5.72231081000133E-02
 1.97548141975142E+03	 1.07921525370191E-01
 1.97548415765145E+03	 1.12162365236646E-01
 1.97548689555148E+03	 1.01919954652788E-01
 1.97548963345151E+03	 9.06227657499685E-02
 1.97549237135155E+03	 6.45354311740979E-02
 1.97549510925158E+03	 1.02125114867194E-02
 1.97549784715161E+03	-6.32493343798283E-02
 1.97550058505164E+03	-1.31064393294436E-01
 1.97550332295167E+03	-1.71682080931064E-01
 1.97550606085170E+03	-1.77186308540263E-01
 1.97550879875173E+03	-1.51739386217437E-01
 1.97551153665176E+03	-9.94586356022180E-02
 1.97551427455179E+03	-1.16747781217639E-02
 1.97551701245182E+03	 1.22286451874784E-01
 1.97551975035185E+03	 2.79349425396008E-01
 1.97552248825188E+03	 3.89131711192729E-01
 1.97552522615191E+03	 3.80106096053684E-01
 1.97552796405195E+03	 2.44324121164286E-01
 1.97553070195198E+03	 4.46884811447237E-02
 1.97553343985201E+03	-1.41335989109149E-01
 1.97553617775204E+03	-2.72634327049176E-01
 1.97553891565207E+03	-3.43771108850163E-01
 1.97554165355210E+03	-3.57583203054202E-01
 1.97554439145213E+03	-3.12773752663986E-01
 1.97554712935216E+03	-2.12622016580170E-01
 1.97554986725219E+03	-7.75447934100721E-02
 1.97555260515222E+03	 5.34787692508484E-02
 1.97555534305225E+03	 1.40260891858664E-01
 1.97555808095228E+03	 1.68577390660626E-01
 1.97556081885231E+03	 1.58103913427815E-01
 1.97556355675234E+03	 1.36342598362063E-01
 1.97556629465238E+03	 1.08115586228043E-01
 1.97556903255241E+03	 5.88539896853489E-02
 1.97557177045244E+03	-1.64607970001906E-02
 1.97557450835247E+03	-9.87432668420369E-02
 1.97557724625250E+03	-1.58478602478770E-01
 1.97557998415253E+03	-1.76197559248202E-01
 1.97558272205256E+03	-1.50763321385286E-01
 1.97558545995259E+03	-9.30768058154328E-02
 1.97558819785262E+03	-9.45210085453887E-03
 1.97559093575265E+03	 1.08673896877940E-01
 1.97559367365268E+03	 2.64740831309986E-01
 1.97559641155271E+03	 4.18668528346731E-01
 1.97559914945274E+03	 4.86914457526441E-01
 1.97560188735278E+03	 4.06148445521817E-01
 1.97560462525281E+03	 1.97449120107467E-01
 1.97560736315284E+03	-4.69291147409174E-02
 1.97561010105287E+03	-2.38683452915891E-01
 1.97561283895290E+03	-3.44224214448747E-01
 1.97561557685293E+03	-3.71434464658589E-01
 1.97561831475296E+03	-3.34631201159369E-01
 1.97562105265299E+03	-2.44234393094808E-01
 1.97562379055302E+03	-1.17013499717598E-01
 1.97562652845305E+03	 1.82052567265591E-02
 1.97562926635308E+03	 1.27725687920046E-01
 1.97563200425311E+03	 1.88019083599456E-01
 1.97563474215314E+03	 1.98780150092443E-01
 1.97563748005318E+03	 1.79551521981006E-01
 1.97564021795321E+03	 1.47833900699479E-01
 1.97564295585324E+03	 1.02523550513565E-01
 1.97564569375327E+03	 3.42533951311236E-02
 1.97564843165330E+03	-5.16797621365575E-02
 1.97565116955333E+03	-1.30239879875613E-01
 1.97565390745336E+03	-1.73251277276653E-01
 1.97565664535339E+03	-1.66662309495483E-01
 1.97565938325342E+03	-1.14486334360079E-01
 1.97566212115345E+03	-2.98043315016641E-02
 1.97566485905348E+03	 8.05956376259837E-02
 1.97566759695351E+03	 2.20517602589465E-01
 1.97567033485354E+03	 3.80626083058680E-01
 1.97567307275358E+03	 5.08006048112086E-01
 1.97567581065361E+03	 5.21454995087397E-01
 1.97567854855364E+03	 3.79386781703642E-01
 1.97568128645367E+03	 1.28866843977808E-01
 1.97568402435370E+03	-1.26502089881972E-01
 1.97568676225373E+03	-3.04062724445392E-01
 1.97568950015376E+03	-3.80312895319628E-01
 1.97569223805379E+03	-3.69170480959418E-01
 1.97569497595382E+03	-2.91518915444565E-01
 1.97569771385385E+03	-1.71067478674357E-01
 1.97570045175388E+03	-3.89159993080486E-02
 1.97570318965391E+03	 7.41460683643640E-02
 1.97570592755394E+03	 1.49269608236800E-01
 1.97570866545397E+03	 1.82492196773072E-01
 1.97571140335401E+03	 1.81145727109926E-01
 1.97571414125404E+03	 1.57081669363257E-01
 1.97571687915407E+03	 1.17118805569700E-01
 1.97571961705410E+03	 5.93682351632635E-02
 1.97572235495413E+03	-1.67545341340435E-02
 1.97572509285416E+03	-9.80263237503636E-02
 1.97572783075419E+03	-1.59751573758728E-01
 1.97573056865422E+03	-1.80388451841111E-01
 1.97573330655425E+03	-1.52042382999486E-01
 1.97573604445428E+03	-8.00818453653035E-02
 1.97573878235431E+03	 2.40659940227917E-02
 1.97574152025434E+03	 1.51453663090144E-01
 1.97574425815437E+03	 2.95042924775622E-01
 1.97574699605441E+03	 4.31996349811472E-01
 1.97574973395444E+03	 5.08572448725708E-01
 1.97575247185447E+03	 4.63541709178985E-01
 1.97575520975450E+03	 2.83675397726312E-01
 1.97575794765453E+03	 3.01786229062738E-02
 1.97576068555456E+03	-2.01606700897883E-01
 1.97576342345459E+03	-3.45790080132088E-01
 1.97576616135462E+03	-3.87446683959321E-01
 1.97576889925465E+03	-3.41371999426372E-01
 1.97577163715468E+03	-2.34076598487590E-01
 1.97577437505471E+03	-1.03074837145492E-01
 1.97577711295474E+03	 1.11994048912210E-02
 1.97577985085477E+03	 8.58826801017610E-02
 1.97578258875481E+03	 1.22951631130575E-01
 1.97578532665484E+03	 1.34297359846033E-01
 1.97578806455487E+03	 1.26383031191056E-01
 1.97579080245490E+03	 9.95487503338043E-02
 1.97579354035493E+03	 5.35295477930241E-02
 1.97579627825496E+03	-9.23257938890037E-03
 1.97579901615499E+03	-8.02260890529068E-02
 1.97580175405502E+03	-1.43102251663317E-01
 1.97580449195505E+03	-1.79294304579152E-01
 1.97580722985508E+03	-1.76567024700830E-01
 1.97580996775511E+03	-1.31215302654790E-01
 1.97581270565514E+03	-4.57987862446444E-02
 1.97581544355517E+03	 7.07421519161762E-02
 1.97581818145520E+03	 2.02268633129236E-01
 1.97582091935524E+03	 3.26249637179275E-01
 1.97582365725527E+03	 4.11961100404060E-01
 1.97582639515530E+03	 4.20880449330493E-01
 1.97582913305533E+03	 3.24928992504950E-01
 1.97583187095536E+03	 1.36657513737821E-01
 1.97583460885539E+03	-8.44131763927227E-02
 1.97583734675542E+03	-2.65768506633937E-01
 1.97584008465545E+03	-3.62075195307147E-01
 1.97584282255548E+03	-3.63974890196184E-01
 1.97584556045551E+03	-2.85797049941981E-01
 1.97584829835554E+03	-1.60683235057101E-01
 1.97585103625557E+03	-3.70118162434723E-02
 1.97585377415560E+03	 4.44722436713140E-02
 1.97585651205564E+03	 7.68328347694773E-02
 1.97585924995567E+03	 8.18041834064183E-02
 1.97586198785570E+03	 7.85100957187513E-02
 1.97586472575573E+03	 6.59425903905895E-02
 1.97586746365576E+03	 3.45225651958849E-02
 1.97587020155579E+03	-1.68582559608022E-02
 1.97587293945582E+03	-7.80381998052099E-02
 1.97587567735585E+03	-1.33716947596640E-01
 1.97587841525588E+03	-1.69479439797648E-01
 1.97588115315591E+03	-1.76433858234227E-01
 1.97588389105594E+03	-1.51358588500925E-01
 1.97588662895597E+03	-9.14200924549884E-02
 1.97588936685600E+03	 5.73913822080443E-03
 1.97589210475604E+03	 1.30356368586126E-01
 1.97589484265607E+03	 2.52688000038236E-01
 1.97589758055610E+03	 3.34233008324244E-01
 1.97590031845613E+03	 3.47076341256836E-01
 1.97590305635616E+03	 2.82257548054916E-01
 1.97590579425619E+03	 1.49266336345869E-01
 1.97590853215622E+03	-2.29514828170254E-02
 1.97591127005625E+03	-1.89654285780088E-01
 1.97591400795628E+03	-3.06669107403804E-01
 1.97591674585631E+03	-3.47211078795918E-01
 1.97591948375634E+03	-3.05985875563251E-01
 1.97592222165637E+03	-1.99127611285903E-01
 1.97592495955640E+03	-6.68855679777986E-02
 1.97592769745643E+03	 3.79191587465048E-02
 1.97593043535647E+03	 8.32318957438204E-02
 1.97593317325650E+03	 8.00988157987060E-02
 1.97593591115653E+03	 6.24946527454342E-02
 1.97593864905656E+03	 4.77810321285395E-02
 1.97594138695659E+03	 2.61852042611175E-02
 1.97594412485662E+03	-1.54803681134558E-02
 1.97594686275665E+03	-7.29350265553449E-02
 1.97594960065668E+03	-1.27736060528434E-01
 1.97595233855671E+03	-1.61694804464699E-01
 1.97595507645674E+03	-1.66228023025090E-01
 1.97595781435677E+03	-1.42926331408578E-01
 1.97596055225680E+03	-9.51414150239329E-02
 1.97596329015683E+03	-1.82234764992010E-02
 1.97596602805687E+03	 9.35726543527088E-02
 1.97596876595690E+03	 2.23371686757714E-01
 1.97597150385693E+03	 3.23491717013667E-01
 1.97597424175696E+03	 3.44593422873740E-01
 1.97597697965699E+03	 2.73804049446811E-01
 1.97597971755702E+03	 1.39267041285971E-01
 1.97598245545705E+03	-1.67379771904742E-02
 1.97598519335708E+03	-1.60029048644645E-01
 1.97598793125711E+03	-2.66399592628146E-01
 1.97599066915714E+03	-3.17228246758140E-01
 1.97599340705717E+03	-3.00536978055478E-01
 1.97599614495720E+03	-2.16868596760679E-01
 1.97599888285723E+03	-8.78661552062603E-02
 1.97600162075727E+03	 4.13605049636631E-02
 1.97600435865730E+03	 1.21975128948568E-01
 1.97600709655733E+03	 1.36173996206357E-01
 1.97600983445736E+03	 1.08603781023617E-01
 1.97601257235739E+03	 7.54009094752082E-02
 1.97601531025742E+03	 4.70182186071678E-02
 1.97601804815744E+03	 9.10780093014003E-03
 1.97602078605748E+03	-4.74524511236608E-02
 1.97602352395751E+03	-1.09709931836831E-01
 1.97602626185754E+03	-1.53549264335816E-01
 1.97602899975757E+03	-1.62253407556661E-01
 1.97603173765760E+03	-1.34980655089677E-01
 1.97603447555763E+03	-8.20621551474028E-02
 1.97603721345767E+03	-1.01160438313413E-02
 1.97603995135770E+03	 8.78608587065212E-02
 1.97604268925773E+03	 2.16278431404011E-01
 1.97604542715776E+03	 3.45330541179510E-01
 1.97604816505779E+03	 4.10621823470109E-01
 1.97605090295782E+03	 3.61904980180154E-01
 1.97605364085785E+03	 2.10525775898606E-01
 1.97605637875788E+03	 1.97376701689015E-02
 1.97605911665791E+03	-1.46768846696958E-01
 1.97606185455794E+03	-2.58185864886071E-01
 1.97606459245797E+03	-3.09120830751587E-01
 1.97606733035800E+03	-2.99836238776666E-01
 1.97607006825803E+03	-2.31300046999570E-01
 1.97607280615806E+03	-1.13806080512981E-01
 1.97607554405810E+03	 2.39963653487507E-02
 1.97607828195813E+03	 1.38350890571106E-01
 1.97608101985816E+03	 1.92718661094845E-01
 1.97608375775819E+03	 1.84161243041973E-01
 1.97608649565822E+03	 1.42496726480023E-01
 1.97608923355825E+03	 9.76018037361155E-02
 1.97609197145828E+03	 5.29574444348366E-02
 1.97609470935831E+03	-3.81751186221445E-03
 1.97609744725834E+03	-7.28409832283417E-02
 1.97610018515837E+03	-1.33713849236433E-01
 1.97610292305840E+03	-1.61484569069071E-01
 1.97610566095843E+03	-1.44356009912409E-01
 1.97610839885846E+03	-8.86540781479844E-02
 1.97611113675850E+03	-9.81452784590833E-03
 1.97611387465853E+03	 8.50444810269443E-02
 1.97611661255856E+03	 2.03230853544307E-01
 1.97611935045859E+03	 3.42357881982539E-01
 1.97612208835862E+03	 4.58464937525919E-01
 1.97612482625865E+03	 4.78660738577480E-01
 1.97612756415868E+03	 3.63275538367263E-01
 1.97613030205871E+03	 1.50001461323394E-01
 1.97613303995874E+03	-7.39625700065074E-02
 1.97613577785877E+03	-2.37553312170681E-01
 1.97613851575880E+03	-3.17642513175089E-01
 1.97614125365883E+03	-3.21788989412116E-01
 1.97614399155886E+03	-2.63220475947771E-01
 1.97614672945890E+03	-1.56433234014247E-01
 1.97614946735893E+03	-2.39402202239534E-02
 1.97615220525896E+03	 1.02217294111711E-01
 1.97615494315899E+03	 1.88788488957090E-01
 1.97615768105902E+03	 2.17072777939984E-01
 1.97616041895905E+03	 1.94787123043422E-01
 1.97616315685908E+03	 1.47776787094720E-01
 1.97616589475911E+03	 9.53185749485952E-02
 1.97616863265914E+03	 3.73319503843070E-02
 1.97617137055917E+03	-3.15434310262326E-02
 1.97617410845920E+03	-1.02306898229561E-01
 1.97617684635923E+03	-1.51927748892757E-01
 1.97617958425926E+03	-1.59638346745023E-01
 1.97618232215929E+03	-1.19868858407760E-01
 1.97618506005933E+03	-4.32163397926923E-02
 1.97618779795936E+03	 5.39454612623299E-02
 1.97619053585939E+03	 1.64825596839318E-01
 1.97619327375942E+03	 2.93092284999316E-01
 1.97619601165945E+03	 4.26542705606970E-01
 1.97619874955948E+03	 5.12798221534361E-01
 1.97620148745951E+03	 4.83766502211981E-01
 1.97620422535954E+03	 3.18916252125007E-01
 1.97620696325957E+03	 7.58742226270690E-02
 1.97620970115960E+03	-1.51019834370981E-01
 1.97621243905963E+03	-2.95963866692009E-01
 1.97621517695966E+03	-3.43961262386399E-01
 1.97621791485969E+03	-3.09458923413731E-01
 1.97622065275973E+03	-2.15543384156386E-01
 1.97622339065976E+03	-9.10030986015301E-02
 1.97622612855979E+03	 3.15718190136202E-02
 1.97622886645982E+03	 1.25039030077454E-01
 1.97623160435985E+03	 1.75008514506661E-01
 1.97623434225988E+03	 1.80894216141705E-01
 1.97623708015991E+03	 1.53569232715655E-01
 1.97623981805994E+03	 1.08162753477418E-01
 1.97624255595997E+03	 5.36373105138828E-02
 1.97624529386000E+03	-9.16111405082297E-03
 1.97624803176003E+03	-7.69312653766404E-02
 1.97625076966006E+03	-1.35343172325243E-01
 1.97625350756009E+03	-1.64524893597597E-01
 1.97625624546013E+03	-1.51130151434224E-01
 1.97625898336016E+03	-9.46609418740383E-02
 1.97626172126019E+03	-5.96559914698616E-03
 1.97626445916022E+03	 1.00375252357314E-01
 1.97626719706025E+03	 2.15852065952895E-01
 1.97626993496028E+03	 3.36167824293238E-01
 1.97627267286031E+03	 4.40918193788703E-01
 1.97627541076034E+03	 4.81031268863463E-01
 1.97627814866037E+03	 4.06990859211470E-01
 1.97628088656040E+03	 2.19681776493889E-01
 1.97628362446043E+03	-1.60479583003258E-02
 1.97628636236046E+03	-2.15453822884520E-01
 1.97628910026049E+03	-3.26066515381569E-01
 1.97629183816053E+03	-3.39216608526380E-01
 1.97629457606056E+03	-2.72503978549051E-01
 1.97629731396059E+03	-1.57978627946113E-01
 1.97630005186062E+03	-3.71048493149452E-02
 1.97630278976065E+03	 5.42503203695284E-02
 1.97630552766068E+03	 1.02808881879931E-01
 1.97630826556071E+03	 1.16197625344107E-01
 1.97631100346074E+03	 1.06460514786207E-01
 1.97631374136077E+03	 7.98857810382045E-02
 1.97631647926080E+03	 3.89185920759776E-02
 1.97631921716083E+03	-1.36093962990390E-02
 1.97632195506086E+03	-7.21135413924215E-02
 1.97632469296089E+03	-1.26060169911454E-01
 1.97632743086092E+03	-1.60971691051901E-01
 1.97633016876096E+03	-1.64499716883057E-01
 1.97633290666099E+03	-1.31396018637502E-01
 1.97633564456102E+03	-6.34571009428090E-02
 1.97633838246105E+03	 3.14753874376613E-02
 1.97634112036108E+03	 1.40259063852557E-01
 1.97634385826111E+03	 2.48050992103046E-01
 1.97634659616114E+03	 3.39798012161741E-01
 1.97634933406117E+03	 3.93288989501253E-01
 1.97635207196120E+03	 3.76562266128915E-01
 1.97635480986123E+03	 2.68060736106532E-01
 1.97635754776126E+03	 8.58066738145256E-02
 1.97636028566129E+03	-1.11960658680780E-01
 1.97636302356132E+03	-2.61347193405489E-01
 1.97636576146136E+03	-3.25754873848596E-01
 1.97636849936139E+03	-3.00918744253180E-01
 1.97637123726142E+03	-2.06946360136228E-01
 1.97637397516145E+03	-8.44123431169528E-02
 1.97637671306148E+03	 1.73750480759888E-02
 1.97637945096151E+03	 6.77798600856535E-02
 1.97638218886154E+03	 7.23063882898105E-02
 1.97638492676157E+03	 5.67490868299938E-02
 1.97638766466160E+03	 3.71792783556759E-02
 1.97639040256163E+03	 1.09459290887530E-02
 1.97639314046166E+03	-2.87042481104486E-02
 1.97639587836169E+03	-7.89264660081744E-02
 1.97639861626172E+03	-1.27434607528294E-01
 1.97640135416176E+03	-1.59724886681012E-01
 1.97640409206179E+03	-1.65645654833722E-01
 1.97640682996182E+03	-1.42303808743387E-01
 1.97640956786185E+03	-9.11232654283728E-02
 1.97641230576188E+03	-1.32307326148964E-02
 1.97641504366191E+03	 8.74716133691464E-02
 1.97641778156194E+03	 1.95686861289604E-01
 1.97642051946197E+03	 2.85021363787443E-01
 1.97642325736200E+03	 3.30163763095470E-01
 1.97642599526203E+03	 3.16401791730637E-01
 1.97642873316206E+03	 2.39880715834514E-01
 1.97643147106209E+03	 1.09223067796520E-01
 1.97643420896212E+03	-4.85075266031704E-02
 1.97643694686215E+03	-1.91364151584919E-01
 1.97643968476219E+03	-2.79813225899944E-01
 1.97644242266222E+03	-2.91953836199892E-01
 1.97644516056225E+03	-2.27869130741087E-01
 1.97644789846228E+03	-1.11785923250662E-01
 1.97645063636231E+03	 8.97762622865692E-03
 1.97645337426234E+03	 8.44580169282571E-02
 1.97645611216237E+03	 9.59371454067026E-02
 1.97645885006240E+03	 6.63896958026736E-02
 1.97646158796243E+03	 3.10423602962100E-02
 1.97646432586246E+03	 2.63694550830310E-03
 1.97646706376249E+03	-2.93972288619163E-02
 1.97646980166252E+03	-7.40064517383935E-02
 1.97647253956255E+03	-1.23175124238847E-01
 1.97647527746259E+03	-1.58637701799962E-01
 1.97647801536262E+03	-1.65916427167537E-01
 1.97648075326265E+03	-1.41968366850930E-01
 1.97648349116268E+03	-9.29905466895099E-02
 1.97648622906271E+03	-2.45305393436053E-02
 1.97648896696274E+03	 6.48631367611529E-02
 1.97649170486277E+03	 1.73473895177464E-01
 1.97649444276280E+03	 2.78825320871752E-01
 1.97649718066283E+03	 3.40181998210233E-01
 1.97649991856286E+03	 3.26553160653673E-01
 1.97650265646289E+03	 2.39801563224456E-01
 1.97650539436292E+03	 1.08585568628784E-01
 1.97650813226295E+03	-3.30880220207797E-02
 1.97651087016299E+03	-1.57295168437010E-01
 1.97651360806302E+03	-2.41520402268475E-01
 1.97651634596305E+03	-2.68156505616776E-01
 1.97651908386308E+03	-2.28361653607630E-01
 1.97652182176311E+03	-1.28856119760647E-01
 1.97652455966314E+03	 4.68985343620106E-04
 1.97652729756317E+03	 1.10079430130410E-01
 1.97653003546320E+03	 1.57298087981471E-01
 1.97653277336323E+03	 1.38062066618578E-01
 1.97653551126326E+03	 8.63756315575536E-02
 1.97653824916329E+03	 3.74665058198124E-02
 1.97654098706332E+03	-2.29753069072825E-03
 1.97654372496335E+03	-4.62050761257798E-02
 1.97654646286338E+03	-9.87013519886038E-02
 1.97654920076342E+03	-1.45019593290557E-01
 1.97655193866345E+03	-1.64263043594612E-01
 1.97655467656348E+03	-1.45663066782743E-01
 1.97655741446351E+03	-9.40354148151754E-02
 1.97656015236354E+03	-2.25420220216503E-02
 1.97656289026357E+03	 6.18391711383038E-02
 1.97656562816360E+03	 1.63324928840552E-01
 1.97656836606363E+03	 2.78955208963266E-01
 1.97657110396366E+03	 3.75629145622306E-01
 1.97657384186369E+03	 4.00408279375290E-01
 1.97657657976372E+03	 3.24310158359522E-01
 1.97657931766375E+03	 1.71188771591488E-01
 1.97658205556378E+03	-1.45582773734428E-03
 1.97658479346382E+03	-1.43738081245542E-01
 1.97658753136385E+03	-2.32537516156074E-01
 1.97659026926388E+03	-2.62515797614321E-01
 1.97659300716391E+03	-2.33503924062498E-01
 1.97659574506394E+03	-1.49628301432742E-01
 1.97659848296397E+03	-2.69764136248082E-02
 1.97660122086400E+03	 1.00321639266539E-01
 1.97660395876403E+03	 1.88020440810277E-01
 1.97660669666406E+03	 2.07392556981728E-01
 1.97660943456409E+03	 1.67247270186807E-01
 1.97661217246412E+03	 1.03804341215971E-01
 1.97661491036415E+03	 4.55336275989950E-02
 1.97661764826418E+03	-6.25051280136217E-03
 1.97662038616422E+03	-6.15823873296263E-02
 1.97662312406425E+03	-1.17312718796367E-01
 1.97662586196428E+03	-1.54407126272923E-01
 1.97662859986431E+03	-1.53856735866230E-01
 1.97663133776434E+03	-1.10789663111217E-01
 1.97663407566437E+03	-3.65321366670198E-02
 1.97663681356440E+03	 5.19528503146961E-02
 1.97663955146443E+03	 1.48149445588163E-01
 1.97664228936446E+03	 2.57445935164887E-01
 1.97664502726449E+03	 3.72416959962797E-01
 1.97664776516452E+03	 4.50123803083644E-01
 1.97665050306455E+03	 4.32835253898639E-01
 1.97665324096458E+03	 3.01564106640348E-01
 1.97665597886462E+03	 1.01374981331270E-01
 1.97665871676465E+03	-9.19976305125900E-02
 1.97666145466468E+03	-2.23752122040003E-01
 1.97666419256471E+03	-2.77947461549197E-01
 1.97666693046474E+03	-2.61748327843770E-01
 1.97666966836477E+03	-1.88834136644199E-01
 1.97667240626480E+03	-7.70632609764053E-02
 1.97667514416483E+03	 4.80637175772394E-02
 1.97667788206486E+03	 1.53973776312089E-01
 1.97668061996489E+03	 2.10281941029219E-01
 1.97668335786492E+03	 2.05227723401131E-01
 1.97668609576495E+03	 1.54716868276263E-01
 1.97668883366498E+03	 8.87946740028153E-02
 1.97669157156501E+03	 2.64006338623230E-02
 1.97669430946505E+03	-3.25659296622215E-02
 1.97669704736508E+03	-9.11794282499963E-02
 1.97669978526511E+03	-1.39904499802739E-01
 1.97670252316514E+03	-1.60120133217139E-01
 1.97670526106517E+03	-1.38273573947242E-01
 1.97670799896520E+03	-7.53089746535859E-02
 1.97671073686523E+03	 1.39144331211771E-02
 1.97671347476526E+03	 1.11737341290476E-01
 1.97671621266529E+03	 2.12314156252140E-01
 1.97671895056532E+03	 3.19380770919690E-01
 1.97672168846535E+03	 4.19971012557227E-01
 1.97672442636538E+03	 4.67190554075580E-01
 1.97672716426541E+03	 4.08928542372663E-01
 1.97672990216545E+03	 2.41065450668962E-01
 1.97673264006548E+03	 2.25613517439230E-02
 1.97673537796551E+03	-1.66702234864253E-01
 1.97673811586554E+03	-2.76268820065698E-01
 1.97674085376557E+03	-2.97059003443293E-01
 1.97674359166560E+03	-2.44322849340223E-01
 1.97674632956563E+03	-1.43531341291418E-01
 1.97674906746566E+03	-2.56614365143193E-02
 1.97675180536569E+03	 7.87170837969813E-02
 1.97675454326572E+03	 1.47051920721562E-01
 1.97675728116575E+03	 1.68834737243632E-01
 1.97676001906578E+03	 1.47061484824914E-01
 1.97676275696581E+03	 9.68100437545025E-02
 1.97676549486585E+03	 3.64260654962193E-02
 1.97676823276588E+03	-2.36245530758883E-02
 1.97677097066591E+03	-8.10854932469651E-02
 1.97677370856594E+03	-1.31614899577249E-01
 1.97677644646597E+03	-1.63129202051478E-01
 1.97677918436600E+03	-1.61733618647483E-01
 1.97678192226603E+03	-1.20661131322007E-01
 1.97678466016606E+03	-4.46426352525985E-02
 1.97678739806609E+03	 5.13330707369743E-02
 1.97679013596612E+03	 1.50618656779760E-01
 1.97679287386615E+03	 2.46148275403816E-01
 1.97679561176618E+03	 3.37108727172939E-01
 1.97679834966621E+03	 4.07270013357144E-01
 1.97680108756624E+03	 4.15388287675116E-01
 1.97680382546628E+03	 3.24705814680516E-01
 1.97680656336631E+03	 1.45725704138874E-01
 1.97680930126634E+03	-6.00577472931575E-02
 1.97681203916637E+03	-2.21615189583839E-01
 1.97681477706640E+03	-2.98375706392255E-01
 1.97681751496643E+03	-2.86537902946044E-01
 1.97682025286646E+03	-2.06781643645418E-01
 1.97682299076649E+03	-9.49721744163281E-02
 1.97682572866652E+03	 8.22558542808649E-03
 1.97682846656655E+03	 7.46312375088606E-02
 1.97683120446658E+03	 9.88724540672322E-02
 1.97683394236661E+03	 9.07843543406259E-02
 1.97683668026664E+03	 6.15409700630180E-02
 1.97683941816668E+03	 1.85810970690468E-02
 1.97684215606671E+03	-3.22829766157702E-02
 1.97684489396674E+03	-8.51575022477001E-02
 1.97684763186677E+03	-1.32919708017103E-01
 1.97685036976680E+03	-1.65910535987399E-01
 1.97685310766683E+03	-1.73766399170267E-01
 1.97685584556686E+03	-1.49818647848163E-01
 1.97685858346689E+03	-9.34065404019810E-02
 1.97686132136692E+03	-1.03128491900080E-02
 1.97686405926695E+03	 8.67070110571397E-02
 1.97686679716698E+03	 1.81424411602143E-01
 1.97686953506701E+03	 2.62115662034630E-01
 1.97687227296704E+03	 3.21931959447139E-01
 1.97687501086708E+03	 3.46937552574858E-01
 1.97687774876711E+03	 3.11921643273944E-01
 1.97688048666714E+03	 2.01399896773943E-01
 1.97688322456717E+03	 3.57812306956220E-02
 1.97688596246720E+03	-1.32013023724888E-01
 1.97688870036723E+03	-2.48097233694182E-01
 1.97689143826726E+03	-2.83617743619140E-01
 1.97689417616729E+03	-2.39030986866551E-01
 1.97689691406732E+03	-1.39900926502410E-01
 1.97689965196735E+03	-3.06246424467853E-02
 1.97690238986738E+03	 4.43261205566480E-02
 1.97690512776741E+03	 6.65143756149263E-02
 1.97690786566744E+03	 5.01405086015632E-02
 1.97691060356747E+03	 2.02053104611918E-02
 1.97691334146751E+03	-1.15030343034285E-02
 1.97691607936754E+03	-4.76447209703822E-02
 1.97691881726757E+03	-9.09287148048190E-02
 1.97692155516760E+03	-1.35148280693325E-01
 1.97692429306763E+03	-1.67870529269103E-01
 1.97692703096766E+03	-1.77604690784144E-01
 1.97692976886769E+03	-1.59044881220033E-01
 1.97693250676772E+03	-1.13404299395508E-01
 1.97693524466775E+03	-4.44606352822572E-02
 1.97693798256778E+03	 4.31526604001172E-02
 1.97694072046781E+03	 1.39338818062355E-01
 1.97694345836784E+03	 2.25601348320116E-01
 1.97694619626787E+03	 2.82127911597449E-01
 1.97694893416791E+03	 2.97109678719126E-01
 1.97695167206794E+03	 2.66234544813147E-01
 1.97695440996797E+03	 1.88155787784649E-01
 1.97695714786800E+03	 6.94710005560250E-02
 1.97695988576803E+03	-6.60412281134681E-02
 1.97696262366806E+03	-1.81142452812643E-01
 1.97696536156809E+03	-2.41764238456538E-01
 1.97696809946812E+03	-2.30745306895139E-01
 1.97697083736815E+03	-1.53612337606291E-01
 1.97697357526818E+03	-4.14418441343483E-02
 1.97697631316821E+03	 5.61735644938888E-02
 1.97697905106824E+03	 9.78777675455917E-02
 1.97698178896827E+03	 7.93579613168890E-02
 1.97698452686831E+03	 3.11608458633224E-02
 1.97698726476834E+03	-1.46641746142062E-02
 1.97699000266837E+03	-5.06023951839418E-02
 1.97699274056840E+03	-8.66331462885468E-02
 1.97699547846843E+03	-1.27419303288172E-01
 1.97699821636846E+03	-1.63019476124753E-01
 1.97700095426849E+03	-1.77566314995947E-01
 1.97700369216852E+03	-1.61472843363032E-01
 1.97700643006855E+03	-1.16328699595572E-01
 1.97700916796858E+03	-5.04904295503938E-02
 1.97701190586861E+03	 2.97347200655409E-02
 1.97701464376864E+03	 1.21989968573268E-01
 1.97701738166867E+03	 2.17472917223174E-01
 1.97702011956871E+03	 2.92071030246717E-01
 1.97702285746874E+03	 3.16394205329049E-01
 1.97702559536877E+03	 2.77394539085812E-01
 1.97702833326880E+03	 1.86862670817006E-01
 1.97703107116883E+03	 6.99768188603797E-02
 1.97703380906886E+03	-4.83784137497299E-02
 1.97703654696889E+03	-1.46645748783656E-01
 1.97703928486892E+03	-2.05156237229444E-01
 1.97704202276895E+03	-2.08479137194838E-01
 1.97704476066898E+03	-1.51309733860162E-01
 1.97704749856901E+03	-4.63684846990799E-02
 1.97705023646904E+03	 7.01536585456280E-02
 1.97705297436907E+03	 1.49059607019535E-01
 1.97705571226910E+03	 1.58543164729343E-01
 1.97705845016914E+03	 1.08553528095262E-01
 1.97706118806917E+03	 3.86926375600466E-02
 1.97706392596920E+03	-1.96779839475314E-02
 1.97706666386923E+03	-6.41087467123600E-02
 1.97706940176926E+03	-1.06125539480982E-01
 1.97707213966929E+03	-1.46860482644043E-01
 1.97707487756932E+03	-1.72383287380275E-01
 1.97707761546935E+03	-1.66853301142506E-01
 1.97708035336938E+03	-1.25385351460935E-01
 1.97708309126941E+03	-5.65167452219364E-02
 1.97708582916944E+03	 2.60939908479099E-02
 1.97708856706947E+03	 1.15487073655791E-01
 1.97709130496950E+03	 2.11709313461332E-01
 1.97709404286954E+03	 3.05140384453385E-01
 1.97709678076957E+03	 3.64115810002993E-01
 1.97709951866960E+03	 3.51461454248103E-01
 1.97710225656963E+03	 2.57964120566279E-01
 1.97710499446966E+03	 1.14308132539049E-01
 1.97710773236969E+03	-3.14127002894218E-02
 1.97711047026972E+03	-1.42821687934065E-01
 1.97711320816975E+03	-2.03798690689319E-01
 1.97711594606978E+03	-2.10236527948543E-01
 1.97711868396981E+03	-1.62917095439370E-01
 1.97712142186984E+03	-6.91870248289332E-02
 1.97712415976987E+03	 4.99570205598924E-02
 1.97712689766990E+03	 1.56878707731274E-01
 1.97712963556994E+03	 2.10343489560670E-01
 1.97713237346997E+03	 1.92435944088468E-01
 1.97713511137000E+03	 1.23371771996533E-01
 1.97713784927003E+03	 4.29567917104726E-02
 1.97714058717006E+03	-2.34162984272556E-02
 1.97714332507009E+03	-7.62252028085715E-02
 1.97714606297012E+03	-1.23339320774920E-01
 1.97714880087015E+03	-1.60487804554107E-01
 1.97715153877018E+03	-1.72380753072869E-01
 1.97715427667021E+03	-1.46599584992442E-01
 1.97715701457024E+03	-8.38685763278041E-02
 1.97715975247027E+03	 1.99125189544833E-03
 1.97716249037030E+03	 9.45545124459012E-02
 1.97716522827033E+03	 1.87719059324786E-01
 1.97716796617037E+03	 2.83307369790654E-01
 1.97717070407040E+03	 3.69427804185488E-01
 1.97717344197043E+03	 4.08081470107358E-01
 1.97717617987046E+03	 3.59366088276832E-01
 1.97717891777049E+03	 2.22153590270788E-01
 1.97718165567052E+03	 4.34011473133911E-02
 1.97718439357055E+03	-1.14801272838586E-01
 1.97718713147058E+03	-2.12279439538883E-01
 1.97718986937061E+03	-2.39203149553363E-01
 1.97719260727064E+03	-2.03486004189649E-01
 1.97719534517067E+03	-1.20012301107849E-01
 1.97719808307070E+03	-8.89356743111322E-03
 1.97720082097073E+03	 1.02909011053445E-01
 1.97720355887077E+03	 1.83490934351906E-01
 1.97720629677080E+03	 2.06975248917992E-01
 1.97720903467083E+03	 1.69957671803705E-01
 1.97721177257086E+03	 9.59361363710234E-02
 1.97721451047089E+03	 1.70612932568406E-02
 1.97721724837092E+03	-4.93530269142492E-02
 1.97721998627095E+03	-1.03685603906314E-01
 1.97722272417098E+03	-1.47789095168928E-01
 1.97722546207101E+03	-1.73666313620107E-01
 1.97722819997104E+03	-1.68258288441060E-01
 1.97723093787107E+03	-1.24398721871682E-01
 1.97723367577110E+03	-4.73918479249910E-02
 1.97723641367113E+03	 4.62648768492051E-02
 1.97723915157117E+03	 1.39693928289148E-01
 1.97724188947120E+03	 2.28131762054236E-01
 1.97724462737123E+03	 3.14051415642650E-01
 1.97724736527126E+03	 3.83685764242246E-01
 1.97725010317129E+03	 3.97588893298826E-01
 1.97725284107132E+03	 3.19984521991142E-01
 1.97725557897135E+03	 1.59355034694984E-01
 1.97725831687138E+03	-2.85884162712551E-02
 1.97726105477141E+03	-1.79062868909893E-01
 1.97726379267144E+03	-2.54604832036764E-01
 1.97726653057147E+03	-2.51008514758291E-01
 1.97726926847150E+03	-1.85061688333702E-01
 1.97727200637153E+03	-8.40590808741140E-02
 1.97727474427156E+03	 2.11966799375974E-02
 1.97727748217160E+03	 1.03680013441052E-01
 1.97728022007163E+03	 1.45318708089076E-01
 1.97728295797166E+03	 1.39612579602033E-01
 1.97728569587169E+03	 9.39641306187323E-02
 1.97728843377172E+03	 2.75010851449087E-02
 1.97729117167175E+03	-3.97952553278413E-02
 1.97729390957178E+03	-9.76449465654100E-02
 1.97729664747181E+03	-1.43801292345904E-01
 1.97729938537184E+03	-1.74655621363964E-01
 1.97730212327187E+03	-1.81833139773389E-01
 1.97730486117190E+03	-1.57166458564308E-01
 1.97730759907193E+03	-9.87170106104523E-02
 1.97731033697196E+03	-1.43604566162933E-02
 1.97731307487200E+03	 7.90543413222707E-02
 1.97731581277203E+03	 1.65211369600350E-01
 1.97731855067206E+03	 2.39618745436575E-01
 1.97732128857209E+03	 3.04216385275965E-01
 1.97732402647212E+03	 3.46107560886206E-01
 1.97732676437215E+03	 3.31891579898977E-01
 1.97732950227218E+03	 2.36345765695005E-01
 1.97733224017221E+03	 7.58299192082020E-02
 1.97733497807224E+03	-9.48781894226926E-02
 1.97733771597227E+03	-2.18308266715964E-01
 1.97734045387230E+03	-2.63759324218695E-01
 1.97734319177233E+03	-2.31690495240270E-01
 1.97734592967236E+03	-1.45977218533178E-01
 1.97734866757240E+03	-4.44464683036273E-02
 1.97735140547243E+03	 3.59249568754400E-02
 1.97735414337246E+03	 7.52899713927693E-02
 1.97735688127249E+03	 7.46725828174878E-02
 1.97735961917252E+03	 4.56316399779400E-02
 1.97736235707255E+03	-1.08336220240436E-04
 1.97736509497258E+03	-5.30240958071049E-02
 1.97736783287261E+03	-1.05037663718315E-01
 1.97737057077264E+03	-1.49489686919236E-01
 1.97737330867267E+03	-1.80179267302338E-01
 1.97737604657270E+03	-1.90399282894959E-01
 1.97737878447273E+03	-1.74568524967808E-01
 1.97738152237276E+03	-1.30499812145909E-01
 1.97738426027280E+03	-6.03921362971755E-02
 1.97738699817283E+03	 2.71635589647011E-02
 1.97738973607286E+03	 1.16153064390697E-01
 1.97739247397289E+03	 1.90082755675463E-01
 1.97739521187292E+03	 2.42399624887654E-01
 1.97739794977295E+03	 2.73957629782093E-01
 1.97740068767298E+03	 2.77371671878240E-01
 1.97740342557301E+03	 2.33105052357029E-01
 1.97740616347304E+03	 1.30513701135944E-01
 1.97740890137307E+03	-1.01231141502352E-02
 1.97741163927310E+03	-1.43344998486590E-01
 1.97741437717313E+03	-2.25192757907624E-01
 1.97741711507316E+03	-2.33566628605047E-01
 1.97741985297319E+03	-1.73545128003441E-01
 1.97742259087323E+03	-7.55943013381409E-02
 1.97742532877326E+03	 1.47119860574997E-02
 1.97742806667329E+03	 6.02388802783184E-02
 1.97743080457332E+03	 5.39748652961595E-02
 1.97743354247335E+03	 1.61794185900118E-02
 1.97743628037338E+03	-2.93433539420776E-02
 1.97743901827341E+03	-7.26554526176731E-02
 1.97744175617344E+03	-1.14471028170074E-01
 1.97744449407347E+03	-1.54218520450006E-01
 1.97744723197350E+03	-1.84963672825068E-01
 1.97744996987353E+03	-1.96930298956638E-01
 1.97745270777356E+03	-1.83375833814497E-01
 1.97745544567359E+03	-1.43627826855163E-01
 1.97745818357363E+03	-8.13583024181940E-02
 1.97746092147366E+03	-1.57820616133509E-03
 1.97746365937369E+03	 8.76713122491905E-02
 1.97746639727372E+03	 1.71271434785790E-01
 1.97746913517375E+03	 2.30623126824665E-01
 1.97747187307378E+03	 2.54679419830766E-01
 1.97747461097381E+03	 2.43914458974224E-01
 1.97747734887384E+03	 2.01614377063888E-01
 1.97748008677387E+03	 1.27647378946127E-01
 1.97748282467390E+03	 2.65707889745103E-02
 1.97748556257393E+03	-8.18188518505003E-02
 1.97748830047396E+03	-1.66192485772662E-01
 1.97749103837399E+03	-1.98351214144229E-01
 1.97749377627403E+03	-1.65812800341893E-01
 1.97749651417406E+03	-7.95343504391716E-02
 1.97749925207409E+03	 2.38404219945079E-02
 1.97750198997412E+03	 9.54167570552513E-02
 1.97750472787415E+03	 1.04150274815828E-01
 1.97750746577418E+03	 5.81015963167809E-02
 1.97751020367421E+03	-7.91455771048936E-03
 1.97751294157424E+03	-6.53170837924338E-02
 1.97751567947427E+03	-1.09068124366877E-01
 1.97751841737430E+03	-1.46510985483762E-01
 1.97752115527433E+03	-1.78859767617790E-01
 1.97752389317436E+03	-1.96799147766734E-01
 1.97752663107439E+03	-1.89136761508215E-01
 1.97752936897442E+03	-1.51929202378060E-01
 1.97753210687446E+03	-9.02496779649076E-02
 1.97753484477449E+03	-1.27566620017799E-02
 1.97753758267452E+03	 7.40587335148844E-02
 1.97754032057455E+03	 1.63599139642431E-01
 1.97754305847458E+03	 2.41168917213047E-01
 1.97754579637461E+03	 2.84175188328645E-01
 1.97754853427464E+03	 2.75970921644732E-01
 1.97755127217467E+03	 2.18661338232948E-01
 1.97755401007470E+03	 1.29960534075899E-01
 1.97755674797473E+03	 3.04623641117858E-02
 1.97755948587476E+03	-6.26890033894393E-02
 1.97756222377479E+03	-1.33565036079483E-01
 1.97756496167482E+03	-1.66050579135683E-01
 1.97756769957486E+03	-1.47626009064613E-01
 1.97757043747489E+03	-7.66882946258127E-02
 1.97757317537492E+03	 2.85014518673472E-02
 1.97757591327495E+03	 1.27386214170967E-01
 1.97757865117498E+03	 1.74142834627187E-01
 1.97758138907501E+03	 1.49007167041609E-01
 1.97758412697504E+03	 7.34557839951400E-02
 1.97758686487507E+03	-1.07151510241474E-02
 1.97758960277510E+03	-7.65594850937022E-02
 1.97759234067513E+03	-1.23638136084891E-01
 1.97759507857516E+03	-1.60710212184555E-01
 1.97759781647519E+03	-1.86897627866334E-01
 1.97760055437522E+03	-1.91205890008411E-01
 1.97760329227526E+03	-1.64005081568828E-01
 1.97760603017529E+03	-1.05817573220322E-01
 1.97760876807532E+03	-2.69985249842886E-02
 1.97761150597535E+03	 6.02124221517758E-02
 1.97761424387538E+03	 1.49229237755605E-01
 1.97761698177541E+03	 2.35623444128378E-01
 1.97761971967544E+03	 3.04714026947773E-01
 1.97762245757547E+03	 3.29291776287597E-01
 1.97762519547550E+03	 2.88184113651137E-01
 1.97762793337553E+03	 1.87628448464772E-01
 1.97763067127556E+03	 6.03512443377146E-02
 1.97763340917559E+03	-5.57589375837741E-02
 1.97763614707562E+03	-1.35689441335305E-01
 1.97763888497565E+03	-1.69100911034764E-01
 1.97764162287569E+03	-1.53739089934928E-01
 1.97764436077572E+03	-9.19894480205723E-02
 1.97764709867575E+03	 5.78005964485944E-03
 1.97764983657578E+03	 1.14570038311242E-01
 1.97765257447581E+03	 1.95294953749388E-01
 1.97765531237584E+03	 2.12574936303517E-01
 1.97765805027587E+03	 1.60502016788257E-01
 1.97766078817590E+03	 6.87648194012938E-02
 1.97766352607593E+03	-2.21413880657129E-02
 1.97766626397596E+03	-9.09045372321785E-02
 1.97766900187599E+03	-1.39372680464159E-01
 1.97767173977602E+03	-1.73743592538573E-01
 1.97767447767605E+03	-1.90371409454842E-01
 1.97767721557609E+03	-1.79069260395192E-01
 1.97767995347612E+03	-1.33932879565496E-01
 1.97768269137615E+03	-5.98783009808247E-02
 1.97768542927618E+03	 2.89424699919453E-02
 1.97768816717621E+03	 1.18347228282950E-01
 1.97769090507624E+03	 2.02856587396352E-01
 1.97769364297627E+03	 2.80615668854982E-01
 1.97769638087630E+03	 3.37031554829438E-01
 1.97769911877633E+03	 3.41673636001873E-01
 1.97770185667636E+03	 2.71920140978704E-01
 1.97770459457639E+03	 1.39771845142115E-01
 1.97770733247642E+03	-1.03940819853373E-02
 1.97771007037645E+03	-1.30432421024257E-01
 1.97771280827649E+03	-1.92624266496212E-01
 1.97771554617652E+03	-1.92360692260736E-01
 1.97771828407655E+03	-1.38993729312108E-01
 1.97772102197658E+03	-4.88680413272859E-02
 1.97772375987661E+03	 5.62119036220362E-02
 1.97772649777664E+03	 1.48483485131621E-01
 1.97772923567667E+03	 1.97992059331502E-01
 1.97773197357670E+03	 1.85670998844051E-01
 1.97773471147673E+03	 1.18076148329754E-01
 1.97773744937676E+03	 2.55571531369568E-02
 1.97774018727679E+03	-5.96105666841370E-02
 1.97774292517682E+03	-1.23029217097972E-01
 1.97774566307685E+03	-1.66186875024275E-01
 1.97774840097689E+03	-1.91249025499978E-01
 1.97775113887692E+03	-1.93453936335451E-01
 1.97775387677695E+03	-1.65729314500775E-01
 1.97775661467698E+03	-1.06261520355036E-01
 1.97775935257701E+03	-2.29401357004874E-02
 1.97776209047704E+03	 6.80620740415579E-02
 1.97776482837707E+03	 1.51951214266910E-01
 1.97776756627710E+03	 2.24891149580654E-01
 1.97777030417713E+03	 2.87535836344107E-01
 1.97777304207716E+03	 3.26342296014776E-01
 1.97777577997719E+03	 3.11162158653045E-01
 1.97777851787722E+03	 2.21951735293401E-01
 1.97778125577725E+03	 7.61461517053734E-02
 1.97778399367728E+03	-7.67501066611613E-02
 1.97778673157732E+03	-1.86615573368998E-01
 1.97778946947735E+03	-2.27173551096737E-01
 1.97779220737738E+03	-1.98780175025327E-01
 1.97779494527741E+03	-1.20356512244049E-01
 1.97779768317744E+03	-2.07596839303243E-02
 1.97780042107747E+03	 6.99044740274799E-02
 1.97780315897750E+03	 1.27778251216562E-01
 1.97780589687753E+03	 1.39141928512911E-01
 1.97780863477756E+03	 1.03073854722181E-01
 1.97781137267759E+03	 3.34252149356751E-02
 1.97781411057762E+03	-4.62393855793738E-02
 1.97781684847765E+03	-1.15474521350669E-01
 1.97781958637768E+03	-1.65575797797535E-01
 1.97782232427772E+03	-1.95747310450776E-01
 1.97782506217775E+03	-2.04848829228103E-01
 1.97782780007778E+03	-1.89295240987420E-01
 1.97783053797781E+03	-1.46130290791057E-01
 1.97783327587784E+03	-7.66629132433134E-02
 1.97783601377787E+03	 9.86826040395540E-03
 1.97783875167790E+03	 9.65508917314447E-02
 1.97784148957793E+03	 1.68552302099561E-01
 1.97784422747796E+03	 2.23325203707370E-01
 1.97784696537799E+03	 2.63778724991410E-01
 1.97784970327802E+03	 2.79639666619901E-01
 1.97785244117805E+03	 2.46040995977160E-01
 1.97785517907808E+03	 1.49160910780337E-01
 1.97785791697812E+03	 9.49832423645866E-03
 1.97786065487815E+03	-1.25893564241256E-01
 1.97786339277818E+03	-2.12011781152992E-01
 1.97786613067821E+03	-2.26690404930252E-01
 1.97786886857824E+03	-1.74699544901755E-01
 1.97787160647827E+03	-8.33026797372348E-02
 1.97787434437830E+03	 8.49527801705784E-03
 1.97787708227833E+03	 6.76239553822823E-02
 1.97787982017836E+03	 8.10375384349585E-02
 1.97788255807839E+03	 5.48504225440487E-02
 1.97788529597842E+03	 3.43401665167002E-03
 1.97788803387845E+03	-5.86585091544928E-02
 1.97789077177848E+03	-1.18977434086798E-01
 1.97789350967851E+03	-1.68189068218842E-01
 1.97789624757855E+03	-2.00479600253694E-01
 1.97789898547858E+03	-2.12185555441468E-01
 1.97790172337861E+03	-2.00918667787831E-01
 1.97790446127864E+03	-1.66128773759976E-01
 1.97790719917867E+03	-1.08923754415434E-01
 1.97790993707870E+03	-3.26469343737090E-02
 1.97791267497873E+03	 5.30601060841308E-02
 1.97791541287876E+03	 1.31078294295090E-01
 1.97791815077879E+03	 1.86326488466219E-01
 1.97792088867882E+03	 2.16575856561062E-01
 1.97792362657885E+03	 2.27112364542446E-01
 1.97792636447888E+03	 2.14325069470944E-01
 1.97792910237891E+03	 1.63856046470395E-01
 1.97793184027895E+03	 7.03296052852039E-02
 1.97793457817898E+03	-4.61292271885165E-02
 1.97793731607901E+03	-1.47203184392746E-01
 1.97794005397904E+03	-1.97642280126256E-01
 1.97794279187907E+03	-1.81260556155226E-01
 1.97794552977910E+03	-1.07862022127059E-01
 1.97794826767913E+03	-1.24480096308243E-02
 1.97795100557916E+03	 5.94329286758640E-02
 1.97795374347919E+03	 7.79724549233524E-02
 1.97795648137922E+03	 4.55399470383744E-02
 1.97795921927925E+03	-1.30702337138232E-02
 1.97796195717928E+03	-7.40671513502499E-02
 1.97796469507931E+03	-1.27078947698520E-01
 1.97796743297935E+03	-1.70358950923274E-01
 1.97797017087938E+03	-2.01620270475688E-01
 1.97797290877941E+03	-2.15283858938057E-01
 1.97797564667944E+03	-2.05880634110362E-01
 1.97797838457947E+03	-1.72272317819463E-01
 1.97798112247950E+03	-1.18020696857479E-01
 1.97798386037953E+03	-4.78890679028997E-02
 1.97798659827956E+03	 3.33062380004833E-02
 1.97798933617959E+03	 1.15858798788433E-01
 1.97799207407962E+03	 1.82558330375187E-01
 1.97799481197965E+03	 2.17399859330761E-01
 1.97799754987968E+03	 2.17416330057244E-01
 1.97800028777971E+03	 1.91040818698059E-01
 1.97800302567974E+03	 1.44958488404662E-01
 1.97800576357978E+03	 7.91232803631765E-02
 1.97800850147981E+03	-3.05676258372165E-03
 1.97801123937984E+03	-8.49796919017064E-02
 1.97801397727987E+03	-1.40667839494555E-01
 1.97801671517990E+03	-1.47020516783150E-01
 1.97801945307993E+03	-9.58414418945167E-02
 1.97802219097996E+03	-3.53590530306306E-03
 1.97802492887999E+03	 8.84113207797730E-02
 1.97802766678002E+03	 1.33109958852249E-01
 1.97803040468005E+03	 1.09728586649792E-01
 1.97803314258008E+03	 3.68964178707702E-02
 1.97803588048011E+03	-4.71681313630450E-02
 1.97803861838014E+03	-1.15664539858600E-01
 1.97804135628018E+03	-1.63906785856417E-01
 1.97804409418021E+03	-1.96780646422695E-01
 1.97804683208024E+03	-2.14344455980488E-01
 1.97804956998027E+03	-2.10354841538079E-01
 1.97805230788030E+03	-1.79782757694597E-01
 1.97805504578033E+03	-1.24652459423491E-01
 1.97805778368036E+03	-5.27513336401889E-02
 1.97806052158039E+03	 2.80548012110764E-02
 1.97806325948042E+03	 1.11836285420902E-01
 1.97806599738045E+03	 1.89214257271988E-01
 1.97806873528048E+03	 2.43022850682071E-01
 1.97807147318051E+03	 2.55594284323182E-01
 1.97807421108054E+03	 2.22527828754110E-01
 1.97807694898058E+03	 1.56448900654593E-01
 1.97807968688061E+03	 7.66178873187321E-02
 1.97808242478064E+03	-1.78320444936218E-03
 1.97808516268067E+03	-6.80003026838174E-02
 1.97808790058070E+03	-1.10863741537537E-01
 1.97809063848073E+03	-1.17673716660156E-01
 1.97809337638076E+03	-7.85862493852869E-02
 1.97809611428079E+03	 4.46704909505107E-03
 1.97809885218082E+03	 1.07710176912713E-01
 1.97810159008085E+03	 1.86852268044230E-01
 1.97810432798088E+03	 2.00397077230535E-01
 1.97810706588091E+03	 1.40362609420348E-01
 1.97810980378094E+03	 3.83946799430824E-02
 1.97811254168098E+03	-6.16290975533355E-02
 1.97811527958101E+03	-1.35147005871173E-01
 1.97811801748104E+03	-1.81909677721641E-01
 1.97812075538107E+03	-2.08600732708145E-01
 1.97812349328110E+03	-2.14835358187580E-01
 1.97812623118113E+03	-1.94756595866021E-01
 1.97812896908116E+03	-1.45839789836956E-01
 1.97813170698119E+03	-7.36672728982051E-02
 1.97813444488122E+03	 1.06503202627483E-02
 1.97813718278125E+03	 9.69837308266017E-02
 1.97813992068128E+03	 1.79010318848802E-01
 1.97814265858131E+03	 2.48538596169524E-01
 1.97814539648134E+03	 2.88814352539892E-01
 1.97814813438137E+03	 2.80156845524810E-01
 1.97815087228141E+03	 2.16675933378024E-01
 1.97815361018144E+03	 1.15708892464607E-01
 1.97815634808147E+03	 8.57583756737168E-03
 1.97815908598150E+03	-7.68142925194720E-02
 1.97816182388153E+03	-1.24955151495319E-01
 1.97816456178156E+03	-1.30561060716971E-01
 1.97816729968159E+03	-9.34348885034275E-02
 1.97817003758162E+03	-1.74494523198235E-02
 1.97817277548165E+03	 8.42619238221356E-02
 1.97817551338168E+03	 1.82672606942502E-01
 1.97817825128171E+03	 2.37456997201829E-01
 1.97818098918174E+03	 2.19463198985052E-01
 1.97818372708177E+03	 1.34256192723135E-01
 1.97818646498181E+03	 1.97777416548242E-02
 1.97818920288184E+03	-8.27883197821956E-02
 1.97819194078187E+03	-1.54491257946321E-01
 1.97819467868190E+03	-1.97235675776098E-01
 1.97819741658193E+03	-2.16358947863966E-01
 1.97820015448196E+03	-2.10834445208976E-01
 1.97820289238199E+03	-1.76881526395492E-01
 1.97820563028202E+03	-1.15046668030751E-01
 1.97820836818205E+03	-3.32984209216392E-02
 1.97821110608208E+03	 5.53482510762798E-02
 1.97821384398211E+03	 1.39508316472998E-01
 1.97821658188214E+03	 2.13579592989413E-01
 1.97821931978217E+03	 2.71731376080495E-01
 1.97822205768221E+03	 2.98349722334272E-01
 1.97822479558224E+03	 2.72349514261139E-01
 1.97822753348227E+03	 1.87079137976739E-01
 1.97823027138230E+03	 6.39203336780460E-02
 1.97823300928233E+03	-5.74045699921829E-02
 1.97823574718236E+03	-1.41349731650466E-01
 1.97823848508239E+03	-1.70478851072340E-01
 1.97824122298242E+03	-1.44809832029463E-01
 1.97824396088245E+03	-7.53184909503277E-02
 1.97824669878248E+03	 2.05815463608483E-02
 1.97824943668251E+03	 1.19851562585871E-01
 1.97825217458254E+03	 1.93795579752906E-01
 1.97825491248257E+03	 2.14317887636201E-01
 1.97825765038260E+03	 1.69330082387397E-01
 1.97826038828264E+03	 7.47910847833365E-02
 1.97826312618267E+03	-3.34424552434494E-02
 1.97826586408270E+03	-1.23567084829042E-01
 1.97826860198273E+03	-1.83365606369623E-01
 1.97827133988276E+03	-2.14865558079013E-01
 1.97827407778279E+03	-2.21285890898341E-01
 1.97827681568282E+03	-2.02268699451822E-01
 1.97827955358285E+03	-1.56984638709946E-01
 1.97828229148288E+03	-8.80551208759504E-02
 1.97828502938291E+03	-4.20060789656217E-03
 1.97828776728294E+03	 8.06647550976093E-02
 1.97829050518297E+03	 1.54654584028142E-01
 1.97829324308300E+03	 2.13947379344590E-01
 1.97829598098304E+03	 2.56205879447524E-01
 1.97829871888307E+03	 2.68300266475034E-01
 1.97830145678310E+03	 2.29769455223319E-01
 1.97830419468313E+03	 1.34633013340562E-01
 1.97830693258316E+03	 6.37506143071585E-03
 1.97830967048319E+03	-1.12607353794116E-01
 1.97831240838322E+03	-1.84992127071545E-01
 1.97831514628325E+03	-1.93720101830773E-01
 1.97831788418328E+03	-1.43368501340382E-01
 1.97832062208331E+03	-5.50918127567875E-02
 1.97832335998334E+03	 4.12395660899563E-02
 1.97832609788337E+03	 1.16591576442367E-01
 1.97832883578340E+03	 1.49994735237401E-01
 1.97833157368344E+03	 1.32194279534107E-01
 1.97833431158347E+03	 6.86431469040239E-02
 1.97833704948350E+03	-2.02982377835822E-02
 1.97833978738353E+03	-1.07955345070079E-01
 1.97834252528356E+03	-1.74821828084712E-01
 1.97834526318359E+03	-2.14255631504880E-01
 1.97834800108362E+03	-2.27201785504089E-01
 1.97835073898365E+03	-2.15734894577349E-01
 1.97835347688368E+03	-1.81590119190194E-01
 1.97835621478371E+03	-1.26615662842943E-01
 1.97835895268374E+03	-5.41230512767899E-02
 1.97836169058377E+03	 2.71985048665664E-02
 1.97836442848380E+03	 1.02619225530749E-01
 1.97836716638383E+03	 1.60044716473194E-01
 1.97836990428387E+03	 1.98053683182783E-01
 1.97837264218390E+03	 2.18736275415157E-01
 1.97837538008393E+03	 2.13590882780240E-01
 1.97837811798396E+03	 1.66084625951667E-01
 1.97838085588399E+03	 7.26034150621765E-02
 1.97838359378402E+03	-4.39825385880171E-02
 1.97838633168405E+03	-1.44511974820350E-01
 1.97838906958408E+03	-1.94804854980016E-01
 1.97839180748411E+03	-1.79954978505092E-01
 1.97839454538414E+03	-1.09158738422693E-01
 1.97839728328417E+03	-1.33579463343679E-02
 1.97840002118420E+03	 6.74384006141667E-02
 1.97840275908423E+03	 1.03846205674518E-01
 1.97840549698427E+03	 8.91167064318306E-02
 1.97840823488430E+03	 3.51964231503761E-02
 1.97841097278433E+03	-3.86942216508912E-02
 1.97841371068436E+03	-1.14014628380130E-01
 1.97841644858439E+03	-1.76381384082706E-01
 1.97841918648442E+03	-2.17128914397683E-01
 1.97842192438445E+03	-2.32714631307717E-01
 1.97842466228448E+03	-2.23001013171857E-01
 1.97842740018451E+03	-1.90732494327598E-01
 1.97843013808454E+03	-1.40560806761286E-01
 1.97843287598457E+03	-7.62412124223494E-02
 1.97843561388460E+03	-1.14684422624680E-03
 1.97843835178463E+03	 7.57293102579039E-02
 1.97844108968467E+03	 1.38465892870322E-01
 1.97844382758470E+03	 1.74830493279028E-01
 1.97844656548473E+03	 1.85913269950631E-01
 1.97844930338476E+03	 1.78971196730434E-01
 1.97845204128479E+03	 1.52770021489294E-01
 1.97845477918482E+03	 9.82920057036941E-02
 1.97845751708485E+03	 1.55291475914023E-02
 1.97846025498488E+03	-7.59896318967042E-02
 1.97846299288491E+03	-1.44833924641670E-01
 1.97846573078494E+03	-1.63325607338374E-01
 1.97846846868497E+03	-1.20618396555835E-01
 1.97847120658500E+03	-3.17631062946639E-02
 1.97847394448503E+03	 6.30308421012636E-02
 1.97847668238507E+03	 1.17651682688481E-01
 1.97847942028510E+03	 1.08508895380176E-01
 1.97848215818513E+03	 4.65396213343183E-02
 1.97848489608516E+03	-3.76151737331870E-02
 1.97848763398519E+03	-1.17110122912776E-01
 1.97849037188522E+03	-1.79117413969607E-01
 1.97849310978525E+03	-2.20056351566906E-01
 1.97849584768528E+03	-2.37974448711737E-01
 1.97849858558531E+03	-2.30467767908541E-01
 1.97850132348534E+03	-1.97648982498735E-01
 1.97850406138537E+03	-1.44695725797668E-01
 1.97850679928540E+03	-7.92247601513396E-02
 1.97850953718543E+03	-6.26562046422369E-03
 1.97851227508546E+03	 7.05332775313008E-02
 1.97851501298550E+03	 1.41321046485754E-01
 1.97851775088553E+03	 1.89051833489187E-01
 1.97852048878556E+03	 2.01506336803157E-01
 1.97852322668559E+03	 1.81987648314131E-01
 1.97852596458562E+03	 1.43376678282434E-01
 1.97852870248565E+03	 9.39381169950121E-02
 1.97853144038568E+03	 3.45994141921986E-02
 1.97853417828571E+03	-3.08490256316994E-02
 1.97853691618574E+03	-8.82873284118523E-02
 1.97853965408577E+03	-1.16522817511429E-01
 1.97854239198580E+03	-9.66713068255371E-02
 1.97854512988583E+03	-2.44678855533558E-02
 1.97854786778586E+03	 7.76794510519387E-02
 1.97855060568590E+03	 1.62564383614617E-01
 1.97855334358593E+03	 1.84117188998446E-01
 1.97855608148596E+03	 1.29956538774647E-01
 1.97855881938599E+03	 2.81942278780125E-02
 1.97856155728602E+03	-7.81438532183432E-02
 1.97856429518605E+03	-1.60849270020295E-01
 1.97856703308608E+03	-2.13550985504803E-01
 1.97856977098611E+03	-2.39271493077373E-01
 1.97857250888614E+03	-2.38871480030022E-01
 1.97857524678617E+03	-2.10921730857122E-01
 1.97857798468620E+03	-1.57689342603203E-01
 1.97858072258623E+03	-8.75135381831737E-02
 1.97858346048626E+03	-1.02348048293523E-02
 1.97858619838630E+03	 6.82101710719278E-02
 1.97858893628633E+03	 1.43543313721071E-01
 1.97859167418636E+03	 2.05267176159785E-01
 1.97859441208639E+03	 2.36090928768813E-01
 1.97859714998642E+03	 2.24033352005674E-01
 1.97859988788645E+03	 1.74013569729336E-01
 1.97860262578648E+03	 1.04457180763786E-01
 1.97860536368651E+03	 3.38696693189040E-02
 1.97860810158654E+03	-2.66554458062781E-02
 1.97861083948657E+03	-7.04045943969626E-02
 1.97861357738660E+03	-8.96619611221874E-02
 1.97861631528663E+03	-7.43490926412307E-02
 1.97861905318666E+03	-1.62977553874897E-02
 1.97862179108669E+03	 7.96091543567964E-02
 1.97862452898673E+03	 1.83796420059667E-01
 1.97862726688676E+03	 2.47481440495382E-01
 1.97863000478679E+03	 2.32288800923423E-01
 1.97863274268682E+03	 1.40248938652069E-01
 1.97863548058685E+03	 1.20623346256043E-02
 1.97863821848688E+03	-1.05249034629965E-01
 1.97864095638691E+03	-1.87058282862707E-01
 1.97864369428694E+03	-2.32008259578874E-01
 1.97864643218697E+03	-2.45584847632902E-01
 1.97864917008700E+03	-2.29684781866651E-01
 1.97865190798703E+03	-1.85006819144197E-01
 1.97865464588706E+03	-1.16908598465303E-01
 1.97865738378709E+03	-3.59549747487641E-02
 1.97866012168713E+03	 4.70300686743873E-02
 1.97866285958716E+03	 1.25349450088478E-01
 1.97866559748719E+03	 1.94153375412148E-01
 1.97866833538722E+03	 2.43417063596628E-01
 1.97867107328725E+03	 2.56899379416362E-01
 1.97867381118728E+03	 2.23011582493999E-01
 1.97867654908731E+03	 1.47567404431264E-01
 1.97867928698734E+03	 5.36558881333101E-02
 1.97868202488737E+03	-3.13606719944231E-02
 1.97868476278740E+03	-8.82372861865209E-02
 1.97868750068743E+03	-1.08657556628368E-01
 1.97869023858746E+03	-9.11452213656068E-02
 1.97869297648749E+03	-3.67126558394405E-02
 1.97869571438753E+03	 5.04439435918243E-02
 1.97869845228756E+03	 1.55159362782001E-01
 1.97870119018759E+03	 2.44207905854262E-01
 1.97870392808762E+03	 2.75485796877801E-01
 1.97870666598765E+03	 2.25333043091568E-01
 1.97870940388768E+03	 1.09622198641168E-01
 1.97871214178771E+03	-2.62622963601311E-02
 1.97871487968774E+03	-1.39773099957058E-01
 1.97871761758777E+03	-2.12802592279030E-01
 1.97872035548780E+03	-2.46841308064768E-01
 1.97872309338783E+03	-2.47472906358229E-01
 1.97872583128786E+03	-2.17802169105512E-01
 1.97872856918789E+03	-1.61458300322996E-01
 1.97873130708792E+03	-8.58477168655558E-02
 1.97873404498796E+03	-1.65546895264302E-03
 1.97873678288799E+03	 8.02816010937441E-02
 1.97873952078802E+03	 1.52379278151163E-01
 1.97874225868805E+03	 2.09736190868948E-01
 1.97874499658808E+03	 2.44316292771308E-01
 1.97874773448811E+03	 2.42147027409746E-01
 1.97875047238814E+03	 1.92256033686370E-01
 1.97875321028817E+03	 1.00765279095065E-01
 1.97875594818820E+03	-6.35608131094722E-03
 1.97875868608823E+03	-9.62140556887586E-02
 1.97876142398826E+03	-1.44708160281965E-01
 1.97876416188829E+03	-1.42918032926979E-01
 1.97876689978832E+03	-9.46835587522977E-02
 1.97876963768836E+03	-1.19013392014397E-02
 1.97877237558839E+03	 8.79773160306051E-02
 1.97877511348842E+03	 1.81067217618643E-01
 1.97877785138845E+03	 2.37221064848131E-01
 1.97878058928848E+03	 2.29719819551039E-01
 1.97878332718851E+03	 1.53294151348054E-01
 1.97878606508854E+03	 3.29077637507681E-02
 1.97878880298857E+03	-9.04621891995988E-02
 1.97879154088860E+03	-1.85007691511736E-01
 1.97879427878863E+03	-2.39741529156054E-01
 1.97879701668866E+03	-2.57147446687405E-01
 1.97879975458869E+03	-2.42509243488141E-01
 1.97880249248872E+03	-2.00953870333681E-01
 1.97880523038876E+03	-1.38412692069211E-01
 1.97880796828879E+03	-6.19557604877181E-02
 1.97881070618882E+03	 1.93821288594957E-02
 1.97881344408885E+03	 9.47399981525000E-02
 1.97881618198888E+03	 1.55379292615593E-01
 1.97881891988891E+03	 1.97251272411342E-01
 1.97882165778893E+03	 2.15822929567759E-01
 1.97882439568897E+03	 2.00559828394711E-01
 1.97882713358900E+03	 1.41821811460833E-01
 1.97882987148903E+03	 4.57558080307920E-02
 1.97883260938906E+03	-6.13247083516451E-02
 1.97883534728909E+03	-1.45346337516119E-01
 1.97883808518912E+03	-1.80696901455161E-01
 1.97884082308916E+03	-1.58363967098190E-01
 1.97884356098919E+03	-8.67882966350322E-02
 1.97884629888922E+03	 1.11076154322278E-02
 1.97884903678925E+03	 1.05064625048376E-01
 1.97885177468928E+03	 1.66857525351390E-01
 1.97885451258931E+03	 1.77392879786469E-01
 1.97885725048934E+03	 1.31410144344435E-01
 1.97885998838937E+03	 4.09939770757690E-02
 1.97886272628940E+03	-6.69569285431447E-02
 1.97886546418943E+03	-1.62915529533838E-01
 1.97886820208946E+03	-2.28022850567837E-01
 1.97887093998949E+03	-2.57002273605077E-01
 1.97887367788952E+03	-2.52488682638418E-01
 1.97887641578955E+03	-2.20494527793868E-01
 1.97887915368959E+03	-1.68660945999426E-01
 1.97888189158962E+03	-1.03594830882749E-01
 1.97888462948965E+03	-3.00634550450123E-02
 1.97888736738968E+03	 4.47383512551900E-02
 1.97889010528971E+03	 1.09080276250852E-01
 1.97889284318974E+03	 1.53191084474215E-01
 1.97889558108977E+03	 1.75187510989361E-01
 1.97889831898980E+03	 1.75517147021758E-01
 1.97890105688983E+03	 1.48535934412124E-01
 1.97890379478986E+03	 8.73424610728551E-02
 1.97890653268989E+03	-1.97878695822075E-03
 1.97890927058992E+03	-9.56446137574212E-02
 1.97891200848995E+03	-1.62601137322723E-01
 1.97891474638999E+03	-1.78421905285886E-01
 1.97891748429002E+03	-1.34731608325840E-01
 1.97892022219005E+03	-4.51134682089575E-02
 1.97892296009008E+03	 5.60270837838526E-02
 1.97892569799011E+03	 1.27904637820927E-01
 1.97892843589014E+03	 1.44197297782399E-01
 1.97893117379017E+03	 1.03466152583371E-01
 1.97893391169020E+03	 2.33906237817997E-02
 1.97893664959023E+03	-7.14085463944613E-02
 1.97893938749026E+03	-1.58464978428344E-01
 1.97894212539029E+03	-2.22126797178526E-01
 1.97894486329032E+03	-2.54581250228868E-01
 1.97894760119035E+03	-2.54209672345123E-01
 1.97895033909039E+03	-2.24464632242312E-01
 1.97895307699042E+03	-1.73790163717235E-01
 1.97895581489045E+03	-1.12242472284238E-01
 1.97895855279048E+03	-4.56372912578086E-02
 1.97896129069051E+03	 2.38528786620885E-02
 1.97896402859054E+03	 8.96102661045822E-02
 1.97896676649057E+03	 1.38336293359384E-01
 1.97896950439060E+03	 1.60179038562168E-01
 1.97897224229063E+03	 1.56941431477869E-01
 1.97897498019066E+03	 1.35394713643282E-01
 1.97897771809069E+03	 9.64758126801190E-02
 1.97898045599072E+03	 3.76840600008748E-02
 1.97898319389075E+03	-3.51479201226436E-02
 1.97898593179078E+03	-1.03358798540960E-01
 1.97898866969082E+03	-1.42055924543570E-01
 1.97899140759085E+03	-1.30180608300156E-01
 1.97899414549088E+03	-6.18542675536252E-02
 1.97899688339091E+03	 4.23206096336295E-02
 1.97899962129094E+03	 1.36773250892629E-01
 1.97900235919097E+03	 1.74797298151848E-01
 1.97900509709100E+03	 1.38632147168324E-01
 1.97900783499103E+03	 4.76230797841514E-02
 1.97901057289106E+03	-6.09352645958047E-02
 1.97901331079109E+03	-1.56251094751162E-01
 1.97901604869112E+03	-2.23464266081960E-01
 1.97901878659115E+03	-2.58544675734593E-01
 1.97902152449118E+03	-2.60792658172521E-01
 1.97902426239122E+03	-2.31241218145090E-01
 1.97902700029125E+03	-1.76035774978620E-01
 1.97902973819128E+03	-1.07302346537659E-01
 1.97903247609131E+03	-3.67082607338991E-02
 1.97903521399134E+03	 3.13729849624433E-02
 1.97903795189137E+03	 9.61676034281417E-02
 1.97904068979140E+03	 1.50155788126163E-01
 1.97904342769143E+03	 1.78755371860185E-01
 1.97904616559146E+03	 1.73509413045380E-01
 1.97904890349149E+03	 1.40955803403616E-01
 1.97905164139152E+03	 9.49120659177839E-02
 1.97905437929155E+03	 4.41344927802968E-02
 1.97905711719158E+03	-8.43132946056599E-03
 1.97905985509162E+03	-5.76620770398293E-02
 1.97906259299165E+03	-9.16710013514551E-02
 1.97906533089168E+03	-9.35091612798052E-02
 1.97906806879171E+03	-4.76749798134062E-02
 1.97907080669174E+03	 4.62068717445949E-02
 1.97907354459177E+03	 1.58862803832086E-01
 1.97907628249180E+03	 2.36540991087850E-01
 1.97907902039183E+03	 2.33640318497088E-01
 1.97908175829186E+03	 1.46323859342487E-01
 1.97908449619189E+03	 1.31637150494097E-02
 1.97908723409192E+03	-1.16128334922937E-01
 1.97908997199195E+03	-2.10625228156387E-01
 1.97909270989198E+03	-2.62900881352409E-01
 1.97909544779201E+03	-2.75983546997941E-01
 1.97909818569205E+03	-2.53025416803839E-01
 1.97910092359208E+03	-1.98255187872070E-01
 1.97910366149211E+03	-1.22075412187246E-01
 1.97910639939214E+03	-3.97954194219372E-02
 1.97910913729217E+03	 3.68650104836374E-02
 1.97911187519220E+03	 1.04861436323200E-01
 1.97911461309223E+03	 1.63210529096095E-01
 1.97911735099226E+03	 2.02932055913332E-01
 1.97912008889229E+03	 2.09357920480373E-01
 1.97912282679232E+03	 1.76518829063789E-01
 1.97912556469235E+03	 1.15541424245842E-01
 1.97912830259238E+03	 4.68085972725466E-02
 1.97913104049241E+03	-1.31948434969432E-02
 1.97913377839245E+03	-5.62941400375398E-02
 1.97913651629248E+03	-7.85888393213393E-02
 1.97913925419251E+03	-7.52804148094375E-02
 1.97914199209254E+03	-3.80964535707110E-02
 1.97914472999257E+03	 4.04532887009738E-02
 1.97914746789260E+03	 1.52384354901767E-01
 1.97915020579263E+03	 2.60772395657931E-01
 1.97915294369266E+03	 3.10599916490683E-01
 1.97915568159269E+03	 2.65672583916262E-01
 1.97915841949272E+03	 1.38234592005299E-01
 1.97916115739275E+03	-2.03750067116929E-02
 1.97916389529278E+03	-1.57511312367603E-01
 1.97916663319281E+03	-2.46836722504310E-01
 1.97916937109285E+03	-2.86337136135726E-01
 1.97917210899288E+03	-2.82056120684796E-01
 1.97917484689291E+03	-2.39722468064343E-01
 1.97917758479294E+03	-1.67648608022993E-01
 1.97918032269297E+03	-7.99561840314115E-02
 1.97918306059300E+03	 7.46487595333366E-03
 1.97918579849303E+03	 8.45801587372132E-02
 1.97918853639306E+03	 1.48965773586314E-01
 1.97919127429309E+03	 1.98338577530820E-01
 1.97919401219312E+03	 2.22922824450247E-01
 1.97919675009315E+03	 2.09417371271692E-01
 1.97919948799318E+03	 1.54473278588299E-01
 1.97920222589321E+03	 7.24115254884697E-02
 1.97920496379325E+03	-1.16561277302861E-02
 1.97920770169328E+03	-7.52973189265705E-02
 1.97921043959331E+03	-1.06478963355488E-01
 1.97921317749334E+03	-1.02620683481608E-01
 1.97921591539337E+03	-6.51537560703586E-02
 1.97921865329340E+03	 5.10003300875129E-03
 1.97922139119343E+03	 1.05147784674881E-01
 1.97922412909346E+03	 2.17735376944713E-01
 1.97922686699349E+03	 3.03453226126173E-01
 1.97922960489352E+03	 3.15964470544622E-01
 1.97923234279355E+03	 2.35501067887106E-01
 1.97923508069358E+03	 8.79797023790919E-02
 1.97923781859361E+03	-7.25074140853473E-02
 1.97924055649364E+03	-1.99767244575201E-01
 1.97924329439368E+03	-2.74826143081723E-01
 1.97924603229371E+03	-2.98796055890340E-01
 1.97924877019374E+03	-2.78718364840725E-01
 1.97925150809377E+03	-2.23055526838896E-01
 1.97925424599380E+03	-1.43786948827455E-01
 1.97925698389383E+03	-5.57723147449753E-02
 1.97925972179386E+03	 2.78440886873107E-02
 1.97926245969389E+03	 9.94125518680843E-02
 1.97926519759392E+03	 1.55936928087995E-01
 1.97926793549395E+03	 1.93712054500500E-01
 1.97927067339398E+03	 2.03788631500761E-01
 1.97927341129401E+03	 1.75546714985678E-01
 1.97927614919404E+03	 1.07778513066898E-01
 1.97927888709408E+03	 1.60578430496338E-02
 1.97928162499411E+03	-7.25559588289007E-02
 1.97928436289414E+03	-1.32696591757188E-01
 1.97928710079417E+03	-1.50211427378461E-01
 1.97928983869420E+03	-1.23264038567285E-01
 1.97929257659423E+03	-5.83569352424985E-02
 1.97929531449426E+03	 3.36484803276228E-02
 1.97929805239429E+03	 1.37337945127621E-01
 1.97930079029432E+03	 2.28264674914865E-01
 1.97930352819435E+03	 2.73032241482094E-01
 1.97930626609438E+03	 2.43902176665332E-01
 1.97930900399441E+03	 1.40604292718136E-01
 1.97931174189444E+03	-3.77863883434632E-03
 1.97931447979448E+03	-1.42764527086233E-01
 1.97931721769451E+03	-2.43006693380723E-01
 1.97931995559454E+03	-2.93283582159834E-01
 1.97932269349457E+03	-2.96276841220524E-01
 1.97932543139460E+03	-2.60066474897829E-01
 1.97932816929463E+03	-1.96192452884776E-01
 1.97933090719466E+03	-1.18142525199994E-01
 1.97933364509469E+03	-3.77311390810258E-02
 1.97933638299472E+03	 3.64739271762362E-02
 1.97933912089475E+03	 9.81141903179881E-02
 1.97934185879478E+03	 1.42445998140645E-01
 1.97934459669481E+03	 1.65390581408082E-01
 1.97934733459484E+03	 1.61053945257627E-01
 1.97935007249487E+03	 1.22781225761478E-01
 1.97935281039491E+03	 5.12091959670044E-02
 1.97935554829494E+03	-3.85582023101403E-02
 1.97935828619497E+03	-1.20592729978725E-01
 1.97936102409500E+03	-1.69854014194062E-01
 1.97936376199503E+03	-1.71359070945840E-01
 1.97936649989506E+03	-1.23190355245585E-01
 1.97936923779509E+03	-3.67233043640397E-02
 1.97937197569512E+03	 6.52743780861091E-02
 1.97937471359515E+03	 1.54298476493949E-01
 1.97937745149518E+03	 2.03576571217093E-01
 1.97938018939521E+03	 1.94903204147461E-01
 1.97938292729524E+03	 1.25562968517205E-01
 1.97938566519527E+03	 1.29354653776469E-02
 1.97938840309531E+03	-1.10700004511398E-01
 1.97939114099534E+03	-2.13352988910349E-01
 1.97939387889537E+03	-2.76054566493854E-01
 1.97939661679540E+03	-2.93859403126639E-01
 1.97939935469543E+03	-2.70881217230104E-01
 1.97940209259546E+03	-2.17664983712735E-01
 1.97940483049549E+03	-1.48567278775836E-01
 1.97940756839552E+03	-7.56702376837925E-02
 1.97941030629555E+03	-5.36793587732496E-03
 1.97941304419558E+03	 5.75763598068098E-02
 1.97941578209561E+03	 1.05943047388399E-01
 1.97941851999564E+03	 1.33042182611180E-01
 1.97942125789567E+03	 1.36565564074230E-01
 1.97942399579571E+03	 1.16056792989772E-01
 1.97942673369574E+03	 7.01372985375328E-02
 1.97942947159577E+03	 1.46301776206491E-03
 1.97943220949580E+03	-7.66529631798756E-02
 1.97943494739583E+03	-1.42236912256966E-01
 1.97943768529586E+03	-1.73154659799227E-01
 1.97944042319589E+03	-1.54268301803559E-01
 1.97944316109592E+03	-8.35400482441235E-02
 1.97944589899595E+03	 2.12459057272364E-02
 1.97944863689598E+03	 1.23380022684058E-01
 1.97945137479601E+03	 1.82897703535584E-01
 1.97945411269604E+03	 1.77356318900009E-01
 1.97945685059607E+03	 1.10652804854327E-01
 1.97945958849610E+03	 6.02666381787809E-03
 1.97946232639614E+03	-1.07033569674852E-01
 1.97946506429617E+03	-2.03188376997011E-01
 1.97946780219620E+03	-2.66245560364349E-01
 1.97947054009623E+03	-2.88972309615947E-01
 1.97947327799626E+03	-2.71103168677354E-01
 1.97947601589629E+03	-2.19768453809432E-01
 1.97947875379632E+03	-1.49715262878511E-01
 1.97948149169635E+03	-7.69621983382938E-02
 1.97948422959638E+03	-9.78977295614273E-03
 1.97948696749641E+03	 5.08106563000051E-02
 1.97948970539644E+03	 1.01409998603848E-01
 1.97949244329647E+03	 1.32454773654109E-01
 1.97949518119650E+03	 1.36678353685689E-01
 1.97949791909654E+03	 1.16092594200560E-01
 1.97950065699657E+03	 7.74525473352940E-02
 1.97950339489660E+03	 2.55483757034395E-02
 1.97950613279663E+03	-3.48044687188158E-02
 1.97950887069666E+03	-9.32800156650498E-02
 1.97951160859669E+03	-1.33999018194256E-01
 1.97951434649672E+03	-1.39226144302609E-01
 1.97951708439675E+03	-9.43449968805658E-02
 1.97951982229678E+03	 1.18977666165336E-03
 1.97952256019681E+03	 1.20580797420592E-01
 1.97952529809684E+03	 2.13028152252548E-01
 1.97952803599687E+03	 2.32067467274388E-01
 1.97953077389690E+03	 1.66601960918245E-01
 1.97953351179694E+03	 4.51285664018525E-02
 1.97953624969697E+03	-8.77791815297211E-02
 1.97953898759700E+03	-1.97500698599460E-01
 1.97954172549703E+03	-2.68116886132319E-01
 1.97954446339706E+03	-2.95948185579276E-01
 1.97954720129709E+03	-2.81525920441125E-01
 1.97954993919712E+03	-2.29188532019056E-01
 1.97955267709715E+03	-1.51514299086198E-01
 1.97955541499718E+03	-6.79712004963146E-02
 1.97955815289721E+03	 5.89416911077381E-03
 1.97956089079724E+03	 6.67820435743901E-02
 1.97956362869727E+03	 1.17254859842220E-01
 1.97956636659730E+03	 1.52908711733250E-01
 1.97956910449734E+03	 1.62213171639639E-01
 1.97957184239737E+03	 1.39705354847022E-01
 1.97957458029740E+03	 9.34775601579556E-02
 1.97957731819743E+03	 3.78519005499834E-02
 1.97958005609746E+03	-1.63941343335236E-02
 1.97958279399749E+03	-6.28259722723447E-02
 1.97958553189752E+03	-9.52424019845472E-02
 1.97958826979755E+03	-1.04911780713719E-01
 1.97959100769758E+03	-7.91089308488385E-02
 1.97959374559761E+03	-5.25889988524037E-03
 1.97959648349764E+03	 1.12657048452993E-01
 1.97959922139767E+03	 2.37345386454947E-01
 1.97960195929770E+03	 3.07946699782958E-01
 1.97960469719773E+03	 2.79747953774105E-01
 1.97960743509777E+03	 1.58366536915476E-01
 1.97961017299780E+03	-6.16808286373169E-03
 1.97961291089783E+03	-1.56840803050159E-01
 1.97961564879786E+03	-2.60393753252834E-01
 1.97961838669789E+03	-3.09531258661142E-01
 1.97962112459792E+03	-3.08177168027663E-01
 1.97962386249795E+03	-2.61996426732546E-01
 1.97962660039798E+03	-1.81194594611171E-01
 1.97962933829801E+03	-8.49207031159744E-02
 1.97963207619804E+03	 4.62434775076301E-03
 1.97963481409807E+03	 7.50475962719772E-02
 1.97963755199810E+03	 1.27696214016107E-01
 1.97964028989813E+03	 1.66104951012993E-01
 1.97964302779817E+03	 1.83934538800835E-01
 1.97964576569820E+03	 1.69525492374490E-01
 1.97964850359823E+03	 1.21261701247634E-01
 1.97965124149826E+03	 5.33860413341570E-02
 1.97965397939829E+03	-1.35424855228535E-02
 1.97965671729832E+03	-6.42303248550896E-02
 1.97965945519835E+03	-9.18392015279640E-02
 1.97966219309838E+03	-9.48549310604361E-02
 1.97966493099841E+03	-7.14101917281288E-02
 1.97966766889844E+03	-1.41696356561683E-02
 1.97967040679847E+03	 8.46805675800846E-02
 1.97967314469850E+03	 2.13680536636293E-01
 1.97967588259853E+03	 3.27155162018302E-01
 1.97967862049857E+03	 3.63069347556263E-01
 1.97968135839860E+03	 2.87922468804891E-01
 1.97968409629863E+03	 1.25357015067628E-01
 1.97968683419866E+03	-6.16155761181481E-02
 1.97968957209869E+03	-2.14492382630998E-01
 1.97969230999872E+03	-3.06122127085111E-01
 1.97969504789875E+03	-3.35308838331411E-01
 1.97969778579878E+03	-3.09696712002517E-01
 1.97970052369881E+03	-2.39400492140076E-01
 1.97970326159884E+03	-1.41133767001493E-01
 1.97970599949887E+03	-3.85483038503235E-02
 1.97970873739890E+03	 4.76282948214423E-02
 1.97971147529893E+03	 1.10062927118400E-01
 1.97971421319896E+03	 1.52751972857972E-01
 1.97971695109900E+03	 1.77781671566041E-01
 1.97971968899903E+03	 1.77345674969466E-01
 1.97972242689906E+03	 1.41837610556947E-01
 1.97972516479909E+03	 7.42321170014825E-02
 1.97972790269912E+03	-6.63942317945882E-03
 1.97973064059915E+03	-7.65373902265451E-02
 1.97973337849918E+03	-1.17962975633150E-01
 1.97973611639921E+03	-1.24821854210292E-01
 1.97973885429924E+03	-9.95962941905548E-02
 1.97974159219927E+03	-4.59815475541906E-02
 1.97974433009930E+03	 3.69653530749331E-02
 1.97974706799933E+03	 1.48792613288083E-01
 1.97974980589936E+03	 2.69635319760664E-01
 1.97975254379940E+03	 3.52167000941010E-01
 1.97975528169943E+03	 3.44923936543733E-01
 1.97975801959946E+03	 2.32764069907851E-01
 1.97976075749949E+03	 5.31524407571648E-02
 1.97976349539952E+03	-1.29937305917109E-01
 1.97976623329955E+03	-2.66489323347588E-01
 1.97976897119958E+03	-3.37619187104769E-01
 1.97977170909961E+03	-3.45511977371601E-01
 1.97977444699964E+03	-2.99783471830480E-01
 1.97977718489967E+03	-2.15118000905056E-01
 1.97977992279970E+03	-1.12981107742137E-01
 1.97978266069973E+03	-1.65428118788466E-02
 1.97978539859976E+03	 5.91758513237884E-02
 1.97978813649980E+03	 1.11559156995138E-01
 1.97979087439983E+03	 1.44081360624742E-01
 1.97979361229986E+03	 1.55984190868623E-01
 1.97979635019989E+03	 1.39578768768571E-01
 1.97979908809992E+03	 8.90491822167424E-02
 1.97980182599995E+03	 1.14760861992824E-02
 1.97980456389998E+03	-7.21412104537343E-02
 1.97980730180001E+03	-1.36927693820208E-01
 1.97981003970004E+03	-1.65557313678716E-01
 1.97981277760007E+03	-1.52926084139547E-01
 1.97981551550010E+03	-1.03580903110100E-01
 1.97981825340013E+03	-2.56116002276295E-02
 1.97982099130016E+03	 7.31807991349818E-02
 1.97982372920019E+03	 1.80810729422988E-01
 1.97982646710023E+03	 2.71380525320362E-01
 1.97982920500026E+03	 3.06018395094625E-01
 1.97983194290029E+03	 2.54690819800818E-01
 1.97983468080032E+03	 1.22644030199572E-01
 1.97983741870035E+03	-4.74389722318993E-02
 1.97984015660038E+03	-2.02158512334152E-01
 1.97984289450041E+03	-3.05965958101081E-01
 1.97984563240044E+03	-3.47805943412934E-01
 1.97984837030047E+03	-3.31635720204068E-01
 1.97985110820050E+03	-2.69377869699738E-01
 1.97985384610053E+03	-1.79944177666259E-01
 1.97985658400056E+03	-8.55018278578478E-02
 1.97985932190059E+03	-3.30940019707269E-03
 1.97986205980063E+03	 5.90645843110878E-02
 1.97986479770066E+03	 1.01019376788415E-01
 1.97986753560069E+03	 1.22753134487306E-01
 1.97987027350072E+03	 1.21234665033960E-01
 1.97987301140075E+03	 9.13557083639148E-02
 1.97987574930078E+03	 3.22781641307466E-02
 1.97987848720081E+03	-4.59152351612960E-02
 1.97988122510084E+03	-1.22655015754289E-01
 1.97988396300087E+03	-1.75435353533843E-01
 1.97988670090090E+03	-1.88891382005708E-01
 1.97988943880093E+03	-1.58055557904258E-01
 1.97989217670096E+03	-8.74754744901991E-02
 1.97989491460099E+03	 9.87472231541269E-03
 1.97989765250103E+03	 1.13762542255704E-01
 1.97990039040106E+03	 1.99041175113764E-01
 1.97990312830109E+03	 2.39522313440251E-01
 1.97990586620112E+03	 2.15431631765211E-01
 1.97990860410115E+03	 1.24701335047416E-01
 1.97991134200118E+03	-1.03737809971152E-02
 1.97991407990121E+03	-1.51316646948813E-01
 1.97991681780124E+03	-2.62250917159756E-01
 1.97991955570127E+03	-3.22858612708312E-01
 1.97992229360130E+03	-3.28287884481956E-01
 1.97992503150133E+03	-2.84856686817290E-01
 1.97992776940136E+03	-2.08542831297442E-01
 1.97993050730139E+03	-1.21132186045164E-01
 1.97993324520143E+03	-4.08084789721930E-02
 1.97993598310146E+03	 2.42471960475682E-02
 1.97993872100149E+03	 7.23910604459188E-02
 1.97994145890152E+03	 1.01704991776953E-01
 1.97994419680155E+03	 1.08649901333112E-01
 1.97994693470158E+03	 9.07264894855249E-02
 1.97994967260161E+03	 4.82189488269802E-02
 1.97995241050164E+03	-1.41308967227121E-02
 1.97995514840167E+03	-8.46370287383773E-02
 1.97995788630170E+03	-1.45724779451916E-01
 1.97996062420173E+03	-1.79863808992242E-01
 1.97996336210176E+03	-1.74478428128846E-01
 1.97996610000179E+03	-1.23420597934177E-01
 1.97996883790182E+03	-3.06583576324069E-02
 1.97997157580186E+03	 8.31373647641266E-02
 1.97997431370189E+03	 1.81699159903644E-01
 1.97997705160192E+03	 2.28271608060737E-01
 1.97997978950195E+03	 2.04393095990339E-01
 1.97998252740198E+03	 1.17350954639199E-01
 1.97998526530201E+03	-6.45968617505600E-03
 1.97998800320204E+03	-1.34356485641332E-01
 1.97999074110207E+03	-2.38497793915399E-01
 1.97999347900210E+03	-3.01193367900245E-01
 1.97999621690213E+03	-3.14479243605583E-01
 1.97999895480216E+03	-2.79093449484024E-01
 1.98000169270219E+03	-2.06530854937409E-01
 1.98000443060222E+03	-1.18512424312929E-01
 1.98000716850226E+03	-3.71480036441442E-02
 1.98000990640229E+03	 2.69729435916623E-02
 1.98001264430232E+03	 7.45587978642694E-02
 1.98001538220235E+03	 1.06423136720094E-01
 1.98001812010238E+03	 1.17547749614022E-01
 1.98002085800241E+03	 1.02995794108246E-01
 1.98002359590244E+03	 6.46502841772958E-02
 1.98002633380247E+03	 1.02183994569776E-02
 1.98002907170250E+03	-5.03208381345980E-02
 1.98003180960253E+03	-1.05459027317464E-01
 1.98003454750256E+03	-1.43020295186796E-01
 1.98003728540259E+03	-1.52154369959451E-01
 1.98004002330262E+03	-1.22884138633482E-01
 1.98004276120266E+03	-4.71759052434287E-02
 1.98004549910269E+03	 6.98089364044547E-02
 1.98004823700272E+03	 1.95861341509373E-01
 1.98005097490275E+03	 2.77878208482520E-01
 1.98005371280278E+03	 2.73194517181173E-01
 1.98005645070281E+03	 1.79181902726564E-01
 1.98005918860284E+03	 3.27068074409276E-02
 1.98006192650287E+03	-1.16908380552005E-01
 1.98006466440290E+03	-2.33991259047402E-01
 1.98006740230293E+03	-3.03106186582372E-01
 1.98007014020296E+03	-3.20736569240913E-01
 1.98007287810299E+03	-2.87882403585714E-01
 1.98007561600302E+03	-2.12298573832020E-01
 1.98007835390305E+03	-1.13768837516514E-01
 1.98008109180309E+03	-1.92568281903723E-02
 1.98008382970312E+03	 5.25121199469209E-02
 1.98008656760315E+03	 1.00099724837548E-01
 1.98008930550318E+03	 1.30196605451552E-01
 1.98009204340321E+03	 1.42702772315898E-01
 1.98009478130324E+03	 1.30090997025759E-01
 1.98009751920327E+03	 8.96950753804140E-02
 1.98010025710330E+03	 3.05588319644888E-02
 1.98010299500333E+03	-3.20846008729688E-02
 1.98010573290336E+03	-8.46167176078510E-02
 1.98010847080339E+03	-1.17816738210582E-01
 1.98011120870342E+03	-1.26607791038384E-01
 1.98011394660345E+03	-1.07027391852934E-01
 1.98011668450349E+03	-5.08725072214270E-02
 1.98011942240352E+03	 5.09733553942606E-02
 1.98012216030355E+03	 1.88778253697490E-01
 1.98012489820358E+03	 3.16932614452510E-01
 1.98012763610361E+03	 3.70060901960592E-01
 1.98013037400364E+03	 3.08703195905593E-01
 1.98013311190367E+03	 1.51200466063395E-01
 1.98013584980370E+03	-4.06227699913121E-02
 1.98013858770373E+03	-2.04767418661545E-01
 1.98014132560376E+03	-3.08849490792305E-01
 1.98014406350379E+03	-3.47823408616164E-01
 1.98014680140382E+03	-3.26977235103403E-01
 1.98014953930385E+03	-2.54527459188389E-01
 1.98015227720389E+03	-1.47331441792753E-01
 1.98015501510392E+03	-3.38087638600592E-02
 1.98015775300395E+03	 5.77902478719637E-02
 1.98016049090398E+03	 1.16028603394118E-01
 1.98016322880401E+03	 1.47614249368160E-01
 1.98016596670404E+03	 1.60963129947135E-01
 1.98016870460407E+03	 1.53120581971213E-01
 1.98017144250410E+03	 1.16210920921267E-01
 1.98017418040413E+03	 5.26612844903333E-02
 1.98017691830416E+03	-2.10773457790049E-02
 1.98017965620419E+03	-8.42995510460100E-02
 1.98018239410422E+03	-1.22317157907805E-01
 1.98018513200425E+03	-1.30039164125316E-01
 1.98018786990428E+03	-1.09665450869999E-01
 1.98019060780432E+03	-6.27405604014422E-02
 1.98019334570435E+03	 1.76402379771214E-02
 1.98019608360438E+03	 1.39055985632033E-01
 1.98019882150441E+03	 2.84282327170750E-01
 1.98020155940444E+03	 3.97352236864884E-01
 1.98020429730447E+03	 4.10923324574960E-01
 1.98020703520450E+03	 2.98390676278826E-01
 1.98020977310453E+03	 9.84026240875593E-02
 1.98021251100456E+03	-1.13598622603674E-01
 1.98021524890459E+03	-2.75220500875996E-01
 1.98021798680462E+03	-3.61372542847336E-01
 1.98022072470465E+03	-3.73647965538665E-01
 1.98022346260468E+03	-3.22105906911863E-01
 1.98022620050472E+03	-2.21979334259108E-01
 1.98022893840475E+03	-9.93253420305350E-02
 1.98023167630478E+03	 1.28905292024024E-02
 1.98023441420481E+03	 9.12686092591238E-02
 1.98023715210484E+03	 1.33665188302276E-01
 1.98023989000487E+03	 1.51328202786964E-01
 1.98024262790490E+03	 1.50334025054447E-01
 1.98024536580493E+03	 1.24861188048307E-01
 1.98024810370496E+03	 6.92048101658978E-02
 1.98025084160499E+03	-8.25354699017698E-03
 1.98025357950502E+03	-8.57673872584823E-02
 1.98025631740505E+03	-1.40528776352927E-01
 1.98025905530508E+03	-1.59467403026230E-01
 1.98026179320512E+03	-1.42304077077751E-01
 1.98026453110515E+03	-9.67979792364809E-02
 1.98026726900518E+03	-2.80051243830297E-02
 1.98027000690521E+03	 6.84301983582789E-02
 1.98027274480524E+03	 1.94517104177041E-01
 1.98027548270527E+03	 3.25232955432872E-01
 1.98027822060530E+03	 4.03018245717161E-01
 1.98028095850533E+03	 3.71971790951457E-01
 1.98028369640536E+03	 2.24733969767042E-01
 1.98028643430539E+03	 1.31104976569613E-02
 1.98028917220542E+03	-1.88562748999847E-01
 1.98029191010545E+03	-3.28020713024182E-01
 1.98029464800548E+03	-3.88590121824589E-01
 1.98029738590552E+03	-3.75045081423784E-01
 1.98030012380555E+03	-3.00618148407517E-01
 1.98030286170558E+03	-1.87469853519955E-01
 1.98030559960561E+03	-6.74859565233149E-02
 1.98030833750564E+03	 2.89207989370776E-02
 1.98031107540567E+03	 8.81260554706728E-02
 1.98031381330570E+03	 1.15624041983538E-01
 1.98031655120573E+03	 1.22142995000258E-01
 1.98031928910576E+03	 1.09233540099739E-01
 1.98032202700579E+03	 7.02204856591684E-02
 1.98032476490582E+03	 3.79780988546239E-03
 1.98032750280585E+03	-7.64892608814912E-02
 1.98033024070588E+03	-1.46862447958701E-01
 1.98033297860591E+03	-1.85947181817965E-01
 1.98033571650595E+03	-1.84171092355637E-01
 1.98033845440598E+03	-1.45024666736946E-01
 1.98034119230601E+03	-7.88882208403648E-02
 1.98034393020604E+03	 6.44906263887824E-03
 1.98034666810607E+03	 1.08865337446358E-01
 1.98034940600610E+03	 2.20547773674395E-01
 1.98035214390613E+03	 3.12173773997872E-01
 1.98035488180616E+03	 3.37141931132346E-01
 1.98035761970619E+03	 2.63094143538699E-01
 1.98036035760622E+03	 1.02620553727009E-01
 1.98036309550625E+03	-9.04221363965735E-02
 1.98036583340628E+03	-2.55636366648512E-01
 1.98036857130631E+03	-3.56390953991532E-01
 1.98037130920635E+03	-3.83249496407418E-01
 1.98037404710638E+03	-3.42738431924768E-01
 1.98037678500641E+03	-2.51957755809644E-01
 1.98037952290644E+03	-1.38762076034633E-01
 1.98038226080647E+03	-3.48363469282253E-02
 1.98038499870650E+03	 3.85879879703664E-02
 1.98038773660653E+03	 7.85070039817348E-02
 1.98039047450656E+03	 9.32363905514972E-02
 1.98039321240659E+03	 8.89391251697011E-02
 1.98039595030662E+03	 6.36156257808821E-02
 1.98039868820665E+03	 1.33099456453465E-02
 1.98040142610668E+03	-5.73078289412906E-02
 1.98040416400671E+03	-1.31289051066539E-01
 1.98040690190675E+03	-1.86264790403092E-01
 1.98040963980678E+03	-2.05240870619320E-01
 1.98041237770681E+03	-1.82626003318757E-01
 1.98041511560684E+03	-1.23129415971274E-01
 1.98041785350687E+03	-3.71876197606971E-02
 1.98042059140690E+03	 6.26833917054740E-02
 1.98042332930693E+03	 1.61880937450933E-01
 1.98042606720696E+03	 2.40291849896799E-01
 1.98042880510699E+03	 2.71466365329937E-01
 1.98043154300702E+03	 2.32398263204457E-01
 1.98043428090705E+03	 1.21155262833584E-01
 1.98043701880708E+03	-3.44059602288938E-02
 1.98043975670711E+03	-1.88914992695213E-01
 1.98044249460714E+03	-3.02544919359381E-01
 1.98044523250718E+03	-3.54287858878054E-01
 1.98044797040721E+03	-3.40590154917310E-01
 1.98045070830724E+03	-2.71372698242832E-01
 1.98045344620727E+03	-1.69443153313454E-01
 1.98045618410730E+03	-6.53600200723205E-02
 1.98045892200733E+03	 1.59732964674911E-02
 1.98046165990736E+03	 6.57957131736599E-02
 1.98046439780739E+03	 8.84016397423179E-02
 1.98046713570742E+03	 8.97445471801092E-02
 1.98046987360745E+03	 7.07016290630664E-02
 1.98047261150748E+03	 2.95950817934386E-02
 1.98047534940751E+03	-3.11379204436252E-02
 1.98047808730754E+03	-1.00585274269161E-01
 1.98048082520758E+03	-1.60935093840927E-01
 1.98048356310761E+03	-1.94521271681456E-01
 1.98048630100764E+03	-1.90683020831756E-01
 1.98048903890767E+03	-1.46744012775376E-01
 1.98049177680770E+03	-6.55838784569024E-02
 1.98049451470773E+03	 4.28597538254120E-02
 1.98049725260776E+03	 1.56690372571054E-01
 1.98049999050779E+03	 2.43403705424316E-01
 1.98050272840782E+03	 2.72124353938755E-01
 1.98050546630785E+03	 2.28676886440270E-01
 1.98050820420788E+03	 1.22393692269430E-01
 1.98051094210791E+03	-1.84991213744841E-02
 1.98051368000794E+03	-1.58585421563545E-01
 1.98051641790798E+03	-2.67214997937158E-01
 1.98051915580801E+03	-3.24802243910936E-01
 1.98052189370804E+03	-3.23053685595700E-01
 1.98052463160807E+03	-2.65075188983439E-01
 1.98052736950810E+03	-1.68108927830359E-01
 1.98053010740813E+03	-6.14598063584685E-02
 1.98053284530816E+03	 2.65100732370037E-02
 1.98053558320819E+03	 8.28158828366015E-02
 1.98053832110822E+03	 1.10372322170773E-01
 1.98054105900825E+03	 1.15605636420741E-01
 1.98054379690828E+03	 9.94529288228021E-02
 1.98054653480831E+03	 6.03650064480031E-02
 1.98054927270834E+03	 1.62444855694924E-03
 1.98055201060837E+03	-6.61345847060438E-02
 1.98055474850841E+03	-1.27466140033655E-01
 1.98055748640844E+03	-1.66991962626210E-01
 1.98056022430847E+03	-1.74592745941656E-01
 1.98056296220850E+03	-1.46467011089062E-01
 1.98056570010853E+03	-8.05751755678957E-02
 1.98056843800856E+03	 2.41399314494261E-02
 1.98057117590859E+03	 1.56189028527336E-01
 1.98057391380862E+03	 2.79292852297328E-01
 1.98057665170865E+03	 3.41913803866814E-01
 1.98057938960868E+03	 3.09036303289825E-01
 1.98058212750871E+03	 1.87569430983113E-01
 1.98058486540874E+03	 2.08570691474609E-02
 1.98058760330877E+03	-1.39883055408533E-01
 1.98059034120881E+03	-2.59620206385760E-01
 1.98059307910884E+03	-3.23304421477539E-01
 1.98059581700887E+03	-3.26954911209320E-01
 1.98059855490890E+03	-2.72613947641981E-01
 1.98060129280893E+03	-1.73113966413272E-01
 1.98060403070896E+03	-5.61846329934733E-02
 1.98060676860899E+03	 4.49650517308896E-02
 1.98060950650902E+03	 1.10243661418065E-01
 1.98061224440905E+03	 1.40726027680914E-01
 1.98061498230908E+03	 1.46975071099425E-01
 1.98061772020911E+03	 1.33121752196433E-01
 1.98062045810914E+03	 9.58435052809057E-02
 1.98062319600917E+03	 3.56008455310230E-02
 1.98062593390921E+03	-3.65669092778810E-02
 1.98062867180924E+03	-1.02983021062181E-01
 1.98063140970927E+03	-1.47131877527523E-01
 1.98063414760930E+03	-1.59477388324133E-01
 1.98063688550933E+03	-1.39020907295105E-01
 1.98063962340936E+03	-8.75603680547816E-02
 1.98064236130939E+03	-1.17644410913898E-03
 1.98064509920942E+03	 1.25018072479641E-01
 1.98064783710945E+03	 2.74334644051460E-01
 1.98065057500948E+03	 3.94288513529191E-01
 1.98065331290951E+03	 4.19956032055126E-01
 1.98065605080954E+03	 3.22323728897554E-01
 1.98065878870957E+03	 1.33846636520917E-01
 1.98066152660961E+03	-7.49371883378550E-02
 1.98066426450964E+03	-2.41708292094935E-01
 1.98066700240967E+03	-3.37800490598788E-01
 1.98066974030970E+03	-3.60605793873487E-01
 1.98067247820973E+03	-3.16413921444035E-01
 1.98067521610976E+03	-2.17196765225817E-01
 1.98067795400979E+03	-8.82603203045894E-02
 1.98068069190982E+03	 3.32704567119816E-02
 1.98068342980985E+03	 1.16657596657311E-01
 1.98068616770988E+03	 1.55055758140695E-01
 1.98068890560991E+03	 1.61594692712713E-01
 1.98069164350994E+03	 1.48701621483105E-01
 1.98069438140997E+03	 1.15953620759630E-01
 1.98069711931000E+03	 5.87986185040846E-02
 1.98069985721004E+03	-1.67932847706944E-02
 1.98070259511007E+03	-9.22868753732900E-02
 1.98070533301010E+03	-1.46450115334013E-01
 1.98070807091013E+03	-1.65625128520370E-01
 1.98071080881016E+03	-1.48347193586213E-01
 1.98071354671019E+03	-1.02119463101749E-01
 1.98071628461022E+03	-3.16666387059681E-02
 1.98071902251025E+03	 6.99851577553752E-02
 1.98072176041028E+03	 2.08746612655202E-01
 1.98072449831031E+03	 3.59746723651417E-01
 1.98072723621034E+03	 4.58402691411639E-01
 1.98072997411037E+03	 4.38184715554629E-01
 1.98073271201040E+03	 2.85679093917301E-01
 1.98073544991044E+03	 5.60062912589784E-02
 1.98073818781047E+03	-1.66974460589164E-01
 1.98074092571050E+03	-3.22685350948951E-01
 1.98074366361053E+03	-3.91466299691062E-01
 1.98074640151056E+03	-3.78258087152017E-01
 1.98074913941059E+03	-2.95961251751338E-01
 1.98075187731062E+03	-1.66949863866752E-01
 1.98075461521065E+03	-2.81882590797012E-02
 1.98075735311068E+03	 8.01578073419148E-02
 1.98076009101071E+03	 1.37298036023395E-01
 1.98076282891074E+03	 1.50546497919098E-01
 1.98076556681077E+03	 1.39057184990332E-01
 1.98076830471080E+03	 1.11597240837923E-01
 1.98077104261084E+03	 6.35676755003029E-02
 1.98077378051087E+03	-7.16858427566734E-03
 1.98077651841090E+03	-8.78579728046296E-02
 1.98077925631093E+03	-1.55161886207044E-01
 1.98078199421096E+03	-1.88474754288813E-01
 1.98078473211099E+03	-1.79869107405685E-01
 1.98078747001102E+03	-1.35905089337967E-01
 1.98079020791105E+03	-6.97347713787357E-02
 1.98079294581108E+03	 1.35278535473988E-02
 1.98079568371111E+03	 1.22127879195807E-01
 1.98079842161114E+03	 2.58234368487566E-01
 1.98080115951117E+03	 3.88960168269657E-01
 1.98080389741120E+03	 4.48006463785905E-01
 1.98080663531123E+03	 3.81430897152513E-01
 1.98080937321127E+03	 1.96154163488301E-01
 1.98081211111130E+03	-4.02302489735891E-02
 1.98081484901133E+03	-2.46934804077918E-01
 1.98081758691136E+03	-3.74720519936206E-01
 1.98082032481139E+03	-4.12177419346579E-01
 1.98082306271142E+03	-3.67650975913352E-01
 1.98082580061145E+03	-2.59423728655193E-01
 1.98082853851148E+03	-1.19672919065602E-01
 1.98083127641151E+03	 8.47095239702361E-03
 1.98083401431154E+03	 9.08195576040794E-02
 1.98083675221157E+03	 1.20969855408686E-01
 1.98083949011160E+03	 1.16033562232025E-01
 1.98084222801163E+03	 9.35733813014041E-02
 1.98084496591167E+03	 5.59280673990567E-02
 1.98084770381170E+03	-2.72353471411980E-03
 1.98085044171173E+03	-7.90569564153598E-02
 1.98085317961176E+03	-1.54455988542255E-01
 1.98085591751179E+03	-2.04595517242278E-01
 1.98085865541182E+03	-2.13062672594457E-01
 1.98086139331185E+03	-1.78632038552836E-01
 1.98086413121188E+03	-1.13442418733718E-01
 1.98086686911191E+03	-3.25363204068974E-02
 1.98086960701194E+03	 5.87851736279978E-02
 1.98087234491197E+03	 1.64715975352132E-01
 1.98087508281200E+03	 2.78981945388110E-01
 1.98087782071203E+03	 3.65583360419209E-01
 1.98088055861207E+03	 3.70833827749246E-01
 1.98088329651210E+03	 2.65192823289758E-01
 1.98088603441213E+03	 7.39334915783252E-02
 1.98088877231216E+03	-1.36637678669708E-01
 1.98089151021219E+03	-3.01931024393587E-01
 1.98089424811222E+03	-3.87987093348853E-01
 1.98089698601225E+03	-3.89366957740474E-01
 1.98089972391228E+03	-3.16665272796589E-01
 1.98090246181231E+03	-1.94321220696154E-01
 1.98090519971234E+03	-6.14110950497307E-02
 1.98090793761237E+03	 4.12802509233158E-02
 1.98091067551240E+03	 9.29600187725395E-02
 1.98091341341243E+03	 1.00602795287573E-01
 1.98091615131246E+03	 8.35949595360879E-02
 1.98091888921250E+03	 5.26764631482164E-02
 1.98092162711253E+03	 5.42290384366268E-03
 1.98092436501256E+03	-6.06503489619542E-02
 1.98092710291259E+03	-1.35261512597561E-01
 1.98092984081262E+03	-1.96635410286865E-01
 1.98093257871265E+03	-2.23536205323125E-01
 1.98093531661268E+03	-2.06166090216645E-01
 1.98093805451271E+03	-1.48962526612174E-01
 1.98094079241274E+03	-6.56952753403716E-02
 1.98094353031277E+03	 2.92403490906508E-02
 1.98094626821280E+03	 1.26798889524768E-01
 1.98094900611283E+03	 2.19684645773072E-01
 1.98095174401286E+03	 2.91284684219407E-01
 1.98095448191290E+03	 3.11969843368159E-01
 1.98095721981293E+03	 2.54824783822105E-01
 1.98095995771296E+03	 1.20506124135984E-01
 1.98096269561299E+03	-5.45840557897398E-02
 1.98096543351302E+03	-2.17327298459073E-01
 1.98096817141305E+03	-3.25394044144944E-01
 1.98097090931308E+03	-3.59371443794803E-01
 1.98097364721311E+03	-3.19081076369143E-01
 1.98097638511314E+03	-2.20011798074648E-01
 1.98097912301317E+03	-9.38648147494576E-02
 1.98098186091320E+03	 1.89375027964686E-02
 1.98098459881323E+03	 8.85544566414513E-02
 1.98098733671326E+03	 1.10368553687674E-01
 1.98099007461330E+03	 9.91866383134030E-02
 1.98099281251333E+03	 7.00642957099643E-02
 1.98099555041336E+03	 2.67896458393360E-02
 1.98099828831339E+03	-3.25608268918133E-02
 1.98100102621342E+03	-1.03141605195475E-01
 1.98100376411345E+03	-1.68635748664489E-01
 1.98100650201348E+03	-2.08199373713163E-01
 1.98100923991351E+03	-2.07492679309270E-01
 1.98101197781354E+03	-1.64273966266952E-01
 1.98101471571357E+03	-8.58118951877232E-02
 1.98101745361360E+03	 1.64950837412489E-02
 1.98102019151363E+03	 1.28565137350967E-01
 1.98102292941366E+03	 2.31049462356096E-01
 1.98102566731370E+03	 2.99008369596950E-01
 1.98102840521373E+03	 3.08568216852138E-01
 1.98103114311376E+03	 2.48156011575523E-01
 1.98103388101379E+03	 1.26962946324465E-01
 1.98103661891382E+03	-2.58432717043921E-02
 1.98103935681385E+03	-1.71834793186291E-01
 1.98104209471388E+03	-2.77230575383943E-01
 1.98104483261391E+03	-3.21140716592282E-01
 1.98104757051394E+03	-2.96700810152390E-01
 1.98105030841397E+03	-2.11680013635902E-01
 1.98105304631400E+03	-9.08867695608391E-02
 1.98105578421403E+03	 2.80431263400111E-02
 1.98105852211406E+03	 1.11123042902941E-01
 1.98106126001409E+03	 1.45421891998352E-01
 1.98106399791413E+03	 1.40023252537378E-01
 1.98106673581416E+03	 1.10464882818581E-01
 1.98106947371419E+03	 6.47411346460797E-02
 1.98107221161422E+03	 3.99566014355020E-03
 1.98107494951425E+03	-6.75642465137653E-02
 1.98107768741428E+03	-1.36651662300759E-01
 1.98108042531431E+03	-1.84405893364785E-01
 1.98108316321434E+03	-1.95563200375527E-01
 1.98108590111437E+03	-1.65355330586618E-01
 1.98108863901440E+03	-9.80129981706783E-02
 1.98109137691443E+03	 4.45823018154746E-04
 1.98109411481446E+03	 1.23558003538290E-01
 1.98109685271449E+03	 2.54292362282188E-01
 1.98109959061453E+03	 3.56603164529685E-01
 1.98110232851456E+03	 3.86918488085605E-01
 1.98110506641459E+03	 3.22154764280414E-01
 1.98110780431462E+03	 1.78350472247815E-01
 1.98111054221465E+03	 1.52708507486847E-03
 1.98111328011468E+03	-1.59061105170829E-01
 1.98111601801471E+03	-2.70705198616438E-01
 1.98111875591474E+03	-3.18714182924738E-01
 1.98112149381477E+03	-2.99126367790175E-01
 1.98112423171480E+03	-2.17199797468727E-01
 1.98112696961483E+03	-9.32379491649882E-02
 1.98112970751486E+03	 3.67117626593074E-02
 1.98113244541489E+03	 1.34929919486853E-01
 1.98113518331493E+03	 1.82057951788932E-01
 1.98113792121496E+03	 1.83332325911979E-01
 1.98114065911499E+03	 1.55029198743484E-01
 1.98114339701502E+03	 1.07599383278502E-01
 1.98114613491505E+03	 4.32939201119783E-02
 1.98114887281508E+03	-3.38892171177951E-02
 1.98115161071511E+03	-1.10904855622413E-01
 1.98115434861514E+03	-1.68528766911180E-01
 1.98115708651517E+03	-1.90261827992993E-01
 1.98115982441520E+03	-1.70166796907059E-01
 1.98116256231523E+03	-1.13472155134264E-01
 1.98116530021526E+03	-2.76338034146013E-02
 1.98116803811529E+03	 8.65978229231430E-02
 1.98117077601532E+03	 2.27691933403930E-01
 1.98117351391536E+03	 3.71259077321378E-01
 1.98117625181539E+03	 4.62490632243602E-01
 1.98117898971542E+03	 4.45409716653762E-01
 1.98118172761545E+03	 3.07857644797025E-01
 1.98118446551548E+03	 9.62188123238371E-02
 1.98118720341551E+03	-1.15739280256835E-01
 1.98118994131554E+03	-2.71028603745757E-01
 1.98119267921557E+03	-3.46939520747860E-01
 1.98119541711560E+03	-3.43200377697951E-01
 1.98119815501563E+03	-2.68107622969490E-01
 1.98120089291566E+03	-1.40306671408410E-01
 1.98120363081569E+03	 4.84674314550598E-03
 1.98120636871572E+03	 1.24040589189977E-01
 1.98120910661576E+03	 1.88798878815090E-01
 1.98121184451579E+03	 1.99545724631576E-01
 1.98121458241582E+03	 1.75269058673461E-01
 1.98121732031585E+03	 1.31290378543108E-01
 1.98122005821588E+03	 7.02202701022078E-02
 1.98122279611591E+03	-7.72439167012837E-03
 1.98122553401594E+03	-9.20632158243458E-02
 1.98122827191597E+03	-1.62176134597160E-01
 1.98123100981600E+03	-1.97664840450514E-01
 1.98123374771603E+03	-1.88769939975913E-01
 1.98123648561606E+03	-1.40317433490586E-01
 1.98123922351609E+03	-6.52711937006994E-02
 1.98124196141612E+03	 2.99148334142024E-02
 1.98124469931616E+03	 1.51588894717820E-01
 1.98124743721619E+03	 3.00292975597250E-01
 1.98125017511622E+03	 4.41595479221774E-01
 1.98125291301625E+03	 5.07048380055629E-01
 1.98125565091628E+03	 4.40393793335244E-01
 1.98125838881631E+03	 2.48030087748398E-01
 1.98126112671634E+03	 2.20398388728386E-04
 1.98126386461637E+03	-2.17675685706091E-01
 1.98126660251640E+03	-3.52890824033613E-01
 1.98126934041643E+03	-3.92851913972758E-01
 1.98127207831646E+03	-3.45702867441240E-01
 1.98127481621649E+03	-2.29213168226334E-01
 1.98127755411652E+03	-7.63268715223549E-02
 1.98128029201655E+03	 6.52981466190160E-02
 1.98128302991659E+03	 1.54372902339854E-01
 1.98128576781662E+03	 1.80026394738491E-01
 1.98128850571665E+03	 1.61333619053399E-01
 1.98129124361668E+03	 1.22273606352420E-01
 1.98129398151671E+03	 7.07494595496706E-02
 1.98129671941674E+03	 2.71984703390626E-03
 1.98129945731677E+03	-7.93192429645840E-02
 1.98130219521680E+03	-1.57765893572628E-01
 1.98130493311683E+03	-2.08417297868909E-01
 1.98130767101686E+03	-2.14553764661697E-01
 1.98131040891689E+03	-1.75500009798510E-01
 1.98131314681692E+03	-1.05490085789290E-01
 1.98131588471695E+03	-2.12250894712756E-02
 1.98131862261699E+03	 7.45990970384276E-02
 1.98132136051702E+03	 1.93162002789978E-01
 1.98132409841705E+03	 3.32405400778425E-01
 1.98132683631708E+03	 4.49555861607781E-01
 1.98132957421711E+03	 4.74701678834035E-01
 1.98133231211714E+03	 3.65110255472884E-01
 1.98133505001717E+03	 1.47218994135565E-01
 1.98133778791720E+03	-9.86290685438348E-02
 1.98134052581723E+03	-2.92702778585862E-01
 1.98134326371726E+03	-3.94005896808293E-01
 1.98134600161729E+03	-3.97289246996007E-01
 1.98134873951732E+03	-3.14913684497454E-01
 1.98135147741735E+03	-1.73551959297377E-01
 1.98135421531739E+03	-1.88129919687624E-02
 1.98135695321742E+03	 9.73862132849362E-02
 1.98135969111745E+03	 1.46046535813345E-01
 1.98136242901748E+03	 1.36516477518096E-01
 1.98136516691751E+03	 9.89508250520089E-02
 1.98136790481754E+03	 5.32320262196435E-02
 1.98137064271757E+03	-1.75809586807129E-03
 1.98137338061760E+03	-7.19099210240218E-02
 1.98137611851763E+03	-1.48995745773151E-01
 1.98137885641766E+03	-2.10294756602458E-01
 1.98138159431769E+03	-2.32909926799213E-01
 1.98138433221772E+03	-2.07272773873845E-01
 1.98138707011775E+03	-1.41629703809789E-01
 1.98138980801779E+03	-5.60622694355692E-02
 1.98139254591782E+03	 3.27294306171635E-02
 1.98139528381785E+03	 1.24723817904526E-01
 1.98139802171788E+03	 2.29429070157824E-01
 1.98140075961791E+03	 3.38151230260250E-01
 1.98140349751794E+03	 4.07068884841362E-01
 1.98140623541797E+03	 3.80763965512190E-01
 1.98140897331800E+03	 2.40525454371545E-01
 1.98141171121803E+03	 2.75741470230617E-02
 1.98141444911806E+03	-1.83398652228629E-01
 1.98141718701809E+03	-3.30480085334081E-01
 1.98141992491812E+03	-3.86414250992956E-01
 1.98142266281815E+03	-3.50583430953111E-01
 1.98142540071818E+03	-2.39308184987718E-01
 1.98142813861822E+03	-8.86314618642187E-02
 1.98143087651825E+03	 4.84969798540386E-02
 1.98143361441828E+03	 1.26514098700812E-01
 1.98143635231831E+03	 1.35106266366867E-01
 1.98143909021834E+03	 9.92377956518970E-02
 1.98144182811837E+03	 4.98913127875632E-02
 1.98144456601840E+03	-1.92334239539661E-03
 1.98144730391843E+03	-6.22207820997457E-02
 1.98145004181846E+03	-1.32537804364129E-01
 1.98145277971849E+03	-1.97811475521572E-01
 1.98145551761852E+03	-2.34200877611740E-01
 1.98145825551855E+03	-2.24685653634310E-01
 1.98146099341858E+03	-1.68397830608773E-01
 1.98146373131862E+03	-8.00160317404538E-02
 1.98146646921865E+03	 1.91095015907210E-02
 1.98146920711868E+03	 1.13780289213184E-01
 1.98147194501871E+03	 2.01139375635329E-01
 1.98147468291874E+03	 2.80768507064097E-01
 1.98147742081877E+03	 3.36942224859819E-01
 1.98148015871880E+03	 3.36610678204481E-01
 1.98148289661883E+03	 2.53415812741869E-01
 1.98148563451886E+03	 9.62990882089902E-02
 1.98148837241889E+03	-8.82474937438608E-02
 1.98149111031892E+03	-2.43078101435177E-01
 1.98149384821895E+03	-3.28603716278899E-01
 1.98149658611898E+03	-3.30149174046096E-01
 1.98149932401902E+03	-2.52367245772376E-01
 1.98150206191905E+03	-1.18830662342933E-01
 1.98150479981908E+03	 2.61185763726903E-02
 1.98150753771911E+03	 1.31192977681806E-01
 1.98151027561914E+03	 1.66813730007402E-01
 1.98151301351917E+03	 1.41437988715609E-01
 1.98151575141920E+03	 8.63946327448563E-02
 1.98151848931923E+03	 2.56517285820007E-02
 1.98152122721926E+03	-3.71587684372140E-02
 1.98152396511929E+03	-1.05734405582654E-01
 1.98152670301932E+03	-1.73142812917089E-01
 1.98152944091935E+03	-2.19791028758107E-01
 1.98153217881938E+03	-2.25905491695436E-01
 1.98153491671941E+03	-1.83764106460837E-01
 1.98153765461945E+03	-1.00526216609800E-01
 1.98154039251948E+03	 7.09120134239755E-03
 1.98154313041951E+03	 1.20653998864683E-01
 1.98154586831954E+03	 2.24769866536111E-01
 1.98154860621957E+03	 3.05799256931775E-01
 1.98155134411960E+03	 3.47637557696602E-01
 1.98155408201963E+03	 3.32560825682874E-01
 1.98155681991966E+03	 2.51093710448376E-01
 1.98155955781969E+03	 1.13889631656758E-01
 1.98156229571972E+03	-4.66191921140576E-02
 1.98156503361975E+03	-1.88594102670810E-01
 1.98156777151978E+03	-2.77406480727119E-01
 1.98157050941981E+03	-2.94314946603943E-01
 1.98157324731985E+03	-2.36762863959695E-01
 1.98157598521988E+03	-1.19161549005451E-01
 1.98157872311991E+03	 2.43805908617539E-02
 1.98158146101994E+03	 1.46657004679318E-01
 1.98158419891997E+03	 2.09190167100805E-01
 1.98158693682000E+03	 2.03830613825000E-01
 1.98158967472003E+03	 1.51962484819889E-01
 1.98159241262006E+03	 8.16407831554621E-02
 1.98159515052009E+03	 7.30525344232187E-03
 1.98159788842012E+03	-6.90449351167660E-02
 1.98160062632015E+03	-1.42976840735222E-01
 1.98160336422018E+03	-1.99511408966927E-01
 1.98160610212021E+03	-2.19698779131321E-01
 1.98160884002025E+03	-1.92738162138079E-01
 1.98161157792028E+03	-1.21493620481453E-01
 1.98161431582031E+03	-1.80363634235444E-02
 1.98161705372034E+03	 1.04232129930528E-01
 1.98161979162037E+03	 2.32102301945073E-01
 1.98162252952040E+03	 3.45672949314677E-01
 1.98162526742042E+03	 4.13997404284930E-01
 1.98162800532046E+03	 4.05715572969106E-01
 1.98163074322049E+03	 3.10457229108554E-01
 1.98163348112052E+03	 1.50971234409146E-01
 1.98163621902055E+03	-2.70146498108818E-02
 1.98163895692058E+03	-1.77645275955705E-01
 1.98164169482061E+03	-2.70649910642698E-01
 1.98164443272064E+03	-2.92343120738118E-01
 1.98164717062068E+03	-2.41192629622753E-01
 1.98164990852071E+03	-1.28779803587150E-01
 1.98165264642074E+03	 1.56719499217592E-02
 1.98165538432077E+03	 1.48925230245282E-01
 1.98165812222080E+03	 2.31224614884572E-01
 1.98166086012083E+03	 2.46542743647103E-01
 1.98166359802086E+03	 2.07044511798745E-01
 1.98166633592089E+03	 1.37457101565918E-01
 1.98166907382092E+03	 5.59485142095336E-02
 1.98167181172095E+03	-3.01590116288148E-02
 1.98167454962098E+03	-1.14516839496569E-01
 1.98167728752101E+03	-1.83202696390535E-01
 1.98168002542104E+03	-2.17700779987093E-01
 1.98168276332108E+03	-2.05446692483077E-01
 1.98168550122111E+03	-1.47393764985245E-01
 1.98168823912114E+03	-5.54032961431116E-02
 1.98169097702117E+03	 5.85171211516776E-02
 1.98169371492120E+03	 1.88741968901836E-01
 1.98169645282123E+03	 3.26612265356909E-01
 1.98169919072126E+03	 4.42890634581736E-01
 1.98170192862129E+03	 4.88134817877163E-01
 1.98170466652132E+03	 4.23178136564506E-01
 1.98170740442135E+03	 2.54568578819170E-01
 1.98171014232138E+03	 3.72907717136415E-02
 1.98171288022141E+03	-1.59289683262433E-01
 1.98171561812144E+03	-2.87766536099104E-01
 1.98171835602148E+03	-3.31399191156352E-01
 1.98172109392151E+03	-2.91979829883032E-01
 1.98172383182154E+03	-1.82402845367522E-01
 1.98172656972157E+03	-3.13501786542849E-02
 1.98172930762160E+03	 1.16300929354701E-01
 1.98173204552163E+03	 2.16267702686823E-01
 1.98173478342166E+03	 2.47925935711603E-01
 1.98173752132169E+03	 2.21123815390306E-01
 1.98174025922172E+03	 1.60315230382496E-01
 1.98174299712175E+03	 8.36712904788537E-02
 1.98174573502178E+03	-2.31717776117753E-03
 1.98174847292181E+03	-9.24013756128690E-02
 1.98175121082184E+03	-1.72678442836610E-01
 1.98175394872188E+03	-2.22737378786803E-01
 1.98175668662191E+03	-2.26416289422668E-01
 1.98175942452194E+03	-1.81330943289477E-01
 1.98176216242197E+03	-9.98053629601084E-02
 1.98176490032200E+03	 1.35278308938035E-03
 1.98176763822203E+03	 1.15121533723543E-01
 1.98177037612206E+03	 2.44970761635673E-01
 1.98177311402209E+03	 3.83279633680111E-01
 1.98177585192212E+03	 4.89198830483932E-01
 1.98177858982215E+03	 5.00968116247657E-01
 1.98178132772218E+03	 3.83380038595600E-01
 1.98178406562221E+03	 1.64692161511379E-01
 1.98178680352224E+03	-7.76067872792233E-02
 1.98178954142227E+03	-2.67044752749249E-01
 1.98179227932231E+03	-3.63704632894701E-01
 1.98179501722234E+03	-3.61654290967529E-01
 1.98179775512237E+03	-2.72306125268616E-01
 1.98180049302240E+03	-1.22055521972503E-01
 1.98180323092243E+03	 4.25637593453428E-02
 1.98180596882246E+03	 1.66903181199457E-01
 1.98180870672249E+03	 2.17625736249486E-01
 1.98181144462252E+03	 2.00409901594845E-01
 1.98181418252255E+03	 1.45682581487873E-01
 1.98181692042258E+03	 7.83937101588558E-02
 1.98181965832261E+03	 4.10425879652038E-03
 1.98182239622264E+03	-7.90656797884584E-02
 1.98182513412267E+03	-1.62784991819443E-01
 1.98182787202271E+03	-2.26043382425283E-01
 1.98183060992274E+03	-2.47197910361943E-01
 1.98183334782277E+03	-2.17108406072158E-01
 1.98183608572280E+03	-1.44346424988033E-01
 1.98183882362283E+03	-4.95202435417893E-02
 1.98184156152286E+03	 5.03567304530043E-02
 1.98184429942289E+03	 1.55513195555048E-01
 1.98184703732292E+03	 2.75464156768001E-01
 1.98184977522295E+03	 3.99243985017998E-01
 1.98185251312298E+03	 4.77475300587716E-01
 1.98185525102301E+03	 4.48681227524417E-01
 1.98185798892304E+03	 2.92923289411496E-01
 1.98186072682307E+03	 5.73772524853296E-02
 1.98186346472311E+03	-1.73998462496831E-01
 1.98186620262314E+03	-3.32850687702315E-01
 1.98186894052317E+03	-3.90379716613797E-01
 1.98187167842320E+03	-3.46883017087695E-01
 1.98187441632323E+03	-2.20332991231146E-01
 1.98187715422326E+03	-5.08112018493865E-02
 1.98187989212329E+03	 1.01103709780121E-01
 1.98188263002332E+03	 1.82139761374632E-01
 1.98188536792335E+03	 1.80116215116756E-01
 1.98188810582338E+03	 1.25670481287039E-01
 1.98189084372341E+03	 5.81301675732881E-02
 1.98189358162344E+03	-6.72137541529541E-03
 1.98189631952347E+03	-7.51204132014018E-02
 1.98189905742350E+03	-1.50546510020043E-01
 1.98190179532354E+03	-2.18571610279242E-01
 1.98190453322357E+03	-2.54689102384902E-01
 1.98190727112360E+03	-2.41484262510911E-01
 1.98191000902363E+03	-1.79221257535138E-01
 1.98191274692366E+03	-8.56153154794164E-02
 1.98191548482369E+03	 1.47966712695142E-02
 1.98191822272372E+03	 1.07954230891565E-01
 1.98192096062375E+03	 1.99150250321142E-01
 1.98192369852378E+03	 2.97508988701527E-01
 1.98192643642381E+03	 3.86655804164961E-01
 1.98192917432384E+03	 4.18095613964242E-01
 1.98193191222387E+03	 3.45897712856457E-01
 1.98193465012390E+03	 1.71840878321403E-01
 1.98193738802394E+03	-4.73212637365936E-02
 1.98194012592397E+03	-2.37258438645467E-01
 1.98194286382400E+03	-3.46873547915074E-01
 1.98194560172403E+03	-3.57919537391035E-01
 1.98194833962406E+03	-2.74668121218828E-01
 1.98195107752409E+03	-1.22689188196085E-01
 1.98195381542412E+03	 4.50961099750830E-02
 1.98195655332415E+03	 1.62952677986226E-01
 1.98195929122418E+03	 1.91277493715425E-01
 1.98196202912421E+03	 1.42705950689625E-01
 1.98196476702424E+03	 6.36615960662526E-02
 1.98196750492427E+03	-9.65236183422985E-03
 1.98197024282430E+03	-7.32073566298360E-02
 1.98197298072434E+03	-1.37960326053433E-01
 1.98197571862437E+03	-2.02355841282862E-01
 1.98197845652440E+03	-2.46667335260538E-01
 1.98198119442443E+03	-2.48554444126175E-01
 1.98198393232446E+03	-1.99167569433661E-01
 1.98198667022449E+03	-1.08197236806287E-01
 1.98198940812452E+03	 1.11134122277056E-03
 1.98199214602455E+03	 1.04468587820533E-01
 1.98199488392458E+03	 1.90723186294046E-01
 1.98199762182461E+03	 2.63857912807637E-01
 1.98200035972464E+03	 3.25877830470308E-01
 1.98200309762467E+03	 3.57867276100141E-01
 1.98200583552470E+03	 3.25868184559335E-01
 1.98200857342474E+03	 2.12071541705908E-01
 1.98201131132477E+03	 3.93699506560267E-02
 1.98201404922480E+03	-1.37781479038380E-01
 1.98201678712483E+03	-2.65356189547324E-01
 1.98201952502486E+03	-3.11932154901897E-01
 1.98202226292489E+03	-2.68977055558481E-01
 1.98202500082492E+03	-1.47297306661389E-01
 1.98202773872495E+03	 1.69422655442259E-02
 1.98203047662498E+03	 1.62842696508321E-01
 1.98203321452501E+03	 2.32158732877712E-01
 1.98203595242504E+03	 2.07846028400972E-01
 1.98203869032507E+03	 1.22946635773062E-01
 1.98204142822510E+03	 2.70238758533479E-02
 1.98204416612513E+03	-5.37621303171154E-02
 1.98204690402517E+03	-1.22297512868798E-01
 1.98204964192520E+03	-1.85393614916618E-01
 1.98205237982523E+03	-2.33790268390150E-01
 1.98205511772526E+03	-2.47130144554646E-01
 1.98205785562529E+03	-2.11113631906341E-01
 1.98206059352532E+03	-1.27545999488409E-01
 1.98206333142535E+03	-1.31101895164059E-02
 1.98206606932538E+03	 1.08276791327552E-01
 1.98206880722541E+03	 2.15454106485878E-01
 1.98207154512544E+03	 2.96693026990948E-01
 1.98207428302547E+03	 3.46633390194969E-01
 1.98207702092550E+03	 3.56843312101422E-01
 1.98207975882553E+03	 3.13759813157955E-01
 1.98208249672557E+03	 2.10873352846780E-01
 1.98208523462560E+03	 6.34519023296961E-02
 1.98208797252563E+03	-9.15016869032079E-02
 1.98209071042566E+03	-2.11607879377411E-01
 1.98209344832569E+03	-2.66312790898648E-01
 1.98209618622572E+03	-2.42494086641621E-01
 1.98209892412575E+03	-1.43369498656502E-01
 1.98210166202578E+03	 8.11218951178831E-03
 1.98210439992581E+03	 1.65183729313544E-01
 1.98210713782584E+03	 2.69704626172251E-01
 1.98210987572587E+03	 2.83936035666057E-01
 1.98211261362590E+03	 2.15301187409569E-01
 1.98211535152593E+03	 1.06356089980019E-01
 1.98211808942597E+03	-1.42451146785409E-03
 1.98212082732600E+03	-9.21624520493504E-02
 1.98212356522603E+03	-1.67547851026791E-01
 1.98212630312606E+03	-2.24854621289080E-01
 1.98212904102609E+03	-2.49755235364835E-01
 1.98213177892612E+03	-2.27603174207446E-01
 1.98213451682615E+03	-1.55896328239676E-01
 1.98213725472618E+03	-4.60114441577721E-02
 1.98213999262621E+03	 8.31677402425046E-02
 1.98214273052624E+03	 2.12242907950095E-01
 1.98214546842627E+03	 3.23892083084121E-01
 1.98214820632630E+03	 4.00251289869532E-01
 1.98215094422633E+03	 4.20790665226157E-01
 1.98215368212636E+03	 3.69010538589949E-01
 1.98215642002640E+03	 2.46533802086083E-01
 1.98215915792643E+03	 8.06004919945502E-02
 1.98216189582646E+03	-8.53126307537619E-02
 1.98216463372649E+03	-2.10337614141333E-01
 1.98216737162652E+03	-2.68658233055148E-01
 1.98217010952655E+03	-2.50350507414556E-01
 1.98217284742658E+03	-1.59044948217594E-01
 1.98217558532661E+03	-1.42689447224282E-02
 1.98217832322664E+03	 1.45427984201291E-01
 1.98218106112667E+03	 2.69757129913725E-01
 1.98218379902670E+03	 3.18029308027171E-01
 1.98218653692673E+03	 2.81268020414769E-01
 1.98218927482676E+03	 1.84788316567991E-01
 1.98219201272680E+03	 6.70474462337307E-02
 1.98219475062683E+03	-4.49961680702966E-02
 1.98219748852686E+03	-1.41309804829243E-01
 1.98220022642689E+03	-2.16121864830651E-01
 1.98220296432692E+03	-2.57613610529914E-01
 1.98220570222695E+03	-2.52269682284251E-01
 1.98220844012698E+03	-1.95959444703288E-01
 1.98221117802701E+03	-9.81063770465516E-02
 1.98221391592704E+03	 2.44079685567192E-02
 1.98221665382707E+03	 1.56389005806375E-01
 1.98221939172710E+03	 2.86701999428276E-01
 1.98222212962713E+03	 4.00057489127946E-01
 1.98222486752716E+03	 4.67593181229085E-01
 1.98222760542720E+03	 4.53487341071370E-01
 1.98223034332723E+03	 3.40699747289448E-01
 1.98223308122726E+03	 1.52930333451638E-01
 1.98223581912729E+03	-5.26807924934458E-02
 1.98223855702732E+03	-2.17072649069474E-01
 1.98224129492735E+03	-3.04547111033312E-01
 1.98224403282738E+03	-3.04404879881059E-01
 1.98224677072741E+03	-2.22052523403801E-01
 1.98224950862744E+03	-7.80640402527032E-02
 1.98225224652747E+03	 8.80036381402657E-02
 1.98225498442750E+03	 2.25285990861124E-01
 1.98225772232753E+03	 2.93461485959921E-01
 1.98226046022756E+03	 2.81936374977214E-01
 1.98226319812759E+03	 2.09553411603818E-01
 1.98226593602763E+03	 1.06515012611458E-01
 1.98226867392766E+03	-3.97071098301202E-03
 1.98227141182769E+03	-1.09558594382345E-01
 1.98227414972772E+03	-2.00170024167805E-01
 1.98227688762775E+03	-2.60929115399738E-01
 1.98227962552778E+03	-2.75816972031926E-01
 1.98228236342781E+03	-2.37746427374520E-01
 1.98228510132784E+03	-1.54454110413925E-01
 1.98228783922787E+03	-4.42339517492149E-02
 1.98229057712790E+03	 7.58134294185898E-02
 1.98229331502793E+03	 1.98709116631857E-01
 1.98229605292796E+03	 3.22003999974779E-01
 1.98229879082799E+03	 4.29032941558325E-01
 1.98230152872803E+03	 4.79043278268113E-01
 1.98230426662806E+03	 4.27839933785437E-01
 1.98230700452809E+03	 2.67310065254558E-01
 1.98230974242812E+03	 4.32613687495967E-02
 1.98231248032815E+03	-1.70116324921244E-01
 1.98231521822818E+03	-3.12930139124280E-01
 1.98231795612821E+03	-3.58963490208586E-01
 1.98232069402824E+03	-3.07481503365314E-01
 1.98232343192827E+03	-1.75280711309275E-01
 1.98232616982830E+03	-1.42275144409153E-03
 1.98232890772833E+03	 1.55285659411831E-01
 1.98233164562836E+03	 2.42131257382580E-01
 1.98233438352839E+03	 2.42948023990306E-01
 1.98233712142843E+03	 1.81322195369844E-01
 1.98233985932846E+03	 9.35932176987655E-02
 1.98234259722849E+03	 1.31358835422500E-03
 1.98234533512852E+03	-9.13524253906012E-02
 1.98234807302855E+03	-1.81038203127569E-01
 1.98235081092858E+03	-2.53174318304756E-01
 1.98235354882861E+03	-2.86738702446436E-01
 1.98235628672864E+03	-2.67815273343664E-01
 1.98235902462867E+03	-1.98824202914650E-01
 1.98236176252870E+03	-9.76210286288707E-02
 1.98236450042873E+03	 1.29726014706950E-02
 1.98236723832876E+03	 1.19730627947100E-01
 1.98236997622879E+03	 2.24748966674279E-01
 1.98237271412883E+03	 3.30937644709128E-01
 1.98237545202886E+03	 4.17624128115345E-01
 1.98237818992889E+03	 4.37452314208806E-01
 1.98238092782892E+03	 3.49972484346429E-01
 1.98238366572895E+03	 1.63067587853757E-01
 1.98238640362898E+03	-6.28283859496466E-02
 1.98238914152901E+03	-2.52942220693747E-01
 1.98239187942904E+03	-3.57480710863624E-01
 1.98239461732907E+03	-3.59073432827741E-01
 1.98239735522910E+03	-2.62399607031206E-01
 1.98240009312913E+03	-9.53649268706602E-02
 1.98240283102916E+03	 8.38017008888709E-02
 1.98240556892919E+03	 2.04118774444757E-01
 1.98240830682922E+03	 2.24879045392273E-01
 1.98241104472926E+03	 1.62080789170920E-01
 1.98241378262929E+03	 6.67089818414004E-02
 1.98241652052932E+03	-2.19331520917554E-02
 1.98241925842935E+03	-9.81595462159168E-02
 1.98242199632938E+03	-1.71710231940433E-01
 1.98242473422941E+03	-2.40097863137414E-01
 1.98242747212944E+03	-2.83508493013742E-01
 1.98243021002947E+03	-2.80784232124008E-01
 1.98243294792950E+03	-2.25348616422951E-01
 1.98243568582953E+03	-1.29348782979302E-01
 1.98243842372956E+03	-1.73605092815119E-02
 1.98244116162959E+03	 8.71438048227061E-02
 1.98244389952962E+03	 1.76075149867507E-01
 1.98244663742966E+03	 2.57178336443597E-01
 1.98244937532969E+03	 3.33457439879785E-01
 1.98245211322972E+03	 3.81156691506757E-01
 1.98245485112975E+03	 3.57327798380464E-01
 1.98245758902978E+03	 2.38015133767759E-01
 1.98246032692981E+03	 4.84276280954643E-02
 1.98246306482984E+03	-1.48468747436102E-01
 1.98246580272987E+03	-2.90987990098416E-01
 1.98246854062990E+03	-3.43960466407089E-01
 1.98247127852993E+03	-2.96699357225231E-01
 1.98247401642996E+03	-1.59208287415599E-01
 1.98247675432999E+03	 2.70398164520097E-02
 1.98247949223002E+03	 1.88152574228361E-01
 1.98248223013006E+03	 2.53729159099770E-01
 1.98248496803009E+03	 2.06853760732258E-01
 1.98248770593012E+03	 9.37418042341289E-02
 1.98249044383015E+03	-2.15095542569167E-02
 1.98249318173018E+03	-1.08110416940120E-01
 1.98249591963021E+03	-1.73986715504749E-01
 1.98249865753024E+03	-2.32272096551859E-01
 1.98250139543027E+03	-2.75720496604620E-01
 1.98250413333030E+03	-2.83091398750107E-01
 1.98250687123033E+03	-2.39879434941917E-01
 1.98250960913036E+03	-1.49553617767039E-01
 1.98251234703039E+03	-3.18414635142724E-02
 1.98251508493042E+03	 8.60038824759345E-02
 1.98251782283045E+03	 1.82479569739625E-01
 1.98252056073049E+03	 2.52765747415412E-01
 1.98252329863052E+03	 3.04034807769854E-01
 1.98252603653055E+03	 3.35396259440758E-01
 1.98252877443058E+03	 3.25793221697195E-01
 1.98253151233061E+03	 2.49797697179167E-01
 1.98253425023064E+03	 1.07953487889045E-01
 1.98253698813067E+03	-6.23397153757280E-02
 1.98253972603070E+03	-2.07540404210815E-01
 1.98254246393073E+03	-2.86052528832172E-01
 1.98254520183076E+03	-2.77327583543310E-01
 1.98254793973079E+03	-1.78014958965252E-01
 1.98255067763082E+03	-8.02456649373223E-03
 1.98255341553085E+03	 1.76819788620793E-01
 1.98255615343089E+03	 2.97392726890390E-01
 1.98255889133092E+03	 2.99234416486388E-01
 1.98256162923095E+03	 1.94188147168559E-01
 1.98256436713098E+03	 4.74576878449180E-02
 1.98256710503101E+03	-7.92309385932586E-02
 1.98256984293104E+03	-1.67518009878637E-01
 1.98257258083107E+03	-2.29963284740427E-01
 1.98257531873110E+03	-2.73840696424534E-01
 1.98257805663113E+03	-2.87373860436387E-01
 1.98258079453116E+03	-2.54647618651920E-01
 1.98258353243119E+03	-1.72626279975616E-01
 1.98258627033122E+03	-5.41896148560448E-02
 1.98258900823125E+03	 7.74005684421394E-02
 1.98259174613129E+03	 1.96401520377825E-01
 1.98259448403132E+03	 2.84300868230969E-01
 1.98259722193135E+03	 3.35298063337720E-01
 1.98259995983138E+03	 3.49836246908154E-01
 1.98260269773141E+03	 3.23151752709606E-01
 1.98260543563144E+03	 2.45990822443291E-01
 1.98260817353147E+03	 1.20154188094997E-01
 1.98261091143150E+03	-2.95822203358492E-02
 1.98261364933153E+03	-1.62895825922621E-01
 1.98261638723156E+03	-2.43209785098930E-01
 1.98261912513159E+03	-2.49435511442388E-01
 1.98262186303162E+03	-1.75164225493569E-01
 1.98262460093165E+03	-2.92975886673169E-02
 1.98262733883168E+03	 1.53477749548966E-01
 1.98263007673172E+03	 3.09065551812925E-01
 1.98263281463175E+03	 3.69845906908189E-01
 1.98263555253178E+03	 3.09810085268646E-01
 1.98263829043181E+03	 1.64963732700551E-01
 1.98264102833184E+03	 2.94181207734324E-03
 1.98264376623187E+03	-1.28055516677214E-01
 1.98264650413190E+03	-2.18818139251639E-01
 1.98264924203193E+03	-2.77004985884688E-01
 1.98265197993196E+03	-3.00965014922132E-01
 1.98265471783199E+03	-2.79694169968841E-01
 1.98265745573202E+03	-2.08500340126164E-01
 1.98266019363205E+03	-9.64665905277673E-02
 1.98266293153208E+03	 3.79510303770169E-02
 1.98266566943212E+03	 1.73054375558253E-01
 1.98266840733215E+03	 2.88054361026138E-01
 1.98267114523218E+03	 3.66453253931006E-01
 1.98267388313221E+03	 3.96402891720282E-01
 1.98267662103224E+03	 3.68540750825711E-01
 1.98267935893227E+03	 2.78829124818193E-01
 1.98268209683230E+03	 1.38177275955636E-01
 1.98268483473233E+03	-2.27367945544850E-02
 1.98268757263236E+03	-1.63085683971089E-01
 1.98269031053239E+03	-2.48592181671161E-01
 1.98269304843242E+03	-2.60735610854999E-01
 1.98269578633245E+03	-1.95756232827267E-01
 1.98269852423248E+03	-6.32362655521114E-02
 1.98270126213252E+03	 1.09350838505981E-01
 1.98270400003255E+03	 2.73392012491635E-01
 1.98270673793258E+03	 3.70932753069360E-01
 1.98270947583261E+03	 3.63365657874581E-01
 1.98271221373264E+03	 2.56721933479136E-01
 1.98271495163267E+03	 9.75919478726169E-02
 1.98271768953270E+03	-6.01007790289362E-02
 1.98272042743273E+03	-1.85588156764027E-01
 1.98272316533276E+03	-2.71933657687048E-01
 1.98272590323279E+03	-3.16866242677922E-01
 1.98272864113282E+03	-3.13131330370080E-01
 1.98273137903285E+03	-2.56737712731380E-01
 1.98273411693288E+03	-1.55947307977135E-01
 1.98273685483292E+03	-2.83908991516646E-02
 1.98273959273295E+03	 1.07339047313630E-01
 1.98274233063298E+03	 2.35599316342506E-01
 1.98274506853301E+03	 3.41922826894367E-01
 1.98274780643304E+03	 4.09017749712654E-01
 1.98275054433307E+03	 4.15498043543178E-01
 1.98275328223310E+03	 3.44142892325895E-01
 1.98275602013313E+03	 1.98739219956138E-01
 1.98275875803316E+03	 1.34412780280325E-02
 1.98276149593319E+03	-1.59699473249724E-01
 1.98276423383322E+03	-2.75614494238526E-01
 1.98276697173325E+03	-3.10521946402429E-01
 1.98276970963328E+03	-2.59727673937756E-01
 1.98277244753331E+03	-1.33904182035592E-01
 1.98277518543335E+03	 3.73110502591409E-02
 1.98277792333338E+03	 2.05138684177639E-01
 1.98278066123341E+03	 3.16558351686852E-01
 1.98278339913344E+03	 3.37987922789733E-01
 1.98278613703347E+03	 2.70056545366224E-01
 1.98278887493350E+03	 1.42751489751500E-01
 1.98279161283353E+03	-4.24650785823866E-03
 1.98279435073356E+03	-1.40406893223549E-01
 1.98279708863359E+03	-2.48979339316743E-01
 1.98279982653362E+03	-3.19028856782313E-01
 1.98280256443365E+03	-3.39386573622746E-01
 1.98280530233368E+03	-3.03543347906547E-01
 1.98280804023371E+03	-2.17851578824702E-01
 1.98281077813375E+03	-1.00780954102325E-01
 1.98281351603378E+03	 2.69464819309233E-02
 1.98281625393381E+03	 1.51213499275034E-01
 1.98281899183384E+03	 2.64568174766724E-01
 1.98282172973387E+03	 3.57575828061003E-01
 1.98282446763390E+03	 4.09158805110596E-01
 1.98282720553393E+03	 3.89125483233608E-01
 1.98282994343396E+03	 2.79218312093569E-01
 1.98283268133399E+03	 9.69169431760864E-02
 1.98283541923402E+03	-1.04924203556130E-01
 1.98283815713405E+03	-2.66225207559860E-01
 1.98284089503408E+03	-3.47398732602548E-01
 1.98284363293411E+03	-3.33854773187030E-01
 1.98284637083415E+03	-2.29217327910958E-01
 1.98284910873418E+03	-5.88358264010584E-02
 1.98285184663421E+03	 1.23918560689358E-01
 1.98285458453424E+03	 2.53468503041644E-01
 1.98285732243427E+03	 2.88147159791340E-01
 1.98286006033430E+03	 2.32747639932710E-01
 1.98286279823433E+03	 1.24906669434240E-01
 1.98286553613436E+03	 2.44200439673957E-03
 1.98286827403439E+03	-1.15149915232483E-01
 1.98287101193442E+03	-2.20212372434740E-01
 1.98287374983445E+03	-3.02155093631004E-01
 1.98287648773448E+03	-3.43727526374469E-01
 1.98287922563451E+03	-3.30641692741311E-01
 1.98288196353454E+03	-2.62842167452140E-01
 1.98288470143458E+03	-1.56478607873207E-01
 1.98288743933461E+03	-3.54238071837029E-02
 1.98289017723464E+03	 8.09552782770848E-02
 1.98289291513467E+03	 1.85050482629913E-01
 1.98289565303470E+03	 2.76748238895325E-01
 1.98289839093473E+03	 3.48812229822854E-01
 1.98290112883476E+03	 3.75960576613630E-01
 1.98290386673479E+03	 3.25478688816319E-01
 1.98290660463482E+03	 1.87164000610538E-01
 1.98290934253485E+03	-6.60918498724707E-03
 1.98291208043488E+03	-1.95117763385188E-01
 1.98291481833491E+03	-3.23607277580085E-01
 1.98291755623494E+03	-3.62127899523836E-01
 1.98292029413498E+03	-3.01186982717222E-01
 1.98292303203501E+03	-1.50789364139263E-01
 1.98292576993504E+03	 4.55807051560554E-02
 1.98292850783507E+03	 2.11333397230837E-01
 1.98293124573510E+03	 2.76215923096091E-01
 1.98293398363513E+03	 2.25705965834049E-01
 1.98293672153516E+03	 1.06276600814258E-01
 1.98293945943519E+03	-2.07218112158421E-02
 1.98294219733522E+03	-1.25377108847658E-01
 1.98294493523525E+03	-2.10993597363516E-01
 1.98294767313528E+03	-2.83478785913368E-01
 1.98295041103531E+03	-3.31307899623947E-01
 1.98295314893534E+03	-3.34198171025891E-01
 1.98295588683538E+03	-2.82481609190508E-01
 1.98295862473541E+03	-1.85458315639797E-01
 1.98296136263544E+03	-6.59565619877983E-02
 1.98296410053547E+03	 5.10044125068926E-02
 1.98296683843550E+03	 1.49428335775546E-01
 1.98296957633553E+03	 2.27432916169892E-01
 1.98297231423556E+03	 2.89199193276276E-01
 1.98297505213559E+03	 3.27583212103069E-01
 1.98297779003562E+03	 3.17223900975509E-01
 1.98298052793565E+03	 2.33173300960999E-01
 1.98298326583568E+03	 8.04394474644839E-02
 1.98298600373571E+03	-9.84435577368682E-02
 1.98298874163574E+03	-2.47636460881212E-01
 1.98299147953577E+03	-3.26164245838182E-01
 1.98299421743581E+03	-3.13196263387966E-01
 1.98299695533584E+03	-2.02618953545839E-01
 1.98299969323587E+03	-1.44991158994146E-02
 1.98300243113590E+03	 1.86597348279254E-01
 1.98300516903593E+03	 3.09019529581082E-01
 1.98300790693596E+03	 2.94546399781649E-01
 1.98301064483599E+03	 1.64946705558514E-01
 1.98301338273602E+03	-5.77011015517118E-04
 1.98301612063605E+03	-1.34716774410634E-01
 1.98301885853608E+03	-2.23247318930543E-01
 1.98302159643611E+03	-2.84122624105962E-01
 1.98302433433614E+03	-3.25149665954763E-01
 1.98302707223617E+03	-3.32329407333404E-01
 1.98302981013621E+03	-2.89980725153512E-01
 1.98303254803624E+03	-1.99224234895729E-01
 1.98303528593627E+03	-7.79561090627247E-02
 1.98303802383630E+03	 4.84750360829165E-02
 1.98304076173633E+03	 1.56628205472385E-01
 1.98304349963636E+03	 2.33718511989561E-01
 1.98304623753639E+03	 2.80744895318205E-01
 1.98304897543642E+03	 3.02511819199617E-01
 1.98305171333645E+03	 2.92487163264761E-01
 1.98305445123648E+03	 2.33239982034233E-01
 1.98305718913651E+03	 1.17517902879945E-01
 1.98305992703654E+03	-3.29957060490200E-02
 1.98306266493657E+03	-1.74549766182069E-01
 1.98306540283661E+03	-2.65805677960875E-01
 1.98306814073664E+03	-2.81724345582005E-01
 1.98307087863667E+03	-2.09467342393569E-01
 1.98307361653670E+03	-5.01169278848113E-02
 1.98307635443673E+03	 1.60129609818639E-01
 1.98307909233676E+03	 3.39199877546765E-01
 1.98308183023679E+03	 3.96914004261864E-01
 1.98308456813682E+03	 3.02573871843816E-01
 1.98308730603685E+03	 1.12173646864360E-01
 1.98309004393688E+03	-8.03482906903886E-02
 1.98309278183691E+03	-2.16665426965449E-01
 1.98309551973694E+03	-2.96111079585419E-01
 1.98309825763697E+03	-3.38542963044211E-01
 1.98310099553701E+03	-3.46805907596421E-01
 1.98310373343704E+03	-3.09233617470290E-01
 1.98310647133707E+03	-2.22408440736898E-01
 1.98310920923710E+03	-9.96244411559743E-02
 1.98311194713713E+03	 3.68391046595342E-02
 1.98311468503716E+03	 1.63325669548380E-01
 1.98311742293719E+03	 2.59346697040598E-01
 1.98312016083722E+03	 3.13715801323294E-01
 1.98312289873725E+03	 3.26435888004891E-01
 1.98312563663728E+03	 3.00286472284614E-01
 1.98312837453731E+03	 2.32838904817227E-01
 1.98313111243734E+03	 1.23063758427424E-01
 1.98313385033737E+03	-1.40523920432149E-02
 1.98313658823740E+03	-1.45382719047683E-01
 1.98313932613744E+03	-2.35035052407336E-01
 1.98314206403747E+03	-2.59455884898878E-01
 1.98314480193750E+03	-2.07678274523485E-01
 1.98314753983753E+03	-7.69282320841980E-02
 1.98315027773756E+03	 1.16919247524380E-01
 1.98315301563759E+03	 3.20004686444941E-01
 1.98315575353762E+03	 4.46725312709276E-01
 1.98315849143765E+03	 4.29061355344717E-01
 1.98316122933768E+03	 2.71131554723524E-01
 1.98316396723771E+03	 4.91196091465315E-02
 1.98316670513774E+03	-1.49157419082695E-01
 1.98316944303777E+03	-2.81963995266019E-01
 1.98317218093780E+03	-3.53790175841460E-01
 1.98317491883784E+03	-3.76724867519490E-01
 1.98317765673787E+03	-3.49448090431730E-01
 1.98318039463790E+03	-2.69778924458332E-01
 1.98318313253793E+03	-1.49380903701241E-01
 1.98318587043796E+03	-9.46730324300647E-03
 1.98318860833799E+03	 1.29245958579483E-01
 1.98319134623802E+03	 2.48054773709602E-01
 1.98319408413805E+03	 3.29569510885423E-01
 1.98319682203808E+03	 3.61692259448099E-01
 1.98319955993811E+03	 3.39913477652195E-01
 1.98320229783814E+03	 2.64796607040591E-01
 1.98320503573817E+03	 1.43106874610323E-01
 1.98320777363820E+03	-5.23964025461677E-03
 1.98321051153824E+03	-1.46469171007955E-01
 1.98321324943827E+03	-2.45190627573847E-01
 1.98321598733830E+03	-2.78192800893065E-01
 1.98321872523833E+03	-2.36890274574968E-01
 1.98322146313836E+03	-1.22625395048353E-01
 1.98322420103839E+03	 5.12564847746090E-02
 1.98322693893842E+03	 2.48303964141387E-01
 1.98322967683845E+03	 4.05447191651290E-01
 1.98323241473848E+03	 4.55472645422163E-01
 1.98323515263851E+03	 3.68892781665454E-01
 1.98323789053854E+03	 1.79068235362258E-01
 1.98324062843857E+03	-3.92588992490465E-02
 1.98324336633860E+03	-2.20777658343920E-01
 1.98324610423863E+03	-3.39629259153399E-01
 1.98324884213867E+03	-3.96548672386032E-01
 1.98325158003870E+03	-3.93513502285200E-01
 1.98325431793873E+03	-3.30904756231725E-01
 1.98325705583876E+03	-2.20097589793237E-01
 1.98325979373879E+03	-8.41440011887633E-02
 1.98326253163882E+03	 5.50669445162518E-02
 1.98326526953885E+03	 1.83146796582959E-01
 1.98326800743888E+03	 2.87559115442632E-01
 1.98327074533891E+03	 3.52941465871245E-01
 1.98327348323894E+03	 3.63853439522903E-01
 1.98327622113897E+03	 3.10097958611093E-01
 1.98327895903900E+03	 1.93000087203699E-01
 1.98328169693903E+03	 3.26991052789275E-02
 1.98328443483907E+03	-1.32160636654609E-01
 1.98328717273910E+03	-2.58825784595610E-01
 1.98328991063913E+03	-3.17662812675174E-01
 1.98329264853916E+03	-2.96694448263205E-01
 1.98329538643919E+03	-1.97055953859530E-01
 1.98329812433922E+03	-3.42490629916341E-02
 1.98330086223925E+03	 1.54846588889232E-01
 1.98330360013928E+03	 3.14708765451909E-01
 1.98330633803931E+03	 3.90981357958009E-01
 1.98330907593934E+03	 3.56146445975389E-01
 1.98331181383937E+03	 2.23348972636878E-01
 1.98331455173940E+03	 3.83046945961567E-02
 1.98331728963943E+03	-1.45971413786017E-01
 1.98332002753947E+03	-2.92588123363540E-01
 1.98332276543950E+03	-3.84758308506745E-01
 1.98332550333953E+03	-4.14843611253289E-01
 1.98332824123956E+03	-3.79310306311191E-01
 1.98333097913959E+03	-2.86266637160645E-01
 1.98333371703962E+03	-1.59077220569191E-01
 1.98333645493965E+03	-2.47448048699820E-02
 1.98333919283968E+03	 1.00001205617403E-01
 1.98334193073971E+03	 2.08452554380763E-01
 1.98334466863974E+03	 2.93197086909003E-01
 1.98334740653977E+03	 3.39335950418481E-01
 1.98335014443980E+03	 3.27518188723292E-01
 1.98335288233983E+03	 2.44707730060502E-01
 1.98335562023986E+03	 9.82295068409166E-02
 1.98335835813990E+03	-7.77753867583380E-02
 1.98336109603993E+03	-2.34522800801673E-01
 1.98336383393996E+03	-3.31442793037870E-01
 1.98336657183999E+03	-3.47414942177194E-01
 1.98336930974002E+03	-2.76111991642827E-01
 1.98337204764005E+03	-1.25950387373122E-01
 1.98337478554008E+03	 6.72584624719334E-02
 1.98337752344011E+03	 2.38998565325318E-01
 1.98338026134014E+03	 3.25462568666005E-01
 1.98338299924017E+03	 3.01910960927890E-01
 1.98338573714020E+03	 1.91666460239472E-01
 1.98338847504023E+03	 4.04389840470239E-02
 1.98339121294026E+03	-1.13695721409146E-01
 1.98339395084030E+03	-2.49143451163425E-01
 1.98339668874033E+03	-3.51681534196012E-01
 1.98339942664036E+03	-4.05749062307532E-01
 1.98340216454039E+03	-3.97514300066998E-01
 1.98340490244042E+03	-3.26133408900734E-01
 1.98340764034045E+03	-2.10009134861187E-01
 1.98341037824048E+03	-7.87221123964516E-02
 1.98341311614051E+03	 4.34205679537716E-02
 1.98341585404054E+03	 1.46548852687289E-01
 1.98341859194057E+03	 2.29739102786100E-01
 1.98342132984060E+03	 2.88590702004344E-01
 1.98342406774063E+03	 3.08138197777887E-01
 1.98342680564066E+03	 2.68006914314395E-01
 1.98342954354070E+03	 1.58886338370247E-01
 1.98343228144073E+03	-1.22871251832229E-03
 1.98343501934076E+03	-1.68611194888941E-01
 1.98343775724079E+03	-2.95818953635037E-01
 1.98344049514082E+03	-3.51786701198060E-01
 1.98344323304085E+03	-3.21308443452176E-01
 1.98344597094088E+03	-1.99350636607992E-01
 1.98344870884091E+03	-5.28291677098365E-03
 1.98345144674094E+03	 1.97797218669238E-01
 1.98345418464097E+03	 3.21720930376822E-01
 1.98345692254100E+03	 3.12096716952802E-01
 1.98345966044103E+03	 1.89014637864722E-01
 1.98346239834106E+03	 2.27672752162620E-02
 1.98346513624110E+03	-1.27120814812356E-01
 1.98346787414113E+03	-2.43322324217954E-01
 1.98347061204116E+03	-3.31237138295816E-01
 1.98347334994119E+03	-3.87210232768667E-01
 1.98347608784122E+03	-3.93914786788357E-01
 1.98347882574125E+03	-3.39639431636766E-01
 1.98348156364128E+03	-2.33588328855301E-01
 1.98348430154131E+03	-1.02390557928416E-01
 1.98348703944134E+03	 2.49584257469855E-02
 1.98348977734137E+03	 1.29978591151950E-01
 1.98349251524140E+03	 2.07767619755321E-01
 1.98349525314143E+03	 2.60095993948951E-01
 1.98349799104146E+03	 2.84086771158916E-01
 1.98350072894149E+03	 2.66451950378230E-01
 1.98350346684153E+03	 1.91936215750820E-01
 1.98350620474156E+03	 6.22369814383934E-02
 1.98350894264159E+03	-9.33116229937673E-02
 1.98351168054162E+03	-2.30025054755173E-01
 1.98351441844165E+03	-3.11403211317711E-01
 1.98351715634168E+03	-3.17199043785030E-01
 1.98351989424171E+03	-2.34252255883709E-01
 1.98352263214174E+03	-6.05021109769685E-02
 1.98352537004177E+03	 1.65801924552925E-01
 1.98352810794180E+03	 3.53216240910781E-01
 1.98353084584183E+03	 4.04363254835940E-01
 1.98353358374186E+03	 2.92964469470160E-01
 1.98353632164189E+03	 8.67277856735379E-02
 1.98353905954193E+03	-1.14174219503032E-01
 1.98354179744196E+03	-2.54909844264671E-01
 1.98354453534199E+03	-3.39856030268868E-01
 1.98354727324202E+03	-3.87595574607849E-01
 1.98355001114205E+03	-3.95316148777349E-01
 1.98355274904208E+03	-3.48544904805105E-01
 1.98355548694211E+03	-2.47754452376714E-01
 1.98355822484214E+03	-1.14546694207426E-01
 1.98356096274217E+03	 2.21600940644548E-02
 1.98356370064220E+03	 1.39212031675007E-01
 1.98356643854223E+03	 2.23630285652423E-01
 1.98356917644226E+03	 2.72271701436387E-01
 1.98357191434229E+03	 2.87204669038928E-01
 1.98357465224233E+03	 2.67145569088827E-01
 1.98357739014236E+03	 2.04420309796986E-01
 1.98358012804239E+03	 9.58256413208339E-02
 1.98358286594242E+03	-4.21537974964094E-02
 1.98358560384245E+03	-1.73756415572056E-01
 1.98358834174248E+03	-2.62800404585552E-01
 1.98359107964251E+03	-2.87802520766779E-01
 1.98359381754254E+03	-2.36562923383269E-01
 1.98359655544257E+03	-9.79841062530664E-02
 1.98359929334260E+03	 1.19139900154908E-01
 1.98360203124263E+03	 3.52460652065712E-01
 1.98360476914266E+03	 4.93026621901847E-01
 1.98360750704269E+03	 4.56413520383347E-01
 1.98361024494272E+03	 2.56250492519258E-01
 1.98361298284276E+03	-4.18678624771081E-03
 1.98361572074279E+03	-2.18529850121526E-01
 1.98361845864282E+03	-3.47826920917593E-01
 1.98362119654285E+03	-4.09043549870583E-01
 1.98362393444288E+03	-4.20049481025614E-01
 1.98362667234291E+03	-3.77336263685896E-01
 1.98362941024294E+03	-2.78373248690463E-01
 1.98363214814297E+03	-1.41246217655708E-01
 1.98363488604300E+03	 4.62073772349755E-03
 1.98363762394303E+03	 1.35422455021498E-01
 1.98364036184306E+03	 2.36079257476357E-01
 1.98364309974309E+03	 2.96628113301476E-01
 1.98364583764312E+03	 3.12833886797605E-01
 1.98364857554316E+03	 2.85965243557452E-01
 1.98365131344319E+03	 2.17916240039183E-01
 1.98365405134322E+03	 1.11338396254356E-01
 1.98365678924325E+03	-2.07061886324490E-02
 1.98365952714328E+03	-1.49341616088027E-01
 1.98366226504331E+03	-2.40907629709795E-01
 1.98366500294334E+03	-2.73485794347789E-01
 1.98366774084337E+03	-2.38552291479104E-01
 1.98367047874340E+03	-1.29567891079087E-01
 1.98367321664343E+03	 5.62742221518849E-02
 1.98367595454346E+03	 2.90545003139069E-01
 1.98367869244349E+03	 4.91929037207662E-01
 1.98368143034352E+03	 5.56755417796917E-01
 1.98368416824356E+03	 4.34965685614699E-01
 1.98368690614359E+03	 1.78163989511577E-01
 1.98368964404362E+03	-9.86007570439715E-02
 1.98369238194365E+03	-3.04519790892350E-01
 1.98369511984368E+03	-4.17818865346187E-01
 1.98369785774371E+03	-4.55596760845439E-01
 1.98370059564374E+03	-4.28321230205132E-01
 1.98370333354377E+03	-3.37433344087594E-01
 1.98370607144380E+03	-1.98889429450878E-01
 1.98370880934383E+03	-4.51274577446829E-02
 1.98371154724386E+03	 9.59193189719981E-02
 1.98371428514389E+03	 2.10849017997122E-01
 1.98371702304392E+03	 2.91284991637411E-01
 1.98371976094395E+03	 3.26896227378010E-01
 1.98372249884399E+03	 3.10500092344328E-01
 1.98372523674402E+03	 2.42803550792459E-01
 1.98372797464405E+03	 1.31538455979536E-01
 1.98373071254408E+03	-6.89965237132543E-03
 1.98373345044411E+03	-1.44264791366464E-01
 1.98373618834414E+03	-2.47009728472533E-01
 1.98373892624417E+03	-2.90963355474625E-01
 1.98374166414420E+03	-2.67589286907880E-01
 1.98374440204423E+03	-1.76145245038822E-01
 1.98374713994426E+03	-1.79685686528853E-02
 1.98374987784429E+03	 1.91257096536800E-01
 1.98375261574432E+03	 4.01191655997931E-01
 1.98375535364435E+03	 5.29549968598584E-01
 1.98375809154439E+03	 5.04962218680013E-01
 1.98376082944442E+03	 3.22082090458386E-01
 1.98376356734445E+03	 5.35428306145333E-02
 1.98376630524448E+03	-2.00772986192018E-01
 1.98376904314451E+03	-3.77848801899304E-01
 1.98377178104454E+03	-4.66374277424363E-01
 1.98377451894457E+03	-4.74710342302344E-01
 1.98377725684460E+03	-4.08024851723702E-01
 1.98377999474463E+03	-2.79678611560662E-01
 1.98378273264466E+03	-1.22863633897335E-01
 1.98378547054469E+03	 2.58913039023015E-02
 1.98378820844472E+03	 1.48705300761778E-01
 1.98379094634475E+03	 2.42920242385919E-01
 1.98379368424479E+03	 3.02757488407449E-01
 1.98379642214482E+03	 3.14694505992090E-01
 1.98379916004485E+03	 2.68414179722364E-01
 1.98380189794488E+03	 1.65981874482733E-01
 1.98380463584491E+03	 2.39771690063159E-02
 1.98380737374494E+03	-1.27350075500807E-01
 1.98381011164497E+03	-2.51134239336469E-01
 1.98381284954500E+03	-3.18146421122465E-01
 1.98381558744503E+03	-3.15494719773240E-01
 1.98381832534506E+03	-2.41647597547017E-01
 1.98382106324509E+03	-1.00725695407096E-01
 1.98382380114512E+03	 8.98166895583384E-02
 1.98382653904515E+03	 2.87240825606459E-01
 1.98382927694519E+03	 4.28191870810135E-01
 1.98383201484522E+03	 4.55215872547738E-01
 1.98383475274525E+03	 3.48977695164902E-01
 1.98383749064528E+03	 1.42692253120202E-01
 1.98384022854531E+03	-9.50690641213920E-02
 1.98384296644534E+03	-2.98543073757299E-01
 1.98384570434537E+03	-4.31806470395620E-01
 1.98384844224540E+03	-4.84650795438005E-01
 1.98385118014543E+03	-4.55744262212043E-01
 1.98385391804546E+03	-3.52655511979431E-01
 1.98385665594549E+03	-2.03356520078487E-01
 1.98385939384552E+03	-4.95940441534637E-02
 1.98386213174555E+03	 7.90625127096713E-02
 1.98386486964558E+03	 1.77709766267634E-01
 1.98386760754562E+03	 2.50084536622230E-01
 1.98387034544565E+03	 2.88828407722272E-01
 1.98387308334568E+03	 2.76839505239831E-01
 1.98387582124571E+03	 2.03113538751022E-01
 1.98387855914574E+03	 7.47582419184183E-02
 1.98388129704577E+03	-8.09427472597201E-02
 1.98388403494580E+03	-2.24304127978419E-01
 1.98388677284583E+03	-3.19416448209664E-01
 1.98388951074586E+03	-3.46826373153389E-01
 1.98389224864589E+03	-3.00320556432279E-01
 1.98389498654592E+03	-1.78823181836073E-01
 1.98389772444595E+03	 4.77321166111927E-03
 1.98390046234598E+03	 2.05524815404019E-01
 1.98390320024602E+03	 3.52935298896299E-01
 1.98390593814605E+03	 3.89837278893327E-01
 1.98390867604608E+03	 3.07242363845332E-01
 1.98391141394611E+03	 1.41902719323729E-01
 1.98391415184614E+03	-5.35351558281820E-02
 1.98391688974617E+03	-2.35761030001242E-01
 1.98391962764620E+03	-3.76570188941576E-01
 1.98392236554623E+03	-4.56865769264623E-01
 1.98392510344626E+03	-4.62480422361346E-01
 1.98392784134629E+03	-3.89882979098776E-01
 1.98393057924632E+03	-2.57103222786514E-01
 1.98393331714635E+03	-1.03009319240437E-01
 1.98393605504638E+03	 3.34247362869412E-02
 1.98393879294642E+03	 1.35563859955909E-01
 1.98394153084645E+03	 2.08069708107714E-01
 1.98394426874648E+03	 2.55436656540109E-01
 1.98394700664651E+03	 2.67488387475816E-01
 1.98394974454654E+03	 2.26754570437903E-01
 1.98395248244657E+03	 1.26624412975560E-01
 1.98395522034660E+03	-1.67296361878748E-02
 1.98395795824663E+03	-1.66729114545042E-01
 1.98396069614666E+03	-2.82666416988030E-01
 1.98396343404669E+03	-3.38039958751774E-01
 1.98396617194672E+03	-3.22554246361516E-01
 1.98396890984675E+03	-2.29539579659491E-01
 1.98397164774678E+03	-5.78595013520704E-02
 1.98397438564681E+03	 1.60192281258024E-01
 1.98397712354685E+03	 3.44592957076889E-01
 1.98397986144688E+03	 4.08099907953301E-01
 1.98398259934691E+03	 3.23042165068240E-01
 1.98398533724694E+03	 1.40595664278958E-01
 1.98398807514697E+03	-5.89598288641844E-02
 1.98399081304700E+03	-2.25614931108308E-01
 1.98399355094703E+03	-3.48955464197836E-01
 1.98399628884706E+03	-4.27474146393663E-01
 1.98399902674709E+03	-4.47894744918592E-01
 1.98400176464712E+03	-3.95998163379476E-01
 1.98400450254715E+03	-2.78002174728688E-01
 1.98400724044718E+03	-1.25596766667873E-01
 1.98400997834721E+03	 2.03777739251789E-02
 1.98401271624725E+03	 1.32494774521771E-01
 1.98401545414728E+03	 2.06160830501751E-01
 1.98401819204731E+03	 2.49098129996948E-01
 1.98402092994734E+03	 2.63332477011994E-01
 1.98402366784737E+03	 2.38584025547314E-01
 1.98402640574740E+03	 1.62914248823691E-01
 1.98402914364743E+03	 3.98218791754758E-02
 1.98403188154746E+03	-1.03925066143718E-01
 1.98403461944749E+03	-2.28321601212107E-01
 1.98403735734752E+03	-3.01170631471534E-01
 1.98404009524755E+03	-3.08881370656945E-01
 1.98404283314758E+03	-2.44991714349026E-01
 1.98404557104761E+03	-9.87611925620523E-02
 1.98404830894765E+03	 1.23274886145020E-01
 1.98405104684768E+03	 3.58493462275191E-01
 1.98405378474771E+03	 4.95813419301430E-01
 1.98405652264774E+03	 4.52719724958614E-01
 1.98405926054777E+03	 2.49045945063856E-01
 1.98406199844780E+03	-9.62193102501976E-03
 1.98406473634783E+03	-2.22809699186274E-01
 1.98406747424786E+03	-3.58206502476578E-01
 1.98407021214789E+03	-4.31046716072907E-01
 1.98407295004792E+03	-4.50416114930376E-01
 1.98407568794795E+03	-4.05405590459868E-01
 1.98407842584798E+03	-2.92979232176636E-01
 1.98408116374801E+03	-1.37976530912462E-01
 1.98408390164804E+03	 1.91518663303540E-02
 1.98408663954808E+03	 1.46420256751773E-01
 1.98408937744811E+03	 2.31159125840442E-01
 1.98409211534814E+03	 2.75062082327584E-01
 1.98409485324817E+03	 2.83240264322383E-01
 1.98409759114820E+03	 2.55650163618544E-01
 1.98410032904823E+03	 1.86911832939243E-01
 1.98410306694826E+03	 7.64985077952159E-02
 1.98410580484829E+03	-5.88209979771260E-02
 1.98410854274832E+03	-1.84927547192192E-01
 1.98411128064835E+03	-2.67260724478755E-01
 1.98411401854838E+03	-2.88424603166395E-01
 1.98411675644841E+03	-2.44988386151033E-01
 1.98411949434844E+03	-1.28883741365304E-01
 1.98412223224848E+03	 7.07633557169029E-02
 1.98412497014851E+03	 3.28121367062864E-01
 1.98412770804854E+03	 5.48697896988554E-01
 1.98413044594857E+03	 6.09394698141528E-01
 1.98413318384860E+03	 4.56807637013753E-01
 1.98413592174863E+03	 1.61841989621839E-01
 1.98413865964866E+03	-1.37921044990068E-01
 1.98414139754869E+03	-3.46802478027184E-01
 1.98414413544872E+03	-4.53509428125914E-01
 1.98414687334875E+03	-4.83464853001554E-01
 1.98414961124878E+03	-4.45225702365523E-01
 1.98415234914881E+03	-3.35947361599561E-01
 1.98415508704884E+03	-1.74545715383130E-01
 1.98415782494888E+03	-3.51190127846079E-03
 1.98416056284891E+03	 1.39772346507026E-01
 1.98416330074894E+03	 2.40314986252845E-01
 1.98416603864897E+03	 2.97256364281154E-01
 1.98416877654900E+03	 3.11321573310811E-01
 1.98417151444903E+03	 2.82287738331385E-01
 1.98417425234906E+03	 2.10868745706335E-01
 1.98417699024909E+03	 1.01258420374718E-01
 1.98417972814912E+03	-3.25565669038873E-02
 1.98418246604915E+03	-1.62261708649027E-01
 1.98418520394918E+03	-2.54009662498283E-01
 1.98418794184921E+03	-2.86427288310771E-01
 1.98419067974924E+03	-2.56587403625804E-01
 1.98419341764928E+03	-1.64719217658191E-01
 1.98419615554931E+03	-8.70653381738272E-04
 1.98419889344934E+03	 2.35354325577992E-01
 1.98420163134937E+03	 4.91998491965766E-01
 1.98420436924940E+03	 6.56944220241897E-01
 1.98420710714943E+03	 6.24174114415361E-01
 1.98420984504946E+03	 3.85379084619950E-01
 1.98421258294949E+03	 4.75324056289673E-02
 1.98421532084952E+03	-2.51268650539491E-01
 1.98421805874955E+03	-4.37843518321390E-01
 1.98422079664958E+03	-5.14833608770507E-01
 1.98422353454961E+03	-5.03567360430733E-01
 1.98422627244964E+03	-4.10766663654353E-01
 1.98422901034967E+03	-2.50786730795410E-01
 1.98423174824971E+03	-6.64745950086247E-02
 1.98423448614974E+03	 9.35271498150433E-02
 1.98423722404977E+03	 2.07513106363067E-01
 1.98423996194980E+03	 2.78702497389340E-01
 1.98424269984983E+03	 3.10544097503044E-01
 1.98424543774986E+03	 2.97210565423738E-01
 1.98424817564989E+03	 2.33835834040948E-01
 1.98425091354992E+03	 1.25599635746443E-01
 1.98425365144995E+03	-1.10312818787718E-02
 1.98425638934998E+03	-1.48649462580098E-01
 1.98425912725001E+03	-2.53954870934668E-01
 1.98426186515004E+03	-3.01937244125881E-01
 1.98426460305007E+03	-2.86525116282519E-01
 1.98426734095011E+03	-2.12611446389097E-01
 1.98427007885014E+03	-7.94461504574883E-02
 1.98427281675017E+03	 1.16999365450168E-01
 1.98427555465020E+03	 3.54865016387184E-01
 1.98427829255023E+03	 5.61476149210031E-01
 1.98428103045026E+03	 6.35040140986992E-01
 1.98428376835029E+03	 5.13903699145223E-01
 1.98428650625032E+03	 2.33793657259344E-01
 1.98428924415035E+03	-9.10659032596038E-02
 1.98429198205038E+03	-3.50264582838349E-01
 1.98429471995041E+03	-4.97932841336799E-01
 1.98429745785044E+03	-5.38883617970361E-01
 1.98430019575047E+03	-4.84250097749934E-01
 1.98430293365051E+03	-3.45415090643005E-01
 1.98430567155054E+03	-1.58637382382000E-01
 1.98430840945057E+03	 1.85577046576986E-02
 1.98431114735060E+03	 1.46865624289475E-01
 1.98431388525063E+03	 2.26109612418435E-01
 1.98431662315066E+03	 2.71079602848154E-01
 1.98431936105069E+03	 2.81287190386311E-01
 1.98432209895072E+03	 2.43031478940459E-01
 1.98432483685075E+03	 1.50736719372408E-01
 1.98432757475078E+03	 1.77981212408637E-02
 1.98433031265081E+03	-1.26918856491702E-01
 1.98433305055084E+03	-2.47852154682457E-01
 1.98433578845087E+03	-3.15631186447222E-01
 1.98433852635090E+03	-3.18957403180504E-01
 1.98434126425094E+03	-2.61910726547161E-01
 1.98434400215097E+03	-1.49018505402163E-01
 1.98434674005100E+03	 1.85174028764320E-02
 1.98434947795103E+03	 2.24612971939350E-01
 1.98435221585106E+03	 4.19591586181990E-01
 1.98435495375109E+03	 5.29195236674687E-01
 1.98435769165112E+03	 4.93480253808018E-01
 1.98436042955115E+03	 3.08606821883608E-01
 1.98436316745118E+03	 3.63439144976783E-02
 1.98436590535121E+03	-2.31808168810023E-01
 1.98436864325124E+03	-4.26754568087553E-01
 1.98437138115127E+03	-5.22662340874876E-01
 1.98437411905130E+03	-5.17888646785512E-01
 1.98437685695134E+03	-4.17728077945456E-01
 1.98437959485137E+03	-2.46564449728613E-01
 1.98438233275140E+03	-5.84192957623592E-02
 1.98438507065143E+03	 9.02415490176392E-02
 1.98438780855146E+03	 1.80010678382872E-01
 1.98439054645149E+03	 2.28063834887326E-01
 1.98439328435152E+03	 2.50215217747403E-01
 1.98439602225155E+03	 2.37777231218620E-01
 1.98439876015158E+03	 1.73269218525263E-01
 1.98440149805161E+03	 5.65737989542995E-02
 1.98440423595164E+03	-8.79320662187647E-02
 1.98440697385167E+03	-2.22014113149482E-01
 1.98440971175170E+03	-3.10263122661321E-01
 1.98441244965174E+03	-3.34675851194143E-01
 1.98441518755177E+03	-2.95863012512452E-01
 1.98441792545180E+03	-1.98625135361723E-01
 1.98442066335183E+03	-4.42165057984232E-02
 1.98442340125186E+03	 1.52079178929945E-01
 1.98442613915189E+03	 3.40244478929618E-01
 1.98442887705191E+03	 4.49205802670772E-01
 1.98443161495195E+03	 4.30496035836703E-01
 1.98443435285198E+03	 2.88371907945462E-01
 1.98443709075201E+03	 7.12267647910288E-02
 1.98443982865204E+03	-1.58812036052757E-01
 1.98444256655207E+03	-3.50601521337324E-01
 1.98444530445210E+03	-4.72124700878644E-01
 1.98444804235213E+03	-5.06006073215220E-01
 1.98445078025217E+03	-4.45171671625740E-01
 1.98445351815220E+03	-3.00860916461173E-01
 1.98445625605223E+03	-1.14211052900080E-01
 1.98445899395226E+03	 5.52314067583844E-02
 1.98446173185229E+03	 1.66525779507711E-01
 1.98446446975232E+03	 2.20885902422006E-01
 1.98446720765235E+03	 2.41969863852532E-01
 1.98446994555238E+03	 2.38608865199491E-01
 1.98447268345241E+03	 1.96297407884714E-01
 1.98447542135244E+03	 1.01728720595901E-01
 1.98447815925247E+03	-3.39061139276493E-02
 1.98448089715250E+03	-1.75437554149187E-01
 1.98448363505253E+03	-2.81967286079542E-01
 1.98448637295257E+03	-3.27212343970990E-01
 1.98448911085260E+03	-3.06941193823321E-01
 1.98449184875263E+03	-2.25929078575768E-01
 1.98449458665266E+03	-8.22726485551273E-02
 1.98449732455269E+03	 1.19514430410679E-01
 1.98450006245272E+03	 3.33885169742259E-01
 1.98450280035275E+03	 4.72756096474357E-01
 1.98450553825278E+03	 4.63000831398235E-01
 1.98450827615281E+03	 3.07327575862516E-01
 1.98451101405284E+03	 7.81849260249904E-02
 1.98451375195287E+03	-1.44689849787595E-01
 1.98451648985290E+03	-3.19788620389464E-01
 1.98451922775293E+03	-4.35635830370010E-01
 1.98452196565297E+03	-4.82187257698531E-01
 1.98452470355300E+03	-4.44807492840347E-01
 1.98452744145303E+03	-3.22435661330747E-01
 1.98453017935306E+03	-1.43811788375687E-01
 1.98453291725309E+03	 3.83898830313440E-02
 1.98453565515312E+03	 1.74985589067644E-01
 1.98453839305315E+03	 2.47846299317501E-01
 1.98454113095318E+03	 2.71006925335014E-01
 1.98454386885321E+03	 2.63806377893628E-01
 1.98454660675324E+03	 2.26818212356481E-01
 1.98454934465327E+03	 1.47235438739607E-01
 1.98455208255330E+03	 2.37558035521667E-02
 1.98455482045333E+03	-1.18930976898433E-01
 1.98455755835337E+03	-2.39753544452691E-01
 1.98456029625340E+03	-3.04496613777054E-01
 1.98456303415343E+03	-3.02078093190861E-01
 1.98456577205346E+03	-2.37925354654367E-01
 1.98456850995349E+03	-1.11775983931496E-01
 1.98457124785352E+03	 8.46739237602941E-02
 1.98457398575355E+03	 3.29957985093193E-01
 1.98457672365358E+03	 5.38379268486289E-01
 1.98457946155361E+03	 5.95912638532443E-01
 1.98458219945364E+03	 4.53776183334156E-01
 1.98458493735367E+03	 1.78106535161822E-01
 1.98458767525370E+03	-1.06857076383302E-01
 1.98459041315373E+03	-3.16647631884993E-01
 1.98459315105376E+03	-4.38378540899566E-01
 1.98459588895380E+03	-4.85634928387992E-01
 1.98459862685383E+03	-4.56363916240250E-01
 1.98460136475386E+03	-3.43794557583882E-01
 1.98460410265389E+03	-1.67729941031276E-01
 1.98460684055392E+03	 2.30758110064263E-02
 1.98460957845395E+03	 1.78538509853312E-01
 1.98461231635398E+03	 2.73091071271299E-01
 1.98461505425401E+03	 3.09356076245365E-01
 1.98461779215404E+03	 3.02793176007170E-01
 1.98462053005407E+03	 2.62779309634111E-01
 1.98462326795410E+03	 1.86516923135051E-01
 1.98462600585413E+03	 7.11192710073106E-02
 1.98462874375416E+03	-6.89888660303201E-02
 1.98463148165420E+03	-1.99049083693812E-01
 1.98463421955423E+03	-2.81102457746078E-01
 1.98463695745426E+03	-2.96110539041472E-01
 1.98463969535429E+03	-2.48034108930065E-01
 1.98464243325432E+03	-1.43282854504355E-01
 1.98464517115435E+03	 2.80228212753408E-02
 1.98464790905438E+03	 2.71318450609893E-01
 1.98465064695441E+03	 5.35744680940225E-01
 1.98465338485444E+03	 7.01398686300718E-01
 1.98465612275447E+03	 6.55129742907817E-01
 1.98465886065450E+03	 3.94368467114112E-01
 1.98466159855453E+03	 4.04753033066070E-02
 1.98466433645456E+03	-2.61458119034519E-01
 1.98466707435460E+03	-4.43924549309676E-01
 1.98466981225463E+03	-5.16859824486971E-01
 1.98467255015466E+03	-5.00877903915111E-01
 1.98467528805469E+03	-3.97454315654513E-01
 1.98467802595472E+03	-2.19504421177517E-01
 1.98468076385475E+03	-1.51515651111500E-02
 1.98468350175478E+03	 1.57362525212260E-01
 1.98468623965481E+03	 2.67681821298736E-01
 1.98468897755484E+03	 3.18347248469504E-01
 1.98469171545487E+03	 3.22709697609906E-01
 1.98469445335490E+03	 2.87808750100451E-01
 1.98469719125493E+03	 2.13800107352901E-01
 1.98469992915496E+03	 1.01926614334765E-01
 1.98470266705499E+03	-3.58276741239328E-02
 1.98470540495503E+03	-1.71276732725671E-01
 1.98470814285506E+03	-2.67753420983726E-01
 1.98471088075509E+03	-3.00047818334515E-01
 1.98471361865512E+03	-2.67435301130227E-01
 1.98471635655515E+03	-1.81959008691578E-01
 1.98471909445518E+03	-4.30827013245558E-02
 1.98472183235521E+03	 1.64264151743620E-01
 1.98472457025524E+03	 4.28966739369548E-01
 1.98472730815527E+03	 6.69401802208467E-01
 1.98473004605530E+03	 7.55293183568599E-01
 1.98473278395533E+03	 6.05257165125184E-01
 1.98473552185536E+03	 2.68544275090913E-01
 1.98473825975539E+03	-1.05831465102838E-01
 1.98474099765543E+03	-3.85403480919205E-01
 1.98474373555546E+03	-5.28795620678860E-01
 1.98474647345549E+03	-5.54651725316954E-01
 1.98474921135552E+03	-4.78918017384028E-01
 1.98475194925555E+03	-3.11851236119278E-01
 1.98475468715558E+03	-9.48945340802085E-02
 1.98475742505561E+03	 1.02067926231443E-01
 1.98476016295564E+03	 2.30158717330921E-01
 1.98476290085567E+03	 2.89574459557597E-01
 1.98476563875570E+03	 3.03954786939992E-01
 1.98476837665573E+03	 2.84052822790254E-01
 1.98477111455576E+03	 2.24099076516342E-01
 1.98477385245579E+03	 1.20733422071822E-01
 1.98477659035583E+03	-1.43305992458644E-02
 1.98477932825586E+03	-1.54065929241423E-01
 1.98478206615589E+03	-2.63144728040476E-01
 1.98478480405592E+03	-3.12689877060172E-01
 1.98478754195595E+03	-2.95829887012116E-01
 1.98479027985598E+03	-2.25568589105051E-01
 1.98479301775601E+03	-1.12107156595465E-01
 1.98479575565604E+03	 5.27882022521412E-02
 1.98479849355607E+03	 2.76088919368063E-01
 1.98480123145610E+03	 5.20285231450947E-01
 1.98480396935613E+03	 6.87907603804664E-01
 1.98480670725616E+03	 6.72369584457770E-01
 1.98480944515619E+03	 4.44908427421558E-01
 1.98481218305622E+03	 9.16278846648295E-02
 1.98481492095626E+03	-2.46900949020381E-01
 1.98481765885629E+03	-4.73561660028005E-01
 1.98482039675632E+03	-5.68456288556413E-01
 1.98482313465635E+03	-5.45341098399552E-01
 1.98482587255638E+03	-4.14891909351868E-01
 1.98482861045641E+03	-2.05007486886380E-01
 1.98483134835644E+03	 1.61544753039879E-02
 1.98483408625647E+03	 1.74990343942883E-01
 1.98483682415650E+03	 2.48456930607638E-01
 1.98483956205653E+03	 2.65314856800197E-01
 1.98484229995656E+03	 2.55322843594181E-01
 1.98484503785659E+03	 2.16848876219244E-01
 1.98484777575662E+03	 1.34407598516172E-01
 1.98485051365666E+03	 9.30413459564623E-03
 1.98485325155669E+03	-1.32945552447778E-01
 1.98485598945672E+03	-2.54574392879761E-01
 1.98485872735675E+03	-3.22144010186214E-01
 1.98486146525678E+03	-3.21978862122934E-01
 1.98486420315681E+03	-2.63977514433244E-01
 1.98486694105684E+03	-1.64651874011578E-01
 1.98486967895687E+03	-2.64595069277000E-02
 1.98487241685690E+03	 1.56463292387139E-01
 1.98487515475693E+03	 3.66459845727210E-01
 1.98487789265696E+03	 5.41422606528294E-01
 1.98488063055699E+03	 5.96528515094554E-01
 1.98488336845702E+03	 4.79713014120837E-01
 1.98488610635706E+03	 2.16471403075513E-01
 1.98488884425709E+03	-9.89761132973636E-02
 1.98489158215712E+03	-3.63440052217446E-01
 1.98489432005715E+03	-5.19650756158952E-01
 1.98489705795718E+03	-5.57056477800842E-01
 1.98489979585721E+03	-4.80000352803665E-01
 1.98490253375724E+03	-3.03060458744350E-01
 1.98490527165727E+03	-7.65742687422995E-02
 1.98490800955730E+03	 1.18059298286786E-01
 1.98491074745733E+03	 2.23685880751498E-01
 1.98491348535736E+03	 2.48129290345131E-01
 1.98491622325739E+03	 2.35275906989696E-01
 1.98491896115742E+03	 2.06636521923017E-01
 1.98492169905746E+03	 1.47505124601616E-01
 1.98492443695749E+03	 4.21448284967956E-02
 1.98492717485752E+03	-9.61099433555284E-02
 1.98492991275755E+03	-2.29061957813359E-01
 1.98493265065758E+03	-3.16139167365735E-01
 1.98493538855761E+03	-3.34686587929274E-01
 1.98493812645764E+03	-2.88257140718926E-01
 1.98494086435767E+03	-1.95085568411991E-01
 1.98494360225770E+03	-6.53203619853387E-02
 1.98494634015773E+03	 1.02267460206196E-01
 1.98494907805776E+03	 2.92919357717263E-01
 1.98495181595779E+03	 4.53886211658381E-01
 1.98495455385782E+03	 5.15058223167264E-01
 1.98495729175785E+03	 4.36500940929295E-01
 1.98496002965789E+03	 2.35920543749067E-01
 1.98496276755792E+03	-2.38072112479368E-02
 1.98496550545795E+03	-2.68856807362289E-01
 1.98496824335798E+03	-4.43853986731584E-01
 1.98497098125801E+03	-5.20782548830709E-01
 1.98497371915804E+03	-4.89769644824973E-01
 1.98497645705807E+03	-3.53950768944888E-01
 1.98497919495810E+03	-1.43913226197950E-01
 1.98498193285813E+03	 7.24428024930529E-02
 1.98498467075816E+03	 2.20627324489334E-01
 1.98498740865819E+03	 2.72688581619436E-01
 1.98499014655822E+03	 2.59258475265162E-01
 1.98499288445825E+03	 2.22509096074287E-01
 1.98499562235829E+03	 1.69823177283719E-01
 1.98499836025832E+03	 8.20646388087800E-02
 1.98500109815835E+03	-4.56566489237655E-02
 1.98500383605838E+03	-1.85116481523376E-01
 1.98500657395841E+03	-2.91706623043458E-01
 1.98500931185844E+03	-3.32048014946164E-01
 1.98501204975847E+03	-3.00052676951498E-01
 1.98501478765850E+03	-2.11705892114041E-01
 1.98501752555853E+03	-8.20937337453217E-02
 1.98502026345856E+03	 8.80086291283050E-02
 1.98502300135859E+03	 2.89261434886439E-01
 1.98502573925862E+03	 4.69046478022549E-01
 1.98502847715865E+03	 5.43531998347838E-01
 1.98503121505869E+03	 4.61838916425754E-01
 1.98503395295872E+03	 2.51851938825855E-01
 1.98503669085875E+03	-5.13293993107268E-03
 1.98503942875878E+03	-2.35248745969439E-01
 1.98504216665881E+03	-4.00833505285467E-01
 1.98504490455884E+03	-4.85855441334164E-01
 1.98504764245887E+03	-4.77276275768874E-01
 1.98505038035890E+03	-3.68792341073118E-01
 1.98505311825893E+03	-1.78460589848592E-01
 1.98505585615896E+03	 4.18589628784036E-02
 1.98505859405899E+03	 2.22488014712930E-01
 1.98506133195902E+03	 3.14836540866260E-01
 1.98506406985905E+03	 3.20628506242622E-01
 1.98506680775908E+03	 2.77406827933005E-01
 1.98506954565912E+03	 2.13947235173655E-01
 1.98507228355915E+03	 1.27865142103725E-01
 1.98507502145918E+03	 7.99911643442357E-03
 1.98507775935921E+03	-1.33016384453944E-01
 1.98508049725924E+03	-2.55950827431640E-01
 1.98508323515927E+03	-3.20077389020379E-01
 1.98508597305930E+03	-3.08121892888157E-01
 1.98508871095933E+03	-2.30271232826833E-01
 1.98509144885936E+03	-1.04559933105930E-01
 1.98509418675939E+03	 6.57717728712032E-02
 1.98509692465942E+03	 2.82552849526893E-01
 1.98509966255945E+03	 5.08460214513272E-01
 1.98510240045948E+03	 6.48211473015950E-01
 1.98510513835952E+03	 6.07339603180574E-01
 1.98510787625955E+03	 3.80971825976321E-01
 1.98511061415958E+03	 6.75196055146762E-02
 1.98511335205961E+03	-2.13096386621556E-01
 1.98511608995964E+03	-4.00154825679037E-01
 1.98511882785967E+03	-4.90740672427756E-01
 1.98512156575970E+03	-4.90142911487811E-01
 1.98512430365973E+03	-3.93549905746274E-01
 1.98512704155976E+03	-2.11455314274146E-01
 1.98512977945979E+03	 1.06570261900539E-02
 1.98513251735982E+03	 2.08266031182534E-01
 1.98513525525985E+03	 3.31747724146272E-01
 1.98513799315988E+03	 3.68408870685800E-01
 1.98514073105992E+03	 3.38556490016106E-01
 1.98514346895995E+03	 2.70632538142060E-01
 1.98514620685998E+03	 1.77458724242895E-01
 1.98514894476001E+03	 5.70281626180667E-02
 1.98515168266004E+03	-8.48902459368104E-02
 1.98515442056007E+03	-2.19347866145115E-01
 1.98515715846010E+03	-3.05700093500297E-01
 1.98515989636013E+03	-3.17850232365944E-01
 1.98516263426016E+03	-2.58390001564368E-01
 1.98516537216019E+03	-1.46405317102276E-01
 1.98516811006022E+03	 9.46096375947401E-03
 1.98517084796025E+03	 2.18466199007930E-01
 1.98517358586028E+03	 4.71424984859302E-01
 1.98517632376031E+03	 6.93497983182952E-01
 1.98517906166035E+03	 7.60975919145584E-01
 1.98518179956038E+03	 5.98326291387841E-01
 1.98518453746041E+03	 2.59600568945245E-01
 1.98518727536044E+03	-1.06998825522038E-01
 1.98519001326047E+03	-3.76527787457787E-01
 1.98519275116050E+03	-5.14078718796367E-01
 1.98519548906053E+03	-5.37195733394534E-01
 1.98519822696056E+03	-4.56887371093732E-01
 1.98520096486059E+03	-2.80787728631826E-01
 1.98520370276062E+03	-4.99267919660729E-02
 1.98520644066065E+03	 1.64351046110643E-01
 1.98520917856068E+03	 3.05669049184640E-01
 1.98521191646071E+03	 3.62207042179583E-01
 1.98521465436075E+03	 3.53336863495688E-01
 1.98521739226078E+03	 3.00578362785733E-01
 1.98522013016081E+03	 2.13659104066530E-01
 1.98522286806084E+03	 9.50288746626590E-02
 1.98522560596087E+03	-4.72384176090078E-02
 1.98522834386090E+03	-1.88919521478948E-01
 1.98523108176093E+03	-2.92837922255628E-01
 1.98523381966096E+03	-3.28281712539234E-01
 1.98523655756099E+03	-2.90401101925905E-01
 1.98523929546102E+03	-1.97794017586085E-01
 1.98524203336105E+03	-6.69500356765994E-02
 1.98524477126108E+03	 1.08723772279118E-01
 1.98524750916111E+03	 3.41770682864854E-01
 1.98525024706115E+03	 5.99243044457399E-01
 1.98525298496118E+03	 7.75789024449139E-01
 1.98525572286121E+03	 7.49411574919452E-01
 1.98525846076124E+03	 4.88607931747477E-01
 1.98526119866127E+03	 9.73243673052020E-02
 1.98526393656130E+03	-2.63034638019802E-01
 1.98526667446133E+03	-4.90936709290968E-01
 1.98526941236136E+03	-5.75279103814707E-01
 1.98527215026139E+03	-5.36447469141839E-01
 1.98527488816142E+03	-3.85736365269120E-01
 1.98527762606145E+03	-1.53273471309942E-01
 1.98528036396148E+03	 8.59837742039130E-02
 1.98528310186151E+03	 2.51810759852789E-01
 1.98528583976155E+03	 3.18212096966400E-01
 1.98528857766158E+03	 3.14911358322812E-01
 1.98529131556161E+03	 2.77206270411090E-01
 1.98529405346164E+03	 2.12455063172217E-01
 1.98529679136167E+03	 1.12117402114172E-01
 1.98529952926170E+03	-2.15778671939808E-02
 1.98530226716173E+03	-1.65304492071611E-01
 1.98530500506176E+03	-2.81825435668048E-01
 1.98530774296179E+03	-3.36796546171894E-01
 1.98531048086182E+03	-3.17967657266946E-01
 1.98531321876185E+03	-2.41126120157634E-01
 1.98531595666188E+03	-1.30793873497137E-01
 1.98531869456191E+03	 8.17971262562251E-03
 1.98532143246194E+03	 1.92528408452889E-01
 1.98532417036198E+03	 4.22462466559328E-01
 1.98532690826201E+03	 6.38150303794018E-01
 1.98532964616204E+03	 7.28202580082011E-01
 1.98533238406207E+03	 6.06481003934051E-01
 1.98533512196210E+03	 2.94024675454772E-01
 1.98533785986213E+03	-8.32909121577093E-02
 1.98534059776216E+03	-3.87563777187550E-01
 1.98534333566219E+03	-5.53132683857205E-01
 1.98534607356222E+03	-5.80426808319932E-01
 1.98534881146225E+03	-4.81926022460541E-01
 1.98535154936228E+03	-2.74723876923806E-01
 1.98535428726231E+03	-1.84195032617681E-02
 1.98535702516234E+03	 1.89400744152362E-01
 1.98535976306238E+03	 2.83317362329838E-01
 1.98536250096241E+03	 2.78680060273295E-01
 1.98536523886244E+03	 2.33988485286240E-01
 1.98536797676247E+03	 1.80592675538996E-01
 1.98537071466250E+03	 1.06246196343165E-01
 1.98537345256253E+03	-5.76006687085516E-03
 1.98537619046256E+03	-1.43248808463092E-01
 1.98537892836259E+03	-2.68466802699743E-01
 1.98538166626262E+03	-3.40833768902489E-01
 1.98538440416265E+03	-3.38829588893431E-01
 1.98538714206268E+03	-2.71232171910081E-01
 1.98538987996271E+03	-1.66670342502431E-01
 1.98539261786274E+03	-4.44730145325501E-02
 1.98539535576278E+03	 1.02011267816747E-01
 1.98539809366281E+03	 2.83637835680694E-01
 1.98540083156284E+03	 4.74439065810050E-01
 1.98540356946287E+03	 5.99484546745373E-01
 1.98540630736290E+03	 5.75454328962682E-01
 1.98540904526293E+03	 3.75875214563766E-01
 1.98541178316296E+03	 6.27761161366519E-02
 1.98541452106299E+03	-2.49903654374224E-01
 1.98541725896302E+03	-4.69325314937757E-01
 1.98541999686305E+03	-5.60862322298055E-01
 1.98542273476308E+03	-5.24397482203959E-01
 1.98542547266311E+03	-3.66863363465569E-01
 1.98542821056314E+03	-1.21959343814642E-01
 1.98543094846317E+03	 1.24632902465675E-01
 1.98543368636321E+03	 2.74773618516295E-01
 1.98543642426324E+03	 2.96017680487854E-01
 1.98543916216327E+03	 2.38973403139536E-01
 1.98544190006330E+03	 1.68930459008773E-01
 1.98544463796333E+03	 1.00606383189888E-01
 1.98544737586336E+03	 9.41163334062461E-03
 1.98545011376339E+03	-1.14996375737050E-01
 1.98545285166342E+03	-2.45106959316187E-01
 1.98545558956345E+03	-3.35479933148819E-01
 1.98545832746348E+03	-3.53125849850599E-01
 1.98546106536351E+03	-2.95263907441244E-01
 1.98546380326354E+03	-1.87225200013533E-01
 1.98546654116357E+03	-5.86694074742878E-02
 1.98546927906361E+03	 8.20248648703956E-02
 1.98547201696364E+03	 2.41350821406192E-01
 1.98547475486367E+03	 4.04372019772331E-01
 1.98547749276370E+03	 5.16210948613218E-01
 1.98548023066373E+03	 5.11999706061139E-01
 1.98548296856376E+03	 3.66951299794753E-01
 1.98548570646379E+03	 1.18123270968462E-01
 1.98548844436382E+03	-1.56527233052357E-01
 1.98549118226385E+03	-3.79553179878122E-01
 1.98549392016388E+03	-5.03891019147262E-01
 1.98549665806391E+03	-5.12927225834544E-01
 1.98549939596394E+03	-4.04505468377765E-01
 1.98550213386397E+03	-1.93698220807625E-01
 1.98550487176401E+03	 6.27155795067500E-02
 1.98550760966404E+03	 2.69251579366483E-01
 1.98551034756407E+03	 3.51168853088976E-01
 1.98551308546410E+03	 3.13473393073579E-01
 1.98551582336413E+03	 2.22997040446091E-01
 1.98551856126416E+03	 1.32433642833285E-01
 1.98552129916419E+03	 4.02740778543686E-02
 1.98552403706422E+03	-7.53029867324973E-02
 1.98552677496425E+03	-2.07332399718994E-01
 1.98552951286428E+03	-3.15668113793373E-01
 1.98553225076431E+03	-3.58209222741875E-01
 1.98553498866434E+03	-3.18657725689302E-01
 1.98553772656437E+03	-2.12666637213701E-01
 1.98554046446440E+03	-7.16833966190562E-02
 1.98554320236444E+03	 8.42851392559298E-02
 1.98554594026447E+03	 2.54148581248506E-01
 1.98554867816450E+03	 4.25627342118339E-01
 1.98555141606453E+03	 5.45441445233984E-01
 1.98555415396456E+03	 5.43169680967025E-01
 1.98555689186459E+03	 3.93515867731061E-01
 1.98555962976462E+03	 1.44033748146411E-01
 1.98556236766465E+03	-1.21547251680390E-01
 1.98556510556468E+03	-3.35813314913725E-01
 1.98556784346471E+03	-4.64369339904356E-01
 1.98557058136474E+03	-4.92054487133963E-01
 1.98557331926477E+03	-4.11823202930699E-01
 1.98557605716480E+03	-2.31148456129304E-01
 1.98557879506484E+03	 1.19353574385840E-02
 1.98558153296487E+03	 2.44168554630852E-01
 1.98558427086490E+03	 3.85556343232405E-01
 1.98558700876493E+03	 4.00832704503496E-01
 1.98558974666496E+03	 3.22147797266369E-01
 1.98559248456499E+03	 2.10339774039006E-01
 1.98559522246502E+03	 9.70690543353562E-02
 1.98559796036505E+03	-2.45481420579433E-02
 1.98560069826508E+03	-1.59908707073686E-01
 1.98560343616511E+03	-2.83371729724560E-01
 1.98560617406514E+03	-3.52339674417967E-01
 1.98560891196517E+03	-3.39626554464034E-01
 1.98561164986520E+03	-2.49503597955412E-01
 1.98561438776524E+03	-1.08742099646752E-01
 1.98561712566527E+03	 5.79385924127154E-02
 1.98561986356530E+03	 2.44503402561020E-01
 1.98562260146533E+03	 4.44935267285902E-01
 1.98562533936536E+03	 6.12492902017679E-01
 1.98562807726539E+03	 6.59494250827488E-01
 1.98563081516542E+03	 5.25766733562199E-01
 1.98563355306545E+03	 2.46013120244763E-01
 1.98563629096548E+03	-6.95675318745980E-02
 1.98563902886551E+03	-3.20217287673410E-01
 1.98564176676554E+03	-4.65717041786614E-01
 1.98564450466557E+03	-5.04584008127974E-01
 1.98564724256560E+03	-4.37553079205572E-01
 1.98564998046564E+03	-2.70223077112157E-01
 1.98565271836567E+03	-3.65440699635220E-02
 1.98565545626570E+03	 1.99183880026541E-01
 1.98565819416573E+03	 3.68376314270193E-01
 1.98566093206576E+03	 4.30735418626967E-01
 1.98566366996579E+03	 3.91523833206840E-01
 1.98566640786582E+03	 2.89915000175480E-01
 1.98566914576585E+03	 1.64693275757242E-01
 1.98567188366588E+03	 3.00615535652783E-02
 1.98567462156591E+03	-1.12904818942760E-01
 1.98567735946594E+03	-2.48198320431631E-01
 1.98568009736597E+03	-3.39786218884186E-01
 1.98568283526600E+03	-3.55574205276340E-01
 1.98568557316603E+03	-2.90618352073944E-01
 1.98568831106607E+03	-1.66160554368579E-01
 1.98569104896610E+03	-7.83282846332419E-03
 1.98569378686613E+03	 1.75937781249019E-01
 1.98569652476616E+03	 3.88144116128814E-01
 1.98569926266619E+03	 6.03140621857552E-01
 1.98570200056622E+03	 7.37060148702159E-01
 1.98570473846625E+03	 6.89256381385783E-01
 1.98570747636628E+03	 4.36258971507271E-01
 1.98571021426631E+03	 7.29431787874088E-02
 1.98571295216634E+03	-2.57730728776707E-01
 1.98571569006637E+03	-4.67263411909478E-01
 1.98571842796640E+03	-5.43917414640346E-01
 1.98572116586643E+03	-5.01031948676833E-01
 1.98572390376647E+03	-3.47246631831779E-01
 1.98572664166650E+03	-1.12285505579889E-01
 1.98572937956653E+03	 1.34275944324681E-01
 1.98573211746656E+03	 3.15897755961798E-01
 1.98573485536659E+03	 3.95586748124574E-01
 1.98573759326662E+03	 3.83785653867699E-01
 1.98574033116665E+03	 3.11344956131759E-01
 1.98574306906668E+03	 2.03422999856102E-01
 1.98574580696671E+03	 7.23600823405345E-02
 1.98574854486674E+03	-7.39119323858731E-02
 1.98575128276677E+03	-2.17785187565994E-01
 1.98575402066680E+03	-3.26696189933427E-01
 1.98575675856683E+03	-3.67122029601144E-01
 1.98575949646687E+03	-3.27310273610979E-01
 1.98576223436690E+03	-2.24446064490966E-01
 1.98576497226693E+03	-8.66609744722716E-02
 1.98576771016696E+03	 7.33097691330892E-02
 1.98577044806699E+03	 2.64028279991970E-01
 1.98577318596702E+03	 4.84948192335632E-01
 1.98577592386705E+03	 6.82440003151831E-01
 1.98577866176708E+03	 7.50506705371481E-01
 1.98578139966711E+03	 6.06002507828079E-01
 1.98578413756714E+03	 2.75721691877300E-01
 1.98578687546717E+03	-1.07260912867830E-01
 1.98578961336720E+03	-4.04365173620499E-01
 1.98579235126723E+03	-5.56071968879029E-01
 1.98579508916726E+03	-5.67437200562162E-01
 1.98579782706730E+03	-4.51651406294458E-01
 1.98580056496733E+03	-2.28223936048601E-01
 1.98580330286736E+03	 3.87046977219359E-02
 1.98580604076739E+03	 2.50795714378575E-01
 1.98580877866742E+03	 3.44751666513834E-01
 1.98581151656745E+03	 3.33456739021413E-01
 1.98581425446748E+03	 2.69637939451438E-01
 1.98581699236751E+03	 1.86187035129911E-01
 1.98581973026754E+03	 8.21715068336811E-02
 1.98582246816757E+03	-4.85769091829831E-02
 1.98582520606760E+03	-1.91937120193382E-01
 1.98582794396763E+03	-3.13193287671627E-01
 1.98583068186766E+03	-3.74277450128878E-01
 1.98583341976770E+03	-3.55722861370686E-01
 1.98583615766773E+03	-2.69229176719892E-01
 1.98583889556776E+03	-1.46864557041936E-01
 1.98584163346779E+03	-1.17307233048782E-02
 1.98584437136782E+03	 1.40914087775519E-01
 1.98584710926785E+03	 3.26492910742450E-01
 1.98584984716788E+03	 5.27261253624833E-01
 1.98585258506791E+03	 6.66901932716474E-01
 1.98585532296794E+03	 6.46175670487587E-01
 1.98585806086797E+03	 4.25460238545291E-01
 1.98586079876800E+03	 7.53647251084547E-02
 1.98586353666803E+03	-2.67380878050249E-01
 1.98586627456806E+03	-4.96879586205610E-01
 1.98586901246810E+03	-5.82205656402955E-01
 1.98587175036813E+03	-5.30058791182296E-01
 1.98587448826816E+03	-3.49946251039386E-01
 1.98587722616819E+03	-8.18454141506147E-02
 1.98587996406822E+03	 1.75772409568476E-01
 1.98588270196825E+03	 3.17188371174240E-01
 1.98588543986828E+03	 3.15827647571903E-01
 1.98588817776831E+03	 2.33929781427436E-01
 1.98589091566834E+03	 1.43248564277204E-01
 1.98589365356837E+03	 5.93998312662241E-02
 1.98589639146840E+03	-4.17045790825750E-02
 1.98589912936843E+03	-1.69073478054987E-01
 1.98590186726846E+03	-2.94695597164667E-01
 1.98590460516849E+03	-3.73837207291388E-01
 1.98590734306853E+03	-3.75383215843564E-01
 1.98591008096856E+03	-3.00348243203624E-01
 1.98591281886859E+03	-1.79901237810703E-01
 1.98591555676862E+03	-4.99707063433595E-02
 1.98591829466865E+03	 7.89693452197036E-02
 1.98592103256868E+03	 2.22561348073589E-01
 1.98592377046871E+03	 3.86152524954029E-01
 1.98592650836874E+03	 5.28841948460289E-01
 1.98592924626877E+03	 5.72063586892760E-01
 1.98593198416880E+03	 4.55241500028274E-01
 1.98593472206883E+03	 1.92590530686028E-01
 1.98593745996886E+03	-1.24428538747690E-01
 1.98594019786889E+03	-3.86782958879487E-01
 1.98594293576893E+03	-5.30798095200014E-01
 1.98594567366896E+03	-5.42771510470764E-01
 1.98594841156899E+03	-4.24122305714680E-01
 1.98595114946902E+03	-1.89800062686316E-01
 1.98595388736905E+03	 9.25172597417576E-02
 1.98595662526908E+03	 3.04502784167622E-01
 1.98595936316911E+03	 3.59673898437383E-01
 1.98596210106914E+03	 2.77668616301087E-01
 1.98596483896917E+03	 1.51419931481493E-01
 1.98596757686920E+03	 4.65886186917588E-02
 1.98597031476923E+03	-4.33557839118708E-02
 1.98597305266926E+03	-1.49946114992575E-01
 1.98597579056929E+03	-2.70255206839382E-01
 1.98597852846933E+03	-3.63483400837763E-01
 1.98598126636936E+03	-3.86962411440967E-01
 1.98598400426939E+03	-3.26354301160006E-01
 1.98598674216942E+03	-2.02983298834364E-01
 1.98598948006945E+03	-5.81058298588013E-02
 1.98599221796948E+03	 7.87298387709575E-02
 1.98599495586951E+03	 2.08524755335897E-01
 1.98599769376954E+03	 3.41865419448431E-01
 1.98600043166957E+03	 4.59173735127458E-01
 1.98600316956960E+03	 5.04283684618428E-01
 1.98600590746963E+03	 4.25563061888454E-01
 1.98600864536966E+03	 2.22718033026112E-01
 1.98601138326969E+03	-4.52874338253081E-02
 1.98601412116973E+03	-2.94126593189659E-01
 1.98601685906976E+03	-4.58026218023839E-01
 1.98601959696979E+03	-5.08091704121202E-01
 1.98602233486982E+03	-4.38012229146941E-01
 1.98602507276985E+03	-2.51232699071539E-01
 1.98602781066988E+03	 1.78118665940686E-02
 1.98603054856991E+03	 2.78362132996640E-01
 1.98603328646994E+03	 4.18328515905320E-01
 1.98603602436997E+03	 3.90792266301678E-01
 1.98603876227000E+03	 2.52939490311339E-01
 1.98604150017003E+03	 1.01396211015360E-01
 1.98604423807006E+03	-1.90668382882969E-02
 1.98604697597009E+03	-1.26924098232742E-01
 1.98604971387012E+03	-2.42528814292945E-01
 1.98605245177016E+03	-3.45389879191416E-01
 1.98605518967019E+03	-3.91762401093391E-01
 1.98605792757022E+03	-3.53586130438604E-01
 1.98606066547025E+03	-2.37283926548975E-01
 1.98606340337028E+03	-7.76149330965649E-02
 1.98606614127031E+03	 8.60451763782026E-02
 1.98606887917034E+03	 2.35866207789125E-01
 1.98607161707037E+03	 3.74162778142998E-01
 1.98607435497040E+03	 4.88625604673352E-01
 1.98607709287043E+03	 5.31199465643524E-01
 1.98607983077046E+03	 4.51213309582210E-01
 1.98608256867049E+03	 2.49417085370217E-01
 1.98608530657052E+03	-1.26065432478389E-02
 1.98608804447056E+03	-2.54582173540178E-01
 1.98609078237059E+03	-4.19673420135270E-01
 1.98609352027062E+03	-4.82277277173354E-01
 1.98609625817065E+03	-4.34679960721842E-01
 1.98609899607068E+03	-2.79257438083339E-01
 1.98610173397071E+03	-3.81307664622996E-02
 1.98610447187074E+03	 2.28813362371088E-01
 1.98610720977077E+03	 4.28325973602255E-01
 1.98610994767080E+03	 4.83044427555749E-01
 1.98611268557083E+03	 3.90756977454809E-01
 1.98611542347086E+03	 2.23558686669582E-01
 1.98611816137089E+03	 5.83827961092808E-02
 1.98612089927092E+03	-8.11315885155216E-02
 1.98612363717096E+03	-2.08599880837267E-01
 1.98612637507099E+03	-3.22487101884750E-01
 1.98612911297102E+03	-3.90824567837478E-01
 1.98613185087105E+03	-3.80635960140969E-01
 1.98613458877108E+03	-2.86225095756332E-01
 1.98613732667111E+03	-1.31106665460624E-01
 1.98614006457114E+03	 4.84484946738869E-02
 1.98614280247117E+03	 2.25492397254727E-01
 1.98614554037120E+03	 3.91881736757724E-01
 1.98614827827123E+03	 5.36566990983887E-01
 1.98615101617126E+03	 6.14415102957409E-01
 1.98615375407129E+03	 5.60633539525571E-01
 1.98615649197132E+03	 3.54749670969658E-01
 1.98615922987135E+03	 5.88629465442757E-02
 1.98616196777139E+03	-2.23142594175784E-01
 1.98616470567142E+03	-4.16325495656245E-01
 1.98616744357145E+03	-4.96497467414260E-01
 1.98617018147148E+03	-4.63210047363133E-01
 1.98617291937151E+03	-3.21733828746134E-01
 1.98617565727154E+03	-9.52844082455756E-02
 1.98617839517157E+03	 1.62273657663632E-01
 1.98618113307160E+03	 3.76957083427060E-01
 1.98618387097163E+03	 4.83620803423064E-01
 1.98618660887166E+03	 4.57827579499803E-01
 1.98618934677169E+03	 3.29272973700012E-01
 1.98619208467172E+03	 1.58077539594404E-01
 1.98619482257175E+03	-9.94618267465862E-03
 1.98619756047179E+03	-1.61879399183178E-01
 1.98620029837182E+03	-2.93620877904541E-01
 1.98620303627185E+03	-3.83603093817733E-01
 1.98620577417188E+03	-4.01652569013580E-01
 1.98620851207191E+03	-3.36202730232220E-01
 1.98621124997194E+03	-2.03593786642955E-01
 1.98621398787197E+03	-3.42401724536061E-02
 1.98621672577200E+03	 1.46755763367082E-01
 1.98621946367203E+03	 3.29360001184371E-01
 1.98622220157206E+03	 5.06204371512428E-01
 1.98622493947209E+03	 6.41390281921211E-01
 1.98622767737212E+03	 6.61912212244151E-01
 1.98623041527215E+03	 5.09103973388543E-01
 1.98623315317219E+03	 2.08776910643427E-01
 1.98623589107222E+03	-1.28829074229210E-01
 1.98623862897225E+03	-3.89367535081793E-01
 1.98624136687228E+03	-5.21068653012495E-01
 1.98624410477231E+03	-5.22855958849940E-01
 1.98624684267234E+03	-4.03695217310026E-01
 1.98624958057237E+03	-1.84214489953689E-01
 1.98625231847240E+03	 7.76459884647193E-02
 1.98625505637243E+03	 2.98268711167339E-01
 1.98625779427246E+03	 4.15979910888625E-01
 1.98626053217249E+03	 4.19856299863341E-01
 1.98626327007252E+03	 3.36799249424137E-01
 1.98626600797255E+03	 2.03359466446922E-01
 1.98626874587258E+03	 4.81990852202628E-02
 1.98627148377262E+03	-1.10839309892888E-01
 1.98627422167265E+03	-2.58043999357794E-01
 1.98627695957268E+03	-3.68693795700764E-01
 1.98627969747271E+03	-4.12545484341708E-01
 1.98628243537274E+03	-3.74032175577187E-01
 1.98628517327277E+03	-2.66024703935333E-01
 1.98628791117280E+03	-1.19255399747791E-01
 1.98629064907283E+03	 4.11921849628339E-02
 1.98629338697286E+03	 2.08916342468524E-01
 1.98629612487289E+03	 3.86328246737147E-01
 1.98629886277292E+03	 5.55331294862050E-01
 1.98630160067295E+03	 6.54458579173136E-01
 1.98630433857298E+03	 6.02733595459452E-01
 1.98630707647302E+03	 3.71092263302023E-01
 1.98630981437305E+03	 3.01958652699238E-02
 1.98631255227308E+03	-2.91459315368137E-01
 1.98631529017311E+03	-4.98338822617944E-01
 1.98631802807314E+03	-5.64247186833458E-01
 1.98632076597317E+03	-4.95067630888691E-01
 1.98632350387320E+03	-3.02341602284480E-01
 1.98632624177323E+03	-3.19851266552523E-02
 1.98632897967326E+03	 2.18704339061980E-01
 1.98633171757329E+03	 3.55261290242701E-01
 1.98633445547332E+03	 3.56689990148399E-01
 1.98633719337335E+03	 2.73884109819435E-01
 1.98633993127338E+03	 1.64392469844397E-01
 1.98634266917342E+03	 4.71284274405517E-02
 1.98634540707345E+03	-8.39987421618362E-02
 1.98634814497348E+03	-2.24763253131828E-01
 1.98635088287351E+03	-3.47247047411372E-01
 1.98635362077354E+03	-4.13181236515442E-01
 1.98635635867357E+03	-3.97749980906464E-01
 1.98635909657360E+03	-3.06838774682941E-01
 1.98636183447363E+03	-1.73183332837720E-01
 1.98636457237366E+03	-3.10583877368116E-02
 1.98636731027369E+03	 1.08277532319729E-01
 1.98637004817372E+03	 2.55198498405147E-01
 1.98637278607375E+03	 4.12695925379371E-01
 1.98637552397378E+03	 5.44857928671204E-01
 1.98637826187382E+03	 5.78112067814535E-01
 1.98638099977385E+03	 4.50857020201640E-01
 1.98638373767388E+03	 1.76490854778045E-01
 1.98638647557391E+03	-1.48230465448236E-01
 1.98638921347394E+03	-4.09116338469325E-01
 1.98639195137397E+03	-5.43934047830438E-01
 1.98639468927400E+03	-5.42043435883391E-01
 1.98639742717403E+03	-4.05176056144385E-01
 1.98640016507406E+03	-1.52828432705271E-01
 1.98640290297409E+03	 1.34963594438313E-01
 1.98640564087412E+03	 3.32340557436163E-01
 1.98640837877415E+03	 3.61515430004557E-01
 1.98641111667418E+03	 2.57481094758254E-01
 1.98641385457421E+03	 1.18054950580054E-01
 1.98641659247425E+03	 3.23963862792980E-03
 1.98641933037428E+03	-9.65746985190683E-02
 1.98642206827431E+03	-2.08639938073787E-01
 1.98642480617434E+03	-3.25321506013094E-01
 1.98642754407437E+03	-4.05996449078034E-01
 1.98643028197440E+03	-4.12066311387388E-01
 1.98643301987443E+03	-3.35041436266461E-01
 1.98643575777446E+03	-2.01690006157065E-01
 1.98643849567449E+03	-5.54396507921248E-02
 1.98644123357452E+03	 7.52609461163954E-02
 1.98644397147455E+03	 1.93753617175128E-01
 1.98644670937458E+03	 3.16082136584143E-01
 1.98644944727461E+03	 4.32888454267340E-01
 1.98645218517465E+03	 4.94007082087284E-01
 1.98645492307468E+03	 4.37962737130367E-01
 1.98645766097471E+03	 2.45475564425091E-01
 1.98646039887474E+03	-3.13385212603291E-02
 1.98646313677477E+03	-2.96646512488010E-01
 1.98646587467480E+03	-4.71670413112316E-01
 1.98646861257483E+03	-5.25031772018401E-01
 1.98647135047486E+03	-4.50259107043611E-01
 1.98647408837489E+03	-2.47140709262498E-01
 1.98647682627492E+03	 4.46138044599850E-02
 1.98647956417495E+03	 3.13015102102323E-01
 1.98648230207498E+03	 4.28514251917721E-01
 1.98648503997501E+03	 3.53464241807570E-01
 1.98648777787505E+03	 1.73437825828186E-01
 1.98649051577508E+03	 4.03069374209546E-03
 1.98649325367511E+03	-1.13060335669767E-01
 1.98649599157514E+03	-2.08624167979294E-01
 1.98649872947517E+03	-3.09510695036501E-01
 1.98650146737520E+03	-3.94978281197071E-01
 1.98650420527523E+03	-4.20842097645508E-01
 1.98650694317526E+03	-3.61942007499435E-01
 1.98650968107529E+03	-2.30265781363920E-01
 1.98651241897532E+03	-6.66469331407854E-02
 1.98651515687535E+03	 8.51814020389360E-02
 1.98651789477538E+03	 2.07291596131883E-01
 1.98652063267541E+03	 3.10288933480168E-01
 1.98652337057544E+03	 4.00834202708482E-01
 1.98652610847548E+03	 4.51230233984159E-01
 1.98652884637551E+03	 4.12497441042207E-01
 1.98653158427554E+03	 2.60407884386893E-01
 1.98653432217557E+03	 2.60114447448265E-02
 1.98653706007560E+03	-2.18034975903828E-01
 1.98653979797563E+03	-3.99637372224872E-01
 1.98654253587566E+03	-4.78899811195623E-01
 1.98654527377569E+03	-4.44302118146324E-01
 1.98654801167572E+03	-2.92028875019627E-01
 1.98655074957575E+03	-3.40116499223682E-02
 1.98655348747578E+03	 2.62629888113988E-01
 1.98655622537581E+03	 4.72845746837773E-01
 1.98655896327584E+03	 4.93913296370493E-01
 1.98656170117588E+03	 3.37045034711669E-01
 1.98656443907591E+03	 1.14931579296318E-01
 1.98656717697594E+03	-6.84020043354216E-02
 1.98656991487597E+03	-1.94390773096265E-01
 1.98657265277600E+03	-2.96172512310128E-01
 1.98657539067603E+03	-3.83780591247297E-01
 1.98657812857606E+03	-4.26356402309844E-01
 1.98658086647609E+03	-3.90420425287003E-01
 1.98658360437612E+03	-2.72704312045699E-01
 1.98658634227615E+03	-1.01870678154904E-01
 1.98658908017618E+03	 7.79466494357897E-02
 1.98659181807621E+03	 2.31389724498965E-01
 1.98659455597624E+03	 3.49702308153993E-01
 1.98659729387628E+03	 4.38430009083090E-01
 1.98660003177631E+03	 4.83573533002996E-01
 1.98660276967634E+03	 4.44943811816100E-01
 1.98660550757637E+03	 2.96284496277299E-01
 1.98660824547640E+03	 6.48167089666184E-02
 1.98661098337643E+03	-1.78824523460894E-01
 1.98661372127646E+03	-3.64975026253964E-01
 1.98661645917649E+03	-4.54702982131411E-01
 1.98661919707652E+03	-4.36843012688571E-01
 1.98662193497655E+03	-3.12157682813102E-01
 1.98662467287658E+03	-9.07058182911823E-02
 1.98662741077661E+03	 1.88781534049778E-01
 1.98663014867664E+03	 4.40732348253553E-01
 1.98663288657667E+03	 5.59178357688304E-01
 1.98663562447671E+03	 4.91516442970854E-01
 1.98663836237674E+03	 2.87204463436194E-01
 1.98664110027677E+03	 5.45714101299805E-02
 1.98664383817680E+03	-1.31970758061668E-01
 1.98664657607683E+03	-2.67650703757392E-01
 1.98664931397686E+03	-3.70130742442275E-01
 1.98665205187689E+03	-4.29785026075902E-01
 1.98665478977692E+03	-4.18288727743032E-01
 1.98665752767695E+03	-3.24409874460464E-01
 1.98666026557698E+03	-1.66136781978429E-01
 1.98666300347701E+03	 2.14505147402414E-02
 1.98666574137704E+03	 2.02223612706053E-01
 1.98666847927707E+03	 3.53408517527076E-01
 1.98667121717711E+03	 4.68454993416538E-01
 1.98667395507714E+03	 5.36083291560131E-01
 1.98667669297717E+03	 5.20549312073300E-01
 1.98667943087720E+03	 3.85294430026763E-01
 1.98668216877723E+03	 1.43874384283429E-01
 1.98668490667726E+03	-1.29442296771362E-01
 1.98668764457729E+03	-3.48571305307932E-01
 1.98669038247732E+03	-4.64314253326667E-01
 1.98669312037735E+03	-4.65187615539034E-01
 1.98669585827738E+03	-3.55194625867900E-01
 1.98669859617741E+03	-1.50243703429560E-01
 1.98670133407744E+03	 1.09429225154607E-01
 1.98670407197747E+03	 3.56495730822202E-01
 1.98670680987751E+03	 5.13469465052551E-01
 1.98670954777754E+03	 5.25628387943711E-01
 1.98671228567757E+03	 3.94950020552797E-01
 1.98671502357760E+03	 1.82931481036268E-01
 1.98671776147763E+03	-3.32627830609012E-02
 1.98672049937766E+03	-2.10946210179744E-01
 1.98672323727769E+03	-3.44070457795516E-01
 1.98672597517772E+03	-4.27488875148832E-01
 1.98672871307775E+03	-4.41617220401602E-01
 1.98673145097778E+03	-3.74236246134312E-01
 1.98673418887781E+03	-2.39087820086575E-01
 1.98673692677784E+03	-6.64766796780476E-02
 1.98673966467787E+03	 1.14427059458727E-01
 1.98674240257791E+03	 2.83066281303116E-01
 1.98674514047794E+03	 4.27101913020255E-01
 1.98674787837797E+03	 5.32467239137822E-01
 1.98675061627800E+03	 5.66068730071073E-01
 1.98675335417803E+03	 4.81370415556553E-01
 1.98675609207806E+03	 2.64189005075337E-01
 1.98675882997809E+03	-2.89838229555022E-02
 1.98676156787812E+03	-2.98380026724972E-01
 1.98676430577815E+03	-4.67870911109456E-01
 1.98676704367818E+03	-5.12425867407927E-01
 1.98676978157821E+03	-4.33299966867883E-01
 1.98677251947824E+03	-2.42709797124646E-01
 1.98677525737827E+03	 1.67228607237323E-02
 1.98677799527830E+03	 2.65487766364841E-01
 1.98678073317834E+03	 4.24319021173221E-01
 1.98678347107837E+03	 4.56975249422510E-01
 1.98678620897840E+03	 3.76122194873241E-01
 1.98678894687843E+03	 2.21060578061069E-01
 1.98679168477846E+03	 3.54331301682839E-02
 1.98679442267849E+03	-1.46197104555781E-01
 1.98679716057852E+03	-3.01536709699646E-01
 1.98679989847855E+03	-4.11636152523909E-01
 1.98680263637858E+03	-4.53702482745778E-01
 1.98680537427861E+03	-4.12792626499170E-01
 1.98680811217864E+03	-2.99633842201003E-01
 1.98681085007867E+03	-1.46568095837535E-01
 1.98681358797870E+03	 1.58978304464513E-02
 1.98681632587874E+03	 1.73360031328770E-01
 1.98681906377877E+03	 3.21379761494869E-01
 1.98682180167880E+03	 4.50411253474908E-01
 1.98682453957883E+03	 5.31722264242943E-01
 1.98682727747886E+03	 5.16481706702715E-01
 1.98683001537889E+03	 3.66327571496653E-01
 1.98683275327892E+03	 1.01131393557694E-01
 1.98683549117895E+03	-1.93152467520019E-01
 1.98683822907898E+03	-4.19605008202781E-01
 1.98684096697901E+03	-5.26721909935543E-01
 1.98684370487904E+03	-5.04357071069211E-01
 1.98684644277907E+03	-3.53699792971887E-01
 1.98684918067910E+03	-9.94604099265867E-02
 1.98685191857914E+03	 1.77194947880537E-01
 1.98685465647917E+03	 3.64161035064428E-01
 1.98685739437920E+03	 3.99137855800953E-01
 1.98686013227923E+03	 3.10224654580490E-01
 1.98686287017926E+03	 1.69352915391428E-01
 1.98686560807929E+03	 2.35401110313120E-02
 1.98686834597932E+03	-1.19999413319470E-01
 1.98687108387935E+03	-2.61603940749651E-01
 1.98687382177938E+03	-3.82668521413247E-01
 1.98687655967941E+03	-4.49306128032830E-01
 1.98687929757944E+03	-4.34626899555962E-01
 1.98688203547947E+03	-3.39847088902438E-01
 1.98688477337950E+03	-1.96672488123243E-01
 1.98688751127953E+03	-4.52683541557936E-02
 1.98689024917957E+03	 9.29219373580355E-02
 1.98689298707960E+03	 2.19965096224302E-01
 1.98689572497963E+03	 3.41010597504935E-01
 1.98689846287966E+03	 4.40498903315284E-01
 1.98690120077969E+03	 4.76068948165080E-01
 1.98690393867972E+03	 3.99804136260677E-01
 1.98690667657975E+03	 2.00039728082701E-01
 1.98690941447978E+03	-7.10408266405889E-02
 1.98691215237981E+03	-3.21979543867095E-01
 1.98691489027984E+03	-4.80593997722149E-01
 1.98691762817987E+03	-5.19537115142856E-01
 1.98692036607990E+03	-4.30635357923769E-01
 1.98692310397993E+03	-2.13631311041482E-01
 1.98692584187997E+03	 8.21885295566742E-02
 1.98692857978000E+03	 3.35293386732666E-01
 1.98693131768003E+03	 4.23604657492419E-01
 1.98693405558006E+03	 3.29270375481519E-01
 1.98693679348009E+03	 1.46048534737268E-01
 1.98693953138012E+03	-2.21263481777844E-02
 1.98694226928015E+03	-1.46079522037274E-01
 1.98694500718018E+03	-2.53233234285287E-01
 1.98694774508021E+03	-3.58193128208006E-01
 1.98695048298024E+03	-4.34405655470954E-01
 1.98695322088027E+03	-4.41918607576312E-01
 1.98695595878030E+03	-3.64832647845870E-01
 1.98695869668033E+03	-2.24440244431423E-01
 1.98696143458037E+03	-6.52256424129880E-02
 1.98696417248040E+03	 7.46275528154172E-02
 1.98696691038043E+03	 1.85829312930655E-01
 1.98696964828046E+03	 2.81396699963520E-01
 1.98697238618049E+03	 3.65957757366843E-01
 1.98697512408052E+03	 4.13745796764469E-01
 1.98697786198055E+03	 3.80127427478145E-01
 1.98698059988058E+03	 2.38952748442846E-01
 1.98698333778061E+03	 1.43154303289810E-02
 1.98698607568064E+03	-2.23969769293459E-01
 1.98698881358067E+03	-4.02068665733117E-01
 1.98699155148070E+03	-4.79746298412580E-01
 1.98699428938073E+03	-4.44019460399557E-01
 1.98699702728076E+03	-2.83934922233379E-01
 1.98699976518080E+03	-9.21340848873270E-03
 1.98700250308083E+03	 2.97028255876920E-01
 1.98700524098086E+03	 4.87968557567869E-01
 1.98700797888089E+03	 4.62173933515975E-01
 1.98701071678092E+03	 2.59107211554854E-01
 1.98701345468095E+03	 1.71723186988302E-02
 1.98701619258098E+03	-1.59795317397348E-01
 1.98701893048101E+03	-2.69481775147443E-01
 1.98702166838104E+03	-3.55071705409715E-01
 1.98702440628107E+03	-4.25169664168737E-01
 1.98702714418110E+03	-4.45913259584458E-01
 1.98702988208113E+03	-3.86675046632908E-01
 1.98703261998116E+03	-2.52171008911418E-01
 1.98703535788120E+03	-7.92201431180431E-02
 1.98703809578123E+03	 8.54791436358434E-02
 1.98704083368126E+03	 2.11615017696670E-01
 1.98704357158129E+03	 2.99066667080933E-01
 1.98704630948132E+03	 3.61961459487910E-01
 1.98704904738135E+03	 3.95933714576631E-01
 1.98705178528138E+03	 3.69124346368353E-01
 1.98705452318141E+03	 2.52493461035783E-01
 1.98705726108144E+03	 5.67760534966238E-02
 1.98705999898147E+03	-1.63467087930877E-01
 1.98706273688150E+03	-3.41298711107677E-01
 1.98706547478153E+03	-4.32746049478326E-01
 1.98706821268156E+03	-4.23242577145149E-01
 1.98707095058160E+03	-3.06380904564079E-01
 1.98707368848163E+03	-7.72446355837393E-02
 1.98707642638166E+03	 2.29393818490932E-01
 1.98707916428169E+03	 5.02296817757787E-01
 1.98708190218172E+03	 6.00178253255825E-01
 1.98708464008175E+03	 4.68059044450902E-01
 1.98708737798178E+03	 1.94194026604165E-01
 1.98709011588181E+03	-7.24782030158349E-02
 1.98709285378184E+03	-2.51172580356484E-01
 1.98709559168187E+03	-3.57811208600804E-01
 1.98709832958190E+03	-4.28445274643785E-01
 1.98710106748193E+03	-4.57514149830579E-01
 1.98710380538196E+03	-4.15710366940111E-01
 1.98710654328200E+03	-2.94994409945516E-01
 1.98710928118203E+03	-1.20192445130014E-01
 1.98711201908206E+03	 6.72511943517508E-02
 1.98711475698209E+03	 2.27952919394021E-01
 1.98711749488212E+03	 3.40769924435545E-01
 1.98712023278215E+03	 4.07726970612328E-01
 1.98712297068218E+03	 4.34160666957690E-01
 1.98712570858221E+03	 4.04340296475810E-01
 1.98712844648224E+03	 2.91873621378466E-01
 1.98713118438227E+03	 9.91513796626416E-02
 1.98713392228230E+03	-1.25051970187596E-01
 1.98713666018233E+03	-3.13000975578325E-01
 1.98713939808236E+03	-4.16894352553261E-01
 1.98714213598239E+03	-4.20428341710157E-01
 1.98714487388243E+03	-3.23609492972721E-01
 1.98714761178246E+03	-1.29278508205501E-01
 1.98715034968249E+03	 1.44511867897713E-01
 1.98715308758252E+03	 4.33412768957753E-01
 1.98715582548255E+03	 6.23591166608502E-01
 1.98715856338258E+03	 6.14898794231874E-01
 1.98716130128261E+03	 4.07352342449619E-01
 1.98716403918264E+03	 1.10366595477764E-01
 1.98716677708267E+03	-1.50135656437385E-01
 1.98716951498270E+03	-3.23332094653235E-01
 1.98717225288273E+03	-4.25888142637970E-01
 1.98717499078276E+03	-4.73104316736291E-01
 1.98717772868279E+03	-4.51647056840079E-01
 1.98718046658283E+03	-3.51118509679977E-01
 1.98718320448286E+03	-1.89367844886292E-01
 1.98718594238289E+03	-1.09474278545397E-03
 1.98718868028292E+03	 1.80140219737302E-01
 1.98719141818295E+03	 3.27837432602048E-01
 1.98719415608298E+03	 4.27043215598022E-01
 1.98719689398301E+03	 4.73717886443068E-01
 1.98719963188304E+03	 4.58852180421480E-01
 1.98720236978307E+03	 3.60931685020485E-01
 1.98720510768310E+03	 1.72779532817746E-01
 1.98720784558313E+03	-6.66235026060610E-02
 1.98721058348316E+03	-2.84592459768893E-01
 1.98721332138319E+03	-4.20550799392863E-01
 1.98721605928323E+03	-4.50134975421080E-01
 1.98721879718326E+03	-3.72518545114764E-01
 1.98722153508329E+03	-1.96505606479612E-01
 1.98722427298332E+03	 5.27053551278128E-02
 1.98722701088335E+03	 3.21542931730334E-01
 1.98722974878338E+03	 5.30943577830911E-01
 1.98723248668340E+03	 6.01856154515198E-01
 1.98723522458344E+03	 4.99199766151084E-01
 1.98723796248347E+03	 2.63892015253967E-01
 1.98724070038350E+03	-9.02222141067877E-03
 1.98724343828353E+03	-2.36966362305820E-01
 1.98724617618356E+03	-3.91230721837711E-01
 1.98724891408359E+03	-4.74275167686711E-01
 1.98725165198362E+03	-4.81761988692616E-01
 1.98725438988366E+03	-4.06549115335947E-01
 1.98725712778369E+03	-2.64295964165788E-01
 1.98725986568372E+03	-9.05998244674141E-02
 1.98726260358375E+03	 8.40024478758741E-02
 1.98726534148378E+03	 2.42170240587210E-01
 1.98726807938381E+03	 3.70013904877263E-01
 1.98727081728384E+03	 4.52857028677490E-01
 1.98727355518387E+03	 4.74823095256258E-01
 1.98727629308390E+03	 4.14733173746434E-01
 1.98727903098393E+03	 2.57059814428894E-01
 1.98728176888396E+03	 2.27099520423123E-02
 1.98728450678399E+03	-2.21831634197428E-01
 1.98728724468402E+03	-4.02347616721931E-01
 1.98728998258406E+03	-4.78117883641780E-01
 1.98729272048409E+03	-4.39845472319600E-01
 1.98729545838412E+03	-2.89839720776339E-01
 1.98729819628415E+03	-5.08695133900302E-02
 1.98730093418418E+03	 2.13907434742773E-01
 1.98730367208421E+03	 4.17990243471696E-01
 1.98730640998424E+03	 4.98331957282934E-01
 1.98730914788427E+03	 4.42632793286652E-01
 1.98731188578430E+03	 2.81087777059340E-01
 1.98731462368433E+03	 6.53230981456645E-02
 1.98731736158436E+03	-1.51283411361225E-01
 1.98732009948439E+03	-3.29870026256946E-01
 1.98732283738442E+03	-4.48564348855353E-01
 1.98732557528446E+03	-4.91129842606501E-01
 1.98732831318449E+03	-4.46054723314465E-01
 1.98733105108452E+03	-3.24049583175186E-01
 1.98733378898455E+03	-1.63003700737183E-01
 1.98733652688458E+03	-2.34353530862711E-03
 1.98733926478461E+03	 1.41629568080298E-01
 1.98734200268464E+03	 2.68397246679769E-01
 1.98734474058467E+03	 3.71194860301415E-01
 1.98734747848470E+03	 4.29809074956090E-01
 1.98735021638473E+03	 4.16926496810182E-01
 1.98735295428476E+03	 3.09616244088712E-01
 1.98735569218479E+03	 1.11051829736231E-01
 1.98735843008482E+03	-1.31047935649402E-01
 1.98736116798486E+03	-3.42140033947193E-01
 1.98736390588489E+03	-4.65667692832285E-01
 1.98736664378492E+03	-4.80234413576611E-01
 1.98736938168495E+03	-3.77977741023965E-01
 1.98737211958498E+03	-1.61608567722818E-01
 1.98737485748501E+03	 1.18222972790631E-01
 1.98737759538504E+03	 3.53305643185068E-01
 1.98738033328507E+03	 4.44265369435951E-01
 1.98738307118510E+03	 3.76833744389502E-01
 1.98738580908513E+03	 2.16268875282226E-01
 1.98738854698516E+03	 3.52277407885848E-02
 1.98739128488519E+03	-1.34196584376462E-01
 1.98739402278522E+03	-2.86729212034062E-01
 1.98739676068525E+03	-4.10657364884567E-01
 1.98739949858529E+03	-4.78530411903059E-01
 1.98740223648532E+03	-4.63407004874385E-01
 1.98740497438535E+03	-3.62360418044703E-01
 1.98740771228538E+03	-2.07010491211822E-01
 1.98741045018541E+03	-4.59626299678272E-02
 1.98741318808544E+03	 8.92753661508581E-02
 1.98741592598547E+03	 1.98409251571367E-01
 1.98741866388550E+03	 2.91530239822526E-01
 1.98742140178553E+03	 3.61739029811316E-01
 1.98742413968556E+03	 3.81454931914827E-01
 1.98742687758559E+03	 3.20148547270612E-01
 1.98742961548562E+03	 1.67923453189530E-01
 1.98743235338565E+03	-4.64769315735453E-02
 1.98743509128569E+03	-2.60446163836171E-01
 1.98743782918572E+03	-4.11933453608075E-01
 1.98744056708575E+03	-4.69339590310068E-01
 1.98744330498578E+03	-4.20366130447697E-01
 1.98744604288581E+03	-2.51043758696996E-01
 1.98744878078584E+03	 2.54018415675795E-02
 1.98745151868587E+03	 3.17469848141571E-01
 1.98745425658590E+03	 4.81649807015610E-01
 1.98745699448593E+03	 4.36264884701833E-01
 1.98745973238596E+03	 2.34984133510041E-01
 1.98746247028599E+03	 5.48621409867384E-03
 1.98746520818602E+03	-1.70033939698854E-01
 1.98746794608605E+03	-2.93685860018618E-01
 1.98747068398609E+03	-3.93007608314283E-01
 1.98747342188612E+03	-4.62089689003701E-01
 1.98747615978615E+03	-4.66842186494898E-01
 1.98747889768618E+03	-3.85957724322133E-01
 1.98748163558621E+03	-2.35799747747001E-01
 1.98748437348624E+03	-6.24859247665807E-02
 1.98748711138627E+03	 8.75948728906504E-02
 1.98748984928630E+03	 1.95736088065759E-01
 1.98749258718633E+03	 2.72231292659345E-01
 1.98749532508636E+03	 3.29019525437507E-01
 1.98749806298639E+03	 3.54324086574396E-01
 1.98750080088642E+03	 3.17693285707654E-01
 1.98750353878645E+03	 1.98908224275933E-01
 1.98750627668648E+03	 1.29267373426904E-02
 1.98750901458652E+03	-1.89646080747597E-01
 1.98751175248655E+03	-3.48918289839103E-01
 1.98751449038658E+03	-4.27602541207844E-01
 1.98751722828661E+03	-4.13827662967059E-01
 1.98751996618664E+03	-2.94826138284028E-01
 1.98752270408667E+03	-5.64308475151951E-02
 1.98752544198670E+03	 2.61507619219392E-01
 1.98752817988673E+03	 5.27229941964171E-01
 1.98753091778676E+03	 5.89476887511805E-01
 1.98753365568679E+03	 4.12574489073874E-01
 1.98753639358682E+03	 1.14285823933997E-01
 1.98753913148685E+03	-1.48786149722212E-01
 1.98754186938688E+03	-3.11734157329955E-01
 1.98754460728692E+03	-4.04833139610451E-01
 1.98754734518695E+03	-4.63104647551206E-01
 1.98755008308698E+03	-4.74267767162657E-01
 1.98755282098701E+03	-4.09047680774203E-01
 1.98755555888704E+03	-2.67440644533180E-01
 1.98755829678707E+03	-8.51152176581752E-02
 1.98756103468710E+03	 8.99849872187141E-02
 1.98756377258713E+03	 2.22923739182611E-01
 1.98756651048716E+03	 3.05787766779281E-01
 1.98756924838719E+03	 3.51000196274143E-01
 1.98757198628722E+03	 3.65429637346547E-01
 1.98757472418725E+03	 3.32839393096870E-01
 1.98757746208728E+03	 2.29654861973981E-01
 1.98758019998732E+03	 5.85288710281327E-02
 1.98758293788735E+03	-1.38827221096324E-01
 1.98758567578738E+03	-3.03524183394600E-01
 1.98758841368741E+03	-3.93320492661177E-01
 1.98759115158744E+03	-3.95309209151590E-01
 1.98759388948747E+03	-3.06866315896414E-01
 1.98759662738750E+03	-1.15512362308964E-01
 1.98759936528753E+03	 1.76505362258997E-01
 1.98760210318756E+03	 4.94441630195514E-01
 1.98760484108759E+03	 6.87930269109552E-01
 1.98760757898762E+03	 6.34457104937183E-01
 1.98761031688765E+03	 3.57009270338153E-01
 1.98761305478768E+03	 1.09881767167468E-02
 1.98761579268771E+03	-2.55531225786936E-01
 1.98761853058775E+03	-4.05613029456136E-01
 1.98762126848778E+03	-4.78241094816913E-01
 1.98762400638781E+03	-4.96375082067611E-01
 1.98762674428784E+03	-4.44524375651500E-01
 1.98762948218787E+03	-3.14297780953530E-01
 1.98763222008790E+03	-1.32424342524064E-01
 1.98763495798793E+03	 5.72055776245158E-02
 1.98763769588796E+03	 2.18139934567108E-01
 1.98764043378799E+03	 3.29753627484924E-01
 1.98764317168802E+03	 3.88523205650952E-01
 1.98764590958805E+03	 4.01351065954244E-01
 1.98764864748808E+03	 3.67446153612003E-01
 1.98765138538811E+03	 2.71676871822791E-01
 1.98765412328815E+03	 1.08117081971467E-01
 1.98765686118818E+03	-9.29189676034903E-02
 1.98765959908821E+03	-2.73029921155029E-01
 1.98766233698824E+03	-3.81781320841593E-01
 1.98766507488827E+03	-3.99439547764907E-01
 1.98766781278830E+03	-3.27286851714043E-01
 1.98767055068833E+03	-1.66220995921331E-01
 1.98767328858836E+03	 8.28845515396516E-02
 1.98767602648839E+03	 3.85832060090578E-01
 1.98767876438842E+03	 6.44110826835613E-01
 1.98768150228845E+03	 7.26963432420941E-01
 1.98768424018848E+03	 5.69968333469978E-01
 1.98768697808851E+03	 2.43993341423099E-01
 1.98768971598855E+03	-9.71196409669685E-02
 1.98769245388858E+03	-3.40993329558048E-01
 1.98769519178861E+03	-4.72819718839789E-01
 1.98769792968864E+03	-5.20531841795793E-01
 1.98770066758867E+03	-4.90659945951186E-01
 1.98770340548870E+03	-3.77792795735495E-01
 1.98770614338873E+03	-2.03518877094707E-01
 1.98770888128876E+03	-1.27055922989948E-02
 1.98771161918879E+03	 1.58857274415981E-01
 1.98771435708882E+03	 2.94037511723322E-01
 1.98771709498885E+03	 3.82699469258769E-01
 1.98771983288888E+03	 4.17995424334129E-01
 1.98772257078891E+03	 3.96991611984663E-01
 1.98772530868895E+03	 3.13719879365972E-01
 1.98772804658898E+03	 1.62674350235627E-01
 1.98773078448901E+03	-3.79593685239912E-02
 1.98773352238904E+03	-2.36533313928881E-01
 1.98773626028907E+03	-3.75211722790227E-01
 1.98773899818910E+03	-4.22687032107556E-01
 1.98774173608913E+03	-3.74573037075325E-01
 1.98774447398916E+03	-2.34850534526422E-01
 1.98774721188919E+03	-1.34197261568602E-02
 1.98774994978922E+03	 2.57170200142971E-01
 1.98775268768925E+03	 5.09183222470961E-01
 1.98775542558928E+03	 6.51225658629601E-01
 1.98775816348931E+03	 6.10965895356060E-01
 1.98776090138934E+03	 3.89528808374547E-01
 1.98776363928938E+03	 7.47561389482529E-02
 1.98776637718941E+03	-2.16988618712694E-01
 1.98776911508944E+03	-4.17164445783141E-01
 1.98777185298947E+03	-5.17892921075390E-01
 1.98777459088950E+03	-5.26649166932547E-01
 1.98777732878953E+03	-4.43120492428972E-01
 1.98778006668956E+03	-2.84180747359588E-01
 1.98778280458959E+03	-9.69778261259798E-02
 1.98778554248962E+03	 7.29217206521605E-02
 1.98778828038965E+03	 2.10187396189238E-01
 1.98779101828968E+03	 3.15785780377832E-01
 1.98779375618971E+03	 3.81989082154654E-01
 1.98779649408974E+03	 3.93005071252536E-01
 1.98779923198978E+03	 3.36883940591076E-01
 1.98780196988981E+03	 2.09529453674431E-01
 1.98780470778984E+03	 2.29321834089782E-02
 1.98780744568987E+03	-1.82358038503228E-01
 1.98781018358990E+03	-3.48487852159979E-01
 1.98781292148993E+03	-4.33515076862330E-01
 1.98781565938996E+03	-4.24030475241310E-01
 1.98781839728999E+03	-3.17424365104074E-01
 1.98782113519002E+03	-1.17185207727079E-01
 1.98782387309005E+03	 1.42051376053039E-01
 1.98782661099008E+03	 3.84103604635278E-01
 1.98782934889011E+03	 5.25417079111229E-01
 1.98783208679014E+03	 5.20197847939760E-01
 1.98783482469018E+03	 3.75728507323368E-01
 1.98783756259021E+03	 1.40687070388329E-01
 1.98784030049024E+03	-1.16415852126023E-01
 1.98784303839027E+03	-3.34116699492076E-01
 1.98784577629030E+03	-4.77134221467356E-01
 1.98784851419033E+03	-5.30644400495636E-01
 1.98785125209036E+03	-4.86493165905981E-01
 1.98785398999039E+03	-3.52702127200223E-01
 1.98785672789042E+03	-1.70957371885637E-01
 1.98785946579045E+03	 1.22135540042689E-03
 1.98786220369048E+03	 1.33442245115844E-01
 1.98786494159051E+03	 2.32763599886478E-01
 1.98786767949054E+03	 3.09598564109356E-01
 1.98787041739057E+03	 3.51072283137211E-01
 1.98787315529061E+03	 3.32177492462122E-01
 1.98787589319064E+03	 2.38613207790513E-01
 1.98787863109067E+03	 7.74742801073726E-02
 1.98788136899070E+03	-1.18682165015382E-01
 1.98788410689073E+03	-2.97355015759752E-01
 1.98788684479076E+03	-4.11388089267977E-01
 1.98788958269079E+03	-4.40221551776276E-01
 1.98789232059082E+03	-3.77201423964562E-01
 1.98789505849085E+03	-2.12067712400032E-01
 1.98789779639088E+03	 4.23179265360374E-02
 1.98790053429091E+03	 3.09112574185288E-01
 1.98790327219094E+03	 4.72612083388480E-01
 1.98790601009097E+03	 4.65094919479514E-01
 1.98790874799101E+03	 3.14972426096184E-01
 1.98791148589104E+03	 1.03417009324382E-01
 1.98791422379107E+03	-1.06193486294258E-01
 1.98791696169110E+03	-2.88083099842794E-01
 1.98791969959113E+03	-4.28884234702390E-01
 1.98792243749116E+03	-5.07167760148299E-01
 1.98792517539119E+03	-4.98129889785775E-01
 1.98792791329122E+03	-3.93737706518842E-01
 1.98793065119125E+03	-2.21493925908688E-01
 1.98793338909128E+03	-3.91427203892930E-02
 1.98793612699131E+03	 1.02732536899903E-01
 1.98793886489134E+03	 1.95147077515012E-01
 1.98794160279137E+03	 2.59501668225770E-01
 1.98794434069141E+03	 3.05410473152136E-01
 1.98794707859144E+03	 3.12476502419529E-01
 1.98794981649147E+03	 2.52794616474941E-01
 1.98795255439150E+03	 1.20307924072461E-01
 1.98795529229153E+03	-5.95332241807427E-02
 1.98795803019156E+03	-2.38320260559317E-01
 1.98796076809159E+03	-3.66901805457321E-01
 1.98796350599162E+03	-4.19426445050583E-01
 1.98796624389165E+03	-3.90726558428611E-01
 1.98796898179168E+03	-2.68931988530134E-01
 1.98797171969171E+03	-3.94809219217477E-02
 1.98797445759174E+03	 2.56964637161013E-01
 1.98797719549177E+03	 4.94656480205880E-01
 1.98797993339180E+03	 5.41185617383752E-01
 1.98798267129184E+03	 3.77072565103004E-01
 1.98798540919187E+03	 1.10480490056502E-01
 1.98798814709190E+03	-1.31905531725595E-01
 1.98799088499193E+03	-3.02137956850123E-01
 1.98799362289196E+03	-4.17429404407178E-01
 1.98799636079199E+03	-4.89369603174677E-01
 1.98799909869202E+03	-4.96409009527761E-01
 1.98800183659205E+03	-4.14630538359551E-01
 1.98800457449208E+03	-2.53758454262377E-01
 1.98800731239211E+03	-6.10984511652332E-02
 1.98801005029214E+03	 1.05428732918289E-01
 1.98801278819217E+03	 2.13592794952311E-01
 1.98801552609220E+03	 2.71219962931224E-01
 1.98801826399224E+03	 3.01942355084407E-01
 1.98802100189227E+03	 3.08496225252453E-01
 1.98802373979230E+03	 2.67191969317169E-01
 1.98802647769233E+03	 1.57804527223717E-01
 1.98802921559236E+03	-7.83048122949000E-03
 1.98803195349239E+03	-1.85723437734337E-01
 1.98803469139242E+03	-3.23635512329858E-01
 1.98803742929245E+03	-3.89121287673469E-01
 1.98804016719248E+03	-3.77283432097730E-01
 1.98804290509251E+03	-2.86620749816419E-01
 1.98804564299254E+03	-9.73885230359304E-02
 1.98804838089257E+03	 1.93354507208515E-01
 1.98805111879260E+03	 5.03073651532543E-01
 1.98805385669264E+03	 6.70939783915522E-01
 1.98805659459267E+03	 5.82565904532924E-01
 1.98805933249270E+03	 2.84943980786290E-01
 1.98806207039273E+03	-5.46170920195942E-02
 1.98806480829276E+03	-3.01301129591033E-01
 1.98806754619279E+03	-4.36686372288858E-01
 1.98807028409282E+03	-5.01967040218883E-01
 1.98807302199285E+03	-5.10442649977025E-01
 1.98807575989288E+03	-4.41120619739948E-01
 1.98807849779291E+03	-2.89253174928060E-01
 1.98808123569294E+03	-9.08643573434928E-02
 1.98808397359297E+03	 9.89257315348479E-02
 1.98808671149300E+03	 2.38191616235186E-01
 1.98808944939304E+03	 3.14926381558719E-01
 1.98809218729307E+03	 3.42698926655173E-01
 1.98809492519310E+03	 3.37590346687047E-01
 1.98809766309313E+03	 2.95653937001574E-01
 1.98810040099316E+03	 1.98285245467218E-01
 1.98810313889319E+03	 4.27895211477772E-02
 1.98810587679322E+03	-1.37939403052053E-01
 1.98810861469325E+03	-2.90070926711350E-01
 1.98811135259328E+03	-3.71906505200965E-01
 1.98811409049331E+03	-3.72471487666841E-01
 1.98811682839334E+03	-2.98065586727653E-01
 1.98811956629337E+03	-1.42926430150703E-01
 1.98812230419340E+03	 1.09910460331541E-01
 1.98812504209343E+03	 4.33574060620534E-01
 1.98812777999347E+03	 7.07819814155011E-01
 1.98813051789350E+03	 7.70823931396861E-01
 1.98813325579353E+03	 5.58217443940803E-01
 1.98813599369356E+03	 1.77392324978510E-01
 1.98813873159359E+03	-1.84335344703819E-01
 1.98814146949362E+03	-4.15224964623892E-01
 1.98814420739365E+03	-5.21871414734917E-01
 1.98814694529368E+03	-5.45001671882553E-01
 1.98814968319371E+03	-4.89566217489295E-01
 1.98815242109374E+03	-3.48142281548660E-01
 1.98815515899377E+03	-1.48205528992873E-01
 1.98815789689380E+03	 5.49537243188647E-02
 1.98816063479383E+03	 2.17451253633757E-01
 1.98816337269387E+03	 3.22792999756182E-01
 1.98816611059390E+03	 3.72199692506441E-01
 1.98816884849393E+03	 3.73358978975586E-01
 1.98817158639396E+03	 3.30828530707888E-01
 1.98817432429399E+03	 2.39047350454669E-01
 1.98817706219402E+03	 9.29076649085134E-02
 1.98817980009405E+03	-8.84500595954633E-02
 1.98818253799408E+03	-2.57108192032261E-01
 1.98818527589411E+03	-3.63743199069238E-01
 1.98818801379414E+03	-3.86461652550249E-01
 1.98819075169417E+03	-3.29489066462079E-01
 1.98819348959420E+03	-1.98492127650049E-01
 1.98819622749423E+03	 1.31967739676606E-02
 1.98819896539427E+03	 3.00946619497668E-01
 1.98820170329430E+03	 6.01717865521080E-01
 1.98820444119433E+03	 7.84858989278961E-01
 1.98820717909436E+03	 7.29252493857652E-01
 1.98820991699439E+03	 4.34035205802405E-01
 1.98821265489442E+03	 3.69796403044202E-02
 1.98821539279445E+03	-2.96906453306309E-01
 1.98821813069448E+03	-4.93509277087967E-01
 1.98822086859451E+03	-5.68253168862056E-01
 1.98822360649454E+03	-5.45440899786103E-01
 1.98822634439457E+03	-4.27257605166947E-01
 1.98822908229460E+03	-2.33879540164040E-01
 1.98823182019463E+03	-2.30329002719868E-02
 1.98823455809466E+03	 1.50110956851008E-01
 1.98823729599470E+03	 2.68793647967281E-01
 1.98824003389473E+03	 3.40210399366973E-01
 1.98824277179476E+03	 3.66893837039718E-01
 1.98824550969479E+03	 3.43411348183165E-01
 1.98824824759482E+03	 2.65265292804725E-01
 1.98825098549485E+03	 1.32666571729030E-01
 1.98825372339488E+03	-4.08773353819103E-02
 1.98825646129491E+03	-2.17888635577742E-01
 1.98825919919494E+03	-3.48604463448972E-01
 1.98826193709497E+03	-4.00990458094323E-01
 1.98826467499500E+03	-3.71644705209739E-01
 1.98826741289503E+03	-2.66823571238706E-01
 1.98827015079506E+03	-8.70631666372702E-02
 1.98827288869510E+03	 1.59702970780198E-01
 1.98827562659513E+03	 4.31517981904807E-01
 1.98827836449516E+03	 6.43111076163429E-01
 1.98828110239519E+03	 6.95029216399295E-01
 1.98828384029522E+03	 5.37256407259345E-01
 1.98828657819525E+03	 2.20039590511570E-01
 1.98828931609528E+03	-1.29828543690132E-01
 1.98829205399531E+03	-3.98112272043289E-01
 1.98829479189534E+03	-5.43956023168824E-01
 1.98829752979537E+03	-5.75011436248670E-01
 1.98830026769540E+03	-4.98489709767342E-01
 1.98830300559543E+03	-3.27567231749806E-01
 1.98830574349546E+03	-1.13860269427231E-01
 1.98830848139550E+03	 7.13774763688215E-02
 1.98831121929553E+03	 1.93413232623367E-01
 1.98831395719556E+03	 2.66255754151234E-01
 1.98831669509559E+03	 3.09026551323457E-01
 1.98831943299562E+03	 3.14863647997264E-01
 1.98832217089565E+03	 2.65452440493553E-01
 1.98832490879568E+03	 1.55035910143518E-01
 1.98832764669571E+03	-3.18506876615570E-03
 1.98833038459574E+03	-1.77181686017553E-01
 1.98833312249577E+03	-3.21484220841771E-01
 1.98833586039580E+03	-3.98847412957025E-01
 1.98833859829583E+03	-3.98718595790937E-01
 1.98834133619586E+03	-3.24964763380304E-01
 1.98834407409589E+03	-1.75099868150211E-01
 1.98834681199593E+03	 4.66953824753193E-02
 1.98834954989596E+03	 2.97155619432760E-01
 1.98835228779599E+03	 4.95268499752443E-01
 1.98835502569602E+03	 5.65004862130603E-01
 1.98835776359605E+03	 4.76019994689582E-01
 1.98836050149608E+03	 2.54658958823147E-01
 1.98836323939611E+03	-2.93202429767805E-02
 1.98836597729614E+03	-2.93453068171338E-01
 1.98836871519617E+03	-4.78655379264521E-01
 1.98837145309620E+03	-5.61096951165440E-01
 1.98837419099623E+03	-5.34054875491021E-01
 1.98837692889626E+03	-4.00423629222122E-01
 1.98837966679629E+03	-1.95513464328089E-01
 1.98838240469633E+03	 7.69850708835666E-03
 1.98838514259636E+03	 1.46503168964830E-01
 1.98838788049639E+03	 2.16355979658353E-01
 1.98839061839642E+03	 2.51924488585003E-01
 1.98839335629645E+03	 2.69487089634813E-01
 1.98839609419648E+03	 2.49168207016759E-01
 1.98839883209651E+03	 1.67723842528356E-01
 1.98840156999654E+03	 2.84018222613915E-02
 1.98840430789657E+03	-1.38415400966548E-01
 1.98840704579660E+03	-2.88298811928810E-01
 1.98840978369663E+03	-3.81329120738441E-01
 1.98841252159666E+03	-4.01473775384083E-01
 1.98841525949669E+03	-3.52985378927196E-01
 1.98841799739673E+03	-2.33250485957897E-01
 1.98842073529676E+03	-3.17064187271984E-02
 1.98842347319679E+03	 2.24030898522909E-01
 1.98842621109682E+03	 4.41514309063616E-01
 1.98842894899685E+03	 5.17772601229726E-01
 1.98843168689688E+03	 4.22569001767599E-01
 1.98843442479691E+03	 2.12036168783421E-01
 1.98843716269694E+03	-3.16544490761712E-02
 1.98843990059697E+03	-2.53076027149465E-01
 1.98844263849700E+03	-4.24638085329887E-01
 1.98844537639703E+03	-5.25694139550978E-01
 1.98844811429706E+03	-5.34656878278999E-01
 1.98845085219709E+03	-4.38695571748809E-01
 1.98845359009713E+03	-2.54122560182435E-01
 1.98845632799716E+03	-3.87929380773766E-02
 1.98845906589719E+03	 1.32629371936670E-01
 1.98846180379722E+03	 2.22237738702967E-01
 1.98846454169725E+03	 2.50941092743396E-01
 1.98846727959728E+03	 2.57095390354977E-01
 1.98847001749731E+03	 2.44876676933889E-01
 1.98847275539734E+03	 1.86939165538342E-01
 1.98847549329737E+03	 6.72751517599814E-02
 1.98847823119740E+03	-9.37828805926124E-02
 1.98848096909743E+03	-2.50542749486530E-01
 1.98848370699746E+03	-3.57461100700785E-01
 1.98848644489749E+03	-3.91569424613508E-01
 1.98848918279752E+03	-3.56864163732346E-01
 1.98849192069756E+03	-2.59192166031173E-01
 1.98849465859759E+03	-8.30998411844452E-02
 1.98849739649762E+03	 1.75737280785531E-01
 1.98850013439765E+03	 4.46570635868292E-01
 1.98850287229768E+03	 5.92211318021178E-01
 1.98850561019771E+03	 5.19438624307939E-01
 1.98850834809774E+03	 2.69512934277832E-01
 1.98851108599777E+03	-2.53682983378668E-02
 1.98851382389780E+03	-2.61982105224599E-01
 1.98851656179783E+03	-4.18979559961451E-01
 1.98851929969786E+03	-5.10283224101884E-01
 1.98852203759789E+03	-5.30379315315343E-01
 1.98852477549792E+03	-4.58088410949545E-01
 1.98852751339796E+03	-2.93380522837696E-01
 1.98853025129799E+03	-7.72323861204869E-02
 1.98853298919802E+03	 1.22702888446561E-01
 1.98853572709805E+03	 2.50845928775614E-01
 1.98853846499808E+03	 2.98149045673635E-01
 1.98854120289811E+03	 2.96338486083219E-01
 1.98854394079814E+03	 2.73266677034723E-01
 1.98854667869817E+03	 2.21493592911280E-01
 1.98854941659820E+03	 1.17602225619472E-01
 1.98855215449823E+03	-3.68138943031323E-02
 1.98855489239826E+03	-2.03086220633924E-01
 1.98855763029829E+03	-3.29300411316550E-01
 1.98856036819832E+03	-3.81615007207527E-01
 1.98856310609836E+03	-3.58022152623631E-01
 1.98856584399839E+03	-2.72343745831380E-01
 1.98856858189842E+03	-1.21011293825999E-01
 1.98857131979845E+03	 1.17369572633908E-01
 1.98857405769848E+03	 4.20552955714047E-01
 1.98857679559851E+03	 6.69630676630682E-01
 1.98857953349854E+03	 7.08924444758801E-01
 1.98858227139857E+03	 4.88631161255501E-01
 1.98858500929860E+03	 1.23981143443662E-01
 1.98858774719863E+03	-2.10300282301742E-01
 1.98859048509866E+03	-4.22939811624915E-01
 1.98859322299869E+03	-5.25943882657616E-01
 1.98859596089872E+03	-5.49495793544264E-01
 1.98859869879875E+03	-4.89180389331722E-01
 1.98860143669879E+03	-3.36650328312455E-01
 1.98860417459882E+03	-1.21981045727690E-01
 1.98860691249885E+03	 9.31646942702058E-02
 1.98860965039888E+03	 2.52827353264425E-01
 1.98861238829891E+03	 3.33683099442423E-01
 1.98861512619894E+03	 3.47343439294190E-01
 1.98861786409897E+03	 3.20046725305245E-01
 1.98862060199900E+03	 2.63677670626500E-01
 1.98862333989903E+03	 1.67385322880685E-01
 1.98862607779906E+03	 2.26604796537684E-02
 1.98862881569909E+03	-1.47882878294469E-01
 1.98863155359912E+03	-2.94511541212749E-01
 1.98863429149915E+03	-3.72602607956261E-01
 1.98863702939919E+03	-3.68495374106575E-01
 1.98863976729922E+03	-2.95317692244589E-01
 1.98864250519925E+03	-1.63543498410495E-01
 1.98864524309928E+03	 4.05234534468372E-02
 1.98864798099931E+03	 3.26653564862047E-01
 1.98865071889934E+03	 6.33466753608720E-01
 1.98865345679937E+03	 8.12309855063268E-01
 1.98865619469940E+03	 7.28484967254784E-01
 1.98865893259943E+03	 3.95097341797097E-01
 1.98866167049946E+03	-2.26052565617445E-02
 1.98866440839949E+03	-3.50338362796405E-01
 1.98866714629952E+03	-5.27558603372858E-01
 1.98866988419955E+03	-5.83509609096342E-01
 1.98867262209959E+03	-5.43397391544926E-01
 1.98867535999962E+03	-4.05707510779787E-01
 1.98867809789965E+03	-1.91625097309746E-01
 1.98868083579968E+03	 3.56300987270951E-02
 1.98868357369971E+03	 2.12862269307507E-01
 1.98868631159974E+03	 3.15859505830009E-01
 1.98868904949977E+03	 3.53344263836727E-01
 1.98869178739980E+03	 3.41832188372837E-01
 1.98869452529983E+03	 2.91096641934865E-01
 1.98869726319986E+03	 2.00665952559253E-01
 1.98870000109989E+03	 6.68310027468125E-02
 1.98870273899992E+03	-9.84908768210084E-02
 1.98870547689995E+03	-2.56653807064019E-01
 1.98870821479998E+03	-3.59970396396927E-01
 1.98871095270002E+03	-3.82886202738495E-01
 1.98871369060005E+03	-3.31086504176409E-01
 1.98871642850008E+03	-2.19911396104038E-01
 1.98871916640011E+03	-4.90084430171034E-02
 1.98872190430014E+03	 1.93253294890209E-01
 1.98872464220017E+03	 4.86850389786749E-01
 1.98872738010020E+03	 7.37867610510564E-01
 1.98873011800023E+03	 8.05855240685282E-01
 1.98873285590026E+03	 6.12202623778359E-01
 1.98873559380029E+03	 2.27285129004852E-01
 1.98873833170032E+03	-1.75245972980541E-01
 1.98874106960035E+03	-4.56926459241155E-01
 1.98874380750038E+03	-5.88128219178979E-01
 1.98874654540042E+03	-5.95367188188944E-01
 1.98874928330045E+03	-4.91780559309124E-01
 1.98875202120048E+03	-2.91075759944865E-01
 1.98875475910051E+03	-5.15553806064987E-02
 1.98875749700054E+03	 1.45408316659258E-01
 1.98876023490057E+03	 2.59239047015820E-01
 1.98876297280060E+03	 3.05176819506479E-01
 1.98876571070063E+03	 3.10581057247189E-01
 1.98876844860066E+03	 2.81129900997517E-01
 1.98877118650069E+03	 2.08374592617820E-01
 1.98877392440072E+03	 8.90569508049261E-02
 1.98877666230075E+03	-6.52704202521283E-02
 1.98877940020078E+03	-2.23860181542388E-01
 1.98878213810082E+03	-3.43126561468167E-01
 1.98878487600085E+03	-3.90678018318777E-01
 1.98878761390088E+03	-3.63919139339455E-01
 1.98879035180091E+03	-2.77475341694359E-01
 1.98879308970094E+03	-1.36648448379152E-01
 1.98879582760097E+03	 6.47548057613430E-02
 1.98879856550100E+03	 3.16065929252524E-01
 1.98880130340103E+03	 5.60555872086077E-01
 1.98880404130106E+03	 6.99093364296922E-01
 1.98880677920109E+03	 6.41504634596932E-01
 1.98880951710112E+03	 3.79491589895784E-01
 1.98881225500115E+03	 1.17785356431667E-02
 1.98881499290118E+03	-3.20918773586954E-01
 1.98881773080122E+03	-5.30847372745823E-01
 1.98882046870125E+03	-6.05707468777387E-01
 1.98882320660128E+03	-5.57225188460090E-01
 1.98882594450131E+03	-3.94176370956085E-01
 1.98882868240134E+03	-1.57041805467912E-01
 1.98883142030137E+03	 6.72251296960305E-02
 1.98883415820140E+03	 2.04153676954978E-01
 1.98883689610143E+03	 2.51014611558915E-01
 1.98883963400146E+03	 2.53471954675414E-01
 1.98884237190149E+03	 2.38229006432905E-01
 1.98884510980152E+03	 1.92301974351456E-01
 1.98884784770155E+03	 9.68627685510631E-02
 1.98885058560158E+03	-4.29213068688286E-02
 1.98885332350161E+03	-1.97334550008651E-01
 1.98885606140165E+03	-3.24544736980267E-01
 1.98885879930168E+03	-3.88956347012150E-01
 1.98886153720171E+03	-3.81039882319490E-01
 1.98886427510174E+03	-3.14857674079727E-01
 1.98886701300177E+03	-1.99798472035553E-01
 1.98886975090180E+03	-2.85644235246905E-02
 1.98887248880183E+03	 1.93092087698253E-01
 1.98887522670186E+03	 4.14506765937851E-01
 1.98887796460189E+03	 5.53683344975849E-01
 1.98888070250192E+03	 5.44703057458555E-01
 1.98888344040195E+03	 3.75637140685596E-01
 1.98888617830198E+03	 9.64694689850713E-02
 1.98888891620201E+03	-2.03233525634865E-01
 1.98889165410205E+03	-4.38843955908335E-01
 1.98889439200208E+03	-5.65840516527275E-01
 1.98889712990211E+03	-5.73739317948625E-01
 1.98889986780214E+03	-4.62263385004581E-01
 1.98890260570217E+03	-2.51239141655313E-01
 1.98890534360220E+03	-9.16149178868741E-03
 1.98890808150223E+03	 1.69756253467109E-01
 1.98891081940226E+03	 2.39499266027649E-01
 1.98891355730229E+03	 2.33403326310134E-01
 1.98891629520232E+03	 2.07401713200184E-01
 1.98891903310235E+03	 1.73194668287030E-01
 1.98892177100238E+03	 1.03405729487074E-01
 1.98892450890241E+03	-1.73726239916678E-02
 1.98892724680245E+03	-1.67404505867299E-01
 1.98892998470248E+03	-3.02419479561549E-01
 1.98893272260251E+03	-3.81107041266370E-01
 1.98893546050254E+03	-3.86004868405903E-01
 1.98893819840257E+03	-3.28926819546833E-01
 1.98894093630260E+03	-2.27311927914748E-01
 1.98894367420263E+03	-7.64041360585731E-02
 1.98894641210266E+03	 1.32225464040550E-01
 1.98894915000269E+03	 3.58302202862312E-01
 1.98895188790272E+03	 5.07460773513051E-01
 1.98895462580275E+03	 5.00507878856842E-01
 1.98895736370278E+03	 3.38344684858523E-01
 1.98896010160281E+03	 8.98376197605427E-02
 1.98896283950284E+03	-1.66817727440179E-01
 1.98896557740288E+03	-3.78727459725768E-01
 1.98896831530291E+03	-5.15084454120116E-01
 1.98897105320294E+03	-5.55271476728322E-01
 1.98897379110297E+03	-4.85668769877169E-01
 1.98897652900300E+03	-3.10146129221206E-01
 1.98897926690303E+03	-7.16677081060658E-02
 1.98898200480306E+03	 1.45908310083453E-01
 1.98898474270309E+03	 2.65861098553882E-01
 1.98898748060312E+03	 2.78599645653622E-01
 1.98899021850315E+03	 2.37106388695737E-01
 1.98899295640318E+03	 1.87767044202334E-01
 1.98899569430321E+03	 1.25134664422845E-01
 1.98899843220324E+03	 2.10963926793663E-02
 1.98900117010328E+03	-1.23477729824217E-01
 1.98900390800331E+03	-2.69311399266285E-01
 1.98900664590334E+03	-3.67381793052180E-01
 1.98900938380337E+03	-3.88882609147315E-01
 1.98901212170340E+03	-3.37814445581885E-01
 1.98901485960343E+03	-2.37196487314832E-01
 1.98901759750346E+03	-9.48618041387090E-02
 1.98902033540349E+03	 1.05033961897522E-01
 1.98902307330352E+03	 3.51084668527407E-01
 1.98902581120355E+03	 5.54576657767481E-01
 1.98902854910358E+03	 5.93793366876066E-01
 1.98903128700361E+03	 4.26410458677716E-01
 1.98903402490364E+03	 1.34067567460900E-01
 1.98903676280368E+03	-1.56215548980833E-01
 1.98903950070371E+03	-3.70598189347218E-01
 1.98904223860374E+03	-4.99325292258920E-01
 1.98904497650377E+03	-5.45023685447835E-01
 1.98904771440380E+03	-4.95661562096532E-01
 1.98905045230383E+03	-3.44767159969399E-01
 1.98905319020386E+03	-1.19466392480274E-01
 1.98905592810389E+03	 1.15397609065359E-01
 1.98905866600392E+03	 2.83857142399075E-01
 1.98906140390395E+03	 3.44495353557664E-01
 1.98906414180398E+03	 3.16518547493922E-01
 1.98906687970401E+03	 2.50983351922409E-01
 1.98906961760404E+03	 1.74508301465749E-01
 1.98907235550407E+03	 7.36609970746410E-02
 1.98907509340411E+03	-6.55162838963777E-02
 1.98907783130414E+03	-2.20679725712009E-01
 1.98908056920417E+03	-3.42563138598967E-01
 1.98908330710420E+03	-3.90487859369523E-01
 1.98908604500423E+03	-3.55890383187996E-01
 1.98908878290426E+03	-2.58703057888879E-01
 1.98909152080429E+03	-1.18990034368174E-01
 1.98909425870432E+03	 7.00758580298500E-02
 1.98909699660435E+03	 3.20755616796531E-01
 1.98909973450438E+03	 5.83550965518539E-01
 1.98910247240441E+03	 7.27531264894753E-01
 1.98910521030444E+03	 6.35951317711248E-01
 1.98910794820447E+03	 3.27881316466859E-01
 1.98911068610451E+03	-4.73365670351518E-02
 1.98911342400454E+03	-3.42042750539664E-01
 1.98911616190457E+03	-5.08034102344080E-01
 1.98911889980460E+03	-5.65748559590822E-01
 1.98912163770463E+03	-5.28334833850993E-01
 1.98912437560466E+03	-3.91109059930528E-01
 1.98912711350469E+03	-1.73116037202534E-01
 1.98912985140472E+03	 6.70625698180881E-02
 1.98913258930475E+03	 2.60345034790336E-01
 1.98913532720478E+03	 3.63168522226244E-01
 1.98913806510481E+03	 3.73190536325646E-01
 1.98914080300484E+03	 3.20171896730357E-01
 1.98914354090487E+03	 2.36433877166895E-01
 1.98914627880491E+03	 1.30470780198096E-01
 1.98914901670494E+03	-5.74748280500736E-03
 1.98915175460497E+03	-1.63894095792207E-01
 1.98915449250500E+03	-3.05078213596670E-01
 1.98915723040503E+03	-3.83281386459745E-01
 1.98915996830506E+03	-3.77294705546355E-01
 1.98916270620509E+03	-2.98291921510156E-01
 1.98916544410512E+03	-1.69553816794971E-01
 1.98916818200515E+03	 2.56636375951978E-03
 1.98917091990518E+03	 2.32765347064569E-01
 1.98917365780521E+03	 5.11326265342781E-01
 1.98917639570524E+03	 7.48174005792623E-01
 1.98917913360527E+03	 7.98241950164602E-01
 1.98918187150531E+03	 5.84261349178422E-01
 1.98918460940534E+03	 1.88723364550223E-01
 1.98918734730537E+03	-2.07136458423919E-01
 1.98919008520540E+03	-4.71959224737648E-01
 1.98919282310543E+03	-5.87002419061607E-01
 1.98919556100546E+03	-5.81454014809844E-01
 1.98919829890549E+03	-4.66691469245535E-01
 1.98920103680552E+03	-2.56347293350142E-01
 1.98920377470555E+03	-7.49520505734545E-03
 1.98920651260558E+03	 2.00285007932549E-01
 1.98920925050561E+03	 3.20173627404840E-01
 1.98921198840564E+03	 3.54905377609455E-01
 1.98921472630567E+03	 3.29593300625698E-01
 1.98921746420570E+03	 2.64437183819436E-01
 1.98922020210574E+03	 1.67065910185960E-01
 1.98922294000577E+03	 3.78242054024032E-02
 1.98922567790580E+03	-1.15710756886052E-01
 1.98922841580583E+03	-2.64593535162467E-01
 1.98923115370586E+03	-3.65546356888461E-01
 1.98923389160589E+03	-3.88944963946964E-01
 1.98923662950592E+03	-3.37012481647747E-01
 1.98923936740595E+03	-2.31399692213611E-01
 1.98924210530598E+03	-8.53456928001506E-02
 1.98924484320601E+03	 1.08788139242722E-01
 1.98924758110604E+03	 3.57168338664989E-01
 1.98925031900607E+03	 6.17241306791190E-01
 1.98925305690610E+03	 7.77375723127083E-01
 1.98925579480614E+03	 7.17874296452010E-01
 1.98925853270617E+03	 4.21169309838556E-01
 1.98926127060620E+03	 1.01688366628657E-02
 1.98926400850623E+03	-3.45708490899897E-01
 1.98926674640626E+03	-5.53697999975938E-01
 1.98926948430629E+03	-6.13614190935256E-01
 1.98927222220632E+03	-5.46340799210869E-01
 1.98927496010635E+03	-3.63726953850541E-01
 1.98927769800638E+03	-1.10309789726142E-01
 1.98928043590641E+03	 1.22471514123289E-01
 1.98928317380644E+03	 2.58630734751887E-01
 1.98928591170647E+03	 2.94427310571377E-01
 1.98928864960650E+03	 2.74493794321518E-01
 1.98929138750654E+03	 2.30286747362103E-01
 1.98929412540657E+03	 1.59760118274428E-01
 1.98929686330660E+03	 5.19937978086151E-02
 1.98929960120663E+03	-8.81687373662267E-02
 1.98930233910666E+03	-2.34339791311530E-01
 1.98930507700669E+03	-3.46264495317218E-01
 1.98930781490672E+03	-3.89970831466863E-01
 1.98931055280675E+03	-3.59692175077400E-01
 1.98931329070678E+03	-2.75819160360659E-01
 1.98931602860681E+03	-1.56879820086842E-01
 1.98931876650684E+03	-1.20325824271801E-04
 1.98932150440687E+03	 2.03341849807180E-01
 1.98932424230690E+03	 4.33131380055765E-01
 1.98932698020693E+03	 6.18988525116376E-01
 1.98932971810697E+03	 6.62737947222793E-01
 1.98933245600700E+03	 5.03815575036782E-01
 1.98933519390703E+03	 1.80977678163472E-01
 1.98933793180706E+03	-1.79848647207768E-01
 1.98934066970709E+03	-4.53958870559962E-01
 1.98934340760712E+03	-5.88817915313905E-01
 1.98934614550715E+03	-5.86970746142695E-01
 1.98934888340718E+03	-4.57117325262343E-01
 1.98935162130721E+03	-2.23236132888155E-01
 1.98935435920724E+03	 3.60016077125965E-02
 1.98935709710727E+03	 2.14504805703619E-01
 1.98935983500730E+03	 2.64991209366142E-01
 1.98936257290733E+03	 2.30055368645884E-01
 1.98936531080737E+03	 1.75907386928588E-01
 1.98936804870740E+03	 1.20969861366726E-01
 1.98937078660743E+03	 4.17314185738168E-02
 1.98937352450746E+03	-7.65937108815292E-02
 1.98937626240749E+03	-2.14886202592634E-01
 1.98937900030752E+03	-3.32112815930923E-01
 1.98938173820755E+03	-3.89308125093543E-01
 1.98938447610758E+03	-3.71812040364930E-01
 1.98938721400761E+03	-2.96625755240316E-01
 1.98938995190764E+03	-1.90241902759163E-01
 1.98939268980767E+03	-5.77136273843638E-02
 1.98939542770770E+03	 1.12803816579459E-01
 1.98939816560773E+03	 3.10411546389671E-01
 1.98940090350777E+03	 4.79021062045556E-01
 1.98940364140780E+03	 5.42814355605530E-01
 1.98940637930783E+03	 4.54030755830720E-01
 1.98940911720786E+03	 2.24937056512099E-01
 1.98941185510789E+03	-7.30599613173669E-02
 1.98941459300792E+03	-3.44781177707900E-01
 1.98941733090795E+03	-5.20243327422493E-01
 1.98942006880798E+03	-5.73761310608322E-01
 1.98942280670801E+03	-5.02012242832221E-01
 1.98942554460804E+03	-3.11943922491262E-01
 1.98942828250807E+03	-5.06867626209730E-02
 1.98943102040810E+03	 1.80250447573765E-01
 1.98943375830813E+03	 2.86812542155960E-01
 1.98943649620816E+03	 2.62981828855563E-01
 1.98943923410820E+03	 1.82194958549822E-01
 1.98944197200823E+03	 1.07449754043926E-01
 1.98944470990826E+03	 3.66542665759345E-02
 1.98944744780829E+03	-6.18839330666322E-02
 1.98945018570832E+03	-1.91127851342277E-01
 1.98945292360835E+03	-3.15209691023553E-01
 1.98945566150838E+03	-3.88414342018765E-01
 1.98945839940841E+03	-3.84731721393546E-01
 1.98946113730844E+03	-3.11896175314634E-01
 1.98946387520847E+03	-2.00622719477195E-01
 1.98946661310850E+03	-7.04702631207661E-02
 1.98946935100853E+03	 8.75185930486321E-02
 1.98947208890856E+03	 2.76174506220250E-01
 1.98947482680860E+03	 4.46522125988052E-01
 1.98947756470863E+03	 5.14103897748684E-01
 1.98948030260866E+03	 4.29221717844663E-01
 1.98948304050869E+03	 2.17830698311982E-01
 1.98948577840872E+03	-4.57257494530365E-02
 1.98948851630875E+03	-2.88302808676961E-01
 1.98949125420878E+03	-4.61140889780501E-01
 1.98949399210881E+03	-5.37642173959410E-01
 1.98949673000884E+03	-5.04369724723995E-01
 1.98949946790887E+03	-3.58033040773353E-01
 1.98950220580890E+03	-1.21046896282508E-01
 1.98950494370893E+03	 1.36006732488940E-01
 1.98950768160896E+03	 3.12379942237899E-01
 1.98951041950900E+03	 3.48051214151185E-01
 1.98951315740903E+03	 2.73321697092910E-01
 1.98951589530906E+03	 1.67349668634908E-01
 1.98951863320909E+03	 7.32997440927971E-02
 1.98952137110912E+03	-2.46084954061731E-02
 1.98952410900915E+03	-1.48553720610932E-01
 1.98952684690918E+03	-2.81251560944773E-01
 1.98952958480921E+03	-3.76610349816098E-01
 1.98953232270924E+03	-3.96838806176933E-01
 1.98953506060927E+03	-3.35925459687488E-01
 1.98953779850930E+03	-2.19051003786158E-01
 1.98954053640933E+03	-7.72616641582590E-02
 1.98954327430936E+03	 8.42749944481756E-02
 1.98954601220940E+03	 2.77773327015570E-01
 1.98954875010943E+03	 4.76842307880876E-01
 1.98955148800946E+03	 5.90674048159416E-01
 1.98955422590949E+03	 5.30202322384756E-01
 1.98955696380952E+03	 2.99697880164380E-01
 1.98955970170955E+03	-1.62816909831815E-03
 1.98956243960958E+03	-2.66101758050699E-01
 1.98956517750961E+03	-4.42520830650897E-01
 1.98956791540964E+03	-5.23143058503192E-01
 1.98957065330967E+03	-5.04880994279924E-01
 1.98957339120970E+03	-3.82908615752404E-01
 1.98957612910973E+03	-1.71047964075786E-01
 1.98957886700976E+03	 8.17594597265738E-02
 1.98958160490979E+03	 2.96865838200246E-01
 1.98958434280983E+03	 4.01712812800666E-01
 1.98958708070986E+03	 3.78791167788171E-01
 1.98958981860989E+03	 2.76109322096680E-01
 1.98959255650992E+03	 1.56036923338020E-01
 1.98959529440995E+03	 3.93236552348590E-02
 1.98959803230998E+03	-8.86694707008595E-02
 1.98960077021001E+03	-2.28613689564775E-01
 1.98960350811004E+03	-3.45977492495863E-01
 1.98960624601007E+03	-3.97328850246283E-01
 1.98960898391010E+03	-3.63350812270946E-01
 1.98961172181013E+03	-2.57617820392263E-01
 1.98961445971016E+03	-1.11222043115390E-01
 1.98961719761019E+03	 5.64276275987002E-02
 1.98961993551023E+03	 2.52224536425381E-01
 1.98962267341026E+03	 4.74668239335654E-01
 1.98962541131029E+03	 6.57936618132477E-01
 1.98962814921032E+03	 6.85552889262364E-01
 1.98963088711035E+03	 4.94539177593282E-01
 1.98963362501038E+03	 1.53679992091379E-01
 1.98963636291041E+03	-1.88969756702630E-01
 1.98963910081044E+03	-4.25960059124585E-01
 1.98964183871047E+03	-5.35987046739469E-01
 1.98964457661050E+03	-5.33947279374358E-01
 1.98964731451053E+03	-4.26144325616464E-01
 1.98965005241056E+03	-2.25631973914499E-01
 1.98965279031059E+03	 2.08451192102740E-02
 1.98965552821063E+03	 2.43304267572383E-01
 1.98965826611066E+03	 3.81782138067147E-01
 1.98966100401069E+03	 4.11351937434776E-01
 1.98966374191072E+03	 3.48823428734546E-01
 1.98966647981075E+03	 2.36541318844419E-01
 1.98966921771078E+03	 1.08674296076247E-01
 1.98967195561081E+03	-2.75336635361231E-02
 1.98967469351084E+03	-1.72283477586358E-01
 1.98967743141087E+03	-3.03994175357087E-01
 1.98968016931090E+03	-3.82880475443418E-01
 1.98968290721093E+03	-3.81350597152269E-01
 1.98968564511096E+03	-3.02474499769012E-01
 1.98968838301099E+03	-1.71119609594822E-01
 1.98969112091102E+03	-1.07314782944069E-02
 1.98969385881106E+03	 1.75459914188261E-01
 1.98969659671109E+03	 3.94724281245417E-01
 1.98969933461112E+03	 6.18088355849888E-01
 1.98970207251115E+03	 7.48281982776703E-01
 1.98970481041118E+03	 6.74012722352411E-01
 1.98970754831121E+03	 3.81281028016666E-01
 1.98971028621124E+03	-9.85339303553458E-03
 1.98971302411127E+03	-3.40643400155961E-01
 1.98971576201130E+03	-5.28498829826280E-01
 1.98971849991133E+03	-5.74493713318843E-01
 1.98972123781136E+03	-4.97376138567883E-01
 1.98972397571139E+03	-3.11308535490786E-01
 1.98972671361142E+03	-6.07876085471442E-02
 1.98972945151146E+03	 1.72627391933635E-01
 1.98973218941149E+03	 3.19842151534596E-01
 1.98973492731152E+03	 3.64858382211596E-01
 1.98973766521155E+03	 3.32212465429763E-01
 1.98974040311158E+03	 2.52178783741458E-01
 1.98974314101161E+03	 1.43359668448775E-01
 1.98974587891164E+03	 1.38360698873202E-02
 1.98974861681167E+03	-1.29220550512860E-01
 1.98975135471170E+03	-2.66196043072076E-01
 1.98975409261173E+03	-3.62325052408614E-01
 1.98975683051176E+03	-3.86841862319283E-01
 1.98975956841179E+03	-3.35546174740709E-01
 1.98976230631182E+03	-2.29402401591560E-01
 1.98976504421186E+03	-9.17838745779800E-02
 1.98976778211189E+03	 7.03915493917647E-02
 1.98977052001192E+03	 2.63791539286085E-01
 1.98977325791195E+03	 4.80573512212723E-01
 1.98977599581198E+03	 6.62788012648464E-01
 1.98977873371201E+03	 7.07175068389354E-01
 1.98978147161204E+03	 5.39660213412139E-01
 1.98978420951207E+03	 1.98736577521011E-01
 1.98978694741210E+03	-1.76145598428129E-01
 1.98978968531213E+03	-4.51157446014414E-01
 1.98979242321216E+03	-5.76200808828438E-01
 1.98979516111219E+03	-5.59441136403092E-01
 1.98979789901222E+03	-4.14353712956424E-01
 1.98980063691225E+03	-1.71269901732709E-01
 1.98980337481229E+03	 8.77474077109003E-02
 1.98980611271232E+03	 2.61988475025377E-01
 1.98980885061235E+03	 3.10281275484507E-01
 1.98981158851238E+03	 2.70599805847600E-01
 1.98981432641241E+03	 2.00155124122453E-01
 1.98981706431244E+03	 1.19706955160150E-01
 1.98981980221247E+03	 1.91096205671006E-02
 1.98982254011250E+03	-1.06915472747338E-01
 1.98982527801253E+03	-2.40239090502499E-01
 1.98982801591256E+03	-3.45073080740556E-01
 1.98983075381259E+03	-3.86783139769592E-01
 1.98983349171262E+03	-3.53882254339259E-01
 1.98983622961265E+03	-2.64913902484200E-01
 1.98983896751269E+03	-1.48157710611721E-01
 1.98984170541272E+03	-1.45413805872903E-02
 1.98984444331275E+03	 1.44122184298518E-01
 1.98984718121278E+03	 3.29142100535224E-01
 1.98984991911281E+03	 5.06888049822827E-01
 1.98985265701284E+03	 6.04999962039514E-01
 1.98985539491287E+03	 5.47575250139524E-01
 1.98985813281290E+03	 3.16801302725895E-01
 1.98986087071293E+03	-1.33953942702499E-02
 1.98986360861296E+03	-3.19936063042814E-01
 1.98986634651299E+03	-5.13023038244345E-01
 1.98986908441302E+03	-5.67368615609145E-01
 1.98987182231305E+03	-4.86418784811397E-01
 1.98987456021309E+03	-2.82389414852563E-01
 1.98987729811312E+03	-1.12745161414834E-02
 1.98988003601315E+03	 2.15496660688650E-01
 1.98988277391318E+03	 3.04066287943942E-01
 1.98988551181321E+03	 2.58536355530394E-01
 1.98988824971324E+03	 1.60199854147740E-01
 1.98989098761327E+03	 7.29493797143491E-02
 1.98989372551330E+03	-4.97232321820087E-03
 1.98989646341333E+03	-1.02584221591007E-01
 1.98989920131336E+03	-2.22114443829916E-01
 1.98990193921339E+03	-3.30649119680216E-01
 1.98990467711342E+03	-3.86392717857257E-01
 1.98990741501345E+03	-3.66844217752634E-01
 1.98991015291349E+03	-2.82945122382920E-01
 1.98991289081352E+03	-1.68339356180305E-01
 1.98991562871355E+03	-4.70400817508961E-02
 1.98991836661358E+03	 8.55237259697647E-02
 1.98992110451361E+03	 2.40098938757321E-01
 1.98992384241364E+03	 3.95748205714306E-01
 1.98992658031367E+03	 4.94728195067744E-01
 1.98992931821370E+03	 4.76988877921591E-01
 1.98993205611373E+03	 3.21500165896369E-01
 1.98993479401376E+03	 6.55436964896448E-02
 1.98993753191379E+03	-2.09529771350664E-01
 1.98994026981382E+03	-4.20803052919340E-01
 1.98994300771385E+03	-5.21421290431096E-01
 1.98994574561388E+03	-4.98395117703244E-01
 1.98994848351392E+03	-3.50849929044612E-01
 1.98995122141395E+03	-1.02425357819237E-01
 1.98995395931398E+03	 1.64051861316520E-01
 1.98995669721401E+03	 3.29354092828940E-01
 1.98995943511404E+03	 3.30439849915942E-01
 1.98996217301407E+03	 2.15736462880187E-01
 1.98996491091410E+03	 8.48072369313205E-02
 1.98996764881413E+03	-1.30619404821326E-02
 1.98997038671416E+03	-9.91194920102676E-02
 1.98997312461419E+03	-2.02619341248440E-01
 1.98997586251422E+03	-3.11207237454707E-01
 1.98997860041425E+03	-3.82279422050196E-01
 1.98998133831428E+03	-3.80628220091522E-01
 1.98998407621432E+03	-3.02801213462126E-01
 1.98998681411435E+03	-1.77997315482553E-01
 1.98998955201438E+03	-4.36752583616923E-02
 1.98999228991441E+03	 8.77845830501131E-02
 1.98999502781444E+03	 2.29313832042891E-01
 1.98999776571447E+03	 3.76062553396620E-01
 1.99000050361450E+03	 4.75991956901969E-01
 1.99000324151453E+03	 4.63257906128147E-01
 1.99000597941456E+03	 3.18388176435409E-01
 1.99000871731459E+03	 8.54407123160051E-02
 1.99001145521462E+03	-1.62042967260312E-01
 1.99001419311465E+03	-3.60280676313986E-01
 1.99001693101468E+03	-4.70701503508739E-01
 1.99001966891472E+03	-4.76076542290752E-01
 1.99002240681475E+03	-3.70509372111168E-01
 1.99002514471478E+03	-1.61637874449373E-01
 1.99002788261481E+03	 1.04833534909866E-01
 1.99003062051484E+03	 3.32288338654605E-01
 1.99003335841487E+03	 4.21263640724690E-01
 1.99003609631489E+03	 3.51088923024979E-01
 1.99003883421493E+03	 1.96677658591169E-01
 1.99004157211496E+03	 4.90713080967172E-02
 1.99004431001499E+03	-6.45018297584743E-02
 1.99004704791502E+03	-1.69782628523287E-01
 1.99004978581505E+03	-2.79818446614956E-01
 1.99005252371508E+03	-3.66911144183575E-01
 1.99005526161511E+03	-3.90476895547432E-01
 1.99005799951515E+03	-3.32142630824267E-01
 1.99006073741518E+03	-2.07272888067399E-01
 1.99006347531521E+03	-5.34118541133311E-02
 1.99006621321524E+03	 9.90224235424336E-02
 1.99006895111527E+03	 2.49251398618307E-01
 1.99007168901530E+03	 4.04314018082539E-01
 1.99007442691533E+03	 5.29639069217479E-01
 1.99007716481536E+03	 5.47901234517959E-01
 1.99007990271539E+03	 4.09728964445770E-01
 1.99008264061542E+03	 1.53156738334384E-01
 1.99008537851545E+03	-1.23949072561101E-01
 1.99008811641548E+03	-3.38515148593840E-01
 1.99009085431551E+03	-4.56130532387123E-01
 1.99009359221555E+03	-4.70918881073750E-01
 1.99009633011558E+03	-3.82741666932345E-01
 1.99009906801561E+03	-1.99819453646045E-01
 1.99010180591564E+03	 4.59202812874484E-02
 1.99010454381567E+03	 2.89182025721675E-01
 1.99010728171570E+03	 4.45285084406167E-01
 1.99011001961573E+03	 4.57305349015631E-01
 1.99011275751576E+03	 3.41710470260070E-01
 1.99011549541579E+03	 1.73831026858063E-01
 1.99011823331582E+03	 1.85310233474209E-02
 1.99012097121585E+03	-1.12939353208552E-01
 1.99012370911588E+03	-2.34419182400734E-01
 1.99012644701591E+03	-3.37206408448159E-01
 1.99012918491595E+03	-3.87784606944287E-01
 1.99013192281598E+03	-3.60121139292439E-01
 1.99013466071601E+03	-2.56406464672539E-01
 1.99013739861604E+03	-1.03439578157943E-01
 1.99014013651607E+03	 6.52345101739549E-02
 1.99014287441610E+03	 2.32552705365574E-01
 1.99014561231613E+03	 4.01896976051121E-01
 1.99014835021616E+03	 5.60311102372330E-01
 1.99015108811619E+03	 6.42172271203704E-01
 1.99015382601622E+03	 5.64598193394390E-01
 1.99015656391625E+03	 3.16367847839376E-01
 1.99015930181628E+03	-1.01976056211245E-02
 1.99016203971631E+03	-2.91150713603746E-01
 1.99016477761634E+03	-4.56720317680424E-01
 1.99016751551638E+03	-4.98475019547946E-01
 1.99017025341641E+03	-4.26572034185042E-01
 1.99017299131644E+03	-2.54977469053051E-01
 1.99017572921647E+03	-1.96628967634036E-02
 1.99017846711650E+03	 2.17352574880022E-01
 1.99018120501653E+03	 3.90207587502292E-01
 1.99018394291656E+03	 4.54484669119639E-01
 1.99018668081659E+03	 4.03727655796246E-01
 1.99018941871662E+03	 2.72198929664524E-01
 1.99019215661665E+03	 1.12305005340970E-01
 1.99019489451668E+03	-4.11412150171717E-02
 1.99019763241671E+03	-1.80231581248970E-01
 1.99020037031674E+03	-2.98346963301985E-01
 1.99020310821678E+03	-3.71544974421264E-01
 1.99020584611681E+03	-3.74038390161403E-01
 1.99020858401684E+03	-3.01596124291246E-01
 1.99021132191687E+03	-1.72781961617513E-01
 1.99021405981690E+03	-1.42065021588289E-02
 1.99021679771693E+03	 1.54377631390840E-01
 1.99021953561696E+03	 3.27981223005692E-01
 1.99022227351699E+03	 5.02688127030165E-01
 1.99022501141702E+03	 6.39669056605054E-01
 1.99022774931705E+03	 6.56601072820545E-01
 1.99023048721708E+03	 4.90282348305337E-01
 1.99023322511711E+03	 1.75376421700292E-01
 1.99023596301714E+03	-1.64323411321991E-01
 1.99023870091718E+03	-4.10683655123525E-01
 1.99024143881721E+03	-5.17698632450428E-01
 1.99024417671724E+03	-4.89951688895674E-01
 1.99024691461727E+03	-3.42541015187403E-01
 1.99024965251730E+03	-1.09946267947597E-01
 1.99025239041733E+03	 1.35087593469821E-01
 1.99025512831736E+03	 3.11372268109982E-01
 1.99025786621739E+03	 3.80045321909443E-01
 1.99026060411742E+03	 3.53850802027004E-01
 1.99026334201745E+03	 2.65991922488476E-01
 1.99026607991748E+03	 1.44155505456765E-01
 1.99026881781751E+03	 6.42452642543161E-03
 1.99027155571754E+03	-1.33983492449163E-01
 1.99027429361758E+03	-2.61172200217693E-01
 1.99027703151761E+03	-3.50182727662954E-01
 1.99027976941764E+03	-3.74864808331511E-01
 1.99028250731767E+03	-3.27421716124966E-01
 1.99028524521770E+03	-2.24694503130092E-01
 1.99028798311773E+03	-9.19899142708070E-02
 1.99029072101776E+03	 5.48322723171527E-02
 1.99029345891779E+03	 2.12159783455981E-01
 1.99029619681782E+03	 3.78112743963650E-01
 1.99029893471785E+03	 5.31916898488405E-01
 1.99030167261788E+03	 6.16074872724516E-01
 1.99030441051791E+03	 5.56669068612176E-01
 1.99030714841794E+03	 3.29335107773598E-01
 1.99030988631797E+03	 4.39729498071366E-03
 1.99031262421801E+03	-2.94875076430897E-01
 1.99031536211804E+03	-4.78774188730622E-01
 1.99031810001807E+03	-5.21943849930093E-01
 1.99032083791810E+03	-4.29134351675003E-01
 1.99032357581813E+03	-2.19962934222497E-01
 1.99032631371816E+03	 4.18765107133957E-02
 1.99032905161819E+03	 2.50932834271900E-01
 1.99033178951822E+03	 3.30260094678564E-01
 1.99033452741825E+03	 2.89413502786966E-01
 1.99033726531828E+03	 1.94731463054679E-01
 1.99034000321831E+03	 9.53836013663719E-02
 1.99034274111834E+03	-4.85428896833879E-03
 1.99034547901837E+03	-1.17655018606802E-01
 1.99034821691841E+03	-2.36460142416778E-01
 1.99035095481844E+03	-3.32591486704706E-01
 1.99035369271847E+03	-3.72693301343334E-01
 1.99035643061850E+03	-3.40820447457742E-01
 1.99035916851853E+03	-2.50261327217593E-01
 1.99036190641856E+03	-1.31871091319045E-01
 1.99036464431859E+03	-7.49573189228098E-03
 1.99036738221862E+03	 1.22134798078163E-01
 1.99037012011865E+03	 2.62625440551657E-01
 1.99037285801868E+03	 4.02641917945894E-01
 1.99037559591871E+03	 5.02974969388370E-01
 1.99037833381874E+03	 5.06633434936428E-01
 1.99038107171877E+03	 3.73521180343804E-01
 1.99038380961881E+03	 1.22834326560813E-01
 1.99038654751884E+03	-1.62133265170613E-01
 1.99038928541887E+03	-3.85298886186710E-01
 1.99039202331890E+03	-4.91660798434326E-01
 1.99039476121893E+03	-4.66609872410176E-01
 1.99039749911896E+03	-3.11122090876067E-01
 1.99040023701899E+03	-5.74747607732584E-02
 1.99040297491902E+03	 1.99359669771526E-01
 1.99040571281905E+03	 3.39258594583596E-01
 1.99040845071908E+03	 3.13763882013149E-01
 1.99041118861911E+03	 1.84679438944303E-01
 1.99041392651914E+03	 5.01738135872804E-02
 1.99041666441917E+03	-4.82955196007139E-02
 1.99041940231920E+03	-1.32701794463878E-01
 1.99042214021924E+03	-2.27638993428577E-01
 1.99042487811927E+03	-3.20018830659371E-01
 1.99042761601930E+03	-3.71972314238900E-01
 1.99043035391933E+03	-3.54366990626571E-01
 1.99043309181936E+03	-2.68517049662692E-01
 1.99043582971939E+03	-1.44982961847733E-01
 1.99043856761942E+03	-1.90869478132103E-02
 1.99044130551945E+03	 9.71790409456293E-02
 1.99044404341948E+03	 2.14299811216181E-01
 1.99044678131951E+03	 3.33924069751617E-01
 1.99044951921954E+03	 4.26070515404925E-01
 1.99045225711957E+03	 4.42491552619468E-01
 1.99045499501960E+03	 3.50681187338303E-01
 1.99045773291964E+03	 1.59249142010196E-01
 1.99046047081967E+03	-7.96928122207076E-02
 1.99046320871970E+03	-2.93674167772466E-01
 1.99046594661973E+03	-4.25148235657286E-01
 1.99046868451976E+03	-4.47069534153452E-01
 1.99047142241979E+03	-3.49445256332554E-01
 1.99047416031982E+03	-1.37126592572374E-01
 1.99047689821985E+03	 1.36420396945082E-01
 1.99047963611988E+03	 3.55665801804550E-01
 1.99048237401991E+03	 4.11681852215625E-01
 1.99048511191994E+03	 2.98182364119305E-01
 1.99048784981997E+03	 1.13984333731180E-01
 1.99049058772000E+03	-3.92988224979562E-02
 1.99049332562004E+03	-1.39987782363825E-01
 1.99049606352007E+03	-2.22943426161252E-01
 1.99049880142010E+03	-3.06788032172943E-01
 1.99050153932013E+03	-3.67566492779828E-01
 1.99050427722016E+03	-3.68452022603386E-01
 1.99050701512019E+03	-2.94719174613286E-01
 1.99050975302022E+03	-1.64970555979206E-01
 1.99051249092025E+03	-1.87109209283216E-02
 1.99051522882028E+03	 1.12782404394580E-01
 1.99051796672031E+03	 2.27876363211430E-01
 1.99052070462034E+03	 3.37995997505708E-01
 1.99052344252037E+03	 4.28157927541759E-01
 1.99052618042040E+03	 4.50068782252347E-01
 1.99052891832043E+03	 3.64270993458782E-01
 1.99053165622047E+03	 1.81168939203873E-01
 1.99053439412050E+03	-4.36947001489304E-02
 1.99053713202053E+03	-2.45098505988353E-01
 1.99053986992056E+03	-3.75956032879062E-01
 1.99054260782059E+03	-4.13098650316442E-01
 1.99054534572062E+03	-3.48042280538313E-01
 1.99054808362065E+03	-1.79761117841413E-01
 1.99055082152068E+03	 6.97962737154848E-02
 1.99055355942071E+03	 3.27153270375351E-01
 1.99055629732074E+03	 4.79804226945866E-01
 1.99055903522077E+03	 4.53807531814592E-01
 1.99056177312080E+03	 2.82446739216138E-01
 1.99056451102083E+03	 7.48404914264220E-02
 1.99056724892087E+03	-8.62099078407505E-02
 1.99056998682090E+03	-1.96164082373297E-01
 1.99057272472093E+03	-2.84594285838519E-01
 1.99057546262096E+03	-3.53779637574065E-01
 1.99057820052099E+03	-3.75124632169749E-01
 1.99058093842102E+03	-3.24570711323479E-01
 1.99058367632105E+03	-2.05595552855872E-01
 1.99058641422108E+03	-4.77132590140839E-02
 1.99058915212111E+03	 1.10525109174241E-01
 1.99059189002114E+03	 2.46927856170262E-01
 1.99059462792117E+03	 3.65161336895505E-01
 1.99059736582120E+03	 4.65877101177709E-01
 1.99060010372123E+03	 5.12303725120661E-01
 1.99060284162127E+03	 4.49135657863936E-01
 1.99060557952130E+03	 2.64204215696099E-01
 1.99060831742133E+03	 1.49439333231792E-02
 1.99061105532136E+03	-2.13227393257826E-01
 1.99061379322139E+03	-3.61364665616718E-01
 1.99061653112142E+03	-4.09019252982704E-01
 1.99061926902145E+03	-3.55637641137168E-01
 1.99062200692148E+03	-2.08576281320917E-01
 1.99062474482151E+03	 1.18221614786315E-02
 1.99062748272154E+03	 2.59166964895452E-01
 1.99063022062157E+03	 4.56260205357581E-01
 1.99063295852160E+03	 5.22544776235035E-01
 1.99063569642163E+03	 4.30835292211260E-01
 1.99063843432167E+03	 2.36351608560622E-01
 1.99064117222170E+03	 3.15136494954305E-02
 1.99064391012173E+03	-1.28813156354494E-01
 1.99064664802176E+03	-2.45478972695776E-01
 1.99064938592179E+03	-3.30242164821609E-01
 1.99065212382182E+03	-3.71280302752818E-01
 1.99065486172185E+03	-3.47195062054335E-01
 1.99065759962188E+03	-2.53679861121969E-01
 1.99066033752191E+03	-1.08456128949735E-01
 1.99066307542194E+03	 5.81899151401948E-02
 1.99066581332197E+03	 2.16869286325788E-01
 1.99066855122200E+03	 3.54533891890443E-01
 1.99067128912203E+03	 4.71782136579031E-01
 1.99067402702206E+03	 5.51125315687568E-01
 1.99067676492210E+03	 5.39963662758362E-01
 1.99067950282213E+03	 3.93577290165591E-01
 1.99068224072216E+03	 1.36957694208487E-01
 1.99068497862219E+03	-1.38091138818037E-01
 1.99068771652222E+03	-3.40415375882842E-01
 1.99069045442225E+03	-4.28173634920984E-01
 1.99069319232228E+03	-3.98587152427157E-01
 1.99069593022231E+03	-2.64057107732860E-01
 1.99069866812234E+03	-5.36500990592319E-02
 1.99070140602237E+03	 1.80179586630140E-01
 1.99070414392240E+03	 3.73835257513237E-01
 1.99070688182243E+03	 4.73411627613107E-01
 1.99070961972246E+03	 4.51909782408565E-01
 1.99071235762250E+03	 3.23078370899368E-01
 1.99071509552253E+03	 1.38803191402784E-01
 1.99071783342256E+03	-4.26494638411039E-02
 1.99072057132259E+03	-1.90499881005752E-01
 1.99072330922262E+03	-2.98865731719045E-01
 1.99072604712265E+03	-3.60276794018860E-01
 1.99072878502268E+03	-3.59626848068773E-01
 1.99073152292271E+03	-2.92364719842217E-01
 1.99073426082274E+03	-1.72834253581738E-01
 1.99073699872277E+03	-2.36556127508044E-02
 1.99073973662280E+03	 1.33710375642153E-01
 1.99074247452283E+03	 2.82429267014728E-01
 1.99074521242286E+03	 4.13605073129091E-01
 1.99074795032290E+03	 5.16942592680083E-01
 1.99075068822293E+03	 5.58147751837734E-01
 1.99075342612296E+03	 4.84113654297722E-01
 1.99075616402299E+03	 2.76181785200093E-01
 1.99075890192302E+03	-7.74442845737333E-03
 1.99076163982305E+03	-2.65283385417205E-01
 1.99076437772308E+03	-4.19852694597579E-01
 1.99076711562311E+03	-4.46206236325621E-01
 1.99076985352314E+03	-3.47728739088128E-01
 1.99077259142317E+03	-1.48013267906504E-01
 1.99077532932320E+03	 9.32257091473386E-02
 1.99077806722323E+03	 2.91846666736015E-01
 1.99078080512326E+03	 3.88033987767748E-01
 1.99078354302329E+03	 3.76215326379478E-01
 1.99078628092333E+03	 2.86567486261756E-01
 1.99078901882336E+03	 1.53197666065385E-01
 1.99079175672339E+03	 2.96832956788641E-03
 1.99079449462342E+03	-1.42456152956651E-01
 1.99079723252345E+03	-2.64651199078239E-01
 1.99079997042348E+03	-3.44991740899732E-01
 1.99080270832351E+03	-3.64838920347085E-01
 1.99080544622354E+03	-3.17479352263076E-01
 1.99080818412357E+03	-2.17722320142646E-01
 1.99081092202360E+03	-9.10759955721900E-02
 1.99081365992363E+03	 4.46212855188480E-02
 1.99081639782366E+03	 1.81551849863510E-01
 1.99081913572369E+03	 3.12554255870682E-01
 1.99082187362373E+03	 4.25153909636599E-01
 1.99082461152376E+03	 4.95378044097271E-01
 1.99082734942379E+03	 4.83080466234452E-01
 1.99083008732382E+03	 3.53001843521739E-01
 1.99083282522385E+03	 1.18482688648031E-01
 1.99083556312388E+03	-1.46179162662966E-01
 1.99083830102391E+03	-3.51986681475568E-01
 1.99084103892394E+03	-4.45810442512990E-01
 1.99084377682397E+03	-4.11231555951820E-01
 1.99084651472400E+03	-2.51894611629490E-01
 1.99084925262403E+03	-8.30093998056970E-03
 1.99085199052406E+03	 2.25462303378695E-01
 1.99085472842409E+03	 3.47923814285211E-01
 1.99085746632413E+03	 3.27844970009356E-01
 1.99086020422416E+03	 2.18125396307764E-01
 1.99086294212419E+03	 9.03632613975196E-02
 1.99086568002422E+03	-2.52799641367891E-02
 1.99086841792425E+03	-1.34969922318959E-01
 1.99087115582428E+03	-2.42096364681095E-01
 1.99087389372431E+03	-3.28365060549988E-01
 1.99087663162434E+03	-3.64848284946713E-01
 1.99087936952437E+03	-3.33765810251474E-01
 1.99088210742440E+03	-2.43509726019829E-01
 1.99088484532443E+03	-1.23913072600705E-01
 1.99088758322446E+03	-2.62637319583377E-03
 1.99089032112449E+03	 1.12721010927961E-01
 1.99089305902452E+03	 2.26131302067292E-01
 1.99089579692456E+03	 3.32485254488640E-01
 1.99089853482459E+03	 4.09597358131942E-01
 1.99090127272462E+03	 4.25068152757169E-01
 1.99090401062465E+03	 3.49937112950789E-01
 1.99090674852468E+03	 1.80275409004288E-01
 1.99090948642471E+03	-4.45024862561353E-02
 1.99091222432474E+03	-2.54315823032630E-01
 1.99091496222477E+03	-3.87792344422929E-01
 1.99091770012480E+03	-4.12870470344426E-01
 1.99092043802483E+03	-3.15480960928518E-01
 1.99092317592486E+03	-1.03301122447009E-01
 1.99092591382489E+03	 1.59028179769131E-01
 1.99092865172492E+03	 3.50651419296699E-01
 1.99093138962496E+03	 3.76074860681706E-01
 1.99093412752499E+03	 2.48951818986936E-01
 1.99093686542502E+03	 7.09682405288093E-02
 1.99093960332505E+03	-7.10368710889764E-02
 1.99094234122508E+03	-1.66137191751866E-01
 1.99094507912511E+03	-2.45007851251572E-01
 1.99094781702514E+03	-3.18264968473118E-01
 1.99095055492517E+03	-3.61954808235431E-01
 1.99095329282520E+03	-3.46166161701857E-01
 1.99095603072523E+03	-2.64195864701890E-01
 1.99095876862526E+03	-1.39439087940393E-01
 1.99096150652529E+03	-8.97413954346032E-03
 1.99096424442532E+03	 1.03811792633634E-01
 1.99096698232536E+03	 2.01080431878826E-01
 1.99096972022539E+03	 2.91602636035211E-01
 1.99097245812542E+03	 3.63946082845023E-01
 1.99097519602545E+03	 3.85818739577967E-01
 1.99097793392548E+03	 3.28830457101529E-01
 1.99098067182551E+03	 1.91248574243575E-01
 1.99098340972554E+03	 3.30650151686771E-03
 1.99098614762557E+03	-1.83640812764629E-01
 1.99098888552560E+03	-3.18963990063779E-01
 1.99099162342563E+03	-3.70330062366166E-01
 1.99099436132566E+03	-3.20308498624478E-01
 1.99099709922569E+03	-1.59095773885990E-01
 1.99099983712572E+03	 9.13232890187560E-02
 1.99100257502576E+03	 3.42080238124211E-01
 1.99100531292579E+03	 4.65514512038462E-01
 1.99100805082582E+03	 3.95018946538111E-01
 1.99101078872585E+03	 1.89315270607467E-01
 1.99101352662588E+03	-2.56397337823662E-02
 1.99101626452591E+03	-1.71539836021553E-01
 1.99101900242594E+03	-2.56879890520502E-01
 1.99102174032597E+03	-3.18524597217414E-01
 1.99102447822600E+03	-3.60770209213923E-01
 1.99102721612603E+03	-3.57628444359447E-01
 1.99102995402606E+03	-2.89578104533071E-01
 1.99103269192609E+03	-1.65149756424384E-01
 1.99103542982612E+03	-1.68675510877280E-02
 1.99103816772615E+03	 1.18810090879577E-01
 1.99104090562619E+03	 2.25109681573215E-01
 1.99104364352622E+03	 3.09102430087533E-01
 1.99104638142625E+03	 3.75654109792526E-01
 1.99104911932628E+03	 4.02387794595293E-01
 1.99105185722631E+03	 3.53539837720766E-01
 1.99105459512634E+03	 2.19156126978400E-01
 1.99105733302637E+03	 3.22051531850070E-02
 1.99106007092640E+03	-1.51683776156564E-01
 1.99106280882643E+03	-2.84373697202955E-01
 1.99106554672646E+03	-3.39188035089681E-01
 1.99106828462649E+03	-3.06005926343825E-01
 1.99107102252652E+03	-1.80001055846226E-01
 1.99107376042655E+03	 3.40655755965402E-02
 1.99107649832659E+03	 2.92511661868953E-01
 1.99107923622662E+03	 4.95665115420906E-01
 1.99108197412665E+03	 5.36165118560352E-01
 1.99108471202668E+03	 3.89322901945002E-01
 1.99108744992671E+03	 1.42726696821858E-01
 1.99109018782674E+03	-8.21946513916067E-02
 1.99109292572677E+03	-2.28321214932466E-01
 1.99109566362680E+03	-3.12329607117575E-01
 1.99109840152683E+03	-3.60751774112772E-01
 1.99110113942686E+03	-3.69016415226782E-01
 1.99110387732689E+03	-3.18961347028185E-01
 1.99110661522692E+03	-2.08640046646939E-01
 1.99110935312695E+03	-5.82986373397337E-02
 1.99111209102699E+03	 9.93796344557458E-02
 1.99111482892702E+03	 2.34315248397128E-01
 1.99111756682705E+03	 3.35159320538237E-01
 1.99112030472708E+03	 4.07261120838399E-01
 1.99112304262711E+03	 4.45291386894567E-01
 1.99112578052714E+03	 4.17720301269958E-01
 1.99112851842717E+03	 2.96369787626491E-01
 1.99113125632720E+03	 9.89443979935934E-02
 1.99113399422723E+03	-1.12031617581633E-01
 1.99113673212726E+03	-2.71485895826043E-01
 1.99113947002729E+03	-3.43886707808914E-01
 1.99114220792732E+03	-3.21311313396328E-01
 1.99114494582735E+03	-2.08877093296889E-01
 1.99114768372738E+03	-2.00713783979871E-02
 1.99115042162742E+03	 2.14691565848910E-01
 1.99115315952745E+03	 4.34909487236635E-01
 1.99115589742748E+03	 5.55831741498859E-01
 1.99115863532751E+03	 5.14272737338055E-01
 1.99116137322754E+03	 3.24709019102960E-01
 1.99116411112757E+03	 7.73594890359738E-02
 1.99116684902760E+03	-1.33501607219398E-01
 1.99116958692763E+03	-2.72126207079840E-01
 1.99117232482766E+03	-3.49875890442155E-01
 1.99117506272769E+03	-3.76638457066305E-01
 1.99117780062772E+03	-3.46181465875640E-01
 1.99118053852775E+03	-2.56991055221526E-01
 1.99118327642778E+03	-1.23662395469726E-01
 1.99118601432782E+03	 3.09445865974595E-02
 1.99118875222785E+03	 1.82281693173617E-01
 1.99119149012788E+03	 3.08855604935961E-01
 1.99119422802791E+03	 4.01136654093198E-01
 1.99119696592794E+03	 4.57200272956338E-01
 1.99119970382797E+03	 4.60670183040137E-01
 1.99120244172800E+03	 3.78864455391535E-01
 1.99120517962803E+03	 2.01449593140627E-01
 1.99120791752806E+03	-2.73128468444997E-02
 1.99121065542809E+03	-2.30974992502411E-01
 1.99121339332812E+03	-3.50496580317329E-01
 1.99121613122815E+03	-3.63509020388556E-01
 1.99121886912818E+03	-2.71843094195226E-01
 1.99122160702822E+03	-9.47676613667066E-02
 1.99122434492825E+03	 1.26194886808582E-01
 1.99122708282828E+03	 3.32623444996234E-01
 1.99122982072831E+03	 4.66313409602209E-01
 1.99123255862834E+03	 4.85451042360232E-01
 1.99123529652837E+03	 3.80842925217462E-01
 1.99123803442840E+03	 1.88463227222168E-01
 1.99124077232843E+03	-2.45810138673454E-02
 1.99124351022846E+03	-2.00780712994754E-01
 1.99124624812849E+03	-3.17590639487021E-01
 1.99124898602852E+03	-3.73208637232141E-01
 1.99125172392855E+03	-3.65507640456077E-01
 1.99125446182858E+03	-2.96525285150304E-01
 1.99125719972861E+03	-1.83292661562752E-01
 1.99125993762865E+03	-4.88427231103050E-02
 1.99126267552868E+03	 9.08538111393475E-02
 1.99126541342871E+03	 2.23329498888556E-01
 1.99126815132874E+03	 3.33781505624202E-01
 1.99127088922877E+03	 4.10031368536428E-01
 1.99127362712880E+03	 4.40966018884176E-01
 1.99127636502883E+03	 4.04877226173539E-01
 1.99127910292886E+03	 2.79055296914293E-01
 1.99128184082889E+03	 7.54403816617790E-02
 1.99128457872892E+03	-1.46425855980894E-01
 1.99128731662895E+03	-3.14791291375610E-01
 1.99129005452898E+03	-3.84904933401042E-01
 1.99129279242901E+03	-3.41511219580822E-01
 1.99129553032905E+03	-1.90521068029120E-01
 1.99129826822908E+03	 2.90940163350624E-02
 1.99130100612911E+03	 2.41565118720279E-01
 1.99130374402914E+03	 3.71299426382934E-01
 1.99130648192917E+03	 3.88043178797702E-01
 1.99130921982920E+03	 3.09851384047726E-01
 1.99131195772923E+03	 1.72755615162934E-01
 1.99131469562926E+03	 1.01981936443821E-02
 1.99131743352929E+03	-1.48315639341011E-01
 1.99132017142932E+03	-2.77298007356787E-01
 1.99132290932935E+03	-3.57256160775746E-01
 1.99132564722938E+03	-3.74115823561528E-01
 1.99132838512941E+03	-3.24130760194052E-01
 1.99133112302945E+03	-2.23397743041477E-01
 1.99133386092948E+03	-1.01967616644973E-01
 1.99133659882951E+03	 1.84733193345891E-02
 1.99133933672954E+03	 1.33642640846537E-01
 1.99134207462957E+03	 2.41286297248446E-01
 1.99134481252960E+03	 3.28480861385212E-01
 1.99134755042963E+03	 3.77325211825666E-01
 1.99135028832966E+03	 3.70898686368409E-01
 1.99135302622969E+03	 2.92832462245874E-01
 1.99135576412972E+03	 1.39833732596918E-01
 1.99135850202975E+03	-5.74594775638033E-02
 1.99136123992978E+03	-2.40223337112252E-01
 1.99136397782981E+03	-3.54524012009230E-01
 1.99136671572985E+03	-3.69280196458017E-01
 1.99136945362988E+03	-2.70075010522792E-01
 1.99137219152991E+03	-6.89414101007736E-02
 1.99137492942994E+03	 1.67782433680592E-01
 1.99137766732997E+03	 3.33794835104677E-01
 1.99138040523000E+03	 3.57044684861116E-01
 1.99138314313003E+03	 2.55007169031339E-01
 1.99138588103006E+03	 1.03302631510071E-01
 1.99138861893009E+03	-3.88441015499352E-02
 1.99139135683012E+03	-1.58678797812457E-01
 1.99139409473015E+03	-2.62034844325091E-01
 1.99139683263018E+03	-3.41364833129268E-01
 1.99139957053021E+03	-3.74351079642673E-01
 1.99140230843024E+03	-3.42858406205387E-01
 1.99140504633028E+03	-2.51197160613784E-01
 1.99140778423031E+03	-1.28514783716637E-01
 1.99141052213034E+03	-8.94773226726506E-03
 1.99141326003037E+03	 9.32717618603280E-02
 1.99141599793040E+03	 1.83998145495100E-01
 1.99141873583043E+03	 2.65309706076665E-01
 1.99142147373046E+03	 3.21283003481553E-01
 1.99142421163049E+03	 3.28848681531328E-01
 1.99142694953052E+03	 2.73502620269239E-01
 1.99142968743055E+03	 1.55498350592448E-01
 1.99143242533058E+03	-5.71926491683293E-03
 1.99143516323061E+03	-1.70625251215129E-01
 1.99143790113064E+03	-2.94360043118038E-01
 1.99144063903068E+03	-3.44203723485155E-01
 1.99144337693071E+03	-2.97767611401690E-01
 1.99144611483074E+03	-1.41534852182511E-01
 1.99144885273077E+03	 9.78947960240731E-02
 1.99145159063080E+03	 3.24550641089660E-01
 1.99145432853083E+03	 4.17274022494357E-01
 1.99145706643086E+03	 3.29644732409507E-01
 1.99145980433089E+03	 1.31347474381212E-01
 1.99146254223092E+03	-6.41736067063180E-02
 1.99146528013095E+03	-1.98100932387386E-01
 1.99146801803098E+03	-2.82308124835626E-01
 1.99147075593101E+03	-3.42493519172433E-01
 1.99147349383104E+03	-3.75036882519365E-01
 1.99147623173108E+03	-3.56853953513286E-01
 1.99147896963111E+03	-2.76795511702553E-01
 1.99148170753114E+03	-1.51489039976678E-01
 1.99148444543117E+03	-1.66852124800067E-02
 1.99148718333120E+03	 9.71099249078931E-02
 1.99148992123123E+03	 1.83697556860968E-01
 1.99149265913126E+03	 2.53421250627755E-01
 1.99149539703129E+03	 3.06473723651133E-01
 1.99149813493132E+03	 3.21903824223891E-01
 1.99150087283135E+03	 2.76324471885777E-01
 1.99150361073138E+03	 1.67530786722308E-01
 1.99150634863141E+03	 1.88648797403037E-02
 1.99150908653144E+03	-1.32082094031212E-01
 1.99151182443147E+03	-2.48221157590869E-01
 1.99151456233151E+03	-3.04025155402198E-01
 1.99151730023154E+03	-2.83940599218249E-01
 1.99152003813157E+03	-1.72186058684777E-01
 1.99152277603160E+03	 3.57154981856336E-02
 1.99152551393163E+03	 2.90922918041895E-01
 1.99152825183166E+03	 4.77526816425408E-01
 1.99153098973169E+03	 4.83639635551668E-01
 1.99153372763172E+03	 3.02708384762684E-01
 1.99153646553175E+03	 4.37875994267633E-02
 1.99153920343178E+03	-1.69659600993719E-01
 1.99154194133181E+03	-2.94100886667960E-01
 1.99154467923184E+03	-3.56520345340087E-01
 1.99154741713187E+03	-3.84301644295803E-01
 1.99155015503191E+03	-3.72011700661662E-01
 1.99155289293194E+03	-3.04366902330990E-01
 1.99155563083197E+03	-1.85098628501824E-01
 1.99155836873200E+03	-4.01567112442944E-02
 1.99156110663203E+03	 9.67488552083786E-02
 1.99156384453206E+03	 2.02678563521987E-01
 1.99156658243209E+03	 2.76031200934307E-01
 1.99156932033212E+03	 3.25550705805066E-01
 1.99157205823215E+03	 3.46048432713037E-01
 1.99157479613218E+03	 3.13639957530044E-01
 1.99157753403221E+03	 2.12021016090922E-01
 1.99158027193224E+03	 5.80552953584017E-02
 1.99158300983227E+03	-1.03802080347134E-01
 1.99158574773231E+03	-2.28187248439215E-01
 1.99158848563234E+03	-2.88054140473878E-01
 1.99159122353237E+03	-2.74461077136565E-01
 1.99159396143240E+03	-1.83971222086792E-01
 1.99159669933243E+03	-1.24855325163754E-02
 1.99159943723246E+03	 2.24433472831358E-01
 1.99160217513249E+03	 4.57793003144534E-01
 1.99160491303252E+03	 5.74364785710432E-01
 1.99160765093255E+03	 4.95624523455474E-01
 1.99161038883258E+03	 2.54893724292462E-01
 1.99161312673261E+03	-2.45718086026949E-02
 1.99161586463264E+03	-2.34302416355227E-01
 1.99161860253267E+03	-3.48767822524880E-01
 1.99162134043270E+03	-3.95266753033201E-01
 1.99162407833274E+03	-3.92167024128892E-01
 1.99162681623277E+03	-3.36235458653564E-01
 1.99162955413280E+03	-2.28776151525931E-01
 1.99163229203283E+03	-8.83864611399213E-02
 1.99163502993286E+03	 5.83733907670766E-02
 1.99163776783289E+03	 1.87018214761558E-01
 1.99164050573292E+03	 2.81867793292070E-01
 1.99164324363295E+03	 3.41028270555454E-01
 1.99164598153298E+03	 3.67693440103136E-01
 1.99164871943301E+03	 3.51682466541109E-01
 1.99165145733304E+03	 2.71568298326228E-01
 1.99165419523307E+03	 1.24664769881062E-01
 1.99165693313310E+03	-5.32389680256234E-02
 1.99165967103314E+03	-2.06454194026730E-01
 1.99166240893317E+03	-2.92788229451171E-01
 1.99166514683320E+03	-2.96091096208916E-01
 1.99166788473323E+03	-2.17285301639849E-01
 1.99167062263326E+03	-6.47557467523667E-02
 1.99167336053329E+03	 1.43734285160772E-01
 1.99167609843332E+03	 3.67680562148972E-01
 1.99167883633335E+03	 5.34061953412126E-01
 1.99168157423338E+03	 5.60797602260503E-01
 1.99168431213341E+03	 4.16443941427196E-01
 1.99168705003344E+03	 1.59068571268571E-01
 1.99168978793347E+03	-1.02047762281138E-01
 1.99169252583350E+03	-2.88000849539621E-01
 1.99169526373354E+03	-3.84958622419805E-01
 1.99169800163357E+03	-4.09571548535368E-01
 1.99170073953360E+03	-3.71435877233949E-01
 1.99170347743363E+03	-2.77705278483796E-01
 1.99170621533366E+03	-1.48524868003259E-01
 1.99170895323369E+03	-9.21647337473978E-03
 1.99171169113372E+03	 1.22782607216902E-01
 1.99171442903375E+03	 2.34865290650211E-01
 1.99171716693378E+03	 3.14933093278814E-01
 1.99171990483381E+03	 3.56594900684942E-01
 1.99172264273384E+03	 3.56775681598002E-01
 1.99172538063387E+03	 3.04226965995480E-01
 1.99172811853390E+03	 1.86454307272909E-01
 1.99173085643394E+03	 1.67732976996415E-02
 1.99173359433397E+03	-1.57660726956010E-01
 1.99173633223400E+03	-2.82978689684502E-01
 1.99173907013403E+03	-3.26289132402150E-01
 1.99174180803406E+03	-2.77359186120175E-01
 1.99174454593409E+03	-1.42147389731576E-01
 1.99174728383412E+03	 5.32101443603747E-02
 1.99175002173415E+03	 2.60577950834540E-01
 1.99175275963418E+03	 4.21921558871186E-01
 1.99175549753421E+03	 4.85812914794457E-01
 1.99175823543424E+03	 4.23406817488019E-01
 1.99176097333427E+03	 2.47194377020216E-01
 1.99176371123430E+03	 1.57697495610347E-02
 1.99176644913433E+03	-1.96328504526473E-01
 1.99176918703437E+03	-3.41284778824072E-01
 1.99177192493440E+03	-4.07803269024620E-01
 1.99177466283443E+03	-3.99548234145934E-01
 1.99177740073446E+03	-3.24847307084520E-01
 1.99178013863449E+03	-2.06176752138172E-01
 1.99178287653452E+03	-7.62756031164743E-02
 1.99178561443455E+03	 4.40475603348122E-02
 1.99178835233458E+03	 1.51735365712785E-01
 1.99179109023461E+03	 2.43195002162243E-01
 1.99179382813464E+03	 3.04937645924761E-01
 1.99179656603467E+03	 3.24302493435609E-01
 1.99179930393470E+03	 2.94771974022705E-01
 1.99180204183473E+03	 2.10261369202674E-01
 1.99180477973477E+03	 7.21192249766858E-02
 1.99180751763480E+03	-9.35562356003171E-02
 1.99181025553483E+03	-2.39928919130248E-01
 1.99181299343486E+03	-3.24934967965780E-01
 1.99181573133489E+03	-3.24224392227224E-01
 1.99181846923492E+03	-2.27403023282289E-01
 1.99182120713495E+03	-4.69004048070150E-02
 1.99182394503498E+03	 1.64583761391052E-01
 1.99182668293501E+03	 3.28504942425039E-01
 1.99182942083504E+03	 3.88025643846139E-01
 1.99183215873507E+03	 3.37289079582412E-01
 1.99183489663510E+03	 2.06381339759887E-01
 1.99183763453513E+03	 3.38615299801746E-02
 1.99184037243517E+03	-1.43262905143682E-01
 1.99184311033520E+03	-2.91173205151935E-01
 1.99184584823523E+03	-3.84423269303560E-01
 1.99184858613526E+03	-4.08286253345245E-01
 1.99185132403529E+03	-3.59299889990873E-01
 1.99185406193532E+03	-2.52770649824401E-01
 1.99185679983535E+03	-1.24470637953414E-01
 1.99185953773538E+03	-8.92946720146305E-03
 1.99186227563541E+03	 8.51331001952363E-02
 1.99186501353544E+03	 1.67180002019958E-01
 1.99186775143547E+03	 2.36361802461847E-01
 1.99187048933550E+03	 2.74442190007576E-01
 1.99187322723553E+03	 2.64414976502365E-01
 1.99187596513556E+03	 2.02208176291542E-01
 1.99187870303560E+03	 9.33339777758426E-02
 1.99188144093563E+03	-4.59184413538734E-02
 1.99188417883566E+03	-1.84319333127888E-01
 1.99188691673569E+03	-2.85822927136345E-01
 1.99188965463572E+03	-3.23176400323814E-01
 1.99189239253575E+03	-2.75784215811926E-01
 1.99189513043578E+03	-1.31824971364069E-01
 1.99189786833581E+03	 8.19490289198835E-02
 1.99190060623584E+03	 2.80905345571277E-01
 1.99190334413587E+03	 3.67416408539697E-01
 1.99190608203590E+03	 3.08402760820542E-01
 1.99190881993593E+03	 1.54971335070162E-01
 1.99191155783596E+03	-1.61640122398794E-02
 1.99191429573600E+03	-1.63006870717142E-01
 1.99191703363603E+03	-2.79832514975922E-01
 1.99191977153606E+03	-3.64522695499526E-01
 1.99192250943609E+03	-4.02280055707058E-01
 1.99192524733612E+03	-3.76023010081044E-01
 1.99192798523615E+03	-2.85225330933271E-01
 1.99193072313618E+03	-1.55998303010770E-01
 1.99193346103621E+03	-2.96748795433929E-02
 1.99193619893624E+03	 6.66616936434787E-02
 1.99193893683627E+03	 1.36667841011791E-01
 1.99194167473630E+03	 1.95290484645147E-01
 1.99194441263633E+03	 2.38750025397769E-01
 1.99194715053636E+03	 2.44521975697538E-01
 1.99194988843640E+03	 1.96688344197213E-01
 1.99195262633643E+03	 1.00594535286260E-01
 1.99195536423646E+03	-2.28750795772998E-02
 1.99195810213649E+03	-1.46127839101960E-01
 1.99196084003652E+03	-2.41543572964342E-01
 1.99196357793655E+03	-2.88718893348295E-01
 1.99196631583658E+03	-2.72047646438311E-01
 1.99196905373661E+03	-1.71795301744893E-01
 1.99197179163664E+03	 1.88937886263941E-02
 1.99197452953667E+03	 2.49804522278429E-01
 1.99197726743670E+03	 4.08778433307382E-01
 1.99198000533673E+03	 3.99442121832323E-01
 1.99198274323676E+03	 2.29236674372397E-01
 1.99198548113679E+03	 1.58968130968822E-04
 1.99198821903683E+03	-1.87878984636659E-01
 1.99199095693686E+03	-3.05687082415744E-01
 1.99199369483689E+03	-3.73254406237806E-01
 1.99199643273692E+03	-4.03730322753537E-01
 1.99199917063695E+03	-3.86253917116928E-01
 1.99200190853698E+03	-3.09200865898096E-01
 1.99200464643701E+03	-1.83483833277865E-01
 1.99200738433704E+03	-4.31551204231606E-02
 1.99201012223707E+03	 7.45286618028081E-02
 1.99201286013710E+03	 1.53722733433400E-01
 1.99201559803713E+03	 2.04752951476516E-01
 1.99201833593716E+03	 2.40418278021337E-01
 1.99202107383719E+03	 2.51998403470467E-01
 1.99202381173723E+03	 2.16858260088203E-01
 1.99202654963726E+03	 1.26876263657738E-01
 1.99202928753729E+03	 1.56855299884672E-03
 1.99203202543732E+03	-1.24120139934559E-01
 1.99203476333735E+03	-2.18462228368204E-01
 1.99203750123738E+03	-2.63315642781401E-01
 1.99204023913741E+03	-2.52106858191155E-01
 1.99204297703744E+03	-1.76259849337498E-01
 1.99204571493747E+03	-2.04228066111198E-02
 1.99204845283750E+03	 2.06447322269691E-01
 1.99205119073753E+03	 4.28565964299781E-01
 1.99205392863756E+03	 5.23187111171229E-01
 1.99205666653759E+03	 4.17676556563391E-01
 1.99205940443763E+03	 1.63548120906276E-01
 1.99206214233766E+03	-1.07338557229189E-01
 1.99206488023769E+03	-2.96264398367651E-01
 1.99206761813772E+03	-3.91260312717890E-01
 1.99207035603775E+03	-4.23211858282084E-01
 1.99207309393778E+03	-4.07145553762331E-01
 1.99207583183781E+03	-3.37980870429458E-01
 1.99207856973784E+03	-2.18996972424980E-01
 1.99208130763787E+03	-7.41448708484346E-02
 1.99208404553790E+03	 6.32839102575347E-02
 1.99208678343793E+03	 1.67754425925454E-01
 1.99208952133796E+03	 2.32707856719102E-01
 1.99209225923799E+03	 2.67499666643925E-01
 1.99209499713803E+03	 2.78304301082443E-01
 1.99209773503806E+03	 2.53468913171423E-01
 1.99210047293809E+03	 1.75898930433481E-01
 1.99210321083812E+03	 4.99754619280260E-02
 1.99210594873815E+03	-9.10099602226247E-02
 1.99210868663818E+03	-2.04686653586810E-01
 1.99211142453821E+03	-2.62670997369625E-01
 1.99211416243824E+03	-2.56740017020540E-01
 1.99211690033827E+03	-1.88431434723325E-01
 1.99211963823830E+03	-5.53713326110379E-02
 1.99212237613833E+03	 1.43999936340307E-01
 1.99212511403836E+03	 3.77590137303958E-01
 1.99212785193839E+03	 5.55227679661761E-01
 1.99213058983842E+03	 5.69331885513237E-01
 1.99213332773846E+03	 3.86573180018778E-01
 1.99213606563849E+03	 9.04947617063222E-02
 1.99213880353852E+03	-1.85401112166771E-01
 1.99214154143855E+03	-3.60861258276891E-01
 1.99214427933858E+03	-4.35696752374787E-01
 1.99214701723861E+03	-4.37459470915353E-01
 1.99214975513864E+03	-3.78977205644885E-01
 1.99215249303867E+03	-2.67995930895799E-01
 1.99215523093870E+03	-1.26740977490517E-01
 1.99215796883873E+03	 1.48727887314144E-02
 1.99216070673876E+03	 1.34860493182826E-01
 1.99216344463879E+03	 2.22109561419827E-01
 1.99216618253882E+03	 2.73629036059087E-01
 1.99216892043886E+03	 2.91989829686694E-01
 1.99217165833889E+03	 2.76638958578070E-01
 1.99217439623892E+03	 2.17390185169061E-01
 1.99217713413895E+03	 1.07190327943711E-01
 1.99217987203898E+03	-3.67393266782841E-02
 1.99218260993901E+03	-1.73427605397847E-01
 1.99218534783904E+03	-2.62312600311029E-01
 1.99218808573907E+03	-2.82416841765766E-01
 1.99219082363910E+03	-2.30857815163992E-01
 1.99219356153913E+03	-1.12582953687121E-01
 1.99219629943916E+03	 6.32928073323644E-02
 1.99219903733919E+03	 2.74671485294058E-01
 1.99220177523922E+03	 4.69909421771413E-01
 1.99220451313926E+03	 5.67918517383683E-01
 1.99220725103929E+03	 5.01097879973836E-01
 1.99220998893932E+03	 2.76906964538017E-01
 1.99221272683935E+03	-1.26862885351989E-02
 1.99221546473938E+03	-2.58017725217433E-01
 1.99221820263941E+03	-4.03774088385243E-01
 1.99222094053944E+03	-4.52317065152375E-01
 1.99222367843947E+03	-4.21218567446378E-01
 1.99222641633950E+03	-3.25227338766520E-01
 1.99222915423953E+03	-1.90019653867588E-01
 1.99223189213956E+03	-5.16790347152783E-02
 1.99223463003959E+03	 6.58881891158382E-02
 1.99223736793962E+03	 1.58646895749031E-01
 1.99224010583965E+03	 2.26503052616797E-01
 1.99224284373969E+03	 2.63450657952990E-01
 1.99224558163972E+03	 2.63427872957202E-01
 1.99224831953975E+03	 2.22780292647304E-01
 1.99225105743978E+03	 1.37721976791605E-01
 1.99225379533981E+03	 1.30773920813008E-02
 1.99225653323984E+03	-1.25340261848781E-01
 1.99225927113987E+03	-2.38227686651283E-01
 1.99226200903990E+03	-2.94247433379386E-01
 1.99226474693993E+03	-2.78586087313236E-01
 1.99226748483996E+03	-1.87651949252391E-01
 1.99227022273999E+03	-3.04749891568797E-02
 1.99227296064002E+03	 1.62875613151936E-01
 1.99227569854005E+03	 3.43021499713225E-01
 1.99227843644009E+03	 4.54658243619804E-01
 1.99228117434012E+03	 4.52665794618560E-01
 1.99228391224015E+03	 3.22533711125026E-01
 1.99228665014018E+03	 9.91952997297497E-02
 1.99228938804021E+03	-1.42448133731508E-01
 1.99229212594024E+03	-3.30645713657330E-01
 1.99229486384027E+03	-4.31556612403855E-01
 1.99229760174030E+03	-4.43167718874036E-01
 1.99230033964033E+03	-3.75247640462430E-01
 1.99230307754036E+03	-2.50928132978800E-01
 1.99230581544039E+03	-1.11905700624592E-01
 1.99230855334042E+03	 3.52845709468104E-03
 1.99231129124045E+03	 8.71002583028052E-02
 1.99231402914049E+03	 1.51469006971068E-01
 1.99231676704052E+03	 1.99819232187843E-01
 1.99231950494055E+03	 2.18848553180052E-01
 1.99232224284058E+03	 1.96575110822810E-01
 1.99232498074061E+03	 1.32154689216204E-01
 1.99232771864064E+03	 3.22616621177208E-02
 1.99233045654067E+03	-8.75663738364811E-02
 1.99233319444070E+03	-2.00000164945050E-01
 1.99233593234073E+03	-2.75833699049426E-01
 1.99233867024076E+03	-2.95136363985972E-01
 1.99234140814079E+03	-2.44311272707243E-01
 1.99234414604082E+03	-1.16545218059967E-01
 1.99234688394085E+03	 6.78286239965351E-02
 1.99234962184088E+03	 2.49378125780189E-01
 1.99235235974092E+03	 3.57994137041820E-01
 1.99235509764095E+03	 3.57207718737108E-01
 1.99235783554098E+03	 2.56476225970280E-01
 1.99236057344101E+03	 9.06111332113999E-02
 1.99236331134104E+03	-9.90491595709607E-02
 1.99236604924107E+03	-2.71031277960580E-01
 1.99236878714110E+03	-3.90702336513634E-01
 1.99237152504113E+03	-4.37170836618035E-01
 1.99237426294116E+03	-4.03359942147213E-01
 1.99237700084119E+03	-2.98996125642173E-01
 1.99237973874122E+03	-1.58682080608982E-01
 1.99238247664125E+03	-3.14013136043491E-02
 1.99238521454128E+03	 5.39404034899075E-02
 1.99238795244132E+03	 1.06462636681460E-01
 1.99239069034135E+03	 1.47235551706980E-01
 1.99239342824138E+03	 1.75053401426797E-01
 1.99239616614141E+03	 1.69703566320015E-01
 1.99239890404144E+03	 1.19560139764869E-01
 1.99240164194147E+03	 3.26933670983864E-02
 1.99240437984150E+03	-7.19591497892674E-02
 1.99240711774153E+03	-1.72028557089996E-01
 1.99240985564156E+03	-2.45818389026674E-01
 1.99241259354159E+03	-2.78137544680937E-01
 1.99241533144162E+03	-2.57315725547284E-01
 1.99241806934165E+03	-1.66840191794825E-01
 1.99242080724168E+03	-1.03073124636741E-03
 1.99242354514172E+03	 1.98133971431480E-01
 1.99242628304175E+03	 3.40699131037831E-01
 1.99242902094178E+03	 3.51822460671161E-01
 1.99243175884181E+03	 2.33634802862416E-01
 1.99243449674184E+03	 5.27608716029011E-02
 1.99243723464187E+03	-1.24013641960078E-01
 1.99243997254190E+03	-2.67076266315170E-01
 1.99244271044193E+03	-3.69614126827614E-01
 1.99244544834196E+03	-4.22488257671160E-01
 1.99244818624199E+03	-4.11157818318868E-01
 1.99245092414202E+03	-3.29659502393598E-01
 1.99245366204205E+03	-1.95748448953916E-01
 1.99245639994208E+03	-5.24274965391200E-02
 1.99245913784212E+03	 5.55408604660225E-02
 1.99246187574215E+03	 1.14539135519401E-01
 1.99246461364218E+03	 1.44881983499549E-01
 1.99246735154221E+03	 1.65895697204853E-01
 1.99247008944224E+03	 1.68745480346399E-01
 1.99247282734227E+03	 1.31374556084973E-01
 1.99247556524230E+03	 4.96575902260127E-02
 1.99247830314233E+03	-5.57934710187253E-02
 1.99248104104236E+03	-1.55555966008231E-01
 1.99248377894239E+03	-2.26125640807236E-01
 1.99248651684242E+03	-2.55934725541799E-01
 1.99248925474245E+03	-2.42107854300942E-01
 1.99249199264248E+03	-1.76170461008309E-01
 1.99249473054251E+03	-3.98895022451434E-02
 1.99249746844255E+03	 1.61308802393158E-01
 1.99250020634258E+03	 3.57433984915312E-01
 1.99250294424261E+03	 4.38216434890259E-01
 1.99250568214264E+03	 3.44475985863381E-01
 1.99250842004267E+03	 1.25739662015524E-01
 1.99251115794270E+03	-1.08014235921767E-01
 1.99251389584273E+03	-2.80142212330919E-01
 1.99251663374276E+03	-3.80410609634567E-01
 1.99251937164279E+03	-4.25404127275120E-01
 1.99252210954282E+03	-4.18215069086078E-01
 1.99252484744285E+03	-3.50921461905650E-01
 1.99252758534288E+03	-2.28214844667395E-01
 1.99253032324291E+03	-7.89388701481763E-02
 1.99253306114295E+03	 5.43057655334344E-02
 1.99253579904298E+03	 1.40527902631440E-01
 1.99253853694301E+03	 1.80004057655962E-01
 1.99254127484304E+03	 1.94441596558217E-01
 1.99254401274307E+03	 1.94867599118897E-01
 1.99254675064310E+03	 1.67301865485068E-01
 1.99254948854313E+03	 9.48947857057749E-02
 1.99255222644316E+03	-1.43872304728333E-02
 1.99255496434319E+03	-1.28394424392359E-01
 1.99255770224322E+03	-2.12750070418485E-01
 1.99256044014325E+03	-2.48408424061129E-01
 1.99256317804328E+03	-2.34003612265278E-01
 1.99256591594331E+03	-1.73566343352569E-01
 1.99256865384335E+03	-5.95445765501862E-02
 1.99257139174338E+03	 1.20433378164959E-01
 1.99257412964341E+03	 3.40337463120226E-01
 1.99257686754344E+03	 5.06795559633801E-01
 1.99257960544347E+03	 5.09882002271060E-01
 1.99258234334350E+03	 3.23108035213140E-01
 1.99258508124353E+03	 3.72246453434643E-02
 1.99258781914356E+03	-2.18833901713619E-01
 1.99259055704359E+03	-3.76753862228496E-01
 1.99259329494362E+03	-4.42357220750055E-01
 1.99259603284365E+03	-4.40595978923852E-01
 1.99259877074368E+03	-3.79890629054534E-01
 1.99260150864371E+03	-2.65209902922298E-01
 1.99260424654374E+03	-1.18295022127945E-01
 1.99260698444378E+03	 2.59220128034596E-02
 1.99260972234381E+03	 1.36530389592115E-01
 1.99261246024384E+03	 2.00396700362855E-01
 1.99261519814387E+03	 2.24847990417444E-01
 1.99261793604390E+03	 2.24602924241728E-01
 1.99262067394393E+03	 2.01709184311090E-01
 1.99262341184396E+03	 1.43039771507504E-01
 1.99262614974399E+03	 4.23504776674952E-02
 1.99262888764402E+03	-8.04919437237778E-02
 1.99263162554405E+03	-1.87565294515223E-01
 1.99263436344408E+03	-2.46921774141993E-01
 1.99263710134411E+03	-2.46893583176133E-01
 1.99263983924414E+03	-1.92039928725556E-01
 1.99264257714418E+03	-8.80809395069034E-02
 1.99264531504421E+03	 6.81644990206213E-02
 1.99264805294424E+03	 2.72898647186711E-01
 1.99265079084427E+03	 4.78025478130488E-01
 1.99265352874430E+03	 5.84471767899302E-01
 1.99265626664433E+03	 5.06813557962130E-01
 1.99265900454436E+03	 2.57322732189031E-01
 1.99266174244439E+03	-5.16348609690112E-02
 1.99266448034442E+03	-2.98369204949127E-01
 1.99266721824445E+03	-4.32295279196795E-01
 1.99266995614448E+03	-4.66026481381696E-01
 1.99267269404451E+03	-4.22495247206994E-01
 1.99267543194454E+03	-3.16560304821621E-01
 1.99267816984458E+03	-1.72269358957506E-01
 1.99268090774461E+03	-2.62729918268332E-02
 1.99268364564464E+03	 9.18482903993740E-02
 1.99268638354467E+03	 1.71414730702400E-01
 1.99268912144470E+03	 2.14250277420839E-01
 1.99269185934473E+03	 2.25854333237391E-01
 1.99269459724476E+03	 2.10038213023041E-01
 1.99269733514479E+03	 1.63938258312602E-01
 1.99270007304482E+03	 8.13521253044166E-02
 1.99270281094485E+03	-3.18323774359843E-02
 1.99270554884488E+03	-1.48613009426178E-01
 1.99270828674491E+03	-2.33549964556483E-01
 1.99271102464494E+03	-2.63022040405929E-01
 1.99271376254497E+03	-2.31278402854128E-01
 1.99271650044501E+03	-1.42569850181735E-01
 1.99271923834504E+03	-3.23815447079668E-03
 1.99272197624507E+03	 1.77055359064732E-01
 1.99272471414510E+03	 3.71609145146295E-01
 1.99272745204513E+03	 5.20823405038207E-01
 1.99273018994516E+03	 5.45333323623293E-01
 1.99273292784519E+03	 4.01781569391779E-01
 1.99273566574522E+03	 1.32910207677983E-01
 1.99273840364525E+03	-1.53351814312698E-01
 1.99274114154528E+03	-3.61981375507688E-01
 1.99274387944531E+03	-4.60333440080262E-01
 1.99274661734534E+03	-4.58973873172816E-01
 1.99274935524537E+03	-3.76505056133102E-01
 1.99275209314541E+03	-2.39003660034889E-01
 1.99275483104544E+03	-8.94564390886588E-02
 1.99275756894547E+03	 3.11745835195066E-02
 1.99276030684550E+03	 1.10334361084276E-01
 1.99276304474553E+03	 1.58631322313208E-01
 1.99276578264556E+03	 1.84277599158828E-01
 1.99276852054559E+03	 1.83887319580427E-01
 1.99277125844562E+03	 1.51767155932528E-01
 1.99277399634565E+03	 8.64400012635671E-02
 1.99277673424568E+03	-7.58057454250615E-03
 1.99277947214571E+03	-1.14602475322246E-01
 1.99278221004574E+03	-2.07646463258589E-01
 1.99278494794577E+03	-2.61050085407921E-01
 1.99278768584581E+03	-2.61163533434622E-01
 1.99279042374584E+03	-2.03110958159334E-01
 1.99279316164587E+03	-8.67225144099175E-02
 1.99279589954590E+03	 7.59921419977096E-02
 1.99279863744593E+03	 2.53038098409296E-01
 1.99280137534596E+03	 3.96753467451439E-01
 1.99280411324599E+03	 4.56134234015125E-01
 1.99280685114602E+03	 3.94485285902271E-01
 1.99280958904605E+03	 2.14112440196643E-01
 1.99281232694608E+03	-3.07423001106993E-02
 1.99281506484611E+03	-2.58904444047923E-01
 1.99281780274614E+03	-4.09301786960736E-01
 1.99282054064617E+03	-4.61530791890920E-01
 1.99282327854621E+03	-4.20333177443617E-01
 1.99282601644624E+03	-3.04099915001057E-01
 1.99282875434627E+03	-1.52769656840762E-01
 1.99283149224630E+03	-2.02512041890283E-02
 1.99283423014633E+03	 6.14496582923667E-02
 1.99283696804636E+03	 1.01825635240237E-01
 1.99283970594638E+03	 1.25480047263579E-01
 1.99284244384642E+03	 1.37158028580480E-01
 1.99284518174645E+03	 1.22711280785225E-01
 1.99284791964648E+03	 7.28733054696020E-02
 1.99285065754651E+03	-6.34818070812676E-03
 1.99285339544654E+03	-9.90415775472308E-02
 1.99285613334657E+03	-1.84551227960578E-01
 1.99285887124660E+03	-2.42741431817092E-01
 1.99286160914664E+03	-2.61247715266024E-01
 1.99286434704667E+03	-2.33435624906008E-01
 1.99286708494670E+03	-1.50148649065950E-01
 1.99286982284673E+03	-8.49604299162795E-03
 1.99287256074676E+03	 1.64155275444116E-01
 1.99287529864679E+03	 3.08387308710664E-01
 1.99287803654682E+03	 3.67260397558588E-01
 1.99288077444685E+03	 3.20335045456648E-01
 1.99288351234688E+03	 1.84877544363254E-01
 1.99288625024691E+03	-1.65672186149927E-03
 1.99288898814694E+03	-1.93836327962355E-01
 1.99289172604697E+03	-3.47390828446492E-01
 1.99289446394700E+03	-4.30769700482358E-01
 1.99289720184704E+03	-4.29805699229768E-01
 1.99289993974707E+03	-3.46406970456127E-01
 1.99290267764710E+03	-2.04995020638210E-01
 1.99290541554713E+03	-5.65193856491308E-02
 1.99290815344716E+03	 4.65481473177739E-02
 1.99291089134719E+03	 8.99499820676932E-02
 1.99291362924722E+03	 1.00897399720280E-01
 1.99291636714725E+03	 1.06444536144675E-01
 1.99291910504728E+03	 1.02094951600733E-01
 1.99292184294731E+03	 6.73824792277624E-02
 1.99292458084734E+03	-2.52062144103985E-03
 1.99292731874737E+03	-9.03908249058244E-02
 1.99293005664740E+03	-1.71384561421532E-01
 1.99293279454744E+03	-2.25629616687360E-01
 1.99293553244747E+03	-2.44076859704751E-01
 1.99293827034750E+03	-2.26434722802804E-01
 1.99294100824753E+03	-1.67917204459584E-01
 1.99294374614756E+03	-5.40193920659385E-02
 1.99294648404759E+03	 1.12759310148590E-01
 1.99294922194762E+03	 2.80390937389731E-01
 1.99295195984765E+03	 3.65762450720989E-01
 1.99295469774768E+03	 3.20605100270456E-01
 1.99295743564771E+03	 1.70074061596223E-01
 1.99296017354774E+03	-1.86016613919917E-02
 1.99296291144777E+03	-1.90921049171245E-01
 1.99296564934780E+03	-3.22626955044807E-01
 1.99296838724783E+03	-4.02561859330005E-01
 1.99297112514787E+03	-4.18713636605133E-01
 1.99297386304790E+03	-3.62027948003401E-01
 1.99297660094793E+03	-2.39468857152479E-01
 1.99297933884796E+03	-8.49821680368123E-02
 1.99298207674799E+03	 4.79280390761974E-02
 1.99298481464802E+03	 1.19588315684290E-01
 1.99298755254805E+03	 1.34066716229488E-01
 1.99299029044808E+03	 1.25535111235972E-01
 1.99299302834811E+03	 1.13914662501349E-01
 1.99299576624814E+03	 8.65377629377429E-02
 1.99299850414817E+03	 2.50239090488943E-02
 1.99300124204820E+03	-6.46423209857247E-02
 1.99300397994823E+03	-1.54374889097863E-01
 1.99300671784827E+03	-2.15503979757043E-01
 1.99300945574830E+03	-2.33921932701788E-01
 1.99301219364833E+03	-2.11981748871502E-01
 1.99301493154836E+03	-1.56621247518370E-01
 1.99301766944839E+03	-6.12582529651771E-02
 1.99302040734842E+03	 8.89391075499832E-02
 1.99302314524845E+03	 2.75483086103106E-01
 1.99302588314848E+03	 4.19414623797546E-01
 1.99302862104851E+03	 4.27547577469604E-01
 1.99303135894854E+03	 2.77853578943127E-01
 1.99303409684857E+03	 4.30407005427561E-02
 1.99303683474860E+03	-1.76371093164070E-01
 1.99303957264863E+03	-3.26146723184724E-01
 1.99304231054867E+03	-4.04001004336707E-01
 1.99304504844870E+03	-4.19742273360163E-01
 1.99304778634873E+03	-3.73207421068540E-01
 1.99305052424876E+03	-2.65408374158411E-01
 1.99305326214879E+03	-1.15896689894257E-01
 1.99305600004882E+03	 3.48749148944888E-02
 1.99305873794885E+03	 1.42543210206983E-01
 1.99306147584888E+03	 1.86504884575404E-01
 1.99306421374891E+03	 1.82441287926063E-01
 1.99306695164894E+03	 1.60008089111256E-01
 1.99306968954897E+03	 1.28395196968753E-01
 1.99307242744900E+03	 7.30328792843240E-02
 1.99307516534903E+03	-1.47127804098776E-02
 1.99307790324907E+03	-1.16530181307447E-01
 1.99308064114910E+03	-1.98230761182315E-01
 1.99308337904913E+03	-2.33584329698444E-01
 1.99308611694916E+03	-2.16688947645243E-01
 1.99308885484919E+03	-1.57579547009925E-01
 1.99309159274922E+03	-6.47209973679986E-02
 1.99309433064925E+03	 6.94669524052549E-02
 1.99309706854928E+03	 2.51011280176213E-01
 1.99309980644931E+03	 4.39264947363056E-01
 1.99310254434934E+03	 5.37604260092823E-01
 1.99310528224937E+03	 4.62589142157508E-01
 1.99310802014940E+03	 2.28249793232665E-01
 1.99311075804943E+03	-5.76110764465572E-02
 1.99311349594946E+03	-2.84003165441301E-01
 1.99311623384950E+03	-4.07848259556369E-01
 1.99311897174953E+03	-4.41129382421034E-01
 1.99312170964956E+03	-4.02591771534833E-01
 1.99312444754959E+03	-3.02607571995995E-01
 1.99312718544962E+03	-1.59182320508259E-01
 1.99312992334965E+03	-5.61726073092525E-03
 1.99313266124968E+03	 1.21108518194979E-01
 1.99313539914971E+03	 1.96458337004640E-01
 1.99313813704974E+03	 2.18200644508726E-01
 1.99314087494977E+03	 2.03346891186301E-01
 1.99314361284980E+03	 1.69554568901885E-01
 1.99314635074983E+03	 1.17692319688624E-01
 1.99314908864986E+03	 3.84884202707951E-02
 1.99315182654990E+03	-6.38847391725638E-02
 1.99315456444993E+03	-1.62809117105917E-01
 1.99315730234996E+03	-2.25418786336909E-01
 1.99316004024999E+03	-2.32968098429074E-01
 1.99316277815002E+03	-1.86440700866111E-01
 1.99316551605005E+03	-9.74016416366855E-02
 1.99316825395008E+03	 2.73283958503646E-02
 1.99317099185011E+03	 1.90591899742098E-01
 1.99317372975014E+03	 3.81453981150227E-01
 1.99317646765017E+03	 5.41148116444136E-01
 1.99317920555020E+03	 5.75081985003803E-01
 1.99318194345023E+03	 4.27987523411423E-01
 1.99318468135026E+03	 1.47167537973234E-01
 1.99318741925030E+03	-1.47303212805651E-01
 1.99319015715033E+03	-3.55283728620143E-01
 1.99319289505036E+03	-4.47886297654217E-01
 1.99319563295039E+03	-4.41428400214128E-01
 1.99319837085042E+03	-3.57361401710503E-01
 1.99320110875045E+03	-2.19800312904965E-01
 1.99320384665048E+03	-6.63232905206491E-02
 1.99320658455051E+03	 6.35999679282902E-02
 1.99320932245054E+03	 1.49152192850619E-01
 1.99321206035057E+03	 1.90352718514143E-01
 1.99321479825060E+03	 1.96158790348274E-01
 1.99321753615063E+03	 1.75444211838093E-01
 1.99322027405066E+03	 1.32476307145101E-01
 1.99322301195069E+03	 6.57145479486267E-02
 1.99322574985073E+03	-2.41999394669879E-02
 1.99322848775076E+03	-1.22526974929125E-01
 1.99323122565079E+03	-2.01717093079956E-01
 1.99323396355082E+03	-2.37244277946392E-01
 1.99323670145085E+03	-2.19515919548886E-01
 1.99323943935088E+03	-1.51742936930757E-01
 1.99324217725091E+03	-4.16535097951957E-02
 1.99324491515094E+03	 1.03641159546557E-01
 1.99324765305097E+03	 2.73798572554898E-01
 1.99325039095100E+03	 4.38954257979209E-01
 1.99325312885103E+03	 5.37204819891940E-01
 1.99325586675106E+03	 4.99118958698987E-01
 1.99325860465109E+03	 3.06895924512435E-01
 1.99326134255113E+03	 2.63950279305249E-02
 1.99326408045116E+03	-2.34832934001402E-01
 1.99326681835119E+03	-4.00953827795228E-01
 1.99326955625122E+03	-4.54304020095463E-01
 1.99327229415125E+03	-4.08774027420742E-01
 1.99327503205128E+03	-2.88652137106353E-01
 1.99327776995131E+03	-1.34419283359427E-01
 1.99328050785134E+03	 2.00453526978853E-03
 1.99328324575137E+03	 8.77336713532885E-02
 1.99328598365140E+03	 1.26490816193272E-01
 1.99328872155143E+03	 1.38778037169444E-01
 1.99329145945146E+03	 1.34264484189613E-01
 1.99329419735149E+03	 1.08889751828074E-01
 1.99329693525153E+03	 5.79946438104856E-02
 1.99329967315156E+03	-1.57923405888883E-02
 1.99330241105159E+03	-1.01000550539522E-01
 1.99330514895162E+03	-1.77854260719671E-01
 1.99330788685165E+03	-2.25245625303034E-01
 1.99331062475168E+03	-2.30886556714584E-01
 1.99331336265171E+03	-1.92064369070668E-01
 1.99331610055174E+03	-1.08660239285400E-01
 1.99331883845177E+03	 1.64986059041146E-02
 1.99332157635180E+03	 1.68746899836626E-01
 1.99332431425183E+03	 3.17433065194995E-01
 1.99332705215186E+03	 4.20402007901264E-01
 1.99332979005189E+03	 4.33464393963161E-01
 1.99333252795192E+03	 3.29714355337904E-01
 1.99333526585196E+03	 1.25663164498617E-01
 1.99333800375199E+03	-1.14297926772016E-01
 1.99334074165202E+03	-3.12647351820793E-01
 1.99334347955205E+03	-4.20826107240122E-01
 1.99334621745208E+03	-4.27366499334903E-01
 1.99334895535211E+03	-3.42781878447653E-01
 1.99335169325214E+03	-1.97651959964318E-01
 1.99335443115217E+03	-4.68176135780252E-02
 1.99335716905220E+03	 5.47273428648025E-02
 1.99335990695223E+03	 9.15525537418760E-02
 1.99336264485226E+03	 9.10291474824678E-02
 1.99336538275229E+03	 8.31184962592172E-02
 1.99336812065232E+03	 6.95965380195807E-02
 1.99337085855236E+03	 3.54352667827118E-02
 1.99337359645239E+03	-2.47982178775029E-02
 1.99337633435242E+03	-9.94309414181289E-02
 1.99337907225245E+03	-1.68434751616083E-01
 1.99338181015248E+03	-2.13210572365522E-01
 1.99338454805251E+03	-2.23871177291796E-01
 1.99338728595254E+03	-2.00066787423600E-01
 1.99339002385257E+03	-1.41233955939550E-01
 1.99339276175260E+03	-4.08739073130862E-02
 1.99339549965263E+03	 9.81786206437049E-02
 1.99339823755266E+03	 2.44087312528039E-01
 1.99340097545269E+03	 3.44345475142423E-01
 1.99340371335272E+03	 3.58258940448014E-01
 1.99340645125276E+03	 2.77972560596380E-01
 1.99340918915279E+03	 1.24338692762614E-01
 1.99341192705282E+03	-6.45045037427018E-02
 1.99341466495285E+03	-2.41945161468017E-01
 1.99341740285288E+03	-3.65466097035678E-01
 1.99342014075291E+03	-4.08864701332468E-01
 1.99342287865294E+03	-3.64337202648768E-01
 1.99342561655297E+03	-2.43468900370424E-01
 1.99342835445300E+03	-8.57666323796699E-02
 1.99343109235303E+03	 4.71124638057094E-02
 1.99343383025306E+03	 1.09385364694093E-01
 1.99343656815309E+03	 1.06614546863586E-01
 1.99343930605312E+03	 8.02971203637770E-02
 1.99344204395316E+03	 5.77455394450661E-02
 1.99344478185319E+03	 3.04495083900871E-02
 1.99344751975322E+03	-1.99608120846155E-02
 1.99345025765325E+03	-9.16221894571095E-02
 1.99345299555328E+03	-1.62550900430403E-01
 1.99345573345331E+03	-2.08708247362737E-01
 1.99345847135334E+03	-2.17693530864749E-01
 1.99346120925337E+03	-1.91905395676655E-01
 1.99346394715340E+03	-1.39160079234200E-01
 1.99346668505343E+03	-5.66392397802104E-02
 1.99346942295346E+03	 6.66947490340639E-02
 1.99347216085349E+03	 2.18925166224435E-01
 1.99347489875352E+03	 3.44490320740591E-01
 1.99347763665355E+03	 3.75648129474855E-01
 1.99348037455359E+03	 2.89356558868522E-01
 1.99348311245362E+03	 1.23334225146262E-01
 1.99348585035365E+03	-6.15024590684825E-02
 1.99348858825368E+03	-2.20851594882256E-01
 1.99349132615371E+03	-3.32464069641691E-01
 1.99349406405374E+03	-3.82922759772999E-01
 1.99349680195377E+03	-3.61836347686706E-01
 1.99349953985380E+03	-2.67678145320385E-01
 1.99350227775383E+03	-1.19565853235833E-01
 1.99350501565386E+03	 3.58533200538357E-02
 1.99350775355389E+03	 1.41446426493681E-01
 1.99351049145392E+03	 1.69179410827441E-01
 1.99351322935395E+03	 1.40973983496628E-01
 1.99351596725399E+03	 9.95445587681770E-02
 1.99351870515402E+03	 6.22164313015105E-02
 1.99352144305405E+03	 1.45390311998833E-02
 1.99352418095408E+03	-5.61422619620926E-02
 1.99352691885411E+03	-1.36642085597095E-01
 1.99352965675414E+03	-1.97829874047468E-01
 1.99353239465417E+03	-2.17263866324708E-01
 1.99353513255420E+03	-1.91375030087643E-01
 1.99353787045423E+03	-1.32275480016781E-01
 1.99354060835426E+03	-5.06932888187812E-02
 1.99354334625429E+03	 5.98528072944000E-02
 1.99354608415432E+03	 2.08494595232557E-01
 1.99354882205435E+03	 3.65969514357254E-01
 1.99355155995439E+03	 4.54732957810198E-01
 1.99355429785442E+03	 4.05756824802554E-01
 1.99355703575445E+03	 2.26108764570940E-01
 1.99355977365448E+03	-4.53458624506537E-03
 1.99356251155451E+03	-2.01789893248389E-01
 1.99356524945454E+03	-3.27190831857164E-01
 1.99356798735457E+03	-3.79703141054704E-01
 1.99357072525460E+03	-3.64876195478971E-01
 1.99357346315463E+03	-2.85362140116293E-01
 1.99357620105466E+03	-1.52080052297712E-01
 1.99357893895469E+03	 5.08538009444125E-03
 1.99358167685472E+03	 1.40178536647824E-01
 1.99358441475475E+03	 2.12288029881941E-01
 1.99358715265478E+03	 2.13230864362205E-01
 1.99358989055482E+03	 1.71382783864065E-01
 1.99359262845485E+03	 1.20162288252053E-01
 1.99359536635488E+03	 6.64788751588589E-02
 1.99359810425491E+03	-2.43057066915751E-03
 1.99360084215494E+03	-8.78368471249320E-02
 1.99360358005497E+03	-1.67090192870323E-01
 1.99360631795500E+03	-2.10323756228966E-01
 1.99360905585503E+03	-2.01507229949338E-01
 1.99361179375506E+03	-1.45335274638802E-01
 1.99361453165509E+03	-5.84725199270587E-02
 1.99361726955512E+03	 4.96297263097192E-02
 1.99362000745515E+03	 1.86294733284675E-01
 1.99362274535518E+03	 3.50835618997687E-01
 1.99362548325522E+03	 4.94823332337922E-01
 1.99362822115525E+03	 5.30514160737942E-01
 1.99363095905528E+03	 4.04072718581026E-01
 1.99363369695531E+03	 1.55938191498751E-01
 1.99363643485534E+03	-1.07599291242123E-01
 1.99363917275537E+03	-2.97891576997476E-01
 1.99364191065540E+03	-3.87871922696272E-01
 1.99364464855543E+03	-3.89404919707193E-01
 1.99364738645546E+03	-3.19181115896069E-01
 1.99365012435549E+03	-1.94620962774967E-01
 1.99365286225552E+03	-4.36366451433773E-02
 1.99365560015555E+03	 9.70848376472853E-02
 1.99365833805558E+03	 1.94225115792829E-01
 1.99366107595562E+03	 2.30744996023177E-01
 1.99366381385565E+03	 2.13511483736946E-01
 1.99366655175568E+03	 1.66355729182153E-01
 1.99366928965571E+03	 1.08532036304417E-01
 1.99367202755574E+03	 4.11948329121275E-02
 1.99367476545577E+03	-4.03687362708409E-02
 1.99367750335580E+03	-1.26060905624574E-01
 1.99368024125583E+03	-1.90075282331019E-01
 1.99368297915586E+03	-2.08579550322715E-01
 1.99368571705589E+03	-1.74021784106543E-01
 1.99368845495592E+03	-9.56182207726178E-02
 1.99369119285595E+03	 1.10851467357979E-02
 1.99369393075598E+03	 1.38747301499100E-01
 1.99369666865601E+03	 2.89348965604311E-01
 1.99369940655605E+03	 4.47464127601634E-01
 1.99370214445608E+03	 5.53088298889262E-01
 1.99370488235611E+03	 5.26684021172654E-01
 1.99370762025614E+03	 3.41722916299210E-01
 1.99371035815617E+03	 6.39288538796029E-02
 1.99371309605620E+03	-1.95526099914691E-01
 1.99371583395623E+03	-3.59402906103162E-01
 1.99371857185626E+03	-4.11562321937939E-01
 1.99372130975629E+03	-3.68664813272032E-01
 1.99372404765632E+03	-2.55612830470961E-01
 1.99372678555635E+03	-1.07177753028031E-01
 1.99372952345638E+03	 3.35740905543983E-02
 1.99373226135641E+03	 1.33709129399493E-01
 1.99373499925645E+03	 1.83200415140437E-01
 1.99373773715648E+03	 1.88839602494110E-01
 1.99374047505651E+03	 1.62768905343661E-01
 1.99374321295654E+03	 1.16168519733386E-01
 1.99374595085657E+03	 5.53649555464182E-02
 1.99374868875660E+03	-1.78477745047985E-02
 1.99375142665663E+03	-9.76500840145527E-02
 1.99375416455666E+03	-1.67148669824886E-01
 1.99375690245669E+03	-2.04717128413989E-01
 1.99375964035672E+03	-1.96850069861865E-01
 1.99376237825675E+03	-1.43003861877723E-01
 1.99376511615678E+03	-5.15076542982715E-02
 1.99376785405681E+03	 6.66372449427580E-02
 1.99377059195685E+03	 2.02628170354877E-01
 1.99377332985688E+03	 3.46266609104934E-01
 1.99377606775691E+03	 4.68915919833484E-01
 1.99377880565694E+03	 5.14408460988824E-01
 1.99378154355697E+03	 4.29418393436097E-01
 1.99378428145700E+03	 2.17330675238411E-01
 1.99378701935703E+03	-4.73474303303863E-02
 1.99378975725706E+03	-2.68938930542850E-01
 1.99379249515709E+03	-3.89804759541768E-01
 1.99379523305712E+03	-4.00895503832168E-01
 1.99379797095715E+03	-3.19317468505278E-01
 1.99380070885718E+03	-1.78796224201808E-01
 1.99380344675721E+03	-3.06488823342810E-02
 1.99380618465725E+03	 7.56273120356284E-02
 1.99380892255728E+03	 1.22665168291286E-01
 1.99381166045731E+03	 1.27317358998821E-01
 1.99381439835734E+03	 1.12221526354493E-01
 1.99381713625737E+03	 8.44472619022106E-02
 1.99381987415740E+03	 4.03788621520390E-02
 1.99382261205743E+03	-2.06198208653572E-02
 1.99382534995746E+03	-9.07935463060687E-02
 1.99382808785749E+03	-1.55250672168977E-01
 1.99383082575752E+03	-1.96594208004896E-01
 1.99383356365755E+03	-2.02755708588714E-01
 1.99383630155758E+03	-1.71196937575560E-01
 1.99383903945761E+03	-1.04411706439710E-01
 1.99384177735764E+03	-5.46991771989423E-03
 1.99384451525768E+03	 1.18129748058684E-01
 1.99384725315771E+03	 2.49173135047427E-01
 1.99384999105774E+03	 3.61292328411584E-01
 1.99385272895777E+03	 4.21295132324974E-01
 1.99385546685780E+03	 3.94702857587282E-01
 1.99385820475783E+03	 2.65268461873179E-01
 1.99386094265786E+03	 5.91571682730348E-02
 1.99386368055789E+03	-1.58204734920068E-01
 1.99386641845792E+03	-3.18942419015387E-01
 1.99386915635795E+03	-3.85545684981734E-01
 1.99387189425798E+03	-3.52616914854062E-01
 1.99387463215801E+03	-2.38128413156489E-01
 1.99387737005804E+03	-8.57428087854318E-02
 1.99388010795808E+03	 4.25497107522245E-02
 1.99388284585811E+03	 1.02533904763820E-01
 1.99388558375814E+03	 9.91351527314656E-02
 1.99388832165817E+03	 7.05668538175557E-02
 1.99389105955820E+03	 4.35124406141638E-02
 1.99389379745823E+03	 1.42193099502519E-02
 1.99389653535826E+03	-3.10475357848085E-02
 1.99389927325829E+03	-9.19579606838487E-02
 1.99390201115832E+03	-1.52367825419181E-01
 1.99390474905835E+03	-1.92465032979705E-01
 1.99390748695838E+03	-1.99911757540815E-01
 1.99391022485841E+03	-1.74349641134381E-01
 1.99391296275844E+03	-1.21813763171155E-01
 1.99391570065848E+03	-4.35832849733579E-02
 1.99391843855851E+03	 6.33604466489510E-02
 1.99392117645854E+03	 1.89348697886542E-01
 1.99392391435857E+03	 3.01607612681630E-01
 1.99392665225860E+03	 3.59244416806695E-01
 1.99392939015863E+03	 3.37781824603098E-01
 1.99393212805866E+03	 2.38195515029483E-01
 1.99393486595869E+03	 8.19204228423906E-02
 1.99393760385872E+03	-9.44680120558684E-02
 1.99394034175875E+03	-2.46618915480100E-01
 1.99394307965878E+03	-3.36503813659142E-01
 1.99394581755881E+03	-3.43225775039338E-01
 1.99394855545884E+03	-2.65165425454047E-01
 1.99395129335887E+03	-1.24847219277664E-01
 1.99395403125891E+03	 2.54749853004454E-02
 1.99395676915894E+03	 1.22932182875644E-01
 1.99395950705897E+03	 1.38159725365557E-01
 1.99396224495900E+03	 9.68868680978484E-02
 1.99396498285903E+03	 4.70599194583798E-02
 1.99396772075906E+03	 9.79458588748795E-03
 1.99397045865909E+03	-2.79919722555497E-02
 1.99397319655912E+03	-8.11843329178930E-02
 1.99397593445915E+03	-1.42272847512002E-01
 1.99397867235918E+03	-1.88077720295979E-01
 1.99398141025921E+03	-1.99169120632985E-01
 1.99398414815924E+03	-1.71698103076091E-01
 1.99398688605927E+03	-1.15999827380426E-01
 1.99398962395931E+03	-4.27122445881289E-02
 1.99399236185934E+03	 5.05238685853667E-02
 1.99399509975937E+03	 1.69359132300428E-01
 1.99399783765940E+03	 2.94252542720019E-01
 1.99400057555943E+03	 3.73710303801479E-01
 1.99400331345946E+03	 3.60217129414018E-01
 1.99400605135949E+03	 2.51071165698208E-01
 1.99400878925952E+03	 8.74015898935935E-02
 1.99401152715955E+03	-8.01849057932221E-02
 1.99401426505958E+03	-2.16374588704610E-01
 1.99401700295961E+03	-3.00768408843123E-01
 1.99401974085964E+03	-3.20082677711603E-01
 1.99402247875967E+03	-2.67321667916252E-01
 1.99402521665971E+03	-1.48690400735166E-01
 1.99402795455974E+03	 5.52311401203228E-03
 1.99403069245977E+03	 1.40308284978483E-01
 1.99403343035980E+03	 2.02993554204386E-01
 1.99403616825983E+03	 1.83081135697964E-01
 1.99403890615986E+03	 1.18651665323993E-01
 1.99404164405989E+03	 5.51285416881931E-02
 1.99404438195992E+03	 4.42245927586517E-03
 1.99404711985995E+03	-4.89918988478504E-02
 1.99404985775998E+03	-1.12833636809666E-01
 1.99405259566001E+03	-1.70899629001574E-01
 1.99405533356004E+03	-1.97606808082629E-01
 1.99405807146007E+03	-1.78653651820890E-01
 1.99406080936010E+03	-1.19238892611866E-01
 1.99406354726014E+03	-3.68407482994511E-02
 1.99406628516017E+03	 5.73002527117509E-02
 1.99406902306020E+03	 1.68707376157955E-01
 1.99407176096023E+03	 2.99568294077400E-01
 1.99407449886026E+03	 4.15173911830886E-01
 1.99407723676029E+03	 4.49201604900500E-01
 1.99407997466032E+03	 3.59352166718872E-01
 1.99408271256035E+03	 1.72164366771527E-01
 1.99408545046038E+03	-3.72350898597699E-02
 1.99408818836041E+03	-2.02799591212110E-01
 1.99409092626044E+03	-2.97548834004458E-01
 1.99409366416047E+03	-3.20627355161982E-01
 1.99409640206050E+03	-2.76810898514322E-01
 1.99409913996054E+03	-1.73512193352816E-01
 1.99410187786057E+03	-2.94539682620815E-02
 1.99410461576060E+03	 1.18826279925335E-01
 1.99410735366063E+03	 2.23832748245144E-01
 1.99411009156066E+03	 2.52158534757955E-01
 1.99411282946069E+03	 2.09703646477841E-01
 1.99411556736072E+03	 1.35290800990625E-01
 1.99411830526075E+03	 6.33353992029102E-02
 1.99412104316078E+03	-1.41446732228049E-03
 1.99412378106081E+03	-6.93757394833563E-02
 1.99412651896084E+03	-1.37635919789438E-01
 1.99412925686087E+03	-1.84858068293577E-01
 1.99413199476090E+03	-1.88879920546999E-01
 1.99413473266094E+03	-1.43035688016853E-01
 1.99413747056097E+03	-5.91419864804867E-02
 1.99414020846100E+03	 4.30826690171489E-02
 1.99414294636103E+03	 1.54318022285306E-01
 1.99414568426106E+03	 2.80078545053352E-01
 1.99414842216109E+03	 4.13647185163401E-01
 1.99415116006112E+03	 5.06226563759634E-01
 1.99415389796115E+03	 4.87556606059584E-01
 1.99415663586118E+03	 3.31693436945666E-01
 1.99415937376121E+03	 9.26357610718641E-02
 1.99416211166124E+03	-1.35505805686568E-01
 1.99416484956127E+03	-2.85479281408605E-01
 1.99416758746130E+03	-3.40391534265739E-01
 1.99417032536134E+03	-3.11784989291234E-01
 1.99417306326137E+03	-2.18195486384898E-01
 1.99417580116140E+03	-8.36316196679416E-02
 1.99417853906143E+03	 5.99876096397253E-02
 1.99418127696146E+03	 1.77727987733904E-01
 1.99418401486149E+03	 2.41114701719744E-01
 1.99418675276152E+03	 2.39695039448250E-01
 1.99418949066155E+03	 1.87956886308306E-01
 1.99419222856158E+03	 1.14918904168109E-01
 1.99419496646161E+03	 4.10994220127162E-02
 1.99419770436164E+03	-3.10292726478053E-02
 1.99420044226167E+03	-1.02535028727772E-01
 1.99420318016170E+03	-1.62055400774607E-01
 1.99420591806173E+03	-1.89335264210962E-01
 1.99420865596177E+03	-1.70025668683728E-01
 1.99421139386180E+03	-1.04536198024273E-01
 1.99421413176183E+03	-6.84180327367604E-03
 1.99421686966186E+03	 1.05417438116314E-01
 1.99421960756189E+03	 2.24576942954930E-01
 1.99422234546192E+03	 3.51542895507018E-01
 1.99422508336195E+03	 4.69167261753858E-01
 1.99422782126198E+03	 5.23188544523834E-01
 1.99423055916201E+03	 4.53737163715294E-01
 1.99423329706204E+03	 2.56939751124107E-01
 1.99423603496207E+03	 3.38655910281603E-03
 1.99423877286210E+03	-2.12412160536589E-01
 1.99424151076213E+03	-3.32646486838413E-01
 1.99424424866217E+03	-3.48525874971215E-01
 1.99424698656220E+03	-2.78181530370911E-01
 1.99424972446223E+03	-1.52543255744426E-01
 1.99425246236226E+03	-1.25480944712640E-02
 1.99425520026229E+03	 1.02254716562121E-01
 1.99425793816232E+03	 1.69771512127006E-01
 1.99426067606235E+03	 1.87961559683979E-01
 1.99426341396238E+03	 1.65782471440751E-01
 1.99426615186241E+03	 1.16235346150980E-01
 1.99426888976244E+03	 5.26165178147815E-02
 1.99427162766247E+03	-1.59697610530943E-02
 1.99427436556250E+03	-8.44117218135776E-02
 1.99427710346253E+03	-1.44536548482297E-01
 1.99427984136257E+03	-1.82023302876646E-01
 1.99428257926260E+03	-1.83300457184947E-01
 1.99428531716263E+03	-1.43272844483056E-01
 1.99428805506266E+03	-6.64529767191822E-02
 1.99429079296269E+03	 3.55005852647045E-02
 1.99429353086272E+03	 1.48617050988778E-01
 1.99429626876275E+03	 2.63408025523368E-01
 1.99429900666278E+03	 3.72123644188445E-01
 1.99430174456281E+03	 4.51180640033409E-01
 1.99430448246284E+03	 4.54564732507189E-01
 1.99430722036287E+03	 3.45229795136034E-01
 1.99430995826290E+03	 1.39533260494090E-01
 1.99431269616293E+03	-9.09340179009218E-02
 1.99431543406296E+03	-2.66909477759917E-01
 1.99431817196300E+03	-3.44972312609719E-01
 1.99432090986303E+03	-3.21361142322501E-01
 1.99432364776306E+03	-2.18317538347530E-01
 1.99432638566309E+03	-7.89031697179513E-02
 1.99432912356312E+03	 4.28742176713973E-02
 1.99433186146315E+03	 1.09635312430694E-01
 1.99433459936318E+03	 1.20939102795091E-01
 1.99433733726321E+03	 1.00504428824710E-01
 1.99434007516324E+03	 6.74646171563103E-02
 1.99434281306327E+03	 2.54372401435605E-02
 1.99434555096330E+03	-2.72713134136907E-02
 1.99434828886333E+03	-8.68020310430954E-02
 1.99435102676336E+03	-1.42240150273630E-01
 1.99435376466340E+03	-1.79412644169813E-01
 1.99435650256343E+03	-1.86758378280074E-01
 1.99435924046346E+03	-1.60391769339969E-01
 1.99436197836349E+03	-1.03187757207551E-01
 1.99436471626352E+03	-2.00763104613300E-02
 1.99436745416355E+03	 8.19928939494858E-02
 1.99437019206358E+03	 1.90511517419989E-01
 1.99437292996361E+03	 2.88684769035738E-01
 1.99437566786364E+03	 3.58735123937338E-01
 1.99437840576367E+03	 3.79365600486885E-01
 1.99438114366370E+03	 3.26715213233941E-01
 1.99438388156373E+03	 1.92775242826644E-01
 1.99438661946376E+03	 6.36901696457349E-03
 1.99438935736380E+03	-1.73865207739043E-01
 1.99439209526383E+03	-2.92138463687648E-01
 1.99439483316386E+03	-3.19537001034661E-01
 1.99439757106389E+03	-2.55880388312589E-01
 1.99440030896392E+03	-1.28182085125029E-01
 1.99440304686395E+03	 9.87072839887484E-03
 1.99440578476398E+03	 9.90153529795544E-02
 1.99440852266401E+03	 1.13595351250470E-01
 1.99441126056404E+03	 7.66743976644404E-02
 1.99441399846407E+03	 2.93257422998608E-02
 1.99441673636410E+03	-9.37495768972003E-03
 1.99441947426413E+03	-4.72205921612813E-02
 1.99442221216416E+03	-9.42820960665868E-02
 1.99442495006419E+03	-1.45113564791893E-01
 1.99442768796423E+03	-1.82635245873523E-01
 1.99443042586426E+03	-1.91314895158208E-01
 1.99443316376429E+03	-1.66352066828547E-01
 1.99443590166432E+03	-1.13737287306441E-01
 1.99443863956435E+03	-4.15272614114371E-02
 1.99444137746438E+03	 4.77013359845465E-02
 1.99444411536441E+03	 1.51033470345727E-01
 1.99444685326444E+03	 2.52384432219373E-01
 1.99444959116447E+03	 3.22938100382492E-01
 1.99445232906450E+03	 3.37619048022913E-01
 1.99445506696453E+03	 2.87980677188160E-01
 1.99445780486456E+03	 1.81381765344923E-01
 1.99446054276459E+03	 3.74170277009342E-02
 1.99446328066463E+03	-1.12247914566308E-01
 1.99446601856466E+03	-2.29536181981512E-01
 1.99446875646469E+03	-2.82789240640469E-01
 1.99447149436472E+03	-2.56130886875170E-01
 1.99447423226475E+03	-1.54562146843479E-01
 1.99447697016478E+03	-1.15635245521975E-02
 1.99447970806481E+03	 1.13136123190111E-01
 1.99448244596484E+03	 1.64817648561080E-01
 1.99448518386487E+03	 1.35039257407041E-01
 1.99448792176490E+03	 6.47307892001349E-02
 1.99449065966493E+03	 4.82308209022772E-04
 1.99449339756496E+03	-4.50906614099732E-02
 1.99449613546499E+03	-8.69456575491016E-02
 1.99449887336503E+03	-1.34810603151094E-01
 1.99450161126506E+03	-1.77605257656696E-01
 1.99450434916509E+03	-1.94790417319781E-01
 1.99450708706512E+03	-1.74017257942918E-01
 1.99450982496515E+03	-1.18840698541936E-01
 1.99451256286518E+03	-4.31820317593729E-02
 1.99451530076521E+03	 4.28258627551207E-02
 1.99451803866524E+03	 1.39969928751314E-01
 1.99452077656527E+03	 2.46220924588722E-01
 1.99452351446530E+03	 3.36794499351385E-01
 1.99452625236533E+03	 3.69966036486632E-01
 1.99452899026536E+03	 3.19982401381613E-01
 1.99453172816539E+03	 1.99716903815580E-01
 1.99453446606543E+03	 4.88057729607981E-02
 1.99453720396546E+03	-9.31341723231886E-02
 1.99453994186549E+03	-1.99204692876130E-01
 1.99454267976552E+03	-2.52428800964551E-01
 1.99454541766555E+03	-2.41864942292946E-01
 1.99454815556558E+03	-1.64652818960074E-01
 1.99455089346561E+03	-3.44239893270225E-02
 1.99455363136564E+03	 1.09431336405591E-01
 1.99455636926567E+03	 2.09462934800431E-01
 1.99455910716570E+03	 2.24657050063165E-01
 1.99456184506573E+03	 1.63608510203354E-01
 1.99456458296576E+03	 7.47916190085902E-02
 1.99456732086579E+03	 2.53564519245818E-05
 1.99457005876582E+03	-5.52872593451030E-02
 1.99457279666586E+03	-1.05974264730151E-01
 1.99457553456589E+03	-1.55264942386444E-01
 1.99457827246592E+03	-1.87039568401737E-01
 1.99458101036595E+03	-1.81940124357186E-01
 1.99458374826598E+03	-1.33845608868617E-01
 1.99458648616601E+03	-5.37909539855941E-02
 1.99458922406604E+03	 3.96249352285680E-02
 1.99459196196607E+03	 1.36730509769255E-01
 1.99459469986610E+03	 2.40824371097582E-01
 1.99459743776613E+03	 3.46888213463698E-01
 1.99460017566616E+03	 4.19381732138067E-01
 1.99460291356619E+03	 4.08154144587714E-01
 1.99460565146622E+03	 2.95021831855049E-01
 1.99460838936626E+03	 1.16973674291075E-01
 1.99461112726629E+03	-6.13168952515122E-02
 1.99461386516632E+03	-1.90716915336314E-01
 1.99461660306635E+03	-2.52814723527604E-01
 1.99461934096638E+03	-2.47808042605976E-01
 1.99462207886641E+03	-1.81965929680069E-01
 1.99462481676644E+03	-6.71757400937018E-02
 1.99462755466647E+03	 7.24702360209186E-02
 1.99463029256650E+03	 1.97000403606898E-01
 1.99463303046653E+03	 2.61840336781968E-01
 1.99463576836656E+03	 2.45346747974493E-01
 1.99463850626659E+03	 1.67590527187083E-01
 1.99464124416662E+03	 7.33870436468888E-02
 1.99464398206666E+03	-6.06592373622072E-03
 1.99464671996669E+03	-6.92736744808585E-02
 1.99464945786672E+03	-1.24926787093203E-01
 1.99465219576675E+03	-1.68675936350362E-01
 1.99465493366678E+03	-1.83549950153596E-01
 1.99465767156681E+03	-1.55627718886241E-01
 1.99466040946684E+03	-8.55151278808827E-02
 1.99466314736687E+03	 1.11727340119023E-02
 1.99466588526690E+03	 1.14709167858816E-01
 1.99466862316693E+03	 2.17055592981309E-01
 1.99467136106696E+03	 3.21717371392649E-01
 1.99467409896699E+03	 4.18183709188112E-01
 1.99467683686702E+03	 4.63091801981162E-01
 1.99467957476705E+03	 4.06634381078655E-01
 1.99468231266709E+03	 2.44530785399063E-01
 1.99468505056712E+03	 3.33422521255844E-02
 1.99468778846715E+03	-1.50144973079049E-01
 1.99469052636718E+03	-2.57168425757385E-01
 1.99469326426721E+03	-2.77859543509306E-01
 1.99469600216724E+03	-2.24656533843139E-01
 1.99469874006727E+03	-1.19158760228700E-01
 1.99470147796730E+03	 1.09145448618806E-02
 1.99470421586733E+03	 1.33930871525057E-01
 1.99470695376736E+03	 2.18885365738176E-01
 1.99470969166739E+03	 2.43184157821090E-01
 1.99471242956742E+03	 2.04370173429417E-01
 1.99471516746745E+03	 1.24845856295800E-01
 1.99471790536749E+03	 3.70268527882467E-02
 1.99472064326752E+03	-3.94510777727650E-02
 1.99472338116755E+03	-1.02546095528282E-01
 1.99472611906758E+03	-1.52586771657713E-01
 1.99472885696761E+03	-1.80784362877818E-01
 1.99473159486764E+03	-1.74155656878269E-01
 1.99473433276767E+03	-1.26114251818042E-01
 1.99473707066770E+03	-4.20166086540655E-02
 1.99473980856773E+03	 6.16844492657991E-02
 1.99474254646776E+03	 1.66682465477603E-01
 1.99474528436779E+03	 2.65783877210197E-01
 1.99474802226782E+03	 3.59865253833121E-01
 1.99475076016785E+03	 4.33462666196330E-01
 1.99475349806789E+03	 4.43056803127917E-01
 1.99475623596792E+03	 3.49012516333472E-01
 1.99475897386795E+03	 1.62450720514513E-01
 1.99476171176798E+03	-5.10346738140525E-02
 1.99476444966801E+03	-2.16619545687920E-01
 1.99476718756804E+03	-2.92563641953045E-01
 1.99476992546807E+03	-2.75513993682364E-01
 1.99477266336810E+03	-1.86574520466369E-01
 1.99477540126813E+03	-6.16922559649430E-02
 1.99477813916816E+03	 5.77715420019350E-02
 1.99478087706819E+03	 1.40372155145052E-01
 1.99478361496822E+03	 1.73899501664142E-01
 1.99478635286825E+03	 1.61170831423124E-01
 1.99478909076828E+03	 1.12724923919127E-01
 1.99479182866832E+03	 4.39465629139536E-02
 1.99479456656835E+03	-2.89078340359289E-02
 1.99479730446838E+03	-9.47485499817847E-02
 1.99480004236841E+03	-1.47601461906754E-01
 1.99480278026844E+03	-1.80872539560881E-01
 1.99480551816847E+03	-1.85997052683109E-01
 1.99480825606850E+03	-1.57047738701804E-01
 1.99481099396853E+03	-9.40823360345914E-02
 1.99481373186856E+03	-4.09960292711135E-03
 1.99481646976859E+03	 9.85788027273925E-02
 1.99481920766862E+03	 1.97506976946314E-01
 1.99482194556865E+03	 2.83735617499658E-01
 1.99482468346868E+03	 3.53545234545653E-01
 1.99482742136872E+03	 3.90713112086094E-01
 1.99483015926875E+03	 3.61675900787871E-01
 1.99483289716878E+03	 2.44267158870786E-01
 1.99483563506881E+03	 6.11832065880229E-02
 1.99483837296884E+03	-1.25484504025867E-01
 1.99484111086887E+03	-2.53644986505781E-01
 1.99484384876890E+03	-2.91359069560988E-01
 1.99484658666893E+03	-2.39853436452014E-01
 1.99484932456896E+03	-1.27486401772221E-01
 1.99485206246899E+03	-2.85444507684373E-03
 1.99485480036902E+03	 8.50795504070267E-02
 1.99485753826905E+03	 1.14378856032921E-01
 1.99486027616908E+03	 9.69415086167502E-02
 1.99486301406912E+03	 5.71395643417359E-02
 1.99486575196915E+03	 9.34098230732672E-03
 1.99486848986918E+03	-4.35586793472019E-02
 1.99487122776921E+03	-9.92399025981628E-02
 1.99487396566924E+03	-1.50054585693920E-01
 1.99487670356927E+03	-1.84923480782631E-01
 1.99487944146930E+03	-1.93947423930174E-01
 1.99488217936933E+03	-1.72717147807201E-01
 1.99488491726936E+03	-1.23118584509428E-01
 1.99488765516939E+03	-4.98350955860135E-02
 1.99489039306942E+03	 4.10713020853543E-02
 1.99489313096945E+03	 1.38435480832970E-01
 1.99489586886948E+03	 2.25828619231918E-01
 1.99489860676952E+03	 2.89304878603979E-01
 1.99490134466955E+03	 3.20819592134105E-01
 1.99490408256958E+03	 3.10377163175540E-01
 1.99490682046961E+03	 2.43613271592747E-01
 1.99490955836964E+03	 1.18435683273974E-01
 1.99491229626967E+03	-3.78531259899947E-02
 1.99491503416970E+03	-1.76608425499051E-01
 1.99491777206973E+03	-2.53760489140055E-01
 1.99492050996976E+03	-2.47619690588302E-01
 1.99492324786979E+03	-1.63969534331942E-01
 1.99492598576982E+03	-3.85087573743022E-02
 1.99492872366985E+03	 7.12221315656062E-02
 1.99493146156988E+03	 1.16998463940020E-01
 1.99493419946991E+03	 9.31965307407026E-02
 1.99493693736995E+03	 3.41818868376858E-02
 1.99493967526998E+03	-2.30865531303131E-02
 1.99494241317001E+03	-6.79025548363034E-02
 1.99494515107004E+03	-1.09055695847345E-01
 1.99494788897007E+03	-1.51519871248302E-01
 1.99495062687010E+03	-1.86510534695670E-01
 1.99495336477013E+03	-1.99243754515447E-01
 1.99495610267016E+03	-1.80714123406220E-01
 1.99495884057019E+03	-1.32889709709362E-01
 1.99496157847022E+03	-6.46226414149765E-02
 1.99496431637025E+03	 1.68147216281191E-02
 1.99496705427028E+03	 1.07498567068919E-01
 1.99496979217031E+03	 1.98424763984117E-01
 1.99497253007035E+03	 2.70069149959268E-01
 1.99497526797038E+03	 3.01366461803069E-01
 1.99497800587041E+03	 2.82943621320569E-01
 1.99498074377044E+03	 2.18494980652287E-01
 1.99498348167047E+03	 1.18120959886124E-01
 1.99498621957050E+03	-2.37079771630542E-03
 1.99498895747053E+03	-1.17901990233525E-01
 1.99499169537056E+03	-1.97978134761973E-01
 1.99499443327059E+03	-2.17258062009428E-01
 1.99499717117062E+03	-1.64805608648291E-01
 1.99499990907065E+03	-5.29932862606065E-02
 1.99500264697068E+03	 7.55968055719069E-02
 1.99500538487071E+03	 1.60889088157653E-01
 1.99500812277075E+03	 1.63697625755583E-01
 1.99501086067078E+03	 9.64357549803659E-02
 1.99501359857081E+03	 8.29953637115331E-03
 1.99501633647084E+03	-6.10774513029661E-02
 1.99501907437087E+03	-1.07396200568817E-01
 1.99502181227090E+03	-1.45248461692856E-01
 1.99502455017093E+03	-1.79647300873334E-01
 1.99502728807096E+03	-1.98968728286300E-01
 1.99503002597099E+03	-1.88112279490819E-01
 1.99503276387102E+03	-1.42307214551180E-01
 1.99503550177105E+03	-7.01848390553880E-02
 1.99503823967108E+03	 1.41939959387279E-02
 1.99504097757111E+03	 1.02578130112191E-01
 1.99504371547114E+03	 1.93177374622691E-01
 1.99504645337118E+03	 2.77043683607736E-01
 1.99504919127121E+03	 3.28945991641632E-01
 1.99505192917124E+03	 3.21122192490012E-01
 1.99505466707127E+03	 2.47637604935521E-01
 1.99505740497130E+03	 1.30751553628435E-01
 1.99506014287133E+03	 4.45553360579183E-03
 1.99506288077136E+03	-1.03054300936396E-01
 1.99506561867139E+03	-1.73246521600290E-01
 1.99506835657142E+03	-1.93574084318349E-01
 1.99507109447145E+03	-1.56177142032833E-01
 1.99507383237148E+03	-6.25066632673984E-02
 1.99507657027151E+03	 6.65464132202908E-02
 1.99507930817154E+03	 1.85081364516799E-01
 1.99508204607158E+03	 2.39329494978778E-01
 1.99508478397161E+03	 2.05174989500428E-01
 1.99508752187164E+03	 1.09313362022724E-01
 1.99509025977167E+03	 5.11030662889129E-03
 1.99509299767170E+03	-7.26536494511119E-02
 1.99509573557173E+03	-1.24386298549824E-01
 1.99509847347176E+03	-1.63473494078854E-01
 1.99510121137179E+03	-1.90825539907884E-01
 1.99510394927182E+03	-1.93664009945731E-01
 1.99510668717185E+03	-1.60261295812721E-01
 1.99510942507188E+03	-9.13804055694259E-02
 1.99511216297191E+03	-7.84128178534335E-04
 1.99511490087194E+03	 9.45475063976384E-02
 1.99511763877198E+03	 1.86632641433088E-01
 1.99512037667201E+03	 2.75176796245611E-01
 1.99512311457204E+03	 3.49413538168172E-01
 1.99512585247207E+03	 3.78028752968948E-01
 1.99512859037210E+03	 3.29861407720970E-01
 1.99513132827213E+03	 2.06838807762575E-01
 1.99513406617216E+03	 4.95907101954361E-02
 1.99513680407219E+03	-9.03289493784721E-02
 1.99513954197222E+03	-1.79097558580870E-01
 1.99514227987225E+03	-2.06002030298910E-01
 1.99514501777228E+03	-1.73619364328207E-01
 1.99514775567231E+03	-9.04226937272069E-02
 1.99515049357234E+03	 2.82004011195556E-02
 1.99515323147237E+03	 1.54110945749569E-01
 1.99515596937241E+03	 2.45853567045127E-01
 1.99515870727244E+03	 2.65266833194968E-01
 1.99516144517247E+03	 2.05158380089110E-01
 1.99516418307250E+03	 9.85102808692499E-02
 1.99516692097253E+03	-7.55390547736423E-03
 1.99516965887256E+03	-8.69489762084359E-02
 1.99517239677259E+03	-1.41158139844993E-01
 1.99517513467262E+03	-1.77935316291365E-01
 1.99517787257265E+03	-1.94246726240673E-01
 1.99518061047268E+03	-1.79536026399103E-01
 1.99518334837271E+03	-1.27523425950621E-01
 1.99518608627274E+03	-4.34633999265562E-02
 1.99518882417277E+03	 5.63972811290870E-02
 1.99519156207281E+03	 1.54414531439379E-01
 1.99519429997284E+03	 2.43605347273559E-01
 1.99519703787287E+03	 3.24349731142377E-01
 1.99519977577290E+03	 3.83661313931356E-01
 1.99520251367293E+03	 3.86952505394887E-01
 1.99520525157296E+03	 3.04889897964579E-01
 1.99520798947299E+03	 1.49179671836047E-01
 1.99521072737302E+03	-2.69369539457136E-02
 1.99521346527305E+03	-1.64251477441952E-01
 1.99521620317308E+03	-2.29306704656764E-01
 1.99521894107311E+03	-2.18326148266429E-01
 1.99522167897314E+03	-1.45954759023867E-01
 1.99522441687317E+03	-3.62472243849037E-02
 1.99522715477321E+03	 8.22545800434544E-02
 1.99522989267324E+03	 1.80017234596830E-01
 1.99523263057327E+03	 2.30006414859719E-01
 1.99523536847330E+03	 2.15990547904368E-01
 1.99523810637333E+03	 1.44446089040246E-01
 1.99524084427336E+03	 4.49618921083818E-02
 1.99524358217339E+03	-4.88679146445677E-02
 1.99524632007342E+03	-1.19884655895494E-01
 1.99524905797345E+03	-1.67448285305959E-01
 1.99525179587348E+03	-1.93047969561780E-01
 1.99525453377351E+03	-1.92601870904697E-01
 1.99525727167354E+03	-1.60463513874827E-01
 1.99526000957357E+03	-9.55541821283513E-02
 1.99526274747361E+03	-5.25028090743627E-03
 1.99526548537364E+03	 9.41838651659211E-02
 1.99526822327367E+03	 1.85782310185754E-01
 1.99527096117370E+03	 2.63368896689328E-01
 1.99527369907373E+03	 3.27347663447513E-01
 1.99527643697376E+03	 3.64342348845855E-01
 1.99527917487379E+03	 3.42178841364038E-01
 1.99528191277382E+03	 2.38741345317721E-01
 1.99528465067385E+03	 7.39712263592287E-02
 1.99528738857388E+03	-9.55935304109314E-02
 1.99529012647391E+03	-2.13139095739939E-01
 1.99529286437394E+03	-2.49511389689547E-01
 1.99529560227397E+03	-2.06379856495151E-01
 1.99529834017400E+03	-1.08518145593410E-01
 1.99530107807404E+03	 5.69650428673420E-03
 1.99530381597407E+03	 9.88176546064128E-02
 1.99530655387410E+03	 1.48576467368482E-01
 1.99530929177413E+03	 1.50277551577599E-01
 1.99531202967416E+03	 1.10091311605708E-01
 1.99531476757419E+03	 4.10008193245980E-02
 1.99531750547422E+03	-3.86090946761238E-02
 1.99532024337425E+03	-1.10799884609946E-01
 1.99532298127428E+03	-1.64734763041598E-01
 1.99532571917431E+03	-1.96016731835440E-01
 1.99532845707434E+03	-2.02001824509450E-01
 1.99533119497437E+03	-1.80776131581590E-01
 1.99533393287440E+03	-1.32422649042175E-01
 1.99533667077444E+03	-5.94153262814441E-02
 1.99533940867447E+03	 3.08216321225969E-02
 1.99534214657450E+03	 1.23181884816950E-01
 1.99534488447453E+03	 2.01238841617695E-01
 1.99534762237456E+03	 2.58451954106786E-01
 1.99535036027459E+03	 2.95215542024540E-01
 1.99535309817462E+03	 3.01758444901323E-01
 1.99535583607465E+03	 2.55297091345980E-01
 1.99535857397468E+03	 1.44711487935249E-01
 1.99536131187471E+03	-6.04632279994175E-03
 1.99536404977474E+03	-1.46507264493974E-01
 1.99536678767477E+03	-2.29495413627273E-01
 1.99536952557480E+03	-2.32110450081798E-01
 1.99537226347484E+03	-1.60875965799258E-01
 1.99537500137487E+03	-4.99578436502792E-02
 1.99537773927490E+03	 5.07390096612880E-02
 1.99538047717493E+03	 1.01755915247447E-01
 1.99538321507496E+03	 9.58454311465196E-02
 1.99538595297499E+03	 5.28533649695585E-02
 1.99538869087502E+03	-4.09339087617179E-03
 1.99539142877505E+03	-6.32132322519640E-02
 1.99539416667508E+03	-1.20133112667306E-01
 1.99539690457511E+03	-1.69375470771108E-01
 1.99539964247514E+03	-2.02601721820304E-01
 1.99540238037517E+03	-2.11927551642513E-01
 1.99540511827520E+03	-1.93811142486933E-01
 1.99540785617523E+03	-1.50561075999532E-01
 1.99541059407527E+03	-8.73391583655120E-02
 1.99541333197530E+03	-8.56240459750733E-03
 1.99541606987533E+03	 7.91722340467632E-02
 1.99541880777536E+03	 1.61704950394526E-01
 1.99542154567539E+03	 2.21837197322330E-01
 1.99542428357542E+03	 2.51148788604701E-01
 1.99542702147545E+03	 2.51005503891460E-01
 1.99542975937548E+03	 2.20324765983753E-01
 1.99543249727551E+03	 1.51646318876980E-01
 1.99543523517554E+03	 4.59435583902247E-02
 1.99543797307557E+03	-7.38138859017637E-02
 1.99544071097560E+03	-1.69659043339555E-01
 1.99544344887563E+03	-2.07615240888364E-01
 1.99544618677567E+03	-1.72295680487945E-01
 1.99544892467570E+03	-7.60685024899765E-02
 1.99545166257573E+03	 3.81518359760439E-02
 1.99545440047576E+03	 1.13941182685862E-01
 1.99545713837579E+03	 1.17439862030330E-01
 1.99545987627582E+03	 6.01729267494619E-02
 1.99546261417585E+03	-1.77121671306042E-02
 1.99546535207588E+03	-8.46544471822657E-02
 1.99546808997591E+03	-1.34778006434440E-01
 1.99547082787594E+03	-1.74865033913537E-01
 1.99547356577597E+03	-2.05760567875102E-01
 1.99547630367600E+03	-2.18861140537985E-01
 1.99547904157603E+03	-2.04876841504257E-01
 1.99548177947607E+03	-1.62359306440083E-01
 1.99548451737610E+03	-9.84131483574807E-02
 1.99548725527613E+03	-2.20759225194301E-02
 1.99548999317616E+03	 6.12148038377460E-02
 1.99549273107619E+03	 1.45697255689685E-01
 1.99549546897622E+03	 2.17376613728392E-01
 1.99549820687625E+03	 2.56795145991452E-01
 1.99550094477628E+03	 2.52785921437205E-01
 1.99550368267631E+03	 2.09626518874915E-01
 1.99550642057634E+03	 1.39240495659532E-01
 1.99550915847637E+03	 5.22285718765395E-02
 1.99551189637640E+03	-3.99756363953525E-02
 1.99551463427643E+03	-1.19307140745343E-01
 1.99551737217646E+03	-1.62861919723132E-01
 1.99552011007650E+03	-1.50976571389052E-01
 1.99552284797653E+03	-7.76134220414036E-02
 1.99552558587656E+03	 3.73596275962316E-02
 1.99552832377659E+03	 1.44778266541275E-01
 1.99553106167662E+03	 1.89058385694848E-01
 1.99553379957665E+03	 1.48313778230330E-01
 1.99553653747668E+03	 5.14689012354383E-02
 1.99553927537671E+03	-4.96971963164889E-02
 1.99554201327674E+03	-1.23208191695484E-01
 1.99554475117677E+03	-1.69444590993811E-01
 1.99554748907680E+03	-2.00246454215068E-01
 1.99555022697683E+03	-2.17394651069136E-01
 1.99555296487686E+03	-2.11896886565667E-01
 1.99555570277690E+03	-1.76062040537833E-01
 1.99555844067693E+03	-1.12234386404032E-01
 1.99556117857696E+03	-3.15972061238140E-02
 1.99556391647699E+03	 5.41769283850196E-02
 1.99556665437702E+03	 1.39138074206293E-01
 1.99556939227705E+03	 2.18326303855781E-01
 1.99557213017708E+03	 2.77448053610712E-01
 1.99557486807711E+03	 2.94139121590398E-01
 1.99557760597714E+03	 2.54957484642089E-01
 1.99558034387717E+03	 1.69251857904833E-01
 1.99558308177720E+03	 6.35819840798413E-02
 1.99558581967723E+03	-3.48803901078701E-02
 1.99558855757726E+03	-1.07738985369318E-01
 1.99559129547730E+03	-1.43774085132543E-01
 1.99559403337733E+03	-1.34850621050413E-01
 1.99559677127736E+03	-7.60619279554529E-02
 1.99559950917739E+03	 2.70766767135552E-02
 1.99560224707742E+03	 1.47208764346009E-01
 1.99560498497745E+03	 2.34865108471088E-01
 1.99560772287748E+03	 2.44023738813756E-01
 1.99561046077751E+03	 1.68153841200372E-01
 1.99561319867754E+03	 4.76082165326497E-02
 1.99561593657757E+03	-6.43486331041951E-02
 1.99561867447760E+03	-1.40664318571745E-01
 1.99562141237763E+03	-1.85289108480626E-01
 1.99562415027766E+03	-2.09466232356031E-01
 1.99562688817770E+03	-2.13748653279680E-01
 1.99562962607773E+03	-1.90801987023521E-01
 1.99563236397776E+03	-1.36769280623764E-01
 1.99563510187779E+03	-5.75615419725321E-02
 1.99563783977782E+03	 3.31407196987882E-02
 1.99564057767785E+03	 1.22134342147467E-01
 1.99564331557787E+03	 2.03428644061542E-01
 1.99564605347791E+03	 2.73166870702644E-01
 1.99564879137794E+03	 3.17005630784391E-01
 1.99565152927797E+03	 3.10441758881467E-01
 1.99565426717800E+03	 2.39550147147529E-01
 1.99565700507803E+03	 1.19957489331224E-01
 1.99565974297806E+03	-9.27176270922120E-03
 1.99566248087809E+03	-1.09532208403393E-01
 1.99566521877813E+03	-1.59437064005619E-01
 1.99566795667816E+03	-1.54675013394572E-01
 1.99567069457819E+03	-1.00425312880015E-01
 1.99567343247822E+03	-7.00135940278259E-03
 1.99567617037825E+03	 1.07705078670620E-01
 1.99567890827828E+03	 2.12618239988816E-01
 1.99568164617831E+03	 2.66953354037388E-01
 1.99568438407834E+03	 2.41828964335897E-01
 1.99568712197837E+03	 1.45050793849500E-01
 1.99568985987840E+03	 1.93904634723092E-02
 1.99569259777843E+03	-8.93771430975508E-02
 1.99569533567846E+03	-1.61337583012582E-01
 1.99569807357849E+03	-2.00637454701890E-01
 1.99570081147853E+03	-2.15074820092564E-01
 1.99570354937856E+03	-2.04826900622622E-01
 1.99570628727859E+03	-1.66365228925641E-01
 1.99570902517862E+03	-9.97957452206050E-02
 1.99571176307865E+03	-1.27916674591881E-02
 1.99571450097868E+03	 8.01336289111697E-02
 1.99571723887871E+03	 1.64992907253227E-01
 1.99571997677874E+03	 2.36163080473718E-01
 1.99572271467877E+03	 2.91378289209723E-01
 1.99572545257880E+03	 3.17279729346821E-01
 1.99572819047883E+03	 2.89496281726459E-01
 1.99573092837886E+03	 1.96070996148177E-01
 1.99573366627889E+03	 5.82100712275425E-02
 1.99573640417893E+03	-7.80039067725204E-02
 1.99573914207896E+03	-1.69389241663964E-01
 1.99574187997899E+03	-1.94742545953709E-01
 1.99574461787902E+03	-1.55656198619834E-01
 1.99574735577905E+03	-6.92514676867865E-02
 1.99575009367908E+03	 3.90676400097831E-02
 1.99575283157911E+03	 1.41333630533618E-01
 1.99575556947914E+03	 2.10204247827120E-01
 1.99575830737917E+03	 2.22751108160706E-01
 1.99576104527920E+03	 1.70657120246676E-01
 1.99576378317923E+03	 7.05594645066600E-02
 1.99576652107926E+03	-4.17967730436703E-02
 1.99576925897929E+03	-1.33784772213522E-01
 1.99577199687932E+03	-1.92161482034267E-01
 1.99577473477936E+03	-2.18886680673497E-01
 1.99577747267939E+03	-2.18379984945171E-01
 1.99578021057942E+03	-1.92384405737084E-01
 1.99578294847945E+03	-1.41732011506563E-01
 1.99578568637948E+03	-6.87782952977414E-02
 1.99578842427951E+03	 1.90510066232370E-02
 1.99579116217954E+03	 1.07299258453245E-01
 1.99579390007957E+03	 1.81405355736234E-01
 1.99579663797960E+03	 2.36310127674078E-01
 1.99579937587963E+03	 2.71916679295199E-01
 1.99580211377966E+03	 2.77769294424657E-01
 1.99580485167969E+03	 2.33077292327414E-01
 1.99580758957972E+03	 1.30051919424114E-01
 1.99581032747976E+03	-7.22442830299112E-03
 1.99581306537979E+03	-1.32704658862681E-01
 1.99581580327982E+03	-2.04956427200958E-01
 1.99581854117985E+03	-2.04911514665645E-01
 1.99582127907988E+03	-1.39193629635135E-01
 1.99582401697991E+03	-3.60563476457784E-02
 1.99582675487994E+03	 6.56831857097657E-02
 1.99582949277997E+03	 1.33561966503749E-01
 1.99583223068000E+03	 1.52560898560578E-01
 1.99583496858003E+03	 1.23257840923743E-01
 1.99583770648006E+03	 5.57791601168383E-02
 1.99584044438009E+03	-3.22224245752478E-02
 1.99584318228012E+03	-1.18593451759156E-01
 1.99584592018016E+03	-1.84883251546843E-01
 1.99584865808019E+03	-2.22298526749806E-01
 1.99585139598022E+03	-2.29904011078842E-01
 1.99585413388025E+03	-2.10561378991826E-01
 1.99585687178028E+03	-1.68965408586439E-01
 1.99585960968031E+03	-1.09304041001473E-01
 1.99586234758034E+03	-3.42544127725785E-02
 1.99586508548037E+03	 4.98492144806617E-02
 1.99586782338040E+03	 1.28477926253603E-01
 1.99587056128043E+03	 1.86362211783527E-01
 1.99587329918046E+03	 2.19108880293048E-01
 1.99587603708049E+03	 2.29671235303002E-01
 1.99587877498052E+03	 2.13299258286120E-01
 1.99588151288055E+03	 1.56649775894082E-01
 1.99588425078059E+03	 5.73315304055374E-02
 1.99588698868062E+03	-6.15054657582290E-02
 1.99588972658065E+03	-1.60207904371784E-01
 1.99589246448068E+03	-2.03547437110675E-01
 1.99589520238071E+03	-1.76021543711272E-01
 1.99589794028074E+03	-8.96155668192529E-02
 1.99590067818077E+03	 1.68031139430265E-02
 1.99590341608080E+03	 9.47484133414183E-02
 1.99590615398083E+03	 1.14584654019889E-01
 1.99590889188086E+03	 7.99596908186948E-02
 1.99591162978089E+03	 1.49378839517519E-02
 1.99591436768092E+03	-5.81704894511950E-02
 1.99591710558095E+03	-1.27184313396478E-01
 1.99591984348099E+03	-1.84815128360969E-01
 1.99592258138102E+03	-2.23632215200383E-01
 1.99592531928105E+03	-2.36844337068364E-01
 1.99592805718108E+03	-2.21695946602202E-01
 1.99593079508111E+03	-1.81813223033883E-01
 1.99593353298114E+03	-1.25189916526788E-01
 1.99593627088117E+03	-5.79962992012237E-02
 1.99593900878120E+03	 1.74955932442697E-02
 1.99594174668123E+03	 9.55106284077641E-02
 1.99594448458126E+03	 1.60900769974344E-01
 1.99594722248129E+03	 1.97658026472924E-01
 1.99594996038132E+03	 2.02305340140456E-01
 1.99595269828135E+03	 1.82148206268941E-01
 1.99595543618139E+03	 1.41272961401218E-01
 1.99595817408142E+03	 7.69291099617416E-02
 1.99596091198145E+03	-7.88847019361288E-03
 1.99596364988148E+03	-9.44776284463544E-02
 1.99596638778151E+03	-1.53691587626828E-01
 1.99596912568154E+03	-1.59207549665429E-01
 1.99597186358157E+03	-1.01112505931986E-01
 1.99597460148160E+03	 1.68397509195871E-03
 1.99597733938163E+03	 1.01056916184029E-01
 1.99598007728166E+03	 1.44710849532865E-01
 1.99598281518169E+03	 1.12748656843347E-01
 1.99598555308172E+03	 2.92774839988785E-02
 1.99598829098175E+03	-6.34508971738314E-02
 1.99599102888179E+03	-1.38271223166931E-01
 1.99599376678182E+03	-1.90951672942589E-01
 1.99599650468185E+03	-2.25343438492087E-01
 1.99599924258188E+03	-2.40143863434862E-01
 1.99600198048191E+03	-2.29530837268220E-01
 1.99600471838194E+03	-1.91268319062199E-01
 1.99600745628197E+03	-1.31470009468112E-01
 1.99601019418200E+03	-6.08750815457060E-02
 1.99601293208203E+03	 1.32117453126354E-02
 1.99601566998206E+03	 8.84040632101653E-02
 1.99601840788209E+03	 1.58539326450012E-01
 1.99602114578212E+03	 2.07714458053200E-01
 1.99602388368215E+03	 2.19487381075079E-01
 1.99602662158218E+03	 1.91678492857886E-01
 1.99602935948222E+03	 1.37232973571597E-01
 1.99603209738225E+03	 7.13035557366618E-02
 1.99603483528228E+03	 2.98249598849204E-03
 1.99603757318231E+03	-6.04067862623429E-02
 1.99604031108234E+03	-1.06723330547694E-01
 1.99604304898237E+03	-1.18988892906384E-01
 1.99604578688240E+03	-8.16951189806258E-02
 1.99604852478243E+03	 6.65652351858837E-03
 1.99605126268246E+03	 1.19043785985148E-01
 1.99605400058249E+03	 2.01955121467962E-01
 1.99605673848252E+03	 2.06829643818864E-01
 1.99605947638255E+03	 1.28100526577850E-01
 1.99606221428258E+03	 6.98728601998739E-03
 1.99606495218262E+03	-1.04651452865530E-01
 1.99606769008265E+03	-1.80698842740994E-01
 1.99607042798268E+03	-2.23384036989469E-01
 1.99607316588271E+03	-2.41874628291250E-01
 1.99607590378274E+03	-2.37332454086110E-01
 1.99607864168277E+03	-2.05786245949330E-01
 1.99608137958280E+03	-1.47729181059756E-01
 1.99608411748283E+03	-7.19191530214864E-02
 1.99608685538286E+03	 9.41328698957738E-03
 1.99608959328289E+03	 8.81155890275039E-02
 1.99609233118292E+03	 1.60887540115398E-01
 1.99609506908295E+03	 2.20910994393165E-01
 1.99609780698298E+03	 2.52132547994734E-01
 1.99610054488302E+03	 2.38180316590454E-01
 1.99610328278305E+03	 1.78403176622418E-01
 1.99610602068308E+03	 9.17996779208741E-02
 1.99610875858311E+03	 4.58925690680865E-03
 1.99611149648314E+03	-6.35509047025255E-02
 1.99611423438317E+03	-1.02552475955992E-01
 1.99611697228320E+03	-1.07238280215198E-01
 1.99611971018323E+03	-7.28542113264835E-02
 1.99612244808326E+03	 3.54227153659993E-03
 1.99612518598329E+03	 1.12737709763204E-01
 1.99612792388332E+03	 2.21240510184626E-01
 1.99613066178335E+03	 2.77484271236419E-01
 1.99613339968338E+03	 2.44497379344690E-01
 1.99613613758341E+03	 1.31861552509930E-01
 1.99613887548345E+03	-9.78755982553976E-03
 1.99614161338348E+03	-1.28527156133900E-01
 1.99614435128351E+03	-2.02896579881292E-01
 1.99614708918354E+03	-2.38275897081510E-01
 1.99614982708357E+03	-2.44529996084642E-01
 1.99615256498360E+03	-2.24227352422656E-01
 1.99615530288363E+03	-1.76842287260380E-01
 1.99615804078366E+03	-1.06060963726342E-01
 1.99616077868369E+03	-2.16403493727539E-02
 1.99616351658372E+03	 6.41878743941667E-02
 1.99616625448375E+03	 1.42419181821579E-01
 1.99616899238378E+03	 2.08612152570548E-01
 1.99617173028381E+03	 2.56071192933360E-01
 1.99617446818385E+03	 2.69756980077183E-01
 1.99617720608388E+03	 2.33964933923424E-01
 1.99617994398391E+03	 1.49481465965504E-01
 1.99618268188394E+03	 4.02356369583410E-02
 1.99618541978397E+03	-5.92561582245247E-02
 1.99618815768400E+03	-1.22098403597840E-01
 1.99619089558403E+03	-1.36967002771699E-01
 1.99619363348406E+03	-1.04841503534142E-01
 1.99619637138409E+03	-3.27529975910867E-02
 1.99619910928412E+03	 6.83505884961364E-02
 1.99620184718415E+03	 1.78734936849821E-01
 1.99620458508418E+03	 2.64235373770800E-01
 1.99620732298421E+03	 2.84818701289821E-01
 1.99621006088425E+03	 2.20857522993332E-01
 1.99621279878428E+03	 9.34857365185281E-02
 1.99621553668431E+03	-4.73076636478871E-02
 1.99621827458434E+03	-1.57778940483687E-01
 1.99622101248437E+03	-2.22540323762603E-01
 1.99622375038440E+03	-2.47187328994568E-01
 1.99622648828443E+03	-2.40407004210148E-01
 1.99622922618446E+03	-2.06911353500409E-01
 1.99623196408449E+03	-1.50144754063129E-01
 1.99623470198452E+03	-7.52779921860657E-02
 1.99623743988455E+03	 9.29059741366948E-03
 1.99624017778458E+03	 9.21574559549394E-02
 1.99624291568461E+03	 1.63253681017699E-01
 1.99624565358464E+03	 2.17533212911068E-01
 1.99624839148468E+03	 2.49965629548937E-01
 1.99625112938471E+03	 2.48065537775556E-01
 1.99625386728474E+03	 1.97722531593236E-01
 1.99625660518477E+03	 1.00894803857294E-01
 1.99625934308480E+03	-1.61722164990645E-02
 1.99626208098483E+03	-1.15477192156282E-01
 1.99626481888486E+03	-1.67105770920594E-01
 1.99626755678489E+03	-1.59497101706979E-01
 1.99627029468492E+03	-9.87837103421966E-02
 1.99627303258495E+03	-3.62476159754949E-03
 1.99627577048498E+03	 1.01017812427641E-01
 1.99627850838501E+03	 1.88518694244504E-01
 1.99628124628504E+03	 2.32744970350822E-01
 1.99628398418508E+03	 2.13787721146050E-01
 1.99628672208511E+03	 1.30751126329637E-01
 1.99628945998514E+03	 9.30548110457155E-03
 1.99629219788517E+03	-1.10520955556228E-01
 1.99629493578520E+03	-1.97987815230949E-01
 1.99629767368523E+03	-2.43297500988149E-01
 1.99630041158526E+03	-2.50736637208439E-01
 1.99630314948529E+03	-2.28232642191342E-01
 1.99630588738532E+03	-1.83495582324372E-01
 1.99630862528535E+03	-1.22732251219028E-01
 1.99631136318538E+03	-5.00440953844899E-02
 1.99631410108541E+03	 2.88001324276698E-02
 1.99631683898544E+03	 1.02729362002682E-01
 1.99631957688548E+03	 1.60303329018137E-01
 1.99632231478551E+03	 1.96976356702873E-01
 1.99632505268554E+03	 2.11271198742180E-01
 1.99632779058557E+03	 1.95185656669806E-01
 1.99633052848560E+03	 1.37753667274587E-01
 1.99633326638563E+03	 4.19027832899048E-02
 1.99633600428566E+03	-6.71695265752743E-02
 1.99633874218569E+03	-1.53205260937992E-01
 1.99634148008572E+03	-1.86947211605331E-01
 1.99634421798575E+03	-1.57371326181806E-01
 1.99634695588578E+03	-7.56402460990261E-02
 1.99634969378581E+03	 2.76895785576038E-02
 1.99635243168584E+03	 1.15356999186131E-01
 1.99635516958588E+03	 1.60114391275041E-01
 1.99635790748591E+03	 1.52277445977252E-01
 1.99636064538594E+03	 9.63101665237770E-02
 1.99636338328597E+03	 6.65534716472384E-03
 1.99636612118600E+03	-9.41031331239613E-02
 1.99636885908603E+03	-1.81208089887581E-01
 1.99637159698606E+03	-2.37221723339756E-01
 1.99637433488609E+03	-2.56235211661901E-01
 1.99637707278612E+03	-2.41286408539269E-01
 1.99637981068615E+03	-2.01021293366124E-01
 1.99638254858618E+03	-1.46124174017167E-01
 1.99638528648621E+03	-8.35002257327955E-02
 1.99638802438624E+03	-1.46992728373646E-02
 1.99639076228627E+03	 5.63918769177294E-02
 1.99639350018631E+03	 1.17634925387996E-01
 1.99639623808634E+03	 1.56253878018880E-01
 1.99639897598637E+03	 1.69620136102717E-01
 1.99640171388640E+03	 1.61667701154047E-01
 1.99640445178643E+03	 1.31047798089420E-01
 1.99640718968646E+03	 7.18937671368985E-02
 1.99640992758649E+03	-1.20350945646803E-02
 1.99641266548652E+03	-9.97109237472270E-02
 1.99641540338655E+03	-1.60722546959843E-01
 1.99641814128658E+03	-1.69091570322693E-01
 1.99642087918661E+03	-1.15636497386703E-01
 1.99642361708664E+03	-1.77903809576327E-02
 1.99642635498667E+03	 8.20092955025891E-02
 1.99642909288671E+03	 1.38100568691890E-01
 1.99643183078674E+03	 1.29670552895322E-01
 1.99643456868677E+03	 6.84977250578136E-02
 1.99643730658680E+03	-1.80382305820945E-02
 1.99644004448683E+03	-1.06465555196328E-01
 1.99644278238686E+03	-1.82321622774629E-01
 1.99644552028689E+03	-2.35954116235633E-01
 1.99644825818692E+03	-2.60001441205954E-01
 1.99645099608695E+03	-2.50916761784183E-01
 1.99645373398698E+03	-2.11944769038486E-01
 1.99645647188701E+03	-1.53863878650142E-01
 1.99645920978704E+03	-8.93881280324601E-02
 1.99646194768707E+03	-2.45068395120378E-02
 1.99646468558711E+03	 4.13706792013702E-02
 1.99646742348714E+03	 1.04262162577191E-01
 1.99647016138717E+03	 1.49973853999323E-01
 1.99647289928720E+03	 1.65197851035728E-01
 1.99647563718723E+03	 1.50578211412670E-01
 1.99647837508726E+03	 1.16801545152510E-01
 1.99648111298729E+03	 7.09382030461378E-02
 1.99648385088732E+03	 1.37486794247564E-02
 1.99648658878735E+03	-5.04659492474668E-02
 1.99648932668738E+03	-1.06966554549299E-01
 1.99649206458741E+03	-1.33553850068796E-01
 1.99649480248744E+03	-1.09590344403732E-01
 1.99649754038747E+03	-3.01799406240836E-02
 1.99650027828750E+03	 7.91604886694528E-02
 1.99650301618754E+03	 1.65954664699986E-01
 1.99650575408757E+03	 1.82309233690406E-01
 1.99650849198760E+03	 1.19823412597773E-01
 1.99651122988763E+03	 1.17941580263277E-02
 1.99651396778766E+03	-9.76803785758868E-02
 1.99651670568769E+03	-1.82615590595935E-01
 1.99651944358772E+03	-2.37633045740278E-01
 1.99652218148775E+03	-2.63950020178464E-01
 1.99652491938778E+03	-2.60274129875167E-01
 1.99652765728781E+03	-2.25364813829290E-01
 1.99653039518784E+03	-1.64733417843822E-01
 1.99653313308787E+03	-9.16711552863260E-02
 1.99653587098790E+03	-1.93766735423105E-02
 1.99653860888794E+03	 4.76163385460721E-02
 1.99654134678797E+03	 1.10425196657062E-01
 1.99654408468800E+03	 1.63436027019003E-01
 1.99654682258803E+03	 1.90834255203862E-01
 1.99654956048806E+03	 1.80189549958006E-01
 1.99655229838809E+03	 1.36164986069873E-01
 1.99655503628812E+03	 7.64447250317608E-02
 1.99655777418815E+03	 1.69818118709927E-02
 1.99656051208818E+03	-3.45978825844811E-02
 1.99656324998821E+03	-7.39781465185137E-02
 1.99656598788824E+03	-9.35197167803826E-02
 1.99656872578827E+03	-8.02562574365683E-02
 1.99657146368830E+03	-2.11728810635679E-02
 1.99657420158834E+03	 8.12439209168519E-02
 1.99657693948837E+03	 1.93040081253147E-01
 1.99657967738840E+03	 2.56911638878662E-01
 1.99658241528843E+03	 2.30555360430877E-01
 1.99658515318846E+03	 1.21285854095214E-01
 1.99658789108849E+03	-2.09744213414657E-02
 1.99659062898852E+03	-1.44230905602457E-01
 1.99659336688855E+03	-2.24897590053419E-01
 1.99659610478858E+03	-2.64508818526186E-01
 1.99659884268861E+03	-2.70009085354008E-01
 1.99660158058864E+03	-2.43834491069047E-01
 1.99660431848867E+03	-1.88312184893662E-01
 1.99660705638870E+03	-1.12329170988977E-01
 1.99660979428873E+03	-3.03653540465708E-02
 1.99661253218877E+03	 4.55957359787192E-02
 1.99661527008880E+03	 1.12010918846930E-01
 1.99661800798883E+03	 1.68913589800087E-01
 1.99662074588886E+03	 2.09006189176672E-01
 1.99662348378889E+03	 2.16563873964397E-01
 1.99662622168892E+03	 1.81341443466627E-01
 1.99662895958895E+03	 1.11736380814598E-01
 1.99663169748898E+03	 3.12392987963975E-02
 1.99663443538901E+03	-3.66682667690959E-02
 1.99663717328904E+03	-7.87235665770980E-02
 1.99663991118907E+03	-9.10626836073465E-02
 1.99664264908910E+03	-7.27741522810858E-02
 1.99664538698913E+03	-2.06227432311273E-02
 1.99664812488917E+03	 6.81690838385862E-02
 1.99665086278920E+03	 1.81652042527363E-01
 1.99665360068923E+03	 2.80602269887478E-01
 1.99665633858926E+03	 3.11555315075320E-01
 1.99665907648929E+03	 2.45358926043966E-01
 1.99666181438932E+03	 1.04323837289781E-01
 1.99666455228935E+03	-5.37713734387840E-02
 1.99666729018938E+03	-1.78266897566349E-01
 1.99667002808941E+03	-2.50775393833843E-01
 1.99667276598944E+03	-2.76547921587263E-01
 1.99667550388947E+03	-2.64758849440612E-01
 1.99667824178950E+03	-2.21287543644572E-01
 1.99668097968953E+03	-1.52934533392038E-01
 1.99668371758957E+03	-7.07720614950334E-02
 1.99668645548960E+03	 1.22424328632118E-02
 1.99668919338963E+03	 8.64228085594072E-02
 1.99669193128966E+03	 1.47999462518159E-01
 1.99669466918969E+03	 1.95060262456798E-01
 1.99669740708972E+03	 2.19928346298364E-01
 1.99670014498975E+03	 2.09042847056625E-01
 1.99670288288978E+03	 1.54990539913482E-01
 1.99670562078981E+03	 6.86600847622166E-02
 1.99670835868984E+03	-2.31141993466865E-02
 1.99671109658987E+03	-9.22279359665517E-02
 1.99671383448990E+03	-1.21815547055235E-01
 1.99671657238993E+03	-1.08426893694625E-01
 1.99671931028997E+03	-5.68384401368206E-02
 1.99672204819000E+03	 2.58253380014950E-02
 1.99672478609003E+03	 1.29922119237626E-01
 1.99672752399006E+03	 2.34773701616481E-01
 1.99673026189009E+03	 3.02992649120979E-01
 1.99673299979012E+03	 2.94921830162015E-01
 1.99673573769015E+03	 1.99118087836515E-01
 1.99673847559018E+03	 4.77115156199314E-02
 1.99674121349021E+03	-1.04164553238816E-01
 1.99674395139024E+03	-2.14689230920927E-01
 1.99674668929027E+03	-2.71478515697699E-01
 1.99674942719030E+03	-2.80933008252703E-01
 1.99675216509033E+03	-2.53250336115036E-01
 1.99675490299036E+03	-1.98171156953516E-01
 1.99675764089040E+03	-1.25969774050579E-01
 1.99676037879043E+03	-4.66797834906190E-02
 1.99676311669046E+03	 3.08006815963148E-02
 1.99676585459049E+03	 9.87232842291004E-02
 1.99676859249052E+03	 1.51538578952157E-01
 1.99677133039055E+03	 1.85550948436907E-01
 1.99677406829058E+03	 1.94725137982897E-01
 1.99677680619061E+03	 1.69421114346790E-01
 1.99677954409064E+03	 1.05127957287037E-01
 1.99678228199067E+03	 1.35325118762212E-02
 1.99678501989070E+03	-7.83489546340260E-02
 1.99678775779073E+03	-1.41357813887280E-01
 1.99679049569076E+03	-1.56921030552427E-01
 1.99679323359080E+03	-1.21447591455462E-01
 1.99679597149083E+03	-4.45924001144563E-02
 1.99679870939086E+03	 5.51337199809160E-02
 1.99680144729089E+03	 1.54970798271801E-01
 1.99680418519092E+03	 2.29666432355791E-01
 1.99680692309095E+03	 2.52869370814436E-01
 1.99680966099098E+03	 2.06578487610789E-01
 1.99681239889101E+03	 9.67883886017360E-02
 1.99681513679104E+03	-4.26708217466841E-02
 1.99681787469107E+03	-1.68365538343849E-01
 1.99682061259110E+03	-2.51255051071001E-01
 1.99682335049113E+03	-2.84160639623279E-01
 1.99682608839116E+03	-2.73454400690097E-01
 1.99682882629120E+03	-2.30761196846779E-01
 1.99683156419123E+03	-1.69449197368539E-01
 1.99683430209126E+03	-1.00499043965410E-01
 1.99683703999129E+03	-2.96214686319647E-02
 1.99683977789132E+03	 3.89533491025838E-02
 1.99684251579135E+03	 9.76205702973768E-02
 1.99684525369138E+03	 1.38026302027531E-01
 1.99684799159141E+03	 1.56041449287853E-01
 1.99685072949144E+03	 1.49550977761238E-01
 1.99685346739147E+03	 1.14209075382314E-01
 1.99685620529150E+03	 4.83602534572714E-02
 1.99685894319153E+03	-3.71366425260311E-02
 1.99686168109156E+03	-1.18255236556904E-01
 1.99686441899159E+03	-1.68021695571919E-01
 1.99686715689163E+03	-1.67459009336305E-01
 1.99686989479166E+03	-1.12534504224209E-01
 1.99687263269169E+03	-1.81879720427513E-02
 1.99687537059172E+03	 8.44755510415931E-02
 1.99687810849175E+03	 1.61103020778973E-01
 1.99688084639178E+03	 1.88485669105407E-01
 1.99688358429181E+03	 1.59523690522822E-01
 1.99688632219184E+03	 8.09868643785294E-02
 1.99688906009187E+03	-2.82444859173289E-02
 1.99689179799190E+03	-1.40412257274537E-01
 1.99689453589193E+03	-2.28383673830337E-01
 1.99689727379196E+03	-2.75704107386424E-01
 1.99690001169199E+03	-2.78982339979719E-01
 1.99690274959203E+03	-2.45037011567324E-01
 1.99690548749206E+03	-1.88001801436533E-01
 1.99690822539209E+03	-1.23680335577551E-01
 1.99691096329212E+03	-6.08027491875434E-02
 1.99691370119215E+03	 5.06034618177678E-04
 1.99691643909218E+03	 5.89457601949508E-02
 1.99691917699221E+03	 1.05036359007919E-01
 1.99692191489224E+03	 1.28105079678405E-01
 1.99692465279227E+03	 1.26011329659132E-01
 1.99692739069230E+03	 1.02733698631705E-01
 1.99693012859233E+03	 6.02889757610790E-02
 1.99693286649236E+03	-7.12629914605876E-05
 1.99693560439239E+03	-6.96418843547745E-02
 1.99693834229243E+03	-1.29954306518587E-01
 1.99694108019246E+03	-1.58506696474423E-01
 1.99694381809249E+03	-1.36983752847199E-01
 1.99694655599252E+03	-6.19576495592032E-02
 1.99694929389255E+03	 4.44541979880261E-02
 1.99695203179258E+03	 1.38113715256821E-01
 1.99695476969261E+03	 1.77133524370507E-01
 1.99695750759264E+03	 1.47554562363104E-01
 1.99696024549267E+03	 6.60744216480082E-02
 1.99696298339270E+03	-3.79306049209151E-02
 1.99696572129273E+03	-1.39064501696127E-01
 1.99696845919276E+03	-2.19952548363331E-01
 1.99697119709279E+03	-2.68989137371917E-01
 1.99697393499282E+03	-2.79400709958168E-01
 1.99697667289286E+03	-2.50962094412809E-01
 1.99697941079289E+03	-1.92779917820342E-01
 1.99698214869292E+03	-1.22289844921397E-01
 1.99698488659295E+03	-5.59056658674212E-02
 1.99698762449298E+03	 1.56182094953292E-03
 1.99699036239301E+03	 5.42623804685986E-02
 1.99699310029304E+03	 1.01000726353024E-01
 1.99699583819307E+03	 1.29689523194416E-01
 1.99699857609310E+03	 1.29473760226145E-01
 1.99700131399313E+03	 1.02847759876128E-01
 1.99700405189316E+03	 6.13019988244420E-02
 1.99700678979319E+03	 1.36986477866937E-02
 1.99700952769322E+03	-3.58892140855556E-02
 1.99701226559326E+03	-8.18660173638838E-02
 1.99701500349329E+03	-1.12805263241131E-01
 1.99701774139332E+03	-1.11943409034255E-01
 1.99702047929335E+03	-6.31981133099416E-02
 1.99702321719338E+03	 3.35219614338851E-02
 1.99702595509341E+03	 1.46766180462603E-01
 1.99702869299344E+03	 2.21350640063863E-01
 1.99703143089347E+03	 2.14297305113691E-01
 1.99703416879350E+03	 1.26632620621940E-01
 1.99703690669353E+03	-1.72361089107675E-03
 1.99703964459356E+03	-1.25137017418791E-01
 1.99704238249359E+03	-2.17439547633612E-01
 1.99704512039362E+03	-2.71624769453537E-01
 1.99704785829366E+03	-2.87304726536127E-01
 1.99705059619369E+03	-2.64336379129012E-01
 1.99705333409372E+03	-2.06510072061887E-01
 1.99705607199375E+03	-1.27102628385983E-01
 1.99705880989378E+03	-4.62169492355835E-02
 1.99706154779381E+03	 2.12844831152009E-02
 1.99706428569384E+03	 7.44767674297589E-02
 1.99706702359387E+03	 1.18951966178363E-01
 1.99706976149390E+03	 1.51475098595033E-01
 1.99707249939393E+03	 1.58413210044994E-01
 1.99707523729396E+03	 1.31409068819075E-01
 1.99707797519399E+03	 7.90968179291905E-02
 1.99708071309402E+03	 2.03567907265710E-02
 1.99708345099406E+03	-2.97048697839111E-02
 1.99708618889409E+03	-6.47275498539045E-02
 1.99708892679412E+03	-8.26405972518162E-02
 1.99709166469415E+03	-7.92163932837423E-02
 1.99709440259418E+03	-4.40623785529849E-02
 1.99709714049421E+03	 3.42170912025214E-02
 1.99709987839424E+03	 1.49093262218800E-01
 1.99710261629427E+03	 2.59806276656867E-01
 1.99710535419430E+03	 3.05970555485117E-01
 1.99710809209433E+03	 2.51316625297436E-01
 1.99711082999436E+03	 1.14199450328255E-01
 1.99711356789439E+03	-4.81494017251810E-02
 1.99711630579442E+03	-1.82681930278588E-01
 1.99711904369445E+03	-2.66485466778019E-01
 1.99712178159449E+03	-3.00112158824574E-01
 1.99712451949452E+03	-2.89648594631067E-01
 1.99712725739455E+03	-2.40106140264839E-01
 1.99712999529458E+03	-1.60616296224199E-01
 1.99713273319461E+03	-6.85772398449124E-02
 1.99713547109464E+03	 1.59659652947802E-02
 1.99713820899467E+03	 8.17372224793707E-02
 1.99714094689470E+03	 1.30280064022842E-01
 1.99714368479473E+03	 1.65789623476481E-01
 1.99714642269476E+03	 1.82501891329852E-01
 1.99714916059479E+03	 1.67351044874674E-01
 1.99715189849482E+03	 1.16201840705503E-01
 1.99715463639485E+03	 4.32898829643678E-02
 1.99715737429489E+03	-2.70663094429267E-02
 1.99716011219492E+03	-7.53645239800742E-02
 1.99716285009495E+03	-9.38632899295370E-02
 1.99716558799498E+03	-8.36143171584588E-02
 1.99716832589501E+03	-4.66215966549782E-02
 1.99717106379504E+03	 2.05056601204327E-02
 1.99717380169507E+03	 1.21512509797037E-01
 1.99717653959510E+03	 2.41506246925260E-01
 1.99717927749513E+03	 3.34680081350263E-01
 1.99718201539516E+03	 3.44889671660727E-01
 1.99718475329519E+03	 2.49543279754832E-01
 1.99718749119522E+03	 8.19406234048176E-02
 1.99719022909525E+03	-9.34995810988951E-02
 1.99719296699529E+03	-2.25693278576119E-01
 1.99719570489532E+03	-2.97235787525228E-01
 1.99719844279535E+03	-3.12901555126216E-01
 1.99720118069538E+03	-2.82233991519879E-01
 1.99720391859541E+03	-2.15275974080387E-01
 1.99720665649544E+03	-1.26396089869840E-01
 1.99720939439547E+03	-3.41410785783013E-02
 1.99721213229550E+03	 4.54343727700714E-02
 1.99721487019553E+03	 1.05536666103183E-01
 1.99721760809556E+03	 1.47850717700544E-01
 1.99722034599559E+03	 1.73426908594691E-01
 1.99722308389562E+03	 1.75126210915100E-01
 1.99722582179565E+03	 1.42575464922939E-01
 1.99722855969568E+03	 7.60050058630704E-02
 1.99723129759572E+03	-7.04346881268867E-03
 1.99723403549575E+03	-8.00557211619612E-02
 1.99723677339578E+03	-1.21757184197312E-01
 1.99723951129581E+03	-1.23808363105032E-01
 1.99724224919584E+03	-8.91112813910222E-02
 1.99724498709587E+03	-2.46107021648709E-02
 1.99724772499590E+03	 6.48046675121875E-02
 1.99725046289593E+03	 1.72615346456498E-01
 1.99725320079596E+03	 2.76987942985573E-01
 1.99725593869599E+03	 3.35515588001522E-01
 1.99725867659602E+03	 3.06828003300877E-01
 1.99726141449605E+03	 1.85604647754152E-01
 1.99726415239608E+03	 1.32092929751522E-02
 1.99726689029612E+03	-1.50328289250129E-01
 1.99726962819615E+03	-2.63437731428405E-01
 1.99727236609618E+03	-3.14812960577100E-01
 1.99727510399621E+03	-3.11103167221772E-01
 1.99727784189624E+03	-2.64394600086017E-01
 1.99728057979627E+03	-1.89652315653926E-01
 1.99728331769630E+03	-1.03992635393509E-01
 1.99728605559633E+03	-2.24284349253179E-02
 1.99728879349636E+03	 4.58312380549392E-02
 1.99729153139639E+03	 9.72803566431424E-02
 1.99729426929642E+03	 1.31244889832872E-01
 1.99729700719645E+03	 1.45609827509070E-01
 1.99729974509648E+03	 1.34227126355708E-01
 1.99730248299652E+03	 9.10945358382184E-02
 1.99730522089655E+03	 1.99064895835953E-02
 1.99730795879658E+03	-6.14197932138876E-02
 1.99731069669661E+03	-1.27699487471050E-01
 1.99731343459664E+03	-1.58426928492788E-01
 1.99731617249667E+03	-1.44835459922263E-01
 1.99731891039670E+03	-9.00662995321296E-02
 1.99732164829673E+03	-5.58467403567245E-03
 1.99732438619676E+03	 9.31893791267139E-02
 1.99732712409679E+03	 1.88106438639417E-01
 1.99732986199682E+03	 2.55105822715785E-01
 1.99733259989685E+03	 2.65391076285407E-01
 1.99733533779688E+03	 2.00438824033484E-01
 1.99733807569691E+03	 7.11446498405369E-02
 1.99734081359695E+03	-8.20465220076189E-02
 1.99734355149698E+03	-2.12698552817650E-01
 1.99734628939701E+03	-2.92411785549101E-01
 1.99734902729704E+03	-3.15231965511711E-01
 1.99735176519707E+03	-2.88967774809234E-01
 1.99735450309710E+03	-2.28755523655728E-01
 1.99735724099713E+03	-1.53434584967669E-01
 1.99735997889716E+03	-7.88923316823485E-02
 1.99736271679719E+03	-1.28512040685714E-02
 1.99736545469722E+03	 4.22074623577484E-02
 1.99736819259725E+03	 8.31154962695097E-02
 1.99737093049728E+03	 1.05391664088030E-01
 1.99737366839731E+03	 1.05686619482234E-01
 1.99737640629735E+03	 8.18353839442299E-02
 1.99737914419738E+03	 3.34162579087842E-02
 1.99738188209741E+03	-3.35304460243662E-02
 1.99738461999744E+03	-1.03302791666038E-01
 1.99738735789747E+03	-1.54992409603246E-01
 1.99739009579750E+03	-1.70591474596273E-01
 1.99739283369753E+03	-1.40488297717527E-01
 1.99739557159756E+03	-6.71756214713582E-02
 1.99739830949759E+03	 3.20243659186871E-02
 1.99740104739762E+03	 1.28443572088998E-01
 1.99740378529765E+03	 1.93005380081944E-01
 1.99740652319768E+03	 2.06200067322909E-01
 1.99740926109771E+03	 1.61435098280006E-01
 1.99741199899775E+03	 6.60836639016793E-02
 1.99741473689778E+03	-5.75251888551656E-02
 1.99741747479781E+03	-1.77383547687967E-01
 1.99742021269784E+03	-2.64563844984545E-01
 1.99742295059787E+03	-3.03295122962911E-01
 1.99742568849790E+03	-2.91970496390124E-01
 1.99742842639793E+03	-2.40629408900797E-01
 1.99743116429796E+03	-1.68423893737543E-01
 1.99743390219799E+03	-9.59975813024062E-02
 1.99743664009802E+03	-3.43606936595044E-02
 1.99743937799805E+03	 1.69549014351283E-02
 1.99744211589808E+03	 5.92857059304433E-02
 1.99744485379811E+03	 8.69231698386881E-02
 1.99744759169815E+03	 9.22888141422040E-02
 1.99745032959818E+03	 7.41353639714066E-02
 1.99745306749821E+03	 3.69620731535562E-02
 1.99745580539824E+03	-1.35410550128843E-02
 1.99745854329827E+03	-7.00662255016002E-02
 1.99746128119830E+03	-1.21069932262828E-01
 1.99746401909833E+03	-1.51846274093854E-01
 1.99746675699836E+03	-1.47575190710635E-01
 1.99746949489839E+03	-9.74530490492246E-02
 1.99747223279842E+03	-4.12899247143382E-03
 1.99747497069845E+03	 1.06443652686131E-01
 1.99747770859848E+03	 1.90826922634603E-01
 1.99748044649851E+03	 2.12528751740362E-01
 1.99748318439854E+03	 1.63647665569112E-01
 1.99748592229858E+03	 6.40834862384690E-02
 1.99748866019861E+03	-5.53849285467986E-02
 1.99749139809864E+03	-1.67200672271740E-01
 1.99749413599867E+03	-2.51303292855484E-01
 1.99749687389870E+03	-2.94771843135418E-01
 1.99749961179873E+03	-2.91669892257082E-01
 1.99750234969876E+03	-2.44872610424050E-01
 1.99750508759879E+03	-1.68892841612140E-01
 1.99750782549882E+03	-8.71285466573699E-02
 1.99751056339885E+03	-1.92130654343517E-02
 1.99751330129888E+03	 3.07414753204841E-02
 1.99751603919891E+03	 6.94480713891753E-02
 1.99751877709894E+03	 9.83586732673589E-02
 1.99752151499898E+03	 1.08325742960863E-01
 1.99752425289901E+03	 9.14499994558347E-02
 1.99752699079904E+03	 5.18573339565325E-02
 1.99752972869907E+03	 1.90411837466346E-03
 1.99753246659910E+03	-4.72207651192170E-02
 1.99753520449913E+03	-8.82068753544641E-02
 1.99753794239916E+03	-1.14987228880516E-01
 1.99754068029919E+03	-1.19804644476361E-01
 1.99754341819922E+03	-9.10017471025831E-02
 1.99754615609925E+03	-1.71955158738097E-02
 1.99754889399928E+03	 9.62832694182497E-02
 1.99755163189931E+03	 2.12497065819207E-01
 1.99755436979934E+03	 2.75156659224534E-01
 1.99755710769938E+03	 2.46830244896234E-01
 1.99755984559941E+03	 1.36623000032207E-01
 1.99756258349944E+03	-1.04290755811492E-02
 1.99756532139947E+03	-1.47080696947775E-01
 1.99756805929950E+03	-2.46127482118607E-01
 1.99757079719953E+03	-2.98860722316662E-01
 1.99757353509956E+03	-3.03952658433377E-01
 1.99757627299959E+03	-2.62914553151296E-01
 1.99757901089962E+03	-1.84617350982938E-01
 1.99758174879965E+03	-8.96683441825069E-02
 1.99758448669968E+03	-3.95595164818125E-03
 1.99758722459971E+03	 5.70177320190410E-02
 1.99758996249974E+03	 9.60078719189245E-02
 1.99759270039977E+03	 1.22494417712156E-01
 1.99759543829981E+03	 1.35569913513140E-01
 1.99759817619984E+03	 1.24150128625305E-01
 1.99760091409987E+03	 8.33748778446674E-02
 1.99760365199990E+03	 2.42993750706942E-02
 1.99760638989993E+03	-3.38552235809293E-02
 1.99760912779996E+03	-7.62928205343800E-02
 1.99761186569999E+03	-9.71479996640228E-02
 1.99761460360002E+03	-9.63230313793395E-02
 1.99761734150005E+03	-7.25723847825452E-02
 1.99762007940008E+03	-1.73378156118337E-02
 1.99762281730011E+03	 7.92975563952447E-02
 1.99762555520014E+03	 2.06336813484236E-01
 1.99762829310017E+03	 3.16486990593720E-01
 1.99763103100021E+03	 3.47275088579498E-01
 1.99763376890024E+03	 2.68467980599506E-01
 1.99763650680027E+03	 1.07895509510993E-01
 1.99763924470030E+03	-7.13010905795049E-02
 1.99764198260033E+03	-2.14920469337608E-01
 1.99764472050036E+03	-3.00061074638679E-01
 1.99764745840039E+03	-3.26407312536452E-01
 1.99765019630042E+03	-2.99912572760025E-01
 1.99765293420045E+03	-2.28739136109034E-01
 1.99765567210048E+03	-1.29044890880583E-01
 1.99765841000051E+03	-2.63966876639222E-02
 1.99766114790054E+03	 5.48480622388270E-02
 1.99766388580057E+03	 1.05731313751055E-01
 1.99766662370061E+03	 1.33771849961971E-01
 1.99766936160064E+03	 1.47577234197283E-01
 1.99767209950067E+03	 1.43381966928684E-01
 1.99767483740070E+03	 1.10941490556270E-01
 1.99767757530073E+03	 5.06304640963692E-02
 1.99768031320076E+03	-2.04129404677400E-02
 1.99768305110079E+03	-7.89155111158212E-02
 1.99768578900082E+03	-1.09057698159992E-01
 1.99768852690085E+03	-1.07474485764734E-01
 1.99769126480088E+03	-7.92905745714796E-02
 1.99769400270091E+03	-2.84621831665581E-02
 1.99769674060094E+03	 4.98027194004216E-02
 1.99769947850097E+03	 1.60786751242034E-01
 1.99770221640100E+03	 2.86345068128404E-01
 1.99770495430104E+03	 3.74051551183383E-01
 1.99770769220107E+03	 3.65659782914523E-01
 1.99771043010110E+03	 2.45111642877431E-01
 1.99771316800113E+03	 5.55431417450267E-02
 1.99771590590116E+03	-1.33036665767675E-01
 1.99771864380119E+03	-2.69171845343780E-01
 1.99772138170122E+03	-3.36258044449872E-01
 1.99772411960125E+03	-3.39017503182506E-01
 1.99772685750128E+03	-2.88082915973063E-01
 1.99772959540131E+03	-1.98226897923939E-01
 1.99773233330134E+03	-9.18444314048482E-02
 1.99773507120137E+03	 5.02747588555178E-03
 1.99773780910140E+03	 7.42866583922691E-02
 1.99774054700144E+03	 1.13752360284223E-01
 1.99774328490147E+03	 1.31915475020130E-01
 1.99774602280150E+03	 1.33785281348010E-01
 1.99774876070153E+03	 1.13946983399328E-01
 1.99775149860156E+03	 6.56301471434714E-02
 1.99775423650159E+03	-5.26575176029084E-03
 1.99775697440162E+03	-7.81508065233009E-02
 1.99775971230165E+03	-1.29209346711946E-01
 1.99776245020168E+03	-1.43906376376787E-01
 1.99776518810171E+03	-1.21324368460857E-01
 1.99776792600174E+03	-6.97912458486715E-02
 1.99777066390177E+03	 2.84430576365539E-03
 1.99777340180180E+03	 9.56012399797950E-02
 1.99777613970184E+03	 2.05807115059467E-01
 1.99777887760187E+03	 3.09725825126268E-01
 1.99778161550190E+03	 3.59078333995138E-01
 1.99778435340193E+03	 3.10842367550601E-01
 1.99778709130196E+03	 1.66074979749579E-01
 1.99778982920199E+03	-2.49139575049009E-02
 1.99779256710202E+03	-1.97513019427404E-01
 1.99779530500205E+03	-3.10294546956982E-01
 1.99779804290208E+03	-3.53030860658592E-01
 1.99780078080211E+03	-3.33087120903082E-01
 1.99780351870214E+03	-2.64970471639912E-01
 1.99780625660217E+03	-1.69340167308591E-01
 1.99780899450220E+03	-7.08556863953433E-02
 1.99781173240224E+03	 9.96631506473439E-03
 1.99781447030227E+03	 6.40819556631244E-02
 1.99781720820230E+03	 9.34743676085040E-02
 1.99781994610233E+03	 1.03496632691960E-01
 1.99782268400236E+03	 9.48018787985207E-02
 1.99782542190239E+03	 6.27688773978742E-02
 1.99782815980242E+03	 5.87272767186793E-03
 1.99783089770245E+03	-6.56810920241126E-02
 1.99783363560248E+03	-1.31108302479037E-01
 1.99783637350251E+03	-1.69230481772689E-01
 1.99783911140254E+03	-1.68131700378259E-01
 1.99784184930257E+03	-1.28013726782700E-01
 1.99784458720260E+03	-5.79604400159662E-02
 1.99784732510263E+03	 3.03132230375947E-02
 1.99785006300267E+03	 1.26612810842862E-01
 1.99785280090270E+03	 2.18111900311469E-01
 1.99785553880273E+03	 2.80399367290190E-01
 1.99785827670276E+03	 2.80208376883257E-01
 1.99786101460279E+03	 1.97776472202974E-01
 1.99786375250282E+03	 4.92330942811139E-02
 1.99786649040285E+03	-1.17923114103945E-01
 1.99786922830288E+03	-2.53799915270001E-01
 1.99787196620291E+03	-3.30118819444170E-01
 1.99787470410294E+03	-3.41983800327492E-01
 1.99787744200297E+03	-2.98873442629633E-01
 1.99788017990300E+03	-2.19612569216707E-01
 1.99788291780303E+03	-1.28726709560068E-01
 1.99788565570307E+03	-4.77249657452574E-02
 1.99788839360310E+03	 1.28707222454963E-02
 1.99789113150313E+03	 5.23554708420073E-02
 1.99789386940316E+03	 7.26653596573944E-02
 1.99789660730319E+03	 7.37674116570703E-02
 1.99789934520322E+03	 5.38777454802375E-02
 1.99790208310325E+03	 1.22660876997858E-02
 1.99790482100328E+03	-4.66126072519778E-02
 1.99790755890331E+03	-1.10270914800210E-01
 1.99791029680334E+03	-1.60823635364235E-01
 1.99791303470337E+03	-1.82103450385742E-01
 1.99791577260340E+03	-1.65020839116423E-01
 1.99791851050343E+03	-1.08924993721378E-01
 1.99792124840347E+03	-2.22447316067686E-02
 1.99792398630350E+03	 7.73012953928165E-02
 1.99792672420353E+03	 1.66324592404767E-01
 1.99792946210356E+03	 2.22048687848871E-01
 1.99793220000359E+03	 2.26715481589254E-01
 1.99793493790362E+03	 1.71339326047432E-01
 1.99793767580365E+03	 6.23459287222182E-02
 1.99794041370368E+03	-7.45612445293744E-02
 1.99794315160371E+03	-2.02628479601782E-01
 1.99794588950374E+03	-2.90425765016678E-01
 1.99794862740377E+03	-3.22160535140970E-01
 1.99795136530380E+03	-2.97719315635341E-01
 1.99795410320383E+03	-2.30350508342588E-01
 1.99795684110386E+03	-1.43991720603827E-01
 1.99795957900390E+03	-6.39172744035871E-02
 1.99796231690393E+03	-3.81937272017962E-03
 1.99796505480396E+03	 3.67741635053713E-02
 1.99796779270399E+03	 6.19379329170633E-02
 1.99797053060402E+03	 7.02634554963567E-02
 1.99797326850405E+03	 5.74253030405775E-02
 1.99797600640408E+03	 2.32124479917904E-02
 1.99797874430411E+03	-2.65403979988765E-02
 1.99798148220414E+03	-8.18780569866036E-02
 1.99798422010417E+03	-1.30462532509751E-01
 1.99798695800420E+03	-1.59923347527263E-01
 1.99798969590423E+03	-1.60483861746163E-01
 1.99799243380426E+03	-1.25171896262092E-01
 1.99799517170430E+03	-5.09365816881010E-02
 1.99799790960433E+03	 5.37211309337886E-02
 1.99800064750436E+03	 1.61333407691638E-01
 1.99800338540439E+03	 2.32837979236824E-01
 1.99800612330442E+03	 2.39013113172970E-01
 1.99800886120445E+03	 1.76567754729410E-01
 1.99801159910448E+03	 6.56792752569564E-02
 1.99801433700451E+03	-6.35282070329424E-02
 1.99801707490454E+03	-1.82124320914804E-01
 1.99801981280457E+03	-2.67477576244330E-01
 1.99802255070460E+03	-3.05073651808125E-01
 1.99802528860463E+03	-2.89436834790711E-01
 1.99802802650466E+03	-2.26433679353598E-01
 1.99803076440470E+03	-1.35843199161035E-01
 1.99803350230473E+03	-4.63655422456883E-02
 1.99803624020476E+03	 1.98476973901342E-02
 1.99803897810479E+03	 5.93747718648609E-02
 1.99804171600482E+03	 8.12615998588430E-02
 1.99804445390485E+03	 9.01102162928216E-02
 1.99804719180488E+03	 8.05525878163912E-02
 1.99804992970491E+03	 4.77632159065574E-02
 1.99805266760494E+03	-2.86313638567265E-03
 1.99805540550497E+03	-5.80322083465313E-02
 1.99805814340500E+03	-1.04130915147757E-01
 1.99806088130503E+03	-1.31531336485078E-01
 1.99806361920506E+03	-1.35179786044670E-01
 1.99806635710509E+03	-1.11823099060302E-01
 1.99806909500513E+03	-5.53793036546151E-02
 1.99807183290516E+03	 3.98255629724217E-02
 1.99807457080519E+03	 1.62575453517974E-01
 1.99807730870522E+03	 2.72581115886393E-01
 1.99808004660525E+03	 3.16563504538709E-01
 1.99808278450528E+03	 2.65471914068258E-01
 1.99808552240531E+03	 1.36166274682257E-01
 1.99808826030534E+03	-2.33814165767757E-02
 1.99809099820537E+03	-1.66352272974020E-01
 1.99809373610540E+03	-2.65853216187655E-01
 1.99809647400543E+03	-3.12339877449636E-01
 1.99809921190546E+03	-3.03992745231274E-01
 1.99810194980549E+03	-2.44223681017968E-01
 1.99810468770553E+03	-1.47191665024555E-01
 1.99810742560556E+03	-4.04993850752181E-02
 1.99811016350559E+03	 4.53834046722167E-02
 1.99811290140562E+03	 9.54535016076124E-02
 1.99811563930565E+03	 1.16237256315962E-01
 1.99811837720568E+03	 1.20846802355856E-01
 1.99812111510571E+03	 1.11337282333056E-01
 1.99812385300574E+03	 8.02524486526552E-02
 1.99812659090577E+03	 2.63974199774908E-02
 1.99812932880580E+03	-3.74067291483671E-02
 1.99813206670583E+03	-9.19566920807830E-02
 1.99813480460586E+03	-1.22830763661060E-01
 1.99813754250589E+03	-1.25231449224285E-01
 1.99814028040593E+03	-1.01840873830383E-01
 1.99814301830596E+03	-5.46957332548905E-02
 1.99814575620599E+03	 2.24654487663850E-02
 1.99814849410602E+03	 1.36499881312418E-01
 1.99815123200605E+03	 2.70559113505797E-01
 1.99815396990608E+03	 3.72065746847082E-01
 1.99815670780611E+03	 3.80172321182036E-01
 1.99815944570614E+03	 2.73879407486756E-01
 1.99816218360617E+03	 9.10956005265717E-02
 1.99816492150620E+03	-1.00411083740751E-01
 1.99816765940623E+03	-2.46914893695705E-01
 1.99817039730626E+03	-3.26949052358182E-01
 1.99817313520629E+03	-3.40546515585974E-01
 1.99817587310633E+03	-2.94484648585477E-01
 1.99817861100636E+03	-2.00827876271634E-01
 1.99818134890639E+03	-8.30939331923552E-02
 1.99818408680642E+03	 2.57984607905234E-02
 1.99818682470645E+03	 9.91319623615613E-02
 1.99818956260648E+03	 1.31777176827438E-01
 1.99819230050651E+03	 1.37068849297550E-01
 1.99819503840654E+03	 1.27227666915656E-01
 1.99819777630657E+03	 1.00680837786788E-01
 1.99820051420660E+03	 5.07908146850440E-02
 1.99820325210663E+03	-1.76862555135926E-02
 1.99820599000666E+03	-8.56669383690397E-02
 1.99820872790669E+03	-1.31399884548050E-01
 1.99821146580672E+03	-1.42562850866606E-01
 1.99821420370676E+03	-1.20091699006216E-01
 1.99821694160679E+03	-7.30794583762144E-02
 1.99821967950682E+03	-6.82084401209067E-03
 1.99822241740685E+03	 8.50037732392611E-02
 1.99822515530688E+03	 2.07602578392096E-01
 1.99822789320691E+03	 3.37443819527570E-01
 1.99823063110694E+03	 4.15516218404691E-01
 1.99823336900697E+03	 3.84075654961946E-01
 1.99823610690700E+03	 2.36300121745707E-01
 1.99823884480703E+03	 2.59402915853332E-02
 1.99824158270706E+03	-1.72188972342554E-01
 1.99824432060709E+03	-3.07404677341739E-01
 1.99824705850712E+03	-3.64985904380130E-01
 1.99824979640716E+03	-3.50699195089583E-01
 1.99825253430719E+03	-2.77389896968385E-01
 1.99825527220722E+03	-1.65569940245095E-01
 1.99825801010725E+03	-4.58928938724948E-02
 1.99826074800728E+03	 4.95934720546623E-02
 1.99826348590731E+03	 1.03519316382075E-01
 1.99826622380734E+03	 1.20223056457979E-01
 1.99826896170737E+03	 1.14639314904788E-01
 1.99827169960740E+03	 9.44045235170272E-02
 1.99827443750743E+03	 5.53849434849269E-02
 1.99827717540746E+03	-5.53597625745929E-03
 1.99827991330749E+03	-7.76814429552968E-02
 1.99828265120752E+03	-1.38903888312787E-01
 1.99828538910756E+03	-1.68665948097469E-01
 1.99828812700759E+03	-1.58702268240569E-01
 1.99829086490762E+03	-1.14894026314718E-01
 1.99829360280765E+03	-5.01023881098747E-02
 1.99829634070768E+03	 2.85395326957104E-02
 1.99829907860771E+03	 1.25078627433133E-01
 1.99830181650774E+03	 2.39645144422060E-01
 1.99830455440777E+03	 3.44285505863083E-01
 1.99830729230780E+03	 3.84000740617632E-01
 1.99831003020783E+03	 3.15560648297285E-01
 1.99831276810786E+03	 1.48178263346342E-01
 1.99831550600789E+03	-5.85267049970895E-02
 1.99831824390792E+03	-2.36093035785166E-01
 1.99832098180795E+03	-3.44052424683698E-01
 1.99832371970799E+03	-3.73950935824167E-01
 1.99832645760802E+03	-3.34741055990162E-01
 1.99832919550805E+03	-2.44526019813694E-01
 1.99833193340808E+03	-1.30829992949439E-01
 1.99833467130811E+03	-2.60195869748026E-02
 1.99833740920814E+03	 4.57837349093604E-02
 1.99834014710817E+03	 7.90229801317475E-02
 1.99834288500820E+03	 8.34914747114066E-02
 1.99834562290823E+03	 7.04825883167840E-02
 1.99834836080826E+03	 4.22350246095721E-02
 1.99835109870829E+03	-4.96515157370250E-03
 1.99835383660832E+03	-6.87792683237513E-02
 1.99835657450835E+03	-1.34297687155121E-01
 1.99835931240839E+03	-1.80056090434816E-01
 1.99836205030842E+03	-1.89750148549459E-01
 1.99836478820845E+03	-1.59648064221858E-01
 1.99836752610848E+03	-9.82893016698633E-02
 1.99837026400851E+03	-1.95906696881989E-02
 1.99837300190854E+03	 6.67231816367500E-02
 1.99837573980857E+03	 1.57743382832083E-01
 1.99837847770860E+03	 2.45805847992036E-01
 1.99838121560863E+03	 3.04250796404118E-01
 1.99838395350866E+03	 2.94263972481853E-01
 1.99838669140869E+03	 1.95590366319477E-01
 1.99838942930872E+03	 3.06290430715700E-02
 1.99839216720875E+03	-1.46132162563850E-01
 1.99839490510879E+03	-2.82135626896409E-01
 1.99839764300882E+03	-3.49916162637485E-01
 1.99840038090885E+03	-3.46210464972505E-01
 1.99840311880888E+03	-2.82986253311351E-01
 1.99840585670891E+03	-1.83940243268484E-01
 1.99840859460894E+03	-8.05148028062944E-02
 1.99841133250897E+03	-1.31106455637935E-04
 1.99841407040900E+03	 4.55961138613588E-02
 1.99841680830903E+03	 6.09247568482537E-02
 1.99841954620906E+03	 5.54085820244980E-02
 1.99842228410909E+03	 3.40559267939411E-02
 1.99842502200912E+03	-3.65225133946575E-03
 1.99842775990915E+03	-5.71462296458479E-02
 1.99843049780918E+03	-1.17925853346626E-01
 1.99843323570922E+03	-1.69472881800590E-01
 1.99843597360925E+03	-1.94412488015790E-01
 1.99843871150928E+03	-1.82499180969287E-01
 1.99844144940931E+03	-1.33532430098857E-01
 1.99844418730934E+03	-5.57141345356596E-02
 1.99844692520936E+03	 3.73222075464370E-02
 1.99844966310940E+03	 1.29808378112458E-01
 1.99845240100943E+03	 2.06325059240855E-01
 1.99845513890946E+03	 2.51081749542789E-01
 1.99845787680949E+03	 2.46781439178882E-01
 1.99846061470952E+03	 1.81026238993293E-01
 1.99846335260955E+03	 5.96442831659139E-02
 1.99846609050958E+03	-8.76633836516353E-02
 1.99846882840962E+03	-2.19562729409245E-01
 1.99847156630965E+03	-3.02820554148167E-01
 1.99847430420968E+03	-3.22340607642496E-01
 1.99847704210971E+03	-2.80219218925430E-01
 1.99847978000974E+03	-1.93668253624373E-01
 1.99848251790977E+03	-9.21866512206168E-02
 1.99848525580980E+03	-6.51759556639165E-03
 1.99848799370983E+03	 4.65282898479365E-02
 1.99849073160986E+03	 6.83453514454954E-02
 1.99849346950989E+03	 6.80102086576456E-02
 1.99849620740992E+03	 5.05821310952055E-02
 1.99849894530995E+03	 1.60806591150455E-02
 1.99850168320998E+03	-3.40523575487529E-02
 1.99850442111002E+03	-9.21245801894366E-02
 1.99850715901005E+03	-1.44601483534979E-01
 1.99850989691008E+03	-1.76595759721291E-01
 1.99851263481011E+03	-1.77570359336691E-01
 1.99851537271014E+03	-1.43851172866096E-01
 1.99851811061017E+03	-7.66126820227755E-02
 1.99852084851020E+03	 1.89066421305819E-02
 1.99852358641023E+03	 1.28539986821708E-01
 1.99852632431026E+03	 2.25619179465380E-01
 1.99852906221029E+03	 2.78671443787307E-01
 1.99853180011032E+03	 2.67134372771574E-01
 1.99853453801035E+03	 1.91360409176157E-01
 1.99853727591038E+03	 7.04394509469899E-02
 1.99854001381042E+03	-6.65155035346031E-02
 1.99854275171045E+03	-1.89007209275908E-01
 1.99854548961048E+03	-2.71917019642016E-01
 1.99854822751051E+03	-2.99666991165255E-01
 1.99855096541054E+03	-2.68109859458350E-01
 1.99855370331057E+03	-1.86978685354143E-01
 1.99855644121060E+03	-8.15578722202953E-02
 1.99855917911063E+03	 1.46226848597097E-02
 1.99856191701066E+03	 7.71864452454390E-02
 1.99856465491069E+03	 1.03057721216806E-01
 1.99856739281072E+03	 1.03511976219905E-01
 1.99857013071075E+03	 8.71948241637243E-02
 1.99857286861078E+03	 5.37920435835666E-02
 1.99857560651081E+03	 2.45709141976161E-03
 1.99857834441085E+03	-5.93498743257899E-02
 1.99858108231088E+03	-1.16702987334526E-01
 1.99858382021091E+03	-1.54081301106494E-01
 1.99858655811094E+03	-1.61614013245510E-01
 1.99858929601097E+03	-1.37287291362164E-01
 1.99859203391100E+03	-8.30647693074149E-02
 1.99859477181103E+03	 1.18342165068199E-03
 1.99859750971106E+03	 1.14401871567647E-01
 1.99860024761109E+03	 2.39339071105602E-01
 1.99860298551112E+03	 3.34939774621354E-01
 1.99860572341115E+03	 3.54957744408214E-01
 1.99860846131118E+03	 2.80839251803032E-01
 1.99861119921121E+03	 1.36159679463946E-01
 1.99861393711125E+03	-3.05568083174237E-02
 1.99861667501128E+03	-1.74569007669309E-01
 1.99861941291131E+03	-2.69825863099675E-01
 1.99862215081134E+03	-3.06087036202490E-01
 1.99862488871137E+03	-2.81593081326007E-01
 1.99862762661140E+03	-2.02830127939062E-01
 1.99863036451143E+03	-9.00931025489843E-02
 1.99863310241146E+03	 2.28953965252112E-02
 1.99863584031149E+03	 1.03487823697911E-01
 1.99863857821152E+03	 1.39020759712541E-01
 1.99864131611155E+03	 1.39710289748710E-01
 1.99864405401158E+03	 1.21346584704749E-01
 1.99864679191161E+03	 8.86599865695802E-02
 1.99864952981165E+03	 3.81138784123019E-02
 1.99865226771168E+03	-2.76826213536654E-02
 1.99865500561171E+03	-9.40204898952906E-02
 1.99865774351174E+03	-1.41498484847357E-01
 1.99866048141177E+03	-1.56562870651191E-01
 1.99866321931180E+03	-1.36889853115629E-01
 1.99866595721183E+03	-8.89710203091235E-02
 1.99866869511186E+03	-1.81518498184311E-02
 1.99867143301189E+03	 7.91280734210492E-02
 1.99867417091192E+03	 2.05159478534664E-01
 1.99867690881195E+03	 3.36865492122286E-01
 1.99867964671198E+03	 4.19526275037775E-01
 1.99868238461201E+03	 3.99084813572479E-01
 1.99868512251204E+03	 2.66781988970234E-01
 1.99868786041208E+03	 6.94135488103653E-02
 1.99869059831211E+03	-1.24195596014270E-01
 1.99869333621214E+03	-2.63830152555114E-01
 1.99869607411217E+03	-3.30790432042554E-01
 1.99869881201220E+03	-3.25899240499168E-01
 1.99870154991223E+03	-2.57688646130202E-01
 1.99870428781226E+03	-1.43753684292851E-01
 1.99870702571229E+03	-1.55847539681619E-02
 1.99870976361232E+03	 8.87909256379691E-02
 1.99871250151235E+03	 1.44509038243078E-01
 1.99871523941238E+03	 1.53215300310232E-01
 1.99871797731241E+03	 1.34010930906492E-01
 1.99872071521244E+03	 1.01279603082622E-01
 1.99872345311248E+03	 5.48746300362812E-02
 1.99872619101251E+03	-8.44474218063465E-03
 1.99872892891254E+03	-8.01886665122155E-02
 1.99873166681257E+03	-1.40191914899006E-01
 1.99873440471260E+03	-1.68723458166915E-01
 1.99873714261263E+03	-1.57438713468337E-01
 1.99873988051266E+03	-1.12194557615052E-01
 1.99874261841269E+03	-4.60132121148310E-02
 1.99874535631272E+03	 3.50574235389745E-02
 1.99874809421275E+03	 1.38212118114804E-01
 1.99875083211278E+03	 2.66298986827853E-01
 1.99875357001281E+03	 3.89517775114524E-01
 1.99875630791284E+03	 4.45739370575468E-01
 1.99875904581288E+03	 3.83849824928728E-01
 1.99876178371291E+03	 2.10122048682426E-01
 1.99876452161294E+03	-1.21376160677704E-02
 1.99876725951297E+03	-2.07401377388501E-01
 1.99876999741300E+03	-3.29424860412731E-01
 1.99877273531303E+03	-3.67120376523068E-01
 1.99877547321306E+03	-3.28165262228561E-01
 1.99877821111309E+03	-2.29184490439880E-01
 1.99878094901312E+03	-9.84818687325852E-02
 1.99878368691315E+03	 2.48441601400808E-02
 1.99878642481318E+03	 1.06123490175561E-01
 1.99878916271321E+03	 1.33838574094955E-01
 1.99879190061324E+03	 1.21804751447336E-01
 1.99879463851328E+03	 9.08610185303778E-02
 1.99879737641331E+03	 4.96201529101353E-02
 1.99880011431334E+03	-5.32132622430821E-03
 1.99880285221337E+03	-7.35557742323002E-02
 1.99880559011340E+03	-1.40721854768633E-01
 1.99880832801343E+03	-1.84709019839379E-01
 1.99881106591346E+03	-1.89216316767009E-01
 1.99881380381349E+03	-1.52533781963542E-01
 1.99881654171352E+03	-8.71406129655312E-02
 1.99881927961355E+03	-9.39403072476782E-03
 1.99882201751358E+03	 7.54071609421962E-02
 1.99882475541361E+03	 1.75390371434415E-01
 1.99882749331364E+03	 2.90316006043031E-01
 1.99883023121367E+03	 3.86259333058622E-01
 1.99883296911371E+03	 4.04545519368200E-01
 1.99883570701374E+03	 3.07900133296236E-01
 1.99883844491377E+03	 1.17840103008875E-01
 1.99884118281380E+03	-9.73543796386079E-02
 1.99884392071383E+03	-2.68972940080976E-01
 1.99884665861386E+03	-3.60732644349460E-01
 1.99884939651389E+03	-3.67613144339956E-01
 1.99885213441392E+03	-3.01440841206790E-01
 1.99885487231395E+03	-1.86056714873781E-01
 1.99885761021398E+03	-5.79450977356668E-02
 1.99886034811401E+03	 4.33370040528851E-02
 1.99886308601404E+03	 9.42028871683535E-02
 1.99886582391407E+03	 9.76155742220841E-02
 1.99886856181411E+03	 7.32341256453309E-02
 1.99887129971414E+03	 3.69463807758990E-02
 1.99887403761417E+03	-9.12970625274720E-03
 1.99887677551420E+03	-6.79617429694951E-02
 1.99887951341423E+03	-1.33331605133344E-01
 1.99888225131426E+03	-1.87009561160871E-01
 1.99888498921429E+03	-2.08821244035223E-01
 1.99888772711432E+03	-1.88383436539430E-01
 1.99889046501435E+03	-1.30112715946315E-01
 1.99889320291438E+03	-4.99983195348452E-02
 1.99889594081441E+03	 3.51167808304544E-02
 1.99889867871444E+03	 1.19348593990689E-01
 1.99890141661447E+03	 2.06429590905897E-01
 1.99890415451451E+03	 2.90446678962115E-01
 1.99890689241454E+03	 3.39959026366954E-01
 1.99890963031457E+03	 3.12425411140666E-01
 1.99891236821460E+03	 1.91965233390212E-01
 1.99891510611463E+03	 1.06787501505720E-02
 1.99891784401466E+03	-1.70292839018539E-01
 1.99892058191469E+03	-2.98258266543722E-01
 1.99892331981472E+03	-3.48817510380161E-01
 1.99892605771475E+03	-3.21767180619447E-01
 1.99892879561478E+03	-2.33185546961412E-01
 1.99893153351481E+03	-1.13899206924310E-01
 1.99893427141484E+03	-3.73653158902608E-03
 1.99893700931487E+03	 6.54716486085224E-02
 1.99893974721490E+03	 8.55738436033175E-02
 1.99894248511494E+03	 7.02503912134523E-02
 1.99894522301497E+03	 3.77441271586729E-02
 1.99894796091500E+03	-3.78612690443751E-03
 1.99895069881503E+03	-5.52906793985086E-02
 1.99895343671506E+03	-1.15071626086800E-01
 1.99895617461509E+03	-1.70962851538808E-01
 1.99895891251512E+03	-2.04300128599310E-01
 1.99896165041515E+03	-2.00392210089562E-01
 1.99896438831518E+03	-1.55872308374290E-01
 1.99896712621521E+03	-7.92356197790537E-02
 1.99896986411524E+03	 1.35791747139591E-02
 1.99897260201527E+03	 1.06203534598046E-01
 1.99897533991530E+03	 1.87757518346596E-01
 1.99897807781534E+03	 2.51564860528460E-01
 1.99898081571537E+03	 2.86488079612751E-01
 1.99898355361540E+03	 2.73037075319506E-01
 1.99898629151543E+03	 1.95580382792490E-01
 1.99898902941546E+03	 6.18537263698499E-02
 1.99899176731549E+03	-9.26359084692776E-02
 1.99899450521552E+03	-2.22390396498639E-01
 1.99899724311555E+03	-2.94017341668106E-01
 1.99899998101558E+03	-2.94695415837015E-01
 1.99900271891561E+03	-2.30144779106629E-01
 1.99900545681564E+03	-1.23191139239504E-01
 1.99900819471567E+03	-1.04968989078837E-02
 1.99901093261570E+03	 7.14521668308036E-02
 1.99901367051574E+03	 1.05087414486544E-01
 1.99901640841577E+03	 9.72138073643449E-02
 1.99901914631580E+03	 6.57379648499019E-02
 1.99902188421583E+03	 2.28894721228163E-02
 1.99902462211586E+03	-2.87002311880911E-02
 1.99902736001589E+03	-8.75240826641425E-02
 1.99903009791592E+03	-1.44734244991105E-01
 1.99903283581595E+03	-1.84548853146139E-01
 1.99903557371598E+03	-1.92050068171139E-01
 1.99903831161601E+03	-1.60715251400679E-01
 1.99904104951604E+03	-9.37742077775388E-02
 1.99904378741607E+03	-6.01535179836951E-04
 1.99904652531610E+03	 1.05849213708977E-01
 1.99904926321613E+03	 2.08166269677757E-01
 1.99905200111617E+03	 2.84611378744447E-01
 1.99905473901620E+03	 3.14389726771973E-01
 1.99905747691623E+03	 2.85470184324450E-01
 1.99906021481626E+03	 1.99723043749558E-01
 1.99906295271629E+03	 7.36788547226869E-02
 1.99906569061632E+03	-6.46925157831982E-02
 1.99906842851635E+03	-1.83337987696904E-01
 1.99907116641638E+03	-2.55406588614451E-01
 1.99907390431641E+03	-2.65594969295795E-01
 1.99907664221644E+03	-2.12642929914422E-01
 1.99907938011647E+03	-1.11613511378383E-01
 1.99908211801650E+03	 5.76738354552487E-03
 1.99908485591653E+03	 1.01041164760405E-01
 1.99908759381657E+03	 1.48543519343785E-01
 1.99909033171660E+03	 1.47861566724308E-01
 1.99909306961663E+03	 1.15989290124681E-01
 1.99909580751666E+03	 6.86970448214641E-02
 1.99909854541669E+03	 1.16809750174855E-02
 1.99910128331672E+03	-5.28850854904390E-02
 1.99910402121675E+03	-1.16820519297439E-01
 1.99910675911678E+03	-1.64933511199278E-01
 1.99910949701681E+03	-1.82002207375222E-01
 1.99911223491684E+03	-1.60622579222301E-01
 1.99911497281687E+03	-1.03482342496055E-01
 1.99911771071690E+03	-1.82149010447806E-02
 1.99912044861693E+03	 8.86979162159326E-02
 1.99912318651697E+03	 2.08742604803727E-01
 1.99912592441700E+03	 3.20272577030647E-01
 1.99912866231703E+03	 3.86449058635729E-01
 1.99913140021706E+03	 3.73477879473535E-01
 1.99913413811709E+03	 2.75431357601106E-01
 1.99913687601712E+03	 1.20968454697193E-01
 1.99913961391715E+03	-4.38034255705536E-02
 1.99914235181718E+03	-1.78420426666423E-01
 1.99914508971721E+03	-2.58844756034801E-01
 1.99914782761724E+03	-2.75106519450476E-01
 1.99915056551727E+03	-2.27024488895411E-01
 1.99915330341730E+03	-1.26054948398983E-01
 1.99915604131733E+03	 3.63211050768324E-04
 1.99915877921737E+03	 1.13268120235440E-01
 1.99916151711740E+03	 1.79839276843426E-01
 1.99916425501743E+03	 1.91280314032365E-01
 1.99916699291746E+03	 1.62376810550127E-01
 1.99916973081749E+03	 1.12965306817161E-01
 1.99917246871752E+03	 5.24433665722498E-02
 1.99917520661755E+03	-1.74944938080875E-02
 1.99917794451758E+03	-9.05590068773420E-02
 1.99918068241761E+03	-1.51236108374938E-01
 1.99918342031764E+03	-1.81647683818027E-01
 1.99918615821767E+03	-1.71459084808427E-01
 1.99918889611770E+03	-1.22807260488867E-01
 1.99919163401773E+03	-4.64095836510690E-02
 1.99919437191776E+03	 4.92891579021653E-02
 1.99919710981780E+03	 1.63797325216114E-01
 1.99919984771783E+03	 2.92506045220187E-01
 1.99920258561786E+03	 4.06609898024853E-01
 1.99920532351789E+03	 4.54594156340127E-01
 1.99920806141792E+03	 3.96121450853023E-01
 1.99921079931795E+03	 2.37978620813803E-01
 1.99921353721798E+03	 3.39510673300080E-02
 1.99921627511801E+03	-1.50360107900776E-01
 1.99921901301804E+03	-2.71485391631531E-01
 1.99922175091807E+03	-3.14824448857940E-01
 1.99922448881810E+03	-2.82942465330659E-01
 1.99922722671813E+03	-1.88117517268937E-01
 1.99922996461816E+03	-5.56083469845561E-02
 1.99923270251820E+03	 7.54402793111357E-02
 1.99923544041823E+03	 1.65539856021060E-01
 1.99923817831826E+03	 1.95883399920791E-01
 1.99924091621829E+03	 1.76189251432581E-01
 1.99924365411832E+03	 1.29816064665434E-01
 1.99924639201835E+03	 7.20754603731887E-02
 1.99924912991838E+03	 4.94648467372418E-03
 1.99925186781841E+03	-7.01423487593357E-02
 1.99925460571844E+03	-1.40822394584524E-01
 1.99925734361847E+03	-1.86917613100619E-01
 1.99926008151850E+03	-1.92417300442784E-01
 1.99926281941853E+03	-1.54666328545650E-01
 1.99926555731856E+03	-8.49873820673586E-02
 1.99926829521860E+03	 8.80904021784359E-04
 1.99927103311863E+03	 9.71440383907457E-02
 1.99927377101866E+03	 2.10002599765486E-01
 1.99927650891869E+03	 3.36387625827866E-01
 1.99927924681872E+03	 4.39952957941338E-01
 1.99928198471875E+03	 4.60974465689540E-01
 1.99928472261878E+03	 3.62373765840289E-01
 1.99928746051881E+03	 1.66596274859914E-01
 1.99929019841884E+03	-5.64533039705528E-02
 1.99929293631887E+03	-2.35781731740353E-01
 1.99929567421890E+03	-3.32894749305287E-01
 1.99929841211893E+03	-3.41260942434033E-01
 1.99930115001896E+03	-2.71567326216820E-01
 1.99930388791899E+03	-1.46949995576694E-01
 1.99930662581903E+03	-5.58596718529454E-03
 1.99930936371906E+03	 1.07247057596219E-01
 1.99931210161909E+03	 1.60840301545623E-01
 1.99931483951912E+03	 1.55436927051070E-01
 1.99931757741915E+03	 1.14941141892719E-01
 1.99932031531918E+03	 6.24691717638832E-02
 1.99932305321921E+03	 4.50183937804132E-03
 1.99932579111924E+03	-6.19253594119748E-02
 1.99932852901927E+03	-1.32173421259212E-01
 1.99933126691930E+03	-1.88627353779692E-01
 1.99933400481933E+03	-2.10703270835005E-01
 1.99933674271936E+03	-1.87869497115105E-01
 1.99933948061939E+03	-1.25743611718584E-01
 1.99934221851943E+03	-4.24979459683501E-02
 1.99934495641946E+03	 4.45397064045749E-02
 1.99934769431949E+03	 1.33458615199826E-01
 1.99935043221952E+03	 2.34353330697708E-01
 1.99935317011955E+03	 3.42673388391234E-01
 1.99935590801958E+03	 4.18299241454476E-01
 1.99935864591961E+03	 4.04663218673298E-01
 1.99936138381964E+03	 2.77568935499631E-01
 1.99936412171967E+03	 7.28474019669258E-02
 1.99936685961970E+03	-1.36655262982147E-01
 1.99936959751973E+03	-2.87546150049918E-01
 1.99937233541976E+03	-3.50589581098301E-01
 1.99937507331979E+03	-3.24901781638581E-01
 1.99937781121983E+03	-2.26960160995388E-01
 1.99938054911986E+03	-8.99396078262309E-02
 1.99938328701989E+03	 3.89886048652622E-02
 1.99938602491992E+03	 1.17228408365665E-01
 1.99938876281995E+03	 1.30363702752267E-01
 1.99939150071998E+03	 9.64906250105533E-02
 1.99939423862001E+03	 4.51109180523574E-02
 1.99939697652004E+03	-7.72963180007206E-03
 1.99939971442007E+03	-6.34928952183820E-02
 1.99940245232010E+03	-1.25068886991054E-01
 1.99940519022013E+03	-1.82593311523767E-01
 1.99940792812016E+03	-2.16124369807585E-01
 1.99941066602019E+03	-2.08918945909978E-01
 1.99941340392022E+03	-1.57843863769461E-01
 1.99941614182026E+03	-7.54449309709800E-02
 1.99941887972029E+03	 1.66250282798974E-02
 1.99942161762032E+03	 1.01683348645804E-01
 1.99942435552035E+03	 1.79391025603926E-01
 1.99942709342038E+03	 2.58089762854751E-01
 1.99942983132041E+03	 3.30087980803424E-01
 1.99943256922044E+03	 3.59507613842657E-01
 1.99943530712047E+03	 3.05880339163749E-01
 1.99943804502050E+03	 1.63953912595438E-01
 1.99944078292053E+03	-2.35738258903599E-02
 1.99944352082056E+03	-1.93386229200295E-01
 1.99944625872059E+03	-2.97723152024233E-01
 1.99944899662062E+03	-3.17595207695876E-01
 1.99945173452066E+03	-2.56874498299920E-01
 1.99945447242069E+03	-1.38419985629307E-01
 1.99945721032072E+03	-4.15443426137609E-03
 1.99945994822075E+03	 9.67439869999428E-02
 1.99946268612078E+03	 1.33364582352571E-01
 1.99946542402081E+03	 1.10043485537269E-01
 1.99946816192084E+03	 5.59459710183283E-02
 1.99947089982087E+03	-2.42973318813457E-03
 1.99947363772090E+03	-5.76908914155467E-02
 1.99947637562093E+03	-1.13846035114574E-01
 1.99947911352096E+03	-1.68777306834302E-01
 1.99948185142099E+03	-2.07972141699492E-01
 1.99948458932102E+03	-2.13379917499051E-01
 1.99948732722106E+03	-1.75470059589554E-01
 1.99949006512109E+03	-9.86667036158752E-02
 1.99949280302112E+03	 4.10049000034210E-04
 1.99949554092115E+03	 1.00132911320923E-01
 1.99949827882118E+03	 1.84501445399627E-01
 1.99950101672121E+03	 2.49375021479961E-01
 1.99950375462124E+03	 2.95383032690166E-01
 1.99950649252127E+03	 3.13296654434256E-01
 1.99950923042130E+03	 2.81896371306451E-01
 1.99951196832133E+03	 1.87029539612265E-01
 1.99951470622136E+03	 4.29742653721109E-02
 1.99951744412139E+03	-1.08820877962937E-01
 1.99952018202142E+03	-2.22528258886312E-01
 1.99952291992146E+03	-2.68550961069362E-01
 1.99952565782149E+03	-2.38345839953509E-01
 1.99952839572152E+03	-1.42718256296996E-01
 1.99953113362155E+03	-1.28947080252480E-02
 1.99953387152158E+03	 1.04262774752413E-01
 1.99953660942161E+03	 1.66798043494952E-01
 1.99953934732164E+03	 1.61824746279192E-01
 1.99954208522167E+03	 1.09191097130100E-01
 1.99954482312170E+03	 4.00794515495415E-02
 1.99954756102173E+03	-2.68557204827054E-02
 1.99955029892176E+03	-8.92799337326039E-02
 1.99955303682179E+03	-1.47347984885157E-01
 1.99955577472182E+03	-1.92042714845702E-01
 1.99955851262185E+03	-2.07635848100976E-01
 1.99956125052189E+03	-1.82417064062782E-01
 1.99956398842192E+03	-1.15903563775917E-01
 1.99956672632195E+03	-1.83957099393603E-02
 1.99956946422198E+03	 9.34054377639128E-02
 1.99957220212201E+03	 2.00731593247098E-01
 1.99957494002204E+03	 2.86077849188011E-01
 1.99957767792207E+03	 3.35329532698461E-01
 1.99958041582210E+03	 3.38339604020507E-01
 1.99958315372213E+03	 2.89609503174149E-01
 1.99958589162216E+03	 1.91850821950439E-01
 1.99958862952219E+03	 6.09988622318950E-02
 1.99959136742222E+03	-7.39178579451212E-02
 1.99959410532225E+03	-1.79573058326191E-01
 1.99959684322229E+03	-2.29963508874467E-01
 1.99959958112232E+03	-2.12864638810608E-01
 1.99960231902235E+03	-1.31748856894289E-01
 1.99960505692238E+03	-8.30227200869878E-03
 1.99960779482241E+03	 1.18003150036748E-01
 1.99961053272244E+03	 2.03114923849765E-01
 1.99961327062247E+03	 2.21652914679582E-01
 1.99961600852250E+03	 1.80234568542994E-01
 1.99961874642253E+03	 1.06636514640008E-01
 1.99962148432256E+03	 2.62532627821179E-02
 1.99962422222259E+03	-5.01648902210045E-02
 1.99962696012262E+03	-1.19645657949154E-01
 1.99962969802265E+03	-1.74906148895928E-01
 1.99963243592269E+03	-2.02228777455969E-01
 1.99963517382272E+03	-1.89558861685143E-01
 1.99963791172275E+03	-1.34685748884570E-01
 1.99964064962278E+03	-4.58237292880897E-02
 1.99964338752281E+03	 6.43010651325213E-02
 1.99964612542284E+03	 1.83213080745974E-01
 1.99964886332287E+03	 2.96283051088194E-01
 1.99965160122290E+03	 3.81043287281630E-01
 1.99965433912293E+03	 4.09490671917405E-01
 1.99965707702296E+03	 3.62560821525972E-01
 1.99965981492299E+03	 2.45509945779069E-01
 1.99966255282302E+03	 8.90828556095987E-02
 1.99966529072305E+03	-6.49230296725563E-02
 1.99966802862308E+03	-1.80789572721766E-01
 1.99967076652312E+03	-2.36928779507976E-01
 1.99967350442315E+03	-2.25092026139362E-01
 1.99967624232318E+03	-1.48901344542055E-01
 1.99967898022321E+03	-2.65390259881836E-02
 1.99968171812324E+03	 1.07347190194836E-01
 1.99968445602327E+03	 2.10179270693505E-01
 1.99968719392330E+03	 2.51134075335906E-01
 1.99968993182333E+03	 2.27297195635638E-01
 1.99969266972336E+03	 1.60237208363617E-01
 1.99969540762339E+03	 7.61922697128700E-02
 1.99969814552342E+03	-9.55505639630547E-03
 1.99970088342345E+03	-9.08712295340700E-02
 1.99970362132348E+03	-1.59817562432569E-01
 1.99970635922352E+03	-2.02355456723224E-01
 1.99970909712355E+03	-2.04735032108210E-01
 1.99971183502358E+03	-1.62553203697714E-01
 1.99971457292361E+03	-8.37486791320537E-02
 1.99971731082364E+03	 1.73543491867124E-02
 1.99972004872367E+03	 1.29930136571471E-01
 1.99972278662370E+03	 2.48804834656355E-01
 1.99972552452373E+03	 3.62632271675748E-01
 1.99972826242376E+03	 4.41069337232023E-01
 1.99973100032379E+03	 4.43050326713024E-01
 1.99973373822382E+03	 3.46969842241225E-01
 1.99973647612385E+03	 1.74097591191716E-01
 1.99973921402388E+03	-2.03383624111754E-02
 1.99974195192392E+03	-1.79304926965511E-01
 1.99974468982395E+03	-2.68408593787734E-01
 1.99974742772398E+03	-2.77507126831919E-01
 1.99975016562401E+03	-2.11971669442812E-01
 1.99975290352404E+03	-9.03131151201594E-02
 1.99975564142407E+03	 5.30402533657418E-02
 1.99975837932410E+03	 1.73430523419394E-01
 1.99976111722413E+03	 2.34876360717643E-01
 1.99976385512416E+03	 2.28630207772545E-01
 1.99976659302419E+03	 1.73326766243058E-01
 1.99976933092422E+03	 9.59808923870468E-02
 1.99977206882425E+03	 1.32634824696624E-02
 1.99977480672428E+03	-6.95692503040644E-02
 1.99977754462431E+03	-1.46569136129568E-01
 1.99978028252435E+03	-2.03605125846333E-01
 1.99978302042438E+03	-2.23599880899730E-01
 1.99978575832441E+03	-1.97235117728003E-01
 1.99978849622444E+03	-1.29254874012276E-01
 1.99979123412447E+03	-3.59061785614649E-02
 1.99979397202450E+03	 6.61807307055303E-02
 1.99979670992453E+03	 1.71510624507715E-01
 1.99979944782456E+03	 2.82517891485177E-01
 1.99980218572459E+03	 3.88647396888981E-01
 1.99980492362462E+03	 4.51577093812503E-01
 1.99980766152465E+03	 4.23517833218167E-01
 1.99981039942468E+03	 2.88576798223042E-01
 1.99981313732471E+03	 8.44198667921538E-02
 1.99981587522475E+03	-1.19698901435298E-01
 1.99981861312478E+03	-2.64312081986425E-01
 1.99982135102481E+03	-3.21399542218582E-01
 1.99982408892484E+03	-2.89230526001595E-01
 1.99982682682487E+03	-1.83153747394522E-01
 1.99982956472490E+03	-3.61054771973492E-02
 1.99983230262493E+03	 1.03149745997176E-01
 1.99983504052496E+03	 1.88127145395342E-01
 1.99983777842499E+03	 1.99755843786069E-01
 1.99984051632502E+03	 1.54081946241221E-01
 1.99984325422505E+03	 8.33488421455216E-02
 1.99984599212508E+03	 9.61116028983204E-03
 1.99984873002511E+03	-6.31951922563433E-02
 1.99985146792515E+03	-1.35737178803870E-01
 1.99985420582518E+03	-1.98687757027375E-01
 1.99985694372521E+03	-2.33580150238100E-01
 1.99985968162524E+03	-2.24940436530511E-01
 1.99986241952527E+03	-1.70533767917866E-01
 1.99986515742530E+03	-8.33810859644685E-02
 1.99986789532533E+03	 1.51434268344781E-02
 1.99987063322536E+03	 1.09455889931704E-01
 1.99987337112539E+03	 2.00159274931145E-01
 1.99987610902542E+03	 2.94471826715851E-01
 1.99987884692545E+03	 3.80347766410190E-01
 1.99988158482548E+03	 4.15923401520583E-01
 1.99988432272551E+03	 3.57119355473988E-01
 1.99988706062555E+03	 2.00452330295886E-01
 1.99988979852558E+03	-5.25745244436312E-03
 1.99989253642561E+03	-1.90239712447789E-01
 1.99989527432564E+03	-3.02983064683991E-01
 1.99989801222567E+03	-3.23295186400774E-01
 1.99990075012570E+03	-2.54924347185437E-01
 1.99990348802573E+03	-1.21947912234595E-01
 1.99990622592576E+03	 2.92479134529753E-02
 1.99990896382579E+03	 1.41764819197095E-01
 1.99991170172582E+03	 1.77951442675211E-01
 1.99991443962585E+03	 1.41834967993583E-01
 1.99991717752588E+03	 6.93702339936482E-02
 1.99991991542591E+03	-4.67757023178061E-03
 1.99992265332594E+03	-6.93300301803999E-02
 1.99992539122598E+03	-1.30234329030971E-01
 1.99992812912601E+03	-1.88024030155466E-01
 1.99993086702604E+03	-2.28993181750525E-01
 1.99993360492607E+03	-2.34457792909813E-01
 1.99993634282610E+03	-1.94630434029043E-01
 1.99993908072613E+03	-1.15071659216129E-01
 1.99994181862616E+03	-1.48183638523056E-02
 1.99994455652619E+03	 8.28808462405047E-02
 1.99994729442622E+03	 1.64978150903557E-01
 1.99995003232625E+03	 2.35579375881945E-01
 1.99995277022628E+03	 3.02064855123171E-01
 1.99995550812631E+03	 3.51136754160734E-01
 1.99995824602634E+03	 3.46306156273812E-01
 1.99996098392638E+03	 2.58433198777756E-01
 1.99996372182641E+03	 9.89956608911564E-02
 1.99996645972644E+03	-8.08988683575531E-02
 1.99996919762647E+03	-2.22697901188281E-01
 1.99997193552650E+03	-2.88493657533305E-01
 1.99997467342653E+03	-2.65852914028489E-01
 1.99997741132656E+03	-1.64027357074849E-01
 1.99998014922659E+03	-1.68613431476321E-02
 1.99998288712662E+03	 1.19091980978587E-01
 1.99998562502665E+03	 1.88620036089582E-01
 1.99998836292668E+03	 1.72167866482233E-01
 1.99999110082671E+03	 9.62528062082399E-02
 1.99999383872674E+03	 6.68894949535598E-03
 1.99999657662678E+03	-6.80294488270044E-02
 1.99999931452681E+03	-1.27112430094475E-01
 2.00000205242684E+03	-1.78464844165050E-01
 2.00000479032687E+03	-2.18307811764461E-01
 2.00000752822690E+03	-2.30965413166717E-01
 2.00001026612693E+03	-2.02594209993565E-01
 2.00001300402696E+03	-1.31709370172441E-01
 2.00001574192699E+03	-3.06960955186760E-02
 2.00001847982702E+03	 7.84384358786556E-02
 2.00002121772705E+03	 1.73178728144916E-01
 2.00002395562708E+03	 2.42049375242806E-01
 2.00002669352711E+03	 2.87526843943955E-01
 2.00002943142714E+03	 3.13151617775054E-01
 2.00003216932717E+03	 3.08321980945272E-01
 2.00003490722721E+03	 2.52763785625404E-01
 2.00003764512724E+03	 1.40209121222362E-01
 2.00004038302727E+03	-5.27514568277847E-03
 2.00004312092730E+03	-1.39332409216032E-01
 2.00004585882733E+03	-2.21374129936251E-01
 2.00004859672736E+03	-2.28786461394085E-01
 2.00005133462739E+03	-1.58148575009394E-01
 2.00005407252742E+03	-2.75322151531213E-02
 2.00005681042745E+03	 1.18969650145647E-01
 2.00005954832748E+03	 2.22137038768356E-01
 2.00006228622751E+03	 2.39831041936348E-01
 2.00006502412754E+03	 1.75036000047660E-01
 2.00006776202757E+03	 6.95194899683865E-02
 2.00007049992761E+03	-3.20373569104973E-02
 2.00007323782764E+03	-1.10665495938812E-01
 2.00007597572767E+03	-1.69617304198053E-01
 2.00007871362770E+03	-2.12186574034725E-01
 2.00008145152773E+03	-2.29931882544693E-01
 2.00008418942776E+03	-2.10051186378006E-01
 2.00008692732779E+03	-1.47613255765108E-01
 2.00008966522782E+03	-4.97705491356594E-02
 2.00009240312785E+03	 6.69539413274583E-02
 2.00009514102788E+03	 1.81235279147289E-01
 2.00009787892791E+03	 2.72866517009926E-01
 2.00010061682794E+03	 3.28860050055719E-01
 2.00010335472797E+03	 3.44504549523726E-01
 2.00010609262801E+03	 3.18336667484467E-01
 2.00010883052804E+03	 2.49054223002682E-01
 2.00011156842807E+03	 1.40997685481534E-01
 2.00011430632810E+03	 1.22021517246330E-02
 2.00011704422813E+03	-1.06763676246690E-01
 2.00011978212816E+03	-1.84378569272886E-01
 2.00012252002819E+03	-1.99360415137284E-01
 2.00012525792822E+03	-1.44562180969455E-01
 2.00012799582825E+03	-2.90552414952024E-02
 2.00013073372828E+03	 1.16777253041777E-01
 2.00013347162831E+03	 2.42623966086558E-01
 2.00013620952834E+03	 2.98405715516022E-01
 2.00013894742837E+03	 2.64453207912762E-01
 2.00014168532840E+03	 1.63730968906901E-01
 2.00014442322844E+03	 4.16605569787525E-02
 2.00014716112847E+03	-6.66017676922124E-02
 2.00014989902850E+03	-1.49720567182566E-01
 2.00015263692853E+03	-2.08089204080154E-01
 2.00015537482856E+03	-2.37731596070448E-01
 2.00015811272859E+03	-2.29119106357362E-01
 2.00016085062862E+03	-1.76973038505192E-01
 2.00016358852865E+03	-8.65648790097877E-02
 2.00016632642868E+03	 2.85878706773384E-02
 2.00016906432871E+03	 1.51956440066668E-01
 2.00017180222874E+03	 2.66554008503396E-01
 2.00017454012877E+03	 3.54637178174114E-01
 2.00017727802880E+03	 3.97776083931125E-01
 2.00018001592884E+03	 3.80756698377798E-01
 2.00018275382887E+03	 2.99636489598554E-01
 2.00018549172890E+03	 1.68634081444683E-01
 2.00018822962893E+03	 1.86046157168066E-02
 2.00019096752896E+03	-1.13773453275612E-01
 2.00019370542899E+03	-1.98488642925281E-01
 2.00019644332902E+03	-2.18411645978847E-01
 2.00019918122905E+03	-1.69326247046241E-01
 2.00020191912908E+03	-6.01278714331890E-02
 2.00020465702911E+03	 8.38350106273608E-02
 2.00020739492914E+03	 2.20592905254756E-01
 2.00021013282917E+03	 3.03751855236807E-01
 2.00021287072920E+03	 3.05131696922991E-01
 2.00021560862924E+03	 2.30725940567360E-01
 2.00021834652927E+03	 1.13999561867876E-01
 2.00022108442930E+03	-8.13543286119101E-03
 2.00022382232933E+03	-1.13777118736007E-01
 2.00022656022936E+03	-1.94714837301586E-01
 2.00022929812939E+03	-2.44616050146562E-01
 2.00023203602942E+03	-2.54272715190701E-01
 2.00023477392945E+03	-2.17757165037622E-01
 2.00023751182948E+03	-1.39353941656741E-01
 2.00024024972951E+03	-3.27280697023249E-02
 2.00024298762954E+03	 8.62114586023467E-02
 2.00024572552957E+03	 2.05228986954577E-01
 2.00024846342960E+03	 3.14030188064944E-01
 2.00025120132964E+03	 3.96030801990268E-01
 2.00025393922967E+03	 4.24704577365611E-01
 2.00025667712970E+03	 3.75414309829902E-01
 2.00025941502973E+03	 2.46952503947946E-01
 2.00026215292976E+03	 7.14965795333279E-02
 2.00026489082979E+03	-9.95248325046704E-02
 2.00026762872982E+03	-2.20877475954851E-01
 2.00027036662985E+03	-2.68064819994691E-01
 2.00027310452988E+03	-2.35913914576871E-01
 2.00027584242991E+03	-1.34232336544904E-01
 2.00027858032994E+03	 1.07121424242307E-02
 2.00028131822997E+03	 1.56320652655968E-01
 2.00028405613000E+03	 2.56086079294704E-01
 2.00028679403003E+03	 2.80867481702605E-01
 2.00028953193007E+03	 2.32449788574326E-01
 2.00029226983010E+03	 1.37251441033023E-01
 2.00029500773013E+03	 2.62768717342977E-02
 2.00029774563016E+03	-8.01736144359791E-02
 2.00030048353019E+03	-1.71888428913052E-01
 2.00030322143022E+03	-2.39325820409932E-01
 2.00030595933025E+03	-2.69803859224249E-01
 2.00030869723028E+03	-2.53470646663940E-01
 2.00031143513031E+03	-1.91126772888437E-01
 2.00031417303034E+03	-9.56498637399662E-02
 2.00031691093037E+03	 1.43467178654055E-02
 2.00031964883040E+03	 1.24372936986084E-01
 2.00032238673043E+03	 2.29118882902449E-01
 2.00032512463047E+03	 3.24928794724044E-01
 2.00032786253050E+03	 3.94560044543308E-01
 2.00033060043053E+03	 4.04287368179810E-01
 2.00033333833056E+03	 3.25980719024665E-01
 2.00033607623059E+03	 1.66630620977383E-01
 2.00033881413062E+03	-2.67716759739971E-02
 2.00034155203065E+03	-1.93652728439623E-01
 2.00034428993068E+03	-2.90214220355842E-01
 2.00034702783071E+03	-2.98772728785877E-01
 2.00034976573074E+03	-2.22261568953604E-01
 2.00035250363077E+03	-8.31170179416173E-02
 2.00035524153080E+03	 7.40039470541147E-02
 2.00035797943083E+03	 1.93183967987386E-01
 2.00036071733087E+03	 2.34945401521326E-01
 2.00036345523090E+03	 1.98099623021689E-01
 2.00036619313093E+03	 1.13623186021212E-01
 2.00036893103096E+03	 1.68358099561864E-02
 2.00037166893099E+03	-7.41806815364342E-02
 2.00037440683102E+03	-1.56328473903244E-01
 2.00037714473105E+03	-2.25523912188597E-01
 2.00037988263108E+03	-2.68626251404226E-01
 2.00038262053111E+03	-2.70414018698346E-01
 2.00038535843114E+03	-2.25010524815719E-01
 2.00038809633117E+03	-1.40648830092200E-01
 2.00039083423120E+03	-3.62042787008317E-02
 2.00039357213123E+03	 6.79425774906286E-02
 2.00039631003126E+03	 1.60807063457618E-01
 2.00039904793130E+03	 2.43814908931621E-01
 2.00040178583133E+03	 3.17672714327252E-01
 2.00040452373136E+03	 3.63979706549096E-01
 2.00040726163139E+03	 3.47367284464427E-01
 2.00040999953142E+03	 2.45115766780707E-01
 2.00041273743145E+03	 7.53650740818529E-02
 2.00041547533148E+03	-1.07996789933742E-01
 2.00041821323151E+03	-2.47501305296246E-01
 2.00042095113154E+03	-3.07153418892855E-01
 2.00042368903157E+03	-2.74960012340477E-01
 2.00042642693160E+03	-1.60097281963670E-01
 2.00042916483163E+03	 1.41726662886093E-03
 2.00043190273166E+03	 1.47932903443756E-01
 2.00043464063170E+03	 2.19218864950224E-01
 2.00043737853173E+03	 1.94573727630105E-01
 2.00044011643176E+03	 1.03903182532170E-01
 2.00044285433179E+03	-1.87650817606573E-03
 2.00044559223182E+03	-9.06132494802203E-02
 2.00044833013185E+03	-1.60104323886189E-01
 2.00045106803188E+03	-2.17902971368768E-01
 2.00045380593191E+03	-2.59975790556953E-01
 2.00045654383194E+03	-2.70912373557191E-01
 2.00045928173197E+03	-2.38481081112952E-01
 2.00046201963200E+03	-1.63831489478950E-01
 2.00046475753203E+03	-6.14499207371120E-02
 2.00046749543206E+03	 4.65984137576441E-02
 2.00047023333210E+03	 1.40223391102355E-01
 2.00047297123213E+03	 2.11895336094430E-01
 2.00047570913216E+03	 2.66997346902582E-01
 2.00047844703219E+03	 3.07681240524306E-01
 2.00048118493222E+03	 3.16802651987525E-01
 2.00048392283225E+03	 2.66370980147516E-01
 2.00048666073228E+03	 1.47282799193883E-01
 2.00048939863231E+03	-1.24668199977502E-02
 2.00049213653234E+03	-1.61880210672274E-01
 2.00049487443237E+03	-2.55472337754357E-01
 2.00049761233240E+03	-2.67404657106419E-01
 2.00050035023243E+03	-1.91034659772892E-01
 2.00050308813246E+03	-4.36960205599466E-02
 2.00050582603249E+03	 1.23843750945686E-01
 2.00050856393253E+03	 2.39229389236587E-01
 2.00051130183256E+03	 2.50343258290323E-01
 2.00051403973259E+03	 1.62705181407822E-01
 2.00051677763262E+03	 3.14947297861978E-02
 2.00051951553265E+03	-8.58305711573466E-02
 2.00052225343268E+03	-1.67404986701889E-01
 2.00052499133271E+03	-2.21896257017556E-01
 2.00052772923274E+03	-2.58386004977554E-01
 2.00053046713277E+03	-2.70261500191953E-01
 2.00053320503280E+03	-2.44541616828213E-01
 2.00053594293283E+03	-1.76982877214715E-01
 2.00053868083286E+03	-7.64047794360767E-02
 2.00054141873289E+03	 3.88762620896948E-02
 2.00054415663293E+03	 1.46229507007187E-01
 2.00054689453296E+03	 2.26954466052243E-01
 2.00054963243299E+03	 2.75214117135580E-01
 2.00055237033302E+03	 2.96329825096627E-01
 2.00055510823305E+03	 2.92350936629334E-01
 2.00055784613308E+03	 2.52760345965456E-01
 2.00056058403311E+03	 1.66019001551004E-01
 2.00056332193314E+03	 4.04219810933142E-02
 2.00056605983317E+03	-9.14491048400716E-02
 2.00056879773320E+03	-1.89649155850498E-01
 2.00057153563323E+03	-2.24554073563163E-01
 2.00057427353326E+03	-1.81167657798116E-01
 2.00057701143329E+03	-6.10233617037352E-02
 2.00057974933333E+03	 1.06492258798218E-01
 2.00058248723336E+03	 2.58679731075145E-01
 2.00058522513339E+03	 3.24772950831724E-01
 2.00058796303342E+03	 2.73111742588231E-01
 2.00059070093345E+03	 1.35377707918311E-01
 2.00059343883348E+03	-2.07539727818366E-02
 2.00059617673351E+03	-1.43584458617606E-01
 2.00059891463354E+03	-2.21846045076520E-01
 2.00060165253357E+03	-2.66296422969838E-01
 2.00060439043360E+03	-2.81458954928139E-01
 2.00060712833363E+03	-2.60392522752032E-01
 2.00060986623366E+03	-1.98083075640501E-01
 2.00061260413369E+03	-1.00403479247567E-01
 2.00061534203373E+03	 1.81656117498496E-02
 2.00061807993376E+03	 1.38722107906212E-01
 2.00062081783379E+03	 2.40517006096775E-01
 2.00062355573382E+03	 3.06516492813069E-01
 2.00062629363385E+03	 3.29749754327692E-01
 2.00062903153388E+03	 3.12002317633485E-01
 2.00063176943391E+03	 2.56263609391577E-01
 2.00063450733394E+03	 1.65003289056889E-01
 2.00063724523397E+03	 4.81778633169653E-02
 2.00063998313400E+03	-7.08548482111610E-02
 2.00064272103403E+03	-1.61787915621367E-01
 2.00064545893406E+03	-1.99700747770016E-01
 2.00064819683409E+03	-1.70786620225915E-01
 2.00065093473412E+03	-7.25732816382702E-02
 2.00065367263416E+03	 8.00221845991717E-02
 2.00065641053419E+03	 2.44330018216524E-01
 2.00065914843422E+03	 3.55640931673975E-01
 2.00066188633425E+03	 3.60616939580403E-01
 2.00066462423428E+03	 2.55322192568993E-01
 2.00066736213431E+03	 8.89390948545843E-02
 2.00067010003434E+03	-7.39632205979524E-02
 2.00067283793437E+03	-1.94951770463328E-01
 2.00067557583440E+03	-2.68781792085833E-01
 2.00067831373443E+03	-3.01154571809434E-01
 2.00068105163446E+03	-2.91597616053554E-01
 2.00068378953449E+03	-2.37660076491802E-01
 2.00068652743452E+03	-1.45184597365394E-01
 2.00068926533456E+03	-2.83467434440558E-02
 2.00069200323459E+03	 9.65690806109312E-02
 2.00069474113462E+03	 2.13369609416939E-01
 2.00069747903465E+03	 3.04964036315331E-01
 2.00070021693468E+03	 3.55194888582136E-01
 2.00070295483471E+03	 3.53003132811351E-01
 2.00070569273474E+03	 2.95377305174825E-01
 2.00070843063477E+03	 1.89588316316350E-01
 2.00071116853480E+03	 5.52988987167208E-02
 2.00071390643483E+03	-7.75396669660110E-02
 2.00071664433486E+03	-1.77492185915709E-01
 2.00071938223489E+03	-2.21582356131360E-01
 2.00072212013492E+03	-1.99132056126244E-01
 2.00072485803496E+03	-1.10750523520646E-01
 2.00072759593499E+03	 2.99829829183763E-02
 2.00073033383502E+03	 1.90768537660585E-01
 2.00073307173505E+03	 3.21124604891190E-01
 2.00073580963508E+03	 3.70094431879691E-01
 2.00073854753511E+03	 3.15059205942741E-01
 2.00074128543514E+03	 1.77773136589167E-01
 2.00074402333517E+03	 9.86197632629167E-03
 2.00074676123520E+03	-1.40403408036479E-01
 2.00074949913523E+03	-2.49084155163007E-01
 2.00075223703526E+03	-3.11012402625997E-01
 2.00075497493529E+03	-3.24460382227914E-01
 2.00075771283532E+03	-2.87700264452364E-01
 2.00076045073535E+03	-2.06284406734232E-01
 2.00076318863539E+03	-9.54635254487050E-02
 2.00076592653542E+03	 2.67572735850066E-02
 2.00076866443545E+03	 1.46152389030836E-01
 2.00077140233548E+03	 2.51447417173747E-01
 2.00077414023551E+03	 3.29612362649351E-01
 2.00077687813554E+03	 3.63735797340596E-01
 2.00077961603557E+03	 3.37164389889413E-01
 2.00078235393560E+03	 2.44016548075323E-01
 2.00078509183563E+03	 9.97338786133201E-02
 2.00078782973566E+03	-5.94006108908885E-02
 2.00079056763569E+03	-1.90910938811536E-01
 2.00079330553572E+03	-2.63094825974453E-01
 2.00079604343575E+03	-2.61234046045943E-01
 2.00079878133579E+03	-1.85258981553295E-01
 2.00080151923582E+03	-5.00333403734400E-02
 2.00080425713585E+03	 1.10771499151746E-01
 2.00080699503588E+03	 2.48485329105430E-01
 2.00080973293591E+03	 3.17148249709753E-01
 2.00081247083594E+03	 2.95378668317569E-01
 2.00081520873597E+03	 1.95725200508798E-01
 2.00081794663600E+03	 5.42898181997730E-02
 2.00082068453603E+03	-9.04029375912352E-02
 2.00082342243606E+03	-2.12327401668159E-01
 2.00082616033609E+03	-2.97805683501922E-01
 2.00082889823612E+03	-3.37716770553491E-01
 2.00083163613615E+03	-3.25417736365242E-01
 2.00083437403619E+03	-2.62560133918468E-01
 2.00083711193622E+03	-1.62781985551976E-01
 2.00083984983625E+03	-4.63716160570374E-02
 2.00084258773628E+03	 6.91843998413194E-02
 2.00084532563631E+03	 1.73880360372428E-01
 2.00084806353634E+03	 2.61844728358421E-01
 2.00085080143637E+03	 3.23248320274299E-01
 2.00085353933640E+03	 3.39354697984159E-01
 2.00085627723643E+03	 2.89593547349438E-01
 2.00085901513646E+03	 1.69914640391820E-01
 2.00086175303649E+03	 5.95091719633914E-03
 2.00086449093652E+03	-1.55300021067657E-01
 2.00086722883655E+03	-2.68896026847433E-01
 2.00086996673658E+03	-3.07825685621551E-01
 2.00087270463662E+03	-2.63056700397464E-01
 2.00087544253665E+03	-1.42315773450907E-01
 2.00087818043668E+03	 2.29400897304675E-02
 2.00088091833671E+03	 1.77093683337797E-01
 2.00088365623674E+03	 2.62769927803728E-01
 2.00088639413677E+03	 2.53707166454509E-01
 2.00088913203680E+03	 1.67182756067388E-01
 2.00089186993683E+03	 4.44635716970817E-02
 2.00089460783686E+03	-7.92427825234040E-02
 2.00089734573689E+03	-1.87423334127061E-01
 2.00090008363692E+03	-2.73198912881676E-01
 2.00090282153695E+03	-3.26741799638782E-01
 2.00090555943698E+03	-3.35169251318327E-01
 2.00090829733702E+03	-2.92560275111368E-01
 2.00091103523705E+03	-2.06974377234890E-01
 2.00091377313708E+03	-9.74470175106943E-02
 2.00091651103711E+03	 1.50564747846270E-02
 2.00091924893714E+03	 1.15744398493822E-01
 2.00092198683717E+03	 1.98925070679410E-01
 2.00092472473720E+03	 2.63270240249371E-01
 2.00092746263723E+03	 3.01192178662534E-01
 2.00093020053726E+03	 2.93461137735572E-01
 2.00093293843729E+03	 2.20932717128670E-01
 2.00093567633732E+03	 8.67793531728341E-02
 2.00093841423735E+03	-7.48448400752743E-02
 2.00094115213738E+03	-2.15489383149368E-01
 2.00094389003742E+03	-2.96228744531484E-01
 2.00094662793745E+03	-2.95814428517923E-01
 2.00094936583748E+03	-2.08305469082236E-01
 2.00095210373751E+03	-5.03437125995016E-02
 2.00095484163754E+03	 1.26569845656682E-01
 2.00095757953757E+03	 2.48260724543997E-01
 2.00096031743760E+03	 2.61733711746709E-01
 2.00096305533763E+03	 1.72580233239280E-01
 2.00096579323766E+03	 3.52487771681076E-02
 2.00096853113769E+03	-9.41038237306821E-02
 2.00097126903772E+03	-1.92668390952249E-01
 2.00097400693775E+03	-2.64510712539701E-01
 2.00097674483778E+03	-3.12846266761336E-01
 2.00097948273782E+03	-3.27733255796883E-01
 2.00098222063785E+03	-2.97378369257539E-01
 2.00098495853788E+03	-2.22610215602239E-01
 2.00098769643791E+03	-1.18225032279932E-01
 2.00099043433794E+03	-5.02618726072662E-03
 2.00099317223797E+03	 9.78284697404832E-02
 2.00099591013800E+03	 1.78191489528706E-01
 2.00099864803803E+03	 2.33499249613480E-01
 2.00100138593806E+03	 2.65640685258751E-01
 2.00100412383809E+03	 2.69499302577909E-01
 2.00100686173812E+03	 2.29738661104818E-01
 2.00100959963815E+03	 1.35834400843549E-01
 2.00101233753818E+03	 1.30072257583113E-03
 2.00101507543821E+03	-1.36620857528907E-01
 2.00101781333825E+03	-2.37082154287032E-01
 2.00102055123828E+03	-2.71529621507570E-01
 2.00102328913831E+03	-2.23757319310917E-01
 2.00102602703834E+03	-9.19798554111968E-02
 2.00102876493837E+03	 9.35389283884270E-02
 2.00103150283840E+03	 2.60922605594473E-01
 2.00103424073843E+03	 3.28068284232670E-01
 2.00103697863846E+03	 2.61070678819135E-01
 2.00103971653849E+03	 1.01375959138198E-01
 2.00104245443852E+03	-7.09350956926550E-02
 2.00104519233855E+03	-1.99711670943207E-01
 2.00104793023858E+03	-2.77576881666873E-01
 2.00105066813861E+03	-3.19810594443797E-01
 2.00105340603865E+03	-3.31051629792881E-01
 2.00105614393868E+03	-3.02644320906270E-01
 2.00105888183871E+03	-2.30950302991541E-01
 2.00106161973874E+03	-1.26795045542647E-01
 2.00106435763877E+03	-9.16412258529731E-03
 2.00106709553880E+03	 1.02654850737345E-01
 2.00106983343883E+03	 1.91939153773691E-01
 2.00107257133886E+03	 2.48009456549605E-01
 2.00107530923889E+03	 2.69756030665456E-01
 2.00107804713892E+03	 2.61105621377143E-01
 2.00108078503895E+03	 2.21242907275886E-01
 2.00108352293898E+03	 1.44705269298480E-01
 2.00108626083901E+03	 3.51170551452815E-02
 2.00108899873905E+03	-8.49138023899208E-02
 2.00109173663908E+03	-1.82206963147764E-01
 2.00109447453911E+03	-2.29013627541266E-01
 2.00109721243914E+03	-2.07617897364091E-01
 2.00109995033917E+03	-1.07630136804813E-01
 2.00110268823920E+03	 6.32422504234205E-02
 2.00110542613923E+03	 2.57383995175425E-01
 2.00110816403926E+03	 3.90068016679812E-01
 2.00111090193929E+03	 3.87991320021776E-01
 2.00111363983932E+03	 2.47031010400700E-01
 2.00111637773935E+03	 3.75993481998651E-02
 2.00111911563938E+03	-1.52322803118445E-01
 2.00112185353941E+03	-2.77261000037540E-01
 2.00112459143944E+03	-3.40494420748799E-01
 2.00112732933948E+03	-3.57725180150399E-01
 2.00113006723951E+03	-3.31737751559359E-01
 2.00113280513954E+03	-2.60582958794588E-01
 2.00113554303957E+03	-1.53505572581991E-01
 2.00113828093960E+03	-2.96299286654711E-02
 2.00114101883963E+03	 9.24460216008979E-02
 2.00114375673966E+03	 1.97230285586349E-01
 2.00114649463969E+03	 2.69990844629356E-01
 2.00114923253972E+03	 3.00047179627988E-01
 2.00115197043975E+03	 2.85926539677840E-01
 2.00115470833978E+03	 2.32929056123182E-01
 2.00115744623981E+03	 1.47346620721488E-01
 2.00116018413984E+03	 3.82559010582568E-02
 2.00116292203988E+03	-7.58375238608686E-02
 2.00116565993991E+03	-1.68482302626346E-01
 2.00116839783994E+03	-2.16084235234770E-01
 2.00117113573997E+03	-2.04511140075610E-01
 2.00117387364000E+03	-1.25941804982646E-01
 2.00117661154003E+03	 2.00828207435659E-02
 2.00117934944006E+03	 2.10144665608167E-01
 2.00118208734009E+03	 3.82409546251456E-01
 2.00118482524012E+03	 4.55859186898871E-01
 2.00118756314015E+03	 3.83381527992532E-01
 2.00119030104018E+03	 1.91748821139694E-01
 2.00119303894021E+03	-3.64078532720480E-02
 2.00119577684024E+03	-2.23350654912265E-01
 2.00119851474028E+03	-3.38212400008680E-01
 2.00120125264031E+03	-3.86706380407336E-01
 2.00120399054034E+03	-3.78565779707114E-01
 2.00120672844037E+03	-3.17184628412503E-01
 2.00120946634040E+03	-2.12129913686254E-01
 2.00121220424043E+03	-8.44706381077466E-02
 2.00121494214046E+03	 4.42528955214836E-02
 2.00121768004049E+03	 1.60265480502811E-01
 2.00122041794052E+03	 2.52580836660610E-01
 2.00122315584055E+03	 3.07474856721786E-01
 2.00122589374058E+03	 3.12881855657919E-01
 2.00122863164061E+03	 2.65576503959732E-01
 2.00123136954064E+03	 1.72612880530892E-01
 2.00123410744067E+03	 4.99468332244089E-02
 2.00123684534071E+03	-7.81264451818861E-02
 2.00123958324074E+03	-1.82917625926816E-01
 2.00124232114077E+03	-2.40439251046877E-01
 2.00124505904080E+03	-2.37847413298317E-01
 2.00124779694083E+03	-1.71558939622079E-01
 2.00125053484085E+03	-4.44256077600469E-02
 2.00125327274089E+03	 1.27497459787874E-01
 2.00125601064092E+03	 3.03081600060536E-01
 2.00125874854095E+03	 4.18860690193140E-01
 2.00126148644098E+03	 4.18424984619630E-01
 2.00126422434101E+03	 2.91246451880181E-01
 2.00126696224104E+03	 8.45106278912342E-02
 2.00126970014107E+03	-1.27850292263342E-01
 2.00127243804111E+03	-2.90620313990757E-01
 2.00127517594114E+03	-3.84946467208512E-01
 2.00127791384117E+03	-4.12184047306712E-01
 2.00128065174120E+03	-3.76148540878139E-01
 2.00128338964123E+03	-2.85555975828596E-01
 2.00128612754126E+03	-1.61722397980311E-01
 2.00128886544129E+03	-3.12662338229884E-02
 2.00129160334132E+03	 8.82414125411423E-02
 2.00129434124135E+03	 1.89686987989780E-01
 2.00129707914138E+03	 2.65579430918648E-01
 2.00129981704141E+03	 3.02186966113194E-01
 2.00130255494144E+03	 2.85457934554133E-01
 2.00130529284147E+03	 2.10656205532764E-01
 2.00130803074151E+03	 8.84119699936975E-02
 2.00131076864154E+03	-5.47786789942233E-02
 2.00131350654157E+03	-1.83623104968730E-01
 2.00131624444160E+03	-2.66962627195284E-01
 2.00131898234163E+03	-2.86923734781162E-01
 2.00132172024166E+03	-2.38108900737809E-01
 2.00132445814169E+03	-1.24552883726011E-01
 2.00132719604172E+03	 3.57960158510207E-02
 2.00132993394175E+03	 2.04439169480165E-01
 2.00133267184178E+03	 3.28166684327423E-01
 2.00133540974181E+03	 3.60862024111962E-01
 2.00133814764184E+03	 2.87518443125141E-01
 2.00134088554187E+03	 1.32520783841936E-01
 2.00134362344191E+03	-5.45055606536252E-02
 2.00134636134194E+03	-2.24684099847654E-01
 2.00134909924197E+03	-3.47548725228536E-01
 2.00135183714200E+03	-4.09951252878095E-01
 2.00135457504203E+03	-4.06997733660027E-01
 2.00135731294206E+03	-3.41592643315316E-01
 2.00136005084209E+03	-2.30803164691615E-01
 2.00136278874212E+03	-1.03018437583407E-01
 2.00136552664215E+03	 1.70467438729304E-02
 2.00136826454218E+03	 1.18861421131299E-01
 2.00137100244221E+03	 2.00502022664521E-01
 2.00137374034224E+03	 2.56191320320226E-01
 2.00137647824227E+03	 2.72064910006620E-01
 2.00137921614230E+03	 2.33372272858796E-01
 2.00138195404234E+03	 1.36635058678850E-01
 2.00138469194237E+03	-1.36840868158394E-03
 2.00138742984240E+03	-1.45668370787201E-01
 2.00139016774243E+03	-2.57721078997931E-01
 2.00139290564246E+03	-3.10666293876001E-01
 2.00139564354249E+03	-2.91954244506812E-01
 2.00139838144252E+03	-1.99016848300597E-01
 2.00140111934255E+03	-4.45992207435212E-02
 2.00140385724258E+03	 1.31138389996861E-01
 2.00140659514261E+03	 2.66091869154628E-01
 2.00140933304264E+03	 3.08107394300692E-01
 2.00141207094267E+03	 2.46747989607435E-01
 2.00141480884270E+03	 1.13968449979515E-01
 2.00141754674274E+03	-4.35256442750616E-02
 2.00142028464277E+03	-1.90503503004648E-01
 2.00142302254280E+03	-3.07989609722145E-01
 2.00142576044283E+03	-3.83352734324335E-01
 2.00142849834286E+03	-4.04009460037237E-01
 2.00143123624289E+03	-3.63062278320778E-01
 2.00143397414292E+03	-2.69128941554374E-01
 2.00143671204295E+03	-1.46932977723080E-01
 2.00143944994298E+03	-2.50372239318910E-02
 2.00144218784301E+03	 7.83670209432345E-02
 2.00144492574304E+03	 1.58588052037954E-01
 2.00144766364307E+03	 2.15820612919338E-01
 2.00145040154310E+03	 2.45078242184840E-01
 2.00145313944314E+03	 2.33977780900690E-01
 2.00145587734317E+03	 1.70688816742747E-01
 2.00145861524320E+03	 5.74691570586480E-02
 2.00146135314323E+03	-8.14766262547893E-02
 2.00146409104326E+03	-2.08090505789101E-01
 2.00146682894329E+03	-2.88802010296531E-01
 2.00146956684332E+03	-3.03901741245150E-01
 2.00147230474335E+03	-2.42606189564962E-01
 2.00147504264338E+03	-1.03811963940832E-01
 2.00147778054341E+03	 8.49663408864116E-02
 2.00148051844344E+03	 2.56008036987937E-01
 2.00148325634347E+03	 3.30676313204710E-01
 2.00148599424350E+03	 2.74964744204981E-01
 2.00148873214353E+03	 1.24463990098203E-01
 2.00149147004357E+03	-4.96241111538547E-02
 2.00149420794360E+03	-1.95354245731680E-01
 2.00149694584363E+03	-2.99863729168156E-01
 2.00149968374366E+03	-3.66990952326091E-01
 2.00150242164369E+03	-3.92065792079703E-01
 2.00150515954372E+03	-3.63550284178884E-01
 2.00150789744375E+03	-2.81014579634848E-01
 2.00151063534378E+03	-1.63089112056143E-01
 2.00151337324381E+03	-3.76896906161774E-02
 2.00151611114384E+03	 7.24709269370897E-02
 2.00151884904387E+03	 1.56234481381468E-01
 2.00152158694390E+03	 2.11296827742014E-01
 2.00152432484393E+03	 2.37752471444014E-01
 2.00152706274397E+03	 2.32250147189764E-01
 2.00152980064400E+03	 1.87106638138784E-01
 2.00153253854403E+03	 9.82219485514078E-02
 2.00153527644406E+03	-2.28260570159412E-02
 2.00153801434409E+03	-1.46506194260352E-01
 2.00154075224412E+03	-2.39046312445777E-01
 2.00154349014415E+03	-2.77264282391999E-01
 2.00154622804418E+03	-2.47394453048590E-01
 2.00154896594421E+03	-1.38147074944999E-01
 2.00155170384424E+03	 4.57706720235897E-02
 2.00155444174427E+03	 2.54882030539279E-01
 2.00155717964430E+03	 3.96496578114140E-01
 2.00155991754433E+03	 3.91285860722770E-01
 2.00156265544437E+03	 2.38362096191465E-01
 2.00156539334440E+03	 1.70076820526895E-02
 2.00156813124443E+03	-1.80078661200169E-01
 2.00157086914446E+03	-3.09885095243216E-01
 2.00157360704449E+03	-3.78985787874923E-01
 2.00157634494452E+03	-4.01259709120153E-01
 2.00157908284455E+03	-3.74377209332175E-01
 2.00158182074458E+03	-2.94306102478328E-01
 2.00158455864461E+03	-1.74702173254815E-01
 2.00158729654464E+03	-4.30031953020158E-02
 2.00159003444467E+03	 7.64327324726481E-02
 2.00159277234470E+03	 1.69913502415947E-01
 2.00159551024473E+03	 2.30836283847355E-01
 2.00159824814476E+03	 2.56140891806440E-01
 2.00160098604480E+03	 2.45520899953584E-01
 2.00160372394483E+03	 1.99382084263809E-01
 2.00160646184486E+03	 1.18368801925987E-01
 2.00160919974489E+03	 9.80030339359058E-03
 2.00161193764492E+03	-1.05429823153898E-01
 2.00161467554495E+03	-1.98073806488102E-01
 2.00161741344498E+03	-2.44980610428919E-01
 2.00162015134501E+03	-2.34086743868823E-01
 2.00162288924504E+03	-1.54944535179500E-01
 2.00162562714507E+03	 1.78329041770241E-03
 2.00162836504510E+03	 2.17630851140962E-01
 2.00163110294513E+03	 4.19772525189575E-01
 2.00163384084516E+03	 5.04728765395578E-01
 2.00163657874520E+03	 4.12664375291953E-01
 2.00163931664523E+03	 1.81703882000999E-01
 2.00164205454526E+03	-8.07152509807674E-02
 2.00164479244529E+03	-2.81725081622199E-01
 2.00164753034532E+03	-3.93892877069618E-01
 2.00165026824535E+03	-4.33254112918859E-01
 2.00165300614538E+03	-4.13344133066184E-01
 2.00165574404541E+03	-3.35639093466027E-01
 2.00165848194544E+03	-2.11275342719176E-01
 2.00166121984547E+03	-6.92207551100437E-02
 2.00166395774550E+03	 6.12798597401039E-02
 2.00166669564553E+03	 1.65560681959996E-01
 2.00166943354556E+03	 2.38379164894392E-01
 2.00167217144560E+03	 2.73932793640993E-01
 2.00167490934563E+03	 2.66747520170090E-01
 2.00167764724566E+03	 2.17190143416783E-01
 2.00168038514569E+03	 1.31732495335242E-01
 2.00168312304572E+03	 2.19160921523858E-02
 2.00168586094575E+03	-9.30578888752735E-02
 2.00168859884578E+03	-1.87292189164273E-01
 2.00169133674581E+03	-2.38343683685898E-01
 2.00169407464584E+03	-2.35734224464975E-01
 2.00169681254587E+03	-1.75309060372804E-01
 2.00169955044590E+03	-4.96652028292986E-02
 2.00170228834593E+03	 1.41119097646229E-01
 2.00170502624596E+03	 3.59060508571432E-01
 2.00170776414600E+03	 5.17736720960447E-01
 2.00171050204603E+03	 5.25962783919819E-01
 2.00171323994606E+03	 3.59324653962869E-01
 2.00171597784609E+03	 8.71778146956090E-02
 2.00171871574612E+03	-1.79066811727243E-01
 2.00172145364615E+03	-3.63862487131213E-01
 2.00172419154618E+03	-4.53723237075630E-01
 2.00172692944621E+03	-4.63462043412468E-01
 2.00172966734624E+03	-4.02914219863189E-01
 2.00173240524627E+03	-2.82875839880274E-01
 2.00173514314630E+03	-1.32183489092240E-01
 2.00173788104633E+03	 1.17732940012085E-02
 2.00174061894636E+03	 1.27046459474803E-01
 2.00174335684639E+03	 2.10827921053252E-01
 2.00174609474643E+03	 2.62300850367973E-01
 2.00174883264646E+03	 2.72971761301518E-01
 2.00175157054649E+03	 2.34904578896086E-01
 2.00175430844652E+03	 1.50851861899987E-01
 2.00175704634655E+03	 3.51695433609908E-02
 2.00175978424658E+03	-8.93026042144530E-02
 2.00176252214661E+03	-1.94980005277170E-01
 2.00176526004664E+03	-2.57608745105736E-01
 2.00176799794667E+03	-2.65094249919870E-01
 2.00177073584670E+03	-2.16310397559924E-01
 2.00177347374673E+03	-1.11317866495412E-01
 2.00177621164676E+03	 4.94469725624072E-02
 2.00177894954679E+03	 2.47320420592148E-01
 2.00178168744683E+03	 4.27044278980068E-01
 2.00178442534686E+03	 5.09017577264230E-01
 2.00178716324689E+03	 4.37650930875088E-01
 2.00178990114692E+03	 2.27557287594181E-01
 2.00179263904695E+03	-4.05641077824839E-02
 2.00179537694698E+03	-2.75155710590243E-01
 2.00179811484701E+03	-4.25767397306375E-01
 2.00180085274704E+03	-4.85675541564266E-01
 2.00180359064707E+03	-4.62501662400029E-01
 2.00180632854710E+03	-3.65729392643976E-01
 2.00180906644713E+03	-2.19517008846948E-01
 2.00181180434716E+03	-6.50438156789248E-02
 2.00181454224719E+03	 6.30590399898425E-02
 2.00181728014723E+03	 1.55828788466447E-01
 2.00182001804726E+03	 2.19096822171097E-01
 2.00182275594729E+03	 2.51086505429208E-01
 2.00182549384732E+03	 2.39069114999159E-01
 2.00182823174735E+03	 1.74390408619125E-01
 2.00183096964738E+03	 6.44161735277827E-02
 2.00183370754741E+03	-6.76835937032865E-02
 2.00183644544744E+03	-1.90247134168605E-01
 2.00183918334747E+03	-2.73778386671753E-01
 2.00184192124750E+03	-3.01109658314162E-01
 2.00184465914753E+03	-2.68686421932595E-01
 2.00184739704756E+03	-1.78622107202815E-01
 2.00185013494759E+03	-3.55916046441076E-02
 2.00185287284762E+03	 1.42465169329905E-01
 2.00185561074766E+03	 3.12719263249911E-01
 2.00185834864769E+03	 4.15127437539724E-01
 2.00186108654772E+03	 4.01414329847627E-01
 2.00186382444775E+03	 2.65341258258447E-01
 2.00186656234778E+03	 4.98996515351119E-02
 2.00186930024781E+03	-1.76386765890434E-01
 2.00187203814784E+03	-3.55662974336032E-01
 2.00187477604787E+03	-4.59363847522206E-01
 2.00187751394790E+03	-4.80208531579073E-01
 2.00188025184793E+03	-4.20208806016900E-01
 2.00188298974796E+03	-2.95022767875844E-01
 2.00188572764799E+03	-1.41029607693603E-01
 2.00188846554802E+03	-1.07681315876916E-03
 2.00189120344806E+03	 1.01991351485691E-01
 2.00189394134809E+03	 1.71329939240671E-01
 2.00189667924812E+03	 2.14991293192247E-01
 2.00189941714815E+03	 2.26891511955136E-01
 2.00190215504818E+03	 1.91902199029427E-01
 2.00190489294821E+03	 1.04298174688044E-01
 2.00190763084824E+03	-2.14882931049845E-02
 2.00191036874827E+03	-1.54298113866267E-01
 2.00191310664830E+03	-2.59161722646314E-01
 2.00191584454833E+03	-3.11707846198597E-01
 2.00191858244836E+03	-3.03132419819839E-01
 2.00192132034839E+03	-2.32451823932680E-01
 2.00192405824842E+03	-1.01320166436210E-01
 2.00192679614846E+03	 7.39072269916916E-02
 2.00192953404849E+03	 2.47285396215834E-01
 2.00193227194852E+03	 3.54754041791804E-01
 2.00193500984855E+03	 3.51550320195222E-01
 2.00193774774858E+03	 2.40059086974855E-01
 2.00194048564861E+03	 6.23572882532548E-02
 2.00194322354864E+03	-1.29360659189806E-01
 2.00194596144867E+03	-2.95050328440794E-01
 2.00194869934870E+03	-4.09970379643791E-01
 2.00195143724873E+03	-4.58125636932661E-01
 2.00195417514876E+03	-4.30136441807351E-01
 2.00195691304879E+03	-3.30759304925128E-01
 2.00195965094882E+03	-1.86886185336864E-01
 2.00196238884885E+03	-4.03948225182291E-02
 2.00196512674889E+03	 7.49327507089617E-02
 2.00196786464892E+03	 1.50641695598546E-01
 2.00197060254895E+03	 1.96023475829595E-01
 2.00197334044898E+03	 2.16064295454636E-01
 2.00197607834901E+03	 2.01462081538782E-01
 2.00197881624904E+03	 1.39727871242973E-01
 2.00198155414907E+03	 3.25999541477369E-02
 2.00198429204910E+03	-9.71175798048336E-02
 2.00198702994913E+03	-2.14006277119243E-01
 2.00198976784916E+03	-2.87271502087395E-01
 2.00199250574919E+03	-3.02257976537142E-01
 2.00199524364922E+03	-2.55090037908586E-01
 2.00199798154925E+03	-1.41565806314802E-01
 2.00200071944929E+03	 3.41520525898155E-02
 2.00200345734932E+03	 2.32654975137025E-01
 2.00200619524935E+03	 3.75525957898448E-01
 2.00200893314938E+03	 3.90929577937774E-01
 2.00201167104941E+03	 2.70222623011324E-01
 2.00201440894944E+03	 7.28739489927518E-02
 2.00201714684947E+03	-1.25203001262098E-01
 2.00201988474950E+03	-2.80905187006516E-01
 2.00202262264953E+03	-3.85381599898157E-01
 2.00202536054956E+03	-4.35722864703906E-01
 2.00202809844959E+03	-4.21332594912411E-01
 2.00203083634962E+03	-3.37369996853587E-01
 2.00203357424965E+03	-2.01492817238627E-01
 2.00203631214969E+03	-5.11726238737689E-02
 2.00203905004972E+03	 7.64234253255244E-02
 2.00204178794975E+03	 1.63010498020447E-01
 2.00204452584978E+03	 2.10725973039608E-01
 2.00204726374981E+03	 2.28076363374805E-01
 2.00205000164984E+03	 2.15809954184716E-01
 2.00205273954987E+03	 1.66308854133807E-01
 2.00205547744990E+03	 7.56709737115391E-02
 2.00205821534993E+03	-4.37499215434424E-02
 2.00206095324996E+03	-1.62486287763223E-01
 2.00206369114999E+03	-2.47523459554642E-01
 2.00206642905002E+03	-2.78984630370859E-01
 2.00206916695005E+03	-2.51851770532954E-01
 2.00207190485009E+03	-1.61416281672343E-01
 2.00207464275012E+03	 6.48424021499814E-04
 2.00207738065015E+03	 2.18431397287818E-01
 2.00208011855018E+03	 4.21128782435447E-01
 2.00208285645021E+03	 5.05545479239561E-01
 2.00208559435024E+03	 4.12964409822506E-01
 2.00208833225027E+03	 1.83671315508052E-01
 2.00209107015030E+03	-7.56736529356559E-02
 2.00209380805033E+03	-2.77061847004712E-01
 2.00209654595036E+03	-3.96548050546809E-01
 2.00209928385039E+03	-4.47144882823553E-01
 2.00210202175042E+03	-4.34780382918285E-01
 2.00210475965045E+03	-3.54755859646411E-01
 2.00210749755048E+03	-2.17672922206516E-01
 2.00211023545052E+03	-5.87688864110316E-02
 2.00211297335055E+03	 8.19982297007855E-02
 2.00211571125058E+03	 1.82136662351555E-01
 2.00211844915061E+03	 2.39001904039505E-01
 2.00212118705064E+03	 2.58012693714508E-01
 2.00212392495067E+03	 2.42467797552278E-01
 2.00212666285070E+03	 1.91542086520298E-01
 2.00212940075073E+03	 1.05007015156689E-01
 2.00213213865076E+03	-8.58979683771880E-03
 2.00213487655079E+03	-1.26651475968393E-01
 2.00213761445082E+03	-2.18390178121309E-01
 2.00214035235085E+03	-2.60597619535438E-01
 2.00214309025088E+03	-2.46969813308911E-01
 2.00214582815092E+03	-1.77521685330554E-01
 2.00214856605095E+03	-4.28942514037269E-02
 2.00215130395098E+03	 1.63515140449649E-01
 2.00215404185101E+03	 4.04257445192514E-01
 2.00215677975104E+03	 5.80078007689178E-01
 2.00215951765107E+03	 5.83555050622965E-01
 2.00216225555110E+03	 3.89106760002659E-01
 2.00216499345113E+03	 8.34432284798563E-02
 2.00216773135116E+03	-2.03352997469032E-01
 2.00217046925119E+03	-3.92115091234267E-01
 2.00217320715122E+03	-4.77644930657869E-01
 2.00217594505125E+03	-4.80632151851637E-01
 2.00217868295128E+03	-4.08842016517902E-01
 2.00218142085132E+03	-2.70340108275980E-01
 2.00218415875135E+03	-9.82452539361289E-02
 2.00218689665138E+03	 6.01126280452853E-02
 2.00218963455141E+03	 1.74841489397913E-01
 2.00219237245144E+03	 2.43283458007580E-01
 2.00219511035147E+03	 2.72599125988866E-01
 2.00219784825150E+03	 2.64162684296317E-01
 2.00220058615153E+03	 2.15346356273448E-01
 2.00220332405156E+03	 1.28028063830964E-01
 2.00220606195159E+03	 1.30700686496262E-02
 2.00220879985162E+03	-1.08480556430295E-01
 2.00221153775165E+03	-2.08182333066114E-01
 2.00221427565168E+03	-2.61192803004761E-01
 2.00221701355171E+03	-2.58558566217422E-01
 2.00221975145175E+03	-2.04413297354832E-01
 2.00222248935178E+03	-9.79419932426115E-02
 2.00222522725181E+03	 7.27239588311369E-02
 2.00222796515184E+03	 3.02217309831248E-01
 2.00223070305187E+03	 5.28991449288738E-01
 2.00223344095190E+03	 6.42972988883269E-01
 2.00223617885193E+03	 5.59116946487281E-01
 2.00223891675196E+03	 2.94210851358490E-01
 2.00224165465199E+03	-3.77594029726786E-02
 2.00224439255202E+03	-3.12520294203222E-01
 2.00224713045205E+03	-4.72592074679629E-01
 2.00224986835208E+03	-5.23196493177918E-01
 2.00225260625211E+03	-4.81556743357457E-01
 2.00225534415215E+03	-3.58353189018991E-01
 2.00225808205218E+03	-1.81210608802295E-01
 2.00226081995221E+03	-2.90512592180053E-03
 2.00226355785224E+03	 1.30707884095697E-01
 2.00226629575227E+03	 2.09866375958997E-01
 2.00226903365230E+03	 2.48941038179095E-01
 2.00227177155233E+03	 2.55753335894166E-01
 2.00227450945236E+03	 2.23417571263826E-01
 2.00227724735239E+03	 1.46158834567560E-01
 2.00227998525242E+03	 3.26100422160217E-02
 2.00228272315245E+03	-9.45639596160320E-02
 2.00228546105248E+03	-2.05499200720600E-01
 2.00228819895251E+03	-2.72891439946339E-01
 2.00229093685255E+03	-2.83633905684769E-01
 2.00229367475258E+03	-2.41689524416031E-01
 2.00229641265261E+03	-1.54568930977836E-01
 2.00229915055264E+03	-1.87489457922050E-02
 2.00230188845267E+03	 1.70683572023142E-01
 2.00230462635270E+03	 3.87301758447508E-01
 2.00230736425273E+03	 5.55129471803215E-01
 2.00231010215276E+03	 5.81117019806426E-01
 2.00231284005279E+03	 4.24067710523437E-01
 2.00231557795282E+03	 1.36224018079585E-01
 2.00231831585285E+03	-1.69877685982989E-01
 2.00232105375288E+03	-3.98910970797875E-01
 2.00232379165291E+03	-5.16250305481896E-01
 2.00232652955294E+03	-5.27140685689511E-01
 2.00232926745298E+03	-4.42304472274747E-01
 2.00233200535301E+03	-2.81360920412715E-01
 2.00233474325304E+03	-9.20203230966240E-02
 2.00233748115307E+03	 6.55815123820671E-02
 2.00234021905310E+03	 1.60939090856893E-01
 2.00234295695313E+03	 2.05775098589322E-01
 2.00234569485316E+03	 2.21833716386245E-01
 2.00234843275319E+03	 2.09846532417705E-01
 2.00235117065322E+03	 1.55747612467480E-01
 2.00235390855325E+03	 5.60398987102784E-02
 2.00235664645328E+03	-7.09785200342145E-02
 2.00235938435331E+03	-1.92960952201673E-01
 2.00236212225334E+03	-2.77572691575051E-01
 2.00236486015338E+03	-3.05575710522684E-01
 2.00236759805341E+03	-2.76723379219942E-01
 2.00237033595344E+03	-2.01074642038765E-01
 2.00237307385347E+03	-8.36531186683045E-02
 2.00237581175350E+03	 7.55680302967609E-02
 2.00237854965353E+03	 2.60723065075533E-01
 2.00238128755356E+03	 4.22623176423396E-01
 2.00238402545359E+03	 4.91942467988540E-01
 2.00238676335362E+03	 4.20414138596151E-01
 2.00238950125365E+03	 2.17930395447828E-01
 2.00239223915368E+03	-4.77200032030361E-02
 2.00239497705371E+03	-2.91174104024470E-01
 2.00239771495374E+03	-4.54490515679913E-01
 2.00240045285378E+03	-5.18071215381479E-01
 2.00240319075381E+03	-4.81771906870590E-01
 2.00240592865384E+03	-3.55657748121694E-01
 2.00240866655387E+03	-1.73793227623018E-01
 2.00241140445390E+03	 3.86739365087589E-03
 2.00241414235393E+03	 1.25450766449879E-01
 2.00241688025396E+03	 1.82352221765951E-01
 2.00241961815399E+03	 1.99804455380178E-01
 2.00242235605402E+03	 1.95999025909162E-01
 2.00242509395405E+03	 1.62698000073903E-01
 2.00242783185408E+03	 8.49870675012014E-02
 2.00243056975411E+03	-3.21899462083612E-02
 2.00243330765414E+03	-1.60144479985610E-01
 2.00243604555418E+03	-2.61737015456613E-01
 2.00243878345421E+03	-3.09698038185058E-01
 2.00244152135424E+03	-2.96875453080319E-01
 2.00244425925427E+03	-2.31261568051515E-01
 2.00244699715430E+03	-1.20568689342880E-01
 2.00244973505433E+03	 3.19363106421551E-02
 2.00245247295436E+03	 2.09088661391346E-01
 2.00245521085439E+03	 3.63150697336383E-01
 2.00245794875442E+03	 4.31850740284342E-01
 2.00246068665445E+03	 3.78492122151885E-01
 2.00246342455448E+03	 2.16390922344445E-01
 2.00246616245451E+03	-2.61087743182121E-03
 2.00246890035454E+03	-2.18269195407969E-01
 2.00247163825457E+03	-3.84442801600838E-01
 2.00247437615461E+03	-4.74196218662423E-01
 2.00247711405464E+03	-4.74308840845373E-01
 2.00247985195467E+03	-3.83482510019806E-01
 2.00248258985470E+03	-2.21796271618804E-01
 2.00248532775473E+03	-3.74846714361035E-02
 2.00248806565476E+03	 1.11298601341974E-01
 2.00249080355479E+03	 1.92823350203267E-01
 2.00249354145482E+03	 2.17181108142202E-01
 2.00249627935485E+03	 2.11027994014722E-01
 2.00249901725488E+03	 1.83056959858528E-01
 2.00250175515491E+03	 1.21093062241488E-01
 2.00250449305494E+03	 1.78866764402244E-02
 2.00250723095497E+03	-1.09308094512696E-01
 2.00250996885501E+03	-2.24293686621958E-01
 2.00251270675504E+03	-2.92555117960172E-01
 2.00251544465507E+03	-2.98449447071967E-01
 2.00251818255510E+03	-2.45923691588866E-01
 2.00252092045513E+03	-1.42789493173358E-01
 2.00252365835516E+03	 1.02223607833633E-02
 2.00252639625519E+03	 2.02593408350120E-01
 2.00252913415522E+03	 3.85347254738735E-01
 2.00253187205525E+03	 4.78658520669809E-01
 2.00253460995528E+03	 4.27306369074983E-01
 2.00253734785531E+03	 2.48240430569556E-01
 2.00254008575534E+03	 1.54901089937386E-02
 2.00254282365537E+03	-1.97682562189170E-01
 2.00254556155541E+03	-3.54576896533322E-01
 2.00254829945544E+03	-4.44197112742494E-01
 2.00255103735547E+03	-4.57601819834331E-01
 2.00255377525550E+03	-3.86592229722214E-01
 2.00255651315553E+03	-2.40919182218678E-01
 2.00255925105556E+03	-5.83834216925578E-02
 2.00256198895559E+03	 1.07553645556486E-01
 2.00256472685562E+03	 2.15873592447503E-01
 2.00256746475565E+03	 2.58705034593832E-01
 2.00257020265568E+03	 2.54839306696510E-01
 2.00257294055571E+03	 2.22806099661306E-01
 2.00257567845574E+03	 1.63272890282815E-01
 2.00257841635577E+03	 6.87607969645853E-02
 2.00258115425580E+03	-5.42059196809399E-02
 2.00258389215584E+03	-1.77078881430978E-01
 2.00258663005587E+03	-2.63034506422671E-01
 2.00258936795590E+03	-2.88392920233103E-01
 2.00259210585593E+03	-2.51896379342958E-01
 2.00259484375596E+03	-1.62438995741750E-01
 2.00259758165599E+03	-1.98597021952844E-02
 2.00260031955602E+03	 1.79216078852963E-01
 2.00260305745605E+03	 4.03877475371148E-01
 2.00260579535608E+03	 5.67473494325341E-01
 2.00260853325611E+03	 5.72803850527458E-01
 2.00261127115614E+03	 3.95195075103884E-01
 2.00261400905617E+03	 1.11692463825305E-01
 2.00261674695620E+03	-1.61581857039553E-01
 2.00261948485624E+03	-3.52987718792009E-01
 2.00262222275627E+03	-4.52941016871828E-01
 2.00262496065630E+03	-4.71402331699610E-01
 2.00262769855633E+03	-4.07906280171938E-01
 2.00263043645636E+03	-2.66864509396495E-01
 2.00263317435639E+03	-8.09745331933980E-02
 2.00263591225642E+03	 9.67710677288890E-02
 2.00263865015645E+03	 2.23409646165759E-01
 2.00264138805648E+03	 2.85455301234192E-01
 2.00264412595651E+03	 2.93496493258279E-01
 2.00264686385654E+03	 2.63417220958647E-01
 2.00264960175657E+03	 2.02329381423381E-01
 2.00265233965660E+03	 1.09489294487341E-01
 2.00265507755664E+03	-1.06561616587300E-02
 2.00265781545667E+03	-1.37163142851356E-01
 2.00266055335670E+03	-2.36289798348218E-01
 2.00266329125673E+03	-2.79513810600277E-01
 2.00266602915676E+03	-2.59572521801746E-01
 2.00266876705679E+03	-1.86520384824793E-01
 2.00267150495682E+03	-6.56065268784002E-02
 2.00267424285685E+03	 1.13509171801291E-01
 2.00267698075688E+03	 3.48513330220559E-01
 2.00267971865691E+03	 5.79125727394625E-01
 2.00268245655694E+03	 6.90824048164762E-01
 2.00268519445697E+03	 5.94711274237323E-01
 2.00268793235700E+03	 3.12456443548605E-01
 2.00269067025703E+03	-3.17775874317269E-02
 2.00269340815707E+03	-3.09290707029927E-01
 2.00269614605710E+03	-4.66710987279166E-01
 2.00269888395713E+03	-5.13752816445230E-01
 2.00270162185716E+03	-4.66475640233774E-01
 2.00270435975719E+03	-3.31967596878384E-01
 2.00270709765722E+03	-1.37691692314571E-01
 2.00270983555725E+03	 5.85094240093206E-02
 2.00271257345728E+03	 2.02316967631602E-01
 2.00271531135731E+03	 2.76565972891877E-01
 2.00271804925734E+03	 2.95488553028221E-01
 2.00272078715737E+03	 2.76034542289541E-01
 2.00272352505740E+03	 2.22745510485893E-01
 2.00272626295743E+03	 1.34300740614731E-01
 2.00272900085747E+03	 1.61175130890245E-02
 2.00273173875750E+03	-1.12779465300177E-01
 2.00273447665753E+03	-2.21726111576430E-01
 2.00273721455756E+03	-2.80557284120209E-01
 2.00273995245759E+03	-2.76283300190269E-01
 2.00274269035762E+03	-2.17797492300120E-01
 2.00274542825765E+03	-1.18472540594209E-01
 2.00274816615768E+03	 2.59201779009597E-02
 2.00275090405771E+03	 2.29681990413677E-01
 2.00275364195774E+03	 4.73218829091980E-01
 2.00275637985777E+03	 6.69864344241445E-01
 2.00275911775780E+03	 7.01933522070143E-01
 2.00276185565783E+03	 5.14535350197036E-01
 2.00276459355787E+03	 1.74716290722296E-01
 2.00276733145790E+03	-1.75016568750214E-01
 2.00277006935793E+03	-4.22149077449052E-01
 2.00277280725796E+03	-5.36308599828777E-01
 2.00277554515799E+03	-5.33173880508299E-01
 2.00277828305802E+03	-4.26867562585375E-01
 2.00278102095805E+03	-2.37785995570039E-01
 2.00278375885808E+03	-2.10046097706119E-02
 2.00278649675811E+03	 1.51350057035536E-01
 2.00278923465814E+03	 2.41893029818068E-01
 2.00279197255817E+03	 2.65417265087380E-01
 2.00279471045820E+03	 2.53085351833043E-01
 2.00279744835823E+03	 2.15046545257746E-01
 2.00280018625827E+03	 1.42658690499148E-01
 2.00280292415830E+03	 3.33711663463058E-02
 2.00280566205833E+03	-9.59096688391217E-02
 2.00280839995836E+03	-2.13830679107421E-01
 2.00281113785839E+03	-2.87793417761709E-01
 2.00281387575842E+03	-2.99208769385905E-01
 2.00281661365845E+03	-2.52725630713603E-01
 2.00281935155848E+03	-1.66824347248699E-01
 2.00282208945851E+03	-4.98447622285240E-02
 2.00282482735854E+03	 1.09740387206804E-01
 2.00282756525857E+03	 3.16995522327643E-01
 2.00283030315860E+03	 5.29040073278827E-01
 2.00283304105863E+03	 6.50464496334611E-01
 2.00283577895866E+03	 5.91390420088335E-01
 2.00283851685870E+03	 3.44906082838458E-01
 2.00284125475873E+03	 4.87367077549527E-03
 2.00284399265876E+03	-3.00664916869008E-01
 2.00284673055879E+03	-4.92232712753780E-01
 2.00284946845882E+03	-5.55980452220987E-01
 2.00285220635885E+03	-5.02901715819623E-01
 2.00285494425888E+03	-3.46822702182147E-01
 2.00285768215891E+03	-1.27844910292734E-01
 2.00286042005894E+03	 7.76290339641007E-02
 2.00286315795897E+03	 2.02065025768851E-01
 2.00286589585900E+03	 2.37331477543215E-01
 2.00286863375903E+03	 2.23330559594794E-01
 2.00287137165906E+03	 1.92057076423364E-01
 2.00287410955910E+03	 1.39611317489525E-01
 2.00287684745913E+03	 4.99742320400948E-02
 2.00287958535916E+03	-7.22406667472183E-02
 2.00288232325919E+03	-1.97268511452637E-01
 2.00288506115922E+03	-2.87482333459453E-01
 2.00288779905925E+03	-3.16717886721842E-01
 2.00289053695928E+03	-2.82324608196673E-01
 2.00289327485931E+03	-2.02322977784863E-01
 2.00289601275934E+03	-9.51757135759281E-02
 2.00289875065937E+03	 3.83554878373009E-02
 2.00290148855940E+03	 2.05171410960265E-01
 2.00290422645943E+03	 3.87020771957355E-01
 2.00290696435946E+03	 5.23355352212913E-01
 2.00290970225950E+03	 5.38052199420396E-01
 2.00291244015953E+03	 3.94193510318106E-01
 2.00291517805956E+03	 1.29393450732221E-01
 2.00291791595959E+03	-1.63215016274741E-01
 2.00292065385962E+03	-3.93082718728122E-01
 2.00292339175965E+03	-5.14469591956766E-01
 2.00292612965968E+03	-5.19722550422461E-01
 2.00292886755971E+03	-4.14174315839617E-01
 2.00293160545974E+03	-2.20214133026092E-01
 2.00293434335977E+03	 1.62896560044454E-03
 2.00293708125980E+03	 1.69543258424103E-01
 2.00293981915983E+03	 2.38091984438336E-01
 2.00294255705986E+03	 2.28340323130945E-01
 2.00294529495989E+03	 1.89523017947787E-01
 2.00294803285993E+03	 1.42128775131804E-01
 2.00295077075996E+03	 7.09720519164961E-02
 2.00295350865999E+03	-3.65462087548050E-02
 2.00295624656002E+03	-1.62794484191488E-01
 2.00295898446005E+03	-2.68611531344515E-01
 2.00296172236008E+03	-3.18608633198753E-01
 2.00296446026011E+03	-2.99806843752582E-01
 2.00296719816014E+03	-2.24483965263092E-01
 2.00296993606017E+03	-1.14932901078033E-01
 2.00297267396020E+03	 1.75266289732852E-02
 2.00297541186023E+03	 1.72674636688676E-01
 2.00297814976026E+03	 3.35345761119901E-01
 2.00298088766029E+03	 4.57482925658374E-01
 2.00298362556033E+03	 4.79277941555446E-01
 2.00298636346036E+03	 3.72429351596320E-01
 2.00298910136039E+03	 1.62560889140008E-01
 2.00299183926042E+03	-8.61511638603277E-02
 2.00299457716045E+03	-3.05048286793784E-01
 2.00299731506048E+03	-4.46628330272748E-01
 2.00300005296051E+03	-4.88774682937882E-01
 2.00300279086054E+03	-4.25593136123785E-01
 2.00300552876057E+03	-2.66731592396877E-01
 2.00300826666060E+03	-5.20012428946877E-02
 2.00301100456063E+03	 1.46591693787493E-01
 2.00301374246066E+03	 2.61656391552883E-01
 2.00301648036069E+03	 2.78235073257168E-01
 2.00301921826073E+03	 2.35121681514261E-01
 2.00302195616076E+03	 1.74928988961477E-01
 2.00302469406079E+03	 1.04206724741907E-01
 2.00302743196082E+03	 7.17743074167094E-03
 2.00303016986085E+03	-1.15373285039045E-01
 2.00303290776088E+03	-2.32774799156258E-01
 2.00303564566091E+03	-3.04488883323179E-01
 2.00303838356094E+03	-3.06313078384493E-01
 2.00304112146097E+03	-2.41248050438415E-01
 2.00304385936100E+03	-1.29789926532211E-01
 2.00304659726103E+03	 1.16065790412900E-02
 2.00304933516106E+03	 1.78756544385950E-01
 2.00305207306109E+03	 3.57273629263571E-01
 2.00305481096112E+03	 4.96184592503648E-01
 2.00305754886116E+03	 5.24982499585783E-01
 2.00306028676119E+03	 4.10155084071576E-01
 2.00306302466122E+03	 1.88470725282233E-01
 2.00306576256125E+03	-6.14375300270489E-02
 2.00306850046128E+03	-2.72433689815544E-01
 2.00307123836131E+03	-4.10891421001114E-01
 2.00307397626134E+03	-4.62794065604127E-01
 2.00307671416137E+03	-4.19398660980515E-01
 2.00307945206140E+03	-2.82924807205915E-01
 2.00308218996143E+03	-8.15191055271196E-02
 2.00308492786146E+03	 1.27536371030457E-01
 2.00308766576149E+03	 2.78899828952360E-01
 2.00309040366152E+03	 3.35758145727416E-01
 2.00309314156156E+03	 3.09938741038957E-01
 2.00309587946159E+03	 2.41294201841235E-01
 2.00309861736162E+03	 1.56842823597730E-01
 2.00310135526165E+03	 5.59932190371281E-02
 2.00310409316168E+03	-6.58817859173614E-02
 2.00310683106171E+03	-1.91007258405745E-01
 2.00310956896174E+03	-2.82212077491780E-01
 2.00311230686177E+03	-3.07832764520968E-01
 2.00311504476180E+03	-2.61075481381006E-01
 2.00311778266183E+03	-1.57794638123590E-01
 2.00312052056186E+03	-1.61783252647680E-02
 2.00312325846189E+03	 1.59457779239535E-01
 2.00312599636192E+03	 3.64013590725082E-01
 2.00312873426196E+03	 5.54178438825796E-01
 2.00313147216199E+03	 6.42551769303113E-01
 2.00313421006202E+03	 5.56854065129569E-01
 2.00313694796205E+03	 3.11449381299511E-01
 2.00313968586208E+03	 5.50429941985457E-03
 2.00314242376211E+03	-2.54041551246153E-01
 2.00314516166214E+03	-4.16320566546294E-01
 2.00314789956217E+03	-4.78364220856253E-01
 2.00315063746220E+03	-4.44299649740376E-01
 2.00315337536223E+03	-3.16406823087266E-01
 2.00315611326226E+03	-1.18071645164068E-01
 2.00315885116229E+03	 9.68107772713920E-02
 2.00316158906232E+03	 2.66625724913479E-01
 2.00316432696236E+03	 3.53610798228636E-01
 2.00316706486239E+03	 3.57025430661016E-01
 2.00316980276242E+03	 3.01728546558620E-01
 2.00317254066245E+03	 2.14044525846884E-01
 2.00317527856248E+03	 1.05537337201658E-01
 2.00317801646251E+03	-2.11288945641236E-02
 2.00318075436254E+03	-1.53179494479920E-01
 2.00318349226257E+03	-2.60185417030676E-01
 2.00318623016260E+03	-3.08857160038885E-01
 2.00318896806263E+03	-2.84919810381540E-01
 2.00319170596266E+03	-1.99415289186236E-01
 2.00319444386269E+03	-7.23056275776243E-02
 2.00319718176272E+03	 9.02998959689949E-02
 2.00319991966275E+03	 2.94881467488531E-01
 2.00320265756279E+03	 5.23186775813032E-01
 2.00320539546282E+03	 6.97723860136913E-01
 2.00320813336285E+03	 7.10884512831787E-01
 2.00321087126288E+03	 5.14211891816434E-01
 2.00321360916291E+03	 1.76202962636289E-01
 2.00321634706294E+03	-1.64723576580214E-01
 2.00321908496297E+03	-4.02989956329336E-01
 2.00322182286300E+03	-5.11820024294636E-01
 2.00322456076303E+03	-5.04839245900254E-01
 2.00322729866306E+03	-3.92930430631885E-01
 2.00323003656309E+03	-1.95356655286311E-01
 2.00323277446312E+03	 3.35630172426546E-02
 2.00323551236315E+03	 2.21264562322683E-01
 2.00323825026319E+03	 3.23475564041065E-01
 2.00324098816322E+03	 3.43391682657617E-01
 2.00324372606325E+03	 3.08065667205336E-01
 2.00324646396328E+03	 2.37774084213916E-01
 2.00324920186331E+03	 1.38501046577071E-01
 2.00325193976334E+03	 1.36176130214622E-02
 2.00325467766337E+03	-1.22747991441948E-01
 2.00325741556340E+03	-2.41877660265470E-01
 2.00326015346343E+03	-3.10209047875514E-01
 2.00326289136346E+03	-3.08081903991778E-01
 2.00326562926349E+03	-2.41811008508198E-01
 2.00326836716352E+03	-1.34185337026784E-01
 2.00327110506355E+03	 1.22779905787725E-03
 2.00327384296359E+03	 1.73574617713721E-01
 2.00327658086362E+03	 3.90585984361637E-01
 2.00327931876365E+03	 6.11578548111427E-01
 2.00328205666368E+03	 7.35189701364537E-01
 2.00328479456371E+03	 6.61721011651664E-01
 2.00328753246374E+03	 3.84913050195067E-01
 2.00329027036377E+03	 1.36540244581885E-02
 2.00329300826380E+03	-3.08762915053574E-01
 2.00329574616383E+03	-5.00475174299724E-01
 2.00329848406386E+03	-5.54022929635678E-01
 2.00330122196389E+03	-4.84818447492872E-01
 2.00330395986392E+03	-3.08302985982515E-01
 2.00330669776395E+03	-6.90235532188463E-02
 2.00330943566398E+03	 1.49587356878283E-01
 2.00331217356402E+03	 2.75577734639631E-01
 2.00331491146405E+03	 3.00616786567146E-01
 2.00331764936408E+03	 2.66891607085848E-01
 2.00332038726411E+03	 2.11015534623828E-01
 2.00332312516414E+03	 1.35779300508150E-01
 2.00332586306417E+03	 3.04293140368453E-02
 2.00332860096420E+03	-9.94150798111888E-02
 2.00333133886423E+03	-2.25264687549989E-01
 2.00333407676426E+03	-3.09820060066737E-01
 2.00333681466429E+03	-3.26731583979786E-01
 2.00333955256432E+03	-2.75445094993527E-01
 2.00334229046435E+03	-1.79485035783515E-01
 2.00334502836438E+03	-6.35086594363945E-02
 2.00334776626442E+03	 7.14147681874970E-02
 2.00335050416445E+03	 2.42566886149839E-01
 2.00335324206448E+03	 4.45268798725386E-01
 2.00335597996451E+03	 6.17199548110246E-01
 2.00335871786454E+03	 6.57873453263036E-01
 2.00336145576457E+03	 5.04168462388790E-01
 2.00336419366460E+03	 1.94357434930163E-01
 2.00336693156463E+03	-1.50399496455136E-01
 2.00336966946466E+03	-4.12695246924837E-01
 2.00337240736469E+03	-5.41596485162008E-01
 2.00337514526472E+03	-5.37325025027483E-01
 2.00337788316475E+03	-4.10208732451937E-01
 2.00338062106478E+03	-1.86443483859950E-01
 2.00338335896482E+03	 6.11817578344507E-02
 2.00338609686485E+03	 2.34873086272171E-01
 2.00338883476488E+03	 2.84877854635028E-01
 2.00339157266491E+03	 2.43815183889614E-01
 2.00339431056494E+03	 1.76340536133461E-01
 2.00339704846497E+03	 1.10294054543309E-01
 2.00339978636500E+03	 2.95921585459776E-02
 2.00340252426503E+03	-8.11487964195043E-02
 2.00340526216506E+03	-2.05245029235509E-01
 2.00340800006509E+03	-3.03023294542041E-01
 2.00341073796512E+03	-3.38704442005808E-01
 2.00341347586515E+03	-3.00908431712387E-01
 2.00341621376518E+03	-2.07774675433114E-01
 2.00341895166521E+03	-9.14771500135338E-02
 2.00342168956525E+03	 3.00953786496979E-02
 2.00342442746528E+03	 1.65176055544451E-01
 2.00342716536531E+03	 3.23468809347759E-01
 2.00342990326534E+03	 4.77841328855202E-01
 2.00343264116537E+03	 5.58521395664229E-01
 2.00343537906540E+03	 4.96741654177773E-01
 2.00343811696543E+03	 2.83254435783095E-01
 2.00344085486546E+03	-1.33898548472848E-02
 2.00344359276549E+03	-2.89385169964507E-01
 2.00344633066552E+03	-4.68473728415823E-01
 2.00344906856555E+03	-5.24330865655907E-01
 2.00345180646558E+03	-4.56453905152800E-01
 2.00345454436561E+03	-2.75165917256111E-01
 2.00345728226565E+03	-2.57943361513694E-02
 2.00346002016568E+03	 1.98425639062340E-01
 2.00346275806571E+03	 3.07663673689632E-01
 2.00346549596574E+03	 2.87608700666595E-01
 2.00346823386577E+03	 2.00892216014682E-01
 2.00347097176580E+03	 1.12741591306003E-01
 2.00347370966583E+03	 3.35815254964320E-02
 2.00347644756586E+03	-6.10978199106198E-02
 2.00347918546589E+03	-1.77296722196052E-01
 2.00348192336592E+03	-2.84653934867983E-01
 2.00348466126595E+03	-3.40772979153277E-01
 2.00348739916598E+03	-3.21237398645691E-01
 2.00349013706601E+03	-2.32703460661681E-01
 2.00349287496605E+03	-1.05774312762852E-01
 2.00349561286608E+03	 2.91751376695460E-02
 2.00349835076611E+03	 1.63622900977589E-01
 2.00350108866614E+03	 3.02435108983492E-01
 2.00350382656617E+03	 4.30944219449556E-01
 2.00350656446620E+03	 5.00742360563525E-01
 2.00350930236623E+03	 4.59087858968439E-01
 2.00351204026626E+03	 2.93683667337185E-01
 2.00351477816629E+03	 4.82553838916641E-02
 2.00351751606632E+03	-2.01856260838653E-01
 2.00352025396635E+03	-3.88919647556502E-01
 2.00352299186638E+03	-4.75511731464450E-01
 2.00352572976641E+03	-4.49771924510745E-01
 2.00352846766645E+03	-3.13113549997951E-01
 2.00353120556648E+03	-8.88764145797672E-02
 2.00353394346651E+03	 1.56959008733793E-01
 2.00353668136654E+03	 3.29972629205450E-01
 2.00353941926657E+03	 3.69468011099860E-01
 2.00354215716660E+03	 2.95842391500353E-01
 2.00354489506663E+03	 1.80990768356334E-01
 2.00354763296666E+03	 7.44026814992094E-02
 2.00355037086669E+03	-2.67883428122404E-02
 2.00355310876672E+03	-1.40147729751713E-01
 2.00355584666675E+03	-2.54331224747216E-01
 2.00355858456678E+03	-3.30873559332567E-01
 2.00356132246681E+03	-3.35784956063327E-01
 2.00356406036684E+03	-2.62608237058481E-01
 2.00356679826688E+03	-1.33136091182467E-01
 2.00356953616691E+03	 2.00432523146265E-02
 2.00357227406694E+03	 1.76493640955842E-01
 2.00357501196697E+03	 3.31533841554185E-01
 2.00357774986700E+03	 4.70047605850735E-01
 2.00358048776703E+03	 5.44907056897826E-01
 2.00358322566706E+03	 5.01363339192699E-01
 2.00358596356709E+03	 3.29020710215558E-01
 2.00358870146712E+03	 7.98987968717192E-02
 2.00359143936715E+03	-1.67336662556135E-01
 2.00359417726718E+03	-3.52508153794721E-01
 2.00359691516721E+03	-4.46366329964276E-01
 2.00359965306724E+03	-4.37931773800271E-01
 2.00360239096728E+03	-3.26133581459984E-01
 2.00360512886731E+03	-1.27206811866237E-01
 2.00360786676734E+03	 1.12295208310927E-01
 2.00361060466737E+03	 3.17629597397337E-01
 2.00361334256740E+03	 4.18413130099184E-01
 2.00361608046743E+03	 3.94320367439168E-01
 2.00361881836746E+03	 2.86510613847636E-01
 2.00362155626749E+03	 1.55183976779911E-01
 2.00362429416752E+03	 2.92889280130912E-02
 2.00362703206755E+03	-9.52939262429827E-02
 2.00362976996758E+03	-2.18146031736857E-01
 2.00363250786761E+03	-3.12765061284712E-01
 2.00363524576764E+03	-3.43867693009326E-01
 2.00363798366768E+03	-2.95347606955202E-01
 2.00364072156771E+03	-1.79363479547224E-01
 2.00364345946774E+03	-2.41467793218636E-02
 2.00364619736777E+03	 1.46968597141803E-01
 2.00364893526780E+03	 3.25455028447230E-01
 2.00365167316783E+03	 4.98848584240209E-01
 2.00365441106786E+03	 6.20379265630548E-01
 2.00365714896789E+03	 6.17420064128199E-01
 2.00365988686792E+03	 4.52199052633728E-01
 2.00366262476795E+03	 1.70740564853329E-01
 2.00366536266798E+03	-1.23885259207407E-01
 2.00366810056801E+03	-3.44844361106235E-01
 2.00367083846804E+03	-4.58593588867550E-01
 2.00367357636807E+03	-4.63468155021506E-01
 2.00367631426811E+03	-3.63202286063971E-01
 2.00367905216814E+03	-1.73625413400998E-01
 2.00368179006817E+03	 6.04722833512709E-02
 2.00368452796820E+03	 2.72348293237190E-01
 2.00368726586823E+03	 4.02108644725308E-01
 2.00369000376826E+03	 4.23788149400389E-01
 2.00369274166829E+03	 3.53211107300773E-01
 2.00369547956832E+03	 2.31105448175674E-01
 2.00369821746835E+03	 9.29034658354694E-02
 2.00370095536838E+03	-4.71122130572471E-02
 2.00370369326841E+03	-1.82450529192546E-01
 2.00370643116844E+03	-2.93273257629066E-01
 2.00370916906847E+03	-3.48058285837455E-01
 2.00371190696851E+03	-3.26070966893226E-01
 2.00371464486854E+03	-2.32857530347199E-01
 2.00371738276857E+03	-9.31366583165512E-02
 2.00372012066860E+03	 7.00418970664131E-02
 2.00372285856863E+03	 2.49587996937871E-01
 2.00372559646866E+03	 4.43058234889580E-01
 2.00372833436869E+03	 6.18363309758170E-01
 2.00373107226872E+03	 6.98106735734455E-01
 2.00373381016875E+03	 6.04867510577201E-01
 2.00373654806878E+03	 3.38298866431474E-01
 2.00373928596881E+03	-4.51129186911483E-03
 2.00374202386884E+03	-2.98487198949760E-01
 2.00374476176887E+03	-4.72112483587997E-01
 2.00374749966891E+03	-5.16144912912301E-01
 2.00375023756894E+03	-4.40811519666383E-01
 2.00375297546897E+03	-2.60716771023490E-01
 2.00375571336900E+03	-1.93765451376649E-02
 2.00375845126903E+03	 2.06416240215481E-01
 2.00376118916906E+03	 3.47902753705011E-01
 2.00376392706909E+03	 3.84604265447212E-01
 2.00376666496912E+03	 3.39859220046582E-01
 2.00376940286915E+03	 2.47338052832723E-01
 2.00377214076918E+03	 1.28214029645328E-01
 2.00377487866921E+03	-7.80653879202567E-03
 2.00377761656924E+03	-1.49550504095273E-01
 2.00378035446927E+03	-2.74155910676302E-01
 2.00378309236930E+03	-3.49651592346676E-01
 2.00378583026934E+03	-3.51655922452548E-01
 2.00378856816937E+03	-2.80427675067420E-01
 2.00379130606940E+03	-1.59920168251412E-01
 2.00379404396943E+03	-1.70885645615244E-02
 2.00379678186946E+03	 1.39403084264228E-01
 2.00379951976949E+03	 3.17226988407426E-01
 2.00380225766952E+03	 5.08813370314191E-01
 2.00380499556955E+03	 6.57894227139506E-01
 2.00380773346958E+03	 6.72550291849256E-01
 2.00381047136961E+03	 4.96320776309378E-01
 2.00381320926964E+03	 1.73109461627667E-01
 2.00381594716967E+03	-1.72552806586623E-01
 2.00381868506970E+03	-4.25479065705621E-01
 2.00382142296974E+03	-5.40104030772125E-01
 2.00382416086977E+03	-5.19354545123009E-01
 2.00382689876980E+03	-3.74483074415647E-01
 2.00382963666983E+03	-1.35763132751133E-01
 2.00383237456986E+03	 1.19077393447110E-01
 2.00383511246989E+03	 2.92910237838124E-01
 2.00383785036992E+03	 3.39846012158814E-01
 2.00384058826995E+03	 2.91088885335209E-01
 2.00384332616998E+03	 2.05686944484819E-01
 2.00384606407001E+03	 1.12144201282115E-01
 2.00384880197004E+03	 4.24095497440436E-03
 2.00385153987007E+03	-1.23588869523353E-01
 2.00385427777010E+03	-2.52291793505060E-01
 2.00385701567014E+03	-3.44890550803591E-01
 2.00385975357017E+03	-3.68860135413127E-01
 2.00386249147020E+03	-3.15944476408996E-01
 2.00386522937023E+03	-2.07196605698107E-01
 2.00386796727026E+03	-7.66959416790984E-02
 2.00387070517029E+03	 5.61010102623311E-02
 2.00387344307032E+03	 1.98444147673403E-01
 2.00387618097035E+03	 3.62443814109065E-01
 2.00387891887038E+03	 5.25161442767476E-01
 2.00388165677041E+03	 6.14318304058302E-01
 2.00388439467044E+03	 5.49911760322476E-01
 2.00388713257047E+03	 3.15767584039268E-01
 2.00388987047050E+03	-1.05048161651398E-02
 2.00389260837054E+03	-3.08248785787724E-01
 2.00389534627057E+03	-4.93427381977936E-01
 2.00389808417060E+03	-5.42835030619558E-01
 2.00390082207063E+03	-4.59407956855559E-01
 2.00390355997066E+03	-2.55580227883484E-01
 2.00390629787069E+03	 1.44477912588231E-02
 2.00390903577072E+03	 2.43538207108752E-01
 2.00391177367075E+03	 3.36996964390818E-01
 2.00391451157078E+03	 2.90519550930001E-01
 2.00391724947081E+03	 1.80324107951602E-01
 2.00391998737084E+03	 7.67359262888753E-02
 2.00392272527087E+03	-1.20187907940895E-02
 2.00392546317090E+03	-1.12297177007407E-01
 2.00392820107093E+03	-2.29087419689047E-01
 2.00393093897097E+03	-3.30657333677757E-01
 2.00393367687100E+03	-3.74967003442643E-01
 2.00393641477103E+03	-3.40187766665251E-01
 2.00393915267106E+03	-2.37576359124222E-01
 2.00394189057109E+03	-1.03214438950527E-01
 2.00394462847112E+03	 2.83570610702866E-02
 2.00394736637115E+03	 1.49522428878287E-01
 2.00395010427118E+03	 2.75364338720375E-01
 2.00395284217121E+03	 4.08028163566495E-01
 2.00395558007124E+03	 5.07310043385579E-01
 2.00395831797127E+03	 5.05560973174496E-01
 2.00396105587130E+03	 3.61232968629377E-01
 2.00396379377133E+03	 1.02968232665294E-01
 2.00396653167137E+03	-1.80570381121824E-01
 2.00396926957140E+03	-3.97789830114506E-01
 2.00397200747143E+03	-5.00358770009870E-01
 2.00397474537146E+03	-4.77380317113100E-01
 2.00397748327149E+03	-3.29422778004212E-01
 2.00398022117152E+03	-8.01210476100007E-02
 2.00398295907155E+03	 1.89393859794842E-01
 2.00398569697158E+03	 3.60606300908051E-01
 2.00398843487161E+03	 3.65469935197237E-01
 2.00399117277164E+03	 2.44568213983311E-01
 2.00399391067167E+03	 9.73336925956935E-02
 2.00399664857170E+03	-1.68068458423351E-02
 2.00399938647173E+03	-1.09683520169030E-01
 2.00400212437177E+03	-2.10396192287902E-01
 2.00400486227180E+03	-3.11187833595126E-01
 2.00400760017183E+03	-3.71932128057124E-01
 2.00401033807186E+03	-3.57886762178715E-01
 2.00401307597189E+03	-2.65204195429920E-01
 2.00401581387192E+03	-1.21956798223793E-01
 2.00401855177195E+03	 3.00119371092580E-02
 2.00402128967198E+03	 1.63218982729617E-01
 2.00402402757201E+03	 2.78422940043957E-01
 2.00402676547204E+03	 3.83901116863606E-01
 2.00402950337207E+03	 4.61306065737627E-01
 2.00403224127210E+03	 4.63478285471139E-01
 2.00403497917213E+03	 3.53271754534407E-01
 2.00403771707216E+03	 1.42820995921289E-01
 2.00404045497220E+03	-1.06103244661574E-01
 2.00404319287223E+03	-3.17751813654955E-01
 2.00404593077226E+03	-4.39560790130891E-01
 2.00404866867229E+03	-4.50982460244738E-01
 2.00405140657232E+03	-3.48044221021861E-01
 2.00405414447234E+03	-1.38944310789617E-01
 2.00405688237238E+03	 1.30761835354242E-01
 2.00405962027241E+03	 3.63133354678319E-01
 2.00406235817244E+03	 4.55117440924776E-01
 2.00406509607247E+03	 3.80555677208344E-01
 2.00406783397250E+03	 2.11317768894865E-01
 2.00407057187253E+03	 4.36395546164219E-02
 2.00407330977256E+03	-8.41804572827532E-02
 2.00407604767260E+03	-1.91100040487376E-01
 2.00407878557263E+03	-2.92303412071415E-01
 2.00408152347266E+03	-3.65596013558723E-01
 2.00408426137269E+03	-3.73895047549156E-01
 2.00408699927272E+03	-3.00312076336871E-01
 2.00408973717275E+03	-1.59732068499834E-01
 2.00409247507278E+03	 1.11532031354118E-02
 2.00409521297281E+03	 1.75026200037559E-01
 2.00409795087284E+03	 3.14192587733817E-01
 2.00410068877287E+03	 4.27628386368154E-01
 2.00410342667290E+03	 5.02648404671932E-01
 2.00410616457293E+03	 5.00586558018184E-01
 2.00410890247296E+03	 3.86920843134552E-01
 2.00411164037300E+03	 1.74433073710624E-01
 2.00411437827303E+03	-7.43177042961146E-02
 2.00411711617306E+03	-2.86414850354671E-01
 2.00411985407309E+03	-4.13949058266156E-01
 2.00412259197312E+03	-4.37953581056026E-01
 2.00412532987315E+03	-3.55515140850070E-01
 2.00412806777318E+03	-1.74893546283880E-01
 2.00413080567321E+03	 7.31457729810562E-02
 2.00413354357324E+03	 3.21555051394337E-01
 2.00413628147327E+03	 4.80011057247990E-01
 2.00413901937330E+03	 4.86394272013187E-01
 2.00414175727333E+03	 3.55555573095911E-01
 2.00414449517336E+03	 1.65817550748148E-01
 2.00414723307340E+03	-1.01080424953817E-02
 2.00414997097343E+03	-1.51907994476210E-01
 2.00415270887346E+03	-2.69699354732375E-01
 2.00415544677349E+03	-3.58051597200699E-01
 2.00415818467352E+03	-3.89062802029578E-01
 2.00416092257355E+03	-3.41096646563609E-01
 2.00416366047358E+03	-2.19157136479042E-01
 2.00416639837361E+03	-5.05435082579262E-02
 2.00416913627364E+03	 1.30853261972818E-01
 2.00417187417367E+03	 3.00195331837348E-01
 2.00417461207370E+03	 4.46257601221827E-01
 2.00417734997373E+03	 5.53933789682730E-01
 2.00418008787376E+03	 5.83719510571963E-01
 2.00418282577379E+03	 4.89064932306331E-01
 2.00418556367383E+03	 2.67886177843738E-01
 2.00418830157386E+03	-1.43052607933651E-02
 2.00419103947389E+03	-2.65057859801556E-01
 2.00419377737392E+03	-4.22095297375635E-01
 2.00419651527395E+03	-4.66167981142822E-01
 2.00419925317398E+03	-3.98363849892029E-01
 2.00420199107401E+03	-2.29828394333514E-01
 2.00420472897404E+03	 6.18331101284907E-03
 2.00420746687407E+03	 2.48828886906145E-01
 2.00421020477410E+03	 4.26717928476910E-01
 2.00421294267413E+03	 4.87136461366894E-01
 2.00421568057416E+03	 4.20976579455608E-01
 2.00421841847419E+03	 2.66628598074556E-01
 2.00422115637423E+03	 8.30738786951993E-02
 2.00422389427426E+03	-8.80857309892963E-02
 2.00422663217429E+03	-2.33162628650519E-01
 2.00422937007432E+03	-3.43723095921907E-01
 2.00423210797435E+03	-3.98889268360117E-01
 2.00423484587438E+03	-3.77983137635197E-01
 2.00423758377441E+03	-2.81778684533216E-01
 2.00424032167444E+03	-1.33254019274239E-01
 2.00424305957447E+03	 3.86379557144243E-02
 2.00424579747450E+03	 2.13070655236113E-01
 2.00424853537453E+03	 3.79721259065914E-01
 2.00425127327456E+03	 5.25635230750581E-01
 2.00425401117459E+03	 6.13762197753795E-01
 2.00425674907463E+03	 5.84858651374781E-01
 2.00425948697466E+03	 4.04109384579775E-01
 2.00426222487469E+03	 1.11436465597932E-01
 2.00426496277472E+03	-1.91195291594250E-01
 2.00426770067475E+03	-4.09471761039524E-01
 2.00427043857478E+03	-5.03435909029719E-01
 2.00427317647481E+03	-4.71562284541236E-01
 2.00427591437484E+03	-3.23313177178290E-01
 2.00427865227487E+03	-8.92695205118013E-02
 2.00428139017490E+03	 1.61555266813354E-01
 2.00428412807493E+03	 3.46285901598694E-01
 2.00428686597496E+03	 4.17099114757398E-01
 2.00428960387499E+03	 3.79715322001878E-01
 2.00429234177502E+03	 2.70084021090312E-01
 2.00429507967506E+03	 1.24087240490308E-01
 2.00429781757509E+03	-3.41398947231314E-02
 2.00430055547512E+03	-1.87818781155193E-01
 2.00430329337515E+03	-3.17704399086144E-01
 2.00430603127518E+03	-3.97335422561571E-01
 2.00430876917521E+03	-4.02677637054364E-01
 2.00431150707524E+03	-3.30196043925538E-01
 2.00431424497527E+03	-2.02150570283622E-01
 2.00431698287530E+03	-5.03689147848195E-02
 2.00431972077533E+03	 1.04766982155005E-01
 2.00432245867536E+03	 2.59790372513176E-01
 2.00432519657539E+03	 4.13526848136671E-01
 2.00432793447542E+03	 5.42491757127195E-01
 2.00433067237546E+03	 5.90087037335542E-01
 2.00433341027549E+03	 4.95973319008633E-01
 2.00433614817552E+03	 2.54567660857661E-01
 2.00433888607555E+03	-5.85167661532095E-02
 2.00434162397558E+03	-3.32851749533593E-01
 2.00434436187561E+03	-4.94592351174064E-01
 2.00434709977564E+03	-5.24054275518918E-01
 2.00434983767567E+03	-4.23467083466538E-01
 2.00435257557570E+03	-2.08325246150530E-01
 2.00435531347573E+03	 6.14978371317239E-02
 2.00435805137576E+03	 2.81520771358062E-01
 2.00436078927579E+03	 3.68809085435804E-01
 2.00436352717582E+03	 3.23817685277333E-01
 2.00436626507586E+03	 2.11261797629210E-01
 2.00436900297589E+03	 8.84332546032400E-02
 2.00437174087592E+03	-3.23734862748203E-02
 2.00437447877595E+03	-1.60170334857206E-01
 2.00437721667598E+03	-2.87676361104987E-01
 2.00437995457601E+03	-3.83638240639154E-01
 2.00438269247604E+03	-4.12964069895577E-01
 2.00438543037607E+03	-3.61165232335882E-01
 2.00438816827610E+03	-2.45019101970164E-01
 2.00439090617613E+03	-1.01445360367412E-01
 2.00439364407616E+03	 3.85005033534434E-02
 2.00439638197619E+03	 1.68105976020772E-01
 2.00439911987622E+03	 2.97270039496714E-01
 2.00440185777625E+03	 4.23768674152585E-01
 2.00440459567629E+03	 5.10210795862313E-01
 2.00440733357632E+03	 4.94781958236793E-01
 2.00441007147635E+03	 3.38822252120986E-01
 2.00441280937638E+03	 7.26953373777450E-02
 2.00441554727641E+03	-2.11951755268125E-01
 2.00441828517644E+03	-4.22903704061009E-01
 2.00442102307647E+03	-5.14822211807910E-01
 2.00442376097650E+03	-4.77893885034157E-01
 2.00442649887653E+03	-3.11568212230062E-01
 2.00442923677656E+03	-4.52057531464225E-02
 2.00443197467659E+03	 2.26421941677524E-01
 2.00443471257662E+03	 3.78431824793992E-01
 2.00443745047665E+03	 3.54096921397417E-01
 2.00444018837669E+03	 2.10951928229972E-01
 2.00444292627672E+03	 5.30120517474483E-02
 2.00444566417675E+03	-6.74021784229945E-02
 2.00444840207678E+03	-1.66714189563796E-01
 2.00445113997681E+03	-2.70439636378241E-01
 2.00445387787684E+03	-3.65845351891955E-01
 2.00445661577687E+03	-4.12710775714773E-01
 2.00445935367690E+03	-3.81026005065615E-01
 2.00446209157693E+03	-2.73871949738712E-01
 2.00446482947696E+03	-1.24864895584620E-01
 2.00446756737699E+03	 2.35208887110329E-02
 2.00447030527702E+03	 1.47482767681592E-01
 2.00447304317705E+03	 2.52064474579780E-01
 2.00447578107709E+03	 3.50074893344080E-01
 2.00447851897712E+03	 4.29156824176550E-01
 2.00448125687715E+03	 4.44396224992467E-01
 2.00448399477718E+03	 3.50545099690315E-01
 2.00448673267721E+03	 1.47204368491871E-01
 2.00448947057724E+03	-1.06851491610781E-01
 2.00449220847727E+03	-3.27790869380157E-01
 2.00449494637730E+03	-4.56092570476103E-01
 2.00449768427733E+03	-4.69863677764322E-01
 2.00450042217736E+03	-3.61323348816167E-01
 2.00450316007739E+03	-1.33308535507625E-01
 2.00450589797742E+03	 1.60234556711416E-01
 2.00450863587745E+03	 3.97004675738608E-01
 2.00451137377749E+03	 4.58305753600515E-01
 2.00451411167752E+03	 3.32326061401861E-01
 2.00451684957755E+03	 1.22228806912748E-01
 2.00451958747758E+03	-5.83513356854827E-02
 2.00452232537761E+03	-1.77778944241553E-01
 2.00452506327764E+03	-2.69453241832778E-01
 2.00452780117767E+03	-3.54719760479055E-01
 2.00453053907770E+03	-4.09922134079706E-01
 2.00453327697773E+03	-3.97352477107103E-01
 2.00453601487776E+03	-3.04069929683908E-01
 2.00453875277779E+03	-1.51448584239492E-01
 2.00454149067782E+03	 1.82328661246458E-02
 2.00454422857785E+03	 1.65465587106054E-01
 2.00454696647788E+03	 2.75507614134397E-01
 2.00454970437792E+03	 3.57374698791174E-01
 2.00455244227795E+03	 4.15015104743986E-01
 2.00455518017798E+03	 4.24017430728233E-01
 2.00455791807801E+03	 3.47345400417870E-01
 2.00456065597804E+03	 1.76103793079279E-01
 2.00456339387807E+03	-4.95563498904883E-02
 2.00456613177810E+03	-2.60644817576064E-01
 2.00456886967813E+03	-3.98602514319076E-01
 2.00457160757816E+03	-4.36034206224563E-01
 2.00457434547819E+03	-3.65478059379611E-01
 2.00457708337822E+03	-1.84259042637712E-01
 2.00457982127825E+03	 8.71526043442522E-02
 2.00458255917828E+03	 3.68509917569791E-01
 2.00458529707832E+03	 5.33537813741969E-01
 2.00458803497835E+03	 4.98227181667781E-01
 2.00459077287838E+03	 2.97983565008618E-01
 2.00459351077841E+03	 5.47664561878829E-02
 2.00459624867844E+03	-1.34555167615204E-01
 2.00459898657847E+03	-2.59038139655714E-01
 2.00460172447850E+03	-3.49656030126936E-01
 2.00460446237853E+03	-4.11209708733518E-01
 2.00460720027856E+03	-4.15779324571940E-01
 2.00460993817859E+03	-3.41820441611285E-01
 2.00461267607862E+03	-1.98156086786488E-01
 2.00461541397865E+03	-1.77989259094070E-02
 2.00461815187868E+03	 1.58540312388309E-01
 2.00462088977872E+03	 3.00206310321529E-01
 2.00462362767875E+03	 3.98517899918258E-01
 2.00462636557878E+03	 4.56079814311445E-01
 2.00462910347881E+03	 4.60891151190594E-01
 2.00463184137884E+03	 3.84164269720166E-01
 2.00463457927887E+03	 2.14654213564617E-01
 2.00463731717890E+03	-1.22726419440198E-02
 2.00464005507893E+03	-2.29212367270144E-01
 2.00464279297896E+03	-3.76821563312594E-01
 2.00464553087899E+03	-4.26249767452968E-01
 2.00464826877902E+03	-3.72087831850395E-01
 2.00465100667905E+03	-2.18197913257343E-01
 2.00465374457908E+03	 1.97221325313485E-02
 2.00465648247911E+03	 2.93400713264467E-01
 2.00465922037915E+03	 5.11846101708698E-01
 2.00466195827918E+03	 5.78022553320861E-01
 2.00466469617921E+03	 4.60207180612889E-01
 2.00466743407924E+03	 2.24549306557079E-01
 2.00467017197927E+03	-1.96245903021207E-02
 2.00467290987930E+03	-2.05902595116601E-01
 2.00467564777933E+03	-3.32481684520473E-01
 2.00467838567936E+03	-4.12911332787315E-01
 2.00468112357939E+03	-4.36816791901034E-01
 2.00468386147942E+03	-3.85208448187066E-01
 2.00468659937945E+03	-2.60561042778554E-01
 2.00468933727948E+03	-8.87202255354014E-02
 2.00469207517951E+03	 9.68157645787716E-02
 2.00469481307955E+03	 2.65780792546360E-01
 2.00469755097958E+03	 3.97838758984559E-01
 2.00470028887961E+03	 4.83576504907978E-01
 2.00470302677964E+03	 5.10744588674977E-01
 2.00470576467967E+03	 4.53136439853599E-01
 2.00470850257970E+03	 2.91910862940257E-01
 2.00471124047973E+03	 5.28240069017618E-02
 2.00471397837976E+03	-1.93112552473080E-01
 2.00471671627979E+03	-3.73329685944065E-01
 2.00471945417982E+03	-4.49844354303110E-01
 2.00472219207985E+03	-4.15320383829762E-01
 2.00472492997988E+03	-2.76138536669224E-01
 2.00472766787991E+03	-5.41834101329639E-02
 2.00473040577995E+03	 2.02227139910259E-01
 2.00473314367998E+03	 4.21911044280667E-01
 2.00473588158001E+03	 5.33289912861645E-01
 2.00473861948004E+03	 4.96769573343450E-01
 2.00474135738007E+03	 3.30144292068930E-01
 2.00474409528010E+03	 1.01250251645786E-01
 2.00474683318013E+03	-1.16789653597949E-01
 2.00474957108016E+03	-2.86325921992821E-01
 2.00475230898019E+03	-4.00377189607106E-01
 2.00475504688022E+03	-4.51657522271705E-01
 2.00475778478025E+03	-4.26058713383858E-01
 2.00476052268028E+03	-3.24186039532622E-01
 2.00476326058031E+03	-1.70527498165451E-01
 2.00476599848034E+03	 3.17257855960091E-03
 2.00476873638038E+03	 1.73455583824995E-01
 2.00477147428041E+03	 3.24610558814737E-01
 2.00477421218044E+03	 4.42996165494373E-01
 2.00477695008047E+03	 5.10802550248466E-01
 2.00477968798050E+03	 4.99136928316245E-01
 2.00478242588053E+03	 3.78432569161238E-01
 2.00478516378056E+03	 1.53671864263229E-01
 2.00478790168059E+03	-1.14555879109602E-01
 2.00479063958062E+03	-3.40928101448103E-01
 2.00479337748065E+03	-4.67206504061514E-01
 2.00479611538068E+03	-4.75368206875874E-01
 2.00479885328071E+03	-3.66002428499531E-01
 2.00480159118074E+03	-1.55072161255591E-01
 2.00480432908078E+03	 1.04858234675297E-01
 2.00480706698081E+03	 3.28654874767755E-01
 2.00480980488084E+03	 4.43838090391944E-01
 2.00481254278087E+03	 4.29714952934401E-01
 2.00481528068090E+03	 3.13116123559833E-01
 2.00481801858093E+03	 1.39075283394755E-01
 2.00482075648096E+03	-5.10103352369021E-02
 2.00482349438099E+03	-2.26618894411458E-01
 2.00482623228102E+03	-3.65762733722618E-01
 2.00482897018105E+03	-4.47556447381792E-01
 2.00483170808108E+03	-4.51970885142973E-01
 2.00483444598111E+03	-3.74478793358319E-01
 2.00483718388114E+03	-2.37684890896086E-01
 2.00483992178118E+03	-7.85899655048847E-02
 2.00484265968121E+03	 7.63545580279305E-02
 2.00484539758124E+03	 2.18951913507484E-01
 2.00484813548127E+03	 3.45924336034495E-01
 2.00485087338130E+03	 4.43546843000102E-01
 2.00485361128133E+03	 4.81772283725742E-01
 2.00485634918136E+03	 4.22682722273556E-01
 2.00485908708139E+03	 2.49013235226159E-01
 2.00486182498142E+03	-4.54789937859147E-03
 2.00486456288145E+03	-2.58081833576266E-01
 2.00486730078148E+03	-4.35592098843639E-01
 2.00487003868151E+03	-5.01020680724802E-01
 2.00487277658154E+03	-4.45278118904211E-01
 2.00487551448158E+03	-2.68296969946904E-01
 2.00487825238161E+03	-3.60784036523071E-03
 2.00488099028164E+03	 2.55848574773451E-01
 2.00488372818167E+03	 3.99862472869996E-01
 2.00488646608170E+03	 3.84194622087702E-01
 2.00488920398173E+03	 2.56268832645208E-01
 2.00489194188176E+03	 9.49590810720152E-02
 2.00489467978179E+03	-5.70346859301137E-02
 2.00489741768182E+03	-1.97838736157779E-01
 2.00490015558185E+03	-3.27669930271988E-01
 2.00490289348188E+03	-4.24795692435559E-01
 2.00490563138191E+03	-4.56213707590747E-01
 2.00490836928194E+03	-4.03600577639766E-01
 2.00491110718197E+03	-2.80281706654104E-01
 2.00491384508201E+03	-1.25228147513686E-01
 2.00491658298204E+03	 2.30641628928778E-02
 2.00491932088207E+03	 1.49507276370837E-01
 2.00492205878210E+03	 2.59540762695790E-01
 2.00492479668213E+03	 3.55613432910259E-01
 2.00492753458216E+03	 4.18282557551754E-01
 2.00493027248219E+03	 4.09314402464977E-01
 2.00493301038222E+03	 2.97138610438748E-01
 2.00493574828225E+03	 8.98458110872992E-02
 2.00493848618228E+03	-1.54146334082255E-01
 2.00494122408231E+03	-3.57418829021534E-01
 2.00494396198234E+03	-4.68418379298544E-01
 2.00494669988237E+03	-4.68618773004046E-01
 2.00494943778241E+03	-3.47418386790762E-01
 2.00495217568244E+03	-1.07618689337770E-01
 2.00495491358247E+03	 1.87174360449008E-01
 2.00495765148250E+03	 4.06339844719031E-01
 2.00496038938253E+03	 4.40053137891819E-01
 2.00496312728256E+03	 2.96105651079161E-01
 2.00496586518259E+03	 8.46525304978592E-02
 2.00496860308262E+03	-9.27726492457291E-02
 2.00497134098265E+03	-2.16721181783880E-01
 2.00497407888268E+03	-3.17315195993903E-01
 2.00497681678271E+03	-4.04277081806689E-01
 2.00497955468274E+03	-4.48542196365890E-01
 2.00498229258277E+03	-4.16892613128514E-01
 2.00498503048281E+03	-3.06273090005010E-01
 2.00498776838284E+03	-1.47914124223430E-01
 2.00499050628287E+03	 1.27472287336136E-02
 2.00499324418290E+03	 1.43433315700836E-01
 2.00499598208293E+03	 2.40053350770579E-01
 2.00499871998296E+03	 3.15019579066071E-01
 2.00500145788299E+03	 3.68986200543120E-01
 2.00500419578302E+03	 3.76503333180192E-01
 2.00500693368305E+03	 3.03271580408543E-01
 2.00500967158308E+03	 1.40631675481376E-01
 2.00501240948311E+03	-7.45829255544785E-02
 2.00501514738314E+03	-2.75893527730431E-01
 2.00501788528317E+03	-4.06464354346038E-01
 2.00502062318320E+03	-4.40979088085688E-01
 2.00502336108324E+03	-3.68909463311631E-01
 2.00502609898327E+03	-1.78086487110866E-01
 2.00502883688330E+03	 1.12217642899500E-01
 2.00503157478333E+03	 4.02844341160390E-01
 2.00503431268336E+03	 5.45467929114831E-01
 2.00503705058339E+03	 4.60456294724382E-01
 2.00503978848342E+03	 2.14202336741615E-01
 2.00504252638345E+03	-4.59920353095849E-02
 2.00504526428348E+03	-2.25769979780370E-01
 2.00504800218351E+03	-3.32051574748408E-01
 2.00505074008354E+03	-4.05697231514480E-01
 2.00505347798357E+03	-4.49069592872296E-01
 2.00505621588360E+03	-4.30900362280607E-01
 2.00505895378364E+03	-3.33419748459920E-01
 2.00506169168367E+03	-1.74702711045811E-01
 2.00506442958370E+03	 3.95220229919469E-03
 2.00506716748373E+03	 1.60761206253037E-01
 2.00506990538376E+03	 2.72461073720738E-01
 2.00507264328379E+03	 3.40902996586191E-01
 2.00507538118382E+03	 3.77100035352895E-01
 2.00507811908385E+03	 3.75371845570443E-01
 2.00508085698388E+03	 3.10696993727348E-01
 2.00508359488391E+03	 1.67979706723930E-01
 2.00508633278394E+03	-2.93740584933124E-02
 2.00508907068397E+03	-2.24647333040155E-01
 2.00509180858400E+03	-3.61247574834205E-01
 2.00509454648404E+03	-4.09671208176590E-01
 2.00509728438407E+03	-3.62799796080191E-01
 2.00510002228410E+03	-2.13949734197539E-01
 2.00510276018413E+03	 3.84867753290334E-02
 2.00510549808416E+03	 3.46337840023016E-01
 2.00510823598419E+03	 5.86970433614103E-01
 2.00511097388422E+03	 6.27625252571286E-01
 2.00511371178425E+03	 4.39903911279728E-01
 2.00511644968428E+03	 1.33683629437052E-01
 2.00511918758431E+03	-1.41824048826121E-01
 2.00512192548434E+03	-3.17813961989619E-01
 2.00512466338437E+03	-4.15234043405608E-01
 2.00512740128440E+03	-4.64697606254427E-01
 2.00513013918443E+03	-4.57957967091716E-01
 2.00513287708447E+03	-3.75244954422909E-01
 2.00513561498450E+03	-2.24236312399661E-01
 2.00513835288453E+03	-3.90165634637647E-02
 2.00514109078456E+03	 1.41349433571109E-01
 2.00514382868459E+03	 2.85871377897202E-01
 2.00514656658462E+03	 3.78657037865890E-01
 2.00514930448465E+03	 4.20393088563125E-01
 2.00515204238468E+03	 4.13928810055058E-01
 2.00515478028471E+03	 3.48041297243542E-01
 2.00515751818474E+03	 2.08899841397365E-01
 2.00516025608477E+03	 1.12598386839052E-02
 2.00516299398480E+03	-1.93257530310193E-01
 2.00516573188483E+03	-3.45053835689344E-01
 2.00516846978487E+03	-4.08699048255201E-01
 2.00517120768490E+03	-3.76315194885251E-01
 2.00517394558493E+03	-2.49964752560484E-01
 2.00517668348496E+03	-3.36215120571049E-02
 2.00517942138499E+03	 2.47468849194673E-01
 2.00518215928502E+03	 5.18052464453897E-01
 2.00518489718505E+03	 6.62722641349043E-01
 2.00518763508508E+03	 5.97658189060941E-01
 2.00519037298511E+03	 3.46919448159911E-01
 2.00519311088514E+03	 3.18324869220035E-02
 2.00519584878517E+03	-2.27718946700229E-01
 2.00519858668520E+03	-3.90895083204114E-01
 2.00520132458523E+03	-4.74932179265187E-01
 2.00520406248527E+03	-4.90784584193666E-01
 2.00520680038530E+03	-4.28998991706362E-01
 2.00520953828533E+03	-2.93447608062590E-01
 2.00521227618536E+03	-1.15321358598909E-01
 2.00521501408539E+03	 6.85603727843208E-02
 2.00521775198542E+03	 2.32394885993585E-01
 2.00522048988545E+03	 3.57907375475375E-01
 2.00522322778548E+03	 4.31775939051671E-01
 2.00522596568551E+03	 4.47075491252184E-01
 2.00522870358554E+03	 3.96264996553704E-01
 2.00523144148557E+03	 2.68985519188375E-01
 2.00523417938560E+03	 7.26293750581634E-02
 2.00523691728563E+03	-1.48370298912445E-01
 2.00523965518567E+03	-3.29717218791189E-01
 2.00524239308570E+03	-4.24992580963276E-01
 2.00524513098573E+03	-4.19105856601404E-01
 2.00524786888576E+03	-3.13566498879124E-01
 2.00525060678579E+03	-1.18233793015930E-01
 2.00525334468582E+03	 1.37083606496405E-01
 2.00525608258585E+03	 3.92073370357513E-01
 2.00525882048588E+03	 5.65572713733584E-01
 2.00526155838591E+03	 5.87324746877118E-01
 2.00526429628594E+03	 4.39903554351153E-01
 2.00526703418597E+03	 1.79169942813637E-01
 2.00526977208600E+03	-9.77517521564666E-02
 2.00527250998603E+03	-3.15886053846614E-01
 2.00527524788606E+03	-4.51788301382338E-01
 2.00527798578610E+03	-5.06530564703348E-01
 2.00528072368613E+03	-4.76209626904182E-01
 2.00528346158616E+03	-3.63564440365392E-01
 2.00528619948619E+03	-1.98416427945038E-01
 2.00528893738622E+03	-2.31548958210902E-02
 2.00529167528625E+03	 1.36328381739424E-01
 2.00529441318628E+03	 2.71914814846514E-01
 2.00529715108631E+03	 3.74425377388517E-01
 2.00529988898634E+03	 4.27383995282350E-01
 2.00530262688637E+03	 4.13476796246985E-01
 2.00530536478640E+03	 3.19050549943363E-01
 2.00530810268643E+03	 1.44407070251412E-01
 2.00531084058646E+03	-7.79215077429821E-02
 2.00531357848650E+03	-2.85685184791746E-01
 2.00531631638653E+03	-4.21170509447680E-01
 2.00531905428656E+03	-4.57582457534250E-01
 2.00532179218659E+03	-3.89140565393536E-01
 2.00532453008662E+03	-2.17854075213890E-01
 2.00532726798665E+03	 2.90661830790382E-02
 2.00533000588668E+03	 2.81426544697890E-01
 2.00533274378671E+03	 4.52003621554445E-01
 2.00533548168674E+03	 4.87167278806920E-01
 2.00533821958677E+03	 3.89267051621983E-01
 2.00534095748680E+03	 2.00184370005168E-01
 2.00534369538683E+03	-2.48805897518236E-02
 2.00534643328686E+03	-2.35939403753351E-01
 2.00534917118690E+03	-3.98361923623341E-01
 2.00535190908693E+03	-4.91008570466421E-01
 2.00535464698696E+03	-4.98096159387800E-01
 2.00535738488699E+03	-4.14796662365466E-01
 2.00536012278702E+03	-2.64300184346798E-01
 2.00536286068705E+03	-9.38941369377085E-02
 2.00536559858708E+03	 5.77272609354267E-02
 2.00536833648711E+03	 1.82250946960392E-01
 2.00537107438714E+03	 2.85633568851816E-01
 2.00537381228717E+03	 3.61137253284948E-01
 2.00537655018720E+03	 3.85744003944751E-01
 2.00537928808723E+03	 3.35153139938517E-01
 2.00538202598726E+03	 1.99754519356309E-01
 2.00538476388729E+03	-9.65912608444577E-04
 2.00538750178733E+03	-2.14651782250805E-01
 2.00539023968736E+03	-3.79561465287363E-01
 2.00539297758739E+03	-4.57641747718171E-01
 2.00539571548742E+03	-4.36207138904726E-01
 2.00539845338745E+03	-3.06448063388213E-01
 2.00540119128748E+03	-7.33263713026896E-02
 2.00540392918751E+03	 2.02666801830983E-01
 2.00540666708754E+03	 4.07596330321717E-01
 2.00540940498757E+03	 4.51427542991705E-01
 2.00541214288760E+03	 3.38806153591626E-01
 2.00541488078763E+03	 1.48659057786908E-01
 2.00541761868766E+03	-4.47232515463841E-02
 2.00542035658769E+03	-2.13950375216108E-01
 2.00542309448773E+03	-3.56406459546995E-01
 2.00542583238776E+03	-4.59086732755329E-01
 2.00542857028779E+03	-4.94055194364278E-01
 2.00543130818782E+03	-4.40123758506113E-01
 2.00543404608785E+03	-3.06094110110824E-01
 2.00543678398788E+03	-1.34220788103992E-01
 2.00543952188791E+03	 2.47311731344114E-02
 2.00544225978794E+03	 1.45424424921125E-01
 2.00544499768797E+03	 2.34680731472271E-01
 2.00544773558800E+03	 3.04217684825496E-01
 2.00545047348803E+03	 3.44260335073512E-01
 2.00545321138806E+03	 3.26975678899393E-01
 2.00545594928809E+03	 2.30598965495554E-01
 2.00545868718813E+03	 6.12502579743598E-02
 2.00546142508816E+03	-1.40529645238290E-01
 2.00546416298819E+03	-3.15996807501072E-01
 2.00546690088822E+03	-4.20128053439821E-01
 2.00546963878825E+03	-4.35827640215660E-01
 2.00547237668828E+03	-3.53066131238051E-01
 2.00547511458831E+03	-1.56782917004483E-01
 2.00547785248834E+03	 1.31216193926984E-01
 2.00548059038837E+03	 4.06084227169592E-01
 2.00548332828840E+03	 5.24759265566525E-01
 2.00548606618843E+03	 4.25683903689616E-01
 2.00548880408846E+03	 1.85483795643418E-01
 2.00549154198849E+03	-6.10693550045360E-02
 2.00549427988852E+03	-2.39391954346123E-01
 2.00549701778856E+03	-3.58545873598108E-01
 2.00549975568859E+03	-4.43994117232610E-01
 2.00550249358862E+03	-4.85225667645658E-01
 2.00550523148865E+03	-4.51286125118381E-01
 2.00550796938868E+03	-3.33128659974585E-01
 2.00551070728871E+03	-1.60264512464318E-01
 2.00551344518874E+03	 1.62856838965576E-02
 2.00551618308877E+03	 1.55068786297821E-01
 2.00551892098880E+03	 2.45480298119495E-01
 2.00552165888883E+03	 3.01304492418855E-01
 2.00552439678886E+03	 3.32173286494201E-01
 2.00552713468889E+03	 3.24174337283447E-01
 2.00552987258892E+03	 2.51748790764706E-01
 2.00553261048896E+03	 1.07537838138765E-01
 2.00553534838899E+03	-7.99385411109322E-02
 2.00553808628902E+03	-2.56647479887128E-01
 2.00554082418905E+03	-3.73453448502063E-01
 2.00554356208908E+03	-4.08857901880495E-01
 2.00554629998911E+03	-3.58356286991403E-01
 2.00554903788914E+03	-2.07567832705617E-01
 2.00555177578917E+03	 5.46444026713511E-02
 2.00555451368920E+03	 3.73930320421104E-01
 2.00555725158923E+03	 6.06958729043992E-01
 2.00555998948926E+03	 6.12565890868387E-01
 2.00556272738929E+03	 3.82701934490333E-01
 2.00556546528932E+03	 5.55508321179832E-02
 2.00556820318936E+03	-2.14001165957030E-01
 2.00557094108939E+03	-3.73588740259800E-01
 2.00557367898942E+03	-4.57647283263103E-01
 2.00557641688945E+03	-4.94896860617417E-01
 2.00557915478948E+03	-4.70229598191549E-01
 2.00558189268951E+03	-3.64328778332482E-01
 2.00558463058954E+03	-1.93569249204736E-01
 2.00558736848957E+03	-3.26906388947948E-03
 2.00559010638960E+03	 1.61468588408898E-01
 2.00559284428963E+03	 2.75389393800576E-01
 2.00559558218966E+03	 3.37275386996795E-01
 2.00559832008969E+03	 3.58985246812942E-01
 2.00560105798972E+03	 3.44132345679801E-01
 2.00560379588976E+03	 2.78420698502981E-01
 2.00560653378979E+03	 1.48239418779948E-01
 2.00560927168982E+03	-3.11348942362333E-02
 2.00561200958985E+03	-2.11943826486992E-01
 2.00561474748988E+03	-3.41114312328917E-01
 2.00561748538991E+03	-3.89937384447585E-01
 2.00562022328994E+03	-3.55828818162341E-01
 2.00562296118997E+03	-2.37043684704686E-01
 2.00562569909000E+03	-1.96762142796785E-02
 2.00562843699003E+03	 2.85819683693796E-01
 2.00563117489006E+03	 5.89146893306607E-01
 2.00563391279009E+03	 7.35838405098364E-01
 2.00563665069012E+03	 6.22627632564597E-01
 2.00563938859015E+03	 3.01060003203127E-01
 2.00564212649019E+03	-6.08686546472780E-02
 2.00564486439022E+03	-3.24183999422053E-01
 2.00564760229025E+03	-4.64314769232481E-01
 2.00565034019028E+03	-5.19998221340997E-01
 2.00565307809031E+03	-5.07627645240915E-01
 2.00565581599034E+03	-4.14960333486614E-01
 2.00565855389037E+03	-2.49468975045473E-01
 2.00566129179040E+03	-5.31173383456544E-02
 2.00566402969043E+03	 1.27995964073690E-01
 2.00566676759046E+03	 2.67081022357588E-01
 2.00566950549049E+03	 3.54150367186911E-01
 2.00567224339052E+03	 3.88792484725514E-01
 2.00567498129055E+03	 3.74833930817473E-01
 2.00567771919059E+03	 3.10620673493541E-01
 2.00568045709062E+03	 1.88330953754812E-01
 2.00568319499065E+03	 1.41904130791440E-02
 2.00568593289068E+03	-1.74150720764716E-01
 2.00568867079071E+03	-3.22189851373928E-01
 2.00569140869074E+03	-3.91761698489798E-01
 2.00569414659077E+03	-3.74554192833378E-01
 2.00569688449080E+03	-2.75432296374082E-01
 2.00569962239083E+03	-9.31480748453472E-02
 2.00570236029086E+03	 1.69907189516692E-01
 2.00570509819089E+03	 4.69261602352126E-01
 2.00570783609092E+03	 6.96361354672501E-01
 2.00571057399095E+03	 7.26156757327110E-01
 2.00571331189099E+03	 5.17393201970561E-01
 2.00571604979102E+03	 1.63092803323752E-01
 2.00571878769105E+03	-1.79956994105227E-01
 2.00572152559108E+03	-4.11639391468554E-01
 2.00572426349111E+03	-5.25642448595194E-01
 2.00572700139114E+03	-5.46974137946904E-01
 2.00572973929117E+03	-4.79695598298628E-01
 2.00573247719120E+03	-3.28394088593123E-01
 2.00573521509123E+03	-1.31772718851710E-01
 2.00573795299126E+03	 5.64217912625584E-02
 2.00574069089129E+03	 2.06261935099736E-01
 2.00574342879132E+03	 3.13285210746236E-01
 2.00574616669135E+03	 3.75113682054668E-01
 2.00574890459138E+03	 3.84141283622668E-01
 2.00575164249142E+03	 3.34613050418130E-01
 2.00575438039145E+03	 2.24386626633776E-01
 2.00575711829148E+03	 5.93942405127523E-02
 2.00575985619151E+03	-1.32141221585506E-01
 2.00576259409154E+03	-2.99780529519699E-01
 2.00576533199157E+03	-3.97947092813083E-01
 2.00576806989160E+03	-4.08814974674634E-01
 2.00577080779163E+03	-3.34039614679227E-01
 2.00577354569166E+03	-1.76665512260279E-01
 2.00577628359169E+03	 5.43150012858690E-02
 2.00577902149172E+03	 3.22067309669883E-01
 2.00578175939175E+03	 5.52066624625020E-01
 2.00578449729178E+03	 6.52780464259242E-01
 2.00578723519182E+03	 5.64605860842939E-01
 2.00578997309185E+03	 3.08115094205052E-01
 2.00579271099188E+03	-1.75368178454960E-02
 2.00579544889191E+03	-3.00007115459802E-01
 2.00579818679194E+03	-4.80987731455154E-01
 2.00580092469197E+03	-5.56263921370990E-01
 2.00580366259200E+03	-5.31284356315885E-01
 2.00580640049203E+03	-4.09644002020333E-01
 2.00580913839206E+03	-2.21938253206484E-01
 2.00581187629209E+03	-2.81774162191514E-02
 2.00581461419212E+03	 1.25674593491225E-01
 2.00581735209215E+03	 2.35052298357905E-01
 2.00582008999218E+03	 3.11728122647100E-01
 2.00582282789222E+03	 3.50876702350482E-01
 2.00582556579225E+03	 3.34033523197973E-01
 2.00582830369228E+03	 2.49701186588259E-01
 2.00583104159231E+03	 1.02688628121517E-01
 2.00583377949234E+03	-8.26602797802232E-02
 2.00583651739237E+03	-2.61644772385259E-01
 2.00583925529240E+03	-3.86049685201344E-01
 2.00584199319243E+03	-4.29700336169699E-01
 2.00584473109246E+03	-3.88916355501062E-01
 2.00584746899249E+03	-2.61965536840684E-01
 2.00585020689252E+03	-5.15910664718938E-02
 2.00585294479255E+03	 2.04389350914253E-01
 2.00585568269258E+03	 4.25796397770448E-01
 2.00585842059261E+03	 5.30867931178553E-01
 2.00586115849265E+03	 4.83545978709995E-01
 2.00586389639268E+03	 3.04570681758862E-01
 2.00586663429271E+03	 5.25013752732769E-02
 2.00586937219274E+03	-2.02802498639972E-01
 2.00587211009277E+03	-4.05100850154622E-01
 2.00587484799280E+03	-5.23889570972884E-01
 2.00587758589283E+03	-5.45430146938176E-01
 2.00588032379286E+03	-4.64126139865446E-01
 2.00588306169289E+03	-2.97646215883496E-01
 2.00588579959292E+03	-1.00334291420765E-01
 2.00588853749295E+03	 6.51154552467501E-02
 2.00589127539298E+03	 1.74628977513250E-01
 2.00589401329301E+03	 2.45959126290303E-01
 2.00589675119305E+03	 2.95245513014169E-01
 2.00589948909308E+03	 3.08719729238916E-01
 2.00590222699311E+03	 2.60232051560714E-01
 2.00590496489314E+03	 1.41084918193280E-01
 2.00590770279317E+03	-2.95811868266363E-02
 2.00591044069320E+03	-2.09990532705206E-01
 2.00591317859323E+03	-3.51079715039282E-01
 2.00591591649326E+03	-4.20415416937563E-01
 2.00591865439329E+03	-4.11058397558215E-01
 2.00592139229332E+03	-3.20258629533315E-01
 2.00592413019335E+03	-1.37125368093404E-01
 2.00592686809338E+03	 1.21369480585481E-01
 2.00592960599341E+03	 3.71392913262818E-01
 2.00593234389345E+03	 4.98155149854288E-01
 2.00593508179348E+03	 4.46601354040788E-01
 2.00593781969351E+03	 2.60681760545850E-01
 2.00594055759354E+03	 2.95152733910652E-02
 2.00594329549357E+03	-1.84293854622874E-01
 2.00594603339360E+03	-3.58359168442455E-01
 2.00594877129363E+03	-4.80562323822891E-01
 2.00595150919366E+03	-5.29402272016333E-01
 2.00595424709369E+03	-4.83115575656849E-01
 2.00595698499372E+03	-3.42771473007236E-01
 2.00595972289375E+03	-1.47961164951715E-01
 2.00596246079378E+03	 3.64360962906746E-02
 2.00596519869381E+03	 1.62658238025272E-01
 2.00596793659385E+03	 2.30703056516291E-01
 2.00597067449388E+03	 2.68682706279762E-01
 2.00597341239391E+03	 2.86866380429054E-01
 2.00597615029394E+03	 2.63523744884980E-01
 2.00597888819397E+03	 1.74092618017462E-01
 2.00598162609400E+03	 2.26288326249375E-02
 2.00598436399403E+03	-1.54177413227829E-01
 2.00598710189406E+03	-3.05252115413300E-01
 2.00598983979409E+03	-3.91443686968273E-01
 2.00599257769412E+03	-4.01711567473795E-01
 2.00599531559415E+03	-3.38556466786175E-01
 2.00599805349418E+03	-1.89762306499271E-01
 2.00600079139421E+03	 5.66312746516808E-02
 2.00600352929424E+03	 3.49364177176213E-01
 2.00600626719428E+03	 5.55624724328177E-01
 2.00600900509431E+03	 5.52867507691066E-01
 2.00601174299434E+03	 3.43542200615873E-01
 2.00601448089437E+03	 5.10875106869872E-02
 2.00601721879440E+03	-1.98725051481290E-01
 2.00601995669443E+03	-3.65979534876312E-01
 2.00602269459446E+03	-4.70157639276200E-01
 2.00602543249449E+03	-5.18899206818328E-01
 2.00602817039452E+03	-4.90144261665820E-01
 2.00603090829455E+03	-3.69047085639528E-01
 2.00603364619458E+03	-1.79587673840765E-01
 2.00603638409461E+03	 2.14072770223099E-02
 2.00603912199464E+03	 1.77097578949067E-01
 2.00604185989468E+03	 2.63802898992897E-01
 2.00604459779471E+03	 2.96935623713171E-01
 2.00604733569474E+03	 3.01622302525618E-01
 2.00605007359477E+03	 2.78793300469225E-01
 2.00605281149480E+03	 2.06404555155036E-01
 2.00605554939483E+03	 7.25542994527629E-02
 2.00605828729486E+03	-9.97042917114542E-02
 2.00606102519489E+03	-2.60444330656411E-01
 2.00606376309492E+03	-3.62588225350224E-01
 2.00606650099495E+03	-3.86834903989652E-01
 2.00606923889498E+03	-3.38659752803836E-01
 2.00607197679501E+03	-2.17700141829300E-01
 2.00607471469504E+03	-3.27649919625417E-03
 2.00607745259508E+03	 2.99175726996623E-01
 2.00608019049511E+03	 5.92873009395152E-01
 2.00608292839514E+03	 7.15181828538691E-01
 2.00608566629517E+03	 5.71505210584445E-01
 2.00608840419520E+03	 2.34734289101461E-01
 2.00609114209523E+03	-1.18469309910276E-01
 2.00609387999526E+03	-3.62679759811493E-01
 2.00609661789529E+03	-4.89522528942272E-01
 2.00609935579532E+03	-5.38341628614889E-01
 2.00610209369535E+03	-5.16393625492065E-01
 2.00610483159538E+03	-4.06848884078854E-01
 2.00610756949541E+03	-2.20615828800048E-01
 2.00611030739544E+03	-8.29689728510355E-03
 2.00611304529547E+03	 1.72784805458576E-01
 2.00611578319551E+03	 2.89898357129394E-01
 2.00611852109554E+03	 3.41535239839615E-01
 2.00612125899557E+03	 3.44842963890664E-01
 2.00612399689560E+03	 3.13446193535701E-01
 2.00612673479563E+03	 2.42440788130443E-01
 2.00612947269566E+03	 1.19320676483766E-01
 2.00613221059569E+03	-4.77305567109850E-02
 2.00613494849572E+03	-2.18184483805399E-01
 2.00613768639575E+03	-3.40436553714448E-01
 2.00614042429578E+03	-3.84050484745690E-01
 2.00614316219581E+03	-3.49860672397784E-01
 2.00614590009584E+03	-2.47857182039495E-01
 2.00614863799587E+03	-6.91947499806049E-02
 2.00615137589591E+03	 2.01512137046470E-01
 2.00615411379594E+03	 5.24778499553210E-01
 2.00615685169597E+03	 7.68288974978772E-01
 2.00615958959600E+03	 7.77193501068402E-01
 2.00616232749603E+03	 5.13289853526405E-01
 2.00616506539606E+03	 1.06698086401873E-01
 2.00616780329609E+03	-2.54873923159649E-01
 2.00617054119612E+03	-4.74092352559024E-01
 2.00617327909615E+03	-5.65249364967934E-01
 2.00617601699618E+03	-5.63914230354583E-01
 2.00617875489621E+03	-4.71697007461833E-01
 2.00618149279624E+03	-2.92198625709598E-01
 2.00618423069627E+03	-7.13317661982684E-02
 2.00618696859631E+03	 1.26601075270640E-01
 2.00618970649634E+03	 2.64716927055970E-01
 2.00619244439637E+03	 3.40589819648866E-01
 2.00619518229640E+03	 3.63870563054117E-01
 2.00619792019643E+03	 3.41277100822472E-01
 2.00620065809646E+03	 2.73695667985205E-01
 2.00620339599649E+03	 1.57845488639043E-01
 2.00620613389652E+03	-1.82517547530221E-03
 2.00620887179655E+03	-1.76760038480340E-01
 2.00621160969658E+03	-3.18545452051691E-01
 2.00621434759661E+03	-3.87841690538053E-01
 2.00621708549664E+03	-3.75978575835569E-01
 2.00621982339667E+03	-2.94144124064552E-01
 2.00622256129670E+03	-1.45960171267724E-01
 2.00622529919674E+03	 7.88875052228590E-02
 2.00622803709677E+03	 3.71080165701460E-01
 2.00623077499680E+03	 6.55548210104732E-01
 2.00623351289683E+03	 7.97004149944862E-01
 2.00623625079686E+03	 6.89105260175453E-01
 2.00623898869689E+03	 3.56541815609577E-01
 2.00624172659692E+03	-4.90563482743619E-02
 2.00624446449695E+03	-3.70150483132084E-01
 2.00624720239698E+03	-5.47007907304082E-01
 2.00624994029701E+03	-5.98491653686935E-01
 2.00625267819704E+03	-5.43734521297584E-01
 2.00625541609707E+03	-3.87567368578388E-01
 2.00625815399710E+03	-1.66007609487487E-01
 2.00626089189714E+03	 4.78661993573508E-02
 2.00626362979717E+03	 1.98844004310148E-01
 2.00626636769720E+03	 2.83975392606197E-01
 2.00626910559723E+03	 3.24263899593717E-01
 2.00627184349726E+03	 3.26035072747983E-01
 2.00627458139729E+03	 2.80041060763136E-01
 2.00627731929732E+03	 1.80014060096026E-01
 2.00628005719735E+03	 3.24016634154598E-02
 2.00628279509738E+03	-1.38990001653476E-01
 2.00628553299741E+03	-2.92317369442883E-01
 2.00628827089744E+03	-3.85088752358945E-01
 2.00629100879747E+03	-3.99435757635534E-01
 2.00629374669750E+03	-3.42634384575722E-01
 2.00629648459754E+03	-2.22392104529524E-01
 2.00629922249757E+03	-3.51839140400476E-02
 2.00630196039760E+03	 2.12220371020280E-01
 2.00630469829763E+03	 4.72352081044152E-01
 2.00630743619766E+03	 6.53927197157389E-01
 2.00631017409769E+03	 6.61876476355709E-01
 2.00631291199772E+03	 4.63489470555971E-01
 2.00631564989775E+03	 1.27087652962959E-01
 2.00631838779778E+03	-2.16730116964130E-01
 2.00632112569781E+03	-4.64180315926131E-01
 2.00632386359784E+03	-5.84435836358181E-01
 2.00632660149787E+03	-5.85454213027235E-01
 2.00632933939790E+03	-4.73046828828497E-01
 2.00633207729794E+03	-2.69190529192824E-01
 2.00633481519797E+03	-4.13963448413364E-02
 2.00633755309800E+03	 1.31256126355399E-01
 2.00634029099803E+03	 2.21974241939714E-01
 2.00634302889806E+03	 2.60002060684894E-01
 2.00634576679809E+03	 2.73708566703328E-01
 2.00634850469812E+03	 2.55698585461848E-01
 2.00635124259815E+03	 1.84365609413140E-01
 2.00635398049818E+03	 5.63704742311229E-02
 2.00635671839821E+03	-1.06084427726361E-01
 2.00635945629824E+03	-2.63239567232911E-01
 2.00636219419827E+03	-3.71994078593090E-01
 2.00636493209830E+03	-4.07669916656274E-01
 2.00636766999833E+03	-3.73154346887455E-01
 2.00637040789837E+03	-2.77984511241188E-01
 2.00637314579840E+03	-1.18308401629455E-01
 2.00637588369843E+03	 1.03173432732180E-01
 2.00637862159846E+03	 3.41194143565131E-01
 2.00638135949849E+03	 5.12602095154570E-01
 2.00638409739852E+03	 5.44749977252759E-01
 2.00638683529855E+03	 4.17951694239268E-01
 2.00638957319858E+03	 1.71775536939631E-01
 2.00639231109861E+03	-1.16496526572916E-01
 2.00639504899864E+03	-3.66854473223229E-01
 2.00639778689867E+03	-5.27864047465226E-01
 2.00640052479870E+03	-5.80281821924400E-01
 2.00640326269873E+03	-5.18273584742371E-01
 2.00640600059877E+03	-3.49548848647463E-01
 2.00640873849880E+03	-1.21533954265189E-01
 2.00641147639883E+03	 8.18108837679925E-02
 2.00641421429886E+03	 1.98509512116224E-01
 2.00641695219889E+03	 2.35616971383046E-01
 2.00641969009892E+03	 2.39321208796325E-01
 2.00642242799895E+03	 2.29474786600953E-01
 2.00642516589898E+03	 1.84377901488548E-01
 2.00642790379901E+03	 8.13395554839025E-02
 2.00643064169904E+03	-6.96344936873535E-02
 2.00643337959907E+03	-2.29357944274685E-01
 2.00643611749910E+03	-3.51071461528921E-01
 2.00643885539913E+03	-4.03249242121442E-01
 2.00644159329917E+03	-3.83427030314257E-01
 2.00644433119920E+03	-3.04738560549380E-01
 2.00644706909923E+03	-1.66012993882465E-01
 2.00644980699926E+03	 4.29753457594158E-02
 2.00645254489929E+03	 2.90757742012663E-01
 2.00645528279932E+03	 4.82205492548113E-01
 2.00645802069935E+03	 5.19898536628159E-01
 2.00646075859938E+03	 3.86245613882663E-01
 2.00646349649941E+03	 1.48876304842983E-01
 2.00646623439944E+03	-1.05464289441748E-01
 2.00646897229947E+03	-3.22568334720869E-01
 2.00647171019950E+03	-4.77638795894063E-01
 2.00647444809953E+03	-5.51989500612649E-01
 2.00647718599956E+03	-5.26257943283073E-01
 2.00647992389960E+03	-3.93385753472550E-01
 2.00648266179963E+03	-1.80237891172747E-01
 2.00648539969966E+03	 4.47549027883618E-02
 2.00648813759969E+03	 2.04153169426922E-01
 2.00649087549972E+03	 2.67227500755850E-01
 2.00649361339975E+03	 2.65238610140680E-01
 2.00649635129978E+03	 2.42034987518430E-01
 2.00649908919981E+03	 2.01884852232495E-01
 2.00650182709984E+03	 1.18049252537694E-01
 2.00650456499987E+03	-1.99004080731065E-02
 2.00650730289990E+03	-1.83067638750974E-01
 2.00651004079993E+03	-3.20942714490749E-01
 2.00651277869996E+03	-3.92328193722579E-01
 2.00651551660000E+03	-3.85875599361249E-01
 2.00651825450003E+03	-3.15880858966611E-01
 2.00652099240006E+03	-1.91317522519506E-01
 2.00652373030009E+03	 2.86747108634718E-03
 2.00652646820012E+03	 2.65485178249973E-01
 2.00652920610015E+03	 5.17652411471925E-01
 2.00653194400018E+03	 6.23486181521623E-01
 2.00653468190021E+03	 5.05217369305520E-01
 2.00653741980024E+03	 2.22270419904884E-01
 2.00654015770027E+03	-8.64780674304515E-02
 2.00654289560030E+03	-3.22707482268777E-01
 2.00654563350033E+03	-4.70257653823840E-01
 2.00654837140036E+03	-5.42071087866207E-01
 2.00655110930040E+03	-5.30680854650404E-01
 2.00655384720043E+03	-4.19975957010716E-01
 2.00655658510046E+03	-2.22395507406679E-01
 2.00655932300049E+03	 8.83227547589723E-03
 2.00656206090052E+03	 2.02180117019324E-01
 2.00656479880055E+03	 3.08070462704862E-01
 2.00656753670058E+03	 3.27160911335854E-01
 2.00657027460061E+03	 2.96941448571624E-01
 2.00657301250064E+03	 2.45578480734035E-01
 2.00657575040067E+03	 1.65759049362121E-01
 2.00657848830070E+03	 3.90878743745297E-02
 2.00658122620073E+03	-1.24078661753791E-01
 2.00658396410076E+03	-2.78870014287458E-01
 2.00658670200079E+03	-3.75356182303335E-01
 2.00658943990083E+03	-3.89606681242915E-01
 2.00659217780086E+03	-3.30527895402182E-01
 2.00659491570089E+03	-2.16345073244585E-01
 2.00659765360092E+03	-4.23416798566443E-02
 2.00660039150095E+03	 2.10187108052368E-01
 2.00660312940098E+03	 5.08212314573592E-01
 2.00660586730101E+03	 7.24874371696711E-01
 2.00660860520104E+03	 7.13844131946601E-01
 2.00661134310107E+03	 4.48926337868255E-01
 2.00661408100110E+03	 6.28823642521956E-02
 2.00661681890113E+03	-2.71345812196944E-01
 2.00661955680116E+03	-4.74220606009249E-01
 2.00662229470119E+03	-5.62145132041454E-01
 2.00662503260123E+03	-5.60305501901370E-01
 2.00662777050126E+03	-4.63163801186235E-01
 2.00663050840129E+03	-2.73786385227619E-01
 2.00663324630132E+03	-3.88234466392335E-02
 2.00663598420135E+03	 1.72197262399153E-01
 2.00663872210138E+03	 3.09151481217170E-01
 2.00664146000141E+03	 3.60900912649720E-01
 2.00664419790144E+03	 3.47001491091830E-01
 2.00664693580147E+03	 2.93868323704104E-01
 2.00664967370150E+03	 2.11219720412181E-01
 2.00665241160153E+03	 9.09934756786245E-02
 2.00665514950156E+03	-6.66320240589608E-02
 2.00665788740159E+03	-2.30882965688968E-01
 2.00666062530163E+03	-3.51741460454386E-01
 2.00666336320166E+03	-3.93542300398356E-01
 2.00666610110169E+03	-3.54753784517750E-01
 2.00666883900172E+03	-2.55196465846796E-01
 2.00667157690175E+03	-1.03800683175181E-01
 2.00667431480178E+03	 1.15598232951849E-01
 2.00667705270181E+03	 4.06470751079822E-01
 2.00667979060184E+03	 6.94849552015519E-01
 2.00668252850187E+03	 8.29423923101261E-01
 2.00668526640190E+03	 6.93318383296434E-01
 2.00668800430193E+03	 3.25685554463426E-01
 2.00669074220196E+03	-9.73182491404275E-02
 2.00669348010199E+03	-4.11707760405774E-01
 2.00669621800203E+03	-5.70793223183860E-01
 2.00669895590206E+03	-6.04755909525667E-01
 2.00670169380209E+03	-5.32680622722798E-01
 2.00670443170212E+03	-3.56971762784949E-01
 2.00670716960215E+03	-1.15831719777026E-01
 2.00670990750218E+03	 1.12638756347649E-01
 2.00671264540221E+03	 2.66463268114966E-01
 2.00671538330224E+03	 3.35817346814046E-01
 2.00671812120227E+03	 3.42816456254057E-01
 2.00672085910230E+03	 3.07060300941921E-01
 2.00672359700233E+03	 2.34248113097024E-01
 2.00672633490236E+03	 1.22332336877103E-01
 2.00672907280239E+03	-2.62288431851867E-02
 2.00673181070242E+03	-1.89875459747747E-01
 2.00673454860246E+03	-3.26009189241108E-01
 2.00673728650249E+03	-3.93607207607184E-01
 2.00674002440252E+03	-3.80314423896770E-01
 2.00674276230255E+03	-3.02101818039437E-01
 2.00674550020258E+03	-1.75398160502730E-01
 2.00674823810261E+03	 5.15239060053349E-03
 2.00675097600264E+03	 2.52247464315587E-01
 2.00675371390267E+03	 5.37489596979701E-01
 2.00675645180270E+03	 7.57618251174377E-01
 2.00675918970273E+03	 7.77319810510471E-01
 2.00676192760276E+03	 5.40169824602829E-01
 2.00676466550279E+03	 1.37922359345154E-01
 2.00676740340282E+03	-2.54208666577971E-01
 2.00677014130286E+03	-5.12773528800490E-01
 2.00677287920289E+03	-6.19364565324694E-01
 2.00677561710292E+03	-5.98189459354008E-01
 2.00677835500295E+03	-4.59039513910669E-01
 2.00678109290298E+03	-2.25770866598521E-01
 2.00678383080301E+03	 2.50661122447672E-02
 2.00678656870304E+03	 2.04348348457899E-01
 2.00678930660307E+03	 2.82166873025280E-01
 2.00679204450310E+03	 2.91691100637202E-01
 2.00679478240313E+03	 2.69948745263787E-01
 2.00679752030316E+03	 2.20497736728115E-01
 2.00680025820319E+03	 1.29766703098536E-01
 2.00680299610322E+03	-4.14221433581855E-03
 2.00680573400326E+03	-1.61262642125242E-01
 2.00680847190329E+03	-3.03464880775878E-01
 2.00681120980332E+03	-3.89202530697531E-01
 2.00681394770335E+03	-3.97849171689228E-01
 2.00681668560338E+03	-3.40066731414614E-01
 2.00681942350341E+03	-2.36336170396547E-01
 2.00682216140344E+03	-8.90986015973090E-02
 2.00682489930347E+03	 1.12489431724794E-01
 2.00682763720350E+03	 3.56495059657687E-01
 2.00683037510353E+03	 5.79503067731448E-01
 2.00683311300356E+03	 6.80231668058362E-01
 2.00683585090359E+03	 5.79838464612048E-01
 2.00683858880362E+03	 2.90002948459448E-01
 2.00684132670365E+03	-7.85045257953655E-02
 2.00684406460369E+03	-3.90620969443148E-01
 2.00684680250372E+03	-5.72558545976580E-01
 2.00684954040375E+03	-6.18218751489741E-01
 2.00685227830378E+03	-5.36654731154634E-01
 2.00685501620381E+03	-3.38962252895334E-01
 2.00685775410383E+03	-7.98299549414579E-02
 2.00686049200387E+03	 1.39614699752754E-01
 2.00686322990390E+03	 2.46294823528965E-01
 2.00686596780393E+03	 2.53561553497904E-01
 2.00686870570396E+03	 2.22592300588254E-01
 2.00687144360399E+03	 1.83957762766560E-01
 2.00687418150402E+03	 1.20163593391023E-01
 2.00687691940405E+03	 9.92113131015053E-03
 2.00687965730409E+03	-1.36673492400683E-01
 2.00688239520412E+03	-2.81784376449501E-01
 2.00688513310415E+03	-3.81012590148613E-01
 2.00688787100418E+03	-4.06297245754387E-01
 2.00689060890421E+03	-3.61354457797623E-01
 2.00689334680424E+03	-2.70083827227346E-01
 2.00689608470427E+03	-1.43594107250248E-01
 2.00689882260430E+03	 2.83224274653792E-02
 2.00690156050433E+03	 2.41212678744758E-01
 2.00690429840436E+03	 4.42535873858732E-01
 2.00690703630439E+03	 5.49668301536267E-01
 2.00690977420442E+03	 5.02725914694125E-01
 2.00691251210445E+03	 3.02567569788340E-01
 2.00691525000449E+03	 1.14201200620645E-02
 2.00691798790452E+03	-2.78341893218072E-01
 2.00692072580455E+03	-4.89495729353275E-01
 2.00692346370458E+03	-5.86229188643357E-01
 2.00692620160461E+03	-5.60794955974213E-01
 2.00692893950464E+03	-4.13995613586496E-01
 2.00693167740467E+03	-1.73967834737887E-01
 2.00693441530470E+03	 7.70291498058088E-02
 2.00693715320473E+03	 2.38438991707407E-01
 2.00693989110476E+03	 2.72862219479222E-01
 2.00694262900479E+03	 2.29342445975568E-01
 2.00694536690482E+03	 1.73329099428146E-01
 2.00694810480485E+03	 1.16313389436708E-01
 2.00695084270488E+03	 2.82955858343833E-02
 2.00695358060492E+03	-1.03830145962876E-01
 2.00695631850495E+03	-2.51562800959886E-01
 2.00695905640498E+03	-3.66001263062113E-01
 2.00696179430501E+03	-4.09188846945931E-01
 2.00696453220504E+03	-3.74306517536077E-01
 2.00696727010507E+03	-2.84125632815149E-01
 2.00697000800510E+03	-1.61214084261746E-01
 2.00697274590513E+03	-1.18503028634022E-03
 2.00697548380516E+03	 2.03536796251385E-01
 2.00697822170519E+03	 4.10462598109471E-01
 2.00698095960522E+03	 5.26645989673266E-01
 2.00698369750525E+03	 4.81240074384831E-01
 2.00698643540528E+03	 2.86875414777719E-01
 2.00698917330532E+03	 2.10867272314885E-02
 2.00699191120535E+03	-2.35454817730344E-01
 2.00699464910538E+03	-4.32265463987020E-01
 2.00699738700541E+03	-5.42643874573245E-01
 2.00700012490544E+03	-5.49508443720990E-01
 2.00700286280547E+03	-4.43107013562190E-01
 2.00700560070550E+03	-2.34777088897234E-01
 2.00700833860553E+03	 2.13727999657140E-02
 2.00701107650556E+03	 2.33418515059125E-01
 2.00701381440559E+03	 3.27122977658668E-01
 2.00701655230562E+03	 3.04394173211203E-01
 2.00701929020565E+03	 2.29009988678408E-01
 2.00702202810568E+03	 1.50927840027143E-01
 2.00702476600572E+03	 6.42204504435999E-02
 2.00702750390575E+03	-5.70623372579127E-02
 2.00703024180578E+03	-2.05969057348810E-01
 2.00703297970581E+03	-3.38177764863472E-01
 2.00703571760584E+03	-4.06044353178666E-01
 2.00703845550587E+03	-3.89130593516747E-01
 2.00704119340590E+03	-3.01729768973873E-01
 2.00704393130593E+03	-1.72958648758695E-01
 2.00704666920596E+03	-1.21062202419780E-02
 2.00704940710599E+03	 1.94295234770470E-01
 2.00705214500602E+03	 4.28964811772511E-01
 2.00705488290605E+03	 6.00575432150130E-01
 2.00705762080608E+03	 5.96187346375069E-01
 2.00706035870612E+03	 3.90385841664209E-01
 2.00706309660615E+03	 7.70400754578956E-02
 2.00706583450618E+03	-2.16417791153582E-01
 2.00706857240621E+03	-4.21725619003104E-01
 2.00707131030624E+03	-5.31753882573015E-01
 2.00707404820627E+03	-5.48374804578608E-01
 2.00707678610630E+03	-4.61932638970920E-01
 2.00707952400633E+03	-2.75232230405587E-01
 2.00708226190636E+03	-2.78963009578348E-02
 2.00708499980639E+03	 2.07171260344759E-01
 2.00708773770642E+03	 3.55503047160751E-01
 2.00709047560645E+03	 3.84928049905386E-01
 2.00709321350648E+03	 3.24226036984601E-01
 2.00709595140651E+03	 2.28518936765458E-01
 2.00709868930655E+03	 1.24609658020639E-01
 2.00710142720658E+03	 1.44191078336854E-03
 2.00710416510661E+03	-1.48231193263523E-01
 2.00710690300664E+03	-2.95727576439222E-01
 2.00710964090667E+03	-3.91926982156153E-01
 2.00711237880670E+03	-4.03913685697105E-01
 2.00711511670673E+03	-3.33636500368388E-01
 2.00711785460676E+03	-2.07641696454971E-01
 2.00712059250679E+03	-4.66616993988862E-02
 2.00712333040682E+03	 1.55947322440158E-01
 2.00712606830685E+03	 4.06265834173640E-01
 2.00712880620688E+03	 6.46095334207675E-01
 2.00713154410691E+03	 7.46087961894806E-01
 2.00713428200695E+03	 6.07096804025517E-01
 2.00713701990698E+03	 2.69341058507367E-01
 2.00713975780701E+03	-1.10967541018601E-01
 2.00714249570704E+03	-3.95068178893524E-01
 2.00714523360707E+03	-5.44225078200101E-01
 2.00714797150710E+03	-5.78432710678684E-01
 2.00715070940713E+03	-5.07470385013983E-01
 2.00715344730716E+03	-3.32685704211241E-01
 2.00715618520719E+03	-8.84334660037125E-02
 2.00715892310722E+03	 1.54514512745905E-01
 2.00716166100725E+03	 3.27849927547733E-01
 2.00716439890728E+03	 3.99305545943958E-01
 2.00716713680731E+03	 3.77952760722653E-01
 2.00716987470735E+03	 2.97583114841201E-01
 2.00717261260738E+03	 1.88780244715907E-01
 2.00717535050741E+03	 5.99969157503755E-02
 2.00717808840744E+03	-9.07095193319729E-02
 2.00718082630747E+03	-2.46596048503601E-01
 2.00718356420750E+03	-3.66023247646155E-01
 2.00718630210753E+03	-4.09639534920966E-01
 2.00718904000756E+03	-3.68137229497513E-01
 2.00719177790759E+03	-2.61654761184984E-01
 2.00719451580762E+03	-1.14670937477848E-01
 2.00719725370765E+03	 6.96383970573251E-02
 2.00719999160768E+03	 3.04694108079849E-01
 2.00720272950771E+03	 5.71641362710865E-01
 2.00720546740774E+03	 7.73242577065867E-01
 2.00720820530778E+03	 7.73278505200469E-01
 2.00721094320781E+03	 5.18169120973677E-01
 2.00721368110784E+03	 1.09215755389438E-01
 2.00721641900787E+03	-2.74480709054144E-01
 2.00721915690790E+03	-5.17087572470120E-01
 2.00722189480793E+03	-6.08488597555004E-01
 2.00722463270796E+03	-5.73959144072965E-01
 2.00722737060799E+03	-4.22966436199758E-01
 2.00723010850802E+03	-1.81191045979272E-01
 2.00723284640805E+03	 7.65706830680367E-02
 2.00723558430808E+03	 2.65086538624599E-01
 2.00723832220811E+03	 3.49147860185421E-01
 2.00724106010814E+03	 3.48474617971277E-01
 2.00724379800818E+03	 2.96521068410659E-01
 2.00724653590821E+03	 2.11007151554412E-01
 2.00724927380824E+03	 9.50602342582822E-02
 2.00725201170827E+03	-4.88243810626369E-02
 2.00725474960830E+03	-2.04563959439166E-01
 2.00725748750833E+03	-3.36627923984185E-01
 2.00726022540836E+03	-4.04629242120753E-01
 2.00726296330839E+03	-3.90630269394355E-01
 2.00726570120842E+03	-3.09143555479478E-01
 2.00726843910845E+03	-1.86620447858184E-01
 2.00727117700848E+03	-3.29405619053399E-02
 2.00727391490851E+03	 1.63565044301791E-01
 2.00727665280854E+03	 4.05684277422637E-01
 2.00727939070858E+03	 6.41895187471858E-01
 2.00728212860861E+03	 7.58952827175792E-01
 2.00728486650864E+03	 6.52670390480952E-01
 2.00728760440867E+03	 3.29322738151026E-01
 2.00729034230870E+03	-7.71317692372749E-02
 2.00729308020873E+03	-4.07639428908078E-01
 2.00729581810876E+03	-5.86201897288971E-01
 2.00729855600879E+03	-6.17242494376306E-01
 2.00730129390882E+03	-5.16577402845506E-01
 2.00730403180885E+03	-2.99085227593650E-01
 2.00730676970888E+03	-2.60844702194031E-02
 2.00730950760891E+03	 1.96382528349250E-01
 2.00731224550894E+03	 2.96525065437343E-01
 2.00731498340897E+03	 2.89925679661246E-01
 2.00731772130901E+03	 2.37551986808637E-01
 2.00732045920904E+03	 1.73076286452331E-01
 2.00732319710907E+03	 8.78374280374750E-02
 2.00732593500910E+03	-3.24282181901964E-02
 2.00732867290913E+03	-1.77684441807651E-01
 2.00733141080916E+03	-3.13190833665358E-01
 2.00733414870919E+03	-3.96540728510755E-01
 2.00733688660922E+03	-4.01862669306370E-01
 2.00733962450925E+03	-3.36763536033224E-01
 2.00734236240928E+03	-2.31053101436210E-01
 2.00734510030931E+03	-1.03795843945284E-01
 2.00734783820934E+03	 5.25671653026643E-02
 2.00735057610937E+03	 2.49059049113572E-01
 2.00735331400941E+03	 4.61022831781502E-01
 2.00735605190944E+03	 6.13423876472909E-01
 2.00735878980947E+03	 6.13526389745194E-01
 2.00736152770950E+03	 4.18777293307169E-01
 2.00736426560953E+03	 8.58315391547742E-02
 2.00736700350956E+03	-2.57419196507279E-01
 2.00736974140959E+03	-5.00030127895518E-01
 2.00737247930962E+03	-6.02301847753616E-01
 2.00737521720965E+03	-5.67530936826786E-01
 2.00737795510968E+03	-4.02052308812661E-01
 2.00738069300971E+03	-1.38930721039598E-01
 2.00738343090974E+03	 1.25742917957337E-01
 2.00738616880977E+03	 2.78797601400454E-01
 2.00738890670981E+03	 2.85756692297445E-01
 2.00739164460984E+03	 2.10000230450151E-01
 2.00739438250987E+03	 1.28552243285346E-01
 2.00739712040990E+03	 5.68693117307495E-02
 2.00739985830993E+03	-3.47355505674337E-02
 2.00740259620996E+03	-1.60415015277974E-01
 2.00740533410999E+03	-2.94101337538206E-01
 2.00740807201002E+03	-3.89551307502910E-01
 2.00741080991005E+03	-4.11041283632722E-01
 2.00741354781008E+03	-3.54918692227789E-01
 2.00741628571011E+03	-2.49778970026471E-01
 2.00741902361014E+03	-1.27400947467619E-01
 2.00742176151017E+03	 8.54654359108406E-03
 2.00742449941021E+03	 1.72607965064010E-01
 2.00742723731024E+03	 3.53517647469208E-01
 2.00742997521027E+03	 4.93325393545367E-01
 2.00743271311030E+03	 5.18749963752187E-01
 2.00743545101033E+03	 3.92707437835021E-01
 2.00743818891036E+03	 1.42251999740571E-01
 2.00744092681039E+03	-1.52563284103036E-01
 2.00744366471042E+03	-4.00627706348161E-01
 2.00744640261045E+03	-5.43344232851721E-01
 2.00744914051048E+03	-5.62213551154397E-01
 2.00745187841051E+03	-4.54385434297857E-01
 2.00745461631054E+03	-2.30307130458489E-01
 2.00745735421057E+03	 4.99822336892408E-02
 2.00746009211060E+03	 2.72135401131959E-01
 2.00746283001064E+03	 3.44041073309622E-01
 2.00746556791067E+03	 2.76510159886705E-01
 2.00746830581070E+03	 1.59443698611607E-01
 2.00747104371073E+03	 6.01623359657947E-02
 2.00747378161076E+03	-2.75537028333147E-02
 2.00747651951079E+03	-1.37180471954049E-01
 2.00747925741082E+03	-2.67177796197700E-01
 2.00748199531085E+03	-3.76164309346027E-01
 2.00748473321088E+03	-4.18747859019071E-01
 2.00748747111091E+03	-3.76685197862904E-01
 2.00749020901094E+03	-2.68467482498359E-01
 2.00749294691097E+03	-1.32331703273722E-01
 2.00749568481100E+03	 1.00651345350431E-02
 2.00749842271104E+03	 1.67743376319251E-01
 2.00750116061107E+03	 3.42389679470413E-01
 2.00750389851110E+03	 4.84477989488517E-01
 2.00750663641113E+03	 5.14129533614979E-01
 2.00750937431116E+03	 3.92001826081640E-01
 2.00751211221119E+03	 1.55410102192028E-01
 2.00751485011122E+03	-1.14538150277024E-01
 2.00751758801125E+03	-3.44756050855810E-01
 2.00752032591128E+03	-4.91557477736612E-01
 2.00752306381131E+03	-5.34327008257412E-01
 2.00752580171134E+03	-4.63882287582644E-01
 2.00752853961137E+03	-2.81661514123301E-01
 2.00753127751140E+03	-1.92923825799168E-02
 2.00753401541144E+03	 2.41272343715422E-01
 2.00753675331147E+03	 3.95368125088584E-01
 2.00753949121150E+03	 3.92186892990835E-01
 2.00754222911153E+03	 2.77330916065216E-01
 2.00754496701156E+03	 1.39221464288230E-01
 2.00754770491159E+03	 2.13244853698147E-02
 2.00755044281162E+03	-9.32989735030786E-02
 2.00755318071165E+03	-2.23386414322727E-01
 2.00755591861168E+03	-3.46377468689591E-01
 2.00755865651171E+03	-4.15605493462430E-01
 2.00756139441174E+03	-3.99671290427138E-01
 2.00756413231177E+03	-3.02282738239727E-01
 2.00756687021180E+03	-1.56125327062720E-01
 2.00756960811183E+03	 4.84496500451254E-03
 2.00757234601187E+03	 1.74278407750711E-01
 2.00757508391190E+03	 3.60956003365699E-01
 2.00757782181193E+03	 5.34749346977655E-01
 2.00758055971196E+03	 6.08252340362346E-01
 2.00758329761199E+03	 5.05722131101321E-01
 2.00758603551202E+03	 2.46610109088590E-01
 2.00758877341205E+03	-6.34125661217013E-02
 2.00759151131208E+03	-3.19917003363961E-01
 2.00759424921211E+03	-4.76947466784392E-01
 2.00759698711214E+03	-5.28894103368596E-01
 2.00759972501217E+03	-4.74425157457635E-01
 2.00760246291220E+03	-3.14943910194020E-01
 2.00760520081223E+03	-7.51440721677052E-02
 2.00760793871227E+03	 1.85583599024249E-01
 2.00761067661230E+03	 3.85053405002149E-01
 2.00761341451233E+03	 4.57001246463931E-01
 2.00761615241236E+03	 3.95923047752944E-01
 2.00761889031239E+03	 2.59116172294635E-01
 2.00762162821242E+03	 1.11362292503442E-01
 2.00762436611245E+03	-2.66897751396315E-02
 2.00762710401248E+03	-1.66156068272379E-01
 2.00762984191251E+03	-3.01531307344105E-01
 2.00763257981254E+03	-3.96276533103659E-01
 2.00763531771257E+03	-4.12952428941743E-01
 2.00763805561260E+03	-3.42723285832295E-01
 2.00764079351263E+03	-2.07380555944193E-01
 2.00764353141267E+03	-4.04861618172243E-02
 2.00764626931270E+03	 1.39044662486924E-01
 2.00764900721273E+03	 3.35545672877686E-01
 2.00765174511276E+03	 5.40705248670308E-01
 2.00765448301279E+03	 6.85903014371534E-01
 2.00765722091282E+03	 6.65363235844005E-01
 2.00765995881285E+03	 4.36778947379829E-01
 2.00766269671288E+03	 8.32644201457208E-02
 2.00766543461291E+03	-2.49698327621931E-01
 2.00766817251294E+03	-4.66229423248692E-01
 2.00767091041297E+03	-5.50826950804749E-01
 2.00767364831300E+03	-5.16473762347830E-01
 2.00767638621303E+03	-3.70983650533165E-01
 2.00767912411306E+03	-1.39067119570193E-01
 2.00768186201310E+03	 1.18118323777876E-01
 2.00768459991313E+03	 3.25631640030471E-01
 2.00768733781316E+03	 4.31457190746092E-01
 2.00769007571319E+03	 4.24135318783553E-01
 2.00769281361322E+03	 3.29628023239711E-01
 2.00769555151325E+03	 1.91605219623425E-01
 2.00769828941328E+03	 4.25009297221700E-02
 2.00770102731331E+03	-1.08212556457063E-01
 2.00770376521334E+03	-2.53686455184573E-01
 2.00770650311337E+03	-3.67289987234878E-01
 2.00770924101340E+03	-4.12925315393068E-01
 2.00771197891343E+03	-3.74237750911210E-01
 2.00771471681346E+03	-2.65203668083824E-01
 2.00771745471350E+03	-1.14675628030633E-01
 2.00772019261353E+03	 5.61570185688864E-02
 2.00772293051356E+03	 2.45583639048292E-01
 2.00772566841359E+03	 4.55835541025923E-01
 2.00772840631362E+03	 6.50140935454266E-01
 2.00773114421365E+03	 7.33104664504506E-01
 2.00773388211368E+03	 6.11621718779226E-01
 2.00773662001371E+03	 2.94676023550396E-01
 2.00773935791374E+03	-8.98708904422474E-02
 2.00774209581377E+03	-3.95259872969920E-01
 2.00774483371380E+03	-5.54011061774493E-01
 2.00774757161383E+03	-5.69874212955270E-01
 2.00775030951386E+03	-4.57464481420756E-01
 2.00775304741390E+03	-2.36317827675179E-01
 2.00775578531393E+03	 3.21870377814886E-02
 2.00775852321396E+03	 2.54171572032215E-01
 2.00776126111399E+03	 3.66020250655144E-01
 2.00776399901402E+03	 3.69685654798372E-01
 2.00776673691405E+03	 3.04152087461894E-01
 2.00776947481408E+03	 2.01874143938093E-01
 2.00777221271411E+03	 7.63000476701384E-02
 2.00777495061414E+03	-6.65678468186092E-02
 2.00777768851417E+03	-2.14104282969545E-01
 2.00778042641420E+03	-3.39009295089127E-01
 2.00778316431423E+03	-4.05599230837774E-01
 2.00778590221426E+03	-3.92164888815757E-01
 2.00778864011430E+03	-3.07592566797803E-01
 2.00779137801433E+03	-1.80830931039423E-01
 2.00779411591436E+03	-3.45189758766611E-02
 2.00779685381439E+03	 1.29025461116536E-01
 2.00779959171442E+03	 3.16704955350871E-01
 2.00780232961445E+03	 5.14050488362008E-01
 2.00780506751448E+03	 6.57921957245213E-01
 2.00780780541451E+03	 6.53413256533920E-01
 2.00781054331454E+03	 4.48629812659098E-01
 2.00781328121457E+03	 1.01088050911490E-01
 2.00781601911460E+03	-2.51035120913633E-01
 2.00781875701463E+03	-4.91417078546052E-01
 2.00782149491466E+03	-5.83017883247000E-01
 2.00782423281469E+03	-5.32661437025644E-01
 2.00782697071473E+03	-3.51189446861502E-01
 2.00782970861476E+03	-8.02288563895272E-02
 2.00783244651479E+03	 1.79596644249044E-01
 2.00783518441482E+03	 3.22658537763390E-01
 2.00783792231485E+03	 3.23950804922252E-01
 2.00784066021488E+03	 2.43559786269163E-01
 2.00784339811491E+03	 1.48279069731591E-01
 2.00784613601494E+03	 5.39423757809148E-02
 2.00784887391497E+03	-5.68040309249397E-02
 2.00785161181500E+03	-1.88448304846187E-01
 2.00785434971503E+03	-3.15387619193163E-01
 2.00785708761506E+03	-3.96770163404250E-01
 2.00785982551509E+03	-4.02239953828707E-01
 2.00786256341513E+03	-3.32307594750595E-01
 2.00786530131516E+03	-2.16938169019654E-01
 2.00786803921519E+03	-8.81669317186524E-02
 2.00787077711522E+03	 4.65288508218181E-02
 2.00787351501525E+03	 1.99125742583193E-01
 2.00787625291528E+03	 3.69170874637967E-01
 2.00787899081531E+03	 5.17726259868077E-01
 2.00788172871534E+03	 5.73026393333929E-01
 2.00788446661537E+03	 4.72784012511759E-01
 2.00788720451540E+03	 2.19726880504631E-01
 2.00788994241543E+03	-1.01491320201157E-01
 2.00789268031546E+03	-3.76208286926513E-01
 2.00789541821549E+03	-5.31622351833030E-01
 2.00789815611553E+03	-5.50241599332348E-01
 2.00790089401556E+03	-4.32721246119006E-01
 2.00790363191559E+03	-1.93817650952146E-01
 2.00790636981562E+03	 9.44045651559137E-02
 2.00790910771565E+03	 3.05367128036807E-01
 2.00791184561568E+03	 3.50012321051262E-01
 2.00791458351571E+03	 2.55026670422648E-01
 2.00791732141574E+03	 1.21246856513657E-01
 2.00792005931577E+03	 1.51068224526178E-02
 2.00792279721580E+03	-7.32564455416864E-02
 2.00792553511583E+03	-1.77203946895951E-01
 2.00792827301586E+03	-2.94546059544991E-01
 2.00793101091589E+03	-3.85911143206472E-01
 2.00793374881592E+03	-4.09569186491469E-01
 2.00793648671596E+03	-3.51580950631853E-01
 2.00793922461599E+03	-2.34643510953383E-01
 2.00794196251602E+03	-1.00024894488646E-01
 2.00794470041605E+03	 2.76956368039304E-02
 2.00794743831608E+03	 1.56056705010155E-01
 2.00795017621611E+03	 2.96826467177226E-01
 2.00795291411614E+03	 4.27080864613005E-01
 2.00795565201617E+03	 4.88917389881395E-01
 2.00795838991620E+03	 4.29754081403390E-01
 2.00796112781623E+03	 2.43430853936798E-01
 2.00796386571626E+03	-1.91770853873981E-02
 2.00796660361629E+03	-2.74845758693507E-01
 2.00796934151632E+03	-4.51286477990749E-01
 2.00797207941636E+03	-5.13617872553239E-01
 2.00797481731639E+03	-4.52478210361007E-01
 2.00797755521642E+03	-2.67197964377489E-01
 2.00798029311645E+03	 9.78239362141315E-03
 2.00798303101648E+03	 2.79249058112200E-01
 2.00798576891651E+03	 4.14806471272677E-01
 2.00798850681654E+03	 3.66504502397590E-01
 2.00799124471657E+03	 2.05454761924725E-01
 2.00799398261660E+03	 4.39434719461276E-02
 2.00799672051663E+03	-7.11761770514579E-02
 2.00799945841666E+03	-1.67205116663202E-01
 2.00800219631669E+03	-2.72550628649195E-01
 2.00800493421672E+03	-3.69229992635206E-01
 2.00800767211676E+03	-4.12784656481591E-01
 2.00801041001679E+03	-3.73897273655224E-01
 2.00801314791682E+03	-2.59434433167058E-01
 2.00801588581685E+03	-1.07259142904932E-01
 2.00801862371688E+03	 4.16763174448883E-02
 2.00802136161691E+03	 1.75228467291671E-01
 2.00802409951694E+03	 3.06356884685975E-01
 2.00802683741697E+03	 4.29049572220270E-01
 2.00802957531700E+03	 4.92700741538144E-01
 2.00803231321703E+03	 4.39169941827831E-01
 2.00803505111706E+03	 2.61245573522630E-01
 2.00803778901709E+03	 1.36722979248901E-02
 2.00804052691712E+03	-2.26272225523468E-01
 2.00804326481715E+03	-3.98913318303677E-01
 2.00804600271719E+03	-4.73704913750821E-01
 2.00804874061722E+03	-4.39891195438119E-01
 2.00805147851725E+03	-2.95361152254235E-01
 2.00805421641728E+03	-5.38837403797572E-02
 2.00805695431731E+03	 2.27030160289528E-01
 2.00805969221734E+03	 4.40374896102482E-01
 2.00806243011737E+03	 4.89562696601477E-01
 2.00806516801740E+03	 3.70788198326324E-01
 2.00806790591743E+03	 1.76070843027438E-01
 2.00807064381746E+03	 1.75313852272252E-03
 2.00807338171749E+03	-1.28222217001964E-01
 2.00807611961752E+03	-2.40469714927109E-01
 2.00807885751755E+03	-3.43584293441040E-01
 2.00808159541759E+03	-4.07150044194188E-01
 2.00808433331762E+03	-3.95375078276489E-01
 2.00808707121765E+03	-2.99821120063008E-01
 2.00808980911768E+03	-1.44547010036503E-01
 2.00809254701771E+03	 2.90441524493812E-02
 2.00809528491774E+03	 1.89989919706682E-01
 2.00809802281777E+03	 3.36208141775283E-01
 2.00810076071780E+03	 4.71459894007647E-01
 2.00810349861783E+03	 5.60739173104517E-01
 2.00810623651786E+03	 5.35058725138529E-01
 2.00810897441789E+03	 3.60253083075949E-01
 2.00811171231792E+03	 8.64758482952273E-02
 2.00811445021795E+03	-1.86600302942104E-01
 2.00811718811799E+03	-3.81483069600715E-01
 2.00811992601802E+03	-4.69353861856608E-01
 2.00812266391805E+03	-4.47580527110258E-01
 2.00812540181808E+03	-3.20240991527433E-01
 2.00812813971811E+03	-1.03681135634690E-01
 2.00813087761814E+03	 1.59445975896099E-01
 2.00813361551817E+03	 3.95714245024657E-01
 2.00813635341820E+03	 5.21068406577344E-01
 2.00813909131823E+03	 4.89573430163088E-01
 2.00814182921826E+03	 3.32261747260192E-01
 2.00814456711829E+03	 1.32804208997976E-01
 2.00814730501832E+03	-4.37794305018199E-02
 2.00815004291835E+03	-1.86932072350156E-01
 2.00815278081839E+03	-3.06622613274761E-01
 2.00815551871842E+03	-3.90093474229682E-01
 2.00815825661845E+03	-4.07063488228410E-01
 2.00816099451848E+03	-3.41969136091995E-01
 2.00816373241851E+03	-2.07316200932066E-01
 2.00816647031854E+03	-3.41350281679248E-02
 2.00816920821857E+03	 1.44879766065866E-01
 2.00817194611860E+03	 3.12945846117288E-01
 2.00817468401863E+03	 4.69387259486552E-01
 2.00817742191866E+03	 5.96524074057449E-01
 2.00818015981869E+03	 6.32613506388805E-01
 2.00818289771872E+03	 5.11073866147898E-01
 2.00818563561875E+03	 2.39485470294112E-01
 2.00818837351878E+03	-8.35453416128140E-02
 2.00819111141882E+03	-3.42764303975742E-01
 2.00819384931885E+03	-4.79487265903936E-01
 2.00819658721888E+03	-4.88385466553056E-01
 2.00819932511891E+03	-3.79236996912129E-01
 2.00820206301894E+03	-1.72468503008264E-01
 2.00820480091897E+03	 8.24545561022960E-02
 2.00820753881900E+03	 3.13510002464803E-01
 2.00821027671903E+03	 4.56818207680208E-01
 2.00821301461906E+03	 4.80106875700206E-01
 2.00821575251909E+03	 3.90380112906690E-01
 2.00821849041912E+03	 2.28967227432952E-01
 2.00822122831915E+03	 4.81831930834453E-02
 2.00822396621918E+03	-1.18442817713090E-01
 2.00822670411922E+03	-2.59791643438940E-01
 2.00822944201925E+03	-3.63628007152555E-01
 2.00823217991928E+03	-4.05984059829402E-01
 2.00823491781931E+03	-3.70335532811483E-01
 2.00823765571934E+03	-2.65101552988282E-01
 2.00824039361937E+03	-1.15918900166148E-01
 2.00824313151940E+03	 5.16086838028990E-02
 2.00824586941943E+03	 2.21263825669577E-01
 2.00824860731946E+03	 3.87009998718562E-01
 2.00825134521949E+03	 5.38642616810450E-01
 2.00825408311952E+03	 6.34327792141316E-01
 2.00825682101955E+03	 6.02134532967857E-01
 2.00825955891958E+03	 4.00719328445391E-01
 2.00826229681962E+03	 8.13429485044955E-02
 2.00826503471965E+03	-2.35181827103241E-01
 2.00826777261968E+03	-4.47247318418243E-01
 2.00827051051971E+03	-5.19999253077351E-01
 2.00827324841974E+03	-4.57004892220890E-01
 2.00827598631977E+03	-2.72957089778646E-01
 2.00827872421980E+03	-1.41369398216998E-02
 2.00828146211983E+03	 2.30578065449105E-01
 2.00828420001986E+03	 3.76912087083213E-01
 2.00828693791989E+03	 4.00389382268477E-01
 2.00828967581992E+03	 3.32739517168316E-01
 2.00829241371995E+03	 2.16519291801289E-01
 2.00829515161998E+03	 7.73491614764188E-02
 2.00829788952001E+03	-7.14473985038969E-02
 2.00830062742005E+03	-2.15870672644072E-01
 2.00830336532008E+03	-3.33922833129669E-01
 2.00830610322011E+03	-3.96913247240796E-01
 2.00830884112014E+03	-3.84098562608949E-01
 2.00831157902017E+03	-3.00354576758546E-01
 2.00831431692020E+03	-1.73409469025426E-01
 2.00831705482023E+03	-3.07951640279324E-02
 2.00831979272026E+03	 1.16116326665559E-01
 2.00832253062029E+03	 2.66971657176702E-01
 2.00832526852032E+03	 4.16584223705875E-01
 2.00832800642035E+03	 5.37977447666846E-01
 2.00833074432038E+03	 5.75367814124261E-01
 2.00833348222041E+03	 4.71169223314539E-01
 2.00833622012045E+03	 2.23407177809483E-01
 2.00833895802048E+03	-8.80119031467167E-02
 2.00834169592051E+03	-3.51237928659642E-01
 2.00834443382054E+03	-4.95123811138826E-01
 2.00834717172057E+03	-5.01272012126979E-01
 2.00834990962060E+03	-3.70946490006807E-01
 2.00835264752063E+03	-1.27506674823568E-01
 2.00835538542066E+03	 1.48132125962897E-01
 2.00835812332069E+03	 3.36675072071092E-01
 2.00836086122072E+03	 3.68642544387720E-01
 2.00836359912075E+03	 2.77324056751921E-01
 2.00836633702078E+03	 1.47732260416404E-01
 2.00836907492081E+03	 3.05526935290359E-02
 2.00837181282085E+03	-7.86548392900940E-02
 2.00837455072088E+03	-1.95697898728626E-01
 2.00837728862091E+03	-3.09678331635754E-01
 2.00838002652094E+03	-3.85849891426066E-01
 2.00838276442097E+03	-3.91772152409786E-01
 2.00838550232100E+03	-3.21325385124920E-01
 2.00838824022103E+03	-2.00253761284294E-01
 2.00839097812106E+03	-6.61175802461566E-02
 2.00839371602109E+03	 6.08730183382534E-02
 2.00839645392112E+03	 1.84793729088635E-01
 2.00839919182115E+03	 3.12143649244395E-01
 2.00840192972118E+03	 4.27278538658304E-01
 2.00840466762121E+03	 4.88246293186454E-01
 2.00840740552124E+03	 4.45801770254982E-01
 2.00841014342128E+03	 2.78648577311232E-01
 2.00841288132131E+03	 2.33816275273887E-02
 2.00841561922134E+03	-2.35705758167781E-01
 2.00841835712137E+03	-4.17861129597341E-01
 2.00842109502140E+03	-4.83000506008191E-01
 2.00842383292143E+03	-4.18687950932260E-01
 2.00842657082146E+03	-2.24044553824430E-01
 2.00842930872149E+03	 5.84434394210650E-02
 2.00843204662152E+03	 3.14499938046872E-01
 2.00843478452155E+03	 4.17317548852378E-01
 2.00843752242158E+03	 3.35965956570859E-01
 2.00844026032161E+03	 1.58892576568981E-01
 2.00844299822164E+03	-2.99654741845781E-03
 2.00844573612168E+03	-1.13557006918206E-01
 2.00844847402171E+03	-2.03436964006838E-01
 2.00845121192174E+03	-2.97112314735415E-01
 2.00845394982177E+03	-3.75293970074546E-01
 2.00845668772180E+03	-3.97834435431931E-01
 2.00845942562183E+03	-3.42093804837832E-01
 2.00846216352186E+03	-2.20928513727211E-01
 2.00846490142189E+03	-7.40822784660960E-02
 2.00846763932192E+03	 6.08424477541441E-02
 2.00847037722195E+03	 1.74775779648110E-01
 2.00847311512198E+03	 2.80697243176592E-01
 2.00847585302201E+03	 3.79006522961036E-01
 2.00847859092204E+03	 4.37644822650801E-01
 2.00848132882208E+03	 4.11930335035658E-01
 2.00848406672211E+03	 2.81704521270822E-01
 2.00848680462214E+03	 7.15656691758238E-02
 2.00848954252217E+03	-1.57765153485769E-01
 2.00849228042220E+03	-3.39382511898865E-01
 2.00849501832223E+03	-4.29511339413046E-01
 2.00849775622226E+03	-4.10044520614924E-01
 2.00850049412229E+03	-2.71613673199911E-01
 2.00850323202232E+03	-2.26069917284712E-02
 2.00850596992235E+03	 2.68488003232322E-01
 2.00850870782238E+03	 4.70557280222738E-01
 2.00851144572241E+03	 4.77903385067066E-01
 2.00851418362244E+03	 3.07632076038350E-01
 2.00851692152248E+03	 8.14676968661076E-02
 2.00851965942251E+03	-9.39333108869685E-02
 2.00852239732254E+03	-2.04665774563400E-01
 2.00852513522257E+03	-2.90040243442330E-01
 2.00852787312260E+03	-3.64608609471846E-01
 2.00853061102263E+03	-4.00442799138047E-01
 2.00853334892266E+03	-3.64875231673549E-01
 2.00853608682269E+03	-2.53755275123387E-01
 2.00853882472272E+03	-9.55032508004098E-02
 2.00854156262275E+03	 6.61039550497194E-02
 2.00854430052278E+03	 2.00483067092235E-01
 2.00854703842281E+03	 3.07601968803795E-01
 2.00854977632284E+03	 3.98377410559887E-01
 2.00855251422287E+03	 4.56976686787798E-01
 2.00855525212291E+03	 4.38866401707007E-01
 2.00855799002294E+03	 3.14978366273186E-01
 2.00856072792297E+03	 1.08503812566303E-01
 2.00856346582300E+03	-1.16951444072184E-01
 2.00856620372303E+03	-2.97002007668411E-01
 2.00856894162306E+03	-3.92497451698677E-01
 2.00857167952309E+03	-3.89054419080733E-01
 2.00857441742312E+03	-2.83046103129800E-01
 2.00857715532315E+03	-7.69841652967834E-02
 2.00857989322318E+03	 1.98026257729664E-01
 2.00858263112321E+03	 4.54459810322153E-01
 2.00858536902324E+03	 5.73642128677454E-01
 2.00858810692327E+03	 4.93834171458686E-01
 2.00859084482331E+03	 2.71205485940089E-01
 2.00859358272334E+03	 2.96054282650841E-02
 2.00859632062337E+03	-1.48985669139235E-01
 2.00859905852340E+03	-2.65693636790993E-01
 2.00860179642343E+03	-3.49272555934069E-01
 2.00860453432346E+03	-3.97635166592126E-01
 2.00860727222349E+03	-3.84200938027360E-01
 2.00861001012352E+03	-2.95189328488884E-01
 2.00861274802355E+03	-1.45126870311709E-01
 2.00861548592358E+03	 3.13446941733797E-02
 2.00861822382361E+03	 1.96156872186676E-01
 2.00862096172364E+03	 3.28479393924064E-01
 2.00862369962367E+03	 4.30748662540197E-01
 2.00862643752371E+03	 5.01515365886727E-01
 2.00862917542374E+03	 5.07004776123528E-01
 2.00863191332377E+03	 4.03324937823546E-01
 2.00863465122380E+03	 1.92822182082703E-01
 2.00863738912383E+03	-5.92370459336316E-02
 2.00864012702386E+03	-2.69985453447763E-01
 2.00864286492389E+03	-3.88051282076687E-01
 2.00864560282392E+03	-3.99044228867677E-01
 2.00864834072395E+03	-3.06249086644524E-01
 2.00865107862398E+03	-1.22113390381146E-01
 2.00865381652401E+03	 1.24335914984921E-01
 2.00865655442404E+03	 3.76271991181831E-01
 2.00865929232407E+03	 5.50608928754138E-01
 2.00866203022410E+03	 5.72283952036716E-01
 2.00866476812414E+03	 4.30310548461709E-01
 2.00866750602417E+03	 1.95990871146163E-01
 2.00867024392420E+03	-3.27263517189625E-02
 2.00867298182423E+03	-2.03952282379922E-01
 2.00867571972426E+03	-3.19733285700191E-01
 2.00867845762429E+03	-3.88186838560447E-01
 2.00868119552432E+03	-3.96999607927854E-01
 2.00868393342435E+03	-3.33590068327217E-01
 2.00868667132438E+03	-2.06622182825457E-01
 2.00868940922441E+03	-4.13041715533636E-02
 2.00869214712444E+03	 1.32738739583622E-01
 2.00869488502447E+03	 2.89423401105959E-01
 2.00869762292450E+03	 4.15468874937327E-01
 2.00870036082454E+03	 5.07516369197242E-01
 2.00870309872457E+03	 5.47078032030262E-01
 2.00870583662460E+03	 4.90831898251531E-01
 2.00870857452463E+03	 3.11812255201215E-01
 2.00871131242466E+03	 4.86482925780865E-02
 2.00871405032469E+03	-2.08018943334610E-01
 2.00871678822472E+03	-3.78932709459812E-01
 2.00871952612475E+03	-4.31651518652981E-01
 2.00872226402478E+03	-3.65221298113502E-01
 2.00872500192481E+03	-1.93987951614571E-01
 2.00872773982484E+03	 4.38113366675553E-02
 2.00873047772487E+03	 2.83583343164191E-01
 2.00873321562490E+03	 4.56730622885133E-01
 2.00873595352494E+03	 5.16045927192073E-01
 2.00873869142497E+03	 4.48676831416287E-01
 2.00874142932500E+03	 2.81518165874512E-01
 2.00874416722503E+03	 7.22355828213845E-02
 2.00874690512506E+03	-1.22011566758141E-01
 2.00874964302509E+03	-2.71839470094136E-01
 2.00875238092512E+03	-3.68561534645477E-01
 2.00875511882515E+03	-4.02104810148028E-01
 2.00875785672518E+03	-3.62776570781462E-01
 2.00876059462521E+03	-2.59083442756514E-01
 2.00876333252524E+03	-1.16488100050917E-01
 2.00876607042527E+03	 4.06813876661478E-02
 2.00876880832530E+03	 1.95949810753629E-01
 2.00877154622533E+03	 3.35713729428187E-01
 2.00877428412537E+03	 4.48085991851913E-01
 2.00877702202540E+03	 5.17864338379107E-01
 2.00877975992543E+03	 5.13607922423391E-01
 2.00878249782546E+03	 3.97820763914442E-01
 2.00878523572549E+03	 1.71818191899316E-01
 2.00878797362552E+03	-9.86556130039466E-02
 2.00879071152555E+03	-3.21797405021371E-01
 2.00879344942558E+03	-4.37396454938841E-01
 2.00879618732561E+03	-4.26728798652655E-01
 2.00879892522564E+03	-2.91520762957725E-01
 2.00880166312567E+03	-5.98154876153175E-02
 2.00880440102570E+03	 1.94169186544958E-01
 2.00880713892573E+03	 3.75375612017344E-01
 2.00880987682577E+03	 4.29727765503074E-01
 2.00881261472580E+03	 3.70015452788106E-01
 2.00881535262583E+03	 2.42451586147566E-01
 2.00881809052586E+03	 8.58819154172430E-02
 2.00882082842589E+03	-7.61413712815713E-02
 2.00882356632592E+03	-2.24772931328366E-01
 2.00882630422595E+03	-3.39339842987141E-01
 2.00882904212598E+03	-3.97157373551401E-01
 2.00883178002601E+03	-3.81214220736621E-01
 2.00883451792604E+03	-2.95249675204443E-01
 2.00883725582607E+03	-1.67196250725152E-01
 2.00883999372610E+03	-2.87406288609174E-02
 2.00884273162613E+03	 1.05616250923892E-01
 2.00884546952617E+03	 2.34154817462851E-01
 2.00884820742620E+03	 3.50593218165528E-01
 2.00885094532623E+03	 4.37531872751110E-01
 2.00885368322626E+03	 4.68084315913279E-01
 2.00885642112629E+03	 4.10345540466002E-01
 2.00885915902632E+03	 2.48356816951576E-01
 2.00886189692635E+03	 1.24599656175025E-02
 2.00886463482638E+03	-2.23397336145071E-01
 2.00886737272641E+03	-3.86655908612304E-01
 2.00887011062644E+03	-4.39046241682716E-01
 2.00887284852647E+03	-3.65920626400455E-01
 2.00887558642650E+03	-1.69428556209232E-01
 2.00887832432653E+03	 9.95123382534174E-02
 2.00888106222657E+03	 3.29045636496651E-01
 2.00888380012660E+03	 4.13264624821082E-01
 2.00888653802663E+03	 3.38618865047436E-01
 2.00888927592666E+03	 1.82518784751504E-01
 2.00889201382669E+03	 2.78837583245949E-02
 2.00889475172672E+03	-9.94413963467235E-02
 2.00889748962675E+03	-2.12801039319242E-01
 2.00890022752678E+03	-3.15618238350991E-01
 2.00890296542681E+03	-3.84603428947616E-01
 2.00890570332684E+03	-3.89378595792079E-01
 2.00890844122687E+03	-3.19305147658662E-01
 2.00891117912690E+03	-1.95336827719232E-01
 2.00891391702693E+03	-5.68883867139242E-02
 2.00891665492696E+03	 6.75478263622266E-02
 2.00891939282700E+03	 1.75839323428532E-01
 2.00892213072703E+03	 2.76168554417758E-01
 2.00892486862706E+03	 3.61738602408645E-01
 2.00892760652709E+03	 4.06288606923730E-01
 2.00893034442712E+03	 3.79333226860001E-01
 2.00893308232715E+03	 2.64817902093610E-01
 2.00893582022718E+03	 7.72008920387954E-02
 2.00893855812721E+03	-1.34196817245162E-01
 2.00894129602724E+03	-3.06696519989512E-01
 2.00894403392727E+03	-3.95644201880893E-01
 2.00894677182730E+03	-3.78495936409075E-01
 2.00894950972733E+03	-2.40202603423089E-01
 2.00895224762736E+03	 8.49106405901255E-03
 2.00895498552740E+03	 2.86345997879166E-01
 2.00895772342743E+03	 4.56291643846888E-01
 2.00896046132746E+03	 4.28356627367978E-01
 2.00896319922749E+03	 2.42599983420137E-01
 2.00896593712752E+03	 2.43088104033440E-02
 2.00896867502755E+03	-1.36184297541335E-01
 2.00897141292758E+03	-2.37412236816073E-01
 2.00897415082761E+03	-3.15250787523526E-01
 2.00897688872764E+03	-3.76368813207366E-01
 2.00897962662767E+03	-3.92777101694843E-01
 2.00898236452770E+03	-3.38908716205473E-01
 2.00898510242773E+03	-2.19510308812874E-01
 2.00898784032776E+03	-6.89044975653379E-02
 2.00899057822780E+03	 7.16360529987261E-02
 2.00899331612783E+03	 1.81444434563703E-01
 2.00899605402786E+03	 2.67178551534717E-01
 2.00899879192789E+03	 3.38687017959908E-01
 2.00900152982792E+03	 3.82393158899038E-01
 2.00900426772795E+03	 3.66215742893729E-01
 2.00900700562798E+03	 2.69553302733214E-01
 2.00900974352801E+03	 1.04936999364244E-01
 2.00901248142804E+03	-8.49434869539716E-02
 2.00901521932807E+03	-2.47411919128940E-01
 2.00901795722810E+03	-3.42484597418108E-01
 2.00902069512813E+03	-3.50223629909332E-01
 2.00902343302816E+03	-2.57541446075379E-01
 2.00902617092819E+03	-5.51389831528502E-02
 2.00902890882823E+03	 2.25485971886218E-01
 2.00903164672826E+03	 4.76799123031297E-01
 2.00903438462829E+03	 5.62142001717806E-01
 2.00903712252832E+03	 4.30404629965380E-01
 2.00903986042835E+03	 1.69166397063739E-01
 2.00904259832838E+03	-7.85094240051941E-02
 2.00904533622841E+03	-2.37617674933598E-01
 2.00904807412844E+03	-3.25798278366681E-01
 2.00905081202847E+03	-3.80296770492570E-01
 2.00905354992850E+03	-4.00253370737831E-01
 2.00905628782853E+03	-3.60912365410330E-01
 2.00905902572856E+03	-2.53391805258701E-01
 2.00906176362859E+03	-9.84523738692901E-02
 2.00906450152863E+03	 6.53970942948625E-02
 2.00906723942866E+03	 2.02752147961328E-01
 2.00906997732869E+03	 3.00448985932997E-01
 2.00907271522872E+03	 3.67136024820998E-01
 2.00907545312875E+03	 4.06692688194697E-01
 2.00907819102878E+03	 3.97347031938455E-01
 2.00908092892881E+03	 3.09989217238459E-01
 2.00908366682884E+03	 1.46520640420047E-01
 2.00908640472887E+03	-4.94222458567269E-02
 2.00908914262890E+03	-2.19140304827459E-01
 2.00909188052893E+03	-3.20135408859865E-01
 2.00909461842896E+03	-3.35157183615726E-01
 2.00909735632899E+03	-2.60690244272206E-01
 2.00910009422903E+03	-9.44731552368009E-02
 2.00910283212906E+03	 1.53593965379479E-01
 2.00910557002909E+03	 4.26621691665450E-01
 2.00910830792912E+03	 6.11160552425660E-01
 2.00911104582915E+03	 6.01589613307611E-01
 2.00911378372918E+03	 3.94619887652418E-01
 2.00911652162921E+03	 1.02096979262420E-01
 2.00911925952924E+03	-1.46341754116777E-01
 2.00912199742927E+03	-3.00068921645974E-01
 2.00912473532930E+03	-3.80874606808098E-01
 2.00912747322933E+03	-4.12163353439255E-01
 2.00913021112936E+03	-3.87496085624898E-01
 2.00913294902939E+03	-2.97123494656820E-01
 2.00913568692942E+03	-1.53087235665673E-01
 2.00913842482946E+03	 1.57752293632911E-02
 2.00914116272949E+03	 1.77279427523921E-01
 2.00914390062952E+03	 3.05732742716545E-01
 2.00914663852955E+03	 3.91814107389958E-01
 2.00914937642958E+03	 4.39389745638074E-01
 2.00915211432961E+03	 4.42551136690399E-01
 2.00915485222964E+03	 3.75728785333349E-01
 2.00915759012967E+03	 2.23373327108849E-01
 2.00916032802970E+03	 1.49125018668896E-02
 2.00916306592973E+03	-1.84500482373621E-01
 2.00916580382976E+03	-3.16315164363157E-01
 2.00916854172979E+03	-3.53588807510863E-01
 2.00917127962982E+03	-2.93592993255594E-01
 2.00917401752986E+03	-1.44252513794438E-01
 2.00917675542989E+03	 7.60843037762452E-02
 2.00917949332992E+03	 3.27677846190790E-01
 2.00918223122995E+03	 5.39564529316321E-01
 2.00918496912998E+03	 6.24127744895132E-01
 2.00918770703001E+03	 5.29534319252196E-01
 2.00919044493004E+03	 2.90591514072221E-01
 2.00919318283007E+03	 1.20258456422974E-02
 2.00919592073010E+03	-2.11335275393285E-01
 2.00919865863013E+03	-3.49371944411528E-01
 2.00920139653016E+03	-4.13976770892714E-01
 2.00920413443019E+03	-4.12179404096336E-01
 2.00920687233022E+03	-3.42141547575121E-01
 2.00920961023026E+03	-2.16053353601570E-01
 2.00921234813029E+03	-6.09681681421728E-02
 2.00921508603032E+03	 9.82452258772310E-02
 2.00921782393035E+03	 2.42876441658556E-01
 2.00922056183038E+03	 3.56138868898309E-01
 2.00922329973041E+03	 4.27527356299216E-01
 2.00922603763044E+03	 4.52051886686074E-01
 2.00922877553047E+03	 4.15844450656442E-01
 2.00923151343050E+03	 2.98223594643487E-01
 2.00923425133053E+03	 1.04405775118533E-01
 2.00923698923056E+03	-1.14403345933047E-01
 2.00923972713059E+03	-2.88745388984550E-01
 2.00924246503062E+03	-3.72268507439335E-01
 2.00924520293066E+03	-3.49610564615119E-01
 2.00924794083069E+03	-2.23439501701972E-01
 2.00925067873072E+03	-1.62078477750407E-02
 2.00925341663075E+03	 2.21143046659261E-01
 2.00925615453078E+03	 4.20709149800164E-01
 2.00925889243081E+03	 5.23175069246154E-01
 2.00926163033084E+03	 4.96268946251314E-01
 2.00926436823087E+03	 3.46082427321334E-01
 2.00926710613090E+03	 1.21191990664145E-01
 2.00926984403093E+03	-1.07426097129766E-01
 2.00927258193096E+03	-2.85213335343439E-01
 2.00927531983099E+03	-3.91647578952230E-01
 2.00927805773102E+03	-4.23063247967144E-01
 2.00928079563105E+03	-3.78366234151664E-01
 2.00928353353109E+03	-2.69970611105180E-01
 2.00928627143112E+03	-1.29451332920900E-01
 2.00928900933115E+03	 1.31848883333619E-02
 2.00929174723118E+03	 1.46311941088475E-01
 2.00929448513121E+03	 2.65276240654602E-01
 2.00929722303124E+03	 3.57581064588885E-01
 2.00929996093127E+03	 4.07394480021692E-01
 2.00930269883130E+03	 4.01504145742635E-01
 2.00930543673133E+03	 3.25525802712930E-01
 2.00930817463136E+03	 1.73114886795983E-01
 2.00931091253139E+03	-2.96670019551804E-02
 2.00931365043142E+03	-2.23897945134618E-01
 2.00931638833145E+03	-3.52120648565565E-01
 2.00931912623149E+03	-3.82951784496706E-01
 2.00932186413152E+03	-3.03893590753488E-01
 2.00932460203155E+03	-1.20303083197310E-01
 2.00932733993158E+03	 1.21087827727226E-01
 2.00933007783161E+03	 3.31329059066516E-01
 2.00933281573164E+03	 4.30672293429522E-01
 2.00933555363167E+03	 4.00332251486086E-01
 2.00933829153170E+03	 2.76510661087112E-01
 2.00934102943173E+03	 1.07327139474244E-01
 2.00934376733176E+03	-7.16766529885642E-02
 2.00934650523179E+03	-2.33977045864430E-01
 2.00934924313182E+03	-3.55701142433718E-01
 2.00935198103185E+03	-4.15688657760636E-01
 2.00935471893189E+03	-3.99276832998943E-01
 2.00935745683192E+03	-3.09338752570493E-01
 2.00936019473195E+03	-1.75297575525025E-01
 2.00936293263198E+03	-3.81611225704103E-02
 2.00936567053201E+03	 7.99270925816129E-02
 2.00936840843204E+03	 1.82350337666887E-01
 2.00937114633207E+03	 2.72998543103441E-01
 2.00937388423210E+03	 3.37994643188455E-01
 2.00937662213213E+03	 3.55306364156167E-01
 2.00937936003216E+03	 3.09490974424887E-01
 2.00938209793219E+03	 1.96157655205536E-01
 2.00938483583222E+03	 2.91094177093247E-02
 2.00938757373225E+03	-1.52198884655609E-01
 2.00939031163228E+03	-2.96751780246647E-01
 2.00939304953232E+03	-3.67146148439108E-01
 2.00939578743235E+03	-3.41701238337484E-01
 2.00939852533238E+03	-2.05281587170751E-01
 2.00940126323241E+03	 2.74535432984071E-02
 2.00940400113244E+03	 2.75976346306611E-01
 2.00940673903247E+03	 4.20766436946122E-01
 2.00940947693250E+03	 3.95295517765197E-01
 2.00941221483253E+03	 2.39566257070730E-01
 2.00941495273256E+03	 4.91952271858639E-02
 2.00941769063259E+03	-1.12357260957713E-01
 2.00942042853262E+03	-2.38359403027778E-01
 2.00942316643265E+03	-3.38474091296707E-01
 2.00942590433268E+03	-4.02924379064857E-01
 2.00942864223272E+03	-4.06983222573666E-01
 2.00943138013275E+03	-3.36701230459817E-01
 2.00943411803278E+03	-2.07721131208077E-01
 2.00943685593281E+03	-6.12822872317942E-02
 2.00943959383284E+03	 6.36027915888769E-02
 2.00944233173287E+03	 1.56972117372515E-01
 2.00944506963290E+03	 2.31883261297096E-01
 2.00944780753293E+03	 2.93042174736406E-01
 2.00945054543296E+03	 3.21900944796420E-01
 2.00945328333299E+03	 2.93918461064297E-01
 2.00945602123302E+03	 2.00939362188417E-01
 2.00945875913305E+03	 5.73646435322787E-02
 2.00946149703308E+03	-1.04014030200507E-01
 2.00946423493312E+03	-2.42093491595038E-01
 2.00946697283315E+03	-3.23837698275656E-01
 2.00946971073318E+03	-3.30124572486392E-01
 2.00947244863321E+03	-2.42617798846977E-01
 2.00947518653324E+03	-4.72340169887511E-02
 2.00947792443327E+03	 2.20334288314259E-01
 2.00948066233330E+03	 4.45630713449822E-01
 2.00948340023333E+03	 4.99506652186569E-01
 2.00948613813336E+03	 3.52026884383584E-01
 2.00948887603339E+03	 1.01130770276833E-01
 2.00949161393342E+03	-1.24193997870070E-01
 2.00949435183345E+03	-2.69011500942406E-01
 2.00949708973348E+03	-3.53864801769569E-01
 2.00949982763351E+03	-4.04812032268091E-01
 2.00950256553355E+03	-4.13694580203103E-01
 2.00950530343358E+03	-3.58776225659432E-01
 2.00950804133361E+03	-2.39250320599072E-01
 2.00951077923364E+03	-8.45022714155960E-02
 2.00951351713367E+03	 6.26311379458038E-02
 2.00951625503370E+03	 1.72919485788488E-01
 2.00951899293373E+03	 2.46043551990225E-01
 2.00952173083376E+03	 2.96565505340413E-01
 2.00952446873379E+03	 3.24474313799285E-01
 2.00952720663382E+03	 3.07607105356033E-01
 2.00952994453385E+03	 2.26126062261743E-01
 2.00953268243388E+03	 8.79599766668191E-02
 2.00953542033391E+03	-7.14873526966597E-02
 2.00953815823395E+03	-2.08709372533767E-01
 2.00954089613398E+03	-2.91564105370147E-01
 2.00954363403401E+03	-3.06020432268151E-01
 2.00954637193404E+03	-2.44424793192529E-01
 2.00954910983407E+03	-9.18725312863548E-02
 2.00955184773410E+03	 1.52727886168282E-01
 2.00955458563413E+03	 4.25656185389139E-01
 2.00955732353416E+03	 5.93951465124907E-01
 2.00956006143419E+03	 5.47239403602414E-01
 2.00956279933422E+03	 3.03686983022183E-01
 2.00956553723425E+03	-6.77402019428158E-04
 2.00956827513428E+03	-2.34795702621535E-01
 2.00957101303431E+03	-3.63906827436670E-01
 2.00957375093435E+03	-4.21358140490019E-01
 2.00957648883438E+03	-4.31190529705348E-01
 2.00957922673441E+03	-3.85478286461063E-01
 2.00958196463444E+03	-2.77108239672874E-01
 2.00958470253447E+03	-1.24261385448317E-01
 2.00958744043450E+03	 3.75163543622282E-02
 2.00959017833453E+03	 1.74473702401088E-01
 2.00959291623456E+03	 2.69125648592277E-01
 2.00959565413459E+03	 3.24400860005289E-01
 2.00959839203462E+03	 3.49774355237757E-01
 2.00960112993465E+03	 3.39399883206301E-01
 2.00960386783468E+03	 2.72377162383273E-01
 2.00960660573471E+03	 1.41143378743593E-01
 2.00960934363475E+03	-2.68742559828541E-02
 2.00961208153478E+03	-1.81592141361562E-01
 2.00961481943481E+03	-2.80383898848025E-01
 2.00961755733484E+03	-3.04594937830588E-01
 2.00962029523487E+03	-2.52928433139636E-01
 2.00962303313490E+03	-1.24772429594693E-01
 2.00962577103493E+03	 8.24525666657701E-02
 2.00962850893496E+03	 3.44836931744144E-01
 2.00963124683499E+03	 5.77758818951162E-01
 2.00963398473502E+03	 6.58836354062832E-01
 2.00963672263505E+03	 5.21094743866751E-01
 2.00963946053508E+03	 2.24549979467666E-01
 2.00964219843511E+03	-8.80094758664641E-02
 2.00964493633514E+03	-3.08393941452679E-01
 2.00964767423518E+03	-4.20319939315902E-01
 2.00965041213521E+03	-4.53164369432347E-01
 2.00965315003524E+03	-4.21402795164086E-01
 2.00965588793527E+03	-3.25233634219415E-01
 2.00965862583530E+03	-1.80247477871534E-01
 2.00966136373532E+03	-1.88070671949827E-02
 2.00966410163536E+03	 1.29816865193683E-01
 2.00966683953539E+03	 2.47495215927603E-01
 2.00966957743542E+03	 3.24959170958640E-01
 2.00967231533545E+03	 3.61634757064712E-01
 2.00967505323548E+03	 3.59158904933582E-01
 2.00967779113551E+03	 3.08871464642169E-01
 2.00968052903554E+03	 1.97590617983088E-01
 2.00968326693558E+03	 3.43392134033072E-02
 2.00968600483561E+03	-1.38267308289280E-01
 2.00968874273564E+03	-2.67663044444068E-01
 2.00969148063567E+03	-3.21017990471203E-01
 2.00969421853570E+03	-2.89911187689941E-01
 2.00969695643573E+03	-1.77932866391765E-01
 2.00969969433576E+03	 5.49561753745322E-03
 2.00970243223579E+03	 2.37595234514749E-01
 2.00970517013582E+03	 4.67422402876590E-01
 2.00970790803585E+03	 6.12460120466688E-01
 2.00971064593588E+03	 5.92774325627538E-01
 2.00971338383591E+03	 3.94262367353155E-01
 2.00971612173594E+03	 9.62763301466960E-02
 2.00971885963598E+03	-1.82681272737699E-01
 2.00972159753601E+03	-3.68688640314961E-01
 2.00972433543604E+03	-4.54152311958584E-01
 2.00972707333607E+03	-4.54730669266523E-01
 2.00972981123610E+03	-3.79464246800781E-01
 2.00973254913613E+03	-2.45604695345986E-01
 2.00973528703616E+03	-8.95156270323235E-02
 2.00973802493619E+03	 5.52250361879084E-02
 2.00974076283622E+03	 1.76080882637659E-01
 2.00974350073625E+03	 2.69989888770719E-01
 2.00974623863628E+03	 3.29062128690702E-01
 2.00974897653631E+03	 3.44863077385427E-01
 2.00975171443634E+03	 3.12709136834675E-01
 2.00975445233637E+03	 2.26811364481763E-01
 2.00975719023641E+03	 8.71173862364827E-02
 2.00975992813644E+03	-8.19809050468119E-02
 2.00976266603647E+03	-2.33196269611722E-01
 2.00976540393650E+03	-3.23507945984064E-01
 2.00976814183653E+03	-3.31573715351823E-01
 2.00977087973656E+03	-2.51177782899266E-01
 2.00977361763659E+03	-8.78852311818030E-02
 2.00977635553662E+03	 1.28760412424443E-01
 2.00977909343665E+03	 3.41935129867611E-01
 2.00978183133668E+03	 4.86443351379866E-01
 2.00978456923671E+03	 5.12506380203768E-01
 2.00978730713674E+03	 4.03038667976425E-01
 2.00979004503677E+03	 1.86614535275663E-01
 2.00979278293681E+03	-6.71849089580140E-02
 2.00979552083684E+03	-2.83196076143903E-01
 2.00979825873687E+03	-4.18662072715813E-01
 2.00980099663690E+03	-4.64402752588076E-01
 2.00980373453693E+03	-4.23225559756492E-01
 2.00980647243696E+03	-3.08504436163874E-01
 2.00980921033699E+03	-1.56851992559822E-01
 2.00981194823702E+03	-1.40842279509646E-02
 2.00981468613705E+03	 9.83200405379431E-02
 2.00981742403708E+03	 1.87127816318136E-01
 2.00982016193711E+03	 2.57373646844035E-01
 2.00982289983714E+03	 2.96081465438923E-01
 2.00982563773717E+03	 2.86944979510657E-01
 2.00982837563721E+03	 2.24247345659195E-01
 2.00983111353724E+03	 1.11527866850653E-01
 2.00983385143727E+03	-3.59998950456206E-02
 2.00983658933730E+03	-1.85225027943821E-01
 2.00983932723733E+03	-2.96200359507445E-01
 2.00984206513736E+03	-3.41478105426201E-01
 2.00984480303739E+03	-3.05880550871478E-01
 2.00984754093742E+03	-1.79141187279488E-01
 2.00985027883745E+03	 2.55648248601361E-02
 2.00985301673748E+03	 2.46878123201919E-01
 2.00985575463751E+03	 3.96630375273426E-01
 2.00985849253754E+03	 4.19327481043117E-01
 2.00986123043757E+03	 3.22617435437930E-01
 2.00986396833761E+03	 1.52329410724990E-01
 2.00986670623764E+03	-4.41136427566613E-02
 2.00986944413767E+03	-2.28902779436651E-01
 2.00987218203770E+03	-3.71062384486609E-01
 2.00987491993773E+03	-4.46849836187263E-01
 2.00987765783776E+03	-4.41411518182031E-01
 2.00988039573779E+03	-3.54102069864285E-01
 2.00988313363782E+03	-2.10527181340525E-01
 2.00988587153785E+03	-6.02649512446634E-02
 2.00988860943788E+03	 5.55182089984751E-02
 2.00989134733791E+03	 1.33569446132953E-01
 2.00989408523794E+03	 1.93755224517439E-01
 2.00989682313797E+03	 2.40240110620076E-01
 2.00989956103800E+03	 2.52654648555818E-01
 2.00990229893804E+03	 2.11720121141219E-01
 2.00990503683807E+03	 1.18150880068913E-01
 2.00990777473810E+03	-1.03932066991262E-02
 2.00991051263813E+03	-1.45938944565138E-01
 2.00991325053816E+03	-2.56244193779228E-01
 2.00991598843819E+03	-3.16774801900961E-01
 2.00991872633822E+03	-3.13738568479608E-01
 2.00992146423825E+03	-2.31064892419385E-01
 2.00992420213828E+03	-5.60725667752957E-02
 2.00992694003831E+03	 1.78384996395594E-01
 2.00992967793834E+03	 3.73985414947905E-01
 2.00993241583837E+03	 4.27157411752345E-01
 2.00993515373840E+03	 3.17385396107541E-01
 2.00993789163844E+03	 1.17520932392718E-01
 2.00994062953847E+03	-8.24023299388545E-02
 2.00994336743850E+03	-2.40648328162068E-01
 2.00994610533853E+03	-3.56404723471366E-01
 2.00994884323856E+03	-4.28728932343378E-01
 2.00995158113859E+03	-4.41224787451018E-01
 2.00995431903862E+03	-3.78506286902518E-01
 2.00995705693865E+03	-2.48560198310527E-01
 2.00995979483868E+03	-9.01502692830770E-02
 2.00996253273871E+03	 4.61276825067894E-02
 2.00996527063874E+03	 1.33473245813442E-01
 2.00996800853877E+03	 1.83570912434735E-01
 2.00997074643880E+03	 2.18847229102731E-01
 2.00997348433884E+03	 2.36905721567011E-01
 2.00997622223887E+03	 2.13331673836027E-01
 2.00997896013890E+03	 1.33877844289095E-01
 2.00998169803893E+03	 1.22626782153099E-02
 2.00998443593896E+03	-1.19252914904640E-01
 2.00998717383899E+03	-2.26826863695362E-01
 2.00998991173902E+03	-2.87571868477411E-01
 2.00999264963905E+03	-2.93245803280211E-01
 2.00999538753908E+03	-2.37003463839924E-01
 2.00999812543911E+03	-9.99587536324499E-02
 2.01000086333914E+03	 1.22534905730699E-01
 2.01000360123917E+03	 3.67410676693326E-01
 2.01000633913920E+03	 5.07628514584700E-01
 2.01000907703923E+03	 4.49010996516913E-01
 2.01001181493927E+03	 2.21660460353100E-01
 2.01001455283930E+03	-4.86622067415175E-02
 2.01001729073933E+03	-2.55488815961739E-01
 2.01002002863936E+03	-3.76728985995230E-01
 2.01002276653939E+03	-4.37452635926978E-01
 2.01002550443942E+03	-4.48452259403479E-01
 2.01002824233945E+03	-3.97505196840276E-01
 2.01003098023948E+03	-2.80263319723081E-01
 2.01003371813951E+03	-1.20777885551303E-01
 2.01003645603954E+03	 3.64746378741040E-02
 2.01003919393957E+03	 1.52173150177616E-01
 2.01004193183960E+03	 2.15783188894629E-01
 2.01004466973963E+03	 2.44562598590661E-01
 2.01004740763967E+03	 2.54625315890371E-01
 2.01005014553970E+03	 2.37106417663690E-01
 2.01005288343973E+03	 1.70607541246277E-01
 2.01005562133976E+03	 5.32216577581325E-02
 2.01005835923979E+03	-8.61861464411718E-02
 2.01006109713982E+03	-2.05918137047215E-01
 2.01006383503985E+03	-2.75035613085637E-01
 2.01006657293988E+03	-2.83517104711031E-01
 2.01006931083991E+03	-2.33805524161508E-01
 2.01007204873994E+03	-1.20646532959181E-01
 2.01007478663997E+03	 7.10359966513870E-02
 2.01007752454000E+03	 3.24738895743822E-01
 2.01008026244003E+03	 5.48014226122586E-01
 2.01008300034007E+03	 6.07860471141663E-01
 2.01008573824010E+03	 4.43774129542444E-01
 2.01008847614013E+03	 1.35053570210822E-01
 2.01009121404016E+03	-1.67106337657484E-01
 2.01009395194019E+03	-3.65224818678993E-01
 2.01009668984022E+03	-4.56898630210764E-01
 2.01009942774025E+03	-4.74933862737180E-01
 2.01010216564028E+03	-4.30532475876363E-01
 2.01010490354031E+03	-3.21882117909256E-01
 2.01010764144034E+03	-1.65794268696884E-01
 2.01011037934037E+03	 2.55166008440019E-04
 2.01011311724040E+03	 1.39183385657444E-01
 2.01011585514043E+03	 2.30718139777651E-01
 2.01011859304046E+03	 2.75382278345019E-01
 2.01012133094050E+03	 2.85994931316505E-01
 2.01012406884053E+03	 2.68774668513296E-01
 2.01012680674056E+03	 2.13041299915674E-01
 2.01012954464059E+03	 1.07346992294343E-01
 2.01013228254062E+03	-3.49212471933814E-02
 2.01013502044065E+03	-1.73885482386198E-01
 2.01013775834068E+03	-2.67706655982267E-01
 2.01014049624071E+03	-2.94905049600038E-01
 2.01014323414074E+03	-2.55249348214294E-01
 2.01014597204077E+03	-1.54170047736237E-01
 2.01014870994080E+03	 1.08052134187943E-02
 2.01015144784083E+03	 2.38558875788664E-01
 2.01015418574086E+03	 4.85510075184275E-01
 2.01015692364090E+03	 6.47087639762466E-01
 2.01015966154093E+03	 6.14590236252990E-01
 2.01016239944096E+03	 3.74226047414104E-01
 2.01016513734099E+03	 3.52814609344533E-02
 2.01016787524102E+03	-2.58085948294097E-01
 2.01017061314105E+03	-4.32542873388546E-01
 2.01017335104108E+03	-4.95896966745914E-01
 2.01017608894111E+03	-4.74506697725730E-01
 2.01017882684114E+03	-3.79790866489963E-01
 2.01018156474117E+03	-2.29420397738357E-01
 2.01018430264120E+03	-6.21971169920944E-02
 2.01018704054123E+03	 8.33190652669884E-02
 2.01018977844126E+03	 1.89859599101064E-01
 2.01019251634130E+03	 2.56254283769864E-01
 2.01019525424133E+03	 2.84959407644073E-01
 2.01019799214136E+03	 2.78017807236438E-01
 2.01020073004139E+03	 2.33790576401779E-01
 2.01020346794142E+03	 1.46051514277492E-01
 2.01020620584145E+03	 1.70721581932180E-02
 2.01020894374148E+03	-1.27259298085145E-01
 2.01021168164151E+03	-2.45154532984270E-01
 2.01021441954154E+03	-3.03893045857785E-01
 2.01021715744157E+03	-2.92306662224523E-01
 2.01021989534160E+03	-2.12340035358747E-01
 2.01022263324163E+03	-6.84910116919284E-02
 2.01022537114166E+03	 1.30104160493753E-01
 2.01022810904170E+03	 3.55324665373853E-01
 2.01023084694173E+03	 5.44674679442012E-01
 2.01023358484176E+03	 6.10845358196135E-01
 2.01023632274179E+03	 4.94623341300360E-01
 2.01023906064182E+03	 2.24276577119352E-01
 2.01024179854185E+03	-9.07212628702275E-02
 2.01024453644188E+03	-3.38999681187968E-01
 2.01024727434191E+03	-4.73760319828796E-01
 2.01025001224194E+03	-5.01714298281338E-01
 2.01025275014197E+03	-4.38633001087198E-01
 2.01025548804200E+03	-3.03157636384821E-01
 2.01025822594203E+03	-1.35901543644502E-01
 2.01026096384206E+03	 1.25947015727183E-02
 2.01026370174209E+03	 1.17826533354072E-01
 2.01026643964213E+03	 1.87094500203399E-01
 2.01026917754216E+03	 2.30644354313598E-01
 2.01027191544219E+03	 2.44177511632135E-01
 2.01027465334222E+03	 2.18511500052528E-01
 2.01027739124225E+03	 1.50221346371758E-01
 2.01028012914228E+03	 4.29692423128131E-02
 2.01028286704231E+03	-8.76092237030799E-02
 2.01028560494234E+03	-2.10365920051124E-01
 2.01028834284237E+03	-2.91741877526974E-01
 2.01029108074240E+03	-3.12791420324885E-01
 2.01029381864243E+03	-2.67460930548861E-01
 2.01029655654246E+03	-1.52950611625087E-01
 2.01029929444249E+03	 2.31775191029336E-02
 2.01030203234253E+03	 2.27489865846819E-01
 2.01030477024256E+03	 4.02972346213330E-01
 2.01030750814259E+03	 4.89571648164960E-01
 2.01031024604262E+03	 4.46750464872942E-01
 2.01031298394265E+03	 2.73859837130769E-01
 2.01031572184268E+03	 2.12862243519122E-02
 2.01031845974271E+03	-2.28960777800565E-01
 2.01032119764274E+03	-4.08711592574916E-01
 2.01032393554277E+03	-4.90291933060054E-01
 2.01032667344280E+03	-4.73024057543646E-01
 2.01032941134283E+03	-3.67529885582950E-01
 2.01033214924286E+03	-2.06428772260700E-01
 2.01033488714289E+03	-4.71933079460635E-02
 2.01033762504293E+03	 6.36382511561330E-02
 2.01034036294296E+03	 1.24590402157086E-01
 2.01034310084299E+03	 1.61746087899557E-01
 2.01034583874302E+03	 1.85426904237514E-01
 2.01034857664305E+03	 1.80612847820979E-01
 2.01035131454308E+03	 1.32371424096831E-01
 2.01035405244311E+03	 4.31801925361655E-02
 2.01035679034314E+03	-7.03935250153262E-02
 2.01035952824317E+03	-1.83335318743853E-01
 2.01036226614320E+03	-2.68013593569967E-01
 2.01036500404323E+03	-3.05808184084065E-01
 2.01036774194326E+03	-2.89519974898707E-01
 2.01037047984329E+03	-2.10648509020855E-01
 2.01037321774332E+03	-6.11044493763963E-02
 2.01037595564336E+03	 1.37004720800027E-01
 2.01037869354339E+03	 3.16464261707307E-01
 2.01038143144342E+03	 4.01731289944225E-01
 2.01038416934345E+03	 3.61508773271323E-01
 2.01038690724348E+03	 2.18919923401117E-01
 2.01038964514351E+03	 2.20404614487589E-02
 2.01039238304354E+03	-1.81349171722073E-01
 2.01039512094357E+03	-3.50444262883918E-01
 2.01039785884360E+03	-4.54351530437667E-01
 2.01040059674363E+03	-4.74616198817076E-01
 2.01040333464366E+03	-4.05564158321566E-01
 2.01040607254369E+03	-2.62723144966652E-01
 2.01040881044372E+03	-9.33766056809480E-02
 2.01041154834376E+03	 4.14241852499996E-02
 2.01041428624379E+03	 1.11930715201313E-01
 2.01041702414382E+03	 1.37838879082647E-01
 2.01041976204385E+03	 1.51280736574886E-01
 2.01042249994388E+03	 1.54002396703496E-01
 2.01042523784391E+03	 1.23183403312629E-01
 2.01042797574394E+03	 4.71544676671086E-02
 2.01043071364397E+03	-5.94729625570338E-02
 2.01043345154400E+03	-1.67901502357740E-01
 2.01043618944403E+03	-2.50253596697605E-01
 2.01043892734406E+03	-2.89483556455821E-01
 2.01044166524409E+03	-2.82457175766778E-01
 2.01044440314412E+03	-2.26933563045526E-01
 2.01044714104416E+03	-1.07873924924146E-01
 2.01044987894419E+03	 8.00136679972195E-02
 2.01045261684422E+03	 2.87036998144445E-01
 2.01045535474425E+03	 4.13146359179778E-01
 2.01045809264428E+03	 3.84633791963209E-01
 2.01046083054431E+03	 2.19256541617846E-01
 2.01046356844434E+03	 1.45100223814556E-03
 2.01046630634437E+03	-1.94335802754931E-01
 2.01046904424440E+03	-3.40388058660796E-01
 2.01047178214443E+03	-4.33203818132277E-01
 2.01047452004446E+03	-4.64409086037665E-01
 2.01047725794449E+03	-4.20386187247620E-01
 2.01047999584452E+03	-3.00441340820327E-01
 2.01048273374455E+03	-1.32886130374126E-01
 2.01048547164459E+03	 2.76922112622317E-02
 2.01048820954462E+03	 1.31357733751814E-01
 2.01049094744465E+03	 1.69444772037890E-01
 2.01049368534468E+03	 1.72338892067795E-01
 2.01049642324471E+03	 1.65897476631436E-01
 2.01049916114474E+03	 1.41765577753885E-01
 2.01050189904477E+03	 7.74853724929350E-02
 2.01050463694480E+03	-2.71069179418429E-02
 2.01050737484483E+03	-1.43568399204198E-01
 2.01051011274486E+03	-2.35859859056658E-01
 2.01051285064489E+03	-2.80492698379809E-01
 2.01051558854492E+03	-2.73713574530265E-01
 2.01051832644495E+03	-2.22588796256127E-01
 2.01052106434499E+03	-1.23240967506421E-01
 2.01052380224502E+03	 4.23662173537883E-02
 2.01052654014505E+03	 2.63663599039240E-01
 2.01052927804508E+03	 4.57857419886770E-01
 2.01053201594511E+03	 5.06897615283446E-01
 2.01053475384514E+03	 3.62075584540024E-01
 2.01053749174517E+03	 9.58265778705894E-02
 2.01054022964520E+03	-1.65885734899384E-01
 2.01054296754523E+03	-3.46404301026991E-01
 2.01054570544526E+03	-4.42034135427414E-01
 2.01054844334529E+03	-4.71131840063336E-01
 2.01055118124532E+03	-4.35279847019263E-01
 2.01055391914535E+03	-3.30202240176708E-01
 2.01055665704539E+03	-1.71543611539992E-01
 2.01055939494542E+03	-1.49776709983986E-04
 2.01056213284545E+03	 1.35532158125333E-01
 2.01056487074548E+03	 2.07028662550612E-01
 2.01056760864551E+03	 2.22072373608383E-01
 2.01057034654554E+03	 2.08878749933030E-01
 2.01057308444557E+03	 1.80915823904699E-01
 2.01057582234560E+03	 1.25013799133055E-01
 2.01057856024563E+03	 2.78699643728283E-02
 2.01058129814566E+03	-9.58094340808297E-02
 2.01058403604569E+03	-2.07984067446221E-01
 2.01058677394572E+03	-2.73475876866467E-01
 2.01058951184575E+03	-2.78462259345231E-01
 2.01059224974579E+03	-2.29639010130120E-01
 2.01059498764582E+03	-1.36456751441265E-01
 2.01059772554585E+03	 7.94366078815384E-03
 2.01060046344588E+03	 2.14107702515397E-01
 2.01060320134591E+03	 4.45863788300861E-01
 2.01060593924594E+03	 5.96292724581100E-01
 2.01060867714597E+03	 5.54665412090982E-01
 2.01061141504600E+03	 3.13522179031569E-01
 2.01061415294603E+03	-1.21630104734297E-02
 2.01061689084606E+03	-2.84039447655196E-01
 2.01061962874609E+03	-4.40288666745932E-01
 2.01062236664612E+03	-4.93665509740935E-01
 2.01062510454615E+03	-4.68212249028073E-01
 2.01062784244618E+03	-3.71979496551568E-01
 2.01063058034622E+03	-2.19349530653488E-01
 2.01063331824625E+03	-4.67888953804838E-02
 2.01063605614628E+03	 1.02499078356525E-01
 2.01063879404631E+03	 2.00341665108715E-01
 2.01064153194634E+03	 2.41843270720707E-01
 2.01064426984637E+03	 2.40618902566140E-01
 2.01064700774640E+03	 2.13242923615733E-01
 2.01064974564643E+03	 1.62112898245266E-01
 2.01065248354646E+03	 7.73492822541099E-02
 2.01065522144649E+03	-4.02075262274497E-02
 2.01065795934652E+03	-1.63961695365961E-01
 2.01066069724655E+03	-2.54931421168086E-01
 2.01066343514658E+03	-2.86755638039557E-01
 2.01066617304662E+03	-2.55904438145625E-01
 2.01066891094665E+03	-1.72349608132196E-01
 2.01067164884668E+03	-4.24312303944042E-02
 2.01067438674671E+03	 1.37658647010261E-01
 2.01067712464674E+03	 3.59146003327147E-01
 2.01067986254677E+03	 5.61879912057463E-01
 2.01068260044680E+03	 6.38026926789209E-01
 2.01068533834683E+03	 5.10087508659301E-01
 2.01068807624686E+03	 2.13234859889113E-01
 2.01069081414689E+03	-1.21052990673322E-01
 2.01069355204692E+03	-3.69927324118368E-01
 2.01069628994695E+03	-4.92405685334224E-01
 2.01069902784698E+03	-5.05597544067569E-01
 2.01070176574702E+03	-4.30497598409491E-01
 2.01070450364705E+03	-2.86058121266658E-01
 2.01070724154708E+03	-1.11100300370542E-01
 2.01070997944711E+03	 4.39956185628969E-02
 2.01071271734714E+03	 1.49270439504770E-01
 2.01071545524717E+03	 2.04704820190817E-01
 2.01071819314720E+03	 2.22049279684918E-01
 2.01072093104723E+03	 2.09247537851911E-01
 2.01072366894726E+03	 1.68207544536844E-01
 2.01072640684729E+03	 9.66690494684153E-02
 2.01072914474732E+03	-5.29384790500686E-03
 2.01073188264735E+03	-1.23176380911571E-01
 2.01073462054738E+03	-2.26071412437594E-01
 2.01073735844741E+03	-2.83399060002173E-01
 2.01074009634745E+03	-2.81693649017288E-01
 2.01074283424748E+03	-2.22995688119899E-01
 2.01074557214751E+03	-1.12891696536002E-01
 2.01074831004754E+03	 4.44225944242699E-02
 2.01075104794757E+03	 2.38430193548253E-01
 2.01075378584760E+03	 4.35202590677526E-01
 2.01075652374763E+03	 5.66100887777840E-01
 2.01075926164766E+03	 5.51439307221824E-01
 2.01076199954769E+03	 3.62061475635697E-01
 2.01076473744772E+03	 6.09406833114748E-02
 2.01076747534775E+03	-2.33873465344975E-01
 2.01077021324778E+03	-4.32440924673491E-01
 2.01077295114781E+03	-5.10849706791983E-01
 2.01077568904785E+03	-4.81263370899366E-01
 2.01077842694788E+03	-3.62181187547095E-01
 2.01078116484791E+03	-1.89292909950303E-01
 2.01078390274794E+03	-2.21767744656953E-02
 2.01078664064797E+03	 9.01729466997884E-02
 2.01078937854800E+03	 1.43339276460668E-01
 2.01079211644803E+03	 1.62556178983521E-01
 2.01079485434806E+03	 1.63574061179413E-01
 2.01079759224809E+03	 1.41201718270104E-01
 2.01080033014812E+03	 8.65403778067592E-02
 2.01080306804815E+03	 7.79451873637657E-04
 2.01080580594818E+03	-1.03127190102403E-01
 2.01080854384821E+03	-2.01860646693949E-01
 2.01081128174825E+03	-2.68974556063082E-01
 2.01081401964828E+03	-2.88459434800660E-01
 2.01081675754831E+03	-2.58085049510010E-01
 2.01081949544834E+03	-1.77910385083634E-01
 2.01082223334837E+03	-4.60337149777440E-02
 2.01082497124840E+03	 1.26961008919137E-01
 2.01082770914843E+03	 3.05246464085627E-01
 2.01083044704846E+03	 4.34777068566051E-01
 2.01083318494849E+03	 4.62926345239941E-01
 2.01083592284852E+03	 3.61094651216997E-01
 2.01083866074855E+03	 1.46767794132997E-01
 2.01084139864858E+03	-1.13254323167234E-01
 2.01084413654861E+03	-3.36187469460504E-01
 2.01084687444864E+03	-4.67892161004328E-01
 2.01084961234868E+03	-4.93420752233357E-01
 2.01085235024871E+03	-4.18155234584480E-01
 2.01085508814874E+03	-2.64581131447920E-01
 2.01085782604877E+03	-8.60743346181338E-02
 2.01086056394880E+03	 4.95878914819504E-02
 2.01086330184883E+03	 1.10077456390062E-01
 2.01086603974886E+03	 1.18433297745142E-01
 2.01086877764889E+03	 1.12915208277384E-01
 2.01087151554892E+03	 1.01561486327654E-01
 2.01087425344895E+03	 6.63184746027491E-02
 2.01087699134898E+03	-3.65851813100206E-03
 2.01087972924901E+03	-9.70952486832129E-02
 2.01088246714904E+03	-1.89451532304270E-01
 2.01088520504908E+03	-2.55615570840649E-01
 2.01088794294911E+03	-2.80408679060394E-01
 2.01089068084914E+03	-2.63219099397520E-01
 2.01089341874917E+03	-2.06913773483944E-01
 2.01089615664920E+03	-1.04005961359606E-01
 2.01089889454923E+03	 5.01080080232392E-02
 2.01090163244926E+03	 2.25656278094490E-01
 2.01090437034929E+03	 3.57294499944747E-01
 2.01090710824932E+03	 3.86608128975402E-01
 2.01090984614935E+03	 3.00875571386434E-01
 2.01091258404938E+03	 1.30475053781573E-01
 2.01091532194941E+03	-7.62395187478153E-02
 2.01091805984944E+03	-2.70062072963050E-01
 2.01092079774948E+03	-4.09657671116949E-01
 2.01092353564951E+03	-4.68422004585517E-01
 2.01092627354954E+03	-4.35070722451494E-01
 2.01092901144957E+03	-3.14442718895081E-01
 2.01093174934960E+03	-1.39682760448959E-01
 2.01093448724963E+03	 2.47396706358463E-02
 2.01093722514966E+03	 1.18651189407300E-01
 2.01093996304969E+03	 1.33908703948217E-01
 2.01094270094972E+03	 1.11895202019646E-01
 2.01094543884975E+03	 8.91390084163674E-02
 2.01094817674978E+03	 6.13332283826673E-02
 2.01095091464981E+03	 5.37700297882484E-03
 2.01095365254984E+03	-8.17322551834443E-02
 2.01095639044988E+03	-1.76128558998852E-01
 2.01095912834991E+03	-2.46713535343180E-01
 2.01096186624994E+03	-2.73575554519986E-01
 2.01096460414997E+03	-2.55562781412339E-01
 2.01096734205000E+03	-2.03106654609951E-01
 2.01097007995003E+03	-1.17276593806599E-01
 2.01097281785006E+03	 1.62883918469970E-02
 2.01097555575009E+03	 1.93403784233394E-01
 2.01097829365012E+03	 3.55054084553179E-01
 2.01098103155015E+03	 4.13336248109495E-01
 2.01098376945018E+03	 3.26632510923612E-01
 2.01098650735021E+03	 1.35726622852990E-01
 2.01098924525024E+03	-7.90916221836085E-02
 2.01099198315027E+03	-2.59591733454936E-01
 2.01099472105031E+03	-3.83982439676913E-01
 2.01099745895034E+03	-4.44131686954703E-01
 2.01100019685037E+03	-4.30237014894833E-01
 2.01100293475040E+03	-3.36900570711614E-01
 2.01100567265043E+03	-1.78630963308925E-01
 2.01100841055046E+03	-3.35042771314768E-04
 2.01101114845049E+03	 1.35396931846243E-01
 2.01101388635052E+03	 1.88583378248344E-01
 2.01101662425055E+03	 1.72424762445722E-01
 2.01101936215058E+03	 1.31896965792832E-01
 2.01102210005061E+03	 9.18346457283675E-02
 2.01102483795064E+03	 3.95046736391862E-02
 2.01102757585067E+03	-4.24331473630298E-02
 2.01103031375071E+03	-1.43278211369991E-01
 2.01103305165074E+03	-2.29574253307657E-01
 2.01103578955077E+03	-2.70998225721863E-01
 2.01103852745080E+03	-2.57652887841327E-01
 2.01104126535083E+03	-2.00254240952166E-01
 2.01104400325086E+03	-1.12964055260493E-01
 2.01104674115089E+03	 8.42080215964560E-03
 2.01104947905092E+03	 1.77507826533702E-01
 2.01105221695095E+03	 3.69251896322794E-01
 2.01105495485098E+03	 4.95543978397230E-01
 2.01105769275101E+03	 4.63603109411617E-01
 2.01106043065104E+03	 2.66697298490327E-01
 2.01106316855107E+03	-3.36983353450051E-03
 2.01106590645111E+03	-2.37765671292902E-01
 2.01106864435114E+03	-3.85533254827998E-01
 2.01107138225117E+03	-4.49085640484866E-01
 2.01107412015120E+03	-4.39172184244997E-01
 2.01107685805123E+03	-3.57565331081889E-01
 2.01107959595126E+03	-2.13139683138963E-01
 2.01108233385129E+03	-3.68647185613503E-02
 2.01108507175132E+03	 1.22345367196832E-01
 2.01108780965135E+03	 2.18992732481938E-01
 2.01109054755138E+03	 2.38246331096461E-01
 2.01109328545141E+03	 2.03975311785664E-01
 2.01109602335144E+03	 1.51391554326628E-01
 2.01109876125147E+03	 9.17236677461513E-02
 2.01110149915150E+03	 1.25305030213474E-02
 2.01110423705154E+03	-9.00315208610163E-02
 2.01110697495157E+03	-1.92509697335585E-01
 2.01110971285160E+03	-2.59369734115308E-01
 2.01111245075163E+03	-2.68125349256158E-01
 2.01111518865166E+03	-2.19627985935358E-01
 2.01111792655169E+03	-1.30102291560841E-01
 2.01112066445172E+03	-1.07650497100771E-02
 2.01112340235175E+03	 1.45432877570731E-01
 2.01112614025178E+03	 3.40466518269764E-01
 2.01112887815181E+03	 5.23818118649246E-01
 2.01113161605184E+03	 5.91977191931548E-01
 2.01113435395187E+03	 4.69548330432456E-01
 2.01113709185190E+03	 1.91440924638212E-01
 2.01113982975194E+03	-1.17812273251505E-01
 2.01114256765197E+03	-3.46221547713662E-01
 2.01114530555200E+03	-4.58446902543287E-01
 2.01114804345203E+03	-4.70201044997625E-01
 2.01115078135206E+03	-3.99869656652199E-01
 2.01115351925209E+03	-2.62935196708624E-01
 2.01115625715212E+03	-9.02636306398912E-02
 2.01115899505215E+03	 7.35271506997307E-02
 2.01116173295218E+03	 1.90291495743568E-01
 2.01116447085221E+03	 2.42955858824808E-01
 2.01116720875224E+03	 2.37683197436685E-01
 2.01116994665227E+03	 1.95627042358616E-01
 2.01117268455230E+03	 1.35109922755101E-01
 2.01117542245234E+03	 5.84730480236076E-02
 2.01117816035237E+03	-3.84286351009795E-02
 2.01118089825240E+03	-1.44794334344040E-01
 2.01118363615243E+03	-2.31293347637829E-01
 2.01118637405246E+03	-2.69083388181930E-01
 2.01118911195249E+03	-2.47395246745896E-01
 2.01119184985252E+03	-1.73890493513644E-01
 2.01119458775255E+03	-6.24821556795406E-02
 2.01119732565258E+03	 8.08106529858917E-02
 2.01120006355261E+03	 2.58027636812640E-01
 2.01120280145264E+03	 4.51589334697857E-01
 2.01120553935267E+03	 5.93431927063213E-01
 2.01120827725270E+03	 5.88228601678596E-01
 2.01121101515273E+03	 3.95425735856325E-01
 2.01121375305277E+03	 8.31740670847402E-02
 2.01121649095280E+03	-2.18722767039182E-01
 2.01121922885283E+03	-4.15832066075002E-01
 2.01122196675286E+03	-4.87862729017853E-01
 2.01122470465289E+03	-4.52698066344690E-01
 2.01122744255292E+03	-3.32611944592777E-01
 2.01123018045295E+03	-1.61859196024015E-01
 2.01123291835298E+03	 6.67182324332090E-03
 2.01123565625301E+03	 1.27216536642320E-01
 2.01123839415304E+03	 1.87052980646342E-01
 2.01124113205307E+03	 1.99365643686376E-01
 2.01124386995310E+03	 1.79973867722382E-01
 2.01124660785313E+03	 1.36786026865355E-01
 2.01124934575317E+03	 7.19601066134508E-02
 2.01125208365320E+03	-1.32675454328500E-02
 2.01125482155323E+03	-1.10922573655167E-01
 2.01125755945326E+03	-2.00333929838774E-01
 2.01126029735329E+03	-2.55370180206114E-01
 2.01126303525332E+03	-2.60189655334378E-01
 2.01126577315335E+03	-2.14829655768344E-01
 2.01126851105338E+03	-1.26861094864737E-01
 2.01127124895341E+03	-2.76995863153248E-03
 2.01127398685344E+03	 1.52224736884477E-01
 2.01127672475347E+03	 3.25238606644873E-01
 2.01127946265350E+03	 4.79429603928164E-01
 2.01128220055353E+03	 5.48392165257612E-01
 2.01128493845357E+03	 4.69244860559277E-01
 2.01128767635360E+03	 2.41430173756839E-01
 2.01129041425363E+03	-5.38153176118384E-02
 2.01129315215366E+03	-3.07391433354844E-01
 2.01129589005369E+03	-4.52501880015371E-01
 2.01129862795372E+03	-4.77996048888488E-01
 2.01130136585375E+03	-3.98124595071942E-01
 2.01130410375378E+03	-2.41548516138852E-01
 2.01130684165381E+03	-6.30493435567965E-02
 2.01130957955384E+03	 7.19590092644149E-02
 2.01131231745387E+03	 1.32182446611949E-01
 2.01131505535390E+03	 1.36586068443185E-01
 2.01131779325393E+03	 1.19610360295451E-01
 2.01132053115397E+03	 9.35905526222837E-02
 2.01132326905400E+03	 4.99292232945630E-02
 2.01132600695403E+03	-1.79809866678131E-02
 2.01132874485406E+03	-1.02640981714445E-01
 2.01133148275409E+03	-1.84818378979984E-01
 2.01133422065412E+03	-2.41511742259424E-01
 2.01133695855415E+03	-2.57160371876812E-01
 2.01133969645418E+03	-2.30573297943016E-01
 2.01134243435421E+03	-1.67620375204405E-01
 2.01134517225424E+03	-6.95530802511965E-02
 2.01134791015427E+03	 6.34297434793953E-02
 2.01135064805430E+03	 2.16876441844900E-01
 2.01135338595433E+03	 3.56026620065115E-01
 2.01135612385436E+03	 4.34833789956679E-01
 2.01135886175440E+03	 4.11943654416762E-01
 2.01136159965443E+03	 2.72132703772270E-01
 2.01136433755446E+03	 4.65330865775862E-02
 2.01136707545449E+03	-1.93124559279334E-01
 2.01136981335452E+03	-3.73395352504553E-01
 2.01137255125455E+03	-4.54055679458100E-01
 2.01137528915458E+03	-4.27414362400253E-01
 2.01137802705461E+03	-3.05562533299654E-01
 2.01138076495464E+03	-1.27821710686786E-01
 2.01138350285467E+03	 3.56405037960755E-02
 2.01138624075470E+03	 1.21812184012649E-01
 2.01138897865473E+03	 1.24122994185026E-01
 2.01139171655476E+03	 8.75193058890817E-02
 2.01139445445480E+03	 5.25466361796712E-02
 2.01139719235483E+03	 1.97479487337875E-02
 2.01139993025486E+03	-3.06766048709351E-02
 2.01140266815489E+03	-1.03662141987018E-01
 2.01140540605492E+03	-1.81305335870375E-01
 2.01140814395495E+03	-2.37585729904682E-01
 2.01141088185498E+03	-2.54383408639081E-01
 2.01141361975501E+03	-2.30120782320120E-01
 2.01141635765504E+03	-1.75262937844372E-01
 2.01141909555507E+03	-9.51498127477799E-02
 2.01142183345510E+03	 1.71525298998286E-02
 2.01142457135513E+03	 1.59839878814673E-01
 2.01142730925516E+03	 2.98222965628942E-01
 2.01143004715520E+03	 3.76282603143869E-01
 2.01143278505523E+03	 3.55707758406463E-01
 2.01143552295526E+03	 2.38570099457013E-01
 2.01143826085529E+03	 5.82769187326284E-02
 2.01144099875532E+03	-1.38701629982733E-01
 2.01144373665535E+03	-3.05365318762444E-01
 2.01144647455538E+03	-4.04724681700347E-01
 2.01144921245541E+03	-4.16207992816902E-01
 2.01145195035544E+03	-3.35109538184954E-01
 2.01145468825547E+03	-1.78106564441249E-01
 2.01145742615550E+03	 3.78564821522695E-03
 2.01146016405553E+03	 1.36740361040278E-01
 2.01146290195556E+03	 1.74012503582768E-01
 2.01146563985559E+03	 1.33947749476142E-01
 2.01146837775563E+03	 7.31680465148176E-02
 2.01147111565566E+03	 2.48872012755791E-02
 2.01147385355569E+03	-2.18135556881286E-02
 2.01147659145572E+03	-8.72127145144793E-02
 2.01147932935575E+03	-1.66234896620198E-01
 2.01148206725578E+03	-2.31476814984799E-01
 2.01148480515581E+03	-2.56649137162678E-01
 2.01148754305584E+03	-2.33377864844778E-01
 2.01149028095587E+03	-1.73016638699145E-01
 2.01149301885590E+03	-9.17357795939013E-02
 2.01149575675593E+03	 1.01542193578890E-02
 2.01149849465596E+03	 1.43711271230050E-01
 2.01150123255599E+03	 2.94481153699889E-01
 2.01150397045603E+03	 4.02083188469872E-01
 2.01150670835606E+03	 3.99228241895931E-01
 2.01150944625609E+03	 2.72940177288758E-01
 2.01151218415612E+03	 7.49400770928345E-02
 2.01151492205615E+03	-1.24898048494466E-01
 2.01151765995618E+03	-2.81125654328749E-01
 2.01152039785621E+03	-3.74752533978634E-01
 2.01152313575624E+03	-3.96442989995954E-01
 2.01152587365627E+03	-3.39941448137711E-01
 2.01152861155630E+03	-2.09330867352983E-01
 2.01153134945633E+03	-3.24805880700520E-02
 2.01153408735636E+03	 1.33684645911696E-01
 2.01153682525639E+03	 2.26726184793938E-01
 2.01153956315643E+03	 2.23809894308502E-01
 2.01154230105646E+03	 1.59260098460383E-01
 2.01154503895649E+03	 8.56996163617178E-02
 2.01154777685652E+03	 2.30013537586518E-02
 2.01155051475655E+03	-4.38251824401356E-02
 2.01155325265658E+03	-1.25496072237455E-01
 2.01155599055661E+03	-2.04813684836499E-01
 2.01155872845664E+03	-2.50629418398411E-01
 2.01156146635667E+03	-2.42870942118905E-01
 2.01156420425670E+03	-1.84186718125674E-01
 2.01156694215673E+03	-9.40313930626166E-02
 2.01156968005676E+03	 1.20536390598974E-02
 2.01157241795679E+03	 1.39052359852763E-01
 2.01157515585682E+03	 2.93826997458567E-01
 2.01157789375686E+03	 4.41333817004421E-01
 2.01158063165689E+03	 5.00435997463012E-01
 2.01158336955692E+03	 4.09236580324715E-01
 2.01158610745695E+03	 1.91060553248075E-01
 2.01158884535698E+03	-6.10695529111994E-02
 2.01159158325701E+03	-2.60368413092354E-01
 2.01159432115704E+03	-3.72756818524641E-01
 2.01159705905707E+03	-4.00838396591429E-01
 2.01159979695710E+03	-3.52673553010604E-01
 2.01160253485713E+03	-2.36669002746099E-01
 2.01160527275716E+03	-7.35087110358419E-02
 2.01160801065719E+03	 9.74988986385392E-02
 2.01161074855722E+03	 2.26241142606327E-01
 2.01161348645726E+03	 2.74902570830792E-01
 2.01161622435729E+03	 2.43597435850556E-01
 2.01161896225732E+03	 1.69037571099671E-01
 2.01162170015735E+03	 8.90002512649757E-02
 2.01162443805738E+03	 1.19897945693183E-02
 2.01162717595741E+03	-7.19607122956967E-02
 2.01162991385744E+03	-1.59756354998901E-01
 2.01163265175747E+03	-2.26717389385456E-01
 2.01163538965750E+03	-2.45872454893023E-01
 2.01163812755753E+03	-2.07361555794842E-01
 2.01164086545756E+03	-1.22079953236143E-01
 2.01164360335759E+03	-1.07400887445314E-02
 2.01164634125762E+03	 1.15667177724997E-01
 2.01164907915766E+03	 2.62971239963230E-01
 2.01165181705769E+03	 4.25522272452825E-01
 2.01165455495772E+03	 5.48413716505617E-01
 2.01165729285775E+03	 5.44980689680528E-01
 2.01166003075778E+03	 3.75335498952868E-01
 2.01166276865781E+03	 9.81308741334860E-02
 2.01166550655784E+03	-1.72183051729607E-01
 2.01166824445787E+03	-3.51456190415302E-01
 2.01167098235790E+03	-4.19454215053812E-01
 2.01167372025793E+03	-3.90354220562497E-01
 2.01167645815796E+03	-2.83789223076697E-01
 2.01167919605799E+03	-1.26979836721669E-01
 2.01168193395802E+03	 3.97470028843222E-02
 2.01168467185806E+03	 1.74450132698601E-01
 2.01168740975809E+03	 2.48920842560144E-01
 2.01169014765812E+03	 2.55886680228137E-01
 2.01169288555815E+03	 2.09443653221113E-01
 2.01169562345818E+03	 1.35782880950166E-01
 2.01169836135821E+03	 5.45275779934124E-02
 2.01170109925824E+03	-3.05427449718475E-02
 2.01170383715827E+03	-1.18551673271499E-01
 2.01170657505830E+03	-1.95173946962356E-01
 2.01170931295833E+03	-2.36459587938355E-01
 2.01171205085836E+03	-2.25954595082286E-01
 2.01171478875839E+03	-1.63879307895373E-01
 2.01171752665842E+03	-6.35256298424398E-02
 2.01172026455845E+03	 5.91600878163227E-02
 2.01172300245849E+03	 1.97099439217185E-01
 2.01172574035852E+03	 3.49563752827537E-01
 2.01172847825855E+03	 4.94878663670819E-01
 2.01173121615858E+03	 5.69302862770940E-01
 2.01173395405861E+03	 5.00639188639174E-01
 2.01173669195864E+03	 2.80136806163326E-01
 2.01173942985867E+03	-1.14813198642795E-02
 2.01174216775870E+03	-2.62275028959905E-01
 2.01174490565873E+03	-4.04051824448557E-01
 2.01174764355876E+03	-4.26888259317405E-01
 2.01175038145879E+03	-3.48673916792181E-01
 2.01175311935882E+03	-2.00064677163266E-01
 2.01175585725885E+03	-2.96648017367879E-02
 2.01175859515889E+03	 1.08261655344895E-01
 2.01176133305892E+03	 1.83513345370390E-01
 2.01176407095895E+03	 1.99828483488168E-01
 2.01176680885898E+03	 1.76081277634727E-01
 2.01176954675901E+03	 1.27237429665311E-01
 2.01177228465904E+03	 6.14812240501649E-02
 2.01177502255907E+03	-1.58696970518912E-02
 2.01177776045910E+03	-9.85079893927162E-02
 2.01178049835913E+03	-1.74053931088500E-01
 2.01178323625916E+03	-2.23709013286434E-01
 2.01178597415919E+03	-2.31752030973689E-01
 2.01178871205922E+03	-1.94556290667108E-01
 2.01179144995925E+03	-1.18547061243899E-01
 2.01179418785929E+03	-1.31114803935966E-02
 2.01179692575932E+03	 1.12715945881749E-01
 2.01179966365935E+03	 2.50220792687389E-01
 2.01180240155938E+03	 3.85258274802118E-01
 2.01180513945941E+03	 4.84383706738961E-01
 2.01180787735944E+03	 4.93028689718687E-01
 2.01181061525947E+03	 3.70224104732925E-01
 2.01181335315950E+03	 1.36226156181685E-01
 2.01181609105953E+03	-1.26201514972523E-01
 2.01181882895956E+03	-3.26851979344672E-01
 2.01182156685959E+03	-4.17946776054277E-01
 2.01182430475962E+03	-3.94496853755121E-01
 2.01182704265965E+03	-2.75495185534333E-01
 2.01182978055968E+03	-1.04456244888949E-01
 2.01183251845972E+03	 5.18585122488753E-02
 2.01183525635975E+03	 1.37868587518548E-01
 2.01183799425978E+03	 1.47438672530412E-01
 2.01184073215981E+03	 1.15761885188697E-01
 2.01184347005984E+03	 7.53129966375900E-02
 2.01184620795987E+03	 3.09431180763287E-02
 2.01184894585990E+03	-2.63734492762134E-02
 2.01185168375993E+03	-9.71439244089993E-02
 2.01185442165996E+03	-1.67698420235706E-01
 2.01185715955999E+03	-2.17801129307954E-01
 2.01185989746002E+03	-2.31503995600455E-01
 2.01186263536005E+03	-2.05418234887467E-01
 2.01186537326008E+03	-1.46998098980639E-01
 2.01186811116012E+03	-6.34782462597711E-02
 2.01187084906015E+03	 4.32297715943005E-02
 2.01187358696018E+03	 1.67644369041023E-01
 2.01187632486021E+03	 2.91137123340379E-01
 2.01187906276024E+03	 3.83703202802081E-01
 2.01188180066027E+03	 4.11742342842312E-01
 2.01188453856030E+03	 3.48232138902116E-01
 2.01188727646033E+03	 1.90829322610260E-01
 2.01189001436036E+03	-2.24647797336715E-02
 2.01189275226039E+03	-2.25005353379748E-01
 2.01189549016042E+03	-3.57114298666673E-01
 2.01189822806045E+03	-3.89127033477233E-01
 2.01190096596048E+03	-3.18376337362145E-01
 2.01190370386052E+03	-1.67476171998174E-01
 2.01190644176055E+03	 6.90401791063803E-03
 2.01190917966058E+03	 1.29386282936277E-01
 2.01191191756061E+03	 1.56735534756045E-01
 2.01191465546064E+03	 1.10715944668606E-01
 2.01191739336067E+03	 4.72709339652658E-02
 2.01192013126070E+03	-1.59502133534839E-03
 2.01192286916073E+03	-4.45521821783661E-02
 2.01192560706076E+03	-9.95110883854709E-02
 2.01192834496079E+03	-1.63809778631198E-01
 2.01193108286082E+03	-2.15746427506482E-01
 2.01193382076085E+03	-2.33240024284351E-01
 2.01193655866088E+03	-2.08569841153491E-01
 2.01193929656091E+03	-1.50889834961362E-01
 2.01194203446095E+03	-7.45084463527539E-02
 2.01194477236098E+03	 1.68001098845940E-02
 2.01194751026101E+03	 1.27480024579498E-01
 2.01195024816104E+03	 2.47906824231056E-01
 2.01195298606107E+03	 3.42724911851525E-01
 2.01195572396110E+03	 3.70414592076298E-01
 2.01195846186113E+03	 3.12336227780470E-01
 2.01196119976116E+03	 1.80888680935634E-01
 2.01196393766119E+03	 8.82996656472996E-03
 2.01196667556122E+03	-1.62263990853959E-01
 2.01196941346125E+03	-2.91414678265368E-01
 2.01197215136128E+03	-3.48123511289485E-01
 2.01197488926131E+03	-3.17143693868017E-01
 2.01197762716135E+03	-2.00737206274158E-01
 2.01198036506138E+03	-2.95561546800032E-02
 2.01198310296141E+03	 1.31013853583129E-01
 2.01198584086144E+03	 2.10300303717577E-01
 2.01198857876147E+03	 1.86335592524389E-01
 2.01199131666150E+03	 1.02654173077874E-01
 2.01199405456153E+03	 2.05461239985808E-02
 2.01199679246156E+03	-3.73603971770488E-02
 2.01199953036159E+03	-8.81967032424761E-02
 2.01200226826162E+03	-1.47647764922609E-01
 2.01200500616165E+03	-2.04766105281220E-01
 2.01200774406168E+03	-2.33531398042122E-01
 2.01201048196171E+03	-2.16207365066013E-01
 2.01201321986175E+03	-1.55481157836138E-01
 2.01201595776178E+03	-7.00314460603648E-02
 2.01201869566181E+03	 2.38653444478569E-02
 2.01202143356184E+03	 1.27312298053080E-01
 2.01202417146187E+03	 2.45751458466674E-01
 2.01202690936190E+03	 3.57254356346906E-01
 2.01202964726193E+03	 4.08689085973868E-01
 2.01203238516196E+03	 3.57492711036403E-01
 2.01203512306199E+03	 2.12627172654298E-01
 2.01203786096202E+03	 2.68790995129962E-02
 2.01204059886205E+03	-1.43597528170175E-01
 2.01204333676208E+03	-2.64562776324581E-01
 2.01204607466211E+03	-3.20368148372271E-01
 2.01204881256215E+03	-3.03406871990158E-01
 2.01205155046218E+03	-2.12360488661765E-01
 2.01205428836221E+03	-6.04316821906168E-02
 2.01205702626224E+03	 1.12509250736430E-01
 2.01205976416227E+03	 2.42765414901244E-01
 2.01206250206230E+03	 2.77460561137539E-01
 2.01206523996233E+03	 2.17040952647467E-01
 2.01206797786236E+03	 1.13917576225056E-01
 2.01207071576239E+03	 2.11864594211013E-02
 2.01207345366242E+03	-4.91438486238464E-02
 2.01207619156245E+03	-1.13360952611470E-01
 2.01207892946248E+03	-1.77111039333463E-01
 2.01208166736251E+03	-2.22176272993466E-01
 2.01208440526254E+03	-2.24537494144710E-01
 2.01208714316258E+03	-1.74956151871024E-01
 2.01208988106261E+03	-8.50969578989215E-02
 2.01209261896264E+03	 2.19732248479240E-02
 2.01209535686267E+03	 1.31994536533773E-01
 2.01209809476270E+03	 2.49155779881535E-01
 2.01210083266273E+03	 3.73030297395952E-01
 2.01210357056276E+03	 4.65568228299704E-01
 2.01210630846279E+03	 4.62564956423851E-01
 2.01210904636282E+03	 3.33080621795137E-01
 2.01211178426285E+03	 1.18172973616770E-01
 2.01211452216288E+03	-9.93297306257745E-02
 2.01211726006291E+03	-2.54763090267743E-01
 2.01211999796294E+03	-3.25869893801198E-01
 2.01212273586298E+03	-3.15821379237077E-01
 2.01212547376301E+03	-2.34485704598104E-01
 2.01212821166304E+03	-9.75564893520802E-02
 2.01213094956307E+03	 6.67152488731679E-02
 2.01213368746310E+03	 2.15225005547726E-01
 2.01213642536313E+03	 3.00212713489696E-01
 2.01213916326316E+03	 2.95004897049106E-01
 2.01214190116319E+03	 2.15846816919203E-01
 2.01214463906322E+03	 1.09561926390370E-01
 2.01214737696325E+03	 1.34546557160432E-02
 2.01215011486328E+03	-6.67704548814639E-02
 2.01215285276331E+03	-1.38889338611828E-01
 2.01215559066334E+03	-1.97411917592707E-01
 2.01215832856338E+03	-2.22618550923527E-01
 2.01216106646341E+03	-1.98263228821690E-01
 2.01216380436344E+03	-1.24187534348642E-01
 2.01216654226347E+03	-1.66110188456525E-02
 2.01216928016350E+03	 1.02544125412719E-01
 2.01217201806353E+03	 2.22700255450982E-01
 2.01217475596356E+03	 3.46980637030479E-01
 2.01217749386359E+03	 4.64425480386415E-01
 2.01218023176362E+03	 5.24588863059623E-01
 2.01218296966365E+03	 4.64903624195095E-01
 2.01218570756368E+03	 2.75388824050081E-01
 2.01218844546371E+03	 2.29802222456048E-02
 2.01219118336374E+03	-1.97254741329473E-01
 2.01219392126377E+03	-3.25085878925679E-01
 2.01219665916381E+03	-3.49180835394122E-01
 2.01219939706384E+03	-2.84139231626637E-01
 2.01220213496387E+03	-1.55347110076219E-01
 2.01220487286390E+03	 1.48269397061276E-03
 2.01220761076393E+03	 1.45635799865426E-01
 2.01221034866396E+03	 2.43197188642800E-01
 2.01221308656399E+03	 2.74862951372626E-01
 2.01221582446402E+03	 2.40399849807682E-01
 2.01221856236405E+03	 1.60168815818580E-01
 2.01222130026408E+03	 6.44181831136613E-02
 2.01222403816411E+03	-2.60205764903277E-02
 2.01222677606414E+03	-1.05730701113662E-01
 2.01222951396417E+03	-1.71387662949500E-01
 2.01223225186421E+03	-2.10986582649619E-01
 2.01223498976424E+03	-2.10043640209378E-01
 2.01223772766427E+03	-1.62729203457654E-01
 2.01224046556430E+03	-7.51349787402468E-02
 2.01224320346433E+03	 3.74451261563494E-02
 2.01224594136436E+03	 1.57858977841798E-01
 2.01224867926439E+03	 2.77578250144890E-01
 2.01225141716442E+03	 3.93917729309811E-01
 2.01225415506445E+03	 4.85866565692874E-01
 2.01225689296448E+03	 5.01596525077818E-01
 2.01225963086451E+03	 3.94094748917639E-01
 2.01226236876454E+03	 1.76211085836282E-01
 2.01226510666457E+03	-7.38936626525505E-02
 2.01226784456461E+03	-2.67466751957046E-01
 2.01227058246464E+03	-3.56241443297452E-01
 2.01227332036467E+03	-3.35876410975810E-01
 2.01227605826470E+03	-2.27888031132190E-01
 2.01227879616473E+03	-7.35219823128526E-02
 2.01228153406476E+03	 7.27297525384716E-02
 2.01228427196479E+03	 1.67307660524492E-01
 2.01228700986482E+03	 1.98636468418582E-01
 2.01228974776485E+03	 1.80499854112062E-01
 2.01229248566488E+03	 1.30929169675249E-01
 2.01229522356491E+03	 6.25812216842819E-02
 2.01229796146494E+03	-1.46846258011285E-02
 2.01230069936497E+03	-9.15073644931070E-02
 2.01230343726500E+03	-1.58055861203231E-01
 2.01230617516504E+03	-2.02228835278679E-01
 2.01230891306507E+03	-2.12219797436351E-01
 2.01231165096510E+03	-1.83175750201094E-01
 2.01231438886513E+03	-1.18762323357247E-01
 2.01231712676516E+03	-2.69280164978266E-02
 2.01231986466519E+03	 8.19440840177496E-02
 2.01232260256522E+03	 1.95335829940959E-01
 2.01232534046525E+03	 3.02154959946731E-01
 2.01232807836528E+03	 3.90858974385083E-01
 2.01233081626531E+03	 4.36801783424356E-01
 2.01233355416534E+03	 4.01348107230451E-01
 2.01233629206537E+03	 2.62814644411134E-01
 2.01233902996540E+03	 5.09485715272211E-02
 2.01234176786544E+03	-1.61734300927343E-01
 2.01234450576547E+03	-3.05712549200998E-01
 2.01234724366550E+03	-3.46378795484383E-01
 2.01234998156553E+03	-2.83140457044757E-01
 2.01235271946556E+03	-1.43848352535430E-01
 2.01235545736559E+03	 1.46881775408651E-02
 2.01235819526562E+03	 1.26177232350080E-01
 2.01236093316565E+03	 1.56563304276198E-01
 2.01236367106568E+03	 1.23591115464051E-01
 2.01236640896571E+03	 6.84284675144438E-02
 2.01236914686574E+03	 1.48919396507191E-02
 2.01237188476577E+03	-3.85942694449457E-02
 2.01237462266580E+03	-9.82290920201918E-02
 2.01237736056584E+03	-1.58346518308409E-01
 2.01238009846587E+03	-2.02969804390326E-01
 2.01238283636590E+03	-2.16339665697276E-01
 2.01238557426593E+03	-1.92375538868284E-01
 2.01238831216596E+03	-1.36836678153892E-01
 2.01239105006599E+03	-5.97999000998137E-02
 2.01239378796602E+03	 3.26525066325831E-02
 2.01239652586605E+03	 1.35810967977609E-01
 2.01239926376608E+03	 2.37825771619676E-01
 2.01240200166611E+03	 3.19545339614687E-01
 2.01240473956614E+03	 3.61235602070239E-01
 2.01240747746617E+03	 3.45135794274530E-01
 2.01241021536620E+03	 2.58497635196503E-01
 2.01241295326624E+03	 1.07376984450693E-01
 2.01241569116627E+03	-7.18852522569700E-02
 2.01241842906630E+03	-2.24861853622251E-01
 2.01242116696633E+03	-3.05890560969253E-01
 2.01242390486636E+03	-2.92682509268209E-01
 2.01242664276639E+03	-1.88521668757138E-01
 2.01242938066642E+03	-2.93722289191369E-02
 2.01243211856645E+03	 1.16055614372617E-01
 2.01243485646648E+03	 1.80795731102278E-01
 2.01243759436651E+03	 1.49755488256998E-01
 2.01244033226654E+03	 6.74056125666589E-02
 2.01244307016657E+03	-1.06695021784119E-02
 2.01244580806660E+03	-6.53574642408994E-02
 2.01244854596663E+03	-1.10942472275192E-01
 2.01245128386667E+03	-1.60046058226274E-01
 2.01245402176670E+03	-2.04172715126491E-01
 2.01245675966673E+03	-2.23039162692423E-01
 2.01245949756676E+03	-2.02875280771837E-01
 2.01246223546679E+03	-1.46113336322182E-01
 2.01246497336681E+03	-6.73853932103899E-02
 2.01246771126685E+03	 2.03589096213175E-02
 2.01247044916688E+03	 1.14672338732793E-01
 2.01247318706691E+03	 2.14085540294210E-01
 2.01247592496694E+03	 3.01700021592084E-01
 2.01247866286697E+03	 3.47066152812290E-01
 2.01248140076700E+03	 3.27306290463677E-01
 2.01248413866703E+03	 2.42329761188015E-01
 2.01248687656707E+03	 1.11353678269026E-01
 2.01248961446710E+03	-3.67117428013270E-02
 2.01249235236713E+03	-1.68784641528301E-01
 2.01249509026716E+03	-2.53227698491965E-01
 2.01249782816719E+03	-2.66714927819252E-01
 2.01250056606722E+03	-1.98831209332493E-01
 2.01250330396725E+03	-6.02550011729727E-02
 2.01250604186728E+03	 1.04304526390029E-01
 2.01250877976731E+03	 2.22701581914277E-01
 2.01251151766734E+03	 2.39324417299329E-01
 2.01251425556737E+03	 1.60984180050301E-01
 2.01251699346740E+03	 4.82850203378424E-02
 2.01251973136743E+03	-4.28600051785899E-02
 2.01252246926747E+03	-1.02237633381627E-01
 2.01252520716750E+03	-1.49192210388436E-01
 2.01252794506753E+03	-1.93338725655796E-01
 2.01253068296756E+03	-2.21386014994852E-01
 2.01253342086759E+03	-2.13375108245836E-01
 2.01253615876762E+03	-1.61777997723470E-01
 2.01253889666765E+03	-7.73280172610874E-02
 2.01254163456768E+03	 1.97911642975368E-02
 2.01254437246771E+03	 1.16697187237464E-01
 2.01254711036774E+03	 2.14279506961232E-01
 2.01254984826777E+03	 3.10211955129094E-01
 2.01255258616780E+03	 3.78289803365716E-01
 2.01255532406783E+03	 3.78238266726990E-01
 2.01255806196786E+03	 2.91997354420875E-01
 2.01256079986790E+03	 1.43780217287360E-01
 2.01256353776793E+03	-1.79110600991100E-02
 2.01256627566796E+03	-1.50761671840434E-01
 2.01256901356799E+03	-2.30915658185039E-01
 2.01257175146802E+03	-2.47648936054927E-01
 2.01257448936805E+03	-1.96833105898522E-01
 2.01257722726808E+03	-8.21913841065826E-02
 2.01257996516811E+03	 7.45239536442873E-02
 2.01258270306814E+03	 2.24060188251024E-01
 2.01258544096817E+03	 3.03315069876190E-01
 2.01258817886820E+03	 2.77252936930670E-01
 2.01259091676823E+03	 1.70276629116419E-01
 2.01259365466826E+03	 4.50255923939515E-02
 2.01259639256830E+03	-5.23552506337100E-02
 2.01259913046833E+03	-1.18527184369883E-01
 2.01260186836836E+03	-1.69263601442957E-01
 2.01260460626839E+03	-2.06658909125802E-01
 2.01260734416842E+03	-2.15594331760465E-01
 2.01261008206845E+03	-1.81494183460526E-01
 2.01261281996848E+03	-1.04462351563354E-01
 2.01261555786851E+03	-7.81485351273287E-04
 2.01261829576854E+03	 1.07646559137973E-01
 2.01262103366857E+03	 2.09761991156466E-01
 2.01262377156860E+03	 3.07924155168438E-01
 2.01262650946863E+03	 3.95322932704276E-01
 2.01262924736866E+03	 4.36335559560367E-01
 2.01263198526870E+03	 3.87251489114567E-01
 2.01263472316873E+03	 2.42379276565549E-01
 2.01263746106876E+03	 4.95907357835281E-02
 2.01264019896879E+03	-1.23567800251288E-01
 2.01264293686882E+03	-2.31554360445603E-01
 2.01264567476885E+03	-2.61004634508758E-01
 2.01264841266888E+03	-2.17375294452523E-01
 2.01265115056891E+03	-1.14181501006864E-01
 2.01265388846894E+03	 2.75783941719585E-02
 2.01265662636897E+03	 1.75691691541664E-01
 2.01265936426900E+03	 2.86485101300324E-01
 2.01266210216903E+03	 3.18748455125464E-01
 2.01266484006906E+03	 2.61066854709149E-01
 2.01266757796909E+03	 1.45443603485551E-01
 2.01267031586913E+03	 2.36823373610663E-02
 2.01267305376916E+03	-7.19471574198071E-02
 2.01267579166919E+03	-1.39932899169497E-01
 2.01267852956922E+03	-1.87409715335227E-01
 2.01268126746925E+03	-2.10308695558696E-01
 2.01268400536928E+03	-1.96837040657364E-01
 2.01268674326931E+03	-1.40575066898243E-01
 2.01268948116934E+03	-4.74540291127838E-02
 2.01269221906937E+03	 6.47856378146865E-02
 2.01269495696940E+03	 1.75676520544659E-01
 2.01269769486943E+03	 2.76061834012754E-01
 2.01270043276946E+03	 3.67118672511646E-01
 2.01270317066949E+03	 4.36324245337572E-01
 2.01270590856953E+03	 4.43541374183810E-01
 2.01270864646956E+03	 3.50607030347532E-01
 2.01271138436959E+03	 1.67751721897203E-01
 2.01271412226962E+03	-4.16330113160549E-02
 2.01271686016965E+03	-2.04753918246857E-01
 2.01271959806968E+03	-2.80420161801491E-01
 2.01272233596971E+03	-2.63705944246142E-01
 2.01272507386974E+03	-1.72119967520098E-01
 2.01272781176977E+03	-3.69069892918351E-02
 2.01273054966980E+03	 1.03355032419983E-01
 2.01273328756983E+03	 2.12983372369201E-01
 2.01273602546986E+03	 2.66744273426029E-01
 2.01273876336989E+03	 2.53233987343525E-01
 2.01274150126993E+03	 1.80034162068347E-01
 2.01274423916996E+03	 7.45907332785176E-02
 2.01274697706999E+03	-3.00571481517712E-02
 2.01274971497002E+03	-1.14175333553748E-01
 2.01275245287005E+03	-1.73422949046166E-01
 2.01275519077008E+03	-2.06169182310289E-01
 2.01275792867011E+03	-2.06866995880007E-01
 2.01276066657014E+03	-1.70912065238186E-01
 2.01276340447017E+03	-9.94621046741939E-02
 2.01276614237020E+03	-6.00620179382365E-04
 2.01276888027023E+03	 1.10103119231822E-01
 2.01277161817026E+03	 2.14919390328443E-01
 2.01277435607029E+03	 3.04888502807670E-01
 2.01277709397033E+03	 3.77739649100320E-01
 2.01277983187036E+03	 4.17571882306097E-01
 2.01278256977039E+03	 3.88360156407964E-01
 2.01278530767042E+03	 2.65479129976092E-01
 2.01278804557045E+03	 7.28905849277624E-02
 2.01279078347048E+03	-1.23029059373575E-01
 2.01279352137051E+03	-2.56609674723944E-01
 2.01279625927054E+03	-2.94545150224613E-01
 2.01279899717057E+03	-2.37517686278532E-01
 2.01280173507060E+03	-1.13220810553013E-01
 2.01280447297063E+03	 2.96883373120436E-02
 2.01280721087066E+03	 1.39867071355858E-01
 2.01280994877069E+03	 1.89293312593119E-01
 2.01281268667072E+03	 1.80881924211222E-01
 2.01281542457076E+03	 1.32323230403552E-01
 2.01281816247079E+03	 5.99839996034775E-02
 2.01282090037082E+03	-2.26999070428326E-02
 2.01282363827085E+03	-1.02341860538139E-01
 2.01282637617088E+03	-1.66895936596291E-01
 2.01282911407091E+03	-2.06939836736590E-01
 2.01283185197094E+03	-2.15533035027878E-01
 2.01283458987097E+03	-1.90340732628619E-01
 2.01283732777100E+03	-1.34919491736258E-01
 2.01284006567103E+03	-5.52983234830257E-02
 2.01284280357106E+03	 4.16227688561792E-02
 2.01284554147109E+03	 1.44083030681615E-01
 2.01284827937112E+03	 2.36094659663359E-01
 2.01285101727116E+03	 3.06180150340503E-01
 2.01285375517119E+03	 3.48163486716881E-01
 2.01285649307122E+03	 3.48568800113665E-01
 2.01285923097125E+03	 2.84967830443576E-01
 2.01286196887128E+03	 1.50361401264852E-01
 2.01286470677131E+03	-2.42900229953356E-02
 2.01286744467134E+03	-1.81646589597050E-01
 2.01287018257137E+03	-2.70659675209738E-01
 2.01287292047140E+03	-2.66474459989280E-01
 2.01287565837143E+03	-1.74302600697709E-01
 2.01287839627146E+03	-3.21182977043993E-02
 2.01288113417149E+03	 9.68702989996932E-02
 2.01288387207152E+03	 1.57729927899046E-01
 2.01288660997156E+03	 1.40352453032814E-01
 2.01288934787159E+03	 7.76810788895587E-02
 2.01289208577162E+03	 7.83693527062273E-03
 2.01289482367165E+03	-5.46242051246131E-02
 2.01289756157168E+03	-1.12910527252507E-01
 2.01290029947171E+03	-1.67669249877441E-01
 2.01290303737174E+03	-2.09024799684324E-01
 2.01290577527177E+03	-2.23289512114163E-01
 2.01290851317180E+03	-2.03027604283346E-01
 2.01291125107183E+03	-1.51891100328405E-01
 2.01291398897186E+03	-8.03222286646711E-02
 2.01291672687189E+03	 3.52296985119542E-03
 2.01291946477192E+03	 9.54179469979941E-02
 2.01292220267195E+03	 1.86718519532536E-01
 2.01292494057199E+03	 2.60592012047021E-01
 2.01292767847202E+03	 3.00852541394494E-01
 2.01293041637205E+03	 2.99673229103572E-01
 2.01293315427208E+03	 2.53606523908768E-01
 2.01293589217211E+03	 1.60863157394052E-01
 2.01293863007214E+03	 3.13349388676424E-02
 2.01294136797217E+03	-1.04980047390953E-01
 2.01294410587220E+03	-2.07300083208578E-01
 2.01294684377223E+03	-2.41604110748784E-01
 2.01294958167226E+03	-1.91792953887511E-01
 2.01295231957229E+03	-6.93234624173324E-02
 2.01295505747232E+03	 7.74752480842646E-02
 2.01295779537235E+03	 1.77416275581167E-01
 2.01296053327239E+03	 1.82622783519457E-01
 2.01296327117242E+03	 1.05814145007245E-01
 2.01296600907245E+03	 3.34985667470013E-03
 2.01296874697248E+03	-7.83381666723700E-02
 2.01297148487251E+03	-1.32428121074344E-01
 2.01297422277254E+03	-1.74020563034054E-01
 2.01297696067257E+03	-2.09235133989314E-01
 2.01297969857260E+03	-2.27165455339176E-01
 2.01298243647263E+03	-2.13280922799773E-01
 2.01298517437266E+03	-1.63821049859664E-01
 2.01298791227269E+03	-8.88660613259115E-02
 2.01299065017272E+03	-3.56201913876884E-03
 2.01299338807275E+03	 8.34431731095068E-02
 2.01299612597279E+03	 1.70263741904680E-01
 2.01299886387282E+03	 2.49239427772364E-01
 2.01300160177285E+03	 3.00031167240287E-01
 2.01300433967288E+03	 3.01515018056660E-01
 2.01300707757291E+03	 2.48704365876355E-01
 2.01300981547294E+03	 1.54648372056190E-01
 2.01301255337297E+03	 4.02762176980959E-02
 2.01301529127300E+03	-7.21235846021717E-02
 2.01301802917303E+03	-1.59415867391653E-01
 2.01302076707306E+03	-1.99377335214781E-01
 2.01302350497309E+03	-1.74771270832995E-01
 2.01302624287312E+03	-8.03022017131117E-02
 2.01302898077315E+03	 6.34386639167602E-02
 2.01303171867318E+03	 2.00672108455036E-01
 2.01303445657322E+03	 2.62375262138741E-01
 2.01303719447325E+03	 2.16531950898956E-01
 2.01303993237328E+03	 9.64538878507500E-02
 2.01304267027331E+03	-3.02523787942890E-02
 2.01304540817334E+03	-1.19424272919930E-01
 2.01304814607337E+03	-1.71684316385247E-01
 2.01305088397340E+03	-2.05493278358511E-01
 2.01305362187343E+03	-2.25730420845202E-01
 2.01305635977346E+03	-2.21058468837064E-01
 2.01305909767349E+03	-1.80400543601511E-01
 2.01306183557352E+03	-1.05617503041976E-01
 2.01306457347355E+03	-1.16022152054570E-02
 2.01306731137358E+03	 8.40848277384212E-02
 2.01307004927362E+03	 1.72975630268780E-01
 2.01307278717365E+03	 2.54348639313891E-01
 2.01307552507368E+03	 3.19341039149478E-01
 2.01307826297371E+03	 3.42925528460985E-01
 2.01308100087374E+03	 3.01260979324120E-01
 2.01308373877377E+03	 1.96992929917976E-01
 2.01308647667380E+03	 6.19628845447481E-02
 2.01308921457383E+03	-6.38455287895777E-02
 2.01309195247386E+03	-1.51854707698372E-01
 2.01309469037389E+03	-1.88110889236445E-01
 2.01309742827392E+03	-1.67240179680654E-01
 2.01310016617395E+03	-8.85970418597588E-02
 2.01310290407398E+03	 3.91462793092128E-02
 2.01310564197402E+03	 1.85859761361501E-01
 2.01310837987405E+03	 2.96290119104299E-01
 2.01311111777408E+03	 3.15362664013302E-01
 2.01311385567411E+03	 2.31082425794486E-01
 2.01311659357414E+03	 8.88062868995170E-02
 2.01311933147417E+03	-4.61014210520087E-02
 2.01312206937420E+03	-1.38063686823318E-01
 2.01312480727423E+03	-1.90938454189550E-01
 2.01312754517426E+03	-2.19339772950216E-01
 2.01313028307429E+03	-2.24911575162315E-01
 2.01313302097432E+03	-1.99109033465066E-01
 2.01313575887435E+03	-1.37049852765455E-01
 2.01313849677438E+03	-4.52370150856193E-02
 2.01314123467442E+03	 5.95370609162241E-02
 2.01314397257445E+03	 1.59302423436649E-01
 2.01314671047448E+03	 2.45975956983701E-01
 2.01314944837451E+03	 3.18896600556759E-01
 2.01315218627454E+03	 3.66977563023463E-01
 2.01315492417457E+03	 3.61791655549589E-01
 2.01315766207460E+03	 2.80768253465040E-01
 2.01316039997463E+03	 1.36847277044156E-01
 2.01316313787466E+03	-2.27509000245843E-02
 2.01316587577469E+03	-1.47017757672983E-01
 2.01316861367472E+03	-2.06608804507856E-01
 2.01317135157475E+03	-1.96026992350085E-01
 2.01317408947478E+03	-1.24125327761934E-01
 2.01317682737481E+03	-7.55692639596406E-03
 2.01317956527485E+03	 1.29591515860281E-01
 2.01318230317488E+03	 2.52669278855910E-01
 2.01318504107491E+03	 3.18998744446132E-01
 2.01318777897494E+03	 2.97099308771319E-01
 2.01319051687497E+03	 1.92881598427955E-01
 2.01319325477500E+03	 5.16658185843273E-02
 2.01319599267503E+03	-7.43729887305814E-02
 2.01319873057506E+03	-1.60030007345015E-01
 2.01320146847509E+03	-2.07811010852745E-01
 2.01320420637512E+03	-2.25658783648008E-01
 2.01320694427515E+03	-2.14047542148259E-01
 2.01320968217518E+03	-1.70224227859288E-01
 2.01321242007521E+03	-9.52194639850762E-02
 2.01321515797525E+03	 2.85266756491177E-03
 2.01321789587528E+03	 1.08130420866507E-01
 2.01322063377531E+03	 2.03438409521877E-01
 2.01322337167534E+03	 2.80940357271538E-01
 2.01322610957537E+03	 3.39497662370922E-01
 2.01322884747540E+03	 3.66744692723803E-01
 2.01323158537543E+03	 3.34731663587023E-01
 2.01323432327546E+03	 2.26465909424737E-01
 2.01323706117549E+03	 6.42173565636722E-02
 2.01323979907552E+03	-9.75116662293342E-02
 2.01324253697555E+03	-2.06038806051039E-01
 2.01324527487558E+03	-2.34770908352875E-01
 2.01324801277561E+03	-1.84702422700945E-01
 2.01325075067565E+03	-7.73332212319857E-02
 2.01325348857568E+03	 5.28998998392044E-02
 2.01325622647571E+03	 1.69303138660582E-01
 2.01325896437574E+03	 2.42637589862510E-01
 2.01326170227577E+03	 2.54501814075107E-01
 2.01326444017580E+03	 2.00520813704952E-01
 2.01326717807583E+03	 9.67569208086957E-02
 2.01326991597586E+03	-2.29479432383141E-02
 2.01327265387589E+03	-1.25145100466644E-01
 2.01327539177592E+03	-1.93247261863347E-01
 2.01327812967595E+03	-2.25749303195934E-01
 2.01328086757598E+03	-2.25262898325032E-01
 2.01328360547601E+03	-1.94397724573500E-01
 2.01328634337604E+03	-1.36884405300136E-01
 2.01328908127608E+03	-5.70744109575726E-02
 2.01329181917611E+03	 3.82589716133422E-02
 2.01329455707614E+03	 1.35498165662771E-01
 2.01329729497617E+03	 2.18223528474176E-01
 2.01330003287620E+03	 2.78338099070434E-01
 2.01330277077623E+03	 3.14561967157384E-01
 2.01330550867626E+03	 3.16383160379563E-01
 2.01330824657629E+03	 2.61904296608568E-01
 2.01331098447632E+03	 1.42816226986196E-01
 2.01331372237635E+03	-1.35345669774489E-02
 2.01331646027638E+03	-1.54959867875088E-01
 2.01331919817641E+03	-2.34594030489333E-01
 2.01332193607644E+03	-2.30089971545249E-01
 2.01332467397648E+03	-1.47751816125255E-01
 2.01332741187651E+03	-2.15699722221199E-02
 2.01333014977654E+03	 9.77181611791546E-02
 2.01333288767657E+03	 1.68004673919166E-01
 2.01333562557660E+03	 1.76331551414911E-01
 2.01333836347663E+03	 1.34673991906917E-01
 2.01334110137666E+03	 6.16727278083743E-02
 2.01334383927669E+03	-2.64000973429707E-02
 2.01334657717672E+03	-1.13632604469586E-01
 2.01334931507675E+03	-1.84329958176334E-01
 2.01335205297678E+03	-2.26890067076318E-01
 2.01335479087681E+03	-2.35728958191670E-01
 2.01335752877684E+03	-2.11570277362111E-01
 2.01336026667688E+03	-1.61294748163275E-01
 2.01336300457691E+03	-9.35862029390016E-02
 2.01336574247694E+03	-1.33689428397484E-02
 2.01336848037697E+03	 7.50163521473558E-02
 2.01337121827700E+03	 1.59601121265844E-01
 2.01337395617703E+03	 2.23678213324903E-01
 2.01337669407706E+03	 2.58323449111895E-01
 2.01337943197709E+03	 2.63542769715913E-01
 2.01338216987712E+03	 2.35346025284821E-01
 2.01338490777715E+03	 1.63385936175813E-01
 2.01338764567718E+03	 4.89584965888996E-02
 2.01339038357721E+03	-8.11511555335984E-02
 2.01339312147724E+03	-1.84661214561082E-01
 2.01339585937727E+03	-2.24649866614543E-01
 2.01339859727731E+03	-1.83875634181870E-01
 2.01340133517734E+03	-7.47706554794941E-02
 2.01340407307737E+03	 5.60483435051606E-02
 2.01340681097740E+03	 1.46189831126267E-01
 2.01340954887743E+03	 1.57532188070147E-01
 2.01341228677746E+03	 1.00465673583585E-01
 2.01341502467749E+03	 1.52380294778204E-02
 2.01341776257752E+03	-6.58437264039997E-02
 2.01342050047755E+03	-1.33730893064420E-01
 2.01342323837758E+03	-1.89690039511739E-01
 2.01342597627761E+03	-2.29946772611197E-01
 2.01342871417764E+03	-2.44674402633790E-01
 2.01343145207767E+03	-2.26447502596483E-01
 2.01343418997771E+03	-1.77561368829433E-01
 2.01343692787774E+03	-1.09362551043536E-01
 2.01343966577777E+03	-3.32020478419042E-02
 2.01344240367780E+03	 4.66965167735021E-02
 2.01344514157783E+03	 1.27592698943683E-01
 2.01344787947786E+03	 1.97642953355993E-01
 2.01345061737789E+03	 2.38731812909516E-01
 2.01345335527792E+03	 2.41063830742185E-01
 2.01345609317795E+03	 2.08264754712328E-01
 2.01345883107798E+03	 1.47466785736386E-01
 2.01346156897801E+03	 6.32330416621997E-02
 2.01346430687804E+03	-3.49095671160815E-02
 2.01346704477807E+03	-1.25496905317969E-01
 2.01346978267811E+03	-1.79937690319905E-01
 2.01347252057814E+03	-1.72872271468735E-01
 2.01347525847817E+03	-9.40789929706426E-02
 2.01347799637820E+03	 3.56162031500022E-02
 2.01348073427823E+03	 1.58752705305788E-01
 2.01348347217826E+03	 2.09337410968782E-01
 2.01348621007829E+03	 1.61888482238690E-01
 2.01348894797832E+03	 5.06818518785655E-02
 2.01349168587835E+03	-6.47731197384771E-02
 2.01349442377838E+03	-1.48650946767504E-01
 2.01349716167841E+03	-2.01131179578216E-01
 2.01349989957844E+03	-2.34282458042903E-01
 2.01350263747847E+03	-2.49504104415988E-01
 2.01350537537851E+03	-2.37997901108900E-01
 2.01350811327854E+03	-1.93987078624279E-01
 2.01351085117857E+03	-1.23324716432158E-01
 2.01351358907860E+03	-4.04363195421188E-02
 2.01351632697863E+03	 4.24581311338227E-02
 2.01351906487866E+03	 1.21608834338027E-01
 2.01352180277869E+03	 1.94459205426361E-01
 2.01352454067872E+03	 2.48260427066384E-01
 2.01352727857875E+03	 2.63206178357755E-01
 2.01353001647878E+03	 2.29452713772288E-01
 2.01353275437881E+03	 1.56655136410218E-01
 2.01353549227884E+03	 6.55825444531610E-02
 2.01353823017887E+03	-2.44602168125988E-02
 2.01354096807890E+03	-9.86419986205105E-02
 2.01354370597894E+03	-1.43304255295034E-01
 2.01354644387897E+03	-1.44076362107330E-01
 2.01354918177900E+03	-8.82942029061713E-02
 2.01355191967903E+03	 2.39985474090382E-02
 2.01355465757906E+03	 1.62365568856320E-01
 2.01355739547909E+03	 2.64381433410186E-01
 2.01356013337912E+03	 2.70882013541146E-01
 2.01356287127915E+03	 1.74326326199071E-01
 2.01356560917918E+03	 2.68568310326563E-02
 2.01356834707921E+03	-1.05045761701261E-01
 2.01357108497924E+03	-1.89415554910320E-01
 2.01357382287927E+03	-2.32830553709554E-01
 2.01357656077930E+03	-2.50482819262158E-01
 2.01357929867934E+03	-2.45014840785129E-01
 2.01358203657937E+03	-2.10545038691462E-01
 2.01358477447940E+03	-1.45774675233951E-01
 2.01358751237943E+03	-5.97713826486864E-02
 2.01359025027946E+03	 3.21859968027755E-02
 2.01359298817949E+03	 1.17911573978128E-01
 2.01359572607952E+03	 1.93336771462635E-01
 2.01359846397955E+03	 2.55371688953181E-01
 2.01360120187958E+03	 2.90556922655086E-01
 2.01360393977961E+03	 2.78276351861891E-01
 2.01360667767964E+03	 2.10124907651183E-01
 2.01360941557967E+03	 1.03052632196293E-01
 2.01361215347970E+03	-9.53004827127483E-03
 2.01361489137974E+03	-9.72163335370075E-02
 2.01361762927977E+03	-1.43078847418163E-01
 2.01362036717980E+03	-1.41398122691731E-01
 2.01362310507983E+03	-9.11823900397272E-02
 2.01362584297986E+03	 5.71600424189561E-03
 2.01362858087989E+03	 1.36265353279520E-01
 2.01363131877992E+03	 2.63249872821191E-01
 2.01363405667995E+03	 3.29590763156810E-01
 2.01363679457998E+03	 2.93078931912007E-01
 2.01363953248001E+03	 1.64173764584378E-01
 2.01364227038004E+03	 2.16781434438607E-03
 2.01364500828007E+03	-1.31317204223579E-01
 2.01364774618010E+03	-2.11619509194792E-01
 2.01365048408013E+03	-2.47021087166152E-01
 2.01365322198017E+03	-2.50785456135116E-01
 2.01365595988020E+03	-2.26649561941659E-01
 2.01365869778023E+03	-1.74114927960499E-01
 2.01366143568026E+03	-9.66437176371432E-02
 2.01366417358029E+03	-4.05475509974289E-03
 2.01366691148032E+03	 8.95873259218220E-02
 2.01366964938035E+03	 1.72152556451262E-01
 2.01367238728038E+03	 2.38640228089539E-01
 2.01367512518041E+03	 2.85737575556344E-01
 2.01367786308044E+03	 3.00563758265841E-01
 2.01368060098047E+03	 2.63538634941256E-01
 2.01368333888050E+03	 1.69248256413216E-01
 2.01368607678053E+03	 4.11100498651823E-02
 2.01368881468057E+03	-7.93127238994035E-02
 2.01369155258060E+03	-1.56078136997134E-01
 2.01369429048063E+03	-1.72451213501402E-01
 2.01369702838066E+03	-1.29388891510760E-01
 2.01369976628069E+03	-3.87076515256749E-02
 2.01370250418072E+03	 8.13560309884265E-02
 2.01370524208075E+03	 2.05286321993465E-01
 2.01370797998078E+03	 2.97036108284537E-01
 2.01371071788081E+03	 3.16950503308437E-01
 2.01371345578084E+03	 2.45896009276222E-01
 2.01371619368087E+03	 1.06639581637711E-01
 2.01371893158090E+03	-4.67005414272697E-02
 2.01372166948093E+03	-1.65868864757055E-01
 2.01372440738097E+03	-2.33615196524156E-01
 2.01372714528100E+03	-2.56200457776319E-01
 2.01372988318103E+03	-2.43763420247381E-01
 2.01373262108106E+03	-2.02907750041897E-01
 2.01373535898109E+03	-1.39095070654385E-01
 2.01373809688112E+03	-5.80340731245366E-02
 2.01374083478115E+03	 3.27131689866705E-02
 2.01374357268118E+03	 1.21119910450223E-01
 2.01374631058121E+03	 1.94409565095530E-01
 2.01374904848124E+03	 2.46479480654623E-01
 2.01375178638127E+03	 2.74858267176264E-01
 2.01375452428130E+03	 2.69263327463025E-01
 2.01375726218133E+03	 2.13590888701391E-01
 2.01376000008136E+03	 1.06405930001575E-01
 2.01376273798140E+03	-2.54105428236165E-02
 2.01376547588143E+03	-1.38584999125817E-01
 2.01376821378146E+03	-1.96982388592303E-01
 2.01377095168149E+03	-1.85030610114273E-01
 2.01377368958152E+03	-1.09158101425459E-01
 2.01377642748155E+03	 5.73245026801319E-03
 2.01377916538158E+03	 1.24779296218003E-01
 2.01378190328161E+03	 2.15036629458481E-01
 2.01378464118164E+03	 2.52519657990247E-01
 2.01378737908167E+03	 2.24242218855132E-01
 2.01379011698170E+03	 1.33698138169174E-01
 2.01379285488173E+03	 6.42370727926317E-03
 2.01379559278176E+03	-1.18648142725865E-01
 2.01379833068180E+03	-2.10038116448372E-01
 2.01380106858183E+03	-2.55940843505762E-01
 2.01380380648186E+03	-2.59174894614106E-01
 2.01380654438189E+03	-2.28250679799960E-01
 2.01380928228192E+03	-1.73880056651667E-01
 2.01381202018195E+03	-1.05526706008584E-01
 2.01381475808198E+03	-2.76917028975272E-02
 2.01381749598201E+03	 5.58117271449639E-02
 2.01382023388204E+03	 1.34142324381263E-01
 2.01382297178207E+03	 1.92975280381751E-01
 2.01382570968210E+03	 2.25558969890264E-01
 2.01382844758213E+03	 2.31884869425077E-01
 2.01383118548216E+03	 2.06808590225419E-01
 2.01383392338220E+03	 1.40292960153269E-01
 2.01383666128223E+03	 3.49270202294333E-02
 2.01383939918226E+03	-8.32068228358252E-02
 2.01384213708229E+03	-1.75276113327935E-01
 2.01384487498232E+03	-2.08632880725880E-01
 2.01384761288235E+03	-1.69328210994917E-01
 2.01385035078238E+03	-6.94549547245947E-02
 2.01385308868241E+03	 5.23545449951571E-02
 2.01385582658244E+03	 1.47319659662746E-01
 2.01385856448247E+03	 1.83526072970508E-01
 2.01386130238250E+03	 1.58642446823241E-01
 2.01386404028253E+03	 8.90858681808983E-02
 2.01386677818256E+03	-5.42338592194151E-03
 2.01386951608260E+03	-1.05815678429791E-01
 2.01387225398263E+03	-1.92599177317045E-01
 2.01387499188266E+03	-2.49304725277495E-01
 2.01387772978269E+03	-2.67157784235905E-01
 2.01388046768272E+03	-2.46515088737077E-01
 2.01388320558275E+03	-1.96612130392385E-01
 2.01388594348278E+03	-1.31897801557145E-01
 2.01388868138281E+03	-6.28052604597142E-02
 2.01389141928284E+03	 9.32508000097430E-03
 2.01389415718287E+03	 8.34959016234531E-02
 2.01389689508290E+03	 1.48309937826996E-01
 2.01389963298293E+03	 1.87653024882709E-01
 2.01390237088296E+03	 1.95371243399551E-01
 2.01390510878299E+03	 1.75976122386924E-01
 2.01390784668303E+03	 1.32170648087837E-01
 2.01391058458306E+03	 6.20764481609542E-02
 2.01391332248309E+03	-2.85872715906943E-02
 2.01391606038312E+03	-1.18567425596748E-01
 2.01391879828315E+03	-1.77614798160086E-01
 2.01392153618318E+03	-1.78683149234150E-01
 2.01392427408321E+03	-1.10882221981188E-01
 2.01392701198324E+03	 6.09093216827277E-03
 2.01392974988327E+03	 1.20218072291721E-01
 2.01393248778330E+03	 1.74767545896100E-01
 2.01393522568333E+03	 1.47924508237995E-01
 2.01393796358336E+03	 6.35343068676948E-02
 2.01394070148339E+03	-3.69618006446133E-02
 2.01394343938343E+03	-1.26477914676100E-01
 2.01394617728346E+03	-1.97267526204809E-01
 2.01394891518349E+03	-2.46910339364208E-01
 2.01395165308352E+03	-2.69149753156770E-01
 2.01395439098355E+03	-2.57140302994953E-01
 2.01395712888358E+03	-2.11472096470094E-01
 2.01395986678361E+03	-1.43824454185415E-01
 2.01396260468364E+03	-7.07038766786815E-02
 2.01396534258367E+03	-1.29714725496445E-03
 2.01396808048370E+03	 6.56584634074585E-02
 2.01397081838373E+03	 1.29570446163735E-01
 2.01397355628376E+03	 1.77312733192374E-01
 2.01397629418379E+03	 1.91915768486257E-01
 2.01397903208383E+03	 1.69603064724666E-01
 2.01398176998386E+03	 1.21373163277126E-01
 2.01398450788389E+03	 5.97867576207156E-02
 2.01398724578392E+03	-8.06180800364896E-03
 2.01398998368395E+03	-7.47737103368428E-02
 2.01399272158398E+03	-1.26418264751784E-01
 2.01399545948401E+03	-1.43103299231467E-01
 2.01399819738404E+03	-1.05155491636891E-01
 2.01400093528407E+03	-7.89714246867142E-03
 2.01400367318410E+03	 1.19119341207100E-01
 2.01400641108413E+03	 2.13712023321744E-01
 2.01400914898416E+03	 2.19768093150694E-01
 2.01401188688419E+03	 1.32285536015165E-01
 2.01401462478422E+03	-8.48348933041943E-04
 2.01401736268426E+03	-1.22492119338430E-01
 2.01402010058429E+03	-2.05713647238924E-01
 2.01402283848432E+03	-2.53299553501267E-01
 2.01402557638435E+03	-2.73432733604569E-01
 2.01402831428438E+03	-2.65613922730949E-01
 2.01403105218441E+03	-2.25976004026864E-01
 2.01403379008444E+03	-1.58200559452982E-01
 2.01403652798447E+03	-7.63894523456088E-02
 2.01403926588450E+03	 3.18654103077163E-03
 2.01404200378453E+03	 7.31880472526278E-02
 2.01404474168456E+03	 1.35308130792998E-01
 2.01404747958459E+03	 1.87301465870403E-01
 2.01405021748462E+03	 2.14612113732170E-01
 2.01405295538466E+03	 2.01142040942196E-01
 2.01405569328469E+03	 1.46969922311849E-01
 2.01405843118472E+03	 7.04600633922545E-02
 2.01406116908475E+03	-5.79336709548450E-03
 2.01406390698478E+03	-6.66723935758543E-02
 2.01406664488481E+03	-1.04482612266978E-01
 2.01406938278484E+03	-1.13080515473170E-01
 2.01407212068487E+03	-8.32206660478802E-02
 2.01407485858490E+03	-5.04689492472093E-03
 2.01407759648493E+03	 1.16183797657580E-01
 2.01408033438496E+03	 2.41373255353116E-01
 2.01408307228499E+03	 3.05655173273871E-01
 2.01408581018502E+03	 2.63018048075779E-01
 2.01408854808506E+03	 1.27400448232990E-01
 2.01409128598509E+03	-3.74580505780280E-02
 2.01409402388512E+03	-1.69878507329273E-01
 2.01409676178515E+03	-2.47438969657068E-01
 2.01409949968518E+03	-2.79069666512724E-01
 2.01410223758521E+03	-2.77129502801575E-01
 2.01410497548524E+03	-2.45035515692901E-01
 2.01410771338527E+03	-1.84039403550145E-01
 2.01411045128530E+03	-1.01877325368775E-01
 2.01411318918533E+03	-1.28640266488232E-02
 2.01411592708536E+03	 6.91604432879868E-02
 2.01411866498539E+03	 1.37972858018347E-01
 2.01412140288542E+03	 1.93531896629019E-01
 2.01412414078545E+03	 2.31461217679145E-01
 2.01412687868549E+03	 2.37340851939411E-01
 2.01412961658552E+03	 1.97561771893644E-01
 2.01413235448555E+03	 1.16392687707621E-01
 2.01413509238558E+03	 1.85036855697992E-02
 2.01413783028561E+03	-6.57495545910673E-02
 2.01414056818564E+03	-1.15677934049190E-01
 2.01414330608567E+03	-1.24018256159130E-01
 2.01414604398570E+03	-9.13477403274899E-02
 2.01414878188573E+03	-1.91645609544916E-02
 2.01415151978576E+03	 8.96794110103578E-02
 2.01415425768579E+03	 2.18302856047335E-01
 2.01415699558582E+03	 3.23310736982364E-01
 2.01415973348585E+03	 3.48206422484414E-01
 2.01416247138589E+03	 2.64732391458296E-01
 2.01416520928592E+03	 1.02256345921853E-01
 2.01416794718595E+03	-7.16619190572766E-02
 2.01417068508598E+03	-2.01023413795385E-01
 2.01417342298601E+03	-2.69337315550466E-01
 2.01417616088604E+03	-2.86966425739485E-01
 2.01417889878607E+03	-2.66901078909589E-01
 2.01418163668610E+03	-2.16938582592069E-01
 2.01418437458613E+03	-1.44402804581308E-01
 2.01418711248616E+03	-5.90369926905039E-02
 2.01418985038619E+03	 2.80958333463148E-02
 2.01419258828622E+03	 1.06724754599722E-01
 2.01419532618625E+03	 1.70253267475831E-01
 2.01419806408629E+03	 2.15862918094677E-01
 2.01420080198632E+03	 2.38248117942592E-01
 2.01420353988635E+03	 2.25228841863588E-01
 2.01420627778638E+03	 1.66672015066208E-01
 2.01420901568641E+03	 7.00706252179063E-02
 2.01421175358644E+03	-3.66102823186702E-02
 2.01421449148647E+03	-1.19460618472333E-01
 2.01421722938650E+03	-1.55183691849974E-01
 2.01421996728653E+03	-1.36821625195557E-01
 2.01422270518656E+03	-7.02805920177586E-02
 2.01422544308659E+03	 3.14237959100486E-02
 2.01422818098662E+03	 1.50692861839113E-01
 2.01423091888665E+03	 2.61495384613560E-01
 2.01423365678669E+03	 3.26039674581633E-01
 2.01423639468672E+03	 3.07555283237537E-01
 2.01423913258675E+03	 1.98510974624453E-01
 2.01424187048678E+03	 3.53571233634380E-02
 2.01424460838681E+03	-1.22916127950355E-01
 2.01424734628684E+03	-2.32979919137526E-01
 2.01425008418687E+03	-2.83717018100478E-01
 2.01425282208690E+03	-2.84071676967188E-01
 2.01425555998693E+03	-2.47211836047424E-01
 2.01425829788696E+03	-1.86072641786509E-01
 2.01426103578699E+03	-1.12387222083135E-01
 2.01426377368702E+03	-3.39345260362902E-02
 2.01426651158705E+03	 4.39908380745004E-02
 2.01426924948708E+03	 1.13900186329768E-01
 2.01427198738712E+03	 1.67180432984467E-01
 2.01427472528715E+03	 1.98683441754802E-01
 2.01427746318718E+03	 2.04532388149985E-01
 2.01428020108721E+03	 1.76957747795353E-01
 2.01428293898724E+03	 1.09852220951148E-01
 2.01428567688727E+03	 1.22260150013309E-02
 2.01428841478730E+03	-8.87052466428537E-02
 2.01429115268733E+03	-1.60154812055131E-01
 2.01429389058736E+03	-1.78590160729280E-01
 2.01429662848739E+03	-1.36877198701543E-01
 2.01429936638742E+03	-4.58957831713605E-02
 2.01430210428745E+03	 6.83153499434537E-02
 2.01430484218748E+03	 1.73601505286971E-01
 2.01430758008752E+03	 2.41410055993961E-01
 2.01431031798755E+03	 2.50816541720116E-01
 2.01431305588758E+03	 1.92163155353657E-01
 2.01431579378761E+03	 7.58210453481910E-02
 2.01431853168764E+03	-6.48059503741399E-02
 2.01432126958767E+03	-1.88046772130015E-01
 2.01432400748770E+03	-2.65554000872976E-01
 2.01432674538773E+03	-2.90031045100346E-01
 2.01432948328776E+03	-2.68541083084844E-01
 2.01433222118779E+03	-2.15606035589702E-01
 2.01433495908782E+03	-1.48725200645371E-01
 2.01433769698785E+03	-8.04739398863826E-02
 2.01434043488788E+03	-1.34205044787430E-02
 2.01434317278792E+03	 5.26100597754185E-02
 2.01434591068795E+03	 1.10411578322040E-01
 2.01434864858798E+03	 1.48404676761759E-01
 2.01435138648801E+03	 1.60960389781232E-01
 2.01435412438804E+03	 1.48486299340688E-01
 2.01435686228807E+03	 1.09666221753329E-01
 2.01435960018810E+03	 4.28869597711476E-02
 2.01436233808813E+03	-4.30659130999015E-02
 2.01436507598816E+03	-1.25491668834675E-01
 2.01436781388819E+03	-1.76335897879393E-01
 2.01437055178822E+03	-1.73229793620331E-01
 2.01437328968825E+03	-1.09127619715737E-01
 2.01437602758828E+03	-1.33464324439367E-03
 2.01437876548831E+03	 1.09717600185423E-01
 2.01438150338835E+03	 1.80476477020007E-01
 2.01438424128838E+03	 1.88552652743952E-01
 2.01438697918841E+03	 1.38185367056129E-01
 2.01438971708844E+03	 4.76067371462944E-02
 2.01439245498847E+03	-6.18566093316505E-02
 2.01439519288850E+03	-1.67603397587564E-01
 2.01439793078853E+03	-2.47729744270376E-01
 2.01440066868856E+03	-2.86863798741539E-01
 2.01440340658859E+03	-2.80216536997475E-01
 2.01440614448862E+03	-2.34477648364310E-01
 2.01440888238865E+03	-1.66738358145638E-01
 2.01441162028868E+03	-9.69674806124820E-02
 2.01441435818871E+03	-3.51481429880643E-02
 2.01441709608875E+03	 2.18465815837886E-02
 2.01441983398878E+03	 7.66937035688132E-02
 2.01442257188881E+03	 1.19858477084642E-01
 2.01442530978884E+03	 1.37381661516112E-01
 2.01442804768887E+03	 1.25876027713997E-01
 2.01443078558890E+03	 9.25717512496267E-02
 2.01443352348893E+03	 4.41085630463606E-02
 2.01443626138896E+03	-1.63579213053741E-02
 2.01443899928899E+03	-8.16560798679919E-02
 2.01444173718902E+03	-1.36053375163702E-01
 2.01444447508905E+03	-1.58081763428971E-01
 2.01444721298908E+03	-1.27620748928735E-01
 2.01444995088911E+03	-3.97072620623341E-02
 2.01445268878915E+03	 7.92633027765980E-02
 2.01445542668918E+03	 1.74944665323418E-01
 2.01445816458921E+03	 1.98530885682820E-01
 2.01446090248924E+03	 1.41719194384974E-01
 2.01446364038927E+03	 3.62981812615788E-02
 2.01446637828930E+03	-7.71070400806590E-02
 2.01446911618933E+03	-1.73909529885906E-01
 2.01447185408936E+03	-2.44906690834824E-01
 2.01447459198939E+03	-2.84562218279980E-01
 2.01447732988942E+03	-2.86612910486874E-01
 2.01448006778945E+03	-2.48960754552762E-01
 2.01448280568948E+03	-1.80393018781761E-01
 2.01448554358951E+03	-1.00661847595674E-01
 2.01448828148954E+03	-2.93018148815640E-02
 2.01449101938958E+03	 2.80145494109718E-02
 2.01449375728961E+03	 7.78877663811721E-02
 2.01449649518964E+03	 1.21903626868678E-01
 2.01449923308967E+03	 1.47318443781754E-01
 2.01450197098970E+03	 1.39969835461356E-01
 2.01450470888973E+03	 1.01242632747123E-01
 2.01450744678976E+03	 4.64170657510315E-02
 2.01451018468979E+03	-9.67770116902059E-03
 2.01451292258982E+03	-5.95110498261137E-02
 2.01451566048985E+03	-9.84300791396738E-02
 2.01451839838988E+03	-1.18428201157256E-01
 2.01452113628991E+03	-1.05172562531722E-01
 2.01452387418994E+03	-4.26451498912408E-02
 2.01452661208998E+03	 6.84846459041008E-02
 2.01452934999001E+03	 1.91009800444366E-01
 2.01453208789004E+03	 2.60894475775752E-01
 2.01453482579007E+03	 2.32439684086234E-01
 2.01453756369010E+03	 1.16191402734966E-01
 2.01454030159013E+03	-3.26461909124064E-02
 2.01454303949016E+03	-1.60390323433628E-01
 2.01454577739019E+03	-2.44867960439856E-01
 2.01454851529022E+03	-2.87982578244501E-01
 2.01455125319025E+03	-2.94584161510941E-01
 2.01455399109028E+03	-2.64746376667465E-01
 2.01455672899031E+03	-2.00843609552665E-01
 2.01455946689034E+03	-1.15482300557210E-01
 2.01456220479038E+03	-2.93007081457321E-02
 2.01456494269041E+03	 4.14610051690027E-02
 2.01456768059044E+03	 9.50974522841408E-02
 2.01457041849047E+03	 1.38357931452407E-01
 2.01457315639050E+03	 1.69667273521326E-01
 2.01457589429053E+03	 1.74494325630222E-01
 2.01457863219056E+03	 1.41204381268283E-01
 2.01458137009059E+03	 7.70865545122595E-02
 2.01458410799062E+03	 4.66135725546359E-03
 2.01458684589065E+03	-5.45738301413806E-02
 2.01458958379068E+03	-8.99460429427108E-02
 2.01459232169071E+03	-9.95577154197686E-02
 2.01459505959074E+03	-8.24481008548738E-02
 2.01459779749078E+03	-3.17345636452531E-02
 2.01460053539081E+03	 6.14492549736118E-02
 2.01460327329084E+03	 1.87446711856978E-01
 2.01460601119087E+03	 3.00159002146731E-01
 2.01460874909090E+03	 3.34516706683186E-01
 2.01461148699093E+03	 2.56568302728507E-01
 2.01461422489096E+03	 9.56501552978239E-02
 2.01461696279099E+03	-7.90536980416092E-02
 2.01461970069102E+03	-2.11129889750166E-01
 2.01462243859105E+03	-2.83610370714129E-01
 2.01462517649108E+03	-3.04926271111605E-01
 2.01462791439111E+03	-2.85353286569159E-01
 2.01463065229114E+03	-2.30792008086760E-01
 2.01463339019117E+03	-1.49794141338395E-01
 2.01463612809121E+03	-5.79559484205784E-02
 2.01463886599124E+03	 2.67131966041376E-02
 2.01464160389127E+03	 9.31409929778401E-02
 2.01464434179130E+03	 1.41597691541457E-01
 2.01464707969133E+03	 1.76179376740228E-01
 2.01464981759136E+03	 1.92360548599308E-01
 2.01465255549139E+03	 1.76592068588186E-01
 2.01465529339142E+03	 1.21685290668998E-01
 2.01465803129145E+03	 4.00054409300037E-02
 2.01466076919148E+03	-4.14511429100364E-02
 2.01466350709151E+03	-9.74794808997338E-02
 2.01466624499154E+03	-1.15811332126730E-01
 2.01466898289157E+03	-9.66304822663387E-02
 2.01467172079161E+03	-4.46287832441086E-02
 2.01467445869164E+03	 3.86498339062246E-02
 2.01467719659167E+03	 1.51472783186144E-01
 2.01467993449170E+03	 2.74482371552992E-01
 2.01468267239173E+03	 3.59584133090052E-01
 2.01468541029176E+03	 3.52023934275918E-01
 2.01468814819179E+03	 2.35576753883998E-01
 2.01469088609182E+03	 5.29052437859872E-02
 2.01469362399185E+03	-1.25120438015214E-01
 2.01469636189188E+03	-2.48259250400397E-01
 2.01469909979191E+03	-3.05182611286460E-01
 2.01470183769194E+03	-3.06707186378160E-01
 2.01470457559197E+03	-2.66207258704712E-01
 2.01470731349201E+03	-1.95950447008519E-01
 2.01471005139204E+03	-1.10110001203651E-01
 2.01471278929207E+03	-2.35288319357231E-02
 2.01471552719210E+03	 5.21473584749394E-02
 2.01471826509213E+03	 1.10887444733319E-01
 2.01472100299216E+03	 1.52001928288235E-01
 2.01472374089219E+03	 1.75564594679360E-01
 2.01472647879222E+03	 1.76056465144771E-01
 2.01472921669225E+03	 1.43646994412629E-01
 2.01473195459228E+03	 7.60579070296782E-02
 2.01473469249231E+03	-1.16190108752877E-02
 2.01473743039234E+03	-9.17428308552820E-02
 2.01474016829237E+03	-1.38777787473271E-01
 2.01474290619240E+03	-1.39874943399636E-01
 2.01474564409244E+03	-9.58341423864898E-02
 2.01474838199247E+03	-1.59224352569569E-02
 2.01475111989250E+03	 8.79954834227382E-02
 2.01475385779253E+03	 2.01296073743708E-01
 2.01475659569256E+03	 2.98341720064456E-01
 2.01475933359259E+03	 3.39585836176010E-01
 2.01476207149262E+03	 2.90888052182360E-01
 2.01476480939265E+03	 1.54587359204424E-01
 2.01476754729268E+03	-2.28894778561026E-02
 2.01477028519271E+03	-1.80717387617353E-01
 2.01477302309274E+03	-2.80425453755338E-01
 2.01477576099277E+03	-3.15299163928744E-01
 2.01477849889280E+03	-2.96258393064244E-01
 2.01478123679284E+03	-2.39543321231428E-01
 2.01478397469287E+03	-1.63439484145743E-01
 2.01478671259290E+03	-8.43345358098875E-02
 2.01478945049293E+03	-1.15291140278260E-02
 2.01479218839296E+03	 5.13898882247025E-02
 2.01479492629299E+03	 1.00995619936691E-01
 2.01479766419302E+03	 1.32913506552921E-01
 2.01480040209305E+03	 1.43705618077259E-01
 2.01480313999308E+03	 1.29715918000060E-01
 2.01480587789311E+03	 8.67843455891228E-02
 2.01480861579314E+03	 1.68723634452795E-02
 2.01481135369317E+03	-6.50819808224654E-02
 2.01481409159320E+03	-1.34552964570032E-01
 2.01481682949324E+03	-1.68380513935789E-01
 2.01481956739327E+03	-1.53236054012015E-01
 2.01482230529330E+03	-8.91442222295305E-02
 2.01482504319333E+03	 9.75729597201374E-03
 2.01482778109336E+03	 1.18903743178106E-01
 2.01483051899339E+03	 2.11002212824639E-01
 2.01483325689342E+03	 2.61201549833079E-01
 2.01483599479345E+03	 2.49244717851706E-01
 2.01483873269348E+03	 1.67233797653889E-01
 2.01484147059351E+03	 3.16267566383681E-02
 2.01484420849354E+03	-1.17614585915562E-01
 2.01484694639357E+03	-2.37322031442782E-01
 2.01484968429360E+03	-3.02215455933265E-01
 2.01485242219363E+03	-3.08757574038010E-01
 2.01485516009367E+03	-2.67832419979529E-01
 2.01485789799370E+03	-1.99116348361505E-01
 2.01486063589373E+03	-1.24884682300811E-01
 2.01486337379376E+03	-5.91080742274292E-02
 2.01486611169379E+03	-2.57930125801702E-03
 2.01486884959382E+03	 4.75989779438612E-02
 2.01487158749385E+03	 8.70459482781666E-02
 2.01487432539388E+03	 1.06722389174581E-01
 2.01487706329391E+03	 1.02170431121019E-01
 2.01487980119394E+03	 7.46422550207422E-02
 2.01488253909397E+03	 2.66997785593467E-02
 2.01488527699400E+03	-3.66231739486829E-02
 2.01488801489403E+03	-1.03116486884203E-01
 2.01489075279407E+03	-1.54200209420310E-01
 2.01489349069410E+03	-1.70579939482947E-01
 2.01489622859413E+03	-1.38161820757351E-01
 2.01489896649416E+03	-5.62163180666469E-02
 2.01490170439419E+03	 5.41274750065130E-02
 2.01490444229422E+03	 1.53840425379453E-01
 2.01490718019425E+03	 2.06286397868485E-01
 2.01490991809428E+03	 1.95972556608965E-01
 2.01491265599431E+03	 1.29214482869434E-01
 2.01491539389434E+03	 2.38883442316253E-02
 2.01491813179437E+03	-9.66423974167326E-02
 2.01492086969440E+03	-2.05764472852587E-01
 2.01492360759443E+03	-2.79558812818552E-01
 2.01492634549447E+03	-3.04089355468266E-01
 2.01492908339450E+03	-2.78438844289655E-01
 2.01493182129453E+03	-2.15084788098976E-01
 2.01493455919456E+03	-1.37423100284300E-01
 2.01493729709459E+03	-6.85671805242768E-02
 2.01494003499462E+03	-1.65925585473447E-02
 2.01494277289465E+03	 2.57034318770510E-02
 2.01494551079468E+03	 6.37765780630944E-02
 2.01494824869471E+03	 8.97819500832216E-02
 2.01495098659474E+03	 9.17074770396597E-02
 2.01495372449477E+03	 6.78322020526693E-02
 2.01495646239480E+03	 2.67087153517490E-02
 2.01495920029483E+03	-2.22959852376672E-02
 2.01496193819487E+03	-7.23949107604321E-02
 2.01496467609490E+03	-1.15937274363861E-01
 2.01496741399493E+03	-1.41747166278025E-01
 2.01497015189496E+03	-1.34822169004731E-01
 2.01497288979499E+03	-8.07148869395283E-02
 2.01497562769502E+03	 1.98314965252106E-02
 2.01497836559505E+03	 1.35681842848418E-01
 2.01498110349508E+03	 2.13873935282665E-01
 2.01498384139511E+03	 2.14612337662821E-01
 2.01498657929514E+03	 1.39123881731591E-01
 2.01498931719517E+03	 2.18538566526312E-02
 2.01499205509520E+03	-9.91076694876413E-02
 2.01499479299523E+03	-2.00139720849705E-01
 2.01499753089526E+03	-2.69427942313410E-01
 2.01500026879530E+03	-2.98927137014127E-01
 2.01500300669533E+03	-2.83338325203288E-01
 2.01500574459536E+03	-2.25504706176243E-01
 2.01500848249539E+03	-1.41682003221934E-01
 2.01501122039542E+03	-5.80157335244252E-02
 2.01501395829545E+03	 4.92829268565604E-03
 2.01501669619548E+03	 4.59481879593362E-02
 2.01501943409551E+03	 7.68099238811108E-02
 2.01502217199554E+03	 1.01531600486330E-01
 2.01502490989557E+03	 1.08819905739770E-01
 2.01502764779560E+03	 8.73327104004116E-02
 2.01503038569563E+03	 4.14127059330713E-02
 2.01503312359566E+03	-1.23756548550710E-02
 2.01503586149570E+03	-5.89555399683371E-02
 2.01503859939573E+03	-9.11648415083948E-02
 2.01504133729576E+03	-1.06740338915279E-01
 2.01504407519579E+03	-1.01891147524145E-01
 2.01504681309582E+03	-6.58895015326448E-02
 2.01504955099585E+03	 1.41923389937176E-02
 2.01505228889588E+03	 1.32454867914995E-01
 2.01505502679591E+03	 2.46253836882373E-01
 2.01505776469594E+03	 2.93144788990044E-01
 2.01506050259597E+03	 2.38057619212330E-01
 2.01506324049600E+03	 1.02627277477034E-01
 2.01506597839603E+03	-5.52602265418829E-02
 2.01506871629606E+03	-1.85830116173492E-01
 2.01507145419610E+03	-2.69345640330280E-01
 2.01507419209613E+03	-3.05797987056662E-01
 2.01507692999616E+03	-2.97858531613188E-01
 2.01507966789619E+03	-2.47430457085070E-01
 2.01508240579622E+03	-1.63201606195054E-01
 2.01508514369625E+03	-6.58819741633602E-02
 2.01508788159628E+03	 1.86003038995354E-02
 2.01509061949631E+03	 7.51251630990190E-02
 2.01509335739634E+03	 1.07890823461526E-01
 2.01509609529637E+03	 1.28753826077778E-01
 2.01509883319640E+03	 1.38090298058292E-01
 2.01510157109643E+03	 1.23395496562221E-01
 2.01510430899646E+03	 7.75481831680767E-02
 2.01510704689649E+03	 1.20857712747048E-02
 2.01510978479653E+03	-4.99878381434359E-02
 2.01511252269656E+03	-9.01236462998345E-02
 2.01511526059659E+03	-1.01989440718338E-01
 2.01511799849662E+03	-8.82957712298000E-02
 2.01512073639665E+03	-5.14133365196368E-02
 2.01512347429668E+03	 1.48197951165202E-02
 2.01512621219671E+03	 1.18686368611596E-01
 2.01512895009674E+03	 2.46214081915007E-01
 2.01513168799677E+03	 3.45901623938946E-01
 2.01513442589680E+03	 3.54489427486018E-01
 2.01513716379683E+03	 2.49037636848351E-01
 2.01513990169686E+03	 6.99288767424789E-02
 2.01514263959689E+03	-1.11445682678746E-01
 2.01514537749693E+03	-2.43000896419891E-01
 2.01514811539696E+03	-3.10495804151808E-01
 2.01515085329699E+03	-3.21096544948226E-01
 2.01515359119702E+03	-2.84186137126743E-01
 2.01515632909705E+03	-2.08919413947966E-01
 2.01515906699708E+03	-1.10702423117451E-01
 2.01516180489711E+03	-1.22070944566740E-02
 2.01516454279714E+03	 6.54127804034526E-02
 2.01516728069717E+03	 1.13991716786059E-01
 2.01517001859720E+03	 1.39931961664181E-01
 2.01517275649723E+03	 1.51475104395623E-01
 2.01517549439726E+03	 1.45464871874693E-01
 2.01517823229729E+03	 1.11165541299972E-01
 2.01518097019733E+03	 4.73604340419462E-02
 2.01518370809736E+03	-2.88384517395919E-02
 2.01518644599739E+03	-9.14243161873436E-02
 2.01518918389742E+03	-1.21158324967027E-01
 2.01519192179745E+03	-1.13097937041208E-01
 2.01519465969748E+03	-7.32805237434947E-02
 2.01519739759751E+03	-8.60148772268916E-03
 2.01520013549754E+03	 8.13022006611911E-02
 2.01520287339757E+03	 1.96765793691267E-01
 2.01520561129760E+03	 3.15948697639895E-01
 2.01520834919763E+03	 3.86239803112554E-01
 2.01521108709766E+03	 3.54505341604740E-01
 2.01521382499769E+03	 2.14205692120742E-01
 2.01521656289772E+03	 1.73377224174329E-02
 2.01521930079776E+03	-1.63866507709935E-01
 2.01522203869779E+03	-2.83199706488167E-01
 2.01522477659782E+03	-3.31821305264418E-01
 2.01522751449785E+03	-3.20261382387946E-01
 2.01523025239788E+03	-2.62775118952088E-01
 2.01523299029791E+03	-1.75844265945433E-01
 2.01523572819794E+03	-7.95309249197519E-02
 2.01523846609797E+03	 6.73714293578261E-03
 2.01524120399800E+03	 7.06557634385046E-02
 2.01524394189803E+03	 1.10112112202462E-01
 2.01524667979806E+03	 1.29817664276430E-01
 2.01524941769809E+03	 1.32659638938694E-01
 2.01525215559812E+03	 1.13972482077529E-01
 2.01525489349816E+03	 6.72756125953561E-02
 2.01525763139819E+03	-3.21420401609109E-03
 2.01526036929822E+03	-7.82240195035937E-02
 2.01526310719825E+03	-1.32795346460225E-01
 2.01526584509828E+03	-1.49395804634249E-01
 2.01526858299830E+03	-1.24023590115696E-01
 2.01527132089834E+03	-6.37654235372764E-02
 2.01527405879837E+03	 2.07915932391051E-02
 2.01527679669840E+03	 1.21745748822817E-01
 2.01527953459843E+03	 2.29293251008132E-01
 2.01528227249846E+03	 3.17964390569115E-01
 2.01528501039849E+03	 3.45097635525240E-01
 2.01528774829852E+03	 2.77347341329609E-01
 2.01529048619856E+03	 1.24036516144076E-01
 2.01529322409859E+03	-6.16901304534313E-02
 2.01529596199862E+03	-2.18369729583113E-01
 2.01529869989865E+03	-3.10783933208781E-01
 2.01530143779868E+03	-3.34480182940039E-01
 2.01530417569871E+03	-3.01483454560972E-01
 2.01530691359874E+03	-2.30631469352555E-01
 2.01530965149877E+03	-1.44425544975228E-01
 2.01531238939880E+03	-6.29555405647343E-02
 2.01531512729883E+03	 2.84236825558338E-03
 2.01531786519886E+03	 5.06048677927718E-02
 2.01532060309889E+03	 8.08761838887901E-02
 2.01532334099892E+03	 9.35654437643377E-02
 2.01532607889896E+03	 8.70772941517354E-02
 2.01532881679899E+03	 5.84826096803127E-02
 2.01533155469902E+03	 7.13799380568285E-03
 2.01533429259905E+03	-5.90354584369515E-02
 2.01533703049908E+03	-1.22277852771575E-01
 2.01533976839911E+03	-1.62073853745449E-01
 2.01534250629914E+03	-1.63890299788630E-01
 2.01534524419917E+03	-1.23376882978149E-01
 2.01534798209920E+03	-4.69403024891943E-02
 2.01535071999923E+03	 5.01022619604296E-02
 2.01535345789926E+03	 1.48276828911331E-01
 2.01535619579929E+03	 2.27549688268012E-01
 2.01535893369932E+03	 2.66078911916114E-01
 2.01536167159935E+03	 2.41892292656095E-01
 2.01536440949939E+03	 1.46618867186315E-01
 2.01536714739942E+03	 6.67391679553729E-04
 2.01536988529945E+03	-1.51583435004135E-01
 2.01537262319948E+03	-2.66393945737562E-01
 2.01537536109951E+03	-3.20739374349949E-01
 2.01537809899954E+03	-3.13533542221703E-01
 2.01538083689957E+03	-2.58510938703276E-01
 2.01538357479960E+03	-1.79285420581107E-01
 2.01538631269963E+03	-1.01491517924649E-01
 2.01538905059966E+03	-4.01936044518674E-02
 2.01539178849969E+03	 4.56708135726789E-03
 2.01539452639972E+03	 3.76782823253972E-02
 2.01539726429975E+03	 5.80885700939181E-02
 2.01540000219979E+03	 6.01976424656490E-02
 2.01540274009982E+03	 4.12473217350098E-02
 2.01540547799985E+03	 3.52541211035773E-03
 2.01540821589988E+03	-4.71957658296579E-02
 2.01541095379991E+03	-1.01369272824318E-01
 2.01541369169994E+03	-1.45662031085332E-01
 2.01541642959997E+03	-1.66053884045057E-01
 2.01541916750000E+03	-1.51062880905352E-01
 2.01542190540003E+03	-9.46366798991142E-02
 2.01542464330006E+03	-2.49630529702946E-03
 2.01542738120009E+03	 1.02362604099411E-01
 2.01543011910012E+03	 1.86133706142376E-01
 2.01543285700015E+03	 2.21160900174213E-01
 2.01543559490019E+03	 1.97303273518106E-01
 2.01543833280022E+03	 1.20171554206596E-01
 2.01544107070025E+03	 5.88370784350355E-03
 2.01544380860028E+03	-1.20607984723557E-01
 2.01544654650031E+03	-2.29508467281106E-01
 2.01544928440034E+03	-2.95772719172157E-01
 2.01545202230037E+03	-3.07007376407307E-01
 2.01545476020040E+03	-2.65599428663180E-01
 2.01545749810043E+03	-1.88749623503975E-01
 2.01546023600046E+03	-1.04509689086745E-01
 2.01546297390049E+03	-3.78483941355275E-02
 2.01546571180052E+03	 4.54605101609673E-03
 2.01546844970055E+03	 3.21212640568447E-02
 2.01547118760058E+03	 5.22100307329387E-02
 2.01547392550062E+03	 5.95292626337311E-02
 2.01547666340065E+03	 4.52773739179176E-02
 2.01547940130068E+03	 9.92240555647543E-03
 2.01548213920071E+03	-3.67124833093709E-02
 2.01548487710074E+03	-8.31444821458713E-02
 2.01548761500077E+03	-1.20305005738869E-01
 2.01549035290080E+03	-1.41141388985631E-01
 2.01549309080083E+03	-1.38729075870817E-01
 2.01549582870086E+03	-1.03883607775185E-01
 2.01549856660089E+03	-2.84410836042201E-02
 2.01550130450092E+03	 8.05163908896839E-02
 2.01550404240095E+03	 1.88981943459897E-01
 2.01550678030098E+03	 2.48751380912409E-01
 2.01550951820102E+03	 2.29931224337028E-01
 2.01551225610105E+03	 1.40562695928381E-01
 2.01551499400108E+03	 1.48519834602869E-02
 2.01551773190111E+03	-1.11893030303024E-01
 2.01552046980114E+03	-2.15863281270662E-01
 2.01552320770117E+03	-2.82468418334335E-01
 2.01552594560120E+03	-3.02059776952957E-01
 2.01552868350123E+03	-2.70969983296541E-01
 2.01553142140126E+03	-1.96745295804351E-01
 2.01553415930129E+03	-1.01858995135464E-01
 2.01553689720132E+03	-1.69024686447943E-02
 2.01553963510135E+03	 3.77587186027931E-02
 2.01554237300138E+03	 6.45322027864064E-02
 2.01554511090142E+03	 7.82963648377877E-02
 2.01554784880145E+03	 8.45812043888905E-02
 2.01555058670148E+03	 7.42464968607155E-02
 2.01555332460151E+03	 3.94273443230225E-02
 2.01555606250154E+03	-1.28958343572413E-02
 2.01555880040157E+03	-6.54247316875864E-02
 2.01556153830160E+03	-1.03096708880629E-01
 2.01556427620163E+03	-1.19313439800096E-01
 2.01556701410166E+03	-1.14009293641272E-01
 2.01556975200169E+03	-8.66897460574719E-02
 2.01557248990172E+03	-2.96755246339271E-02
 2.01557522780175E+03	 6.61269538186854E-02
 2.01557796570178E+03	 1.89177864312274E-01
 2.01558070360182E+03	 2.93347638356585E-01
 2.01558344150185E+03	 3.20416491034904E-01
 2.01558617940188E+03	 2.45461134438336E-01
 2.01558891730191E+03	 9.74500515415243E-02
 2.01559165520194E+03	-6.60076339858026E-02
 2.01559439310197E+03	-1.98642211858625E-01
 2.01559713100200E+03	-2.81312940837226E-01
 2.01559986890203E+03	-3.11598912377065E-01
 2.01560260680206E+03	-2.90870552384186E-01
 2.01560534470209E+03	-2.23585009512587E-01
 2.01560808260212E+03	-1.24476443073473E-01
 2.01561082050215E+03	-2.09816855518898E-02
 2.01561355840218E+03	 5.77642061571052E-02
 2.01561629630221E+03	 9.91609630335189E-02
 2.01561903420225E+03	 1.12819867215866E-01
 2.01562177210228E+03	 1.14215524849029E-01
 2.01562451000231E+03	 1.05074108144179E-01
 2.01562724790234E+03	 7.51565181895672E-02
 2.01562998580237E+03	 2.12497024446537E-02
 2.01563272370240E+03	-4.25791782647154E-02
 2.01563546160243E+03	-9.41009839025981E-02
 2.01563819950246E+03	-1.17664911903893E-01
 2.01564093740249E+03	-1.10534896997279E-01
 2.01564367530252E+03	-7.89945811353205E-02
 2.01564641320255E+03	-2.74526487363722E-02
 2.01564915110258E+03	 5.02749792371439E-02
 2.01565188900261E+03	 1.61571738660355E-01
 2.01565462690265E+03	 2.88265168479082E-01
 2.01565736480268E+03	 3.75412815111447E-01
 2.01566010270271E+03	 3.63494323707269E-01
 2.01566284060274E+03	 2.39284668345223E-01
 2.01566557850277E+03	 5.01861805442322E-02
 2.01566831640280E+03	-1.32987483406006E-01
 2.01567105430283E+03	-2.62021526729088E-01
 2.01567379220286E+03	-3.23800778980632E-01
 2.01567653010289E+03	-3.23899583270252E-01
 2.01567926800292E+03	-2.71529510089850E-01
 2.01568200590295E+03	-1.79550467420997E-01
 2.01568474380298E+03	-6.99329815319637E-02
 2.01568748170301E+03	 2.86529855236153E-02
 2.01569021960305E+03	 9.36691696514939E-02
 2.01569295750308E+03	 1.21340057789737E-01
 2.01569569540311E+03	 1.24422425348734E-01
 2.01569843330314E+03	 1.14877786590582E-01
 2.01570117120317E+03	 9.10099717384895E-02
 2.01570390910320E+03	 4.48668591658842E-02
 2.01570664700323E+03	-2.04904546682504E-02
 2.01570938490326E+03	-8.60458019803596E-02
 2.01571212280329E+03	-1.28506288072770E-01
 2.01571486070332E+03	-1.34334520950596E-01
 2.01571759860335E+03	-1.04763960890203E-01
 2.01572033650338E+03	-5.04380505137484E-02
 2.01572307440341E+03	 2.09429019923194E-02
 2.01572581230344E+03	 1.12669350921490E-01
 2.01572855020348E+03	 2.27211959669416E-01
 2.01573128810351E+03	 3.40385973713809E-01
 2.01573402600354E+03	 3.96460315389594E-01
 2.01573676390357E+03	 3.45214543805198E-01
 2.01573950180360E+03	 1.88565488552453E-01
 2.01574223970363E+03	-1.53761646134274E-02
 2.01574497760366E+03	-1.95099732511779E-01
 2.01574771550369E+03	-3.08060361713043E-01
 2.01575045340372E+03	-3.46865831377048E-01
 2.01575319130375E+03	-3.21651653595842E-01
 2.01575592920378E+03	-2.47914788910812E-01
 2.01575866710381E+03	-1.46437045408068E-01
 2.01576140500384E+03	-4.31280045229269E-02
 2.01576414290388E+03	 3.82287440419531E-02
 2.01576688080391E+03	 8.55441173173327E-02
 2.01576961870394E+03	 1.01791161918263E-01
 2.01577235660397E+03	 9.77873668673560E-02
 2.01577509450400E+03	 7.97607647474956E-02
 2.01577783240403E+03	 4.47397734605818E-02
 2.01578057030406E+03	-1.03335969124310E-02
 2.01578330820409E+03	-7.67803595253926E-02
 2.01578604610412E+03	-1.34202457078228E-01
 2.01578878400415E+03	-1.61907558969096E-01
 2.01579152190418E+03	-1.49919613124035E-01
 2.01579425980421E+03	-1.02029544674046E-01
 2.01579699770424E+03	-3.05692252010113E-02
 2.01579973560428E+03	 5.40367885908670E-02
 2.01580247350431E+03	 1.49213063855670E-01
 2.01580521140434E+03	 2.50033364669425E-01
 2.01580794930437E+03	 3.30466945608820E-01
 2.01581068720440E+03	 3.44785857944311E-01
 2.01581342510443E+03	 2.61012595598608E-01
 2.01581616300446E+03	 9.48635129515610E-02
 2.01581890090449E+03	-9.55317367567540E-02
 2.01582163880452E+03	-2.49062556029391E-01
 2.01582437670455E+03	-3.33314094767453E-01
 2.01582711460458E+03	-3.45427591118374E-01
 2.01582985250461E+03	-2.98369665632103E-01
 2.01583259040464E+03	-2.13378963634289E-01
 2.01583532830467E+03	-1.16897199102673E-01
 2.01583806620471E+03	-3.30640056999277E-02
 2.01584080410474E+03	 2.47858887662881E-02
 2.01584354200477E+03	 5.53672339741441E-02
 2.01584627990480E+03	 6.37959055614732E-02
 2.01584901780483E+03	 5.49716876669234E-02
 2.01585175570486E+03	 3.00008352307858E-02
 2.01585449360489E+03	-1.21779253429457E-02
 2.01585723150492E+03	-6.84510870221588E-02
 2.01585996940495E+03	-1.26671013279876E-01
 2.01586270730498E+03	-1.68691723708979E-01
 2.01586544520501E+03	-1.78978611906991E-01
 2.01586818310504E+03	-1.51099987514430E-01
 2.01587092100507E+03	-8.90537246997957E-02
 2.01587365890511E+03	-4.82755136397441E-03
 2.01587639680514E+03	 8.69902543965310E-02
 2.01587913470517E+03	 1.74019262672326E-01
 2.01588187260520E+03	 2.43407295606637E-01
 2.01588461050523E+03	 2.74290023339530E-01
 2.01588734840526E+03	 2.41329850641901E-01
 2.01589008630529E+03	 1.35428485886169E-01
 2.01589282420532E+03	-1.90670262681067E-02
 2.01589556210535E+03	-1.73800359342575E-01
 2.01589830000538E+03	-2.84573408211281E-01
 2.01590103790541E+03	-3.30097186467887E-01
 2.01590377580544E+03	-3.11218906294551E-01
 2.01590651370547E+03	-2.44073709188233E-01
 2.01590925160551E+03	-1.55384619188049E-01
 2.01591198950554E+03	-7.34937853183056E-02
 2.01591472740557E+03	-1.51004568389223E-02
 2.01591746530560E+03	 1.92154428890873E-02
 2.01592020320563E+03	 3.57000691995944E-02
 2.01592294110566E+03	 3.69107912621814E-02
 2.01592567900569E+03	 2.11253234521277E-02
 2.01592841690572E+03	-1.22106128436046E-02
 2.01593115480575E+03	-5.90381387891356E-02
 2.01593389270578E+03	-1.10281814984778E-01
 2.01593663060581E+03	-1.53169224472453E-01
 2.01593936850584E+03	-1.74794749916080E-01
 2.01594210640587E+03	-1.66066370842736E-01
 2.01594484430591E+03	-1.23013033305287E-01
 2.01594758220594E+03	-4.76514226682539E-02
 2.01595032010597E+03	 4.85296651524284E-02
 2.01595305800600E+03	 1.43389576526185E-01
 2.01595579590603E+03	 2.11385608358781E-01
 2.01595853380606E+03	 2.33989906062702E-01
 2.01596127170609E+03	 2.03523017635634E-01
 2.01596400960612E+03	 1.21999245480010E-01
 2.01596674750615E+03	 2.81952095454820E-03
 2.01596948540618E+03	-1.27371206177522E-01
 2.01597222330621E+03	-2.35589609263601E-01
 2.01597496120624E+03	-2.95638426328394E-01
 2.01597769910627E+03	-2.96389599881582E-01
 2.01598043700630E+03	-2.43163198493903E-01
 2.01598317490634E+03	-1.57130518288540E-01
 2.01598591280637E+03	-6.96308664947971E-02
 2.01598865070640E+03	-6.48897409436257E-03
 2.01599138860643E+03	 2.65404176457458E-02
 2.01599412650646E+03	 3.99674610791373E-02
 2.01599686440649E+03	 4.26426003508819E-02
 2.01599960230652E+03	 3.23355904145831E-02
 2.01600234020655E+03	 3.70503211488753E-03
 2.01600507810658E+03	-4.07624672240516E-02
 2.01600781600661E+03	-9.00714080127421E-02
 2.01601055390664E+03	-1.30948440592894E-01
 2.01601329180667E+03	-1.52995967607050E-01
 2.01601602970670E+03	-1.50581565590954E-01
 2.01601876760674E+03	-1.21114460050334E-01
 2.01602150550677E+03	-6.14886801915191E-02
 2.01602424340680E+03	 2.93055064364011E-02
 2.01602698130683E+03	 1.38339146269480E-01
 2.01602971920686E+03	 2.32178026092379E-01
 2.01603245710689E+03	 2.71454183739071E-01
 2.01603519500692E+03	 2.36964672740769E-01
 2.01603793290695E+03	 1.40735738842364E-01
 2.01604067080698E+03	 1.35920862192665E-02
 2.01604340870701E+03	-1.13172757152897E-01
 2.01604614660704E+03	-2.15692513897276E-01
 2.01604888450707E+03	-2.76919371821819E-01
 2.01605162240710E+03	-2.86079820384884E-01
 2.01605436030714E+03	-2.41375220558324E-01
 2.01605709820717E+03	-1.54872308242371E-01
 2.01605983610720E+03	-5.42695675016678E-02
 2.01606257400723E+03	 2.71324308820864E-02
 2.01606531190726E+03	 7.03445915328304E-02
 2.01606804980729E+03	 8.09974864697317E-02
 2.01607078770732E+03	 7.61825550665909E-02
 2.01607352560735E+03	 6.31379618041436E-02
 2.01607626350738E+03	 3.58361994089116E-02
 2.01607900140741E+03	-9.88280031673752E-03
 2.01608173930744E+03	-6.51178994646829E-02
 2.01608447720747E+03	-1.12600407358916E-01
 2.01608721510750E+03	-1.37844007211924E-01
 2.01608995300753E+03	-1.35372000948245E-01
 2.01609269090757E+03	-1.07526648357808E-01
 2.01609542880760E+03	-5.70535005791008E-02
 2.01609816670763E+03	 1.98362680911701E-02
 2.01610090460766E+03	 1.26676205537619E-01
 2.01610364250769E+03	 2.46253810890033E-01
 2.01610638040772E+03	 3.32389146906499E-01
 2.01610911830775E+03	 3.35506194740534E-01
 2.01611185620778E+03	 2.42169754007517E-01
 2.01611459410781E+03	 8.65352499471670E-02
 2.01611733200784E+03	-7.66077884630226E-02
 2.01612006990787E+03	-2.05478850233030E-01
 2.01612280780790E+03	-2.81845150210029E-01
 2.01612554570793E+03	-3.01668552729871E-01
 2.01612828360797E+03	-2.66065654550406E-01
 2.01613102150800E+03	-1.82707684708436E-01
 2.01613375940803E+03	-7.22498199121907E-02
 2.01613649730806E+03	 3.24174680728728E-02
 2.01613923520809E+03	 1.00958596500530E-01
 2.01614197310812E+03	 1.24424496965498E-01
 2.01614471100815E+03	 1.17207124275637E-01
 2.01614744890818E+03	 9.74004070063363E-02
 2.01615018680821E+03	 6.84229316397254E-02
 2.01615292470824E+03	 2.34051858717360E-02
 2.01615566260827E+03	-3.68214201793359E-02
 2.01615840050830E+03	-9.66323008461785E-02
 2.01616113840833E+03	-1.35454467363132E-01
 2.01616387630837E+03	-1.40822336743760E-01
 2.01616661420840E+03	-1.13503742035907E-01
 2.01616935210843E+03	-6.28597651173541E-02
 2.01617209000846E+03	 5.09274061373908E-03
 2.01617482790849E+03	 9.55956324115664E-02
 2.01617756580852E+03	 2.12874294760602E-01
 2.01618030370855E+03	 3.33717421500028E-01
 2.01618304160858E+03	 4.02259667138436E-01
 2.01618577950861E+03	 3.66458574503752E-01
 2.01618851740864E+03	 2.24109732667000E-01
 2.01619125530867E+03	 2.81277505408495E-02
 2.01619399320870E+03	-1.52954667740727E-01
 2.01619673110873E+03	-2.75250119886106E-01
 2.01619946900876E+03	-3.26975497280606E-01
 2.01620220690880E+03	-3.13038835979864E-01
 2.01620494480883E+03	-2.43717207269882E-01
 2.01620768270886E+03	-1.36336353296830E-01
 2.01621042060889E+03	-1.91528953107228E-02
 2.01621315850892E+03	 7.48285035272613E-02
 2.01621589640895E+03	 1.24005545039611E-01
 2.01621863430898E+03	 1.30060689248712E-01
 2.01622137220901E+03	 1.11078281636506E-01
 2.01622411010904E+03	 8.12640612268250E-02
 2.01622684800907E+03	 4.02626493678050E-02
 2.01622958590910E+03	-1.64806581292814E-02
 2.01623232380913E+03	-8.19209912467702E-02
 2.01623506170916E+03	-1.36243684655090E-01
 2.01623779960920E+03	-1.59468263297964E-01
 2.01624053750923E+03	-1.43462427150418E-01
 2.01624327540926E+03	-9.48419710622975E-02
 2.01624601330929E+03	-2.76288058713498E-02
 2.01624875120932E+03	 5.08210054099938E-02
 2.01625148910935E+03	 1.46310340359277E-01
 2.01625422700938E+03	 2.61247487524763E-01
 2.01625696490941E+03	 3.67570178966662E-01
 2.01625970280944E+03	 4.07644348664912E-01
 2.01626244070947E+03	 3.36642631212686E-01
 2.01626517860950E+03	 1.65692843472974E-01
 2.01626791650953E+03	-4.22524670469130E-02
 2.01627065440956E+03	-2.17567281775232E-01
 2.01627339230960E+03	-3.21419416303639E-01
 2.01627613020963E+03	-3.47835613796761E-01
 2.01627886810966E+03	-3.07301551054458E-01
 2.01628160600969E+03	-2.17671274921062E-01
 2.01628434390972E+03	-1.04723741568735E-01
 2.01628708180975E+03	 2.16594729651957E-04
 2.01628981970978E+03	 7.10144117491856E-02
 2.01629255760981E+03	 9.84989185384307E-02
 2.01629529550984E+03	 9.20109204935307E-02
 2.01629803340987E+03	 6.74249325731404E-02
 2.01630077130990E+03	 3.25534718260015E-02
 2.01630350920993E+03	-1.46201004788328E-02
 2.01630624710996E+03	-7.39984377123981E-02
 2.01630898501000E+03	-1.33481242006998E-01
 2.01631172291003E+03	-1.72874932325438E-01
 2.01631446081006E+03	-1.76101338009376E-01
 2.01631719871009E+03	-1.40094001246714E-01
 2.01631993661012E+03	-7.53741639519183E-02
 2.01632267451015E+03	 2.10880837533997E-03
 2.01632541241018E+03	 8.40116170684120E-02
 2.01632815031021E+03	 1.73632158459898E-01
 2.01633088821024E+03	 2.69315377053149E-01
 2.01633362611027E+03	 3.42700082810596E-01
 2.01633636401030E+03	 3.45265594322737E-01
 2.01633910191033E+03	 2.47870953412159E-01
 2.01634183981036E+03	 7.28704869470748E-02
 2.01634457771039E+03	-1.17893964741044E-01
 2.01634731561043E+03	-2.64701370840584E-01
 2.01635005351046E+03	-3.37955827212140E-01
 2.01635279141049E+03	-3.36305310412074E-01
 2.01635552931052E+03	-2.74224696260582E-01
 2.01635826721055E+03	-1.76315398047755E-01
 2.01636100511058E+03	-7.36854254655821E-02
 2.01636374301061E+03	 5.77758754574815E-03
 2.01636648091064E+03	 4.83267654881892E-02
 2.01636921881067E+03	 5.66926404419068E-02
 2.01637195671070E+03	 4.23452523837320E-02
 2.01637469461073E+03	 1.47489746780152E-02
 2.01637743251076E+03	-2.36604530424435E-02
 2.01638017041079E+03	-7.30321172176420E-02
 2.01638290831083E+03	-1.27502768100172E-01
 2.01638564621086E+03	-1.72453753012534E-01
 2.01638838411089E+03	-1.90951529257783E-01
 2.01639112201092E+03	-1.72793478661658E-01
 2.01639385991095E+03	-1.19185552388539E-01
 2.01639659781098E+03	-4.18066270093627E-02
 2.01639933571101E+03	 4.32569122851484E-02
 2.01640207361104E+03	 1.24538141781321E-01
 2.01640481151107E+03	 1.98192108039001E-01
 2.01640754941110E+03	 2.57667150589608E-01
 2.01641028731113E+03	 2.81442854941909E-01
 2.01641302521116E+03	 2.40744600961070E-01
 2.01641576311119E+03	 1.26855565216013E-01
 2.01641850101123E+03	-3.17539225443881E-02
 2.01642123891126E+03	-1.83921591858986E-01
 2.01642397681129E+03	-2.86098556210217E-01
 2.01642671471132E+03	-3.19029002370774E-01
 2.01642945261135E+03	-2.85595085886882E-01
 2.01643219051138E+03	-2.04785191856403E-01
 2.01643492841141E+03	-1.07169929619629E-01
 2.01643766631144E+03	-2.45634370303931E-02
 2.01644040421147E+03	 2.45732119368923E-02
 2.01644314211150E+03	 4.05425096652051E-02
 2.01644588001153E+03	 3.36326374375808E-02
 2.01644861791156E+03	 1.21646821991889E-02
 2.01645135581159E+03	-2.12498684978294E-02
 2.01645409371162E+03	-6.54979270233255E-02
 2.01645683161166E+03	-1.15439263000464E-01
 2.01645956951169E+03	-1.59961857994113E-01
 2.01646230741172E+03	-1.85104339785425E-01
 2.01646504531175E+03	-1.80016715177665E-01
 2.01646778321178E+03	-1.40962078546440E-01
 2.01647052111181E+03	-7.15130960678115E-02
 2.01647325901184E+03	 1.81541936988628E-02
 2.01647599691187E+03	 1.11818376052326E-01
 2.01647873481190E+03	 1.90778661470128E-01
 2.01648147271193E+03	 2.39786073876256E-01
 2.01648421061196E+03	 2.49026928360195E-01
 2.01648694851199E+03	 2.11706482178977E-01
 2.01648968641202E+03	 1.25968929896286E-01
 2.01649242431206E+03	 3.52695694175765E-03
 2.01649516221209E+03	-1.26874753973098E-01
 2.01649790011212E+03	-2.29958746081792E-01
 2.01650063801215E+03	-2.79530059646790E-01
 2.01650337591218E+03	-2.66379925355318E-01
 2.01650611381221E+03	-1.99049260289585E-01
 2.01650885171224E+03	-1.02765720816864E-01
 2.01651158961227E+03	-1.22066377562840E-02
 2.01651432751230E+03	 4.55283709675485E-02
 2.01651706541233E+03	 6.50628685280958E-02
 2.01651980331236E+03	 5.84045804390856E-02
 2.01652254121239E+03	 3.77247671390626E-02
 2.01652527911242E+03	 5.77040194563895E-03
 2.01652801701246E+03	-3.84715881739535E-02
 2.01653075491249E+03	-9.04530703078490E-02
 2.01653349281252E+03	-1.38357898119489E-01
 2.01653623071255E+03	-1.68225784021067E-01
 2.01653896861258E+03	-1.70069715869008E-01
 2.01654170651261E+03	-1.40885575980314E-01
 2.01654444441264E+03	-8.27089689637018E-02
 2.01654718231267E+03	 1.05163282872307E-03
 2.01654992021270E+03	 1.03534301811798E-01
 2.01655265811273E+03	 2.06712192409470E-01
 2.01655539601276E+03	 2.80568130622828E-01
 2.01655813391279E+03	 2.97075867008359E-01
 2.01656087181282E+03	 2.47492508188049E-01
 2.01656360971285E+03	 1.45908919641517E-01
 2.01656634761289E+03	 1.88481371291917E-02
 2.01656908551292E+03	-1.05840276918940E-01
 2.01657182341295E+03	-2.03815401829797E-01
 2.01657456131298E+03	-2.56234588211473E-01
 2.01657729921301E+03	-2.52367498249165E-01
 2.01658003711304E+03	-1.93204702674324E-01
 2.01658277501307E+03	-9.55493927405679E-02
 2.01658551291310E+03	 8.47704367304288E-03
 2.01658825081313E+03	 8.41801474206519E-02
 2.01659098871316E+03	 1.14445939417411E-01
 2.01659372661319E+03	 1.07420733647293E-01
 2.01659646451322E+03	 8.18189348866449E-02
 2.01659920241325E+03	 4.71865350426637E-02
 2.01660194031329E+03	 1.69248484871371E-03
 2.01660467821332E+03	-5.46506994088372E-02
 2.01660741611335E+03	-1.11127804345681E-01
 2.01661015401338E+03	-1.50830413800465E-01
 2.01661289191341E+03	-1.60623677521876E-01
 2.01661562981344E+03	-1.37192694264318E-01
 2.01661836771347E+03	-8.57296516540753E-02
 2.01662110561350E+03	-1.21693181124531E-02
 2.01662384351353E+03	 8.27269580747085E-02
 2.01662658141356E+03	 1.95834864625583E-01
 2.01662931931359E+03	 3.05039116023959E-01
 2.01663205721362E+03	 3.67521037439180E-01
 2.01663479511365E+03	 3.45566032101256E-01
 2.01663753301369E+03	 2.37243443312047E-01
 2.01664027091372E+03	 7.94233647537166E-02
 2.01664300881375E+03	-7.79514220060064E-02
 2.01664574671378E+03	-1.98020073398468E-01
 2.01664848461381E+03	-2.63465620046816E-01
 2.01665122251384E+03	-2.69324460570576E-01
 2.01665396041387E+03	-2.17747132833324E-01
 2.01665669831390E+03	-1.20752611529284E-01
 2.01665943621393E+03	-4.83019326803349E-03
 2.01666217411396E+03	 9.36954719376561E-02
 2.01666491201399E+03	 1.46244092830450E-01
 2.01666764991402E+03	 1.49115278572422E-01
 2.01667038781405E+03	 1.20839731983632E-01
 2.01667312571409E+03	 8.08461148430564E-02
 2.01667586361412E+03	 3.39081623217527E-02
 2.01667860151415E+03	-2.33079025135046E-02
 2.01668133941418E+03	-8.63098714423745E-02
 2.01668407731421E+03	-1.38697826311958E-01
 2.01668681521424E+03	-1.62142822034160E-01
 2.01668955311427E+03	-1.47798622396518E-01
 2.01669229101430E+03	-1.00164969159973E-01
 2.01669502891433E+03	-3.13121630320705E-02
 2.01669776681436E+03	 5.14812160930252E-02
 2.01670050471439E+03	 1.51535656992456E-01
 2.01670324261442E+03	 2.68334214135149E-01
 2.01670598051445E+03	 3.74360326330362E-01
 2.01670871841448E+03	 4.16891972475138E-01
 2.01671145631452E+03	 3.55570926583865E-01
 2.01671419421455E+03	 1.99856899716155E-01
 2.01671693211458E+03	 5.47694064661516E-03
 2.01671967001461E+03	-1.64290799384653E-01
 2.01672240791464E+03	-2.71336621524135E-01
 2.01672514581467E+03	-3.05808742556332E-01
 2.01672788371470E+03	-2.72911500607935E-01
 2.01673062161473E+03	-1.85581928623621E-01
 2.01673335951476E+03	-6.69907101440226E-02
 2.01673609741479E+03	 4.87363788004719E-02
 2.01673883531482E+03	 1.27322880784154E-01
 2.01674157321485E+03	 1.52214565720260E-01
 2.01674431111488E+03	 1.32731298741992E-01
 2.01674704901492E+03	 9.16015259344579E-02
 2.01674978691495E+03	 4.37295013162662E-02
 2.01675252481498E+03	-1.05222270690818E-02
 2.01675526271501E+03	-7.25986603820199E-02
 2.01675800061504E+03	-1.32528610666586E-01
 2.01676073851507E+03	-1.71098163671555E-01
 2.01676347641510E+03	-1.72420327321307E-01
 2.01676621431513E+03	-1.33829329051604E-01
 2.01676895221516E+03	-6.67996319729950E-02
 2.01677169011519E+03	 1.23211618914726E-02
 2.01677442801522E+03	 9.70061512200675E-02
 2.01677716591525E+03	 1.94030631517540E-01
 2.01677990381528E+03	 3.03269022112063E-01
 2.01678264171532E+03	 3.92958836969832E-01
 2.01678537961535E+03	 4.07828379255466E-01
 2.01678811751538E+03	 3.13469012369782E-01
 2.01679085541541E+03	 1.31735942928805E-01
 2.01679359331544E+03	-7.18831782515134E-02
 2.01679633121547E+03	-2.32793379850174E-01
 2.01679906911550E+03	-3.17736321817816E-01
 2.01680180701553E+03	-3.23114695760725E-01
 2.01680454491556E+03	-2.61059453587062E-01
 2.01680728281559E+03	-1.53749709056207E-01
 2.01681002071562E+03	-3.35107333759444E-02
 2.01681275861565E+03	 6.36534299612156E-02
 2.01681549651568E+03	 1.12904065566375E-01
 2.01681823441571E+03	 1.12358319476891E-01
 2.01682097231575E+03	 7.96260840844551E-02
 2.01682371021578E+03	 3.45825765827242E-02
 2.01682644811581E+03	-1.49497338716442E-02
 2.01682918601584E+03	-7.04747716609783E-02
 2.01683192391587E+03	-1.29036931282289E-01
 2.01683466181590E+03	-1.76431895531564E-01
 2.01683739971593E+03	-1.94282992115950E-01
 2.01684013761596E+03	-1.71823583074144E-01
 2.01684287551599E+03	-1.12544659688887E-01
 2.01684561341602E+03	-3.25264692988770E-02
 2.01684835131605E+03	 5.03668540492874E-02
 2.01685108921608E+03	 1.30622514945942E-01
 2.01685382711611E+03	 2.15452735306738E-01
 2.01685656501615E+03	 3.03011569053151E-01
 2.01685930291618E+03	 3.61715508119199E-01
 2.01686204081621E+03	 3.43884094067110E-01
 2.01686477871624E+03	 2.28264334773720E-01
 2.01686751661627E+03	 4.59139162816691E-02
 2.01687025451630E+03	-1.39193387577545E-01
 2.01687299241633E+03	-2.71296774385808E-01
 2.01687573031636E+03	-3.25215436011589E-01
 2.01687846821639E+03	-3.02107343404565E-01
 2.01688120611642E+03	-2.19487209828898E-01
 2.01688394401645E+03	-1.07446547631936E-01
 2.01688668191648E+03	-3.10666995182881E-03
 2.01688941981651E+03	 6.31315826376935E-02
 2.01689215771655E+03	 8.10357385156863E-02
 2.01689489561658E+03	 6.13462358987683E-02
 2.01689763351661E+03	 2.29944237769245E-02
 2.01690037141664E+03	-2.16151025548695E-02
 2.01690310931667E+03	-7.03768029880011E-02
 2.01690584721670E+03	-1.22900142746608E-01
 2.01690858511673E+03	-1.70950923721122E-01
 2.01691132301676E+03	-1.98869328685376E-01
 2.01691406091679E+03	-1.92467578546039E-01
 2.01691679881682E+03	-1.47336905664949E-01
 2.01691953671685E+03	-7.16792870812251E-02
 2.01692227461688E+03	 1.67642892309705E-02
 2.01692501251691E+03	 1.00232653222146E-01
 2.01692775041694E+03	 1.71914288322938E-01
 2.01693048831698E+03	 2.34930224625779E-01
 2.01693322621701E+03	 2.85228645940969E-01
 2.01693596411704E+03	 2.98704467554158E-01
 2.01693870201707E+03	 2.45436026586527E-01
 2.01694143991710E+03	 1.21089138212253E-01
 2.01694417781713E+03	-3.99592395748398E-02
 2.01694691571716E+03	-1.84846253705537E-01
 2.01694965361719E+03	-2.72513143796048E-01
 2.01695239151722E+03	-2.86890670335758E-01
 2.01695512941725E+03	-2.33862347650647E-01
 2.01695786731728E+03	-1.36833680113717E-01
 2.01696060521731E+03	-3.20320661272280E-02
 2.01696334311734E+03	 4.46414239533231E-02
 2.01696608101738E+03	 7.49200243492366E-02
 2.01696881891741E+03	 6.40848798755946E-02
 2.01697155681744E+03	 2.99989361045507E-02
 2.01697429471747E+03	-1.27703772583427E-02
 2.01697703261750E+03	-5.92723339723480E-02
 2.01697977051753E+03	-1.08621314611841E-01
 2.01698250841756E+03	-1.55391830482169E-01
 2.01698524631759E+03	-1.87338822765664E-01
 2.01698798421762E+03	-1.90965742764141E-01
 2.01699072211765E+03	-1.58860493346965E-01
 2.01699346001768E+03	-9.29606860025617E-02
 2.01699619791771E+03	-3.83992248518449E-03
 2.01699893581774E+03	 9.17765484818853E-02
 2.01700167371778E+03	 1.75961665850986E-01
 2.01700441161781E+03	 2.36286571449742E-01
 2.01700714951784E+03	 2.67686915220479E-01
 2.01700988741787E+03	 2.66058665081779E-01
 2.01701262531790E+03	 2.23107441445630E-01
 2.01701536321793E+03	 1.33823723317864E-01
 2.01701810111796E+03	 1.04342118431342E-02
 2.01702083901799E+03	-1.15474254050820E-01
 2.01702357691802E+03	-2.07486459135835E-01
 2.01702631481805E+03	-2.40898965971758E-01
 2.01702905271808E+03	-2.09425662821389E-01
 2.01703179061811E+03	-1.25791374862283E-01
 2.01703452851814E+03	-2.05000092467316E-02
 2.01703726641818E+03	 6.74947224955404E-02
 2.01704000431821E+03	 1.10177498952181E-01
 2.01704274221824E+03	 1.04982831634796E-01
 2.01704548011827E+03	 6.93542040695861E-02
 2.01704821801830E+03	 2.19715496678480E-02
 2.01705095591833E+03	-2.90181861718142E-02
 2.01705369381836E+03	-8.21692770725139E-02
 2.01705643171839E+03	-1.32976834934245E-01
 2.01705916961842E+03	-1.70317927237329E-01
 2.01706190751845E+03	-1.81160979062445E-01
 2.01706464541848E+03	-1.57721484821179E-01
 2.01706738331851E+03	-1.00719561959839E-01
 2.01707012121854E+03	-1.71239362679700E-02
 2.01707285911857E+03	 8.30837059865818E-02
 2.01707559701861E+03	 1.86069489995796E-01
 2.01707833491864E+03	 2.71807512908471E-01
 2.01708107281867E+03	 3.17818702125019E-01
 2.01708381071870E+03	 3.09332759201297E-01
 2.01708654861873E+03	 2.46649396072591E-01
 2.01708928651876E+03	 1.43655812360080E-01
 2.01709202441879E+03	 2.19113643301608E-02
 2.01709476231882E+03	-9.38008559670152E-02
 2.01709750021885E+03	-1.79074644301016E-01
 2.01710023811888E+03	-2.14735550239986E-01
 2.01710297601891E+03	-1.91646734271807E-01
 2.01710571391894E+03	-1.14720249390936E-01
 2.01710845181897E+03	-6.23668496819062E-03
 2.01711118971901E+03	 9.70135901915737E-02
 2.01711392761904E+03	 1.59288382788148E-01
 2.01711666551907E+03	 1.66324877259536E-01
 2.01711940341910E+03	 1.30730565375897E-01
 2.01712214131913E+03	 7.57997396218403E-02
 2.01712487921916E+03	 1.60869479372739E-02
 2.01712761711919E+03	-4.52925009239580E-02
 2.01713035501922E+03	-1.05477927904269E-01
 2.01713309291925E+03	-1.54012625455421E-01
 2.01713583081928E+03	-1.76330486631093E-01
 2.01713856871931E+03	-1.62532389145286E-01
 2.01714130661934E+03	-1.12847906639579E-01
 2.01714404451937E+03	-3.57256582234400E-02
 2.01714678241941E+03	 5.94884510602284E-02
 2.01714952031944E+03	 1.66508595460408E-01
 2.01715225821947E+03	 2.75121440011967E-01
 2.01715499611950E+03	 3.60768803450476E-01
 2.01715773401953E+03	 3.88844462301703E-01
 2.01716047191956E+03	 3.37113969031695E-01
 2.01716320981959E+03	 2.15178849298600E-01
 2.01716594771962E+03	 6.05000243017273E-02
 2.01716868561965E+03	-8.35528891112134E-02
 2.01717142351968E+03	-1.85896458605154E-01
 2.01717416141971E+03	-2.31145367623657E-01
 2.01717689931974E+03	-2.15030847195244E-01
 2.01717963721977E+03	-1.42505373753140E-01
 2.01718237511980E+03	-3.11378304791349E-02
 2.01718511301984E+03	 8.68319026599656E-02
 2.01718785091987E+03	 1.73144375442391E-01
 2.01719058881990E+03	 2.02783005009798E-01
 2.01719332671993E+03	 1.78150130775955E-01
 2.01719606461996E+03	 1.22184294600814E-01
 2.01719880251999E+03	 5.67019060646666E-02
 2.01720154042002E+03	-1.03531449190351E-02
 2.01720427832005E+03	-7.78052263444704E-02
 2.01720701622008E+03	-1.38281355740159E-01
 2.01720975412011E+03	-1.76435781605067E-01
 2.01721249202014E+03	-1.78078020824104E-01
 2.01721522992017E+03	-1.39370228218133E-01
 2.01721796782020E+03	-6.88336643728524E-02
 2.01722070572024E+03	 1.94829383069515E-02
 2.01722344362027E+03	 1.17132723136444E-01
 2.01722618152030E+03	 2.23681882094085E-01
 2.01722891942033E+03	 3.31988068674808E-01
 2.01723165732036E+03	 4.11722476490772E-01
 2.01723439522039E+03	 4.18308987294588E-01
 2.01723713312042E+03	 3.27569054853106E-01
 2.01723987102045E+03	 1.61231400773735E-01
 2.01724260892048E+03	-2.46184975277253E-02
 2.01724534682051E+03	-1.74516472473464E-01
 2.01724808472054E+03	-2.57491353146372E-01
 2.01725082262057E+03	-2.66617889918822E-01
 2.01725356052060E+03	-2.09027841851234E-01
 2.01725629842064E+03	-1.02372269650181E-01
 2.01725903632067E+03	 2.33173295931405E-02
 2.01726177422070E+03	 1.29621373838117E-01
 2.01726451212073E+03	 1.84794278534559E-01
 2.01726725002076E+03	 1.80553494824568E-01
 2.01726998792079E+03	 1.34056908849165E-01
 2.01727272582082E+03	 7.07697587711332E-02
 2.01727546372085E+03	 5.20086934250812E-03
 2.01727820162088E+03	-6.08802092398934E-02
 2.01728093952091E+03	-1.25071890239446E-01
 2.01728367742094E+03	-1.75171865546126E-01
 2.01728641532097E+03	-1.94220212124554E-01
 2.01728915322100E+03	-1.71863882897562E-01
 2.01729189112103E+03	-1.11342111940093E-01
 2.01729462902107E+03	-2.79394125863338E-02
 2.01729736692110E+03	 6.16040248615437E-02
 2.01730010482113E+03	 1.52113893468375E-01
 2.01730284272116E+03	 2.48970190186552E-01
 2.01730558062119E+03	 3.46655412588175E-01
 2.01730831852122E+03	 4.10586239206932E-01
 2.01731105642125E+03	 3.92892782712508E-01
 2.01731379432128E+03	 2.74285957490201E-01
 2.01731653222131E+03	 8.76846249700454E-02
 2.01731927012134E+03	-1.02098462258763E-01
 2.01732200802137E+03	-2.38679048674630E-01
 2.01732474592140E+03	-2.95784663640893E-01
 2.01732748382143E+03	-2.73030045962057E-01
 2.01733022172147E+03	-1.86072805747506E-01
 2.01733295962150E+03	-6.39429138766507E-02
 2.01733569752153E+03	 5.38222639741930E-02
 2.01733843542156E+03	 1.29865068603175E-01
 2.01734117332159E+03	 1.46689118455687E-01
 2.01734391122162E+03	 1.14046862829016E-01
 2.01734664912165E+03	 5.73968856103201E-02
 2.01734938702168E+03	-2.84490669687164E-03
 2.01735212492171E+03	-6.13390070650936E-02
 2.01735486282174E+03	-1.19326633083578E-01
 2.01735760072177E+03	-1.70964787955744E-01
 2.01736033862180E+03	-2.01149764550228E-01
 2.01736307652183E+03	-1.95050615415068E-01
 2.01736581442187E+03	-1.48189011715433E-01
 2.01736855232190E+03	-7.02016365014929E-02
 2.01737129022193E+03	 1.92919196172431E-02
 2.01737402812196E+03	 1.03216333125043E-01
 2.01737676602199E+03	 1.79688542411733E-01
 2.01737950392202E+03	 2.57262563276521E-01
 2.01738224182205E+03	 3.30771474084753E-01
 2.01738497972208E+03	 3.66328899157251E-01
 2.01738771762211E+03	 3.22354192726934E-01
 2.01739045552214E+03	 1.90108059931583E-01
 2.01739319342217E+03	 9.13846547840875E-03
 2.01739593132220E+03	-1.58298921102716E-01
 2.01739866922223E+03	-2.63842804138892E-01
 2.01740140712227E+03	-2.88083610796382E-01
 2.01740414502230E+03	-2.35697061078313E-01
 2.01740688292233E+03	-1.29768391932097E-01
 2.01740962082236E+03	-8.95492878746709E-03
 2.01741235872239E+03	 8.33487289025293E-02
 2.01741509662242E+03	 1.18947682186620E-01
 2.01741783452245E+03	 9.85642088621144E-02
 2.01742057242248E+03	 4.57933606016180E-02
 2.01742331032251E+03	-1.36550839592769E-02
 2.01742604822254E+03	-6.82255701726732E-02
 2.01742878612257E+03	-1.18865139829806E-01
 2.01743152402260E+03	-1.65431001911011E-01
 2.01743426192263E+03	-1.98221323377180E-01
 2.01743699982266E+03	-2.02516106092002E-01
 2.01743973772270E+03	-1.68730869569102E-01
 2.01744247562273E+03	-9.88283162745071E-02
 2.01744521352276E+03	-7.08704535800639E-03
 2.01744795142279E+03	 8.50942260053772E-02
 2.01745068932282E+03	 1.61204873636078E-01
 2.01745342722285E+03	 2.19950106132636E-01
 2.01745616512288E+03	 2.68855759974746E-01
 2.01745890302291E+03	 3.03378140353202E-01
 2.01746164092294E+03	 2.97973300945481E-01
 2.01746437882297E+03	 2.26852634668917E-01
 2.01746711672300E+03	 9.43771748067865E-02
 2.01746985462303E+03	-5.97263111800824E-02
 2.01747259252306E+03	-1.84749842068275E-01
 2.01747533042310E+03	-2.45311162560336E-01
 2.01747806832313E+03	-2.29835441401843E-01
 2.01748080622316E+03	-1.48626879970854E-01
 2.01748354412319E+03	-3.25751917407530E-02
 2.01748628202322E+03	 7.32960049526006E-02
 2.01748901992325E+03	 1.29282622943212E-01
 2.01749175782328E+03	 1.22606581100144E-01
 2.01749449572331E+03	 7.09575191007185E-02
 2.01749723362334E+03	 4.19372653607621E-03
 2.01749997152337E+03	-5.76289697162779E-02
 2.01750270942340E+03	-1.10475920934873E-01
 2.01750544732343E+03	-1.55958268664666E-01
 2.01750818522346E+03	-1.89486003138645E-01
 2.01751092312350E+03	-1.99427234173662E-01
 2.01751366102353E+03	-1.75202453329289E-01
 2.01751639892356E+03	-1.14445673124473E-01
 2.01751913682359E+03	-2.48301101150499E-02
 2.01752187472362E+03	 7.72712645764643E-02
 2.01752461262365E+03	 1.71026908751971E-01
 2.01752735052368E+03	 2.39778145011011E-01
 2.01753008842371E+03	 2.78425119888929E-01
 2.01753282632374E+03	 2.89799003093324E-01
 2.01753556422377E+03	 2.72597017746227E-01
 2.01753830212380E+03	 2.17729645144492E-01
 2.01754104002383E+03	 1.21353658147069E-01
 2.01754377792386E+03	-3.47609013788815E-04
 2.01754651582389E+03	-1.13578844810648E-01
 2.01754925372393E+03	-1.83959149107836E-01
 2.01755199162396E+03	-1.90784834482398E-01
 2.01755472952399E+03	-1.31873426970643E-01
 2.01755746742402E+03	-2.56391505246025E-02
 2.01756020532405E+03	 8.94894107557584E-02
 2.01756294322408E+03	 1.68136932297034E-01
 2.01756568112411E+03	 1.82389244871383E-01
 2.01756841902414E+03	 1.37384762168427E-01
 2.01757115692417E+03	 6.20375003573857E-02
 2.01757389482420E+03	-1.52971174768788E-02
 2.01757663272423E+03	-8.20146548898794E-02
 2.01757937062426E+03	-1.36880755671157E-01
 2.01758210852429E+03	-1.77411157873572E-01
 2.01758484642433E+03	-1.94732577151476E-01
 2.01758758432436E+03	-1.78974176834354E-01
 2.01759032222439E+03	-1.26765995520280E-01
 2.01759306012442E+03	-4.33464350608192E-02
 2.01759579802445E+03	 5.99426521907403E-02
 2.01759853592448E+03	 1.67824179170494E-01
 2.01760127382451E+03	 2.61861363308253E-01
 2.01760401172454E+03	 3.23345700904829E-01
 2.01760674962457E+03	 3.39245652272630E-01
 2.01760948752460E+03	 3.06561990307356E-01
 2.01761222542463E+03	 2.31597180901501E-01
 2.01761496332466E+03	 1.27215170995987E-01
 2.01761770122469E+03	 1.20753247985287E-02
 2.01762043912473E+03	-9.02112707175938E-02
 2.01762317702476E+03	-1.55800990213773E-01
 2.01762591492479E+03	-1.67405834100330E-01
 2.01762865282482E+03	-1.19272920158066E-01
 2.01763139072485E+03	-2.11534716554485E-02
 2.01763412862488E+03	 9.83956156046778E-02
 2.01763686652491E+03	 1.96991722233806E-01
 2.01763960442494E+03	 2.37613778137602E-01
 2.01764234232497E+03	 2.10453378380226E-01
 2.01764508022500E+03	 1.36180151939457E-01
 2.01764781812503E+03	 4.65734460198110E-02
 2.01765055602506E+03	-3.70656847146974E-02
 2.01765329392509E+03	-1.07845229038255E-01
 2.01765603182512E+03	-1.62541423288068E-01
 2.01765876972516E+03	-1.93200733012611E-01
 2.01766150762519E+03	-1.89695226512425E-01
 2.01766424552522E+03	-1.47535433821020E-01
 2.01766698342525E+03	-7.17619192713912E-02
 2.01766972132528E+03	 2.62007647875384E-02
 2.01767245922531E+03	 1.34448949916791E-01
 2.01767519712534E+03	 2.41966688474447E-01
 2.01767793502537E+03	 3.33482980408692E-01
 2.01768067292540E+03	 3.86024010856488E-01
 2.01768341082543E+03	 3.76816381129524E-01
 2.01768614872546E+03	 2.99158024963483E-01
 2.01768888662549E+03	 1.71037084448237E-01
 2.01769162452552E+03	 2.75451175189971E-02
 2.01769436242556E+03	-9.53354350780107E-02
 2.01769710032559E+03	-1.72148623609862E-01
 2.01769983822562E+03	-1.90089227340506E-01
 2.01770257612565E+03	-1.47142082639834E-01
 2.01770531402568E+03	-5.25476555568068E-02
 2.01770805192571E+03	 7.00120046236790E-02
 2.01771078982574E+03	 1.83236174060587E-01
 2.01771352772577E+03	 2.48516349004413E-01
 2.01771626562580E+03	 2.46044443034220E-01
 2.01771900352583E+03	 1.85721301034145E-01
 2.01772174142586E+03	 9.65665957184718E-02
 2.01772447932589E+03	 4.74439900972765E-03
 2.01772721722592E+03	-7.76638880144777E-02
 2.01772995512596E+03	-1.46059844758430E-01
 2.01773269302599E+03	-1.92760759405793E-01
 2.01773543092602E+03	-2.06276717483984E-01
 2.01773816882605E+03	-1.78949324900551E-01
 2.01774090672608E+03	-1.13435269272287E-01
 2.01774364462611E+03	-2.21891242892158E-02
 2.01774638252614E+03	 7.98939335989419E-02
 2.01774912042617E+03	 1.83569101906534E-01
 2.01775185832620E+03	 2.84037925815326E-01
 2.01775459622623E+03	 3.68626613818420E-01
 2.01775733412626E+03	 4.08915718133231E-01
 2.01776007202629E+03	 3.74231537959328E-01
 2.01776280992632E+03	 2.58621239240840E-01
 2.01776554782636E+03	 9.31170717444180E-02
 2.01776828572639E+03	-7.05947807856902E-02
 2.01777102362642E+03	-1.87938209646348E-01
 2.01777376152645E+03	-2.36095726313525E-01
 2.01777649942648E+03	-2.11770794773449E-01
 2.01777923732651E+03	-1.25584946610549E-01
 2.01778197522654E+03	-1.64789466572206E-03
 2.01778471312657E+03	 1.23081879927761E-01
 2.01778745102660E+03	 2.08551346829847E-01
 2.01779018892663E+03	 2.29504504373324E-01
 2.01779292682666E+03	 1.88376887975438E-01
 2.01779566472669E+03	 1.10163910147393E-01
 2.01779840262672E+03	 2.25647230034043E-02
 2.01780114052675E+03	-5.95140947154261E-02
 2.01780387842679E+03	-1.31766491029713E-01
 2.01780661632682E+03	-1.88578001002905E-01
 2.01780935422685E+03	-2.18186768848607E-01
 2.01781209212688E+03	-2.09038455822609E-01
 2.01781483002691E+03	-1.58412737672738E-01
 2.01781756792694E+03	-7.56835941629697E-02
 2.01782030582697E+03	 2.16206780664416E-02
 2.01782304372700E+03	 1.17987928875749E-01
 2.01782578162703E+03	 2.08853691346420E-01
 2.01782851952706E+03	 2.95517831264672E-01
 2.01783125742709E+03	 3.66649472876185E-01
 2.01783399532712E+03	 3.89774328419350E-01
 2.01783673322715E+03	 3.31849215508706E-01
 2.01783947112719E+03	 1.92394801239010E-01
 2.01784220902722E+03	 1.27806791092483E-02
 2.01784494692725E+03	-1.48409985641136E-01
 2.01784768482728E+03	-2.46895555737110E-01
 2.01785042272731E+03	-2.64638584121519E-01
 2.01785316062734E+03	-2.05350672294884E-01
 2.01785589852737E+03	-9.04479675049921E-02
 2.01785863642740E+03	 4.19655360340176E-02
 2.01786137432743E+03	 1.46008339555246E-01
 2.01786411222746E+03	 1.87860054407924E-01
 2.01786685012749E+03	 1.62995750155733E-01
 2.01786958802752E+03	 9.47221685403063E-02
 2.01787232592755E+03	 1.41035975267376E-02
 2.01787506382759E+03	-6.03814934596690E-02
 2.01787780172762E+03	-1.25565234086448E-01
 2.01788053962765E+03	-1.80821374247957E-01
 2.01788327752768E+03	-2.17750788015734E-01
 2.01788601542771E+03	-2.23145147676425E-01
 2.01788875332774E+03	-1.88765626740863E-01
 2.01789149122777E+03	-1.17612083533660E-01
 2.01789422912780E+03	-2.41405273237744E-02
 2.01789696702783E+03	 7.14863468016477E-02
 2.01789970492786E+03	 1.55030063050603E-01
 2.01790244282789E+03	 2.26546046981443E-01
 2.01790518072792E+03	 2.91447549573087E-01
 2.01790791862795E+03	 3.39310745373720E-01
 2.01791065652798E+03	 3.38429911287181E-01
 2.01791339442802E+03	 2.61145952143602E-01
 2.01791613232805E+03	 1.15368247038965E-01
 2.01791887022808E+03	-5.33433453250298E-02
 2.01792160812811E+03	-1.89831590216603E-01
 2.01792434602814E+03	-2.56541069673702E-01
 2.01792708392817E+03	-2.40760716178194E-01
 2.01792982182820E+03	-1.52067034310081E-01
 2.01793255972823E+03	-2.23274006763971E-02
 2.01793529762826E+03	 9.89187367677165E-02
 2.01793803552829E+03	 1.64489731314075E-01
 2.01794077342832E+03	 1.55579700286564E-01
 2.01794351132835E+03	 9.04304121003963E-02
 2.01794624922838E+03	 6.19484934000965E-03
 2.01794898712842E+03	-6.90111948311511E-02
 2.01795172502845E+03	-1.28344652903079E-01
 2.01795446292848E+03	-1.75855650673851E-01
 2.01795720082851E+03	-2.10227500434821E-01
 2.01795993872854E+03	-2.21068803701491E-01
 2.01796267662857E+03	-1.97621762863391E-01
 2.01796541452860E+03	-1.37419036399640E-01
 2.01796815242863E+03	-4.87946083957382E-02
 2.01797089032866E+03	 5.05920751958770E-02
 2.01797362822869E+03	 1.39834914443936E-01
 2.01797636612872E+03	 2.06383591981894E-01
 2.01797910402875E+03	 2.52765869633197E-01
 2.01798184192878E+03	 2.85862343381075E-01
 2.01798457982882E+03	 2.97868057402649E-01
 2.01798731772885E+03	 2.65327555365123E-01
 2.01799005562888E+03	 1.73310807653893E-01
 2.01799279352891E+03	 3.80374338058963E-02
 2.01799553142894E+03	-9.81301574777808E-02
 2.01799826932897E+03	-1.91269953138352E-01
 2.01800100722900E+03	-2.14043041370445E-01
 2.01800374512903E+03	-1.60054447157243E-01
 2.01800648302906E+03	-4.61937403882606E-02
 2.01800922092909E+03	 8.52323072364468E-02
 2.01801195882912E+03	 1.78717701555141E-01
 2.01801469672915E+03	 1.95185969845596E-01
 2.01801743462918E+03	 1.36306207400805E-01
 2.01802017252921E+03	 3.90123061980177E-02
 2.01802291042925E+03	-5.51500863306892E-02
 2.01802564832928E+03	-1.26076131502059E-01
 2.01802838622931E+03	-1.75090424036224E-01
 2.01803112412934E+03	-2.07032574641009E-01
 2.01803386202937E+03	-2.17945693080400E-01
 2.01803659992940E+03	-1.98693250908614E-01
 2.01803933782943E+03	-1.44705721066848E-01
 2.01804207572946E+03	-6.02741130803202E-02
 2.01804481362949E+03	 4.22095670873582E-02
 2.01804755152952E+03	 1.43892311201207E-01
 2.01805028942955E+03	 2.24479884086639E-01
 2.01805302732958E+03	 2.72064473405194E-01
 2.01805576522961E+03	 2.88208323400138E-01
 2.01805850312965E+03	 2.79405294249997E-01
 2.01806124102968E+03	 2.44345381064827E-01
 2.01806397892971E+03	 1.75371172674413E-01
 2.01806671682974E+03	 7.43839134944151E-02
 2.01806945472977E+03	-3.70364756069148E-02
 2.01807219262979E+03	-1.25808428925404E-01
 2.01807493052983E+03	-1.63158806498355E-01
 2.01807766842986E+03	-1.33776322108493E-01
 2.01808040632989E+03	-4.03017138880343E-02
 2.01808314422992E+03	 9.04352717856842E-02
 2.01808588212995E+03	 2.08220774992072E-01
 2.01808862002998E+03	 2.60636248729356E-01
 2.01809135793001E+03	 2.25478481862353E-01
 2.01809409583005E+03	 1.24826423889342E-01
 2.01809683373008E+03	 5.37634321896021E-03
 2.01809957163011E+03	-9.54667573638418E-02
 2.01810230953014E+03	-1.65731403183079E-01
 2.01810504743017E+03	-2.08650070651898E-01
 2.01810778533020E+03	-2.25441798868307E-01
 2.01811052323023E+03	-2.10955965437592E-01
 2.01811326113026E+03	-1.61256773292611E-01
 2.01811599903029E+03	-7.98461540045182E-02
 2.01811873693032E+03	 2.31597602017581E-02
 2.01812147483035E+03	 1.33573559682439E-01
 2.01812421273038E+03	 2.33696957584735E-01
 2.01812695063041E+03	 3.04696127983618E-01
 2.01812968853045E+03	 3.33183181937727E-01
 2.01813242643048E+03	 3.16388613597323E-01
 2.01813516433051E+03	 2.60306251110247E-01
 2.01813790223054E+03	 1.74573835162342E-01
 2.01814064013057E+03	 7.16050905810191E-02
 2.01814337803060E+03	-3.06848060674358E-02
 2.01814611593063E+03	-1.09816557222874E-01
 2.01814885383066E+03	-1.45025268730987E-01
 2.01815159173069E+03	-1.23230005370353E-01
 2.01815432963072E+03	-4.27228894234793E-02
 2.01815706753075E+03	 8.12925687254347E-02
 2.01815980543078E+03	 2.11695627930740E-01
 2.01816254333081E+03	 2.97768025175523E-01
 2.01816528123084E+03	 3.01370783113667E-01
 2.01816801913088E+03	 2.22060365563673E-01
 2.01817075703091E+03	 9.59438054210255E-02
 2.01817349493094E+03	-3.17563655894031E-02
 2.01817623283097E+03	-1.33268431920095E-01
 2.01817897073100E+03	-2.01642438885782E-01
 2.01818170863103E+03	-2.36935800978854E-01
 2.01818444653106E+03	-2.36267176952579E-01
 2.01818718443109E+03	-1.96591801654655E-01
 2.01818992233112E+03	-1.21414660519434E-01
 2.01819266023115E+03	-2.14508782790457E-02
 2.01819539813118E+03	 8.99515076759870E-02
 2.01819813603121E+03	 1.99747020764161E-01
 2.01820087393124E+03	 2.93728236335480E-01
 2.01820361183128E+03	 3.54662990221673E-01
 2.01820634973131E+03	 3.65393215337371E-01
 2.01820908763134E+03	 3.17152177202470E-01
 2.01821182553137E+03	 2.17118080942092E-01
 2.01821456343140E+03	 8.85283676546101E-02
 2.01821730133143E+03	-3.73660992072066E-02
 2.01822003923146E+03	-1.31834762906777E-01
 2.01822277713149E+03	-1.75420507282387E-01
 2.01822551503152E+03	-1.59351880741486E-01
 2.01822825293155E+03	-8.50822236270028E-02
 2.01823099083158E+03	 3.36956876966257E-02
 2.01823372873161E+03	 1.67386825983125E-01
 2.01823646663164E+03	 2.73282522490550E-01
 2.01823920453168E+03	 3.11682225083960E-01
 2.01824194243171E+03	 2.68097773795993E-01
 2.01824468033174E+03	 1.62130517867299E-01
 2.01824741823177E+03	 3.27859991454625E-02
 2.01825015613180E+03	-8.61522728981194E-02
 2.01825289403183E+03	-1.78002730995116E-01
 2.01825563193186E+03	-2.36937299277574E-01
 2.01825836983189E+03	-2.58142673615484E-01
 2.01826110773192E+03	-2.37170477745762E-01
 2.01826384563195E+03	-1.75695496311563E-01
 2.01826658353198E+03	-8.41022799291959E-02
 2.01826932143201E+03	 2.24449762751825E-02
 2.01827205933204E+03	 1.30361580673049E-01
 2.01827479723207E+03	 2.30338810515027E-01
 2.01827753513211E+03	 3.13129952886912E-01
 2.01828027303214E+03	 3.62617862166086E-01
 2.01828301093217E+03	 3.56923063235790E-01
 2.01828574883220E+03	 2.82591370417168E-01
 2.01828848673223E+03	 1.50604813861609E-01
 2.01829122463226E+03	-3.14966260824643E-03
 2.01829396253229E+03	-1.35032312043141E-01
 2.01829670043232E+03	-2.12486102275615E-01
 2.01829943833235E+03	-2.20835463590798E-01
 2.01830217623238E+03	-1.60913279123644E-01
 2.01830491413241E+03	-4.77447281001889E-02
 2.01830765203244E+03	 8.81453642570475E-02
 2.01831038993247E+03	 2.04785059420773E-01
 2.01831312783251E+03	 2.63362116948670E-01
 2.01831586573254E+03	 2.46697465167459E-01
 2.01831860363257E+03	 1.67171441620702E-01
 2.01832134153260E+03	 5.62066865424219E-02
 2.01832407943263E+03	-5.58501680441672E-02
 2.01832681733266E+03	-1.51591670917410E-01
 2.01832955523269E+03	-2.22945319670802E-01
 2.01833229313272E+03	-2.62463247356324E-01
 2.01833503103275E+03	-2.62140052358968E-01
 2.01833776893278E+03	-2.19331628687804E-01
 2.01834050683281E+03	-1.41014034934771E-01
 2.01834324473284E+03	-4.20779286984826E-02
 2.01834598263287E+03	 6.06312240284053E-02
 2.01834872053291E+03	 1.55282735939259E-01
 2.01835145843294E+03	 2.37539080783536E-01
 2.01835419633297E+03	 3.03214306298598E-01
 2.01835693423300E+03	 3.37001114635952E-01
 2.01835967213303E+03	 3.14148764516166E-01
 2.01836241003306E+03	 2.20839998226471E-01
 2.01836514793309E+03	 7.39295722457464E-02
 2.01836788583312E+03	-8.28020069196493E-02
 2.01837062373315E+03	-2.02309511664852E-01
 2.01837336163318E+03	-2.53984144134369E-01
 2.01837609953321E+03	-2.27571470946971E-01
 2.01837883743324E+03	-1.31478903474471E-01
 2.01838157533327E+03	 5.30412450409967E-03
 2.01838431323330E+03	 1.35620914017971E-01
 2.01838705113334E+03	 2.11495483546026E-01
 2.01838978903337E+03	 2.09085839836317E-01
 2.01839252693340E+03	 1.40277968488443E-01
 2.01839526483343E+03	 3.97982341844615E-02
 2.01839800273346E+03	-6.01067567665092E-02
 2.01840074063349E+03	-1.44510113118792E-01
 2.01840347853352E+03	-2.10517812525604E-01
 2.01840621643355E+03	-2.54038166790449E-01
 2.01840895433358E+03	-2.65783311923096E-01
 2.01841169223361E+03	-2.38398261886304E-01
 2.01841443013364E+03	-1.73597174295551E-01
 2.01841716803367E+03	-8.25945468498262E-02
 2.01841990593370E+03	 1.76145290994168E-02
 2.01842264383374E+03	 1.10019088922583E-01
 2.01842538173377E+03	 1.85059360780064E-01
 2.01842811963380E+03	 2.42994463736859E-01
 2.01843085753383E+03	 2.83817349864760E-01
 2.01843359543386E+03	 2.94054478363036E-01
 2.01843633333389E+03	 2.51012864088350E-01
 2.01843907123392E+03	 1.46202596840719E-01
 2.01844180913395E+03	 2.39831766244059E-03
 2.01844454703398E+03	-1.35816120921630E-01
 2.01844728493401E+03	-2.26123008574609E-01
 2.01845002283404E+03	-2.43031785660147E-01
 2.01845276073407E+03	-1.80135991456959E-01
 2.01845549863410E+03	-5.38202644891464E-02
 2.01845823653414E+03	 9.18625798877685E-02
 2.01846097443417E+03	 1.96674166331297E-01
 2.01846371233420E+03	 2.16322056372726E-01
 2.01846645023423E+03	 1.50517561218008E-01
 2.01846918813426E+03	 3.90557440777908E-02
 2.01847192603429E+03	-7.10085831259390E-02
 2.01847466393432E+03	-1.55178402731257E-01
 2.01847740183435E+03	-2.13228889146722E-01
 2.01848013973438E+03	-2.50102774299475E-01
 2.01848287763441E+03	-2.62121370374861E-01
 2.01848561553444E+03	-2.40937767847068E-01
 2.01848835343447E+03	-1.84140731763077E-01
 2.01849109133450E+03	-9.87568049526973E-02
 2.01849382923454E+03	 1.52053473480606E-03
 2.01849656713457E+03	 9.91731390375517E-02
 2.01849930503460E+03	 1.77492558709976E-01
 2.01850204293463E+03	 2.28709868959730E-01
 2.01850478083466E+03	 2.56185853488757E-01
 2.01850751873469E+03	 2.63188151079795E-01
 2.01851025663472E+03	 2.40950571723091E-01
 2.01851299453475E+03	 1.75294398545694E-01
 2.01851573243478E+03	 6.74075516383689E-02
 2.01851847033481E+03	-5.66171725797443E-02
 2.01852120823484E+03	-1.58446324642786E-01
 2.01852394613487E+03	-2.05619736369378E-01
 2.01852668403490E+03	-1.79247496791871E-01
 2.01852942193493E+03	-7.82307690141908E-02
 2.01853215983497E+03	 7.04208355593590E-02
 2.01853489773500E+03	 2.08549231584184E-01
 2.01853763563503E+03	 2.71188200356662E-01
 2.01854037353506E+03	 2.28454341587720E-01
 2.01854311143509E+03	 1.06472750224984E-01
 2.01854584933512E+03	-3.54926103872041E-02
 2.01854858723515E+03	-1.49308277834216E-01
 2.01855132513518E+03	-2.21183997511738E-01
 2.01855406303521E+03	-2.59179243000424E-01
 2.01855680093524E+03	-2.69263213708500E-01
 2.01855953883527E+03	-2.48146641540937E-01
 2.01856227673530E+03	-1.92931404789582E-01
 2.01856501463533E+03	-1.08856389504394E-01
 2.01856775253537E+03	-7.31244647797372E-03
 2.01857049043540E+03	 9.74763340395848E-02
 2.01857322833543E+03	 1.88533059964155E-01
 2.01857596623546E+03	 2.49663524001814E-01
 2.01857870413549E+03	 2.73947664500263E-01
 2.01858144203552E+03	 2.65953639022035E-01
 2.01858417993555E+03	 2.32125649770447E-01
 2.01858691783558E+03	 1.72390055320850E-01
 2.01858965573561E+03	 8.62692682858084E-02
 2.01859239363564E+03	-1.45756557904769E-02
 2.01859513153567E+03	-1.05168978656999E-01
 2.01859786943570E+03	-1.58230909249818E-01
 2.01860060733573E+03	-1.53174693000377E-01
 2.01860334523577E+03	-7.94916214728043E-02
 2.01860608313580E+03	 5.47235750943877E-02
 2.01860882103583E+03	 2.09950750459764E-01
 2.01861155893586E+03	 3.20205957916589E-01
 2.01861429683589E+03	 3.28450674073474E-01
 2.01861703473592E+03	 2.27443309093177E-01
 2.01861977263595E+03	 6.51438018756387E-02
 2.01862251053598E+03	-9.27565282824026E-02
 2.01862524843601E+03	-2.05802456593074E-01
 2.01862798633604E+03	-2.68611644271491E-01
 2.01863072423607E+03	-2.90020638636688E-01
 2.01863346213610E+03	-2.73951026635185E-01
 2.01863620003613E+03	-2.20565814348488E-01
 2.01863893793616E+03	-1.35754936484102E-01
 2.01864167583620E+03	-3.19511195642529E-02
 2.01864441373623E+03	 7.76370500943646E-02
 2.01864715163626E+03	 1.80115433347200E-01
 2.01864988953629E+03	 2.59967014818804E-01
 2.01865262743632E+03	 3.01669841059330E-01
 2.01865536533635E+03	 2.97907016500435E-01
 2.01865810323638E+03	 2.52891577354373E-01
 2.01866084113641E+03	 1.77187437437127E-01
 2.01866357903644E+03	 8.27422204637726E-02
 2.01866631693647E+03	-1.58098649475388E-02
 2.01866905483650E+03	-9.93599058197542E-02
 2.01867179273653E+03	-1.48226956404260E-01
 2.01867453063656E+03	-1.47572559592249E-01
 2.01867726853660E+03	-8.89844521817634E-02
 2.01868000643663E+03	 2.64404678287655E-02
 2.01868274433666E+03	 1.77322670909831E-01
 2.01868548223669E+03	 3.14412694135259E-01
 2.01868822013672E+03	 3.76308912378210E-01
 2.01869095803675E+03	 3.27136777062814E-01
 2.01869369593678E+03	 1.84040216847379E-01
 2.01869643383681E+03	 5.24145392662499E-03
 2.01869917173684E+03	-1.50820685987481E-01
 2.01870190963687E+03	-2.55576996743702E-01
 2.01870464753690E+03	-3.07161023655654E-01
 2.01870738543693E+03	-3.10568649022778E-01
 2.01871012333696E+03	-2.68789237928700E-01
 2.01871286123700E+03	-1.88555751266877E-01
 2.01871559913703E+03	-8.42430955614022E-02
 2.01871833703706E+03	 2.79243855523433E-02
 2.01872107493709E+03	 1.35825656681613E-01
 2.01872381283712E+03	 2.29161384194346E-01
 2.01872655073715E+03	 2.94468257247522E-01
 2.01872928863718E+03	 3.16697562466917E-01
 2.01873202653721E+03	 2.86905593626831E-01
 2.01873476443724E+03	 2.08496192927482E-01
 2.01873750233727E+03	 9.76625084837611E-02
 2.01874024023730E+03	-2.08563964422774E-02
 2.01874297813733E+03	-1.20423599257615E-01
 2.01874571603736E+03	-1.79394645236554E-01
 2.01874845393739E+03	-1.85120678148239E-01
 2.01875119183743E+03	-1.33674434384298E-01
 2.01875392973746E+03	-2.92758522717117E-02
 2.01875666763749E+03	 1.11285453767333E-01
 2.01875940553752E+03	 2.52410227197796E-01
 2.01876214343755E+03	 3.44278025063943E-01
 2.01876488133758E+03	 3.45292286602271E-01
 2.01876761923761E+03	 2.48928597314743E-01
 2.01877035713764E+03	 8.99771828854389E-02
 2.01877309503767E+03	-7.81290215654400E-02
 2.01877583293770E+03	-2.14035434941989E-01
 2.01877857083773E+03	-3.00337423894333E-01
 2.01878130873776E+03	-3.34168883654547E-01
 2.01878404663779E+03	-3.16320304933326E-01
 2.01878678453783E+03	-2.51839836406099E-01
 2.01878952243786E+03	-1.54425316487650E-01
 2.01879226033789E+03	-4.31272282221371E-02
 2.01879499823792E+03	 6.61809530245370E-02
 2.01879773613795E+03	 1.64168129233168E-01
 2.01880047403798E+03	 2.43420257426539E-01
 2.01880321193801E+03	 2.92632464406207E-01
 2.01880594983804E+03	 2.96865076883260E-01
 2.01880868773807E+03	 2.45312970283747E-01
 2.01881142563810E+03	 1.41752764791633E-01
 2.01881416353813E+03	 9.01010168071382E-03
 2.01881690143816E+03	-1.18185200265377E-01
 2.01881963933819E+03	-2.07371518217736E-01
 2.01882237723823E+03	-2.38354754007001E-01
 2.01882511513826E+03	-2.04221242883651E-01
 2.01882785303829E+03	-1.09726934580936E-01
 2.01883059093832E+03	 2.62828625116014E-02
 2.01883332883835E+03	 1.68267634459713E-01
 2.01883606673838E+03	 2.70860640610503E-01
 2.01883880463841E+03	 2.97175968190610E-01
 2.01884154253844E+03	 2.37593961392853E-01
 2.01884428043847E+03	 1.14193178816664E-01
 2.01884701833850E+03	-3.34245322076489E-02
 2.01884975623853E+03	-1.69122710342103E-01
 2.01885249413856E+03	-2.71255552748056E-01
 2.01885523203859E+03	-3.29416138147605E-01
 2.01885796993863E+03	-3.37937913015383E-01
 2.01886070783866E+03	-2.96494275559843E-01
 2.01886344573869E+03	-2.14521688289227E-01
 2.01886618363872E+03	-1.10086071324048E-01
 2.01886892153875E+03	-2.18866165557547E-03
 2.01887165943878E+03	 9.60591641004146E-02
 2.01887439733881E+03	 1.78054721479097E-01
 2.01887713523884E+03	 2.38963650515077E-01
 2.01887987313887E+03	 2.69740305366296E-01
 2.01888261103890E+03	 2.56041063805383E-01
 2.01888534893893E+03	 1.87020340338698E-01
 2.01888808683896E+03	 6.92743202578411E-02
 2.01889082473899E+03	-6.84980028243386E-02
 2.01889356263902E+03	-1.87434042543111E-01
 2.01889630053906E+03	-2.55750106426096E-01
 2.01889903843909E+03	-2.56110470296974E-01
 2.01890177633912E+03	-1.84844672008754E-01
 2.01890451423915E+03	-5.52979176113257E-02
 2.01890725213918E+03	 9.56524974328980E-02
 2.01890999003921E+03	 2.14086101768491E-01
 2.01891272793924E+03	 2.54609870854668E-01
 2.01891546583927E+03	 2.06480595464131E-01
 2.01891820373930E+03	 9.63086956273266E-02
 2.01892094163933E+03	-3.42241553078601E-02
 2.01892367953936E+03	-1.53536549812663E-01
 2.01892641743939E+03	-2.47400652436742E-01
 2.01892915533942E+03	-3.09381437228400E-01
 2.01893189323946E+03	-3.31788800588803E-01
 2.01893463113949E+03	-3.08337707604809E-01
 2.01893736903952E+03	-2.42252201038814E-01
 2.01894010693955E+03	-1.47767246436926E-01
 2.01894284483958E+03	-4.34978712594221E-02
 2.01894558273961E+03	 5.45784064501850E-02
 2.01894832063964E+03	 1.36042097989452E-01
 2.01895105853967E+03	 1.96054145825173E-01
 2.01895379643970E+03	 2.32313300341377E-01
 2.01895653433973E+03	 2.38887885388722E-01
 2.01895927223976E+03	 2.04268628434213E-01
 2.01896201013979E+03	 1.21357195844362E-01
 2.01896474803982E+03	 1.78670138432529E-03
 2.01896748593986E+03	-1.23072549002954E-01
 2.01897022383989E+03	-2.17192561610390E-01
 2.01897296173992E+03	-2.53896211636667E-01
 2.01897569963995E+03	-2.18227263028970E-01
 2.01897843753998E+03	-1.09200625028697E-01
 2.01898117544001E+03	 4.80214975134339E-02
 2.01898391334004E+03	 1.96124671016783E-01
 2.01898665124007E+03	 2.68712992110226E-01
 2.01898938914010E+03	 2.33052199690081E-01
 2.01899212704013E+03	 1.12506968568272E-01
 2.01899486494016E+03	-3.52135949017481E-02
 2.01899760284019E+03	-1.61544257120184E-01
 2.01900034074022E+03	-2.49877974064559E-01
 2.01900307864025E+03	-3.03639181464380E-01
 2.01900581654029E+03	-3.24052422700083E-01
 2.01900855444032E+03	-3.05243159877577E-01
 2.01901129234035E+03	-2.45707652237289E-01
 2.01901403024038E+03	-1.55939362715483E-01
 2.01901676814041E+03	-5.32215165393501E-02
 2.01901950604044E+03	 4.65045405959360E-02
 2.01902224394047E+03	 1.30727711590929E-01
 2.01902498184050E+03	 1.90270714076570E-01
 2.01902771974053E+03	 2.21363655670166E-01
 2.01903045764056E+03	 2.24797292700773E-01
