 1.94800000000000E+03,  2.94081626868514E-01,  5.70000000000000E-01,  1.44037224270287E+00,  1.00000000000000E-02,  3.49598699686940E+04,  4.58830678507378E+04
 1.94808333300000E+03,  3.49291720596115E-01,  6.22250000000000E-01,  1.46541822709708E+00,  1.90000000000000E-01,  9.93123328085574E+02,  7.82447479307765E+02
 1.94816666700000E+03,  3.91183793364306E-01,  6.81250000000000E-01,  1.49052025437418E+00,  3.70000000000000E-01,  8.76138108468287E+03,  1.17409608466241E+04
 1.94825000000000E+03,  3.99298481128250E-01,  5.06250000000000E-01,  1.51567693870367E+00,  5.50000000000000E-01,  2.45642598331970E+03,  3.29750295451153E+03
 1.94833333300000E+03,  3.59712935033024E-01,  2.57000000000000E-01,  1.54088687197793E+00,  7.30000000000000E-01,  2.60218836103769E+03,  4.11741906328317E+03
 1.94841666700000E+03,  2.85849531395862E-01,  6.27500000000000E-02,  1.56614862395199E+00,  9.10000000000000E-01,  2.07388643812253E+03,  3.12591729073484E+03
 1.94850000000000E+03,  2.18710811196687E-01, -5.25000000000000E-03,  1.59146074238640E+00,  1.09000000000000E+00,  1.70365538077669E+03,  2.82214044746279E+03
 1.94858333300000E+03,  1.24893344148656E-01, -8.00000000000001E-03,  1.61682175319321E+00,  1.27000000000000E+00,  1.33874058814398E+03,  2.10774838102947E+03
 1.94866666700000E+03,  2.70480540157404E-02, -2.47500000000000E-02,  7.01583730949347E+00,  1.45000000000000E+00,  7.36705466507779E+02,  1.51649072703464E+03
 1.94875000000000E+03,  5.15660504026681E-02,  1.32500000000000E-01,  6.99660662300640E+00,  1.63000000000000E+00,  6.65678622638074E+02,  9.55610052562703E+02
 1.94883333300000E+03,  1.31485997868519E-01,  4.96250000000000E-01,  6.97725558449083E+00,  1.81000000000000E+00,  7.60168654972335E+02,  9.57486504931961E+02
 1.94891666700000E+03,  1.71479998252232E-01,  6.89500000000000E-01,  6.95778290791689E+00,  1.99000000000000E+00,  8.60672617800780E+02,  1.14896970935532E+03
 1.94900000000000E+03,  1.93022726735353E-01,  5.25750000000000E-01,  6.93818732418364E+00,  2.17000000000000E+00,  7.52815538822442E+02,  1.03509105525111E+03
 1.94908333300000E+03,  1.99676920126365E-01,  3.79500000000000E-01,  6.91846758137622E+00,  2.35000000000000E+00,  8.06176720163718E+02,  1.17595822957103E+03
 1.94916666700000E+03,  1.97737946989790E-01,  4.24750000000000E-01,  6.89862244502086E+00,  2.53000000000000E+00,  6.77734016979634E+02,  1.05914340871506E+03
 1.94925000000000E+03,  1.81931411334125E-01,  4.45500000000000E-01,  6.87865069833757E+00,  2.71000000000000E+00,  6.38449480406153E+02,  1.04380241915852E+03
 1.94933333300000E+03,  1.33546006353544E-01,  2.89000000000000E-01,  6.85855114249045E+00,  2.89000000000000E+00,  4.48703675129930E+02,  6.90408640456437E+02
 1.94941666700000E+03,  5.91991646349636E-02,  3.27750000000000E-01,  6.83832259683574E+00,  3.07000000000000E+00,  5.08351231512960E+02,  8.80790198917223E+02
 1.94950000000000E+03, -5.29933602717198E-03,  7.02000000000000E-01,  6.81796389916746E+00,  3.25000000000000E+00,  4.80345949695424E+02,  7.66754302235268E+02
 1.94958333300000E+03,  6.06036380681816E-02,  9.77000000000000E-01,  6.79747390596058E+00,  3.43000000000000E+00,  3.71961795172515E+02,  5.73136172999554E+02
 1.94966666700000E+03,  2.59928538705186E-01,  1.00575000000000E+00,  9.71395734136353E+00,  3.61000000000000E+00,  2.92486684877092E+02,  5.39947859576094E+02
 1.94975000000000E+03,  3.86206037103004E-01,  8.50750000000000E-01,  9.71599710053114E+00,  3.79000000000000E+00,  2.92213488333325E+02,  5.46493936043086E+02
 1.94983333300000E+03,  3.92781613803861E-01,  5.24750000000000E-01,  9.71769883227973E+00,  3.97000000000000E+00,  2.05217956455435E+02,  3.51904229281267E+02
 1.94991666700000E+03,  3.54553946349084E-01,  2.95750000000000E-01,  9.71906367784699E+00,  4.15000000000000E+00,  1.05678119369160E+02,  1.84701737944864E+02
 1.95000000000000E+03,  3.02853151908548E-01,  1.90000000000000E-01,  9.72009280603916E+00,  4.33000000000000E+00,  8.77519008533714E+01,  1.16719096490715E+02
 1.95008333300000E+03,  2.75606244361979E-01,  1.12250000000000E-01,  9.72078741302850E+00,  4.51000000000000E+00,  2.60278421266625E+02,  2.45753637882870E+02
 1.95016666700000E+03,  2.85171742344928E-01,  2.25000000000000E-01,  9.72114872214772E+00,  4.69000000000000E+00,  2.84536062790728E+02,  2.92970716129682E+02
 1.95025000000000E+03,  3.11112187312226E-01,  2.80000000000000E-01,  9.72117798368165E+00,  4.87000000000000E+00,  2.81368203999308E+02,  2.77743032876131E+02
 1.95033333300000E+03,  3.23789516889917E-01,  2.06000000000000E-01,  9.72087647465601E+00,  5.05000000000000E+00,  3.08748899494712E+02,  3.45670842682609E+02
 1.95041666700000E+03,  3.14471687749781E-01,  2.31000000000000E-01,  9.72024549862334E+00,  5.23000000000000E+00,  3.45566452331261E+02,  3.96871304255033E+02
 1.95050000000000E+03,  3.01923042548391E-01,  2.69250000000000E-01,  9.71928638544612E+00,  5.41000000000000E+00,  1.70319291957143E+02,  2.51055966237810E+02
 1.95058333300000E+03,  2.75293724909586E-01,  2.01500000000000E-01,  9.71800049107717E+00,  5.59000000000000E+00,  1.43128978555200E+02,  2.38927810833536E+02
 1.95066666700000E+03,  2.17758092369216E-01,  1.03250000000000E-01,  9.12211689447475E+00,  5.77000000000000E+00,  1.14807035727112E+02,  2.36886982035642E+02
 1.95075000000000E+03,  1.51949242346692E-01,  1.30750000000000E-01,  9.10450477975944E+00,  5.95000000000000E+00,  1.55561027597723E+02,  1.87967526668072E+02
 1.95083333300000E+03,  6.49041428149326E-02,  1.75250000000000E-01,  9.08668816871893E+00,  6.13000000000000E+00,  1.34326829045261E+02,  1.16284078208116E+02
 1.95091666700000E+03, -5.46437281816208E-02,  5.25000000000000E-02,  9.06866951404541E+00,  6.31000000000000E+00,  1.62788919581400E+02,  1.92539128914356E+02
 1.95100000000000E+03, -1.63739106776290E-01, -1.77500000000000E-01,  9.05045127649035E+00,  6.49000000000000E+00,  1.67914299597735E+02,  1.50671964436230E+02
 1.95108333300000E+03, -2.15371212381966E-01, -3.55500000000000E-01,  9.03203592453908E+00,  6.67000000000000E+00,  1.91024137509835E+02,  1.44830959636774E+02
 1.95116666700000E+03, -1.92074899291959E-01, -2.68000000000000E-01,  9.01342593408481E+00,  6.85000000000000E+00,  1.22319320149049E+02,  1.37159463730168E+02
 1.95125000000000E+03, -1.14156524654413E-01, -6.97500000000000E-02,  8.99462378810249E+00,  7.03000000000000E+00,  1.21219168199101E+02,  2.03570444929311E+02
 1.95133333300000E+03, -1.64673319185875E-02,  9.97500000000000E-02,  8.97563197632218E+00,  7.21000000000000E+00,  1.39646318888742E+02,  1.68494721593454E+02
 1.95141666700000E+03,  8.20839133577852E-02,  3.58250000000000E-01,  8.95645299490224E+00,  7.39000000000000E+00,  1.53602952745849E+02,  2.20716182911097E+02
 1.95150000000000E+03,  1.86270121988466E-01,  4.09500000000000E-01,  8.93708934610226E+00,  7.57000000000000E+00,  1.76347987664580E+02,  2.94027241575409E+02
 1.95158333300000E+03,  3.06266226538175E-01,  1.96750000000000E-01,  8.91754353795581E+00,  7.75000000000000E+00,  1.69554554307120E+02,  2.98059665384142E+02
 1.95166666700000E+03,  3.87440046795999E-01,  1.19250000000000E-01,  1.10817495880848E+00,  7.93000000000000E+00,  1.72812158302276E+02,  2.21523603315977E+02
 1.95175000000000E+03,  3.52018787680188E-01,  1.54250000000000E-01,  1.08237579924440E+00,  8.11000000000000E+00,  1.12876756620784E+02,  1.76898013177264E+02
 1.95183333300000E+03,  2.24718604674023E-01,  1.82250000000000E-01,  1.05642244827831E+00,  8.29000000000000E+00,  1.17814838978683E+02,  1.79925485621078E+02
 1.95191666700000E+03,  7.62082881148159E-02,  1.51750000000000E-01,  1.03031470222208E+00,  8.47000000000000E+00,  7.53369897612443E+01,  1.15323819837303E+02
 1.95200000000000E+03, -3.35511119117404E-02, -9.47500000000000E-02,  1.00405238204139E+00,  8.65000000000000E+00,  7.79774830051387E+01,  1.02793253675449E+02
 1.95208333300000E+03, -5.07565179022678E-02, -2.28750000000000E-01,  9.77635333460992E-01,  8.82999999999999E+00,  4.44788194711678E+01,  1.08183838924833E+02
 1.95216666700000E+03,  3.54510205510877E-02, -8.67500000000000E-02,  9.51063427066854E-01,  9.00999999999999E+00,  7.43468985842063E+01,  1.33493671931123E+02
 1.95225000000000E+03,  1.85424479062680E-01,  8.75000000000000E-03,  9.24336558405037E-01,  9.18999999999999E+00,  8.88190817840577E+01,  7.48405584255417E+01
 1.95233333300000E+03,  3.36908183390625E-01,  2.41500000000000E-01,  8.97454648077356E-01,  9.36999999999999E+00,  1.06516960672343E+02,  7.84801745418951E+01
 1.95241666700000E+03,  4.43206880453242E-01,  6.19000000000000E-01,  8.70417641833787E-01,  9.54999999999999E+00,  1.21252306529317E+02,  1.02929093619651E+02
 1.95250000000000E+03,  4.89637249826831E-01,  5.96000000000000E-01,  8.43225510661614E-01,  9.72999999999999E+00,  1.35125228684038E+02,  1.06138144109203E+02
 1.95258333300000E+03,  3.76575197978651E-01,  2.60500000000000E-01,  8.15878250871302E-01,  9.90999999999999E+00,  1.62667990834695E+02,  1.64133706455891E+02
 1.95266666700000E+03,  1.41213073313946E-01,  6.35000000000000E-02,  3.89373254363283E+00,  1.00900000000000E+01,  1.53017579160374E+02,  1.94916815241620E+02
 1.95275000000000E+03,  5.23239791746566E-02,  1.00000000000000E-01,  3.85791327454514E+00,  1.02700000000000E+01,  1.45176928435252E+02,  1.80611148397416E+02
 1.95283333300000E+03,  1.18083716658390E-01,  2.49750000000000E-01,  3.82197828674308E+00,  1.04500000000000E+01,  1.24793418351496E+02,  1.54503451439173E+02
 1.95291666700000E+03,  1.91574999715982E-01,  3.51250000000000E-01,  3.78592915328438E+00,  1.06300000000000E+01,  1.29415058617142E+02,  1.84293519841177E+02
 1.95300000000000E+03,  2.36182188355628E-01,  2.82000000000000E-01,  3.74976747316650E+00,  1.08100000000000E+01,  9.64685027076492E+01,  1.01262791290016E+02
 1.95308333300000E+03,  2.35358312837499E-01,  1.04500000000000E-01,  3.71349487119788E+00,  1.09900000000000E+01,  7.52842524977774E+01,  7.59259914195263E+01
 1.95316666700000E+03,  1.88457854411312E-01,  5.77500000000000E-02,  3.67711299786579E+00,  1.11700000000000E+01,  6.16318580359037E+01,  6.63774391232452E+01
 1.95325000000000E+03,  1.10664249553537E-01,  2.37000000000000E-01,  3.64062352920048E+00,  1.13500000000000E+01,  9.01704861187584E+01,  1.08485250541509E+02
 1.95333333300000E+03,  3.87367307704882E-02,  3.77500000000000E-01,  3.60402816663582E+00,  1.15300000000000E+01,  1.04267019407565E+02,  1.11567960297757E+02
 1.95341666700000E+03,  2.65960340415350E-02,  3.23500000000000E-01,  3.56732863686636E+00,  1.17100000000000E+01,  7.50604889422291E+01,  1.13945738574488E+02
 1.95350000000000E+03,  1.17856932192589E-01,  3.21000000000000E-01,  3.53052669170092E+00,  1.18900000000000E+01,  7.92599975140509E+01,  1.13785919708505E+02
 1.95358333300000E+03,  2.03601959493861E-01,  4.49500000000000E-01,  3.49362410791262E+00,  1.20700000000000E+01,  9.83663976245380E+01,  1.26940581118089E+02
 1.95366666700000E+03,  2.22177926852398E-01,  4.73500000000000E-01, -6.43094357973734E-01,  1.22500000000000E+01,  8.48453097855975E+01,  9.67385922900272E+01
 1.95375000000000E+03,  3.27071916217664E-01,  4.28250000000000E-01, -6.77399595135836E-01,  1.24300000000000E+01,  5.34340586656902E+01,  5.13532550990176E+01
 1.95383333300000E+03,  4.95228251316199E-01,  5.13000000000000E-01, -7.11828073798217E-01,  1.26100000000000E+01,  7.70974432952138E+01,  7.26817026007185E+01
 1.95391666700000E+03,  5.81950837783842E-01,  4.72000000000000E-01, -7.46378493463845E-01,  1.27900000000000E+01,  7.17596188285939E+01,  6.82673534562038E+01
 1.95400000000000E+03,  5.56704162221234E-01,  1.12500000000000E-01, -7.81049528456818E-01,  1.29700000000000E+01,  6.94866349560836E+01,  8.68168766542219E+01
 1.95408333300000E+03,  4.38404910739338E-01, -3.02000000000000E-01, -8.15839828014567E-01,  1.31500000000000E+01,  5.99214639016560E+01,  8.77492563192350E+01
 1.95416666700000E+03,  2.73678976139131E-01, -5.28000000000000E-01, -8.50748016383419E-01,  1.33300000000000E+01,  1.09033739830501E+02,  1.37581780192958E+02
 1.95425000000000E+03,  1.15857362269415E-01, -4.68000000000000E-01, -8.85772692917494E-01,  1.35100000000000E+01,  1.13808057844982E+02,  1.61814937856348E+02
 1.95433333300000E+03,  1.59550924208489E-02, -2.48250000000000E-01, -9.20912432180939E-01,  1.36900000000000E+01,  1.20433596847322E+02,  1.78875665882218E+02
 1.95441666700000E+03,  1.57531432491181E-02, -3.10250000000000E-01, -9.56165784053494E-01,  1.38700000000000E+01,  1.06784733297390E+02,  1.49842055266496E+02
 1.95450000000000E+03,  1.30144946586199E-01, -6.33250000000000E-01, -9.91531273839349E-01,  1.40500000000000E+01,  1.37515656412306E+02,  1.74282528629900E+02
 1.95458333300000E+03,  2.04445076582948E-01, -8.03000000000000E-01, -1.02700740237932E+00,  1.42300000000000E+01,  1.02370199478186E+02,  1.28820128821539E+02
 1.95466666700000E+03,  1.90094862184757E-01, -6.57000000000000E-01, -4.22477753587744E+00,  1.44100000000000E+01,  7.45011326703497E+01,  8.33724913107893E+01
 1.95475000000000E+03,  2.70086003311897E-01, -2.00500000000000E-01, -4.26872421789803E+00,  1.45900000000000E+01,  6.88427109314987E+01,  6.80062722823883E+01
 1.95483333300000E+03,  3.43359026780768E-01,  1.48250000000000E-01, -4.31245797826564E+00,  1.47700000000000E+01,  6.83563737595870E+01,  6.57592205065286E+01
 1.95491666700000E+03,  2.47538823821144E-01,  2.54500000000000E-01, -4.35597570141690E+00,  1.49500000000000E+01,  6.47620641374990E+01,  5.61749885209324E+01
 1.95500000000000E+03,  7.68394589457155E-02,  3.81750000000000E-01, -4.39927429025695E+00,  1.51300000000000E+01,  4.93930859531876E+01,  6.65836329388010E+01
 1.95508333300000E+03, -1.61990659479570E-02,  3.70250000000000E-01, -4.44235066645165E+00,  1.53100000000000E+01,  1.09572157067177E+02,  1.52898684552387E+02
 1.95516666700000E+03,  6.65682993145374E-02,  3.65250000000000E-01, -4.48520177071761E+00,  1.54900000000000E+01,  1.05731572605415E+02,  1.44210275509630E+02
 1.95525000000000E+03,  3.03704424426003E-01,  7.11500000000000E-01, -4.52782456311020E+00,  1.56700000000000E+01,  1.21741376528894E+02,  1.72091514516888E+02
 1.95533333300000E+03,  5.78930643299944E-01,  1.08125000000000E+00, -4.57021602330945E+00,  1.58500000000000E+01,  9.43818203545835E+01,  1.66106937221473E+02
 1.95541666700000E+03,  7.67138900201831E-01,  1.09450000000000E+00, -4.61237315090374E+00,  1.60300000000000E+01,  1.58636626197610E+02,  2.50192804894260E+02
 1.95550000000000E+03,  8.12506141114090E-01,  9.51750000000000E-01, -4.65429296567137E+00,  1.62100000000000E+01,  9.92876417352725E+01,  1.72943668440627E+02
 1.95558333300000E+03,  7.19958887515430E-01,  8.69250000000000E-01, -4.69597250785986E+00,  1.63900000000000E+01,  1.03334901664964E+02,  1.78551554187259E+02
 1.95566666700000E+03,  5.93504595478552E-01,  7.42500000000000E-01,  4.68461859997614E+00,  1.65700000000000E+01,  1.04359800630887E+02,  2.11273485746076E+02
 1.95575000000000E+03,  5.40320680492517E-01,  6.69750000000000E-01,  4.67202648512223E+00,  1.67500000000000E+01,  1.38999675486329E+02,  2.24597602418103E+02
 1.95583333300000E+03,  4.84263149861731E-01,  8.00750000000000E-01,  4.65908093454310E+00,  1.69300000000000E+01,  1.19680604946442E+02,  2.46368517903833E+02
 1.95591666700000E+03,  3.50800760948384E-01,  8.75750000000000E-01,  4.64578182053127E+00,  1.71100000000000E+01,  1.35705131425794E+02,  2.81698048403036E+02
 1.95600000000000E+03,  1.87749525157665E-01,  6.45000000000000E-01,  4.63212904698276E+00,  1.72900000000000E+01,  1.61219878781043E+02,  3.50429211918408E+02
 1.95608333300000E+03,  5.83003159880304E-02,  2.48000000000000E-01,  4.61812254947405E+00,  1.74700000000000E+01,  1.49459588865481E+02,  2.85100528384947E+02
 1.95616666700000E+03, -6.16043415498625E-03, -6.50000000000000E-03,  4.60376229533543E+00,  1.76500000000000E+01,  1.37882240146022E+02,  2.76672370638335E+02
 1.95625000000000E+03, -2.35456327012043E-02,  2.90000000000000E-02,  4.58904828372088E+00,  1.78300000000000E+01,  9.47467305017631E+01,  1.69085439470913E+02
 1.95633333300000E+03, -3.65558292366986E-02,  2.55000000000000E-02,  4.57398054567441E+00,  1.80100000000000E+01,  1.35208711931817E+02,  2.54370691592216E+02
 1.95641666700000E+03, -7.16942224119102E-02, -8.50000000000000E-02,  4.55855914419285E+00,  1.81900000000000E+01,  1.18540537469187E+02,  1.97894906894853E+02
 1.95650000000000E+03, -1.19422902203026E-01, -5.45000000000000E-02,  4.54278417428502E+00,  1.83700000000000E+01,  1.66440208995540E+02,  2.39681506677592E+02
 1.95658333300000E+03, -1.02007136761596E-01, -7.07500000000000E-02,  4.52665576302745E+00,  1.85500000000000E+01,  1.42217753852124E+02,  2.31248993555259E+02
 1.95666666700000E+03,  9.75641564756945E-04, -5.47500000000000E-02,  2.91063285543348E+00,  1.87300000000000E+01,  1.72303870048504E+02,  2.59854956960244E+02
 1.95675000000000E+03,  7.92401219315678E-02,  1.70000000000000E-02,  2.89532783293263E+00,  1.89100000000000E+01,  1.32198174775215E+02,  1.40922976290140E+02
 1.95683333300000E+03,  9.50006407031762E-02, -6.15000000000000E-02,  2.87996889464919E+00,  1.90900000000000E+01,  1.17903140032911E+02,  1.23339923031871E+02
 1.95691666700000E+03,  8.52214169589332E-02, -1.72250000000000E-01,  2.86455438301478E+00,  1.92700000000000E+01,  7.43359437609336E+01,  1.00308710111510E+02
 1.95700000000000E+03,  7.77154639138615E-02, -2.37000000000000E-01,  2.84908264492633E+00,  1.94500000000000E+01,  9.43470761160376E+01,  1.24050209789572E+02
 1.95708333300000E+03,  1.05232733488134E-01, -1.36000000000000E-01,  2.83355203203868E+00,  1.96300000000000E+01,  7.83692125996930E+01,  9.78647797614377E+01
 1.95716666700000E+03,  1.73708325878997E-01,  1.55000000000000E-02,  2.81796090105667E+00,  1.98100000000000E+01,  7.26183179371988E+01,  1.01645527303747E+02
 1.95725000000000E+03,  2.55623861499239E-01, -1.16250000000000E-01,  2.80230761402664E+00,  1.99900000000000E+01,  8.83658683073689E+01,  1.56074404438257E+02
 1.95733333300000E+03,  3.14320664183006E-01, -2.89250000000000E-01,  2.78659053862727E+00,  2.01700000000000E+01,  9.47252894467737E+01,  1.44659779636063E+02
 1.95741666700000E+03,  3.34883779863403E-01, -1.18500000000000E-01,  2.77080804845978E+00,  2.03500000000000E+01,  8.46098517761805E+01,  1.01137891114637E+02
 1.95750000000000E+03,  3.31482586668977E-01,  2.17750000000000E-01,  2.75495852333745E+00,  2.05300000000000E+01,  1.08347860957252E+02,  1.34347580861780E+02
 1.95758333300000E+03,  3.62261663188780E-01,  3.68500000000000E-01,  2.73904034957432E+00,  2.07100000000000E+01,  2.17759221410733E+02,  3.26780567205749E+02
 1.95766666700000E+03,  3.80756514727876E-01,  2.93750000000000E-01, -4.00733847622903E+00,  2.08900000000000E+01,  2.07220660431391E+02,  2.84165536468046E+02
 1.95775000000000E+03,  2.37067091915725E-01,  1.65750000000000E-01, -4.05227904998287E+00,  2.10700000000000E+01,  2.17047293935228E+02,  3.29511846030716E+02
 1.95783333300000E+03, -1.63596851401942E-02,  4.52500000000000E-02, -4.09702216326553E+00,  2.12500000000000E+01,  2.02763133348135E+02,  3.41418635261734E+02
 1.95791666700000E+03, -2.00423390562582E-01, -1.41750000000000E-01, -4.14156461463354E+00,  2.14300000000000E+01,  1.91719749523769E+02,  3.19195469682138E+02
 1.95800000000000E+03, -2.22024661145432E-01, -2.31000000000000E-01, -4.18590321965772E+00,  2.16100000000000E+01,  7.34154924557824E+01,  1.21049906059201E+02
 1.95808333300000E+03, -9.26252428170800E-02, -1.90000000000000E-02, -4.23003481122490E+00,  2.17900000000000E+01,  6.80834861299081E+01,  1.10493398133168E+02
 1.95816666700000E+03,  8.02910739553928E-02,  2.87750000000000E-01, -4.27395623983768E+00,  2.19700000000000E+01,  5.21664001373332E+01,  5.71660279387414E+01
 1.95825000000000E+03,  1.72343264647422E-01,  3.76000000000000E-01, -4.31766437391237E+00,  2.21500000000000E+01,  1.35864578008344E+02,  8.09671902242316E+01
 1.95833333300000E+03,  1.36308518594665E-01,  1.03000000000000E-01, -4.36115610007487E+00,  2.23300000000000E+01,  1.43667156414819E+02,  1.15289689282624E+02
 1.95841666700000E+03,  3.95408727285047E-02, -2.87500000000000E-01, -4.40442832345460E+00,  2.25100000000000E+01,  1.67781077635757E+02,  1.31620864145334E+02
 1.95850000000000E+03,  1.29157582851321E-02, -3.68000000000000E-01, -4.44747796797640E+00,  2.26900000000000E+01,  1.84133552312220E+02,  1.69039380850106E+02
 1.95858333300000E+03,  1.05531363807989E-01, -2.37500000000000E-02, -4.49030197665039E+00,  2.28700000000000E+01,  2.07654575377119E+02,  2.23582760984817E+02
 1.95866666700000E+03,  1.44763953569668E-01,  3.00750000000000E-01, -3.40827054444565E+00,  2.30500000000000E+01,  1.29823602983904E+02,  1.89811119644235E+02
 1.95875000000000E+03,  4.54100762572483E-03,  2.31750000000000E-01, -3.45547428331079E+00,  2.32300000000000E+01,  9.36642067975318E+01,  1.61811765029093E+02
 1.95883333300000E+03, -1.35249519630984E-01,  1.03250000000000E-01, -3.50252347011590E+00,  2.34100000000000E+01,  9.93053773784412E+01,  1.68046325623577E+02
 1.95891666700000E+03, -1.07007365812515E-01,  1.02250000000000E-01, -3.54941471093057E+00,  2.35900000000000E+01,  1.11599492257113E+02,  1.73000559207927E+02
 1.95900000000000E+03,  5.58973287634599E-02,  1.28250000000000E-01, -3.59614462477096E+00,  2.37700000000000E+01,  9.60878783317175E+01,  1.41856088097008E+02
 1.95908333300000E+03,  2.32879764779521E-01,  9.60000000000000E-02, -3.64270984392301E+00,  2.39500000000000E+01,  1.16949637205287E+02,  1.83087342865606E+02
 1.95916666700000E+03,  3.04857755271037E-01, -4.27500000000000E-02, -3.68910701426407E+00,  2.41300000000000E+01,  1.66303031712708E+02,  2.27246597929548E+02
 1.95925000000000E+03,  2.41223889200262E-01, -1.56750000000000E-01, -3.73533279558317E+00,  2.43100000000000E+01,  2.02541331078149E+02,  3.27808322836167E+02
 1.95933333300000E+03,  1.21568703852591E-01, -1.79000000000000E-01, -3.78138386189972E+00,  2.44900000000000E+01,  1.95314296834728E+02,  3.32738150621249E+02
 1.95941666700000E+03,  7.41876699793955E-02, -1.30750000000000E-01, -3.82725690178066E+00,  2.46700000000000E+01,  1.87478571129677E+02,  3.16825873144347E+02
 1.95950000000000E+03,  1.74373088196642E-01, -6.90000000000000E-02, -3.87294861865605E+00,  2.48500000000000E+01,  1.72001914849486E+02,  3.10075614030977E+02
 1.95958333300000E+03,  2.45296833200854E-01,  2.72500000000000E-02, -3.91845573113299E+00,  2.50300000000000E+01,  1.85702232563584E+02,  3.64962282267124E+02
 1.95966666700000E+03,  1.39977482750997E-01,  1.74500000000000E-01, -7.02066256826163E+00,  2.52100000000000E+01,  1.74525504962863E+02,  2.99754816863599E+02
 1.95975000000000E+03,  4.16830044428677E-02,  9.22500000000000E-02, -7.03516184431072E+00,  2.53900000000000E+01,  1.55252010416976E+02,  2.73004954468836E+02
 1.95983333300000E+03,  1.97352675676912E-02, -2.52000000000000E-01, -7.04931514100800E+00,  2.55700000000000E+01,  1.44745174086766E+02,  2.68853638555333E+02
 1.95991666700000E+03,  8.82966993625162E-03, -4.27000000000000E-01, -7.06312074522626E+00,  2.57500000000000E+01,  1.87725938348899E+02,  3.06660317223726E+02
 1.96000000000000E+03,  2.43452569915039E-02, -3.11250000000000E-01, -7.07657696963692E+00,  2.59300000000000E+01,  1.35627313576937E+02,  1.89729663522127E+02
 1.96008333300000E+03,  7.35854494759167E-02, -8.97500000000000E-02, -7.08968215292798E+00,  2.61100000000000E+01,  8.45787394335874E+01,  1.43669631027333E+02
 1.96016666700000E+03,  1.44552678278610E-01,  1.22250000000000E-01, -7.10243466001930E+00,  2.62900000000000E+01,  8.10413682604114E+01,  1.53016169760086E+02
 1.96025000000000E+03,  2.13349119081908E-01,  2.85500000000000E-01, -7.11483288227513E+00,  2.64700000000000E+01,  9.79008488464046E+01,  1.74906972752426E+02
 1.96033333300000E+03,  2.65490078517238E-01,  3.91750000000000E-01, -7.12687523771397E+00,  2.66500000000000E+01,  4.53608871414271E+01,  1.24760138884036E+02
 1.96041666700000E+03,  3.09521382738382E-01,  3.27750000000000E-01, -7.13856017121567E+00,  2.68300000000000E+01,  4.23503392930014E+01,  1.47768617322327E+02
 1.96050000000000E+03,  3.66236398381594E-01,  2.14000000000000E-01, -7.14988615472571E+00,  2.70100000000000E+01,  1.50099846609468E+02,  2.01349998464986E+02
 1.96058333300000E+03,  3.83979097839095E-01,  2.28000000000000E-01, -7.16085168745669E+00,  2.71900000000000E+01,  1.96759504251699E+02,  2.46753257054438E+02
 1.96066666700000E+03,  3.06303227590126E-01,  1.88000000000000E-01, -4.95549939221172E-01,  2.73700000000000E+01,  1.98023481529208E+02,  2.25049070110534E+02
 1.96075000000000E+03,  1.84892829181665E-01,  1.47000000000000E-01, -5.29305404516291E-01,  2.75500000000000E+01,  2.20102665870870E+02,  2.06291522793752E+02
 1.96083333300000E+03,  5.77615539108271E-02,  1.34500000000000E-01, -5.63189465735556E-01,  2.77300000000000E+01,  3.73801014528643E+02,  3.17025955882234E+02
 1.96091666700000E+03, -4.69197737087948E-02, -4.95000000000000E-02, -5.97200932734115E-01,  2.79100000000000E+01,  3.40472785535191E+02,  3.21943959180816E+02
 1.96100000000000E+03, -6.24084568823948E-02, -6.20000000000000E-02, -6.31338589826903E-01,  2.80900000000000E+01,  2.93677705600213E+02,  2.82004001769285E+02
 1.96108333300000E+03,  4.27207064386858E-02,  3.29000000000000E-01, -6.65601195866154E-01,  2.82700000000000E+01,  2.87304569579691E+02,  3.04037430896945E+02
 1.96116666700000E+03,  2.33509171517772E-01,  7.53750000000000E-01, -6.99987484322337E-01,  2.84500000000000E+01,  3.53178349194644E+02,  4.20329252360261E+02
 1.96125000000000E+03,  4.20311357810001E-01,  1.08250000000000E+00, -7.34496163368469E-01,  2.86300000000000E+01,  1.96851330202517E+02,  2.89951976615883E+02
 1.96133333300000E+03,  5.11489381768350E-01,  1.21375000000000E+00, -7.69125915967796E-01,  2.88100000000000E+01,  2.44504961350615E+02,  4.17475395068386E+02
 1.96141666700000E+03,  4.70290032431792E-01,  9.82500000000000E-01, -8.03875399964844E-01,  2.89900000000000E+01,  2.90785636423997E+02,  4.85536705874493E+02
 1.96150000000000E+03,  3.33894687102797E-01,  6.36500000000000E-01, -8.38743248179830E-01,  2.91700000000000E+01,  2.96793901707417E+02,  5.30440204119049E+02
 1.96158333300000E+03,  2.36438046386532E-01,  4.28250000000000E-01, -8.73728068506414E-01,  2.93500000000000E+01,  2.20685186172677E+02,  4.09171185685981E+02
 1.96166666700000E+03,  2.86032682388788E-01,  3.55000000000000E-01, -5.82671620687909E+00,  2.95300000000000E+01,  2.43281724004552E+02,  4.08898550602672E+02
 1.96175000000000E+03,  3.98517588223266E-01,  2.17500000000000E-01, -5.85639245430159E+00,  2.97100000000000E+01,  1.33517117380060E+02,  2.34791061671238E+02
 1.96183333300000E+03,  4.44887893717157E-01,  2.31500000000000E-01, -5.88584238424204E+00,  2.98900000000000E+01,  9.11169666919314E+01,  1.47572998537678E+02
 1.96191666700000E+03,  3.97056863785850E-01,  5.33750000000000E-01, -5.91506329359811E+00,  3.00700000000000E+01,  9.40122712255366E+01,  9.62239587374465E+01
 1.96200000000000E+03,  2.90380990554803E-01,  5.69750000000000E-01, -5.94405249064367E+00,  3.02500000000000E+01,  1.21363592406459E+02,  1.01289305303450E+02
 1.96208333300000E+03,  1.81743056124657E-01,  4.36000000000000E-01, -5.97280729534363E+00,  3.04300000000000E+01,  9.48609058478144E+01,  1.02184000235730E+02
 1.96216666700000E+03,  1.10308732863035E-01,  4.04750000000000E-01, -6.00132503966796E+00,  3.06100000000000E+01,  7.82593413771936E+01,  7.71843051688171E+01
 1.96225000000000E+03,  8.20741212106932E-02,  2.85000000000000E-01, -6.02960306790457E+00,  3.07900000000000E+01,  8.80733302732711E+01,  6.52513327632915E+01
 1.96233333300000E+03,  8.65950306455169E-02,  1.12500000000000E-01, -6.05763873697127E+00,  3.09700000000000E+01,  7.37858605033472E+01,  6.74682167218078E+01
 1.96241666700000E+03,  1.23010470252408E-01,  8.97500000000000E-02, -6.08542941672664E+00,  3.11500000000000E+01,  1.78726005217432E+02,  2.30658271830203E+02
 1.96250000000000E+03,  2.05564834585328E-01,  2.82250000000000E-01, -6.11297249027973E+00,  3.13300000000000E+01,  2.16316678339356E+02,  2.40140614656187E+02
 1.96258333300000E+03,  3.06669922334571E-01,  5.03750000000000E-01, -6.14026535429874E+00,  3.15100000000000E+01,  2.27417376908352E+02,  2.34207661617862E+02
 1.96266666700000E+03,  4.00095379605706E-01,  6.38500000000000E-01, -6.43044642140009E+00,  3.16900000000000E+01,  2.51826800209999E+02,  2.66069505381567E+02
 1.96275000000000E+03,  5.10657680732920E-01,  5.18250000000000E-01, -6.45445513894321E+00,  3.18700000000000E+01,  2.57260188312446E+02,  3.09766976524994E+02
 1.96283333300000E+03,  6.06138692478853E-01,  2.53500000000000E-01, -6.47818046453410E+00,  3.20500000000000E+01,  2.26520279446200E+02,  2.99609501759274E+02
 1.96291666700000E+03,  6.37611252054720E-01,  2.38000000000000E-01, -6.50162002168539E+00,  3.22300000000000E+01,  3.26260430138616E+02,  5.11384851304249E+02
 1.96300000000000E+03,  6.17292420106357E-01,  2.98250000000000E-01, -6.52477145202161E+00,  3.24100000000000E+01,  4.00142846888073E+02,  6.60099952313485E+02
 1.96308333300000E+03,  5.74822851056654E-01,  2.95500000000000E-01, -6.54763241556412E+00,  3.25900000000000E+01,  4.28297263899456E+02,  6.78609862463255E+02
 1.96316666700000E+03,  5.25678994667482E-01,  3.42000000000000E-01, -6.57020059101432E+00,  3.27700000000000E+01,  4.74223335191555E+02,  6.71132356209571E+02
 1.96325000000000E+03,  4.61766200411687E-01,  2.20750000000000E-01, -6.59247367603502E+00,  3.29500000000000E+01,  4.66167040440248E+02,  5.70207713420794E+02
 1.96333333300000E+03,  3.71056244702059E-01,  2.47500000000000E-02, -6.61444938752997E+00,  3.31300000000000E+01,  3.36467570234147E+02,  3.55632024101115E+02
 1.96341666700000E+03,  2.63203285925640E-01,  1.02000000000000E-01, -6.63612546192160E+00,  3.33100000000000E+01,  2.75681256771376E+02,  2.73554672188651E+02
 1.96350000000000E+03,  1.72257827994587E-01,  1.36250000000000E-01, -6.65749965542681E+00,  3.34900000000000E+01,  3.28500833343430E+02,  4.12734731655081E+02
 1.96358333300000E+03,  7.15604119760774E-02, -2.32500000000000E-01, -6.67856974433085E+00,  3.36700000000000E+01,  4.89053738527992E+02,  6.30923597040926E+02
 1.96366666700000E+03, -1.61106394106151E-03, -5.02000000000000E-01,  5.13226210909235E+00,  3.38500000000000E+01,  3.98778598297645E+02,  6.06859220329444E+02
 1.96375000000000E+03,  7.44243841419846E-02, -1.63500000000000E-01,  5.11121424595840E+00,  3.40300000000000E+01,  4.17508729667412E+02,  6.47190990100707E+02
 1.96383333300000E+03,  2.22626428573665E-01,  2.42500000000000E-01,  5.09026174838225E+00,  3.42100000000000E+01,  4.23550536768970E+02,  6.28660679486821E+02
 1.96391666700000E+03,  3.28587200396290E-01,  2.85250000000000E-01,  5.06940474114318E+00,  3.43900000000000E+01,  3.24354877901021E+02,  4.67456527065801E+02
 1.96400000000000E+03,  4.04325180710558E-01,  3.11000000000000E-01,  5.04864332417040E+00,  3.45700000000000E+01,  1.03626225625648E+02,  1.93361062207695E+02
 1.96408333300000E+03,  4.71802979982776E-01,  4.33750000000000E-01,  5.02797757259270E+00,  3.47500000000000E+01,  1.21090948999648E+02,  2.58823117497271E+02
 1.96416666700000E+03,  5.33124416723286E-01,  3.58000000000000E-01,  5.00740753679147E+00,  3.49300000000000E+01,  1.38742215769822E+02,  2.57619096967397E+02
 1.96425000000000E+03,  5.64564695806425E-01,  2.50000000000000E-01,  4.98693324245716E+00,  3.51100000000000E+01,  1.22864433853670E+02,  2.75714525754424E+02
 1.96433333300000E+03,  5.40217417673338E-01,  3.99000000000000E-01,  4.96655469064915E+00,  3.52900000000000E+01,  1.05292923281191E+02,  2.42309010827455E+02
 1.96441666700000E+03,  4.61052653500151E-01,  3.93750000000000E-01,  4.94627185785897E+00,  3.54700000000000E+01,  1.07586655216832E+02,  2.43880251378048E+02
 1.96450000000000E+03,  3.59627807953344E-01,  1.83250000000000E-01,  4.92608469607692E+00,  3.56500000000000E+01,  1.41196761094314E+02,  1.65492886522195E+02
 1.96458333300000E+03,  1.90528146513873E-01,  1.58750000000000E-01,  4.90599313286211E+00,  3.58300000000000E+01,  1.33603759913438E+02,  1.84522165044696E+02
 1.96466666700000E+03, -3.97589269882417E-02,  2.19750000000000E-01,  7.48264395544865E+00,  3.60100000000000E+01,  1.24900056027356E+02,  1.33576702650339E+02
 1.96475000000000E+03, -1.83776124799064E-01,  1.62000000000000E-01,  7.45672512104086E+00,  3.61900000000000E+01,  1.39423164047041E+02,  1.46909886813830E+02
 1.96483333300000E+03, -2.46713235092721E-01,  2.97500000000000E-02,  7.43077961814449E+00,  3.63700000000000E+01,  1.55235145600928E+02,  1.64581079116041E+02
 1.96491666700000E+03, -2.93337900615797E-01, -1.93250000000000E-01,  7.40480966613217E+00,  3.65500000000000E+01,  1.00993401833767E+02,  1.54494285630230E+02
 1.96500000000000E+03, -2.91994211718109E-01, -3.17750000000000E-01,  7.37881747037621E+00,  3.67300000000000E+01,  8.97628911489500E+01,  1.88591894134075E+02
 1.96508333300000E+03, -2.20020440509379E-01, -1.52750000000000E-01,  7.35280522199450E+00,  3.69100000000000E+01,  8.27175136337136E+01,  1.84159190442971E+02
 1.96516666700000E+03, -9.23076824034759E-02, -1.90000000000000E-02,  7.32677509759878E+00,  3.70900000000000E+01,  7.93013183941413E+01,  1.79109052827647E+02
 1.96525000000000E+03,  3.81634317310933E-02, -1.80000000000000E-02,  7.30072925904521E+00,  3.72700000000000E+01,  6.56352602713768E+01,  2.01937767215711E+02
 1.96533333300000E+03,  1.12038856341761E-01,  6.97500000000000E-02,  7.27466985318724E+00,  3.74500000000000E+01,  5.48224584312273E+01,  2.06104335637291E+02
 1.96541666700000E+03,  1.01209607998715E-01,  1.24250000000000E-01,  7.24859901163095E+00,  3.76300000000000E+01,  2.74329754125800E+01,  8.93265744150916E+01
 1.96550000000000E+03,  2.04005010439137E-02,  2.07500000000000E-02,  7.22251885049277E+00,  3.78100000000000E+01,  3.15425722271343E+01,  8.36321731188661E+01
 1.96558333300000E+03, -7.52519171510724E-02, -1.55000000000000E-01,  7.19643147015957E+00,  3.79900000000000E+01,  4.20886776950678E+01,  8.85960881705330E+01
 1.96566666700000E+03, -1.12084137428778E-01, -2.39750000000000E-01,  3.54219034181175E+00,  3.81700000000000E+01,  5.05432348576613E+01,  8.52834662950716E+01
 1.96575000000000E+03, -7.98461296495755E-02, -1.48750000000000E-01,  3.52761959043035E+00,  3.83500000000000E+01,  6.85179390037975E+01,  1.23496438662618E+02
 1.96583333300000E+03, -3.90369810758747E-02, -7.52500000000000E-02,  3.51306630940064E+00,  3.85300000000000E+01,  1.62934226381224E+02,  2.63756720163597E+02
 1.96591666700000E+03, -1.62329666926570E-02,  1.60000000000000E-02,  3.49852892786256E+00,  3.87100000000000E+01,  2.41183215017529E+02,  2.83345306429359E+02
 1.96600000000000E+03,  1.64542769993415E-02,  3.36000000000000E-01,  3.48400586685238E+00,  3.88900000000000E+01,  2.30566590690633E+02,  3.03999615532773E+02
 1.96608333300000E+03,  8.94425114011812E-02,  6.30750000000000E-01,  3.46949553958250E+00,  3.90700000000000E+01,  2.33696254041404E+02,  3.01179978381270E+02
 1.96616666700000E+03,  2.04433126432305E-01,  6.59000000000000E-01,  3.45499635172226E+00,  3.92500000000000E+01,  2.20637387298439E+02,  2.55041041541009E+02
 1.96625000000000E+03,  3.28802188993787E-01,  5.98250000000000E-01,  3.44050670167999E+00,  3.94299999999999E+01,  1.44887417357142E+02,  1.41776933354124E+02
 1.96633333300000E+03,  4.21192818316571E-01,  4.87000000000000E-01,  3.42602498088587E+00,  3.96099999999999E+01,  8.76507675192859E+01,  1.28366436656913E+02
 1.96641666700000E+03,  4.63585966215853E-01,  2.12750000000000E-01,  3.41154957407596E+00,  3.97899999999999E+01,  7.83641032574875E+01,  1.18175783643896E+02
 1.96650000000000E+03,  4.69416726881185E-01, -7.55000000000000E-02,  3.39707885957712E+00,  3.99699999999999E+01,  7.22736430771195E+01,  9.00623953130593E+01
 1.96658333300000E+03,  2.54297054403361E-01, -9.22500000000000E-02,  3.38261120959276E+00,  4.01499999999999E+01,  6.64875698548670E+01,  1.17357677588821E+02
 1.96666666700000E+03, -1.30915985283799E-01,  6.22500000000000E-02,  6.33612854454849E-01,  4.03299999999999E+01,  5.36317837369524E+01,  1.44201360892139E+02
 1.96675000000000E+03, -2.34583578714364E-01,  1.40000000000000E-02,  6.05100624594547E-01,  4.05099999999999E+01,  4.93623453292449E+01,  1.28053116698662E+02
 1.96683333300000E+03, -1.16317173629934E-01, -2.11500000000000E-01,  5.76434273828139E-01,  4.06899999999999E+01,  5.54622494563974E+01,  1.22742753395064E+02
 1.96691666700000E+03, -4.90632986589419E-02, -2.62750000000000E-01,  5.47614043354430E-01,  4.08699999999999E+01,  6.27614775241153E+01,  1.57535376418120E+02
 1.96700000000000E+03, -3.45868154164918E-02, -1.27250000000000E-01,  5.18640200397726E-01,  4.10499999999999E+01,  9.19726716122059E+01,  1.48791903459459E+02
 1.96708333300000E+03, -5.17502790767311E-02, -1.12500000000000E-02,  4.89513038255188E-01,  4.12299999999999E+01,  9.75490317295277E+01,  1.04624646717416E+02
 1.96716666700000E+03, -8.27987223969660E-02,  3.52500000000000E-02,  4.60232876340747E-01,  4.14099999999999E+01,  1.14639927705156E+02,  1.24539243945216E+02
 1.96725000000000E+03, -1.21929544037748E-01, -1.20000000000000E-02,  4.30800060225643E-01,  4.15899999999999E+01,  1.48796508046581E+02,  1.57943403170072E+02
 1.96733333300000E+03, -1.60206499428855E-01, -7.67500000000000E-02,  4.01214961675531E-01,  4.17699999999999E+01,  1.30613027784456E+02,  1.20817085846194E+02
 1.96741666700000E+03, -1.68662400294983E-01, -9.17500000000000E-02,  3.71477978684171E-01,  4.19499999999999E+01,  1.14487346618335E+02,  9.84047465548131E+01
 1.96750000000000E+03, -1.05388020430350E-01, -1.11750000000000E-01,  3.41589535503686E-01,  4.21299999999999E+01,  1.04919530006562E+02,  1.15090141771298E+02
 1.96758333300000E+03, -8.86867664055063E-02, -1.77000000000000E-01,  3.11550082671405E-01,  4.23099999999999E+01,  2.25561398312549E+02,  2.32949483722179E+02
 1.96766666700000E+03, -2.07791023431684E-01, -2.35500000000000E-01,  9.08161134460135E+00,  4.24899999999999E+01,  1.82268211772343E+02,  1.99881752557102E+02
 1.96775000000000E+03, -2.98480734158363E-01, -2.85750000000000E-01,  9.06441912116295E+00,  4.26699999999999E+01,  2.61424012631270E+02,  2.65233025835752E+02
 1.96783333300000E+03, -3.31634860219708E-01, -3.56750000000000E-01,  9.04730634594354E+00,  4.28499999999999E+01,  2.78890932781149E+02,  2.83555260659499E+02
 1.96791666700000E+03, -3.83375396552434E-01, -3.78000000000000E-01,  9.03027206392220E+00,  4.30299999999999E+01,  2.93533148306097E+02,  2.65215814749983E+02
 1.96800000000000E+03, -4.24064739846966E-01, -4.03250000000000E-01,  9.01331529952795E+00,  4.32099999999999E+01,  1.94725095380325E+02,  2.02436347233060E+02
 1.96808333300000E+03, -4.18158935174278E-01, -4.18750000000000E-01,  8.99643505684618E+00,  4.33899999999999E+01,  2.02493154774017E+02,  2.20957440555725E+02
 1.96816666700000E+03, -3.55349654659847E-01, -3.78500000000000E-01,  8.97963031982788E+00,  4.35699999999999E+01,  1.30890484263228E+02,  1.53666243009766E+02
 1.96825000000000E+03, -2.57660868988155E-01, -3.34500000000000E-01,  8.96290005250179E+00,  4.37499999999999E+01,  1.08580424855944E+02,  1.33397662713823E+02
 1.96833333300000E+03, -1.56650934262728E-01, -2.46500000000000E-01,  8.94624319918927E+00,  4.39299999999999E+01,  1.33247863936470E+02,  1.41492103805078E+02
 1.96841666700000E+03, -6.46704654111857E-02, -4.32500000000000E-02,  8.92965868472200E+00,  4.41099999999999E+01,  7.48172934962148E+01,  1.23227173459455E+02
 1.96850000000000E+03,  3.04461894286050E-02,  2.23250000000000E-01,  8.91314541466241E+00,  4.42899999999999E+01,  1.44724545312965E+02,  1.70734028705905E+02
 1.96858333300000E+03,  8.46841422217700E-02,  3.38750000000000E-01,  8.89670227552683E+00,  4.44699999999999E+01,  1.66530651727538E+02,  1.87668762473572E+02
 1.96866666700000E+03,  1.02558177524517E-01,  3.76500000000000E-01,  2.99007277218247E+00,  4.46499999999999E+01,  2.22494281738162E+02,  2.70263510297086E+02
 1.96875000000000E+03,  1.83201174940097E-01,  5.61000000000000E-01,  3.01388529913708E+00,  4.48299999999999E+01,  2.47466096551507E+02,  3.03776253520230E+02
 1.96883333300000E+03,  2.80435579774167E-01,  6.47750000000000E-01,  3.03809095440877E+00,  4.50099999999999E+01,  2.75866873131171E+02,  2.74295118712158E+02
 1.96891666700000E+03,  3.07630391436449E-01,  5.87250000000000E-01,  3.06268822424470E+00,  4.51899999999999E+01,  2.18473645157259E+02,  2.16741533492208E+02
 1.96900000000000E+03,  2.80708549165526E-01,  6.50500000000000E-01,  3.08767555885258E+00,  4.53699999999999E+01,  2.22404243345205E+02,  2.64729030358213E+02
 1.96908333300000E+03,  2.32251697642058E-01,  8.15000000000000E-01,  3.11305137253248E+00,  4.55499999999999E+01,  2.22606640438144E+02,  2.72778918462637E+02
 1.96916666700000E+03,  1.81834378919763E-01,  8.66500000000000E-01,  3.13881404381290E+00,  4.57299999999999E+01,  2.38835696246206E+02,  2.98418672471749E+02
 1.96925000000000E+03,  1.28093837909542E-01,  7.16750000000000E-01,  3.16496191559088E+00,  4.59099999999999E+01,  2.14147567638423E+02,  2.74859603036134E+02
 1.96933333300000E+03,  6.80739020408974E-02,  3.95500000000000E-01,  3.19149329527627E+00,  4.60899999999999E+01,  2.47581440832007E+02,  3.54993980556222E+02
 1.96941666700000E+03,  2.01903527037129E-02,  4.32500000000000E-02,  3.21840645494005E+00,  4.62699999999999E+01,  2.48722075371520E+02,  3.01102469225522E+02
 1.96950000000000E+03,  2.24751085112010E-02,  8.24999999999999E-03,  3.24569963146685E+00,  4.64499999999999E+01,  2.44291409382407E+02,  4.48894923036699E+02
 1.96958333300000E+03, -3.34569642492894E-02,  4.95000000000000E-02,  3.27337102671123E+00,  4.66299999999999E+01,  1.80271233516824E+02,  3.94937112422383E+02
 1.96966666700000E+03, -1.78751436665208E-01, -6.32500000000000E-02,  8.39564250027692E+00,  4.68099999999999E+01,  2.45486638158123E+02,  4.29548558179580E+02
 1.96975000000000E+03, -1.78906674732065E-01,  2.22500000000000E-02,  8.35829784195546E+00,  4.69899999999999E+01,  2.06286752773260E+02,  3.26661012479466E+02
 1.96983333300000E+03, -1.89250578148261E-02,  1.15250000000000E-01,  8.32084870752600E+00,  4.71699999999999E+01,  1.97009031886502E+02,  3.65062736109208E+02
 1.96991666700000E+03,  1.46604210345003E-01,  5.55000000000000E-02,  8.28329697616237E+00,  4.73499999999999E+01,  2.46745357216681E+02,  1.91025178270090E+02
 1.97000000000000E+03,  2.60163106080369E-01,  8.85000000000000E-02,  8.24564455333958E+00,  4.75299999999999E+01,  2.27888693166745E+02,  2.63644126993088E+02
 1.97008333300000E+03,  2.88379219196379E-01,  1.22250000000000E-01,  8.20789337066179E+00,  4.77099999999999E+01,  1.66888559908951E+02,  2.32743411278446E+02
 1.97016666700000E+03,  2.26438128040381E-01,  1.46500000000000E-01,  8.17004538568632E+00,  4.78899999999999E+01,  2.38675971601422E+02,  3.45822948724539E+02
 1.97025000000000E+03,  1.00247574946034E-01,  1.47750000000000E-01,  8.13210258174399E+00,  4.80699999999999E+01,  3.87087467064554E+02,  5.75501274355207E+02
 1.97033333300000E+03, -3.34657222481568E-02,  4.22500000000000E-02,  8.09406696775569E+00,  4.82499999999999E+01,  3.34633807563842E+02,  6.16140086207253E+02
 1.97041666700000E+03, -1.01937966024213E-01, -2.52500000000000E-02,  8.05594057804530E+00,  4.84299999999999E+01,  3.67992893494200E+02,  5.75674420211605E+02
 1.97050000000000E+03, -5.28623944933883E-02, -8.30000000000000E-02,  8.01772547214880E+00,  4.86099999999999E+01,  3.83716269631493E+02,  6.89562731617492E+02
 1.97058333300000E+03, -4.98330643381255E-02, -1.56750000000000E-01,  7.97942373461978E+00,  4.87899999999999E+01,  3.60107965797365E+02,  6.04490506433808E+02
 1.97066666700000E+03, -1.52128840397490E-01, -1.80000000000000E-01,  7.69839477189406E+00,  4.89699999999999E+01,  2.74124266164803E+02,  5.46248843419101E+02
 1.97075000000000E+03, -9.77778548072284E-02, -1.64500000000000E-01,  7.65945940729511E+00,  4.91499999999999E+01,  2.27706716263813E+02,  4.65284230631395E+02
 1.97083333300000E+03,  7.12533092573364E-02, -1.27000000000000E-01,  7.62045789915152E+00,  4.93299999999999E+01,  3.63991065246608E+02,  6.57274656547048E+02
 1.97091666700000E+03,  1.33025529247982E-01, -1.85000000000000E-02,  7.58139257694076E+00,  4.95099999999999E+01,  3.47260359340188E+02,  5.55694877733782E+02
 1.97100000000000E+03,  5.72470829353723E-02,  3.52500000000000E-02,  7.54226579271833E+00,  4.96899999999999E+01,  2.99405322343630E+02,  5.42852075428975E+02
 1.97108333300000E+03, -1.08162257717542E-01, -1.12250000000000E-01,  7.50307992088033E+00,  4.98699999999999E+01,  2.32834242796706E+02,  3.27640037059189E+02
 1.97116666700000E+03, -2.75527142184394E-01, -2.31750000000000E-01,  7.46383735792246E+00,  5.00499999999999E+01,  3.06097724412435E+02,  6.37374415238254E+02
 1.97125000000000E+03, -3.67683859158108E-01, -2.39750000000000E-01,  7.42454052219600E+00,  5.02299999999999E+01,  1.96078206492752E+02,  4.28852989185646E+02
 1.97133333300000E+03, -3.50227634706391E-01, -3.04500000000000E-01,  7.38519185366027E+00,  5.04099999999999E+01,  2.20491292207543E+02,  5.43726206812394E+02
 1.97141666700000E+03, -2.38618335382232E-01, -3.24000000000000E-01,  7.34579381363204E+00,  5.05899999999999E+01,  2.34854640463141E+02,  5.49009309573951E+02
 1.97150000000000E+03, -8.89040743665362E-02, -2.82500000000000E-01,  7.30634888453157E+00,  5.07699999999999E+01,  3.35548515872910E+02,  7.64714388411210E+02
 1.97158333300000E+03, -1.19530512971011E-01, -3.71000000000000E-01,  7.26685956962570E+00,  5.09499999999999E+01,  2.55129219429392E+02,  4.54583437023587E+02
 1.97166666700000E+03, -3.50883377771729E-01, -2.54750000000000E-01,  7.13813214403048E+00,  5.11299999999999E+01,  2.10296816829630E+02,  4.96898708729413E+02
 1.97175000000000E+03, -4.61344567478367E-01,  8.27500000000000E-02,  7.13551458877903E+00,  5.13099999999999E+01,  2.58179447192703E+02,  4.39247499015369E+02
 1.97183333300000E+03, -4.58680763713134E-01,  5.12500000000000E-02,  7.13332270888203E+00,  5.14899999999999E+01,  3.76017084555828E+02,  7.47208367317129E+02
 1.97191666700000E+03, -5.07750410836786E-01, -2.51250000000000E-01,  7.13155739711328E+00,  5.16699999999999E+01,  2.79937513013710E+02,  5.73542615534908E+02
 1.97200000000000E+03, -5.84322881268351E-01, -4.24250000000000E-01,  7.13021950835054E+00,  5.18499999999999E+01,  2.84798760697530E+02,  5.68478167491297E+02
 1.97208333300000E+03, -6.45707615189501E-01, -6.02500000000000E-01,  7.12930985942489E+00,  5.20299999999999E+01,  3.15929609906598E+02,  5.72005162275811E+02
 1.97216666700000E+03, -6.65385535391646E-01, -7.83000000000000E-01,  7.12882922897467E+00,  5.22099999999999E+01,  3.42839542583495E+02,  6.57714777310955E+02
 1.97225000000000E+03, -6.48395963819163E-01, -8.22750000000000E-01,  7.12877835730376E+00,  5.23899999999999E+01,  1.96338303256664E+02,  3.23522554283501E+02
 1.97233333300000E+03, -6.17038734405674E-01, -9.76250000000000E-01,  7.12915794624439E+00,  5.25699999999999E+01,  1.88016722426939E+02,  2.79611945739250E+02
 1.97241666700000E+03, -5.85868084879069E-01, -1.10650000000000E+00,  7.12996865902447E+00,  5.27499999999999E+01,  2.33352421531249E+02,  3.39851585502561E+02
 1.97250000000000E+03, -5.52921112866047E-01, -8.64000000000000E-01,  7.13121112013941E+00,  5.29299999999999E+01,  2.15630912255593E+02,  2.85268638109479E+02
 1.97258333300000E+03, -4.65826730626464E-01, -4.54750000000000E-01,  7.13288591522850E+00,  5.31099999999999E+01,  1.38667233354370E+02,  1.84942021783519E+02
 1.97266666700000E+03, -3.55373135827245E-01, -2.57000000000000E-01,  1.01182130357554E+01,  5.32899999999999E+01,  1.53306776694132E+02,  2.16222717010457E+02
 1.97275000000000E+03, -3.67445284787082E-01, -2.93500000000000E-01,  1.00795680764013E+01,  5.34699999999999E+01,  2.26818379175889E+02,  3.21903435312295E+02
 1.97283333300000E+03, -4.87730547032338E-01, -3.82750000000000E-01,  1.00410331101857E+01,  5.36499999999999E+01,  1.75724393199611E+02,  2.60118231767778E+02
 1.97291666700000E+03, -5.82905480421301E-01, -4.51750000000000E-01,  1.00026114565351E+01,  5.38299999999999E+01,  1.54071876934445E+02,  2.33882460911393E+02
 1.97300000000000E+03, -5.63291387469437E-01, -5.36750000000000E-01,  9.96430643841032E+00,  5.40099999999999E+01,  1.91960423631863E+02,  3.14517103100067E+02
 1.97308333300000E+03, -3.95222382043744E-01, -5.72750000000000E-01,  9.92612138190369E+00,  5.41899999999999E+01,  2.31051943058991E+02,  2.95426681351087E+02
 1.97316666700000E+03, -1.32042474228539E-01, -4.31000000000000E-01,  9.88805961583524E+00,  5.43699999999999E+01,  2.04688402538676E+02,  2.65520719533193E+02
 1.97325000000000E+03,  1.11891269632857E-01, -2.49500000000000E-01,  9.85012447134788E+00,  5.45499999999999E+01,  2.05513409630648E+02,  2.69375787454375E+02
 1.97333333300000E+03,  2.31805197964191E-01, -1.80000000000000E-01,  9.81231928150172E+00,  5.47299999999999E+01,  2.48445019632314E+02,  3.41769680537003E+02
 1.97341666700000E+03,  1.98597837075771E-01, -1.82750000000000E-01,  9.77464738086754E+00,  5.49099999999999E+01,  2.51196269368278E+02,  3.62016616987978E+02
 1.97350000000000E+03,  7.22989628296621E-02, -2.03250000000000E-01,  9.73711210511951E+00,  5.50899999999999E+01,  2.26935665032585E+02,  4.30344084648615E+02
 1.97358333300000E+03, -9.46812168082600E-02, -1.91750000000000E-01,  9.69971679062718E+00,  5.52699999999999E+01,  1.64395167157703E+02,  3.71931050749479E+02
 1.97366666700000E+03, -2.07349527263207E-01, -2.23000000000000E-01,  1.66344968778790E+01,  5.54499999999999E+01,  1.89355668914423E+02,  4.27977320483612E+02
 1.97375000000000E+03, -1.73519377712263E-01, -2.54500000000000E-01,  1.66075999593142E+01,  5.56299999999999E+01,  2.17719285021241E+02,  6.04907447377222E+02
 1.97383333300000E+03, -1.14352841059300E-01, -1.37250000000000E-01,  1.65807154812323E+01,  5.58099999999999E+01,  1.77850611336466E+02,  6.13160379400785E+02
 1.97391666700000E+03, -1.39408230265966E-01, -1.06000000000000E-01,  1.65538455561591E+01,  5.59899999999999E+01,  1.56854603885642E+02,  6.03592637136819E+02
 1.97400000000000E+03, -2.08567423886946E-01, -2.21750000000000E-01,  1.65269922758976E+01,  5.61699999999999E+01,  1.73248996186677E+02,  5.78357170503633E+02
 1.97408333300000E+03, -2.69899051084897E-01, -3.43750000000000E-01,  1.65001577112857E+01,  5.63499999999999E+01,  2.07492186899426E+02,  5.51025305624217E+02
 1.97416666700000E+03, -2.95833305843074E-01, -5.38000000000000E-01,  1.64733439119567E+01,  5.65299999999999E+01,  1.29901245004370E+02,  2.97587250652313E+02
 1.97425000000000E+03, -2.92035155143901E-01, -6.49500000000000E-01,  1.64465529061043E+01,  5.67099999999999E+01,  1.10229556021467E+02,  2.04733250444281E+02
 1.97433333300000E+03, -2.74295655170706E-01, -4.25500000000000E-01,  1.64197867002496E+01,  5.68899999999999E+01,  1.32801064276640E+02,  1.61360227039462E+02
 1.97441666700000E+03, -2.39782683101017E-01, -1.23250000000000E-01,  1.63930472790127E+01,  5.70699999999999E+01,  2.50024994165471E+02,  2.05893120026570E+02
 1.97450000000000E+03, -1.63807797596449E-01, -7.60000000000000E-02,  1.63663366048874E+01,  5.72499999999999E+01,  2.36420787893751E+02,  1.55391736416564E+02
 1.97458333300000E+03, -1.55970763733306E-01, -3.09250000000000E-01,  1.63396566180192E+01,  5.74299999999999E+01,  2.59274554320127E+02,  2.84890969676940E+02
 1.97466666700000E+03, -3.27315201428675E-01, -6.83500000000000E-01,  1.08655256896212E+01,  5.76099999999999E+01,  2.68917013386979E+02,  2.25661348263947E+02
 1.97475000000000E+03, -5.11337917570874E-01, -8.88750000000000E-01,  1.09144232284457E+01,  5.77899999999999E+01,  3.00231951530403E+02,  2.27806022369141E+02
 1.97483333300000E+03, -5.44202829190655E-01, -8.10250000000000E-01,  1.09634940660523E+01,  5.79699999999999E+01,  2.41568788623953E+02,  3.12360421525817E+02
 1.97491666700000E+03, -4.35127866194038E-01, -5.25500000000000E-01,  1.10127343232472E+01,  5.81499999999999E+01,  2.99788157955913E+02,  3.74598541705349E+02
 1.97500000000000E+03, -2.72619658871074E-01, -2.37000000000000E-01,  1.10621401062373E+01,  5.83299999999999E+01,  3.38743529354242E+02,  2.92133672751901E+02
 1.97508333300000E+03, -1.80860206238079E-01, -1.82250000000000E-01,  1.11117075070399E+01,  5.85099999999999E+01,  3.51672617853660E+02,  3.48130545783653E+02
 1.97516666700000E+03, -2.12285641842404E-01, -3.25750000000000E-01,  1.11614326038934E+01,  5.86899999999999E+01,  3.02930012352664E+02,  3.59023888275220E+02
 1.97525000000000E+03, -2.98991361547831E-01, -4.99750000000000E-01,  1.12113114616700E+01,  5.88699999999999E+01,  2.83056356208050E+02,  2.65445318910776E+02
 1.97533333300000E+03, -3.08935400979045E-01, -5.75750000000000E-01,  1.12613401322898E+01,  5.90499999999999E+01,  1.90711529500070E+02,  3.40369593231485E+02
 1.97541666700000E+03, -1.64089634299776E-01, -4.06000000000000E-01,  1.13115146551359E+01,  5.92299999999999E+01,  1.36239837944393E+02,  3.77027126571828E+02
 1.97550000000000E+03,  8.03496513287997E-02, -2.37500000000000E-02,  1.13618310574713E+01,  5.94099999999999E+01,  1.38035438423020E+02,  3.21344877738746E+02
 1.97558333300000E+03,  1.19281986465190E-01,  9.45000000000000E-02,  1.14122853548572E+01,  5.95899999999999E+01,  1.98456467547023E+02,  3.21026979828312E+02
 1.97566666700000E+03, -1.41683682657176E-01, -2.28500000000000E-01,  1.70932803163585E+01,  5.97699999999999E+01,  1.44300606001396E+02,  3.07117825789837E+02
 1.97575000000000E+03, -3.46811143916646E-01, -4.70250000000000E-01,  1.70760793048323E+01,  5.99499999999999E+01,  2.82270635462143E+02,  3.62587571976027E+02
 1.97583333300000E+03, -4.11358837554749E-01, -5.23250000000000E-01,  1.70587895782112E+01,  6.01299999999999E+01,  3.01291924918734E+02,  2.94569310255172E+02
 1.97591666700000E+03, -4.54247707671292E-01, -5.33000000000000E-01,  1.70414093585041E+01,  6.03099999999999E+01,  4.17206832535294E+02,  5.94091887182570E+02
 1.97600000000000E+03, -4.63119741015675E-01, -5.21750000000000E-01,  1.70239368788789E+01,  6.04899999999999E+01,  3.57138194370350E+02,  6.46551409686135E+02
 1.97608333300000E+03, -4.31295959317294E-01, -5.89750000000000E-01,  1.70063703840149E+01,  6.06699999999999E+01,  4.37373263554083E+02,  7.46127369920517E+02
 1.97616666700000E+03, -3.64421433755657E-01, -6.05000000000000E-01,  1.69887081304524E+01,  6.08499999999999E+01,  3.60786471458947E+02,  6.13984553864154E+02
 1.97625000000000E+03, -2.76790185337200E-01, -5.38000000000000E-01,  1.69709483869421E+01,  6.10299999999999E+01,  3.65341513645289E+02,  6.58151957919581E+02
 1.97633333300000E+03, -1.80997539358500E-01, -3.67750000000000E-01,  1.69530894347915E+01,  6.12099999999999E+01,  2.39745239831208E+02,  4.08007818945811E+02
 1.97641666700000E+03, -8.31836067220634E-02,  5.62500000000000E-02,  1.69351295682105E+01,  6.13899999999999E+01,  2.54469363109306E+02,  3.77014398489917E+02
 1.97650000000000E+03,  9.70484016714772E-03,  6.95500000000000E-01,  1.69170670946549E+01,  6.15699999999999E+01,  2.29445132950355E+02,  2.73831552645513E+02
 1.97658333300000E+03,  2.79920512875839E-02,  1.13375000000000E+00,  1.68989003351679E+01,  6.17499999999999E+01,  1.76516454604422E+02,  2.82949611279642E+02
 1.97666666700000E+03, -1.76665412594136E-02,  8.85750000000000E-01,  1.88661173905177E+01,  6.19299999999999E+01,  2.80113993424606E+02,  3.76533994943993E+02
 1.97675000000000E+03, -4.62810148748012E-03,  1.76250000000000E-01,  1.88476293801528E+01,  6.21099999999999E+01,  2.64135915514831E+02,  3.52801544211741E+02
 1.97683333300000E+03,  2.59864267111867E-02, -3.36250000000000E-01,  1.88292337913849E+01,  6.22899999999999E+01,  3.37726265763581E+02,  3.86287905193069E+02
 1.97691666700000E+03, -6.16785401733626E-03, -5.03250000000000E-01,  1.88109297825075E+01,  6.24699999999999E+01,  2.89482244484526E+02,  3.94092280314792E+02
 1.97700000000000E+03, -6.99351671794597E-02, -5.17000000000000E-01,  1.87927164866671E+01,  6.26499999999999E+01,  2.80324518294137E+02,  3.55476981541346E+02
 1.97708333300000E+03, -1.24955186417985E-01, -2.77500000000000E-01,  1.87745930120731E+01,  6.28299999999999E+01,  2.81596445480800E+02,  4.16951381383115E+02
 1.97716666700000E+03, -1.54374651796689E-01,  4.05000000000000E-02,  1.87565584422121E+01,  6.30099999999999E+01,  2.71507284054049E+02,  3.90368229673496E+02
 1.97725000000000E+03, -1.72841430405476E-01, -3.50000000000000E-02,  1.87386118360656E+01,  6.31899999999999E+01,  2.07021082876954E+02,  3.41939343976204E+02
 1.97733333300000E+03, -2.03764357227713E-01, -3.23250000000000E-01,  1.87207522283313E+01,  6.33699999999999E+01,  2.40048945424385E+02,  3.79483903452582E+02
 1.97741666700000E+03, -2.50020881518106E-01, -4.58750000000000E-01,  1.87029786296484E+01,  6.35499999999999E+01,  3.59057355700569E+02,  4.25070243928293E+02
 1.97750000000000E+03, -2.88032420967107E-01, -6.01750000000000E-01,  1.86852900268260E+01,  6.37299999999999E+01,  2.77367424395756E+02,  2.87168550831119E+02
 1.97758333300000E+03, -2.24728717548292E-01, -7.41000000000000E-01,  1.86676853830753E+01,  6.39099999999999E+01,  2.78795794422587E+02,  2.86264074149794E+02
 1.97766666700000E+03, -6.72789912058126E-02, -6.49500000000000E-01,  9.62484873899460E+00,  6.40899999999999E+01,  2.78600556301658E+02,  3.35122880480227E+02
 1.97775000000000E+03,  4.69656963596514E-02, -4.62500000000000E-01,  9.66766731759649E+00,  6.42699999999999E+01,  2.76274132322466E+02,  3.21064881646937E+02
 1.97783333300000E+03,  1.41288564483881E-01, -2.21750000000000E-01,  9.71075694399196E+00,  6.44499999999999E+01,  2.31620271450721E+02,  4.02085283780002E+02
 1.97791666700000E+03,  2.48614642152807E-01,  4.97500000000000E-02,  9.75411428056473E+00,  6.46299999999999E+01,  1.99499828902805E+02,  3.69144636144606E+02
 1.97800000000000E+03,  2.82385732572146E-01,  1.07750000000000E-01,  9.79773596482719E+00,  6.48099999999999E+01,  2.04032579681870E+02,  3.64615731979246E+02
 1.97808333300000E+03,  1.86341731245293E-01, -2.50000000000000E-03,  9.84161860976882E+00,  6.49900000000000E+01,  2.38862428584517E+02,  4.33407977230805E+02
 1.97816666700000E+03, -2.88318899787542E-02, -1.63500000000000E-01,  9.88575880420705E+00,  6.51700000000000E+01,  2.04821035441815E+02,  4.02600090541021E+02
 1.97825000000000E+03, -2.84900869038766E-01, -3.76000000000000E-01,  9.93015311314148E+00,  6.53500000000000E+01,  1.49084288059287E+02,  2.97077043499465E+02
 1.97833333300000E+03, -4.75024455049265E-01, -5.48750000000000E-01,  9.97479807811048E+00,  6.55300000000000E+01,  1.84671266004482E+02,  3.10190230270913E+02
 1.97841666700000E+03, -5.25644197981913E-01, -7.40750000000000E-01,  1.00196902175506E+01,  6.57100000000000E+01,  2.17038026520316E+02,  4.27520283917006E+02
 1.97850000000000E+03, -4.46223637486558E-01, -8.18750000000000E-01,  1.00648260271588E+01,  6.58900000000000E+01,  1.44727727907410E+02,  2.69085088135364E+02
 1.97858333300000E+03, -2.24483198136076E-01, -4.20750000000000E-01,  1.01102019802572E+01,  6.60700000000000E+01,  1.46255416595356E+02,  2.69465235904703E+02
 1.97866666700000E+03,  9.52769330358776E-02,  1.20750000000000E-01,  2.25370340944612E+01,  6.62500000000000E+01,  1.53988951386820E+02,  2.92927058085911E+02
 1.97875000000000E+03,  3.43738193204190E-01,  3.44750000000000E-01,  2.25718667822426E+01,  6.64300000000000E+01,  9.64010214032066E+01,  2.68958475788918E+02
 1.97883333300000E+03,  4.88108860897442E-01,  4.36250000000000E-01,  2.26063569221031E+01,  6.66100000000000E+01,  6.77787110172124E+01,  1.95524855662987E+02
 1.97891666700000E+03,  5.48501808377806E-01,  4.93000000000000E-01,  2.26405025101679E+01,  6.67900000000000E+01,  1.32855183820653E+02,  2.58698568601852E+02
 1.97900000000000E+03,  4.93102308659730E-01,  5.02750000000000E-01,  2.26743015805985E+01,  6.69700000000000E+01,  2.82020261124467E+02,  3.36033777492776E+02
 1.97908333300000E+03,  3.40502441922335E-01,  3.93250000000000E-01,  2.27077522057460E+01,  6.71500000000000E+01,  2.98184746077408E+02,  3.56208680463732E+02
 1.97916666700000E+03,  1.39207830181173E-01,  9.85000000000000E-02,  2.27408524962987E+01,  6.73300000000000E+01,  2.96488020869136E+02,  3.26538782466849E+02
 1.97925000000000E+03, -5.47810095958804E-02, -1.91250000000000E-01,  2.27736006014259E+01,  6.75100000000000E+01,  3.50776382359476E+02,  4.32923964655598E+02
 1.97933333300000E+03, -1.89951359103764E-01, -3.29000000000000E-01,  2.28059947089153E+01,  6.76900000000001E+01,  3.12087851154135E+02,  3.69467627242421E+02
 1.97941666700000E+03, -2.27426391996939E-01, -3.02750000000000E-01,  2.28380330453072E+01,  6.78700000000001E+01,  1.78858307326856E+02,  3.62293490473569E+02
 1.97950000000000E+03, -1.55419385446889E-01, -2.91250000000000E-01,  2.28697138760222E+01,  6.80500000000001E+01,  1.49517600473545E+02,  3.49415626448032E+02
 1.97958333300000E+03, -4.65510735588714E-02, -3.15000000000000E-01,  2.29010355054852E+01,  6.82300000000001E+01,  1.71291393046876E+02,  3.93882044931340E+02
 1.97966666700000E+03,  1.21601153075814E-03, -2.70750000000000E-01,  2.28771631989833E+01,  6.84100000000001E+01,  1.53429740122714E+02,  2.89301024013978E+02
 1.97975000000000E+03, -7.89556786617952E-04, -2.86500000000000E-01,  2.28529464208841E+01,  6.85900000000001E+01,  1.28491907670777E+02,  3.12511112997651E+02
 1.97983333300000E+03, -7.09342511916262E-03, -3.20750000000000E-01,  2.28285986197407E+01,  6.87700000000001E+01,  1.15694759955192E+02,  2.53090930229647E+02
 1.97991666700000E+03, -5.99863185772165E-03, -2.15750000000000E-01,  2.28041227213526E+01,  6.89500000000001E+01,  8.73717659863621E+01,  1.93842325708404E+02
 1.98000000000000E+03,  2.41665146732159E-02, -1.12000000000000E-01,  2.27795216480363E+01,  6.91300000000001E+01,  1.01603093046050E+02,  1.58020304918661E+02
 1.98008333300000E+03,  1.06041866021951E-01, -1.72000000000000E-01,  2.27547983182252E+01,  6.93100000000001E+01,  6.37782230230032E+01,  1.30894046940345E+02
 1.98016666700000E+03,  2.33854761296045E-01, -7.02500000000000E-02,  2.27299556460719E+01,  6.94900000000001E+01,  7.02388483948891E+01,  1.21101375126918E+02
 1.98025000000000E+03,  3.68487796207782E-01,  3.49000000000000E-01,  2.27049965410506E+01,  6.96700000000001E+01,  7.13892495964986E+01,  1.00451466497238E+02
 1.98033333300000E+03,  4.63224690345332E-01,  5.02750000000000E-01,  2.26799239075620E+01,  6.98500000000001E+01,  1.14419449143090E+02,  1.14350999619585E+02
 1.98041666700000E+03,  4.96227240499420E-01,  1.98750000000000E-01,  2.26547406445388E+01,  7.00300000000001E+01,  9.51803153882458E+01,  1.19666150176952E+02
 1.98050000000000E+03,  4.79662594711419E-01, -6.90000000000000E-02,  2.26294496450532E+01,  7.02100000000002E+01,  1.74281736938605E+02,  2.49906472321010E+02
 1.98058333300000E+03,  4.31072265184881E-01,  6.55000000000000E-02,  2.26040537959257E+01,  7.03900000000002E+01,  1.89459011862295E+02,  3.27047294773829E+02
 1.98066666700000E+03,  3.73537099759900E-01,  2.60500000000000E-01,  1.75439137286581E+01,  7.05700000000002E+01,  1.77047546585501E+02,  3.18476880525821E+02
 1.98075000000000E+03,  2.91476516517075E-01,  2.06250000000000E-01,  1.75041925924201E+01,  7.07500000000002E+01,  1.61190298449212E+02,  3.56247385997565E+02
 1.98083333300000E+03,  1.13682138200228E-01,  9.82500000000000E-02,  1.74643878693660E+01,  7.09300000000002E+01,  1.95723177271783E+02,  4.50642470446427E+02
 1.98091666700000E+03, -1.35034071523322E-01, -5.65000000000000E-02,  1.74245019711722E+01,  7.11100000000002E+01,  2.15231764724210E+02,  4.06857799433969E+02
 1.98100000000000E+03, -3.21784040422629E-01, -2.63000000000000E-01,  1.73845373364404E+01,  7.12900000000002E+01,  2.59623707001546E+02,  3.81891019193357E+02
 1.98108333300000E+03, -3.41373187259295E-01, -2.77000000000000E-01,  1.73444964304433E+01,  7.14700000000002E+01,  3.00910558630098E+02,  5.01226293805159E+02
 1.98116666700000E+03, -1.88469701022869E-01, -6.05000000000000E-02,  1.73043817448652E+01,  7.16500000000002E+01,  2.72840642071911E+02,  4.45856607736818E+02
 1.98125000000000E+03,  3.67860667260330E-02, -5.35000000000000E-02,  1.72641957975395E+01,  7.18300000000002E+01,  3.16326764503244E+02,  4.56764228749881E+02
 1.98133333300000E+03,  1.95784449954899E-01, -1.58750000000000E-01,  1.72239411321810E+01,  7.20100000000002E+01,  2.09935728850763E+02,  3.48167353111081E+02
 1.98141666700000E+03,  2.02339399646139E-01, -1.23000000000000E-01,  1.71836203181148E+01,  7.21900000000002E+01,  1.66558227496787E+02,  3.02505489545174E+02
 1.98150000000000E+03,  7.22728853508772E-02, -2.10500000000000E-01,  1.71432359500012E+01,  7.23700000000002E+01,  1.31539232977878E+02,  1.82906889494257E+02
 1.98158333300000E+03, -3.13989272154784E-02, -1.56750000000000E-01,  1.71027906475561E+01,  7.25500000000002E+01,  1.96891310364634E+02,  2.30249588460937E+02
 1.98166666700000E+03,  3.31492517836656E-02,  9.02500000000000E-02,  2.31814911637343E+01,  7.27300000000002E+01,  1.21218363503317E+02,  1.14220118891956E+02
 1.98175000000000E+03,  1.77919709801364E-01,  2.16500000000000E-01,  2.32089335602092E+01,  7.29100000000003E+01,  1.26489046128675E+02,  1.09870348170683E+02
 1.98183333300000E+03,  2.77528491025635E-01,  4.35750000000000E-01,  2.32360000445885E+01,  7.30900000000003E+01,  9.93353688701608E+01,  8.67997131011367E+01
 1.98191666700000E+03,  3.10566545134551E-01,  7.07750000000000E-01,  2.32626894188477E+01,  7.32700000000003E+01,  1.75748411215755E+02,  4.20688756116053E+02
 1.98200000000000E+03,  2.98894288287523E-01,  7.18250000000000E-01,  2.32890005251451E+01,  7.34500000000003E+01,  1.27920839461260E+02,  3.87553121706245E+02
 1.98208333300000E+03,  2.78009467889191E-01,  5.31750000000000E-01,  2.33149322458720E+01,  7.36300000000003E+01,  1.72065831218906E+02,  4.31108056430141E+02
 1.98216666700000E+03,  2.60100690935110E-01,  4.10250000000000E-01,  2.33404835036985E+01,  7.38100000000003E+01,  2.01335147840213E+02,  5.72237007914320E+02
 1.98225000000000E+03,  2.25322727716462E-01,  4.04000000000000E-01,  2.33656532616132E+01,  7.39900000000003E+01,  2.23639397794787E+02,  6.23453144481419E+02
 1.98233333300000E+03,  1.48249735857004E-01,  3.99000000000000E-01,  2.33904405229590E+01,  7.41700000000003E+01,  1.67337053508202E+02,  4.24171395020156E+02
 1.98241666700000E+03,  3.24501620476106E-02,  3.67250000000000E-01,  2.34148443314626E+01,  7.43500000000003E+01,  1.94122328610309E+02,  4.46560962515374E+02
 1.98250000000000E+03, -8.14327109507500E-02,  2.49750000000000E-01,  2.34388637712601E+01,  7.45300000000003E+01,  1.54362043522359E+02,  4.40926778560085E+02
 1.98258333300000E+03, -7.59262669845449E-02,  4.70000000000000E-02,  2.34624979669166E+01,  7.47100000000003E+01,  1.40814726389338E+02,  3.38195073159532E+02
 1.98266666700000E+03,  4.73599902373810E-02, -9.72500000000000E-02,  1.87977112245810E+01,  7.48900000000003E+01,  1.19169331804276E+02,  3.01108095381187E+02
 1.98275000000000E+03,  7.97693732430884E-02, -1.31750000000000E-01,  1.87619285506643E+01,  7.50700000000003E+01,  1.04004839025225E+02,  2.09893869595004E+02
 1.98283333300000E+03, -3.14144265598854E-02, -1.24250000000000E-01,  1.87259990626435E+01,  7.52500000000003E+01,  1.01031961293946E+02,  1.79009984956063E+02
 1.98291666700000E+03, -1.75503905914140E-01, -1.33250000000000E-01,  1.86899241661221E+01,  7.54300000000003E+01,  1.07743247828889E+02,  2.05566336937292E+02
 1.98300000000000E+03, -2.58445237529929E-01, -1.40250000000000E-01,  1.86537052995195E+01,  7.56100000000004E+01,  1.20439977586149E+02,  2.29561831616444E+02
 1.98308333300000E+03, -2.14496803025987E-01, -3.62500000000000E-02,  1.86173439339701E+01,  7.57900000000004E+01,  1.38093369166886E+02,  2.36794155401176E+02
 1.98316666700000E+03, -5.46751904076353E-02,  9.27500000000000E-02,  1.85808415732164E+01,  7.59700000000004E+01,  1.49762564532726E+02,  2.10025395021383E+02
 1.98325000000000E+03,  1.34950099244061E-01,  2.57500000000000E-02,  1.85441997534974E+01,  7.61500000000004E+01,  1.18352626114524E+02,  1.89578290516825E+02
 1.98333333300000E+03,  2.47695539039643E-01, -5.70000000000000E-02,  1.85074200434325E+01,  7.63300000000004E+01,  1.08497914456735E+02,  1.38109541676064E+02
 1.98341666700000E+03,  2.24525237892303E-01,  7.92500000000000E-02,  1.84705040439004E+01,  7.65100000000004E+01,  1.13298395723807E+02,  1.07649912790827E+02
 1.98350000000000E+03,  8.70260043744693E-02,  1.92250000000000E-01,  1.84334533879126E+01,  7.66900000000004E+01,  1.09319168627298E+02,  8.82071328090186E+01
 1.98358333300000E+03, -4.88914188504760E-02,  9.87500000000000E-02,  1.83962697404827E+01,  7.68700000000004E+01,  9.72289645543603E+01,  9.51343584140531E+01
 1.98366666700000E+03, -2.31899623757718E-02,  1.48750000000000E-01,  1.61066632929130E+01,  7.70500000000004E+01,  1.33355086504047E+02,  1.63116335396981E+02
 1.98375000000000E+03,  1.70835061938067E-01,  4.81000000000000E-01,  1.61576958221674E+01,  7.72300000000004E+01,  1.30582719431998E+02,  2.48858407343602E+02
 1.98383333300000E+03,  3.29129885775701E-01,  7.75250000000000E-01,  1.62088720851002E+01,  7.74100000000004E+01,  1.20657807010918E+02,  2.43870005963327E+02
 1.98391666700000E+03,  2.70972635581084E-01,  7.13000000000000E-01,  1.62601879037749E+01,  7.75900000000004E+01,  1.06152169860102E+02,  2.39828096868505E+02
 1.98400000000000E+03,  1.51910532345079E-02,  2.92000000000000E-01,  1.63116390885419E+01,  7.77700000000004E+01,  9.61952451327820E+01,  2.16283678281777E+02
 1.98408333300000E+03, -2.52655376610477E-01, -4.10000000000000E-02,  1.63632214384938E+01,  7.79500000000004E+01,  6.98676178555444E+01,  1.88387177073166E+02
 1.98416666700000E+03, -3.41645626512259E-01, -1.25000000000000E-02,  1.64149307419212E+01,  7.81300000000005E+01,  6.83812482442746E+01,  1.07530282768847E+02
 1.98425000000000E+03, -2.26042764825807E-01,  1.99250000000000E-01,  1.64667627767696E+01,  7.83100000000005E+01,  3.94784385275088E+01,  7.64864444185936E+01
 1.98433333300000E+03, -6.53713034582656E-02,  1.36750000000000E-01,  1.65187133110980E+01,  7.84900000000005E+01,  9.70581864762940E+01,  2.16706512886366E+02
 1.98441666700000E+03, -5.27178567961922E-02, -1.33500000000000E-01,  1.65707781035379E+01,  7.86700000000005E+01,  1.37823303404241E+02,  3.42963058958162E+02
 1.98450000000000E+03, -2.31772577917639E-01, -1.61750000000000E-01,  1.66229529037536E+01,  7.88500000000005E+01,  1.47444546177711E+02,  3.98869943888406E+02
 1.98458333300000E+03, -3.75589755583606E-01, -8.00000000000000E-02,  1.66752334529037E+01,  7.90300000000005E+01,  1.57603307594471E+02,  3.84518998410195E+02
 1.98466666700000E+03, -2.96336472114163E-01, -1.03500000000000E-01,  1.70759269602647E+01,  7.92100000000005E+01,  1.58663883070074E+02,  4.09595860328709E+02
 1.98475000000000E+03, -1.36657105514774E-01, -1.47250000000000E-01,  1.70932431100967E+01,  7.93900000000005E+01,  1.08825807425748E+02,  2.92953605795491E+02
 1.98483333300000E+03, -3.38998049806964E-02, -5.62500000000000E-02,  1.71110128198861E+01,  7.95700000000005E+01,  7.50140168072037E+01,  1.79243635355353E+02
 1.98491666700000E+03,  5.82417652943542E-03,  1.20000000000000E-02,  1.71292351143811E+01,  7.97500000000005E+01,  6.31491925113052E+01,  1.58344630681232E+02
 1.98500000000000E+03, -2.37435918140617E-04, -9.50000000000000E-03,  1.71479089731028E+01,  7.99300000000005E+01,  4.05514038354367E+01,  1.69130170979785E+02
 1.98508333300000E+03,  2.59973766040374E-04,  2.47500000000000E-02,  1.71670333304151E+01,  8.01100000000005E+01,  7.06180385915480E+01,  2.54557701978432E+02
 1.98516666700000E+03,  4.12552349968857E-02,  5.90000000000000E-02,  1.71866070756005E+01,  8.02900000000005E+01,  8.67588556190403E+01,  2.41977343469055E+02
 1.98525000000000E+03,  1.03044769696680E-01,  9.35000000000000E-02,  1.72066290529414E+01,  8.04700000000005E+01,  1.18586425354567E+02,  3.16189895483186E+02
 1.98533333300000E+03,  1.28981640037414E-01,  2.82000000000000E-01,  1.72270980618070E+01,  8.06500000000005E+01,  1.03373983921286E+02,  2.57597731503446E+02
 1.98541666700000E+03,  7.81797298555013E-02,  5.56750000000000E-01,  1.72480128567461E+01,  8.08300000000006E+01,  1.17488935511295E+02,  2.46742306964770E+02
 1.98550000000000E+03, -3.57195868634671E-02,  4.66000000000000E-01,  1.72693721475853E+01,  8.10100000000006E+01,  9.40382319347432E+01,  1.40540233305408E+02
 1.98558333300000E+03, -3.94381774844136E-02,  1.98000000000000E-01,  1.72911745995333E+01,  8.11900000000006E+01,  1.05089780927495E+02,  2.46424618878859E+02
 1.98566666700000E+03,  1.45022458233273E-01,  2.91500000000000E-01,  1.27540131526772E+01,  8.13700000000006E+01,  7.92578411145372E+01,  1.86234855282266E+02
 1.98575000000000E+03,  2.88191439392694E-01,  5.63750000000000E-01,  1.27294477608764E+01,  8.15500000000006E+01,  9.37833474065968E+01,  2.06009026591930E+02
 1.98583333300000E+03,  2.80586614456173E-01,  6.41750000000000E-01,  1.27052119317735E+01,  8.17300000000006E+01,  7.63339198018608E+01,  1.94753904316184E+02
 1.98591666700000E+03,  1.81748638565224E-01,  4.12250000000000E-01,  1.26813084565691E+01,  8.19100000000006E+01,  9.24682136756607E+01,  2.35401350256612E+02
 1.98600000000000E+03,  3.35784671763224E-02,  5.05000000000000E-02,  1.26577401020515E+01,  8.20900000000006E+01,  7.50235141338048E+01,  1.24092460690169E+02
 1.98608333300000E+03, -1.08244527090068E-01, -1.71500000000000E-01,  1.26345096102155E+01,  8.22700000000006E+01,  1.28599842542251E+02,  1.60519181212422E+02
 1.98616666700000E+03, -2.10831015256570E-01, -2.93000000000000E-01,  1.26116196978848E+01,  8.24500000000006E+01,  1.30413036781900E+02,  1.29122619063323E+02
 1.98625000000000E+03, -2.75766930879554E-01, -3.61750000000000E-01,  1.25890730563364E+01,  8.26300000000006E+01,  1.45595608406559E+02,  2.24781388408095E+02
 1.98633333300000E+03, -3.19061751539564E-01, -3.53000000000000E-01,  1.25668723509283E+01,  8.28100000000006E+01,  1.85062203119203E+02,  3.09058157183893E+02
 1.98641666700000E+03, -3.43059334242667E-01, -3.06750000000000E-01,  1.25450202207299E+01,  8.29900000000006E+01,  2.46271373166870E+02,  3.67721563375558E+02
 1.98650000000000E+03, -3.30158726789408E-01, -1.35750000000000E-01,  1.25235192781555E+01,  8.31700000000006E+01,  1.92738268786337E+02,  3.03944910704166E+02
 1.98658333300000E+03, -2.50289529250929E-01,  1.07250000000000E-01,  1.25023721086002E+01,  8.33500000000006E+01,  1.79839715567730E+02,  3.10892839572571E+02
 1.98666666700000E+03, -1.27593430298059E-01,  2.18250000000000E-01,  2.44492855417253E+01,  8.35300000000007E+01,  2.46567385267010E+02,  2.49104329824104E+02
 1.98675000000000E+03, -3.25523627572968E-02,  8.35000000000000E-02,  2.44266294070135E+01,  8.37100000000007E+01,  2.05842066354451E+02,  1.32444346524458E+02
 1.98683333300000E+03,  2.84347834715658E-02, -1.04750000000000E-01,  2.44040806507060E+01,  8.38900000000007E+01,  1.54117756654092E+02,  1.13321903939010E+02
 1.98691666700000E+03,  8.27548266659090E-02, -1.39500000000000E-01,  2.43816395007575E+01,  8.40700000000007E+01,  1.49429241056001E+02,  1.34683208217426E+02
 1.98700000000000E+03,  1.50672595792373E-01, -9.42500000000000E-02,  2.43593061531688E+01,  8.42500000000007E+01,  1.94204229523284E+02,  1.65552722634329E+02
 1.98708333300000E+03,  2.54690069482871E-01,  1.17250000000000E-01,  2.43370807720431E+01,  8.44300000000007E+01,  1.17330433564292E+02,  1.39996683607134E+02
 1.98716666700000E+03,  3.90047068480853E-01,  4.53500000000000E-01,  2.43149634896459E+01,  8.46100000000007E+01,  1.42514414677349E+02,  2.61225668899051E+02
 1.98725000000000E+03,  5.20370442871662E-01,  7.07250000000000E-01,  2.42929544064707E+01,  8.47900000000007E+01,  1.22153910369541E+02,  2.32021190490241E+02
 1.98733333300000E+03,  6.03860992665443E-01,  9.10250000000000E-01,  2.42710535913095E+01,  8.49700000000007E+01,  1.22273861990552E+02,  2.60181454064673E+02
 1.98741666700000E+03,  6.25275508399316E-01,  9.64000000000000E-01,  2.42492610813280E+01,  8.51500000000007E+01,  8.64192125253597E+01,  2.28715574954260E+02
 1.98750000000000E+03,  6.03383444614561E-01,  8.62250000000000E-01,  2.42275768821459E+01,  8.53300000000007E+01,  1.05231828549037E+02,  2.43220744274828E+02
 1.98758333300000E+03,  4.58837645501649E-01,  8.97000000000000E-01,  2.42060009679222E+01,  8.55100000000007E+01,  1.42813128585327E+02,  2.45671763985150E+02
 1.98766666700000E+03,  2.44126683509346E-01,  9.49250000000000E-01,  2.83217863347008E+01,  8.56900000000007E+01,  1.85117632059471E+02,  3.38504745975933E+02
 1.98775000000000E+03,  2.08635251489246E-01,  7.24250000000000E-01,  2.83446295994871E+01,  8.58700000000007E+01,  1.81771248001764E+02,  3.08122585717493E+02
 1.98783333300000E+03,  2.94388076039969E-01,  5.46750000000000E-01,  2.83670727286349E+01,  8.60500000000008E+01,  2.05852279514890E+02,  3.73868344553747E+02
 1.98791666700000E+03,  3.41858184949857E-01,  5.95250000000000E-01,  2.83891150151631E+01,  8.62300000000008E+01,  1.94234253967782E+02,  3.76177168279897E+02
 1.98800000000000E+03,  3.64315645182861E-01,  4.66750000000000E-01,  2.84107557950381E+01,  8.64100000000008E+01,  1.68822333230306E+02,  3.26285406653930E+02
 1.98808333300000E+03,  3.85708240028398E-01,  1.86500000000000E-01,  2.84319944471579E+01,  8.65900000000008E+01,  1.36941520963154E+02,  2.50599399085815E+02
 1.98816666700000E+03,  4.10385560605480E-01,  1.62250000000000E-01,  2.84528303933300E+01,  8.67700000000008E+01,  1.76311955843667E+02,  3.12656049415265E+02
 1.98825000000000E+03,  4.16447286204010E-01,  3.85750000000000E-01,  2.84732630982441E+01,  8.69500000000008E+01,  1.48940138067672E+02,  2.55417795114859E+02
 1.98833333300000E+03,  3.78756117917216E-01,  5.45500000000000E-01,  2.84932920694393E+01,  8.71300000000008E+01,  1.66828731630756E+02,  3.72035346159111E+02
 1.98841666700000E+03,  2.97626131424077E-01,  3.99250000000000E-01,  2.85129168572658E+01,  8.73100000000008E+01,  1.62838699771440E+02,  3.57361896365403E+02
 1.98850000000000E+03,  2.03549619188711E-01,  8.77500000000000E-02,  2.85321370548408E+01,  8.74900000000008E+01,  1.59791422316365E+02,  3.27140496461300E+02
 1.98858333300000E+03,  2.43406875429730E-01,  2.50000000000000E-04,  2.85509522979999E+01,  8.76700000000008E+01,  1.29676340265580E+02,  2.62350732254882E+02
 1.98866666700000E+03,  4.09348477364176E-01,  7.05000000000000E-02,  3.20708822521854E+01,  8.78500000000008E+01,  1.37477544623106E+02,  2.52446862270534E+02
 1.98875000000000E+03,  4.99451987189443E-01,  2.12750000000000E-01,  3.21267777546733E+01,  8.80300000000008E+01,  1.43887123079735E+02,  1.72354632073426E+02
 1.98883333300000E+03,  5.91298097869395E-01,  4.88500000000000E-01,  3.21826947183870E+01,  8.82100000000008E+01,  1.32221733891843E+02,  1.83567855421999E+02
 1.98891666700000E+03,  7.33325669593355E-01,  6.06750000000000E-01,  3.22386281976074E+01,  8.83900000000008E+01,  1.18936502070762E+02,  2.05302680732037E+02
 1.98900000000000E+03,  7.41212956651944E-01,  5.11750000000000E-01,  3.22945732487152E+01,  8.85700000000008E+01,  1.12821986698019E+02,  2.26152214197871E+02
 1.98908333300000E+03,  5.51724834939537E-01,  3.77000000000000E-01,  3.23505249307736E+01,  8.87500000000009E+01,  1.58574510434054E+02,  2.93638292726499E+02
 1.98916666700000E+03,  3.03777245732348E-01,  1.25250000000000E-01,  3.24064783061101E+01,  8.89300000000009E+01,  1.46214955541844E+02,  2.43695823215032E+02
 1.98925000000000E+03,  2.00300455042469E-01,  1.60000000000000E-02,  3.24624284408984E+01,  8.91100000000009E+01,  1.34815899550108E+02,  1.96050878288873E+02
 1.98933333300000E+03,  2.97447778930851E-01,  4.57250000000000E-01,  3.25183704057390E+01,  8.92900000000009E+01,  1.50667606242422E+02,  1.83536604921473E+02
 1.98941666700000E+03,  4.49518355300981E-01,  1.04500000000000E+00,  3.25742992762384E+01,  8.94700000000009E+01,  1.42109727888256E+02,  1.59069375594864E+02
 1.98950000000000E+03,  4.70192933072574E-01,  1.30300000000000E+00,  3.26302101335889E+01,  8.96500000000009E+01,  8.18737422457379E+01,  1.20629847172324E+02
 1.98958333300000E+03,  4.70317264375394E-01,  1.16275000000000E+00,  3.26860980651464E+01,  8.98300000000009E+01,  6.18087637276503E+01,  1.10807474006733E+02
 1.98966666700000E+03,  6.44838380031458E-01,  8.26500000000000E-01,  2.75345691935406E+01,  9.00100000000009E+01,  9.85144007088822E+01,  8.19681510655724E+01
 1.98975000000000E+03,  8.31141177261577E-01,  5.77000000000000E-01,  2.74945544941390E+01,  9.01900000000009E+01,  1.29428209876788E+02,  9.25159411399187E+01
 1.98983333300000E+03,  8.53671683982320E-01,  4.98000000000000E-01,  2.74544290337368E+01,  9.03700000000009E+01,  1.81827058540425E+02,  9.38427082456446E+01
 1.98991666700000E+03,  7.24899586538295E-01,  6.27000000000000E-01,  2.74141951668804E+01,  9.05500000000009E+01,  2.13989634089550E+02,  5.59945145294839E+01
 1.99000000000000E+03,  5.12573035067811E-01,  7.37500000000000E-01,  2.73738552808281E+01,  9.07300000000009E+01,  2.99047736817514E+02,  1.90024118005988E+02
 1.99008333300000E+03,  3.38299989508238E-01,  7.63000000000000E-01,  2.73334117953012E+01,  9.09100000000009E+01,  2.51526320461758E+02,  1.97772299286447E+02
 1.99016666700000E+03,  3.05687056493076E-01,  7.10500000000000E-01,  2.72928671622282E+01,  9.10900000000009E+01,  2.69388795830410E+02,  2.33098966084908E+02
 1.99025000000000E+03,  4.28193457497726E-01,  6.51000000000000E-01,  2.72522238654856E+01,  9.12700000000009E+01,  2.45461171482218E+02,  2.62551616269488E+02
 1.99033333300000E+03,  6.13394066049864E-01,  7.74000000000000E-01,  2.72114844206324E+01,  9.14500000000010E+01,  3.17651015141092E+02,  3.61454362224733E+02
 1.99041666700000E+03,  7.24340361492035E-01,  8.27000000000000E-01,  2.71706513746391E+01,  9.16300000000010E+01,  3.36612479226477E+02,  3.13256713664426E+02
 1.99050000000000E+03,  6.77035149361550E-01,  8.49250000000000E-01,  2.71297273056127E+01,  9.18100000000010E+01,  3.13390574202206E+02,  3.01318916042045E+02
 1.99058333300000E+03,  5.49436634110411E-01,  1.00300000000000E+00,  2.70887148225151E+01,  9.19900000000010E+01,  3.00117227091676E+02,  3.13579504304330E+02
 1.99066666700000E+03,  5.22031850839235E-01,  9.67000000000000E-01,  3.52734089393997E+01,  9.21700000000010E+01,  3.53193422435724E+02,  3.15513129468649E+02
 1.99075000000000E+03,  6.09441564509038E-01,  7.71000000000000E-01,  3.52457055669523E+01,  9.23500000000010E+01,  2.55082004360145E+02,  2.46946000365507E+02
 1.99083333300000E+03,  6.60625946664267E-01,  6.22250000000000E-01,  3.52180653515989E+01,  9.25300000000010E+01,  1.49904703767654E+02,  1.70850788402645E+02
 1.99091666700000E+03,  5.98626644533024E-01,  4.48750000000000E-01,  3.51904901715846E+01,  9.27100000000010E+01,  2.55818728720371E+02,  2.45851733679888E+02
 1.99100000000000E+03,  4.56017676691195E-01,  2.31500000000000E-01,  3.51629818727970E+01,  9.28900000000010E+01,  2.24163720561667E+02,  2.06492199410568E+02
 1.99108333300000E+03,  2.95300641373101E-01,  5.85000000000000E-02,  3.51355422685542E+01,  9.30700000000010E+01,  1.68556376709788E+02,  2.15919522129837E+02
 1.99116666700000E+03,  1.64188790202504E-01, -1.67500000000000E-02,  3.51081731394001E+01,  9.32500000000010E+01,  2.91502162697867E+02,  2.99101884409957E+02
 1.99125000000000E+03,  7.44266204496289E-02, -1.11750000000000E-01,  3.50808762329043E+01,  9.34300000000010E+01,  3.27895600670744E+02,  3.71345578145979E+02
 1.99133333300000E+03,  1.65552806119863E-02, -2.23500000000000E-01,  3.50536532634676E+01,  9.36100000000010E+01,  2.75892059557043E+02,  3.82630750632949E+02
 1.99141666700000E+03, -1.11441364298146E-02, -1.77000000000000E-01,  3.50265059121340E+01,  9.37900000000010E+01,  2.89082526798378E+02,  4.87940496178255E+02
 1.99150000000000E+03,  8.16537151059746E-03,  4.80000000000000E-02,  3.49994358264078E+01,  9.39700000000011E+01,  2.67441497647081E+02,  4.33445228262799E+02
 1.99158333300000E+03,  1.80297814604073E-01,  4.50000000000000E-01,  3.49724446200764E+01,  9.41500000000011E+01,  1.59294446446566E+02,  3.88015106851134E+02
 1.99166666700000E+03,  4.78246847267859E-01,  6.10750000000000E-01,  3.52309366034908E+01,  9.43300000000011E+01,  1.32250898787642E+02,  3.44383676457538E+02
 1.99175000000000E+03,  6.47056659447471E-01,  2.67250000000000E-01,  3.52033308879819E+01,  9.45100000000011E+01,  7.97528641114026E+01,  2.66627214359359E+02
 1.99183333300000E+03,  6.22209258757782E-01,  8.35000000000000E-02,  3.51757911976297E+01,  9.46900000000011E+01,  6.42013155274384E+01,  1.33040511945331E+02
 1.99191666700000E+03,  4.84922317716578E-01,  2.47500000000000E-01,  3.51483193609544E+01,  9.48700000000011E+01,  6.75757914977049E+01,  1.45667917359503E+02
 1.99200000000000E+03,  2.81005793179364E-01,  3.38250000000000E-01,  3.51209171737965E+01,  9.50500000000011E+01,  8.70243365097412E+01,  1.37093239925375E+02
 1.99208333300000E+03,  8.03455732270080E-02,  2.02500000000000E-01,  3.50935863991149E+01,  9.52300000000011E+01,  1.28154174907204E+02,  1.86740155830692E+02
 1.99216666700000E+03, -6.40915969386203E-02, -1.02500000000000E-01,  3.50663287667893E+01,  9.54100000000011E+01,  1.43615410317865E+02,  1.84350261655528E+02
 1.99225000000000E+03, -1.34763696818934E-01, -3.19500000000000E-01,  3.50391459734300E+01,  9.55900000000011E+01,  1.75394758453958E+02,  2.16943626642562E+02
 1.99233333300000E+03, -1.36484438649286E-01, -3.10000000000000E-01,  3.50120396821917E+01,  9.57700000000011E+01,  1.77028852913970E+02,  2.54094562896005E+02
 1.99241666700000E+03, -7.31775323786692E-02, -1.90000000000000E-01,  3.49850115225941E+01,  9.59500000000011E+01,  1.32937866943550E+02,  2.26668828922381E+02
 1.99250000000000E+03,  5.73471579044577E-02, -3.55000000000000E-02,  3.49580630903484E+01,  9.61300000000011E+01,  9.95861791663852E+01,  1.93087670475415E+02
 1.99258333300000E+03,  1.34307893539321E-01, -2.45000000000000E-02,  3.49311959471886E+01,  9.63100000000011E+01,  9.13272197090521E+01,  1.89047970808670E+02
 1.99266666700000E+03,  7.00370936896308E-02, -1.99500000000000E-01,  4.30806497125639E+01,  9.64900000000011E+01,  8.82739264276816E+01,  1.90246037721220E+02
 1.99275000000000E+03, -5.43347059798795E-03, -2.99000000000000E-01,  4.30650854219291E+01,  9.66700000000012E+01,  1.25724533236875E+02,  2.35130068116317E+02
 1.99283333300000E+03, -5.68063134299608E-02, -1.77500000000000E-01,  4.30492219027035E+01,  9.68500000000012E+01,  1.33193997560923E+02,  2.24949825618433E+02
 1.99291666700000E+03, -1.32461293660873E-01,  1.45000000000000E-02,  4.30330622831021E+01,  9.70300000000012E+01,  1.55691329867286E+02,  2.36147590872720E+02
 1.99300000000000E+03, -1.95870963398091E-01,  9.62500000000000E-02,  4.30166097113982E+01,  9.72100000000012E+01,  1.52658978766847E+02,  2.81418111336024E+02
 1.99308333300000E+03, -2.04801696069748E-01,  1.18500000000000E-01,  4.29998673553919E+01,  9.73900000000012E+01,  1.12052187185164E+02,  2.76870582189857E+02
 1.99316666700000E+03, -1.45240752152224E-01,  1.43500000000000E-01,  4.29828384018768E+01,  9.75700000000012E+01,  8.30876880756229E+01,  2.04927040961287E+02
 1.99325000000000E+03, -4.02026283926638E-02,  1.44000000000000E-01,  4.29655260561052E+01,  9.77500000000012E+01,  8.19497164387080E+01,  2.29982664686924E+02
 1.99333333300000E+03,  7.30235845463970E-02,  1.22750000000000E-01,  4.29479335412504E+01,  9.79300000000012E+01,  1.04260329441407E+02,  2.52866356554124E+02
 1.99341666700000E+03,  1.73279012966112E-01,  2.27500000000000E-02,  4.29300640978684E+01,  9.81100000000012E+01,  1.32556525456142E+02,  3.11563505244394E+02
 1.99350000000000E+03,  2.63694161547141E-01, -1.41250000000000E-01,  4.29119209833580E+01,  9.82900000000012E+01,  1.27468435406621E+02,  2.92923429198010E+02
 1.99358333300000E+03,  2.93633287892805E-01, -1.43000000000000E-01,  4.28935074714182E+01,  9.84700000000012E+01,  1.26896738162990E+02,  2.84782767830423E+02
 1.99366666700000E+03,  2.31300442534062E-01, -1.78750000000000E-01,  3.76324746073428E+01,  9.86500000000012E+01,  1.29383777075794E+02,  2.62165118895773E+02
 1.99375000000000E+03,  1.57207693271607E-01, -4.28250000000000E-01,  3.76152197292316E+01,  9.88300000000012E+01,  8.93843819828953E+01,  1.99881275353822E+02
 1.99383333300000E+03,  9.58771261996721E-02, -4.83500000000000E-01,  3.75980315997365E+01,  9.90100000000012E+01,  1.60282481799318E+02,  3.76986170190757E+02
 1.99391666700000E+03,  2.79155246023783E-02, -3.82500000000000E-01,  3.75809084698614E+01,  9.91900000000012E+01,  1.95765257453991E+02,  4.17835751522457E+02
 1.99400000000000E+03, -1.34541918787908E-02, -3.87000000000000E-01,  3.75638485680820E+01,  9.93700000000013E+01,  2.03284589297976E+02,  5.33522369077151E+02
 1.99408333300000E+03,  7.20501807197466E-03, -3.18500000000000E-01,  3.75468501007522E+01,  9.95500000000013E+01,  3.32522419830606E+02,  7.08706484411332E+02
 1.99416666700000E+03,  9.56368136257122E-02, -1.51000000000000E-01,  3.75299112525145E+01,  9.97300000000013E+01,  3.76379506246876E+02,  7.53056690461234E+02
 1.99425000000000E+03,  2.21390473042527E-01, -2.75000000000000E-02,  3.75130301867142E+01,  9.99100000000013E+01,  2.99678763630419E+02,  5.02104501597425E+02
 1.99433333300000E+03,  3.42544146103936E-01,  5.87500000000000E-02,  3.74962050458176E+01,  1.00090000000001E+02,  3.10855595473908E+02,  4.72216009710311E+02
 1.99441666700000E+03,  4.37226217123372E-01,  8.05000000000000E-02,  3.74794339518328E+01,  1.00270000000001E+02,  3.24270701227279E+02,  3.88581953870843E+02
 1.99450000000000E+03,  5.11755001508756E-01,  1.82500000000000E-02,  3.74627150067348E+01,  1.00450000000001E+02,  2.33351036923010E+02,  2.47868874559920E+02
 1.99458333300000E+03,  5.40638190985133E-01, -9.65000000000000E-02,  3.74460462928936E+01,  1.00630000000001E+02,  2.13742193813372E+02,  2.66629381637483E+02
 1.99466666700000E+03,  5.07905701433925E-01, -1.58500000000000E-01,  3.69078975558417E+01,  1.00810000000001E+02,  1.96490924146715E+02,  2.99479256518078E+02
 1.99475000000000E+03,  5.23893466553367E-01,  9.17500000000000E-02,  3.69646103277507E+01,  1.00990000000001E+02,  2.12050324186756E+02,  3.48309440024362E+02
 1.99483333300000E+03,  6.53137859504456E-01,  5.76750000000000E-01,  3.70213431227066E+01,  1.01170000000001E+02,  1.83762321529870E+02,  3.98836098888792E+02
 1.99491666700000E+03,  7.49563151894493E-01,  7.84750000000000E-01,  3.70780907782527E+01,  1.01350000000001E+02,  2.15334351162047E+02,  4.31058111291217E+02
 1.99500000000000E+03,  6.48180790960348E-01,  6.62250000000000E-01,  3.71348481344103E+01,  1.01530000000001E+02,  1.69839608688208E+02,  3.54079883804284E+02
 1.99508333300000E+03,  3.88973507786900E-01,  4.90000000000000E-01,  3.71916100343044E+01,  1.01710000000001E+02,  2.38404850281884E+02,  3.93593514217170E+02
 1.99516666700000E+03,  1.89139096672259E-01,  3.57000000000000E-01,  3.72483713247892E+01,  1.01890000000001E+02,  2.45038751132637E+02,  4.56901282954428E+02
 1.99525000000000E+03,  2.15363704923746E-01,  5.24000000000000E-01,  3.73051268570718E+01,  1.02070000000001E+02,  2.39294546604609E+02,  3.60680462490893E+02
 1.99533333300000E+03,  4.05965854833167E-01,  8.81750000000000E-01,  3.73618714873366E+01,  1.02250000000001E+02,  2.76669192145577E+02,  5.38684174287856E+02
 1.99541666700000E+03,  5.41320651593011E-01,  1.02050000000000E+00,  3.74186000773669E+01,  1.02430000000001E+02,  2.82950737033977E+02,  5.65911443338611E+02
 1.99550000000000E+03,  4.86263429529577E-01,  1.02775000000000E+00,  3.74753074951670E+01,  1.02610000000001E+02,  2.05463350938925E+02,  4.79584506932703E+02
 1.99558333300000E+03,  4.59732033597531E-01,  9.47250000000000E-01,  3.75319886155820E+01,  1.02790000000001E+02,  1.56670037769950E+02,  3.81394693080770E+02
 1.99566666700000E+03,  6.58011212908990E-01,  7.67000000000000E-01,  3.36787431062431E+01,  1.02970000000001E+02,  1.70941671286077E+02,  3.92536367152127E+02
 1.99575000000000E+03,  8.70497473918133E-01,  7.85000000000000E-01,  3.36433792197403E+01,  1.03150000000001E+02,  7.44794189249651E+01,  1.82822414583301E+02
 1.99583333300000E+03,  9.53356053904198E-01,  8.86250000000000E-01,  3.36078388360955E+01,  1.03330000000001E+02,  6.91879769178491E+01,  1.42175484268565E+02
 1.99591666700000E+03,  9.03532544609865E-01,  8.33750000000000E-01,  3.35721230845186E+01,  1.03510000000001E+02,  9.45631968324352E+01,  1.57553720123624E+02
 1.99600000000000E+03,  7.01995406381809E-01,  7.27750000000000E-01,  3.35362331343805E+01,  1.03690000000001E+02,  8.62382666248398E+01,  1.23172054755173E+02
 1.99608333300000E+03,  4.23114174920320E-01,  5.30750000000000E-01,  3.35001701951644E+01,  1.03870000000001E+02,  9.65188686193558E+01,  3.09652239147145E+02
 1.99616666700000E+03,  1.89396859416401E-01,  4.42750000000000E-01,  3.34639355164092E+01,  1.04050000000001E+02,  9.69732059407099E+01,  2.54231612718498E+02
 1.99625000000000E+03,  9.14264664568589E-02,  6.03500000000000E-01,  3.34275303876484E+01,  1.04230000000001E+02,  9.22047980734920E+01,  2.62641270194605E+02
 1.99633333300000E+03,  1.38319430846523E-01,  6.95250000000000E-01,  3.33909561383409E+01,  1.04410000000001E+02,  9.17238288019584E+01,  3.39800709692851E+02
 1.99641666700000E+03,  2.72760847426222E-01,  6.37750000000000E-01,  3.33542141377956E+01,  1.04590000000001E+02,  1.30030936679553E+02,  4.95004904973607E+02
 1.99650000000000E+03,  4.24030799755577E-01,  5.66500000000000E-01,  3.33173057950900E+01,  1.04770000000001E+02,  1.66613338157288E+02,  3.85264621759681E+02
 1.99658333300000E+03,  4.72751711066355E-01,  4.65250000000000E-01,  3.32802325589820E+01,  1.04950000000001E+02,  1.48400358005927E+02,  3.98249958723977E+02
 1.99666666700000E+03,  3.89705330097324E-01,  2.93750000000000E-01,  4.05469302749640E+01,  1.05130000000001E+02,  1.68984232139302E+02,  4.11211043389876E+02
 1.99675000000000E+03,  3.20017746810277E-01,  1.52000000000000E-01,  4.05180765334448E+01,  1.05310000000001E+02,  2.03659681982529E+02,  3.98708809521270E+02
 1.99683333300000E+03,  3.02641920258839E-01,  7.50000000000000E-02,  4.04892518514705E+01,  1.05490000000001E+02,  2.32264441262676E+02,  4.50012321163191E+02
 1.99691666700000E+03,  3.00108812207726E-01,  2.60000000000000E-02,  4.04604587041675E+01,  1.05670000000001E+02,  2.27532807528378E+02,  5.29759149481609E+02
 1.99700000000000E+03,  3.37772353640035E-01,  1.60750000000000E-01,  4.04316995368334E+01,  1.05850000000002E+02,  2.96090002181294E+02,  5.59076740460520E+02
 1.99708333300000E+03,  4.34554965255114E-01,  5.01750000000000E-01,  4.04029767646171E+01,  1.06030000000002E+02,  2.98920052197839E+02,  5.56068784382863E+02
 1.99716666700000E+03,  5.75930307548081E-01,  7.73250000000000E-01,  4.03742927722034E+01,  1.06210000000002E+02,  2.49027723895493E+02,  4.67385797436304E+02
 1.99725000000000E+03,  7.12735449813453E-01,  8.99250000000000E-01,  4.03456499135033E+01,  1.06390000000002E+02,  2.12442187783284E+02,  2.94995618546795E+02
 1.99733333300000E+03,  7.90717294953250E-01,  1.02425000000000E+00,  4.03170505113507E+01,  1.06570000000002E+02,  1.89793433519480E+02,  2.12944468198327E+02
 1.99741666700000E+03,  7.85924035949878E-01,  9.97250000000000E-01,  4.02884968572038E+01,  1.06750000000002E+02,  1.52437840529184E+02,  2.47382955652403E+02
 1.99750000000000E+03,  7.15317413475050E-01,  7.92250000000000E-01,  4.02599912108527E+01,  1.06930000000002E+02,  1.34315372100104E+02,  2.32124432957614E+02
 1.99758333300000E+03,  7.11487264514730E-01,  7.39750000000000E-01,  4.02315358001327E+01,  1.07110000000002E+02,  2.06659440090524E+02,  3.14938540923268E+02
 1.99766666700000E+03,  7.85878982592285E-01,  8.82750000000000E-01,  3.38199646729325E+01,  1.07290000000002E+02,  1.65073517794463E+02,  3.26465602495896E+02
 1.99775000000000E+03,  7.48468140340533E-01,  1.03000000000000E+00,  3.37796875079044E+01,  1.07470000000002E+02,  1.29431354009083E+02,  2.53516118080479E+02
 1.99783333300000E+03,  6.46022693929455E-01,  1.09375000000000E+00,  3.37395758368320E+01,  1.07650000000002E+02,  9.75173989571702E+01,  1.90576076555589E+02
 1.99791666700000E+03,  6.26315979933558E-01,  1.13850000000000E+00,  3.36996338213864E+01,  1.07830000000002E+02,  9.43614351899806E+01,  1.92100826984337E+02
 1.99800000000000E+03,  6.91082446709103E-01,  1.21750000000000E+00,  3.36598656225780E+01,  1.08010000000002E+02,  6.07309915975729E+01,  1.43472482164008E+02
 1.99808333300000E+03,  7.90375112078806E-01,  1.29600000000000E+00,  3.36202754001642E+01,  1.08190000000002E+02,  6.60997948698116E+01,  9.82093184171507E+01
 1.99816666700000E+03,  8.43130131346031E-01,  1.20250000000000E+00,  3.35808673120549E+01,  1.08370000000002E+02,  1.08992769741598E+02,  1.86202174848351E+02
 1.99825000000000E+03,  7.83332486090253E-01,  9.03000000000000E-01,  3.35416455137189E+01,  1.08550000000002E+02,  1.14238712042576E+02,  1.68451136340941E+02
 1.99833333300000E+03,  6.08008616665989E-01,  6.21500000000000E-01,  3.35026141575884E+01,  1.08730000000002E+02,  1.52330164371830E+02,  2.62001717512744E+02
 1.99841666700000E+03,  3.90848484777789E-01,  4.23250000000000E-01,  3.34637773924638E+01,  1.08910000000002E+02,  1.08459487428948E+02,  2.36007602017254E+02
 1.99850000000000E+03,  2.42679245302673E-01,  3.00250000000000E-01,  3.34251393629178E+01,  1.09090000000002E+02,  1.09189365845154E+02,  2.51563544332355E+02
 1.99858333300000E+03,  2.58863664445978E-01,  3.09500000000000E-01,  3.33867042086998E+01,  1.09270000000002E+02,  6.47852110376386E+01,  1.55823348024983E+02
 1.99866666700000E+03,  3.80700890493456E-01,  4.17500000000000E-01,  4.81589340434324E+01,  1.09450000000002E+02,  1.67957192391410E+02,  4.08574747328470E+02
 1.99875000000000E+03,  4.44505448479693E-01,  5.79750000000000E-01,  4.81506953751513E+01,  1.09630000000002E+02,  1.31587089112202E+02,  3.31524672239823E+02
 1.99883333300000E+03,  4.33715893215901E-01,  7.55750000000000E-01,  4.81420835558660E+01,  1.09810000000002E+02,  1.40005313072330E+02,  4.14589624089305E+02
 1.99891666700000E+03,  4.08472708713100E-01,  7.30750000000000E-01,  4.81331012442158E+01,  1.09990000000002E+02,  1.33694764016631E+02,  4.21126021719536E+02
 1.99900000000000E+03,  3.95731569525630E-01,  4.91750000000000E-01,  4.81237511318921E+01,  1.10170000000002E+02,  1.48228374469456E+02,  4.31413501106064E+02
 1.99908333300000E+03,  4.18074371772149E-01,  2.60250000000000E-01,  4.81140359431379E+01,  1.10350000000002E+02,  4.97068853540578E+01,  1.82208069891646E+02
 1.99916666700000E+03,  4.70721379317362E-01,  1.77750000000000E-01,  4.81039584342422E+01,  1.10530000000002E+02,  5.69112914954848E+01,  1.61763124623008E+02
 1.99925000000000E+03,  5.23601944894156E-01,  4.17750000000000E-01,  4.80935213930308E+01,  1.10710000000002E+02,  5.58996829749897E+01,  9.46521144639623E+01
 1.99933333300000E+03,  5.49114183399627E-01,  7.35500000000000E-01,  4.80827276383534E+01,  1.10890000000002E+02,  1.10112814582992E+02,  1.23313424242874E+02
 1.99941666700000E+03,  5.49224850092493E-01,  7.59250000000000E-01,  4.80715800195666E+01,  1.11070000000002E+02,  1.06433691028557E+02,  1.23348851710054E+02
 1.99950000000000E+03,  5.53997788858834E-01,  7.04500000000000E-01,  4.80600814160134E+01,  1.11250000000002E+02,  9.55606388572666E+01,  1.69155650229517E+02
 1.99958333300000E+03,  5.63138888380372E-01,  7.62000000000000E-01,  4.80482347364988E+01,  1.11430000000002E+02,  8.86674467697983E+01,  1.96427014213720E+02
 1.99966666700000E+03,  5.84382891626473E-01,  7.36500000000000E-01,  3.57646318301600E+01,  1.11610000000002E+02,  8.07979877299061E+01,  1.59696752337181E+02
 1.99975000000000E+03,  5.88279146875202E-01,  5.50250000000000E-01,  3.58198132844202E+01,  1.11790000000002E+02,  7.24752954635063E+01,  2.45960536488670E+02
 1.99983333300000E+03,  4.37146129769639E-01,  3.56750000000000E-01,  3.58751195117459E+01,  1.11970000000002E+02,  7.97317648005897E+01,  2.48623520808108E+02
 1.99991666700000E+03,  1.65652425944015E-01,  1.25250000000000E-01,  3.59305454358601E+01,  1.12150000000002E+02,  8.55544278889576E+01,  2.67145399422957E+02
 2.00000000000000E+03,  1.81552474363145E-02, -2.77500000000000E-02,  3.59860859701989E+01,  1.12330000000002E+02,  1.28285108395755E+02,  2.75234645727015E+02
 2.00008333300000E+03,  1.31722329594514E-01,  1.47750000000000E-01,  3.60417360185328E+01,  1.12510000000002E+02,  1.66878064048474E+02,  3.24297697144312E+02
 2.00016666700000E+03,  3.93324386406852E-01,  3.52750000000000E-01,  3.60974904755876E+01,  1.12690000000002E+02,  1.19997591225552E+02,  1.90743905496044E+02
 2.00025000000000E+03,  5.58985962734436E-01,  4.23750000000000E-01,  3.61533442276677E+01,  1.12870000000002E+02,  1.19458802530961E+02,  2.31283323390438E+02
 2.00033333300000E+03,  5.09110152962311E-01,  4.82000000000000E-01,  3.62092921532801E+01,  1.13050000000002E+02,  1.43902328709341E+02,  1.70138620690564E+02
 2.00041666700000E+03,  3.67285342234580E-01,  4.10000000000000E-01,  3.62653291237583E+01,  1.13230000000002E+02,  1.09332212435201E+02,  1.73474544214756E+02
 2.00050000000000E+03,  3.55643105264400E-01,  3.89000000000000E-01,  3.63214500038883E+01,  1.13410000000002E+02,  8.68028669812959E+01,  1.30220390675762E+02
 2.00058333300000E+03,  4.70182817784842E-01,  5.20250000000000E-01,  3.63776496525342E+01,  1.13590000000002E+02,  1.22294829651559E+02,  1.81258948872376E+02
 2.00066666700000E+03,  5.50376162365919E-01,  4.36750000000000E-01,  4.28589179185089E+01,  1.13770000000002E+02,  1.56028246925322E+02,  2.33079933615885E+02
 2.00075000000000E+03,  5.66724717157115E-01,  1.59750000000000E-01,  4.28810380012656E+01,  1.13950000000002E+02,  1.36852099812962E+02,  2.19766542860348E+02
 2.00083333300000E+03,  5.01105330235072E-01,  1.05500000000000E-01,  4.29027184376059E+01,  1.14130000000002E+02,  1.30466314256723E+02,  1.91608303579428E+02
 2.00091666700000E+03,  3.43868019533917E-01,  2.93250000000000E-01,  4.29239586264633E+01,  1.14310000000002E+02,  1.68933843489660E+02,  2.35284036463520E+02
 2.00100000000000E+03,  1.77811887318880E-01,  3.96750000000000E-01,  4.29447580178076E+01,  1.14490000000002E+02,  1.64548810422553E+02,  3.54934706600663E+02
 2.00108333300000E+03,  7.46423396787216E-02,  4.35250000000000E-01,  4.29651161125957E+01,  1.14670000000002E+02,  1.43450065356215E+02,  2.68379657863801E+02
 2.00116666700000E+03,  3.96371036835475E-02,  5.46250000000000E-01,  4.29850324627153E+01,  1.14850000000002E+02,  1.57758538601709E+02,  2.82604095235733E+02
 2.00125000000000E+03,  2.48200981240116E-02,  6.52750000000000E-01,  4.30045066709217E+01,  1.15030000000002E+02,  1.84598520523641E+02,  4.39743455532772E+02
 2.00133333300000E+03, -7.05045484926988E-03,  8.26000000000000E-01,  4.30235383907673E+01,  1.15210000000002E+02,  1.45488546490694E+02,  4.31889702324417E+02
 2.00141666700000E+03, -3.70264624194989E-02,  9.14250000000000E-01,  4.30421273265242E+01,  1.15390000000002E+02,  1.16930582427762E+02,  2.62497642947204E+02
 2.00150000000000E+03, -1.07462151275844E-02,  7.66750000000000E-01,  4.30602732330991E+01,  1.15570000000002E+02,  1.13377536263403E+02,  2.99071385356768E+02
 2.00158333300000E+03,  2.26141972211359E-01,  7.53500000000000E-01,  4.30779759159424E+01,  1.15750000000002E+02,  1.30074819921788E+02,  3.61891937092059E+02
 2.00166666700000E+03,  6.24405143725798E-01,  9.67000000000000E-01,  4.16586178496742E+01,  1.15930000000002E+02,  1.83599351144218E+02,  2.38486032150269E+02
 2.00175000000000E+03,  8.48007865771700E-01,  1.07175000000000E+00,  4.16420501735911E+01,  1.16110000000002E+02,  3.29711519845159E+02,  4.21000363572040E+02
 2.00183333300000E+03,  8.63727442237765E-01,  9.81250000000000E-01,  4.16254461747019E+01,  1.16290000000002E+02,  3.29833209336848E+02,  4.14559529011284E+02
 2.00191666700000E+03,  8.08656535626362E-01,  9.11000000000000E-01,  4.16088034309394E+01,  1.16470000000002E+02,  3.09380603044038E+02,  3.99312440419008E+02
 2.00200000000000E+03,  7.15332516220409E-01,  9.37500000000000E-01,  4.15921195202807E+01,  1.16650000000002E+02,  2.71836623889455E+02,  3.24401759376892E+02
 2.00208333300000E+03,  6.25525046839191E-01,  9.28750000000000E-01,  4.15753920212870E+01,  1.16830000000002E+02,  2.03991253357853E+02,  2.93302550615000E+02
 2.00216666700000E+03,  5.57429393329871E-01,  6.82500000000000E-01,  4.15586185136438E+01,  1.17010000000002E+02,  6.65328426307424E+01,  2.56340885982023E+02
 2.00225000000000E+03,  4.97696976900015E-01,  3.45750000000000E-01,  4.15417965787011E+01,  1.17190000000002E+02,  1.52328704773809E+02,  3.31785943065973E+02
 2.00233333300000E+03,  4.24285844652959E-01,  1.84500000000000E-01,  4.15249238000134E+01,  1.17370000000002E+02,  2.73981199876767E+02,  5.25715739840134E+02
 2.00241666700000E+03,  3.35887862009944E-01,  4.82500000000000E-02,  4.15079977638797E+01,  1.17550000000002E+02,  3.42948881384995E+02,  6.81232654839154E+02
 2.00250000000000E+03,  2.57943865584751E-01, -2.12500000000000E-02,  4.14910160598828E+01,  1.17730000000002E+02,  3.60919275324979E+02,  7.50762068642055E+02
 2.00258333300000E+03,  2.83746313518304E-01,  1.40500000000000E-01,  4.14739762814286E+01,  1.17910000000002E+02,  4.28504063743725E+02,  7.50402675592813E+02
 2.00266666700000E+03,  4.08065970350054E-01,  4.17250000000000E-01,  3.62563185121846E+01,  1.18090000000002E+02,  3.67482873017271E+02,  6.99255753010070E+02
 2.00275000000000E+03,  4.64050950446937E-01,  6.75000000000000E-01,  3.62722602907144E+01,  1.18270000000002E+02,  2.73270948258044E+02,  5.38179668606203E+02
 2.00283333300000E+03,  4.26440379520034E-01,  8.10750000000000E-01,  3.62887158138059E+01,  1.18450000000002E+02,  2.00357409388126E+02,  4.17609179956257E+02
 2.00291666700000E+03,  3.68595086526552E-01,  8.32500000000000E-01,  3.63056841883249E+01,  1.18630000000002E+02,  2.14404655294593E+02,  3.56979605068108E+02
 2.00300000000000E+03,  3.26666510783424E-01,  7.58000000000000E-01,  3.63231644638308E+01,  1.18810000000002E+02,  1.21276608977223E+02,  2.36373951637093E+02
 2.00308333300000E+03,  3.39909274803835E-01,  6.57250000000000E-01,  3.63411556326329E+01,  1.18990000000002E+02,  1.08055766776232E+02,  2.24375019924064E+02
 2.00316666700000E+03,  4.17646284452478E-01,  7.07000000000000E-01,  3.63596566298540E+01,  1.19170000000002E+02,  7.32735750840989E+01,  1.53067202413136E+02
 2.00325000000000E+03,  5.31740545664467E-01,  8.10500000000000E-01,  3.63786663335025E+01,  1.19350000000002E+02,  1.37688802650836E+02,  1.96228344881141E+02
 2.00333333300000E+03,  6.40664380948434E-01,  9.43000000000000E-01,  3.63981835645527E+01,  1.19530000000002E+02,  1.44729054067286E+02,  2.31960201953047E+02
 2.00341666700000E+03,  7.20963390691647E-01,  1.11275000000000E+00,  3.64182070870327E+01,  1.19710000000002E+02,  1.45172424090049E+02,  1.72914328813244E+02
 2.00350000000000E+03,  7.76043956453481E-01,  1.23350000000000E+00,  3.64387356081207E+01,  1.19890000000002E+02,  1.77592823718689E+02,  1.97011398174210E+02
 2.00358333300000E+03,  7.29279386732692E-01,  1.36075000000000E+00,  3.64597677782497E+01,  1.20070000000002E+02,  2.69923266160924E+02,  3.41013704200097E+02
 2.00366666700000E+03,  6.19578051236888E-01,  1.37725000000000E+00,  3.97307778142092E+01,  1.20250000000002E+02,  3.57386161273009E+02,  4.25182201302706E+02
 2.00375000000000E+03,  6.32710149587653E-01,  1.10900000000000E+00,  3.97023673771040E+01,  1.20430000000002E+02,  4.69026172828572E+02,  6.54413262935344E+02
 2.00383333300000E+03,  6.79337298587541E-01,  7.69750000000000E-01,  3.96737620759030E+01,  1.20610000000002E+02,  5.36436684767479E+02,  7.89551569920710E+02
 2.00391666700000E+03,  6.17044727070901E-01,  7.09250000000000E-01,  3.96449614833617E+01,  1.20790000000002E+02,  5.45948364150315E+02,  7.72546808524026E+02
 2.00400000000000E+03,  4.89449963063731E-01,  8.25750000000000E-01,  3.96159652114275E+01,  1.20970000000002E+02,  4.81087133192182E+02,  6.42400120431592E+02
 2.00408333300000E+03,  3.65485483596174E-01,  8.60500000000000E-01,  3.95867729114544E+01,  1.21150000000002E+02,  3.94877024399594E+02,  5.53945316667189E+02
 2.00416666700000E+03,  2.97619251506244E-01,  6.96000000000000E-01,  3.95573842744103E+01,  1.21330000000002E+02,  2.39231613583790E+02,  2.87564977258591E+02
 2.00425000000000E+03,  3.01207530201838E-01,  4.28500000000000E-01,  3.95277990310788E+01,  1.21510000000002E+02,  2.12895542632250E+02,  1.71873471703607E+02
 2.00433333300000E+03,  3.65088410344123E-01,  4.97500000000000E-01,  3.94980169522533E+01,  1.21690000000002E+02,  1.56932021341080E+02,  1.49310373440693E+02
 2.00441666700000E+03,  4.73595516920357E-01,  8.78000000000000E-01,  3.94680378489259E+01,  1.21870000000002E+02,  1.32855615658468E+02,  1.49004098906931E+02
 2.00450000000000E+03,  6.13202907160338E-01,  1.13875000000000E+00,  3.94378615724682E+01,  1.22050000000002E+02,  1.03789966139516E+02,  1.57893332654789E+02
 2.00458333300000E+03,  6.31978928595964E-01,  1.19650000000000E+00,  3.94074880148069E+01,  1.22230000000002E+02,  2.02741935688866E+02,  2.63116179620564E+02
 2.00466666700000E+03,  4.99223263971305E-01,  1.04725000000000E+00,  3.62965461721338E+01,  1.22410000000002E+02,  1.97170978993103E+02,  3.23657551637026E+02
 2.00475000000000E+03,  4.57238867853424E-01,  8.79250000000000E-01,  3.62779775721871E+01,  1.22590000000002E+02,  2.21486642178015E+02,  3.59634780998284E+02
 2.00483333300000E+03,  5.05283763358870E-01,  8.31500000000000E-01,  3.62593024487107E+01,  1.22770000000002E+02,  2.84531932687153E+02,  5.37544335415030E+02
 2.00491666700000E+03,  5.19887794521375E-01,  6.64250000000000E-01,  3.62405187250323E+01,  1.22950000000002E+02,  3.03060249940383E+02,  5.55234510367530E+02
 2.00500000000000E+03,  5.25282436557952E-01,  3.16250000000000E-01,  3.62216243401189E+01,  1.23130000000002E+02,  3.25427116311407E+02,  5.87226154172329E+02
 2.00508333300000E+03,  5.53438126327233E-01,  1.65000000000000E-01,  3.62026172490413E+01,  1.23310000000002E+02,  3.71724531452965E+02,  6.61042084395741E+02
 2.00516666700000E+03,  6.11692015497201E-01,  4.08500000000000E-01,  3.61834954234384E+01,  1.23490000000002E+02,  4.33247949631818E+02,  7.85955378839468E+02
 2.00525000000000E+03,  6.74819456932133E-01,  7.09250000000000E-01,  3.61642568519767E+01,  1.23670000000002E+02,  3.86324872857032E+02,  7.13828520320496E+02
 2.00533333300000E+03,  7.07966287084923E-01,  8.89000000000000E-01,  3.61448995408086E+01,  1.23850000000002E+02,  3.89913768873781E+02,  6.97033628030110E+02
 2.00541666700000E+03,  6.96695288823236E-01,  9.74750000000000E-01,  3.61254215140276E+01,  1.24030000000002E+02,  2.64599219607601E+02,  5.56713312292616E+02
 2.00550000000000E+03,  6.54477394727799E-01,  9.12500000000000E-01,  3.61058208141208E+01,  1.24210000000002E+02,  2.05360470596088E+02,  4.21368781761357E+02
 2.00558333300000E+03,  7.01884906215406E-01,  8.04750000000000E-01,  3.60860955024182E+01,  1.24390000000002E+02,  2.34099337999615E+02,  3.72680376819898E+02
 2.00566666700000E+03,  8.46018953845459E-01,  7.64750000000000E-01,  3.86305478478336E+01,  1.24570000000002E+02,  2.92554659047246E+02,  4.58315172787586E+02
 2.00575000000000E+03,  8.78885310398354E-01,  7.86000000000000E-01,  3.86082267666502E+01,  1.24750000000002E+02,  2.42540731786348E+02,  4.26193546720229E+02
 2.00583333300000E+03,  7.91547746831309E-01,  7.99500000000000E-01,  3.85860236123883E+01,  1.24930000000002E+02,  2.34754346888956E+02,  4.36937498184040E+02
 2.00591666700000E+03,  6.97635313651809E-01,  6.37500000000000E-01,  3.85639382123663E+01,  1.25110000000002E+02,  2.71019435702709E+02,  5.80166725011362E+02
 2.00600000000000E+03,  6.36643228112637E-01,  3.75750000000000E-01,  3.85419703569974E+01,  1.25290000000002E+02,  1.76830659349337E+02,  5.16557521282736E+02
 2.00608333300000E+03,  6.45402480940537E-01,  3.07000000000000E-01,  3.85201197999326E+01,  1.25470000000002E+02,  1.28212914485697E+02,  3.46160565577033E+02
 2.00616666700000E+03,  7.26381291772360E-01,  5.27000000000000E-01,  3.84983862582099E+01,  1.25650000000002E+02,  1.30083081100643E+02,  3.22658609712395E+02
 2.00625000000000E+03,  8.42475578340106E-01,  8.85250000000000E-01,  3.84767694124089E+01,  1.25830000000002E+02,  1.60280460238326E+02,  3.41618383708719E+02
 2.00633333300000E+03,  9.43757957249879E-01,  1.07475000000000E+00,  3.84552689068121E+01,  1.26010000000002E+02,  1.11727139236463E+02,  2.69640476232919E+02
 2.00641666700000E+03,  1.00128271022416E+00,  9.98750000000000E-01,  3.84338843495730E+01,  1.26190000000002E+02,  9.07644746607361E+01,  2.24595257790491E+02
 2.00650000000000E+03,  1.01726456501718E+00,  9.03750000000000E-01,  3.84126153128888E+01,  1.26370000000002E+02,  1.00777039281187E+02,  2.69194937325605E+02
 2.00658333300000E+03,  9.92611421649318E-01,  1.00550000000000E+00,  3.83914613331807E+01,  1.26550000000002E+02,  8.89838322367056E+01,  2.39665394984216E+02
 2.00666666700000E+03,  9.66871784008761E-01,  1.16700000000000E+00,  4.16652025092330E+01,  1.26730000000002E+02,  9.23272450546075E+01,  3.47634608077189E+02
 2.00675000000000E+03,  9.88897344588874E-01,  1.26425000000000E+00,  4.16486486164961E+01,  1.26910000000002E+02,  8.17175146597825E+01,  2.72035419730735E+02
 2.00683333300000E+03,  1.00301263195373E+00,  1.30850000000000E+00,  4.16320593648705E+01,  1.27090000000002E+02,  9.65716722956613E+01,  2.80780817936096E+02
 2.00691666700000E+03,  9.60180273434606E-01,  1.18275000000000E+00,  4.16154323324218E+01,  1.27270000000002E+02,  1.23442318663621E+02,  2.49661196886457E+02
 2.00700000000000E+03,  8.91380913256411E-01,  1.03075000000000E+00,  4.15987650970448E+01,  1.27450000000002E+02,  1.34433080843835E+02,  2.54663369662214E+02
 2.00708333300000E+03,  8.34578398706548E-01,  1.00050000000000E+00,  4.15820552370036E+01,  1.27630000000002E+02,  1.16361191213392E+02,  1.15345877387533E+02
 2.00716666700000E+03,  8.02617321042164E-01,  9.70250000000000E-01,  4.15653003314714E+01,  1.27810000000002E+02,  1.11374395689330E+02,  1.13445245843544E+02
 2.00725000000000E+03,  7.76153615834852E-01,  9.14000000000000E-01,  4.15484979610709E+01,  1.27990000000002E+02,  1.27893346585933E+02,  1.01091275687508E+02
 2.00733333300000E+03,  7.27451244681350E-01,  8.26500000000000E-01,  4.15316457084146E+01,  1.28170000000002E+02,  7.21380063165052E+01,  5.41012820959366E+01
 2.00741666700000E+03,  6.50661256601865E-01,  6.94000000000000E-01,  4.15147411586445E+01,  1.28350000000002E+02,  8.25335497312784E+01,  8.28784391959720E+01
 2.00750000000000E+03,  5.68480309694105E-01,  5.66000000000000E-01,  4.14977818999718E+01,  1.28530000000002E+02,  9.47323410262833E+01,  1.09478540863973E+02
 2.00758333300000E+03,  5.19617112689389E-01,  4.50000000000000E-01,  4.14807655242162E+01,  1.28710000000002E+02,  1.14884681483733E+02,  9.79136937901290E+01
 2.00766666700000E+03,  5.21420194664371E-01,  4.44250000000000E-01,  3.63189781378660E+01,  1.28890000000002E+02,  1.10924752592041E+02,  1.11847738575514E+02
 2.00775000000000E+03,  5.43096763382034E-01,  6.12250000000000E-01,  3.63023018421776E+01,  1.29070000000002E+02,  1.45022092285465E+02,  2.20580547871368E+02
 2.00783333300000E+03,  5.46525373289171E-01,  7.73500000000000E-01,  3.62860782118398E+01,  1.29250000000002E+02,  1.26570851487205E+02,  1.88281318894837E+02
 2.00791666700000E+03,  5.27560673290665E-01,  8.04500000000000E-01,  3.62703098191533E+01,  1.29430000000002E+02,  1.04234337111755E+02,  1.82946973915171E+02
 2.00800000000000E+03,  5.13262917158741E-01,  8.43750000000000E-01,  3.62549991922166E+01,  1.29610000000002E+02,  9.92469098225079E+01,  1.82365195420370E+02
 2.00808333300000E+03,  5.36063175845044E-01,  9.72500000000000E-01,  3.62401488144989E+01,  1.29790000000002E+02,  9.60282614960091E+01,  2.18644817664614E+02
 2.00816666700000E+03,  6.02264397242471E-01,  1.00325000000000E+00,  3.62257611244172E+01,  1.29970000000002E+02,  7.00615332284329E+01,  1.39541467465062E+02
 2.00825000000000E+03,  6.85414242370652E-01,  1.04725000000000E+00,  3.62118385149207E+01,  1.30150000000002E+02,  8.29240306258162E+01,  1.37507886633963E+02
 2.00833333300000E+03,  7.50408260001597E-01,  1.16950000000000E+00,  3.61983833330809E+01,  1.30330000000002E+02,  8.61748651754839E+01,  1.43121862061715E+02
 2.00841666700000E+03,  7.84001463977666E-01,  1.02550000000000E+00,  3.61853978796875E+01,  1.30510000000002E+02,  7.45716841205208E+01,  1.39626855353267E+02
 2.00850000000000E+03,  8.01697884913513E-01,  7.63250000000000E-01,  3.61728844088518E+01,  1.30690000000002E+02,  6.42918326918089E+01,  1.06881802092664E+02
 2.00858333300000E+03,  6.15435798073978E-01,  6.67500000000000E-01,  3.61608451276145E+01,  1.30870000000002E+02,  5.48074781899724E+01,  6.93575291214487E+01
 2.00866666700000E+03,  2.21646320975604E-01,  5.88250000000000E-01,  4.40205876885185E+01,  1.31050000000002E+02,  6.43457750988964E+01,  7.74126570062803E+01
 2.00875000000000E+03,  2.99491769544173E-02,  3.46750000000000E-01,  4.39951052605739E+01,  1.31230000000002E+02,  1.00446463005681E+02,  1.01870151437163E+02
 2.00883333300000E+03,  5.17414346307457E-02,  4.50000000000000E-03,  4.39697366464130E+01,  1.31410000000002E+02,  9.82472050596804E+01,  1.02950494667361E+02
 2.00891666700000E+03,  8.64738688493459E-02, -2.16500000000000E-01,  4.39444826232490E+01,  1.31590000000002E+02,  1.21145998043645E+02,  1.02651499549155E+02
 2.00900000000000E+03,  1.42187328803674E-01, -2.72750000000000E-01,  4.39193439276475E+01,  1.31770000000002E+02,  1.13530750252700E+02,  1.04118171972773E+02
 2.00908333300000E+03,  2.28714546884393E-01, -1.96250000000000E-01,  4.38943212555126E+01,  1.31950000000002E+02,  1.41543028683926E+02,  2.41345707386747E+02
 2.00916666700000E+03,  3.32272839417717E-01, -6.75000000000000E-03,  4.38694152620785E+01,  1.32130000000002E+02,  1.06661195501003E+02,  1.89177625323820E+02
 2.00925000000000E+03,  4.14103229132050E-01,  1.55250000000000E-01,  4.38446265619099E+01,  1.32310000000003E+02,  1.17005858253451E+02,  2.29214239306052E+02
 2.00933333300000E+03,  4.37757304534667E-01,  4.12250000000000E-01,  4.38199557289084E+01,  1.32490000000003E+02,  9.08444252384713E+01,  2.30215278269002E+02
 2.00941666700000E+03,  4.00021796748065E-01,  9.09000000000000E-01,  4.37954032963267E+01,  1.32670000000003E+02,  1.04262495099477E+02,  2.29933703391424E+02
 2.00950000000000E+03,  3.35456909154337E-01,  1.23600000000000E+00,  4.37709697567896E+01,  1.32850000000003E+02,  7.76727631701255E+01,  9.41430145184009E+01
 2.00958333300000E+03,  3.81809886816621E-01,  1.16425000000000E+00,  4.37466555623227E+01,  1.33030000000003E+02,  1.27850526752763E+02,  1.22826281922413E+02
 2.00966666700000E+03,  5.86205317692129E-01,  1.13425000000000E+00,  4.20037514487824E+01,  1.33210000000003E+02,  1.61943955127063E+02,  1.24070056293031E+02
 2.00975000000000E+03,  7.66066081772466E-01,  1.26875000000000E+00,  4.19873914753402E+01,  1.33390000000003E+02,  1.65257870656435E+02,  1.38778810561187E+02
 2.00983333300000E+03,  8.49283068168422E-01,  1.26500000000000E+00,  4.19710452894779E+01,  1.33570000000003E+02,  1.60514685056115E+02,  1.43421625918007E+02
 2.00991666700000E+03,  8.85483719046405E-01,  1.11800000000000E+00,  4.19547105928480E+01,  1.33750000000003E+02,  1.64691393486590E+02,  1.34822895776387E+02
 2.01000000000000E+03,  8.97302178890579E-01,  9.98250000000000E-01,  4.19383850759343E+01,  1.33930000000003E+02,  1.10350718785301E+02,  1.03400810590826E+02
 2.01008333300000E+03,  9.14607792128308E-01,  1.03200000000000E+00,  4.19220664185706E+01,  1.34110000000003E+02,  1.03528340908831E+02,  7.97808990655116E+01
 2.01016666700000E+03,  9.43779439119371E-01,  1.18175000000000E+00,  4.19057522904603E+01,  1.34290000000003E+02,  2.03431446908057E+02,  1.68957595050079E+02
 2.01025000000000E+03,  9.61624095789216E-01,  1.28550000000000E+00,  4.18894403516987E+01,  1.34470000000003E+02,  2.08116433087089E+02,  1.81190419101879E+02
 2.01033333300000E+03,  9.39592835516236E-01,  1.25575000000000E+00,  4.18731282532958E+01,  1.34650000000003E+02,  2.05614219512826E+02,  2.11023395955502E+02
 2.01041666700000E+03,  8.73862484907872E-01,  1.03300000000000E+00,  4.18568136377021E+01,  1.34830000000003E+02,  2.00442437116973E+02,  1.97252086891360E+02
 2.01050000000000E+03,  7.91266815283231E-01,  7.23500000000000E-01,  4.18404941393354E+01,  1.35010000000003E+02,  1.96879397728168E+02,  2.50109113908376E+02
 2.01058333300000E+03,  7.32199631630316E-01,  6.78250000000000E-01,  4.18241673851089E+01,  1.35190000000003E+02,  9.55436008394352E+01,  1.37660142503074E+02
 2.01066666700000E+03,  7.42258421295714E-01,  8.11000000000000E-01,  4.45152676721419E+01,  1.35370000000003E+02,  9.79243378810853E+01,  1.79681237488867E+02
 2.01075000000000E+03,  7.96888117583127E-01,  7.92000000000000E-01,  4.44862409090385E+01,  1.35550000000003E+02,  8.72729332742035E+01,  1.75549709184783E+02
 2.01083333300000E+03,  7.85400821580534E-01,  7.78500000000000E-01,  4.44570132400219E+01,  1.35730000000003E+02,  1.65880296820881E+02,  2.93351793566058E+02
 2.01091666700000E+03,  6.68384874711596E-01,  8.63250000000000E-01,  4.44275842641521E+01,  1.35910000000003E+02,  1.39060088466211E+02,  2.35129004956988E+02
 2.01100000000000E+03,  5.10828495239440E-01,  8.45000000000000E-01,  4.43979536221987E+01,  1.36090000000003E+02,  1.65097859681294E+02,  2.67354060201433E+02
 2.01108333300000E+03,  3.93737047057334E-01,  7.11500000000000E-01,  4.43681209968630E+01,  1.36270000000003E+02,  1.85276779112485E+02,  2.94934262014981E+02
 2.01116666700000E+03,  3.67363220110194E-01,  7.73250000000000E-01,  4.43380861129932E+01,  1.36450000000003E+02,  2.28554465643168E+02,  3.75718809481169E+02
 2.01125000000000E+03,  4.30285808111952E-01,  1.12975000000000E+00,  4.43078487377925E+01,  1.36630000000003E+02,  2.77242665897079E+02,  4.75798693977749E+02
 2.01133333300000E+03,  5.45065504170018E-01,  1.29400000000000E+00,  4.42774086810200E+01,  1.36810000000003E+02,  3.77870076607511E+02,  5.26255272201394E+02
 2.01141666700000E+03,  6.69411468320192E-01,  1.02150000000000E+00,  4.42467657951843E+01,  1.36990000000003E+02,  4.77858235804536E+02,  5.71927157185311E+02
 2.01150000000000E+03,  7.73154561142577E-01,  6.83500000000000E-01,  4.42159199757299E+01,  1.37170000000003E+02,  4.49105088531873E+02,  5.55916629794710E+02
 2.01158333300000E+03,  8.12173170276866E-01,  6.20750000000000E-01,  4.41848711612162E+01,  1.37350000000003E+02,  3.87858541952016E+02,  4.62777144778938E+02
 2.01166666700000E+03,  7.94552327371134E-01,  8.25500000000000E-01,  5.30459378501176E+01,  1.37530000000003E+02,  3.01752596292713E+02,  3.85738978107264E+02
 2.01175000000000E+03,  7.82645067431161E-01,  9.36750000000000E-01,  5.30427230293150E+01,  1.37710000000003E+02,  2.05900516883107E+02,  3.17808206189145E+02
 2.01183333300000E+03,  7.52144731245380E-01,  7.53000000000000E-01,  5.30390923094450E+01,  1.37890000000003E+02,  1.65506260309769E+02,  2.87914073317974E+02
 2.01191666700000E+03,  6.69631105719777E-01,  4.94250000000000E-01,  5.30350479706903E+01,  1.38070000000003E+02,  2.37871539895932E+02,  2.49984846881753E+02
 2.01200000000000E+03,  5.74533046162083E-01,  1.98000000000000E-01,  5.30305923346332E+01,  1.38250000000003E+02,  3.64352908196670E+02,  3.46277278040618E+02
 2.01208333300000E+03,  5.13933377528987E-01, -7.55000000000000E-02,  5.30257277637827E+01,  1.38430000000003E+02,  3.34465552573380E+02,  2.46186876444505E+02
 2.01216666700000E+03,  5.07608527839336E-01, -1.18000000000000E-01,  5.30204566610949E+01,  1.38610000000003E+02,  3.81913332976675E+02,  2.84806541704561E+02
 2.01225000000000E+03,  5.38286364971773E-01,  9.37500000000000E-02,  5.30147814694890E+01,  1.38790000000003E+02,  2.92461869799330E+02,  2.47859148623102E+02
 2.01233333300000E+03,  5.73897947116899E-01,  5.04500000000000E-01,  5.30087046713573E+01,  1.38970000000003E+02,  3.06455314702706E+02,  3.33455061682967E+02
 2.01241666700000E+03,  5.98092133879735E-01,  7.89250000000000E-01,  5.30022287880704E+01,  1.39150000000003E+02,  2.06490182791271E+02,  3.31518298426170E+02
 2.01250000000000E+03,  6.19015204530112E-01,  8.64750000000000E-01,  5.29953563794771E+01,  1.39330000000003E+02,  3.35012126994188E+02,  3.52791807950256E+02
 2.01258333300000E+03,  6.86120642262838E-01,  1.04350000000000E+00,  5.29880900433986E+01,  1.39510000000003E+02,  3.19774253597610E+02,  3.99832420615044E+02
 2.01266666700000E+03,  8.16314375143993E-01,  1.18025000000000E+00,  4.81068924427957E+01,  1.39690000000003E+02,  3.14092338619700E+02,  3.91309143876820E+02
 2.01275000000000E+03,  9.29923094548364E-01,  1.08675000000000E+00,  4.80847772403080E+01,  1.39870000000003E+02,  2.60827699347481E+02,  2.87413760086170E+02
 2.01283333300000E+03,  9.68283554707599E-01,  8.96250000000000E-01,  4.80627847070700E+01,  1.40050000000003E+02,  2.38171771878729E+02,  1.79479654233753E+02
 2.01291666700000E+03,  9.32903054070764E-01,  7.66500000000000E-01,  4.80409143759589E+01,  1.40230000000003E+02,  1.02048378430939E+02,  1.33298508200092E+02
 2.01300000000000E+03,  8.47732227030494E-01,  7.27750000000000E-01,  4.80191657398049E+01,  1.40410000000003E+02,  6.83593960507230E+01,  1.05098956241754E+02
 2.01308333300000E+03,  7.50199050208459E-01,  7.56750000000000E-01,  4.79975382516051E+01,  1.40590000000003E+02,  1.00860216650212E+02,  1.93499878671387E+02
 2.01316666700000E+03,  6.59012301050907E-01,  8.58500000000000E-01,  4.79760313247449E+01,  1.40770000000003E+02,  7.93470054430380E+01,  2.18683955785221E+02
 2.01325000000000E+03,  5.65665046187928E-01,  7.76000000000000E-01,  4.79546443332266E+01,  1.40950000000003E+02,  8.45177732928439E+01,  2.72703184404222E+02
 2.01333333300000E+03,  4.55828063436064E-01,  3.64500000000000E-01,  4.79333766119048E+01,  1.41130000000003E+02,  1.70132744340780E+02,  3.80737663762249E+02
 2.01341666700000E+03,  3.36769998034811E-01,  5.52500000000000E-02,  4.79122274567290E+01,  1.41310000000003E+02,  1.78269231853679E+02,  3.64663529522331E+02
 2.01350000000000E+03,  2.41277362860058E-01,  2.39000000000000E-01,  4.78911961249929E+01,  1.41490000000003E+02,  2.32948316303671E+02,  6.04759878155853E+02
 2.01358333300000E+03,  3.21660667302344E-01,  5.27250000000000E-01,  4.78702818355912E+01,  1.41670000000003E+02,  2.29174254715534E+02,  5.63652750949232E+02
 2.01366666700000E+03,  5.59829188947202E-01,  7.62000000000000E-01,  4.69995486081139E+01,  1.41850000000003E+02,  2.20240390567802E+02,  5.53553023056106E+02
 2.01375000000000E+03,  6.56103078976516E-01,  9.93750000000000E-01,  4.69826555197598E+01,  1.42030000000003E+02,  1.49358975156662E+02,  4.36018076034734E+02
 2.01383333300000E+03,  5.80869659492966E-01,  8.98000000000000E-01,  4.69658015705275E+01,  1.42210000000003E+02,  1.47810104657372E+02,  4.50356629481927E+02
 2.01391666700000E+03,  4.68228997650165E-01,  6.34250000000000E-01,  4.69489845251582E+01,  1.42390000000003E+02,  9.18284326623097E+01,  2.36910622723717E+02
 2.01400000000000E+03,  3.57515400061336E-01,  3.81500000000000E-01,  4.69322021307494E+01,  1.42570000000003E+02,  9.05397461179915E+01,  2.42810212307469E+02
 2.01408333300000E+03,  2.93543862811881E-01,  1.28250000000000E-01,  4.69154521172816E+01,  1.42750000000003E+02,  1.20490239477274E+02,  2.48650954443135E+02
 2.01416666700000E+03,  2.93657549343253E-01,  4.72500000000000E-02,  4.68987321981486E+01,  1.42930000000003E+02,  1.04500470621624E+02,  2.54056068440594E+02
 2.01425000000000E+03,  3.39854131383015E-01,  2.40500000000000E-01,  4.68820400706905E+01,  1.43110000000003E+02,  2.13349648372405E+02,  3.70440801515260E+02
 2.01433333300000E+03,  4.01978131726826E-01,  4.93500000000000E-01,  4.68653734167298E+01,  1.43290000000003E+02,  2.43208309655484E+02,  3.51776678069908E+02
 2.01441666700000E+03,  4.67747169915833E-01,  6.11750000000000E-01,  4.68487299031104E+01,  1.43470000000003E+02,  2.54816166724392E+02,  4.18625468567500E+02
 2.01450000000000E+03,  5.49625093802703E-01,  6.90750000000000E-01,  4.68321071822391E+01,  1.43650000000003E+02,  2.28899542228592E+02,  4.16011395578337E+02
 2.01458333300000E+03,  6.60671591540949E-01,  9.47000000000000E-01,  4.68155028926300E+01,  1.43830000000003E+02,  2.28383214218391E+02,  4.22964085004129E+02
 2.01466666700000E+03,  7.64072897286395E-01,  1.29900000000000E+00,  5.18854181147383E+01,  1.44010000000003E+02,  1.02814543069933E+02,  2.65573031563256E+02
 2.01475000000000E+03,  7.88391628291742E-01,  1.30775000000000E+00,  5.18597454982228E+01,  1.44190000000003E+02,  4.90183233194003E+01,  1.88255286530990E+02
 2.01483333300000E+03,  7.07047760891420E-01,  9.62000000000000E-01,  5.18338999022288E+01,  1.44370000000003E+02,  3.39802148297924E+01,  1.18977188682829E+02
 2.01491666700000E+03,  5.47997991737493E-01,  5.06750000000000E-01,  5.18078851402273E+01,  1.44550000000003E+02,  8.46684322954891E+01,  1.61062431593057E+02
 2.01500000000000E+03,  3.72033470155449E-01,  6.17500000000000E-02,  5.17817050235081E+01,  1.44730000000003E+02,  8.14682119834499E+01,  1.58711112195194E+02
 2.01508333300000E+03,  2.50613622892001E-01, -3.00250000000000E-01,  5.17553633605539E+01,  1.44910000000003E+02,  8.27084622882345E+01,  1.46671853276876E+02
 2.01516666700000E+03,  2.25229513908519E-01, -3.74250000000000E-01,  5.17288639564161E+01,  1.45090000000003E+02,  1.35074900800315E+02,  1.83238235585351E+02
 2.01525000000000E+03,  2.92216693729723E-01,  1.82500000000000E-02,  5.17022106120926E+01,  1.45270000000003E+02,  1.87834998555473E+02,  2.87768212870132E+02
 2.01533333300000E+03,  4.21102022835967E-01,  4.01250000000000E-01,  5.16754071239073E+01,  1.45450000000003E+02,  1.68961238973071E+02,  2.59531289017052E+02
 2.01541666700000E+03,  5.83808514321107E-01,  5.72000000000000E-01,  5.16484572828919E+01,  1.45630000000003E+02,  1.68051129664856E+02,  2.53689186789812E+02
 2.01550000000000E+03,  7.65248851211545E-01,  7.78500000000000E-01,  5.16213648741694E+01,  1.45810000000003E+02,  1.85484478453530E+02,  2.85255316137814E+02
 2.01558333300000E+03,  8.56452244735392E-01,  8.17750000000000E-01,  5.15941336763400E+01,  1.45990000000003E+02,  1.81376734237912E+02,  2.57826415472846E+02
 2.01566666700000E+03,  8.55270846295807E-01,  8.15500000000000E-01,  3.78788402312096E+01,  1.46170000000003E+02,  1.55520846731267E+02,  2.16198435128417E+02
 2.01575000000000E+03,  9.53141767526980E-01,  9.82000000000000E-01,  3.78420578183746E+01,  1.46350000000003E+02,  1.31663387330468E+02,  1.65168496780861E+02
 2.01583333300000E+03,  1.10359966919278E+00,  1.10150000000000E+00,  3.78055289609269E+01,  1.46530000000003E+02,  1.33873225232107E+02,  1.64186361694846E+02
 2.01591666700000E+03,  1.14618363526623E+00,  1.18375000000000E+00,  3.77692578730901E+01,  1.46710000000003E+02,  1.20963486086883E+02,  1.87902880640110E+02
 2.01600000000000E+03,  1.06790345093886E+00,  1.18175000000000E+00,  3.77332487560181E+01,  1.46890000000003E+02,  8.18937561440076E+01,  1.70033362350786E+02
 2.01608333300000E+03,  9.13443238731667E-01,  8.86750000000000E-01,  3.76975057971604E+01,  1.47070000000003E+02,  5.93498339488241E+01,  1.02829326590999E+02
 2.01616666700000E+03,  7.49489121519604E-01,  4.76250000000000E-01,  3.76620331696297E+01,  1.47250000000003E+02,  4.97640670583108E+01,  1.05740685564956E+02
 2.01625000000000E+03,  6.31831266573728E-01,  2.57000000000000E-01,  3.76268350315705E+01,  1.47430000000003E+02,  8.58331809625544E+01,  1.03064159926457E+02
 2.01633333300000E+03,  5.94148568263879E-01,  3.45250000000000E-01,  3.75919155255282E+01,  1.47610000000003E+02,  1.17482759922949E+02,  8.09671388830583E+01
 2.01641666700000E+03,  6.50417161096013E-01,  5.17000000000000E-01,  3.75572787778213E+01,  1.47790000000003E+02,  1.17885849080061E+02,  9.37564994137078E+01
 2.01650000000000E+03,  7.92787218021114E-01,  4.64500000000000E-01,  3.75229288979133E+01,  1.47970000000003E+02,  1.28548620930176E+02,  1.56280074511719E+02
 2.01658333300000E+03,  8.43111950267630E-01,  4.26500000000000E-01,  3.74888699777875E+01,  1.48150000000003E+02,  1.35492038400416E+02,  1.43162367804734E+02
 2.01666666700000E+03,  7.03770537498870E-01,  5.64500000000000E-01,  5.01938220349959E+01,  1.48330000000003E+02,  1.69948748730015E+02,  1.95498911273012E+02
 2.01675000000000E+03,  5.87771265639063E-01,  7.03250000000000E-01,  5.01641264325534E+01,  1.48510000000003E+02,  1.43522973400298E+02,  1.80317912498306E+02
 2.01683333300000E+03,  5.56547312246349E-01,  7.91000000000000E-01,  5.01344601030567E+01,  1.48690000000003E+02,  1.78805285842786E+02,  2.13168454412785E+02
 2.01691666700000E+03,  5.42583745516694E-01,  7.73000000000000E-01,  5.01048257577414E+01,  1.48870000000003E+02,  1.64419586427473E+02,  1.62468610690902E+02
 2.01700000000000E+03,  5.77369753674888E-01,  6.10750000000000E-01,  5.00752260746463E+01,  1.49050000000003E+02,  1.69985943549728E+02,  1.61460120613239E+02
 2.01708333300000E+03,  6.81876023761002E-01,  4.53750000000000E-01,  5.00456636982413E+01,  1.49230000000003E+02,  2.93942392676150E+02,  3.45858598012088E+02
 2.01716666700000E+03,  8.39361726812409E-01,  5.62250000000000E-01,  5.00161412390609E+01,  1.49410000000003E+02,  2.93488565695942E+02,  3.43644757630901E+02
 2.01725000000000E+03,  9.95723134383895E-01,  9.65000000000000E-01,  4.99866612733452E+01,  1.49590000000003E+02,  3.32997584627421E+02,  3.44736736342382E+02
 2.01733333300000E+03,  1.09161141810106E+00,  1.34575000000000E+00,  4.99572263426873E+01,  1.49770000000003E+02,  4.03431441965334E+02,  5.89514931465198E+02
 2.01741666700000E+03,  1.10016264567610E+00,  1.32550000000000E+00,  4.99278389536861E+01,  1.49950000000003E+02,  3.91974776355755E+02,  6.11622662635055E+02
 2.01750000000000E+03,  1.03846713467438E+00,  1.00125000000000E+00,  4.98985015776084E+01,  1.50130000000003E+02,  2.36394526530703E+02,  4.05145640090400E+02
 2.01758333300000E+03,  9.93828214226183E-01,  8.08250000000000E-01,  4.98692166500551E+01,  1.50310000000003E+02,  2.47454776001780E+02,  4.16708864668619E+02
 2.01766666700000E+03,  9.47217209442270E-01,  8.29000000000000E-01,  4.99972447857420E+01,  1.50490000000003E+02,  2.13969698031436E+02,  3.78126464027049E+02
 2.01775000000000E+03,  7.66745546679682E-01,  9.75000000000000E-01,  5.00466988612888E+01,  1.50670000000003E+02,  1.45708714852268E+02,  1.32911800760603E+02
 2.01783333300000E+03,  5.45809942600680E-01,  1.04550000000000E+00,  5.00958563648432E+01,  1.50850000000003E+02,  1.92000119029878E+02,  2.60054276324547E+02
 2.01791666700000E+03,  4.59769525600695E-01,  8.24500000000000E-01,  5.01447131334381E+01,  1.51030000000003E+02,  1.57704818698668E+02,  2.25063906894053E+02
 2.01800000000000E+03,  5.13731228079357E-01,  4.26000000000000E-01,  5.01932650461742E+01,  1.51210000000003E+02,  1.42488044540536E+02,  2.10145665682205E+02
 2.01808333300000E+03,  6.03830364885908E-01,  1.96750000000000E-01,  5.02415080246986E+01,  1.51390000000003E+02,  1.93552782819793E+02,  3.04205260117636E+02
 2.01816666700000E+03,  6.10233770524927E-01,  2.09000000000000E-01,  5.02894380336755E+01,  1.51570000000003E+02,  1.99008800684533E+02,  3.70461254646466E+02
 2.01825000000000E+03,  4.98121345030345E-01,  9.07500000000000E-02,  5.03370510812514E+01,  1.51750000000003E+02,  1.78031856497536E+02,  3.59755281279895E+02
 2.01833333300000E+03,  3.46810794578108E-01, -1.03000000000000E-01,  5.03843432195125E+01,  1.51930000000003E+02,  2.30689999154820E+02,  4.46648221686000E+02
 2.01841666700000E+03,  2.85374254638258E-01, -3.62500000000000E-02,  5.04313105449363E+01,  1.52110000000003E+02,  2.96636514193140E+02,  4.59939479665124E+02
 2.01850000000000E+03,  3.86213903443517E-01,  1.23750000000000E-01,  5.04779491988352E+01,  1.52290000000003E+02,  1.92375504203357E+02,  3.50231327472281E+02
 2.01858333300000E+03,  5.29707715025953E-01,  9.55000000000000E-02,  5.05242553677940E+01,  1.52470000000003E+02,  2.65471925925968E+02,  3.90491080362249E+02
 2.01866666700000E+03,  5.52079553463045E-01,  8.97500000000000E-02,  5.07743587280940E+01,  1.52650000000003E+02,  2.36637576427018E+02,  2.52728940432888E+02
 2.01875000000000E+03,  5.07248334511322E-01,  2.01250000000000E-01,  5.07446782680237E+01,  1.52830000000003E+02,  2.04785717835085E+02,  1.74988289414457E+02
 2.01883333300000E+03,  4.96960264741059E-01,  2.94250000000000E-01,  5.07149681874812E+01,  1.53010000000003E+02,  1.52285376368007E+02,  1.99379064778860E+02
 2.01891666700000E+03,  5.33571953814519E-01,  5.33500000000000E-01,  5.06852317615102E+01,  1.53190000000003E+02,  1.78454591482985E+02,  2.25332534483076E+02
 2.01900000000000E+03,  6.07379393193841E-01,  7.31500000000000E-01,  5.06554722404347E+01,  1.53370000000003E+02,  1.00368552964769E+02,  1.32187743036881E+02
 2.01908333300000E+03,  6.86898808756443E-01,  7.62750000000000E-01,  5.06256928493725E+01,  1.53550000000003E+02,  9.95927407396191E+01,  1.56206055088343E+02
 2.01916666700000E+03,  7.24204972610692E-01,  7.50500000000000E-01,  5.05958967877529E+01,  1.53730000000003E+02,  7.84766366537344E+01,  1.49849016309979E+02
 2.01925000000000E+03,  6.79681649890455E-01,  6.44750000000000E-01,  5.05660872288403E+01,  1.53910000000003E+02,  8.51269969910885E+01,  1.43519604279372E+02
 2.01933333300000E+03,  5.52351968518153E-01,  5.38750000000000E-01,  5.05362673192627E+01,  1.54090000000003E+02,  6.52712712070854E+01,  1.91131076929403E+02
 2.01941666700000E+03,  3.90023601885272E-01,  5.02750000000000E-01,  5.05064401785457E+01,  1.54270000000003E+02,  6.68586509600276E+01,  1.96650086922926E+02
 2.01950000000000E+03,  2.64959794133754E-01,  5.22750000000000E-01,  5.04766088986530E+01,  1.54450000000003E+02,  7.56866574323719E+01,  2.05820514465149E+02
 2.01958333300000E+03,  2.76449019596352E-01,  4.96500000000000E-01,  5.04467765435309E+01,  1.54630000000003E+02,  7.66986675351813E+01,  2.16087606882070E+02
 2.01966666700000E+03,  4.08379232468395E-01,  4.05500000000000E-01,  4.30395340702438E+01,  1.54810000000003E+02,  4.94188191572523E+01,  1.81559446423825E+02
 2.01975000000000E+03,  5.10456682894813E-01,  2.84750000000000E-01,  4.30191109139622E+01,  1.54990000000003E+02,  4.54341934695956E+01,  9.95645440494657E+01
 2.01983333300000E+03,  5.60233269878689E-01,  2.16750000000000E-01,  4.29987992944481E+01,  1.55170000000003E+02,  4.04531432373680E+01,  9.55818226856596E+01
 2.01991666700000E+03,  6.08131379928994E-01,  3.89500000000000E-01,  4.29785983275553E+01,  1.55350000000003E+02,  9.91730190944257E+01,  1.35326129421521E+02
 2.02000000000000E+03,  6.66198154365426E-01,  7.91000000000000E-01,  4.29585070940680E+01,  1.55530000000003E+02,  9.70143802690089E+01,  1.41192296412923E+02
 2.02008333300000E+03,  7.49778619071786E-01,  1.11625000000000E+00,  4.29385246399763E+01,  1.55710000000003E+02,  1.36913226600409E+02,  1.84071555787775E+02
 2.02016666700000E+03,  8.50241511628942E-01,  1.15175000000000E+00,  4.29186499767575E+01,  1.55890000000003E+02,  1.40100405806649E+02,  1.79747994739245E+02
 2.02025000000000E+03,  9.32059706165901E-01,  1.19550000000000E+00,  4.28988820816625E+01,  1.56070000000003E+02,  1.39265058122311E+02,  1.63291195591881E+02
 2.02033333300000E+03,  9.59088260824483E-01,  1.32250000000000E+00,  4.28792198980098E+01,  1.56250000000003E+02,  8.25397395976716E+01,  1.08805959053287E+02
 2.02041666700000E+03,  9.25162289618851E-01,  1.16825000000000E+00,  4.28596623354838E+01,  1.56430000000003E+02,  8.20956206305263E+01,  1.16426249862063E+02
 2.02050000000000E+03,  8.59044975729421E-01,  8.99000000000000E-01,  4.28402082704403E+01,  1.56610000000003E+02,  4.49809958044043E+01,  1.20313986963144E+02
 2.02058333300000E+03,  7.91904978256021E-01,  8.33000000000000E-01,  4.28208565462165E+01,  1.56790000000003E+02,  4.10827687919919E+01,  1.19499921672392E+02
 2.02066666700000E+03,  7.03888970524096E-01,  7.29250000000000E-01,  4.40937355625506E+01,  1.56970000000003E+02,  3.35658399991867E+01,  1.24430060162996E+02
 2.02075000000000E+03,  5.66813035975856E-01,  5.44250000000000E-01,  4.40618956400469E+01,  1.57150000000003E+02,  6.70037967401169E+01,  1.14530216346433E+02
 2.02083333300000E+03,  4.21368547944207E-01,  5.06000000000000E-01,  4.40298530498327E+01,  1.57330000000003E+02,  1.19206120586787E+02,  1.54586817253993E+02
 2.02091666700000E+03,  3.29649959941499E-01,  4.54000000000000E-01,  4.39976079880238E+01,  1.57510000000003E+02,  1.24554776076969E+02,  1.30359218893053E+02
 2.02100000000000E+03,  3.31278102814912E-01,  3.75000000000000E-01,  4.39651606948863E+01,  1.57690000000003E+02,  1.31117066704059E+02,  1.39777462467927E+02
 2.02108333300000E+03,  4.36112501890858E-01,  4.61250000000000E-01,  4.39325114549566E+01,  1.57870000000003E+02,  1.59080382527550E+02,  2.18319269135635E+02
 2.02116666700000E+03,  6.02286864945471E-01,  6.06500000000000E-01,  4.38996605971546E+01,  1.58050000000003E+02,  1.26253419526858E+02,  2.29456004313590E+02
 2.02125000000000E+03,  7.49879593144208E-01,  7.12250000000000E-01,  4.38666084948895E+01,  1.58230000000003E+02,  9.01039002503345E+01,  1.85926536507859E+02
 2.02133333300000E+03,  8.08265789831884E-01,  6.80750000000000E-01,  4.38333555661571E+01,  1.58410000000003E+02,  1.10359659546577E+02,  2.32960338044335E+02
 2.02141666700000E+03,  7.63240445299878E-01,  5.11000000000000E-01,  4.37999022736305E+01,  1.58590000000003E+02,  1.23434911533948E+02,  3.00732855908358E+02
 2.02150000000000E+03,  6.66414134411552E-01,  4.08000000000000E-01,  4.37662491247426E+01,  1.58770000000004E+02,  1.24144396288880E+02,  2.60921900868692E+02
 2.02158333300000E+03,  7.01949596133741E-01,  6.71500000000000E-01,  4.37323966717613E+01,  1.58950000000004E+02,  1.19751588781415E+02,  2.41153454820338E+02
 2.02166666700000E+03,  8.85125583148779E-01,  1.19800000000000E+00,  4.09123613968975E+01,  1.59130000000004E+02,  1.10919424176196E+02,  2.21711116739883E+02
 2.02175000000000E+03,  9.48223525317241E-01,  1.37300000000000E+00,  4.09036578905701E+01,  1.59310000000004E+02,  9.27322883314760E+01,  1.53106429128635E+02
 2.02183333300000E+03,  8.63723916314516E-01,  1.08350000000000E+00,  4.08954586313624E+01,  1.59490000000004E+02,  8.06177345597337E+01,  1.22912936433813E+02
 2.02191666700000E+03,  7.56492057907223E-01,  7.65000000000000E-01,  4.08877654525542E+01,  1.59670000000004E+02,  4.92369388860963E+01,  1.13073768968870E+02
 2.02200000000000E+03,  6.62374977534098E-01,  6.51000000000000E-01,  4.08805801338484E+01,  1.59850000000004E+02,  5.04689687465757E+01,  1.72364736007230E+02
 2.02208333300000E+03,  6.16254164741012E-01,  5.12750000000000E-01,  4.08739044010319E+01,  1.60030000000004E+02,  5.69710988433128E+01,  2.06979890476492E+02
 2.02216666700000E+03,  6.21563317726565E-01,  3.77250000000000E-01,  4.08677399256440E+01,  1.60210000000004E+02,  6.20259576665075E+01,  2.34410365855028E+02
 2.02225000000000E+03,  6.46823008494967E-01,  6.07750000000000E-01,  4.08620883246530E+01,  1.60390000000004E+02,  4.65907917066013E+01,  2.02713241005894E+02
 2.02233333300000E+03,  6.53664734677050E-01,  9.69750000000000E-01,  4.08569511601395E+01,  1.60570000000004E+02,  9.10491351145924E+01,  1.93805855613235E+02
 2.02241666700000E+03,  6.30279272161364E-01,  9.58000000000000E-01,  4.08523299389886E+01,  1.60750000000004E+02,  1.73071220578466E+02,  2.35127668418934E+02
 2.02250000000000E+03,  5.98874272630111E-01,  6.93750000000000E-01,  4.08482261125893E+01,  1.60930000000004E+02,  1.79266044806507E+02,  2.08207899986890E+02
 2.02258333300000E+03,  6.39291268901718E-01,  6.74000000000000E-01,  4.08446410765420E+01,  1.61110000000004E+02,  1.95280709639738E+02,  3.06070446514313E+02
 2.02266666700000E+03,  7.80108502744769E-01,  8.51750000000000E-01,  4.43115562768244E+01,  1.61290000000004E+02,  2.04895900616671E+02,  2.96358858249203E+02
 2.02275000000000E+03,  9.27415916416737E-01,  9.60500000000000E-01,  4.42811410076434E+01,  1.61470000000004E+02,  1.91339336258488E+02,  2.74625079265998E+02
 2.02283333300000E+03,  1.03106525187782E+00,  1.07900000000000E+00,  4.42505229251307E+01,  1.61650000000004E+02,  5.76097096682224E+01,  3.72283592898458E+01
 2.02291666700000E+03,  1.10351387116448E+00,  1.15100000000000E+00,  4.42197019194719E+01,  1.61830000000004E+02,  1.57997698119599E+02,  6.65231884370495E+01
