 1.88000000000000E+03, -4.12688879385015E-02, -4.36928000000000E-01,  1.26184362665706E+00,  1.00000000000000E-02,  4.46983318871060E+03,  2.53793367625650E+03
 1.88008333300000E+03, -5.37645515559978E-02, -3.42847750000000E-01,  1.28515854771297E+00,  1.90000000000000E-01,  3.96889580859386E+02,  1.41851881456570E+03
 1.88016666700000E+03, -3.17479838151743E-02, -3.26316750000000E-01,  1.30889941665715E+00,  3.70000000000000E-01,  5.51133618201704E+03,  6.23249798784743E+03
 1.88025000000000E+03,  2.61569301511885E-02, -3.79603000000000E-01,  1.33270237275446E+00,  5.50000000000000E-01,  5.02174456014548E+03,  6.10500750558875E+03
 1.88033333300000E+03,  1.01962988050912E-01, -4.83395500000000E-01,  1.35656612919769E+00,  7.30000000000000E-01,  5.09311637638955E+03,  6.46825284889234E+03
 1.88041666700000E+03,  1.75695037252139E-01, -5.36258250000000E-01,  1.38048937656698E+00,  9.10000000000000E-01,  5.67099610779910E+03,  7.43157688024793E+03
 1.88050000000000E+03,  2.28898781300655E-01, -4.96256250000000E-01,  1.40447078295926E+00,  1.09000000000000E+00,  3.23897859238333E+03,  4.56763035602341E+03
 1.88058333300000E+03,  2.15843858078603E-01, -4.28977250000000E-01,  1.42850899412098E+00,  1.27000000000000E+00,  2.18097379946947E+03,  3.49400923164432E+03
 1.88066666700000E+03,  1.20975888764177E-01, -3.19801750000000E-01,  1.86374895688723E+00,  1.45000000000000E+00,  2.21367812021009E+03,  3.58493581750009E+03
 1.88075000000000E+03,  2.13894566513119E-02, -1.24573250000000E-01,  1.88857467513419E+00,  1.63000000000000E+00,  2.69981612086069E+03,  3.86877041226322E+03
 1.88083333300000E+03, -2.51849189114068E-02,  7.23557500000000E-02,  1.91342604411789E+00,  1.81000000000000E+00,  1.83800496147677E+03,  2.56852044195431E+03
 1.88091666700000E+03, -1.38981354548794E-02,  1.67044000000000E-01,  1.93830128050100E+00,  1.99000000000000E+00,  1.34768500531197E+03,  1.71367900354572E+03
 1.88100000000000E+03,  5.07205800683460E-02,  1.86271500000000E-01,  1.96319858224287E+00,  2.17000000000000E+00,  1.59753981666208E+03,  1.89918019891629E+03
 1.88108333300000E+03,  1.45704587851578E-01,  2.18542500000000E-01,  1.98811612879999E+00,  2.35000000000000E+00,  1.38296834777302E+03,  1.61659728734599E+03
 1.88116666700000E+03,  2.39481907105335E-01,  3.26973750000000E-01,  2.01305208132911E+00,  2.53000000000000E+00,  7.74940090293085E+02,  1.27479742295501E+03
 1.88125000000000E+03,  3.04549314389866E-01,  4.12069500000000E-01,  2.03800458289308E+00,  2.71000000000000E+00,  1.18344752098626E+03,  2.48134719459775E+03
 1.88133333300000E+03,  3.22510892862340E-01,  3.49126500000000E-01,  2.06297175866938E+00,  2.89000000000000E+00,  1.27851989060435E+03,  2.48956943531270E+03
 1.88141666700000E+03,  2.86866974168032E-01,  1.52466750000000E-01,  2.08795171616123E+00,  3.07000000000000E+00,  1.01810338959578E+03,  2.37947929240038E+03
 1.88150000000000E+03,  2.03771928509291E-01, -2.64812500000000E-02,  2.11294254541138E+00,  3.25000000000000E+00,  9.29276877924197E+02,  2.54834014489549E+03
 1.88158333300000E+03,  1.87755822028382E-01, -7.49255000000000E-02,  2.13794231921848E+00,  3.43000000000000E+00,  1.04141813653046E+03,  2.11734727567088E+03
 1.88166666700000E+03,  2.53242297943047E-01, -1.27800000000000E-01, -3.18734440545460E+00,  3.61000000000000E+00,  7.28307580006494E+02,  1.00128242580587E+03
 1.88175000000000E+03,  2.53802887855942E-01, -2.22779000000000E-01, -3.23415994779055E+00,  3.79000000000000E+00,  6.78027003530916E+02,  1.54823625237146E+03
 1.88183333300000E+03,  2.61803936052690E-01, -2.54472250000000E-01, -3.28083983513603E+00,  3.97000000000000E+00,  5.99068710864683E+02,  1.43203415272469E+03
 1.88191666700000E+03,  3.41034790902684E-01, -2.26083250000000E-01, -3.32738065029679E+00,  4.15000000000000E+00,  5.43488902855169E+02,  1.14408754120204E+03
 1.88200000000000E+03,  3.61537134801279E-01, -2.50008250000000E-01, -3.37377898705092E+00,  4.33000000000000E+00,  5.73095317512606E+02,  1.13776844395414E+03
 1.88208333300000E+03,  2.31028822337989E-01, -3.13182500000000E-01, -3.42003145047700E+00,  4.51000000000000E+00,  4.84240268772429E+02,  1.37381676784909E+03
 1.88216666700000E+03, -3.27681474878897E-02, -1.94781250000000E-01, -3.46613465728108E+00,  4.69000000000000E+00,  4.03217679125032E+02,  1.12740503322043E+03
 1.88225000000000E+03, -3.12675574686704E-01,  4.85045000000000E-02, -3.51208523612236E+00,  4.87000000000000E+00,  4.33531466625789E+02,  1.12777221192191E+03
 1.88233333300000E+03, -4.76025619643309E-01,  1.09355750000000E-01, -3.55787982793764E+00,  5.05000000000000E+00,  3.95612980159827E+02,  1.46816755031543E+03
 1.88241666700000E+03, -4.68176249070706E-01, -1.66950000000000E-02, -3.60351508626438E+00,  5.23000000000000E+00,  2.33405337427769E+02,  1.33167063922875E+03
 1.88250000000000E+03, -3.46737652719564E-01, -7.79550000000000E-02, -3.64898767756250E+00,  5.41000000000000E+00,  1.35299578174111E+02,  8.66326758400373E+02
 1.88258333300000E+03, -2.15212366506607E-01, -1.16243250000000E-01, -3.69429428153465E+00,  5.59000000000000E+00,  2.48568910986083E+02,  9.36052969224879E+02
 1.88266666700000E+03, -1.25000647087591E-01, -2.87320000000000E-01,  3.10978202052670E+00,  5.77000000000000E+00,  2.64814159809659E+02,  9.41209491778677E+02
 1.88275000000000E+03, -7.37503195175426E-02, -4.65716500000000E-01,  3.09573951646484E+00,  5.95000000000000E+00,  2.25103555025592E+02,  5.50941340204328E+02
 1.88283333300000E+03, -5.36952748201572E-02, -5.75885000000000E-01,  3.08164768714505E+00,  6.13000000000000E+00,  2.45538164229144E+02,  6.13094048959936E+02
 1.88291666700000E+03, -5.49212018436968E-02, -4.89698500000000E-01,  3.06750483420736E+00,  6.31000000000000E+00,  1.95108452390813E+02,  5.66794522958825E+02
 1.88300000000000E+03, -6.03252923546428E-02, -2.36443250000000E-01,  3.05330926244868E+00,  6.49000000000000E+00,  8.93279978791503E+01,  4.29723725429489E+02
 1.88308333300000E+03, -5.94203519925198E-02, -1.23078000000000E-01,  3.03905928011695E+00,  6.67000000000000E+00,  5.32196177813285E+01,  4.41171652090570E+02
 1.88316666700000E+03, -5.89016171552386E-02, -1.36567000000000E-01,  3.02475319920493E+00,  6.85000000000000E+00,  5.44598383876467E+01,  6.42257911944908E+02
 1.88325000000000E+03, -7.90134913086399E-02, -1.77546000000000E-01,  3.01038933574350E+00,  7.03000000000000E+00,  1.11986792413441E+02,  6.46957976834848E+02
 1.88333333300000E+03, -1.38684960044630E-01, -2.40806750000000E-01,  2.99596601009465E+00,  7.21000000000000E+00,  1.96162488840541E+02,  6.68992572638079E+02
 1.88341666700000E+03, -2.40827862375824E-01, -2.17419250000000E-01,  2.98148154724385E+00,  7.39000000000000E+00,  2.44652354733583E+02,  5.47054816004881E+02
 1.88350000000000E+03, -3.68612368368542E-01, -1.50256750000000E-01,  2.96693427709197E+00,  7.57000000000000E+00,  2.45667621407366E+02,  5.41966676678244E+02
 1.88358333300000E+03, -4.94067227533481E-01, -1.53865000000000E-01,  2.95232253474665E+00,  7.75000000000000E+00,  2.47130829431270E+02,  3.45141074511770E+02
 1.88366666700000E+03, -5.74633683003619E-01, -1.32578250000000E-01, -7.09073840477474E+00,  7.93000000000000E+00,  3.07893968292352E+02,  5.83742166804990E+02
 1.88375000000000E+03, -5.87951738876177E-01, -3.77805000000000E-02, -7.09958810226885E+00,  8.11000000000000E+00,  2.44415060207770E+02,  5.48020421701916E+02
 1.88383333300000E+03, -5.64458510197922E-01,  1.52500000000000E-02, -7.10806918365398E+00,  8.29000000000000E+00,  2.42420886111524E+02,  5.39144171477530E+02
 1.88391666700000E+03, -5.29673890202882E-01,  2.27000000000000E-02, -7.11618042070236E+00,  8.47000000000000E+00,  2.93431998514040E+02,  5.62300348482546E+02
 1.88400000000000E+03, -4.84958948164009E-01,  8.95245000000000E-02, -7.12392061432179E+00,  8.65000000000000E+00,  4.06961211265570E+02,  8.60710150165513E+02
 1.88408333300000E+03, -4.33575867990735E-01,  1.80372000000000E-01, -7.13128859472006E+00,  8.82999999999999E+00,  2.72736285195804E+02,  5.41715233454027E+02
 1.88416666700000E+03, -3.79872958532914E-01,  2.39986000000000E-01, -7.13828322156634E+00,  9.00999999999999E+00,  2.66755755092120E+02,  5.28997010966758E+02
 1.88425000000000E+03, -3.27552864825746E-01,  3.69409000000000E-01, -7.14490338414939E+00,  9.18999999999999E+00,  2.15169270919617E+02,  3.73476301699767E+02
 1.88433333300000E+03, -2.78291865664561E-01,  3.77125500000000E-01, -7.15114800153274E+00,  9.36999999999999E+00,  2.24127592619573E+02,  3.59552733843681E+02
 1.88441666700000E+03, -2.31736804369994E-01,  1.80729750000000E-01, -7.15701602270666E+00,  9.54999999999999E+00,  1.26876447749719E+02,  1.28601320457845E+02
 1.88450000000000E+03, -1.86723983702266E-01,  1.45672250000000E-01, -7.16250642673701E+00,  9.72999999999999E+00,  1.52181945382840E+02,  2.75827988575071E+02
 1.88458333300000E+03,  1.44033501779614E-02,  1.94056750000000E-01, -7.16761822291085E+00,  9.90999999999999E+00,  2.37116634182357E+02,  3.92322326288724E+02
 1.88466666700000E+03,  3.54183638517172E-01,  1.41445750000000E-01, -5.96426145181044E+00,  1.00900000000000E+01,  2.65637356434424E+02,  4.47883820032124E+02
 1.88475000000000E+03,  4.87121333438590E-01,  6.44365000000000E-02, -5.99184798342676E+00,  1.02700000000000E+01,  2.08187417263192E+02,  4.72147029928376E+02
 1.88483333300000E+03,  4.09147296251969E-01,  2.36750000000000E-02, -6.01918347887445E+00,  1.04500000000000E+01,  1.96406203672506E+02,  4.44843711105474E+02
 1.88491666700000E+03,  3.01602368845517E-01,  8.97500000000000E-03, -6.04626537383931E+00,  1.06300000000000E+01,  1.76871141055778E+02,  4.46475817615008E+02
 1.88500000000000E+03,  1.93993272409655E-01,  5.42450000000000E-03, -6.07309111875417E+00,  1.08100000000000E+01,  7.69687260265019E+01,  3.40483261097653E+02
 1.88508333300000E+03,  1.12642996793194E-01,  9.19492500000000E-02, -6.09965817909944E+00,  1.09900000000000E+01,  6.60106561429115E+01,  3.45523395672590E+02
 1.88516666700000E+03,  7.37556387264125E-02,  1.54225000000000E-01, -6.12596403570236E+00,  1.11700000000000E+01,  6.86230730939725E+01,  3.41491732199138E+02
 1.88525000000000E+03,  8.04371713871661E-02,  2.27072500000000E-01, -6.15200618503480E+00,  1.13500000000000E+01,  9.03905888456094E+01,  3.75288242059387E+02
 1.88533333300000E+03,  1.23335491948851E-01,  3.45702750000000E-01, -6.17778213950964E+00,  1.15300000000000E+01,  1.18122360668276E+02,  2.57994130823817E+02
 1.88541666700000E+03,  1.83674524124404E-01,  2.66863750000000E-01, -6.20328942777562E+00,  1.17100000000000E+01,  1.24248920852317E+02,  2.49306330871525E+02
 1.88550000000000E+03,  2.37704800770389E-01,  1.86041000000000E-01, -6.22852559501079E+00,  1.18900000000000E+01,  1.18889327357083E+02,  1.82611449384730E+02
 1.88558333300000E+03,  2.38172141571325E-01,  2.95372500000000E-01, -6.25348820321426E+00,  1.20700000000000E+01,  1.07907170634139E+02,  1.72979020716187E+02
 1.88566666700000E+03,  2.25947727144149E-01,  4.43648500000000E-01, -5.54387845386006E+00,  1.22500000000000E+01,  9.54855572822362E+01,  1.22662783422591E+02
 1.88575000000000E+03,  3.06450464953606E-01,  5.55729250000000E-01, -5.57796198555896E+00,  1.24300000000000E+01,  8.13958946430528E+01,  1.48539939449073E+02
 1.88583333300000E+03,  4.21764068256402E-01,  5.82652750000000E-01, -5.61174164534243E+00,  1.26100000000000E+01,  9.22574690310895E+01,  2.07715785741768E+02
 1.88591666700000E+03,  4.65955821603505E-01,  5.11976500000000E-01, -5.64521511507296E+00,  1.27900000000000E+01,  1.01554254290984E+02,  2.03885629792118E+02
 1.88600000000000E+03,  4.20639626801202E-01,  3.71419500000000E-01, -5.67838010334782E+00,  1.29700000000000E+01,  1.09797935926928E+02,  1.89720289742425E+02
 1.88608333300000E+03,  3.02399040644113E-01,  3.06767500000000E-01, -5.71123434570550E+00,  1.31500000000000E+01,  1.12486398938249E+02,  1.69972877049064E+02
 1.88616666700000E+03,  1.54294251306088E-01,  3.02103250000000E-01, -5.74377560482910E+00,  1.33300000000000E+01,  9.34303206750879E+01,  1.68966441638424E+02
 1.88625000000000E+03,  2.83711755553303E-02,  7.31942500000000E-02, -5.77600167074687E+00,  1.35100000000000E+01,  7.64929500152716E+01,  1.16325735262479E+02
 1.88633333300000E+03, -3.37482169415243E-02, -3.10903500000000E-01, -5.80791036102966E+00,  1.36900000000000E+01,  5.41411478114324E+01,  1.95306672309541E+02
 1.88641666700000E+03, -1.52325397480629E-02, -5.80718500000000E-01, -5.83949952098535E+00,  1.38700000000000E+01,  6.56444054038970E+01,  2.39299917845197E+02
 1.88650000000000E+03,  7.14399201884357E-02, -7.25134000000000E-01, -5.87076702385035E+00,  1.40500000000000E+01,  1.04156771655782E+02,  3.38263682544781E+02
 1.88658333300000E+03, -1.28805225331118E-01, -8.10357750000000E-01, -5.90171077097789E+00,  1.42300000000000E+01,  1.00160833245757E+02,  2.82259455901572E+02
 1.88666666700000E+03, -6.68107804119322E-01, -8.40072250000000E-01,  2.86406881846111E+00,  1.44100000000000E+01,  1.03805365815666E+02,  2.93927534264870E+02
 1.88675000000000E+03, -9.11250751356539E-01, -8.38743750000000E-01,  2.82954075259232E+00,  1.45900000000000E+01,  9.95445912624873E+01,  2.16305532215234E+02
 1.88683333300000E+03, -8.02976776800865E-01, -9.25538000000000E-01,  2.79472940708075E+00,  1.47700000000000E+01,  7.48796020811771E+01,  1.83143564674355E+02
 1.88691666700000E+03, -6.65232321358944E-01, -9.31382500000000E-01,  2.75963675888169E+00,  1.49500000000000E+01,  2.14268106548830E+01,  5.67007244191656E+01
 1.88700000000000E+03, -5.57288932255803E-01, -6.49868250000000E-01,  2.72426481335591E+00,  1.51300000000000E+01,  2.07613276691255E+01,  1.67775119756809E+02
 1.88708333300000E+03, -5.17952327417002E-01, -4.65656500000000E-01,  2.68861560410803E+00,  1.53100000000000E+01,  6.54035060874470E+01,  2.28198489815660E+02
 1.88716666700000E+03, -5.46914681813119E-01, -6.04996000000000E-01,  2.65269119282167E+00,  1.54900000000000E+01,  7.67089197045504E+01,  2.72225079890029E+02
 1.88725000000000E+03, -6.04315071506244E-01, -7.88382750000000E-01,  2.61649366909131E+00,  1.56700000000000E+01,  8.55673565601036E+01,  2.46551674630003E+02
 1.88733333300000E+03, -6.30516350438335E-01, -7.63677750000000E-01,  2.58002515025101E+00,  1.58500000000000E+01,  1.14004392586505E+02,  2.75595155599659E+02
 1.88741666700000E+03, -5.77713662918602E-01, -5.49705250000000E-01,  2.54328778119991E+00,  1.60300000000000E+01,  1.13015708568732E+02,  1.69498735801174E+02
 1.88750000000000E+03, -4.37522677865180E-01, -3.93933250000000E-01,  2.50628373422459E+00,  1.62100000000000E+01,  6.74889544775528E+01,  1.00538394546783E+02
 1.88758333300000E+03, -3.76494600698909E-01, -3.62511750000000E-01,  2.46901520881827E+00,  1.63900000000000E+01,  6.03499746582907E+01,  5.98561905106920E+01
 1.88766666700000E+03, -4.72999940553926E-01, -3.12766250000000E-01, -3.03301734622519E-01,  1.65700000000000E+01,  6.86630762291468E+01,  7.37947968815392E+01
 1.88775000000000E+03, -4.92062673981918E-01, -1.68394250000000E-01, -3.36916033399413E-01,  1.67500000000000E+01,  5.40107573764054E+01,  1.28466260946076E+02
 1.88783333300000E+03, -3.53504107056074E-01, -4.16055000000000E-02, -3.70663624089723E-01,  1.69300000000000E+01,  8.37023009984395E+01,  1.73019033796204E+02
 1.88791666700000E+03, -1.46863717421204E-01, -5.02895000000000E-02, -4.04543299350415E-01,  1.71100000000000E+01,  8.33394105753223E+01,  1.77898577849950E+02
 1.88800000000000E+03,  8.50864010597961E-02,  2.90480000000000E-02, -4.38553826307959E-01,  1.72900000000000E+01,  7.86861734374584E+01,  1.97315411503954E+02
 1.88808333300000E+03,  2.83465279039326E-01,  2.69919750000000E-01, -4.72693946639021E-01,  1.74700000000000E+01,  7.65714481265320E+01,  3.18840343020849E+02
 1.88816666700000E+03,  3.97227420493088E-01,  3.87420500000000E-01, -5.06962376654547E-01,  1.76500000000000E+01,  9.02045574544640E+01,  3.53473969988770E+02
 1.88825000000000E+03,  4.05570619837596E-01,  3.38403500000000E-01, -5.41357807387168E-01,  1.78300000000000E+01,  8.17763379796032E+01,  3.39963766198828E+02
 1.88833333300000E+03,  3.28459622054914E-01,  2.51958250000000E-01, -5.75878904682000E-01,  1.80100000000000E+01,  8.04558195347293E+01,  3.43728578632704E+02
 1.88841666700000E+03,  2.19624253259430E-01,  2.23146000000000E-01, -6.10524309290754E-01,  1.81900000000000E+01,  1.47708452198950E+02,  4.95579443999280E+02
 1.88850000000000E+03,  1.44349190052586E-01,  3.09103000000000E-01, -6.45292636969190E-01,  1.83700000000000E+01,  1.34922459550722E+02,  3.64326651070889E+02
 1.88858333300000E+03,  2.28227204171765E-01,  2.87882750000000E-01, -6.80182478577898E-01,  1.85500000000000E+01,  1.34090013126341E+02,  2.66494748517875E+02
 1.88866666700000E+03,  4.78571169877428E-01,  3.11459750000000E-01,  8.10444699752519E+00,  1.87300000000000E+01,  1.43953582620411E+02,  2.39954016511562E+02
 1.88875000000000E+03,  6.87708363989548E-01,  7.87504000000000E-01,  8.13514725969421E+00,  1.89100000000000E+01,  1.83890741317961E+02,  2.28983061754793E+02
 1.88883333300000E+03,  7.72507927355284E-01,  1.14410300000000E+00,  8.16553205426758E+00,  1.90900000000000E+01,  1.93096920105900E+02,  1.79767131834468E+02
 1.88891666700000E+03,  7.66263088953418E-01,  1.04043025000000E+00,  8.19559985926859E+00,  1.92700000000000E+01,  1.98005070762157E+02,  2.02102734565292E+02
 1.88900000000000E+03,  6.73422444749197E-01,  9.13084750000000E-01,  8.22534918469315E+00,  1.94500000000000E+01,  2.37532174048219E+02,  4.08187769943696E+02
 1.88908333300000E+03,  5.22666528176890E-01,  7.66405500000000E-01,  8.25477857260665E+00,  1.96300000000000E+01,  2.17453458766664E+02,  4.14273034056977E+02
 1.88916666700000E+03,  3.55277051099656E-01,  5.08266000000000E-01,  8.28388659723690E+00,  1.98100000000000E+01,  2.45391033192722E+02,  5.02270396639781E+02
 1.88925000000000E+03,  2.11130313715595E-01,  2.99459000000000E-01,  8.31267186506345E+00,  1.99900000000000E+01,  1.69271154426292E+02,  3.73674732368782E+02
 1.88933333300000E+03,  1.16813370303893E-01,  1.03678500000000E-01,  8.34113301490307E+00,  2.01700000000000E+01,  1.91774351404130E+02,  3.53962664590973E+02
 1.88941666700000E+03,  7.90553156934536E-02, -1.89361250000000E-01,  8.36926871799158E+00,  2.03500000000000E+01,  1.25913873345781E+02,  1.42701764135104E+02
 1.88950000000000E+03,  8.49684675017521E-02, -4.13488750000000E-01,  8.39707767806176E+00,  2.05300000000000E+01,  1.11957113034431E+02,  1.85703629169846E+02
 1.88958333300000E+03, -7.80068755304053E-02, -5.18217000000000E-01,  8.42455863141769E+00,  2.07100000000000E+01,  6.10164553834027E+01,  9.24937906406417E+01
 1.88966666700000E+03, -4.30420063478970E-01, -7.08305500000000E-01, -6.90555130300898E+00,  2.08900000000000E+01,  1.39161185659351E+02,  1.70648599642588E+02
 1.88975000000000E+03, -6.02642730342689E-01, -9.22619250000000E-01, -6.91998119590222E+00,  2.10700000000000E+01,  1.70612052429296E+02,  1.86996177901230E+02
 1.88983333300000E+03, -5.91647433435273E-01, -9.87202500000000E-01, -6.93406532005191E+00,  2.12500000000000E+01,  2.16247945989390E+02,  2.12894723966486E+02
 1.88991666700000E+03, -5.80702898425108E-01, -1.20174625000000E+00, -6.94780201549570E+00,  2.14300000000000E+01,  2.98420693340877E+02,  1.80038936725981E+02
 1.89000000000000E+03, -5.67922814401259E-01, -1.55203000000000E+00, -6.96118964845204E+00,  2.16100000000000E+01,  2.80970542566168E+02,  2.03936951812136E+02
 1.89008333300000E+03, -5.56169903556173E-01, -1.43244725000000E+00, -6.97422661152995E+00,  2.17900000000000E+01,  2.13580342840269E+02,  1.94849122794415E+02
 1.89016666700000E+03, -5.51298496955907E-01, -9.68291500000000E-01, -6.98691132393612E+00,  2.19700000000000E+01,  1.57184841122326E+02,  2.11360598241384E+02
 1.89025000000000E+03, -5.58781896225843E-01, -7.15991250000000E-01, -6.99924223167929E+00,  2.21500000000000E+01,  1.44912346696793E+02,  2.34214794839049E+02
 1.89033333300000E+03, -5.80663842007516E-01, -7.34151500000000E-01, -7.01121780777176E+00,  2.23300000000000E+01,  6.96113359723190E+01,  2.26227303561062E+02
 1.89041666700000E+03, -6.14449814642900E-01, -8.50046750000000E-01, -7.02283655242815E+00,  2.25100000000000E+01,  8.16321731534781E+01,  3.06891652762290E+02
 1.89050000000000E+03, -6.54115945718978E-01, -1.01834500000000E+00, -7.03409699326131E+00,  2.26900000000000E+01,  1.32082134459756E+02,  4.01022719205243E+02
 1.89058333300000E+03, -7.15430115430651E-01, -1.22848025000000E+00, -7.04499768547542E+00,  2.28700000000000E+01,  1.82064285046679E+02,  4.00508573184506E+02
 1.89066666700000E+03, -7.97263746871578E-01, -1.27050500000000E+00, -8.67480411544103E+00,  2.30500000000000E+01,  2.28838113028787E+02,  3.49806507409069E+02
 1.89075000000000E+03, -8.10075686406624E-01, -1.12158625000000E+00, -8.72005247559571E+00,  2.32300000000000E+01,  2.71002734069497E+02,  3.76701596932312E+02
 1.89083333300000E+03, -6.86337111203037E-01, -9.09511750000000E-01, -8.76511081738630E+00,  2.34100000000000E+01,  2.62999579118037E+02,  2.90557875030385E+02
 1.89091666700000E+03, -4.93688156750744E-01, -6.26794000000000E-01, -8.80997575361278E+00,  2.35900000000000E+01,  2.01071183724072E+02,  1.39315746931409E+02
 1.89100000000000E+03, -3.56778581249764E-01, -3.34722750000000E-01, -8.85464391371406E+00,  2.37700000000000E+01,  1.61087991403577E+02,  1.72857643752595E+02
 1.89108333300000E+03, -3.45573133211048E-01, -1.23004250000000E-01, -8.89911194410090E+00,  2.39500000000000E+01,  8.68036594677413E+01,  1.89149357751123E+02
 1.89116666700000E+03, -4.31577546717696E-01, -1.53250000000000E-02, -8.94337650848693E+00,  2.41300000000000E+01,  8.72878266065582E+01,  2.16177625375901E+02
 1.89125000000000E+03, -5.14921507595456E-01,  2.46000000000000E-02, -8.98743428821775E+00,  2.43100000000000E+01,  1.04237114418129E+02,  2.33454327540878E+02
 1.89133333300000E+03, -5.00023449268794E-01,  1.61250000000000E-02, -9.03128198259802E+00,  2.44900000000000E+01,  1.21132054667436E+02,  4.03660969709909E+02
 1.89141666700000E+03, -3.65166737198978E-01, -6.00272500000000E-02, -9.07491630921654E+00,  2.46700000000000E+01,  1.19960370348584E+02,  3.86922906854836E+02
 1.89150000000000E+03, -1.78157069766418E-01, -1.34979500000000E-01, -9.11833400426924E+00,  2.48500000000000E+01,  1.16748287074414E+02,  3.75910237747160E+02
 1.89158333300000E+03, -1.39290113261437E-01, -1.37243000000000E-01, -9.16153182288015E+00,  2.50300000000000E+01,  7.25296365824833E+01,  3.05187283035189E+02
 1.89166666700000E+03, -2.78278005835384E-01, -9.65590000000000E-02,  4.57635900989311E+00,  2.52100000000000E+01,  5.87079637566389E+01,  3.67994319868558E+02
 1.89175000000000E+03, -3.55411822579147E-01, -8.11950000000000E-03,  4.58418477189115E+00,  2.53900000000000E+01,  5.29968560136254E+01,  2.32701445824241E+02
 1.89183333300000E+03, -3.50066996965541E-01,  6.64500000000000E-02,  4.59173068368218E+00,  2.55700000000000E+01,  8.99642632324618E+01,  2.59794111450769E+02
 1.89191666700000E+03, -3.54049316399705E-01, -4.44652500000000E-02,  4.59899493862864E+00,  2.57500000000000E+01,  1.13898630539690E+02,  3.82494674651053E+02
 1.89200000000000E+03, -3.48516464411288E-01, -2.40623500000000E-01,  4.60597575017877E+00,  2.59300000000000E+01,  1.90704802369377E+02,  5.53234976866590E+02
 1.89208333300000E+03, -3.25251557684921E-01, -3.42317250000000E-01,  4.61267135212551E+00,  2.61100000000000E+01,  2.60896248028100E+02,  6.69648496559093E+02
 1.89216666700000E+03, -2.92764520583863E-01, -4.68196750000000E-01,  4.61907999886343E+00,  2.62900000000000E+01,  2.54028382888318E+02,  6.77150073524208E+02
 1.89225000000000E+03, -2.69982137724261E-01, -5.47288500000000E-01,  4.62519996564345E+00,  2.64700000000000E+01,  3.33474611281780E+02,  8.01841734614495E+02
 1.89233333300000E+03, -2.72569099524983E-01, -4.85391750000000E-01,  4.63102954882544E+00,  2.66500000000000E+01,  3.59120640106710E+02,  7.27482120682543E+02
 1.89241666700000E+03, -3.01831229214922E-01, -4.89377000000000E-01,  4.63656706612873E+00,  2.68300000000000E+01,  3.19810178714782E+02,  6.87113378976522E+02
 1.89250000000000E+03, -3.43683454490165E-01, -5.88972000000000E-01,  4.64181085688029E+00,  2.70100000000000E+01,  2.61286243186640E+02,  5.26880253359120E+02
 1.89258333300000E+03, -3.51712093184837E-01, -7.48934250000000E-01,  4.64675928226077E+00,  2.71900000000000E+01,  4.61841047057627E+02,  6.88424559545980E+02
 1.89266666700000E+03, -2.96479413965054E-01, -1.00875950000000E+00,  5.62925155107449E-01,  2.73700000000000E+01,  3.96287675330038E+02,  4.92958105925409E+02
 1.89275000000000E+03, -2.20650390094221E-01, -1.21535000000000E+00,  5.33338559691844E-01,  2.75500000000000E+01,  3.63646652566826E+02,  4.62435754155630E+02
 1.89283333300000E+03, -1.69035039321506E-01, -1.10827900000000E+00,  5.03595718843914E-01,  2.77300000000000E+01,  3.96361430909337E+02,  4.64916334406130E+02
 1.89291666700000E+03, -1.65690944166642E-01, -7.52370000000000E-01,  4.73697121177864E-01,  2.79100000000000E+01,  4.74982349565587E+02,  5.92326746441372E+02
 1.89300000000000E+03, -2.30569999192036E-01, -5.15588500000000E-01,  4.43643281717726E-01,  2.80900000000000E+01,  3.11670940550108E+02,  3.81490458935352E+02
 1.89308333300000E+03, -3.61110915755226E-01, -5.35910000000000E-01,  4.13434741910813E-01,  2.82700000000000E+01,  2.77463562697441E+02,  4.80470061415272E+02
 1.89316666700000E+03, -5.32588266396017E-01, -7.39149500000000E-01,  3.83072069637734E-01,  2.84500000000000E+01,  3.55030952561916E+02,  5.96736092251757E+02
 1.89325000000000E+03, -7.05568753687764E-01, -9.85357000000000E-01,  3.52555859218964E-01,  2.86300000000000E+01,  3.25261107079622E+02,  4.68083358904295E+02
 1.89333333300000E+03, -8.38933346608384E-01, -1.13327500000000E+00,  3.21886731417963E-01,  2.88100000000000E+01,  2.32972959608353E+02,  2.94296722062388E+02
 1.89341666700000E+03, -9.04661038474741E-01, -1.27708250000000E+00,  2.91065333440861E-01,  2.89900000000000E+01,  2.05392240632206E+02,  3.35372423445926E+02
 1.89350000000000E+03, -8.98952165729845E-01, -1.43937500000000E+00,  2.60092338932673E-01,  2.91700000000000E+01,  2.16526795049454E+02,  2.96681785122348E+02
 1.89358333300000E+03, -9.79783126768305E-01, -1.46676500000000E+00,  2.28968447970087E-01,  2.93500000000000E+01,  1.26127165461265E+02,  1.96083156435640E+02
 1.89366666700000E+03, -1.21743458379145E+00, -1.40576750000000E+00, -5.89615233707963E-02,  2.95300000000000E+01,  2.38267442774021E+02,  3.53497604134986E+02
 1.89375000000000E+03, -1.38647347827343E+00, -1.32921250000000E+00, -4.07427467073844E-02,  2.97100000000000E+01,  2.34230872322332E+02,  3.73554387821771E+02
 1.89383333300000E+03, -1.42751796576594E+00, -1.18557150000000E+00, -2.24298365876756E-02,  2.98900000000000E+01,  2.44419091476234E+02,  3.35549907834793E+02
 1.89391666700000E+03, -1.42060509741199E+00, -1.05480550000000E+00, -4.02252449867557E-03,  3.00700000000000E+01,  3.35087038359627E+02,  3.88192716193699E+02
 1.89400000000000E+03, -1.36353378700549E+00, -1.07299150000000E+00,  1.44794341908150E-02,  3.02500000000000E+01,  3.39949513061187E+02,  3.72158401541291E+02
 1.89408333300000E+03, -1.26366255812748E+00, -1.11957000000000E+00,  3.30762601427448E-02,  3.04300000000000E+01,  1.80200310252337E+02,  2.34734930402773E+02
 1.89416666700000E+03, -1.13654126243381E+00, -1.03787425000000E+00,  5.17681499656830E-02,  3.06100000000000E+01,  2.53561590959261E+02,  3.64162560512975E+02
 1.89425000000000E+03, -1.00185710864946E+00, -9.35871000000000E-01,  7.05552761340267E-02,  3.07900000000000E+01,  2.72594964241643E+02,  4.00982291577020E+02
 1.89433333300000E+03, -8.78507182535445E-01, -8.91111000000000E-01,  8.94377869105498E-02,  3.09700000000000E+01,  1.49273178775513E+02,  3.78142249500877E+02
 1.89441666700000E+03, -7.80751519851489E-01, -8.48021250000000E-01,  1.08415806272318E-01,  3.11500000000000E+01,  1.70533877497950E+02,  3.55523075178002E+02
 1.89450000000000E+03, -7.16330783450456E-01, -7.73921500000000E-01,  1.27489433839947E-01,  3.13300000000000E+01,  1.74356380547999E+02,  4.21052771098957E+02
 1.89458333300000E+03, -5.47138739718123E-01, -7.95843750000000E-01,  1.46658744810266E-01,  3.15100000000000E+01,  1.04480486410847E+02,  2.66647433295380E+02
 1.89466666700000E+03, -2.76362901351956E-01, -9.06615000000000E-01, -5.21290497115615E+00,  3.16900000000000E+01,  7.68736947202878E+01,  2.75702571518978E+02
 1.89475000000000E+03, -1.76421219270514E-01, -8.85015250000000E-01, -5.20093086909271E+00,  3.18700000000000E+01,  7.14298698476807E+01,  1.90553038738418E+02
 1.89483333300000E+03, -2.21090131721463E-01, -7.37397250000000E-01, -5.18922561164622E+00,  3.20500000000000E+01,  5.25950925635750E+01,  1.93768996282993E+02
 1.89491666700000E+03, -2.54843830037199E-01, -6.10366250000000E-01, -5.17779146941166E+00,  3.22300000000000E+01,  8.28831278096906E+01,  2.62077078129605E+02
 1.89500000000000E+03, -2.77980751029204E-01, -5.52278500000000E-01, -5.16663069456302E+00,  3.24100000000000E+01,  7.91063093785183E+01,  2.57615228204552E+02
 1.89508333300000E+03, -2.92561395683176E-01, -4.75270250000000E-01, -5.15574552051904E+00,  3.25900000000000E+01,  6.35367895113125E+01,  2.24884645364534E+02
 1.89516666700000E+03, -3.01564915879906E-01, -3.93709500000000E-01, -5.14513816161104E+00,  3.27700000000000E+01,  7.54089566292255E+01,  2.47436465913469E+02
 1.89525000000000E+03, -3.07190929632861E-01, -3.55721250000000E-01, -5.13481081275258E+00,  3.29500000000000E+01,  9.54905612265906E+01,  3.05599483835067E+02
 1.89533333300000E+03, -3.09574657979603E-01, -3.60414000000000E-01, -5.12476564911119E+00,  3.31300000000000E+01,  6.66530383548920E+01,  1.70418071429277E+02
 1.89541666700000E+03, -3.06929865957776E-01, -3.93574000000000E-01, -5.11500482578220E+00,  3.33100000000000E+01,  7.18055779455513E+01,  2.15307016445613E+02
 1.89550000000000E+03, -2.96941481731343E-01, -2.48854000000000E-01, -5.10553047746459E+00,  3.34900000000000E+01,  1.36170578390062E+02,  2.59677503425330E+02
 1.89558333300000E+03, -2.83383196171966E-01,  2.59602500000000E-02, -5.09634471813909E+00,  3.36700000000000E+01,  1.48646228482915E+02,  2.72406870396421E+02
 1.89566666700000E+03, -3.03654498863254E-01,  7.64640000000000E-02, -1.59938605609489E+01,  3.38500000000000E+01,  1.13885919767168E+02,  2.56217543150179E+02
 1.89575000000000E+03, -3.84022415610652E-01,  1.12405000000000E-02, -1.60199099636994E+01,  3.40300000000000E+01,  1.19505259597745E+02,  2.35475512160991E+02
 1.89583333300000E+03, -4.77726895358088E-01,  6.94437500000000E-02, -1.60455795099808E+01,  3.42100000000000E+01,  1.40904135166593E+02,  2.97830017635258E+02
 1.89591666700000E+03, -5.33452995598470E-01,  8.53712500000000E-02, -1.60708675047718E+01,  3.43900000000000E+01,  1.35824471318729E+02,  2.74185392725053E+02
 1.89600000000000E+03, -5.36077674865957E-01, -1.33092500000000E-02, -1.60957722885199E+01,  3.45700000000000E+01,  1.10453812182257E+02,  2.27169354268272E+02
 1.89608333300000E+03, -4.84291085622365E-01, -4.53510000000000E-02, -1.61202922372831E+01,  3.47500000000000E+01,  1.33517187021900E+02,  1.75429406605182E+02
 1.89616666700000E+03, -3.89663973430816E-01, -2.62550000000000E-03, -1.61444257628669E+01,  3.49300000000000E+01,  1.50987430532697E+02,  2.47380645949308E+02
 1.89625000000000E+03, -2.72119421452428E-01, -2.62500000000000E-03, -1.61681713129587E+01,  3.51100000000000E+01,  1.21778576949486E+02,  1.80712049310710E+02
 1.89633333300000E+03, -1.54098227128315E-01, -8.07995000000000E-02, -1.61915273712563E+01,  3.52900000000000E+01,  6.25901091128955E+01,  1.71936439806136E+02
 1.89641666700000E+03, -5.56669785231208E-02, -7.17065000000000E-02, -1.62144924575934E+01,  3.54700000000000E+01,  8.89316166336537E+01,  2.38766237874303E+02
 1.89650000000000E+03,  8.47814597865852E-03,  2.49253500000000E-01, -1.62370651280604E+01,  3.56500000000000E+01,  8.26459651565957E+01,  2.52693437844408E+02
 1.89658333300000E+03,  5.35262916855394E-02,  5.88477750000000E-01, -1.62592439751208E+01,  3.58300000000000E+01,  6.40004621224444E+01,  2.12008766486244E+02
 1.89666666700000E+03,  9.25667643470412E-02,  6.50533500000000E-01, -1.18338329663438E+01,  3.60100000000000E+01,  7.15102389891868E+01,  1.90439914930098E+02
 1.89675000000000E+03,  1.07048561189173E-01,  6.28129750000000E-01, -1.18460345221777E+01,  3.61900000000000E+01,  7.52638133770565E+01,  3.32421657296188E+02
 1.89683333300000E+03,  1.06091244673812E-01,  6.75811250000000E-01, -1.18578322323803E+01,  3.63700000000000E+01,  5.88736969938890E+01,  2.57532307730844E+02
 1.89691666700000E+03,  1.08813955953348E-01,  7.21324750000000E-01, -1.18692256823638E+01,  3.65500000000000E+01,  6.08091541868358E+01,  2.41578722954906E+02
 1.89700000000000E+03,  1.13490506867347E-01,  6.90862250000000E-01, -1.18802144930978E+01,  3.67300000000000E+01,  5.95374815615858E+01,  2.43562198842980E+02
 1.89708333300000E+03,  1.17916851134509E-01,  5.44965250000000E-01, -1.18907983211058E+01,  3.69100000000000E+01,  5.78204918226238E+01,  2.32033788696562E+02
 1.89716666700000E+03,  1.20260743119571E-01,  2.53151000000000E-01, -1.19009768584567E+01,  3.70900000000000E+01,  1.19238515589790E+02,  1.14642258115691E+02
 1.89725000000000E+03,  1.20426886972727E-01, -3.73812500000000E-02, -1.19107498327535E+01,  3.72700000000000E+01,  2.29348391474698E+02,  2.63214270682852E+02
 1.89733333300000E+03,  1.20814131808046E-01, -1.42299250000000E-01, -1.19201170071174E+01,  3.74500000000000E+01,  2.52322874827435E+02,  2.64287646946258E+02
 1.89741666700000E+03,  1.25618521623615E-01, -7.45662500000000E-02, -1.19290781801679E+01,  3.76300000000000E+01,  3.04114103861437E+02,  3.36938381269205E+02
 1.89750000000000E+03,  1.39004547936970E-01,  4.22440000000000E-02, -1.19376331859997E+01,  3.78100000000000E+01,  3.13383918600906E+02,  3.59268429542859E+02
 1.89758333300000E+03,  1.58130701886346E-01,  8.69515000000000E-02, -1.19457818941546E+01,  3.79900000000000E+01,  2.68562429178838E+02,  3.67544937274601E+02
 1.89766666700000E+03,  1.59594422990044E-01, -2.67747500000000E-02, -5.50065142735350E-01,  3.81700000000000E+01,  1.64338746059597E+02,  2.29140836729076E+02
 1.89775000000000E+03,  1.25485258583869E-01, -2.76857000000000E-01, -5.67283271601057E-01,  3.83500000000000E+01,  1.42382515241885E+02,  2.78221979029133E+02
 1.89783333300000E+03,  7.35399756744914E-02, -4.60623750000000E-01, -5.84857583173645E-01,  3.85300000000000E+01,  1.33914546729715E+02,  2.39387221827938E+02
 1.89791666700000E+03,  2.56906683335387E-02, -5.11947750000000E-01, -6.02787782662379E-01,  3.87100000000000E+01,  3.21937620592691E+02,  4.43124860515248E+02
 1.89800000000000E+03, -8.76098899355767E-03, -5.22842500000000E-01, -6.21073541172770E-01,  3.88900000000000E+01,  3.70674976192423E+02,  3.85897749220164E+02
 1.89808333300000E+03, -2.27459942095094E-02, -4.92851750000000E-01, -6.39714495673470E-01,  3.90700000000000E+01,  4.56156105795651E+02,  3.93990312777388E+02
 1.89816666700000E+03, -1.20918466734108E-02, -4.14508750000000E-01, -6.58710248967195E-01,  3.92500000000000E+01,  5.32261952826812E+02,  4.55473978663066E+02
 1.89825000000000E+03,  2.48022652831136E-02, -3.44228500000000E-01, -6.78060369665550E-01,  3.94299999999999E+01,  4.89234045571005E+02,  3.96557901678454E+02
 1.89833333300000E+03,  8.72575708321379E-02, -3.39771500000000E-01, -6.97764392167850E-01,  3.96099999999999E+01,  3.23682040935718E+02,  2.09404933242474E+02
 1.89841666700000E+03,  1.71794450522848E-01, -3.67554250000000E-01, -7.17821816643926E-01,  3.97899999999999E+01,  3.67075373185025E+02,  3.81894064710859E+02
 1.89850000000000E+03,  2.71150267067707E-01, -4.65001750000000E-01, -7.38232109020864E-01,  3.99699999999999E+01,  2.73249260700173E+02,  3.72661607182419E+02
 1.89858333300000E+03,  1.22370127335463E-01, -5.58814500000000E-01, -7.58994700973794E-01,  4.01499999999999E+01,  3.16832049742834E+02,  7.57447099139072E+02
 1.89866666700000E+03, -2.52672985224546E-01, -4.79046250000000E-01, -1.45492936166084E+01,  4.03299999999999E+01,  3.10056406681225E+02,  8.19012792849395E+02
 1.89875000000000E+03, -3.28742906561288E-01, -4.09475250000000E-01, -1.45895631023314E+01,  4.05099999999999E+01,  3.09808577148841E+02,  7.92229970236235E+02
 1.89883333300000E+03, -1.70797704415232E-01, -5.31701500000000E-01, -1.46295561117880E+01,  4.06899999999999E+01,  2.54061081008514E+02,  6.12208878259011E+02
 1.89891666700000E+03, -1.09850192672537E-01, -7.18078000000000E-01, -1.46692696178384E+01,  4.08699999999999E+01,  2.46368306096131E+02,  6.02949297395142E+02
 1.89900000000000E+03, -1.52131718637700E-01, -8.14987500000000E-01, -1.47087006191311E+01,  4.10499999999999E+01,  1.10609789833423E+02,  1.12223168876189E+02
 1.89908333300000E+03, -2.44316480273886E-01, -7.64814750000000E-01, -1.47478461404011E+01,  4.12299999999999E+01,  2.54692411116637E+02,  2.20395457335156E+02
 1.89916666700000E+03, -3.09244898917595E-01, -6.00784500000000E-01, -1.47867032327654E+01,  4.14099999999999E+01,  2.79332788499080E+02,  4.08108901318180E+02
 1.89925000000000E+03, -2.91956668106941E-01, -3.86286500000000E-01, -1.48252689740148E+01,  4.15899999999999E+01,  2.53357604090008E+02,  4.39330299057159E+02
 1.89933333300000E+03, -1.90359198980189E-01, -2.41694500000000E-01, -1.48635404689034E+01,  4.17699999999999E+01,  2.84456919031483E+02,  5.53602807708206E+02
 1.89941666700000E+03, -5.53305001102373E-02, -1.59956750000000E-01, -1.49015148494341E+01,  4.19499999999999E+01,  2.78280032560477E+02,  5.77538509534371E+02
 1.89950000000000E+03,  3.77747230131992E-02,  9.14100000000000E-03, -1.49391892751418E+01,  4.21299999999999E+01,  1.97142005995717E+02,  4.84825775475436E+02
 1.89958333300000E+03,  9.85808521469703E-02,  1.22211000000000E-01, -1.49765609333726E+01,  4.23099999999999E+01,  1.52246903158587E+02,  3.90652474535694E+02
 1.89966666700000E+03,  1.73436080310510E-01,  2.22567500000000E-01, -6.03450157593617E+00,  4.24899999999999E+01,  1.23448020097079E+02,  3.83989998522792E+02
 1.89975000000000E+03,  2.23920543901829E-01,  5.45722750000000E-01, -6.02080978739495E+00,  4.26699999999999E+01,  1.17494661563012E+02,  3.56643197568181E+02
 1.89983333300000E+03,  2.47304680308256E-01,  8.55862000000000E-01, -6.00710101558586E+00,  4.28499999999999E+01,  1.25561340560871E+02,  4.39698974563488E+02
 1.89991666700000E+03,  2.78970213513043E-01,  9.16842000000000E-01, -5.99337358775443E+00,  4.30299999999999E+01,  7.12694814588934E+01,  4.39256353370849E+02
 1.90000000000000E+03,  3.16154601794355E-01,  7.88256000000000E-01, -5.97962584097173E+00,  4.32099999999999E+01,  1.12843281598123E+02,  3.54702618310737E+02
 1.90008333300000E+03,  3.45572726676090E-01,  6.36342500000000E-01, -5.96585612243349E+00,  4.33899999999999E+01,  1.14113694520412E+02,  3.31106338536021E+02
 1.90016666700000E+03,  3.50244532069061E-01,  5.44708000000000E-01, -5.95206278975782E+00,  4.35699999999999E+01,  8.81577129136218E+01,  2.67679830339883E+02
 1.90025000000000E+03,  3.18954773517422E-01,  4.61448750000000E-01, -5.93824421128123E+00,  4.37499999999999E+01,  8.86515906887158E+01,  1.52351686253863E+02
 1.90033333300000E+03,  2.52744718050238E-01,  3.77758750000000E-01, -5.92439876635300E+00,  4.39299999999999E+01,  9.90440744974949E+01,  1.98786053011964E+02
 1.90041666700000E+03,  1.64800072700995E-01,  3.46486250000000E-01, -5.91052484562797E+00,  4.41099999999999E+01,  5.24474216454333E+01,  1.75758586410966E+02
 1.90050000000000E+03,  7.42301748898760E-02,  3.86618250000000E-01, -5.89662085135749E+00,  4.42899999999999E+01,  1.19182841417250E+02,  2.89800149800368E+02
 1.90058333300000E+03,  2.81299989051076E-02,  4.16447500000000E-01, -5.88268519767869E+00,  4.44699999999999E+01,  1.37057633440252E+02,  3.70090982362392E+02
 1.90066666700000E+03,  3.86087977330050E-02,  4.04468500000000E-01, -1.17844687524069E+01,  4.46499999999999E+01,  1.63537766845028E+02,  4.37395978569642E+02
 1.90075000000000E+03,  4.26436309572140E-02,  3.85717000000000E-01, -1.17981809996871E+01,  4.48299999999999E+01,  1.94044228460852E+02,  3.09647476713540E+02
 1.90083333300000E+03,  2.31870989504650E-02,  4.38902750000000E-01, -1.18114912734788E+01,  4.50099999999999E+01,  3.36313393802775E+02,  3.83879595520995E+02
 1.90091666700000E+03,  3.52035946267167E-03,  6.00215750000000E-01, -1.18243990258362E+01,  4.51899999999999E+01,  2.97339882951172E+02,  4.95289343590978E+02
 1.90100000000000E+03, -1.28153313645978E-02,  6.00601250000000E-01, -1.18369037443502E+01,  4.53699999999999E+01,  3.72469340166853E+02,  4.09742796866431E+02
 1.90108333300000E+03, -2.46011357475296E-02,  3.70637000000000E-01, -1.18490049521594E+01,  4.55499999999999E+01,  4.34478907676967E+02,  3.64195623561448E+02
 1.90116666700000E+03, -3.23513101772500E-02,  2.02555000000000E-01, -1.18607022079574E+01,  4.57299999999999E+01,  4.19161749632234E+02,  5.19894840646160E+02
 1.90125000000000E+03, -3.67050213008833E-02,  1.19841000000000E-01, -1.18719951059955E+01,  4.59099999999999E+01,  3.48208609147014E+02,  4.47652855667328E+02
 1.90133333300000E+03, -3.70821801317887E-02, -1.44837500000000E-02, -1.18828832760818E+01,  4.60899999999999E+01,  3.69517183357998E+02,  3.42813062134326E+02
 1.90141666700000E+03, -3.16492144292689E-02, -1.40806000000000E-01, -1.18933663835766E+01,  4.62699999999999E+01,  2.75609161065009E+02,  3.54169982906068E+02
 1.90150000000000E+03, -1.84596023824099E-02, -1.34699250000000E-01, -1.19034441293833E+01,  4.64499999999999E+01,  2.41926949271385E+02,  7.27911390374575E+02
 1.90158333300000E+03, -4.83204554395842E-02, -1.23265750000000E-01, -1.19131162499356E+01,  4.66299999999999E+01,  3.62457965134731E+02,  7.42271041889050E+02
 1.90166666700000E+03, -1.40827772768611E-01, -2.02492250000000E-01, -5.84438901883687E+00,  4.68099999999999E+01,  2.94268285919856E+02,  8.13183430210544E+02
 1.90175000000000E+03, -2.08752991752864E-01, -2.53776000000000E-01, -5.83032128188549E+00,  4.69899999999999E+01,  3.33251243388925E+02,  7.19390230306516E+02
 1.90183333300000E+03, -2.25023973578551E-01, -2.81149750000000E-01, -5.81621454570920E+00,  4.71699999999999E+01,  3.40609145646363E+02,  7.01386795871800E+02
 1.90191666700000E+03, -2.17386568876237E-01, -3.24236250000000E-01, -5.80206729811200E+00,  4.73499999999999E+01,  2.90913303551076E+02,  3.09430550176032E+02
 1.90200000000000E+03, -1.86623753268341E-01, -3.25553250000000E-01, -5.78787804068312E+00,  4.75299999999999E+01,  1.69661170933711E+02,  2.50051557017652E+02
 1.90208333300000E+03, -1.36586250267097E-01, -2.89097250000000E-01, -5.77364528907140E+00,  4.77099999999999E+01,  1.86981636930048E+02,  1.69795094900880E+02
 1.90216666700000E+03, -7.33326507632454E-02, -1.49346500000000E-01, -5.75936757325754E+00,  4.78899999999999E+01,  1.20016671509203E+02,  2.75843250206340E+02
 1.90225000000000E+03, -3.26397667299193E-03,  2.04531500000000E-01, -5.74504343782422E+00,  4.80699999999999E+01,  1.41339369062116E+02,  4.28436691619254E+02
 1.90233333300000E+03,  6.84714950262748E-02,  5.07270750000000E-01, -5.73067144222403E+00,  4.82499999999999E+01,  1.75002973705530E+02,  4.37544469504633E+02
 1.90241666700000E+03,  1.38262328829875E-01,  6.18093000000000E-01, -5.71625016104525E+00,  4.84299999999999E+01,  1.52754931420971E+02,  3.44708006636533E+02
 1.90250000000000E+03,  2.03142688033855E-01,  6.68455750000000E-01, -5.70177818427540E+00,  4.86099999999999E+01,  1.37198064583440E+02,  3.89903119283915E+02
 1.90258333300000E+03,  3.48548839303783E-01,  7.42233000000000E-01, -5.68725411756241E+00,  4.87899999999999E+01,  1.32776403965740E+02,  3.46391666201189E+02
 1.90266666700000E+03,  5.48569118655999E-01,  8.51476250000000E-01, -1.23918011345568E+01,  4.89699999999999E+01,  1.17667319573621E+02,  1.83524962404213E+02
 1.90275000000000E+03,  5.83374742064588E-01,  8.47267250000000E-01, -1.23520344975502E+01,  4.91499999999999E+01,  1.03990335658487E+02,  2.47428731580043E+02
 1.90283333300000E+03,  4.64680703599810E-01,  7.35838500000000E-01, -1.23122790248121E+01,  4.93299999999999E+01,  9.48066299615304E+01,  2.67284772516115E+02
 1.90291666700000E+03,  3.58803990772710E-01,  6.68526500000000E-01, -1.22725374577772E+01,  4.95099999999999E+01,  9.34623153437677E+01,  2.38013534628336E+02
 1.90300000000000E+03,  3.42130333034387E-01,  7.31256750000000E-01, -1.22328125211203E+01,  4.96899999999999E+01,  8.65297820610679E+01,  2.18961157214435E+02
 1.90308333300000E+03,  4.35924967281810E-01,  8.01602750000000E-01, -1.21931069224680E+01,  4.98699999999999E+01,  2.45097991841996E+02,  2.31666974371572E+02
 1.90316666700000E+03,  5.92340930592247E-01,  7.01778500000000E-01, -1.21534233521142E+01,  5.00499999999999E+01,  2.42042148831926E+02,  1.63739485195680E+02
 1.90325000000000E+03,  7.20313139918453E-01,  4.53571500000000E-01, -1.21137644827370E+01,  5.02299999999999E+01,  2.35554583311366E+02,  1.73383914209179E+02
 1.90333333300000E+03,  7.36263779747698E-01,  3.20708250000000E-01, -1.20741329691193E+01,  5.04099999999999E+01,  3.58023141695368E+02,  3.10308811590316E+02
 1.90341666700000E+03,  6.10488974201457E-01,  2.77530750000000E-01, -1.20345314478715E+01,  5.05899999999999E+01,  3.86561110115569E+02,  3.01913227998039E+02
 1.90350000000000E+03,  3.83127128397661E-01,  1.57186000000000E-01, -1.19949625371576E+01,  5.07699999999999E+01,  2.51625074403090E+02,  3.12843390965756E+02
 1.90358333300000E+03,  1.45455221812937E-01,  8.92805000000000E-02, -1.19554288364237E+01,  5.09499999999999E+01,  3.62170266446686E+02,  6.26519532391946E+02
 1.90366666700000E+03, -3.81566087045189E-03, -1.42887500000000E-02, -8.21234155159176E+00,  5.11299999999999E+01,  4.52328979357658E+02,  5.98666282675077E+02
 1.90375000000000E+03, -5.22648361755878E-02, -1.45558250000000E-01, -8.18752776528822E+00,  5.13099999999999E+01,  3.93739116782468E+02,  5.55087418910708E+02
 1.90383333300000E+03, -7.80052830085229E-02, -2.64592000000000E-01, -8.16287928690097E+00,  5.14899999999999E+01,  3.83827185494233E+02,  6.44672414648630E+02
 1.90391666700000E+03, -1.23076012727120E-01, -4.92993250000000E-01, -8.13839566089730E+00,  5.16699999999999E+01,  5.27879553762834E+02,  7.50224713762267E+02
 1.90400000000000E+03, -1.76258018216245E-01, -6.49840750000000E-01, -8.11407640594966E+00,  5.18499999999999E+01,  4.37564898489393E+02,  5.36027534162642E+02
 1.90408333300000E+03, -2.20070661882545E-01, -5.55660000000000E-01, -8.08992101509574E+00,  5.20299999999999E+01,  3.60539435228786E+02,  5.71446941785009E+02
 1.90416666700000E+03, -2.32678040226024E-01, -3.96664000000000E-01, -8.06592895590197E+00,  5.22099999999999E+01,  2.82354909357439E+02,  5.46914792435000E+02
 1.90425000000000E+03, -1.93657065883741E-01, -3.78526250000000E-01, -8.04209967063029E+00,  5.23899999999999E+01,  4.08557330691237E+02,  7.53150431167222E+02
 1.90433333300000E+03, -9.20198050990767E-02, -3.68954250000000E-01, -8.01843257640830E+00,  5.25699999999999E+01,  4.58644124553080E+02,  1.04722941701364E+03
 1.90441666700000E+03,  6.71453239351529E-02, -1.48366000000000E-01, -7.99492706540278E+00,  5.27499999999999E+01,  4.55366368763633E+02,  1.17643429050700E+03
 1.90450000000000E+03,  2.61444445382368E-01,  1.21839250000000E-01, -7.97158250499634E+00,  5.29299999999999E+01,  6.40375233289987E+02,  1.43702592159237E+03
 1.90458333300000E+03,  4.38129937829503E-01,  1.88731250000000E-01, -7.94839823796742E+00,  5.31099999999999E+01,  7.33137772916786E+02,  1.51618619619060E+03
 1.90466666700000E+03,  4.97901991405243E-01,  2.48307500000000E-01, -7.48067647509749E+00,  5.32899999999999E+01,  6.51280164501642E+02,  1.55747719604065E+03
 1.90475000000000E+03,  4.14296732195413E-01,  2.67580500000000E-01, -7.46092012786230E+00,  5.34699999999999E+01,  4.42420405964402E+02,  1.16595182289367E+03
 1.90483333300000E+03,  2.93174741716381E-01,  1.99383750000000E-01, -7.44130164697083E+00,  5.36499999999999E+01,  5.27350555645531E+02,  1.32600141798411E+03
 1.90491666700000E+03,  2.06915869481268E-01,  3.51177250000000E-01, -7.42181983079741E+00,  5.38299999999999E+01,  3.28927002640042E+02,  1.09345596828414E+03
 1.90500000000000E+03,  1.55728316827082E-01,  5.40237250000000E-01, -7.40247345879497E+00,  5.40099999999999E+01,  3.39500097750097E+02,  1.00833579180831E+03
 1.90508333300000E+03,  1.33384555994993E-01,  6.18945000000000E-01, -7.38326129175120E+00,  5.41899999999999E+01,  3.44465812317110E+02,  7.97849388725047E+02
 1.90516666700000E+03,  1.29143161792543E-01,  5.76775750000000E-01, -7.36418207204705E+00,  5.43699999999999E+01,  4.68965751294306E+02,  9.98974955763117E+02
 1.90525000000000E+03,  1.30940587354254E-01,  5.09619250000000E-01, -7.34523452391762E+00,  5.45499999999999E+01,  3.94334159181781E+02,  6.36684265625492E+02
 1.90533333300000E+03,  1.28308889321928E-01,  5.19914000000000E-01, -7.32641735371528E+00,  5.47299999999999E+01,  4.05666030419260E+02,  6.02866704437532E+02
 1.90541666700000E+03,  1.13755454382518E-01,  5.27526250000000E-01, -7.30772925017512E+00,  5.49099999999999E+01,  3.02493138674603E+02,  5.28267367614658E+02
 1.90550000000000E+03,  8.25923196619985E-02,  6.46368000000000E-01, -7.28916888468261E+00,  5.50899999999999E+01,  3.09960609605099E+02,  4.88454172233122E+02
 1.90558333300000E+03,  3.87320261087577E-02,  8.41622750000000E-01, -7.27073491154347E+00,  5.52699999999999E+01,  1.71113240494823E+02,  3.10290032404542E+02
 1.90566666700000E+03,  2.67362280918076E-02,  8.88059500000000E-01, -1.01941388115409E+01,  5.54499999999999E+01,  1.50102510575119E+02,  4.41310762717277E+02
 1.90575000000000E+03,  7.97525525158347E-02,  6.88634750000000E-01, -1.01779047474379E+01,  5.56299999999999E+01,  1.46306365626936E+02,  4.08672515785236E+02
 1.90583333300000E+03,  1.52509075896863E-01,  5.60610250000000E-01, -1.01615889590872E+01,  5.58099999999999E+01,  2.56909359698867E+02,  5.01392768813437E+02
 1.90591666700000E+03,  2.03674641150010E-01,  5.20768750000000E-01, -1.01451904517302E+01,  5.59899999999999E+01,  1.82008781472808E+02,  4.78603448856481E+02
 1.90600000000000E+03,  2.30288518894972E-01,  3.93841250000000E-01, -1.01287082533398E+01,  5.61699999999999E+01,  2.12824934865324E+02,  4.24043740711434E+02
 1.90608333300000E+03,  2.30850889655195E-01,  4.93977000000000E-01, -1.01121414148265E+01,  5.63499999999999E+01,  1.96492153521404E+02,  3.13022395332030E+02
 1.90616666700000E+03,  2.06040927110079E-01,  6.34938250000000E-01, -1.00954890102424E+01,  5.65299999999999E+01,  3.48995755349194E+02,  3.37187663658416E+02
 1.90625000000000E+03,  1.59996801369510E-01,  4.05076500000000E-01, -1.00787501369807E+01,  5.67099999999999E+01,  2.56839437151894E+02,  2.61976544608115E+02
 1.90633333300000E+03,  1.00929356470263E-01,  1.37921000000000E-01, -1.00619239159721E+01,  5.68899999999999E+01,  2.52791457036680E+02,  1.51442116554513E+02
 1.90641666700000E+03,  4.01178465732600E-02,  7.38160000000000E-02, -1.00450094918782E+01,  5.70699999999999E+01,  2.22355867855239E+02,  1.81294141992952E+02
 1.90650000000000E+03, -1.04536995354303E-02,  1.07056250000000E-01, -1.00280060332801E+01,  5.72499999999999E+01,  3.16361217244920E+02,  2.02620218319086E+02
 1.90658333300000E+03, -1.64416897194970E-01, -1.39940000000000E-02, -1.00109127328652E+01,  5.74299999999999E+01,  1.99174372656809E+02,  1.73460229886018E+02
 1.90666666700000E+03, -3.93418573068462E-01, -4.05376250000000E-01, -1.51719191774183E+01,  5.76099999999999E+01,  1.80181696234169E+02,  1.78346572099674E+02
 1.90675000000000E+03, -4.26203695599206E-01, -4.89277500000000E-01, -1.52072983502533E+01,  5.77899999999999E+01,  2.57854149084138E+02,  4.89350397059587E+02
 1.90683333300000E+03, -3.02949926261778E-01, -2.28842500000000E-01, -1.52423549126909E+01,  5.79699999999999E+01,  2.87302250670818E+02,  5.55511745990743E+02
 1.90691666700000E+03, -2.14881665986845E-01, -1.67672250000000E-01, -1.52770862953421E+01,  5.81499999999999E+01,  2.34349777333852E+02,  7.28279341417718E+02
 1.90700000000000E+03, -1.99865692590133E-01, -2.08273000000000E-01, -1.53114899590861E+01,  5.83299999999999E+01,  2.27177646121996E+02,  9.97449325563340E+02
 1.90708333300000E+03, -2.58279198079790E-01, -1.97657750000000E-01, -1.53455633953142E+01,  5.85099999999999E+01,  2.80887642961134E+02,  1.05713456695931E+03
 1.90716666700000E+03, -3.55905827295470E-01, -2.30975000000000E-01, -1.53793041261710E+01,  5.86899999999999E+01,  1.98712920836815E+02,  7.39455413261667E+02
 1.90725000000000E+03, -4.40893757695426E-01, -2.53549000000000E-01, -1.54127097047914E+01,  5.88699999999999E+01,  3.57501841264189E+02,  9.77227480957386E+02
 1.90733333300000E+03, -4.66839938781584E-01, -1.99406500000000E-01, -1.54457777155340E+01,  5.90499999999999E+01,  3.10812247366572E+02,  7.50524807599412E+02
 1.90741666700000E+03, -4.12443884104088E-01, -1.68979000000000E-01, -1.54785057742113E+01,  5.92299999999999E+01,  2.75920173694476E+02,  4.73056035862123E+02
 1.90750000000000E+03, -2.90093069904196E-01, -1.84296250000000E-01, -1.55108915283155E+01,  5.94099999999999E+01,  3.35645651599026E+02,  5.29924257565154E+02
 1.90758333300000E+03, -1.05792002733737E-01, -1.15081000000000E-01, -1.55429326572415E+01,  5.95899999999999E+01,  3.78682015952998E+02,  5.52397779083400E+02
 1.90766666700000E+03,  7.15364331699650E-02, -1.20812250000000E-01, -7.35406810535292E+00,  5.97699999999999E+01,  1.94159524164882E+02,  2.30614767072163E+02
 1.90775000000000E+03,  1.37286456963807E-01, -2.46947250000000E-01, -7.33519020127918E+00,  5.99499999999999E+01,  2.90059175870724E+02,  5.97998794248478E+02
 1.90783333300000E+03,  1.35826266072897E-01, -2.26981750000000E-01, -7.31644197849962E+00,  6.01299999999999E+01,  4.26494053574593E+02,  6.87015182725483E+02
 1.90791666700000E+03,  1.37781607837529E-01, -1.94660250000000E-01, -7.29782211646982E+00,  6.03099999999999E+01,  3.13594749408283E+02,  6.24911039822203E+02
 1.90800000000000E+03,  1.39202741800527E-01, -1.99374250000000E-01, -7.27932927743923E+00,  6.04899999999999E+01,  3.62058766433761E+02,  6.68679693255800E+02
 1.90808333300000E+03,  1.30771755579911E-01, -1.69221000000000E-01, -7.26096210672225E+00,  6.06699999999999E+01,  4.37521522084035E+02,  6.73951033797026E+02
 1.90816666700000E+03,  9.99236404451373E-02, -2.11918500000000E-01, -7.24271923297136E+00,  6.08499999999999E+01,  4.52213349185419E+02,  8.15588551701174E+02
 1.90825000000000E+03,  3.58063054946620E-02, -1.93488500000000E-01, -7.22459926845229E+00,  6.10299999999999E+01,  3.82655566618347E+02,  9.03399016056107E+02
 1.90833333300000E+03, -6.56631052868751E-02, -1.88318750000000E-01, -7.20660080932138E+00,  6.12099999999999E+01,  3.97317676535205E+02,  8.60132672562616E+02
 1.90841666700000E+03, -1.99308815318121E-01, -3.45103500000000E-01, -7.18872243590487E+00,  6.13899999999999E+01,  4.25161939103593E+02,  9.39906865586946E+02
 1.90850000000000E+03, -3.51711909777012E-01, -4.35201250000000E-01, -7.17096271298019E+00,  6.15699999999999E+01,  4.24092897529975E+02,  1.06673982891660E+03
 1.90858333300000E+03, -4.80101278683220E-01, -3.81172000000000E-01, -7.15332019005919E+00,  6.17499999999999E+01,  4.97755503987611E+02,  6.61770106386906E+02
 1.90866666700000E+03, -5.17743788855042E-01, -3.57153500000000E-01, -1.57630644807433E+01,  6.19299999999999E+01,  5.16052076466689E+02,  5.26750426537934E+02
 1.90875000000000E+03, -4.49270838452221E-01, -4.56115250000000E-01, -1.57358611524797E+01,  6.21099999999999E+01,  7.02766706256479E+02,  9.46185926577763E+02
 1.90883333300000E+03, -3.18857052603066E-01, -6.25989250000000E-01, -1.57083830680342E+01,  6.22899999999999E+01,  5.80301143308034E+02,  8.27475160685294E+02
 1.90891666700000E+03, -1.70309045857366E-01, -6.44968000000000E-01, -1.56806330073861E+01,  6.24699999999999E+01,  5.89980805091689E+02,  8.33675775200398E+02
 1.90900000000000E+03, -3.87726230177735E-02, -5.33387750000000E-01, -1.56526137670976E+01,  6.26499999999999E+01,  4.40531397604112E+02,  8.60740213744117E+02
 1.90908333300000E+03,  4.22507218017290E-02, -4.91632500000000E-01, -1.56243281599619E+01,  6.28299999999999E+01,  3.76922717876377E+02,  8.97859502695418E+02
 1.90916666700000E+03,  5.13579271102209E-02, -4.31859500000000E-01, -1.55957790146505E+01,  6.30099999999999E+01,  2.00460912821168E+02,  4.63959983038038E+02
 1.90925000000000E+03, -1.26559772983879E-02, -2.68131250000000E-01, -1.55669691753591E+01,  6.31899999999999E+01,  2.32622293903670E+02,  4.93333066422468E+02
 1.90933333300000E+03, -1.28701196080499E-01, -2.54961000000000E-01, -1.55379015014513E+01,  6.33699999999999E+01,  3.72747909434014E+02,  4.88136464185033E+02
 1.90941666700000E+03, -2.59115861656900E-01, -5.39880750000000E-01, -1.55085788671022E+01,  6.35499999999999E+01,  6.80428084092189E+02,  6.67761243176147E+02
 1.90950000000000E+03, -3.61772328243154E-01, -7.79709000000000E-01, -1.54790041609398E+01,  6.37299999999999E+01,  6.94749695859374E+02,  7.99104087910200E+02
 1.90958333300000E+03, -3.52734272356081E-01, -8.03654750000000E-01, -1.54491802856854E+01,  6.39099999999999E+01,  7.53628463347651E+02,  9.21859275963133E+02
 1.90966666700000E+03, -2.69164334795656E-01, -8.11320500000000E-01, -1.65031888648184E+01,  6.40899999999999E+01,  7.35986005161424E+02,  8.79621738336583E+02
 1.90975000000000E+03, -2.82232565303651E-01, -9.40543000000000E-01, -1.64869781990108E+01,  6.42699999999999E+01,  5.97185577466647E+02,  8.66404675014758E+02
 1.90983333300000E+03, -3.74272480538474E-01, -9.95531250000000E-01, -1.64708584815474E+01,  6.44499999999999E+01,  4.83586790678413E+02,  1.23097906029849E+03
 1.90991666700000E+03, -4.51376068288002E-01, -9.18077000000000E-01, -1.64548278419130E+01,  6.46299999999999E+01,  4.62073124284481E+02,  1.08760279851517E+03
 1.91000000000000E+03, -5.03508815567805E-01, -8.57020750000000E-01, -1.64388843998227E+01,  6.48099999999999E+01,  3.77523572666993E+02,  9.69305064210590E+02
 1.91008333300000E+03, -5.24769300555770E-01, -7.94247500000000E-01, -1.64230262655929E+01,  6.49900000000000E+01,  4.80407470773415E+02,  1.16527703012569E+03
 1.91016666700000E+03, -5.14413368457989E-01, -8.59664500000000E-01, -1.64072515405122E+01,  6.51700000000000E+01,  5.82621688093892E+02,  1.50529483520131E+03
 1.91025000000000E+03, -4.76222006204243E-01, -1.01243700000000E+00, -1.63915583172140E+01,  6.53500000000000E+01,  5.49173517229242E+02,  1.14384355408546E+03
 1.91033333300000E+03, -4.17109957690695E-01, -1.06343750000000E+00, -1.63759446800504E+01,  6.55300000000000E+01,  7.81977616364053E+02,  1.15494815518319E+03
 1.91041666700000E+03, -3.45903833685655E-01, -1.03744500000000E+00, -1.63604087054664E+01,  6.57100000000000E+01,  8.48812294971371E+02,  1.31198954344881E+03
 1.91050000000000E+03, -2.72381647436876E-01, -9.65624500000000E-01, -1.63449484623753E+01,  6.58900000000000E+01,  9.65020818886652E+02,  1.40534886301749E+03
 1.91058333300000E+03, -2.63268292967457E-01, -9.85934000000000E-01, -1.63295620125357E+01,  6.60700000000000E+01,  9.05278955763215E+02,  1.06901136837617E+03
 1.91066666700000E+03, -2.89751641978122E-01, -1.09108200000000E+00, -1.63601245772422E+01,  6.62500000000000E+01,  7.09160726847082E+02,  7.78073432861523E+02
 1.91075000000000E+03, -2.12794596983639E-01, -1.02523375000000E+00, -1.63205707825110E+01,  6.64300000000000E+01,  6.04491964964290E+02,  1.04497180421537E+03
 1.91083333300000E+03, -1.04337093119223E-01, -8.45036500000000E-01, -1.62810855985336E+01,  6.66100000000000E+01,  6.62507389099418E+02,  9.62263360715095E+02
 1.91091666700000E+03, -1.05718672022242E-01, -6.89833750000000E-01, -1.62416714544872E+01,  6.67900000000000E+01,  4.88743475885998E+02,  7.00006601560044E+02
 1.91100000000000E+03, -2.23095493782161E-01, -5.39428500000000E-01, -1.62023307557344E+01,  6.69700000000000E+01,  3.84401426627654E+02,  5.72156248803019E+02
 1.91108333300000E+03, -4.00100757678775E-01, -5.09652750000000E-01, -1.61630658835820E+01,  6.71500000000000E+01,  4.35623140542229E+02,  5.43097916204917E+02
 1.91116666700000E+03, -5.49673580884641E-01, -6.76456750000000E-01, -1.61238791950439E+01,  6.73300000000000E+01,  3.99673087710365E+02,  2.26807761957496E+02
 1.91125000000000E+03, -6.01680266512054E-01, -7.75750750000000E-01, -1.60847730226069E+01,  6.75100000000000E+01,  3.57513483460213E+02,  4.05299806811860E+02
 1.91133333300000E+03, -5.40062369708795E-01, -7.12428750000000E-01, -1.60457496740015E+01,  6.76900000000001E+01,  3.48018741549273E+02,  4.38132900234052E+02
 1.91141666700000E+03, -4.09657149060117E-01, -6.71954000000000E-01, -1.60068114319749E+01,  6.78700000000001E+01,  3.63656390019532E+02,  4.29591208103602E+02
 1.91150000000000E+03, -2.89646034184262E-01, -6.92964000000000E-01, -1.59679605540691E+01,  6.80500000000001E+01,  2.98777752349331E+02,  5.42196212345965E+02
 1.91158333300000E+03, -3.41655660374743E-01, -6.76399750000000E-01, -1.59291992724017E+01,  6.82300000000001E+01,  1.93185421113360E+02,  5.53784718566401E+02
 1.91166666700000E+03, -5.59021861613942E-01, -5.09351750000000E-01, -9.31679801874342E+00,  6.84100000000001E+01,  1.81581598094808E+02,  5.28973691433671E+02
 1.91175000000000E+03, -6.40430058999050E-01, -1.84703250000000E-01, -9.36559160841918E+00,  6.85900000000001E+01,  2.00679105211676E+02,  4.60948608025992E+02
 1.91183333300000E+03, -4.90853126245233E-01,  9.90597500000000E-02, -9.41451158096298E+00,  6.87700000000001E+01,  2.28493819922689E+02,  6.50674164091955E+02
 1.91191666700000E+03, -2.69182026462821E-01,  2.39859750000000E-01, -9.46355429515766E+00,  6.89500000000001E+01,  2.39639854994390E+02,  6.91560607786173E+02
 1.91200000000000E+03, -1.16699079720015E-01,  4.10883500000000E-01, -9.51271609445438E+00,  6.91300000000001E+01,  2.99496107321027E+02,  9.94416953965689E+02
 1.91208333300000E+03, -9.27574581551709E-02,  5.19632500000000E-01, -9.56199330734119E+00,  6.93100000000001E+01,  3.87256689963288E+02,  1.00396411381335E+03
 1.91216666700000E+03, -1.29076332384014E-01,  5.12753250000000E-01, -9.61138224771339E+00,  6.94900000000001E+01,  4.35137814770328E+02,  1.31551128830096E+03
 1.91225000000000E+03, -9.78291592386955E-02,  3.43524000000000E-01, -9.66087921524581E+00,  6.96700000000001E+01,  4.81416687031310E+02,  1.68119042238306E+03
 1.91233333300000E+03,  6.64364933943662E-02,  1.14282500000000E-02, -9.71048049576694E+00,  6.98500000000001E+01,  6.12561731483505E+02,  1.65604080779588E+03
 1.91241666700000E+03,  2.99387754713350E-01, -9.94317500000000E-02, -9.76018236163469E+00,  7.00300000000001E+01,  6.25632747281982E+02,  1.49824097235208E+03
 1.91250000000000E+03,  4.55942869723362E-01, -5.08690000000000E-02, -9.80998107211392E+00,  7.02100000000002E+01,  5.82843441719322E+02,  1.55576809315107E+03
 1.91258333300000E+03,  3.83294204035672E-01, -6.93840000000000E-02, -9.85987287375559E+00,  7.03900000000002E+01,  5.31502633948017E+02,  1.53572931328884E+03
 1.91266666700000E+03,  1.39783675915818E-01, -1.03777500000000E-01, -9.71731927160489E+00,  7.05700000000002E+01,  4.75124803915086E+02,  1.01689105627016E+03
 1.91275000000000E+03, -4.74699999759256E-02, -1.29446000000000E-01, -9.69856017841262E+00,  7.07500000000002E+01,  4.47486983276456E+02,  1.07040678002430E+03
 1.91283333300000E+03, -1.54711436525126E-01, -1.78977000000000E-01, -9.67970089575321E+00,  7.09300000000002E+01,  5.25477580826016E+02,  9.78345970290563E+02
 1.91291666700000E+03, -2.37600265770364E-01, -2.93037500000000E-01, -9.66074111531577E+00,  7.11100000000002E+01,  4.62033331800227E+02,  8.17170978577651E+02
 1.91300000000000E+03, -2.71718036907829E-01, -2.18051000000000E-01, -9.64168055587228E+00,  7.12900000000002E+01,  4.40168190467967E+02,  7.03100236757429E+02
 1.91308333300000E+03, -2.53763223729032E-01,  6.59247500000000E-02, -9.62251896338199E+00,  7.14700000000002E+01,  3.76658862035523E+02,  7.33647009487236E+02
 1.91316666700000E+03, -2.06927414311605E-01,  6.07105000000000E-02, -9.60325611109187E+00,  7.16500000000002E+01,  3.32622343543887E+02,  9.39821345751195E+02
 1.91325000000000E+03, -1.65950353290059E-01, -1.96426500000000E-01, -9.58389179963302E+00,  7.18300000000002E+01,  2.03493698920955E+02,  8.70702726557784E+02
 1.91333333300000E+03, -1.53721037448139E-01, -3.37451750000000E-01, -9.56442585711300E+00,  7.20100000000002E+01,  1.86461308349064E+02,  1.08937977763764E+03
 1.91341666700000E+03, -1.68672575213518E-01, -4.22938750000000E-01, -9.54485813920422E+00,  7.21900000000002E+01,  1.43458173319455E+02,  9.60934131095273E+02
 1.91350000000000E+03, -1.93014771219785E-01, -4.84483500000000E-01, -9.52518852922805E+00,  7.23700000000002E+01,  2.08235789352031E+02,  9.68978228547344E+02
 1.91358333300000E+03, -2.00839179664279E-01, -3.67996000000000E-01, -9.50541693823504E+00,  7.25500000000002E+01,  1.49272395395612E+02,  5.68075781445589E+02
 1.91366666700000E+03, -1.59794050395777E-01, -2.03195000000000E-01, -2.27963716864448E+01,  7.27300000000002E+01,  2.22207533783255E+02,  6.35510526641297E+02
 1.91375000000000E+03, -6.67409112937337E-02, -1.15515250000000E-01, -2.27705901904568E+01,  7.29100000000003E+01,  3.78727216204661E+02,  4.29694961661441E+02
 1.91383333300000E+03,  3.72348944448228E-02,  3.41780000000000E-02, -2.27447387822449E+01,  7.30900000000003E+01,  4.17880010275064E+02,  4.48309148927398E+02
 1.91391666700000E+03,  1.12112624293880E-01,  1.18648750000000E-01, -2.27188191391860E+01,  7.32700000000003E+01,  4.44159524069411E+02,  4.01869675049981E+02
 1.91400000000000E+03,  1.36719631680570E-01,  1.72358250000000E-01, -2.26928329692269E+01,  7.34500000000003E+01,  5.31338045871507E+02,  6.35151108346009E+02
 1.91408333300000E+03,  1.00974876615492E-01,  3.06341500000000E-01, -2.26667820106846E+01,  7.36300000000003E+01,  6.44944753212752E+02,  9.13182851240097E+02
 1.91416666700000E+03,  9.12735668979851E-03,  3.67435250000000E-01, -2.26406680320418E+01,  7.38100000000003E+01,  5.43653319797557E+02,  9.04980437235186E+02
 1.91425000000000E+03, -1.19864646250026E-01,  3.61243750000000E-01, -2.26144928317365E+01,  7.39900000000003E+01,  5.50205326955685E+02,  8.92241436856183E+02
 1.91433333300000E+03, -2.55868458301076E-01,  2.33150250000000E-01, -2.25882582379474E+01,  7.41700000000003E+01,  5.00845239406153E+02,  9.16967407974016E+02
 1.91441666700000E+03, -3.64915028657309E-01,  1.26322250000000E-01, -2.25619661083742E+01,  7.43500000000003E+01,  4.34261427492280E+02,  7.13504792132544E+02
 1.91450000000000E+03, -4.18385069460005E-01,  2.56090250000000E-01, -2.25356183300126E+01,  7.45300000000003E+01,  4.04824251397519E+02,  5.91019836404020E+02
 1.91458333300000E+03, -1.65061464597480E-01,  4.01619750000000E-01, -2.25092168189246E+01,  7.47100000000003E+01,  3.35574388566861E+02,  6.42774069363741E+02
 1.91466666700000E+03,  3.21006217531155E-01,  3.49398250000000E-01, -2.98176527804669E+01,  7.48900000000003E+01,  3.22508449669818E+02,  5.96853191290166E+02
 1.91475000000000E+03,  4.75785350522611E-01,  2.38704500000000E-01, -2.98529956642966E+01,  7.50700000000003E+01,  2.78850059795208E+02,  5.77096479321183E+02
 1.91483333300000E+03,  3.63373994718037E-01,  2.38357750000000E-01, -2.98879708098442E+01,  7.52500000000003E+01,  3.37185512012289E+02,  5.62147456698256E+02
 1.91491666700000E+03,  3.21350274232235E-01,  3.44163500000000E-01, -2.99225754418889E+01,  7.54300000000003E+01,  3.42589237281308E+02,  5.57501931579839E+02
 1.91500000000000E+03,  3.73128337865439E-01,  4.71314000000000E-01, -2.99568068230787E+01,  7.56100000000004E+01,  4.95690058847788E+02,  5.95602397710966E+02
 1.91508333300000E+03,  4.97943954457088E-01,  5.27912000000000E-01, -2.99906622542152E+01,  7.57900000000004E+01,  6.63597100579139E+02,  6.95276148767494E+02
 1.91516666700000E+03,  6.41459500175236E-01,  4.91060500000000E-01, -3.00241390745341E+01,  7.59700000000004E+01,  6.89690368429018E+02,  7.07665160680363E+02
 1.91525000000000E+03,  7.39798037180887E-01,  4.40374250000000E-01, -3.00572346619803E+01,  7.61500000000004E+01,  6.76306768234059E+02,  8.56417655301104E+02
 1.91533333300000E+03,  7.45452622845941E-01,  4.97609250000000E-01, -3.00899464334782E+01,  7.63300000000004E+01,  5.32556290092304E+02,  6.29058462288480E+02
 1.91541666700000E+03,  6.44177902008232E-01,  5.06479500000000E-01, -3.01222718451970E+01,  7.65100000000004E+01,  4.05813151805368E+02,  4.48251018512342E+02
 1.91550000000000E+03,  4.57410715174971E-01,  3.21068750000000E-01, -3.01542083928110E+01,  7.66900000000004E+01,  2.04030292202565E+02,  3.45910193443448E+02
 1.91558333300000E+03,  2.78699309261219E-01,  1.96165000000000E-01, -3.01857536117548E+01,  7.68700000000004E+01,  2.07021887160811E+02,  3.32492711043641E+02
 1.91566666700000E+03,  2.48280178404493E-01,  2.29271000000000E-01, -2.19998319616844E+01,  7.70500000000004E+01,  2.07614006180641E+02,  2.59673647149661E+02
 1.91575000000000E+03,  3.15580025391099E-01,  2.08225500000000E-01, -2.20509637055077E+01,  7.72300000000004E+01,  2.06907989980302E+02,  3.63101323663847E+02
 1.91583333300000E+03,  2.70845238949706E-01,  1.00849250000000E-01, -2.21019815095115E+01,  7.74100000000004E+01,  2.25734871225037E+02,  3.97417282183165E+02
 1.91591666700000E+03,  9.97436487286035E-02,  5.22175000000000E-02, -2.21528811310321E+01,  7.75900000000004E+01,  3.12565606043136E+02,  5.04585042217791E+02
 1.91600000000000E+03, -3.56245270206597E-02, -2.12605000000000E-02, -2.22036583371761E+01,  7.77700000000004E+01,  3.25214816913541E+02,  4.72253815795663E+02
 1.91608333300000E+03, -3.91376117143650E-02, -1.44233000000000E-01, -2.22543089052841E+01,  7.79500000000004E+01,  3.44370704371988E+02,  5.84674109624979E+02
 1.91616666700000E+03,  3.94635446714396E-02, -1.36734500000000E-01, -2.23048286233944E+01,  7.81300000000005E+01,  3.84416688919972E+02,  5.68663994500440E+02
 1.91625000000000E+03,  6.18864436741798E-02,  1.56180000000000E-02, -2.23552132907042E+01,  7.83100000000005E+01,  3.32554231314242E+02,  5.00290868803487E+02
 1.91633333300000E+03, -6.10774516822965E-02,  1.41585000000000E-01, -2.24054587180298E+01,  7.84900000000005E+01,  2.47454897344042E+02,  3.69923535789260E+02
 1.91641666700000E+03, -2.78883798103520E-01, -3.81200000000000E-02, -2.24555607282661E+01,  7.86700000000005E+01,  2.08030873900245E+02,  4.00647272209810E+02
 1.91650000000000E+03, -4.39161466289208E-01, -5.07044250000000E-01, -2.25055151568434E+01,  7.88500000000005E+01,  1.35375083176151E+02,  2.06525421983813E+02
 1.91658333300000E+03, -6.18867885999064E-01, -8.90608500000000E-01, -2.25553178521837E+01,  7.90300000000005E+01,  6.56588148912973E+01,  1.22529349017746E+02
 1.91666666700000E+03, -8.75039145542727E-01, -9.84275000000000E-01, -1.79686671930285E+01,  7.92100000000005E+01,  8.02258504717605E+01,  9.44667742607127E+01
 1.91675000000000E+03, -9.39254163967419E-01, -9.75621500000000E-01, -1.79432639217524E+01,  7.93900000000005E+01,  9.09228824306838E+01,  1.95155976892598E+02
 1.91683333300000E+03, -8.14178714213295E-01, -1.00120450000000E+00, -1.79177930122489E+01,  7.95700000000005E+01,  1.03545785188647E+02,  1.95193610901169E+02
 1.91691666700000E+03, -6.88776811380467E-01, -9.42059500000000E-01, -1.78922560707360E+01,  7.97500000000005E+01,  1.22137742435755E+02,  3.51545284866037E+02
 1.91700000000000E+03, -6.10782476726696E-01, -7.82860750000000E-01, -1.78666547321872E+01,  7.99300000000005E+01,  1.13102120002364E+02,  3.30260166739883E+02
 1.91708333300000E+03, -6.06648498307069E-01, -6.00807750000000E-01, -1.78409906601460E+01,  8.01100000000005E+01,  1.43163699041001E+02,  4.20200865633079E+02
 1.91716666700000E+03, -6.65926670826080E-01, -4.90491750000000E-01, -1.78152655465352E+01,  8.02900000000005E+01,  1.58931905243790E+02,  3.55069123694926E+02
 1.91725000000000E+03, -7.50258224682462E-01, -4.96695750000000E-01, -1.77894811114624E+01,  8.04700000000005E+01,  1.56804688721419E+02,  3.52704618659238E+02
 1.91733333300000E+03, -8.18843689325620E-01, -5.31171250000000E-01, -1.77636391030201E+01,  8.06500000000005E+01,  1.51574116649283E+02,  2.53319317985945E+02
 1.91741666700000E+03, -8.49910304430942E-01, -4.82471500000000E-01, -1.77377412970818E+01,  8.08300000000006E+01,  1.64075780669977E+02,  2.62327898877339E+02
 1.91750000000000E+03, -8.43182908847992E-01, -3.61016250000000E-01, -1.77117894970933E+01,  8.10100000000006E+01,  1.32543027629076E+02,  3.09816145267108E+02
 1.91758333300000E+03, -6.77264628912647E-01, -2.86099500000000E-01, -1.76857855338602E+01,  8.11900000000006E+01,  1.05734063108621E+02,  2.74215862379210E+02
 1.91766666700000E+03, -3.83706914270143E-01, -2.58907000000000E-01, -2.84764067337693E+01,  8.13700000000006E+01,  9.02344275345053E+01,  2.81995214221438E+02
 1.91775000000000E+03, -2.64746810262346E-01, -2.71293750000000E-01, -2.84535805977532E+01,  8.15500000000006E+01,  1.11102420728138E+02,  3.00574375206485E+02
 1.91783333300000E+03, -3.20204937375710E-01, -3.85424750000000E-01, -2.84306428150656E+01,  8.17300000000006E+01,  1.47753124497514E+02,  4.36993740293232E+02
 1.91791666700000E+03, -3.93999322891849E-01, -5.00963750000000E-01, -2.84075939199405E+01,  8.19100000000006E+01,  1.54479277762595E+02,  3.30551505675519E+02
 1.91800000000000E+03, -4.64233500351458E-01, -5.51381000000000E-01, -2.83844344829274E+01,  8.20900000000006E+01,  2.86627717951071E+02,  5.43849359308949E+02
 1.91808333300000E+03, -5.10513498738801E-01, -5.61415000000000E-01, -2.83611651108812E+01,  8.22700000000006E+01,  3.82042527196916E+02,  5.42368096444150E+02
 1.91816666700000E+03, -5.17739075445613E-01, -5.22408750000000E-01, -2.83377864469470E+01,  8.24500000000006E+01,  3.87370654306354E+02,  6.60774013490731E+02
 1.91825000000000E+03, -4.78174381473743E-01, -4.47863000000000E-01, -2.83142991705376E+01,  8.26300000000006E+01,  3.85681251524670E+02,  7.10066218830608E+02
 1.91833333300000E+03, -3.92261565613463E-01, -2.86139250000000E-01, -2.82907039973055E+01,  8.28100000000006E+01,  3.56995815263393E+02,  7.93054275095397E+02
 1.91841666700000E+03, -2.68712565071916E-01, -1.24622750000000E-01, -2.82670016791094E+01,  8.29900000000006E+01,  2.61418908464352E+02,  5.79210180649399E+02
 1.91850000000000E+03, -1.23661963661784E-01, -6.44955000000000E-02, -2.82431930039734E+01,  8.31700000000006E+01,  2.12732568278423E+02,  5.50005869975223E+02
 1.91858333300000E+03, -1.20129399073334E-02,  7.35765000000000E-02, -2.82192787960410E+01,  8.33500000000006E+01,  2.54735851065816E+02,  5.77315651369591E+02
 1.91866666700000E+03,  1.96143164516410E-02,  3.09890000000000E-01, -2.57931254582852E+01,  8.35300000000007E+01,  2.29859422307258E+02,  4.31009410997050E+02
 1.91875000000000E+03,  1.52973083053743E-02,  4.91568500000000E-01, -2.57780875651204E+01,  8.37100000000007E+01,  3.01385629051644E+02,  6.56083919183960E+02
 1.91883333300000E+03,  2.82135126312245E-02,  5.79499750000000E-01, -2.57630978062250E+01,  8.38900000000007E+01,  2.78237869887589E+02,  6.79266865667870E+02
 1.91891666700000E+03,  6.55600914915786E-02,  6.68870750000000E-01, -2.57481539901942E+01,  8.40700000000007E+01,  2.31280677020280E+02,  6.77545126294709E+02
 1.91900000000000E+03,  1.24389846130013E-01,  7.63344000000000E-01, -2.57332539246097E+01,  8.42500000000007E+01,  1.23244127880052E+02,  5.16668788544423E+02
 1.91908333300000E+03,  1.98040348419778E-01,  7.64465250000000E-01, -2.57183954164837E+01,  8.44300000000007E+01,  1.00807157909814E+02,  5.88500273788790E+02
 1.91916666700000E+03,  2.77700029417398E-01,  7.32553500000000E-01, -2.57035762727051E+01,  8.46100000000007E+01,  4.69150674781357E+01,  2.81709107354375E+02
 1.91925000000000E+03,  3.54974756042784E-01,  6.87736500000000E-01, -2.56887943004839E+01,  8.47900000000007E+01,  3.77715266306878E+01,  2.95218685525194E+02
 1.91933333300000E+03,  4.24027410135969E-01,  5.87578250000000E-01, -2.56740473077958E+01,  8.49700000000007E+01,  1.00014475742284E+02,  3.14979883122547E+02
 1.91941666700000E+03,  4.82127146747325E-01,  4.10008250000000E-01, -2.56593331038264E+01,  8.51500000000007E+01,  1.96149338203314E+02,  2.87135303158449E+02
 1.91950000000000E+03,  5.28677889342051E-01,  2.89410750000000E-01, -2.56446494994152E+01,  8.53300000000007E+01,  2.10936885756690E+02,  1.89635726192657E+02
 1.91958333300000E+03,  3.18189369761942E-01,  3.01322250000000E-01, -2.56299943074985E+01,  8.55100000000007E+01,  2.72878466394007E+02,  6.86575003546025E+02
 1.91966666700000E+03, -1.60555988408661E-01,  1.98576250000000E-01, -2.92095532535005E+01,  8.56900000000007E+01,  3.34570387940046E+02,  6.82715769050277E+02
 1.91975000000000E+03, -3.98834853432946E-01, -1.08926750000000E-01, -2.92503341638232E+01,  8.58700000000007E+01,  3.15454522399219E+02,  6.96631710579738E+02
 1.91983333300000E+03, -3.22456400451553E-01, -2.34436000000000E-01, -2.92907962299211E+01,  8.60500000000008E+01,  2.86394742977470E+02,  6.77918884909063E+02
 1.91991666700000E+03, -1.41403659655819E-01, -1.24732500000000E-02, -2.93309361172447E+01,  8.62300000000008E+01,  2.71367232489724E+02,  7.06461273573602E+02
 1.92000000000000E+03,  9.31413617682079E-02,  1.50699750000000E-01, -2.93707505239633E+01,  8.64100000000008E+01,  1.88398849089548E+02,  2.69061549576215E+02
 1.92008333300000E+03,  2.91122700338209E-01,  1.67975500000000E-01, -2.94102361813220E+01,  8.65900000000008E+01,  1.88089586222994E+02,  2.65532996698289E+02
 1.92016666700000E+03,  3.75663370251706E-01,  1.28937750000000E-01, -2.94493898539948E+01,  8.67700000000008E+01,  1.87846363582285E+02,  4.44902906470781E+02
 1.92025000000000E+03,  3.25874441489871E-01,  3.45577500000000E-02, -2.94882083404338E+01,  8.69500000000008E+01,  1.60406131602846E+02,  4.19966161985914E+02
 1.92033333300000E+03,  1.87154603510925E-01,  8.01955000000000E-02, -2.95266884732134E+01,  8.71300000000008E+01,  2.71619926118961E+02,  4.95314044571376E+02
 1.92041666700000E+03,  4.53989122104448E-02,  2.20920750000000E-01, -2.95648271193708E+01,  8.73100000000008E+01,  2.90300377570453E+02,  5.21743147282214E+02
 1.92050000000000E+03, -1.85162713277267E-02,  2.65307750000000E-01, -2.96026211807411E+01,  8.74900000000008E+01,  2.31755465814033E+02,  7.51149319040335E+02
 1.92058333300000E+03, -8.54904037958265E-02,  2.44627250000000E-01, -2.96400675942895E+01,  8.76700000000008E+01,  2.00075829433997E+02,  5.38503883168307E+02
 1.92066666700000E+03, -2.07762808810946E-01,  3.21806250000000E-01, -2.02034013696139E+01,  8.78500000000008E+01,  1.94308274492430E+02,  5.59831453297837E+02
 1.92075000000000E+03, -2.37734057631042E-01,  3.28581000000000E-01, -2.01831412875552E+01,  8.80300000000008E+01,  8.41356496133250E+01,  4.57615549505992E+02
 1.92083333300000E+03, -1.92989954262685E-01, -1.37700000000002E-03, -2.01630870676375E+01,  8.82100000000008E+01,  6.19357674277123E+01,  3.48916837298501E+02
 1.92091666700000E+03, -1.80727338231248E-01, -2.42343000000000E-01, -2.01432417837550E+01,  8.83900000000008E+01,  1.76322906598275E+02,  4.00847799771501E+02
 1.92100000000000E+03, -2.02040705223702E-01, -2.58836750000000E-01, -2.01236085015306E+01,  8.85700000000008E+01,  2.07548730542256E+02,  4.13672204515323E+02
 1.92108333300000E+03, -2.48988684029287E-01, -5.05482750000000E-01, -2.01041902778480E+01,  8.87500000000009E+01,  1.84182158930561E+02,  4.70567612258723E+02
 1.92116666700000E+03, -3.11862552808811E-01, -6.64276500000000E-01, -2.00849901603844E+01,  8.89300000000009E+01,  1.85938000871932E+02,  4.51129396519280E+02
 1.92125000000000E+03, -3.84637309516191E-01, -5.35258500000000E-01, -2.00660111871437E+01,  8.91100000000009E+01,  1.90059763638864E+02,  6.98282662479720E+02
 1.92133333300000E+03, -4.66189549304986E-01, -5.23329000000000E-01, -2.00472563859900E+01,  8.92900000000009E+01,  2.15847603101344E+02,  5.59277400908125E+02
 1.92141666700000E+03, -5.57677024864684E-01, -4.81061250000000E-01, -2.00287287741824E+01,  8.94700000000009E+01,  2.30724051582127E+02,  5.43869544282803E+02
 1.92150000000000E+03, -6.58277728774524E-01, -2.59676750000000E-01, -2.00104313579106E+01,  8.96500000000009E+01,  2.97977992494969E+02,  6.01044743666450E+02
 1.92158333300000E+03, -7.70827953716494E-01, -1.18485750000000E-01, -1.99923671318305E+01,  8.98300000000009E+01,  2.98516473228967E+02,  6.38468606596410E+02
 1.92166666700000E+03, -8.70319490777435E-01, -1.18281500000000E-01, -2.44523782154963E+01,  9.00100000000009E+01,  3.28991316458994E+02,  3.70948176408944E+02
 1.92175000000000E+03, -9.15303943648177E-01, -2.10894250000000E-01, -2.44650751365210E+01,  9.01900000000009E+01,  1.83154573482673E+02,  2.87882862709150E+02
 1.92183333300000E+03, -9.15669970553321E-01, -2.87182000000000E-01, -2.44781879143151E+01,  9.03700000000009E+01,  1.60955517907371E+02,  3.75094266951146E+02
 1.92191666700000E+03, -8.92470003197666E-01, -2.39280250000000E-01, -2.44917168242320E+01,  9.05500000000009E+01,  1.55643662371658E+02,  6.00745677411721E+02
 1.92200000000000E+03, -8.45651780045537E-01, -1.59078500000000E-01, -2.45056620965582E+01,  9.07300000000009E+01,  1.85753215432988E+02,  7.53183695442560E+02
 1.92208333300000E+03, -7.79061757033380E-01, -1.30965000000000E-02, -2.45200239163774E+01,  9.09100000000009E+01,  2.24429716298703E+02,  8.20369514409763E+02
 1.92216666700000E+03, -6.99729880047069E-01,  3.87375000000000E-03, -2.45348024234409E+01,  9.10900000000009E+01,  2.59001037023182E+02,  7.31726729831900E+02
 1.92225000000000E+03, -6.15961062224083E-01, -9.84682500000000E-02, -2.45499977120443E+01,  9.12700000000009E+01,  2.40346152576778E+02,  6.65186316856595E+02
 1.92233333300000E+03, -5.35498380253526E-01, -1.08688750000000E-01, -2.45656098309095E+01,  9.14500000000010E+01,  1.94931139030287E+02,  3.80815885254689E+02
 1.92241666700000E+03, -4.64809999888083E-01, -1.23354000000000E-01, -2.45816387830739E+01,  9.16300000000010E+01,  1.76571316247822E+02,  2.70893280431300E+02
 1.92250000000000E+03, -4.09399735378024E-01, -1.12146250000000E-01, -2.45980845257847E+01,  9.18100000000010E+01,  1.04502816572282E+02,  2.19327551764240E+02
 1.92258333300000E+03, -2.01669344262405E-01, -1.58529000000000E-01, -2.46149469703999E+01,  9.19900000000010E+01,  1.09111871313342E+02,  3.20306211829241E+02
 1.92266666700000E+03,  1.08457530515766E-01, -2.47228500000000E-01, -3.23375106086737E+01,  9.21700000000010E+01,  9.09481846474587E+01,  2.97448690250960E+02
 1.92275000000000E+03,  1.07548888735442E-01, -2.47360750000000E-01, -3.23882214183219E+01,  9.23500000000010E+01,  1.10984247953962E+02,  2.19093563163358E+02
 1.92283333300000E+03, -1.45628409026526E-01, -2.82717250000000E-01, -3.24387504321779E+01,  9.25300000000010E+01,  1.42282645586824E+02,  2.15316742815555E+02
 1.92291666700000E+03, -3.11356589580742E-01, -3.61806250000000E-01, -3.24890931962894E+01,  9.27100000000010E+01,  1.89235671462155E+02,  2.28265486369187E+02
 1.92300000000000E+03, -2.83153455274307E-01, -3.21238500000000E-01, -3.25392452747772E+01,  9.28900000000010E+01,  1.59320943971156E+02,  1.74552699262851E+02
 1.92308333300000E+03, -1.06478993011501E-01, -2.39387750000000E-01, -3.25892022503506E+01,  9.30700000000010E+01,  1.88541650323261E+02,  2.09077997232030E+02
 1.92316666700000E+03,  6.40963031740681E-02, -1.31422500000000E-01, -3.26389597248186E+01,  9.32500000000010E+01,  1.49781464130850E+02,  2.83387726358696E+02
 1.92325000000000E+03,  9.88114230779807E-02, -3.19897500000000E-02, -3.26885133195993E+01,  9.34300000000010E+01,  1.16298228312238E+02,  2.56067010019481E+02
 1.92333333300000E+03, -9.26650339857935E-04, -7.45042500000000E-02, -3.27378586762275E+01,  9.36100000000010E+01,  6.82042485736389E+01,  2.25396563656790E+02
 1.92341666700000E+03, -1.13382682908150E-01, -1.65313750000000E-01, -3.27869914568581E+01,  9.37900000000010E+01,  5.48520380706190E+01,  2.98694924683979E+02
 1.92350000000000E+03, -1.09988167858250E-01, -1.51029750000000E-01, -3.28359073447683E+01,  9.39700000000011E+01,  3.53112574119958E+01,  3.06043402920881E+02
 1.92358333300000E+03, -1.04501904988143E-01,  4.63017500000000E-02, -3.28846020448560E+01,  9.41500000000011E+01,  4.98964040339958E+01,  2.32167848344810E+02
 1.92366666700000E+03, -1.75286505076191E-01,  3.08538000000000E-01, -2.59515911853546E+01,  9.43300000000011E+01,  4.43943778599471E+01,  2.01873115855306E+02
 1.92375000000000E+03, -1.24028592512098E-01,  5.11084000000000E-01, -2.59253276154422E+01,  9.45100000000011E+01,  4.72501205265456E+01,  2.17438102867786E+02
 1.92383333300000E+03,  1.88117864853547E-02,  5.72395250000000E-01, -2.58991503888141E+01,  9.46900000000011E+01,  1.24879054244460E+02,  1.71842029472518E+02
 1.92391666700000E+03,  9.49443790143806E-02,  4.46688500000000E-01, -2.58730626752029E+01,  9.48700000000011E+01,  1.31216119116750E+02,  2.13459023669914E+02
 1.92400000000000E+03,  9.60160151336549E-02,  2.92518750000000E-01, -2.58470676547191E+01,  9.50500000000011E+01,  1.24808856235454E+02,  2.30478844520326E+02
 1.92408333300000E+03,  4.75018503048504E-02,  2.60555000000000E-01, -2.58211685173808E+01,  9.52300000000011E+01,  1.57281510409924E+02,  2.98354782605353E+02
 1.92416666700000E+03, -3.15784744833405E-03,  2.27940500000000E-01, -2.57953684626419E+01,  9.54100000000011E+01,  1.76425182241316E+02,  3.01058511021754E+02
 1.92425000000000E+03, -1.31186516866691E-02, -1.31422500000000E-02, -2.57696706989178E+01,  9.55900000000011E+01,  1.00824404383433E+02,  2.54197269350116E+02
 1.92433333300000E+03,  3.39658222096168E-02, -2.55319750000000E-01, -2.57440784431093E+01,  9.57700000000011E+01,  9.10827577662170E+01,  2.00520157715279E+02
 1.92441666700000E+03,  1.25440373546408E-01, -2.97581500000000E-01, -2.57185949201238E+01,  9.59500000000011E+01,  7.77404515766259E+01,  1.98016099530509E+02
 1.92450000000000E+03,  2.35338294504514E-01, -3.80812000000000E-01, -2.56932233623955E+01,  9.61300000000011E+01,  1.59903060441260E+02,  1.75996225045273E+02
 1.92458333300000E+03,  2.27614865077751E-01, -5.25723000000000E-01, -2.56679670094023E+01,  9.63100000000011E+01,  1.77458976483359E+02,  2.51558658093899E+02
 1.92466666700000E+03,  3.43741822877897E-02, -5.74186750000000E-01, -2.48945197300069E+01,  9.64900000000011E+01,  1.79556047041020E+02,  2.44011804791144E+02
 1.92475000000000E+03, -1.70353568456359E-01, -6.58642750000000E-01, -2.48754343865150E+01,  9.66700000000012E+01,  2.06137669067526E+02,  3.19212641551171E+02
 1.92483333300000E+03, -3.15705973032577E-01, -6.94576250000000E-01, -2.48565824690268E+01,  9.68500000000012E+01,  2.76882740692915E+02,  3.85739724934024E+02
 1.92491666700000E+03, -4.44374674758707E-01, -6.50460500000000E-01, -2.48379671237731E+01,  9.70300000000012E+01,  1.64973481998617E+02,  3.44051799328408E+02
 1.92500000000000E+03, -5.47562226335423E-01, -7.55556000000000E-01, -2.48195914848398E+01,  9.72100000000012E+01,  1.57060915914596E+02,  3.48441816559092E+02
 1.92508333300000E+03, -6.22464208657300E-01, -7.82760750000000E-01, -2.48014586736693E+01,  9.73900000000012E+01,  1.58575667685906E+02,  4.09703287932370E+02
 1.92516666700000E+03, -6.71363598851652E-01, -6.27049500000000E-01, -2.47835717985629E+01,  9.75700000000012E+01,  1.53439158838157E+02,  3.49244733161211E+02
 1.92525000000000E+03, -6.99118439733649E-01, -4.67140750000000E-01, -2.47659339541841E+01,  9.77500000000012E+01,  9.30527907712258E+01,  3.77825559279477E+02
 1.92533333300000E+03, -7.10626757400930E-01, -4.16686250000000E-01, -2.47485482210630E+01,  9.79300000000012E+01,  1.01534313960275E+02,  3.72551990601323E+02
 1.92541666700000E+03, -7.09631809515976E-01, -3.20484250000000E-01, -2.47314176651028E+01,  9.81100000000012E+01,  1.85291019954138E+02,  3.83209823772489E+02
 1.92550000000000E+03, -6.98986751364796E-01,  8.78050000000000E-03, -2.47145453370863E+01,  9.82900000000012E+01,  2.21533591392565E+02,  4.09777271036409E+02
 1.92558333300000E+03, -3.90486225797226E-01,  2.87320250000000E-01, -2.46979342721856E+01,  9.84700000000012E+01,  2.06287050544377E+02,  3.67789854797137E+02
 1.92566666700000E+03,  1.65903700937380E-01,  3.97104000000000E-01, -2.98359922130735E+01,  9.86500000000012E+01,  2.55661948664494E+02,  4.70120808604932E+02
 1.92575000000000E+03,  3.81436323598298E-01,  5.09654750000000E-01, -2.98900145199957E+01,  9.88300000000012E+01,  2.53208014850565E+02,  4.62560665185579E+02
 1.92583333300000E+03,  3.95570130071795E-01,  6.87378250000000E-01, -2.99440747186873E+01,  9.90100000000012E+01,  1.55739332879628E+02,  5.77063780196222E+02
 1.92591666700000E+03,  5.55327219069339E-01,  7.74244500000000E-01, -2.99981681134786E+01,  9.91900000000012E+01,  1.21414955844218E+02,  5.11036455697678E+02
 1.92600000000000E+03,  7.09178023043365E-01,  7.36585000000000E-01, -3.00522900012342E+01,  9.93700000000013E+01,  1.97523439251721E+02,  7.29235231146502E+02
 1.92608333300000E+03,  6.77837279944049E-01,  7.48553250000000E-01, -3.01064356718975E+01,  9.95500000000013E+01,  1.81885828710915E+02,  7.21138538413815E+02
 1.92616666700000E+03,  4.32869451392421E-01,  7.09951250000000E-01, -3.01606004090381E+01,  9.97300000000013E+01,  1.77941209760489E+02,  7.61182910971667E+02
 1.92625000000000E+03,  1.27065672167348E-01,  5.98719000000000E-01, -3.02147794903982E+01,  9.99100000000013E+01,  1.89158082044585E+02,  5.89204841157055E+02
 1.92633333300000E+03, -5.49264752265796E-02,  5.54346250000000E-01, -3.02689681884415E+01,  1.00090000000001E+02,  2.49511360684778E+02,  6.87915809204516E+02
 1.92641666700000E+03, -7.47019405380016E-02,  4.80704000000000E-01, -3.03231617709022E+01,  1.00270000000001E+02,  2.09477271325841E+02,  5.12585952568356E+02
 1.92650000000000E+03, -6.69620394859237E-02,  3.43523750000000E-01, -3.03773555013344E+01,  1.00450000000001E+02,  2.12972822263104E+02,  3.32137019633849E+02
 1.92658333300000E+03, -1.31019000912117E-01,  2.37063000000000E-01, -3.04315446396634E+01,  1.00630000000001E+02,  1.98680763539344E+02,  2.70745953726800E+02
 1.92666666700000E+03, -1.93196770724308E-01,  8.74815000000000E-02, -2.51020088341112E+01,  1.00810000000001E+02,  1.96956330658478E+02,  4.36588890511132E+02
 1.92675000000000E+03, -1.87650453465937E-01, -1.61590000000000E-01, -2.50807226057098E+01,  1.00990000000001E+02,  1.59950206356394E+02,  2.94777602978560E+02
 1.92683333300000E+03, -1.49988840640859E-01, -3.05259250000000E-01, -2.50596371005656E+01,  1.01170000000001E+02,  1.43087458957276E+02,  2.48833604946680E+02
 1.92691666700000E+03, -1.08614154165963E-01, -2.10954500000000E-01, -2.50387555601653E+01,  1.01350000000001E+02,  1.80252998025459E+02,  4.14793709897911E+02
 1.92700000000000E+03, -5.42519014791550E-02, -1.01422500000000E-02, -2.50180812189893E+01,  1.01530000000001E+02,  2.87447259055015E+02,  5.29582856097427E+02
 1.92708333300000E+03,  2.37369420719191E-02,  1.88667500000000E-02, -2.49976173040061E+01,  1.01710000000001E+02,  4.78250080096900E+02,  4.49042272033837E+02
 1.92716666700000E+03,  1.12165503509546E-01, -8.82650000000000E-02, -2.49773670341668E+01,  1.01890000000001E+02,  5.53897400560469E+02,  5.04017320316489E+02
 1.92725000000000E+03,  1.73221002200824E-01, -1.65210000000000E-01, -2.49573336199004E+01,  1.02070000000001E+02,  5.92882474927273E+02,  5.83884929683181E+02
 1.92733333300000E+03,  1.71339256839812E-01, -2.44362000000000E-01, -2.49375202626094E+01,  1.02250000000001E+02,  5.12903765207852E+02,  4.11870233969534E+02
 1.92741666700000E+03,  1.02223708691200E-01, -1.95740750000000E-01, -2.49179301541653E+01,  1.02430000000001E+02,  4.06424905691732E+02,  3.01547898570075E+02
 1.92750000000000E+03, -4.63400489104435E-03, -5.02957500000000E-02, -2.48985664764059E+01,  1.02610000000001E+02,  2.74237188423275E+02,  2.22341782654540E+02
 1.92758333300000E+03, -6.67778581717817E-02,  1.10715000000000E-02, -2.48794324006321E+01,  1.02790000000001E+02,  2.40396740391534E+02,  2.86268696776336E+02
 1.92766666700000E+03, -9.53738230437436E-02,  5.91075000000000E-03, -3.88751760358300E+01,  1.02970000000001E+02,  3.00517895881055E+02,  2.64047387434188E+02
 1.92775000000000E+03, -1.77861792688300E-01, -3.62500000000000E-03, -3.89170474631655E+01,  1.03150000000001E+02,  3.79836747559628E+02,  5.04517269892010E+02
 1.92783333300000E+03, -2.24358426805295E-01,  3.77585000000000E-02, -3.89585789437215E+01,  1.03330000000001E+02,  4.54668025192533E+02,  5.76382644575950E+02
 1.92791666700000E+03, -1.54327792478828E-01,  2.01692750000000E-01, -3.89997668476784E+01,  1.03510000000001E+02,  4.69884008559377E+02,  6.35058628831020E+02
 1.92800000000000E+03, -4.17164042599205E-02,  3.28529500000000E-01, -3.90406075822511E+01,  1.03690000000001E+02,  3.98727692527679E+02,  6.04358221739357E+02
 1.92808333300000E+03,  2.07475188886807E-02,  2.58214750000000E-01, -3.90810975921019E+01,  1.03870000000001E+02,  2.73018998719106E+02,  5.46563259912207E+02
 1.92816666700000E+03, -2.11719841948061E-02,  1.41875250000000E-01, -3.91212333597471E+01,  1.04050000000001E+02,  3.09109632810849E+02,  3.48798379313521E+02
 1.92825000000000E+03, -1.52527974688413E-01,  1.14189000000000E-01, -3.91610114059601E+01,  1.04230000000001E+02,  2.36534968299395E+02,  3.13731227705830E+02
 1.92833333300000E+03, -3.00948787166545E-01,  1.06435750000000E-01, -3.92004282901678E+01,  1.04410000000001E+02,  1.59278340699308E+02,  2.00031010583769E+02
 1.92841666700000E+03, -3.81007512236819E-01,  3.66025000000000E-02, -3.92394806108426E+01,  1.04590000000001E+02,  2.05692290917739E+02,  2.16646769464552E+02
 1.92850000000000E+03, -3.43660392727461E-01, -1.78250000000000E-02, -3.92781650058886E+01,  1.04770000000001E+02,  2.66361603975137E+02,  4.21978389371072E+02
 1.92858333300000E+03, -3.35776998399757E-01, -2.32000000000000E-02, -3.93164781530230E+01,  1.04950000000001E+02,  1.81437351037877E+02,  4.38130563563279E+02
 1.92866666700000E+03, -3.91471678418623E-01, -5.72250000000000E-02, -3.77455502463522E+01,  1.05130000000001E+02,  2.19548681281552E+02,  6.50007880903196E+02
 1.92875000000000E+03, -3.19756772469649E-01, -7.00400000000000E-02, -3.77945626852236E+01,  1.05310000000001E+02,  2.26470680804581E+02,  7.35050332592756E+02
 1.92883333300000E+03, -2.49312152563945E-01, -9.25315000000000E-02, -3.78433351897243E+01,  1.05490000000001E+02,  2.16005446606005E+02,  6.40509035221633E+02
 1.92891666700000E+03, -3.22461577732101E-01, -2.08559750000000E-01, -3.78918633602030E+01,  1.05670000000001E+02,  2.36715650281629E+02,  5.03739785529850E+02
 1.92900000000000E+03, -3.99782825910460E-01, -2.50453000000000E-01, -3.79401428224272E+01,  1.05850000000002E+02,  3.45897123203185E+02,  6.94346077006635E+02
 1.92908333300000E+03, -3.53306109569616E-01, -1.64177750000000E-01, -3.79881692281018E+01,  1.06030000000002E+02,  4.06923527152667E+02,  6.06495698970551E+02
 1.92916666700000E+03, -1.72322004612396E-01, -8.87430000000000E-02, -3.80359382553839E+01,  1.06210000000002E+02,  5.43901648528261E+02,  1.04570841461070E+03
 1.92925000000000E+03,  3.10226617547708E-02, -9.75402500000000E-02, -3.80834456093944E+01,  1.06390000000002E+02,  5.79076841116422E+02,  1.25501680444123E+03
 1.92933333300000E+03,  1.15111731062330E-01, -8.14970000000000E-02, -3.81306870227256E+01,  1.06570000000002E+02,  4.95271359451671E+02,  1.23679794263101E+03
 1.92941666700000E+03,  2.23742507425623E-02,  6.43240000000000E-02, -3.81776582559450E+01,  1.06750000000002E+02,  3.87044738057176E+02,  1.09567087433478E+03
 1.92950000000000E+03, -1.76263474331102E-01,  1.59963500000000E-01, -3.82243550980960E+01,  1.06930000000002E+02,  3.12896891354557E+02,  9.62375572342264E+02
 1.92958333300000E+03, -3.10916260603107E-01,  1.39767500000000E-01, -3.82707733671939E+01,  1.07110000000002E+02,  2.77117350918791E+02,  5.30345637254029E+02
 1.92966666700000E+03, -3.39952072692072E-01,  1.50053000000000E-01, -2.91792297852327E+01,  1.07290000000002E+02,  2.33401937408996E+02,  4.61546855936782E+02
 1.92975000000000E+03, -3.59418525627381E-01,  1.96218750000000E-01, -2.92324107620718E+01,  1.07470000000002E+02,  3.07047654110302E+02,  4.65713511581760E+02
 1.92983333300000E+03, -2.93917938918042E-01,  2.98755500000000E-01, -2.92856863265003E+01,  1.07650000000002E+02,  3.03413298242168E+02,  3.65273649335466E+02
 1.92991666700000E+03, -5.02024666815730E-02,  4.58714250000000E-01, -2.93390519180076E+01,  1.07830000000002E+02,  2.93996309041131E+02,  4.14780071000165E+02
 1.93000000000000E+03,  2.48985174149346E-01,  5.40437000000000E-01, -2.93925029620524E+01,  1.08010000000002E+02,  2.29164472266408E+02,  4.62470295816270E+02
 1.93008333300000E+03,  4.03450751704911E-01,  5.41122500000000E-01, -2.94460348705903E+01,  1.08190000000002E+02,  2.60594526991420E+02,  3.75467866944579E+02
 1.93016666700000E+03,  3.31123371341297E-01,  5.23218250000000E-01, -2.94996430426009E+01,  1.08370000000002E+02,  2.27895116594298E+02,  3.96772332883515E+02
 1.93025000000000E+03,  1.53526310281813E-01,  3.78551750000000E-01, -2.95533228646189E+01,  1.08550000000002E+02,  2.86127678903849E+02,  4.19228667855590E+02
 1.93033333300000E+03,  8.38746055732677E-02,  1.75591250000000E-01, -2.96070697112652E+01,  1.08730000000002E+02,  4.30311074799587E+02,  5.74975928982839E+02
 1.93041666700000E+03,  2.24417087768826E-01,  2.01468500000000E-01, -2.96608789457818E+01,  1.08910000000002E+02,  4.48146262986396E+02,  5.41816858529365E+02
 1.93050000000000E+03,  4.71053845415570E-01,  3.12411250000000E-01, -2.97147459205662E+01,  1.09090000000002E+02,  4.84685812914616E+02,  5.71577221061006E+02
 1.93058333300000E+03,  4.47951957082248E-01,  3.92150750000000E-01, -2.97686659777086E+01,  1.09270000000002E+02,  4.56950374624428E+02,  6.05437551810445E+02
 1.93066666700000E+03,  1.17053961998812E-01,  5.39463750000000E-01, -2.50869162665510E+01,  1.09450000000002E+02,  3.95991814916252E+02,  6.26687158136008E+02
 1.93075000000000E+03, -4.52845092005549E-02,  6.93217000000000E-01, -2.50657718273069E+01,  1.09630000000002E+02,  2.56371828175248E+02,  3.95596354356394E+02
 1.93083333300000E+03, -3.58328810178008E-03,  7.79015750000000E-01, -2.50448304071947E+01,  1.09810000000002E+02,  1.89204936554975E+02,  3.24386582541803E+02
 1.93091666700000E+03,  3.03920727752168E-02,  7.46067000000000E-01, -2.50240952427924E+01,  1.09990000000002E+02,  1.26215627341628E+02,  3.13317477196303E+02
 1.93100000000000E+03,  5.72348507158815E-02,  7.96670250000000E-01, -2.50035695633138E+01,  1.10170000000002E+02,  2.09532682774837E+02,  3.91670837508018E+02
 1.93108333300000E+03,  8.89000936904690E-02,  8.26803500000000E-01, -2.49832565901028E+01,  1.10350000000002E+02,  2.07292516758804E+02,  4.31137294247825E+02
 1.93116666700000E+03,  1.23025339337926E-01,  6.41466250000000E-01, -2.49631595361287E+01,  1.10530000000002E+02,  2.00747678480810E+02,  7.43305654398505E+02
 1.93125000000000E+03,  1.32892322085876E-01,  5.32146500000000E-01, -2.49432816054810E+01,  1.10710000000002E+02,  1.98948669251906E+02,  7.13912081744310E+02
 1.93133333300000E+03,  8.54046722996775E-02,  5.64953250000000E-01, -2.49236259928657E+01,  1.10890000000002E+02,  3.07047510950264E+02,  1.05428297634306E+03
 1.93141666700000E+03, -2.92776031642289E-02,  5.65230750000000E-01, -2.49041958831020E+01,  1.11070000000002E+02,  2.78262182308487E+02,  9.55812453677157E+02
 1.93150000000000E+03, -1.85712170046920E-01,  4.92481250000000E-01, -2.48849944506187E+01,  1.11250000000002E+02,  3.83957485587975E+02,  9.24779880399167E+02
 1.93158333300000E+03, -3.40264626481966E-01,  2.79326000000000E-01, -2.48660248589529E+01,  1.11430000000002E+02,  3.78864562648200E+02,  6.27702370685437E+02
 1.93166666700000E+03, -4.14458734413435E-01, -3.83487500000000E-02, -4.06207906903157E+01,  1.11610000000002E+02,  3.98841700796483E+02,  6.27412991745521E+02
 1.93175000000000E+03, -3.65850958172326E-01, -1.40680000000000E-01, -4.06389360379838E+01,  1.11790000000002E+02,  2.69207056880386E+02,  2.83057693084551E+02
 1.93183333300000E+03, -2.69130647456706E-01, -9.61522500000000E-02, -4.06566039928111E+01,  1.11970000000002E+02,  2.39345732335607E+02,  1.97836056768639E+02
 1.93191666700000E+03, -1.87448797824067E-01, -1.95492000000000E-01, -4.06737935030837E+01,  1.12150000000002E+02,  2.12224307207501E+02,  1.86480577654033E+02
 1.93200000000000E+03, -1.23876158116118E-01, -2.88235500000000E-01, -4.06905035681770E+01,  1.12330000000002E+02,  2.06568233948757E+02,  2.54598099439678E+02
 1.93208333300000E+03, -8.02019495804633E-02, -1.68797000000000E-01, -4.07067332386172E+01,  1.12510000000002E+02,  2.27940969644205E+02,  2.81069952126277E+02
 1.93216666700000E+03, -5.68744595240559E-02,  5.30075000000000E-03, -4.07224816161355E+01,  1.12690000000002E+02,  2.79495109241474E+02,  2.11096489840413E+02
 1.93225000000000E+03, -5.21732091522533E-02,  2.44230000000000E-02, -4.07377478537165E+01,  1.12870000000002E+02,  2.78542019334445E+02,  2.71731910232795E+02
 1.93233333300000E+03, -6.17161445072627E-02, -1.24750000000000E-02, -4.07525311556381E+01,  1.13050000000002E+02,  3.38395679184241E+02,  4.77228362089712E+02
 1.93241666700000E+03, -7.92081136111554E-02, -1.04532750000000E-01, -4.07668307775059E+01,  1.13230000000002E+02,  3.89843634649367E+02,  7.11681676327126E+02
 1.93250000000000E+03, -9.82067247714676E-02, -1.82435500000000E-01, -4.07806460262802E+01,  1.13410000000002E+02,  3.45473079234186E+02,  6.76983184932814E+02
 1.93258333300000E+03, -8.85817058042503E-02, -8.95727500000000E-02, -4.07939762602958E+01,  1.13590000000002E+02,  3.70977149272267E+02,  7.67917274478801E+02
 1.93266666700000E+03, -1.00725720261055E-01, -9.20000000000001E-04, -4.33499789329936E+01,  1.13770000000002E+02,  3.51734432226795E+02,  7.06586673419456E+02
 1.93275000000000E+03, -2.01560162165966E-01,  7.35000000000000E-03, -4.33951034169820E+01,  1.13950000000002E+02,  2.46016193294973E+02,  4.89939478923385E+02
 1.93283333300000E+03, -2.55173656030630E-01, -7.94890000000000E-02, -4.34399093374323E+01,  1.14130000000002E+02,  2.05714145464300E+02,  1.67451983723366E+02
 1.93291666700000E+03, -1.45324904478223E-01, -1.71528000000000E-01, -4.34843926076674E+01,  1.14310000000002E+02,  2.56695155161009E+02,  2.36317829245140E+02
 1.93300000000000E+03,  6.11129365960824E-02, -1.33609250000000E-01, -4.35285491765586E+01,  1.14490000000002E+02,  2.11511501986033E+02,  2.00076175598589E+02
 1.93308333300000E+03,  2.39818722471425E-01, -1.20275000000000E-01, -4.35723750290103E+01,  1.14670000000002E+02,  2.01544555105837E+02,  1.95815284443287E+02
 1.93316666700000E+03,  2.92413773041891E-01, -1.28489250000000E-01, -4.36158661864410E+01,  1.14850000000002E+02,  2.40602765632975E+02,  2.51453529838300E+02
 1.93325000000000E+03,  2.07422061410929E-01, -1.79774250000000E-01, -4.36590187072577E+01,  1.15030000000002E+02,  3.15940725435986E+02,  5.50102402771998E+02
 1.93333333300000E+03,  6.00044747761006E-02, -4.13161250000000E-01, -4.37018286873266E+01,  1.15210000000002E+02,  4.04756283532692E+02,  9.44898612753625E+02
 1.93341666700000E+03, -4.47148169226784E-02, -5.84578250000000E-01, -4.37442922604372E+01,  1.15390000000002E+02,  4.00961652885001E+02,  1.00635797210194E+03
 1.93350000000000E+03, -4.34054197789985E-02, -5.76453750000000E-01, -4.37864055987627E+01,  1.15570000000002E+02,  4.43537830946129E+02,  1.07125444490823E+03
 1.93358333300000E+03, -1.17207765684197E-02, -6.35639500000000E-01, -4.38281649133129E+01,  1.15750000000002E+02,  4.40851274370864E+02,  1.04051663031020E+03
 1.93366666700000E+03, -6.22381239642728E-02, -8.14768000000000E-01, -4.08926695331169E+01,  1.15930000000002E+02,  3.82169884601138E+02,  8.55583970264612E+02
 1.93375000000000E+03, -1.30932738153640E-01, -9.15277000000000E-01, -4.08494233090818E+01,  1.16110000000002E+02,  4.68154497028036E+02,  5.65967570936405E+02
 1.93383333300000E+03, -1.21757389797494E-01, -9.02855500000000E-01, -4.08062264034694E+01,  1.16290000000002E+02,  5.72014226858460E+02,  5.49189937343753E+02
 1.93391666700000E+03, -7.60092074655272E-02, -9.52829000000000E-01, -4.07630821463929E+01,  1.16470000000002E+02,  5.96677994859110E+02,  7.13885436083800E+02
 1.93400000000000E+03, -8.81337713809449E-02, -9.73152750000000E-01, -4.07199938393844E+01,  1.16650000000002E+02,  5.04247088538480E+02,  7.11798732449280E+02
 1.93408333300000E+03, -2.12856387073069E-01, -9.28887500000000E-01, -4.06769647549924E+01,  1.16830000000002E+02,  4.70551557331772E+02,  6.90472950279424E+02
 1.93416666700000E+03, -4.26276145297558E-01, -8.31251250000000E-01, -4.06339981363842E+01,  1.17010000000002E+02,  2.63312110636893E+02,  5.22840645047128E+02
 1.93425000000000E+03, -6.38592022492120E-01, -6.42436000000000E-01, -4.05910971969538E+01,  1.17190000000002E+02,  1.54504186347263E+02,  4.15457621366437E+02
 1.93433333300000E+03, -7.50147027663242E-01, -5.29653750000000E-01, -4.05482651199349E+01,  1.17370000000002E+02,  9.01981621332324E+01,  3.94313207445494E+02
 1.93441666700000E+03, -7.14324300165116E-01, -4.84515750000000E-01, -4.05055050580198E+01,  1.17550000000002E+02,  1.16076608764430E+02,  3.74263699597975E+02
 1.93450000000000E+03, -5.66442544100707E-01, -4.98860500000000E-01, -4.04628201329830E+01,  1.17730000000002E+02,  3.04395037567637E+02,  6.08408330585401E+02
 1.93458333300000E+03, -3.73579296793616E-01, -5.47701250000000E-01, -4.04202134353112E+01,  1.17910000000002E+02,  3.04940497764334E+02,  6.54099054365887E+02
 1.93466666700000E+03, -2.22656113115450E-01, -5.13611000000000E-01, -4.08640857735910E+01,  1.18090000000002E+02,  3.06205681596401E+02,  9.26231679619430E+02
 1.93475000000000E+03, -1.54434791630911E-01, -4.09550500000000E-01, -4.08208717660335E+01,  1.18270000000002E+02,  2.94315865599146E+02,  7.30077286561195E+02
 1.93483333300000E+03, -1.02503623400753E-01, -3.03912000000000E-01, -4.07777092807198E+01,  1.18450000000002E+02,  2.74905044251350E+02,  7.47011924152819E+02
 1.93491666700000E+03, -6.71295532366774E-02, -2.74494000000000E-01, -4.07346016289213E+01,  1.18630000000002E+02,  1.32922826427368E+02,  4.88481705631971E+02
 1.93500000000000E+03, -1.23051507819145E-01, -2.35528250000000E-01, -4.06915520930618E+01,  1.18810000000002E+02,  1.38396992272916E+02,  4.67076837874799E+02
 1.93508333300000E+03, -2.80182030073793E-01, -1.71074000000000E-01, -4.06485639263180E+01,  1.18990000000002E+02,  1.16872702215752E+02,  1.97903407149487E+02
 1.93516666700000E+03, -4.75196209226269E-01, -2.47440750000000E-01, -4.06056403522257E+01,  1.19170000000002E+02,  1.23732008332633E+02,  1.91813015529867E+02
 1.93525000000000E+03, -6.11757945070571E-01, -4.18313000000000E-01, -4.05627845642910E+01,  1.19350000000002E+02,  1.71188169961719E+02,  1.56596242179137E+02
 1.93533333300000E+03, -6.22593466381764E-01, -5.05303500000000E-01, -4.05199997256076E+01,  1.19530000000002E+02,  2.05740931582264E+02,  2.05246304631122E+02
 1.93541666700000E+03, -5.12601057213987E-01, -4.77738500000000E-01, -4.04772889684779E+01,  1.19710000000002E+02,  2.40131173481064E+02,  2.29435508960561E+02
 1.93550000000000E+03, -3.55020700743449E-01, -3.18226750000000E-01, -4.04346553940417E+01,  1.19890000000002E+02,  3.30606750490093E+02,  7.92565801937150E+02
 1.93558333300000E+03, -2.24414105090884E-01, -6.66050000000000E-02, -4.03921020719091E+01,  1.20070000000002E+02,  3.27782458151033E+02,  8.44634959025871E+02
 1.93566666700000E+03, -1.61697148829748E-01,  9.25692500000000E-02, -4.08718702702175E+01,  1.20250000000002E+02,  4.48360482579491E+02,  9.26862551343649E+02
 1.93575000000000E+03, -1.67403329487713E-01,  1.55449750000000E-01, -4.08527711316039E+01,  1.20430000000002E+02,  4.45298022727146E+02,  9.71085095491104E+02
 1.93583333300000E+03, -1.86966980793788E-01,  1.25559250000000E-01, -4.08338073308661E+01,  1.20610000000002E+02,  4.83802471633261E+02,  1.02451789046240E+03
 1.93591666700000E+03, -1.75306544156182E-01,  8.03870000000000E-02, -4.08149767573941E+01,  1.20790000000002E+02,  4.00186058714519E+02,  6.46527247953650E+02
 1.93600000000000E+03, -1.26220604572209E-01,  1.58436000000000E-01, -4.07962772804606E+01,  1.20970000000002E+02,  4.48421215398709E+02,  6.87387624336255E+02
 1.93608333300000E+03, -4.88868422937889E-02,  2.00264750000000E-01, -4.07777067497251E+01,  1.21150000000002E+02,  3.18197051614998E+02,  6.12620860038291E+02
 1.93616666700000E+03,  3.18131171677287E-02,  1.90807500000000E-01, -4.07592629957416E+01,  1.21330000000002E+02,  2.76454905130582E+02,  5.02552170386008E+02
 1.93625000000000E+03,  8.52807185853281E-02,  2.86955750000000E-01, -4.07409438304689E+01,  1.21510000000002E+02,  2.05044654754169E+02,  4.13569786205537E+02
 1.93633333300000E+03,  8.94586786149751E-02,  2.67225000000000E-01, -4.07227470477842E+01,  1.21690000000002E+02,  3.16607670321855E+02,  5.49485748951598E+02
 1.93641666700000E+03,  4.04963817174096E-02,  2.71745000000000E-02, -4.07046704239982E+01,  1.21870000000002E+02,  3.27005703794031E+02,  5.12853622265971E+02
 1.93650000000000E+03, -4.77887696564279E-02, -9.78055000000000E-02, -4.06867117183741E+01,  1.22050000000002E+02,  2.75396594399809E+02,  4.66037939148460E+02
 1.93658333300000E+03, -3.97088079738081E-02, -5.35327500000000E-02, -4.06688686736487E+01,  1.22230000000002E+02,  2.53940915944325E+02,  4.48583007929142E+02
 1.93666666700000E+03,  1.02588842865194E-01,  5.34315000000000E-02, -4.38922753880151E+01,  1.22410000000002E+02,  2.40783932657120E+02,  6.49309177830545E+02
 1.93675000000000E+03,  1.70826396934797E-01,  1.00767000000000E-01, -4.38738447114217E+01,  1.22590000000002E+02,  1.14797277371994E+02,  3.78228331892453E+02
 1.93683333300000E+03,  1.31744110491885E-01,  1.11840500000000E-01, -4.38553080279468E+01,  1.22770000000002E+02,  1.21023445857157E+02,  4.14547302078834E+02
 1.93691666700000E+03,  7.85780888860088E-02,  1.55918500000000E-01, -4.38366641217576E+01,  1.22950000000002E+02,  2.24467408185354E+02,  4.89703944737529E+02
 1.93700000000000E+03,  2.22772850212663E-02,  1.37483000000000E-01, -4.38179118129055E+01,  1.23130000000002E+02,  2.62165715250634E+02,  5.29187071116618E+02
 1.93708333300000E+03, -2.71735771581847E-02,  2.93581750000000E-01, -4.37990499576487E+01,  1.23310000000002E+02,  3.00824852723157E+02,  4.52939065424898E+02
 1.93716666700000E+03, -6.16833464269725E-02,  4.11877500000000E-01, -4.37800774487656E+01,  1.23490000000002E+02,  3.18566948018218E+02,  4.65989633173821E+02
 1.93725000000000E+03, -7.49922579190214E-02,  1.66982750000000E-01, -4.37609932158637E+01,  1.23670000000002E+02,  2.64764191245735E+02,  4.03148532981699E+02
 1.93733333300000E+03, -6.26550729294211E-02, -1.08831750000000E-01, -4.37417962256809E+01,  1.23850000000002E+02,  2.35756266953393E+02,  3.82698253587334E+02
 1.93741666700000E+03, -2.28946628471433E-02, -1.32186000000000E-01, -4.37224854823796E+01,  1.24030000000002E+02,  1.86755931586336E+02,  3.77849974499830E+02
 1.93750000000000E+03,  4.19713098372529E-02,  1.99982500000000E-02, -4.37030600278350E+01,  1.24210000000002E+02,  2.59251288149586E+02,  3.72696616197996E+02
 1.93758333300000E+03,  3.16675298074625E-02,  4.74275000000000E-02, -4.36835189419157E+01,  1.24390000000002E+02,  4.82040474820420E+02,  6.41633481694703E+02
 1.93766666700000E+03, -8.08657770139686E-02, -3.34750000000000E-02, -5.06035384561804E+01,  1.24570000000002E+02,  5.09274442819007E+02,  6.32783251976499E+02
 1.93775000000000E+03, -1.32487868893877E-01,  7.54900000000000E-03, -5.06071791173630E+01,  1.24750000000002E+02,  4.51599858328201E+02,  5.85940077109561E+02
 1.93783333300000E+03, -1.05637363360911E-01,  4.32042500000000E-02, -5.06103041867967E+01,  1.24930000000002E+02,  4.80458222896411E+02,  9.01019384833651E+02
 1.93791666700000E+03, -7.57015838249909E-02, -6.91502500000000E-02, -5.06129141929122E+01,  1.25110000000002E+02,  3.66718559583178E+02,  8.78666115212000E+02
 1.93800000000000E+03, -4.49667835809030E-02, -1.14892250000000E-01, -5.06150097202019E+01,  1.25290000000002E+02,  1.53833413169512E+02,  6.02702409007676E+02
 1.93808333300000E+03, -1.75127283208065E-02, -3.43117500000000E-02, -5.06165914090550E+01,  1.25470000000002E+02,  1.18564344430608E+02,  5.83203795277198E+02
 1.93816666700000E+03,  1.81038641801358E-03, -1.68092500000000E-02, -5.06176599555836E+01,  1.25650000000002E+02,  1.20423389902156E+02,  6.09061331826882E+02
 1.93825000000000E+03,  9.31239643477703E-03, -1.64463750000000E-01, -5.06182161114422E+01,  1.25830000000002E+02,  1.08686492085364E+02,  2.43380986565893E+02
 1.93833333300000E+03,  3.99672741455731E-03, -4.02973750000000E-01, -5.06182606836391E+01,  1.26010000000002E+02,  1.06200010463740E+02,  3.43229898842585E+02
 1.93841666700000E+03, -1.23612960030391E-02, -5.36798500000000E-01, -5.06177945343393E+01,  1.26190000000002E+02,  1.31414944711097E+02,  4.98888790093217E+02
 1.93850000000000E+03, -3.64577819887869E-02, -5.61659000000000E-01, -5.06168185806611E+01,  1.26370000000002E+02,  1.43527356085966E+02,  5.37340624374623E+02
 1.93858333300000E+03, -1.33376096216869E-01, -4.86342500000000E-01, -5.06153337944640E+01,  1.26550000000002E+02,  1.59643563558743E+02,  5.42994578099018E+02
 1.93866666700000E+03, -3.05165863408156E-01, -4.13656500000000E-01, -3.83187183650131E+01,  1.26730000000002E+02,  2.05208451200950E+02,  7.02297636006768E+02
 1.93875000000000E+03, -4.04685358588485E-01, -5.04533000000000E-01, -3.82962327300898E+01,  1.26910000000002E+02,  2.01717934731035E+02,  7.19939379918769E+02
 1.93883333300000E+03, -4.00094447143874E-01, -5.32186750000000E-01, -3.82736254493385E+01,  1.27090000000002E+02,  1.61634475146297E+02,  5.97258486109808E+02
 1.93891666700000E+03, -3.44602771135006E-01, -4.72123000000000E-01, -3.82508967634464E+01,  1.27270000000002E+02,  1.70364412604110E+02,  6.11998757067248E+02
 1.93900000000000E+03, -2.48733940324955E-01, -4.89892750000000E-01, -3.82280469537134E+01,  1.27450000000002E+02,  1.75148655351415E+02,  7.94176513655716E+02
 1.93908333300000E+03, -1.31778155825292E-01, -5.03929750000000E-01, -3.82050763421016E+01,  1.27630000000002E+02,  1.11376176559589E+02,  6.19584188196350E+02
 1.93916666700000E+03, -1.79936103006072E-02, -3.73769500000000E-01, -3.81819852912771E+01,  1.27810000000002E+02,  2.77803833652070E+02,  6.48391799546863E+02
 1.93925000000000E+03,  6.90438008797706E-02, -1.78489750000000E-01, -3.81587742046455E+01,  1.27990000000002E+02,  3.35565482085791E+02,  8.81239622447437E+02
 1.93933333300000E+03,  1.11919491682010E-01, -1.28202250000000E-01, -3.81354435263790E+01,  1.28170000000002E+02,  3.09438842955493E+02,  8.52624266197668E+02
 1.93941666700000E+03,  1.02818620622944E-01, -1.03781250000000E-01, -3.81119937414372E+01,  1.28350000000002E+02,  2.98797043037286E+02,  7.87720956717189E+02
 1.93950000000000E+03,  4.43211193193964E-02, -1.54367500000000E-02, -3.80884253755806E+01,  1.28530000000002E+02,  2.98293910130059E+02,  8.27334726805579E+02
 1.93958333300000E+03,  1.08981954006004E-01,  1.66282000000000E-01, -3.80647389953760E+01,  1.28710000000002E+02,  3.37559950950955E+02,  8.71042281895381E+02
 1.93966666700000E+03,  3.42464308620089E-01,  1.94713250000000E-01, -3.87814415381692E+01,  1.28890000000002E+02,  2.75677499092300E+02,  5.82901780079152E+02
 1.93975000000000E+03,  4.63426512683806E-01, -8.89470000000000E-02, -3.87880528898759E+01,  1.29070000000002E+02,  3.82356634452881E+02,  7.31853150127969E+02
 1.93983333300000E+03,  4.44125453027996E-01, -3.95070000000000E-02, -3.87951071429208E+01,  1.29250000000002E+02,  3.82300808600800E+02,  6.27825284162190E+02
 1.93991666700000E+03,  4.15380442929084E-01,  3.35915750000000E-01, -3.88026053795946E+01,  1.29430000000002E+02,  5.02307965620716E+02,  7.56198377408531E+02
 1.94000000000000E+03,  3.77627067557318E-01,  5.91455000000000E-01, -3.88105486319368E+01,  1.29610000000002E+02,  3.01052163815034E+02,  6.83707825465028E+02
 1.94008333300000E+03,  3.30924552123077E-01,  7.12073000000000E-01, -3.88189378814552E+01,  1.29790000000002E+02,  3.94913343842123E+02,  9.25542134144512E+02
 1.94016666700000E+03,  2.75347399893660E-01,  6.66015750000000E-01, -3.88277740588523E+01,  1.29970000000002E+02,  4.23268698390737E+02,  9.76675613843936E+02
 1.94025000000000E+03,  2.12142128880854E-01,  5.02526250000000E-01, -3.88370580437598E+01,  1.30150000000002E+02,  4.39951734761686E+02,  1.12004550145108E+03
 1.94033333300000E+03,  1.44490923586579E-01,  4.37214000000000E-01, -3.88467906644795E+01,  1.30330000000002E+02,  3.57981479203720E+02,  1.11871655178947E+03
 1.94041666700000E+03,  7.69781041655248E-02,  4.97627000000000E-01, -3.88569726977323E+01,  1.30510000000002E+02,  3.90810790403910E+02,  9.20982664757796E+02
 1.94050000000000E+03,  1.40237414849895E-02,  4.79956750000000E-01, -3.88676048684145E+01,  1.30690000000002E+02,  3.23297280621583E+02,  7.64870701337558E+02
 1.94058333300000E+03, -8.01302563269809E-02,  3.53030750000000E-01, -3.88786878493615E+01,  1.30870000000002E+02,  3.27109842455957E+02,  7.55936767725964E+02
 1.94066666700000E+03, -1.80839137341137E-01,  2.96011000000000E-01, -4.31009584721229E+01,  1.31050000000002E+02,  3.09295987926351E+02,  6.91940240801584E+02
 1.94075000000000E+03, -1.79815119010059E-01,  4.47086750000000E-01, -4.30779190295973E+01,  1.31230000000002E+02,  2.69442755039540E+02,  5.28362962142923E+02
 1.94083333300000E+03, -9.00025153152657E-02,  6.83450750000000E-01, -4.30547549215844E+01,  1.31410000000002E+02,  2.78158754694326E+02,  5.88562713819901E+02
 1.94091666700000E+03,  2.00583338222538E-02,  8.15984000000000E-01, -4.30314664793369E+01,  1.31590000000002E+02,  3.52037185119873E+02,  5.24219072076028E+02
 1.94100000000000E+03,  1.28950044951475E-01,  7.94169000000000E-01, -4.30080540771951E+01,  1.31770000000002E+02,  2.52478407498828E+02,  6.00168789190214E+02
 1.94108333300000E+03,  2.13298369062522E-01,  7.94730000000000E-01, -4.29845181326248E+01,  1.31950000000002E+02,  2.28816693381809E+02,  4.67470861305685E+02
 1.94116666700000E+03,  2.52952042286237E-01,  9.40880500000000E-01, -4.29608591062480E+01,  1.32130000000002E+02,  2.81202918322591E+02,  4.65630792382915E+02
 1.94125000000000E+03,  2.36419249796726E-01,  1.06141300000000E+00, -4.29370775018654E+01,  1.32310000000003E+02,  2.18490433384027E+02,  4.36927030430959E+02
 1.94133333300000E+03,  1.64446374306762E-01,  9.76900500000000E-01, -4.29131738664714E+01,  1.32490000000003E+02,  1.46463577188626E+02,  4.41654322929747E+02
 1.94141666700000E+03,  5.01384176947220E-02,  7.84781000000000E-01, -4.28891487902606E+01,  1.32670000000003E+02,  1.71795512391604E+02,  2.09462332947676E+02
 1.94150000000000E+03, -8.43757834758810E-02,  7.10666000000000E-01, -4.28650029066271E+01,  1.32850000000003E+02,  2.14187649790641E+02,  2.50598923300030E+02
 1.94158333300000E+03, -1.10962814702492E-01,  6.74720500000000E-01, -4.28407368921553E+01,  1.33030000000003E+02,  2.02725436113009E+02,  2.84420375229322E+02
 1.94166666700000E+03,  1.49597557977004E-02,  6.41121250000000E-01, -3.94422864543671E+01,  1.33210000000003E+02,  2.12720536576187E+02,  3.92035528367285E+02
 1.94175000000000E+03,  1.01486597323046E-01,  7.39794250000000E-01, -3.94214607804320E+01,  1.33390000000003E+02,  1.81577395511603E+02,  7.24927687744552E+02
 1.94183333300000E+03,  8.74271767362224E-02,  8.75908000000000E-01, -3.94008766889484E+01,  1.33570000000003E+02,  2.04100009073642E+02,  6.84355738173405E+02
 1.94191666700000E+03,  3.69642739995481E-02,  8.53642000000000E-01, -3.93805378113492E+01,  1.33750000000003E+02,  3.14526393086628E+02,  8.37762096409396E+02
 1.94200000000000E+03, -3.95701113743218E-02,  6.64265000000000E-01, -3.93604477668481E+01,  1.33930000000003E+02,  3.58431576561783E+02,  8.31639191760490E+02
 1.94208333300000E+03, -1.29651613172006E-01,  4.26810750000000E-01, -3.93406101618152E+01,  1.34110000000003E+02,  4.02341532309095E+02,  7.47530029522488E+02
 1.94216666700000E+03, -2.20487499638822E-01,  3.33639000000000E-01, -3.93210285891543E+01,  1.34290000000003E+02,  4.46211654733355E+02,  5.11436579376978E+02
 1.94225000000000E+03, -2.99993534009196E-01,  3.11887000000000E-01, -3.93017066276806E+01,  1.34470000000003E+02,  3.60333719846466E+02,  4.85064963853632E+02
 1.94233333300000E+03, -3.57633411718478E-01,  7.91267500000000E-02, -3.92826478415000E+01,  1.34650000000003E+02,  2.03898048929867E+02,  4.36315607016033E+02
 1.94241666700000E+03, -3.85816412723557E-01, -1.29430750000000E-01, -3.92638557793898E+01,  1.34830000000003E+02,  1.18504537937820E+02,  4.20905861723645E+02
 1.94250000000000E+03, -3.81541993116900E-01, -1.98701250000000E-01, -3.92453339741810E+01,  1.35010000000003E+02,  7.84222226060619E+01,  4.59597679563836E+02
 1.94258333300000E+03, -2.61184201771635E-01, -3.32454500000000E-01, -3.92270859421414E+01,  1.35190000000003E+02,  2.09669449719547E+01,  3.03175852300213E+02
 1.94266666700000E+03, -7.73291741176099E-02, -4.94869000000000E-01, -4.00758933739860E+01,  1.35370000000003E+02,  2.51709454610466E+01,  3.49246357194431E+02
 1.94275000000000E+03, -7.27855252447513E-02, -5.97341000000000E-01, -4.01104284501631E+01,  1.35550000000003E+02,  6.76143203212572E+01,  2.76622820319081E+02
 1.94283333300000E+03, -2.23231028003126E-01, -6.70229500000000E-01, -4.01453698270040E+01,  1.35730000000003E+02,  1.35341602506356E+02,  3.49010059283145E+02
 1.94291666700000E+03, -3.63235067059978E-01, -8.32521250000000E-01, -4.01807151798348E+01,  1.35910000000003E+02,  1.49071795902823E+02,  3.31214063031042E+02
 1.94300000000000E+03, -4.34356144234178E-01, -9.62011750000000E-01, -4.02164621314444E+01,  1.36090000000003E+02,  2.63814668817420E+02,  3.51020936005634E+02
 1.94308333300000E+03, -4.11309495405976E-01, -8.43538250000000E-01, -4.02526082523061E+01,  1.36270000000003E+02,  2.77723226181998E+02,  3.87142830736143E+02
 1.94316666700000E+03, -3.16643899957279E-01, -5.93719250000000E-01, -4.02891510608090E+01,  1.36450000000003E+02,  2.38350526746172E+02,  3.44417789285859E+02
 1.94325000000000E+03, -2.12122943928988E-01, -3.45423250000000E-01, -4.03260880234953E+01,  1.36630000000003E+02,  1.86876225462597E+02,  2.55529786005228E+02
 1.94333333300000E+03, -1.69037548848613E-01, -1.45381750000000E-01, -4.03634165553067E+01,  1.36810000000003E+02,  2.74521574436566E+02,  2.59118343860678E+02
 1.94341666700000E+03, -2.30937965955418E-01, -4.26750000000000E-02, -4.04011340198381E+01,  1.36990000000003E+02,  1.63663048964819E+02,  3.92462615170573E+02
 1.94350000000000E+03, -3.87629337054963E-01,  6.51505000000000E-02, -4.04392377295991E+01,  1.37170000000003E+02,  1.83428809791091E+02,  3.53353237527365E+02
 1.94358333300000E+03, -4.12592789241358E-01,  1.21126000000000E-01, -4.04777249462828E+01,  1.37350000000003E+02,  2.08924423986865E+02,  4.14889159844896E+02
 1.94366666700000E+03, -2.49559756790678E-01, -4.40100000000000E-02, -5.03272851123233E+01,  1.37530000000003E+02,  2.23282771107211E+02,  5.02580955995998E+02
 1.94375000000000E+03, -2.35363142330374E-01, -2.74659750000000E-01, -5.02830712979678E+01,  1.37710000000003E+02,  1.19594149994409E+02,  3.94407580418511E+02
 1.94383333300000E+03, -3.73944228516264E-01, -3.37724750000000E-01, -5.02389269770374E+01,  1.37890000000003E+02,  1.17642658916070E+02,  2.50343294946500E+02
 1.94391666700000E+03, -4.33945957971386E-01, -2.50479000000000E-01, -5.01948556176367E+01,  1.38070000000003E+02,  1.29682785269407E+02,  2.26636957768705E+02
 1.94400000000000E+03, -3.63217346443888E-01, -1.63373250000000E-01, -5.01508606536302E+01,  1.38250000000003E+02,  1.55018033748118E+02,  1.79745067495915E+02
 1.94408333300000E+03, -2.01159812251933E-01, -1.05897750000000E-01, -5.01069454842081E+01,  1.38430000000003E+02,  1.50511863832007E+02,  9.67956862817720E+01
 1.94416666700000E+03, -5.05124917067423E-02, -1.96280000000000E-02, -5.00631134734602E+01,  1.38610000000003E+02,  1.51405517535890E+02,  1.18126798139297E+02
 1.94425000000000E+03, -3.46655687814195E-03,  7.91222500000000E-02, -5.00193679499542E+01,  1.38790000000003E+02,  2.06069612792080E+02,  3.17269507638014E+02
 1.94433333300000E+03, -7.48136199052803E-02,  1.26294500000000E-01, -4.99757122063230E+01,  1.38970000000003E+02,  2.24699644570631E+02,  5.04344359146003E+02
 1.94441666700000E+03, -1.89473551111278E-01,  1.31994750000000E-01, -4.99321494988569E+01,  1.39150000000003E+02,  2.23731737974049E+02,  5.46653186825333E+02
 1.94450000000000E+03, -2.33228541304077E-01,  1.77533250000000E-01, -4.98886830471035E+01,  1.39330000000003E+02,  2.29714023753946E+02,  5.80305422365153E+02
 1.94458333300000E+03, -5.50650634286989E-02,  1.98763500000000E-01, -4.98453160334745E+01,  1.39510000000003E+02,  2.41582700509351E+02,  5.75460606228227E+02
 1.94466666700000E+03,  2.15477092092387E-01,  1.34592250000000E-01, -4.97378236794049E+01,  1.39690000000003E+02,  2.82642549262039E+02,  4.41273563691520E+02
 1.94475000000000E+03,  2.36927330714343E-01,  1.00201000000000E-01, -4.97671544705308E+01,  1.39870000000003E+02,  2.73610890707440E+02,  3.07969342095566E+02
 1.94483333300000E+03,  7.36247882162792E-02,  1.12373000000000E-01, -4.97960185611990E+01,  1.40050000000003E+02,  2.32734775102198E+02,  2.33937165184401E+02
 1.94491666700000E+03, -8.05549776800862E-02,  3.54645000000000E-02, -4.98244135860295E+01,  1.40230000000003E+02,  2.82834269642257E+02,  2.20083479054348E+02
 1.94500000000000E+03, -2.02666229919162E-01, -1.46244750000000E-01, -4.98523372334352E+01,  1.40410000000003E+02,  2.69068689596923E+02,  2.73277498947384E+02
 1.94508333300000E+03, -2.72144107466708E-01, -3.79703250000000E-01, -4.98797872458672E+01,  1.40590000000003E+02,  2.24813339705476E+02,  3.58353572543420E+02
 1.94516666700000E+03, -2.77110192636694E-01, -6.00764500000000E-01, -4.99067614200526E+01,  1.40770000000003E+02,  1.72278094239945E+02,  3.21062683075951E+02
 1.94525000000000E+03, -2.21921278984955E-01, -6.75330750000000E-01, -4.99332576072249E+01,  1.40950000000003E+02,  2.07608298498332E+02,  3.06019639404558E+02
 1.94533333300000E+03, -1.30532112461673E-01, -6.46471000000000E-01, -4.99592737133454E+01,  1.41130000000003E+02,  1.96012500675861E+02,  4.34636958214099E+02
 1.94541666700000E+03, -4.13448293238123E-02, -5.78748500000000E-01, -4.99848076993183E+01,  1.41310000000003E+02,  2.36170444681536E+02,  5.00563153502799E+02
 1.94550000000000E+03,  6.16207441481732E-03, -4.56896000000000E-01, -5.00098575811968E+01,  1.41490000000003E+02,  2.20677211666091E+02,  5.35083476098186E+02
 1.94558333300000E+03, -7.56186380437410E-02, -3.67721750000000E-01, -5.00344214303817E+01,  1.41670000000003E+02,  2.18296213290125E+02,  5.11618722684259E+02
 1.94566666700000E+03, -2.63876971190624E-01, -3.20611250000000E-01, -3.93044713438725E+01,  1.41850000000003E+02,  1.74619994849296E+02,  6.17979544381467E+02
 1.94575000000000E+03, -3.76316623361483E-01, -2.43783000000000E-01, -3.92853744621282E+01,  1.42030000000003E+02,  1.19276207297632E+02,  4.99089942057147E+02
 1.94583333300000E+03, -3.89058553368956E-01, -1.82524500000000E-01, -3.92665437946771E+01,  1.42210000000003E+02,  7.48068774575689E+01,  4.19284822803845E+02
 1.94591666700000E+03, -3.70065842824472E-01, -1.98628750000000E-01, -3.92479828766828E+01,  1.42390000000003E+02,  9.71796153805870E+01,  2.30062497974706E+02
 1.94600000000000E+03, -3.25351014903582E-01, -1.89261000000000E-01, -3.92296952268352E+01,  1.42570000000003E+02,  1.46911731150498E+02,  2.85966946249734E+02
 1.94608333300000E+03, -2.63923779107430E-01, -1.44280250000000E-01, -3.92116843467345E+01,  1.42750000000003E+02,  1.69377140818763E+02,  2.46069134036703E+02
 1.94616666700000E+03, -1.95625347577800E-01, -1.27085000000000E-01, -3.91939537202789E+01,  1.42930000000003E+02,  2.01269864704119E+02,  2.50082396520310E+02
 1.94625000000000E+03, -1.28673187025976E-01, -6.14897500000000E-02, -3.91765068130527E+01,  1.43110000000003E+02,  2.21322750277411E+02,  2.33254731259448E+02
 1.94633333300000E+03, -6.81247098771452E-02,  1.32498000000000E-01, -3.91593470717168E+01,  1.43290000000003E+02,  3.84990644461869E+02,  3.14586539787845E+02
 1.94641666700000E+03, -1.60755783005791E-02,  3.19716000000000E-01, -3.91424779234019E+01,  1.43470000000003E+02,  3.61786003635880E+02,  2.74285608692466E+02
 1.94650000000000E+03,  2.68129459534324E-02,  2.83016250000000E-01, -3.91259027751028E+01,  1.43650000000003E+02,  4.25367777463143E+02,  2.96463771957417E+02
 1.94658333300000E+03,  1.17406579123959E-01,  2.20818500000000E-01, -3.91096250130754E+01,  1.43830000000003E+02,  4.99903515165127E+02,  6.16347926087459E+02
 1.94666666700000E+03,  2.54588218291668E-01,  2.79121750000000E-01, -4.55419800047808E+01,  1.44010000000003E+02,  5.23220948893746E+02,  7.68437059855286E+02
 1.94675000000000E+03,  3.18404789319728E-01,  2.60254750000000E-01, -4.55236793429702E+01,  1.44190000000003E+02,  3.26826635598270E+02,  6.88628184728257E+02
 1.94683333300000E+03,  3.01452914823150E-01,  2.91452750000000E-01, -4.55054993105447E+01,  1.44370000000003E+02,  3.49300320616588E+02,  7.41368119450555E+02
 1.94691666700000E+03,  2.60083865669686E-01,  4.19388500000000E-01, -4.54874375468263E+01,  1.44550000000003E+02,  3.82075148073243E+02,  8.47740597303958E+02
 1.94700000000000E+03,  1.99134907683452E-01,  2.97572250000000E-01, -4.54694916743672E+01,  1.44730000000003E+02,  3.23937917272570E+02,  7.54839653325689E+02
 1.94708333300000E+03,  1.24628328011096E-01,  1.19138500000000E-01, -4.54516592995149E+01,  1.44910000000003E+02,  2.81107431890259E+02,  5.73948777203868E+02
 1.94716666700000E+03,  4.33648669696992E-02,  1.39635500000000E-01, -4.54339380129799E+01,  1.45090000000003E+02,  2.58246712867506E+02,  5.76539483495066E+02
 1.94725000000000E+03, -3.67024897147480E-02,  7.99802500000000E-02, -4.54163253904058E+01,  1.45270000000003E+02,  2.39895919430947E+02,  5.04462112157311E+02
 1.94733333300000E+03, -1.06414032811437E-01,  1.12108250000000E-01, -4.53988189929418E+01,  1.45450000000003E+02,  1.21786182411925E+02,  3.27636653156498E+02
 1.94741666700000E+03, -1.56545707362299E-01,  1.97648750000000E-01, -4.53814163678167E+01,  1.45630000000003E+02,  9.75156301455281E+01,  1.36380802793829E+02
 1.94750000000000E+03, -1.79878040077757E-01,  3.00552500000000E-02, -4.53641150489158E+01,  1.45810000000003E+02,  2.74028801444620E+02,  1.90879148701624E+02
 1.94758333300000E+03, -1.15872213709434E-01, -1.77128500000000E-01, -4.53469125573590E+01,  1.45990000000003E+02,  3.24102525089984E+02,  3.17149866401577E+02
 1.94766666700000E+03, -2.68779357591616E-03, -4.11839750000000E-01, -5.12774649626525E+01,  1.46170000000003E+02,  2.89669393428135E+02,  4.31508610163978E+02
 1.94775000000000E+03,  3.82861428621590E-03, -6.16690750000000E-01, -5.12326521372222E+01,  1.46350000000003E+02,  2.91448989805588E+02,  4.30233064588580E+02
 1.94783333300000E+03, -3.27315598935695E-02, -4.88017750000000E-01, -5.11878277930628E+01,  1.46530000000003E+02,  2.86579902026687E+02,  4.36892414849088E+02
 1.94791666700000E+03,  4.76909228396927E-02, -1.04362500000000E-01, -5.11429960126151E+01,  1.46710000000003E+02,  1.70619196083583E+02,  4.52146257016860E+02
 1.94800000000000E+03,  2.61769277019194E-01,  4.73167500000000E-02, -5.10981608547257E+01,  1.46890000000003E+02,  1.67501460172529E+02,  4.11516326062167E+02
 1.94808333300000E+03,  5.24063095708668E-01,  5.17385000000000E-02, -5.10533263540915E+01,  1.47070000000003E+02,  1.75840496756211E+02,  4.11209056442464E+02
 1.94816666700000E+03,  7.01525327982964E-01,  1.98951500000000E-01, -5.10084965207081E+01,  1.47250000000003E+02,  1.70544791410017E+02,  4.06669812684068E+02
 1.94825000000000E+03,  7.03575761453693E-01,  3.30149500000000E-01, -5.09636753393242E+01,  1.47430000000003E+02,  1.58671486437153E+02,  3.91356690040856E+02
 1.94833333300000E+03,  5.43402804261353E-01,  4.57029000000000E-01, -5.09188667689005E+01,  1.47610000000003E+02,  1.15320215522942E+02,  3.57074242627060E+02
 1.94841666700000E+03,  3.26739972263219E-01,  3.97671500000000E-01, -5.08740747420744E+01,  1.47790000000003E+02,  9.52218354326655E+01,  2.68026599082734E+02
 1.94850000000000E+03,  1.76609279809420E-01,  1.08673250000000E-01, -5.08293031646292E+01,  1.47970000000003E+02,  8.31825905295747E+01,  2.02243374806217E+02
 1.94858333300000E+03, -4.74486595604381E-02, -4.07000000000000E-02, -5.07845559149695E+01,  1.48150000000003E+02,  8.35107534378412E+01,  2.58773328985900E+02
 1.94866666700000E+03, -3.67307145547787E-01, -6.16632500000000E-02, -4.47595772787944E+01,  1.48330000000003E+02,  1.03179583512770E+02,  3.15235282292684E+02
 1.94875000000000E+03, -4.32073641596296E-01, -1.07932750000000E-01, -4.47907617189636E+01,  1.48510000000003E+02,  1.34179716832278E+02,  3.42770887590500E+02
 1.94883333300000E+03, -2.84191602525041E-01, -1.14725750000000E-01, -4.48215049823342E+01,  1.48690000000003E+02,  1.87394547958192E+02,  5.10772250165347E+02
 1.94891666700000E+03, -1.71871218553863E-01, -6.90062500000000E-02, -4.48518045479727E+01,  1.48870000000003E+02,  2.09243892536531E+02,  5.36364950847756E+02
 1.94900000000000E+03, -1.31732390890885E-01,  7.78870000000000E-02, -4.48816579444631E+01,  1.49050000000003E+02,  2.41670418469478E+02,  4.85819749446084E+02
 1.94908333300000E+03, -1.64075112595223E-01,  1.39499250000000E-01, -4.49110627501717E+01,  1.49230000000003E+02,  2.30459876121671E+02,  5.27498876755220E+02
 1.94916666700000E+03, -2.39349805861149E-01, -1.96375000000000E-02, -4.49400165935041E+01,  1.49410000000003E+02,  2.19270951901252E+02,  5.08130462647778E+02
 1.94925000000000E+03, -3.16887048900039E-01, -7.47297500000000E-02, -4.49685171531562E+01,  1.49590000000003E+02,  1.59909432553697E+02,  4.22167830760143E+02
 1.94933333300000E+03, -3.63971700853864E-01, -1.43832000000000E-01, -4.49965621583568E+01,  1.49770000000003E+02,  2.13880772527346E+02,  3.93916204934443E+02
 1.94941666700000E+03, -3.65460623642405E-01, -2.84851500000000E-01, -4.50241493891049E+01,  1.49950000000003E+02,  1.96420276792594E+02,  3.89660227286933E+02
 1.94950000000000E+03, -3.21646127807240E-01, -2.14119500000000E-01, -4.50512766763983E+01,  1.50130000000003E+02,  2.15167920787161E+02,  3.28254235476902E+02
 1.94958333300000E+03, -2.50419936864104E-01, -2.28590500000000E-01, -4.50779419024559E+01,  1.50310000000003E+02,  1.83027494309517E+02,  2.77826173437696E+02
 1.94966666700000E+03, -2.20191908038887E-01, -4.79074000000000E-01, -3.99671163366655E+01,  1.50490000000003E+02,  2.10698522470957E+02,  2.71907364940211E+02
 1.94975000000000E+03, -2.79066086564369E-01, -7.25979000000000E-01, -3.99519768743715E+01,  1.50670000000003E+02,  1.67528015538384E+02,  2.20540696750663E+02
 1.94983333300000E+03, -3.71460049570521E-01, -8.89484250000000E-01, -3.99368415512400E+01,  1.50850000000003E+02,  2.40781740498593E+02,  2.98909694665671E+02
 1.94991666700000E+03, -4.41463213226873E-01, -8.02379250000000E-01, -3.99217079434470E+01,  1.51030000000003E+02,  2.01542096692872E+02,  2.01647966518964E+02
 1.95000000000000E+03, -4.80594775036761E-01, -7.32667250000000E-01, -3.99065736366538E+01,  1.51210000000003E+02,  3.40922776195845E+02,  2.76908712328588E+02
 1.95008333300000E+03, -4.87216750428287E-01, -8.75701250000000E-01, -3.98914362265411E+01,  1.51390000000003E+02,  3.68344119803687E+02,  3.03473315699137E+02
 1.95016666700000E+03, -4.66125678837636E-01, -8.48738250000000E-01, -3.98762933193398E+01,  1.51570000000003E+02,  3.44453678721865E+02,  3.47326543607596E+02
 1.95025000000000E+03, -4.25859388903772E-01, -7.15333250000000E-01, -3.98611425323601E+01,  1.51750000000003E+02,  3.27046743137537E+02,  2.91231474929217E+02
 1.95033333300000E+03, -3.75481536777180E-01, -6.36238750000000E-01, -3.98459814945191E+01,  1.51930000000003E+02,  3.34830597180259E+02,  3.72277977891917E+02
 1.95041666700000E+03, -3.22521410833723E-01, -6.19593500000000E-01, -3.98308078468649E+01,  1.52110000000003E+02,  2.17834002348894E+02,  3.92473365182700E+02
 1.95050000000000E+03, -2.72493397459666E-01, -7.26959000000000E-01, -3.98156192430994E+01,  1.52290000000003E+02,  1.41870613262555E+02,  2.95787646463850E+02
 1.95058333300000E+03, -2.90420627138167E-01, -7.93044750000000E-01, -3.98004133500979E+01,  1.52470000000003E+02,  2.09472230267528E+02,  3.84584050370182E+02
 1.95066666700000E+03, -3.90910331650151E-01, -8.02801250000000E-01, -3.99195710934902E+01,  1.52650000000003E+02,  1.71828828671506E+02,  3.96089130463278E+02
 1.95075000000000E+03, -4.56361262712276E-01, -9.51972000000000E-01, -3.99044364940501E+01,  1.52830000000003E+02,  2.68241950064476E+02,  5.28253782802383E+02
 1.95083333300000E+03, -4.57693830554230E-01, -1.02258950000000E+00, -3.98892984526408E+01,  1.53010000000003E+02,  2.52507552665651E+02,  6.06721864033748E+02
 1.95091666700000E+03, -4.35875243165954E-01, -9.31447500000000E-01, -3.98741545770257E+01,  1.53190000000003E+02,  2.91227235249661E+02,  6.40157268751862E+02
 1.95100000000000E+03, -3.93712870005397E-01, -9.56989000000000E-01, -3.98590024861221E+01,  1.53370000000003E+02,  2.14180579512100E+02,  5.18088688452552E+02
 1.95108333300000E+03, -3.37139057115964E-01, -9.10790250000000E-01, -3.98438398105281E+01,  1.53550000000003E+02,  1.99210430033674E+02,  4.85524610483462E+02
 1.95116666700000E+03, -2.74107546569297E-01, -6.83316750000000E-01, -3.98286641930469E+01,  1.53730000000003E+02,  9.04294673477269E+01,  2.83468151849943E+02
 1.95125000000000E+03, -2.12481440858436E-01, -4.17339000000000E-01, -3.98134732892090E+01,  1.53910000000003E+02,  1.90901614881974E+02,  1.18940621825892E+02
 1.95133333300000E+03, -1.58216465347156E-01, -2.25089250000000E-01, -3.97982647677916E+01,  1.54090000000003E+02,  2.50155177917925E+02,  1.41323416192719E+02
 1.95141666700000E+03, -1.14906641660590E-01, -1.16628750000000E-01, -3.97830363113355E+01,  1.54270000000003E+02,  2.78301833871378E+02,  2.16805649966008E+02
 1.95150000000000E+03, -8.45784202539712E-02,  9.04237500000000E-02, -3.97677856166595E+01,  1.54450000000003E+02,  3.72505835018030E+02,  3.58799942299638E+02
 1.95158333300000E+03, -6.06140552508128E-02,  2.74135250000000E-01, -3.97525103953718E+01,  1.54630000000003E+02,  4.84154728924146E+02,  4.44469083156421E+02
 1.95166666700000E+03, -2.81926509685546E-02,  3.07168500000000E-01, -5.03906822267537E+01,  1.54810000000003E+02,  3.91998492487139E+02,  6.44533317217892E+02
 1.95175000000000E+03,  1.17227582793470E-02,  3.31864500000000E-01, -5.03756444381746E+01,  1.54990000000003E+02,  3.04470525241914E+02,  5.78473186797382E+02
 1.95183333300000E+03,  4.17845919057775E-02,  4.00115750000000E-01, -5.03601481400257E+01,  1.55170000000003E+02,  3.45066690527257E+02,  7.53554665360018E+02
 1.95191666700000E+03,  5.14798506951371E-02,  4.26964500000000E-01, -5.03441958034899E+01,  1.55350000000003E+02,  2.76235290148168E+02,  6.02277235038729E+02
 1.95200000000000E+03,  3.80088055283455E-02,  3.42622250000000E-01, -5.03277899444674E+01,  1.55530000000003E+02,  2.34002998350018E+02,  5.30816563515485E+02
 1.95208333300000E+03, -4.84269884561694E-04,  1.71579750000000E-01, -5.03109331231461E+01,  1.55710000000003E+02,  2.18523240104913E+02,  3.45494933549405E+02
 1.95216666700000E+03, -6.37172387034139E-02,  1.18412500000000E-01, -5.02936279435663E+01,  1.55890000000003E+02,  2.24634671576670E+02,  4.22769911071491E+02
 1.95225000000000E+03, -1.47501764024252E-01,  1.98758500000000E-01, -5.02758770531798E+01,  1.56070000000003E+02,  2.82981792055121E+02,  4.78802126322603E+02
 1.95233333300000E+03, -2.42772636699653E-01,  1.10959000000000E-01, -5.02576831424026E+01,  1.56250000000003E+02,  2.40105588731240E+02,  4.94142295334111E+02
 1.95241666700000E+03, -3.36496886945288E-01, -1.06350750000000E-01, -5.02390489441631E+01,  1.56430000000003E+02,  1.65411260384476E+02,  4.83297766871229E+02
 1.95250000000000E+03, -4.14286087188759E-01, -2.00701500000000E-01, -5.02199772334433E+01,  1.56610000000003E+02,  1.96270557958240E+02,  6.92050377108108E+02
 1.95258333300000E+03, -3.00975269173350E-01, -8.73672500000000E-02, -5.02004708268158E+01,  1.56790000000003E+02,  2.05101521829227E+02,  6.10433537294134E+02
 1.95266666700000E+03,  1.32047035307446E-02,  7.50095000000000E-02, -4.57199773345360E+01,  1.56970000000003E+02,  1.12932519427234E+02,  3.40203516028479E+02
 1.95275000000000E+03,  1.99767949167816E-01,  2.86982500000000E-02, -4.57283466018077E+01,  1.57150000000003E+02,  1.20699177049396E+02,  3.95956416110783E+02
 1.95283333300000E+03,  2.41303971319567E-01, -1.15506500000000E-01, -4.57362127271698E+01,  1.57330000000003E+02,  1.90938110902716E+02,  4.43916695309949E+02
 1.95291666700000E+03,  2.90350248496196E-01, -2.46560000000000E-02, -4.57435757064971E+01,  1.57510000000003E+02,  1.50752040662250E+02,  2.44822888089805E+02
 1.95300000000000E+03,  3.45433112079773E-01,  1.62497500000000E-01, -4.57504355897011E+01,  1.57690000000003E+02,  1.84902604361619E+02,  3.06277413207009E+02
 1.95308333300000E+03,  4.03207545018585E-01,  1.92253500000000E-01, -4.57567924806455E+01,  1.57870000000003E+02,  1.48996055464362E+02,  2.91065452472160E+02
 1.95316666700000E+03,  4.59170853686068E-01,  2.90111000000000E-01, -4.57626465370545E+01,  1.58050000000003E+02,  1.96820522115242E+02,  2.43556753252184E+02
 1.95325000000000E+03,  5.09332343213942E-01,  3.96588500000000E-01, -4.57679979704130E+01,  1.58230000000003E+02,  1.35499816413829E+02,  2.45110303864399E+02
 1.95333333300000E+03,  5.51589699054078E-01,  3.33525750000000E-01, -4.57728470458607E+01,  1.58410000000003E+02,  1.79391805489372E+02,  3.70500044474066E+02
 1.95341666700000E+03,  5.85796270080188E-01,  2.79758750000000E-01, -4.57771940820775E+01,  1.58590000000003E+02,  2.23814871412479E+02,  3.13811291108793E+02
 1.95350000000000E+03,  6.12673961661375E-01,  2.59258500000000E-01, -4.57810394511625E+01,  1.58770000000004E+02,  2.37872169299217E+02,  3.30794499623629E+02
 1.95358333300000E+03,  5.34940650023771E-01,  2.87002250000000E-01, -4.57843835785057E+01,  1.58950000000004E+02,  2.35106097855272E+02,  4.65896582038081E+02
 1.95366666700000E+03,  3.62839472842580E-01,  3.29883250000000E-01, -4.95393920164644E+01,  1.59130000000004E+02,  4.25896475377496E+02,  5.11759742812494E+02
 1.95375000000000E+03,  3.17139435098346E-01,  2.82564500000000E-01, -4.95092206820651E+01,  1.59310000000004E+02,  5.54791021370970E+02,  4.30235803706512E+02
 1.95383333300000E+03,  4.08171245940415E-01,  2.05029500000000E-01, -4.94787098159737E+01,  1.59490000000004E+02,  7.09028199251093E+02,  5.94287445749369E+02
 1.95391666700000E+03,  5.11301772676309E-01,  1.66472000000000E-01, -4.94478632272110E+01,  1.59670000000004E+02,  7.26651842884208E+02,  6.10102160284119E+02
 1.95400000000000E+03,  5.80894014922725E-01,  1.93523500000000E-01, -4.94166847500940E+01,  1.59850000000004E+02,  8.18638004742445E+02,  5.00784622652777E+02
 1.95408333300000E+03,  5.77230176923573E-01,  1.65319750000000E-01, -4.93851782436410E+01,  1.60030000000004E+02,  6.50987614236555E+02,  4.82628616810896E+02
 1.95416666700000E+03,  4.82443556764072E-01,  1.09527500000000E-01, -4.93533475909742E+01,  1.60210000000004E+02,  5.75133697788202E+02,  5.59832066001927E+02
 1.95425000000000E+03,  3.10083472560839E-01,  8.24110000000000E-02, -4.93211966987200E+01,  1.60390000000004E+02,  4.44439670923943E+02,  4.94252604443777E+02
 1.95433333300000E+03,  1.03089782241569E-01, -6.45265000000000E-02, -4.92887294964065E+01,  1.60570000000004E+02,  4.63138614640248E+02,  5.30447677233599E+02
 1.95441666700000E+03, -8.07426739487808E-02, -3.05781750000000E-01, -4.92559499358584E+01,  1.60750000000004E+02,  4.09927449696748E+02,  6.12026946016585E+02
 1.95450000000000E+03, -1.90929352329781E-01, -4.79014250000000E-01, -4.92228619905895E+01,  1.60930000000004E+02,  3.84689527635246E+02,  5.85015288522697E+02
 1.95458333300000E+03, -1.69534899436813E-01, -5.51164500000000E-01, -4.91894696551938E+01,  1.61110000000004E+02,  2.98286105080756E+02,  5.19472085710270E+02
 1.95466666700000E+03, -2.21226692884969E-02, -5.88489000000000E-01, -4.38166730226045E+01,  1.61290000000004E+02,  1.72433190186073E+02,  4.68154854994130E+02
 1.95475000000000E+03,  1.01208049789930E-01, -6.43393500000000E-01, -4.38725148478971E+01,  1.61470000000004E+02,  1.90655662939166E+02,  4.63481287113803E+02
 1.95483333300000E+03,  4.45225799455021E-02, -6.44177500000000E-01, -4.39284442842611E+01,  1.61650000000004E+02,  1.34757629662912E+02,  3.47325830204670E+02
 1.95491666700000E+03, -2.03804126283276E-01, -5.47646750000000E-01, -4.39844560858509E+01,  1.61830000000004E+02,  2.28934490758307E+02,  5.92273327390064E+02
 1.95500000000000E+03, -4.82667729004466E-01, -5.91603500000000E-01, -4.40405449920960E+01,  1.62010000000004E+02,  2.25312287143213E+02,  5.37877224355112E+02
 1.95508333300000E+03, -5.83459067520646E-01, -7.06804750000000E-01, -4.40967057283627E+01,  1.62190000000004E+02,  2.62674122602744E+02,  4.97201684400801E+02
 1.95516666700000E+03, -4.62523213913152E-01, -7.16931750000000E-01, -4.41529330066180E+01,  1.62370000000004E+02,  2.17691926070961E+02,  4.66460873165934E+02
 1.95525000000000E+03, -2.82357406040281E-01, -7.60493750000000E-01, -4.42092215260962E+01,  1.62550000000004E+02,  1.79620565642581E+02,  4.73925804396475E+02
 1.95533333300000E+03, -2.36365798168623E-01, -7.66358750000000E-01, -4.42655659739674E+01,  1.62730000000004E+02,  8.99942227077753E+01,  3.01582833058935E+02
 1.95541666700000E+03, -3.46376901556077E-01, -7.58921000000000E-01, -4.43219610260073E+01,  1.62910000000004E+02,  2.08189936105381E+02,  5.96753173474075E+02
 1.95550000000000E+03, -4.51905369149909E-01, -7.81031000000000E-01, -4.43784013472697E+01,  1.63090000000004E+02,  3.35819987841670E+02,  7.26946675654116E+02
 1.95558333300000E+03, -3.43505359845674E-01, -7.21771500000000E-01, -4.44348815927603E+01,  1.63270000000004E+02,  4.19110938807130E+02,  8.07327762566841E+02
 1.95566666700000E+03, -1.24968706668701E-01, -8.45842750000000E-01, -3.93585100386549E+01,  1.63450000000004E+02,  4.95970680774328E+02,  8.77905133616279E+02
 1.95575000000000E+03, -9.26805512995877E-02, -1.14152800000000E+00, -3.93386971418531E+01,  1.63630000000004E+02,  5.65791539267104E+02,  1.04605563494060E+03
 1.95583333300000E+03, -1.78485703647196E-01, -1.22169000000000E+00, -3.93191406256208E+01,  1.63810000000004E+02,  4.39465933977041E+02,  7.55355194706443E+02
 1.95591666700000E+03, -2.19901501196428E-01, -1.09147950000000E+00, -3.92998440673719E+01,  1.63990000000004E+02,  2.78430947281215E+02,  6.26794533162757E+02
 1.95600000000000E+03, -2.31462513408740E-01, -9.51797250000000E-01, -3.92808110297508E+01,  1.64170000000004E+02,  2.02432892011001E+02,  5.47832136410898E+02
 1.95608333300000E+03, -2.41019852292493E-01, -8.76145500000000E-01, -3.92620450600131E+01,  1.64350000000004E+02,  1.66479749800153E+02,  4.65601057473845E+02
 1.95616666700000E+03, -2.55825835338545E-01, -7.45099250000000E-01, -3.92435496894083E+01,  1.64530000000004E+02,  9.62818602654599E+01,  1.63852715479539E+02
 1.95625000000000E+03, -2.54161821380996E-01, -5.72528500000000E-01, -3.92253284325628E+01,  1.64710000000004E+02,  1.34526344248797E+02,  1.17175249236688E+02
 1.95633333300000E+03, -2.11205382767405E-01, -5.85569000000000E-01, -3.92073847868663E+01,  1.64890000000004E+02,  2.82168628343644E+02,  1.88376787778642E+02
 1.95641666700000E+03, -1.30174618809791E-01, -7.02564250000000E-01, -3.91897222318581E+01,  1.65070000000004E+02,  3.56033116595099E+02,  2.26787744761954E+02
 1.95650000000000E+03, -4.37959406803386E-02, -6.81484500000000E-01, -3.91723442286170E+01,  1.65250000000004E+02,  3.49298199694927E+02,  3.54253485547115E+02
 1.95658333300000E+03, -1.63584865465797E-02, -6.54290000000000E-01, -3.91552542191520E+01,  1.65430000000004E+02,  3.60271113459130E+02,  3.58564325191679E+02
 1.95666666700000E+03, -9.49017837815551E-02, -7.25884000000000E-01, -4.28576647760803E+01,  1.65610000000004E+02,  3.97644608593682E+02,  5.68952421311524E+02
 1.95675000000000E+03, -2.20236589961280E-01, -7.06625500000000E-01, -4.28241811951522E+01,  1.65790000000004E+02,  3.57475493540049E+02,  7.10408791653920E+02
 1.95683333300000E+03, -2.89697050361338E-01, -5.61107000000000E-01, -4.27909021247102E+01,  1.65970000000004E+02,  2.52761406464436E+02,  6.06970971308880E+02
 1.95691666700000E+03, -2.64521694463956E-01, -3.43684250000000E-01, -4.27578281432589E+01,  1.66150000000004E+02,  2.53745678022883E+02,  5.04245815033347E+02
 1.95700000000000E+03, -1.64450756291594E-01, -1.11086500000000E-01, -4.27249597850975E+01,  1.66330000000004E+02,  2.43119568089696E+02,  5.46039038635752E+02
 1.95708333300000E+03, -3.79348098653647E-02,  2.26250000000000E-02, -4.26922975403931E+01,  1.66510000000004E+02,  1.82478494648082E+02,  3.64246706847691E+02
 1.95716666700000E+03,  5.77815390594491E-02,  1.31843250000000E-01, -4.26598418552624E+01,  1.66690000000004E+02,  1.18204558441938E+02,  1.95543077444649E+02
 1.95725000000000E+03,  7.95389668243082E-02,  3.37666250000000E-01, -4.26275931318595E+01,  1.66870000000004E+02,  1.23984547678909E+02,  2.15852195396426E+02
 1.95733333300000E+03,  1.45846884998817E-02,  3.93202750000000E-01, -4.25955517284720E+01,  1.67050000000004E+02,  1.23664142605555E+02,  3.11182412350099E+02
 1.95741666700000E+03, -1.15983338960281E-01,  2.46139500000000E-01, -4.25637179596238E+01,  1.67230000000004E+02,  2.74740455470464E+02,  7.68401911795751E+02
 1.95750000000000E+03, -2.67076078869961E-01,  2.26252750000000E-01, -4.25320920961857E+01,  1.67410000000004E+02,  2.70966891540530E+02,  7.93758800237328E+02
 1.95758333300000E+03, -1.98188862288378E-01,  3.38515500000000E-01, -4.25006743654923E+01,  1.67590000000004E+02,  2.41477257565821E+02,  7.76109100352116E+02
 1.95766666700000E+03,  1.64257688634161E-01,  4.59548500000000E-01, -4.72730326998975E+01,  1.67770000000004E+02,  2.60078255900025E+02,  9.47771462325225E+02
 1.95775000000000E+03,  5.04442167601726E-01,  5.91869250000000E-01, -4.73240638862567E+01,  1.67950000000004E+02,  2.59349630518350E+02,  8.12602283846500E+02
 1.95783333300000E+03,  7.63490357867145E-01,  7.00473250000000E-01, -4.73748523004003E+01,  1.68130000000004E+02,  1.89333437003215E+02,  4.25584077589147E+02
 1.95791666700000E+03,  9.65758733971460E-01,  8.56336000000000E-01, -4.74253930798512E+01,  1.68310000000004E+02,  1.91456233685527E+02,  5.75317952617771E+02
 1.95800000000000E+03,  9.74237118758117E-01,  1.08840600000000E+00, -4.74756813892425E+01,  1.68490000000004E+02,  2.20266482057199E+02,  5.68056195053321E+02
 1.95808333300000E+03,  7.86872850721603E-01,  1.16694000000000E+00, -4.75257124209256E+01,  1.68670000000004E+02,  2.06011992375228E+02,  4.54363719685955E+02
 1.95816666700000E+03,  5.40938620757414E-01,  9.62743000000000E-01, -4.75754813955749E+01,  1.68850000000004E+02,  2.46654705947648E+02,  7.18964724693542E+02
 1.95825000000000E+03,  3.99173068321539E-01,  6.98673750000000E-01, -4.76249835627881E+01,  1.69030000000004E+02,  1.64188478601590E+02,  6.40102552452350E+02
 1.95833333300000E+03,  4.18759858755503E-01,  5.66034000000000E-01, -4.76742142016819E+01,  1.69210000000004E+02,  1.89466768516422E+02,  4.46948241286736E+02
 1.95841666700000E+03,  5.13685059615256E-01,  4.22601250000000E-01, -4.77231686214851E+01,  1.69390000000004E+02,  1.44829369998378E+02,  4.60283850297862E+02
 1.95850000000000E+03,  5.36609781313082E-01,  3.29711250000000E-01, -4.77718421621254E+01,  1.69570000000004E+02,  2.82278254394818E+02,  4.12146825515234E+02
 1.95858333300000E+03,  5.50186002074899E-01,  2.94114000000000E-01, -4.78202301948131E+01,  1.69750000000004E+02,  2.50501311768780E+02,  2.58535865952506E+02
 1.95866666700000E+03,  5.83753148327851E-01,  1.77045000000000E-01, -4.75228762373039E+01,  1.69930000000004E+02,  3.38453493535824E+02,  2.50366261749269E+02
 1.95875000000000E+03,  4.46064033961089E-01,  1.87647000000000E-01, -4.75726602317035E+01,  1.70110000000004E+02,  3.14166565654660E+02,  3.09977518484840E+02
 1.95883333300000E+03,  2.59106503730281E-01,  3.40892250000000E-01, -4.76221776878370E+01,  1.70290000000004E+02,  3.19474151996726E+02,  3.46798495162768E+02
 1.95891666700000E+03,  2.38895265111654E-01,  4.50358750000000E-01, -4.76714238831281E+01,  1.70470000000004E+02,  1.74455994387500E+02,  3.41555231179866E+02
 1.95900000000000E+03,  3.28984981450605E-01,  4.58609500000000E-01, -4.77203941250783E+01,  1.70650000000004E+02,  1.33892162865043E+02,  3.28922402904886E+02
 1.95908333300000E+03,  3.84638076965227E-01,  3.97902500000000E-01, -4.77690837518552E+01,  1.70830000000004E+02,  8.21174433692526E+01,  3.47748437020860E+02
 1.95916666700000E+03,  2.98685000692484E-01,  3.23255500000000E-01, -4.78174881328758E+01,  1.71010000000004E+02,  1.44675971095439E+02,  2.75841242876554E+02
 1.95925000000000E+03,  8.97740956981180E-02,  2.85176250000000E-01, -4.78656026693858E+01,  1.71190000000004E+02,  1.46439378446271E+02,  2.11583986421378E+02
 1.95933333300000E+03, -1.17679252615550E-01,  1.72608500000000E-01, -4.79134227950337E+01,  1.71370000000004E+02,  1.67560433445448E+02,  2.74260427180020E+02
 1.95941666700000E+03, -2.00173775030679E-01, -1.65065000000000E-02, -4.79609439764415E+01,  1.71550000000004E+02,  2.86369153277700E+02,  1.96394227968989E+02
 1.95950000000000E+03, -1.37741215794315E-01, -2.15012500000000E-02, -4.80081617137689E+01,  1.71730000000004E+02,  2.70070533869089E+02,  1.72250215746264E+02
 1.95958333300000E+03, -1.32256743186458E-01,  7.55565000000000E-02, -4.80550715412744E+01,  1.71910000000004E+02,  1.99868289335579E+02,  1.86525605264077E+02
 1.95966666700000E+03, -2.54484738262202E-01,  6.96532500000000E-02, -5.04339690755795E+01,  1.72090000000004E+02,  2.68276157137969E+02,  1.95795052544062E+02
 1.95975000000000E+03, -2.71263762073084E-01, -2.69937500000000E-02, -5.04203542451399E+01,  1.72270000000004E+02,  2.78508381517601E+02,  1.63697899431017E+02
 1.95983333300000E+03, -1.84214611225758E-01, -1.33276500000000E-01, -5.04062736005571E+01,  1.72450000000004E+02,  2.54704949813795E+02,  2.43958678419809E+02
 1.95991666700000E+03, -1.23725998385079E-01, -1.96723750000000E-01, -5.03917294730754E+01,  1.72630000000004E+02,  3.02986323266576E+02,  2.16845789063384E+02
 1.96000000000000E+03, -8.35487237389567E-02, -2.80148500000000E-01, -5.03767242399374E+01,  1.72810000000004E+02,  3.75515690770289E+02,  3.02660793457555E+02
 1.96008333300000E+03, -4.83666673464522E-02, -3.40272500000000E-01, -5.03612603239735E+01,  1.72990000000004E+02,  4.05452052643877E+02,  3.56265335219017E+02
 1.96016666700000E+03, -1.25214185331011E-02, -2.36387000000000E-01, -5.03453401931844E+01,  1.73170000000004E+02,  3.96902205340212E+02,  3.07244656901373E+02
 1.96025000000000E+03,  1.14320383581453E-02, -7.72845000000000E-02, -5.03289663603185E+01,  1.73350000000004E+02,  3.06221298724901E+02,  2.85825542556536E+02
 1.96033333300000E+03,  1.49574627956747E-03, -9.57267500000000E-02, -5.03121413824422E+01,  1.73530000000004E+02,  2.31742433619157E+02,  3.34110967671616E+02
 1.96041666700000E+03, -5.53024120095572E-02, -2.06043500000000E-01, -5.02948678605056E+01,  1.73710000000004E+02,  1.51531608720233E+02,  2.46436076343172E+02
 1.96050000000000E+03, -1.49881356940505E-01, -2.28493750000000E-01, -5.02771484389013E+01,  1.73890000000004E+02,  6.38422966633817E+01,  1.88515343692559E+02
 1.96058333300000E+03, -2.17118322487665E-01, -1.95579750000000E-01, -5.02589858050186E+01,  1.74070000000004E+02,  6.21485154840451E+01,  1.94262954474435E+02
 1.96066666700000E+03, -1.92496608140704E-01, -1.42393500000000E-01, -4.34159031393225E+01,  1.74250000000004E+02,  7.59418207139790E+01,  2.62563151097395E+02
 1.96075000000000E+03, -9.13921364017001E-02, -1.20074250000000E-01, -4.33792862887793E+01,  1.74430000000004E+02,  7.65762332914150E+01,  2.39607206299616E+02
 1.96083333300000E+03,  5.03912510978020E-02, -5.66832500000000E-02, -4.33428588157843E+01,  1.74610000000004E+02,  7.96045869550385E+01,  3.18895748628099E+02
 1.96091666700000E+03,  1.85264725599236E-01,  3.13645000000000E-02, -4.33066220044435E+01,  1.74790000000004E+02,  5.63748524587486E+01,  3.51164849420608E+02
 1.96100000000000E+03,  2.52126884019077E-01, -3.04052500000000E-02, -4.32705770944853E+01,  1.74970000000004E+02,  7.83299308501518E+01,  4.69905661096848E+02
 1.96108333300000E+03,  2.27337400439025E-01, -1.24741500000000E-01, -4.32347252812167E+01,  1.75150000000004E+02,  8.28094557392584E+01,  4.41409958048761E+02
 1.96116666700000E+03,  1.33439844744714E-01, -1.87580750000000E-01, -4.31990677154844E+01,  1.75330000000004E+02,  1.40250430192541E+02,  5.00608878397438E+02
 1.96125000000000E+03,  2.62951034068892E-02, -2.15033000000000E-01, -4.31636055036461E+01,  1.75510000000004E+02,  1.46024002264522E+02,  4.73020925936928E+02
 1.96133333300000E+03, -3.26662335935277E-02, -1.57961750000000E-01, -4.31283397075475E+01,  1.75690000000004E+02,  1.95969483509297E+02,  5.61960781059371E+02
 1.96141666700000E+03, -5.97011487206249E-03, -1.36485000000000E-01, -4.30932713445075E+01,  1.75870000000004E+02,  2.43330249364638E+02,  5.87235710586464E+02
 1.96150000000000E+03,  1.02175293069260E-01, -1.82901750000000E-01, -4.30584013873107E+01,  1.76050000000004E+02,  3.09341491008156E+02,  6.03734211927710E+02
 1.96158333300000E+03,  1.32597620623964E-01, -2.19886750000000E-01, -4.30237307642078E+01,  1.76230000000004E+02,  3.25132390548211E+02,  5.31415595427540E+02
 1.96166666700000E+03,  3.03622330727543E-02, -2.94464250000000E-01, -4.49487512532584E+01,  1.76410000000004E+02,  3.31616205581358E+02,  4.93675282773100E+02
 1.96175000000000E+03, -2.51738028738211E-02, -3.69981500000000E-01, -4.49062714297753E+01,  1.76590000000004E+02,  3.07302765707115E+02,  3.57115425413765E+02
 1.96183333300000E+03, -7.78850426338783E-02, -3.85297500000000E-01, -4.48638992686281E+01,  1.76770000000004E+02,  2.27546095019013E+02,  2.24500303535219E+02
 1.96191666700000E+03, -2.33416480107851E-01, -4.67811250000000E-01, -4.48216376493020E+01,  1.76950000000004E+02,  1.39680603252247E+02,  2.30733523839924E+02
 1.96200000000000E+03, -4.09204210258675E-01, -5.25520750000000E-01, -4.47794894142185E+01,  1.77130000000004E+02,  7.04119502914929E+01,  2.80444481532970E+02
 1.96208333300000E+03, -5.01238324000331E-01, -4.48729750000000E-01, -4.47374573684120E+01,  1.77310000000004E+02,  6.94142553129523E+01,  4.01048562277930E+02
 1.96216666700000E+03, -4.51209279634946E-01, -3.36389250000000E-01, -4.46955442792141E+01,  1.77490000000004E+02,  4.43996443393267E+01,  6.49178642273835E+02
 1.96225000000000E+03, -2.85015797881482E-01, -2.59629000000000E-01, -4.46537528759442E+01,  1.77670000000004E+02,  6.84274209897784E+01,  6.58068805531409E+02
 1.96233333300000E+03, -9.87459317690468E-02, -2.23107500000000E-01, -4.46120858496066E+01,  1.77850000000004E+02,  7.88552983738692E+01,  6.24966347741154E+02
 1.96241666700000E+03, -1.47811102506266E-03, -1.78787750000000E-01, -4.45705458525950E+01,  1.78030000000004E+02,  7.68100038152811E+01,  5.75554084466194E+02
 1.96250000000000E+03, -5.04962419366113E-02, -1.65869500000000E-01, -4.45291354984032E+01,  1.78210000000004E+02,  2.57742839668050E+02,  6.72548056230231E+02
 1.96258333300000E+03, -5.44856790955267E-02, -2.08174750000000E-01, -4.44878573613433E+01,  1.78390000000004E+02,  2.60744411224215E+02,  4.27427134668723E+02
 1.96266666700000E+03,  7.65658102040639E-02, -2.58402000000000E-01, -4.57185779358135E+01,  1.78570000000004E+02,  2.71748662509807E+02,  4.02978455835463E+02
 1.96275000000000E+03,  1.24863474928717E-01, -2.40484000000000E-01, -4.56747034841933E+01,  1.78750000000004E+02,  2.66615964619179E+02,  3.54207225196992E+02
 1.96283333300000E+03,  1.56750360111066E-01, -2.15672750000000E-01, -4.56308797071662E+01,  1.78930000000004E+02,  3.36358542223764E+02,  3.51667473285073E+02
 1.96291666700000E+03,  2.90257978465247E-01, -2.72921750000000E-01, -4.55871100822211E+01,  1.79110000000004E+02,  2.10578261847502E+02,  4.30744174090445E+02
 1.96300000000000E+03,  4.02271122860390E-01, -2.88688750000000E-01, -4.55433980565801E+01,  1.79290000000004E+02,  2.98932095140211E+02,  6.67771148403299E+02
 1.96308333300000E+03,  3.94357260597450E-01, -2.23572750000000E-01, -4.54997470467653E+01,  1.79470000000004E+02,  3.00473428420272E+02,  6.73020616915610E+02
 1.96316666700000E+03,  2.59067064884187E-01, -1.39990000000000E-01, -4.54561604381719E+01,  1.79650000000004E+02,  2.97402706913120E+02,  6.63515628303950E+02
 1.96325000000000E+03,  8.25864945865504E-02, -7.08772500000000E-02, -4.54126415846466E+01,  1.79830000000004E+02,  2.23321189003722E+02,  6.54562542806526E+02
 1.96333333300000E+03, -1.67617034270324E-02, -9.80790000000000E-02, -4.53691938080726E+01,  1.80010000000004E+02,  1.91726891185254E+02,  4.72180063510447E+02
 1.96341666700000E+03,  2.87037901007034E-02, -8.54755000000000E-02, -4.53258203979594E+01,  1.80190000000004E+02,  9.67031045575362E+01,  3.52125065654346E+02
 1.96350000000000E+03,  1.88445422625369E-01,  1.54569000000000E-01, -4.52825246110395E+01,  1.80370000000004E+02,  6.93050454567411E+01,  5.18612413885193E+02
 1.96358333300000E+03,  3.48489858768935E-01,  3.65077750000000E-01, -4.52393096708707E+01,  1.80550000000004E+02,  8.34884467517824E+01,  5.08804977388052E+02
 1.96366666700000E+03,  4.53518943856832E-01,  4.26000750000000E-01, -3.49710200721139E+01,  1.80730000000004E+02,  3.12751166929192E+02,  7.56457125048091E+02
 1.96375000000000E+03,  5.40795381959313E-01,  5.10241500000000E-01, -3.49472456132742E+01,  1.80910000000004E+02,  4.30325796086933E+02,  1.15128960584719E+03
 1.96383333300000E+03,  5.96620329109636E-01,  5.58473000000000E-01, -3.49236498052249E+01,  1.81090000000004E+02,  4.82433046481716E+02,  1.08503334441991E+03
 1.96391666700000E+03,  5.93787095413181E-01,  5.08192000000000E-01, -3.49002362318909E+01,  1.81270000000004E+02,  5.81127044638693E+02,  1.07838320768203E+03
 1.96400000000000E+03,  5.51155736784572E-01,  4.34284750000000E-01, -3.48770084749135E+01,  1.81450000000004E+02,  6.88374699255228E+02,  1.09877580078979E+03
 1.96408333300000E+03,  4.89989457136673E-01,  2.61287750000000E-01, -3.48539701130662E+01,  1.81630000000004E+02,  6.57911601772748E+02,  1.13746258773924E+03
 1.96416666700000E+03,  4.23468960189028E-01,  8.60799999999999E-03, -3.48311247216700E+01,  1.81810000000004E+02,  5.11753361647791E+02,  6.22355268387319E+02
 1.96425000000000E+03,  3.55682115990205E-01, -1.45149500000000E-01, -3.48084758720086E+01,  1.81990000000004E+02,  5.09484529748130E+02,  6.17847856723420E+02
 1.96433333300000E+03,  2.88833790202227E-01, -2.93179000000000E-01, -3.47860271307426E+01,  1.82170000000004E+02,  3.89163072950713E+02,  4.51496142073918E+02
 1.96441666700000E+03,  2.31578899333761E-01, -4.63618250000000E-01, -3.47637820593244E+01,  1.82350000000004E+02,  3.33768931496244E+02,  4.49012922592527E+02
 1.96450000000000E+03,  2.01112678959054E-01, -5.73878750000000E-01, -3.47417442134122E+01,  1.82530000000004E+02,  1.65298717708424E+02,  5.05860340786577E+02
 1.96458333300000E+03,  2.29423911375448E-02, -7.43473750000000E-01, -3.47199171422846E+01,  1.82710000000004E+02,  1.64847969470006E+02,  5.24605434713833E+02
 1.96466666700000E+03, -3.27228383555928E-01, -9.46824250000000E-01, -3.40810228021458E+01,  1.82890000000004E+02,  1.59445905775142E+02,  5.46372682574475E+02
 1.96475000000000E+03, -5.03726625131882E-01, -1.02390250000000E+00, -3.40933968233204E+01,  1.83070000000004E+02,  1.61199847278124E+02,  6.58499261417828E+02
 1.96483333300000E+03, -4.86540666547191E-01, -9.73101500000000E-01, -3.41062111543044E+01,  1.83250000000004E+02,  1.15112003731754E+02,  6.17513252355954E+02
 1.96491666700000E+03, -4.39589406289607E-01, -7.71217250000000E-01, -3.41194661748746E+01,  1.83430000000004E+02,  1.02360683782373E+02,  3.17192088924698E+02
 1.96500000000000E+03, -3.62885916890837E-01, -5.09140750000000E-01, -3.41331622144113E+01,  1.83610000000004E+02,  1.98126471711389E+02,  4.94713811083050E+02
 1.96508333300000E+03, -2.60945274442844E-01, -4.23393000000000E-01, -3.41472995517307E+01,  1.83790000000004E+02,  1.60005967036234E+02,  4.52932215893441E+02
 1.96516666700000E+03, -1.41847712830154E-01, -3.82337250000000E-01, -3.41618784149239E+01,  1.83970000000004E+02,  2.43456695899857E+02,  4.01731135146360E+02
 1.96525000000000E+03, -1.50831474535847E-02, -2.31316250000000E-01, -3.41768989812024E+01,  1.84150000000004E+02,  2.25404683298782E+02,  3.99016591335398E+02
 1.96533333300000E+03,  1.10475698982553E-01, -8.67270000000000E-02, -3.41923613767520E+01,  1.84330000000004E+02,  2.27884367232894E+02,  3.97227693863271E+02
 1.96541666700000E+03,  2.27359847181752E-01,  5.55747500000000E-02, -3.42082656765932E+01,  1.84510000000004E+02,  1.50532079812407E+02,  1.77912690504308E+02
 1.96550000000000E+03,  3.29130304145018E-01,  2.47612500000000E-01, -3.42246119044490E+01,  1.84690000000004E+02,  1.47352649629924E+02,  2.21666774941373E+02
 1.96558333300000E+03,  3.45404813454827E-01,  4.17030250000000E-01, -3.42414000326201E+01,  1.84870000000004E+02,  9.95253109633346E+01,  1.61419743567415E+02
 1.96566666700000E+03,  2.95768792198374E-01,  5.54349000000000E-01, -3.50328861695705E+01,  1.85050000000005E+02,  1.00877206450429E+02,  1.64649031150277E+02
 1.96575000000000E+03,  3.40822373852575E-01,  7.16772250000000E-01, -3.50086692279175E+01,  1.85230000000005E+02,  8.61248350077100E+01,  1.33603230865789E+02
 1.96583333300000E+03,  4.69439153705256E-01,  8.17638250000000E-01, -3.49846217242129E+01,  1.85410000000005E+02,  9.28798234117301E+01,  1.47134600098081E+02
 1.96591666700000E+03,  5.85650007264079E-01,  7.95514500000000E-01, -3.49607472455746E+01,  1.85590000000005E+02,  2.86791020430576E+02,  2.21616022391323E+02
 1.96600000000000E+03,  6.68816747285406E-01,  7.15499750000000E-01, -3.49370493783342E+01,  1.85770000000005E+02,  3.31723935986380E+02,  3.61660055818858E+02
 1.96608333300000E+03,  7.03484583838714E-01,  7.11362500000000E-01, -3.49135317074553E+01,  1.85950000000005E+02,  4.76266656728896E+02,  4.39608998634407E+02
 1.96616666700000E+03,  6.82789837242799E-01,  7.13243000000000E-01, -3.48901978159496E+01,  1.86130000000005E+02,  6.24169820990774E+02,  6.86085180104213E+02
 1.96625000000000E+03,  6.10689780760848E-01,  5.34246000000000E-01, -3.48670512842934E+01,  1.86310000000005E+02,  6.03376056302521E+02,  6.98644550172401E+02
 1.96633333300000E+03,  5.01783511522954E-01,  3.70700750000000E-01, -3.48440956898435E+01,  1.86490000000005E+02,  4.30420695794517E+02,  5.48894576666024E+02
 1.96641666700000E+03,  3.78150705893286E-01,  4.01068500000000E-01, -3.48213346062516E+01,  1.86670000000005E+02,  4.72558327517435E+02,  5.33941275229157E+02
 1.96650000000000E+03,  2.64097875990945E-01,  4.74545750000000E-01, -3.47987716028799E+01,  1.86850000000005E+02,  3.30915661665838E+02,  5.51811406147551E+02
 1.96658333300000E+03,  1.09622772651439E-01,  4.36352500000000E-01, -3.47764102442152E+01,  1.87030000000005E+02,  2.16509149325886E+02,  3.30319364284353E+02
 1.96666666700000E+03, -1.05125235546048E-01,  3.18038250000000E-01, -3.80216985968637E+01,  1.87210000000005E+02,  2.07885841295647E+02,  3.48408435807413E+02
 1.96675000000000E+03, -2.68937235469117E-01,  1.81872750000000E-01, -3.79976846084375E+01,  1.87390000000005E+02,  1.98590458292294E+02,  3.77036006732627E+02
 1.96683333300000E+03, -3.49766427000271E-01,  7.40517500000000E-02, -3.79735551340553E+01,  1.87570000000005E+02,  1.61278098021832E+02,  3.54260830649592E+02
 1.96691666700000E+03, -3.80870407535658E-01, -1.20569500000000E-01, -3.79493109361977E+01,  1.87750000000005E+02,  1.66243609802341E+02,  3.58373397967838E+02
 1.96700000000000E+03, -3.61563493879214E-01, -4.49554500000000E-01, -3.79249528180441E+01,  1.87930000000005E+02,  1.36656086776904E+02,  3.17674097252988E+02
 1.96708333300000E+03, -3.04457240347272E-01, -5.50252750000000E-01, -3.79004816234292E+01,  1.88110000000005E+02,  1.55833757820976E+02,  2.82974084339181E+02
 1.96716666700000E+03, -2.32530386763500E-01, -3.08645000000000E-01, -3.78758982367930E+01,  1.88290000000005E+02,  1.60040751081661E+02,  3.15718056106542E+02
 1.96725000000000E+03, -1.72979359508602E-01,  8.68275000000001E-03, -3.78512035831227E+01,  1.88470000000005E+02,  1.28018991804316E+02,  2.55665542415703E+02
 1.96733333300000E+03, -1.50082245147043E-01,  1.61020750000000E-01, -3.78263986278881E+01,  1.88650000000005E+02,  1.14083048952608E+02,  1.49596276148779E+02
 1.96741666700000E+03, -1.79430534318434E-01,  1.30586500000000E-01, -3.78014843769691E+01,  1.88830000000005E+02,  1.13789370142031E+02,  2.47662108511528E+02
 1.96750000000000E+03, -2.64762281945532E-01,  4.95757500000000E-02, -3.77764618765771E+01,  1.89010000000005E+02,  1.02979058475463E+02,  3.75784887687990E+02
 1.96758333300000E+03, -3.44485406254341E-01, -7.09207500000000E-02, -3.77513322131679E+01,  1.89190000000005E+02,  1.16439835863559E+02,  4.80887486378680E+02
 1.96766666700000E+03, -3.48636604093866E-01, -1.42766500000000E-01, -2.91021368460244E+01,  1.89370000000005E+02,  7.21071052922537E+01,  4.78756607030382E+02
 1.96775000000000E+03, -3.13427325986724E-01, -6.20957500000000E-02, -2.91059762353479E+01,  1.89550000000005E+02,  7.20648849610633E+01,  5.83169258613320E+02
 1.96783333300000E+03, -2.82600828231811E-01,  1.58750000000000E-02, -2.91102265312660E+01,  1.89730000000005E+02,  7.05447416440317E+01,  4.93561901450932E+02
 1.96791666700000E+03, -2.54465094485320E-01, -2.34845000000000E-02, -2.91148890009173E+01,  1.89910000000005E+02,  9.16448318771574E+01,  3.86682689917874E+02
 1.96800000000000E+03, -2.29958049042233E-01, -6.07115000000000E-02, -2.91199648683169E+01,  1.90090000000005E+02,  9.77220515509453E+01,  3.80611542414050E+02
 1.96808333300000E+03, -2.10116448771469E-01, -1.10104250000000E-01, -2.91254553140763E+01,  1.90270000000005E+02,  1.23346356541009E+02,  3.87698891754859E+02
 1.96816666700000E+03, -1.95670509875538E-01, -2.45188750000000E-01, -2.91313614751285E+01,  1.90450000000005E+02,  2.10438330877323E+02,  3.75500874975164E+02
 1.96825000000000E+03, -1.86031153360675E-01, -3.06750500000000E-01, -2.91376844444597E+01,  1.90630000000005E+02,  2.04670813646814E+02,  3.98201996470088E+02
 1.96833333300000E+03, -1.78787315081284E-01, -2.05651250000000E-01, -2.91444252708461E+01,  1.90810000000005E+02,  2.03815598221077E+02,  5.30438337830182E+02
 1.96841666700000E+03, -1.70541697352944E-01, -3.88372500000000E-02, -2.91515849585975E+01,  1.90990000000005E+02,  2.19139934087134E+02,  4.54929338336099E+02
 1.96850000000000E+03, -1.58727578906832E-01,  7.77507500000000E-02, -2.91591644673061E+01,  1.91170000000005E+02,  1.92355262316771E+02,  4.43778596228924E+02
 1.96858333300000E+03,  9.19209155962300E-02,  8.06265000000000E-02, -2.91671647116026E+01,  1.91350000000005E+02,  1.13817037652705E+02,  4.27803392987829E+02
 1.96866666700000E+03,  5.34967000662650E-01,  9.61902500000000E-02, -3.45462152498119E+01,  1.91530000000005E+02,  1.19981099189111E+02,  4.07741597509835E+02
 1.96875000000000E+03,  6.53325539189839E-01,  3.25392750000000E-01, -3.45072572132442E+01,  1.91710000000005E+02,  1.23418752145784E+02,  3.51858387157904E+02
 1.96883333300000E+03,  5.11547012005559E-01,  5.73002750000000E-01, -3.44684444638886E+01,  1.91890000000005E+02,  1.05906877059861E+02,  3.92274906896073E+02
 1.96891666700000E+03,  4.40380351105927E-01,  7.35280250000000E-01, -3.44297789834565E+01,  1.92070000000005E+02,  1.19146396136896E+02,  4.84082370992589E+02
 1.96900000000000E+03,  4.68422725528440E-01,  1.00104825000000E+00, -3.43912627163894E+01,  1.92250000000005E+02,  1.36619497067025E+02,  4.12305259635887E+02
 1.96908333300000E+03,  5.62302374539234E-01,  1.09015300000000E+00, -3.43528975696900E+01,  1.92430000000005E+02,  1.47599812788666E+02,  4.15095444052278E+02
 1.96916666700000E+03,  6.45172566138500E-01,  8.37419000000000E-01, -3.43146854127583E+01,  1.92610000000005E+02,  1.65391698198182E+02,  3.22665629346593E+02
 1.96925000000000E+03,  6.38822793861173E-01,  5.78671250000000E-01, -3.42766280772350E+01,  1.92790000000005E+02,  1.45835662485572E+02,  2.47814062683597E+02
 1.96933333300000E+03,  5.05942147813629E-01,  3.78125750000000E-01, -3.42387273568502E+01,  1.92970000000005E+02,  1.81495960589208E+02,  2.95790073530074E+02
 1.96941666700000E+03,  2.69986677890609E-01,  2.03066000000000E-01, -3.42009850072786E+01,  1.93150000000005E+02,  1.87052337395220E+02,  4.72516546596084E+02
 1.96950000000000E+03,  3.15356574830393E-03,  2.53486000000000E-01, -3.41634027460009E+01,  1.93330000000005E+02,  2.05160491900450E+02,  6.15822009260510E+02
 1.96958333300000E+03, -1.29655610621703E-01,  4.66433000000000E-01, -3.41259822521714E+01,  1.93510000000005E+02,  3.41108625210460E+02,  6.56034174269271E+02
 1.96966666700000E+03, -3.76589183596949E-02,  5.66213500000000E-01, -2.82099529354616E+01,  1.93690000000005E+02,  3.75696398048517E+02,  6.22881153700529E+02
 1.96975000000000E+03,  1.28805608398366E-01,  5.74181500000000E-01, -2.81858935994900E+01,  1.93870000000005E+02,  3.23311401514118E+02,  4.52850079756218E+02
 1.96983333300000E+03,  2.47629947299483E-01,  6.11807750000000E-01, -2.81617308452993E+01,  1.94050000000005E+02,  4.20142423509765E+02,  3.95582427677886E+02
 1.96991666700000E+03,  3.11249734555587E-01,  6.07869000000000E-01, -2.81374656190098E+01,  1.94230000000005E+02,  4.98266743948835E+02,  3.53805284893267E+02
 1.97000000000000E+03,  3.16420857719060E-01,  5.27559500000000E-01, -2.81130989025863E+01,  1.94410000000005E+02,  3.69957605073548E+02,  4.61517703094486E+02
 1.97008333300000E+03,  2.78276092357591E-01,  4.35022500000000E-01, -2.80886317137601E+01,  1.94590000000005E+02,  3.80632240862989E+02,  4.66755438070033E+02
 1.97016666700000E+03,  2.25514008312630E-01,  3.43538000000000E-01, -2.80640651059437E+01,  1.94770000000005E+02,  4.54793988778539E+02,  5.82294275488769E+02
 1.97025000000000E+03,  1.90994728507269E-01,  2.88881000000000E-01, -2.80394001681403E+01,  1.94950000000005E+02,  3.59933996130077E+02,  5.19951543326058E+02
 1.97033333300000E+03,  2.01027636295662E-01,  2.37905000000000E-01, -2.80146380248466E+01,  1.95130000000005E+02,  2.64557996151524E+02,  4.35793102676340E+02
 1.97041666700000E+03,  2.67026305383320E-01,  9.46947500000000E-02, -2.79897798359502E+01,  1.95310000000005E+02,  3.27348918179056E+02,  3.28171908074019E+02
 1.97050000000000E+03,  3.82461684754437E-01, -9.57495000000000E-02, -2.79648267966208E+01,  1.95490000000005E+02,  2.92552836748719E+02,  3.06298370677916E+02
 1.97058333300000E+03,  1.66376359439355E-01, -2.63692000000000E-01, -2.79397801371955E+01,  1.95670000000005E+02,  2.81921162897026E+02,  2.63597934156135E+02
 1.97066666700000E+03, -4.36009547717620E-01, -3.94996250000000E-01, -2.88235728116983E+01,  1.95850000000005E+02,  2.81117147385975E+02,  3.34927563373738E+02
 1.97075000000000E+03, -7.52674745410172E-01, -4.55180750000000E-01, -2.88025619460125E+01,  1.96030000000005E+02,  2.91185893354328E+02,  3.17505921019215E+02
 1.97083333300000E+03, -7.61304492239883E-01, -5.39574500000000E-01, -2.87814358020376E+01,  1.96210000000005E+02,  2.42718160721897E+02,  3.14020100510370E+02
 1.97091666700000E+03, -7.90367673038359E-01, -8.07933750000000E-01, -2.87601943409544E+01,  1.96390000000005E+02,  2.72522550767294E+02,  4.79255409303839E+02
 1.97100000000000E+03, -8.33102532185082E-01, -1.02304925000000E+00, -2.87388375596028E+01,  1.96570000000005E+02,  2.23938715070336E+02,  3.91461864348083E+02
 1.97108333300000E+03, -8.81092472726076E-01, -1.02009100000000E+00, -2.87173654905678E+01,  1.96750000000005E+02,  2.36248398719019E+02,  2.62101641746673E+02
 1.97116666700000E+03, -9.25198844841343E-01, -9.12190000000000E-01, -2.86957782022596E+01,  1.96930000000005E+02,  3.98913104409134E+02,  5.18133459316513E+02
 1.97125000000000E+03, -9.55896400785917E-01, -7.21604250000000E-01, -2.86740757989880E+01,  1.97110000000005E+02,  3.87612474413379E+02,  5.65531686762812E+02
 1.97133333300000E+03, -9.63970908169482E-01, -5.99101500000000E-01, -2.86522584210301E+01,  1.97290000000005E+02,  4.36398379891663E+02,  5.18034078894896E+02
 1.97141666700000E+03, -9.42277941595097E-01, -6.12053250000000E-01, -2.86303262446929E+01,  1.97470000000005E+02,  4.75697879545173E+02,  7.43223745472658E+02
 1.97150000000000E+03, -8.88109073424364E-01, -6.53958750000000E-01, -2.86082794823693E+01,  1.97650000000005E+02,  4.55696422208805E+02,  7.77442334728628E+02
 1.97158333300000E+03, -7.90505058575020E-01, -7.21705250000000E-01, -2.85861183825880E+01,  1.97830000000005E+02,  2.74259984864617E+02,  5.63108832742865E+02
 1.97166666700000E+03, -6.75425222349903E-01, -7.11997000000000E-01, -2.60601075264155E+01,  1.98010000000005E+02,  2.80911016941344E+02,  6.34074934771810E+02
 1.97175000000000E+03, -5.90822522831981E-01, -5.45528250000000E-01, -2.60439093356881E+01,  1.98190000000005E+02,  2.78704700305180E+02,  7.55144798166739E+02
 1.97183333300000E+03, -5.10873445941497E-01, -4.13704000000000E-01, -2.60277961881218E+01,  1.98370000000005E+02,  2.76474936140097E+02,  6.30370528633609E+02
 1.97191666700000E+03, -4.01872472980027E-01, -3.50570250000000E-01, -2.60117659785442E+01,  1.98550000000005E+02,  4.45124302291202E+02,  9.18623949030307E+02
 1.97200000000000E+03, -2.71996948191464E-01, -2.20044750000000E-01, -2.59958165931863E+01,  1.98730000000005E+02,  4.98983211319758E+02,  8.89090265776020E+02
 1.97208333300000E+03, -1.32869064880446E-01, -4.45067500000000E-02, -2.59799459101202E+01,  1.98910000000005E+02,  4.95985681405995E+02,  7.42292939190718E+02
 1.97216666700000E+03,  2.26397470696699E-03,  1.44503000000000E-01, -2.59641517996979E+01,  1.99090000000005E+02,  4.01572783035100E+02,  5.12143279138833E+02
 1.97225000000000E+03,  1.21354470953500E-01,  3.72423250000000E-01, -2.59484321249910E+01,  1.99270000000005E+02,  3.71508379291649E+02,  4.10464496040574E+02
 1.97233333300000E+03,  2.15976895126146E-01,  5.10238250000000E-01, -2.59327847422317E+01,  1.99450000000005E+02,  3.11002993939764E+02,  2.99478735651414E+02
 1.97241666700000E+03,  2.82184645410163E-01,  5.01453750000000E-01, -2.59172075012537E+01,  1.99630000000005E+02,  3.50915134743810E+02,  4.13956196112755E+02
 1.97250000000000E+03,  3.19839591960848E-01,  4.51416250000000E-01, -2.59016982459347E+01,  1.99810000000005E+02,  3.99015000475516E+02,  5.62344736768851E+02
 1.97258333300000E+03,  3.14391149633270E-01,  4.15802750000000E-01, -2.58862548146388E+01,  1.99990000000005E+02,  4.30831110726016E+02,  6.01557820606530E+02
 1.97266666700000E+03,  3.06924237342894E-01,  5.30490750000000E-01, -2.37059657152388E+01,  2.00170000000005E+02,  4.44933714591517E+02,  7.72679090445388E+02
 1.97275000000000E+03,  3.66275669326345E-01,  7.38626500000000E-01, -2.36837414428704E+01,  2.00350000000005E+02,  3.16735911477065E+02,  5.59895119896246E+02
 1.97283333300000E+03,  4.43397354759042E-01,  8.56101750000000E-01, -2.36614077037896E+01,  2.00530000000005E+02,  2.27532821016003E+02,  5.10253773020722E+02
 1.97291666700000E+03,  4.75250283653402E-01,  9.44477000000000E-01, -2.36389649255007E+01,  2.00710000000005E+02,  1.11259988133563E+02,  4.54097698910005E+02
 1.97300000000000E+03,  4.62303490723191E-01,  9.09013500000000E-01, -2.36164135697226E+01,  2.00890000000005E+02,  7.69289076975328E+01,  4.23797180734588E+02
 1.97308333300000E+03,  4.11651519974606E-01,  6.98587500000000E-01, -2.35937541323934E+01,  2.01070000000005E+02,  1.21920214149361E+02,  4.87334488454334E+02
 1.97316666700000E+03,  3.36190699814452E-01,  4.32990000000000E-01, -2.35709871436691E+01,  2.01250000000005E+02,  1.78287458112955E+02,  5.46458620000221E+02
 1.97325000000000E+03,  2.53349317762173E-01,  1.60910250000000E-01, -2.35481131679174E+01,  2.01430000000005E+02,  1.68673227690919E+02,  5.06264406778362E+02
 1.97333333300000E+03,  1.82619501136960E-01, -8.45142500000000E-02, -2.35251328037052E+01,  2.01610000000005E+02,  1.87641750424544E+02,  4.62428426204950E+02
 1.97341666700000E+03,  1.41582188540226E-01, -3.51181250000000E-01, -2.35020466837809E+01,  2.01790000000005E+02,  2.03585716043356E+02,  5.28301850104942E+02
 1.97350000000000E+03,  1.41368660107937E-01, -5.84979250000000E-01, -2.34788554750511E+01,  2.01970000000005E+02,  1.37353402701723E+02,  3.23167100264502E+02
 1.97358333300000E+03,  6.02394921611715E-02, -7.78196750000000E-01, -2.34555598785521E+01,  2.02150000000005E+02,  1.42483435510696E+02,  5.06905944747296E+02
 1.97366666700000E+03, -1.79079575260581E-01, -9.79272000000000E-01, -3.36482050178965E+01,  2.02330000000005E+02,  2.11404803992345E+02,  4.87615328987202E+02
 1.97375000000000E+03, -4.23591652349728E-01, -1.17859500000000E+00, -3.36923869294243E+01,  2.02510000000005E+02,  2.47314921955913E+02,  5.71714752042692E+02
 1.97383333300000E+03, -6.00870545983205E-01, -1.43492500000000E+00, -3.37362730482303E+01,  2.02690000000005E+02,  2.35156663644049E+02,  5.64075433049739E+02
 1.97391666700000E+03, -6.89958323655885E-01, -1.62536500000000E+00, -3.37798595931085E+01,  2.02870000000005E+02,  2.24985199720578E+02,  7.47424800553289E+02
 1.97400000000000E+03, -6.29565719849083E-01, -1.50463500000000E+00, -3.38231428139433E+01,  2.03050000000005E+02,  2.29393098695260E+02,  5.62485982107333E+02
 1.97408333300000E+03, -4.53180117610145E-01, -1.21725000000000E+00, -3.38661189921341E+01,  2.03230000000005E+02,  2.36622314217659E+02,  8.46574587863999E+02
 1.97416666700000E+03, -2.62357895284595E-01, -1.02390450000000E+00, -3.39087844410152E+01,  2.03410000000005E+02,  1.87256640380776E+02,  9.08184334804030E+02
 1.97425000000000E+03, -1.57138665443276E-01, -8.59239000000000E-01, -3.39511355062723E+01,  2.03590000000005E+02,  1.81920737416193E+02,  8.55627497387417E+02
 1.97433333300000E+03, -1.71631479448849E-01, -7.15623750000000E-01, -3.39931685663538E+01,  2.03770000000005E+02,  1.75301103226340E+02,  8.52702229373860E+02
 1.97441666700000E+03, -2.55712550893982E-01, -6.85981000000000E-01, -3.40348800328781E+01,  2.03950000000005E+02,  1.39105036052686E+02,  9.42753783965447E+02
 1.97450000000000E+03, -3.11078850328002E-01, -6.70246500000000E-01, -3.40762663510372E+01,  2.04130000000005E+02,  7.81345487359533E+01,  6.46336894911739E+02
 1.97458333300000E+03, -4.06902853213193E-01, -6.26117500000000E-01, -3.41173239999945E+01,  2.04310000000005E+02,  1.36811437406429E+02,  4.88689486048569E+02
 1.97466666700000E+03, -6.50471828583397E-01, -6.75581500000000E-01, -2.90379652853503E+01,  2.04490000000005E+02,  1.42694718180032E+02,  5.29522357468027E+02
 1.97475000000000E+03, -8.84714058570771E-01, -7.84450750000000E-01, -2.90024548424319E+01,  2.04670000000005E+02,  1.78786099591461E+02,  3.82340851605554E+02
 1.97483333300000E+03, -9.86392775937002E-01, -8.26914500000000E-01, -2.89671146313043E+01,  2.04850000000005E+02,  3.12311203597493E+02,  3.46280979812126E+02
 1.97491666700000E+03, -9.78501615072646E-01, -7.48100750000000E-01, -2.89319458798862E+01,  2.05030000000005E+02,  3.04452852075989E+02,  3.29105661077417E+02
 1.97500000000000E+03, -8.87546355512428E-01, -5.55130750000000E-01, -2.88969497789842E+01,  2.05210000000005E+02,  3.45359820811652E+02,  3.27221894591143E+02
 1.97508333300000E+03, -7.64296296390416E-01, -4.26197750000000E-01, -2.88621274822401E+01,  2.05390000000005E+02,  3.45160364929396E+02,  3.16599575652373E+02
 1.97516666700000E+03, -6.62715405393760E-01, -4.92039250000000E-01, -2.88274801060854E+01,  2.05570000000005E+02,  3.46178014584125E+02,  2.60197591916137E+02
 1.97525000000000E+03, -6.20333669659661E-01, -6.36825750000000E-01, -2.87930087297003E+01,  2.05750000000005E+02,  1.77376638340705E+02,  1.33825595499911E+02
 1.97533333300000E+03, -6.46513202061119E-01, -7.70893500000000E-01, -2.87587143949788E+01,  2.05930000000005E+02,  2.15518519657424E+02,  2.68918630592860E+02
 1.97541666700000E+03, -7.21567117718364E-01, -9.48161000000000E-01, -2.87245981065003E+01,  2.06110000000005E+02,  1.18342906051601E+02,  2.18824558031411E+02
 1.97550000000000E+03, -8.05925915703338E-01, -1.19573925000000E+00, -2.86906608315060E+01,  2.06290000000005E+02,  1.23496305586706E+02,  3.76438256759818E+02
 1.97558333300000E+03, -8.87096322037331E-01, -1.45304250000000E+00, -2.86569034998816E+01,  2.06470000000005E+02,  9.05218365766051E+01,  3.69961713408014E+02
 1.97566666700000E+03, -9.44052104279065E-01, -1.65953000000000E+00, -1.96373273286135E+01,  2.06650000000005E+02,  2.29290684183870E+02,  3.76922469547265E+02
 1.97575000000000E+03, -9.30534663459412E-01, -1.74538750000000E+00, -1.96501340609815E+01,  2.06830000000005E+02,  2.30262915647086E+02,  5.12011819910286E+02
 1.97583333300000E+03, -8.72697932313210E-01, -1.74281250000000E+00, -1.96633446070712E+01,  2.07010000000005E+02,  2.45337907176557E+02,  5.75115465302864E+02
 1.97591666700000E+03, -8.12377255608138E-01, -1.63059500000000E+00, -1.96769591992190E+01,  2.07190000000005E+02,  3.33723688944287E+02,  4.64604739395380E+02
 1.97600000000000E+03, -7.49472331605679E-01, -1.31240050000000E+00, -1.96909780272167E+01,  2.07370000000005E+02,  4.02552671076314E+02,  5.32101612748372E+02
 1.97608333300000E+03, -6.81092798059438E-01, -9.11405500000000E-01, -1.97054012381894E+01,  2.07550000000005E+02,  4.49836136094458E+02,  8.39025511853212E+02
 1.97616666700000E+03, -6.04623236107303E-01, -5.89316250000000E-01, -1.97202289364793E+01,  2.07730000000005E+02,  4.27432633269655E+02,  6.05241601461685E+02
 1.97625000000000E+03, -5.20394285176408E-01, -4.41155250000000E-01, -1.97354611835346E+01,  2.07910000000005E+02,  4.33189487616666E+02,  6.41643693162732E+02
 1.97633333300000E+03, -4.33183231554472E-01, -4.00023250000000E-01, -1.97510979978046E+01,  2.08090000000005E+02,  5.33708151082820E+02,  6.00262172411505E+02
 1.97641666700000E+03, -3.52246379838775E-01, -3.47629000000000E-01, -1.97671393546398E+01,  2.08270000000005E+02,  4.94011138590990E+02,  8.41506256568200E+02
 1.97650000000000E+03, -2.89653905491178E-01, -3.04532000000000E-01, -1.97835851861981E+01,  2.08450000000005E+02,  3.70065301541457E+02,  6.26790220788610E+02
 1.97658333300000E+03, -1.72452990083984E-01, -1.74212250000000E-01, -1.98004353813560E+01,  2.08630000000005E+02,  3.48907260775479E+02,  6.51045504032958E+02
 1.97666666700000E+03, -9.67890080777900E-02,  8.72490000000000E-02, -2.59596048748942E+01,  2.08810000000005E+02,  3.29022350851364E+02,  6.58661263145513E+02
 1.97675000000000E+03, -2.74705413558735E-01,  3.11737250000000E-01, -2.60128057915884E+01,  2.08990000000005E+02,  2.24688734530649E+02,  6.98437529576805E+02
 1.97683333300000E+03, -4.88717120793368E-01,  3.56057750000000E-01, -2.60659630877576E+01,  2.09170000000005E+02,  3.07104186465403E+02,  5.64485533932962E+02
 1.97691666700000E+03, -4.80522529517190E-01,  2.47005750000000E-01, -2.61190722248515E+01,  2.09350000000005E+02,  2.55247456024994E+02,  5.28692543805233E+02
 1.97700000000000E+03, -3.34743652560451E-01,  1.62739000000000E-01, -2.61721286663633E+01,  2.09530000000005E+02,  3.20309921746633E+02,  4.70307971770059E+02
 1.97708333300000E+03, -2.35714964826926E-01,  1.34565250000000E-01, -2.62251278783434E+01,  2.09710000000005E+02,  3.58760723935857E+02,  6.62879015283244E+02
 1.97716666700000E+03, -2.90528846096541E-01,  7.80852500000000E-02, -2.62780653299120E+01,  2.09890000000005E+02,  5.61196814126865E+02,  1.04759830855727E+03
 1.97725000000000E+03, -4.32221162334673E-01,  5.42025000000000E-03, -2.63309364937718E+01,  2.10070000000005E+02,  4.88524844460986E+02,  1.21733483357416E+03
 1.97733333300000E+03, -4.94848594732718E-01,  4.35960000000000E-02, -2.63837368467204E+01,  2.10250000000005E+02,  4.79452525168289E+02,  1.16666468319636E+03
 1.97741666700000E+03, -3.83565380744349E-01,  2.53687000000000E-01, -2.64364618701616E+01,  2.10430000000005E+02,  5.44663071347624E+02,  1.26161333070105E+03
 1.97750000000000E+03, -1.71833828988811E-01,  4.72504250000000E-01, -2.64891070506174E+01,  2.10610000000005E+02,  5.04762192601574E+02,  1.08815791416395E+03
 1.97758333300000E+03,  4.35527291190387E-02,  5.93031000000000E-01, -2.65416678802381E+01,  2.10790000000005E+02,  2.43360349804166E+02,  6.02445576501950E+02
 1.97766666700000E+03,  2.30174990718403E-01,  6.49331750000000E-01, -2.58922205066340E+01,  2.10970000000005E+02,  2.26289262198869E+02,  2.88952776040041E+02
 1.97775000000000E+03,  3.44058574728835E-01,  6.86964750000000E-01, -2.58768163679191E+01,  2.11150000000005E+02,  3.15346172144451E+02,  5.92620314278906E+02
 1.97783333300000E+03,  3.84206166753544E-01,  7.60603000000000E-01, -2.58614745555586E+01,  2.11330000000005E+02,  2.01177328524577E+02,  6.48299342980990E+02
 1.97791666700000E+03,  3.78722168255673E-01,  7.72596250000000E-01, -2.58461928956033E+01,  2.11510000000006E+02,  2.07166357643453E+02,  5.15735760563840E+02
 1.97800000000000E+03,  3.45465439190332E-01,  6.23676250000000E-01, -2.58309692101947E+01,  2.11690000000006E+02,  1.78100916532721E+02,  5.28599378151651E+02
 1.97808333300000E+03,  3.16910940114527E-01,  3.87236500000000E-01, -2.58158013180098E+01,  2.11870000000006E+02,  1.64789921242703E+02,  5.38078973437070E+02
 1.97816666700000E+03,  3.12196709259263E-01,  1.59154250000000E-01, -2.58006870347063E+01,  2.12050000000006E+02,  1.07700340415437E+02,  3.77385014768605E+02
 1.97825000000000E+03,  3.23079115166853E-01,  4.10750000000000E-02, -2.57856241733679E+01,  2.12230000000006E+02,  1.07474172834037E+02,  2.48395196416746E+02
 1.97833333300000E+03,  3.27062198910734E-01, -2.89320000000000E-02, -2.57706105449497E+01,  2.12410000000006E+02,  1.41330206382680E+02,  4.80479341461771E+02
 1.97841666700000E+03,  3.14225451605595E-01, -1.08689000000000E-01, -2.57556439587237E+01,  2.12590000000006E+02,  1.30582691361158E+02,  5.15180185373191E+02
 1.97850000000000E+03,  3.01065535873385E-01, -1.32511250000000E-01, -2.57407222227242E+01,  2.12770000000006E+02,  3.15057506795712E+02,  7.98447679047518E+02
 1.97858333300000E+03,  2.59683346241873E-01, -1.71044000000000E-01, -2.57258431441934E+01,  2.12950000000006E+02,  3.03935090262168E+02,  6.68157755270478E+02
 1.97866666700000E+03,  2.01361380455466E-01, -2.04153500000000E-01, -2.69942482085410E+01,  2.13130000000006E+02,  3.23731381687097E+02,  7.49179374119032E+02
 1.97875000000000E+03,  2.25781381592149E-01, -1.35292000000000E-01, -2.69525701183841E+01,  2.13310000000006E+02,  3.54078337399543E+02,  5.68419709082828E+02
 1.97883333300000E+03,  2.90873875453611E-01, -3.49282500000000E-02, -2.69108944868220E+01,  2.13490000000006E+02,  4.86078613245840E+02,  6.44345123707493E+02
 1.97891666700000E+03,  2.72428795918262E-01,  8.75082500000000E-02, -2.68692245249272E+01,  2.13670000000006E+02,  3.34817862177083E+02,  4.18614528047776E+02
 1.97900000000000E+03,  1.36638867180283E-01,  2.50768750000000E-01, -2.68275634247139E+01,  2.13850000000006E+02,  3.24505647708627E+02,  3.96476280861235E+02
 1.97908333300000E+03, -7.30258808277804E-02,  3.26588250000000E-01, -2.67859143587639E+01,  2.14030000000006E+02,  3.49022617770404E+02,  3.53600967376955E+02
 1.97916666700000E+03, -2.62615625107786E-01,  2.76636250000000E-01, -2.67442804798563E+01,  2.14210000000006E+02,  3.13486791108432E+02,  4.84482815228689E+02
 1.97925000000000E+03, -3.46524329674823E-01,  1.46291500000000E-01, -2.67026649206010E+01,  2.14390000000006E+02,  2.14239794800221E+02,  3.78173903514548E+02
 1.97933333300000E+03, -3.01593225740057E-01,  1.67180000000000E-02, -2.66610707930748E+01,  2.14570000000006E+02,  2.23759797085694E+02,  2.79116144719172E+02
 1.97941666700000E+03, -1.82724794557233E-01,  1.01975000000000E-02, -2.66195011884620E+01,  2.14750000000006E+02,  3.01945940974347E+02,  5.60695307718409E+02
 1.97950000000000E+03, -9.00769973749607E-02,  6.33900000000000E-02, -2.65779591766976E+01,  2.14930000000006E+02,  3.90499513575346E+02,  8.54462512198588E+02
 1.97958333300000E+03, -1.69969983148088E-01,  6.56775000000000E-02, -2.65364478061152E+01,  2.15110000000006E+02,  3.99014138133953E+02,  1.10972514337191E+03
 1.97966666700000E+03, -3.69601672774575E-01,  8.36642500000000E-02, -3.12352416393647E+01,  2.15290000000006E+02,  4.76416795224287E+02,  1.18630425618912E+03
 1.97975000000000E+03, -4.43057879015617E-01,  1.58695000000000E-01, -3.12438881113320E+01,  2.15470000000006E+02,  5.54564490050867E+02,  1.45441689587752E+03
 1.97983333300000E+03, -3.95410587944386E-01,  3.10853500000000E-01, -3.12520742159143E+01,  2.15650000000006E+02,  4.80473520978835E+02,  1.19239969301272E+03
 1.97991666700000E+03, -3.27809969658766E-01,  5.07617000000000E-01, -3.12597998852652E+01,  2.15830000000006E+02,  3.26799540153338E+02,  8.57580357064326E+02
 1.98000000000000E+03, -2.37168705347188E-01,  6.00761750000000E-01, -3.12670650968813E+01,  2.16010000000006E+02,  3.02682628651535E+02,  4.31475322896323E+02
 1.98008333300000E+03, -1.34601804589563E-01,  5.82537500000000E-01, -3.12738698735435E+01,  2.16190000000006E+02,  2.48244906074658E+02,  4.72990801740464E+02
 1.98016666700000E+03, -4.01838210861936E-02,  4.99341000000000E-01, -3.12802142832510E+01,  2.16370000000006E+02,  1.59724173219118E+02,  3.27062361359947E+02
 1.98025000000000E+03,  2.84711852484694E-02,  4.29311250000000E-01, -3.12860984391507E+01,  2.16550000000006E+02,  1.89959312691594E+02,  4.99920599008981E+02
 1.98033333300000E+03,  6.64488341703240E-02,  4.13293250000000E-01, -3.12915224994607E+01,  2.16730000000006E+02,  2.54526477182937E+02,  6.19670604350092E+02
 1.98041666700000E+03,  8.39919145669138E-02,  3.82741250000000E-01, -3.12964866673877E+01,  2.16910000000006E+02,  2.39830541729011E+02,  7.02242720426838E+02
 1.98050000000000E+03,  9.97669531534662E-02,  2.89066000000000E-01, -3.13009911910393E+01,  2.17090000000006E+02,  1.82539013486311E+02,  5.98149205074939E+02
 1.98058333300000E+03,  1.23597184928484E-01,  1.61935000000000E-01, -3.13050363633308E+01,  2.17270000000006E+02,  1.60205760327334E+02,  5.37135721083374E+02
 1.98066666700000E+03,  1.39866539481370E-01,  1.43448750000000E-01, -1.46507791105461E+01,  2.17450000000006E+02,  1.33884050300643E+02,  4.02540620444693E+02
 1.98075000000000E+03,  1.34098893127894E-01,  2.63572500000000E-01, -1.46458240830985E+01,  2.17630000000006E+02,  1.36866062868267E+02,  3.65189639927531E+02
 1.98083333300000E+03,  1.18968737890036E-01,  3.39831250000000E-01, -1.46412077777285E+01,  2.17810000000006E+02,  1.53096869513292E+02,  4.27090636714985E+02
 1.98091666700000E+03,  1.06699450800296E-01,  2.35411500000000E-01, -1.46369320925331E+01,  2.17990000000006E+02,  2.73012966116583E+02,  4.95916473643900E+02
 1.98100000000000E+03,  9.72286614882867E-02,  7.57862500000000E-02, -1.46329988962373E+01,  2.18170000000006E+02,  2.93722711092698E+02,  7.10443961374805E+02
 1.98108333300000E+03,  8.86942477708902E-02,  7.51355000000000E-02, -1.46294100278728E+01,  2.18350000000006E+02,  2.74872762178582E+02,  6.58599834218423E+02
 1.98116666700000E+03,  7.82257106094180E-02,  1.36721000000000E-01, -1.46261672964605E+01,  2.18530000000006E+02,  2.07747206382247E+02,  6.10209025057340E+02
 1.98125000000000E+03,  6.36562411048812E-02,  8.35105000000000E-02, -1.46232724806965E+01,  2.18710000000006E+02,  1.89806893754297E+02,  4.93447255831125E+02
 1.98133333300000E+03,  4.48831117092530E-02, -1.30342500000000E-02, -1.46207273286421E+01,  2.18890000000006E+02,  8.27408828239305E+01,  4.85827208165836E+02
 1.98141666700000E+03,  2.38460536177439E-02, -1.25226000000000E-01, -1.46185335574170E+01,  2.19070000000006E+02,  5.80817030989741E+01,  2.56853962042320E+02
 1.98150000000000E+03,  3.27690597878386E-03, -1.92668500000000E-01, -1.46166928528961E+01,  2.19250000000006E+02,  1.28127087019473E+02,  3.91811698559916E+02
 1.98158333300000E+03,  1.66972065060488E-01, -1.15721000000000E-01, -1.46152068694108E+01,  2.19430000000006E+02,  1.88013916121556E+02,  3.37957578424911E+02
 1.98166666700000E+03,  4.89061224372831E-01, -3.51925000000000E-03, -2.52516425898088E+01,  2.19610000000006E+02,  2.13924592406991E+02,  3.33747369893009E+02
 1.98175000000000E+03,  5.61136656481181E-01,  3.97500000000000E-02, -2.52126606555844E+01,  2.19790000000006E+02,  2.13743898827624E+02,  2.44049158390888E+02
 1.98183333300000E+03,  3.96760108913762E-01,  8.79535000000000E-02, -2.51737973310030E+01,  2.19970000000006E+02,  3.89119314895500E+02,  7.45986910593693E+02
 1.98191666700000E+03,  2.52953536068361E-01,  1.21497000000000E-01, -2.51350547258197E+01,  2.20150000000006E+02,  3.18304495266994E+02,  6.65031315965621E+02
 1.98200000000000E+03,  1.97593084378702E-01,  5.18835000000000E-02, -2.50964349183048E+01,  2.20330000000006E+02,  2.62183010339375E+02,  7.87374950363545E+02
 1.98208333300000E+03,  2.46955629900181E-01,  5.60252500000000E-02, -2.50579399550511E+01,  2.20510000000006E+02,  3.15405034823679E+02,  8.07888641999171E+02
 1.98216666700000E+03,  3.56248355559240E-01,  2.41121250000000E-01, -2.50195718507863E+01,  2.20690000000006E+02,  3.76135463819650E+02,  9.57004542855004E+02
 1.98225000000000E+03,  4.43852190933190E-01,  4.51984250000000E-01, -2.49813325881909E+01,  2.20870000000006E+02,  2.54666169557705E+02,  7.11908400768795E+02
 1.98233333300000E+03,  4.35110997419464E-01,  6.12303750000000E-01, -2.49432241177202E+01,  2.21050000000006E+02,  2.64454969238902E+02,  7.47002858215284E+02
 1.98241666700000E+03,  3.01622983458114E-01,  6.28863500000000E-01, -2.49052483574322E+01,  2.21230000000006E+02,  2.54578888293373E+02,  7.09265537228164E+02
 1.98250000000000E+03,  7.56298903870669E-02,  4.95916000000000E-01, -2.48674071928196E+01,  2.21410000000006E+02,  2.44221136415533E+02,  7.44823299730136E+02
 1.98258333300000E+03, -8.27968540333408E-02,  4.65123000000000E-01, -2.48297024766480E+01,  2.21590000000006E+02,  1.86079951550344E+02,  6.00442114118984E+02
 1.98266666700000E+03, -7.47912694292370E-02,  6.53254500000000E-01, -1.46345842534668E+01,  2.21770000000006E+02,  1.33464999610281E+02,  2.97411894480146E+02
 1.98275000000000E+03, -2.94459106142144E-02,  8.43678500000000E-01, -1.46308527289139E+01,  2.21950000000006E+02,  1.34352517169663E+02,  3.16612549452107E+02
 1.98283333300000E+03, -1.06646902911935E-02,  8.35459250000000E-01, -1.46274665966513E+01,  2.22130000000006E+02,  2.75128988582346E+02,  3.25763308990276E+02
 1.98291666700000E+03,  9.89331787433973E-03,  8.08779750000000E-01, -1.46244276479571E+01,  2.22310000000006E+02,  2.16705647575520E+02,  2.79358540594332E+02
 1.98300000000000E+03,  2.08115636946654E-02,  8.35224750000000E-01, -1.46217376436024E+01,  2.22490000000006E+02,  3.06806851644193E+02,  5.41419620962459E+02
 1.98308333300000E+03,  1.68904048551698E-02,  7.54887750000000E-01, -1.46193983135433E+01,  2.22670000000006E+02,  3.17379493095581E+02,  7.38092141095318E+02
 1.98316666700000E+03,  1.59124562162854E-03,  5.77048750000000E-01, -1.46174113566157E+01,  2.22850000000006E+02,  4.46674416033260E+02,  7.58654277285802E+02
 1.98325000000000E+03, -1.48570749324707E-02,  4.20989250000000E-01, -1.46157784402356E+01,  2.23030000000006E+02,  3.39714875352128E+02,  7.80756511614613E+02
 1.98333333300000E+03, -2.08950733007329E-02,  3.20788500000000E-01, -1.46145012001014E+01,  2.23210000000006E+02,  3.21922159628268E+02,  7.93625307054769E+02
 1.98341666700000E+03, -9.95527122911916E-03,  1.38411250000000E-01, -1.46135812399007E+01,  2.23390000000006E+02,  2.19266347884548E+02,  5.42736089878364E+02
 1.98350000000000E+03,  1.57767742552382E-02, -8.57040000000000E-02, -1.46130201310218E+01,  2.23570000000006E+02,  2.34156457965428E+02,  3.61902994453578E+02
 1.98358333300000E+03, -1.32892228725079E-02, -2.39305250000000E-01, -1.46128194122673E+01,  2.23750000000006E+02,  1.30002821011367E+02,  2.80877374226390E+02
 1.98366666700000E+03, -1.28947582821286E-01, -4.36594250000000E-01, -2.13417870366248E+01,  2.23930000000006E+02,  1.47731568992269E+02,  2.27244939810835E+02
 1.98375000000000E+03, -2.34318690217453E-01, -6.42015500000000E-01, -2.13252447188778E+01,  2.24110000000006E+02,  2.08238574244009E+02,  2.02474423946264E+02
 1.98383333300000E+03, -2.99623011603065E-01, -6.81619500000000E-01, -2.13087978222582E+01,  2.24290000000006E+02,  2.17541971551384E+02,  3.00876904851620E+02
 1.98391666700000E+03, -3.53819191069064E-01, -6.04206000000000E-01, -2.12924443974302E+01,  2.24470000000006E+02,  1.92583183919717E+02,  4.54176401300238E+02
 1.98400000000000E+03, -3.90750269896084E-01, -5.73330500000000E-01, -2.12761824843381E+01,  2.24650000000006E+02,  1.59691925272659E+02,  4.49861219007470E+02
 1.98408333300000E+03, -4.07503831204055E-01, -6.15867250000000E-01, -2.12600101126046E+01,  2.24830000000006E+02,  1.84265144310712E+02,  6.73926882964685E+02
 1.98416666700000E+03, -4.04073237833254E-01, -6.81941500000000E-01, -2.12439253019310E+01,  2.25010000000006E+02,  2.96243287530029E+02,  8.49269785287674E+02
 1.98425000000000E+03, -3.81888799248625E-01, -7.36608500000000E-01, -2.12279260624984E+01,  2.25190000000006E+02,  3.45109229065302E+02,  9.82720630955882E+02
 1.98433333300000E+03, -3.42479632292625E-01, -7.28351250000000E-01, -2.12120103953698E+01,  2.25370000000006E+02,  4.08536251241076E+02,  1.13539393945732E+03
 1.98441666700000E+03, -2.87306925436174E-01, -5.96878500000000E-01, -2.11961762928942E+01,  2.25550000000006E+02,  4.31939738636092E+02,  1.09739771296651E+03
 1.98450000000000E+03, -2.18644868993200E-01, -4.26401250000000E-01, -2.11804217391105E+01,  2.25730000000006E+02,  6.88092158192563E+02,  1.11934744878039E+03
 1.98458333300000E+03, -3.39103746494937E-02, -3.09404500000000E-01, -2.11647447101536E+01,  2.25910000000006E+02,  5.48573460222752E+02,  9.43824913422696E+02
 1.98466666700000E+03,  2.16509341652584E-01, -2.98621000000000E-01, -1.39530841632835E+01,  2.26090000000006E+02,  5.00062852936544E+02,  7.14689558404793E+02
 1.98475000000000E+03,  2.70268593739489E-01, -4.90795000000000E-01, -1.39310383194092E+01,  2.26270000000006E+02,  4.23027883582974E+02,  4.56807620919310E+02
 1.98483333300000E+03,  1.75958989877404E-01, -7.57119000000000E-01, -1.39088916117197E+01,  2.26450000000006E+02,  4.87296998825017E+02,  4.95145074451788E+02
 1.98491666700000E+03,  9.88463004472981E-02, -7.81570750000000E-01, -1.38866445742308E+01,  2.26630000000006E+02,  1.62280333336011E+02,  2.16321695183825E+02
 1.98500000000000E+03,  5.37527059700036E-02, -5.84493250000000E-01, -1.38642977712261E+01,  2.26810000000006E+02,  1.95876520282569E+02,  2.28673445488236E+02
 1.98508333300000E+03,  4.86506340958027E-02, -5.55935500000000E-01, -1.38418517972383E+01,  2.26990000000006E+02,  1.98730998637930E+02,  3.94930982631290E+02
 1.98516666700000E+03,  8.32762223839557E-02, -6.79822250000000E-01, -1.38193072770268E+01,  2.27170000000006E+02,  3.88958741985814E+02,  8.50618216081099E+02
 1.98525000000000E+03,  1.49991119131416E-01, -7.14733750000000E-01, -1.37966648655503E+01,  2.27350000000006E+02,  3.08263450629504E+02,  8.88760409855650E+02
 1.98533333300000E+03,  2.35856229177606E-01, -6.68794000000000E-01, -1.37739252479348E+01,  2.27530000000006E+02,  4.61461136265287E+02,  1.00352526881374E+03
 1.98541666700000E+03,  3.24822738597748E-01, -5.32924250000000E-01, -1.37510891394370E+01,  2.27710000000006E+02,  4.66270947256399E+02,  1.05939463677913E+03
 1.98550000000000E+03,  3.99822574760151E-01, -3.11777250000000E-01, -1.37281572854031E+01,  2.27890000000006E+02,  4.53614284122570E+02,  8.85643271910376E+02
 1.98558333300000E+03,  3.54719544157816E-01, -1.49567750000000E-01, -1.37051304612228E+01,  2.28070000000006E+02,  3.35090062683231E+02,  4.00889598103431E+02
 1.98566666700000E+03,  1.61878271005243E-01, -1.10219000000000E-01, -1.65304626113480E+01,  2.28250000000006E+02,  4.67021161297389E+02,  4.59898947715652E+02
 1.98575000000000E+03, -7.31351838373447E-03, -8.87570000000000E-02, -1.65043828953669E+01,  2.28430000000006E+02,  6.69818404880764E+02,  5.46943813137250E+02
 1.98583333300000E+03, -1.06778536373452E-01, -2.65457500000000E-02, -1.64783593632949E+01,  2.28610000000006E+02,  6.01102313023289E+02,  4.44497540496847E+02
 1.98591666700000E+03, -1.80198527166622E-01, -4.34492500000000E-02, -1.64523948128699E+01,  2.28790000000006E+02,  6.11273844696662E+02,  4.31557692491354E+02
 1.98600000000000E+03, -2.09468671735055E-01, -1.54971500000000E-01, -1.64264920545189E+01,  2.28970000000006E+02,  5.66811680976493E+02,  5.11722269236266E+02
 1.98608333300000E+03, -1.88761378269913E-01, -2.15825000000000E-01, -1.64006539109732E+01,  2.29150000000006E+02,  4.54484239818664E+02,  4.73802083021671E+02
 1.98616666700000E+03, -1.25919252891726E-01, -2.16047000000000E-01, -1.63748832168811E+01,  2.29330000000006E+02,  1.02565924077123E+02,  2.94421216751069E+02
 1.98625000000000E+03, -3.95910146195441E-02, -1.81186250000000E-01, -1.63491828184177E+01,  2.29510000000006E+02,  1.58374579672284E+02,  3.81182690802796E+02
 1.98633333300000E+03,  4.62466614260197E-02, -6.31585000000000E-02, -1.63235555728931E+01,  2.29690000000006E+02,  3.01253513917457E+02,  4.60764842313476E+02
 1.98641666700000E+03,  1.08233968135248E-01,  1.38069250000000E-01, -1.62980043483580E+01,  2.29870000000006E+02,  2.83389312495067E+02,  3.45355423709195E+02
 1.98650000000000E+03,  1.28640149890441E-01,  3.32770750000000E-01, -1.62725320232076E+01,  2.30050000000006E+02,  3.01882379047683E+02,  3.02176252494250E+02
 1.98658333300000E+03,  1.62932623929008E-01,  5.09012000000000E-01, -1.62471414857823E+01,  2.30230000000006E+02,  3.41141533987844E+02,  2.48065399764163E+02
 1.98666666700000E+03,  2.87767593280690E-01,  6.55423000000000E-01, -2.48961883302405E+01,  2.30410000000006E+02,  3.80919016093125E+02,  5.00951112880882E+02
 1.98675000000000E+03,  4.36995486966368E-01,  7.37404250000000E-01, -2.49319631025157E+01,  2.30590000000006E+02,  2.60883896043184E+02,  4.70747614446420E+02
 1.98683333300000E+03,  5.02631225360330E-01,  7.60828500000000E-01, -2.49673886323864E+01,  2.30770000000006E+02,  2.45514312044440E+02,  4.75861986127863E+02
 1.98691666700000E+03,  4.72808241117994E-01,  7.35754500000000E-01, -2.50024621716980E+01,  2.30950000000006E+02,  2.06595500063634E+02,  4.17438111453169E+02
 1.98700000000000E+03,  3.93363633736493E-01,  7.53609250000000E-01, -2.50371810071782E+01,  2.31130000000006E+02,  1.89280518104304E+02,  5.02938180929492E+02
 1.98708333300000E+03,  3.24423920500143E-01,  8.38344750000000E-01, -2.50715424607129E+01,  2.31310000000006E+02,  1.84015290764310E+02,  3.69533778204389E+02
 1.98716666700000E+03,  3.13169178025618E-01,  8.32140500000000E-01, -2.51055438896184E+01,  2.31490000000006E+02,  2.60884853755042E+02,  7.30606312415069E+02
 1.98725000000000E+03,  3.75530666243834E-01,  7.06318750000000E-01, -2.51391826869086E+01,  2.31670000000006E+02,  2.80705044531564E+02,  7.36337802907244E+02
 1.98733333300000E+03,  4.93033765188438E-01,  7.04178750000000E-01, -2.51724562815584E+01,  2.31850000000006E+02,  2.73658791765894E+02,  7.24326736484961E+02
 1.98741666700000E+03,  6.23839233703407E-01,  8.21999000000000E-01, -2.52053621387623E+01,  2.32030000000006E+02,  2.47638556344677E+02,  6.73290663630945E+02
 1.98750000000000E+03,  7.21824971780682E-01,  8.71774000000000E-01, -2.52378977601884E+01,  2.32210000000006E+02,  1.70672000111686E+02,  5.10121366220717E+02
 1.98758333300000E+03,  7.19361175600017E-01,  9.18776500000000E-01, -2.52700606842283E+01,  2.32390000000006E+02,  1.05509229041469E+02,  1.45084009562999E+02
 1.98766666700000E+03,  6.50700802700002E-01,  1.01429325000000E+00, -2.05621331863241E+01,  2.32570000000006E+02,  8.23786894027262E+01,  1.63922376624515E+02
 1.98775000000000E+03,  6.56018412890875E-01,  1.09901750000000E+00, -2.05233562032378E+01,  2.32750000000006E+02,  8.37031197544922E+01,  2.41534026912274E+02
 1.98783333300000E+03,  7.14858192360950E-01,  1.12351000000000E+00, -2.04846869747292E+01,  2.32930000000006E+02,  1.96922046701307E+02,  5.54511625615002E+02
 1.98791666700000E+03,  7.11997027553011E-01,  1.02250550000000E+00, -2.04461276185341E+01,  2.33110000000006E+02,  3.28602275728129E+02,  6.29825061550802E+02
 1.98800000000000E+03,  6.03097549060642E-01,  7.88830750000000E-01, -2.04076802234303E+01,  2.33290000000006E+02,  4.16543578614962E+02,  6.86008569998726E+02
 1.98808333300000E+03,  4.00090031937395E-01,  5.39710500000000E-01, -2.03693468490429E+01,  2.33470000000006E+02,  5.93198449786288E+02,  8.60611558806821E+02
 1.98816666700000E+03,  1.64745175588868E-01,  2.73338750000000E-01, -2.03311295256554E+01,  2.33650000000006E+02,  6.11888861215766E+02,  8.45168948029242E+02
 1.98825000000000E+03, -2.40541252403816E-02, -1.06753500000000E-01, -2.02930302540243E+01,  2.33830000000006E+02,  5.06654072494309E+02,  7.06023602427952E+02
 1.98833333300000E+03, -1.11323360309559E-01, -4.44273750000000E-01, -2.02550510051988E+01,  2.34010000000006E+02,  3.96831008301084E+02,  7.03661687420833E+02
 1.98841666700000E+03, -9.36285232496087E-02, -6.27488500000000E-01, -2.02171937203442E+01,  2.34190000000006E+02,  2.74829243129369E+02,  6.59608869818645E+02
 1.98850000000000E+03, -1.92977598664252E-02, -7.10131000000000E-01, -2.01794603105711E+01,  2.34370000000006E+02,  1.04017941970757E+02,  5.22701961830135E+02
 1.98858333300000E+03, -2.07805956401371E-01, -7.46424250000000E-01, -2.01418526567676E+01,  2.34550000000006E+02,  8.97432441967580E+01,  4.91421404027921E+02
 1.98866666700000E+03, -7.11693123776150E-01, -9.44908250000000E-01, -6.82165186272901E+00,  2.34730000000006E+02,  1.31779196926778E+02,  2.99072564288128E+02
 1.98875000000000E+03, -1.02505643441593E+00, -1.29188325000000E+00, -6.80611725119474E+00,  2.34910000000006E+02,  1.29490533335792E+02,  2.06651747831693E+02
 1.98883333300000E+03, -1.08992464060100E+00, -1.47054250000000E+00, -6.79066454371732E+00,  2.35090000000006E+02,  1.76437957735012E+02,  4.90043375387937E+02
 1.98891666700000E+03, -1.11594980391836E+00, -1.47649750000000E+00, -6.77529202017511E+00,  2.35270000000006E+02,  1.82838480312750E+02,  4.24336855357649E+02
 1.98900000000000E+03, -1.09655273272652E+00, -1.43548250000000E+00, -6.75999795247738E+00,  2.35450000000006E+02,  1.79353515193606E+02,  3.99071171692232E+02
 1.98908333300000E+03, -1.03843533494177E+00, -1.32363250000000E+00, -6.74478060488281E+00,  2.35630000000006E+02,  1.61723735406780E+02,  3.81114880588216E+02
 1.98916666700000E+03, -9.58789562961739E-01, -1.13403950000000E+00, -6.72963823431885E+00,  2.35810000000006E+02,  1.46725607999653E+02,  5.30982834080306E+02
 1.98925000000000E+03, -8.77303423590924E-01, -8.92176500000000E-01, -6.71456909070192E+00,  2.35990000000006E+02,  9.47278424659545E+01,  2.19431144963200E+02
 1.98933333300000E+03, -8.07545646488955E-01, -7.20153750000000E-01, -6.69957141725827E+00,  2.36170000000006E+02,  9.98129056979415E+01,  2.17650987255542E+02
 1.98941666700000E+03, -7.52424901124034E-01, -6.16146250000000E-01, -6.68464345084575E+00,  2.36350000000006E+02,  1.03908675720475E+02,  2.83549218485130E+02
 1.98950000000000E+03, -7.05673621660524E-01, -4.87946750000000E-01, -6.66978342227606E+00,  2.36530000000006E+02,  8.86118597615793E+01,  2.91694409709476E+02
 1.98958333300000E+03, -4.47544887483249E-01, -3.62297250000000E-01, -6.65498955663773E+00,  2.36710000000006E+02,  7.26707487068311E+01,  2.05455534372185E+02
 1.98966666700000E+03,  1.34017750908689E-02, -2.53011250000000E-01, -4.97441277951226E+00,  2.36890000000006E+02,  7.47519438392176E+01,  1.72526147729979E+02
 1.98975000000000E+03,  2.41388418762870E-01, -1.84450500000000E-01, -4.97196234613496E+00,  2.37070000000006E+02,  8.65355049365425E+01,  2.40448196590465E+02
 1.98983333300000E+03,  2.47332914325759E-01, -5.75465000000000E-02, -4.96984221943639E+00,  2.37250000000006E+02,  8.35715704812774E+01,  2.55563531328898E+02
 1.98991666700000E+03,  2.54461700505351E-01,  1.71600000000000E-01, -4.96805393453745E+00,  2.37430000000006E+02,  6.17905777797791E+01,  2.49511194551681E+02
 1.99000000000000E+03,  2.61971178790872E-01,  3.53145250000000E-01, -4.96659899869005E+00,  2.37610000000006E+02,  2.61063170956655E+02,  4.30917127542795E+02
 1.99008333300000E+03,  2.67599187795462E-01,  4.54135250000000E-01, -4.96547889102420E+00,  2.37790000000007E+02,  2.67154489696179E+02,  5.12477284689715E+02
 1.99016666700000E+03,  2.68406985620996E-01,  4.73258250000000E-01, -4.96469506229832E+00,  2.37970000000007E+02,  2.39087654296888E+02,  4.65596985409445E+02
 1.99025000000000E+03,  2.62453198273934E-01,  4.05396500000000E-01, -4.96424893465279E+00,  2.38150000000007E+02,  2.32131608734337E+02,  4.19440822866537E+02
 1.99033333300000E+03,  2.50093213263576E-01,  3.19811000000000E-01, -4.96414190136675E+00,  2.38330000000007E+02,  2.61627012153919E+02,  4.93967237932848E+02
 1.99041666700000E+03,  2.33880717814354E-01,  3.10151250000000E-01, -4.96437532661812E+00,  2.38510000000007E+02,  2.00749107244688E+02,  4.27189034281800E+02
 1.99050000000000E+03,  2.17232286739533E-01,  4.14234000000000E-01, -4.96495054524707E+00,  2.38690000000007E+02,  2.43501483698191E+02,  4.53497378646002E+02
 1.99058333300000E+03,  2.36584704571457E-01,  4.96508500000000E-01, -4.96586886252270E+00,  2.38870000000007E+02,  2.70799604095709E+02,  4.48346354666566E+02
 1.99066666700000E+03,  3.06276158105256E-01,  5.12833750000000E-01, -1.67868181539738E+01,  2.39050000000007E+02,  3.17748151392141E+02,  6.76074949100411E+02
 1.99075000000000E+03,  3.71965377337790E-01,  5.37649000000000E-01, -1.67937614510735E+01,  2.39230000000007E+02,  3.71386222621061E+02,  7.85486761760572E+02
 1.99083333300000E+03,  4.20136648284737E-01,  5.97233250000000E-01, -1.68002851111329E+01,  2.39410000000007E+02,  2.62479921374210E+02,  6.41288515554972E+02
 1.99091666700000E+03,  4.70932795152511E-01,  7.11422250000000E-01, -1.68063891916783E+01,  2.39590000000007E+02,  2.07982133829136E+02,  5.37253320079495E+02
 1.99100000000000E+03,  5.22972178168917E-01,  7.48879750000000E-01, -1.68120737877413E+01,  2.39770000000007E+02,  2.92841705380883E+02,  6.95764877680825E+02
 1.99108333300000E+03,  5.73306654931855E-01,  6.43232500000000E-01, -1.68173390317980E+01,  2.39950000000007E+02,  2.84589780493811E+02,  4.41053952967117E+02
 1.99116666700000E+03,  6.18201675221464E-01,  5.72083000000000E-01, -1.68221850937041E+01,  2.40130000000007E+02,  2.86186668903712E+02,  4.52921726427846E+02
 1.99125000000000E+03,  6.54828882220918E-01,  6.10106000000000E-01, -1.68266121806264E+01,  2.40310000000007E+02,  2.91305200587261E+02,  4.85097314550870E+02
 1.99133333300000E+03,  6.82602095519990E-01,  6.63808500000000E-01, -1.68306205369687E+01,  2.40490000000007E+02,  3.05954315349461E+02,  4.85346060977217E+02
 1.99141666700000E+03,  7.03128985499980E-01,  6.87446750000000E-01, -1.68342104442952E+01,  2.40670000000007E+02,  3.00002229977577E+02,  4.81907652615197E+02
 1.99150000000000E+03,  7.18933801484557E-01,  6.86443750000000E-01, -1.68373822212482E+01,  2.40850000000007E+02,  2.74531554680960E+02,  5.81042423132778E+02
 1.99158333300000E+03,  6.72686953630501E-01,  6.41634750000000E-01, -1.68401362234624E+01,  2.41030000000007E+02,  2.24363734644257E+02,  4.56678986287987E+02
 1.99166666700000E+03,  5.69934433802894E-01,  6.48658250000000E-01, -1.68155887616617E+01,  2.41210000000007E+02,  2.20132147572764E+02,  3.70783155226450E+02
 1.99175000000000E+03,  5.34715147352052E-01,  7.82012250000000E-01, -1.68205778989129E+01,  2.41390000000007E+02,  4.29140195551053E+02,  7.03221249999565E+02
 1.99183333300000E+03,  5.63693985828191E-01,  8.84656250000000E-01, -1.68251479862694E+01,  2.41570000000007E+02,  3.47414649026827E+02,  6.28587522844581E+02
 1.99191666700000E+03,  5.93753872340062E-01,  8.82069750000000E-01, -1.68292992554321E+01,  2.41750000000007E+02,  3.77288338430575E+02,  5.33768042880714E+02
 1.99200000000000E+03,  6.24232714044711E-01,  8.58955000000000E-01, -1.68330319752886E+01,  2.41930000000007E+02,  3.44294900762262E+02,  4.60979959099571E+02
 1.99208333300000E+03,  6.52776900660489E-01,  8.90205500000000E-01, -1.68363464518331E+01,  2.42110000000007E+02,  3.35750539504839E+02,  6.55089552027837E+02
 1.99216666700000E+03,  6.76121946075237E-01,  9.13825750000000E-01, -1.68392430280824E+01,  2.42290000000007E+02,  1.09789074089995E+02,  4.02980420520278E+02
 1.99225000000000E+03,  6.91791684166988E-01,  8.68206250000000E-01, -1.68417220839862E+01,  2.42470000000007E+02,  1.05172853744561E+02,  3.37816442192875E+02
 1.99233333300000E+03,  6.99444828303259E-01,  7.51123500000000E-01, -1.68437840363354E+01,  2.42650000000007E+02,  7.88160289291415E+01,  3.27776516351210E+02
 1.99241666700000E+03,  7.00839510166696E-01,  6.02073250000000E-01, -1.68454293386640E+01,  2.42830000000007E+02,  1.36685112717478E+02,  3.51364152947550E+02
 1.99250000000000E+03,  6.98569854378427E-01,  4.91078000000000E-01, -1.68466584811490E+01,  2.43010000000007E+02,  1.29014798896160E+02,  2.00801416719370E+02
 1.99258333300000E+03,  7.12436690060771E-01,  3.83979750000000E-01, -1.68474719905039E+01,  2.43190000000007E+02,  1.35705574953698E+02,  1.15320028522633E+02
 1.99266666700000E+03,  7.07469350740497E-01,  2.84653000000000E-01, -9.80855939937538E+00,  2.43370000000007E+02,  1.63506021199796E+02,  1.27087673892439E+02
 1.99275000000000E+03,  5.95178550296808E-01,  2.34201750000000E-01, -9.77388112547892E+00,  2.43550000000007E+02,  1.56027621510056E+02,  1.55033501118485E+02
 1.99283333300000E+03,  3.95326204070096E-01,  2.79365500000000E-01, -9.73904111696578E+00,  2.43730000000007E+02,  1.78729248330508E+02,  1.81687549520175E+02
 1.99291666700000E+03,  1.98400671865394E-01,  4.23291250000000E-01, -9.70404237414671E+00,  2.43910000000007E+02,  1.71848224381628E+02,  1.34154331818942E+02
 1.99300000000000E+03,  6.59073578156671E-02,  5.34863750000000E-01, -9.66888790048945E+00,  2.44090000000007E+02,  2.37243304339788E+02,  2.22943260022876E+02
 1.99308333300000E+03,  2.78077222931486E-02,  5.18737000000000E-01, -9.63358070227261E+00,  2.44270000000007E+02,  1.91815735217674E+02,  2.47822394275875E+02
 1.99316666700000E+03,  6.90951951954710E-02,  5.05768250000000E-01, -9.59812378823996E+00,  2.44450000000007E+02,  1.85870162233966E+02,  2.12511252941629E+02
 1.99325000000000E+03,  1.37368070561520E-01,  5.72219000000000E-01, -9.56252016925482E+00,  2.44630000000007E+02,  1.90002663523757E+02,  2.62452418442352E+02
 1.99333333300000E+03,  1.68114110101955E-01,  5.94713750000000E-01, -9.52677285795487E+00,  2.44810000000007E+02,  2.61099488430225E+02,  4.45872634919373E+02
 1.99341666700000E+03,  1.15982855139580E-01,  5.64448750000000E-01, -9.49088486840708E+00,  2.44990000000007E+02,  1.92328494695202E+02,  4.24956249348643E+02
 1.99350000000000E+03, -2.25406104349558E-02,  5.37021000000000E-01, -9.45485921576320E+00,  2.45170000000007E+02,  2.28862805800663E+02,  3.61635694656259E+02
 1.99358333300000E+03,  1.21373047797834E-01,  5.32823000000000E-01, -9.41869891591556E+00,  2.45350000000007E+02,  2.90565753658967E+02,  4.90510827464868E+02
 1.99366666700000E+03,  6.64783069649095E-01,  5.38853500000000E-01, -7.77121538341762E+00,  2.45530000000007E+02,  2.31316088334791E+02,  4.19600894506775E+02
 1.99375000000000E+03,  1.02625841495808E+00,  5.35849250000000E-01, -7.81944184006948E+00,  2.45710000000007E+02,  1.55822925215573E+02,  2.60347794637342E+02
 1.99383333300000E+03,  1.07563521056549E+00,  5.36538250000000E-01, -7.86754627580243E+00,  2.45890000000007E+02,  1.70821929672046E+02,  2.05536757457991E+02
 1.99391666700000E+03,  9.82559674062684E-01,  4.72371750000000E-01, -7.91552505027552E+00,  2.46070000000007E+02,  1.29770107315364E+02,  2.15070442136696E+02
 1.99400000000000E+03,  7.38110016499766E-01,  3.04305000000000E-01, -7.96337453305830E+00,  2.46250000000007E+02,  1.01649072477326E+02,  1.35096837062869E+02
 1.99408333300000E+03,  4.52206783564973E-01,  1.64131000000000E-01, -8.01109110399260E+00,  2.46430000000007E+02,  8.03376171985463E+01,  1.11625361418580E+02
 1.99416666700000E+03,  2.66910050857986E-01,  1.96443500000000E-01, -8.05867115355341E+00,  2.46610000000007E+02,  7.18025194588405E+01,  1.38673052622172E+02
 1.99425000000000E+03,  2.46313367308421E-01,  3.08901000000000E-01, -8.10611108320839E+00,  2.46790000000007E+02,  5.77614819316534E+01,  1.77137280581707E+02
 1.99433333300000E+03,  3.30852532177660E-01,  3.92455500000000E-01, -8.15340730577630E+00,  2.46970000000007E+02,  6.54483237311509E+01,  1.64363843228126E+02
 1.99441666700000E+03,  3.89330569758941E-01,  5.32808250000000E-01, -8.20055624578406E+00,  2.47150000000007E+02,  4.37196648516431E+01,  1.31584754049809E+02
 1.99450000000000E+03,  3.23814418877999E-01,  7.51433250000000E-01, -8.24755433982266E+00,  2.47330000000007E+02,  7.39640582924452E+01,  2.20104420985505E+02
 1.99458333300000E+03,  4.75422958253138E-01,  8.75617250000000E-01, -8.29439803690157E+00,  2.47510000000007E+02,  9.61566716024650E+01,  1.73044474924423E+02
 1.99466666700000E+03,  9.57258698404262E-01,  8.73005750000000E-01, -2.74025199350972E+00,  2.47690000000007E+02,  1.51826626180108E+02,  1.78756997037393E+02
 1.99475000000000E+03,  1.17928858673211E+00,  9.43865750000000E-01, -2.72023056323749E+00,  2.47870000000007E+02,  1.48973120608860E+02,  1.79100683692239E+02
 1.99483333300000E+03,  1.09860870455307E+00,  1.04356700000000E+00, -2.70034732057741E+00,  2.48050000000007E+02,  1.35780663581593E+02,  1.92307274797583E+02
 1.99491666700000E+03,  1.01887377773473E+00,  1.05159000000000E+00, -2.68060119849801E+00,  2.48230000000007E+02,  1.43413353332161E+02,  1.71435603584657E+02
 1.99500000000000E+03,  9.51276902637517E-01,  1.01606475000000E+00, -2.66099111123891E+00,  2.48410000000007E+02,  1.25571196764436E+02,  1.75633416659594E+02
 1.99508333300000E+03,  8.87502696461186E-01,  9.54712500000000E-01, -2.64151595453765E+00,  2.48590000000007E+02,  7.81987042153223E+01,  1.57083328162337E+02
 1.99516666700000E+03,  8.13035190694166E-01,  8.44246250000000E-01, -2.62217460585888E+00,  2.48770000000007E+02,  1.12046913772367E+02,  4.03541111882455E+02
 1.99525000000000E+03,  7.25039902877011E-01,  6.92946500000000E-01, -2.60296592462571E+00,  2.48950000000007E+02,  1.74555154083894E+02,  4.56427279596373E+02
 1.99533333300000E+03,  6.39531661056549E-01,  5.93758750000000E-01, -2.58388875245340E+00,  2.49130000000007E+02,  1.49781195312169E+02,  3.96118807770464E+02
 1.99541666700000E+03,  5.81692535420018E-01,  5.32676250000000E-01, -2.56494191338513E+00,  2.49310000000007E+02,  1.43804793000752E+02,  4.36573637191242E+02
 1.99550000000000E+03,  5.67107528991015E-01,  4.08056000000000E-01, -2.54612421413008E+00,  2.49490000000007E+02,  1.77688558715637E+02,  4.12284621510932E+02
 1.99558333300000E+03,  5.00167010274965E-01,  2.49230500000000E-01, -2.52743444430353E+00,  2.49670000000007E+02,  2.36874849113838E+02,  3.53756337382040E+02
 1.99566666700000E+03,  3.65012643034338E-01,  8.54085000000000E-02, -4.77471244494334E-01,  2.49850000000007E+02,  2.74513112251426E+02,  4.51739547103201E+02
 1.99575000000000E+03,  3.26620488630929E-01, -6.80235000000000E-02, -4.93094773836344E-01,  2.50030000000007E+02,  2.55116899356634E+02,  4.88952018064771E+02
 1.99583333300000E+03,  3.69855790263685E-01, -1.32597500000000E-01, -5.09075387646354E-01,  2.50210000000007E+02,  2.61543032568156E+02,  5.21168604434373E+02
 1.99591666700000E+03,  3.96537529587508E-01, -1.50744250000000E-01, -5.25412943045930E-01,  2.50390000000007E+02,  2.33504022753481E+02,  6.17947164936495E+02
 1.99600000000000E+03,  4.05469857484520E-01, -2.06338750000000E-01, -5.42107263248892E-01,  2.50570000000007E+02,  1.45216744035610E+02,  5.02790533653231E+02
 1.99608333300000E+03,  3.96297087975791E-01, -2.20940250000000E-01, -5.59158137510643E-01,  2.50750000000007E+02,  5.05194817171946E+01,  5.37072102265068E+02
 1.99616666700000E+03,  3.70486695343130E-01, -1.50332500000000E-01, -5.76565321081403E-01,  2.50930000000007E+02,  9.42496224785427E+01,  5.60379554182539E+02
 1.99625000000000E+03,  3.32812192055935E-01, -1.04519500000000E-01, -5.94328535163397E-01,  2.51110000000007E+02,  1.08744854907137E+02,  4.99660559497648E+02
 1.99633333300000E+03,  2.92022674753144E-01, -6.12865000000000E-02, -6.12447466871961E-01,  2.51290000000007E+02,  1.03349586697779E+02,  5.64664522954314E+02
 1.99641666700000E+03,  2.59701244051042E-01,  1.40962500000000E-02, -6.30921769200633E-01,  2.51470000000007E+02,  1.38090960355885E+02,  5.90158766683226E+02
 1.99650000000000E+03,  2.47580972520012E-01, -4.78200000000000E-03, -6.49751060990157E-01,  2.51650000000007E+02,  1.45512520510084E+02,  5.05954816032151E+02
 1.99658333300000E+03,  3.55557609397668E-01, -6.43750000000000E-02, -6.68934926901485E-01,  2.51830000000007E+02,  1.07240160225087E+02,  4.51215470386994E+02
 1.99666666700000E+03,  5.54826357822096E-01, -5.77500000000000E-02, -1.19836941798580E+01,  2.52010000000007E+02,  1.16425158181041E+02,  5.03364994285516E+02
 1.99675000000000E+03,  6.23992461355748E-01, -7.07500000000000E-03, -1.19778954176349E+01,  2.52190000000007E+02,  1.56345899199470E+02,  4.26419282038881E+02
 1.99683333300000E+03,  5.82299001800297E-01,  7.03057500000000E-02, -1.19717084793348E+01,  2.52370000000007E+02,  1.83532868920952E+02,  5.41586561710189E+02
 1.99691666700000E+03,  5.47607191627271E-01,  1.54207250000000E-01, -1.19651344846953E+01,  2.52550000000007E+02,  1.85743225026400E+02,  4.60187592226896E+02
 1.99700000000000E+03,  5.19727130846654E-01,  2.13427000000000E-01, -1.19581745850730E+01,  2.52730000000007E+02,  2.15797707436064E+02,  5.84871258557961E+02
 1.99708333300000E+03,  4.96439417866756E-01,  2.43648250000000E-01, -1.19508299632719E+01,  2.52910000000007E+02,  2.46846679332813E+02,  6.05272211411766E+02
 1.99716666700000E+03,  4.74294892722448E-01,  3.55451250000000E-01, -1.19431018333685E+01,  2.53090000000007E+02,  1.98411374293461E+02,  5.23495809239554E+02
 1.99725000000000E+03,  4.50376593536115E-01,  5.75789000000000E-01, -1.19349914405339E+01,  2.53270000000007E+02,  1.61551105192831E+02,  3.60470435233498E+02
 1.99733333300000E+03,  4.23752553101517E-01,  7.03398750000000E-01, -1.19265000608520E+01,  2.53450000000007E+02,  1.44454892698157E+02,  4.60291776613756E+02
 1.99741666700000E+03,  3.95581121314241E-01,  7.42899000000000E-01, -1.19176290011351E+01,  2.53630000000007E+02,  2.00038520079005E+02,  4.09404742318988E+02
 1.99750000000000E+03,  3.68004252937522E-01,  8.45484000000000E-01, -1.19083795987356E+01,  2.53810000000007E+02,  1.54660857595022E+02,  4.15832216151804E+02
 1.99758333300000E+03,  3.75523809979526E-01,  9.62414000000000E-01, -1.18987532213546E+01,  2.53990000000007E+02,  2.15141976661627E+02,  5.47772577115009E+02
 1.99766666700000E+03,  4.40259694253206E-01,  1.01900250000000E+00,  3.32189776719223E+00,  2.54170000000007E+02,  1.94343117337153E+02,  5.99003222039525E+02
 1.99775000000000E+03,  5.06726052635296E-01,  1.03764850000000E+00,  3.34461345636285E+00,  2.54350000000007E+02,  2.64316351690813E+02,  6.52837496683975E+02
 1.99783333300000E+03,  5.30585036932761E-01,  1.02154300000000E+00,  3.36722357887875E+00,  2.54530000000007E+02,  3.10366545212540E+02,  7.16850306121348E+02
 1.99791666700000E+03,  5.13563576919824E-01,  9.85307500000000E-01,  3.38972566431206E+00,  2.54710000000007E+02,  3.25306105255638E+02,  6.61990239103842E+02
 1.99800000000000E+03,  4.62378138791590E-01,  9.69433500000000E-01,  3.41211723927054E+00,  2.54890000000007E+02,  2.71613410598779E+02,  5.34697149116076E+02
 1.99808333300000E+03,  3.88741990918902E-01,  8.51907250000000E-01,  3.43439582770724E+00,  2.55070000000007E+02,  2.86542023160249E+02,  5.42663833360619E+02
 1.99816666700000E+03,  3.07385665723758E-01,  5.98155750000000E-01,  3.45655895123108E+00,  2.55250000000007E+02,  2.95275568955260E+02,  5.48010668820151E+02
 1.99825000000000E+03,  2.34361078055539E-01,  3.80043750000000E-01,  3.47860412941804E+00,  2.55430000000007E+02,  1.56369618068015E+02,  4.22403919064947E+02
 1.99833333300000E+03,  1.85021800505286E-01,  1.87686250000000E-01,  3.50052888012313E+00,  2.55610000000007E+02,  1.25633542594172E+02,  4.79706893254831E+02
 1.99841666700000E+03,  1.71268536526292E-01, -6.49135000000000E-02,  3.52233071979301E+00,  2.55790000000007E+02,  1.47527127402057E+02,  5.50141367391084E+02
 1.99850000000000E+03,  1.98675172261654E-01, -2.83191500000000E-01,  3.54400716377918E+00,  2.55970000000007E+02,  1.94055498391332E+02,  6.66671279712879E+02
 1.99858333300000E+03,  3.01467406677554E-02, -4.17518000000000E-01,  3.56555572665187E+00,  2.56150000000007E+02,  1.95555200576316E+02,  6.72422236403513E+02
 1.99866666700000E+03, -3.63292765517776E-01, -5.74425000000000E-01, -6.51425005785645E+00,  2.56330000000007E+02,  1.98510951459925E+02,  7.08909291356842E+02
 1.99875000000000E+03, -5.42929847778616E-01, -7.87756000000000E-01, -6.53567756341069E+00,  2.56510000000007E+02,  2.00253528339160E+02,  6.61342028204620E+02
 1.99883333300000E+03, -4.99116454581782E-01, -9.64965250000000E-01, -6.55680098119475E+00,  2.56690000000007E+02,  1.68315134398170E+02,  6.74255810586900E+02
 1.99891666700000E+03, -4.58413499522532E-01, -1.13545850000000E+00, -6.57761814314057E+00,  2.56870000000007E+02,  1.16487222189336E+02,  5.48224727538361E+02
 1.99900000000000E+03, -4.32763152086310E-01, -1.30769500000000E+00, -6.59812690222959E+00,  2.57050000000007E+02,  1.29802649354595E+02,  4.39885834724328E+02
 1.99908333300000E+03, -4.31447985253214E-01, -1.27097975000000E+00, -6.61832513275475E+00,  2.57230000000007E+02,  1.40254452745197E+02,  3.98351293782741E+02
 1.99916666700000E+03, -4.59653926938838E-01, -1.01318875000000E+00, -6.63821073058034E+00,  2.57410000000007E+02,  1.68749653824940E+02,  4.10928281558387E+02
 1.99925000000000E+03, -5.16947292034615E-01, -8.13485750000000E-01, -6.65778161339975E+00,  2.57590000000007E+02,  2.86857965771133E+02,  3.65256812445891E+02
 1.99933333300000E+03, -5.96790082616041E-01, -7.31286250000000E-01, -6.67703572099103E+00,  2.57770000000007E+02,  2.80554006248531E+02,  2.91966657187981E+02
 1.99941666700000E+03, -6.87901146398594E-01, -6.69186250000000E-01, -6.69597101547016E+00,  2.57950000000007E+02,  2.24735217434032E+02,  1.99849947503326E+02
 1.99950000000000E+03, -7.77059733171447E-01, -6.66743750000000E-01, -6.71458548154221E+00,  2.58130000000007E+02,  2.15921457724533E+02,  2.01273506139227E+02
 1.99958333300000E+03, -8.11969229784907E-01, -6.67207250000000E-01, -6.73287712675010E+00,  2.58310000000007E+02,  2.01590110544335E+02,  1.48927183906156E+02
 1.99966666700000E+03, -7.96956859718440E-01, -6.29639000000000E-01, -2.02553058491339E+00,  2.58490000000007E+02,  2.05355090088968E+02,  1.60756601478336E+02
 1.99975000000000E+03, -8.24967214824941E-01, -6.99565500000000E-01, -2.01009298519661E+00,  2.58670000000007E+02,  3.19831855588752E+02,  5.36474194340070E+02
 1.99983333300000E+03, -8.87497348982038E-01, -8.86165250000000E-01, -1.99473771564816E+00,  2.58850000000007E+02,  4.18915294134403E+02,  7.43613866458785E+02
 1.99991666700000E+03, -9.29539512905939E-01, -1.07008600000000E+00, -1.97946315157770E+00,  2.59030000000007E+02,  5.49971834115193E+02,  8.04520150387286E+02
 2.00000000000000E+03, -9.46097241887166E-01, -1.21563500000000E+00, -1.96426766027754E+00,  2.59210000000007E+02,  7.39914353698589E+02,  8.86264764564341E+02
 2.00008333300000E+03, -9.36306620398578E-01, -1.29160250000000E+00, -1.94914960131504E+00,  2.59390000000007E+02,  6.28738742484947E+02,  8.20845323973536E+02
 2.00016666700000E+03, -9.02853696451711E-01, -1.21743675000000E+00, -1.93410732682591E+00,  2.59570000000007E+02,  5.33060494536935E+02,  4.33332886655002E+02
 2.00025000000000E+03, -8.50172396600905E-01, -1.02359125000000E+00, -1.91913918180822E+00,  2.59750000000007E+02,  6.57820600049959E+02,  4.34233512926385E+02
 2.00033333300000E+03, -7.82740475065065E-01, -7.98559000000000E-01, -1.90424350441731E+00,  2.59930000000007E+02,  5.24837388821695E+02,  3.92051626418548E+02
 2.00041666700000E+03, -7.04571850544367E-01, -5.75714000000000E-01, -1.88941862626132E+00,  2.60110000000007E+02,  3.18592534369679E+02,  3.71097879859403E+02
 2.00050000000000E+03, -6.19830145177728E-01, -3.99351750000000E-01, -1.87466287269746E+00,  2.60290000000007E+02,  3.48818349638095E+02,  5.68899542250966E+02
 2.00058333300000E+03, -4.12303192213938E-01, -2.75397500000000E-01, -1.85997456312893E+00,  2.60470000000007E+02,  3.60026681504530E+02,  6.83893156641776E+02
 2.00066666700000E+03, -1.26453340502247E-01, -2.40264000000000E-01, -6.94239240813442E+00,  2.60650000000007E+02,  9.84420402955516E+01,  5.16266732139716E+02
 2.00075000000000E+03, -7.26789931755417E-02, -3.00992750000000E-01, -6.90373576261922E+00,  2.60830000000007E+02,  1.30511063243777E+02,  5.09202800774798E+02
 2.00083333300000E+03, -2.43667610527496E-01, -4.33963750000000E-01, -6.86512977776093E+00,  2.61010000000007E+02,  1.37230755910726E+02,  4.68680018174250E+02
 2.00091666700000E+03, -4.40389893888845E-01, -6.04455500000000E-01, -6.82657678412258E+00,  2.61190000000007E+02,  1.21194778646173E+02,  3.18687704039270E+02
 2.00100000000000E+03, -5.77778614172766E-01, -6.95693000000000E-01, -6.78807909259660E+00,  2.61370000000007E+02,  1.40475945632802E+02,  4.09636121221267E+02
 2.00108333300000E+03, -5.99299595179728E-01, -6.67889500000000E-01, -6.74963899418154E+00,  2.61550000000007E+02,  1.79687186615215E+02,  4.17346514687494E+02
 2.00116666700000E+03, -5.06304292060085E-01, -5.06413750000000E-01, -6.71125875976145E+00,  2.61730000000007E+02,  1.65713003365807E+02,  3.89288966929846E+02
 2.00125000000000E+03, -3.55488367015396E-01, -2.86826000000000E-01, -6.67294063988839E+00,  2.61910000000007E+02,  3.68258047105452E+02,  5.74713984835550E+02
 2.00133333300000E+03, -2.26815318861545E-01, -1.07932000000000E-01, -6.63468686456764E+00,  2.62090000000007E+02,  4.38459505131384E+02,  7.10987139709042E+02
 2.00141666700000E+03, -1.79959124418159E-01,  9.35000000000000E-02, -6.59649964304603E+00,  2.62270000000007E+02,  4.03142071520644E+02,  5.28410126062383E+02
 2.00150000000000E+03, -2.22639565115749E-01,  2.90647750000000E-01, -6.55838116360319E+00,  2.62450000000007E+02,  4.38323214210306E+02,  8.81522566825752E+02
 2.00158333300000E+03, -1.06210896323526E-01,  4.07167250000000E-01, -6.52033359334571E+00,  2.62630000000007E+02,  4.51411116531173E+02,  8.87509119408642E+02
 2.00166666700000E+03,  2.54637514656846E-01,  4.27005500000000E-01,  2.42119739379561E+00,  2.62810000000007E+02,  2.67592886610993E+02,  6.82060919503019E+02
 2.00175000000000E+03,  4.69027730152638E-01,  3.63356500000000E-01,  2.38333606169256E+00,  2.62990000000007E+02,  3.49597143017095E+02,  7.59660167682033E+02
 2.00183333300000E+03,  4.44265068232868E-01,  2.68540500000000E-01,  2.34521763781487E+00,  2.63170000000007E+02,  3.80842505055538E+02,  7.66609970040384E+02
 2.00191666700000E+03,  3.57332487884835E-01,  2.42444250000000E-01,  2.30684443579679E+00,  2.63350000000007E+02,  3.56369442493223E+02,  3.70786952081811E+02
 2.00200000000000E+03,  2.76716770213240E-01,  3.08394000000000E-01,  2.26821879547467E+00,  2.63530000000007E+02,  3.23680256289997E+02,  3.56253098900732E+02
 2.00208333300000E+03,  2.65155454331486E-01,  3.31546500000000E-01,  2.22934308268691E+00,  2.63710000000007E+02,  3.48738305788750E+02,  4.24259009639132E+02
 2.00216666700000E+03,  3.44724631327859E-01,  3.56707250000000E-01,  2.19021968907087E+00,  2.63890000000007E+02,  3.14768872355125E+02,  5.21000548533350E+02
 2.00225000000000E+03,  4.83463430214661E-01,  4.31536000000000E-01,  2.15085103185691E+00,  2.64070000000007E+02,  2.89036509315404E+02,  5.66360360909073E+02
 2.00233333300000E+03,  6.12393236873914E-01,  5.29143500000000E-01,  2.11123955365935E+00,  2.64250000000008E+02,  2.96833366881002E+02,  7.34418230027268E+02
 2.00241666700000E+03,  6.64765728779707E-01,  6.69521000000000E-01,  2.07138772226459E+00,  2.64430000000008E+02,  4.49428940154364E+02,  9.33230855434291E+02
 2.00250000000000E+03,  6.15863700546159E-01,  7.62825750000000E-01,  2.03129803041634E+00,  2.64610000000008E+02,  6.12845562193947E+02,  1.19182833521366E+03
 2.00258333300000E+03,  6.01256688903434E-01,  7.98500000000000E-01,  1.99097299559790E+00,  2.64790000000008E+02,  5.34363642569345E+02,  8.53581935851552E+02
 2.00266666700000E+03,  7.09442706993744E-01,  8.53971250000000E-01,  3.72464138809943E+00,  2.64970000000008E+02,  5.12910345883206E+02,  9.25758851324875E+02
 2.00275000000000E+03,  7.94598671161735E-01,  9.63853500000000E-01,  3.71105425866648E+00,  2.65150000000008E+02,  6.70264263986155E+02,  1.11956266241884E+03
 2.00283333300000E+03,  8.20376929741536E-01,  1.03302075000000E+00,  3.69749345079984E+00,  2.65330000000008E+02,  7.24210765875883E+02,  1.25820817357722E+03
 2.00291666700000E+03,  8.45124567666281E-01,  9.68160500000000E-01,  3.68395743174723E+00,  2.65510000000008E+02,  1.09655781478394E+03,  1.80683912898414E+03
 2.00300000000000E+03,  8.54465660039904E-01,  8.46304500000000E-01,  3.67044465879045E+00,  2.65690000000008E+02,  1.03666524157659E+03,  1.83189333459089E+03
 2.00308333300000E+03,  8.34765258806260E-01,  7.57605250000000E-01,  3.65695357951591E+00,  2.65870000000008E+02,  1.03881831820138E+03,  1.81863455996614E+03
 2.00316666700000E+03,  7.80366755419867E-01,  6.74835750000000E-01,  3.64348263208642E+00,  2.66050000000008E+02,  8.25125816780291E+02,  1.50836583796457E+03
 2.00325000000000E+03,  6.97573900813203E-01,  4.84923750000000E-01,  3.63003024551441E+00,  2.66230000000008E+02,  7.01740345091626E+02,  1.25906529581862E+03
 2.00333333300000E+03,  6.02521185051932E-01,  3.01301000000000E-01,  3.61659483993629E+00,  2.66410000000008E+02,  2.42493114595388E+02,  5.00383041492565E+02
 2.00341666700000E+03,  5.13496998532771E-01,  3.14688250000000E-01,  3.60317482688816E+00,  2.66590000000008E+02,  2.37997740118540E+02,  4.53922843732093E+02
 2.00350000000000E+03,  4.41991224553808E-01,  3.92165750000000E-01,  3.58976860958268E+00,  2.66770000000008E+02,  3.33013893850142E+02,  5.09139104465492E+02
 2.00358333300000E+03,  2.90490731109560E-01,  4.22538000000000E-01,  3.57637458318715E+00,  2.66950000000008E+02,  4.31512962306284E+02,  4.74238568861312E+02
 2.00366666700000E+03,  7.47270039143032E-02,  4.98198750000000E-01,  4.37893010994094E+00,  2.67130000000008E+02,  3.94313313460822E+02,  7.44799231811725E+02
 2.00375000000000E+03,  4.63480322414591E-03,  6.20567000000000E-01,  4.36430762233922E+00,  2.67310000000008E+02,  2.81938042655190E+02,  6.61165085958662E+02
 2.00383333300000E+03,  5.01389344871752E-02,  6.46505250000000E-01,  4.34933921074645E+00,  2.67490000000008E+02,  2.95980168938867E+02,  7.23771231608858E+02
 2.00391666700000E+03,  8.58740461746636E-02,  5.72115750000000E-01,  4.33402494218004E+00,  2.67670000000008E+02,  2.78029998982536E+02,  6.21800065168886E+02
 2.00400000000000E+03,  1.08379594974880E-01,  4.90201500000000E-01,  4.31836491532979E+00,  2.67850000000008E+02,  2.20774334587620E+02,  7.23466935529868E+02
 2.00408333300000E+03,  1.14078731389651E-01,  3.52917750000000E-01,  4.30235926061242E+00,  2.68030000000008E+02,  2.87652485249854E+02,  6.93584140485434E+02
 2.00416666700000E+03,  1.00502699857587E-01,  2.47753250000000E-01,  4.28600814022250E+00,  2.68210000000008E+02,  3.02422546695074E+02,  7.12527913120936E+02
 2.00425000000000E+03,  6.82458943946611E-02,  2.94151500000000E-01,  4.26931174817987E+00,  2.68390000000008E+02,  3.21071021262422E+02,  8.42555499579190E+02
 2.00433333300000E+03,  2.23024146724589E-02,  3.78644250000000E-01,  4.25227031037348E+00,  2.68570000000008E+02,  3.41531696817479E+02,  8.55922112303412E+02
 2.00441666700000E+03, -2.83025034387010E-02,  4.78556750000000E-01,  4.23488408460168E+00,  2.68750000000008E+02,  3.05456439557082E+02,  7.69459982479967E+02
 2.00450000000000E+03, -7.24532174154684E-02,  6.23941250000000E-01,  4.21715336060890E+00,  2.68930000000008E+02,  2.50025716880703E+02,  7.68962940927327E+02
 2.00458333300000E+03,  1.63129582732825E-01,  7.64605250000000E-01,  4.19907846011875E+00,  2.69110000000008E+02,  2.20728943310352E+02,  7.06107709385215E+02
 2.00466666700000E+03,  6.30331581971482E-01,  8.71948000000000E-01, -1.23620290242194E+00,  2.69290000000008E+02,  2.77636491433040E+02,  5.43017415920272E+02
 2.00475000000000E+03,  7.55771482611791E-01,  9.05251250000000E-01, -1.26404207809273E+00,  2.69470000000008E+02,  2.19484704670080E+02,  6.65432952976394E+02
 2.00483333300000E+03,  6.09921815252960E-01,  8.87758000000000E-01, -1.29221293488737E+00,  2.69650000000008E+02,  2.74297246092830E+02,  6.87100672317088E+02
 2.00491666700000E+03,  5.26835521228274E-01,  8.96079250000000E-01, -1.32071413634127E+00,  2.69830000000008E+02,  3.88737383813350E+02,  7.20320462001831E+02
 2.00500000000000E+03,  5.06616934785047E-01,  8.56674500000000E-01, -1.34954431267662E+00,  2.70010000000008E+02,  3.96278409454201E+02,  7.16907718819437E+02
 2.00508333300000E+03,  5.27358217152420E-01,  7.06322750000000E-01, -1.37870206089086E+00,  2.70190000000008E+02,  3.38526636373976E+02,  7.42451361785246E+02
 2.00516666700000E+03,  5.51310509536266E-01,  5.67916000000000E-01, -1.40818594484909E+00,  2.70370000000008E+02,  2.85399001557154E+02,  5.37279181712238E+02
 2.00525000000000E+03,  5.37451101376248E-01,  4.68359000000000E-01, -1.43799449538028E+00,  2.70550000000008E+02,  2.82213371117056E+02,  5.80577047412747E+02
 2.00533333300000E+03,  4.56062359818533E-01,  3.92133750000000E-01, -1.46812621037741E+00,  2.70730000000008E+02,  1.24481070600908E+02,  2.48279344138432E+02
 2.00541666700000E+03,  2.99903737385126E-01,  3.47219000000000E-01, -1.49857955490159E+00,  2.70910000000008E+02,  1.18740850402729E+02,  3.98171533796229E+02
 2.00550000000000E+03,  8.78716085458558E-02,  3.01531250000000E-01, -1.52935296128985E+00,  2.71090000000008E+02,  1.24717878579916E+02,  3.46950578731935E+02
 2.00558333300000E+03, -1.01453190154812E-01,  2.86925250000000E-01, -1.56044482926690E+00,  2.71270000000008E+02,  1.58412057128385E+02,  3.60787167167678E+02
 2.00566666700000E+03, -1.80520138266107E-01,  2.86881000000000E-01, -4.81484111179708E+00,  2.71450000000008E+02,  3.83801443398641E+02,  6.00439558944585E+02
 2.00575000000000E+03, -1.29417052322989E-01,  2.32487000000000E-01, -4.86361399976025E+00,  2.71630000000008E+02,  4.42542379827280E+02,  5.81959253145335E+02
 2.00583333300000E+03,  3.21264458864294E-02,  8.94055000000000E-02, -4.91248595170197E+00,  2.71810000000008E+02,  4.87970821355319E+02,  5.84340854348543E+02
 2.00591666700000E+03,  2.09368658020427E-01, -1.38238500000000E-01, -4.96145340692595E+00,  2.71990000000008E+02,  5.46575062871746E+02,  1.01179911346408E+03
 2.00600000000000E+03,  2.67843326016852E-01, -3.92503000000000E-01, -5.01051279264361E+00,  2.72170000000008E+02,  5.59936243187143E+02,  1.10528307208091E+03
 2.00608333300000E+03,  1.73296739315568E-01, -5.15094750000000E-01, -5.05966052432505E+00,  2.72350000000008E+02,  3.00746595883284E+02,  8.88015087150372E+02
 2.00616666700000E+03,  2.74380132915734E-02, -3.90106250000000E-01, -5.10889300605149E+00,  2.72530000000008E+02,  2.76257650687969E+02,  1.21322442203651E+03
 2.00625000000000E+03, -1.23660614478899E-02, -1.43043000000000E-01, -5.15820663086909E+00,  2.72710000000008E+02,  2.60370402606656E+02,  1.07743852781877E+03
 2.00633333300000E+03,  1.36222499163970E-01,  8.72162500000000E-02, -5.20759778114415E+00,  2.72890000000008E+02,  1.88206927852265E+02,  6.82377073097537E+02
 2.00641666700000E+03,  4.10056834991432E-01,  2.67568250000000E-01, -5.25706282891958E+00,  2.73070000000008E+02,  1.91981041497691E+02,  7.06036986788936E+02
 2.00650000000000E+03,  6.51382208108509E-01,  4.23393000000000E-01, -5.30659813627274E+00,  2.73250000000008E+02,  3.46653789892696E+02,  6.03452730084050E+02
 2.00658333300000E+03,  6.70208522701522E-01,  6.06122500000000E-01, -5.35620005567441E+00,  2.73430000000008E+02,  3.80601285172182E+02,  3.32048891463184E+02
 2.00666666700000E+03,  4.72479034564268E-01,  7.52453500000000E-01,  3.25711964865088E+00,  2.73610000000008E+02,  4.87746668715233E+02,  4.92322828872290E+02
 2.00675000000000E+03,  2.89177673866254E-01,  8.33807250000000E-01,  3.22614936613583E+00,  2.73790000000008E+02,  4.60280771009490E+02,  5.00903074155097E+02
 2.00683333300000E+03,  2.04651163221597E-01,  8.96571000000000E-01,  3.19487427271554E+00,  2.73970000000008E+02,  5.02819445178843E+02,  4.07776704344499E+02
 2.00691666700000E+03,  1.90726806225164E-01,  8.63906500000000E-01,  3.16329599161568E+00,  2.74150000000008E+02,  3.57596642158246E+02,  4.19832250646102E+02
 2.00700000000000E+03,  2.49548542349826E-01,  6.66104250000000E-01,  3.13141617615430E+00,  2.74330000000008E+02,  2.84018434245872E+02,  3.57687811010857E+02
 2.00708333300000E+03,  3.42357743165575E-01,  4.17392750000000E-01,  3.09923650962045E+00,  2.74510000000008E+02,  2.22841557771008E+02,  2.89203462526494E+02
 2.00716666700000E+03,  3.99822774765223E-01,  2.59060750000000E-01,  3.06675870514938E+00,  2.74690000000008E+02,  2.68464193801723E+02,  3.29986932177393E+02
 2.00725000000000E+03,  3.56566743321071E-01,  1.65143750000000E-01,  3.03398450559440E+00,  2.74870000000008E+02,  1.78255644133973E+02,  2.80187021498929E+02
 2.00733333300000E+03,  1.90285947704921E-01,  1.12683750000000E-01,  3.00091568339526E+00,  2.75050000000008E+02,  3.04111655038958E+02,  6.26467478843024E+02
 2.00741666700000E+03, -6.06896965868010E-02,  1.14806500000000E-01,  2.96755404044317E+00,  2.75230000000008E+02,  3.12817991493648E+02,  6.37453176766411E+02
 2.00750000000000E+03, -3.14706260411397E-01,  8.20657500000000E-02,  2.93390140794251E+00,  2.75410000000008E+02,  4.22653919539087E+02,  6.57722076732590E+02
 2.00758333300000E+03, -4.35739376307519E-01, -6.31605000000000E-02,  2.89995964626910E+00,  2.75590000000008E+02,  3.81412180392113E+02,  5.87378513628649E+02
 2.00766666700000E+03, -4.12462952749006E-01, -3.25759000000000E-01,  4.93006062528284E+00,  2.75770000000008E+02,  4.32464300007593E+02,  6.05872089116975E+02
 2.00775000000000E+03, -4.14041514117624E-01, -6.33137750000000E-01,  4.91110900549011E+00,  2.75950000000008E+02,  3.27012126484114E+02,  3.36387323266047E+02
 2.00783333300000E+03, -4.78790278955401E-01, -8.71282000000000E-01,  4.89225328459864E+00,  2.76130000000008E+02,  3.91189908610849E+02,  6.55024126021270E+02
 2.00791666700000E+03, -5.47288666031718E-01, -1.03262925000000E+00,  4.87349332730897E+00,  2.76310000000008E+02,  3.00848219367866E+02,  8.35475619316889E+02
 2.00800000000000E+03, -6.06514194172370E-01, -1.21833150000000E+00,  4.85482897414063E+00,  2.76490000000008E+02,  3.34977929545727E+02,  9.33606059152254E+02
 2.00808333300000E+03, -6.43032890538947E-01, -1.30804250000000E+00,  4.83626004151339E+00,  2.76670000000008E+02,  2.87411155543822E+02,  9.17830924416893E+02
 2.00816666700000E+03, -6.45838046905479E-01, -1.14516700000000E+00,  4.81778632183167E+00,  2.76850000000008E+02,  2.47815081494179E+02,  8.16283398234407E+02
 2.00825000000000E+03, -6.08616228225975E-01, -9.05949250000000E-01,  4.79940758357234E+00,  2.77030000000008E+02,  2.06717033717271E+02,  7.25004070793671E+02
 2.00833333300000E+03, -5.31399288434195E-01, -7.22814250000000E-01,  4.78112357137580E+00,  2.77210000000008E+02,  1.14231557716391E+02,  4.43314875860460E+02
 2.00841666700000E+03, -4.21441701427645E-01, -5.20901250000000E-01,  4.76293400614023E+00,  2.77390000000008E+02,  9.15935866377024E+01,  4.93434371780209E+02
 2.00850000000000E+03, -2.92609494080578E-01, -3.17926500000000E-01,  4.74483858511923E+00,  2.77570000000008E+02,  1.80701883787587E+02,  6.67017485831314E+02
 2.00858333300000E+03, -3.37658209271804E-01, -2.24080250000000E-01,  4.72683698202257E+00,  2.77750000000008E+02,  2.05104046283178E+02,  7.26466148448784E+02
 2.00866666700000E+03, -5.39984955420744E-01, -2.30044250000000E-01, -1.99723357149661E+00,  2.77930000000008E+02,  1.81793409539654E+02,  6.58682538154439E+02
 2.00875000000000E+03, -5.31402970070122E-01, -2.73110500000000E-01, -2.04629124899534E+00,  2.78110000000008E+02,  1.96448883335716E+02,  6.87853531973166E+02
 2.00883333300000E+03, -3.86439102637220E-01, -3.90792000000000E-01, -2.09530025167540E+00,  2.78290000000008E+02,  2.33490221043344E+02,  5.72756690258996E+02
 2.00891666700000E+03, -3.61663841672571E-01, -5.33696000000000E-01, -2.14425699815439E+00,  2.78470000000008E+02,  2.58232107175378E+02,  4.81219458920390E+02
 2.00900000000000E+03, -4.14470803908649E-01, -5.58845500000000E-01, -2.19315790963371E+00,  2.78650000000008E+02,  2.29090518193242E+02,  4.78202368758339E+02
 2.00908333300000E+03, -4.06807616876557E-01, -4.55850000000000E-01, -2.24199941024470E+00,  2.78830000000008E+02,  3.36931876588747E+02,  4.31693775447904E+02
 2.00916666700000E+03, -2.23687340996719E-01, -2.57335000000000E-01, -2.29077792739446E+00,  2.79010000000008E+02,  3.37964433178020E+02,  4.46309036126515E+02
 2.00925000000000E+03,  1.26225336421732E-01, -2.50225000000000E-03, -2.33948989211146E+00,  2.79190000000008E+02,  2.91066772346141E+02,  5.03552167587256E+02
 2.00933333300000E+03,  5.12373430122059E-01,  2.46245500000000E-01, -2.38813173939075E+00,  2.79370000000008E+02,  1.68373929886860E+02,  4.10301400968938E+02
 2.00941666700000E+03,  7.84239988173687E-01,  4.59216000000000E-01, -2.43669990853874E+00,  2.79550000000008E+02,  2.24004018450932E+02,  4.97438120526557E+02
 2.00950000000000E+03,  8.87972060518039E-01,  6.35366250000000E-01, -2.48519084351767E+00,  2.79730000000008E+02,  2.61219268909214E+02,  5.18074315680086E+02
 2.00958333300000E+03,  8.95914263625314E-01,  7.56421000000000E-01, -2.53360099328948E+00,  2.79910000000008E+02,  3.13792738937446E+02,  5.66088873367569E+02
 2.00966666700000E+03,  9.12611885543343E-01,  8.66569750000000E-01,  3.77519981470375E+00,  2.80090000000008E+02,  4.35573739795894E+02,  6.13922114710118E+02
 2.00975000000000E+03,  9.67165151469310E-01,  1.08148200000000E+00,  3.75014881254633E+00,  2.80270000000008E+02,  5.30897913802902E+02,  8.83328727195825E+02
 2.00983333300000E+03,  1.03007877488751E+00,  1.31283750000000E+00,  3.72476844518352E+00,  2.80450000000008E+02,  5.73162598751691E+02,  8.30946439514902E+02
 2.00991666700000E+03,  1.07603471817578E+00,  1.39343500000000E+00,  3.69905975910541E+00,  2.80630000000008E+02,  4.65669499707145E+02,  7.20519141836413E+02
 2.01000000000000E+03,  1.08191317518117E+00,  1.27838975000000E+00,  3.67302383251268E+00,  2.80810000000008E+02,  4.32052408520480E+02,  6.58129883861927E+02
 2.01008333300000E+03,  1.02042432270385E+00,  1.07703200000000E+00,  3.64666177526066E+00,  2.80990000000008E+02,  3.18697536013240E+02,  5.30860278913126E+02
 2.01016666700000E+03,  8.81966905527278E-01,  9.37003000000000E-01,  3.61997472879991E+00,  2.81170000000008E+02,  3.01885072693672E+02,  4.29787313881479E+02
 2.01025000000000E+03,  6.90710549348954E-01,  6.91744250000000E-01,  3.59296386611312E+00,  2.81350000000008E+02,  1.96100340142862E+02,  3.38605608448707E+02
 2.01033333300000E+03,  4.99940301853680E-01,  2.65494500000000E-01,  3.56563039164849E+00,  2.81530000000008E+02,  1.46542527218087E+02,  3.14596621947099E+02
 2.01041666700000E+03,  3.67034327661142E-01, -1.20386000000000E-01,  3.53797554124953E+00,  2.81710000000008E+02,  1.38796963002038E+02,  2.65397212287783E+02
 2.01050000000000E+03,  3.24180519443804E-01, -4.83294500000000E-01,  3.51000058208123E+00,  2.81890000000008E+02,  1.48297706541693E+02,  3.43823149620151E+02
 2.01058333300000E+03,  9.85885290211294E-02, -8.47682250000000E-01,  3.48170681255275E+00,  2.82070000000008E+02,  1.22952492115889E+02,  1.85686854786602E+02
 2.01066666700000E+03, -3.84059175635793E-01, -1.08221975000000E+00,  9.34182621959360E+00,  2.82250000000008E+02,  2.52542090785348E+02,  4.24139140681970E+02
 2.01075000000000E+03, -6.60893325850159E-01, -1.20195250000000E+00,  9.33187282144279E+00,  2.82430000000008E+02,  3.56291554016832E+02,  4.99351891245838E+02
 2.01083333300000E+03, -6.96528188619564E-01, -1.24935250000000E+00,  9.32165350268012E+00,  2.82610000000008E+02,  3.76270108667682E+02,  7.18295136080414E+02
 2.01091666700000E+03, -7.11032018723018E-01, -1.25156500000000E+00,  9.31117030394559E+00,  2.82790000000008E+02,  3.82222678792530E+02,  6.32165030294836E+02
 2.01100000000000E+03, -7.01616591250247E-01, -1.18124050000000E+00,  9.30042528310011E+00,  2.82970000000008E+02,  3.78103818089978E+02,  6.29712334427613E+02
 2.01108333300000E+03, -6.69765334052321E-01, -9.67155750000000E-01,  9.28942051493254E+00,  2.83150000000008E+02,  3.21858699323959E+02,  4.76569995254521E+02
 2.01116666700000E+03, -6.20845780083944E-01, -7.23891750000000E-01,  9.27815809086517E+00,  2.83330000000008E+02,  4.02164117950797E+02,  4.77030774424014E+02
 2.01125000000000E+03, -5.62152598088855E-01, -5.70868000000000E-01,  9.26664011865767E+00,  2.83510000000008E+02,  4.27441610244398E+02,  4.96570223389124E+02
 2.01133333300000E+03, -5.00647798847954E-01, -4.39943000000000E-01,  9.25486872210944E+00,  2.83690000000008E+02,  4.15518090192726E+02,  4.77497419699940E+02
 2.01141666700000E+03, -4.41611778758810E-01, -3.28423250000000E-01,  9.24284604076069E+00,  2.83870000000008E+02,  4.75356112843054E+02,  5.75757164586317E+02
 2.01150000000000E+03, -3.88399137884220E-01, -3.19103750000000E-01,  9.23057422959186E+00,  2.84050000000008E+02,  4.00872494528435E+02,  5.14026729709745E+02
 2.01158333300000E+03, -3.67653886351327E-01, -3.88477250000000E-01,  9.21805545872188E+00,  2.84230000000008E+02,  2.94699401729304E+02,  6.44033406755333E+02
 2.01166666700000E+03, -3.77385936499407E-01, -4.82154250000000E-01, -2.26508394748440E+00,  2.84410000000008E+02,  2.25660523831934E+02,  4.60186699505795E+02
 2.01175000000000E+03, -3.60983115547046E-01, -5.59778250000000E-01, -2.27412930161035E+00,  2.84590000000008E+02,  2.21441128259748E+02,  4.82393702378219E+02
 2.01183333300000E+03, -3.12653991895327E-01, -6.69331500000000E-01, -2.28279406921541E+00,  2.84770000000008E+02,  3.18577300219095E+02,  5.37852771815910E+02
 2.01191666700000E+03, -2.56494640448051E-01, -8.25150500000000E-01, -2.29107695697240E+00,  2.84950000000008E+02,  3.25647882273089E+02,  5.19005583248398E+02
 2.01200000000000E+03, -1.94739211909146E-01, -8.38971000000000E-01, -2.29897670261836E+00,  2.85130000000008E+02,  2.64687614069847E+02,  3.00159624649880E+02
 2.01208333300000E+03, -1.31254519046197E-01, -6.80690750000000E-01, -2.30649207513329E+00,  2.85310000000008E+02,  3.29863426148182E+02,  2.74283791838414E+02
 2.01216666700000E+03, -7.06729138358300E-02, -4.64982250000000E-01, -2.31362187491553E+00,  2.85490000000008E+02,  3.69857542435190E+02,  3.79900159314540E+02
 2.01225000000000E+03, -1.66286005989084E-02, -2.75211250000000E-01, -2.32036493395362E+00,  2.85670000000008E+02,  3.06413855363769E+02,  2.22200179897068E+02
 2.01233333300000E+03,  2.96313506699539E-02, -1.52269500000000E-01, -2.32672011599484E+00,  2.85850000000008E+02,  3.87985488011375E+02,  3.36426484717741E+02
 2.01241666700000E+03,  6.92325165005853E-02, -2.73275000000000E-02, -2.33268631671019E+00,  2.86030000000008E+02,  3.99542669192426E+02,  4.19093805141454E+02
 2.01250000000000E+03,  1.04410365731740E-01,  1.69773000000000E-01, -2.33826246385597E+00,  2.86210000000008E+02,  3.30868725864518E+02,  4.51174425051508E+02
 2.01258333300000E+03,  2.95667271646547E-01,  3.85222750000000E-01, -2.34344751743178E+00,  2.86390000000008E+02,  3.19706644834680E+02,  3.57773254347793E+02
 2.01266666700000E+03,  5.98921567263745E-01,  4.82868500000000E-01,  6.90130525707691E+00,  2.86570000000008E+02,  3.00032915513182E+02,  4.11575932695390E+02
 2.01275000000000E+03,  6.27683653213902E-01,  4.95267000000000E-01,  6.94151207861000E+00,  2.86750000000008E+02,  4.57520730009615E+02,  5.11768642270011E+02
 2.01283333300000E+03,  4.04968264006204E-01,  4.35585500000000E-01,  6.98147230218678E+00,  2.86930000000008E+02,  4.98791346718348E+02,  5.09904200811589E+02
 2.01291666700000E+03,  1.88985722116124E-01,  2.57635750000000E-01,  7.02118341233224E+00,  2.87110000000008E+02,  5.34313253776195E+02,  4.58965554912729E+02
 2.01300000000000E+03,  6.64891117885546E-02,  6.39307500000000E-02,  7.06064292020577E+00,  2.87290000000008E+02,  5.73263980069414E+02,  4.84249072347206E+02
 2.01308333300000E+03,  7.14251996628475E-02, -6.38750000000000E-02,  7.09984836381548E+00,  2.87470000000008E+02,  4.86784412023621E+02,  6.30869588502015E+02
 2.01316666700000E+03,  1.69613877087609E-01, -7.04792500000000E-02,  7.13879730822929E+00,  2.87650000000008E+02,  3.18793613856970E+02,  6.24936604543969E+02
 2.01325000000000E+03,  2.81557927765327E-01,  1.30499999999998E-04,  7.17748734578285E+00,  2.87830000000008E+02,  2.99646496963488E+02,  6.39309545534161E+02
 2.01333333300000E+03,  3.28246761706088E-01,  2.82500000000000E-02,  7.21591609628415E+00,  2.88010000000008E+02,  2.64807321206678E+02,  6.56678417973209E+02
 2.01341666700000E+03,  2.73548225329479E-01,  3.05000000000000E-02,  7.25408120721494E+00,  2.88190000000008E+02,  2.17821808670837E+02,  5.96810446379741E+02
 2.01350000000000E+03,  1.40999293944180E-01,  8.59927500000000E-02,  7.29198035392879E+00,  2.88370000000008E+02,  2.23911195913481E+02,  5.85291062084474E+02
 2.01358333300000E+03,  6.91563126068611E-02,  1.70659750000000E-01,  7.32961123984590E+00,  2.88550000000008E+02,  2.08185825164653E+02,  4.24092319055249E+02
 2.01366666700000E+03,  1.29409780738910E-01,  1.81718250000000E-01,  9.49226159627041E+00,  2.88730000000008E+02,  1.52427072337279E+02,  3.96538694519728E+02
 2.01375000000000E+03,  1.96645003281762E-01,  1.85614750000000E-01,  9.48887766458613E+00,  2.88910000000008E+02,  1.59935463221705E+02,  3.96929710472007E+02
 2.01383333300000E+03,  2.30205547732608E-01,  1.95225000000000E-01,  9.48518661215715E+00,  2.89090000000008E+02,  3.33843076149591E+02,  5.76214870199552E+02
 2.01391666700000E+03,  2.65680832828432E-01,  7.31865000000000E-02,  9.48119001190179E+00,  2.89270000000008E+02,  3.18847335165714E+02,  6.61596030314256E+02
 2.01400000000000E+03,  2.88065198803043E-01, -7.50300000000000E-03,  9.47688946012651E+00,  2.89450000000008E+02,  3.06191345654533E+02,  7.79619246586087E+02
 2.01408333300000E+03,  2.88783029640840E-01,  1.23874250000000E-01,  9.47228657627858E+00,  2.89630000000008E+02,  3.23925216212313E+02,  7.44447594061303E+02
 2.01416666700000E+03,  2.69075095839377E-01,  3.09130750000000E-01,  9.46738300269637E+00,  2.89810000000008E+02,  3.24700087454649E+02,  7.14481945850791E+02
 2.01425000000000E+03,  2.38342238294202E-01,  4.22586500000000E-01,  9.46218040435729E+00,  2.89990000000008E+02,  1.98459403083873E+02,  6.48478656763554E+02
 2.01433333300000E+03,  2.08396619714690E-01,  4.86018500000000E-01,  9.45668046862338E+00,  2.90170000000008E+02,  1.79174480801205E+02,  3.95910298237269E+02
 2.01441666700000E+03,  1.86656606385243E-01,  4.87763500000000E-01,  9.45088490498469E+00,  2.90350000000008E+02,  1.48579994098123E+02,  2.56768145277701E+02
 2.01450000000000E+03,  1.72018783586057E-01,  4.59848000000000E-01,  9.44479544480040E+00,  2.90530000000008E+02,  1.99779536549891E+02,  2.23098412806144E+02
 2.01458333300000E+03,  2.74443119296945E-01,  5.23704750000000E-01,  9.43841384103768E+00,  2.90710000000009E+02,  1.96999910506363E+02,  2.42729352167731E+02
 2.01466666700000E+03,  5.58405547726526E-01,  6.34896250000000E-01,  1.65686000610621E+00,  2.90890000000009E+02,  2.58194391813241E+02,  2.75948302693343E+02
 2.01475000000000E+03,  8.28838543888436E-01,  7.51879750000000E-01,  1.70447399069623E+00,  2.91070000000009E+02,  2.90501181648762E+02,  3.18584491662042E+02
 2.01483333300000E+03,  9.34862156370152E-01,  8.59323000000000E-01,  1.75221721636003E+00,  2.91250000000009E+02,  2.72639860339091E+02,  3.65964095694262E+02
 2.01491666700000E+03,  8.69828011547133E-01,  8.63654000000000E-01,  1.80008608366999E+00,  2.91430000000009E+02,  2.53346751060792E+02,  6.09701175312069E+02
 2.01500000000000E+03,  6.94535689068880E-01,  8.46717250000000E-01,  1.84807698381825E+00,  2.91610000000009E+02,  2.55324709939419E+02,  6.80023322122671E+02
 2.01508333300000E+03,  5.50247697855349E-01,  8.56500750000000E-01,  1.89618629897577E+00,  2.91790000000009E+02,  1.12436922132742E+02,  5.50205480730913E+02
 2.01516666700000E+03,  5.44590522719479E-01,  9.13338250000000E-01,  1.94441040265221E+00,  2.91970000000009E+02,  8.39626925304088E+01,  4.80804492354544E+02
 2.01525000000000E+03,  6.64619211889707E-01,  1.03083050000000E+00,  1.99274566005678E+00,  2.92150000000009E+02,  1.11330018224055E+02,  4.30811353243860E+02
 2.01533333300000E+03,  7.89168384299195E-01,  1.10636500000000E+00,  2.04118842845979E+00,  2.92330000000009E+02,  9.06065618158305E+01,  2.00178865701729E+02
 2.01541666700000E+03,  7.91537457900825E-01,  1.16037500000000E+00,  2.08973505755505E+00,  2.92510000000009E+02,  1.10135718061743E+02,  2.23861792896187E+02
 2.01550000000000E+03,  6.47797787635571E-01,  1.21060250000000E+00,  2.13838188982292E+00,  2.92690000000009E+02,  2.78652231899775E+02,  3.23077055609243E+02
 2.01558333300000E+03,  6.33482643465590E-01,  1.25260000000000E+00,  2.18712526089416E+00,  2.92870000000009E+02,  3.04959224519003E+02,  3.58095215728479E+02
 2.01566666700000E+03,  8.60404245541340E-01,  1.30718750000000E+00,  3.70836944928360E+00,  2.93050000000009E+02,  3.05679554365564E+02,  3.94740647445020E+02
 2.01575000000000E+03,  9.85935720499174E-01,  1.44194000000000E+00,  3.69481366739087E+00,  2.93230000000009E+02,  2.98608252352828E+02,  4.38260994595447E+02
 2.01583333300000E+03,  9.66600005933423E-01,  1.61906750000000E+00,  3.68128236989450E+00,  2.93410000000009E+02,  4.03001724760453E+02,  5.12493686033710E+02
 2.01591666700000E+03,  9.62689024003338E-01,  1.61716000000000E+00,  3.66777401213673E+00,  2.93590000000009E+02,  2.85999295910470E+02,  6.29517268418212E+02
 2.01600000000000E+03,  9.64642021503522E-01,  1.47570250000000E+00,  3.65428703981805E+00,  2.93770000000009E+02,  3.40096501788363E+02,  9.18644205131939E+02
 2.01608333300000E+03,  9.49060050866172E-01,  1.34443250000000E+00,  3.64081988926934E+00,  2.93950000000009E+02,  5.03567264701454E+02,  8.89317977132774E+02
 2.01616666700000E+03,  8.97768631435278E-01,  1.19241300000000E+00,  3.62737098772523E+00,  2.94130000000009E+02,  4.86042061474106E+02,  8.45365585797598E+02
 2.01625000000000E+03,  8.13531129321855E-01,  9.73090750000000E-01,  3.61393875359878E+00,  2.94310000000009E+02,  3.81873312245818E+02,  7.13925342222882E+02
 2.01633333300000E+03,  7.19398288119793E-01,  7.48906000000000E-01,  3.60052159675747E+00,  2.94490000000009E+02,  3.79046899157397E+02,  5.50929454176660E+02
 2.01641666700000E+03,  6.41950666062668E-01,  5.75254000000000E-01,  3.58711791880021E+00,  2.94670000000009E+02,  3.91982322546645E+02,  3.23123322383271E+02
 2.01650000000000E+03,  5.92202007138043E-01,  4.00573500000000E-01,  3.57372611333569E+00,  2.94850000000009E+02,  3.35924642130607E+02,  6.95340153353457E+02
 2.01658333300000E+03,  4.23282307597429E-01,  2.12843250000000E-01,  3.56034456626180E+00,  2.95030000000009E+02,  3.60252416002310E+02,  6.85072492114518E+02
 2.01666666700000E+03,  1.62801909427616E-01,  1.73022500000000E-02,  7.13494553909345E+00,  2.95210000000009E+02,  3.41667576801966E+02,  7.28326989282223E+02
 2.01675000000000E+03,  1.08310579859089E-01, -1.30480250000000E-01,  7.17366136407849E+00,  2.95390000000009E+02,  3.15130510211004E+02,  6.81803310210181E+02
 2.01683333300000E+03,  1.77356564141154E-01, -1.22908250000000E-01,  7.21211613686646E+00,  2.95570000000009E+02,  2.87220433503337E+02,  6.32682213522128E+02
 2.01691666700000E+03,  1.56489206127793E-01, -3.82962500000000E-02,  7.25030750218527E+00,  2.95750000000009E+02,  2.57544880126044E+02,  6.35359651443722E+02
 2.01700000000000E+03,  6.00635605769898E-02,  2.36400000000000E-02,  7.28823313261517E+00,  2.95930000000009E+02,  2.47826448224116E+02,  6.91634037209878E+02
 2.01708333300000E+03, -5.20532288887996E-02,  5.70825000000000E-02,  7.32589072878385E+00,  2.96110000000009E+02,  5.02782536695800E+02,  6.26188862987760E+02
 2.01716666700000E+03, -1.08963119849083E-01,  1.10080750000000E-01,  7.36327801955829E+00,  2.96290000000009E+02,  5.06444946094260E+02,  6.57366669327880E+02
 2.01725000000000E+03, -6.67110206515684E-02,  2.43323750000000E-01,  7.40039276223313E+00,  2.96470000000009E+02,  5.87854605501803E+02,  7.14004410903439E+02
 2.01733333300000E+03,  6.94437189588472E-02,  3.77056000000000E-01,  7.43723274271580E+00,  2.96650000000009E+02,  7.35652521844966E+02,  6.91071091023532E+02
 2.01741666700000E+03,  2.48230915228185E-01,  4.45583750000000E-01,  7.47379577570823E+00,  2.96830000000009E+02,  8.17241647785820E+02,  8.61797641296401E+02
 2.01750000000000E+03,  3.97886547102970E-01,  4.36696500000000E-01,  7.51007970488509E+00,  2.97010000000009E+02,  6.41862765967791E+02,  1.00667450018422E+03
 2.01758333300000E+03,  3.00155308584339E-01,  3.19383250000000E-01,  7.54608240306873E+00,  2.97190000000009E+02,  8.57832090932787E+02,  1.43475840463381E+03
 2.01766666700000E+03, -4.82311762982957E-02,  1.57309250000000E-01, -2.29986887946989E+00,  2.97370000000009E+02,  9.42914451409089E+02,  1.59136677040751E+03
 2.01775000000000E+03, -2.74710579027643E-01,  4.34517500000000E-02, -2.29185990905161E+00,  2.97550000000009E+02,  7.30556102139303E+02,  1.34775903117891E+03
 2.01783333300000E+03, -3.31582411979286E-01, -5.77890000000000E-02, -2.28344453189117E+00,  2.97730000000009E+02,  7.52464195444799E+02,  1.22115988568920E+03
 2.01791666700000E+03, -3.63382735437338E-01, -1.49317250000000E-01, -2.27462290090286E+00,  2.97910000000009E+02,  6.82061389715316E+02,  1.18389101244274E+03
 2.01800000000000E+03, -3.71800866938862E-01, -1.71010500000000E-01, -2.26539520446078E+00,  2.98090000000009E+02,  5.08515961658235E+02,  7.99183814045953E+02
 2.01808333300000E+03, -3.67979821822596E-01, -1.24850250000000E-01, -2.25576166641772E+00,  2.98270000000009E+02,  3.35044437098373E+02,  7.06606592184712E+02
 2.01816666700000E+03, -3.66176104213217E-01,  2.26752500000000E-02, -2.24572254612005E+00,  2.98450000000009E+02,  3.93951479931586E+02,  8.79346606174427E+02
 2.01825000000000E+03, -3.75807561017337E-01,  2.31481250000000E-01, -2.23527813841869E+00,  2.98630000000009E+02,  3.15808031796793E+02,  9.82085468011999E+02
 2.01833333300000E+03, -3.96431025370554E-01,  3.67293250000000E-01, -2.22442877367615E+00,  2.98810000000009E+02,  4.64182668134297E+02,  9.91774040637593E+02
 2.01841666700000E+03, -4.18398163636013E-01,  4.35223250000000E-01, -2.21317481776954E+00,  2.98990000000009E+02,  5.12340030301526E+02,  1.00877657568193E+03
 2.01850000000000E+03, -4.28489651066361E-01,  5.21783500000000E-01, -2.20151667208977E+00,  2.99170000000009E+02,  7.06169401239252E+02,  9.67601936437929E+02
 2.01858333300000E+03, -1.33840023771031E-01,  6.40013000000000E-01, -2.18945477353657E+00,  2.99350000000009E+02,  7.04905756473046E+02,  9.09299898526720E+02
 2.01866666700000E+03,  4.79280158142089E-01,  7.92687000000000E-01,  6.54409500823055E+00,  2.99530000000009E+02,  7.16216510690259E+02,  7.55419523445084E+02
 2.01875000000000E+03,  8.11645107965567E-01,  9.35003250000000E-01,  6.58632350786323E+00,  2.99710000000009E+02,  5.69522081392134E+02,  6.57040030929655E+02
 2.01883333300000E+03,  7.81637689064824E-01,  9.89550000000000E-01,  6.62832821530727E+00,  2.99890000000009E+02,  5.10110995756996E+02,  6.56732998334636E+02
 2.01891666700000E+03,  6.78057015490263E-01,  9.08034250000000E-01,  6.67010639438975E+00,  3.00070000000009E+02,  2.80482368638767E+02,  5.66519331667561E+02
 2.01900000000000E+03,  5.94598755304561E-01,  7.48848250000000E-01,  6.71165533359134E+00,  3.00250000000009E+02,  1.94007658949938E+02,  3.64006763179230E+02
 2.01908333300000E+03,  6.04318007692018E-01,  7.03035250000000E-01,  6.75297234628722E+00,  3.00430000000009E+02,  2.75133510704517E+02,  5.14510626517724E+02
 2.01916666700000E+03,  7.12131428635457E-01,  7.25983500000000E-01,  6.79405477098499E+00,  3.00610000000009E+02,  2.51760025379725E+02,  5.01072273877220E+02
 2.01925000000000E+03,  8.52174217079745E-01,  7.12436750000000E-01,  6.83489997155958E+00,  3.00790000000009E+02,  2.72994229173485E+02,  5.72023150365645E+02
 2.01933333300000E+03,  9.29190831998958E-01,  7.57081250000000E-01,  6.87550533748517E+00,  3.00970000000009E+02,  2.78241718895129E+02,  6.94811018825030E+02
 2.01941666700000E+03,  8.76665356392446E-01,  8.45863500000000E-01,  6.91586828406401E+00,  3.01150000000009E+02,  3.27452177314593E+02,  6.72064153734463E+02
 2.01950000000000E+03,  6.96417333460818E-01,  8.44796000000000E-01,  6.95598625265209E+00,  3.01330000000009E+02,  2.36193235027022E+02,  4.72114461225091E+02
 2.01958333300000E+03,  4.55647535440254E-01,  7.63060500000000E-01,  6.99585671088189E+00,  3.01510000000009E+02,  2.44687496301007E+02,  5.07181003903193E+02
 2.01966666700000E+03,  2.68017288718823E-01,  7.93887000000000E-01,  4.65731062314407E+00,  3.01690000000009E+02,  1.67518009322950E+02,  3.62607265501018E+02
 2.01975000000000E+03,  1.97923512962465E-01,  9.47014500000000E-01,  4.66125097483285E+00,  3.01870000000009E+02,  2.13085421991870E+02,  2.21657382152540E+02
 2.01983333300000E+03,  1.96677369373708E-01,  9.93706250000000E-01,  4.66488905729714E+00,  3.02050000000009E+02,  1.81342115651876E+02,  2.23796115680727E+02
 2.01991666700000E+03,  2.11641538970634E-01,  9.57040000000000E-01,  4.66822335325368E+00,  3.02230000000009E+02,  1.49123073785483E+02,  2.32435265787259E+02
 2.02000000000000E+03,  2.27272845036072E-01,  9.46091000000000E-01,  4.67125236878620E+00,  3.02410000000009E+02,  1.54282954935803E+02,  1.95348635710611E+02
 2.02008333300000E+03,  2.29293570177306E-01,  8.77882000000000E-01,  4.67397463357403E+00,  3.02590000000009E+02,  1.83919414233870E+02,  1.53903645242244E+02
 2.02016666700000E+03,  2.13228245232484E-01,  7.77498000000000E-01,  4.67638870111821E+00,  3.02770000000009E+02,  1.61912572406700E+02,  1.22879821632691E+02
 2.02025000000000E+03,  1.86818631726792E-01,  6.12214000000000E-01,  4.67849314896507E+00,  3.02950000000009E+02,  1.42796182210320E+02,  1.23418381810883E+02
 2.02033333300000E+03,  1.64973181720234E-01,  3.91386500000000E-01,  4.68028657892731E+00,  3.03130000000009E+02,  1.52049373510856E+02,  1.82113956534884E+02
 2.02041666700000E+03,  1.60428714342722E-01,  3.15218750000000E-01,  4.68176761730246E+00,  3.03310000000009E+02,  1.97997187056356E+02,  2.47767019398112E+02
 2.02050000000000E+03,  1.75953518063856E-01,  2.74872750000000E-01,  4.68293491508878E+00,  3.03490000000009E+02,  1.69705850955464E+02,  5.79163538589945E+02
 2.02058333300000E+03,  6.75560651877796E-02,  1.11912250000000E-01,  4.68378714819852E+00,  3.03670000000009E+02,  1.36247416197135E+02,  6.21605767293819E+02
 2.02066666700000E+03, -1.97484755986884E-01, -1.40193000000000E-01,  4.87434656627276E+00,  3.03850000000009E+02,  1.56380472664565E+02,  6.59556204844076E+02
 2.02075000000000E+03, -3.66542971582596E-01, -3.52839750000000E-01,  4.85567785804970E+00,  3.04030000000009E+02,  2.05633988189605E+02,  6.84347136744539E+02
 2.02083333300000E+03, -4.00549436566722E-01, -4.32607000000000E-01,  4.83710457926084E+00,  3.04210000000009E+02,  1.81575702264074E+02,  6.45882704911729E+02
 2.02091666700000E+03, -4.01070066236262E-01, -5.62151000000000E-01,  4.81862652340364E+00,  3.04390000000009E+02,  1.88727154177244E+02,  3.51583382187247E+02
 2.02100000000000E+03, -3.65886353822594E-01, -7.16548250000000E-01,  4.80024346004397E+00,  3.04570000000009E+02,  2.42144053380581E+02,  3.60256608279166E+02
 2.02108333300000E+03, -2.98368569053302E-01, -6.73485500000000E-01,  4.78195513490694E+00,  3.04750000000009E+02,  2.19451171660595E+02,  3.10446455292329E+02
 2.02116666700000E+03, -2.06495609512247E-01, -4.51974500000000E-01,  4.76376126997114E+00,  3.04930000000009E+02,  1.58439247001320E+02,  2.48256194432783E+02
 2.02125000000000E+03, -1.00506658288031E-01, -2.13988250000000E-01,  4.74566156356599E+00,  3.05110000000009E+02,  1.84149703173866E+02,  3.70404580826631E+02
 2.02133333300000E+03,  9.44217891358782E-03, -3.16312500000000E-02,  4.72765569047248E+00,  3.05290000000009E+02,  1.87174953208627E+02,  4.36708309217942E+02
 2.02141666700000E+03,  1.14447967442070E-01,  7.91210000000000E-02,  4.70974330202698E+00,  3.05470000000009E+02,  1.33331428366269E+02,  5.41118527991042E+02
 2.02150000000000E+03,  2.06855871221416E-01,  6.62507500000000E-02,  4.69192402622837E+00,  3.05650000000009E+02,  1.65700303514259E+02,  5.87164428693004E+02
 2.02158333300000E+03,  1.21096371647769E-01, -1.71802500000000E-02,  4.67419746784834E+00,  3.05830000000009E+02,  1.57032248835521E+02,  5.51192493415511E+02
 2.02166666700000E+03, -1.47846774358115E-01, -1.33549500000000E-01,  4.83482593047140E+00,  3.06010000000009E+02,  1.11382349138218E+02,  4.35255401603595E+02
 2.02175000000000E+03, -2.52004573271944E-01, -2.55408500000000E-01,  4.80201231269905E+00,  3.06190000000009E+02,  1.43581635246728E+02,  4.68951270559891E+02
 2.02183333300000E+03, -1.34100912805137E-01, -3.57399750000000E-01,  4.76905047942004E+00,  3.06370000000009E+02,  2.12106816069713E+02,  4.62938998348311E+02
 2.02191666700000E+03,  4.99293958833291E-02, -3.63796000000000E-01,  4.73594143922856E+00,  3.06550000000009E+02,  2.09199080695834E+02,  6.02705279741276E+02
 2.02200000000000E+03,  2.46044063285490E-01, -2.20325250000000E-01,  4.70268622859160E+00,  3.06730000000009E+02,  3.01316697798969E+02,  8.31691140218195E+02
 2.02208333300000E+03,  3.93036147995394E-01, -2.16179250000000E-01,  4.66928591179659E+00,  3.06910000000009E+02,  3.82439208442304E+02,  7.69626157496017E+02
 2.02216666700000E+03,  4.46507738222437E-01, -4.01608500000000E-01,  4.63574158089529E+00,  3.07090000000009E+02,  3.66290880819692E+02,  7.70286663167947E+02
 2.02225000000000E+03,  3.97520685497359E-01, -5.22145250000000E-01,  4.60205435564385E+00,  3.07270000000009E+02,  2.99559157772706E+02,  6.30627317707574E+02
 2.02233333300000E+03,  2.77275694028793E-01, -5.39865250000000E-01,  4.56822538343923E+00,  3.07450000000009E+02,  2.90882763807367E+02,  4.79127609541985E+02
 2.02241666700000E+03,  1.44787724140234E-01, -4.86728000000000E-01,  4.53425583925166E+00,  3.07630000000009E+02,  2.36855035230351E+02,  3.82271333723785E+02
 2.02250000000000E+03,  6.22748736367183E-02, -4.76699000000000E-01,  4.50014692555354E+00,  3.07810000000009E+02,  2.06367771946036E+02,  4.39924454987469E+02
 2.02258333300000E+03, -3.28460064521421E-02, -5.72599750000000E-01,  4.46589987224449E+00,  3.07990000000009E+02,  2.63529310000345E+02,  3.40895749526272E+02
 2.02266666700000E+03, -1.86070859257487E-01, -6.57416000000000E-01,  4.84035358179912E+00,  3.08170000000009E+02,  3.17820116817355E+02,  5.89390036638016E+02
 2.02275000000000E+03, -2.70147783747415E-01, -6.18330250000000E-01,  4.82185884936233E+00,  3.08350000000009E+02,  3.63100872287544E+02,  7.73034424051105E+02
 2.02283333300000E+03, -2.67364985413849E-01, -4.98407250000000E-01,  4.80345915154406E+00,  3.08530000000009E+02,  3.72728583247043E+02,  6.49912007098466E+02
 2.02291666700000E+03, -2.39319462049963E-01, -4.43656750000000E-01,  4.78515423824199E+00,  3.08710000000009E+02,  3.22652200711732E+02,  6.72416717190491E+02
 2.02300000000000E+03, -1.82201797087043E-01, -4.46261250000000E-01,  4.76694383559052E+00,  3.08890000000009E+02,  3.34575777062613E+02,  8.12815281393652E+02
 2.02308333300000E+03, -9.61495851667309E-02, -3.52295500000000E-01,  4.74882764605759E+00,  3.09070000000009E+02,  2.57387327015095E+02,  5.96073412363296E+02
 2.02316666700000E+03,  1.27658965640380E-02, -6.17500000000000E-02,  4.73080534854478E+00,  3.09250000000009E+02,  3.40757742692301E+02,  6.97517583671923E+02
 2.02325000000000E+03,  1.32694182054481E-01,  2.58763250000000E-01,  4.71287659849068E+00,  3.09430000000009E+02,  2.90855896058922E+02,  8.93967961049242E+02
 2.02333333300000E+03,  2.48059938905835E-01,  4.89825750000000E-01,  4.69504102797732E+00,  3.09610000000009E+02,  3.84120674143103E+02,  9.84937554005415E+02
 2.02341666700000E+03,  3.42657280514062E-01,  7.13969000000000E-01,  4.67729824584002E+00,  3.09790000000009E+02,  3.30799263826736E+02,  8.68864097425065E+02
 2.02350000000000E+03,  4.03074871219473E-01,  9.45351250000000E-01,  4.65964783778018E+00,  3.09970000000009E+02,  4.81918218947059E+02,  8.85901845368491E+02
 2.02358333300000E+03,  6.93287223960840E-01,  1.16892525000000E+00,  4.64208936648144E+00,  3.10150000000009E+02,  3.51188648196252E+02,  5.41347301650604E+02
 2.02366666700000E+03,  1.19962265831547E+00,  1.28919000000000E+00, -9.81493090189669E+00,  3.10330000000009E+02,  3.54213915055606E+02,  4.08317741424075E+02
 2.02375000000000E+03,  1.35787010825959E+00,  1.33669500000000E+00, -9.78120891942788E+00,  3.10510000000009E+02,  3.05496356027519E+02,  3.26711946819661E+02
 2.02383333300000E+03,  1.17679264884183E+00,  1.38233250000000E+00, -9.74763503058328E+00,  3.10690000000009E+02,  3.10222059788939E+02,  6.08857635941992E+02
 2.02391666700000E+03,  9.78295676195650E-01,  1.40565000000000E+00, -9.71421032236845E+00,  3.10870000000009E+02,  2.02448350634774E+02,  6.23792750914240E+02
 2.02400000000000E+03,  8.20580089335327E-01,  1.40416500000000E+00, -9.68093585288325E+00,  3.11050000000009E+02,  4.26054501012003E+02,  9.66734389981836E+02
 2.02408333300000E+03,  7.39652041910422E-01,  1.27338750000000E+00, -9.64781265127430E+00,  3.11230000000009E+02,  2.74478181907993E+02,  3.76067262466739E+02
 2.02416666700000E+03,  7.23825875491033E-01,  1.06701000000000E+00, -9.61484171769154E+00,  3.11410000000009E+02,  1.26704309031451E+03,  1.82507090551197E+03
