 1.88000000000000E+03,  1.10089530785818E+00,  8.70000000000000E-01,  1.36700377144892E+00,  1.00000000000000E-02,  5.37674263186147E+05,  1.03480598469908E+06
 1.88008333300000E+03,  1.31562749198520E+00,  5.42500000000000E-01,  1.39133921620673E+00,  1.90000000000000E-01,  3.63626537628872E+04,  5.80359114582282E+04
 1.88016666700000E+03,  1.50417947452990E+00,  4.70000000000000E-01,  1.41611820525466E+00,  3.70000000000000E-01,  1.20789432051407E+05,  2.29193332646763E+05
 1.88025000000000E+03,  1.61532913386421E+00, -2.07500000000000E-01,  1.44095799195630E+00,  5.50000000000000E-01,  1.45118121066119E+04,  2.36937473957249E+04
 1.88033333300000E+03,  1.62905731105860E+00, -7.15000000000000E-01,  1.46585721804189E+00,  7.30000000000000E-01,  9.25792127054141E+03,  1.41923724306691E+04
 1.88041666700000E+03,  1.59010954892748E+00, -5.00000000000000E-03,  1.49081450241707E+00,  9.10000000000000E-01,  2.25964508201686E+04,  2.11627216261207E+04
 1.88050000000000E+03,  1.56677490442500E+00,  9.25000000000000E-01,  1.51582844129955E+00,  1.09000000000000E+00,  3.68852312429043E+04,  3.61544075570458E+04
 1.88058333300000E+03,  1.61359994264991E+00,  1.55000000000000E+00,  1.54089760835897E+00,  1.27000000000000E+00,  3.71842000303413E+04,  4.27308833175017E+04
 1.88066666700000E+03,  1.69518218379642E+00,  2.21000000000000E+00,  2.54574681008327E+00,  1.45000000000000E+00,  4.06037706255763E+04,  5.55364370503464E+04
 1.88075000000000E+03,  1.70196447896410E+00,  2.26250000000000E+00,  2.57161604407758E+00,  1.63000000000000E+00,  4.25397734919180E+04,  5.40145579437362E+04
 1.88083333300000E+03,  1.61319931293711E+00,  1.20750000000000E+00,  2.59746461471290E+00,  1.81000000000000E+00,  2.94556485556755E+04,  4.45158183095705E+04
 1.88091666700000E+03,  1.61229598137991E+00,  4.75000000000000E-01,  2.62329031394929E+00,  1.99000000000000E+00,  1.45393381324281E+04,  3.09985767052575E+04
 1.88100000000000E+03,  1.77386749882822E+00,  1.05000000000000E+00,  2.64909091999613E+00,  2.17000000000000E+00,  1.30738896920729E+04,  2.38895534420056E+04
 1.88108333300000E+03,  1.88602649771707E+00,  1.62250000000000E+00,  2.67486419757268E+00,  2.35000000000000E+00,  9.51188087890425E+03,  1.24987149271273E+04
 1.88116666700000E+03,  1.87567845359429E+00,  1.92000000000000E+00,  2.70060789817064E+00,  2.53000000000000E+00,  7.22630103996982E+03,  1.34263806221747E+04
 1.88125000000000E+03,  1.76992986276087E+00,  1.97500000000000E+00,  2.72631976031886E+00,  2.71000000000000E+00,  9.44833467247421E+03,  1.51106748850832E+04
 1.88133333300000E+03,  1.55433430821138E+00,  1.53250000000000E+00,  2.75199750985005E+00,  2.89000000000000E+00,  6.84656201478108E+03,  1.02029626078768E+04
 1.88141666700000E+03,  1.30807796664767E+00,  1.01500000000000E+00,  2.77763886016961E+00,  3.07000000000000E+00,  6.87105333626221E+03,  9.79637414335134E+03
 1.88150000000000E+03,  1.14290558258437E+00,  5.62500000000000E-01,  2.80324151252635E+00,  3.25000000000000E+00,  5.88934418057675E+03,  8.50300489982332E+03
 1.88158333300000E+03,  1.02950011821172E+00,  2.97500000000000E-01,  2.82880315628521E+00,  3.43000000000000E+00,  4.53183517303885E+03,  7.63216887639620E+03
 1.88166666700000E+03,  9.94406438274848E-01, -6.50000000000000E-02, -3.90118125979399E+00,  3.61000000000000E+00,  1.01102329158332E+03,  4.13614241326022E+03
 1.88175000000000E+03,  1.19020088173318E+00, -1.05500000000000E+00, -3.94685572611678E+00,  3.79000000000000E+00,  1.91700811747156E+03,  3.61162284212207E+03
 1.88183333300000E+03,  1.46055802866961E+00, -1.82500000000000E+00, -3.99234128502235E+00,  3.97000000000000E+00,  1.85876356727773E+03,  3.46970699551086E+03
 1.88191666700000E+03,  1.54960557744521E+00, -1.45500000000000E+00, -4.03763465480962E+00,  4.15000000000000E+00,  2.87702004109095E+03,  7.98124812408566E+03
 1.88200000000000E+03,  1.41245972472619E+00, -1.02750000000000E+00, -4.08273256994260E+00,  4.33000000000000E+00,  3.03616131725570E+03,  8.88808265465306E+03
 1.88208333300000E+03,  1.11611659320141E+00, -7.90000000000000E-01, -4.12763178136154E+00,  4.51000000000000E+00,  2.74409526381749E+03,  8.13961777642202E+03
 1.88216666700000E+03,  7.88072292666153E-01, -6.20000000000000E-01, -4.17232905679225E+00,  4.69000000000000E+00,  1.87557960844479E+03,  9.08057362584787E+03
 1.88225000000000E+03,  5.48763648891463E-01, -9.37500000000000E-01, -4.21682118105367E+00,  4.87000000000000E+00,  2.24676859411398E+03,  1.20182973409025E+04
 1.88233333300000E+03,  4.60960373693703E-01, -8.60000000000000E-01, -4.26110495636346E+00,  5.05000000000000E+00,  1.11537894401076E+03,  7.68830040798325E+03
 1.88241666700000E+03,  5.04764614919308E-01, -6.25000000000000E-02, -4.30517720264180E+00,  5.23000000000000E+00,  7.29135919464680E+02,  6.86996513879391E+03
 1.88250000000000E+03,  5.82508923343434E-01,  5.90000000000000E-01, -4.34903475781314E+00,  5.41000000000000E+00,  7.43687201115924E+02,  6.72086446379303E+03
 1.88258333300000E+03,  1.38189161672555E+00,  7.17500000000000E-01, -4.39267447810611E+00,  5.59000000000000E+00,  1.03675356164650E+03,  7.18483902562995E+03
 1.88266666700000E+03,  2.91070060300554E+00,  4.60000000000000E-01,  3.26192193764060E+00,  5.77000000000000E+00,  2.46535403398601E+03,  7.56981450183847E+03
 1.88275000000000E+03,  3.62453899413311E+00,  1.82500000000000E-01,  3.24779001300264E+00,  5.95000000000000E+00,  3.37041637647190E+03,  6.83111687863626E+03
 1.88283333300000E+03,  3.46209894741599E+00,  1.95000000000000E-01,  3.23363725722942E+00,  6.13000000000000E+00,  4.28197363345869E+03,  6.93912094441526E+03
 1.88291666700000E+03,  3.18147464190640E+00,  1.22500000000000E-01,  3.21946194569295E+00,  6.31000000000000E+00,  4.83911023528271E+03,  1.24726538542342E+04
 1.88300000000000E+03,  2.84847777648998E+00, -4.82500000000000E-01,  3.20526235224371E+00,  6.49000000000000E+00,  4.59691940080820E+03,  1.15800015529774E+04
 1.88308333300000E+03,  2.54561393560269E+00, -1.19750000000000E+00,  3.19103674951059E+00,  6.67000000000000E+00,  2.62036130559038E+03,  8.22553708266822E+03
 1.88316666700000E+03,  2.32349682462187E+00, -9.80000000000000E-01,  3.17678340920087E+00,  6.85000000000000E+00,  3.33599900177898E+03,  8.28522310820623E+03
 1.88325000000000E+03,  2.19522730751478E+00, -3.50000000000000E-02,  3.16250060240056E+00,  7.03000000000000E+00,  2.40745899576783E+03,  8.81674142882021E+03
 1.88333333300000E+03,  2.15954865578367E+00,  2.87500000000000E-01,  3.14818659987474E+00,  7.21000000000000E+00,  2.44730124637713E+03,  4.92327974114207E+03
 1.88341666700000E+03,  2.20952039993804E+00, -4.75000000000000E-02,  3.13383967236818E+00,  7.39000000000000E+00,  2.47819116549118E+03,  6.99639959283400E+03
 1.88350000000000E+03,  2.31101487216649E+00, -1.20000000000000E-01,  3.11945809090589E+00,  7.57000000000000E+00,  2.58198841840621E+03,  6.99866238745324E+03
 1.88358333300000E+03,  2.33715629300186E+00, -1.17500000000000E-01,  3.10504012709383E+00,  7.75000000000000E+00,  9.46847699569654E+02,  6.02766371292499E+03
 1.88366666700000E+03,  2.21278999475701E+00, -5.62500000000000E-01, -7.33180091547666E+00,  7.93000000000000E+00,  8.88319238420334E+02,  4.90134379437731E+03
 1.88375000000000E+03,  1.99706110181596E+00, -6.77500000000000E-01, -7.33504874712135E+00,  8.11000000000000E+00,  3.00589252551702E+02,  3.08642270772092E+03
 1.88383333300000E+03,  1.68897061822852E+00,  1.55000000000000E-01, -7.33790682307146E+00,  8.29000000000000E+00,  4.53907563050948E+02,  1.13527828354649E+03
 1.88391666700000E+03,  1.32233515123011E+00,  8.72500000000000E-01, -7.34037431786627E+00,  8.47000000000000E+00,  4.17816943976081E+02,  1.10852051730345E+03
 1.88400000000000E+03,  1.03077168858550E+00,  2.77500000000000E-01, -7.34245043767053E+00,  8.65000000000000E+00,  5.39218316453381E+02,  1.67453566568687E+03
 1.88408333300000E+03,  8.88389820629486E-01, -7.67500000000000E-01, -7.34413442039816E+00,  8.82999999999999E+00,  1.60505454160636E+03,  4.01693301396649E+03
 1.88416666700000E+03,  8.67928645478245E-01, -9.17500000000000E-01, -7.34542553583263E+00,  9.00999999999999E+00,  2.66246962619947E+03,  6.80931641849342E+03
 1.88425000000000E+03,  8.89987689359889E-01, -5.62500000000000E-01, -7.34632308574381E+00,  9.18999999999999E+00,  2.66181422476530E+03,  6.47601408759583E+03
 1.88433333300000E+03,  9.08687228409957E-01,  8.75000000000000E-02, -7.34682640400159E+00,  9.36999999999999E+00,  3.80730855482170E+03,  8.63442918111351E+03
 1.88441666700000E+03,  9.46698678595875E-01,  6.30000000000000E-01, -7.34693485668592E+00,  9.54999999999999E+00,  4.99377389982824E+03,  9.78713433270076E+03
 1.88450000000000E+03,  1.04761206617093E+00,  3.12500000000000E-01, -7.34664784219352E+00,  9.72999999999999E+00,  4.03926834723631E+03,  8.28424273017607E+03
 1.88458333300000E+03,  8.65363497524754E-01, -3.50000000000000E-01, -7.34596479134111E+00,  9.90999999999999E+00,  3.41100653031977E+03,  6.54082500986660E+03
 1.88466666700000E+03,  2.43327648352559E-01, -9.87500000000000E-01, -4.48066503324256E+00,  1.00900000000000E+01,  3.51761900455847E+03,  7.25137360745280E+03
 1.88475000000000E+03, -2.66385681559855E-01, -1.79750000000000E+00, -4.51752038013709E+00,  1.02700000000000E+01,  2.53339875429054E+03,  5.19016858058819E+03
 1.88483333300000E+03, -5.09614297404713E-01, -2.19250000000000E+00, -4.55426213666445E+00,  1.04500000000000E+01,  1.40418183735831E+03,  4.27347111023257E+03
 1.88491666700000E+03, -6.31103467484524E-01, -1.42750000000000E+00, -4.59088736680063E+00,  1.06300000000000E+01,  1.33197276210634E+03,  3.41779097053748E+03
 1.88500000000000E+03, -5.77910611776285E-01, -3.42500000000000E-01, -4.62739313315628E+00,  1.08100000000000E+01,  8.92422095030225E+02,  2.90764016642490E+03
 1.88508333300000E+03, -3.98964897652312E-01,  1.35000000000000E-01, -4.66377649730290E+00,  1.09900000000000E+01,  1.42959706674783E+03,  2.87907468394836E+03
 1.88516666700000E+03, -2.29397559249486E-01, -5.20000000000000E-01, -4.70003452009961E+00,  1.11700000000000E+01,  1.56677715682074E+03,  4.05154758103105E+03
 1.88525000000000E+03, -1.92389475987707E-01, -1.58250000000000E+00, -4.73616426202042E+00,  1.13500000000000E+01,  2.06445655194152E+03,  4.05187868680896E+03
 1.88533333300000E+03, -2.96101275610648E-01, -1.61250000000000E+00, -4.77216278348204E+00,  1.15300000000000E+01,  2.30369933706617E+03,  4.27267125996136E+03
 1.88541666700000E+03, -4.19763616910921E-01, -9.60000000000000E-01, -4.80802714517207E+00,  1.17100000000000E+01,  2.67559936685274E+03,  4.50155302967402E+03
 1.88550000000000E+03, -4.09516217817281E-01,  7.50000000000006E-03, -4.84375440837760E+00,  1.18900000000000E+01,  2.00143748756956E+03,  3.88402788559160E+03
 1.88558333300000E+03,  1.30614316723877E-01,  7.67500000000000E-01, -4.87934163531423E+00,  1.20700000000000E+01,  1.78866957659173E+03,  2.61843875295110E+03
 1.88566666700000E+03,  1.05664089842545E+00,  7.12500000000000E-01, -5.95290325944393E+00,  1.22500000000000E+01,  1.95243301780602E+03,  3.68170229687009E+03
 1.88575000000000E+03,  1.47210601627464E+00,  4.55000000000000E-01, -5.98489549762140E+00,  1.24300000000000E+01,  2.03914860253265E+03,  4.63999243853225E+03
 1.88583333300000E+03,  1.34566666911770E+00,  4.05000000000000E-01, -6.01655627610903E+00,  1.26100000000000E+01,  1.89924661786171E+03,  4.18789227475960E+03
 1.88591666700000E+03,  1.15076039754275E+00,  7.07500000000000E-01, -6.04788351291581E+00,  1.27900000000000E+01,  1.64466136528815E+03,  3.97372652187636E+03
 1.88600000000000E+03,  1.03883123796392E+00,  1.23750000000000E+00, -6.07887515528354E+00,  1.29700000000000E+01,  1.79568233506020E+03,  4.44458933750158E+03
 1.88608333300000E+03,  1.09374920974561E+00,  1.60250000000000E+00, -6.10952917986491E+00,  1.31500000000000E+01,  1.41185583738248E+03,  3.17872716420930E+03
 1.88616666700000E+03,  1.28965788681719E+00,  1.93750000000000E+00, -6.13984359289843E+00,  1.33300000000000E+01,  1.14279203678796E+03,  3.36103217966626E+03
 1.88625000000000E+03,  1.54358589839352E+00,  2.26750000000000E+00, -6.16981643038005E+00,  1.35100000000000E+01,  1.09969908373039E+03,  5.25842553541861E+03
 1.88633333300000E+03,  1.80346369101220E+00,  2.38500000000000E+00, -6.19944575823156E+00,  1.36900000000000E+01,  2.24110624060770E+03,  7.54731646830081E+03
 1.88641666700000E+03,  2.08182503504621E+00,  2.40250000000000E+00, -6.22872967246572E+00,  1.38700000000000E+01,  2.09405074388937E+03,  7.63679109805146E+03
 1.88650000000000E+03,  2.40426655592995E+00,  2.08250000000000E+00, -6.25766629934803E+00,  1.40500000000000E+01,  1.68685360294357E+03,  7.06848966934607E+03
 1.88658333300000E+03,  2.89920088979299E+00,  1.12750000000000E+00, -6.28625379555530E+00,  1.42300000000000E+01,  2.18916331313577E+03,  6.21597471546320E+03
 1.88666666700000E+03,  3.38159084357336E+00,  3.12500000000000E-01,  3.20796561572660E+00,  1.44100000000000E+01,  2.26088464430520E+03,  4.38019339228165E+03
 1.88675000000000E+03,  3.37413319442384E+00,  6.50000000000000E-02,  3.17413300971685E+00,  1.45900000000000E+01,  1.25075062079319E+03,  2.90285622815913E+03
 1.88683333300000E+03,  3.00644563419593E+00,  2.25000000000000E-02,  3.13999928878652E+00,  1.47700000000000E+01,  1.32157015302549E+03,  2.38025346212935E+03
 1.88691666700000E+03,  2.63230585744157E+00, -1.92500000000000E-01,  3.10556632250361E+00,  1.49500000000000E+01,  2.14180965165558E+03,  3.03642787104524E+03
 1.88700000000000E+03,  2.34066365673083E+00, -5.70000000000000E-01,  3.07083601021713E+00,  1.51300000000000E+01,  1.96351947103891E+03,  3.33646124536889E+03
 1.88708333300000E+03,  2.14652570356217E+00, -5.45000000000000E-01,  3.03581028090900E+00,  1.53100000000000E+01,  1.90748622763520E+03,  3.37633904371265E+03
 1.88716666700000E+03,  1.98209488869198E+00, -3.02500000000000E-01,  3.00049109304247E+00,  1.54900000000000E+01,  1.84944488190228E+03,  3.04351050485150E+03
 1.88725000000000E+03,  1.77409664146042E+00, -7.75000000000000E-02,  2.96488043440730E+00,  1.56700000000000E+01,  2.51591318039318E+03,  5.33572203265791E+03
 1.88733333300000E+03,  1.53663014571418E+00,  8.10000000000000E-01,  2.92898032196144E+00,  1.58500000000000E+01,  1.93566864689797E+03,  4.94939192693174E+03
 1.88741666700000E+03,  1.38527193971716E+00,  2.25750000000000E+00,  2.89279280166953E+00,  1.60300000000000E+01,  1.76497285241113E+03,  4.23849354395042E+03
 1.88750000000000E+03,  1.44728970196582E+00,  2.95250000000000E+00,  2.85631994833796E+00,  1.62100000000000E+01,  1.82803659830905E+03,  4.87802784865796E+03
 1.88758333300000E+03,  1.94813678124897E+00,  2.46250000000000E+00,  2.81956386544667E+00,  1.63900000000000E+01,  1.85516288009122E+03,  4.78416192485632E+03
 1.88766666700000E+03,  2.71515314381341E+00,  2.10000000000000E+00, -4.53390233950611E-01,  1.65700000000000E+01,  1.10272336360192E+03,  2.45688803535082E+03
 1.88775000000000E+03,  3.09689646417416E+00,  2.26250000000000E+00, -4.87458438388497E-01,  1.67500000000000E+01,  1.20428267353984E+03,  3.00414032160840E+03
 1.88783333300000E+03,  3.01737404647973E+00,  2.20000000000000E+00, -5.21658572942454E-01,  1.69300000000000E+01,  1.15031677271521E+03,  3.50801933104767E+03
 1.88791666700000E+03,  2.75681200193015E+00,  2.19750000000000E+00, -5.55989408801087E-01,  1.71100000000000E+01,  1.29966466125541E+03,  2.60812839691428E+03
 1.88800000000000E+03,  2.43877142270876E+00,  2.30250000000000E+00, -5.90449691285835E-01,  1.72900000000000E+01,  1.49149293671515E+03,  2.39265298229431E+03
 1.88808333300000E+03,  2.17308136128949E+00,  2.33000000000000E+00, -6.25038139933354E-01,  1.74700000000000E+01,  2.06519693391246E+03,  2.73617331434160E+03
 1.88816666700000E+03,  1.99939905024271E+00,  2.26750000000000E+00, -6.59753448581350E-01,  1.76500000000000E+01,  3.33949153840068E+03,  5.09170516298638E+03
 1.88825000000000E+03,  1.90886508633583E+00,  1.83750000000000E+00, -6.94594285457803E-01,  1.78300000000000E+01,  3.80731025965547E+03,  5.87444895736832E+03
 1.88833333300000E+03,  1.90049956645981E+00,  1.84750000000000E+00, -7.29559293273627E-01,  1.80100000000000E+01,  4.10808473490017E+03,  7.09811657686025E+03
 1.88841666700000E+03,  1.99768861146876E+00,  2.31250000000000E+00, -7.64647089318701E-01,  1.81900000000000E+01,  3.85843426105879E+03,  8.57200154555137E+03
 1.88850000000000E+03,  2.20108509738778E+00,  2.19250000000000E+00, -7.99856265561309E-01,  1.83700000000000E+01,  3.41628128864984E+03,  8.63612699139583E+03
 1.88858333300000E+03,  2.08023155331598E+00,  1.83750000000000E+00, -8.35185388750955E-01,  1.85500000000000E+01,  2.03592233898448E+03,  5.70857634186002E+03
 1.88866666700000E+03,  1.61078999744668E+00,  2.01500000000000E+00,  6.98511706162811E+00,  1.87300000000000E+01,  1.81181351323495E+03,  4.65061033872033E+03
 1.88875000000000E+03,  1.57072524050994E+00,  2.23250000000000E+00,  7.02667272732437E+00,  1.89100000000000E+01,  1.78607760595470E+03,  5.32629194621036E+03
 1.88883333300000E+03,  1.94168342674400E+00,  1.74250000000000E+00,  7.06797832389256E+00,  1.90900000000000E+01,  1.83992227110570E+03,  5.93178204262397E+03
 1.88891666700000E+03,  2.30810046877351E+00,  1.57500000000000E+00,  7.10903124266169E+00,  1.92700000000000E+01,  2.02605409739810E+03,  7.30281823720710E+03
 1.88900000000000E+03,  2.63574597138166E+00,  2.25500000000000E+00,  7.14982890182256E+00,  1.94500000000000E+01,  2.68945238597796E+03,  9.30629923175438E+03
 1.88908333300000E+03,  2.86663704489264E+00,  2.87000000000000E+00,  7.19036874665125E+00,  1.96300000000000E+01,  3.60843028554778E+03,  1.05668501710421E+04
 1.88916666700000E+03,  2.94715388290246E+00,  3.21500000000000E+00,  7.23064824972949E+00,  1.98100000000000E+01,  3.36965443516616E+03,  9.45651708829942E+03
 1.88925000000000E+03,  2.88552333548087E+00,  3.31000000000000E+00,  7.27066491116179E+00,  1.99900000000000E+01,  3.67133254684663E+03,  8.81225336452907E+03
 1.88933333300000E+03,  2.78048283615385E+00,  3.04750000000000E+00,  7.31041625878920E+00,  2.01700000000000E+01,  3.21498078206360E+03,  7.26434217617545E+03
 1.88941666700000E+03,  2.76964013002770E+00,  2.23500000000000E+00,  7.34989984839987E+00,  2.03500000000000E+01,  2.29257341719110E+03,  5.17870183811090E+03
 1.88950000000000E+03,  2.91719072964655E+00,  1.31250000000000E+00,  7.38911326393630E+00,  2.05300000000000E+01,  1.34029657294276E+03,  3.88672941048811E+03
 1.88958333300000E+03,  2.50843193294061E+00,  1.05250000000000E+00,  7.42805411769919E+00,  2.07100000000000E+01,  1.24163707853221E+03,  3.02583818725469E+03
 1.88966666700000E+03,  1.41067200300615E+00,  1.14000000000000E+00, -7.05466152866463E+00,  2.08900000000000E+01,  1.42995071435583E+03,  2.30525113680806E+03
 1.88975000000000E+03,  8.51789695400120E-01,  1.34500000000000E+00, -7.06915862102888E+00,  2.10700000000000E+01,  1.99263842830960E+03,  2.57723992638370E+03
 1.88983333300000E+03,  8.76210330172299E-01,  1.40000000000000E+00, -7.08330512857722E+00,  2.12500000000000E+01,  2.05991384899029E+03,  2.68678377891316E+03
 1.88991666700000E+03,  9.14476714763879E-01,  9.02500000000000E-01, -7.09709934376760E+00,  2.14300000000000E+01,  2.38748363775572E+03,  4.11099696907828E+03
 1.89000000000000E+03,  1.01699032318105E+00,  4.42500000000000E-01, -7.11053958543570E+00,  2.16100000000000E+01,  2.64476891029224E+03,  5.20390972606129E+03
 1.89008333300000E+03,  1.17804080386958E+00,  1.77500000000000E-01, -7.12362419901186E+00,  2.17900000000000E+01,  2.98743167748363E+03,  5.33972799918956E+03
 1.89016666700000E+03,  1.33386409980936E+00, -4.17500000000000E-01, -7.13635155673507E+00,  2.19700000000000E+01,  2.48628697151555E+03,  5.14300265155558E+03
 1.89025000000000E+03,  1.42550255716969E+00, -1.11000000000000E+00, -7.14872005786441E+00,  2.21500000000000E+01,  3.39934390800425E+03,  5.71389162610304E+03
 1.89033333300000E+03,  1.46597332634840E+00, -1.25000000000000E+00, -7.16072812888750E+00,  2.23300000000000E+01,  3.09459918159342E+03,  4.78039944878166E+03
 1.89041666700000E+03,  1.53759867853679E+00, -1.39000000000000E+00, -7.17237422372626E+00,  2.25100000000000E+01,  3.41601836663553E+03,  5.25628280152877E+03
 1.89050000000000E+03,  1.71017355256443E+00, -2.15500000000000E+00, -7.18365682393971E+00,  2.26900000000000E+01,  2.92988833482895E+03,  4.32503963022080E+03
 1.89058333300000E+03,  1.37640717857491E+00, -2.66250000000000E+00, -7.19457443892405E+00,  2.28700000000000E+01,  3.07975351284758E+03,  6.56138873803317E+03
 1.89066666700000E+03,  3.60092634832384E-01, -2.13000000000000E+00, -8.59137333836274E+00,  2.30500000000000E+01,  2.68656238037413E+03,  6.23382266261409E+03
 1.89075000000000E+03, -3.29425866076139E-01, -1.61500000000000E+00, -8.63831844129000E+00,  2.32300000000000E+01,  3.55895839923584E+03,  9.28905621215208E+03
 1.89083333300000E+03, -5.58637121440554E-01, -2.05750000000000E+00, -8.68507793570550E+00,  2.34100000000000E+01,  2.86333157807149E+03,  8.92506064686488E+03
 1.89091666700000E+03, -6.31960704340624E-01, -2.48000000000000E+00, -8.73164832972463E+00,  2.35900000000000E+01,  3.50459418702973E+03,  1.05957063084799E+04
 1.89100000000000E+03, -4.15049420887090E-01, -2.08250000000000E+00, -8.77802614778106E+00,  2.37700000000000E+01,  3.42166297544998E+03,  8.25608239051025E+03
 1.89108333300000E+03, -7.86669171912374E-03, -7.97500000000000E-01, -8.82420793096958E+00,  2.39500000000000E+01,  2.83805310987931E+03,  7.98414299430252E+03
 1.89116666700000E+03,  3.32869556207149E-01,  5.70000000000000E-01, -8.87019023738704E+00,  2.41300000000000E+01,  2.02502515754930E+03,  4.01889154317842E+03
 1.89125000000000E+03,  4.04285092927002E-01,  1.31750000000000E+00, -8.91596964247139E+00,  2.43100000000000E+01,  1.99781556059251E+03,  3.00822580585395E+03
 1.89133333300000E+03,  2.24970188757905E-01,  1.70750000000000E+00, -8.96154273933876E+00,  2.44900000000000E+01,  2.65711569936824E+03,  2.59700594198559E+03
 1.89141666700000E+03,  1.52322969191843E-02,  2.00250000000000E+00, -9.00690613911854E+00,  2.46700000000000E+01,  3.25221286983349E+03,  2.40240866001328E+03
 1.89150000000000E+03,  3.53034747177328E-03,  2.00750000000000E+00, -9.05205647128645E+00,  2.48500000000000E+01,  5.20378855159726E+03,  4.10107730627095E+03
 1.89158333300000E+03,  3.08797200167654E-01,  1.26250000000000E+00, -9.09699038399548E+00,  2.50300000000000E+01,  4.75099807466648E+03,  4.44338853285227E+03
 1.89166666700000E+03,  7.03784804020363E-01,  4.87500000000000E-01,  4.85466684767382E+00,  2.52100000000000E+01,  4.59412932504479E+03,  4.43881702967731E+03
 1.89175000000000E+03,  7.86500672192437E-01, -3.15000000000000E-01,  4.85919496752625E+00,  2.53900000000000E+01,  3.21112731583896E+03,  3.35783013153590E+03
 1.89183333300000E+03,  6.11582019544313E-01, -9.47500000000000E-01,  4.86341407832863E+00,  2.55700000000000E+01,  3.49026837379056E+03,  3.40074304411134E+03
 1.89191666700000E+03,  4.67022801504567E-01, -2.15000000000000E-01,  4.86732260381469E+00,  2.57500000000000E+01,  2.08771914493074E+03,  1.47476825238475E+03
 1.89200000000000E+03,  4.84481571059275E-01,  7.95000000000000E-01,  4.87091899135801E+00,  2.59300000000000E+01,  2.19066456650062E+03,  1.22260932346185E+03
 1.89208333300000E+03,  6.56944561021095E-01,  1.14000000000000E+00,  4.87420171220756E+00,  2.61100000000000E+01,  3.53662505608986E+03,  2.53835255722997E+03
 1.89216666700000E+03,  8.51503387327305E-01,  9.30000000000000E-01,  4.87716926172075E+00,  2.62900000000000E+01,  3.20028624726598E+03,  2.72414879433111E+03
 1.89225000000000E+03,  9.32374884227448E-01,  7.50000000000001E-02,  4.87982015959400E+00,  2.64700000000000E+01,  2.53220426398090E+03,  2.86497642228667E+03
 1.89233333300000E+03,  8.83986784720712E-01, -8.62500000000000E-01,  4.88215295009065E+00,  2.66500000000000E+01,  2.02483056968702E+03,  4.99837025957755E+03
 1.89241666700000E+03,  8.20847425552501E-01, -1.54750000000000E+00,  4.88416620226637E+00,  2.68300000000000E+01,  2.84078540898226E+03,  7.74125327486073E+03
 1.89250000000000E+03,  8.73024845494765E-01, -1.75500000000000E+00,  4.88585851019186E+00,  2.70100000000000E+01,  2.42263927534394E+03,  7.38171707337518E+03
 1.89258333300000E+03,  1.21020039746905E+00, -1.56000000000000E+00,  4.88722849317301E+00,  2.71900000000000E+01,  2.46177616017675E+03,  7.91735778920047E+03
 1.89266666700000E+03,  1.75916862977093E+00, -1.65500000000000E+00,  8.29871407410526E-01,  2.73700000000000E+01,  4.17262430336804E+03,  1.26528724371072E+04
 1.89275000000000E+03,  2.09340991069393E+00, -2.00500000000000E+00,  8.02010969990861E-01,  2.75500000000000E+01,  5.18758943373988E+03,  1.18618601778266E+04
 1.89283333300000E+03,  2.07759779171997E+00, -2.15250000000000E+00,  7.73990986805918E-01,  2.77300000000000E+01,  4.81299528880104E+03,  9.14591696998055E+03
 1.89291666700000E+03,  1.86862214719471E+00, -1.70250000000000E+00,  7.45811587163160E-01,  2.79100000000000E+01,  4.70300743872864E+03,  8.75398546095458E+03
 1.89300000000000E+03,  1.59666449573010E+00, -9.57500000000000E-01,  7.17472926588545E-01,  2.80900000000000E+01,  5.54138221013011E+03,  9.62356671075085E+03
 1.89308333300000E+03,  1.36516131761701E+00, -5.02500000000000E-01,  6.88975186888309E-01,  2.82700000000000E+01,  3.96638729268306E+03,  6.10993822889873E+03
 1.89316666700000E+03,  1.20029650714284E+00, -6.07500000000000E-01,  6.60318576207344E-01,  2.84500000000000E+01,  3.56562043268721E+03,  6.19606608235281E+03
 1.89325000000000E+03,  1.08418864531872E+00, -1.09000000000000E+00,  6.31503329084156E-01,  2.86300000000000E+01,  3.52163366612088E+03,  6.65085398080353E+03
 1.89333333300000E+03,  1.02172675095743E+00, -6.17500000000000E-01,  6.02529706502386E-01,  2.88100000000000E+01,  5.54848220613862E+03,  7.71897010377056E+03
 1.89341666700000E+03,  1.05979307684532E+00,  8.67500000000000E-01,  5.73397995938903E-01,  2.89900000000000E+01,  6.21645002941407E+03,  7.77274366679153E+03
 1.89350000000000E+03,  1.23204120788426E+00,  1.74000000000000E+00,  5.44108511408435E-01,  2.91700000000000E+01,  7.06910698887549E+03,  7.46795174654423E+03
 1.89358333300000E+03,  1.41755298689862E+00,  1.51250000000000E+00,  5.14661593504762E-01,  2.93500000000000E+01,  9.76627202459047E+03,  1.02121017749004E+04
 1.89366666700000E+03,  1.51188023375020E+00,  6.42500000000000E-01,  8.31427130769318E-02,  2.95300000000000E+01,  1.02993507559696E+04,  1.24834249379403E+04
 1.89375000000000E+03,  1.54503142287132E+00,  2.00000000000000E-02,  1.02857670675497E-01,  2.97100000000000E+01,  8.16097408915183E+03,  1.14892253852068E+04
 1.89383333300000E+03,  1.43162911698403E+00, -2.92500000000000E-01,  1.22670196545238E-01,  2.98900000000000E+01,  6.63150902213820E+03,  9.44991034134487E+03
 1.89391666700000E+03,  1.14038020095790E+00, -9.62500000000000E-01,  1.42580384777721E-01,  3.00700000000000E+01,  6.16347251116453E+03,  8.97840968385949E+03
 1.89400000000000E+03,  8.06754619384160E-01, -1.41500000000000E+00,  1.62588304623072E-01,  3.02500000000000E+01,  3.66509809106495E+03,  5.47754084795906E+03
 1.89408333300000E+03,  5.30049463055060E-01, -1.53500000000000E+00,  1.82694000423761E-01,  3.04300000000000E+01,  3.02715262491905E+03,  6.04161051886508E+03
 1.89416666700000E+03,  3.25971074750050E-01, -1.92250000000000E+00,  2.02897491551819E-01,  3.06100000000000E+01,  2.33544029151824E+03,  6.15900172100826E+03
 1.89425000000000E+03,  1.65838940423153E-01, -2.64500000000000E+00,  2.23198772349543E-01,  3.07900000000000E+01,  2.31261347353738E+03,  6.24839672854219E+03
 1.89433333300000E+03,  5.02312206377734E-02, -3.17500000000000E+00,  2.43597812073641E-01,  3.09700000000000E+01,  1.55706497952864E+03,  5.93136330290415E+03
 1.89441666700000E+03,  3.31719538843914E-02, -2.94500000000000E+00,  2.64094554842901E-01,  3.11500000000000E+01,  9.25772766138468E+02,  5.27878323853995E+03
 1.89450000000000E+03,  1.67775442229474E-01, -2.40000000000000E+00,  2.84688919589297E-01,  3.13300000000000E+01,  5.03771811767203E+02,  2.29667871596044E+03
 1.89458333300000E+03,  4.78004684684866E-01, -2.18500000000000E+00,  3.05380800012623E-01,  3.15100000000000E+01,  6.64174316362040E+02,  1.48764206673989E+03
 1.89466666700000E+03,  7.89958372847305E-01, -2.43000000000000E+00, -4.99506836174333E+00,  3.16900000000000E+01,  1.23391986016767E+03,  2.31937539488945E+03
 1.89475000000000E+03,  8.11520787940621E-01, -2.89000000000000E+00, -4.98296064006632E+00,  3.18700000000000E+01,  2.62584990636209E+03,  3.11559311990432E+03
 1.89483333300000E+03,  5.48469005358792E-01, -2.83500000000000E+00, -4.97113268853651E+00,  3.20500000000000E+01,  2.85415600009163E+03,  3.06234775875369E+03
 1.89491666700000E+03,  1.86820640025404E-01, -2.07250000000000E+00, -4.95958680578412E+00,  3.22300000000000E+01,  3.52080859497099E+03,  3.80367482125469E+03
 1.89500000000000E+03, -1.36637256828891E-01, -1.22000000000000E+00, -4.94832527111746E+00,  3.24100000000000E+01,  3.57283788179499E+03,  3.95337881430524E+03
 1.89508333300000E+03, -3.40555232449810E-01, -1.23000000000000E+00, -4.93735034418451E+00,  3.25900000000000E+01,  3.32322829840673E+03,  3.03341544277791E+03
 1.89516666700000E+03, -4.41693355098941E-01, -2.12000000000000E+00, -4.92666426463652E+00,  3.27700000000000E+01,  3.21671805106034E+03,  3.07017033499508E+03
 1.89525000000000E+03, -5.06970305501057E-01, -2.49750000000000E+00, -4.91626925179371E+00,  3.29500000000000E+01,  3.86509235481499E+03,  3.27987462306189E+03
 1.89533333300000E+03, -5.69395231129803E-01, -1.89250000000000E+00, -4.90616750431308E+00,  3.31300000000000E+01,  3.88925790507573E+03,  2.49706452949727E+03
 1.89541666700000E+03, -5.94721826763677E-01, -1.09500000000000E+00, -4.89636119985837E+00,  3.33100000000000E+01,  4.07336041456750E+03,  2.74775643453059E+03
 1.89550000000000E+03, -5.30608276962599E-01, -7.30000000000000E-01, -4.88685249477227E+00,  3.34900000000000E+01,  4.00430867835922E+03,  3.20373953595282E+03
 1.89558333300000E+03, -7.34386026693544E-02, -3.35000000000000E-01, -4.87764352375088E+00,  3.36700000000000E+01,  2.92580628898786E+03,  2.42699938385978E+03
 1.89566666700000E+03,  6.65481493284507E-01,  4.45000000000000E-01, -1.57246317548505E+01,  3.38500000000000E+01,  2.59580808816670E+03,  2.78479400273234E+03
 1.89575000000000E+03,  9.60051746512994E-01,  4.05000000000000E-01, -1.57562103705140E+01,  3.40300000000000E+01,  2.10245873393741E+03,  2.30749834307223E+03
 1.89583333300000E+03,  8.56808469528622E-01, -3.52500000000000E-01, -1.57874261272463E+01,  3.42100000000000E+01,  2.35548060790571E+03,  2.64997660744385E+03
 1.89591666700000E+03,  7.94032262965581E-01, -5.52500000000000E-01, -1.58182768691735E+01,  3.43900000000000E+01,  3.10242610936598E+03,  3.55642905495069E+03
 1.89600000000000E+03,  8.65896077282236E-01, -2.45000000000000E-01, -1.58487604745347E+01,  3.45700000000000E+01,  2.87512699304152E+03,  3.50830294725547E+03
 1.89608333300000E+03,  1.07705024529618E+00,  2.75000000000000E-02, -1.58788748558747E+01,  3.47500000000000E+01,  2.20734370265035E+03,  3.05839174958031E+03
 1.89616666700000E+03,  1.32415441866681E+00,  1.30000000000000E-01, -1.59086179602337E+01,  3.49300000000000E+01,  2.70320847398824E+03,  4.30482811987623E+03
 1.89625000000000E+03,  1.46911298974792E+00,  9.07500000000000E-01, -1.59379877693316E+01,  3.51100000000000E+01,  1.97449905080154E+03,  4.80299834657682E+03
 1.89633333300000E+03,  1.44147817714042E+00,  2.00500000000000E+00, -1.59669822997498E+01,  3.52900000000000E+01,  1.52099269158229E+03,  5.07792227592398E+03
 1.89641666700000E+03,  1.27848176581627E+00,  1.97000000000000E+00, -1.59955996031073E+01,  3.54700000000000E+01,  1.45470688407831E+03,  4.70056954339509E+03
 1.89650000000000E+03,  1.07048949134976E+00,  1.30750000000000E+00, -1.60238377662346E+01,  3.56500000000000E+01,  2.06687137115925E+03,  6.12799810678753E+03
 1.89658333300000E+03,  8.24845398656452E-01,  1.56500000000000E+00, -1.60516949113413E+01,  3.58300000000000E+01,  3.34654870812920E+03,  5.23836007043322E+03
 1.89666666700000E+03,  5.75051028450525E-01,  2.29000000000000E+00, -1.18390979672146E+01,  3.60100000000000E+01,  3.57547289569910E+03,  5.35405263392376E+03
 1.89675000000000E+03,  4.06204894445101E-01,  1.81250000000000E+00, -1.18552984785041E+01,  3.61900000000000E+01,  3.23252456121073E+03,  5.14842137831142E+03
 1.89683333300000E+03,  2.47048643988510E-01,  8.80000000000000E-01, -1.18710925818597E+01,  3.63700000000000E+01,  3.73731936335550E+03,  6.17883209637305E+03
 1.89691666700000E+03,  8.19378355164270E-02,  7.02500000000000E-01, -1.18864795634946E+01,  3.65500000000000E+01,  6.01276488162500E+03,  7.09972286028045E+03
 1.89700000000000E+03,  2.99498868880303E-02,  9.75000000000000E-01, -1.19014587457264E+01,  3.67300000000000E+01,  5.37530233785229E+03,  8.67443797938067E+03
 1.89708333300000E+03,  1.34486540418242E-01,  1.72500000000000E+00, -1.19160294870050E+01,  3.69100000000000E+01,  6.06036396867073E+03,  7.18509838626119E+03
 1.89716666700000E+03,  3.32348803731722E-01,  2.57250000000000E+00, -1.19301911819350E+01,  3.70900000000000E+01,  6.69652917288531E+03,  8.95482103947250E+03
 1.89725000000000E+03,  5.14417140761691E-01,  2.50750000000000E+00, -1.19439432612944E+01,  3.72700000000000E+01,  6.45965543997308E+03,  8.57894134035478E+03
 1.89733333300000E+03,  6.19564660189504E-01,  1.78250000000000E+00, -1.19572851920500E+01,  3.74500000000000E+01,  3.58591339094344E+03,  7.14954177032088E+03
 1.89741666700000E+03,  6.72595788894272E-01,  1.24500000000000E+00, -1.19702164773675E+01,  3.76300000000000E+01,  3.68681463252950E+03,  6.09138902576290E+03
 1.89750000000000E+03,  7.34017779043530E-01,  8.77500000000000E-01, -1.19827366566188E+01,  3.78100000000000E+01,  2.78329143183428E+03,  6.15289840840462E+03
 1.89758333300000E+03,  9.30381761837025E-01,  5.50000000000000E-01, -1.19948453053843E+01,  3.79900000000000E+01,  2.22648681824472E+03,  3.22613132895097E+03
 1.89766666700000E+03,  1.25297068717377E+00,  5.70000000000000E-01, -1.03429438797679E+00,  3.81700000000000E+01,  2.51459822580274E+03,  2.83036742499150E+03
 1.89775000000000E+03,  1.46195324289207E+00,  5.62500000000000E-01, -1.06262496877603E+00,  3.83500000000000E+01,  3.11217668123116E+03,  2.39518979717958E+03
 1.89783333300000E+03,  1.50557139332776E+00,  1.87500000000000E-01, -1.09129698890864E+00,  3.85300000000000E+01,  1.86082976354509E+03,  1.93279923381734E+03
 1.89791666700000E+03,  1.50252443475441E+00, -4.00000000000000E-02, -1.12030909607883E+00,  3.87100000000000E+01,  2.65593784818309E+03,  2.05393228375831E+03
 1.89800000000000E+03,  1.52621463479019E+00,  1.30000000000000E-01, -1.14965990393022E+00,  3.88900000000000E+01,  2.47838236346389E+03,  1.74691460286629E+03
 1.89808333300000E+03,  1.60874603021332E+00,  6.12500000000000E-01, -1.17934799213488E+00,  3.90700000000000E+01,  2.95040186501630E+03,  2.42859235422600E+03
 1.89816666700000E+03,  1.71383177856499E+00,  9.30000000000000E-01, -1.20937190648648E+00,  3.92500000000000E+01,  2.76211676578786E+03,  3.53879256768387E+03
 1.89825000000000E+03,  1.79025215662588E+00,  8.95000000000000E-01, -1.23973015899724E+00,  3.94299999999999E+01,  2.56476340357273E+03,  3.50530610578444E+03
 1.89833333300000E+03,  1.84844679937957E+00,  1.22000000000000E+00, -1.27042122799902E+00,  3.96099999999999E+01,  2.00756265598760E+03,  4.91081471706605E+03
 1.89841666700000E+03,  1.97498741602330E+00,  1.90750000000000E+00, -1.30144355824823E+00,  3.97899999999999E+01,  2.29972645658376E+03,  5.03374476471135E+03
 1.89850000000000E+03,  2.25931359429900E+00,  2.05000000000000E+00, -1.33279556103480E+00,  3.99699999999999E+01,  1.83911151924148E+03,  4.64393408233441E+03
 1.89858333300000E+03,  2.12680248501686E+00,  1.59750000000000E+00, -1.36447561429501E+00,  4.01499999999999E+01,  1.89173842401455E+03,  3.36834359479946E+03
 1.89866666700000E+03,  1.44976833260343E+00,  9.00000000000000E-01, -1.49365475423996E+01,  4.03299999999999E+01,  2.28717729152870E+03,  3.47928937030941E+03
 1.89875000000000E+03,  1.17077935351036E+00, -1.07500000000000E-01, -1.49755467288999E+01,  4.05099999999999E+01,  2.79850451719179E+03,  3.91038089181899E+03
 1.89883333300000E+03,  1.16244724061874E+00, -6.22500000000000E-01, -1.50142391401502E+01,  4.06899999999999E+01,  2.84480957551839E+03,  3.95738193119592E+03
 1.89891666700000E+03,  9.28663823307194E-01, -3.90000000000000E-01, -1.50526219218084E+01,  4.08699999999999E+01,  2.64050660927979E+03,  3.50660997470087E+03
 1.89900000000000E+03,  6.81620496773673E-01, -3.60000000000000E-01, -1.50906922483873E+01,  4.10499999999999E+01,  2.58933740172996E+03,  3.29810739938132E+03
 1.89908333300000E+03,  5.97553864813268E-01, -3.47500000000000E-01, -1.51284473235306E+01,  4.12299999999999E+01,  2.39926941272632E+03,  4.62185781275551E+03
 1.89916666700000E+03,  7.15298913528591E-01,  1.37500000000000E-01, -1.51658843802844E+01,  4.14099999999999E+01,  1.96537801996000E+03,  2.62948643489852E+03
 1.89925000000000E+03,  9.52943869165525E-01,  1.00500000000000E+00, -1.52030006813660E+01,  4.15899999999999E+01,  1.82745737671679E+03,  2.47630409419675E+03
 1.89933333300000E+03,  1.20169698762306E+00,  1.78500000000000E+00, -1.52397935194290E+01,  4.17699999999999E+01,  1.44373509806679E+03,  3.18554176954133E+03
 1.89941666700000E+03,  1.40079721512382E+00,  1.81250000000000E+00, -1.52762602173250E+01,  4.19499999999999E+01,  1.05371160112063E+03,  4.50143395881648E+03
 1.89950000000000E+03,  1.53709530168127E+00,  1.79000000000000E+00, -1.53123981283614E+01,  4.21299999999999E+01,  9.28552955122524E+02,  2.73138540566386E+03
 1.89958333300000E+03,  1.52167036674147E+00,  2.04250000000000E+00, -1.53482046365564E+01,  4.23099999999999E+01,  6.42727128427631E+02,  2.86635032779354E+03
 1.89966666700000E+03,  1.43239062290443E+00,  1.64500000000000E+00, -5.74770183301239E+00,  4.24899999999999E+01,  1.18022701735754E+03,  4.06556631799127E+03
 1.89975000000000E+03,  1.46586298789756E+00,  1.37500000000000E+00, -5.73251406265609E+00,  4.26699999999999E+01,  1.87462935920068E+03,  4.33815579127677E+03
 1.89983333300000E+03,  1.45606097939217E+00,  2.06750000000000E+00, -5.71727269099060E+00,  4.28499999999999E+01,  2.14094592660219E+03,  4.25574406529643E+03
 1.89991666700000E+03,  1.28979121881970E+00,  2.60750000000000E+00, -5.70197632155746E+00,  4.30299999999999E+01,  2.39384210254077E+03,  5.47861418467709E+03
 1.90000000000000E+03,  1.13806515006347E+00,  2.39250000000000E+00, -5.68662357423136E+00,  4.32099999999999E+01,  4.02182409738351E+03,  8.39084776592364E+03
 1.90008333300000E+03,  1.12160498640474E+00,  1.79000000000000E+00, -5.67121308548029E+00,  4.33899999999999E+01,  3.78128882431530E+03,  8.26249513512631E+03
 1.90016666700000E+03,  1.23940470117618E+00,  1.32750000000000E+00, -5.65574350862337E+00,  4.35699999999999E+01,  3.35770436154437E+03,  8.13829396074223E+03
 1.90025000000000E+03,  1.40271090881738E+00,  1.06750000000000E+00, -5.64021351408615E+00,  4.37499999999999E+01,  3.15649880421640E+03,  7.97952669001861E+03
 1.90033333300000E+03,  1.52657291633962E+00,  4.97500000000000E-01, -5.62462178965342E+00,  4.39299999999999E+01,  3.02303082354127E+03,  8.79375961614074E+03
 1.90041666700000E+03,  1.58732002965911E+00,  3.30000000000000E-01, -5.60896704071950E+00,  4.41099999999999E+01,  1.47138992963153E+03,  5.74220054806160E+03
 1.90050000000000E+03,  1.60144861180768E+00,  5.67500000000000E-01, -5.59324799053591E+00,  4.42899999999999E+01,  1.30062133283822E+03,  5.39405076580093E+03
 1.90058333300000E+03,  1.26397716392268E+00,  4.55000000000000E-01, -5.57746338045652E+00,  4.44699999999999E+01,  1.19565641802512E+03,  5.02814444587739E+03
 1.90066666700000E+03,  6.51339732828995E-01,  6.35000000000000E-01, -1.17341377678359E+01,  4.46499999999999E+01,  1.61807933922577E+03,  5.72898692385388E+03
 1.90075000000000E+03,  4.22188767230258E-01,  9.15000000000000E-01, -1.17527441021832E+01,  4.48299999999999E+01,  2.24449216730300E+03,  5.90618992690941E+03
 1.90083333300000E+03,  4.26445321179391E-01,  9.57500000000000E-01, -1.17709490306225E+01,  4.50099999999999E+01,  3.51342365070447E+03,  7.09190734881206E+03
 1.90091666700000E+03,  3.14235501054951E-01,  1.02000000000000E+00, -1.17887516249243E+01,  4.51899999999999E+01,  3.94464617480078E+03,  8.48576023276802E+03
 1.90100000000000E+03,  2.15178914119019E-01,  1.15500000000000E+00, -1.18061509927197E+01,  4.53699999999999E+01,  4.30091662629881E+03,  8.42771125993740E+03
 1.90108333300000E+03,  2.05257762740660E-01,  1.55750000000000E+00, -1.18231462775517E+01,  4.55499999999999E+01,  3.79283962620388E+03,  7.41957235345671E+03
 1.90116666700000E+03,  2.63656939704215E-01,  1.74750000000000E+00, -1.18397366589220E+01,  4.57299999999999E+01,  4.42736405102166E+03,  7.26498700199426E+03
 1.90125000000000E+03,  3.20567021052649E-01,  1.46500000000000E+00, -1.18559213523337E+01,  4.59099999999999E+01,  4.53370224162104E+03,  7.53502385609599E+03
 1.90133333300000E+03,  3.41471644821690E-01,  1.43750000000000E+00, -1.18716996093304E+01,  4.60899999999999E+01,  3.97629354884356E+03,  5.72278651241723E+03
 1.90141666700000E+03,  3.60978479835437E-01,  1.86250000000000E+00, -1.18870707175309E+01,  4.62699999999999E+01,  4.44002791217763E+03,  7.51300657480801E+03
 1.90150000000000E+03,  4.34215637183981E-01,  2.02750000000000E+00, -1.19020340006604E+01,  4.64499999999999E+01,  4.65793172416152E+03,  8.19080581490990E+03
 1.90158333300000E+03,  6.67067062465392E-01,  1.48000000000000E+00, -1.19165888185764E+01,  4.66299999999999E+01,  3.39102704510151E+03,  6.31378689364789E+03
 1.90166666700000E+03,  9.82767295727340E-01,  3.02500000000000E-01, -5.53797446522118E+00,  4.68099999999999E+01,  3.50153507022841E+03,  6.75450366930818E+03
 1.90175000000000E+03,  1.07365691765690E+00, -6.25000000000000E-01, -5.52195192867661E+00,  4.69899999999999E+01,  4.95376625582911E+03,  8.28251071209008E+03
 1.90183333300000E+03,  9.17207679837122E-01, -7.25000000000000E-01, -5.50585841827185E+00,  4.71699999999999E+01,  4.91767791788825E+03,  6.88773074062754E+03
 1.90191666700000E+03,  7.06998557847435E-01, -7.12500000000000E-01, -5.48969277885846E+00,  4.73499999999999E+01,  9.58143702454737E+03,  1.47963358846499E+04
 1.90200000000000E+03,  5.73919907798139E-01, -7.25000000000000E-01, -5.47345387491382E+00,  4.75299999999999E+01,  9.59523080120186E+03,  1.47102543958930E+04
 1.90208333300000E+03,  5.88296357513069E-01, -4.15000000000000E-01, -5.45714059076577E+00,  4.77099999999999E+01,  8.60908840053889E+03,  1.59994091031538E+04
 1.90216666700000E+03,  7.17740632615487E-01, -4.77500000000000E-01, -5.44075183081422E+00,  4.78899999999999E+01,  8.67276905694486E+03,  1.71728905062625E+04
 1.90225000000000E+03,  8.76419618227550E-01, -9.37500000000000E-01, -5.42428651975000E+00,  4.80699999999999E+01,  1.09642216925226E+04,  2.00707165213014E+04
 1.90233333300000E+03,  1.01110244476749E+00, -1.36000000000000E+00, -5.40774360277061E+00,  4.82499999999999E+01,  6.83733389111630E+03,  1.09836986988444E+04
 1.90241666700000E+03,  1.13689706609163E+00, -2.11500000000000E+00, -5.39112204579320E+00,  4.84299999999999E+01,  8.38462334492619E+03,  1.42635013280552E+04
 1.90250000000000E+03,  1.29054780992860E+00, -2.41500000000000E+00, -5.37442083566434E+00,  4.86099999999999E+01,  9.01045219807736E+03,  1.44095254258758E+04
 1.90258333300000E+03,  1.22020726626117E+00, -1.49000000000000E+00, -5.35763898036695E+00,  4.87899999999999E+01,  8.47089394456308E+03,  1.38225348155025E+04
 1.90266666700000E+03,  8.68995441453297E-01, -2.95000000000000E-01, -1.28250496023833E+01,  4.89699999999999E+01,  8.24819394961029E+03,  1.62712669354345E+04
 1.90275000000000E+03,  6.09496901562388E-01, -1.15000000000000E-01, -1.27849794037892E+01,  4.91499999999999E+01,  8.43138389386535E+03,  1.62385627483612E+04
 1.90283333300000E+03,  3.05941915867855E-01, -6.60000000000000E-01, -1.27448979384732E+01,  4.93299999999999E+01,  1.06940450999856E+04,  1.56006483557728E+04
 1.90291666700000E+03, -2.83011843334715E-01, -7.27500000000000E-01, -1.27048080955874E+01,  4.95099999999999E+01,  9.97588147785217E+03,  1.38498055933279E+04
 1.90300000000000E+03, -9.84358135513914E-01, -1.95000000000000E-01, -1.26647127493705E+01,  4.96899999999999E+01,  9.09200451560581E+03,  1.16215829540638E+04
 1.90308333300000E+03, -1.58444380330174E+00,  1.07500000000000E-01, -1.26246147588373E+01,  4.98699999999999E+01,  6.18224124695247E+03,  5.37964222370800E+03
 1.90316666700000E+03, -1.94219587861621E+00, -2.40000000000000E-01, -1.25845169674703E+01,  5.00499999999999E+01,  5.26376595530736E+03,  5.01142467514926E+03
 1.90325000000000E+03, -2.02825203471071E+00, -7.62500000000000E-01, -1.25444222029144E+01,  5.02299999999999E+01,  2.34036390035958E+03,  5.07944031214091E+03
 1.90333333300000E+03, -1.89381785462763E+00, -1.24750000000000E+00, -1.25043332766737E+01,  5.04099999999999E+01,  4.09567603185604E+03,  7.21770912292784E+03
 1.90341666700000E+03, -1.62519954368291E+00, -1.56250000000000E+00, -1.24642529838109E+01,  5.05899999999999E+01,  4.14631377521257E+03,  7.08393420879925E+03
 1.90350000000000E+03, -1.32282116106459E+00, -2.28250000000000E+00, -1.24241841026498E+01,  5.07699999999999E+01,  5.79220842707195E+03,  8.18548706450335E+03
 1.90358333300000E+03, -1.26060109752631E+00, -3.68750000000000E+00, -1.23841293944799E+01,  5.09499999999999E+01,  6.26790336195930E+03,  9.21305567039421E+03
 1.90366666700000E+03, -1.46795919700105E+00, -4.22500000000000E+00, -7.70020676316401E+00,  5.11299999999999E+01,  6.20576430813237E+03,  6.93929486894458E+03
 1.90375000000000E+03, -1.60115831026351E+00, -3.48750000000000E+00, -7.67904448388795E+00,  5.13099999999999E+01,  4.84708635990425E+03,  7.88950344521416E+03
 1.90383333300000E+03, -1.72840417294778E+00, -2.76000000000000E+00, -7.65802612236587E+00,  5.14899999999999E+01,  5.05206283095506E+03,  8.88558847134171E+03
 1.90391666700000E+03, -2.01847156269324E+00, -2.85750000000000E+00, -7.63715058709180E+00,  5.16699999999999E+01,  3.34347877208979E+03,  1.03057658102952E+04
 1.90400000000000E+03, -2.34337325181437E+00, -3.34500000000000E+00, -7.61641676585847E+00,  5.18499999999999E+01,  2.94577865488902E+03,  9.62353742031254E+03
 1.90408333300000E+03, -2.58135052876839E+00, -3.62000000000000E+00, -7.59582352600250E+00,  5.20299999999999E+01,  2.14890146823344E+03,  1.20040341774159E+04
 1.90416666700000E+03, -2.68923920443871E+00, -3.81250000000000E+00, -7.57536971465219E+00,  5.22099999999999E+01,  1.49565722658474E+03,  1.14138560584080E+04
 1.90425000000000E+03, -2.69315236460067E+00, -3.98000000000000E+00, -7.55505415897803E+00,  5.23899999999999E+01,  9.51563509069130E+02,  1.06880472811697E+04
 1.90433333300000E+03, -2.62885862409636E+00, -4.04250000000000E+00, -7.53487566644562E+00,  5.25699999999999E+01,  2.09370355792857E+03,  9.51524759226148E+03
 1.90441666700000E+03, -2.50441249572234E+00, -3.91000000000000E+00, -7.51483302507127E+00,  5.27499999999999E+01,  2.19666633201505E+03,  1.28878568745066E+04
 1.90450000000000E+03, -2.31971911073906E+00, -3.55750000000000E+00, -7.49492500367998E+00,  5.29299999999999E+01,  3.27358092000007E+03,  1.09766541512910E+04
 1.90458333300000E+03, -2.14323365908669E+00, -3.70750000000000E+00, -7.47515035216597E+00,  5.31099999999999E+01,  4.50916999956957E+03,  1.16330121199952E+04
 1.90466666700000E+03, -2.03865613363598E+00, -4.11500000000000E+00, -7.61789630280622E+00,  5.32899999999999E+01,  4.39306469989284E+03,  1.14937923466170E+04
 1.90475000000000E+03, -2.01080559527495E+00, -3.47250000000000E+00, -7.59729303756193E+00,  5.34699999999999E+01,  3.48105995314586E+03,  1.01376639295440E+04
 1.90483333300000E+03, -2.10376994189031E+00, -2.23500000000000E+00, -7.57682928401735E+00,  5.36499999999999E+01,  3.54375920727851E+03,  7.78299682534930E+03
 1.90491666700000E+03, -2.29013062483856E+00, -1.76000000000000E+00, -7.55650387076325E+00,  5.38299999999999E+01,  3.03697485114063E+03,  8.60009415587640E+03
 1.90500000000000E+03, -2.44026190411067E+00, -1.89750000000000E+00, -7.53631560666733E+00,  5.40099999999999E+01,  2.50576813723625E+03,  6.82466494692197E+03
 1.90508333300000E+03, -2.47439647375954E+00, -2.30750000000000E+00, -7.51626328112963E+00,  5.41899999999999E+01,  2.69787599081688E+03,  7.13638715723800E+03
 1.90516666700000E+03, -2.40628985258203E+00, -2.62000000000000E+00, -7.49634566434032E+00,  5.43699999999999E+01,  2.52835234184729E+03,  8.42313348940621E+03
 1.90525000000000E+03, -2.29688954193293E+00, -1.85500000000000E+00, -7.47656150754006E+00,  5.45499999999999E+01,  2.46909513427460E+03,  7.38149171204777E+03
 1.90533333300000E+03, -2.17215232293626E+00, -1.11500000000000E+00, -7.45690954328274E+00,  5.47299999999999E+01,  2.40481247057033E+03,  5.91087320385000E+03
 1.90541666700000E+03, -1.99150538869812E+00, -1.09250000000000E+00, -7.43738848570060E+00,  5.49099999999999E+01,  3.18257445589801E+03,  5.72195125998715E+03
 1.90550000000000E+03, -1.69846583916231E+00, -9.95000000000000E-01, -7.41799703077170E+00,  5.50899999999999E+01,  3.02906963216145E+03,  5.93461009540748E+03
 1.90558333300000E+03, -1.22874790393058E+00, -1.67500000000000E+00, -7.39873385658974E+00,  5.52699999999999E+01,  3.06287520155865E+03,  4.77479530618400E+03
 1.90566666700000E+03, -7.40578647330834E-01, -2.70500000000000E+00, -9.87973248885762E+00,  5.54499999999999E+01,  3.04950876728401E+03,  4.59343142735256E+03
 1.90575000000000E+03, -5.73854976964945E-01, -2.76000000000000E+00, -9.86106479377009E+00,  5.56299999999999E+01,  5.80383893240465E+03,  5.65607849293906E+03
 1.90583333300000E+03, -7.35368482541961E-01, -2.52250000000000E+00, -9.84229881219253E+00,  5.58099999999999E+01,  4.17764659093651E+03,  3.46658406535741E+03
 1.90591666700000E+03, -1.02454759178241E+00, -2.01500000000000E+00, -9.82343398633025E+00,  5.59899999999999E+01,  5.21827335158569E+03,  3.86571877798585E+03
 1.90600000000000E+03, -1.30550205933284E+00, -9.95000000000000E-01, -9.80446978474634E+00,  5.61699999999999E+01,  5.45366701447346E+03,  4.46198184756908E+03
 1.90608333300000E+03, -1.49174574264926E+00, -4.17500000000000E-01, -9.78540570250688E+00,  5.63499999999999E+01,  5.57680435694382E+03,  5.93190951302856E+03
 1.90616666700000E+03, -1.59016798545138E+00, -4.00000000000000E-01, -9.76624126132222E+00,  5.65299999999999E+01,  2.69117965054778E+03,  5.54152466007417E+03
 1.90625000000000E+03, -1.65497857020720E+00, -6.97500000000000E-01, -9.74697600968430E+00,  5.67099999999999E+01,  2.68612874080862E+03,  5.22901195657912E+03
 1.90633333300000E+03, -1.70585337212497E+00, -8.35000000000000E-01, -9.72760952299996E+00,  5.68899999999999E+01,  3.06595414075141E+03,  5.88648230941978E+03
 1.90641666700000E+03, -1.69682118743886E+00, -3.25000000000000E-01, -9.70814140372040E+00,  5.70699999999999E+01,  3.85468180291155E+03,  8.18792630777670E+03
 1.90650000000000E+03, -1.56738956616632E+00, -1.25000000000000E-01, -9.68857128146650E+00,  5.72499999999999E+01,  5.39884994710650E+03,  9.13480323501380E+03
 1.90658333300000E+03, -9.68894698651087E-01, -5.87500000000000E-01, -9.66889881315023E+00,  5.74299999999999E+01,  5.58398430068955E+03,  8.43637545265209E+03
 1.90666666700000E+03, -8.17873436522966E-02, -1.06250000000000E+00, -1.50754890464458E+01,  5.76099999999999E+01,  5.58751064881326E+03,  9.80449090785493E+03
 1.90675000000000E+03,  2.09669286846686E-01, -1.00000000000000E+00, -1.51133706615733E+01,  5.77899999999999E+01,  7.47526077050372E+03,  1.00937411775457E+04
 1.90683333300000E+03,  1.33627961136907E-02, -9.57500000000000E-01, -1.51509353624734E+01,  5.79699999999999E+01,  6.31599128604659E+03,  9.85813721341483E+03
 1.90691666700000E+03, -1.30024168745280E-01, -1.59000000000000E+00, -1.51881803999530E+01,  5.81499999999999E+01,  5.13469729399214E+03,  9.12779950131747E+03
 1.90700000000000E+03, -1.53715225407811E-01, -2.31750000000000E+00, -1.52251030546495E+01,  5.83299999999999E+01,  4.60148936963894E+03,  1.06236173773278E+04
 1.90708333300000E+03, -9.42789766371626E-02, -2.79750000000000E+00, -1.52617006372940E+01,  5.85099999999999E+01,  4.53592320243380E+03,  9.40754895244069E+03
 1.90716666700000E+03, -7.47205524513053E-02, -2.50250000000000E+00, -1.52979704889707E+01,  5.86899999999999E+01,  3.47591262101588E+03,  9.33273456527887E+03
 1.90725000000000E+03, -2.05650694591208E-01, -1.77250000000000E+00, -1.53339099813727E+01,  5.88699999999999E+01,  3.57966652715709E+03,  9.39454234315423E+03
 1.90733333300000E+03, -4.82550688088474E-01, -1.74250000000000E+00, -1.53695165170547E+01,  5.90499999999999E+01,  3.01286521253600E+03,  7.51564363023600E+03
 1.90741666700000E+03, -7.72069752486380E-01, -2.30500000000000E+00, -1.54047875296813E+01,  5.92299999999999E+01,  3.59650283743269E+03,  5.86697914929426E+03
 1.90750000000000E+03, -9.06980001412469E-01, -2.78750000000000E+00, -1.54397204842726E+01,  5.94099999999999E+01,  4.18779140435853E+03,  7.31739668920930E+03
 1.90758333300000E+03, -8.78498544159792E-01, -2.68250000000000E+00, -1.54743128774450E+01,  5.95899999999999E+01,  2.47534262465140E+03,  7.56841494069626E+03
 1.90766666700000E+03, -8.05225375690416E-01, -2.18750000000000E+00, -7.43246459621683E+00,  5.97699999999999E+01,  2.70248869267046E+03,  6.72868681719216E+03
 1.90775000000000E+03, -7.38091961294051E-01, -2.07250000000000E+00, -7.41310575938418E+00,  5.99499999999999E+01,  4.02754478893028E+03,  1.09061072149875E+04
 1.90783333300000E+03, -6.82082758099173E-01, -2.12250000000000E+00, -7.39387486566492E+00,  6.01299999999999E+01,  4.52993434612069E+03,  1.40354263803082E+04
 1.90791666700000E+03, -5.90170425769791E-01, -2.06250000000000E+00, -7.37477057112290E+00,  6.03099999999999E+01,  4.66449220441835E+03,  1.21333654442403E+04
 1.90800000000000E+03, -3.80372038919069E-01, -2.18000000000000E+00, -7.35579151455376E+00,  6.04899999999999E+01,  4.20090115652902E+03,  1.22487870784588E+04
 1.90808333300000E+03, -5.37969916488712E-02, -2.30750000000000E+00, -7.33693631776213E+00,  6.06699999999999E+01,  4.68323654689857E+03,  1.32696106917440E+04
 1.90816666700000E+03,  2.93313418972481E-01, -2.27250000000000E+00, -7.31820358584069E+00,  6.08499999999999E+01,  3.77770838172888E+03,  1.07555898715497E+04
 1.90825000000000E+03,  5.44453981335799E-01, -2.02250000000000E+00, -7.29959190745164E+00,  6.10299999999999E+01,  3.03423836858753E+03,  7.47332835131423E+03
 1.90833333300000E+03,  6.58918599442343E-01, -1.46500000000000E+00, -7.28109985511000E+00,  6.12099999999999E+01,  2.40004288601037E+03,  8.03642651058170E+03
 1.90841666700000E+03,  6.99009325809764E-01, -6.32500000000000E-01, -7.26272598546908E+00,  6.13899999999999E+01,  2.60026883249499E+03,  7.17022282107131E+03
 1.90850000000000E+03,  7.61827388082003E-01,  1.25000000000000E-02, -7.24446883960791E+00,  6.15699999999999E+01,  2.32816022014440E+03,  4.41846013688323E+03
 1.90858333300000E+03,  7.32252158213025E-01, -9.00000000000000E-02, -7.22632694332061E+00,  6.17499999999999E+01,  2.68848175302444E+03,  6.93569506046399E+03
 1.90866666700000E+03,  6.39399835638142E-01, -6.92500000000000E-01, -1.60683851645670E+01,  6.19299999999999E+01,  3.10614977720211E+03,  1.18621070949118E+04
 1.90875000000000E+03,  7.79058608554010E-01, -1.18250000000000E+00, -1.60428306710961E+01,  6.21099999999999E+01,  2.95874739249461E+03,  1.27887987653659E+04
 1.90883333300000E+03,  1.02281830168896E+00, -1.35000000000000E+00, -1.60169802782023E+01,  6.22899999999999E+01,  4.15579689353415E+03,  1.64713708821837E+04
 1.90891666700000E+03,  1.17301779416525E+00, -1.22500000000000E+00, -1.59908367061406E+01,  6.24699999999999E+01,  3.89146720045022E+03,  1.68094062868313E+04
 1.90900000000000E+03,  1.30385388198397E+00, -1.15500000000000E+00, -1.59644026939412E+01,  6.26499999999999E+01,  4.00069112782339E+03,  1.39196765691712E+04
 1.90908333300000E+03,  1.44389836683632E+00, -1.20250000000000E+00, -1.59376809990596E+01,  6.28299999999999E+01,  3.61873927399947E+03,  9.78368781540486E+03
 1.90916666700000E+03,  1.54529616660431E+00, -1.21000000000000E+00, -1.59106743970261E+01,  6.30099999999999E+01,  3.69845852137871E+03,  8.93032898559162E+03
 1.90925000000000E+03,  1.53834547356643E+00, -9.87500000000000E-01, -1.58833856810924E+01,  6.31899999999999E+01,  2.40526010799006E+03,  6.94745817078306E+03
 1.90933333300000E+03,  1.41482364326153E+00, -7.00000000000000E-01, -1.58558176618779E+01,  6.33699999999999E+01,  2.19206346777403E+03,  7.04333384446938E+03
 1.90941666700000E+03,  1.25304834994388E+00, -1.05000000000000E+00, -1.58279731670134E+01,  6.35499999999999E+01,  1.62524608313754E+03,  6.39055221191454E+03
 1.90950000000000E+03,  1.15497459576356E+00, -1.33500000000000E+00, -1.57998550407839E+01,  6.37299999999999E+01,  1.26452699166165E+03,  5.60924082454955E+03
 1.90958333300000E+03,  8.78613876794146E-01, -1.09000000000000E+00, -1.57714661437693E+01,  6.39099999999999E+01,  2.31951365922715E+03,  7.82193757542683E+03
 1.90966666700000E+03,  3.75224662803969E-01, -1.13000000000000E+00, -1.66023369519396E+01,  6.40899999999999E+01,  2.10864052610063E+03,  6.74171253199582E+03
 1.90975000000000E+03,  9.08404853957479E-02, -1.74250000000000E+00, -1.65853187905721E+01,  6.42699999999999E+01,  2.21684095628163E+03,  6.56771250689322E+03
 1.90983333300000E+03, -6.85011784991787E-02, -2.39250000000000E+00, -1.65683940621198E+01,  6.44499999999999E+01,  1.89106794441992E+03,  5.89305306192254E+03
 1.90991666700000E+03, -3.45223696122000E-01, -2.64000000000000E+00, -1.65515608975093E+01,  6.46299999999999E+01,  2.33101260881990E+03,  5.82043639178641E+03
 1.91000000000000E+03, -6.21973377572107E-01, -2.72500000000000E+00, -1.65348174170175E+01,  6.48099999999999E+01,  2.30878412726168E+03,  4.39229295209778E+03
 1.91008333300000E+03, -8.30815880631298E-01, -2.65250000000000E+00, -1.65181617306459E+01,  6.49900000000000E+01,  3.67857739431998E+03,  4.44702307606468E+03
 1.91016666700000E+03, -9.91694321315880E-01, -2.68250000000000E+00, -1.65015919384969E+01,  6.51700000000000E+01,  3.66323127108911E+03,  3.93324378665604E+03
 1.91025000000000E+03, -1.16253991631680E+00, -3.03250000000000E+00, -1.64851061311508E+01,  6.53500000000000E+01,  3.62540215956166E+03,  6.57420749777352E+03
 1.91033333300000E+03, -1.35639989614935E+00, -3.36250000000000E+00, -1.64687023900442E+01,  6.55300000000000E+01,  3.43933946958917E+03,  8.15737401879677E+03
 1.91041666700000E+03, -1.51244272003781E+00, -3.36000000000000E+00, -1.64523787878494E+01,  6.57100000000000E+01,  2.64755847226091E+03,  7.97137998029017E+03
 1.91050000000000E+03, -1.55167060469347E+00, -2.97500000000000E+00, -1.64361333888549E+01,  6.58900000000000E+01,  1.48199930361985E+03,  5.78348757998182E+03
 1.91058333300000E+03, -1.13828628084284E+00, -2.26250000000000E+00, -1.64199642493468E+01,  6.60700000000000E+01,  1.96744678570558E+03,  5.77641345983887E+03
 1.91066666700000E+03, -3.71929806642222E-01, -1.63250000000000E+00, -1.62105680158134E+01,  6.62500000000000E+01,  2.51813709650846E+03,  3.03064938565578E+03
 1.91075000000000E+03, -3.21760675755790E-02, -1.39000000000000E+00, -1.61711772942889E+01,  6.64300000000000E+01,  3.61225732978382E+03,  1.54600667096018E+03
 1.91083333300000E+03, -1.15781566085909E-01, -1.45000000000000E+00, -1.61318707378763E+01,  6.66100000000000E+01,  3.73081566206535E+03,  2.88698518809650E+02
 1.91091666700000E+03, -1.46138382362135E-01, -2.01750000000000E+00, -1.60926506259040E+01,  6.67900000000000E+01,  3.55629107085902E+03,  3.79855063927833E+02
 1.91100000000000E+03,  9.88714026057406E-03, -2.48250000000000E+00, -1.60535192117933E+01,  6.69700000000000E+01,  3.01104062803539E+03,  4.10994971064089E+02
 1.91108333300000E+03,  3.30492479029089E-01, -2.64750000000000E+00, -1.60144787228418E+01,  6.71500000000000E+01,  2.43189134657820E+03,  3.35324129225542E+03
 1.91116666700000E+03,  6.45489600461958E-01, -2.95250000000000E+00, -1.59755313600101E+01,  6.73300000000000E+01,  8.03413266736184E+02,  3.58171320362050E+03
 1.91125000000000E+03,  7.62295695259217E-01, -3.21000000000000E+00, -1.59366792977134E+01,  6.75100000000000E+01,  4.49049037516351E+02,  4.36064957441045E+03
 1.91133333300000E+03,  6.13851549259199E-01, -3.09750000000000E+00, -1.58979246836163E+01,  6.76900000000001E+01,  7.18107090248905E+02,  4.64638464753111E+03
 1.91141666700000E+03,  3.07411281280421E-01, -2.45500000000000E+00, -1.58592696384321E+01,  6.78700000000001E+01,  6.33994915030931E+02,  4.56767009568781E+03
 1.91150000000000E+03,  3.53501713599727E-02, -1.58250000000000E+00, -1.58207162557257E+01,  6.80500000000001E+01,  1.31023716393096E+03,  2.07093065640270E+03
 1.91158333300000E+03, -7.28816588710201E-02, -1.02750000000000E+00, -1.57822666017209E+01,  6.82300000000001E+01,  2.11810050151761E+03,  2.35464473938379E+03
 1.91166666700000E+03, -1.05983183660266E-01, -1.02500000000000E+00, -9.00303454430275E+00,  6.84100000000001E+01,  2.13113069827597E+03,  1.68580670435706E+03
 1.91175000000000E+03, -1.97304532032229E-01, -1.42500000000000E+00, -9.05252871885248E+00,  6.85900000000001E+01,  2.31566829383499E+03,  2.71477620391685E+03
 1.91183333300000E+03, -2.72569060346207E-01, -1.85250000000000E+00, -9.10216878844462E+00,  6.87700000000001E+01,  2.68905358426009E+03,  3.15473772777168E+03
 1.91191666700000E+03, -2.87024910438544E-01, -2.01500000000000E+00, -9.15195109830791E+00,  6.89500000000001E+01,  1.88754904979331E+03,  2.69643655984318E+03
 1.91200000000000E+03, -3.36183259079297E-01, -2.25000000000000E+00, -9.20187197653088E+00,  6.91300000000001E+01,  2.02123816360103E+03,  2.89964719121862E+03
 1.91208333300000E+03, -4.76040926238059E-01, -2.42500000000000E+00, -9.25192773443027E+00,  6.93100000000001E+01,  2.22882617041290E+03,  3.62802212801198E+03
 1.91216666700000E+03, -6.53888194002672E-01, -2.15000000000000E+00, -9.30211466692121E+00,  6.94900000000001E+01,  2.15814708009793E+03,  2.40499606105288E+03
 1.91225000000000E+03, -7.43633670624736E-01, -1.66250000000000E+00, -9.35242905288989E+00,  6.96700000000001E+01,  1.87644485195904E+03,  3.91512609831527E+03
 1.91233333300000E+03, -6.58310860892733E-01, -1.36000000000000E+00, -9.40286715556769E+00,  6.98500000000001E+01,  1.94239641007765E+03,  4.10219425011176E+03
 1.91241666700000E+03, -4.40704313392649E-01, -1.67000000000000E+00, -9.45342522290791E+00,  7.00300000000001E+01,  1.16291581263851E+03,  4.13420658092680E+03
 1.91250000000000E+03, -2.44909031860441E-01, -2.63750000000000E+00, -9.50409948796379E+00,  7.02100000000002E+01,  1.53232430058507E+03,  4.54917545924683E+03
 1.91258333300000E+03, -1.85976756124219E-01, -3.22000000000000E+00, -9.55488616926887E+00,  7.03900000000002E+01,  1.43491300752706E+03,  4.39629060213217E+03
 1.91266666700000E+03, -2.18802085151241E-01, -2.82750000000000E+00, -9.91605572617055E+00,  7.05700000000002E+01,  1.75933935585725E+03,  2.43683868423429E+03
 1.91275000000000E+03, -2.68704691961854E-01, -2.41000000000000E+00, -9.89757904576267E+00,  7.07500000000002E+01,  2.70941328498892E+03,  3.61486332106403E+03
 1.91283333300000E+03, -3.59006820608480E-01, -2.31750000000000E+00, -9.87900524861415E+00,  7.09300000000002E+01,  3.50591687768143E+03,  3.53741254913391E+03
 1.91291666700000E+03, -5.16622482338396E-01, -2.49000000000000E+00, -9.86033372568050E+00,  7.11100000000002E+01,  3.43499808843360E+03,  2.84201468432178E+03
 1.91300000000000E+03, -7.25360550978582E-01, -2.64250000000000E+00, -9.84156389397905E+00,  7.12900000000002E+01,  4.60021803760277E+03,  4.46918287393438E+03
 1.91308333300000E+03, -9.56652738080162E-01, -2.38000000000000E+00, -9.82269519674174E+00,  7.14700000000002E+01,  7.49688867110122E+03,  6.53435244935368E+03
 1.91316666700000E+03, -1.16986655149030E+00, -2.74750000000000E+00, -9.80372710356404E+00,  7.16500000000002E+01,  6.48467996690639E+03,  5.27886284565797E+03
 1.91325000000000E+03, -1.31789159179391E+00, -3.88000000000000E+00, -9.78465911055005E+00,  7.18300000000002E+01,  5.85942700668767E+03,  5.49298709179423E+03
 1.91333333300000E+03, -1.36622217874515E+00, -4.75500000000000E+00, -9.76549074045351E+00,  7.20100000000002E+01,  5.28909838610551E+03,  5.33701803226362E+03
 1.91341666700000E+03, -1.32024028582629E+00, -5.04500000000000E+00, -9.74622154281505E+00,  7.21900000000002E+01,  3.85135702400834E+03,  3.81160106700260E+03
 1.91350000000000E+03, -1.23654010163391E+00, -4.69000000000000E+00, -9.72685109409537E+00,  7.23700000000002E+01,  3.87323010204335E+03,  1.98648096600446E+03
 1.91358333300000E+03, -1.25751456358830E+00, -4.33500000000000E+00, -9.70737899780446E+00,  7.25500000000002E+01,  4.03691520474845E+03,  2.60948444812193E+03
 1.91366666700000E+03, -1.42547895904537E+00, -4.18000000000000E+00, -2.29902561808401E+01,  7.27300000000002E+01,  4.01801715842324E+03,  1.92065275457962E+03
 1.91375000000000E+03, -1.64738547594255E+00, -4.12000000000000E+00, -2.29643182581036E+01,  7.29100000000003E+01,  4.63842033524441E+03,  2.68766080241052E+03
 1.91383333300000E+03, -1.95523771792863E+00, -4.05000000000000E+00, -2.29382927391475E+01,  7.30900000000003E+01,  4.75795929885089E+03,  6.02830338892396E+03
 1.91391666700000E+03, -2.32504620105506E+00, -3.32750000000000E+00, -2.29121809976850E+01,  7.32700000000003E+01,  2.46097958940985E+03,  6.39205549443361E+03
 1.91400000000000E+03, -2.58537683956281E+00, -2.72750000000000E+00, -2.28859844405138E+01,  7.34500000000003E+01,  2.60272519301792E+03,  6.04929696763237E+03
 1.91408333300000E+03, -2.63095522717604E+00, -3.16750000000000E+00, -2.28597045073708E+01,  7.36300000000003E+01,  3.87610140598964E+03,  6.55552088949191E+03
 1.91416666700000E+03, -2.47402909130359E+00, -3.78750000000000E+00, -2.28333426707811E+01,  7.38100000000003E+01,  4.87995874744829E+03,  7.06865215730183E+03
 1.91425000000000E+03, -2.20036346535665E+00, -3.59250000000000E+00, -2.28069004359016E+01,  7.39900000000003E+01,  5.37421797895097E+03,  4.50678210546531E+03
 1.91433333300000E+03, -1.88298144030510E+00, -3.21750000000000E+00, -2.27803793403593E+01,  7.41700000000003E+01,  5.10088915308790E+03,  8.03510671255372E+03
 1.91441666700000E+03, -1.54070831045675E+00, -3.62250000000000E+00, -2.27537809540844E+01,  7.43500000000003E+01,  5.49467094211351E+03,  9.35601713974004E+03
 1.91450000000000E+03, -1.17516551769648E+00, -4.02750000000000E+00, -2.27271068791376E+01,  7.45300000000003E+01,  4.79438482889625E+03,  1.11667693605926E+04
 1.91458333300000E+03, -1.07634587258574E+00, -3.40250000000000E+00, -2.27003587495323E+01,  7.47100000000003E+01,  4.41530426718105E+03,  1.08783511422943E+04
 1.91466666700000E+03, -1.34126119416572E+00, -2.15500000000000E+00, -2.92517935731481E+01,  7.48900000000003E+01,  4.97851977439740E+03,  1.16317300698218E+04
 1.91475000000000E+03, -1.49584108796844E+00, -1.50500000000000E+00, -2.92937815539800E+01,  7.50700000000003E+01,  4.28763314462525E+03,  8.11873611374080E+03
 1.91483333300000E+03, -1.42848697734642E+00, -1.78000000000000E+00, -2.93354441712169E+01,  7.52500000000003E+01,  3.67043749512838E+03,  7.10354464379741E+03
 1.91491666700000E+03, -1.31916749654383E+00, -1.92500000000000E+00, -2.93767780262610E+01,  7.54300000000003E+01,  4.82877183143424E+03,  7.45251145112459E+03
 1.91500000000000E+03, -1.18669977081430E+00, -1.50750000000000E+00, -2.94177797540814E+01,  7.56100000000004E+01,  3.66980742330708E+03,  6.15670881219806E+03
 1.91508333300000E+03, -1.06702127785456E+00, -9.17500000000000E-01, -2.94584460235761E+01,  7.57900000000004E+01,  3.55013379993415E+03,  5.98158294883940E+03
 1.91516666700000E+03, -9.92394740960931E-01, -1.85000000000000E-01, -2.94987735379314E+01,  7.59700000000004E+01,  3.77247126094047E+03,  6.15165672338390E+03
 1.91525000000000E+03, -9.48067905681195E-01,  8.97500000000000E-01, -2.95387590349750E+01,  7.61500000000004E+01,  3.69329582558672E+03,  5.68929611702026E+03
 1.91533333300000E+03, -8.52410232482049E-01,  2.16500000000000E+00, -2.95783992875261E+01,  7.63300000000004E+01,  1.73348486375314E+03,  3.47517071622112E+03
 1.91541666700000E+03, -6.04384651496403E-01,  2.91000000000000E+00, -2.96176911037402E+01,  7.65100000000004E+01,  1.74245315233591E+03,  3.64680462276977E+03
 1.91550000000000E+03, -1.81021170387394E-01,  2.84750000000000E+00, -2.96566313274497E+01,  7.66900000000004E+01,  1.01790246992488E+03,  3.76370912436162E+03
 1.91558333300000E+03, -1.29891916250695E-02,  2.34250000000000E+00, -2.96952168384996E+01,  7.68700000000004E+01,  1.41240860919972E+03,  5.05433206988527E+03
 1.91566666700000E+03, -3.99476084851161E-01,  1.58000000000000E+00, -2.10484146927026E+01,  7.70500000000004E+01,  1.62509908253726E+03,  5.05842035134335E+03
 1.91575000000000E+03, -9.63301083278917E-01,  6.12500000000000E-01, -2.11022765668859E+01,  7.72300000000004E+01,  3.15497133656937E+03,  5.44101313126235E+03
 1.91583333300000E+03, -1.55925449395499E+00,  6.00000000000000E-02, -2.11560990215765E+01,  7.74100000000004E+01,  4.66444499997615E+03,  8.22097908224580E+03
 1.91591666700000E+03, -2.09621133924858E+00, -6.75000000000000E-02, -2.12098776220918E+01,  7.75900000000004E+01,  4.44199414409759E+03,  7.03931252614659E+03
 1.91600000000000E+03, -2.22356857701780E+00, -4.25000000000000E-01, -2.12636079355231E+01,  7.77700000000004E+01,  3.91406427805126E+03,  6.27415081836972E+03
 1.91608333300000E+03, -1.87747970724571E+00, -8.35000000000000E-01, -2.13172855312221E+01,  7.79500000000004E+01,  3.66438554689856E+03,  6.13896732777316E+03
 1.91616666700000E+03, -1.34501387649090E+00, -1.01750000000000E+00, -2.13709059812861E+01,  7.81300000000005E+01,  3.18615758756466E+03,  5.53686677195492E+03
 1.91625000000000E+03, -9.85287343497615E-01, -7.82500000000000E-01, -2.14244648610438E+01,  7.83100000000005E+01,  2.12295841641399E+03,  2.77723279223509E+03
 1.91633333300000E+03, -8.88837869019806E-01, -1.32500000000000E-01, -2.14779577495404E+01,  7.84900000000005E+01,  2.56707318738007E+03,  2.63600407722628E+03
 1.91641666700000E+03, -8.21893185911670E-01, -2.50000000000000E-03, -2.15313802300219E+01,  7.86700000000005E+01,  2.66217622405680E+03,  1.64882796575315E+03
 1.91650000000000E+03, -5.14667403194148E-01, -3.52500000000000E-01, -2.15847278904202E+01,  7.88500000000005E+01,  2.90278514315494E+03,  2.11686704777741E+03
 1.91658333300000E+03, -7.08106288359986E-01, -2.87500000000000E-01, -2.16379963238360E+01,  7.90300000000005E+01,  1.80126890575996E+03,  3.94091047208669E+03
 1.91666666700000E+03, -1.74014338881519E+00, -2.57500000000000E-01, -1.72788802612146E+01,  7.92100000000005E+01,  1.33781763633074E+03,  3.79313960288692E+03
 1.91675000000000E+03, -2.46204072289961E+00, -9.95000000000000E-01, -1.72513738564015E+01,  7.93900000000005E+01,  9.48123322873894E+02,  4.09703576058502E+03
 1.91683333300000E+03, -2.82210451805155E+00, -1.91750000000000E+00, -1.72238422735586E+01,  7.95700000000005E+01,  9.76174013977979E+02,  3.76720027966826E+03
 1.91691666700000E+03, -3.26886666322133E+00, -2.38500000000000E+00, -1.71962877655472E+01,  7.97500000000005E+01,  1.01184255886614E+03,  3.45367692633215E+03
 1.91700000000000E+03, -3.51835727348217E+00, -2.87500000000000E+00, -1.71687126092950E+01,  7.99300000000005E+01,  1.26437354840864E+03,  2.39519808219549E+03
 1.91708333300000E+03, -3.43774047166674E+00, -3.50000000000000E+00, -1.71411191055094E+01,  8.01100000000005E+01,  2.17913893707834E+03,  2.63466158409969E+03
 1.91716666700000E+03, -3.12357934940659E+00, -3.66000000000000E+00, -1.71135095783864E+01,  8.02900000000005E+01,  3.71387816151745E+03,  3.46420867291245E+03
 1.91725000000000E+03, -2.76210292362242E+00, -3.17750000000000E+00, -1.70858863753163E+01,  8.04700000000005E+01,  3.66897206445017E+03,  4.27888859177214E+03
 1.91733333300000E+03, -2.42702047621751E+00, -2.42000000000000E+00, -1.70582518665840E+01,  8.06500000000005E+01,  3.60544493460207E+03,  4.91402492344274E+03
 1.91741666700000E+03, -2.02563956687316E+00, -1.92500000000000E+00, -1.70306084450673E+01,  8.08300000000006E+01,  4.02014714989953E+03,  3.62021602048954E+03
 1.91750000000000E+03, -1.44564190990935E+00, -1.91500000000000E+00, -1.70029585259298E+01,  8.10100000000006E+01,  3.62410281235011E+03,  6.30480762651435E+03
 1.91758333300000E+03, -1.01228757922849E+00, -2.19750000000000E+00, -1.69753045463110E+01,  8.11900000000006E+01,  1.88010934550879E+03,  4.91853131347945E+03
 1.91766666700000E+03, -9.92513024413664E-01, -2.75250000000000E+00, -2.81970725337545E+01,  8.13700000000006E+01,  1.83864425675619E+03,  5.51830559563314E+03
 1.91775000000000E+03, -1.07616090230495E+00, -3.21750000000000E+00, -2.81722621533647E+01,  8.15500000000006E+01,  2.05808453505325E+03,  6.50140905412789E+03
 1.91783333300000E+03, -1.23569345566847E+00, -3.10500000000000E+00, -2.81473441196563E+01,  8.17300000000006E+01,  1.38475009644974E+03,  7.11425330386250E+03
 1.91791666700000E+03, -1.59107063434031E+00, -2.35500000000000E+00, -2.81223193224936E+01,  8.19100000000006E+01,  7.97516348072310E+02,  3.97726731129072E+03
 1.91800000000000E+03, -1.98877840129071E+00, -1.60000000000000E+00, -2.80971886885051E+01,  8.20900000000006E+01,  1.03484470991061E+03,  5.35452912145351E+03
 1.91808333300000E+03, -2.30632453829963E+00, -1.43000000000000E+00, -2.80719531810187E+01,  8.22700000000006E+01,  1.85114988348590E+03,  5.21729400149981E+03
 1.91816666700000E+03, -2.50672299265476E+00, -1.48000000000000E+00, -2.80466137999913E+01,  8.24500000000006E+01,  2.19788389077472E+03,  4.94309121358247E+03
 1.91825000000000E+03, -2.60609038802562E+00, -1.79500000000000E+00, -2.80211715819315E+01,  8.26300000000006E+01,  2.21053638804659E+03,  4.73084855995751E+03
 1.91833333300000E+03, -2.60468274650131E+00, -2.70000000000000E+00, -2.79956275998166E+01,  8.28100000000006E+01,  2.98979490649097E+03,  5.12891908056141E+03
 1.91841666700000E+03, -2.46402892547025E+00, -3.62000000000000E+00, -2.79699829630038E+01,  8.29900000000006E+01,  3.05024455164867E+03,  5.34997240184826E+03
 1.91850000000000E+03, -2.15889406743358E+00, -3.87000000000000E+00, -2.79442388171341E+01,  8.31700000000006E+01,  2.57126375616912E+03,  5.84993430022853E+03
 1.91858333300000E+03, -1.63972218464042E+00, -3.79500000000000E+00, -2.79183963440316E+01,  8.33500000000006E+01,  1.82585406576304E+03,  5.19400916692669E+03
 1.91866666700000E+03, -1.14404060371699E+00, -3.45750000000000E+00, -2.61856997058925E+01,  8.35300000000007E+01,  2.51933283348232E+03,  6.30896172542510E+03
 1.91875000000000E+03, -1.11975443673036E+00, -2.96000000000000E+00, -2.61684631377119E+01,  8.37100000000007E+01,  1.74857878762220E+03,  5.90947573951385E+03
 1.91883333300000E+03, -1.50178338189548E+00, -2.71000000000000E+00, -2.61513192658212E+01,  8.38900000000007E+01,  2.77290349326698E+03,  6.69216816231944E+03
 1.91891666700000E+03, -1.98827014105630E+00, -2.44250000000000E+00, -2.61342660043551E+01,  8.40700000000007E+01,  2.22405855873608E+03,  5.22951454553501E+03
 1.91900000000000E+03, -2.42718451706873E+00, -1.84750000000000E+00, -2.61173012568274E+01,  8.42500000000007E+01,  4.06293434395488E+03,  5.98179089759729E+03
 1.91908333300000E+03, -2.71884302175383E+00, -1.35250000000000E+00, -2.61004229165731E+01,  8.44300000000007E+01,  4.30323977493471E+03,  5.82568107448672E+03
 1.91916666700000E+03, -2.86215567072952E+00, -1.26250000000000E+00, -2.60836288671903E+01,  8.46100000000007E+01,  4.71945143121037E+03,  5.85964504022565E+03
 1.91925000000000E+03, -2.91073518597614E+00, -1.18500000000000E+00, -2.60669169829842E+01,  8.47900000000007E+01,  3.96466405801846E+03,  3.67602881678730E+03
 1.91933333300000E+03, -2.89240916012413E+00, -1.53250000000000E+00, -2.60502851294125E+01,  8.49700000000007E+01,  6.43124062995050E+03,  5.01778650165118E+03
 1.91941666700000E+03, -2.77801428857788E+00, -2.24500000000000E+00, -2.60337311635310E+01,  8.51500000000007E+01,  4.67129821755035E+03,  3.71580473798058E+03
 1.91950000000000E+03, -2.53055339171442E+00, -2.46000000000000E+00, -2.60172529344411E+01,  8.53300000000007E+01,  4.44215866354237E+03,  3.54338974637989E+03
 1.91958333300000E+03, -2.18745145926476E+00, -2.15250000000000E+00, -2.60008482837374E+01,  8.55100000000007E+01,  4.53897232215613E+03,  5.40684336602836E+03
 1.91966666700000E+03, -2.03836117263580E+00, -1.80500000000000E+00, -2.76272389535788E+01,  8.56900000000007E+01,  4.17878067712758E+03,  5.58401629068107E+03
 1.91975000000000E+03, -2.25545233048872E+00, -1.77250000000000E+00, -2.76781636067992E+01,  8.58700000000007E+01,  1.77989766116131E+03,  4.37997988296945E+03
 1.91983333300000E+03, -2.51280153822716E+00, -2.23000000000000E+00, -2.77288980766540E+01,  8.60500000000008E+01,  1.71124101418782E+03,  4.55377979522851E+03
 1.91991666700000E+03, -2.61163750970530E+00, -3.18500000000000E+00, -2.77794380560860E+01,  8.62300000000008E+01,  1.19324545282307E+03,  3.44154818086248E+03
 1.92000000000000E+03, -2.67339373597451E+00, -4.05250000000000E+00, -2.78297792567627E+01,  8.64100000000008E+01,  1.07187624897060E+03,  1.81709578272182E+03
 1.92008333300000E+03, -2.76752608285735E+00, -4.31250000000000E+00, -2.78799174095566E+01,  8.65900000000008E+01,  1.63708964557040E+03,  2.37802187504659E+03
 1.92016666700000E+03, -2.83475502868384E+00, -4.11750000000000E+00, -2.79298482650244E+01,  8.67700000000008E+01,  1.75042420989708E+03,  1.98011351353680E+03
 1.92025000000000E+03, -2.73325122258114E+00, -3.44500000000000E+00, -2.79795675938829E+01,  8.69500000000008E+01,  3.14556178773980E+03,  2.67474455250856E+03
 1.92033333300000E+03, -2.36888537419015E+00, -2.81000000000000E+00, -2.80290711874828E+01,  8.71300000000008E+01,  3.21645848633425E+03,  3.42282426516544E+03
 1.92041666700000E+03, -1.80205959507078E+00, -2.73500000000000E+00, -2.80783548582791E+01,  8.73100000000008E+01,  2.80822610511888E+03,  3.61388833531943E+03
 1.92050000000000E+03, -1.24084112910119E+00, -2.85000000000000E+00, -2.81274144403001E+01,  8.74900000000008E+01,  2.42806049836507E+03,  3.51718019272686E+03
 1.92058333300000E+03, -9.52413812446404E-01, -2.90500000000000E+00, -2.81762457896121E+01,  8.76700000000008E+01,  3.09330175122191E+03,  4.30796350004134E+03
 1.92066666700000E+03, -1.05604795482768E+00, -2.81500000000000E+00, -1.97230221448322E+01,  8.78500000000008E+01,  1.70114643914121E+03,  3.38056529187747E+03
 1.92075000000000E+03, -1.39242230136026E+00, -3.10250000000000E+00, -1.97054060270596E+01,  8.80300000000008E+01,  2.02991014701213E+03,  2.92292840113249E+03
 1.92083333300000E+03, -1.74897284999939E+00, -3.57000000000000E+00, -1.96880473312210E+01,  8.82100000000008E+01,  2.78736596928757E+03,  5.53635676068687E+03
 1.92091666700000E+03, -2.04068960187598E+00, -3.31750000000000E+00, -1.96709490358010E+01,  8.83900000000008E+01,  4.00834432429602E+03,  6.11496935556597E+03
 1.92100000000000E+03, -2.24676314909194E+00, -2.90250000000000E+00, -1.96541141038511E+01,  8.85700000000008E+01,  3.20637329197357E+03,  6.05596518521312E+03
 1.92108333300000E+03, -2.35873753854168E+00, -2.90000000000000E+00, -1.96375454825263E+01,  8.87500000000009E+01,  3.29908373651281E+03,  7.29778410425774E+03
 1.92116666700000E+03, -2.36774819066107E+00, -2.94500000000000E+00, -1.96212461026234E+01,  8.89300000000009E+01,  2.86385780369121E+03,  7.04022640873740E+03
 1.92125000000000E+03, -2.25818550607584E+00, -2.75250000000000E+00, -1.96052188781202E+01,  8.91100000000009E+01,  2.47614453792689E+03,  4.02617609690565E+03
 1.92133333300000E+03, -2.01980490206398E+00, -2.54500000000000E+00, -1.95894667057167E+01,  8.92900000000009E+01,  1.07680661607736E+03,  3.18609235481891E+03
 1.92141666700000E+03, -1.67650447719948E+00, -2.14750000000000E+00, -1.95739924643787E+01,  8.94700000000009E+01,  1.53709006228313E+03,  2.61926152322954E+03
 1.92150000000000E+03, -1.30799633110156E+00, -1.78750000000000E+00, -1.95587990148819E+01,  8.96500000000009E+01,  3.05581393658789E+03,  3.36164090158465E+03
 1.92158333300000E+03, -1.26808156323463E+00, -2.07750000000000E+00, -1.95438891993591E+01,  8.98300000000009E+01,  3.43428447880866E+03,  4.42920659029781E+03
 1.92166666700000E+03, -1.64185624808381E+00, -1.89000000000000E+00, -2.41371741014872E+01,  9.00100000000009E+01,  3.26983612713945E+03,  6.22188324805639E+03
 1.92175000000000E+03, -1.96779409589493E+00, -1.50250000000000E+00, -2.41469610169333E+01,  9.01900000000009E+01,  3.96593699508898E+03,  6.10124837253093E+03
 1.92183333300000E+03, -2.19898068639932E+00, -1.76000000000000E+00, -2.41571722167430E+01,  9.03700000000009E+01,  3.48975767257243E+03,  5.96622178768409E+03
 1.92191666700000E+03, -2.46513480243905E+00, -1.78250000000000E+00, -2.41678083150442E+01,  9.05500000000009E+01,  2.75107824035523E+03,  5.25961191006306E+03
 1.92200000000000E+03, -2.63210872940302E+00, -1.94250000000000E+00, -2.41788698810062E+01,  9.07300000000009E+01,  2.22171856755464E+03,  4.30523645771817E+03
 1.92208333300000E+03, -2.62776366030587E+00, -2.58500000000000E+00, -2.41903574386561E+01,  9.09100000000009E+01,  4.15894243024100E+03,  3.55469952207965E+03
 1.92216666700000E+03, -2.48381673072432E+00, -3.34500000000000E+00, -2.42022714667022E+01,  9.10900000000009E+01,  5.49317568474137E+03,  4.35069292057144E+03
 1.92225000000000E+03, -2.28634819413514E+00, -3.70750000000000E+00, -2.42146123983636E+01,  9.12700000000009E+01,  8.77924859391369E+03,  6.87316948356020E+03
 1.92233333300000E+03, -2.08966865498136E+00, -3.45250000000000E+00, -2.42273806212050E+01,  9.14500000000010E+01,  8.05976932409203E+03,  5.61624950016246E+03
 1.92241666700000E+03, -1.88064801483144E+00, -3.40250000000000E+00, -2.42405764769781E+01,  9.16300000000010E+01,  1.02801328411281E+04,  8.19687086979704E+03
 1.92250000000000E+03, -1.62558296782954E+00, -3.49500000000000E+00, -2.42542002614695E+01,  9.18100000000010E+01,  8.23996139143986E+03,  7.34038579134148E+03
 1.92258333300000E+03, -1.32740728742773E+00, -3.41750000000000E+00, -2.42682522243539E+01,  9.19900000000010E+01,  6.58060100309787E+03,  6.33393716507844E+03
 1.92266666700000E+03, -1.30840572723838E+00, -3.34000000000000E+00, -3.14285878759440E+01,  9.21700000000010E+01,  3.31077580147044E+03,  4.26727454481700E+03
 1.92275000000000E+03, -1.86304507760206E+00, -3.24250000000000E+00, -3.14831401384849E+01,  9.23500000000010E+01,  3.27128571453531E+03,  4.03197952624113E+03
 1.92283333300000E+03, -2.58886401214075E+00, -3.29500000000000E+00, -3.15375854404351E+01,  9.25300000000010E+01,  1.31500851668303E+03,  2.20466654449945E+03
 1.92291666700000E+03, -3.03037304315565E+00, -3.42250000000000E+00, -3.15919189984840E+01,  9.27100000000010E+01,  1.35459075500414E+03,  2.20500948392639E+03
 1.92300000000000E+03, -3.20020700844716E+00, -3.79500000000000E+00, -3.16461360389039E+01,  9.28900000000010E+01,  2.09476741096524E+03,  3.81843942148776E+03
 1.92308333300000E+03, -3.27978502473306E+00, -4.23500000000000E+00, -3.17002317981050E+01,  9.30700000000010E+01,  3.76556930163781E+03,  6.44985910703553E+03
 1.92316666700000E+03, -3.36618544692423E+00, -4.25750000000000E+00, -3.17542015231906E+01,  9.32500000000010E+01,  4.12224585097495E+03,  7.41803767735046E+03
 1.92325000000000E+03, -3.33911594345128E+00, -3.87250000000000E+00, -3.18080404725099E+01,  9.34300000000010E+01,  5.10261269159622E+03,  7.67488636089776E+03
 1.92333333300000E+03, -2.98554378129957E+00, -3.27500000000000E+00, -3.18617439162103E+01,  9.36100000000010E+01,  5.11057235638646E+03,  8.88413710712686E+03
 1.92341666700000E+03, -2.25079710026635E+00, -3.08750000000000E+00, -3.19153071367871E+01,  9.37900000000010E+01,  4.81639361360648E+03,  8.25874153924533E+03
 1.92350000000000E+03, -1.35629064135879E+00, -3.47000000000000E+00, -3.19687254296327E+01,  9.39700000000011E+01,  5.95257735317682E+03,  8.42200619665537E+03
 1.92358333300000E+03, -1.05924967441104E+00, -3.87000000000000E+00, -3.20219941035835E+01,  9.41500000000011E+01,  6.20350902964825E+03,  8.14920923299841E+03
 1.92366666700000E+03, -1.58786521692103E+00, -3.58750000000000E+00, -2.60386721372453E+01,  9.43300000000011E+01,  5.33842222223446E+03,  7.71528616422535E+03
 1.92375000000000E+03, -2.05858423754572E+00, -2.80000000000000E+00, -2.60107516818843E+01,  9.45100000000011E+01,  6.25133242005601E+03,  7.98100195191021E+03
 1.92383333300000E+03, -2.18983080992887E+00, -1.90500000000000E+00, -2.59828919867176E+01,  9.46900000000011E+01,  7.65963343561347E+03,  9.20174990370529E+03
 1.92391666700000E+03, -2.19659771716995E+00, -1.18500000000000E+00, -2.59550961858303E+01,  9.48700000000011E+01,  6.02553537613827E+03,  7.14016614001936E+03
 1.92400000000000E+03, -2.07235509181794E+00, -1.32250000000000E+00, -2.59273674281271E+01,  9.50500000000011E+01,  5.66343971978795E+03,  6.77756043541097E+03
 1.92408333300000E+03, -1.90343878767725E+00, -1.60250000000000E+00, -2.58997088768769E+01,  9.52300000000011E+01,  6.13630603041376E+03,  8.73515157997163E+03
 1.92416666700000E+03, -1.76553343002204E+00, -1.18000000000000E+00, -2.58721237092528E+01,  9.54100000000011E+01,  5.18632228502915E+03,  7.69338238941366E+03
 1.92425000000000E+03, -1.63369005826464E+00, -4.52500000000000E-01, -2.58446151158710E+01,  9.55900000000011E+01,  4.84550138895106E+03,  1.06864259335100E+04
 1.92433333300000E+03, -1.39885604541070E+00, -1.80000000000000E-01, -2.58171863003257E+01,  9.57700000000011E+01,  3.82905180679897E+03,  9.67985251848638E+03
 1.92441666700000E+03, -9.76130195889116E-01, -7.07500000000000E-01, -2.57898404787217E+01,  9.59500000000011E+01,  6.35519571148733E+03,  1.16978272051504E+04
 1.92450000000000E+03, -3.99517541633698E-01, -1.23500000000000E+00, -2.57625808792039E+01,  9.61300000000011E+01,  6.86444150780999E+03,  1.10019428066825E+04
 1.92458333300000E+03, -2.01683312770795E-01, -1.53000000000000E+00, -2.57354107414852E+01,  9.63100000000011E+01,  8.77709289341517E+03,  1.38649473155419E+04
 1.92466666700000E+03, -5.82832071552622E-01, -1.97250000000000E+00, -2.48050209361447E+01,  9.64900000000011E+01,  8.13187095369608E+03,  1.02966267405324E+04
 1.92475000000000E+03, -8.54864266043706E-01, -2.50000000000000E+00, -2.47839037154938E+01,  9.66700000000012E+01,  8.04705265710069E+03,  1.10770888314377E+04
 1.92483333300000E+03, -8.93335690257433E-01, -2.90750000000000E+00, -2.47630088913833E+01,  9.68500000000012E+01,  7.58109517782431E+03,  1.18684846226987E+04
 1.92491666700000E+03, -9.33960813340278E-01, -3.06000000000000E+00, -2.47423397497440E+01,  9.70300000000012E+01,  6.61739611886521E+03,  1.00491886015960E+04
 1.92500000000000E+03, -8.86868123131341E-01, -3.14500000000000E+00, -2.47218995669046E+01,  9.72100000000012E+01,  4.68544808121982E+03,  8.46364322404543E+03
 1.92508333300000E+03, -7.19613180906171E-01, -2.98750000000000E+00, -2.47016916090762E+01,  9.73900000000012E+01,  3.23021483819827E+03,  6.64992999356392E+03
 1.92516666700000E+03, -4.90596722468635E-01, -2.44250000000000E+00, -2.46817191318382E+01,  9.75700000000012E+01,  3.64825523552977E+03,  6.72553971809983E+03
 1.92525000000000E+03, -2.95028914320717E-01, -1.71250000000000E+00, -2.46619853796243E+01,  9.77500000000012E+01,  1.67056267965935E+03,  3.75886370369286E+03
 1.92533333300000E+03, -1.78865584576051E-01, -1.33500000000000E+00, -2.46424935852097E+01,  9.79300000000012E+01,  1.52948191469706E+03,  6.57604271099952E+03
 1.92541666700000E+03, -1.07283303641084E-01, -1.52750000000000E+00, -2.46232469691994E+01,  9.81100000000012E+01,  1.42877120409794E+03,  5.25335380861141E+03
 1.92550000000000E+03, -1.82383374708046E-02, -1.55000000000000E+00, -2.46042487395171E+01,  9.82900000000012E+01,  1.58509690360337E+03,  5.33516701345763E+03
 1.92558333300000E+03, -1.91335921590078E-01, -1.34250000000000E+00, -2.45855020908953E+01,  9.84700000000012E+01,  1.30184751112713E+03,  5.07970219137066E+03
 1.92566666700000E+03, -6.72882000157426E-01, -1.16750000000000E+00, -2.92386898293719E+01,  9.86500000000012E+01,  1.69211593639313E+03,  6.95487739104817E+03
 1.92575000000000E+03, -8.41930096206497E-01, -1.18750000000000E+00, -2.92935963218928E+01,  9.88300000000012E+01,  1.71451535014074E+03,  4.56219495476358E+03
 1.92583333300000E+03, -5.99927821921875E-01, -9.87500000000000E-01, -2.93485864949102E+01,  9.90100000000012E+01,  2.61791956915031E+03,  5.28947523813425E+03
 1.92591666700000E+03, -3.30879228129678E-01, -1.40000000000000E-01, -2.94036556370498E+01,  9.91900000000012E+01,  2.64982212597531E+03,  6.86744989674699E+03
 1.92600000000000E+03, -2.26952438612530E-01,  5.25000000000000E-01, -2.94587990243609E+01,  9.93700000000013E+01,  2.95334796375342E+03,  6.22817749428386E+03
 1.92608333300000E+03, -2.97943862946091E-01,  7.07500000000000E-01, -2.95140119208609E+01,  9.95500000000013E+01,  2.30756256617113E+03,  5.74504093761159E+03
 1.92616666700000E+03, -3.53233520071239E-01,  7.45000000000000E-01, -2.95692895790820E+01,  9.97300000000013E+01,  2.08700158158052E+03,  5.18920773862833E+03
 1.92625000000000E+03, -2.09356562128539E-01,  9.45000000000000E-01, -2.96246272406195E+01,  9.99100000000013E+01,  1.50829895591193E+03,  4.99782766282263E+03
 1.92633333300000E+03,  9.74539367863182E-02,  1.03750000000000E+00, -2.96800201366813E+01,  1.00090000000001E+02,  2.34395838985429E+03,  3.46071628216954E+03
 1.92641666700000E+03,  3.28131193056326E-01,  9.75000000000000E-01, -2.97354634886400E+01,  1.00270000000001E+02,  2.26406284895056E+03,  4.71830364270433E+03
 1.92650000000000E+03,  2.78912312959310E-01,  9.75000000000000E-01, -2.97909525085850E+01,  1.00450000000001E+02,  2.35147001566048E+03,  3.79713077469695E+03
 1.92658333300000E+03,  4.11518754536909E-01,  6.85000000000000E-01, -2.98464823998770E+01,  1.00630000000001E+02,  2.45183857928035E+03,  5.31966985259087E+03
 1.92666666700000E+03,  9.40990619064172E-01,  7.47500000000000E-01, -2.55517639240781E+01,  1.00810000000001E+02,  2.83677559233612E+03,  7.00267484103302E+03
 1.92675000000000E+03,  1.12297158488122E+00,  1.02250000000000E+00, -2.55254106343662E+01,  1.00990000000001E+02,  2.58064429225950E+03,  7.86737333038594E+03
 1.92683333300000E+03,  8.80188631348634E-01,  7.65000000000000E-01, -2.54991759310730E+01,  1.01170000000001E+02,  3.88647674607007E+03,  8.85000632508447E+03
 1.92691666700000E+03,  5.87598211823532E-01,  6.80000000000000E-01, -2.54730631421352E+01,  1.01350000000001E+02,  3.70292698892862E+03,  8.70472376252299E+03
 1.92700000000000E+03,  2.79818133001233E-01,  7.82500000000000E-01, -2.54470756017762E+01,  1.01530000000001E+02,  5.27051717041844E+03,  1.22250030002367E+04
 1.92708333300000E+03,  3.03595296820846E-02,  6.47500000000000E-01, -2.54212166500070E+01,  1.01710000000001E+02,  4.56668623444482E+03,  9.52141042559993E+03
 1.92716666700000E+03, -7.07875432176154E-02,  5.25000000000000E-01, -2.53954896321270E+01,  1.01890000000001E+02,  3.96199066098494E+03,  8.87928198639110E+03
 1.92725000000000E+03,  1.21994919877994E-02,  8.85000000000000E-01, -2.53698978982221E+01,  1.02070000000001E+02,  2.17004203478668E+03,  7.37885630228076E+03
 1.92733333300000E+03,  2.13594236603769E-01,  1.47750000000000E+00, -2.53444448026618E+01,  1.02250000000001E+02,  2.45109727931447E+03,  7.43235425953927E+03
 1.92741666700000E+03,  4.00763600223679E-01,  1.60000000000000E+00, -2.53191337035943E+01,  1.02430000000001E+02,  1.40447046046078E+03,  2.67419359006636E+03
 1.92750000000000E+03,  4.67473092244928E-01,  1.52000000000000E+00, -2.52939679624412E+01,  1.02610000000001E+02,  1.54660051554665E+03,  2.83396367953611E+03
 1.92758333300000E+03,  5.10623961724347E-01,  1.40250000000000E+00, -2.52689509433895E+01,  1.02790000000001E+02,  3.14706444233968E+03,  3.22980414682055E+03
 1.92766666700000E+03,  6.48472371609041E-01,  1.31250000000000E+00, -3.80151101314069E+01,  1.02970000000001E+02,  3.27500358335225E+03,  3.62081516913901E+03
 1.92775000000000E+03,  6.76466472140126E-01,  1.43000000000000E+00, -3.80641442178032E+01,  1.03150000000001E+02,  3.19663519780753E+03,  3.94829638172385E+03
 1.92783333300000E+03,  3.56730320373965E-01,  1.01750000000000E+00, -3.81129093782397E+01,  1.03330000000001E+02,  2.79587342751709E+03,  5.98690529732048E+03
 1.92791666700000E+03, -2.70665472272372E-01,  6.75000000000000E-02, -3.81614012671880E+01,  1.03510000000001E+02,  2.61159363933639E+03,  6.76454012920838E+03
 1.92800000000000E+03, -9.38357476272566E-01, -5.65000000000000E-01, -3.82096155681314E+01,  1.03690000000001E+02,  1.25122921968824E+03,  6.06420034451380E+03
 1.92808333300000E+03, -1.32417107083840E+00, -8.60000000000000E-01, -3.82575479940730E+01,  1.03870000000001E+02,  1.48078198067067E+03,  6.20486878308295E+03
 1.92816666700000E+03, -1.28668895399349E+00, -9.92500000000000E-01, -3.83051942880388E+01,  1.04050000000001E+02,  2.07807972873799E+03,  6.37130738265507E+03
 1.92825000000000E+03, -9.46614179168097E-01, -7.27500000000000E-01, -3.83525502235787E+01,  1.04230000000001E+02,  1.79322022003191E+03,  7.03804044829074E+03
 1.92833333300000E+03, -5.67296249566354E-01, -3.50000000000000E-02, -3.83996116052617E+01,  1.04410000000001E+02,  2.38473596589241E+03,  7.76662751642423E+03
 1.92841666700000E+03, -3.54720865820798E-01,  5.52500000000000E-01, -3.84463742691676E+01,  1.04590000000001E+02,  2.06331745264807E+03,  7.88352280331325E+03
 1.92850000000000E+03, -3.41392887756865E-01,  8.12500000000000E-01, -3.84928340833739E+01,  1.04770000000001E+02,  2.07172790148361E+03,  8.73565064794040E+03
 1.92858333300000E+03, -2.38158700533820E-01,  9.05000000000000E-01, -3.85389869484394E+01,  1.04950000000001E+02,  1.11073103046223E+03,  1.02223158154679E+04
 1.92866666700000E+03,  6.22141088269465E-02,  7.60000000000000E-01, -3.59175985244393E+01,  1.05130000000001E+02,  1.24385551162058E+03,  7.42946828896032E+03
 1.92875000000000E+03,  1.77338986007407E-01,  2.62500000000000E-01, -3.59735167167213E+01,  1.05310000000001E+02,  8.87490962255334E+02,  8.05948789376185E+03
 1.92883333300000E+03,  6.43070190547205E-02, -4.15000000000000E-01, -3.60293545038623E+01,  1.05490000000001E+02,  1.01081201550673E+03,  8.30481838991809E+03
 1.92891666700000E+03, -4.93735164653032E-02, -8.35000000000000E-01, -3.60851068367899E+01,  1.05670000000001E+02,  1.60004381891772E+03,  6.69944527133183E+03
 1.92900000000000E+03, -1.91087859068253E-01, -9.50000000000000E-01, -3.61407686730371E+01,  1.05850000000002E+02,  2.32310316241079E+03,  4.68494572928607E+03
 1.92908333300000E+03, -4.96208555828402E-01, -9.80000000000000E-01, -3.61963349773464E+01,  1.06030000000002E+02,  2.24799504810336E+03,  5.48287752787440E+03
 1.92916666700000E+03, -9.98598049892826E-01, -7.72500000000000E-01, -3.62518007222750E+01,  1.06210000000002E+02,  3.02605432447865E+03,  6.80286110726952E+03
 1.92925000000000E+03, -1.53131286884070E+00, -6.12500000000000E-01, -3.63071608887975E+01,  1.06390000000002E+02,  3.39848022903731E+03,  6.28714305879101E+03
 1.92933333300000E+03, -1.86316739271726E+00, -1.10750000000000E+00, -3.63624104669085E+01,  1.06570000000002E+02,  2.67811882157219E+03,  7.83559871735110E+03
 1.92941666700000E+03, -1.92478774544146E+00, -1.72250000000000E+00, -3.64175444562238E+01,  1.06750000000002E+02,  3.72462866645930E+03,  1.13262948719220E+04
 1.92950000000000E+03, -1.87118970692656E+00, -1.80000000000000E+00, -3.64725578665803E+01,  1.06930000000002E+02,  3.86737563449742E+03,  1.14805298789607E+04
 1.92958333300000E+03, -1.17553237291972E+00, -1.41750000000000E+00, -3.65274457186341E+01,  1.07110000000002E+02,  3.62628191403570E+03,  8.42665954133660E+03
 1.92966666700000E+03,  9.66936228415403E-02, -8.80000000000000E-01, -2.97482080099525E+01,  1.07290000000002E+02,  6.72724338201359E+03,  1.20692745242031E+04
 1.92975000000000E+03,  4.45168503535105E-01, -7.55000000000000E-01, -2.98037068446506E+01,  1.07470000000002E+02,  6.59657507901095E+03,  1.30864433458796E+04
 1.92983333300000E+03, -9.99455499715926E-02, -1.20750000000000E+00, -2.98592454475117E+01,  1.07650000000002E+02,  6.16119779176233E+03,  1.35715264530479E+04
 1.92991666700000E+03, -4.80466562619532E-01, -1.55750000000000E+00, -2.99148190119242E+01,  1.07830000000002E+02,  6.95274335970366E+03,  1.56032399751051E+04
 1.93000000000000E+03, -4.36093662476506E-01, -1.55500000000000E+00, -2.99704227237883E+01,  1.08010000000002E+02,  9.47319687015373E+03,  1.67004281666576E+04
 1.93008333300000E+03, -1.51040847178635E-01, -1.45750000000000E+00, -3.00260517620739E+01,  1.08190000000002E+02,  6.42283491805798E+03,  1.36793949949520E+04
 1.93016666700000E+03, -7.60257481545037E-03, -1.47250000000000E+00, -3.00817012993795E+01,  1.08370000000002E+02,  6.86140937778380E+03,  1.22562723809753E+04
 1.93025000000000E+03, -1.48112412889774E-01, -1.60250000000000E+00, -3.01373665024932E+01,  1.08550000000002E+02,  5.70273232338102E+03,  8.24721024525679E+03
 1.93033333300000E+03, -3.18086036828487E-01, -1.32000000000000E+00, -3.01930425329529E+01,  1.08730000000002E+02,  4.73548333674978E+03,  5.48231443080187E+03
 1.93041666700000E+03, -1.55830940005702E-01, -5.67500000000000E-01, -3.02487245476089E+01,  1.08910000000002E+02,  2.84561028644462E+03,  4.53523672271005E+03
 1.93050000000000E+03,  3.85095166280349E-01,  2.35000000000000E-01, -3.03044076991856E+01,  1.09090000000002E+02,  3.08429035714730E+03,  4.59047889633194E+03
 1.93058333300000E+03,  8.74993047174655E-01,  1.18000000000000E+00, -3.03600871368460E+01,  1.09270000000002E+02,  4.46777683288057E+03,  5.27915219415665E+03
 1.93066666700000E+03,  1.05080831026846E+00,  2.08000000000000E+00, -2.57078815842318E+01,  1.09450000000002E+02,  4.92543310522381E+03,  4.99168554564367E+03
 1.93075000000000E+03,  1.10026271693863E+00,  2.07250000000000E+00, -2.56809017648994E+01,  1.09630000000002E+02,  5.15565916283904E+03,  7.35294916447195E+03
 1.93083333300000E+03,  1.05722970618174E+00,  1.58750000000000E+00, -2.56540212459047E+01,  1.09810000000002E+02,  4.34250285143115E+03,  6.55544155461621E+03
 1.93091666700000E+03,  9.62969101541406E-01,  1.34500000000000E+00, -2.56272433086109E+01,  1.09990000000002E+02,  4.11065396799240E+03,  6.00713660394675E+03
 1.93100000000000E+03,  1.00461574078639E+00,  1.05750000000000E+00, -2.56005712435401E+01,  1.10170000000002E+02,  3.54566971047119E+03,  6.21244212234314E+03
 1.93108333300000E+03,  1.17508357949059E+00,  9.47500000000000E-01, -2.55740083498863E+01,  1.10350000000002E+02,  6.39295057521633E+03,  1.25447204687439E+04
 1.93116666700000E+03,  1.29903050255854E+00,  1.24250000000000E+00, -2.55475579350267E+01,  1.10530000000002E+02,  7.92374740072136E+03,  1.09950704583434E+04
 1.93125000000000E+03,  1.23703050791258E+00,  1.64750000000000E+00, -2.55212233140304E+01,  1.10710000000002E+02,  7.94908020075304E+03,  1.12727261390473E+04
 1.93133333300000E+03,  1.04683695113043E+00,  2.13250000000000E+00, -2.54950078091649E+01,  1.10890000000002E+02,  8.86998217871117E+03,  1.16424265002878E+04
 1.93141666700000E+03,  9.28865574783384E-01,  2.34750000000000E+00, -2.54689147494021E+01,  1.11070000000002E+02,  8.13783564925732E+03,  9.30522606641065E+03
 1.93150000000000E+03,  1.01278793388073E+00,  1.97750000000000E+00, -2.54429474699203E+01,  1.11250000000002E+02,  4.90746277704159E+03,  3.33366127457762E+03
 1.93158333300000E+03,  1.09240764764462E+00,  1.86000000000000E+00, -2.54171093116070E+01,  1.11430000000002E+02,  3.44783393200143E+03,  2.14234573252538E+03
 1.93166666700000E+03,  1.09448263678693E+00,  2.45500000000000E+00, -3.95974688296957E+01,  1.11610000000002E+02,  3.09895873017692E+03,  4.16819325517593E+03
 1.93175000000000E+03,  1.29091342989847E+00,  2.36250000000000E+00, -3.96341483360424E+01,  1.11790000000002E+02,  1.69734207816513E+03,  5.47940157629358E+03
 1.93183333300000E+03,  1.57162402927232E+00,  1.48000000000000E+00, -3.96704228358143E+01,  1.11970000000002E+02,  3.23850298432667E+03,  6.54141457719029E+03
 1.93191666700000E+03,  1.70886437242939E+00,  1.40250000000000E+00, -3.97062893341780E+01,  1.12150000000002E+02,  3.09264366399441E+03,  7.68333361341835E+03
 1.93200000000000E+03,  1.74219552845422E+00,  1.84250000000000E+00, -3.97417448807498E+01,  1.12330000000002E+02,  2.83667650877280E+03,  7.96434024686685E+03
 1.93208333300000E+03,  1.73256295414187E+00,  2.16750000000000E+00, -3.97767865699172E+01,  1.12510000000002E+02,  3.54068633080492E+03,  5.94195307771328E+03
 1.93216666700000E+03,  1.71462059896645E+00,  2.30000000000000E+00, -3.98114115411544E+01,  1.12690000000002E+02,  4.00014360268703E+03,  4.32424881883666E+03
 1.93225000000000E+03,  1.70950943723532E+00,  2.02250000000000E+00, -3.98456169793323E+01,  1.12870000000002E+02,  2.99273485649800E+03,  4.95995256859683E+03
 1.93233333300000E+03,  1.76277558413812E+00,  1.87000000000000E+00, -3.98794001150211E+01,  1.13050000000002E+02,  3.07710122606486E+03,  3.34071260549243E+03
 1.93241666700000E+03,  1.94155982810474E+00,  2.24250000000000E+00, -3.99127582247882E+01,  1.13230000000002E+02,  5.74676378976026E+03,  3.44764107542170E+03
 1.93250000000000E+03,  2.27294209317652E+00,  2.89250000000000E+00, -3.99456886314886E+01,  1.13410000000002E+02,  5.01388723456045E+03,  3.49655353099502E+03
 1.93258333300000E+03,  2.22173603535486E+00,  3.41250000000000E+00, -3.99781887045496E+01,  1.13590000000002E+02,  4.93654270796881E+03,  3.63899444064130E+03
 1.93266666700000E+03,  1.68455084139677E+00,  3.20250000000000E+00, -4.18634431328390E+01,  1.13770000000002E+02,  4.10724406701267E+03,  2.09934676186248E+03
 1.93275000000000E+03,  1.45154734240333E+00,  2.33250000000000E+00, -4.19174912182825E+01,  1.13950000000002E+02,  4.63279916167545E+03,  2.29756512496209E+03
 1.93283333300000E+03,  1.29917051009334E+00,  1.47750000000000E+00, -4.19713517726400E+01,  1.14130000000002E+02,  1.89830978314884E+03,  1.94201312142894E+03
 1.93291666700000E+03,  7.14887053765023E-01,  9.97500000000000E-01, -4.20250197876251E+01,  1.14310000000002E+02,  2.69150427275451E+03,  5.36846821258585E+03
 1.93300000000000E+03,  4.35640054549929E-03,  1.02750000000000E+00, -4.20784902748480E+01,  1.14490000000002E+02,  2.20206720648323E+03,  7.07061923285268E+03
 1.93308333300000E+03, -4.20639509954923E-01,  1.18500000000000E+00, -4.21317582664284E+01,  1.14670000000002E+02,  1.94722343225232E+03,  7.19623553649884E+03
 1.93316666700000E+03, -3.87117990018754E-01,  1.32750000000000E+00, -4.21848188156058E+01,  1.14850000000002E+02,  1.74389413674610E+03,  9.75468254122004E+03
 1.93325000000000E+03, -6.50859329576116E-02,  1.96750000000000E+00, -4.22376669973474E+01,  1.15030000000002E+02,  2.85457175855999E+03,  1.33801928479490E+04
 1.93333333300000E+03,  2.47744197228482E-01,  2.55000000000000E+00, -4.22902979089519E+01,  1.15210000000002E+02,  2.42816097450687E+03,  1.01438508144795E+04
 1.93341666700000E+03,  4.26608723595085E-01,  2.60000000000000E+00, -4.23427066706518E+01,  1.15390000000002E+02,  2.50077587699403E+03,  9.20948712949128E+03
 1.93350000000000E+03,  6.06002754214581E-01,  2.66500000000000E+00, -4.23948884262106E+01,  1.15570000000002E+02,  2.93209183754154E+03,  9.18723015360543E+03
 1.93358333300000E+03,  8.83736526127889E-01,  2.67000000000000E+00, -4.24468383435185E+01,  1.15750000000002E+02,  3.54199196883084E+03,  8.22515905125424E+03
 1.93366666700000E+03,  1.13145683624390E+00,  2.70500000000000E+00, -4.07621086524238E+01,  1.15930000000002E+02,  3.19105620998922E+03,  5.20655881624242E+03
 1.93375000000000E+03,  1.13977434176185E+00,  2.42000000000000E+00, -4.07187675427886E+01,  1.16110000000002E+02,  3.35707477001633E+03,  5.93310646234730E+03
 1.93383333300000E+03,  7.14488646379058E-01,  1.18750000000000E+00, -4.06754922606735E+01,  1.16290000000002E+02,  5.07122033123595E+03,  7.02322005889653E+03
 1.93391666700000E+03, -1.17370490135280E-01, -1.12500000000000E-01, -4.06322860138537E+01,  1.16470000000002E+02,  5.11812029321740E+03,  6.69232030377563E+03
 1.93400000000000E+03, -1.00054871561132E+00, -1.07000000000000E+00, -4.05891519787050E+01,  1.16650000000002E+02,  5.18033493506897E+03,  6.53701596178454E+03
 1.93408333300000E+03, -1.50855991580325E+00, -1.79750000000000E+00, -4.05460932998258E+01,  1.16830000000002E+02,  6.05503591114538E+03,  7.43836995291612E+03
 1.93416666700000E+03, -1.44375307432876E+00, -1.80500000000000E+00, -4.05031130896643E+01,  1.17010000000002E+02,  7.41948188680363E+03,  1.10228659161111E+04
 1.93425000000000E+03, -9.40612202692964E-01, -1.31750000000000E+00, -4.04602144281512E+01,  1.17190000000002E+02,  6.84973015775676E+03,  1.02263871603606E+04
 1.93433333300000E+03, -3.11374550807170E-01, -7.52500000000000E-01, -4.04174003623385E+01,  1.17370000000002E+02,  7.07682885887463E+03,  1.07673821459412E+04
 1.93441666700000E+03,  2.05759913774733E-01,  2.70000000000000E-01, -4.03746739060439E+01,  1.17550000000002E+02,  6.44190055959768E+03,  9.02865786643761E+03
 1.93450000000000E+03,  5.79314782181532E-01,  1.09000000000000E+00, -4.03320380395016E+01,  1.17730000000002E+02,  6.09426610731310E+03,  8.75178931342602E+03
 1.93458333300000E+03,  6.90328902111135E-01,  1.13500000000000E+00, -4.02894957090183E+01,  1.17910000000002E+02,  5.08115296478897E+03,  4.35671574991814E+03
 1.93466666700000E+03,  6.55813681823521E-01,  1.29250000000000E+00, -4.20635505374379E+01,  1.18090000000002E+02,  4.51772734257833E+03,  4.25191621828071E+03
 1.93475000000000E+03,  8.47083151160983E-01,  1.20750000000000E+00, -4.20198524690002E+01,  1.18270000000002E+02,  4.18979938239968E+03,  4.92244227877976E+03
 1.93483333300000E+03,  9.70815494467638E-01,  4.57500000000000E-01, -4.19761126042264E+01,  1.18450000000002E+02,  3.67475666293965E+03,  6.46406774968049E+03
 1.93491666700000E+03,  6.94299375673974E-01,  8.25000000000000E-02, -4.19323348860608E+01,  1.18630000000002E+02,  4.73239454629516E+03,  8.44514388415395E+03
 1.93500000000000E+03,  2.35888942286360E-01, -1.82500000000000E-01, -4.18885232396097E+01,  1.18810000000002E+02,  4.70200361885800E+03,  1.02162558479046E+04
 1.93508333300000E+03, -9.34470693282849E-02, -9.90000000000000E-01, -4.18446815716212E+01,  1.18990000000002E+02,  4.97572150964133E+03,  1.11212223441505E+04
 1.93516666700000E+03, -1.02451793875100E-01, -9.95000000000000E-01, -4.18008137699690E+01,  1.19170000000002E+02,  4.78944208594918E+03,  1.09894971921686E+04
 1.93525000000000E+03,  1.73938845198835E-01,  2.05000000000000E-01, -4.17569237031412E+01,  1.19350000000002E+02,  4.94784009921940E+03,  1.13157743117404E+04
 1.93533333300000E+03,  5.26806987616910E-01,  1.06750000000000E+00, -4.17130152197310E+01,  1.19530000000002E+02,  6.29568908809424E+03,  1.95849240094935E+04
 1.93541666700000E+03,  7.20605532736740E-01,  1.01000000000000E+00, -4.16690921479329E+01,  1.19710000000002E+02,  5.30115471286124E+03,  1.73122522123792E+04
 1.93550000000000E+03,  6.26882470434928E-01,  5.52500000000000E-01, -4.16251582950430E+01,  1.19890000000002E+02,  7.37319191292856E+03,  2.11712570248700E+04
 1.93558333300000E+03,  1.74432433770572E-01,  4.00000000000000E-02, -4.15812174469620E+01,  1.20070000000002E+02,  7.39156703793435E+03,  2.06802362828418E+04
 1.93566666700000E+03, -2.55895001949652E-01, -2.67500000000000E-01, -4.11549376522879E+01,  1.20250000000002E+02,  8.28977108657338E+03,  1.98705513503505E+04
 1.93575000000000E+03, -1.59093913384015E-01, -1.82500000000000E-01, -4.11335147542750E+01,  1.20430000000002E+02,  5.45366437957295E+03,  8.47767025772274E+03
 1.93583333300000E+03,  1.41456356389469E-01,  2.57500000000000E-01, -4.11122487323049E+01,  1.20610000000002E+02,  6.08982576338348E+03,  9.12319582524424E+03
 1.93591666700000E+03,  2.86623519731405E-01,  8.47500000000000E-01, -4.10911377177239E+01,  1.20790000000002E+02,  3.58823059946416E+03,  5.80895324368808E+03
 1.93600000000000E+03,  3.90704905913017E-01,  1.25000000000000E+00, -4.10701798158311E+01,  1.20970000000002E+02,  3.48670236492239E+03,  5.70464297719695E+03
 1.93608333300000E+03,  5.64222546350692E-01,  1.50250000000000E+00, -4.10493731063528E+01,  1.21150000000002E+02,  2.58759049079319E+03,  4.93336086962098E+03
 1.93616666700000E+03,  8.23755596620773E-01,  1.77250000000000E+00, -4.10287156439215E+01,  1.21330000000002E+02,  2.55358575792306E+03,  5.92089685366678E+03
 1.93625000000000E+03,  1.09208137970125E+00,  1.83250000000000E+00, -4.10082054585577E+01,  1.21510000000002E+02,  1.99712022365580E+03,  5.40276543948705E+03
 1.93633333300000E+03,  1.27044057791739E+00,  1.75750000000000E+00, -4.09878405561572E+01,  1.21690000000002E+02,  2.40670353780985E+03,  6.39132172990359E+03
 1.93641666700000E+03,  1.30678360856336E+00,  1.82000000000000E+00, -4.09676189189806E+01,  1.21870000000002E+02,  2.34506785670200E+03,  7.47631023004897E+03
 1.93650000000000E+03,  1.20535401887340E+00,  1.94250000000000E+00, -4.09475385061473E+01,  1.22050000000002E+02,  4.27609086693265E+03,  1.37699445776578E+04
 1.93658333300000E+03,  9.95930567678211E-01,  1.94000000000000E+00, -4.09275972541332E+01,  1.22230000000002E+02,  3.81324673577099E+03,  1.27179014229700E+04
 1.93666666700000E+03,  8.16116559309298E-01,  1.61000000000000E+00, -4.43956646816235E+01,  1.22410000000002E+02,  4.87034158170852E+03,  1.36929576035067E+04
 1.93675000000000E+03,  7.76446590633018E-01,  9.50000000000000E-01, -4.43788609021405E+01,  1.22590000000002E+02,  4.57923256366778E+03,  1.00959213144623E+04
 1.93683333300000E+03,  7.67889807071248E-01,  4.22500000000000E-01, -4.43620000003122E+01,  1.22770000000002E+02,  4.64486250802751E+03,  8.17004732216520E+03
 1.93691666700000E+03,  7.51178098479429E-01,  3.67500000000000E-01, -4.43450798373437E+01,  1.22950000000002E+02,  2.70874282734456E+03,  2.96958908947679E+03
 1.93700000000000E+03,  8.35971717791007E-01,  5.50000000000000E-01, -4.43280982983250E+01,  1.23130000000002E+02,  2.39090242133148E+03,  5.37470896902958E+03
 1.93708333300000E+03,  1.06941136067597E+00,  7.55000000000000E-01, -4.43110532927324E+01,  1.23310000000002E+02,  1.74542010562758E+03,  6.18626287330503E+03
 1.93716666700000E+03,  1.39736044182761E+00,  8.25000000000000E-01, -4.42939427549251E+01,  1.23490000000002E+02,  2.37867768803267E+03,  6.85541025283606E+03
 1.93725000000000E+03,  1.71660224771818E+00,  8.65000000000000E-01, -4.42767646446369E+01,  1.23670000000002E+02,  3.47987421693652E+03,  9.07825693562714E+03
 1.93733333300000E+03,  1.96298125515593E+00,  1.89750000000000E+00, -4.42595169474636E+01,  1.23850000000002E+02,  4.27036124137930E+03,  8.61175991776092E+03
 1.93741666700000E+03,  2.14817265500091E+00,  4.05250000000000E+00, -4.42421976753454E+01,  1.24030000000002E+02,  5.00232415561569E+03,  7.13512533003169E+03
 1.93750000000000E+03,  2.31289893318522E+00,  5.60750000000000E+00, -4.42248048670441E+01,  1.24210000000002E+02,  4.94124686039888E+03,  7.05399801139388E+03
 1.93758333300000E+03,  2.38494945065877E+00,  5.70000000000000E+00, -4.42073365886156E+01,  1.24390000000002E+02,  4.50695906391980E+03,  1.02569447302513E+04
 1.93766666700000E+03,  2.34307871566777E+00,  4.70250000000000E+00, -5.05274490545908E+01,  1.24570000000002E+02,  3.59663122453669E+03,  8.07742195893478E+03
 1.93775000000000E+03,  2.30359348957946E+00,  3.33500000000000E+00, -5.05414955931021E+01,  1.24750000000002E+02,  3.46566453892680E+03,  7.62013657727186E+03
 1.93783333300000E+03,  2.23135251885320E+00,  2.84500000000000E+00, -5.05550169106378E+01,  1.24930000000002E+02,  3.38675743421337E+03,  6.72372082890727E+03
 1.93791666700000E+03,  2.10700527667802E+00,  2.87250000000000E+00, -5.05680124622763E+01,  1.25110000000002E+02,  3.00069175361677E+03,  5.33137717649215E+03
 1.93800000000000E+03,  2.05178925149777E+00,  2.25750000000000E+00, -5.05804817620277E+01,  1.25290000000002E+02,  2.12672094203650E+03,  1.89081080573423E+03
 1.93808333300000E+03,  2.12785277507695E+00,  1.72750000000000E+00, -5.05924243828137E+01,  1.25470000000002E+02,  2.02894121415207E+03,  6.54167575628425E+03
 1.93816666700000E+03,  2.29712036552181E+00,  1.91250000000000E+00, -5.06038399564397E+01,  1.25650000000002E+02,  1.89407533412087E+03,  8.75310658079828E+03
 1.93825000000000E+03,  2.47118592456907E+00,  2.13250000000000E+00, -5.06147281735590E+01,  1.25830000000002E+02,  1.80408428592273E+03,  1.04063052767130E+04
 1.93833333300000E+03,  2.59754847206146E+00,  1.96750000000000E+00, -5.06250887836275E+01,  1.26010000000002E+02,  2.06838812397242E+03,  1.13502129121487E+04
 1.93841666700000E+03,  2.69509877113470E+00,  1.80000000000000E+00, -5.06349215948511E+01,  1.26190000000002E+02,  2.18020328203101E+03,  1.14538659211004E+04
 1.93850000000000E+03,  2.80678325447752E+00,  2.13000000000000E+00, -5.06442264741248E+01,  1.26370000000002E+02,  2.56297084614950E+03,  7.01222165611559E+03
 1.93858333300000E+03,  2.63220025389526E+00,  2.71500000000000E+00, -5.06530033469625E+01,  1.26550000000002E+02,  2.07102097214557E+03,  6.63094751124778E+03
 1.93866666700000E+03,  2.07651396993512E+00,  3.11750000000000E+00, -3.90365205057332E+01,  1.26730000000002E+02,  1.56413797411430E+03,  5.23789533965208E+03
 1.93875000000000E+03,  1.61873580593056E+00,  3.28500000000000E+00, -3.90174431018806E+01,  1.26910000000002E+02,  2.20568414062819E+03,  8.82341596836930E+03
 1.93883333300000E+03,  1.26488710384335E+00,  2.97000000000000E+00, -3.89982596253109E+01,  1.27090000000002E+02,  2.11223815752130E+03,  8.79523864412408E+03
 1.93891666700000E+03,  8.41850393239105E-01,  2.17000000000000E+00, -3.89789689068903E+01,  1.27270000000002E+02,  1.54171246528044E+03,  9.94834214049668E+03
 1.93900000000000E+03,  4.97697004872430E-01,  1.36000000000000E+00, -3.89595698120865E+01,  1.27450000000002E+02,  1.55163668708086E+03,  7.94528999659389E+03
 1.93908333300000E+03,  3.20087960895841E-01,  5.92500000000000E-01, -3.89400612412753E+01,  1.27630000000002E+02,  2.07800725298545E+03,  1.11802224218557E+04
 1.93916666700000E+03,  2.91972267105572E-01,  2.15000000000000E-01, -3.89204421300406E+01,  1.27810000000002E+02,  1.57995593965961E+03,  6.34773520451583E+03
 1.93925000000000E+03,  3.38824859579167E-01,  5.97500000000000E-01, -3.89007114494688E+01,  1.27990000000002E+02,  2.25285479207009E+03,  8.06315108277644E+03
 1.93933333300000E+03,  4.13117387924503E-01,  1.14500000000000E+00, -3.88808682064360E+01,  1.28170000000002E+02,  2.84089535360485E+03,  8.99793724968587E+03
 1.93941666700000E+03,  5.29210265662074E-01,  1.90000000000000E+00, -3.88609114438896E+01,  1.28350000000002E+02,  2.89589391062187E+03,  9.39392580861942E+03
 1.93950000000000E+03,  7.16723538915594E-01,  2.81500000000000E+00, -3.88408402411228E+01,  1.28530000000002E+02,  2.32546677274263E+03,  5.76479719833406E+03
 1.93958333300000E+03,  7.06144726020803E-01,  3.11750000000000E+00, -3.88206537140434E+01,  1.28710000000002E+02,  2.15083333136265E+03,  5.78255006965142E+03
 1.93966666700000E+03,  3.65253430553597E-01,  2.27250000000000E+00, -3.84862330282053E+01,  1.28890000000002E+02,  2.01492443367868E+03,  3.85659070691620E+03
 1.93975000000000E+03,  4.43386415385755E-02,  3.57500000000000E-01, -3.84855924614776E+01,  1.29070000000002E+02,  1.46520096219880E+03,  2.01049425103018E+03
 1.93983333300000E+03, -2.34345829744548E-01, -1.00000000000000E+00, -3.84853824879853E+01,  1.29250000000002E+02,  1.68691182681867E+03,  2.20655290680840E+03
 1.93991666700000E+03, -5.80244924848059E-01, -6.87500000000000E-01, -3.84856050148788E+01,  1.29430000000002E+02,  2.40840196386171E+03,  4.10241504840777E+03
 1.94000000000000E+03, -8.54065666991591E-01, -4.35000000000000E-01, -3.84862619034967E+01,  1.29610000000002E+02,  2.29419128517601E+03,  4.93458155115886E+03
 1.94008333300000E+03, -9.76472444050884E-01, -1.23500000000000E+00, -3.84873549689637E+01,  1.29790000000002E+02,  2.14402539659566E+03,  4.56223488255328E+03
 1.94016666700000E+03, -9.70967389599164E-01, -1.34500000000000E+00, -3.84888859797959E+01,  1.29970000000002E+02,  2.23666782619332E+03,  4.74794324953462E+03
 1.94025000000000E+03, -9.15464486081422E-01, -5.75000000000000E-01, -3.84908566575124E+01,  1.30150000000002E+02,  3.01880801782569E+03,  6.07230250765307E+03
 1.94033333300000E+03, -8.57075900005928E-01, -9.50000000000000E-02, -3.84932686762535E+01,  1.30330000000002E+02,  3.22378499139029E+03,  5.88248387325559E+03
 1.94041666700000E+03, -7.77070838768032E-01,  2.55000000000000E-01, -3.84961236624054E+01,  1.30510000000002E+02,  3.53048176206247E+03,  7.46719630489892E+03
 1.94050000000000E+03, -6.38008138897661E-01,  7.17500000000000E-01, -3.84994231942322E+01,  1.30690000000002E+02,  3.28232812829736E+03,  8.68822696567454E+03
 1.94058333300000E+03, -2.62099505378210E-01,  7.65000000000000E-01, -3.85031688015144E+01,  1.30870000000002E+02,  3.48433033015678E+03,  8.63017093723419E+03
 1.94066666700000E+03,  2.21589802355573E-01,  2.00000000000000E-01, -4.37723268007669E+01,  1.31050000000002E+02,  2.22921626928052E+03,  6.73171975310540E+03
 1.94075000000000E+03,  3.01954474346798E-01, -5.75000000000000E-01, -4.37524975311008E+01,  1.31230000000002E+02,  1.42741631221734E+03,  5.40586809409574E+03
 1.94083333300000E+03,  3.55242476000634E-02, -1.18750000000000E+00, -4.37325541205409E+01,  1.31410000000002E+02,  1.50000102429942E+03,  2.87942476400787E+03
 1.94091666700000E+03, -2.36008735091939E-01, -1.23500000000000E+00, -4.37124955084766E+01,  1.31590000000002E+02,  1.63812535322146E+03,  1.75459050194808E+03
 1.94100000000000E+03, -3.87706565592520E-01, -4.77500000000000E-01, -4.36923206723090E+01,  1.31770000000002E+02,  1.81282268531939E+03,  4.74652787181099E+03
 1.94108333300000E+03, -3.61837312715664E-01,  5.87500000000000E-01, -4.36720286277503E+01,  1.31950000000002E+02,  2.84958155531805E+03,  5.64189868201663E+03
 1.94116666700000E+03, -2.07742718944600E-01,  9.92500000000000E-01, -4.36516184291167E+01,  1.32130000000002E+02,  3.39085578499490E+03,  5.78600557719816E+03
 1.94125000000000E+03, -2.95558903970929E-02,  6.80000000000000E-01, -4.36310891696139E+01,  1.32310000000003E+02,  3.31771664918637E+03,  6.57313004658547E+03
 1.94133333300000E+03,  1.03155078705620E-01,  2.37500000000000E-01, -4.36104399816155E+01,  1.32490000000003E+02,  3.55330926691728E+03,  7.28826636670244E+03
 1.94141666700000E+03,  1.94205145914289E-01,  1.57500000000000E-01, -4.35896700369346E+01,  1.32670000000003E+02,  3.46142089677989E+03,  3.94965063181086E+03
 1.94150000000000E+03,  2.76423053625048E-01,  1.03000000000000E+00, -4.35687785470878E+01,  1.32850000000003E+02,  2.45644240095453E+03,  3.09439919249392E+03
 1.94158333300000E+03,  6.63636643981835E-01,  2.31500000000000E+00, -4.35477647635519E+01,  1.33030000000003E+02,  3.32072678541641E+03,  3.55673361484704E+03
 1.94166666700000E+03,  1.34302689668398E+00,  3.19500000000000E+00, -3.94339160093895E+01,  1.33210000000003E+02,  3.02249011706148E+03,  4.56102037733045E+03
 1.94175000000000E+03,  1.63776671644813E+00,  3.75500000000000E+00, -3.94101781546484E+01,  1.33390000000003E+02,  3.27117919245874E+03,  4.10727192958827E+03
 1.94183333300000E+03,  1.46400323214390E+00,  3.75250000000000E+00, -3.93866551201632E+01,  1.33570000000003E+02,  4.09262674735727E+03,  5.15871192205458E+03
 1.94191666700000E+03,  1.17384491537785E+00,  2.88750000000000E+00, -3.93633507173170E+01,  1.33750000000003E+02,  4.36253442180813E+03,  4.82470129770988E+03
 1.94200000000000E+03,  9.10199605111810E-01,  1.92500000000000E+00, -3.93402687507813E+01,  1.33930000000003E+02,  2.95224965179507E+03,  3.99619845468371E+03
 1.94208333300000E+03,  7.64246239038971E-01,  1.74750000000000E+00, -3.93174130178718E+01,  1.34110000000003E+02,  2.68660247475749E+03,  2.38376725860659E+03
 1.94216666700000E+03,  7.28449611471328E-01,  1.90500000000000E+00, -3.92947873079038E+01,  1.34290000000003E+02,  3.38511372771575E+03,  4.49948200155129E+03
 1.94225000000000E+03,  7.40733637198816E-01,  1.96250000000000E+00, -3.92723954015488E+01,  1.34470000000003E+02,  2.05275066720619E+03,  4.13811689578309E+03
 1.94233333300000E+03,  7.66274051916457E-01,  2.14500000000000E+00, -3.92502410701899E+01,  1.34650000000003E+02,  1.92438853197832E+03,  4.99986945297767E+03
 1.94241666700000E+03,  8.30578720969448E-01,  2.01250000000000E+00, -3.92283280752792E+01,  1.34830000000003E+02,  2.06957991097293E+03,  5.01069514913415E+03
 1.94250000000000E+03,  9.72036959987831E-01,  1.45250000000000E+00, -3.92066601676947E+01,  1.35010000000003E+02,  2.32120824929871E+03,  8.22875431002194E+03
 1.94258333300000E+03,  1.10054954315364E+00,  1.47500000000000E+00, -3.91852410870983E+01,  1.35190000000003E+02,  9.66415126634617E+02,  5.72259177837686E+03
 1.94266666700000E+03,  1.18813334492856E+00,  1.93000000000000E+00, -3.89883894012741E+01,  1.35370000000003E+02,  1.40303534782052E+03,  5.85564335529407E+03
 1.94275000000000E+03,  1.32681603735742E+00,  2.00500000000000E+00, -3.90102266316814E+01,  1.35550000000003E+02,  3.81652188691437E+03,  7.00119794297254E+03
 1.94283333300000E+03,  1.40039049842739E+00,  1.65750000000000E+00, -3.90325280523786E+01,  1.35730000000003E+02,  3.67308040681590E+03,  7.07069305265435E+03
 1.94291666700000E+03,  1.33033061977060E+00,  1.21250000000000E+00, -3.90552929792432E+01,  1.35910000000003E+02,  6.76212489626597E+03,  6.86078711780982E+03
 1.94300000000000E+03,  1.22880903603357E+00,  1.05500000000000E+00, -3.90785206713159E+01,  1.36090000000003E+02,  7.32647492851206E+03,  6.87501165677768E+03
 1.94308333300000E+03,  1.16570502526024E+00,  4.85000000000000E-01, -3.91022103307761E+01,  1.36270000000003E+02,  6.89631585976937E+03,  5.80118123206221E+03
 1.94316666700000E+03,  1.12833001777888E+00, -6.75000000000000E-01, -3.91263611029269E+01,  1.36450000000003E+02,  4.48975587518553E+03,  3.85049090012088E+03
 1.94325000000000E+03,  1.06889659408117E+00, -1.30750000000000E+00, -3.91509720761877E+01,  1.36630000000003E+02,  6.29287901193603E+03,  5.62607774065119E+03
 1.94333333300000E+03,  9.84725678765865E-01, -1.21000000000000E+00, -3.91760422820957E+01,  1.36810000000003E+02,  3.22420429092808E+03,  2.67353558350434E+03
 1.94341666700000E+03,  9.44542070128604E-01, -7.10000000000000E-01, -3.92015706953160E+01,  1.36990000000003E+02,  5.38048529208403E+03,  5.07654473809352E+03
 1.94350000000000E+03,  1.03017968667072E+00, -1.30000000000000E-01, -3.92275562336592E+01,  1.37170000000003E+02,  6.70555504172159E+03,  5.31624414299954E+03
 1.94358333300000E+03,  9.83943577576257E-01,  2.50000000000000E-01, -3.92539977581090E+01,  1.37350000000003E+02,  1.12463321283460E+04,  1.08747864254811E+04
 1.94366666700000E+03,  7.87567132472512E-01,  5.60000000000000E-01, -5.17639119573013E+01,  1.37530000000003E+02,  1.19435907252253E+04,  1.28111408738395E+04
 1.94375000000000E+03,  9.65770553678089E-01,  8.87500000000000E-01, -5.17190060887049E+01,  1.37710000000003E+02,  1.21377952337778E+04,  1.40887432307430E+04
 1.94383333300000E+03,  1.41612825509514E+00,  1.42500000000000E+00, -5.16740501371503E+01,  1.37890000000003E+02,  9.30317569569317E+03,  1.30381091823468E+04
 1.94391666700000E+03,  1.72473000578984E+00,  2.19000000000000E+00, -5.16290484263466E+01,  1.38070000000003E+02,  8.48183939461081E+03,  1.39952951423423E+04
 1.94400000000000E+03,  1.83174978977778E+00,  2.81000000000000E+00, -5.15840052607957E+01,  1.38250000000003E+02,  3.90192944133161E+03,  8.51929928436183E+03
 1.94408333300000E+03,  1.78029204226996E+00,  3.34000000000000E+00, -5.15389249251865E+01,  1.38430000000003E+02,  3.19134008195396E+03,  8.52862091639436E+03
 1.94416666700000E+03,  1.67503347903065E+00,  3.63750000000000E+00, -5.14938116837929E+01,  1.38610000000003E+02,  2.80129568793267E+03,  7.01820947994432E+03
 1.94425000000000E+03,  1.61991020507849E+00,  3.30250000000000E+00, -5.14486697798773E+01,  1.38790000000003E+02,  2.98724749366200E+03,  5.69110448576892E+03
 1.94433333300000E+03,  1.66298596685626E+00,  3.05500000000000E+00, -5.14035034350979E+01,  1.38970000000003E+02,  3.13412020944081E+03,  6.49288065603435E+03
 1.94441666700000E+03,  1.76494235049209E+00,  3.31000000000000E+00, -5.13583168489204E+01,  1.39150000000003E+02,  3.91251348608242E+03,  6.60954537692821E+03
 1.94450000000000E+03,  1.80735994091482E+00,  3.72750000000000E+00, -5.13131141980352E+01,  1.39330000000003E+02,  2.90500845985108E+03,  3.06979094711069E+03
 1.94458333300000E+03,  1.90786851510519E+00,  4.11000000000000E+00, -5.12678996357792E+01,  1.39510000000003E+02,  3.40428040087835E+03,  3.08111793644187E+03
 1.94466666700000E+03,  2.15459363192723E+00,  4.05750000000000E+00, -4.87777618781012E+01,  1.39690000000003E+02,  3.98166249603927E+03,  3.62211376749327E+03
 1.94475000000000E+03,  2.25690157420556E+00,  3.50000000000000E+00, -4.88201557745314E+01,  1.39870000000003E+02,  3.87816468069106E+03,  2.18612479133595E+03
 1.94483333300000E+03,  2.20865465086323E+00,  2.90250000000000E+00, -4.88621608720205E+01,  1.40050000000003E+02,  3.25318906036785E+03,  1.86663509741135E+03
 1.94491666700000E+03,  2.22818879363319E+00,  2.64000000000000E+00, -4.89037733646146E+01,  1.40230000000003E+02,  3.72165969375755E+03,  3.39265921351362E+03
 1.94500000000000E+03,  2.34544810940268E+00,  2.79750000000000E+00, -4.89449894915831E+01,  1.40410000000003E+02,  6.00680951886975E+03,  5.48653355029318E+03
 1.94508333300000E+03,  2.49819156300248E+00,  3.24750000000000E+00, -4.89858055378687E+01,  1.40590000000003E+02,  5.35445637717725E+03,  5.01144503707439E+03
 1.94516666700000E+03,  2.57220515056114E+00,  3.66750000000000E+00, -4.90262178345317E+01,  1.40770000000003E+02,  4.83446885841187E+03,  5.24592772683220E+03
 1.94525000000000E+03,  2.49086523366796E+00,  3.68750000000000E+00, -4.90662227591869E+01,  1.40950000000003E+02,  7.28380856210363E+03,  8.69689823308421E+03
 1.94533333300000E+03,  2.28282895392643E+00,  2.95750000000000E+00, -4.91058167364343E+01,  1.41130000000003E+02,  7.49796349469034E+03,  9.26751602278377E+03
 1.94541666700000E+03,  2.06556024476518E+00,  1.80250000000000E+00, -4.91449962382826E+01,  1.41310000000003E+02,  4.77721844062254E+03,  8.53853924421769E+03
 1.94550000000000E+03,  1.95288723297380E+00,  1.07250000000000E+00, -4.91837577845664E+01,  1.41490000000003E+02,  5.81868938428589E+03,  1.11573578456888E+04
 1.94558333300000E+03,  1.83710281211329E+00,  9.07500000000000E-01, -4.92220979433556E+01,  1.41670000000003E+02,  6.09561737276389E+03,  1.07453794595685E+04
 1.94566666700000E+03,  1.64748103099823E+00,  8.97500000000000E-01, -3.95327709040602E+01,  1.41850000000003E+02,  5.65701405951976E+03,  1.02463831279256E+04
 1.94575000000000E+03,  1.55267995591884E+00,  1.13250000000000E+00, -3.95081973295328E+01,  1.42030000000003E+02,  5.06736759726143E+03,  1.00935700136754E+04
 1.94583333300000E+03,  1.53127778256697E+00,  1.47000000000000E+00, -3.94838229907893E+01,  1.42210000000003E+02,  5.39497274226594E+03,  9.73008891555445E+03
 1.94591666700000E+03,  1.52976922131941E+00,  1.79250000000000E+00, -3.94596517198970E+01,  1.42390000000003E+02,  4.58425882009675E+03,  7.60763988327030E+03
 1.94600000000000E+03,  1.62908840252770E+00,  2.15750000000000E+00, -3.94356873448367E+01,  1.42570000000003E+02,  4.62004685389929E+03,  7.70246827312240E+03
 1.94608333300000E+03,  1.81167888427975E+00,  1.92500000000000E+00, -3.94119336888583E+01,  1.42750000000003E+02,  3.51181232299027E+03,  6.47463407302578E+03
 1.94616666700000E+03,  1.96345902196943E+00,  1.23750000000000E+00, -3.93883945698367E+01,  1.42930000000003E+02,  2.86212897207219E+03,  4.66860395794283E+03
 1.94625000000000E+03,  1.96750770902688E+00,  8.10000000000000E-01, -3.93650737996276E+01,  1.43110000000003E+02,  2.84630189634297E+03,  4.02159374530400E+03
 1.94633333300000E+03,  1.80959766866044E+00,  3.00000000000000E-01, -3.93419751834234E+01,  1.43290000000003E+02,  8.46835452288068E+03,  9.20451292116029E+03
 1.94641666700000E+03,  1.59874830812037E+00, -8.40000000000000E-01, -3.93191025191079E+01,  1.43470000000003E+02,  9.06015281655653E+03,  1.08976760608161E+04
 1.94650000000000E+03,  1.48032185961373E+00, -1.73500000000000E+00, -3.92964595966130E+01,  1.43650000000003E+02,  9.53734362615735E+03,  1.35351783814471E+04
 1.94658333300000E+03,  9.31108756285979E-01, -1.42500000000000E+00, -3.92740501972739E+01,  1.43830000000003E+02,  1.30211042103937E+04,  1.82538417674975E+04
 1.94666666700000E+03, -1.02043890733673E-01, -5.82500000000000E-01, -4.62445673044597E+01,  1.44010000000003E+02,  1.54632651788867E+04,  2.23861423076091E+04
 1.94675000000000E+03, -5.60385504827364E-01, -3.30000000000000E-01, -4.62207879653635E+01,  1.44190000000003E+02,  9.49469330526916E+03,  1.65969563941735E+04
 1.94683333300000E+03, -5.25829399443459E-01, -5.00000000000000E-01, -4.61971908558340E+01,  1.44370000000003E+02,  8.73573582194301E+03,  1.44548035708611E+04
 1.94691666700000E+03, -5.59943033430702E-01, -8.22500000000000E-01, -4.61737743883165E+01,  1.44550000000003E+02,  1.08461083063568E+04,  1.65028756369999E+04
 1.94700000000000E+03, -5.74877175425316E-01, -1.32500000000000E+00, -4.61505369420122E+01,  1.44730000000003E+02,  1.02533915947867E+04,  1.56124713326618E+04
 1.94708333300000E+03, -5.24614446027272E-01, -1.34750000000000E+00, -4.61274768633302E+01,  1.44910000000003E+02,  7.64017271984591E+03,  1.13418180289285E+04
 1.94716666700000E+03, -4.42823384580089E-01, -1.06500000000000E+00, -4.61045924663442E+01,  1.45090000000003E+02,  8.42298020251066E+03,  1.31174353257709E+04
 1.94725000000000E+03, -3.94253302336194E-01, -1.14750000000000E+00, -4.60818820332548E+01,  1.45270000000003E+02,  1.08593116473569E+04,  1.70215003975399E+04
 1.94733333300000E+03, -3.93821258355205E-01, -1.44250000000000E+00, -4.60593438148568E+01,  1.45450000000003E+02,  8.82921619992038E+03,  1.17801764608367E+04
 1.94741666700000E+03, -3.79167454385840E-01, -1.58500000000000E+00, -4.60369760310125E+01,  1.45630000000003E+02,  7.35928562801105E+03,  1.01895122106183E+04
 1.94750000000000E+03, -2.66995986101146E-01, -1.45750000000000E+00, -4.60147768711285E+01,  1.45810000000003E+02,  1.06841277219657E+04,  1.53558809607574E+04
 1.94758333300000E+03,  6.83937050333597E-02, -1.06000000000000E+00, -4.59927444946389E+01,  1.45990000000003E+02,  1.04277439146367E+04,  1.42591399571235E+04
 1.94766666700000E+03,  5.37482060307944E-01, -7.70000000000000E-01, -5.33466614656483E+01,  1.46170000000003E+02,  8.34094748992046E+03,  1.49251991199892E+04
 1.94775000000000E+03,  8.12986112160406E-01, -5.02500000000000E-01, -5.33067503844033E+01,  1.46350000000003E+02,  9.00743403825327E+03,  1.65697113829524E+04
 1.94783333300000E+03,  8.44112664836388E-01,  4.75000000000000E-02, -5.32666219192025E+01,  1.46530000000003E+02,  7.22901751431306E+03,  1.45912616673707E+04
 1.94791666700000E+03,  7.18200993999216E-01,  2.00000000000000E-01, -5.32262806481439E+01,  1.46710000000003E+02,  4.94129291584623E+03,  9.64505534513437E+03
 1.94800000000000E+03,  4.62926895572323E-01, -1.07500000000000E-01, -5.31857311546347E+01,  1.46890000000003E+02,  4.51000913383930E+03,  9.39429382323903E+03
 1.94808333300000E+03,  1.66243007960485E-01, -1.52500000000000E-01, -5.31449780266967E+01,  1.47070000000003E+02,  4.06046649471155E+03,  4.96695401446530E+03
 1.94816666700000E+03, -7.62289718172616E-02, -1.52500000000000E-01, -5.31040258562704E+01,  1.47250000000003E+02,  2.78466407087780E+03,  2.24200755065111E+03
 1.94825000000000E+03, -1.87186209930796E-01, -3.40000000000000E-01, -5.30628792385205E+01,  1.47430000000003E+02,  2.93453171196104E+03,  1.91595033733628E+03
 1.94833333300000E+03, -1.17851435028293E-01, -1.07500000000000E-01, -5.30215427711427E+01,  1.47610000000003E+02,  2.86304289772844E+03,  5.43787610415955E+03
 1.94841666700000E+03,  1.29233728506320E-01,  1.17500000000000E-01, -5.29800210536697E+01,  1.47790000000003E+02,  3.33289637082344E+03,  5.09639745018149E+03
 1.94850000000000E+03,  4.70224944485373E-01, -1.62500000000000E-01, -5.29383186867803E+01,  1.47970000000003E+02,  4.63975415316388E+03,  7.97897983148300E+03
 1.94858333300000E+03,  7.47124007503313E-01, -3.90000000000000E-01, -5.28964402716074E+01,  1.48150000000003E+02,  3.59653550822794E+03,  7.84287313893908E+03
 1.94866666700000E+03,  8.67755634374431E-01, -3.50000000000000E-01, -4.36877864698701E+01,  1.48330000000003E+02,  4.30499334722567E+03,  9.32256199818197E+03
 1.94875000000000E+03,  9.28807890932801E-01,  1.92500000000000E-01, -4.37318593248372E+01,  1.48510000000003E+02,  3.10322596245180E+03,  6.60334743987231E+03
 1.94883333300000E+03,  1.06139490801419E+00,  7.95000000000000E-01, -4.37755783034579E+01,  1.48690000000003E+02,  2.71861168043623E+03,  6.97642794709048E+03
 1.94891666700000E+03,  1.26189155615021E+00,  9.77500000000000E-01, -4.38189395025496E+01,  1.48870000000003E+02,  2.56367116812229E+03,  8.32642364438066E+03
 1.94900000000000E+03,  1.44036391267982E+00,  1.27000000000000E+00, -4.38619390588434E+01,  1.49050000000003E+02,  2.42258732056695E+03,  8.36983997304542E+03
 1.94908333300000E+03,  1.50824469811590E+00,  1.23000000000000E+00, -4.39045731494404E+01,  1.49230000000003E+02,  3.96569642732199E+03,  1.37844943352813E+04
 1.94916666700000E+03,  1.43595403104742E+00,  7.92500000000000E-01, -4.39468379922617E+01,  1.49410000000003E+02,  4.20545282392641E+03,  1.24865462752583E+04
 1.94925000000000E+03,  1.29353503459714E+00,  4.82500000000000E-01, -4.39887298464926E+01,  1.49590000000003E+02,  4.46647555604181E+03,  1.38130768846458E+04
 1.94933333300000E+03,  1.23026413683529E+00,  8.00000000000000E-02, -4.40302450130219E+01,  1.49770000000003E+02,  3.65037387700285E+03,  1.08103423054841E+04
 1.94941666700000E+03,  1.37983900143528E+00,  7.50000000000000E-02, -4.40713798348737E+01,  1.49950000000003E+02,  3.99351958656141E+03,  1.10576948442314E+04
 1.94950000000000E+03,  1.74398135768347E+00,  5.67500000000000E-01, -4.41121306976353E+01,  1.50130000000003E+02,  3.18075442395183E+03,  4.70850223589274E+03
 1.94958333300000E+03,  1.46914206616015E+00,  8.15000000000000E-01, -4.41524940298776E+01,  1.50310000000003E+02,  3.30753815635245E+03,  6.84844652049028E+03
 1.94966666700000E+03,  3.89885152724056E-01,  8.15000000000000E-01, -4.04662232750480E+01,  1.50490000000003E+02,  3.48720739428955E+03,  5.55745316023038E+03
 1.94975000000000E+03, -1.19075464020135E-01,  9.15000000000000E-01, -4.04491214008966E+01,  1.50670000000003E+02,  3.77247961656484E+03,  4.93615751981147E+03
 1.94983333300000E+03,  1.86682790302964E-02,  1.04500000000000E+00, -4.04320960779743E+01,  1.50850000000003E+02,  5.27078258276379E+03,  9.33437578747384E+03
 1.94991666700000E+03,  1.74608148945808E-01,  1.08750000000000E+00, -4.04151448217762E+01,  1.51030000000003E+02,  4.21962452891397E+03,  1.09859678831316E+04
 1.95000000000000E+03,  3.83477001462503E-01,  7.17500000000000E-01, -4.03982651407941E+01,  1.51210000000003E+02,  3.95639511222487E+03,  9.03297474996390E+03
 1.95008333300000E+03,  6.27489127878432E-01, -2.02500000000000E-01, -4.03814545370792E+01,  1.51390000000003E+02,  3.44949475811549E+03,  9.27153818758797E+03
 1.95016666700000E+03,  8.43488759668179E-01, -9.87500000000000E-01, -4.03647105068070E+01,  1.51570000000003E+02,  4.79683613953700E+03,  1.14877379107815E+04
 1.95025000000000E+03,  9.84501787146521E-01, -1.11000000000000E+00, -4.03480305408413E+01,  1.51750000000003E+02,  4.14141554238653E+03,  8.72815410785166E+03
 1.95033333300000E+03,  1.07672469522316E+00, -7.72500000000000E-01, -4.03314121253003E+01,  1.51930000000003E+02,  4.36150291515512E+03,  6.71722474948938E+03
 1.95041666700000E+03,  1.20640734888362E+00, -5.47500000000000E-01, -4.03148527421220E+01,  1.52110000000003E+02,  4.84417041575359E+03,  7.00835316688879E+03
 1.95050000000000E+03,  1.43575395097463E+00, -3.82500000000000E-01, -4.02983498696302E+01,  1.52290000000003E+02,  5.59364283972738E+03,  9.64023455893661E+03
 1.95058333300000E+03,  1.17082437238519E+00, -6.25000000000000E-02, -4.02819009831015E+01,  1.52470000000003E+02,  3.63196107676703E+03,  6.97634106739903E+03
 1.95066666700000E+03,  3.44318638086003E-01, -1.75000000000000E-01, -4.04298843607093E+01,  1.52650000000003E+02,  2.49980907074452E+03,  5.11755035967882E+03
 1.95075000000000E+03,  1.87384479067093E-02, -2.75000000000000E-01, -4.04129425670591E+01,  1.52830000000003E+02,  1.71478050249621E+03,  4.98100066370727E+03
 1.95083333300000E+03,  1.32931592981298E-01,  3.45000000000000E-01, -4.03960720236676E+01,  1.53010000000003E+02,  1.87261731828226E+03,  4.58388428752982E+03
 1.95091666700000E+03,  1.61791448526108E-01,  8.47500000000000E-01, -4.03792702317891E+01,  1.53190000000003E+02,  1.75343151934802E+03,  1.41711394492646E+03
 1.95100000000000E+03,  2.21653836751086E-01,  6.80000000000000E-01, -4.03625346868751E+01,  1.53370000000003E+02,  2.22268033850178E+03,  1.18645619234513E+03
 1.95108333300000E+03,  3.75197331078679E-01,  2.27500000000000E-01, -4.03458628791396E+01,  1.53550000000003E+02,  2.31273464614211E+03,  3.10621182552363E+03
 1.95116666700000E+03,  5.90307826417648E-01,  4.27500000000000E-01, -4.03292522941242E+01,  1.53730000000003E+02,  2.66061295616408E+03,  2.49016318997087E+03
 1.95125000000000E+03,  7.89358368237354E-01,  1.25500000000000E+00, -4.03127004132642E+01,  1.53910000000003E+02,  2.42725246505526E+03,  4.27647984958524E+03
 1.95133333300000E+03,  9.34265553419205E-01,  1.95500000000000E+00, -4.02962047144545E+01,  1.54090000000003E+02,  1.79305684565223E+03,  4.23672540753691E+03
 1.95141666700000E+03,  1.06035035337035E+00,  2.88000000000000E+00, -4.02797626726165E+01,  1.54270000000003E+02,  1.55223073379679E+03,  4.77613153322822E+03
 1.95150000000000E+03,  1.22710710563916E+00,  3.54000000000000E+00, -4.02633717602641E+01,  1.54450000000003E+02,  4.28032461123629E+03,  4.73646415551522E+03
 1.95158333300000E+03,  1.39667906693989E+00,  3.14250000000000E+00, -4.02470294480712E+01,  1.54630000000003E+02,  4.26574248726720E+03,  4.80262896091128E+03
 1.95166666700000E+03,  1.51325458289268E+00,  2.60000000000000E+00, -5.07042724553067E+01,  1.54810000000003E+02,  3.83495197026268E+03,  3.18685375778141E+03
 1.95175000000000E+03,  1.58458860397890E+00,  2.30500000000000E+00, -5.06997721023401E+01,  1.54990000000003E+02,  5.28359547751269E+03,  5.87555972787768E+03
 1.95183333300000E+03,  1.56530297976620E+00,  1.90750000000000E+00, -5.06947625849069E+01,  1.55170000000003E+02,  5.42668503626860E+03,  5.49468304946301E+03
 1.95191666700000E+03,  1.47474533903051E+00,  1.68500000000000E+00, -5.06892453785156E+01,  1.55350000000003E+02,  2.69264983839332E+03,  3.59372314232313E+03
 1.95200000000000E+03,  1.43794618404475E+00,  1.69500000000000E+00, -5.06832220119476E+01,  1.55530000000003E+02,  2.87025534345680E+03,  4.63456445450118E+03
 1.95208333300000E+03,  1.52260896278414E+00,  1.86250000000000E+00, -5.06766940669560E+01,  1.55710000000003E+02,  2.82647524189072E+03,  6.59399387553111E+03
 1.95216666700000E+03,  1.69748139173875E+00,  2.03250000000000E+00, -5.06696631779565E+01,  1.55890000000003E+02,  3.25219736886970E+03,  5.98522734612537E+03
 1.95225000000000E+03,  1.88159081786695E+00,  1.93000000000000E+00, -5.06621310317120E+01,  1.56070000000003E+02,  3.18263203654902E+03,  7.57969445005950E+03
 1.95233333300000E+03,  2.02969880728328E+00,  2.28250000000000E+00, -5.06540993670092E+01,  1.56250000000003E+02,  3.27660017990362E+03,  8.69302598360626E+03
 1.95241666700000E+03,  2.16695539702318E+00,  3.24000000000000E+00, -5.06455699743282E+01,  1.56430000000003E+02,  3.29247704441074E+03,  7.79000492861027E+03
 1.95250000000000E+03,  2.34077452855037E+00,  3.77250000000000E+00, -5.06365446955056E+01,  1.56610000000003E+02,  3.48712912803606E+03,  6.18546828448406E+03
 1.95258333300000E+03,  2.32623617279486E+00,  3.79750000000000E+00, -5.06270254233898E+01,  1.56790000000003E+02,  1.88752629749289E+03,  4.84279627683616E+03
 1.95266666700000E+03,  2.06051387527623E+00,  3.64750000000000E+00, -4.56800977416009E+01,  1.56970000000003E+02,  2.47941887187895E+03,  7.67075654350414E+03
 1.95275000000000E+03,  1.91055442142771E+00,  3.24750000000000E+00, -4.56949213758312E+01,  1.57150000000003E+02,  3.92452016307098E+03,  8.44759315663159E+03
 1.95283333300000E+03,  1.85045901185410E+00,  2.93500000000000E+00, -4.57092359060085E+01,  1.57330000000003E+02,  4.42583757995055E+03,  1.10490425378131E+04
 1.95291666700000E+03,  1.73238125296702E+00,  2.93750000000000E+00, -4.57230407029528E+01,  1.57510000000003E+02,  4.22720291820144E+03,  1.16765891502885E+04
 1.95300000000000E+03,  1.67842201012536E+00,  2.58750000000000E+00, -4.57363351931209E+01,  1.57690000000003E+02,  4.35264022895386E+03,  1.13722181153541E+04
 1.95308333300000E+03,  1.75239230865562E+00,  1.89000000000000E+00, -4.57491188586035E+01,  1.57870000000003E+02,  3.40900294266176E+03,  6.89646049583258E+03
 1.95316666700000E+03,  1.91862043432581E+00,  1.90000000000000E+00, -4.57613912371135E+01,  1.58050000000003E+02,  1.99755350030809E+03,  6.17416434566596E+03
 1.95325000000000E+03,  2.09158567584106E+00,  2.72250000000000E+00, -4.57731519219678E+01,  1.58230000000003E+02,  1.03254878086204E+03,  3.43372621152074E+03
 1.95333333300000E+03,  2.22173527034369E+00,  3.13000000000000E+00, -4.57844005620611E+01,  1.58410000000003E+02,  1.13332066595804E+03,  3.03429070182738E+03
 1.95341666700000E+03,  2.33046410130382E+00,  3.03750000000000E+00, -4.57951368618311E+01,  1.58590000000003E+02,  8.85011643314808E+02,  3.90706099747089E+03
 1.95350000000000E+03,  2.46227170963875E+00,  2.99750000000000E+00, -4.58053605812176E+01,  1.58770000000004E+02,  1.87005842486777E+03,  5.90755946087509E+03
 1.95358333300000E+03,  2.34083786142039E+00,  2.79500000000000E+00, -4.58150715356129E+01,  1.58950000000004E+02,  2.53370635042688E+03,  8.74150177863093E+03
 1.95366666700000E+03,  1.84979231049304E+00,  2.35750000000000E+00, -5.02840709391949E+01,  1.59130000000004E+02,  2.72321780131276E+03,  8.80256807838724E+03
 1.95375000000000E+03,  1.40053650839050E+00,  1.99000000000000E+00, -5.02635435942268E+01,  1.59310000000004E+02,  2.64268189396135E+03,  9.18659925294572E+03
 1.95383333300000E+03,  1.02484369293952E+00,  2.17500000000000E+00, -5.02425839291708E+01,  1.59490000000004E+02,  2.79768381263282E+03,  1.09925275807923E+04
 1.95391666700000E+03,  6.02274200080705E-01,  2.40750000000000E+00, -5.02211950068050E+01,  1.59670000000004E+02,  2.02996841116193E+03,  9.65167761880335E+03
 1.95400000000000E+03,  2.90106415082533E-01,  1.96000000000000E+00, -5.01993799293922E+01,  1.59850000000004E+02,  1.66058985791656E+03,  6.13298359574091E+03
 1.95408333300000E+03,  1.84577413520081E-01,  1.24000000000000E+00, -5.01771418381684E+01,  1.60030000000004E+02,  1.76089139887586E+03,  6.48617816606909E+03
 1.95416666700000E+03,  2.73966421718329E-01,  6.52500000000000E-01, -5.01544839128261E+01,  1.60210000000004E+02,  2.30006807572419E+03,  5.94969214264834E+03
 1.95425000000000E+03,  4.83329645162965E-01,  3.02500000000000E-01, -5.01314093709930E+01,  1.60390000000004E+02,  2.19723163759327E+03,  3.71013759600860E+03
 1.95433333300000E+03,  7.57445544630717E-01,  5.05000000000000E-01, -5.01079214677053E+01,  1.60570000000004E+02,  2.50203345920669E+03,  7.94391474507593E+03
 1.95441666700000E+03,  1.09595337100131E+00,  4.97500000000000E-01, -5.00840234948771E+01,  1.60750000000004E+02,  2.03155673759348E+03,  7.97777530345666E+03
 1.95450000000000E+03,  1.50918590348508E+00, -7.25000000000000E-02, -5.00597187807639E+01,  1.60930000000004E+02,  1.96798545864959E+03,  9.39589891084793E+03
 1.95458333300000E+03,  1.11427039121935E+00, -2.70000000000000E-01, -5.00350106894234E+01,  1.61110000000004E+02,  1.71955509421460E+03,  1.00324182976842E+04
 1.95466666700000E+03, -2.02586172715195E-01, -2.30000000000000E-01, -4.14587750440459E+01,  1.61290000000004E+02,  1.83461222604882E+03,  9.95013148092097E+03
 1.95475000000000E+03, -7.68829786875327E-01, -3.15000000000000E-01, -4.15078860028369E+01,  1.61470000000004E+02,  1.47320809177570E+03,  5.34518465760576E+03
 1.95483333300000E+03, -4.50207369074848E-01, -4.02500000000000E-01, -4.15572900666861E+01,  1.61650000000004E+02,  1.73861528127081E+03,  6.19626675449579E+03
 1.95491666700000E+03, -1.03946303703933E-01, -1.92500000000000E-01, -4.16069830394862E+01,  1.61830000000004E+02,  1.51736691016946E+03,  5.18814248001890E+03
 1.95500000000000E+03,  1.24217184755918E-01,  2.92500000000000E-01, -4.16569606852134E+01,  1.62010000000004E+02,  1.58139832497999E+03,  5.19500815620657E+03
 1.95508333300000E+03,  1.90952979979474E-01,  4.32500000000000E-01, -4.17072187284292E+01,  1.62190000000004E+02,  1.35033148237133E+03,  6.51742964051449E+03
 1.95516666700000E+03,  1.94751615855142E-01,  4.82500000000000E-01, -4.17577528547865E+01,  1.62370000000004E+02,  2.10357742861587E+03,  9.46776976482936E+03
 1.95525000000000E+03,  2.93977404742743E-01,  9.57500000000000E-01, -4.18085587115423E+01,  1.62550000000004E+02,  1.85599573113691E+03,  8.06680783353260E+03
 1.95533333300000E+03,  5.60950674901637E-01,  1.54000000000000E+00, -4.18596319080768E+01,  1.62730000000004E+02,  1.87505494821519E+03,  7.17353387997851E+03
 1.95541666700000E+03,  8.95869929973832E-01,  2.01500000000000E+00, -4.19109680164173E+01,  1.62910000000004E+02,  2.54657305553080E+03,  8.47318984972367E+03
 1.95550000000000E+03,  1.08758976113196E+00,  2.20000000000000E+00, -4.19625625717688E+01,  1.63090000000004E+02,  2.48405800705522E+03,  6.70957388430004E+03
 1.95558333300000E+03,  1.02992580054263E+00,  1.99250000000000E+00, -4.20144110730493E+01,  1.63270000000004E+02,  1.82676819680718E+03,  4.57720039214405E+03
 1.95566666700000E+03,  9.21334519743265E-01,  2.09000000000000E+00, -3.98056177199405E+01,  1.63450000000004E+02,  2.29178685569078E+03,  5.03668195753507E+03
 1.95575000000000E+03,  9.70977000077111E-01,  2.80750000000000E+00, -3.97791617878976E+01,  1.63630000000004E+02,  2.99042514691150E+03,  6.74010176697991E+03
 1.95583333300000E+03,  1.07445375908822E+00,  3.20750000000000E+00, -3.97528642258343E+01,  1.63810000000004E+02,  2.05397178398964E+03,  4.55880750726584E+03
 1.95591666700000E+03,  1.08980851890230E+00,  2.65000000000000E+00, -3.97267288696022E+01,  1.63990000000004E+02,  2.29633930128427E+03,  4.50986734079221E+03
 1.95600000000000E+03,  1.00145739083404E+00,  1.74500000000000E+00, -3.97007595577712E+01,  1.64170000000004E+02,  2.02216817445656E+03,  3.59904672988098E+03
 1.95608333300000E+03,  8.32036983834370E-01,  9.07500000000000E-01, -3.96749601309953E+01,  1.64350000000004E+02,  1.67905443703723E+03,  3.19195341568175E+03
 1.95616666700000E+03,  6.36068302776113E-01,  3.97500000000000E-01, -3.96493344313771E+01,  1.64530000000004E+02,  1.59125476399125E+03,  3.76266333219108E+03
 1.95625000000000E+03,  4.82371578133043E-01,  1.42500000000000E-01, -3.96238863018311E+01,  1.64710000000004E+02,  1.54223051845653E+03,  3.73355639666508E+03
 1.95633333300000E+03,  4.23844697678558E-01, -8.55000000000000E-01, -3.95986195854456E+01,  1.64890000000004E+02,  1.32186928818275E+03,  4.74555437184054E+03
 1.95641666700000E+03,  4.66564296643047E-01, -1.75750000000000E+00, -3.95735381248435E+01,  1.65070000000004E+02,  3.77558782279880E+03,  6.06613008649220E+03
 1.95650000000000E+03,  5.63064803020406E-01, -1.42500000000000E+00, -3.95486457615421E+01,  1.65250000000004E+02,  3.88870390171226E+03,  6.65644955572705E+03
 1.95658333300000E+03,  5.27585094000005E-01, -1.00750000000000E+00, -3.95239463353124E+01,  1.65430000000004E+02,  3.23938533791023E+03,  4.99045096310863E+03
 1.95666666700000E+03,  2.96315067493661E-01, -8.65000000000000E-01, -4.31376672835208E+01,  1.65610000000004E+02,  3.96115235792017E+03,  6.42993239346850E+03
 1.95675000000000E+03,  8.86535338796093E-02, -7.17500000000000E-01, -4.31025143062102E+01,  1.65790000000004E+02,  3.92944180676487E+03,  5.08210409222005E+03
 1.95683333300000E+03, -2.63507898444684E-02, -5.57500000000000E-01, -4.30675611122447E+01,  1.65970000000004E+02,  3.14647221627624E+03,  6.44648633716105E+03
 1.95691666700000E+03, -7.81437852660872E-02, -3.90000000000000E-01, -4.30328085407029E+01,  1.66150000000004E+02,  3.52615938092582E+03,  7.22005970874359E+03
 1.95700000000000E+03, -2.26121265021182E-02, -6.87500000000000E-01, -4.29982573854106E+01,  1.66330000000004E+02,  5.59910030997489E+03,  7.86251626801966E+03
 1.95708333300000E+03,  1.12073451578576E-01, -8.47500000000000E-01, -4.29639083949755E+01,  1.66510000000004E+02,  5.55759369943427E+03,  7.21287353720824E+03
 1.95716666700000E+03,  2.27309015059596E-01, -6.12500000000000E-01, -4.29297622728284E+01,  1.66690000000004E+02,  5.50392943344017E+03,  8.36039541102866E+03
 1.95725000000000E+03,  2.33056993186006E-01, -7.85000000000000E-01, -4.28958196772724E+01,  1.66870000000004E+02,  4.46977107993231E+03,  5.81889464930928E+03
 1.95733333300000E+03,  1.36983463980329E-01, -8.87500000000000E-01, -4.28620812215398E+01,  1.67050000000004E+02,  4.74532833686902E+03,  6.94202564590402E+03
 1.95741666700000E+03,  5.60239069485009E-02, -3.32500000000000E-01, -4.28285474738561E+01,  1.67230000000004E+02,  4.66937280391305E+03,  7.28836979172308E+03
 1.95750000000000E+03,  1.28944579087619E-01,  6.05000000000000E-01, -4.27952189575122E+01,  1.67410000000004E+02,  4.19704935856491E+03,  6.60751573732466E+03
 1.95758333300000E+03,  9.82427548043528E-01,  1.59250000000000E+00, -4.27620961509437E+01,  1.67590000000004E+02,  4.14550067252427E+03,  5.34349005920338E+03
 1.95766666700000E+03,  2.32992035928158E+00,  1.91500000000000E+00, -4.48609299358845E+01,  1.67770000000004E+02,  5.88070695755830E+03,  6.33925134887229E+03
 1.95775000000000E+03,  2.58692645172824E+00,  1.44250000000000E+00, -4.49190879316780E+01,  1.67950000000004E+02,  5.46107502766998E+03,  7.35797152676460E+03
 1.95783333300000E+03,  1.85568661132539E+00,  9.22500000000000E-01, -4.49772270170213E+01,  1.68130000000004E+02,  3.91009786319544E+03,  5.84696361552000E+03
 1.95791666700000E+03,  1.20379977717302E+00,  6.57500000000000E-01, -4.50353416487695E+01,  1.68310000000004E+02,  4.75761579102670E+03,  1.04990346015292E+04
 1.95800000000000E+03,  8.83328711894289E-01,  8.45000000000000E-01, -4.50934262827787E+01,  1.68490000000004E+02,  5.61931878976274E+03,  1.20907428805939E+04
 1.95808333300000E+03,  7.30416275137226E-01,  1.85750000000000E+00, -4.51514753746096E+01,  1.68670000000004E+02,  3.38623325712993E+03,  1.05712450339608E+04
 1.95816666700000E+03,  4.28832825723689E-01,  2.98750000000000E+00, -4.52094833802327E+01,  1.68850000000004E+02,  3.35594170164997E+03,  1.09089476405757E+04
 1.95825000000000E+03, -6.79169993194253E-02,  3.02250000000000E+00, -4.52674447567325E+01,  1.69030000000004E+02,  3.90291802849472E+03,  1.23318506507219E+04
 1.95833333300000E+03, -4.41863481453777E-01,  2.35250000000000E+00, -4.53253539630132E+01,  1.69210000000004E+02,  3.03294538804737E+03,  7.88281389316305E+03
 1.95841666700000E+03, -3.45916032630717E-01,  1.94750000000000E+00, -4.53832054605023E+01,  1.69390000000004E+02,  2.67108087411241E+03,  7.71016288440580E+03
 1.95850000000000E+03,  2.14121172734011E-01,  1.70500000000000E+00, -4.54409937138554E+01,  1.69570000000004E+02,  3.24558786538838E+03,  1.37785282383926E+04
 1.95858333300000E+03,  8.42383828850535E-01,  1.67500000000000E+00, -4.54987131916605E+01,  1.69750000000004E+02,  2.86335255325450E+03,  1.03671324426192E+04
 1.95866666700000E+03,  1.24621188802742E+00,  1.77250000000000E+00, -4.53619743674195E+01,  1.69930000000004E+02,  2.05197797205350E+03,  9.23760731586918E+03
 1.95875000000000E+03,  1.48463247087255E+00,  1.68250000000000E+00, -4.54197864814497E+01,  1.70110000000004E+02,  1.79375112273097E+03,  8.52923380780780E+03
 1.95883333300000E+03,  1.55470117702777E+00,  1.78250000000000E+00, -4.54775318500943E+01,  1.70290000000004E+02,  1.63794076953324E+03,  8.18897868125608E+03
 1.95891666700000E+03,  1.38932580048940E+00,  1.73750000000000E+00, -4.55352049447934E+01,  1.70470000000004E+02,  9.75923345346324E+02,  2.87108578607407E+03
 1.95900000000000E+03,  1.13422372248233E+00,  1.26250000000000E+00, -4.55928002420678E+01,  1.70650000000004E+02,  1.42000356157184E+03,  3.90405676558769E+03
 1.95908333300000E+03,  1.01697676162905E+00,  6.80000000000000E-01, -4.56503122242215E+01,  1.70830000000004E+02,  1.30860030757688E+03,  3.67129579896822E+03
 1.95916666700000E+03,  1.08889133993318E+00,  6.50000000000000E-02, -4.57077353800440E+01,  1.71010000000004E+02,  1.38479641820783E+03,  3.88870069920106E+03
 1.95925000000000E+03,  1.16077495917213E+00, -1.42500000000000E-01, -4.57650642055110E+01,  1.71190000000004E+02,  1.02201838655905E+03,  4.07638490482427E+03
 1.95933333300000E+03,  1.00623544944396E+00, -1.95000000000000E-01, -4.58222932044850E+01,  1.71370000000004E+02,  1.23067607809424E+03,  3.72017573326054E+03
 1.95941666700000E+03,  6.09862423698067E-01, -4.32500000000000E-01, -4.58794168894139E+01,  1.71550000000004E+02,  1.15319598758727E+03,  2.72031187682088E+03
 1.95950000000000E+03,  1.88143437449473E-01, -3.50000000000000E-01, -4.59364297820297E+01,  1.71730000000004E+02,  1.58682587479500E+03,  3.42417859899803E+03
 1.95958333300000E+03,  2.56990467860576E-01,  2.22500000000000E-01, -4.59933264140444E+01,  1.71910000000004E+02,  1.46087640769016E+03,  4.08435151977896E+03
 1.95966666700000E+03,  8.52254464023824E-01,  8.65000000000000E-01, -5.07181912768056E+01,  1.72090000000004E+02,  1.79176421160564E+03,  3.70023552986447E+03
 1.95975000000000E+03,  1.25593122511958E+00,  9.27500000000000E-01, -5.07198714453304E+01,  1.72270000000004E+02,  1.95759012149942E+03,  3.32751051163254E+03
 1.95983333300000E+03,  1.29247681271136E+00,  7.32500000000000E-01, -5.07210290355261E+01,  1.72450000000004E+02,  1.72477598400375E+03,  3.09152625302548E+03
 1.95991666700000E+03,  1.17924780119447E+00,  1.04000000000000E+00, -5.07216648654955E+01,  1.72630000000004E+02,  1.31498230180846E+03,  3.25886882569779E+03
 1.96000000000000E+03,  1.02017061979339E+00,  1.62250000000000E+00, -5.07217798096375E+01,  1.72810000000004E+02,  1.62585868409211E+03,  3.91262991248920E+03
 1.96008333300000E+03,  9.97076496540412E-01,  1.67000000000000E+00, -5.07213747984363E+01,  1.72990000000004E+02,  1.76193481300135E+03,  3.36897964787836E+03
 1.96016666700000E+03,  1.16942367506321E+00,  1.15000000000000E+00, -5.07204508182425E+01,  1.73170000000004E+02,  2.04678214820643E+03,  3.50752828707927E+03
 1.96025000000000E+03,  1.39687308308297E+00,  1.38500000000000E+00, -5.07190089110467E+01,  1.73350000000004E+02,  2.26769388625948E+03,  4.49309897382043E+03
 1.96033333300000E+03,  1.47770245033605E+00,  2.47500000000000E+00, -5.07170501742455E+01,  1.73530000000004E+02,  3.52255767703776E+03,  3.73792217220413E+03
 1.96041666700000E+03,  1.35705898873446E+00,  2.95000000000000E+00, -5.07145757603991E+01,  1.73710000000004E+02,  4.70569281950504E+03,  2.19387479637469E+03
 1.96050000000000E+03,  1.17712892815459E+00,  2.91000000000000E+00, -5.07115868769820E+01,  1.73890000000004E+02,  4.40125826149204E+03,  2.51725373336110E+03
 1.96058333300000E+03,  1.23157866812962E+00,  2.80000000000000E+00, -5.07080847861262E+01,  1.74070000000004E+02,  4.04187339614499E+03,  2.34536103967062E+03
 1.96066666700000E+03,  1.39518196448784E+00,  2.55250000000000E+00, -4.38241562217186E+01,  1.74250000000004E+02,  3.59864348538158E+03,  1.86535837416815E+03
 1.96075000000000E+03,  1.18138837321127E+00,  2.55250000000000E+00, -4.37855077819958E+01,  1.74430000000004E+02,  2.31135791112604E+03,  1.59048634505562E+03
 1.96083333300000E+03,  7.13989910874938E-01,  2.25500000000000E+00, -4.37470353854986E+01,  1.74610000000004E+02,  1.06419447628284E+03,  2.49160722743876E+03
 1.96091666700000E+03,  3.78536692638549E-01,  1.38750000000000E+00, -4.37087407068039E+01,  1.74790000000004E+02,  2.67918697371509E+03,  7.78087616328570E+03
 1.96100000000000E+03,  2.83053260513709E-01,  7.72500000000000E-01, -4.36706253759979E+01,  1.74970000000004E+02,  3.91053455362528E+03,  9.63302391451280E+03
 1.96108333300000E+03,  3.93536607158784E-01,  8.47500000000000E-01, -4.36326909785676E+01,  1.75150000000004E+02,  4.18546663346507E+03,  9.88658268140614E+03
 1.96116666700000E+03,  5.50099730587869E-01,  1.43000000000000E+00, -4.35949390553004E+01,  1.75330000000004E+02,  4.58294845895304E+03,  1.10682399425596E+04
 1.96125000000000E+03,  5.84410469800105E-01,  1.90750000000000E+00, -4.35573711021901E+01,  1.75510000000004E+02,  5.14033631121081E+03,  1.07244306524228E+04
 1.96133333300000E+03,  4.48348811149915E-01,  1.53250000000000E+00, -4.35199885703525E+01,  1.75690000000004E+02,  4.60126695352402E+03,  5.63077496363957E+03
 1.96141666700000E+03,  2.46265690381606E-01,  5.15000000000000E-01, -4.34827928659470E+01,  1.75870000000004E+02,  3.27646687257979E+03,  4.00123513762861E+03
 1.96150000000000E+03,  1.42579678781309E-01, -5.00000000000000E-03, -4.34457853501064E+01,  1.76050000000004E+02,  5.87016712738227E+03,  9.09052221780930E+03
 1.96158333300000E+03,  1.80046109613824E-01,  6.00000000000000E-02, -4.34089673388750E+01,  1.76230000000004E+02,  6.73258577140497E+03,  1.13324809954305E+04
 1.96166666700000E+03,  2.00416918105860E-01,  9.75000000000000E-02, -4.69902618677671E+01,  1.76410000000004E+02,  6.41928721761962E+03,  1.42660496804545E+04
 1.96175000000000E+03,  1.38762949952354E-01,  2.40000000000000E-01, -4.69460475500003E+01,  1.76590000000004E+02,  5.48938285635074E+03,  1.35402755620978E+04
 1.96183333300000E+03,  1.73135816052100E-01,  8.60000000000000E-01, -4.69017802002107E+01,  1.76770000000004E+02,  5.80545291972219E+03,  1.34284897574017E+04
 1.96191666700000E+03,  4.02663720216877E-01,  1.52500000000000E+00, -4.68574639794717E+01,  1.76950000000004E+02,  3.30846439477609E+03,  8.68747768671990E+03
 1.96200000000000E+03,  7.33255352984161E-01,  1.57500000000000E+00, -4.68131030313150E+01,  1.77130000000004E+02,  1.98816083879566E+03,  7.05180686660629E+03
 1.96208333300000E+03,  1.00814292247147E+00,  1.46000000000000E+00, -4.67687014811621E+01,  1.77310000000004E+02,  1.71126168914167E+03,  5.11129256214649E+03
 1.96216666700000E+03,  1.10271740384649E+00,  1.34000000000000E+00, -4.67242634357597E+01,  1.77490000000004E+02,  1.46229123167803E+03,  5.34958477184729E+03
 1.96225000000000E+03,  1.01365236560653E+00,  8.22500000000000E-01, -4.66797929826195E+01,  1.77670000000004E+02,  1.04231788918279E+03,  6.69837917109724E+03
 1.96233333300000E+03,  8.66419930136024E-01,  6.75000000000000E-02, -4.66352941894622E+01,  1.77850000000004E+02,  1.27987009144094E+03,  6.60238689791582E+03
 1.96241666700000E+03,  8.15470281706535E-01, -4.05000000000000E-01, -4.65907711036645E+01,  1.78030000000004E+02,  2.75129906555487E+03,  7.81035484551581E+03
 1.96250000000000E+03,  9.03226235666280E-01, -4.60000000000000E-01, -4.65462277517121E+01,  1.78210000000004E+02,  5.08930928842964E+03,  1.15220550144448E+04
 1.96258333300000E+03,  1.06020352734256E+00, -4.10000000000000E-01, -4.65016681386555E+01,  1.78390000000004E+02,  5.74470839212917E+03,  1.91620599484837E+04
 1.96266666700000E+03,  1.14497711423420E+00, -5.75000000000000E-02, -4.66887082010560E+01,  1.78570000000004E+02,  6.44567049633754E+03,  1.84696672834693E+04
 1.96275000000000E+03,  1.09178363010845E+00,  3.70000000000000E-01, -4.66442147628751E+01,  1.78750000000004E+02,  8.56990008229569E+03,  1.79276133089225E+04
 1.96283333300000E+03,  1.05321377309110E+00,  7.85000000000000E-01, -4.65996962225305E+01,  1.78930000000004E+02,  7.92819318339631E+03,  1.63454623614042E+04
 1.96291666700000E+03,  1.12091626629499E+00,  1.37250000000000E+00, -4.65551566107385E+01,  1.79110000000004E+02,  7.47960869473267E+03,  1.65130079573586E+04
 1.96300000000000E+03,  1.17280673639524E+00,  1.59000000000000E+00, -4.65105999368893E+01,  1.79290000000004E+02,  7.02798312873886E+03,  1.08133358209744E+04
 1.96308333300000E+03,  1.03136682090362E+00,  1.47000000000000E+00, -4.64660301885061E+01,  1.79470000000004E+02,  1.02182956171090E+04,  1.54051089316968E+04
 1.96316666700000E+03,  6.02760662833545E-01,  1.25500000000000E+00, -4.64214513307104E+01,  1.79650000000004E+02,  9.55670198973188E+03,  1.57430350640457E+04
 1.96325000000000E+03, -1.85211794336826E-02,  5.52500000000000E-01, -4.63768673056902E+01,  1.79830000000004E+02,  8.62136765769449E+03,  1.56971893393812E+04
 1.96333333300000E+03, -5.74974655013786E-01, -3.72500000000000E-01, -4.63322820321743E+01,  1.80010000000004E+02,  7.22265043598524E+03,  1.14604244882684E+04
 1.96341666700000E+03, -8.10900638714757E-01, -6.27500000000000E-01, -4.62876994049097E+01,  1.80190000000004E+02,  8.16456131610434E+03,  1.08126585555760E+04
 1.96350000000000E+03, -6.67774989779077E-01, -5.70000000000000E-01, -4.62431232941454E+01,  1.80370000000004E+02,  4.33970963269070E+03,  8.10745440322159E+03
 1.96358333300000E+03, -4.93878086956803E-01, -1.05000000000000E+00, -4.61985575451199E+01,  1.80550000000004E+02,  3.49555784794825E+03,  7.16769227436607E+03
 1.96366666700000E+03, -5.29668342467285E-01, -1.46000000000000E+00, -3.56778358891388E+01,  1.80730000000004E+02,  3.76261594259865E+03,  6.46818800981940E+03
 1.96375000000000E+03, -5.20139225679181E-01, -1.09250000000000E+00, -3.56490841514913E+01,  1.80910000000004E+02,  3.05824421915731E+03,  5.49998613204166E+03
 1.96383333300000E+03, -3.93515684338983E-01, -7.02500000000000E-01, -3.56203968972027E+01,  1.81090000000004E+02,  2.19024602244854E+03,  3.95371597346802E+03
 1.96391666700000E+03, -2.57467008047453E-01, -7.20000000000000E-01, -3.55917775494376E+01,  1.81270000000004E+02,  2.41503801033891E+03,  2.63300505355894E+03
 1.96400000000000E+03, -1.15030802091978E-01, -5.62500000000000E-01, -3.55632295480101E+01,  1.81450000000004E+02,  1.57189480028655E+03,  5.00607731742179E+03
 1.96408333300000E+03, -1.46261800912669E-02, -7.50000000000000E-02, -3.55347563488559E+01,  1.81630000000004E+02,  1.64115566558113E+03,  4.73033156114131E+03
 1.96416666700000E+03, -2.09857115033058E-02, -2.07500000000000E-01, -3.55063614235002E+01,  1.81810000000004E+02,  1.83107597693234E+03,  5.04628503795399E+03
 1.96425000000000E+03, -1.40842784087403E-01, -6.22500000000000E-01, -3.54780482585226E+01,  1.81990000000004E+02,  2.39364413781390E+03,  9.96389616897566E+03
 1.96433333300000E+03, -2.75752622216060E-01, -2.45000000000000E-01, -3.54498203550183E+01,  1.82170000000004E+02,  1.93759697407989E+03,  8.70127454231760E+03
 1.96441666700000E+03, -2.65619543444996E-01, -3.30000000000000E-01, -3.54216812280562E+01,  1.82350000000004E+02,  2.44288902129767E+03,  8.20805447559714E+03
 1.96450000000000E+03, -5.86634753793176E-03, -1.38500000000000E+00, -3.53936344061339E+01,  1.82530000000004E+02,  2.85508251058585E+03,  9.27592839719843E+03
 1.96458333300000E+03, -1.80507338342626E-01, -2.17000000000000E+00, -3.53656834306296E+01,  1.82710000000004E+02,  3.05879310517267E+03,  9.09986525877316E+03
 1.96466666700000E+03, -1.04060751373147E+00, -2.45500000000000E+00, -3.36893884666592E+01,  1.82890000000004E+02,  2.53117244114588E+03,  5.11334382763553E+03
 1.96475000000000E+03, -1.53697885862876E+00, -2.41500000000000E+00, -3.36941048561705E+01,  1.83070000000004E+02,  3.94224598367678E+03,  5.70359857880227E+03
 1.96483333300000E+03, -1.60686105074401E+00, -1.90250000000000E+00, -3.36992592513122E+01,  1.83250000000004E+02,  3.07099664121170E+03,  6.36351541992928E+03
 1.96491666700000E+03, -1.72941576491716E+00, -1.60750000000000E+00, -3.37048529134088E+01,  1.83430000000004E+02,  2.37805268730990E+03,  5.16433544661165E+03
 1.96500000000000E+03, -1.80271180694407E+00, -1.83000000000000E+00, -3.37108870563132E+01,  1.83610000000004E+02,  2.69244676682910E+03,  6.41778549023936E+03
 1.96508333300000E+03, -1.77472055369559E+00, -1.66750000000000E+00, -3.37173628461113E+01,  1.83790000000004E+02,  4.05934876274701E+03,  6.67133135937132E+03
 1.96516666700000E+03, -1.67989104788108E+00, -1.16500000000000E+00, -3.37242814008339E+01,  1.83970000000004E+02,  2.91138952954333E+03,  6.61689632921207E+03
 1.96525000000000E+03, -1.58909249012325E+00, -1.01750000000000E+00, -3.37316437901749E+01,  1.84150000000004E+02,  2.87594505567234E+03,  4.99061093276075E+03
 1.96533333300000E+03, -1.52764589813089E+00, -1.14500000000000E+00, -3.37394510352165E+01,  1.84330000000004E+02,  3.04122501339454E+03,  5.71182259015094E+03
 1.96541666700000E+03, -1.44722106841207E+00, -1.44250000000000E+00, -3.37477041081610E+01,  1.84510000000004E+02,  2.52254730277680E+03,  4.12651472968897E+03
 1.96550000000000E+03, -1.28145034176108E+00, -1.87500000000000E+00, -3.37564039320700E+01,  1.84690000000004E+02,  3.59049433061862E+03,  7.93949307378078E+03
 1.96558333300000E+03, -1.29268738283821E+00, -2.17000000000000E+00, -3.37655513806095E+01,  1.84870000000004E+02,  3.33974256753536E+03,  8.44733751073334E+03
 1.96566666700000E+03, -1.59087460976944E+00, -2.34750000000000E+00, -3.57037654207610E+01,  1.85050000000005E+02,  5.27910878295494E+03,  7.87627643766057E+03
 1.96575000000000E+03, -1.74640440062201E+00, -2.57750000000000E+00, -3.56749585593663E+01,  1.85230000000005E+02,  5.05679143290182E+03,  8.51360578492479E+03
 1.96583333300000E+03, -1.71187145093783E+00, -2.40500000000000E+00, -3.56462131150752E+01,  1.85410000000005E+02,  5.57363344491765E+03,  9.91971887554131E+03
 1.96591666700000E+03, -1.65333333448805E+00, -1.59250000000000E+00, -3.56175324956182E+01,  1.85590000000005E+02,  3.78403069240297E+03,  6.26874893103427E+03
 1.96600000000000E+03, -1.50530522327839E+00, -7.55000000000000E-01, -3.55889201258482E+01,  1.85770000000005E+02,  4.82020384496877E+03,  6.24846468626701E+03
 1.96608333300000E+03, -1.25764703617309E+00, -2.55000000000000E-01, -3.55603794472149E+01,  1.85950000000005E+02,  3.04283297210057E+03,  6.41962357218432E+03
 1.96616666700000E+03, -9.80080081691187E-01, -7.49999999999999E-03, -3.55319139172367E+01,  1.86130000000005E+02,  3.36083478795617E+03,  5.19985596471402E+03
 1.96625000000000E+03, -7.62609131957250E-01,  1.02500000000000E-01, -3.55035270089679E+01,  1.86310000000005E+02,  5.10381904564474E+03,  5.22119688303122E+03
 1.96633333300000E+03, -6.29347298939336E-01, -9.25000000000000E-02, -3.54752222104636E+01,  1.86490000000005E+02,  4.95002026503293E+03,  4.65426038485811E+03
 1.96641666700000E+03, -5.12586148350382E-01, -4.57500000000000E-01, -3.54470030242405E+01,  1.86670000000005E+02,  4.20739449636434E+03,  4.12202561627540E+03
 1.96650000000000E+03, -3.16061916744287E-01, -5.95000000000000E-01, -3.54188729667347E+01,  1.86850000000005E+02,  4.80070047892167E+03,  5.26524715806952E+03
 1.96658333300000E+03, -2.42586104334559E-01, -4.52500000000000E-01, -3.53908355677563E+01,  1.87030000000005E+02,  5.28706228724759E+03,  5.12187189266327E+03
 1.96666666700000E+03, -4.09842987099831E-01, -1.72500000000000E-01, -3.88135415772664E+01,  1.87210000000005E+02,  3.32637576835740E+03,  4.86666380765758E+03
 1.96675000000000E+03, -5.11125730898252E-01, -2.25000000000000E-02, -3.87931979132859E+01,  1.87390000000005E+02,  2.51275281565481E+03,  4.09860938139943E+03
 1.96683333300000E+03, -5.53092381842051E-01,  1.50000000000000E-01, -3.87727369922357E+01,  1.87570000000005E+02,  2.21119759867625E+03,  3.68102938914049E+03
 1.96691666700000E+03, -6.71745060137734E-01,  5.10000000000000E-01, -3.87521580545890E+01,  1.87750000000005E+02,  1.39753493577642E+03,  2.56226689371996E+03
 1.96700000000000E+03, -7.70820201158307E-01,  7.25000000000000E-01, -3.87314603785249E+01,  1.87930000000005E+02,  1.25874195300480E+03,  3.55221516887860E+03
 1.96708333300000E+03, -8.01711879874363E-01,  4.57500000000000E-01, -3.87106432801621E+01,  1.88110000000005E+02,  1.01350046944860E+03,  2.40416095909378E+03
 1.96716666700000E+03, -7.97915979311169E-01, -8.75000000000000E-02, -3.86897061137847E+01,  1.88290000000005E+02,  1.38541088785317E+03,  3.48078245193962E+03
 1.96725000000000E+03, -8.23166067440034E-01, -7.27500000000000E-01, -3.86686482720622E+01,  1.88470000000005E+02,  1.61463206081069E+03,  3.31561559166925E+03
 1.96733333300000E+03, -8.88951182755724E-01, -1.72500000000000E+00, -3.86474691862623E+01,  1.88650000000005E+02,  2.36055587896055E+03,  5.30632993471001E+03
 1.96741666700000E+03, -9.27859803336447E-01, -2.44750000000000E+00, -3.86261683264567E+01,  1.88830000000005E+02,  2.44922039576722E+03,  4.99458915882253E+03
 1.96750000000000E+03, -8.52681480876330E-01, -2.31500000000000E+00, -3.86047452017206E+01,  1.89010000000005E+02,  5.81089069477797E+03,  1.22528076718154E+04
 1.96758333300000E+03, -8.19076760745781E-01, -1.74250000000000E+00, -3.85831993603245E+01,  1.89190000000005E+02,  5.61896148090206E+03,  1.63224757102869E+04
 1.96766666700000E+03, -9.40750510573866E-01, -1.24750000000000E+00, -2.92314689039929E+01,  1.89370000000005E+02,  6.38305573737273E+03,  2.15237673823347E+04
 1.96775000000000E+03, -1.02975226183096E+00, -1.43000000000000E+00, -2.92154728984778E+01,  1.89550000000005E+02,  5.69065690826495E+03,  1.91060407110816E+04
 1.96783333300000E+03, -1.12110363832367E+00, -1.90750000000000E+00, -2.91997744129949E+01,  1.89730000000005E+02,  4.97034371321851E+03,  1.96436668172219E+04
 1.96791666700000E+03, -1.29869686911872E+00, -2.07000000000000E+00, -2.91843765591970E+01,  1.89910000000005E+02,  2.91006147996209E+03,  1.45161650787219E+04
 1.96800000000000E+03, -1.44481961386117E+00, -2.21250000000000E+00, -2.91692824273034E+01,  1.90090000000005E+02,  3.49254421636306E+03,  1.29219538583402E+04
 1.96808333300000E+03, -1.49437219474036E+00, -2.23000000000000E+00, -2.91544950855779E+01,  1.90270000000005E+02,  2.84493291457029E+03,  8.16574700948605E+03
 1.96816666700000E+03, -1.47628363419397E+00, -2.03000000000000E+00, -2.91400175798096E+01,  1.90450000000005E+02,  3.02164669855799E+03,  8.24548000833435E+03
 1.96825000000000E+03, -1.46491080240044E+00, -1.71250000000000E+00, -2.91258529327961E+01,  1.90630000000005E+02,  3.64242174145796E+03,  1.00512608429073E+04
 1.96833333300000E+03, -1.49593929360698E+00, -1.76750000000000E+00, -2.91120041438289E+01,  1.90810000000005E+02,  2.35725186153649E+03,  8.94472699517191E+03
 1.96841666700000E+03, -1.53356052577147E+00, -2.30000000000000E+00, -2.90984741881820E+01,  1.90990000000005E+02,  3.15475535543126E+03,  7.87726630534540E+03
 1.96850000000000E+03, -1.52057664970704E+00, -2.44250000000000E+00, -2.90852660166031E+01,  1.91170000000005E+02,  3.04264071997679E+03,  9.45248255931804E+03
 1.96858333300000E+03, -1.20341081236339E+00, -2.12000000000000E+00, -2.90723825548081E+01,  1.91350000000005E+02,  2.95282707797201E+03,  9.15146495438047E+03
 1.96866666700000E+03, -6.99035656873880E-01, -1.67000000000000E+00, -3.48016570318823E+01,  1.91530000000005E+02,  2.90037959176723E+03,  7.12581681353868E+03
 1.96875000000000E+03, -5.85347563033433E-01, -1.31500000000000E+00, -3.47617210654812E+01,  1.91710000000005E+02,  2.82239000370120E+03,  6.63512510572680E+03
 1.96883333300000E+03, -7.22255783378254E-01, -1.24250000000000E+00, -3.47219215665850E+01,  1.91890000000005E+02,  2.19964184925255E+03,  5.85707255162697E+03
 1.96891666700000E+03, -7.07782980681741E-01, -1.16250000000000E+00, -3.46822606811641E+01,  1.92070000000005E+02,  4.34946214127608E+03,  7.95713863845369E+03
 1.96900000000000E+03, -5.28723427861983E-01, -4.72500000000000E-01, -3.46427405179481E+01,  1.92250000000005E+02,  6.14639014217801E+03,  1.01829981121988E+04
 1.96908333300000E+03, -2.75012422834515E-01,  7.77500000000000E-01, -3.46033631482308E+01,  1.92430000000005E+02,  5.67868220161675E+03,  9.07898724155069E+03
 1.96916666700000E+03, -9.78321564988056E-02,  1.56000000000000E+00, -3.45641306056827E+01,  1.92610000000005E+02,  5.94555228789543E+03,  9.54300639973338E+03
 1.96925000000000E+03, -1.00573067526846E-01,  1.18000000000000E+00, -3.45250448861689E+01,  1.92790000000005E+02,  5.82311065543811E+03,  1.02156022854399E+04
 1.96933333300000E+03, -2.49052549649060E-01,  3.87500000000000E-01, -3.44861079475730E+01,  1.92970000000005E+02,  4.07846628775328E+03,  8.79960678959128E+03
 1.96941666700000E+03, -3.87865675796179E-01,  2.92500000000000E-01, -3.44473217096286E+01,  1.93150000000005E+02,  2.70613109005548E+03,  7.52744532943248E+03
 1.96950000000000E+03, -3.64477304073902E-01,  1.77500000000000E-01, -3.44086880537549E+01,  1.93330000000005E+02,  4.38641913803356E+03,  1.02113094158959E+04
 1.96958333300000E+03, -4.20009284815484E-01, -6.47500000000000E-01, -3.43702088229010E+01,  1.93510000000005E+02,  4.52303080925488E+03,  1.06160162150078E+04
 1.96966666700000E+03, -7.09059792201572E-01, -1.36000000000000E+00, -2.82788883806392E+01,  1.93690000000005E+02,  4.14699042618654E+03,  8.60952254556678E+03
 1.96975000000000E+03, -8.58537711170555E-01, -1.61250000000000E+00, -2.82544423568106E+01,  1.93870000000005E+02,  3.80687206525945E+03,  6.62271004652214E+03
 1.96983333300000E+03, -8.33493787793269E-01, -1.27000000000000E+00, -2.82298859826550E+01,  1.94050000000005E+02,  3.69480039675050E+03,  6.25631802525409E+03
 1.96991666700000E+03, -7.99134064757259E-01, -6.00000000000000E-01, -2.82052200252505E+01,  1.94230000000005E+02,  1.96883932438945E+03,  3.71715735267292E+03
 1.97000000000000E+03, -7.16479152033012E-01, -3.57500000000000E-01, -2.81804452886092E+01,  1.94410000000005E+02,  1.49721979581691E+03,  3.40017637953975E+03
 1.97008333300000E+03, -6.15745040957715E-01, -3.27500000000000E-01, -2.81555626136340E+01,  1.94590000000005E+02,  2.38604513472030E+03,  3.43798939555871E+03
 1.97016666700000E+03, -5.92813304154883E-01, -8.50000000000000E-02, -2.81305728780679E+01,  1.94770000000005E+02,  3.27887256190478E+03,  6.15486437135237E+03
 1.97025000000000E+03, -7.29252253652554E-01, -7.75000000000000E-02, -2.81054769964382E+01,  1.94950000000005E+02,  3.29180354401927E+03,  5.55306483831138E+03
 1.97033333300000E+03, -1.00605375188767E+00, -7.45000000000000E-01, -2.80802759199934E+01,  1.95130000000005E+02,  3.74881508011219E+03,  5.47477093177133E+03
 1.97041666700000E+03, -1.29796419837441E+00, -1.63500000000000E+00, -2.80549706366350E+01,  1.95310000000005E+02,  3.95638180209460E+03,  4.78137441034317E+03
 1.97050000000000E+03, -1.46530834265079E+00, -1.91500000000000E+00, -2.80295621708422E+01,  1.95490000000005E+02,  3.57930373824074E+03,  7.24066784858178E+03
 1.97058333300000E+03, -1.53084881019235E+00, -1.65500000000000E+00, -2.80040515835913E+01,  1.95670000000005E+02,  3.66526455682389E+03,  6.79719915640164E+03
 1.97066666700000E+03, -1.56034890633994E+00, -1.64000000000000E+00, -2.88363690284030E+01,  1.95850000000005E+02,  3.71033982108667E+03,  7.80657574081131E+03
 1.97075000000000E+03, -1.56000145622898E+00, -2.03500000000000E+00, -2.88147338073176E+01,  1.96030000000005E+02,  3.81257711107589E+03,  8.13327742639138E+03
 1.97083333300000E+03, -1.65518343176894E+00, -2.32250000000000E+00, -2.87929809451923E+01,  1.96210000000005E+02,  4.02113064289006E+03,  8.37302846996063E+03
 1.97091666700000E+03, -1.89150140698690E+00, -2.37000000000000E+00, -2.87711103169065E+01,  1.96390000000005E+02,  3.25302662320862E+03,  6.38725997233059E+03
 1.97100000000000E+03, -2.14903985991401E+00, -2.59250000000000E+00, -2.87491218334430E+01,  1.96570000000005E+02,  2.15455868852492E+03,  4.14674046665580E+03
 1.97108333300000E+03, -2.35079038209201E+00, -2.96000000000000E+00, -2.87270154419936E+01,  1.96750000000005E+02,  2.03912404618381E+03,  3.23674273799881E+03
 1.97116666700000E+03, -2.50413227494783E+00, -3.42250000000000E+00, -2.87047911260592E+01,  1.96930000000005E+02,  1.69689000599640E+03,  3.38810006355614E+03
 1.97125000000000E+03, -2.65466479318290E+00, -3.76500000000000E+00, -2.86824489055426E+01,  1.97110000000005E+02,  2.79449389653196E+03,  4.62981127248560E+03
 1.97133333300000E+03, -2.80670846795727E+00, -3.68000000000000E+00, -2.86599888368366E+01,  1.97290000000005E+02,  5.06632238275273E+03,  5.54948608998454E+03
 1.97141666700000E+03, -2.89646233515190E+00, -3.61250000000000E+00, -2.86374110129049E+01,  1.97470000000005E+02,  5.06694228880961E+03,  6.44554897603052E+03
 1.97150000000000E+03, -2.84821795812913E+00, -3.85000000000000E+00, -2.86147155633576E+01,  1.97650000000005E+02,  4.92228753750990E+03,  6.95441395625085E+03
 1.97158333300000E+03, -2.81024221002307E+00, -4.07250000000000E+00, -2.85919026545199E+01,  1.97830000000005E+02,  5.49245438904194E+03,  1.03131956404228E+04
 1.97166666700000E+03, -2.89568919214132E+00, -3.61500000000000E+00, -2.69051707799698E+01,  1.98010000000005E+02,  4.39703257706188E+03,  1.13125391273399E+04
 1.97175000000000E+03, -2.96738775494627E+00, -2.80750000000000E+00, -2.68831829253591E+01,  1.98190000000005E+02,  1.90060291832370E+03,  1.06448457832875E+04
 1.97183333300000E+03, -3.09764754906362E+00, -2.68250000000000E+00, -2.68613535382927E+01,  1.98370000000005E+02,  1.79534759180702E+03,  9.92107881610772E+03
 1.97191666700000E+03, -3.36107340240550E+00, -3.05250000000000E+00, -2.68396812166021E+01,  1.98550000000005E+02,  2.22947455273455E+03,  1.07738068935701E+04
 1.97200000000000E+03, -3.61523248154085E+00, -3.42000000000000E+00, -2.68181645327166E+01,  1.98730000000005E+02,  1.53759617755897E+03,  7.39520623676859E+03
 1.97208333300000E+03, -3.76279192052671E+00, -3.90250000000000E+00, -2.67968020340096E+01,  1.98910000000005E+02,  2.58732767168467E+03,  6.79837635350208E+03
 1.97216666700000E+03, -3.79836390424570E+00, -4.07000000000000E+00, -2.67755922431501E+01,  1.99090000000005E+02,  2.92434454789305E+03,  6.09306809578065E+03
 1.97225000000000E+03, -3.76573931768682E+00, -4.01000000000000E+00, -2.67545336584566E+01,  1.99270000000005E+02,  3.45936221817135E+03,  7.64575969248458E+03
 1.97233333300000E+03, -3.67901406338621E+00, -4.49000000000000E+00, -2.67336247542550E+01,  1.99450000000005E+02,  2.99648139945696E+03,  7.99348285794479E+03
 1.97241666700000E+03, -3.49349275427604E+00, -4.66000000000000E+00, -2.67128639812401E+01,  1.99630000000005E+02,  3.32881853715013E+03,  7.87625489929459E+03
 1.97250000000000E+03, -3.15740613201107E+00, -4.16250000000000E+00, -2.66922497668402E+01,  1.99810000000005E+02,  1.94947350681308E+03,  8.21353461828728E+03
 1.97258333300000E+03, -2.85962985060493E+00, -3.72000000000000E+00, -2.66717805155855E+01,  1.99990000000005E+02,  1.75602670150547E+03,  9.03106244668069E+03
 1.97266666700000E+03, -2.77057420101248E+00, -3.29750000000000E+00, -2.40771464337575E+01,  2.00170000000005E+02,  1.48543543252519E+03,  7.73115200474801E+03
 1.97275000000000E+03, -2.74498366453300E+00, -2.99000000000000E+00, -2.40561586404779E+01,  2.00350000000005E+02,  1.36681836349204E+03,  6.42085107014478E+03
 1.97283333300000E+03, -2.77923288624862E+00, -3.08750000000000E+00, -2.40350572144735E+01,  2.00530000000005E+02,  2.74673648051180E+03,  1.05684261721599E+04
 1.97291666700000E+03, -2.92269994299297E+00, -3.49250000000000E+00, -2.40138419389675E+01,  2.00710000000005E+02,  3.38729372970538E+03,  9.35526790620529E+03
 1.97300000000000E+03, -3.06239337878789E+00, -3.84000000000000E+00, -2.39925126308740E+01,  2.00890000000005E+02,  3.99332197785152E+03,  8.07227313194394E+03
 1.97308333300000E+03, -3.13236056030482E+00, -3.87000000000000E+00, -2.39710691409110E+01,  2.01070000000005E+02,  4.32640216246208E+03,  7.84827192105878E+03
 1.97316666700000E+03, -3.15441332962188E+00, -3.47250000000000E+00, -2.39495113537090E+01,  2.01250000000005E+02,  4.74413446500273E+03,  1.10914826576131E+04
 1.97325000000000E+03, -3.18984892508765E+00, -2.71250000000000E+00, -2.39278391879141E+01,  2.01430000000005E+02,  4.19428149077715E+03,  8.27583793223758E+03
 1.97333333300000E+03, -3.25674764585454E+00, -2.05250000000000E+00, -2.39060525962851E+01,  2.01610000000005E+02,  3.76787100630546E+03,  7.17014514759052E+03
 1.97341666700000E+03, -3.29951426727933E+00, -1.66500000000000E+00, -2.38841515657855E+01,  2.01790000000005E+02,  3.61367447510456E+03,  8.81411380492699E+03
 1.97350000000000E+03, -3.24202940526704E+00, -1.39500000000000E+00, -2.38621361176695E+01,  2.01970000000005E+02,  2.94696596604227E+03,  8.33173017133219E+03
 1.97358333300000E+03, -2.67871696759709E+00, -1.36000000000000E+00, -2.38400063075631E+01,  2.02150000000005E+02,  3.03858734242805E+03,  6.06476015014057E+03
 1.97366666700000E+03, -1.88629220486606E+00, -1.63500000000000E+00, -3.23793177410482E+01,  2.02330000000005E+02,  2.25048542850873E+03,  6.34700449462536E+03
 1.97375000000000E+03, -1.91992047469591E+00, -2.03500000000000E+00, -3.24312621290071E+01,  2.02510000000005E+02,  1.89510971542206E+03,  7.28711300589136E+03
 1.97383333300000E+03, -2.48183594826481E+00, -2.28750000000000E+00, -3.24830163296375E+01,  2.02690000000005E+02,  1.70236047338452E+03,  6.01987943885874E+03
 1.97391666700000E+03, -2.76735168651061E+00, -2.51000000000000E+00, -3.25345758118756E+01,  2.02870000000005E+02,  3.65653506544188E+03,  6.39742407561428E+03
 1.97400000000000E+03, -2.72553704249238E+00, -2.78750000000000E+00, -3.25859360638787E+01,  2.03050000000005E+02,  3.35832164127827E+03,  5.06892666280513E+03
 1.97408333300000E+03, -2.54819198129946E+00, -3.21500000000000E+00, -3.26370925935474E+01,  2.03230000000005E+02,  4.01747859857602E+03,  4.21713018103991E+03
 1.97416666700000E+03, -2.46569693319492E+00, -4.13000000000000E+00, -3.26880409290450E+01,  2.03410000000005E+02,  4.51020869307764E+03,  3.25655676372526E+03
 1.97425000000000E+03, -2.52282222753743E+00, -4.97750000000000E+00, -3.27387766193145E+01,  2.03590000000005E+02,  4.55993279965276E+03,  3.06151617251158E+03
 1.97433333300000E+03, -2.54300283446074E+00, -5.03500000000000E+00, -3.27892952345922E+01,  2.03770000000005E+02,  2.87879780566296E+03,  2.68660004299097E+03
 1.97441666700000E+03, -2.31265031794002E+00, -4.88000000000000E+00, -3.28395923669197E+01,  2.03950000000005E+02,  4.81894928059800E+03,  3.94919687875912E+03
 1.97450000000000E+03, -1.81323434768237E+00, -4.96750000000000E+00, -3.28896636306519E+01,  2.04130000000005E+02,  4.97652113378093E+03,  6.50185843841461E+03
 1.97458333300000E+03, -1.53891283514318E+00, -5.00000000000000E+00, -3.29395046629623E+01,  2.04310000000005E+02,  6.01722587495032E+03,  7.08678205996405E+03
 1.97466666700000E+03, -1.82764903293886E+00, -5.08000000000000E+00, -2.89617736130074E+01,  2.04490000000005E+02,  6.59260175038930E+03,  9.16214248972078E+03
 1.97475000000000E+03, -2.23447839841441E+00, -4.98000000000000E+00, -2.89266686230787E+01,  2.04670000000005E+02,  6.67336885376771E+03,  9.21983453403991E+03
 1.97483333300000E+03, -2.47140637211736E+00, -4.41250000000000E+00, -2.88917390521542E+01,  2.04850000000005E+02,  5.72268794900530E+03,  1.06850311681254E+04
 1.97491666700000E+03, -2.56915426135386E+00, -3.66250000000000E+00, -2.88569859485147E+01,  2.05030000000005E+02,  5.02641536582917E+03,  8.01778000427183E+03
 1.97500000000000E+03, -2.53121141073580E+00, -3.22250000000000E+00, -2.88224103225105E+01,  2.05210000000005E+02,  4.21299632612210E+03,  7.57720377206227E+03
 1.97508333300000E+03, -2.47665904761266E+00, -3.25500000000000E+00, -2.87880131465394E+01,  2.05390000000005E+02,  3.90398196309705E+03,  8.96895534130253E+03
 1.97516666700000E+03, -2.53850640633673E+00, -3.36250000000000E+00, -2.87537953550316E+01,  2.05570000000005E+02,  3.84771360668183E+03,  9.31743707358490E+03
 1.97525000000000E+03, -2.73018963529088E+00, -3.57750000000000E+00, -2.87197578444402E+01,  2.05750000000005E+02,  2.57302889087687E+03,  6.55821358283637E+03
 1.97533333300000E+03, -2.90582685899206E+00, -3.65000000000000E+00, -2.86859014732368E+01,  2.05930000000005E+02,  2.05507552333561E+03,  7.59817463224923E+03
 1.97541666700000E+03, -2.86477815372897E+00, -3.23250000000000E+00, -2.86522270619144E+01,  2.06110000000005E+02,  1.42676584433176E+03,  7.88258229005965E+03
 1.97550000000000E+03, -2.52177479442111E+00, -2.66500000000000E+00, -2.86187353929947E+01,  2.06290000000005E+02,  2.27410114324347E+03,  7.13145042786460E+03
 1.97558333300000E+03, -2.27349555088680E+00, -2.55250000000000E+00, -2.85854272110424E+01,  2.06470000000005E+02,  1.98293917222537E+03,  6.22984918189553E+03
 1.97566666700000E+03, -2.42830654386125E+00, -3.13750000000000E+00, -1.92731326830013E+01,  2.06650000000005E+02,  2.68030170646627E+03,  7.62837106035691E+03
 1.97575000000000E+03, -2.63668141109366E+00, -3.57250000000000E+00, -1.92805786416270E+01,  2.06830000000005E+02,  3.76411425161633E+03,  5.50569729798283E+03
 1.97583333300000E+03, -2.77962513353318E+00, -3.50500000000000E+00, -1.92884324486468E+01,  2.07010000000005E+02,  3.78264010110424E+03,  5.51579063781828E+03
 1.97591666700000E+03, -2.96125272782976E+00, -3.53250000000000E+00, -1.92966949152552E+01,  2.07190000000005E+02,  2.29205592452940E+03,  3.76778409297482E+03
 1.97600000000000E+03, -3.09610893737778E+00, -3.93750000000000E+00, -1.93053668113163E+01,  2.07370000000005E+02,  3.93021598123805E+03,  5.50017057117856E+03
 1.97608333300000E+03, -3.14433369353909E+00, -4.50750000000000E+00, -1.93144488651655E+01,  2.07550000000005E+02,  3.33474624221487E+03,  4.20519971084551E+03
 1.97616666700000E+03, -3.13908465669652E+00, -4.74250000000000E+00, -1.93239417634162E+01,  2.07730000000005E+02,  2.20054324485579E+03,  5.20429741824832E+03
 1.97625000000000E+03, -3.13534162553862E+00, -4.69250000000000E+00, -1.93338461507716E+01,  2.07910000000005E+02,  2.46975558246941E+03,  4.56780511796287E+03
 1.97633333300000E+03, -3.13503870321543E+00, -4.82250000000000E+00, -1.93441626298424E+01,  2.08090000000005E+02,  2.85343939124244E+03,  5.21608058128082E+03
 1.97641666700000E+03, -3.07048128159841E+00, -4.51250000000000E+00, -1.93548917609698E+01,  2.08270000000005E+02,  2.06195034031578E+03,  4.87777080828044E+03
 1.97650000000000E+03, -2.87010713977992E+00, -3.31500000000000E+00, -1.93660340620537E+01,  2.08450000000005E+02,  2.60090135975999E+03,  4.63685980409915E+03
 1.97658333300000E+03, -2.65152528820235E+00, -2.28500000000000E+00, -1.93775900083864E+01,  2.08630000000005E+02,  3.23999521717917E+03,  4.27876528903362E+03
 1.97666666700000E+03, -2.62589931378153E+00, -2.27000000000000E+00, -2.40848246147224E+01,  2.08810000000005E+02,  3.89581693468561E+03,  4.26960681804261E+03
 1.97675000000000E+03, -2.71102708258263E+00, -3.09750000000000E+00, -2.41383035987862E+01,  2.08990000000005E+02,  6.47432171446604E+03,  3.05166785991951E+03
 1.97683333300000E+03, -2.69469205338437E+00, -4.00250000000000E+00, -2.41918915586183E+01,  2.09170000000005E+02,  8.30910014698820E+03,  5.44238946285539E+03
 1.97691666700000E+03, -2.59145528148390E+00, -4.28250000000000E+00, -2.42455840762303E+01,  2.09350000000005E+02,  7.89386557811607E+03,  7.09378572279321E+03
 1.97700000000000E+03, -2.55657224266106E+00, -3.96750000000000E+00, -2.42993767186793E+01,  2.09530000000005E+02,  8.20397147476734E+03,  6.86644085363822E+03
 1.97708333300000E+03, -2.65293509371544E+00, -3.20500000000000E+00, -2.43532650385617E+01,  2.09710000000005E+02,  7.16267324930027E+03,  7.92529121081830E+03
 1.97716666700000E+03, -2.74780835221523E+00, -2.40000000000000E+00, -2.44072445745089E+01,  2.09890000000005E+02,  4.73066018048451E+03,  7.25418622873150E+03
 1.97725000000000E+03, -2.62039388781799E+00, -2.07750000000000E+00, -2.44613108516852E+01,  2.10070000000005E+02,  3.90872108376039E+03,  3.86771362945748E+03
 1.97733333300000E+03, -2.18158399379422E+00, -1.77000000000000E+00, -2.45154593822872E+01,  2.10250000000005E+02,  4.47913784689502E+03,  2.25479448765369E+03
 1.97741666700000E+03, -1.58402174085895E+00, -1.33500000000000E+00, -2.45696856660457E+01,  2.10430000000005E+02,  3.67955769553812E+03,  2.19977367144505E+03
 1.97750000000000E+03, -1.10368099565122E+00, -1.27000000000000E+00, -2.46239851907286E+01,  2.10610000000005E+02,  4.43714014634058E+03,  3.25397144266372E+03
 1.97758333300000E+03, -1.00932930887514E+00, -1.68000000000000E+00, -2.46783534326457E+01,  2.10790000000005E+02,  5.44343684227083E+03,  4.63080948136016E+03
 1.97766666700000E+03, -1.26129932413040E+00, -2.19250000000000E+00, -2.64222620167027E+01,  2.10970000000005E+02,  4.20963830808629E+03,  4.35574072662658E+03
 1.97775000000000E+03, -1.51740462111854E+00, -2.16750000000000E+00, -2.64036161952096E+01,  2.11150000000005E+02,  4.44172458394714E+03,  8.59450428925832E+03
 1.97783333300000E+03, -1.67164474721501E+00, -1.89500000000000E+00, -2.63850893391313E+01,  2.11330000000005E+02,  4.51134215385569E+03,  8.18264487828692E+03
 1.97791666700000E+03, -1.78864604855496E+00, -1.75250000000000E+00, -2.63666795428559E+01,  2.11510000000006E+02,  3.74636355263126E+03,  6.30854842624279E+03
 1.97800000000000E+03, -1.87201372316386E+00, -1.51750000000000E+00, -2.63483848844946E+01,  2.11690000000006E+02,  3.11583212824126E+03,  7.97352164061655E+03
 1.97808333300000E+03, -1.92032525262840E+00, -1.50500000000000E+00, -2.63302034262997E+01,  2.11870000000006E+02,  2.70045905906553E+03,  8.34977396297912E+03
 1.97816666700000E+03, -1.90104487426655E+00, -1.75500000000000E+00, -2.63121332150840E+01,  2.12050000000006E+02,  1.67584035379863E+03,  4.57677644160013E+03
 1.97825000000000E+03, -1.77107903776209E+00, -1.99000000000000E+00, -2.62941722826434E+01,  2.12230000000006E+02,  1.72618193469023E+03,  4.94255294372747E+03
 1.97833333300000E+03, -1.52876511350874E+00, -2.44750000000000E+00, -2.62763186461807E+01,  2.12410000000006E+02,  1.86285617384391E+03,  6.95233025816018E+03
 1.97841666700000E+03, -1.24327910232866E+00, -2.97000000000000E+00, -2.62585703087318E+01,  2.12590000000006E+02,  2.29592844803855E+03,  4.69962468133181E+03
 1.97850000000000E+03, -1.02472531016344E+00, -2.88500000000000E+00, -2.62409252595938E+01,  2.12770000000006E+02,  2.16657626130704E+03,  4.37902023412710E+03
 1.97858333300000E+03, -1.26211494471237E+00, -2.40250000000000E+00, -2.62233814747547E+01,  2.12950000000006E+02,  2.39905813473344E+03,  5.03260812275899E+03
 1.97866666700000E+03, -1.82991950880775E+00, -2.13750000000000E+00, -2.76617006913273E+01,  2.13130000000006E+02,  2.15296603292320E+03,  5.36751088574596E+03
 1.97875000000000E+03, -1.92361620458440E+00, -1.91500000000000E+00, -2.76199728537754E+01,  2.13310000000006E+02,  2.22537654506337E+03,  3.47953727673465E+03
 1.97883333300000E+03, -1.63862361603693E+00, -1.67750000000000E+00, -2.75782019792632E+01,  2.13490000000006E+02,  1.66602806905757E+03,  4.63945516856010E+03
 1.97891666700000E+03, -1.44867485824307E+00, -1.79750000000000E+00, -2.75363915360368E+01,  2.13670000000006E+02,  1.56495456060573E+03,  5.33079262175627E+03
 1.97900000000000E+03, -1.37937875625336E+00, -1.90250000000000E+00, -2.74945449780187E+01,  2.13850000000006E+02,  1.89360719427253E+03,  5.38279873438535E+03
 1.97908333300000E+03, -1.40083912830896E+00, -1.91250000000000E+00, -2.74526657443886E+01,  2.14030000000006E+02,  2.61968130565975E+03,  7.66725120901896E+03
 1.97916666700000E+03, -1.45735130271559E+00, -2.21250000000000E+00, -2.74107572591663E+01,  2.14210000000006E+02,  2.46553071630227E+03,  7.26056283018667E+03
 1.97925000000000E+03, -1.48585080507960E+00, -2.15000000000000E+00, -2.73688229307979E+01,  2.14390000000006E+02,  1.76071880250431E+03,  6.64795623254687E+03
 1.97933333300000E+03, -1.43349400272524E+00, -1.38750000000000E+00, -2.73268661517446E+01,  2.14570000000006E+02,  3.85074892517219E+03,  8.39628327401829E+03
 1.97941666700000E+03, -1.29428180772204E+00, -8.42500000000000E-01, -2.72848902980751E+01,  2.14750000000006E+02,  4.11771145318441E+03,  9.90671693495666E+03
 1.97950000000000E+03, -1.14971744778009E+00, -9.67500000000000E-01, -2.72428987290599E+01,  2.14930000000006E+02,  4.09316675253663E+03,  9.12451160634723E+03
 1.97958333300000E+03, -1.00553090265079E+00, -1.18750000000000E+00, -2.72008947867698E+01,  2.15110000000006E+02,  4.31998457790089E+03,  1.01359728217960E+04
 1.97966666700000E+03, -7.88532840483882E-01, -1.15750000000000E+00, -3.13050488365987E+01,  2.15290000000006E+02,  4.30388786974398E+03,  8.95312674887666E+03
 1.97975000000000E+03, -5.88562337801140E-01, -1.02750000000000E+00, -3.13162274179231E+01,  2.15470000000006E+02,  3.14295573033523E+03,  6.69677507823286E+03
 1.97983333300000E+03, -5.11590947693953E-01, -8.95000000000000E-01, -3.13269376402002E+01,  2.15650000000006E+02,  2.50206893111236E+03,  5.58618084119613E+03
 1.97991666700000E+03, -5.38563811972125E-01, -6.17500000000000E-01, -3.13371792504885E+01,  2.15830000000006E+02,  1.86333832419425E+03,  4.29811411157926E+03
 1.98000000000000E+03, -6.09679612677721E-01, -4.55000000000000E-01, -3.13469520422717E+01,  2.16010000000006E+02,  1.89573067505617E+03,  4.26379392467559E+03
 1.98008333300000E+03, -6.69789678912315E-01, -8.42500000000000E-01, -3.13562558554185E+01,  2.16190000000006E+02,  2.51107378963668E+03,  7.29611885688284E+03
 1.98016666700000E+03, -7.05103071576053E-01, -9.92500000000000E-01, -3.13650905761369E+01,  2.16370000000006E+02,  1.78968180391593E+03,  6.97012384390460E+03
 1.98025000000000E+03, -7.25432445402875E-01, -1.30000000000000E-01, -3.13734561369220E+01,  2.16550000000006E+02,  2.96877272124816E+03,  7.93053567041352E+03
 1.98033333300000E+03, -7.26325345033095E-01,  8.15000000000000E-01, -3.13813525164991E+01,  2.16730000000006E+02,  3.24857462197338E+03,  8.47087499192985E+03
 1.98041666700000E+03, -6.87364424193814E-01,  8.92500000000000E-01, -3.13887797397600E+01,  2.16910000000006E+02,  3.72571251146384E+03,  9.18862046224565E+03
 1.98050000000000E+03, -6.17100297545974E-01,  4.80000000000000E-01, -3.13957378776942E+01,  2.17090000000006E+02,  3.42988385301511E+03,  6.81984831010439E+03
 1.98058333300000E+03, -5.81865972636368E-01,  1.20000000000000E-01, -3.14022270473137E+01,  2.17270000000006E+02,  3.70389159434513E+03,  6.88876130180864E+03
 1.98066666700000E+03, -5.99031775486453E-01, -2.35000000000000E-01, -1.46851314174972E+01,  2.17450000000006E+02,  3.08961048477300E+03,  6.51438170118484E+03
 1.98075000000000E+03, -6.60529466530233E-01, -9.17500000000000E-01, -1.46715132625412E+01,  2.17630000000006E+02,  4.48022280672318E+03,  8.01993749193580E+03
 1.98083333300000E+03, -8.37918118717306E-01, -1.86000000000000E+00, -1.46581829836235E+01,  2.17810000000006E+02,  5.92910044015283E+03,  9.93802806681126E+03
 1.98091666700000E+03, -1.11195185161234E+00, -2.28000000000000E+00, -1.46451431856312E+01,  2.17990000000006E+02,  6.69948995523123E+03,  1.02708689116545E+04
 1.98100000000000E+03, -1.35020788232778E+00, -2.04750000000000E+00, -1.46323964530986E+01,  2.18170000000006E+02,  6.33607324232233E+03,  1.04020052407124E+04
 1.98108333300000E+03, -1.47752682264938E+00, -1.40750000000000E+00, -1.46199453498027E+01,  2.18350000000006E+02,  5.80772690473818E+03,  8.52150550307702E+03
 1.98116666700000E+03, -1.51821240108893E+00, -7.35000000000000E-01, -1.46077924183612E+01,  2.18530000000006E+02,  4.64695920961167E+03,  6.62396105335998E+03
 1.98125000000000E+03, -1.54717900048219E+00, -7.32500000000000E-01, -1.45959401798319E+01,  2.18710000000006E+02,  2.93443823088712E+03,  4.12710164669493E+03
 1.98133333300000E+03, -1.60468459805459E+00, -8.62500000000000E-01, -1.45843911333161E+01,  2.18890000000006E+02,  2.02341573011458E+03,  3.24172469246482E+03
 1.98141666700000E+03, -1.66168969618723E+00, -8.07500000000000E-01, -1.45731477555622E+01,  2.19070000000006E+02,  2.05169356741933E+03,  3.52288412682714E+03
 1.98150000000000E+03, -1.66786334598584E+00, -9.67500000000000E-01, -1.45622125005741E+01,  2.19250000000006E+02,  2.26651443376567E+03,  3.69549514432787E+03
 1.98158333300000E+03, -1.38093797652582E+00, -9.52500000000000E-01, -1.45515877992200E+01,  2.19430000000006E+02,  2.77978487357441E+03,  5.02735810972761E+03
 1.98166666700000E+03, -8.37232510088710E-01, -9.85000000000000E-01, -2.58368647535695E+01,  2.19610000000006E+02,  2.56019783853027E+03,  6.37283325038347E+03
 1.98175000000000E+03, -5.59280775448746E-01, -1.41750000000000E+00, -2.57962626468968E+01,  2.19790000000006E+02,  2.42452799165076E+03,  6.68346965076042E+03
 1.98183333300000E+03, -5.46102874315112E-01, -1.22000000000000E+00, -2.57557509221113E+01,  2.19970000000006E+02,  3.63043067122095E+03,  1.12292032743905E+04
 1.98191666700000E+03, -4.57115616870728E-01, -6.30000000000000E-01, -2.57153320704252E+01,  2.20150000000006E+02,  4.19250760925807E+03,  1.49921154236204E+04
 1.98200000000000E+03, -2.07116501348662E-01, -6.70000000000000E-01, -2.56750085536366E+01,  2.20330000000006E+02,  3.97559658355818E+03,  1.44560520416000E+04
 1.98208333300000E+03,  1.38329385415005E-01, -8.50000000000000E-01, -2.56347828038775E+01,  2.20510000000006E+02,  3.81948220817231E+03,  1.32297492920180E+04
 1.98216666700000E+03,  3.96465356252891E-01, -1.11000000000000E+00, -2.55946572233671E+01,  2.20690000000006E+02,  7.28857237287510E+03,  1.99911806495043E+04
 1.98225000000000E+03,  4.03653268560500E-01, -1.64750000000000E+00, -2.55546341841705E+01,  2.20870000000006E+02,  6.65940788254462E+03,  1.64707948802090E+04
 1.98233333300000E+03,  1.48919740985406E-01, -1.93000000000000E+00, -2.55147160279609E+01,  2.21050000000006E+02,  5.94033960113999E+03,  1.40522310357460E+04
 1.98241666700000E+03, -2.09314701848226E-01, -2.02750000000000E+00, -2.54749050657877E+01,  2.21230000000006E+02,  5.08690429945601E+03,  1.23915689867573E+04
 1.98250000000000E+03, -4.63675069475150E-01, -2.43000000000000E+00, -2.54352035778491E+01,  2.21410000000006E+02,  8.32188228579226E+03,  1.45993015927038E+04
 1.98258333300000E+03, -8.52351933416988E-01, -2.93750000000000E+00, -2.53956138132692E+01,  2.21590000000006E+02,  5.24223635800770E+03,  8.33730927414685E+03
 1.98266666700000E+03, -1.46775790142749E+00, -3.29250000000000E+00, -1.45083905044464E+01,  2.21770000000006E+02,  5.17644144874704E+03,  7.44265759649559E+03
 1.98275000000000E+03, -1.80550942589655E+00, -3.72250000000000E+00, -1.44994908807788E+01,  2.21950000000006E+02,  6.30453401883968E+03,  6.72910564044500E+03
 1.98283333300000E+03, -1.90008550262634E+00, -4.01750000000000E+00, -1.44909168444903E+01,  2.22130000000006E+02,  8.14989222671136E+03,  1.43726852801946E+04
 1.98291666700000E+03, -1.97993845231705E+00, -3.74500000000000E+00, -1.44826706428072E+01,  2.22310000000006E+02,  6.21965028980947E+03,  1.48850663069882E+04
 1.98300000000000E+03, -1.93765419866442E+00, -2.75750000000000E+00, -1.44747544966413E+01,  2.22490000000006E+02,  5.90853621255991E+03,  1.45210771162981E+04
 1.98308333300000E+03, -1.76708801086638E+00, -1.11500000000000E+00, -1.44671706002263E+01,  2.22670000000006E+02,  5.35781916725870E+03,  1.41227456377722E+04
 1.98316666700000E+03, -1.57043074964753E+00,  2.42500000000000E-01, -1.44599211207570E+01,  2.22850000000006E+02,  6.24747121831721E+03,  1.53696513139695E+04
 1.98325000000000E+03, -1.46890516894354E+00,  3.25000000000000E-01, -1.44530081980317E+01,  2.23030000000006E+02,  7.39607405183909E+03,  1.11596079780839E+04
 1.98333333300000E+03, -1.49502569556017E+00, -2.85000000000000E-01, -1.44464339440977E+01,  2.23210000000006E+02,  6.18242368027231E+03,  7.62116601216302E+03
 1.98341666700000E+03, -1.56583789609934E+00, -4.87500000000000E-01, -1.44402004428998E+01,  2.23390000000006E+02,  7.00005855992596E+03,  1.04268463691411E+04
 1.98350000000000E+03, -1.56382859349764E+00, -6.65000000000000E-01, -1.44343097499329E+01,  2.23570000000006E+02,  7.97605405071713E+03,  1.07407403989681E+04
 1.98358333300000E+03, -1.47256340947309E+00, -1.42500000000000E+00, -1.44287638918969E+01,  2.23750000000006E+02,  5.91892682873034E+03,  9.25030885025660E+03
 1.98366666700000E+03, -1.42155173228807E+00, -2.01750000000000E+00, -2.16047153190616E+01,  2.23930000000006E+02,  3.07756506821423E+03,  6.24850274697385E+03
 1.98375000000000E+03, -1.53312124389175E+00, -1.96750000000000E+00, -2.15863375672431E+01,  2.24110000000006E+02,  3.35665043883649E+03,  8.04427285771264E+03
 1.98383333300000E+03, -1.78772257552730E+00, -1.34250000000000E+00, -2.15680754407858E+01,  2.24290000000006E+02,  2.29505419849875E+03,  4.74649398129445E+03
 1.98391666700000E+03, -2.06942549791586E+00, -7.30000000000000E-01, -2.15499271207627E+01,  2.24470000000006E+02,  1.40640819650432E+03,  4.81498941413306E+03
 1.98400000000000E+03, -2.25078611773852E+00, -8.15000000000000E-01, -2.15318907728801E+01,  2.24650000000006E+02,  2.88419129160790E+03,  5.47231586070055E+03
 1.98408333300000E+03, -2.26841200836945E+00, -1.07500000000000E+00, -2.15139645478638E+01,  2.24830000000006E+02,  3.44328334890854E+03,  6.57369989758514E+03
 1.98416666700000E+03, -2.16334614836516E+00, -1.29250000000000E+00, -2.14961465818490E+01,  2.25010000000006E+02,  3.01725295976080E+03,  4.47055463640236E+03
 1.98425000000000E+03, -2.03000842370165E+00, -1.56750000000000E+00, -2.14784349967704E+01,  2.25190000000006E+02,  3.06350459848427E+03,  4.95520559106755E+03
 1.98433333300000E+03, -1.92859743888590E+00, -2.08750000000000E+00, -2.14608279007556E+01,  2.25370000000006E+02,  4.62284810688710E+03,  5.08410095455613E+03
 1.98441666700000E+03, -1.84824931662043E+00, -2.75500000000000E+00, -2.14433233885194E+01,  2.25550000000006E+02,  3.06575594788797E+03,  4.70460752108004E+03
 1.98450000000000E+03, -1.75319541061941E+00, -2.75750000000000E+00, -2.14259195417604E+01,  2.25730000000006E+02,  2.30612711542289E+03,  4.26348682076695E+03
 1.98458333300000E+03, -1.73708435347967E+00, -2.36750000000000E+00, -2.14086144295590E+01,  2.25910000000006E+02,  2.14544751005797E+03,  6.79159126431258E+03
 1.98466666700000E+03, -1.87089986044619E+00, -2.52000000000000E+00, -1.45149877565181E+01,  2.26090000000006E+02,  2.07502922417401E+03,  6.98046490764533E+03
 1.98475000000000E+03, -2.04815002447639E+00, -3.35500000000000E+00, -1.44950406034898E+01,  2.26270000000006E+02,  3.32515155866585E+02,  6.53461831792407E+03
 1.98483333300000E+03, -2.24335920730729E+00, -3.83000000000000E+00, -1.44749876208279E+01,  2.26450000000006E+02,  6.86352731416535E+02,  6.69937906817141E+03
 1.98491666700000E+03, -2.43757592710322E+00, -3.59000000000000E+00, -1.44548284968079E+01,  2.26630000000006E+02,  1.36126077206894E+03,  5.33369489684600E+03
 1.98500000000000E+03, -2.51516905922813E+00, -3.44500000000000E+00, -1.44345629490876E+01,  2.26810000000006E+02,  2.13068437174373E+03,  3.25175903137303E+03
 1.98508333300000E+03, -2.42792419244979E+00, -3.48000000000000E+00, -1.44141907248219E+01,  2.26990000000006E+02,  2.16069815812678E+03,  2.63190379106732E+03
 1.98516666700000E+03, -2.23323510056257E+00, -3.66500000000000E+00, -1.43937116007737E+01,  2.27170000000006E+02,  2.37407112859064E+03,  2.83336629455100E+03
 1.98525000000000E+03, -2.04038879569491E+00, -3.79750000000000E+00, -1.43731253834198E+01,  2.27350000000006E+02,  1.93147651110856E+03,  1.71254877677085E+03
 1.98533333300000E+03, -1.92026909837967E+00, -3.06750000000000E+00, -1.43524319090530E+01,  2.27530000000006E+02,  1.69360713127402E+03,  4.15166826732423E+03
 1.98541666700000E+03, -1.86625577109669E+00, -1.92500000000000E+00, -1.43316310438785E+01,  2.27710000000006E+02,  1.71813541646866E+03,  6.44783130876213E+03
 1.98550000000000E+03, -1.83901738967455E+00, -1.84750000000000E+00, -1.43107226841068E+01,  2.27890000000006E+02,  3.41745608401844E+03,  1.10342049359324E+04
 1.98558333300000E+03, -2.13254591254537E+00, -2.46500000000000E+00, -1.42897067560419E+01,  2.28070000000006E+02,  3.49384967274897E+03,  1.14493831623770E+04
 1.98566666700000E+03, -2.70762902720614E+00, -2.61000000000000E+00, -1.70939298035358E+01,  2.28250000000006E+02,  3.59370055416958E+03,  1.18458099627727E+04
 1.98575000000000E+03, -2.90970274190393E+00, -2.64000000000000E+00, -1.70662983403887E+01,  2.28430000000006E+02,  3.58306682709564E+03,  9.67312248178667E+03
 1.98583333300000E+03, -2.77420799170533E+00, -2.99000000000000E+00, -1.70386572654869E+01,  2.28610000000006E+02,  4.47368112838293E+03,  8.63897131115582E+03
 1.98591666700000E+03, -2.59518757528134E+00, -3.34000000000000E+00, -1.70110089875377E+01,  2.28790000000006E+02,  3.11209491291404E+03,  4.26468113075019E+03
 1.98600000000000E+03, -2.30027540436077E+00, -3.30500000000000E+00, -1.69833559373146E+01,  2.28970000000006E+02,  3.11260278377305E+03,  3.62488958374803E+03
 1.98608333300000E+03, -1.89075252746332E+00, -3.02500000000000E+00, -1.69557005673450E+01,  2.29150000000006E+02,  3.65171074687133E+03,  5.47517824569920E+03
 1.98616666700000E+03, -1.46584621747790E+00, -3.02500000000000E+00, -1.69280453515932E+01,  2.29330000000006E+02,  3.63040326641174E+03,  6.59709783991552E+03
 1.98625000000000E+03, -1.15664568541373E+00, -2.99000000000000E+00, -1.69003927851401E+01,  2.29510000000006E+02,  2.42121314233600E+03,  6.14668659561714E+03
 1.98633333300000E+03, -1.02881407874386E+00, -2.67000000000000E+00, -1.68727453838596E+01,  2.29690000000006E+02,  2.14109050197941E+03,  5.70270768990934E+03
 1.98641666700000E+03, -1.04420196680093E+00, -2.56000000000000E+00, -1.68451056840909E+01,  2.29870000000006E+02,  2.71395656006244E+03,  6.89992963116917E+03
 1.98650000000000E+03, -1.11413239829040E+00, -2.64000000000000E+00, -1.68174762423077E+01,  2.30050000000006E+02,  2.93208875916498E+03,  5.80927392368111E+03
 1.98658333300000E+03, -1.27378902587437E+00, -2.59750000000000E+00, -1.67898596347833E+01,  2.30230000000006E+02,  2.64183586096207E+03,  5.09046182122869E+03
 1.98666666700000E+03, -1.38379651119345E+00, -2.64000000000000E+00, -2.45504595760654E+01,  2.30410000000006E+02,  2.38343367789631E+03,  3.95810489674079E+03
 1.98675000000000E+03, -1.21883641983093E+00, -3.20000000000000E+00, -2.45908955480933E+01,  2.30590000000006E+02,  2.71316068933029E+03,  7.25077495472901E+03
 1.98683333300000E+03, -1.06711141470396E+00, -3.77750000000000E+00, -2.46310067597512E+01,  2.30770000000006E+02,  2.26997013337237E+03,  7.28167893932633E+03
 1.98691666700000E+03, -1.14900187017641E+00, -3.61000000000000E+00, -2.46707900562417E+01,  2.30950000000006E+02,  1.51205117543692E+03,  6.62762984487488E+03
 1.98700000000000E+03, -1.28020132776728E+00, -2.92500000000000E+00, -2.47102423152894E+01,  2.31130000000006E+02,  1.65034849942307E+03,  6.55981026545024E+03
 1.98708333300000E+03, -1.28296537311543E+00, -1.92750000000000E+00, -2.47493604474652E+01,  2.31310000000006E+02,  3.99453623702688E+03,  1.00255453825933E+04
 1.98716666700000E+03, -1.10091576003595E+00, -6.97500000000000E-01, -2.47881413965071E+01,  2.31490000000006E+02,  4.70163217459972E+03,  7.13928494067584E+03
 1.98725000000000E+03, -8.04513359655067E-01,  1.70000000000000E-01, -2.48265821396357E+01,  2.31670000000006E+02,  5.06965844588937E+03,  6.43683864777772E+03
 1.98733333300000E+03, -5.11796271783766E-01,  8.52500000000000E-01, -2.48646796878675E+01,  2.31850000000006E+02,  5.11040257278397E+03,  7.24302783371061E+03
 1.98741666700000E+03, -3.10960915001893E-01,  1.81500000000000E+00, -2.49024310863218E+01,  2.32030000000006E+02,  5.83596324974009E+03,  8.98242989782874E+03
 1.98750000000000E+03, -2.43163339576491E-01,  2.53750000000000E+00, -2.49398334145249E+01,  2.32210000000006E+02,  3.63912893002895E+03,  6.53711383740619E+03
 1.98758333300000E+03, -2.25908555274409E-01,  2.51500000000000E+00, -2.49768837867097E+01,  2.32390000000006E+02,  3.34430233290819E+03,  6.40028467587767E+03
 1.98766666700000E+03, -2.02618360342718E-01,  1.71750000000000E+00, -2.04262574158184E+01,  2.32570000000006E+02,  3.26122175861578E+03,  6.31008211107668E+03
 1.98775000000000E+03, -3.53480646386539E-01,  4.75000000000000E-01, -2.03878306683797E+01,  2.32750000000006E+02,  5.01917418454581E+03,  6.75374263603270E+03
 1.98783333300000E+03, -7.68513467113723E-01, -1.95000000000000E-01, -2.03495243103287E+01,  2.32930000000006E+02,  5.53432725198999E+03,  5.71831657162330E+03
 1.98791666700000E+03, -1.25184857148393E+00, -1.35000000000000E-01, -2.03113402825170E+01,  2.33110000000006E+02,  6.27112793337606E+03,  7.98327077350660E+03
 1.98800000000000E+03, -1.53579096558414E+00, -4.62500000000000E-01, -2.02732804951050E+01,  2.33290000000006E+02,  5.90766809513329E+03,  1.01459176271416E+04
 1.98808333300000E+03, -1.47012877604171E+00, -7.82500000000000E-01, -2.02353468273972E+01,  2.33470000000006E+02,  5.32879472243577E+03,  9.93577721714297E+03
 1.98816666700000E+03, -1.11094931181291E+00, -2.90000000000000E-01, -2.01975411276812E+01,  2.33650000000006E+02,  4.25140530658623E+03,  8.14575271563222E+03
 1.98825000000000E+03, -6.60973675054238E-01,  4.92500000000000E-01, -2.01598652130721E+01,  2.33830000000006E+02,  3.17471523707199E+03,  8.02499423767912E+03
 1.98833333300000E+03, -3.22551140270243E-01,  1.14250000000000E+00, -2.01223208693610E+01,  2.34010000000006E+02,  2.21709158006645E+03,  4.84937420794695E+03
 1.98841666700000E+03, -1.84178564418510E-01,  1.35250000000000E+00, -2.00849098508688E+01,  2.34190000000006E+02,  3.68039006552444E+03,  3.62653810386018E+03
 1.98850000000000E+03, -2.14287151054864E-01,  8.45000000000000E-01, -2.00476338803041E+01,  2.34370000000006E+02,  5.02643223662533E+03,  5.17960516221568E+03
 1.98858333300000E+03, -4.85888288843293E-01, -1.02500000000000E-01, -2.00104946486267E+01,  2.34550000000006E+02,  4.19685543304118E+03,  5.41042009032642E+03
 1.98866666700000E+03, -9.43569128464395E-01, -1.02250000000000E+00, -6.80164802873167E+00,  2.34730000000006E+02,  4.21464821974764E+03,  5.82332559460364E+03
 1.98875000000000E+03, -1.30358656398398E+00, -1.56000000000000E+00, -6.78596037601964E+00,  2.34910000000006E+02,  4.18009367422880E+03,  5.48498939289271E+03
 1.98883333300000E+03, -1.59339751093977E+00, -1.67250000000000E+00, -6.77034304431112E+00,  2.35090000000006E+02,  3.36083804766032E+03,  4.38244446577829E+03
 1.98891666700000E+03, -1.85950472121245E+00, -1.84000000000000E+00, -6.75479425392407E+00,  2.35270000000006E+02,  2.23794975824296E+03,  4.69166272159546E+03
 1.98900000000000E+03, -1.93096674441876E+00, -2.00750000000000E+00, -6.73931221902911E+00,  2.35450000000006E+02,  2.60084356989619E+03,  4.67767864799957E+03
 1.98908333300000E+03, -1.73718009410315E+00, -2.07000000000000E+00, -6.72389514797810E+00,  2.35630000000006E+02,  2.49434832916389E+03,  3.45545644424800E+03
 1.98916666700000E+03, -1.35349493619256E+00, -2.48250000000000E+00, -6.70854124363321E+00,  2.35810000000006E+02,  2.41367538300589E+03,  4.14112190573341E+03
 1.98925000000000E+03, -9.33317964318572E-01, -2.55000000000000E+00, -6.69324870369670E+00,  2.35990000000006E+02,  1.35441063483586E+03,  4.00142084789680E+03
 1.98933333300000E+03, -5.91121284131429E-01, -1.33500000000000E+00, -6.67801572104107E+00,  2.36170000000006E+02,  1.39537572989819E+03,  2.03062675981126E+03
 1.98941666700000E+03, -3.39333326777552E-01,  4.25000000000000E-01, -6.66284048403978E+00,  2.36350000000006E+02,  1.22701499057427E+03,  1.75564535623269E+03
 1.98950000000000E+03, -1.24831605940570E-01,  1.29000000000000E+00, -6.64772117689835E+00,  2.36530000000006E+02,  9.02746536194560E+02,  2.06380728705484E+03
 1.98958333300000E+03, -2.15112293509223E-01,  6.65000000000000E-01, -6.63265597998590E+00,  2.36710000000006E+02,  2.61179675138632E+03,  4.16561045849478E+03
 1.98966666700000E+03, -6.62836611173391E-01, -6.05000000000000E-01, -4.77552646699542E+00,  2.36890000000006E+02,  2.69000694087221E+03,  4.73191503397868E+03
 1.98975000000000E+03, -9.55993221251407E-01, -1.33250000000000E+00, -4.77148854930889E+00,  2.37070000000006E+02,  2.40182770803178E+03,  4.98216031165104E+03
 1.98983333300000E+03, -1.09608656418681E+00, -1.54500000000000E+00, -4.76778357259368E+00,  2.37250000000006E+02,  2.83001816766269E+03,  6.16222344947071E+03
 1.98991666700000E+03, -1.28214863584525E+00, -1.99500000000000E+00, -4.76441322052922E+00,  2.37430000000006E+02,  3.12210519479617E+03,  6.06618152569006E+03
 1.99000000000000E+03, -1.38688910895352E+00, -2.39000000000000E+00, -4.76137914936175E+00,  2.37610000000006E+02,  1.79535975652193E+03,  3.80837832523776E+03
 1.99008333300000E+03, -1.34303365968914E+00, -2.10750000000000E+00, -4.75868298763348E+00,  2.37790000000007E+02,  2.99957081875245E+03,  5.19288401360000E+03
 1.99016666700000E+03, -1.18464833877013E+00, -1.69500000000000E+00, -4.75632633591496E+00,  2.37970000000007E+02,  3.51908486363487E+03,  7.88877941237544E+03
 1.99025000000000E+03, -9.97369501488472E-01, -1.28500000000000E+00, -4.75431076654051E+00,  2.38150000000007E+02,  3.62952945045662E+03,  7.37582168310589E+03
 1.99033333300000E+03, -8.32253810152677E-01, -8.32500000000000E-01, -4.75263782334694E+00,  2.38330000000007E+02,  3.63735558721613E+03,  6.86944006858733E+03
 1.99041666700000E+03, -6.70352161167814E-01, -5.90000000000000E-01, -4.75130902141535E+00,  2.38510000000007E+02,  4.84541737580543E+03,  7.85835329943248E+03
 1.99050000000000E+03, -4.70075835264486E-01, -2.27500000000000E-01, -4.75032584681631E+00,  2.38690000000007E+02,  6.13103296728319E+03,  8.57365208702755E+03
 1.99058333300000E+03, -4.31739070015859E-01,  4.67500000000000E-01, -4.74968975635827E+00,  2.38870000000007E+02,  6.79084003047408E+03,  7.81613498712714E+03
 1.99066666700000E+03, -6.44998097307663E-01,  1.04000000000000E+00, -1.66187736606340E+01,  2.39050000000007E+02,  6.91560086313294E+03,  7.80468606937479E+03
 1.99075000000000E+03, -8.35614325901705E-01,  6.87500000000000E-01, -1.66362027413667E+01,  2.39230000000007E+02,  6.69870274224702E+03,  8.46105829688415E+03
 1.99083333300000E+03, -1.01878457132246E+00, -1.87500000000000E-01, -1.66532140158189E+01,  2.39410000000007E+02,  5.73851024581379E+03,  6.85903889371099E+03
 1.99091666700000E+03, -1.28304024603751E+00, -9.12500000000000E-01, -1.66698066464928E+01,  2.39590000000007E+02,  4.08485726839584E+03,  5.76506526433930E+03
 1.99100000000000E+03, -1.48680370007679E+00, -1.46750000000000E+00, -1.66859798343076E+01,  2.39770000000007E+02,  3.61707887606748E+03,  5.78752332062062E+03
 1.99108333300000E+03, -1.54897982936968E+00, -1.35500000000000E+00, -1.67017328186392E+01,  2.39950000000007E+02,  2.77301881828031E+03,  5.74524972726182E+03
 1.99116666700000E+03, -1.49153964341495E+00, -1.08000000000000E+00, -1.67170648773548E+01,  2.40130000000007E+02,  2.62117168682020E+03,  5.37352581184805E+03
 1.99125000000000E+03, -1.39058588149178E+00, -1.33250000000000E+00, -1.67319753268435E+01,  2.40310000000007E+02,  2.68168407994020E+03,  7.01005923807303E+03
 1.99133333300000E+03, -1.29063111158857E+00, -1.53750000000000E+00, -1.67464635220427E+01,  2.40490000000007E+02,  2.68905230599749E+03,  6.89307718918627E+03
 1.99141666700000E+03, -1.16924871976907E+00, -1.41500000000000E+00, -1.67605288564592E+01,  2.40670000000007E+02,  1.94222027084164E+03,  4.29429869840235E+03
 1.99150000000000E+03, -9.84242768952350E-01, -1.25000000000000E+00, -1.67741707621866E+01,  2.40850000000007E+02,  3.08146193655402E+03,  9.23488941302999E+03
 1.99158333300000E+03, -7.50389944316074E-01, -1.02500000000000E+00, -1.67873887099182E+01,  2.41030000000007E+02,  3.71623068293723E+03,  9.93816293915375E+03
 1.99166666700000E+03, -5.93363653638320E-01, -1.23250000000000E+00, -1.69277910695504E+01,  2.41210000000007E+02,  4.55365847347278E+03,  1.16428308487826E+04
 1.99175000000000E+03, -6.49986962681903E-01, -2.17500000000000E+00, -1.69346080379753E+01,  2.41390000000007E+02,  6.46308287150992E+03,  1.17406140161705E+04
 1.99183333300000E+03, -9.06589973193507E-01, -2.61500000000000E+00, -1.69409978233011E+01,  2.41570000000007E+02,  7.43222419347031E+03,  1.25179422860487E+04
 1.99191666700000E+03, -1.23614751184936E+00, -2.32000000000000E+00, -1.69469605504533E+01,  2.41750000000007E+02,  6.87405079226282E+03,  7.89823102713498E+03
 1.99200000000000E+03, -1.50180982689884E+00, -1.84750000000000E+00, -1.69524963824295E+01,  2.41930000000007E+02,  6.56917993714484E+03,  7.20597078967294E+03
 1.99208333300000E+03, -1.62658220016178E+00, -1.30500000000000E+00, -1.69576055202276E+01,  2.42110000000007E+02,  5.49690161033788E+03,  6.35553462416554E+03
 1.99216666700000E+03, -1.63540605584403E+00, -1.28500000000000E+00, -1.69622882027714E+01,  2.42290000000007E+02,  3.43930563476140E+03,  6.16576979013250E+03
 1.99225000000000E+03, -1.60597127269987E+00, -1.83500000000000E+00, -1.69665447068305E+01,  2.42470000000007E+02,  3.97508969709049E+03,  1.07066127790771E+04
 1.99233333300000E+03, -1.58296463821782E+00, -2.07500000000000E+00, -1.69703753469362E+01,  2.42650000000007E+02,  3.36513714645163E+03,  1.21207627381333E+04
 1.99241666700000E+03, -1.54286715602633E+00, -1.98250000000000E+00, -1.69737804752940E+01,  2.42830000000007E+02,  6.70254703186682E+03,  2.00912926958405E+04
 1.99250000000000E+03, -1.44138849334018E+00, -2.55000000000000E+00, -1.69767604816907E+01,  2.43010000000007E+02,  7.16641973263110E+03,  1.84110373854393E+04
 1.99258333300000E+03, -1.35265028638040E+00, -3.50000000000000E+00, -1.69793157933976E+01,  2.43190000000007E+02,  6.50317758544127E+03,  1.74441107482366E+04
 1.99266666700000E+03, -1.34234391506782E+00, -3.67500000000000E+00, -9.66501832775652E+00,  2.43370000000007E+02,  5.10659803854302E+03,  1.34274076788831E+04
 1.99275000000000E+03, -1.33669654237819E+00, -3.38750000000000E+00, -9.62887135173613E+00,  2.43550000000007E+02,  5.96580254723112E+03,  1.16416831009387E+04
 1.99283333300000E+03, -1.35728107221854E+00, -3.26250000000000E+00, -9.59258491926636E+00,  2.43730000000007E+02,  3.47626528318151E+03,  9.01785142253370E+03
 1.99291666700000E+03, -1.46625069367352E+00, -2.99000000000000E+00, -9.55616208717747E+00,  2.43910000000007E+02,  2.88000904065538E+03,  9.69718089632388E+03
 1.99300000000000E+03, -1.63425078008503E+00, -2.51000000000000E+00, -9.51960591240873E+00,  2.44090000000007E+02,  2.94922932909503E+03,  1.03247393093720E+04
 1.99308333300000E+03, -1.82962604182547E+00, -2.27500000000000E+00, -9.48291945165979E+00,  2.44270000000007E+02,  3.00794472488372E+03,  9.69906281554763E+03
 1.99316666700000E+03, -2.03746735237523E+00, -2.25250000000000E+00, -9.44610576104252E+00,  2.44450000000007E+02,  3.03582043297255E+03,  1.11331883682674E+04
 1.99325000000000E+03, -2.22861642589313E+00, -2.02000000000000E+00, -9.40916789573367E+00,  2.44630000000007E+02,  2.15024041294031E+03,  7.66092645111639E+03
 1.99333333300000E+03, -2.32567517018682E+00, -1.84000000000000E+00, -9.37210890962803E+00,  2.44810000000007E+02,  2.35018536563548E+03,  8.36198113186793E+03
 1.99341666700000E+03, -2.22822222504034E+00, -2.14250000000000E+00, -9.33493185499238E+00,  2.44990000000007E+02,  2.14456091599354E+03,  7.47786519006572E+03
 1.99350000000000E+03, -1.89907679353657E+00, -2.54250000000000E+00, -9.29763978212019E+00,  2.45170000000007E+02,  2.68714588899794E+03,  1.16151913670253E+04
 1.99358333300000E+03, -1.72939990067267E+00, -2.38000000000000E+00, -9.26023573898707E+00,  2.45350000000007E+02,  3.83833272977209E+03,  1.30364811230875E+04
 1.99366666700000E+03, -1.99812411115483E+00, -2.13750000000000E+00, -7.58300182257601E+00,  2.45530000000007E+02,  3.54104892869028E+03,  1.13442903644336E+04
 1.99375000000000E+03, -2.34759825516215E+00, -2.56000000000000E+00, -7.63298273713450E+00,  2.45710000000007E+02,  4.87327723020402E+03,  1.41155464180009E+04
 1.99383333300000E+03, -2.63468728646588E+00, -3.07000000000000E+00, -7.68285346589679E+00,  2.45890000000007E+02,  5.86836655624148E+03,  1.48487891839435E+04
 1.99391666700000E+03, -2.80387994658766E+00, -3.14000000000000E+00, -7.73261025879536E+00,  2.46070000000007E+02,  5.33673571824984E+03,  1.09927288051881E+04
 1.99400000000000E+03, -2.61066657648120E+00, -3.12500000000000E+00, -7.78224937462461E+00,  2.46250000000007E+02,  6.40048018919716E+03,  1.53980194014818E+04
 1.99408333300000E+03, -2.07111178655783E+00, -3.12250000000000E+00, -7.83176708141332E+00,  2.46430000000007E+02,  6.86159926242805E+03,  1.68399340222228E+04
 1.99416666700000E+03, -1.46091282517161E+00, -2.80750000000000E+00, -7.88115965679609E+00,  2.46610000000007E+02,  5.45643132997080E+03,  1.41334917334344E+04
 1.99425000000000E+03, -1.07724947905040E+00, -2.35500000000000E+00, -7.93042338838379E+00,  2.46790000000007E+02,  5.48870275934324E+03,  1.47981395574618E+04
 1.99433333300000E+03, -9.82974350936750E-01, -2.23000000000000E+00, -7.97955457413286E+00,  2.46970000000007E+02,  5.79942823279092E+03,  1.39111705285347E+04
 1.99441666700000E+03, -9.69936570037241E-01, -2.34500000000000E+00, -8.02854952271350E+00,  2.47150000000007E+02,  2.82564564312812E+03,  6.27333319397273E+03
 1.99450000000000E+03, -7.77092789565525E-01, -2.44000000000000E+00, -8.07740455387662E+00,  2.47330000000007E+02,  2.54447655353108E+03,  5.16633906273145E+03
 1.99458333300000E+03, -6.34398561849298E-01, -2.27750000000000E+00, -8.12611599881966E+00,  2.47510000000007E+02,  2.12640989262922E+03,  3.67858085693202E+03
 1.99466666700000E+03, -7.60161716548378E-01, -1.64000000000000E+00, -2.56612221368152E+00,  2.47690000000007E+02,  1.20907098500664E+03,  2.31436835999761E+03
 1.99475000000000E+03, -8.22145854007467E-01, -8.70000000000000E-01, -2.54737683414090E+00,  2.47870000000007E+02,  1.23374796040784E+03,  3.63540590886801E+03
 1.99483333300000E+03, -7.95958487590663E-01, -6.17500000000000E-01, -2.52875215827587E+00,  2.48050000000007E+02,  1.10446164581850E+03,  4.09920912238656E+03
 1.99491666700000E+03, -7.57438941699223E-01, -8.02500000000000E-01, -2.51024686643332E+00,  2.48230000000007E+02,  1.09444393067550E+03,  3.28715477028850E+03
 1.99500000000000E+03, -5.22365160719748E-01, -7.82500000000000E-01, -2.49185962340188E+00,  2.48410000000007E+02,  1.69544010232913E+03,  2.66583717456057E+03
 1.99508333300000E+03, -6.72020993991718E-02, -4.57500000000000E-01, -2.47358907867217E+00,  2.48590000000007E+02,  1.78481518994125E+03,  2.58609217994896E+03
 1.99516666700000E+03,  4.45653383371946E-01,  2.75000000000000E-02, -2.45543386669898E+00,  2.48770000000007E+02,  1.70105026401275E+03,  4.25986075344218E+03
 1.99525000000000E+03,  8.08441635247239E-01,  9.52500000000000E-01, -2.43739260716524E+00,  2.48950000000007E+02,  3.84899426579758E+03,  6.45059785225183E+03
 1.99533333300000E+03,  9.42648742941096E-01,  2.31000000000000E+00, -2.41946390524783E+00,  2.49130000000007E+02,  3.80102221459244E+03,  7.52677560230845E+03
 1.99541666700000E+03,  9.46908920673176E-01,  3.13500000000000E+00, -2.40164635188512E+00,  2.49310000000007E+02,  3.89834952025418E+03,  7.81057710615101E+03
 1.99550000000000E+03,  9.78297882653604E-01,  2.78750000000000E+00, -2.38393852404622E+00,  2.49490000000007E+02,  4.84167522048086E+03,  1.02127841316009E+04
 1.99558333300000E+03,  9.41458128688691E-01,  1.68500000000000E+00, -2.36633898500194E+00,  2.49670000000007E+02,  4.46082972614036E+03,  7.75197923926131E+03
 1.99566666700000E+03,  7.66128669767934E-01,  8.32500000000000E-01, -2.36004370640849E-01,  2.49850000000007E+02,  3.22502688556775E+03,  5.98367794924803E+03
 1.99575000000000E+03,  6.45060169161145E-01,  8.12500000000000E-01, -2.51084924536128E-01,  2.50030000000007E+02,  3.60471500249109E+03,  5.40178442987807E+03
 1.99583333300000E+03,  5.26418887518360E-01,  8.45000000000000E-01, -2.66532560420074E-01,  2.50210000000007E+02,  3.20758908688923E+03,  5.36571086455287E+03
 1.99591666700000E+03,  3.28877858069674E-01,  3.52500000000000E-01, -2.82347210294201E-01,  2.50390000000007E+02,  2.44709705384045E+03,  3.92959462588676E+03
 1.99600000000000E+03,  1.84554350553172E-01, -1.75000000000000E-01, -2.98528771644204E-01,  2.50570000000007E+02,  2.95968674810954E+03,  3.57963191383714E+03
 1.99608333300000E+03,  1.69580788451611E-01, -4.80000000000000E-01, -3.15077107379621E-01,  2.50750000000007E+02,  1.99610213609418E+03,  2.91076835226481E+03
 1.99616666700000E+03,  2.61939069969345E-01, -4.97500000000000E-01, -3.31992045777456E-01,  2.50930000000007E+02,  2.57011576964073E+03,  3.84016961312597E+03
 1.99625000000000E+03,  3.89749137403325E-01, -4.12500000000000E-01, -3.49273380429800E-01,  2.51110000000007E+02,  2.34486517468113E+03,  3.52286971511265E+03
 1.99633333300000E+03,  5.15460064577416E-01, -7.62500000000000E-01, -3.66920870195466E-01,  2.51290000000007E+02,  2.63543842973269E+03,  4.46599538137373E+03
 1.99641666700000E+03,  6.69108010241968E-01, -1.19500000000000E+00, -3.84934239155637E-01,  2.51470000000007E+02,  2.44182125686398E+03,  4.31036401180444E+03
 1.99650000000000E+03,  8.98917602530285E-01, -1.00750000000000E+00, -4.03313176573521E-01,  2.51650000000007E+02,  3.03075418350159E+03,  5.33546711173613E+03
 1.99658333300000E+03,  7.31351366416197E-01, -4.62500000000000E-01, -4.22057336858068E-01,  2.51830000000007E+02,  2.73008964972240E+03,  4.01102836194391E+03
 1.99666666700000E+03,  2.99942595786307E-02, -5.45000000000000E-01, -1.21660470443826E+01,  2.52010000000007E+02,  5.37327527748749E+03,  4.98386264174017E+03
 1.99675000000000E+03, -4.30458888462849E-01, -1.31500000000000E+00, -1.21653283886993E+01,  2.52190000000007E+02,  6.48357403144525E+03,  5.66884668695206E+03
 1.99683333300000E+03, -6.27095068181504E-01, -1.77000000000000E+00, -1.21642036462914E+01,  2.52370000000007E+02,  7.26911279170756E+03,  6.79213835306291E+03
 1.99691666700000E+03, -8.86195486242215E-01, -1.59000000000000E+00, -1.21626735677081E+01,  2.52550000000007E+02,  6.99657102227587E+03,  5.66545688510620E+03
 1.99700000000000E+03, -1.07293398725414E+00, -1.08750000000000E+00, -1.21607389374236E+01,  2.52730000000007E+02,  6.82499006983527E+03,  7.52296260493756E+03
 1.99708333300000E+03, -1.11078764059668E+00, -5.47500000000000E-01, -1.21584005737025E+01,  2.52910000000007E+02,  5.30708515747127E+03,  1.17686025160600E+04
 1.99716666700000E+03, -1.02379305130763E+00, -1.97500000000000E-01, -1.21556593284619E+01,  2.53090000000007E+02,  3.66159139027905E+03,  9.92626039023155E+03
 1.99725000000000E+03, -8.87891716535930E-01, -5.00000000000000E-03, -1.21525160871296E+01,  2.53270000000007E+02,  3.27937720810394E+03,  1.00300233305293E+04
 1.99733333300000E+03, -7.45967964424888E-01,  8.25000000000000E-02, -1.21489717684992E+01,  2.53450000000007E+02,  3.44550511661860E+03,  1.38205087418427E+04
 1.99741666700000E+03, -5.73544541311728E-01,  1.37500000000000E-01, -1.21450273245808E+01,  2.53630000000007E+02,  3.35233015892898E+03,  1.43425771062267E+04
 1.99750000000000E+03, -3.27049942000206E-01,  2.07500000000000E-01, -1.21406837404486E+01,  2.53810000000007E+02,  2.30705719013183E+03,  1.05294132792694E+04
 1.99758333300000E+03,  2.82558896948772E-01,  3.47500000000000E-01, -1.21359420340847E+01,  2.53990000000007E+02,  5.00646530481533E+03,  1.52528394875651E+04
 1.99766666700000E+03,  1.13973748603126E+00,  8.07500000000000E-01,  3.10715394916550E+00,  2.54170000000007E+02,  5.73293083806714E+03,  1.53207236062065E+04
 1.99775000000000E+03,  1.52635837102800E+00,  1.00000000000000E+00,  3.13203774876740E+00,  2.54350000000007E+02,  6.75904053041669E+03,  1.19715666069919E+04
 1.99783333300000E+03,  1.47909985104743E+00,  8.07500000000000E-01,  3.15684949347931E+00,  2.54530000000007E+02,  6.23251703228822E+03,  9.63649027748691E+03
 1.99791666700000E+03,  1.43571526779474E+00,  9.55000000000000E-01,  3.18158673577247E+00,  2.54710000000007E+02,  7.95103075313198E+03,  1.17854339881671E+04
 1.99800000000000E+03,  1.52312953017353E+00,  1.55000000000000E+00,  3.20624702054340E+00,  2.54890000000007E+02,  5.20711007589864E+03,  6.70723473268410E+03
 1.99808333300000E+03,  1.79115395418185E+00,  2.43000000000000E+00,  3.23082788541327E+00,  2.55070000000007E+02,  4.09270587141711E+03,  5.94338357490655E+03
 1.99816666700000E+03,  2.17520052180036E+00,  2.91000000000000E+00,  3.25532686102866E+00,  2.55250000000007E+02,  5.09674291123533E+03,  6.79034291605058E+03
 1.99825000000000E+03,  2.55320006979680E+00,  3.06500000000000E+00,  3.27974147136361E+00,  2.55430000000007E+02,  5.13833604405045E+03,  7.13820489229233E+03
 1.99833333300000E+03,  2.84025051293339E+00,  3.71500000000000E+00,  3.30406923402300E+00,  2.55610000000007E+02,  3.42443838739753E+03,  4.26129934942178E+03
 1.99841666700000E+03,  3.03188812403117E+00,  4.47000000000000E+00,  3.32830766054714E+00,  2.55790000000007E+02,  3.91552814663789E+03,  4.19377593127774E+03
 1.99850000000000E+03,  3.16213520707471E+00,  4.78750000000000E+00,  3.35245425671757E+00,  2.55970000000007E+02,  3.90844851043542E+03,  3.69615295483158E+03
 1.99858333300000E+03,  2.89976013503411E+00,  4.65750000000000E+00,  3.37650652286410E+00,  2.56150000000007E+02,  2.16415384884850E+03,  2.92357492850960E+03
 1.99866666700000E+03,  2.29369980242099E+00,  4.14250000000000E+00, -5.58148516505599E+00,  2.56330000000007E+02,  2.25852618695267E+03,  4.28362035104128E+03
 1.99875000000000E+03,  2.03495553924057E+00,  3.57500000000000E+00, -5.61330360957064E+00,  2.56510000000007E+02,  2.32368219918581E+03,  3.77905942878768E+03
 1.99883333300000E+03,  1.98407001003909E+00,  3.07750000000000E+00, -5.64491614210229E+00,  2.56690000000007E+02,  3.28751076361180E+03,  3.60500615396553E+03
 1.99891666700000E+03,  1.76625591574650E+00,  2.15500000000000E+00, -5.67631994395144E+00,  2.56870000000007E+02,  3.61240939863534E+03,  3.75660945753587E+03
 1.99900000000000E+03,  1.51362802083680E+00,  9.37500000000000E-01, -5.70751220549712E+00,  2.57050000000007E+02,  2.86467563389803E+03,  3.17825682770831E+03
 1.99908333300000E+03,  1.33633760711996E+00,  4.30000000000000E-01, -5.73849012652176E+00,  2.57230000000007E+02,  3.15034958111234E+03,  2.86277490565212E+03
 1.99916666700000E+03,  1.26558160835857E+00,  4.60000000000000E-01, -5.76925091653535E+00,  2.57410000000007E+02,  3.63517564906635E+03,  4.27398579156506E+03
 1.99925000000000E+03,  1.28019217828835E+00,  6.77500000000000E-01, -5.79979179509888E+00,  2.57590000000007E+02,  2.30329888460141E+03,  4.33332059971924E+03
 1.99933333300000E+03,  1.37094678014200E+00,  1.23000000000000E+00, -5.83010999214699E+00,  2.57770000000007E+02,  2.36103721570034E+03,  6.36850808622396E+03
 1.99941666700000E+03,  1.56321815565697E+00,  1.64000000000000E+00, -5.86020274830991E+00,  2.57950000000007E+02,  2.30759240354068E+03,  7.16577316203082E+03
 1.99950000000000E+03,  1.86983663985566E+00,  2.04750000000000E+00, -5.89006731523445E+00,  2.58130000000007E+02,  2.34536260126819E+03,  5.74698400138227E+03
 1.99958333300000E+03,  1.91924458177441E+00,  2.33250000000000E+00, -5.91970095590422E+00,  2.58310000000007E+02,  3.60233148788692E+03,  8.44651588230158E+03
 1.99966666700000E+03,  1.55194589119288E+00,  1.57500000000000E+00, -2.32040099784894E+00,  2.58490000000007E+02,  4.52578067405654E+03,  1.00731453689452E+04
 1.99975000000000E+03,  1.25281241122086E+00,  2.65000000000000E-01, -2.30318319626774E+00,  2.58670000000007E+02,  5.35194253468264E+03,  1.01485425768873E+04
 1.99983333300000E+03,  1.04782812217947E+00, -3.25000000000000E-01, -2.28606684708732E+00,  2.58850000000007E+02,  5.80671113013356E+03,  1.14941048220409E+04
 1.99991666700000E+03,  7.46930771177695E-01, -4.17500000000000E-01, -2.26905044148103E+00,  2.59030000000007E+02,  6.20820240199710E+03,  1.38987458048159E+04
 2.00000000000000E+03,  4.79236051356928E-01, -6.37500000000000E-01, -2.25213245876294E+00,  2.59210000000007E+02,  6.09604479668700E+03,  1.24319125382929E+04
 2.00008333300000E+03,  3.31806736511403E-01, -3.00000000000000E-01, -2.23531136667043E+00,  2.59390000000007E+02,  5.48981057632838E+03,  1.27838867920376E+04
 2.00016666700000E+03,  3.01024836293184E-01,  3.70000000000000E-01, -2.21858562164828E+00,  2.59570000000007E+02,  5.70589824821945E+03,  1.24060270247423E+04
 2.00025000000000E+03,  3.31194419698336E-01,  5.72500000000000E-01, -2.20195366913387E+00,  2.59750000000007E+02,  5.71161107477005E+03,  1.34199161296558E+04
 2.00033333300000E+03,  3.89960484884529E-01,  4.25000000000000E-01, -2.18541394384389E+00,  2.59930000000007E+02,  4.92656290423803E+03,  1.08773066057434E+04
 2.00041666700000E+03,  4.97271216042872E-01,  1.92500000000000E-01, -2.16896487006218E+00,  2.60110000000007E+02,  4.12054228625063E+03,  8.91444534557794E+03
 2.00050000000000E+03,  6.77880061724372E-01,  4.12500000000000E-01, -2.15260486192876E+00,  2.60290000000007E+02,  4.23760316319943E+03,  7.94480134117350E+03
 2.00058333300000E+03,  4.10399381870822E-01,  7.90000000000000E-01, -2.13633232373017E+00,  2.60470000000007E+02,  2.62802189718690E+03,  6.22784447035987E+03
 2.00066666700000E+03, -2.85273405491953E-01,  5.07500000000000E-01, -7.41504553700780E+00,  2.60650000000007E+02,  2.62414042453337E+03,  4.18860110917595E+03
 2.00075000000000E+03, -3.85264179195593E-01, -2.37500000000000E-01, -7.37573357356592E+00,  2.60830000000007E+02,  3.85388421133183E+03,  6.24918865849535E+03
 2.00083333300000E+03, -1.06290523527133E-02, -8.42500000000000E-01, -7.33645031705207E+00,  2.61010000000007E+02,  3.55346759120712E+03,  5.85256275629830E+03
 2.00091666700000E+03,  2.21869770230251E-01, -1.24500000000000E+00, -7.29719828229164E+00,  2.61190000000007E+02,  3.48953094982071E+03,  6.79150349247369E+03
 2.00100000000000E+03,  3.08875365990230E-01, -1.18000000000000E+00, -7.25797996608991E+00,  2.61370000000007E+02,  3.33823228932041E+03,  7.22622268471553E+03
 2.00108333300000E+03,  2.83184115315382E-01, -5.77500000000000E-01, -7.21879784698245E+00,  2.61550000000007E+02,  4.19144004220426E+03,  7.72743989034438E+03
 2.00116666700000E+03,  1.84883073836377E-01, -1.87500000000000E-01, -7.17965438498829E+00,  2.61730000000007E+02,  5.23150949768175E+03,  8.94558277831239E+03
 2.00125000000000E+03,  6.56986604207999E-02, -2.07500000000000E-01, -7.14055202136577E+00,  2.61910000000007E+02,  4.59601395433642E+03,  8.76194467488152E+03
 2.00133333300000E+03, -1.97021276001250E-03,  2.60000000000000E-01, -7.10149317837120E+00,  2.62090000000007E+02,  4.74002311987342E+03,  6.77943802184101E+03
 2.00141666700000E+03,  4.48398497972345E-02,  1.14500000000000E+00, -7.06248025902034E+00,  2.62270000000007E+02,  6.88788539816142E+03,  9.86229242370564E+03
 2.00150000000000E+03,  1.94390180749851E-01,  1.45250000000000E+00, -7.02351564685259E+00,  2.62450000000007E+02,  5.64520969561519E+03,  8.14858131585426E+03
 2.00158333300000E+03,  4.14512442942151E-01,  1.77750000000000E+00, -6.98460170569820E+00,  2.62630000000007E+02,  3.38810755155946E+03,  5.45337805269792E+03
 2.00166666700000E+03,  7.32706830355701E-01,  2.34000000000000E+00,  2.52329309514850E+00,  2.62810000000007E+02,  3.34617222421974E+03,  5.63921790030758E+03
 2.00175000000000E+03,  1.11641626678663E+00,  2.20000000000000E+00,  2.48413901054385E+00,  2.62990000000007E+02,  2.68833553359441E+03,  5.37267279007694E+03
 2.00183333300000E+03,  1.42349647987466E+00,  1.78000000000000E+00,  2.44472379666590E+00,  2.63170000000007E+02,  6.75891462302641E+02,  1.86174197005965E+03
 2.00191666700000E+03,  1.52144737898464E+00,  1.74750000000000E+00,  2.40504985513808E+00,  2.63350000000007E+02,  1.34685649143130E+03,  3.45417609501629E+03
 2.00200000000000E+03,  1.35183888297107E+00,  1.69000000000000E+00,  2.36511961402951E+00,  2.63530000000007E+02,  1.24508619291655E+03,  2.83038496015327E+03
 2.00208333300000E+03,  9.31800832549229E-01,  1.47750000000000E+00,  2.32493552764636E+00,  2.63710000000007E+02,  1.51214558447256E+03,  2.85194114599866E+03
 2.00216666700000E+03,  3.48809062865603E-01,  1.04000000000000E+00,  2.28450007632007E+00,  2.63890000000007E+02,  2.07925126928678E+03,  4.01613668052007E+03
 2.00225000000000E+03, -2.47396271262716E-01,  2.12500000000000E-01,  2.24381576619268E+00,  2.64070000000007E+02,  1.97815684301709E+03,  4.34036762981857E+03
 2.00233333300000E+03, -6.80989017643558E-01, -6.30000000000000E-01,  2.20288512899909E+00,  2.64250000000008E+02,  1.82872314820343E+03,  3.94962357511945E+03
 2.00241666700000E+03, -8.32374080635938E-01, -1.03250000000000E+00,  2.16171072184646E+00,  2.64430000000008E+02,  2.99812230982645E+03,  6.51651215201231E+03
 2.00250000000000E+03, -7.29188528911434E-01, -5.17500000000000E-01,  2.12029512699068E+00,  2.64610000000008E+02,  3.94425335904913E+03,  9.78268298395483E+03
 2.00258333300000E+03,  4.58137421848168E-02,  4.02500000000000E-01,  2.07864095160987E+00,  2.64790000000008E+02,  5.94486345777794E+03,  1.05115858611258E+04
 2.00266666700000E+03,  1.34128092334818E+00,  7.77500000000000E-01,  3.83720766070300E+00,  2.64970000000008E+02,  8.24718123928847E+03,  1.42612886450577E+04
 2.00275000000000E+03,  1.94313301842781E+00,  6.40000000000000E-01,  3.82252499476339E+00,  2.65150000000008E+02,  8.14761074406249E+03,  1.35358035935160E+04
 2.00283333300000E+03,  1.85202944162180E+00,  2.22500000000000E-01,  3.80788661574824E+00,  2.65330000000008E+02,  7.09322970310645E+03,  1.30737738903035E+04
 2.00291666700000E+03,  1.68569041274626E+00,  3.25000000000000E-02,  3.79329110521324E+00,  2.65510000000008E+02,  5.86735186506281E+03,  9.48676393539053E+03
 2.00300000000000E+03,  1.51316495734484E+00,  6.75000000000000E-02,  3.77873703169826E+00,  2.65690000000008E+02,  3.83934052109101E+03,  7.84633854687391E+03
 2.00308333300000E+03,  1.38356145173262E+00,  1.80000000000000E-01,  3.76422295098546E+00,  2.65870000000008E+02,  2.24916937164214E+03,  5.14417828292234E+03
 2.00316666700000E+03,  1.29889703025674E+00,  5.65000000000000E-01,  3.74974740635914E+00,  2.66050000000008E+02,  1.82797242545954E+03,  5.08780324526261E+03
 2.00325000000000E+03,  1.24728455232836E+00,  8.92500000000000E-01,  3.73530892886735E+00,  2.66230000000008E+02,  2.67850576334228E+03,  5.09301933371803E+03
 2.00333333300000E+03,  1.24971804376704E+00,  1.30500000000000E+00,  3.72090603758513E+00,  2.66410000000008E+02,  4.33190565043323E+03,  9.82061663211311E+03
 2.00341666700000E+03,  1.35585132430979E+00,  1.93250000000000E+00,  3.70653723987943E+00,  2.66590000000008E+02,  3.86387588245757E+03,  1.07444690537452E+04
 2.00350000000000E+03,  1.58092161987204E+00,  2.77000000000000E+00,  3.69220103167569E+00,  2.66770000000008E+02,  3.33565212669949E+03,  9.41186967973917E+03
 2.00358333300000E+03,  1.56293095739604E+00,  3.73250000000000E+00,  3.67789589772586E+00,  2.66950000000008E+02,  3.31749787139981E+03,  9.80882930654208E+03
 2.00366666700000E+03,  1.16421827492298E+00,  4.19750000000000E+00,  4.77564922470533E+00,  2.67130000000008E+02,  2.52026737576466E+03,  8.09855528924138E+03
 2.00375000000000E+03,  8.71607570830480E-01,  3.65500000000000E+00,  4.76660597095968E+00,  2.67310000000008E+02,  7.94461213728502E+02,  3.39786533549192E+03
 2.00383333300000E+03,  7.17738013250499E-01,  2.58000000000000E+00,  4.75721085661302E+00,  2.67490000000008E+02,  1.53430361909735E+03,  3.08085650389058E+03
 2.00391666700000E+03,  5.29565968555704E-01,  2.04250000000000E+00,  4.74746342810404E+00,  2.67670000000008E+02,  2.30317095466470E+03,  5.14851241932792E+03
 2.00400000000000E+03,  4.35890660429872E-01,  1.97250000000000E+00,  4.73736326279633E+00,  2.67850000000008E+02,  2.86214963886546E+03,  4.14513852265720E+03
 2.00408333300000E+03,  5.04831966514806E-01,  1.80250000000000E+00,  4.72690996909181E+00,  2.68030000000008E+02,  3.04037625489356E+03,  3.99818923138300E+03
 2.00416666700000E+03,  7.02252460025072E-01,  1.41750000000000E+00,  4.71610318654064E+00,  2.68210000000008E+02,  3.01266528682576E+03,  4.30344301519290E+03
 2.00425000000000E+03,  9.41320082142217E-01,  7.85000000000000E-01,  4.70494258594777E+00,  2.68390000000008E+02,  2.31061409551248E+03,  3.89885338002402E+03
 2.00433333300000E+03,  1.16853130770660E+00,  5.77500000000000E-01,  4.69342786947591E+00,  2.68570000000008E+02,  1.93567228551342E+03,  1.74863780899071E+03
 2.00441666700000E+03,  1.39912220707161E+00,  1.30500000000000E+00,  4.68155877074520E+00,  2.68750000000008E+02,  3.53259565258375E+03,  3.58649827766266E+03
 2.00450000000000E+03,  1.66982369724980E+00,  2.20750000000000E+00,  4.66933505492925E+00,  2.68930000000008E+02,  3.43783281403158E+03,  3.54258624598112E+03
 2.00458333300000E+03,  1.67545981037922E+00,  2.58750000000000E+00,  4.65675651884775E+00,  2.69110000000008E+02,  3.72088470532645E+03,  5.08802131503446E+03
 2.00466666700000E+03,  1.36643162300851E+00,  2.43500000000000E+00, -1.05571534926846E+00,  2.69290000000008E+02,  4.33532975005654E+03,  7.18668592879692E+03
 2.00475000000000E+03,  1.27722497887406E+00,  2.20000000000000E+00, -1.08430459673511E+00,  2.69470000000008E+02,  3.67061858912713E+03,  6.93572774233809E+03
 2.00483333300000E+03,  1.36610954405896E+00,  2.01250000000000E+00, -1.11323426268794E+00,  2.69650000000008E+02,  2.03294551764393E+03,  7.15031635368452E+03
 2.00491666700000E+03,  1.36454360628767E+00,  1.60000000000000E+00, -1.14250296903184E+00,  2.69830000000008E+02,  1.89432932182607E+03,  7.41937411990513E+03
 2.00500000000000E+03,  1.35563833171629E+00,  1.17000000000000E+00, -1.17210930367824E+00,  2.70010000000008E+02,  2.55083667375708E+03,  5.96954187521800E+03
 2.00508333300000E+03,  1.39395679689711E+00,  1.45000000000000E+00, -1.20205182063709E+00,  2.70190000000008E+02,  2.01048448566053E+03,  4.46244038954360E+03
 2.00516666700000E+03,  1.47069366566303E+00,  2.30000000000000E+00, -1.23232904011307E+00,  2.70370000000008E+02,  3.32465711500910E+03,  5.79874116889623E+03
 2.00525000000000E+03,  1.55687842438672E+00,  2.73500000000000E+00, -1.26293944860553E+00,  2.70550000000008E+02,  3.46324049119557E+03,  5.37569064775203E+03
 2.00533333300000E+03,  1.67061567587167E+00,  2.84250000000000E+00, -1.29388149901261E+00,  2.70730000000008E+02,  3.39313237954301E+03,  5.05762505690037E+03
 2.00541666700000E+03,  1.88673523365624E+00,  3.31500000000000E+00, -1.32515361073909E+00,  2.70910000000008E+02,  3.36819379625658E+03,  5.05799220518863E+03
 2.00550000000000E+03,  2.26568403603973E+00,  3.98250000000000E+00, -1.35675416980835E+00,  2.71090000000008E+02,  3.25913361074760E+03,  4.35066632833848E+03
 2.00558333300000E+03,  2.13833464230453E+00,  4.19500000000000E+00, -1.38868152897819E+00,  2.71270000000008E+02,  2.08631217524444E+03,  4.28112054080806E+03
 2.00566666700000E+03,  1.26246228970484E+00,  3.62000000000000E+00, -5.78394038354436E+00,  2.71450000000008E+02,  1.70305842212337E+03,  4.01950738987085E+03
 2.00575000000000E+03,  7.75537453652033E-01,  2.41750000000000E+00, -5.83536931649277E+00,  2.71630000000008E+02,  2.05773695511440E+03,  4.70340919533441E+03
 2.00583333300000E+03,  9.22642055854677E-01,  1.66500000000000E+00, -5.88682268936318E+00,  2.71810000000008E+02,  2.27323900106130E+03,  6.13126342160753E+03
 2.00591666700000E+03,  1.16399993334390E+00,  1.57000000000000E+00, -5.93829668212538E+00,  2.71990000000008E+02,  2.13132722505229E+03,  6.02554568401618E+03
 2.00600000000000E+03,  1.33960668380112E+00,  1.17750000000000E+00, -5.98978747020475E+00,  2.72170000000008E+02,  2.53466435152214E+03,  4.77090143794552E+03
 2.00608333300000E+03,  1.39160159774413E+00,  6.65000000000000E-01, -6.04129122486228E+00,  2.72350000000008E+02,  2.64682709862150E+03,  4.60893251682061E+03
 2.00616666700000E+03,  1.42636397592287E+00,  8.12500000000000E-01, -6.09280411357511E+00,  2.72530000000008E+02,  3.08399456650320E+03,  3.83644131756277E+03
 2.00625000000000E+03,  1.62155460785568E+00,  1.74000000000000E+00, -6.14432230041754E+00,  2.72710000000008E+02,  2.20256446889740E+03,  1.75352120280061E+03
 2.00633333300000E+03,  2.05611677015481E+00,  2.69750000000000E+00, -6.19584194644254E+00,  2.72890000000008E+02,  3.82284996924748E+03,  4.04579651180832E+03
 2.00641666700000E+03,  2.61314988496932E+00,  3.20250000000000E+00, -6.24735921006369E+00,  2.73070000000008E+02,  4.82939473703157E+03,  6.77535298059913E+03
 2.00650000000000E+03,  3.04479309816611E+00,  3.54000000000000E+00, -6.29887024743749E+00,  2.73250000000008E+02,  4.40855147862166E+03,  6.00985663371347E+03
 2.00658333300000E+03,  3.20614696648912E+00,  3.68250000000000E+00, -6.35037121284595E+00,  2.73430000000008E+02,  4.61296693028578E+03,  6.29576223637863E+03
 2.00666666700000E+03,  3.07167036548078E+00,  3.48750000000000E+00,  3.25399592002546E+00,  2.73610000000008E+02,  4.78088694101204E+03,  6.29951290580023E+03
 2.00675000000000E+03,  2.67778731670101E+00,  3.13250000000000E+00,  3.22058039513084E+00,  2.73790000000008E+02,  3.26166398151530E+03,  4.39688696957914E+03
 2.00683333300000E+03,  2.22765711208646E+00,  2.53750000000000E+00,  3.18686123325138E+00,  2.73970000000008E+02,  3.50438618600393E+03,  1.77830018665800E+03
 2.00691666700000E+03,  1.89370826490304E+00,  1.83500000000000E+00,  3.15284026276557E+00,  2.74150000000008E+02,  3.89678043709111E+03,  1.58918387500892E+03
 2.00700000000000E+03,  1.69243736294374E+00,  1.65500000000000E+00,  3.11851934203110E+00,  2.74330000000008E+02,  3.27991850781767E+03,  2.46632467883245E+03
 2.00708333300000E+03,  1.58953985118852E+00,  1.66000000000000E+00,  3.08390035924135E+00,  2.74510000000008E+02,  2.86636238876998E+03,  2.68553808760812E+03
 2.00716666700000E+03,  1.52864595194130E+00,  1.40500000000000E+00,  3.04898523227857E+00,  2.74690000000008E+02,  3.71999233625189E+03,  2.62107426391893E+03
 2.00725000000000E+03,  1.45952986545550E+00,  1.22250000000000E+00,  3.01377590856359E+00,  2.74870000000008E+02,  2.00511127112435E+03,  2.63390619774265E+03
 2.00733333300000E+03,  1.35303704134420E+00,  1.00750000000000E+00,  2.97827436490223E+00,  2.75050000000008E+02,  3.73714298208444E+03,  3.87873879793491E+03
 2.00741666700000E+03,  1.20244599179362E+00,  8.72500000000000E-01,  2.94248260732832E+00,  2.75230000000008E+02,  4.73289277610827E+03,  2.76847820930484E+03
 2.00750000000000E+03,  1.02023647230661E+00,  8.32500000000000E-01,  2.90640267094333E+00,  2.75410000000008E+02,  5.67821865602060E+03,  3.23384309771097E+03
 2.00758333300000E+03,  1.02314218111750E+00,  6.72500000000000E-01,  2.87003661975275E+00,  2.75590000000008E+02,  5.59567092177775E+03,  3.00460028103856E+03
 2.00766666700000E+03,  1.22931296175721E+00,  8.52500000000000E-01,  5.09085401868036E+00,  2.75770000000008E+02,  5.59174300480937E+03,  2.85129263431294E+03
 2.00775000000000E+03,  1.22624492575979E+00,  1.30500000000000E+00,  5.07033318237599E+00,  2.75950000000008E+02,  3.72389045625036E+03,  1.53269353230767E+03
 2.00783333300000E+03,  9.82554517690001E-01,  1.38250000000000E+00,  5.04991050604872E+00,  2.76130000000008E+02,  2.78390635253029E+03,  2.34062036921737E+03
 2.00791666700000E+03,  7.58848651562978E-01,  9.00000000000000E-01,  5.02958604603157E+00,  2.76310000000008E+02,  3.61864838034151E+03,  2.19105861808140E+03
 2.00800000000000E+03,  6.66770431673889E-01,  5.77500000000000E-01,  5.00935983355043E+00,  2.76490000000008E+02,  3.01270362324392E+03,  2.74675579403576E+03
 2.00808333300000E+03,  7.30807569513926E-01,  9.42500000000000E-01,  4.98923187478224E+00,  2.76670000000008E+02,  3.74459543826734E+03,  2.78824778513441E+03
 2.00816666700000E+03,  8.61340024322361E-01,  1.05250000000000E+00,  4.96920215091655E+00,  2.76850000000008E+02,  3.56795348459426E+03,  3.05769438723271E+03
 2.00825000000000E+03,  9.26586755563826E-01,  8.72500000000000E-01,  4.94927061822060E+00,  2.77030000000008E+02,  4.08714752960986E+03,  2.59608423838229E+03
 2.00833333300000E+03,  8.59816747070153E-01,  1.43750000000000E+00,  4.92943720810782E+00,  2.77210000000008E+02,  5.09516954460786E+03,  3.52827711115894E+03
 2.00841666700000E+03,  7.05117393359460E-01,  2.05500000000000E+00,  4.90970182720965E+00,  2.77390000000008E+02,  4.94274128346033E+03,  2.67073411679533E+03
 2.00850000000000E+03,  5.63862721148364E-01,  1.93750000000000E+00,  4.89006435745087E+00,  2.77570000000008E+02,  4.08516456677674E+03,  2.92299132630472E+03
 2.00858333300000E+03,  6.22928724702362E-01,  1.71500000000000E+00,  4.87052465612826E+00,  2.77750000000008E+02,  4.02701287020727E+03,  2.53043472377701E+03
 2.00866666700000E+03,  7.45882620730244E-01,  1.51250000000000E+00, -1.79301282587774E+00,  2.77930000000008E+02,  3.56178307849910E+03,  3.11182514386905E+03
 2.00875000000000E+03,  4.38297653122279E-01,  8.37500000000000E-01, -1.84353929333152E+00,  2.78110000000008E+02,  1.87823378244128E+03,  2.13784499343587E+03
 2.00883333300000E+03, -2.50808313969971E-01,  1.35000000000000E-01, -1.89402963231820E+00,  2.78290000000008E+02,  2.58462158366222E+03,  2.10349149158909E+03
 2.00891666700000E+03, -8.29773122539432E-01, -2.25000000000000E-01, -1.94448017960688E+00,  2.78470000000008E+02,  4.23465636689439E+03,  3.47455854968535E+03
 2.00900000000000E+03, -9.56717751245162E-01, -8.30000000000000E-01, -1.99488727347102E+00,  2.78650000000008E+02,  5.82982932333791E+03,  7.98121845572038E+03
 2.00908333300000E+03, -5.85714131612097E-01, -1.53750000000000E+00, -2.04524725404191E+00,  2.78830000000008E+02,  6.92817579647557E+03,  7.73037856004377E+03
 2.00916666700000E+03,  5.56620893481713E-04, -1.70750000000000E+00, -2.09555646366187E+00,  2.79010000000008E+02,  6.46030337904585E+03,  8.58097795256529E+03
 2.00925000000000E+03,  4.40407076238817E-01, -1.38000000000000E+00, -2.14581124723735E+00,  2.79190000000008E+02,  6.33357009425988E+03,  1.25877387717736E+04
 2.00933333300000E+03,  5.93915815182503E-01, -5.05000000000000E-01, -2.19600795259177E+00,  2.79370000000008E+02,  5.04603314423806E+03,  1.12567813333459E+04
 2.00941666700000E+03,  6.21216295264920E-01,  8.50000000000000E-01, -2.24614293081805E+00,  2.79550000000008E+02,  5.14403133367442E+03,  1.12241654719811E+04
 2.00950000000000E+03,  7.74782912798711E-01,  1.65250000000000E+00, -2.29621253663090E+00,  2.79730000000008E+02,  5.53283801788566E+03,  1.30961609599778E+04
 2.00958333300000E+03,  1.32043164964943E+00,  1.30250000000000E+00, -2.34621312871869E+00,  2.79910000000008E+02,  5.49346944892552E+03,  1.17967242950696E+04
 2.00966666700000E+03,  2.04139229648270E+00,  9.05000000000000E-01,  3.71398652279091E+00,  2.80090000000008E+02,  5.72017685617190E+03,  8.00548792734409E+03
 2.00975000000000E+03,  2.27350039032713E+00,  9.65000000000000E-01,  3.68528213270996E+00,  2.80270000000008E+02,  7.32205520288882E+03,  1.00142397466914E+04
 2.00983333300000E+03,  2.00673133229782E+00,  7.90000000000000E-01,  3.65625053746712E+00,  2.80450000000008E+02,  5.70191597155908E+03,  6.01713172761185E+03
 2.00991666700000E+03,  1.65596465315033E+00,  5.10000000000000E-01,  3.62689310497051E+00,  2.80630000000008E+02,  5.28485224304001E+03,  5.47010701603313E+03
 2.01000000000000E+03,  1.46225609001991E+00,  6.72500000000000E-01,  3.59721123482931E+00,  2.80810000000008E+02,  5.77836205682099E+03,  7.12236746261961E+03
 2.01008333300000E+03,  1.53239298089810E+00,  1.53000000000000E+00,  3.56720635826257E+00,  2.80990000000008E+02,  5.85449832828197E+03,  9.96464715358834E+03
 2.01016666700000E+03,  1.78685211764579E+00,  2.77000000000000E+00,  3.53687993800446E+00,  2.81170000000008E+02,  4.55090839946536E+03,  8.49565621195181E+03
 2.01025000000000E+03,  2.07796445607162E+00,  3.82000000000000E+00,  3.50623346820589E+00,  2.81350000000008E+02,  4.65674993894792E+03,  1.09040638028625E+04
 2.01033333300000E+03,  2.35012931660087E+00,  4.30500000000000E+00,  3.47526847433256E+00,  2.81530000000008E+02,  3.12721251904511E+03,  1.02834142373971E+04
 2.01041666700000E+03,  2.67832143803164E+00,  4.33750000000000E+00,  3.44398651305954E+00,  2.81710000000008E+02,  3.34253087686799E+03,  9.12065949665947E+03
 2.01050000000000E+03,  3.14547479831492E+00,  4.51000000000000E+00,  3.41238917216213E+00,  2.81890000000008E+02,  3.30875524668521E+03,  6.55372781558055E+03
 2.01058333300000E+03,  3.03996397204410E+00,  4.70250000000000E+00,  3.38047807040332E+00,  2.82070000000008E+02,  2.90143296200012E+03,  6.54741860248741E+03
 2.01066666700000E+03,  2.14611834381825E+00,  4.19500000000000E+00,  9.63870136667024E+00,  2.82250000000008E+02,  2.85388321178742E+03,  7.18274206263039E+03
 2.01075000000000E+03,  1.60987326388408E+00,  3.15500000000000E+00,  9.63193488023727E+00,  2.82430000000008E+02,  3.33258097320046E+03,  7.18229025005787E+03
 2.01083333300000E+03,  1.48373133829951E+00,  2.33000000000000E+00,  9.62487020766608E+00,  2.82610000000008E+02,  2.33654329049956E+03,  8.73533878326522E+03
 2.01091666700000E+03,  1.25695002068467E+00,  1.81000000000000E+00,  9.61750918885481E+00,  2.82790000000008E+02,  1.34215305589377E+03,  8.91553057096345E+03
 2.01100000000000E+03,  1.06509796110795E+00,  1.33000000000000E+00,  9.60985368493487E+00,  2.82970000000008E+02,  1.43113245931309E+03,  8.52814806407989E+03
 2.01108333300000E+03,  9.99828860828191E-01,  8.60000000000000E-01,  9.60190557799577E+00,  2.83150000000008E+02,  1.94475396953992E+03,  8.01536937295902E+03
 2.01116666700000E+03,  1.06085329009451E+00,  6.00000000000000E-01,  9.59366677080788E+00,  2.83330000000008E+02,  1.49272178867632E+03,  7.83698577904199E+03
 2.01125000000000E+03,  1.19508854125394E+00,  8.00000000000000E-01,  9.58513918654312E+00,  2.83510000000008E+02,  1.49815025556482E+03,  6.40467691605701E+03
 2.01133333300000E+03,  1.37157643718776E+00,  1.25750000000000E+00,  9.57632476849363E+00,  2.83690000000008E+02,  1.78202406115862E+03,  7.42990230059309E+03
 2.01141666700000E+03,  1.60904689743768E+00,  1.32500000000000E+00,  9.56722547978856E+00,  2.83870000000008E+02,  1.54611251369172E+03,  7.21047715256228E+03
 2.01150000000000E+03,  1.92730364978137E+00,  1.09500000000000E+00,  9.55784330310883E+00,  2.84050000000008E+02,  1.15922472210505E+03,  4.58830845856431E+03
 2.01158333300000E+03,  1.89538670840019E+00,  1.14750000000000E+00,  9.54818024040007E+00,  2.84230000000008E+02,  1.94759071592525E+03,  5.11963621022389E+03
 2.01166666700000E+03,  1.38531443644914E+00,  1.07000000000000E+00, -2.31152367846183E+00,  2.84410000000008E+02,  1.84200019784280E+03,  4.74555761997301E+03
 2.01175000000000E+03,  1.06040616314542E+00,  3.22500000000000E-01, -2.32424883232514E+00,  2.84590000000008E+02,  1.87994308294167E+03,  3.06092386804987E+03
 2.01183333300000E+03,  9.45729001722040E-01, -4.82500000000000E-01, -2.33660226889521E+00,  2.84770000000008E+02,  2.08018411977823E+03,  3.31751936353586E+03
 2.01191666700000E+03,  7.72103510054459E-01, -7.37500000000000E-01, -2.34858235263448E+00,  2.84950000000008E+02,  2.74783892032999E+03,  5.98034326835947E+03
 2.01200000000000E+03,  6.65342238586169E-01, -6.05000000000000E-01, -2.36018747741896E+00,  2.85130000000008E+02,  2.43448428389837E+03,  4.37897177078337E+03
 2.01208333300000E+03,  6.92772102869071E-01, -2.57500000000000E-01, -2.37141606675647E+00,  2.85310000000008E+02,  3.08730575611472E+03,  4.55696847789348E+03
 2.01216666700000E+03,  8.21783196218566E-01,  1.60000000000000E-01, -2.38226657400176E+00,  2.85490000000008E+02,  3.75705279409618E+03,  6.83599041635429E+03
 2.01225000000000E+03,  9.69314769063554E-01,  6.95000000000000E-01, -2.39273748256834E+00,  2.85670000000008E+02,  4.12611975264239E+03,  7.88443209254411E+03
 2.01233333300000E+03,  1.08761169297990E+00,  1.59000000000000E+00, -2.40282730613712E+00,  2.85850000000008E+02,  3.66381305681029E+03,  5.10672494903111E+03
 2.01241666700000E+03,  1.19920099882115E+00,  2.66750000000000E+00, -2.41253458886180E+00,  2.86030000000008E+02,  7.42440498333843E+03,  1.48298103400945E+04
 2.01250000000000E+03,  1.34907337017461E+00,  3.52250000000000E+00, -2.42185790557095E+00,  2.86210000000008E+02,  7.64658237124231E+03,  1.47488810798666E+04
 2.01258333300000E+03,  1.61702396814971E+00,  4.03250000000000E+00, -2.43079586196673E+00,  2.86390000000008E+02,  8.74385052650003E+03,  1.56302814999802E+04
 2.01266666700000E+03,  1.92635229621130E+00,  3.96250000000000E+00,  7.44359126948463E+00,  2.86570000000008E+02,  8.32722260785069E+03,  1.43539074619008E+04
 2.01275000000000E+03,  1.97097597175915E+00,  3.00250000000000E+00,  7.48214631024199E+00,  2.86750000000008E+02,  9.24407059449535E+03,  1.68362678886377E+04
 2.01283333300000E+03,  1.64610222623005E+00,  1.82250000000000E+00,  7.52042317339918E+00,  2.86930000000008E+02,  5.95449628806763E+03,  1.05299785186911E+04
 2.01291666700000E+03,  1.10769191298197E+00,  1.25750000000000E+00,  7.55841956918277E+00,  2.87110000000008E+02,  5.36784984954886E+03,  1.50515738062033E+04
 2.01300000000000E+03,  5.75891132028788E-01,  1.10000000000000E+00,  7.59613323703460E+00,  2.87290000000008E+02,  3.31434475344656E+03,  1.21473953318747E+04
 2.01308333300000E+03,  2.59038860694699E-01,  1.11000000000000E+00,  7.63356194579728E+00,  2.87470000000008E+02,  4.31321828504043E+03,  1.46314951707883E+04
 2.01316666700000E+03,  2.45498691060822E-01,  1.23750000000000E+00,  7.67070349389620E+00,  2.87650000000008E+02,  3.38113415100188E+03,  1.39799646714790E+04
 2.01325000000000E+03,  4.98106206735894E-01,  1.14750000000000E+00,  7.70755570951805E+00,  2.87830000000008E+02,  2.42192239128757E+03,  1.02933915967832E+04
 2.01333333300000E+03,  9.22928890772725E-01,  7.80000000000000E-01,  7.74411645078590E+00,  2.88010000000008E+02,  2.06269787347969E+03,  6.60299953982125E+03
 2.01341666700000E+03,  1.43085383108893E+00,  7.77500000000000E-01,  7.78038360593060E+00,  2.88190000000008E+02,  2.60550418453961E+03,  8.42893827732208E+03
 2.01350000000000E+03,  1.94408173134951E+00,  1.37000000000000E+00,  7.81635509345884E+00,  2.88370000000008E+02,  1.75232367937087E+03,  5.99671262372575E+03
 2.01358333300000E+03,  2.09664601451357E+00,  1.90250000000000E+00,  7.85202886231744E+00,  2.88550000000008E+02,  2.92086521090625E+03,  7.70233906455632E+03
 2.01366666700000E+03,  1.77101575373368E+00,  2.44750000000000E+00,  9.55819278448723E+00,  2.88730000000008E+02,  4.27612898104550E+03,  1.19484471561825E+04
 2.01375000000000E+03,  1.43697011367295E+00,  2.51250000000000E+00,  9.56831460249291E+00,  2.88910000000008E+02,  5.11119203098951E+03,  1.25675930562294E+04
 2.01383333300000E+03,  1.12898266059027E+00,  1.41750000000000E+00,  9.57807845651384E+00,  2.89090000000008E+02,  5.10711998664166E+03,  1.16270990073322E+04
 2.01391666700000E+03,  7.01394889855978E-01,  1.65000000000000E-01,  9.58748481377417E+00,  2.89270000000008E+02,  5.19692227034601E+03,  1.18980820153312E+04
 2.01400000000000E+03,  3.25661257759170E-01, -5.07500000000000E-01,  9.59653417320348E+00,  2.89450000000008E+02,  3.98652009942537E+03,  1.05003320340754E+04
 2.01408333300000E+03,  1.35342363221901E-01, -7.52500000000000E-01,  9.60522706530617E+00,  2.89630000000008E+02,  2.95092976839514E+03,  6.99261868513819E+03
 2.01416666700000E+03,  1.54107639991341E-01, -9.27500000000000E-01,  9.61356405202736E+00,  2.89810000000008E+02,  2.33607355553272E+03,  5.23167288906892E+03
 2.01425000000000E+03,  3.20081329128333E-01, -8.57500000000000E-01,  9.62154572661526E+00,  2.89990000000008E+02,  3.00996232132445E+03,  7.29873738582950E+03
 2.01433333300000E+03,  5.63912746000758E-01, -2.70000000000000E-01,  9.62917271348022E+00,  2.90170000000008E+02,  2.87494952845066E+03,  8.93389098656114E+03
 2.01441666700000E+03,  8.56051690030408E-01,  6.77500000000000E-01,  9.63644566805024E+00,  2.90350000000008E+02,  2.91906446050849E+03,  6.73911134344153E+03
 2.01450000000000E+03,  1.18392188309388E+00,  1.91500000000000E+00,  9.64336527662311E+00,  2.90530000000008E+02,  3.26406303778323E+03,  6.70807699187521E+03
 2.01458333300000E+03,  1.19041967869487E+00,  2.81750000000000E+00,  9.64993225621522E+00,  2.90710000000009E+02,  2.91783345741161E+03,  8.20955787476575E+03
 2.01466666700000E+03,  7.11939222820864E-01,  2.93500000000000E+00,  9.00256589625718E-01,  2.90890000000009E+02,  3.10929091044019E+03,  7.51044261761917E+03
 2.01475000000000E+03,  2.92520738743008E-01,  2.21500000000000E+00,  9.46664209548030E-01,  2.91070000000009E+02,  3.48287666574589E+03,  5.45123256610463E+03
 2.01483333300000E+03,  1.12090911515925E-01,  1.01500000000000E+00,  9.93259031905009E-01,  2.91250000000009E+02,  3.47902599214169E+03,  6.42662361669839E+03
 2.01491666700000E+03, -4.59243244355051E-02,  2.47500000000000E-01,  1.04003758161135E+00,  2.91430000000009E+02,  2.77947169774352E+03,  5.95438468625692E+03
 2.01500000000000E+03, -2.38277179280222E-01, -9.00000000000000E-02,  1.08699636833891E+00,  2.91610000000009E+02,  3.59010678232726E+03,  4.44483145665052E+03
 2.01508333300000E+03, -4.61156087413299E-01, -5.45000000000000E-01,  1.13413188686231E+00,  2.91790000000009E+02,  2.81820438198997E+03,  3.15678941766202E+03
 2.01516666700000E+03, -6.24190668989720E-01, -1.01500000000000E+00,  1.18144061740604E+00,  2.91970000000009E+02,  4.04810777246536E+03,  4.94594761167771E+03
 2.01525000000000E+03, -5.87192951291920E-01, -7.52500000000000E-01,  1.22891902599309E+00,  2.92150000000009E+02,  4.48616611091689E+03,  5.25542109572407E+03
 2.01533333300000E+03, -2.51435038594394E-01, -7.00000000000000E-02,  1.27656356479522E+00,  2.92330000000009E+02,  4.66058533269333E+03,  5.43011608028819E+03
 2.01541666700000E+03,  3.47603327381027E-01,  3.97500000000000E-01,  1.32437067248450E+00,  2.92510000000009E+02,  4.53189964452699E+03,  5.65620044887020E+03
 2.01550000000000E+03,  1.02041074388502E+00,  9.90000000000000E-01,  1.37233677458643E+00,  2.92690000000009E+02,  4.24511724054861E+03,  4.44184378029612E+03
 2.01558333300000E+03,  1.53397445814311E+00,  1.78750000000000E+00,  1.42045828383435E+00,  2.92870000000009E+02,  2.30456290406474E+03,  4.39069481709751E+03
 2.01566666700000E+03,  1.78507376593996E+00,  2.57500000000000E+00,  3.72577728451626E+00,  2.93050000000009E+02,  1.63090430133449E+03,  3.90214235248187E+03
 2.01575000000000E+03,  1.83775982081149E+00,  2.65500000000000E+00,  3.71139711452748E+00,  2.93230000000009E+02,  1.86406157043592E+03,  4.59936794515231E+03
 2.01583333300000E+03,  1.79339379617385E+00,  2.13250000000000E+00,  3.69705004440919E+00,  2.93410000000009E+02,  1.68975775728601E+03,  7.49301076497194E+03
 2.01591666700000E+03,  1.70725341381477E+00,  2.00500000000000E+00,  3.68273456266526E+00,  2.93590000000009E+02,  1.55011406775503E+03,  8.49785656933790E+03
 2.01600000000000E+03,  1.61846086211025E+00,  1.93000000000000E+00,  3.66844914680436E+00,  2.93770000000009E+02,  1.59778726857957E+03,  7.20643164401997E+03
 2.01608333300000E+03,  1.56392124783829E+00,  1.63750000000000E+00,  3.65419226361055E+00,  2.93950000000009E+02,  1.94960850798040E+03,  7.26040491399104E+03
 2.01616666700000E+03,  1.56780155067264E+00,  1.58250000000000E+00,  3.63996236941548E+00,  2.94130000000009E+02,  1.48614263146135E+03,  6.93463493035659E+03
 2.01625000000000E+03,  1.65153210373623E+00,  2.02500000000000E+00,  3.62575791037192E+00,  2.94310000000009E+02,  1.10066879267179E+03,  4.18823561692107E+03
 2.01633333300000E+03,  1.83841963255248E+00,  2.99500000000000E+00,  3.61157732272882E+00,  2.94490000000009E+02,  2.82477829853759E+03,  6.51443569497023E+03
 2.01641666700000E+03,  2.12992596755305E+00,  3.79500000000000E+00,  3.59741903310765E+00,  2.94670000000009E+02,  3.68498064861146E+03,  6.53813426786818E+03
 2.01650000000000E+03,  2.47028987864723E+00,  4.13500000000000E+00,  3.58328145878010E+00,  2.94850000000009E+02,  3.53456344093104E+03,  5.55815740114498E+03
 2.01658333300000E+03,  2.31393217216618E+00,  4.32000000000000E+00,  3.56916300794715E+00,  2.95030000000009E+02,  5.25992656749846E+03,  8.21997808086888E+03
 2.01666666700000E+03,  1.67413818336935E+00,  4.19250000000000E+00,  7.69815438340224E+00,  2.95210000000009E+02,  5.21713130432234E+03,  8.72897450601035E+03
 2.01675000000000E+03,  1.52980199464378E+00,  3.83250000000000E+00,  7.73478990338702E+00,  2.95390000000009E+02,  3.78622410923291E+03,  5.80244724825041E+03
 2.01683333300000E+03,  1.82482199380601E+00,  3.55250000000000E+00,  7.77113237468929E+00,  2.95570000000009E+02,  3.35683524620900E+03,  5.46415821128439E+03
 2.01691666700000E+03,  2.04207902890088E+00,  3.02500000000000E+00,  7.80717970805355E+00,  2.95750000000009E+02,  2.94618518318289E+03,  5.37489536834742E+03
 2.01700000000000E+03,  2.21414142643980E+00,  2.34000000000000E+00,  7.84292984462279E+00,  2.95930000000009E+02,  1.27816056941089E+03,  2.94473085893993E+03
 2.01708333300000E+03,  2.38410181103101E+00,  1.92500000000000E+00,  7.87838075610020E+00,  2.96110000000009E+02,  1.75398194769214E+03,  2.27622316407530E+03
 2.01716666700000E+03,  2.56657496118542E+00,  1.92000000000000E+00,  7.91353044490726E+00,  2.96290000000009E+02,  1.50055077235858E+03,  3.27590260393361E+03
 2.01725000000000E+03,  2.76678172671818E+00,  2.42750000000000E+00,  7.94837694433837E+00,  2.96470000000009E+02,  1.65459484064513E+03,  4.10655184238526E+03
 2.01733333300000E+03,  3.01971532725936E+00,  2.85750000000000E+00,  7.98291831871167E+00,  2.96650000000009E+02,  2.15196332071994E+03,  4.36918490142963E+03
 2.01741666700000E+03,  3.38456072134780E+00,  2.89000000000000E+00,  8.01715266351634E+00,  2.96830000000009E+02,  3.05962305631266E+03,  4.26208494386620E+03
 2.01750000000000E+03,  3.87973238506036E+00,  2.86500000000000E+00,  8.05107810555626E+00,  2.97010000000009E+02,  3.03856229245846E+03,  5.85421310500435E+03
 2.01758333300000E+03,  3.49584260857733E+00,  2.99000000000000E+00,  8.08469280308990E+00,  2.97190000000009E+02,  3.21564084584248E+03,  6.73602333321512E+03
 2.01766666700000E+03,  2.04192163134518E+00,  3.41750000000000E+00, -2.46940368751379E+00,  2.97370000000009E+02,  3.70173197633483E+03,  7.08241950953394E+03
 2.01775000000000E+03,  1.24770239815091E+00,  3.73000000000000E+00, -2.47601670749067E+00,  2.97550000000009E+02,  4.16286261996173E+03,  9.14817294829350E+03
 2.01783333300000E+03,  1.18998760889203E+00,  3.56250000000000E+00, -2.48223553089492E+00,  2.97730000000009E+02,  4.26167456109176E+03,  9.62297594333910E+03
 2.01791666700000E+03,  1.06314897925703E+00,  2.94250000000000E+00, -2.48805901595224E+00,  2.97910000000009E+02,  4.18290690467775E+03,  8.38233713052552E+03
 2.01800000000000E+03,  9.55200460144567E-01,  1.74000000000000E+00, -2.49348605339144E+00,  2.98090000000009E+02,  5.05313736033606E+03,  9.74489064606943E+03
 2.01808333300000E+03,  9.26423461128661E-01,  8.82500000000000E-01, -2.49851556660892E+00,  2.98270000000009E+02,  4.38215995760537E+03,  9.41903750068911E+03
 2.01816666700000E+03,  9.68871448060235E-01,  7.85000000000000E-01, -2.50314651182948E+00,  2.98450000000009E+02,  3.71779233141418E+03,  7.37058425537369E+03
 2.01825000000000E+03,  1.04188394794959E+00,  4.57500000000000E-01, -2.50737787826365E+00,  2.98630000000009E+02,  4.73636868446259E+03,  1.07225454547034E+04
 2.01833333300000E+03,  1.13655779805186E+00, -6.25000000000000E-02, -2.51120868826139E+00,  2.98810000000009E+02,  4.46759594798719E+03,  1.01631997212027E+04
 2.01841666700000E+03,  1.29227675626806E+00, -2.05000000000000E-01, -2.51463799746208E+00,  2.98990000000009E+02,  3.50120701958500E+03,  7.03479481192739E+03
 2.01850000000000E+03,  1.54121756036590E+00,  1.47500000000000E-01, -2.51766489494098E+00,  2.99170000000009E+02,  3.40805216938468E+03,  6.29403490406926E+03
 2.01858333300000E+03,  1.35646546222237E+00,  8.17500000000000E-01, -2.52028850335197E+00,  2.99350000000009E+02,  3.22727119154222E+03,  6.04015203855393E+03
 2.01866666700000E+03,  6.39599040038065E-01,  1.25750000000000E+00,  6.81988147927489E+00,  2.99530000000009E+02,  2.31403399567944E+03,  3.46593499510278E+03
 2.01875000000000E+03,  2.39509591704330E-01,  6.27500000000000E-01,  6.86239162461028E+00,  2.99710000000009E+02,  2.21946333964905E+03,  4.30721560034077E+03
 2.01883333300000E+03,  7.98595203814250E-02, -5.87500000000000E-01,  6.90466217997474E+00,  2.99890000000009E+02,  2.11347771349235E+03,  4.24032712892055E+03
 2.01891666700000E+03, -2.09558791668102E-01, -8.30000000000000E-01,  6.94669043362993E+00,  3.00070000000009E+02,  2.05722967587068E+03,  5.28902697013411E+03
 2.01900000000000E+03, -3.64709254044989E-01, -2.15000000000000E-01,  6.98847369979241E+00,  3.00250000000009E+02,  2.44256054741681E+03,  6.70631437836333E+03
 2.01908333300000E+03, -1.87634798891829E-01,  4.75000000000000E-01,  7.03000931886962E+00,  3.00430000000009E+02,  1.74520279771642E+03,  5.10650614784016E+03
 2.01916666700000E+03,  3.19733706535452E-01,  9.22500000000000E-01,  7.07129465769269E+00,  3.00610000000009E+02,  1.83368165648401E+03,  5.35850999981693E+03
 2.01925000000000E+03,  9.76376582863418E-01,  9.47500000000000E-01,  7.11232710974609E+00,  3.00790000000009E+02,  1.64431213743720E+03,  5.08868943906726E+03
 2.01933333300000E+03,  1.55825633198475E+00,  9.90000000000000E-01,  7.15310409539417E+00,  3.00970000000009E+02,  1.49613850284785E+03,  3.69061243328030E+03
 2.01941666700000E+03,  1.92917396829337E+00,  1.77500000000000E+00,  7.19362306210446E+00,  3.01150000000009E+02,  3.59101059108245E+03,  1.00834150261545E+04
 2.01950000000000E+03,  2.07586639090163E+00,  2.84750000000000E+00,  7.23388148466775E+00,  3.01330000000009E+02,  3.24594134824849E+03,  1.07859314410459E+04
 2.01958333300000E+03,  1.70426178971949E+00,  2.99250000000000E+00,  7.27387686541493E+00,  3.01510000000009E+02,  3.39119634399204E+03,  1.10962883864130E+04
 2.01966666700000E+03,  9.44421362671160E-01,  2.27500000000000E+00,  4.88081181882613E+00,  3.01690000000009E+02,  4.27135439526889E+03,  1.12861788341611E+04
 2.01975000000000E+03,  5.52746395754261E-01,  1.48750000000000E+00,  4.88301422222870E+00,  3.01870000000009E+02,  5.55911375510444E+03,  1.47215173042708E+04
 2.01983333300000E+03,  4.06058102379012E-01,  1.16500000000000E+00,  4.88489650983379E+00,  3.02050000000009E+02,  3.23133369338653E+03,  8.74349861453325E+03
 2.01991666700000E+03,  1.63172669034852E-01,  1.14500000000000E+00,  4.88645728599639E+00,  3.02230000000009E+02,  3.15597756344187E+03,  7.61318730345275E+03
 2.02000000000000E+03,  1.51165736492034E-02,  1.59000000000000E+00,  4.88769518039580E+00,  3.02410000000009E+02,  2.88660102546392E+03,  6.59295830662097E+03
 2.02008333300000E+03,  9.07598374836305E-02,  2.75000000000000E+00,  4.88860884825197E+00,  3.02590000000009E+02,  2.44117961440324E+03,  7.94924113696658E+03
 2.02016666700000E+03,  3.72992926425265E-01,  3.46250000000000E+00,  4.88919697053911E+00,  3.02770000000009E+02,  1.22138691637811E+03,  4.80418997825315E+03
 2.02025000000000E+03,  7.35023891949647E-01,  3.24000000000000E+00,  4.88945825419650E+00,  3.02950000000009E+02,  3.14749050973833E+03,  5.20076651891933E+03
 2.02033333300000E+03,  1.04913722262787E+00,  2.74250000000000E+00,  4.88939143233666E+00,  3.03130000000009E+02,  3.20391776960987E+03,  6.73025353024050E+03
 2.02041666700000E+03,  1.26555911865445E+00,  2.74250000000000E+00,  4.88899526445061E+00,  3.03310000000009E+02,  3.28240540660875E+03,  7.31521765430003E+03
 2.02050000000000E+03,  1.40262779968873E+00,  3.42500000000000E+00,  4.88826853661032E+00,  3.03490000000009E+02,  3.25071739958430E+03,  6.18562176678480E+03
 2.02058333300000E+03,  1.36040278598015E+00,  3.75500000000000E+00,  4.88721006166838E+00,  3.03670000000009E+02,  3.96063915284224E+03,  8.62251372084854E+03
 2.02066666700000E+03,  1.11604415263898E+00,  3.30250000000000E+00,  4.89077994701607E+00,  3.03850000000009E+02,  2.13798777417053E+03,  6.71636593611424E+03
 2.02075000000000E+03,  8.53323598148597E-01,  2.50000000000000E+00,  4.87123667723487E+00,  3.04030000000009E+02,  2.26116957000303E+03,  5.21732442182379E+03
 2.02083333300000E+03,  5.56902044026789E-01,  1.72500000000000E+00,  4.85179101518088E+00,  3.04210000000009E+02,  2.59323766302633E+03,  4.69204784287892E+03
 2.02091666700000E+03,  2.02186868522354E-01,  1.44500000000000E+00,  4.83244277003639E+00,  3.04390000000009E+02,  2.59252254530103E+03,  4.60534569351338E+03
 2.02100000000000E+03, -6.22263796229558E-02,  1.42000000000000E+00,  4.81319172660868E+00,  3.04570000000009E+02,  2.04314076481185E+03,  5.03276357321119E+03
 2.02108333300000E+03, -1.50727459615737E-01,  1.32500000000000E+00,  4.79403764542199E+00,  3.04750000000009E+02,  1.77639587891531E+03,  4.86877525289930E+03
 2.02116666700000E+03, -8.42477873897258E-02,  1.08000000000000E+00,  4.77498026281287E+00,  3.04930000000009E+02,  1.57543973748290E+03,  5.19926006608328E+03
 2.02125000000000E+03,  5.81365166041681E-02,  7.67500000000000E-01,  4.75601929102883E+00,  3.05110000000009E+02,  3.67543034341442E+03,  1.40381089849789E+04
 2.02133333300000E+03,  2.24961822636539E-01,  8.75000000000000E-01,  4.73715441833024E+00,  3.05290000000009E+02,  3.39833850377918E+03,  1.46407148739301E+04
 2.02141666700000E+03,  4.28370537891790E-01,  1.43000000000000E+00,  4.71838530909560E+00,  3.05470000000009E+02,  3.98443079970705E+03,  1.24933365090816E+04
 2.02150000000000E+03,  6.98125935778670E-01,  2.04000000000000E+00,  4.69971160392999E+00,  3.05650000000009E+02,  4.47660213732375E+03,  1.52957604700274E+04
 2.02158333300000E+03,  9.70765712107663E-01,  2.78750000000000E+00,  4.68113291977687E+00,  3.05830000000009E+02,  5.14100558061347E+03,  1.59409210382971E+04
 2.02166666700000E+03,  1.09405246383697E+00,  3.84750000000000E+00,  4.93719573948041E+00,  3.06010000000009E+02,  2.85746078422066E+03,  7.14146324298433E+03
 2.02175000000000E+03,  9.61135067458280E-01,  4.53250000000000E+00,  4.90507626591340E+00,  3.06190000000009E+02,  3.30008394366732E+03,  6.05791226238553E+03
 2.02183333300000E+03,  5.79576682750773E-01,  4.08250000000000E+00,  4.87280274882370E+00,  3.06370000000009E+02,  2.68796477289341E+03,  6.21808555106695E+03
 2.02191666700000E+03,  9.91320770724905E-02,  2.85250000000000E+00,  4.84037599581199E+00,  3.06550000000009E+02,  2.06251875541759E+03,  3.89925170517025E+03
 2.02200000000000E+03, -2.57016628463530E-01,  1.88250000000000E+00,  4.80779684302308E+00,  3.06730000000009E+02,  1.79406060955907E+03,  4.52073002377703E+03
 2.02208333300000E+03, -3.43163983015339E-01,  1.16500000000000E+00,  4.77506615512222E+00,  3.06910000000009E+02,  2.09758170086742E+03,  5.33003203706622E+03
 2.02216666700000E+03, -1.61344113732446E-01,  6.87500000000000E-01,  4.74218482526757E+00,  3.07090000000009E+02,  1.70426617560928E+03,  8.79641249464718E+03
 2.02225000000000E+03,  1.76972940421978E-01,  1.10000000000000E+00,  4.70915377507884E+00,  3.07270000000009E+02,  1.38183837966522E+03,  8.21759995806488E+03
 2.02233333300000E+03,  5.48231937783541E-01,  1.79000000000000E+00,  4.67597395460192E+00,  3.07450000000009E+02,  1.38758250954236E+03,  7.96290034162217E+03
 2.02241666700000E+03,  8.82328475600024E-01,  1.86000000000000E+00,  4.64264634226984E+00,  3.07630000000009E+02,  1.30754064884250E+03,  6.92209614708124E+03
 2.02250000000000E+03,  1.15254668941171E+00,  2.11000000000000E+00,  4.60917194485970E+00,  3.07810000000009E+02,  7.96123925993336E+01,  2.78110539126050E+03
 2.02258333300000E+03,  1.36535320807924E+00,  3.62000000000000E+00,  4.57555179744583E+00,  3.07990000000009E+02,  1.74665843232781E+03,  3.63395816100742E+03
