 1.88000000000000E+03,  1.48033403807759E-01,  4.61538000000000E-01,  1.28006936998638E+00,  1.00000000000000E-02,  3.58336805749075E+03,  3.44293224453086E+03
 1.88008333300000E+03,  1.35275302155554E-01,  4.69230500000000E-01,  1.30367840565314E+00,  1.90000000000000E-01,  2.93045893726750E+03,  3.66409494711811E+03
 1.88016666700000E+03,  1.21827637236778E-01,  6.30768500000000E-01,  1.32772426182682E+00,  3.70000000000000E-01,  4.45555498134730E+03,  5.63782948056107E+03
 1.88025000000000E+03,  1.12359540617668E-01,  9.05767750000000E-01,  1.35184466561687E+00,  5.50000000000000E-01,  3.76511023827340E+03,  5.63920222611678E+03
 1.88033333300000E+03,  1.07736802635864E-01,  9.69230000000000E-01,  1.37603821582079E+00,  7.30000000000000E-01,  4.87127611064314E+03,  5.22778952541831E+03
 1.88041666700000E+03,  1.00714496696790E-01,  9.69230250000000E-01,  1.40030348648160E+00,  9.10000000000000E-01,  6.57711321802985E+03,  5.08858618358301E+03
 1.88050000000000E+03,  8.43404122447650E-02,  1.11922850000000E+00,  1.42463902703473E+00,  1.09000000000000E+00,  4.92114451369116E+03,  3.88280885637730E+03
 1.88058333300000E+03,  2.23513959014819E-01,  1.27692000000000E+00,  1.44904336245814E+00,  1.27000000000000E+00,  5.03952950070390E+03,  2.63590587415038E+03
 1.88066666700000E+03,  5.43272761128418E-01,  1.45192250000000E+00,  1.79616144031828E+00,  1.45000000000000E+00,  5.20625563619823E+03,  2.28069395599265E+03
 1.88075000000000E+03,  7.41317456289131E-01,  1.61538750000000E+00,  1.82140306022584E+00,  1.63000000000000E+00,  3.53618685074594E+03,  2.47580634736466E+03
 1.88083333300000E+03,  8.01083292234773E-01,  1.64231000000000E+00,  1.84668674919850E+00,  1.81000000000000E+00,  1.64775653538886E+03,  1.55087471497335E+03
 1.88091666700000E+03,  8.48277510460384E-01,  1.54423000000000E+00,  1.87201064346267E+00,  1.99000000000000E+00,  1.20073613465732E+03,  1.66730426561334E+03
 1.88100000000000E+03,  8.69687393150538E-01,  1.38461500000000E+00,  1.89737285805914E+00,  2.17000000000000E+00,  8.01490817394195E+02,  1.63665493548507E+03
 1.88108333300000E+03,  8.80906190546018E-01,  1.27884750000000E+00,  1.92277148705572E+00,  2.35000000000000E+00,  9.20916825715788E+02,  1.43538060965598E+03
 1.88116666700000E+03,  8.84828270051742E-01,  1.29230750000000E+00,  1.94820460376288E+00,  2.53000000000000E+00,  1.12031303836873E+03,  1.25337457383931E+03
 1.88125000000000E+03,  8.75537280946980E-01,  1.20192100000000E+00,  1.97367026095241E+00,  2.71000000000000E+00,  6.44391561613367E+02,  1.07844539357851E+03
 1.88133333300000E+03,  8.52965238133167E-01,  9.30768250000000E-01,  1.99916649107913E+00,  2.89000000000000E+00,  6.74873885579385E+02,  8.51533381821055E+02
 1.88141666700000E+03,  8.11656922965199E-01,  6.86538750000000E-01,  2.02469130650554E+00,  3.07000000000000E+00,  6.80178576830231E+02,  1.30031602260701E+03
 1.88150000000000E+03,  7.46770285661813E-01,  4.05769450000000E-01,  2.05024269972940E+00,  3.25000000000000E+00,  4.71600658795052E+02,  1.47336157025205E+03
 1.88158333300000E+03,  6.04231107197299E-01,  7.69240000000000E-03,  2.07581864361425E+00,  3.43000000000000E+00,  3.39199095650085E+02,  1.19023816170184E+03
 1.88166666700000E+03,  3.89899975615920E-01, -3.09615300000000E-01, -2.98755340815988E+00,  3.61000000000000E+00,  4.38543557753094E+02,  9.32212311889155E+02
 1.88175000000000E+03,  2.22857341226019E-01, -4.46153750000000E-01, -3.03725188475240E+00,  3.79000000000000E+00,  4.79247281074708E+02,  8.93697771593556E+02
 1.88183333300000E+03,  1.13973624884589E-01, -4.73077000000000E-01, -3.08683181335719E+00,  3.97000000000000E+00,  4.70879838826369E+02,  4.83631364561457E+02
 1.88191666700000E+03,  1.73016887197924E-02, -4.65384750000000E-01, -3.13628946291010E+00,  4.15000000000000E+00,  5.14417566203348E+02,  3.74515309749711E+02
 1.88200000000000E+03, -6.07796766586280E-02, -4.53846000000000E-01, -3.18562111158793E+00,  4.33000000000000E+00,  5.20549642852971E+02,  3.78172210845534E+02
 1.88208333300000E+03, -1.12923596866542E-01, -4.74999750000000E-01, -3.23482304717490E+00,  4.51000000000000E+00,  4.92529646748046E+02,  4.75761409949194E+02
 1.88216666700000E+03, -1.30115396661096E-01, -6.00000000000000E-01, -3.28389156742815E+00,  4.69000000000000E+00,  5.00597907019582E+02,  4.26863678524330E+02
 1.88225000000000E+03, -1.07141749165827E-01, -7.92307750000000E-01, -3.33282298044219E+00,  4.87000000000000E+00,  5.37255848652614E+02,  4.10789392069484E+02
 1.88233333300000E+03, -4.83970311116888E-02, -8.82692250000000E-01, -3.38161360501220E+00,  5.05000000000000E+00,  4.65705102142396E+02,  2.43908613160653E+02
 1.88241666700000E+03,  3.28248897504914E-02, -7.84615500000000E-01, -3.43025977099621E+00,  5.23000000000000E+00,  4.27815219634685E+02,  2.39120367114938E+02
 1.88250000000000E+03,  1.22265503341449E-01, -6.80769500000000E-01, -3.47875781967605E+00,  5.41000000000000E+00,  3.39826907611323E+02,  1.41828135193650E+02
 1.88258333300000E+03,  5.01615193919588E-02, -6.38461750000000E-01, -3.52710410411713E+00,  5.59000000000000E+00,  2.00372546071507E+02,  1.20900403094614E+02
 1.88266666700000E+03, -2.03630320805519E-01, -5.05769500000000E-01,  2.90435780528355E+00,  5.77000000000000E+00,  1.78739308609720E+02,  3.21038775257921E+02
 1.88275000000000E+03, -3.28233024821381E-01, -4.09615750000000E-01,  2.88971264766897E+00,  5.95000000000000E+00,  1.10252104002114E+02,  2.99721860166049E+02
 1.88283333300000E+03, -2.97928658241858E-01, -4.46154250000000E-01,  2.87496526140280E+00,  6.13000000000000E+00,  5.55756164772686E+01,  2.70539670559796E+02
 1.88291666700000E+03, -2.61620652627357E-01, -4.07692750000000E-01,  2.86011392230074E+00,  6.31000000000000E+00,  7.32661655110713E+01,  4.51252473636922E+02
 1.88300000000000E+03, -2.32433924730026E-01, -2.78846500000000E-01,  2.84515691780909E+00,  6.49000000000000E+00,  9.79183678658427E+01,  6.46123911400766E+02
 1.88308333300000E+03, -2.17130617734193E-01, -1.82692425000000E-01,  2.83009254730559E+00,  6.67000000000000E+00,  1.04940992754412E+02,  4.26187502175870E+02
 1.88316666700000E+03, -2.13968577191470E-01, -1.36538350000000E-01,  2.81491912239865E+00,  6.85000000000000E+00,  1.12078815269691E+02,  4.48553827077604E+02
 1.88325000000000E+03, -2.18052969666659E-01, -1.74999675000000E-01,  2.79963496722518E+00,  7.03000000000000E+00,  1.22368592546606E+02,  4.35785664238387E+02
 1.88333333300000E+03, -2.28254650825425E-01, -2.36538250000000E-01,  2.78423841874678E+00,  7.21000000000000E+00,  1.32197296938311E+02,  2.66176255887832E+02
 1.88341666700000E+03, -2.48517609156620E-01, -2.73077000000000E-01,  2.76872782704446E+00,  7.39000000000000E+00,  1.15000462112520E+02,  1.45239274852897E+02
 1.88350000000000E+03, -2.82364299176488E-01, -3.38461500000000E-01,  2.75310155561157E+00,  7.57000000000000E+00,  8.43889174205340E+01,  2.80033192208688E+02
 1.88358333300000E+03, -3.83157407026830E-01, -3.61538250000000E-01,  2.73735798164525E+00,  7.75000000000000E+00,  7.63411647609833E+01,  2.62699604361617E+02
 1.88366666700000E+03, -5.27231225838390E-01, -3.28846000000000E-01, -7.32609599398387E+00,  7.93000000000000E+00,  6.79296264513584E+01,  3.72907831174937E+02
 1.88375000000000E+03, -5.77717108931515E-01, -3.03846000000000E-01, -7.33556790242019E+00,  8.11000000000000E+00,  4.09425112806667E+01,  4.85661354659398E+02
 1.88383333300000E+03, -5.45682936541086E-01, -2.65384500000000E-01, -7.34464712013617E+00,  8.29000000000000E+00,  4.55941194145943E+01,  4.17045008155002E+02
 1.88391666700000E+03, -5.07720646810185E-01, -2.17307750000000E-01, -7.35333234795283E+00,  8.47000000000000E+00,  4.59968354349414E+01,  3.78250742021427E+02
 1.88400000000000E+03, -4.72842219385369E-01, -2.48077000000000E-01, -7.36162231864186E+00,  8.65000000000000E+00,  5.62302805947207E+01,  4.59695291169215E+02
 1.88408333300000E+03, -4.44824196617957E-01, -3.67307750000000E-01, -7.36951579709919E+00,  8.82999999999999E+00,  6.79731703243951E+01,  3.61609086588665E+02
 1.88416666700000E+03, -4.20382386755179E-01, -4.76923250000000E-01, -7.37701158051515E+00,  9.00999999999999E+00,  6.11553201798169E+01,  2.49937793871068E+02
 1.88425000000000E+03, -3.94550965766350E-01, -4.90384750000000E-01, -7.38410849854121E+00,  9.18999999999999E+00,  4.51044390098066E+01,  2.42932730837140E+02
 1.88433333300000E+03, -3.67360470015658E-01, -3.96154000000000E-01, -7.39080541345315E+00,  9.36999999999999E+00,  5.66286398845512E+01,  1.34896023947807E+02
 1.88441666700000E+03, -3.44708609366042E-01, -3.13461750000000E-01, -7.39710122031085E+00,  9.54999999999999E+00,  7.25338289804778E+01,  1.08166690126816E+02
 1.88450000000000E+03, -3.32337897214880E-01, -2.26923125000000E-01, -7.40299484711444E+00,  9.72999999999999E+00,  5.99212293192788E+01,  1.77245172419378E+02
 1.88458333300000E+03, -2.16878096490194E-01, -1.11538450000000E-01, -7.40848525495704E+00,  9.90999999999999E+00,  6.52232190541814E+01,  2.20365726132324E+02
 1.88466666700000E+03, -9.93533378228226E-03, -6.53846500000000E-02, -6.61224768125520E+00,  1.00900000000000E+01,  7.05615747738918E+01,  2.44395255989292E+02
 1.88475000000000E+03,  5.46130992783474E-02, -7.11538750000000E-02, -6.63643143611366E+00,  1.02700000000000E+01,  5.83162425263444E+01,  2.81200277697684E+02
 1.88483333300000E+03,  2.03378500078769E-03, -1.11538475000000E-01, -6.66030145022228E+00,  1.04500000000000E+01,  3.08663985005005E+01,  2.14962079039263E+02
 1.88491666700000E+03, -4.01193675282070E-02, -1.61538425000000E-01, -6.68385529619235E+00,  1.06300000000000E+01,  3.26156079472364E+01,  1.27787240876266E+02
 1.88500000000000E+03, -8.06298388943763E-02, -1.28846077500000E-01, -6.70709056872789E+00,  1.08100000000000E+01,  2.60354299473553E+01,  8.53155648292527E+01
 1.88508333300000E+03, -1.23281623478202E-01, -6.34615050000000E-02, -6.73000488491824E+00,  1.09900000000000E+01,  3.75692572268341E+01,  6.47708658412108E+01
 1.88516666700000E+03, -1.64986845897002E-01, -3.26923275000000E-02, -6.75259588452841E+00,  1.11700000000000E+01,  4.53676689969836E+01,  3.01229559955581E+01
 1.88525000000000E+03, -2.01114512135720E-01,  6.34615500000000E-02, -6.77486123028709E+00,  1.13500000000000E+01,  5.19809643732712E+01,  9.91584676414301E+01
 1.88533333300000E+03, -2.32118200713853E-01,  1.99999950000000E-01, -6.79679860817239E+00,  1.15300000000000E+01,  5.98370864995888E+01,  1.30048944115647E+02
 1.88541666700000E+03, -2.64359412500638E-01,  2.92307500000000E-01, -6.81840572769517E+00,  1.17100000000000E+01,  5.51327293067552E+01,  1.38297764704983E+02
 1.88550000000000E+03, -3.04042758973753E-01,  3.59615250000000E-01, -6.83968032218003E+00,  1.18900000000000E+01,  6.83330090602653E+01,  1.62813818959694E+02
 1.88558333300000E+03, -1.27526279072156E-01,  3.65384500000000E-01, -6.86062014904382E+00,  1.20700000000000E+01,  5.75683638056342E+01,  1.71299713161409E+02
 1.88566666700000E+03,  2.69111962433224E-01,  3.65384500000000E-01, -5.71895969024824E+00,  1.22500000000000E+01,  8.02935585624693E+01,  1.25335776258600E+02
 1.88575000000000E+03,  4.43846299462979E-01,  4.75000000000000E-01, -5.75472728469277E+00,  1.24300000000000E+01,  8.93396433128217E+01,  2.08564846509824E+02
 1.88583333300000E+03,  4.02586135969582E-01,  5.61538500000000E-01, -5.79017494965147E+00,  1.26100000000000E+01,  1.12438276123218E+02,  2.25194455459159E+02
 1.88591666700000E+03,  3.69465605421946E-01,  5.34615500000000E-01, -5.82530016545165E+00,  1.27900000000000E+01,  9.85096611544550E+01,  2.63891407602279E+02
 1.88600000000000E+03,  3.40911936045915E-01,  4.75000250000000E-01, -5.86010044102414E+00,  1.29700000000000E+01,  1.03103395545170E+02,  3.27116914417742E+02
 1.88608333300000E+03,  3.17533652592239E-01,  3.19231050000000E-01, -5.89457331413424E+00,  1.31500000000000E+01,  9.73924003733462E+01,  3.27408869060543E+02
 1.88616666700000E+03,  3.05646553020258E-01,  1.48077100000000E-01, -5.92871635160945E+00,  1.33300000000000E+01,  8.79121729104242E+01,  2.25820200748928E+02
 1.88625000000000E+03,  3.11736749977974E-01,  8.65385500000000E-02, -5.96252714956407E+00,  1.35100000000000E+01,  7.89284675611851E+01,  2.60980166634250E+02
 1.88633333300000E+03,  3.35768521914541E-01,  1.73077250000000E-02, -5.99600333362041E+00,  1.36900000000000E+01,  7.75012791837762E+01,  2.26748783337524E+02
 1.88641666700000E+03,  3.70431161828193E-01, -1.15384550000000E-01, -6.02914255912686E+00,  1.38700000000000E+01,  7.58841181974644E+01,  2.07689475769899E+02
 1.88650000000000E+03,  4.07387692525302E-01, -2.65384525000000E-01, -6.06194251137262E+00,  1.40500000000000E+01,  4.88949007629444E+01,  2.40399661640468E+02
 1.88658333300000E+03,  2.54461009663738E-01, -3.19230750000000E-01, -6.09440090579908E+00,  1.42300000000000E+01,  3.96738288844635E+01,  2.48321796077091E+02
 1.88666666700000E+03, -7.63875184260129E-02, -2.21153800000000E-01,  3.45196967581908E+00,  1.44100000000000E+01,  2.99751584825321E+01,  1.94746335389190E+02
 1.88675000000000E+03, -1.93052921050061E-01, -1.30769100000000E-01,  3.42102675171680E+00,  1.45900000000000E+01,  2.39431276364832E+01,  1.73020678764911E+02
 1.88683333300000E+03, -1.05440996398558E-01, -1.36538300000000E-01,  3.38975524234137E+00,  1.47700000000000E+01,  5.50577599941002E+01,  1.41366461794566E+02
 1.88691666700000E+03, -2.20579628626460E-02, -1.17307625000000E-01,  3.35815674240311E+00,  1.49500000000000E+01,  5.47683941393942E+01,  1.02721446232004E+02
 1.88700000000000E+03,  4.40137556332242E-02, -1.92300000000000E-03,  3.32623287970049E+00,  1.51300000000000E+01,  9.59148979987698E+01,  1.62548910449877E+02
 1.88708333300000E+03,  8.60623543577615E-02,  2.05769375000000E-01,  3.29398531500263E+00,  1.53100000000000E+01,  1.33258099964615E+02,  2.11904025109282E+02
 1.88716666700000E+03,  1.05804558951825E-01,  4.46154000000000E-01,  3.26141574192794E+00,  1.54900000000000E+01,  1.37391393932731E+02,  2.55606095334091E+02
 1.88725000000000E+03,  1.08120774154139E-01,  6.32692500000000E-01,  3.22852588681909E+00,  1.56700000000000E+01,  1.04933933512240E+02,  2.62023823803270E+02
 1.88733333300000E+03,  9.43599671460651E-02,  8.24999500000000E-01,  3.19531750861402E+00,  1.58500000000000E+01,  1.70347274899514E+02,  2.90793368520166E+02
 1.88741666700000E+03,  6.13193454941994E-02,  1.04999825000000E+00,  3.16179239871333E+00,  1.60300000000000E+01,  1.57126425722996E+02,  2.31526178193062E+02
 1.88750000000000E+03,  6.99651790043722E-03,  1.24615250000000E+00,  3.12795238084383E+00,  1.62100000000000E+01,  1.61710709414962E+02,  2.78558104469679E+02
 1.88758333300000E+03,  1.88484537062267E-01,  1.44807750000000E+00,  3.09379931091838E+00,  1.63900000000000E+01,  1.65722758816861E+02,  2.32115811675106E+02
 1.88766666700000E+03,  6.45324517364234E-01,  1.59038500000000E+00, -5.23165374974722E-01,  1.65700000000000E+01,  1.88715802992770E+02,  2.23640550665219E+02
 1.88775000000000E+03,  9.10873274708732E-01,  1.56538250000000E+00, -5.59625856618932E-01,  1.67500000000000E+01,  1.54651442579519E+02,  1.98221618936708E+02
 1.88783333300000E+03,  9.55828062449352E-01,  1.52115000000000E+00, -5.96223231956231E-01,  1.69300000000000E+01,  1.51810867809898E+02,  2.21072645155745E+02
 1.88791666700000E+03,  9.93529675923626E-01,  1.56730500000000E+00, -6.32955888148546E-01,  1.71100000000000E+01,  1.14514575749329E+02,  1.11737747395054E+02
 1.88800000000000E+03,  1.01157444413958E+00,  1.60000000000000E+00, -6.69822185476400E-01,  1.72900000000000E+01,  2.53189592241191E+02,  2.88661651369193E+02
 1.88808333300000E+03,  1.00323157430997E+00,  1.61154000000000E+00, -7.06820457470966E-01,  1.74700000000000E+01,  2.88496165362211E+02,  3.06530216294512E+02
 1.88816666700000E+03,  9.69727967080952E-01,  1.68654000000000E+00, -7.43949011049687E-01,  1.76500000000000E+01,  4.36418789243030E+02,  4.26881196382076E+02
 1.88825000000000E+03,  9.15270339390279E-01,  1.68653750000000E+00, -7.81206126655448E-01,  1.78300000000000E+01,  4.10590772650905E+02,  4.05179005815667E+02
 1.88833333300000E+03,  8.40656718780759E-01,  1.47307500000000E+00, -8.18590058399308E-01,  1.80100000000000E+01,  4.12927984924758E+02,  4.60523310575937E+02
 1.88841666700000E+03,  7.42540104426424E-01,  1.19615425000000E+00, -8.56099034206732E-01,  1.81900000000000E+01,  3.10164076020557E+02,  5.58284620527191E+02
 1.88850000000000E+03,  6.19402984000828E-01,  9.65385500000000E-01, -8.93731255967351E-01,  1.83700000000000E+01,  2.50291978847779E+02,  5.59285188335495E+02
 1.88858333300000E+03,  4.72381332058867E-01,  7.98077000000000E-01, -9.31484899688204E-01,  1.85500000000000E+01,  1.19373561516674E+02,  4.83030080101632E+02
 1.88866666700000E+03,  3.45076173674240E-01,  6.50000000000000E-01,  8.84948365023228E+00,  1.87300000000000E+01,  3.48474940481264E+02,  5.57432121039312E+02
 1.88875000000000E+03,  2.89472374693751E-01,  4.75000250000000E-01,  8.87288786347951E+00,  1.89100000000000E+01,  5.33936539879299E+02,  8.49307505133990E+02
 1.88883333300000E+03,  2.76875904530977E-01,  3.01923425000000E-01,  8.89592935522849E+00,  1.90900000000000E+01,  4.91963031523479E+02,  6.13247905511464E+02
 1.88891666700000E+03,  2.65823723129266E-01,  1.78846350000000E-01,  8.91860737865518E+00,  1.92700000000000E+01,  5.20577982759072E+02,  7.10076163935631E+02
 1.88900000000000E+03,  2.49402412113459E-01,  1.05769375000000E-01,  8.94092122296323E+00,  1.94500000000000E+01,  6.24216347044762E+02,  9.17495448228645E+02
 1.88908333300000E+03,  2.25906162928237E-01,  2.30769775000000E-02,  8.96287021338777E+00,  1.96300000000000E+01,  4.95409420279487E+02,  1.03832293776037E+03
 1.88916666700000E+03,  2.00461159593401E-01, -8.46153950000000E-02,  8.98445371119526E+00,  1.98100000000000E+01,  5.38039549840228E+02,  1.45783400313717E+03
 1.88925000000000E+03,  1.79472148017269E-01, -3.15384672500000E-01,  9.00567111367898E+00,  1.99900000000000E+01,  5.86432114292282E+02,  1.42072924418545E+03
 1.88933333300000E+03,  1.63814964303548E-01, -5.94231000000000E-01,  9.02652185415045E+00,  2.01700000000000E+01,  5.58482320981997E+02,  1.31944185919967E+03
 1.88941666700000E+03,  1.47895161694732E-01, -7.38461750000000E-01,  9.04700540192669E+00,  2.03500000000000E+01,  4.15223363182124E+02,  1.15085242230305E+03
 1.88950000000000E+03,  1.25666893109331E-01, -7.53846000000000E-01,  9.06712126231321E+00,  2.05300000000000E+01,  3.39449790963139E+02,  1.32694035570959E+03
 1.88958333300000E+03, -1.39243919565484E-01, -7.32692000000000E-01,  9.08686897658303E+00,  2.07100000000000E+01,  1.25380353346055E+02,  5.65932683264095E+02
 1.88966666700000E+03, -6.41305919281587E-01, -8.03846000000000E-01, -7.06791290717006E+00,  2.08900000000000E+01,  1.00179195324352E+02,  6.29439779318606E+02
 1.88975000000000E+03, -8.99266926916438E-01, -8.71153750000000E-01, -7.08467685509958E+00,  2.10700000000000E+01,  1.01591206761580E+02,  6.87412740619150E+02
 1.88983333300000E+03, -9.06619502638640E-01, -8.44230750000000E-01, -7.10107923365389E+00,  2.12500000000000E+01,  1.25423109079094E+02,  5.91778791844860E+02
 1.88991666700000E+03, -9.03169544110060E-01, -8.40384750000000E-01, -7.11711816480056E+00,  2.14300000000000E+01,  1.61631383788268E+02,  3.01517003129036E+02
 1.89000000000000E+03, -8.97740878698706E-01, -9.30769750000000E-01, -7.13279179845927E+00,  2.16100000000000E+01,  1.99952287492539E+02,  3.93946297014261E+02
 1.89008333300000E+03, -8.94040718503969E-01, -1.07884600000000E+00, -7.14809831273718E+00,  2.17900000000000E+01,  2.68405756177655E+02,  5.80912411079564E+02
 1.89016666700000E+03, -8.88821522370441E-01, -1.17307500000000E+00, -7.16303591416134E+00,  2.19700000000000E+01,  3.17149018171087E+02,  5.83579790036443E+02
 1.89025000000000E+03, -8.77245179340827E-01, -1.24807500000000E+00, -7.17760283790815E+00,  2.21500000000000E+01,  3.11217034388687E+02,  7.62000432310383E+02
 1.89033333300000E+03, -8.59544960872221E-01, -1.28846000000000E+00, -7.19179734802978E+00,  2.23300000000000E+01,  3.54948179692686E+02,  7.70310252935999E+02
 1.89041666700000E+03, -8.41879992552595E-01, -1.16922900000000E+00, -7.20561773767754E+00,  2.25100000000000E+01,  3.80360971841287E+02,  7.21758504254674E+02
 1.89050000000000E+03, -8.30296917092802E-01, -9.82691500000000E-01, -7.21906232932220E+00,  2.26900000000000E+01,  3.50489515684554E+02,  6.32733743035810E+02
 1.89058333300000E+03, -5.97419006858125E-01, -8.63461500000000E-01, -7.23212947497123E+00,  2.28700000000000E+01,  3.37998038937425E+02,  6.12632886580194E+02
 1.89066666700000E+03, -1.64259501086801E-01, -7.48076750000000E-01, -7.95684028283669E+00,  2.30500000000000E+01,  4.23525825505580E+02,  5.34025468686816E+02
 1.89075000000000E+03,  3.33115679066432E-03, -5.49999750000000E-01, -8.00695463673336E+00,  2.32300000000000E+01,  3.26729252804640E+02,  4.28486990186633E+02
 1.89083333300000E+03, -4.70924831672748E-02, -3.15384450000000E-01, -8.05693460604660E+00,  2.34100000000000E+01,  2.94170891568563E+02,  5.66242735811009E+02
 1.89091666700000E+03, -5.61470824723727E-02, -4.80769000000000E-02, -8.10677630740126E+00,  2.35900000000000E+01,  2.79542387021367E+02,  4.49978787334848E+02
 1.89100000000000E+03, -3.28120391366687E-02,  2.13461550000000E-01, -8.15647586849128E+00,  2.37700000000000E+01,  2.99948853645375E+02,  5.14088103835612E+02
 1.89108333300000E+03,  1.47005813546746E-02,  3.36538500000000E-01, -8.20602942847332E+00,  2.39500000000000E+01,  1.96632390815485E+02,  4.14494209419296E+02
 1.89116666700000E+03,  8.25346319649584E-02,  3.44230750000000E-01, -8.25543313835889E+00,  2.41300000000000E+01,  2.02813372060559E+02,  4.51465057337709E+02
 1.89125000000000E+03,  1.67855732724376E-01,  3.42307750000000E-01, -8.30468316140528E+00,  2.43100000000000E+01,  3.91785895873501E+02,  3.60645841688028E+02
 1.89133333300000E+03,  2.64043860010081E-01,  3.65384750000000E-01, -8.35377567350507E+00,  2.44900000000000E+01,  3.63127471879980E+02,  4.66472252558205E+02
 1.89141666700000E+03,  3.61130907528542E-01,  3.78846250000000E-01, -8.40270686357426E+00,  2.46700000000000E+01,  4.11919570183565E+02,  5.97870433829374E+02
 1.89150000000000E+03,  4.52325384672197E-01,  3.86538500000000E-01, -8.45147293393896E+00,  2.48500000000000E+01,  5.22051923850600E+02,  7.34131771082406E+02
 1.89158333300000E+03,  4.44371257826944E-01,  4.82692250000000E-01, -8.50007010072053E+00,  2.50300000000000E+01,  5.93492495491917E+02,  8.61118127216972E+02
 1.89166666700000E+03,  3.21818910522642E-01,  5.98076750000000E-01,  4.35272389627173E+00,  2.52100000000000E+01,  3.73421288440906E+02,  7.62204341482019E+02
 1.89175000000000E+03,  2.56727709956138E-01,  6.30769000000000E-01,  4.36807489226002E+00,  2.53900000000000E+01,  3.77169583969435E+02,  8.89572984257985E+02
 1.89183333300000E+03,  2.69388236076657E-01,  6.57692250000000E-01,  4.38319226460968E+00,  2.55700000000000E+01,  3.60120071545451E+02,  6.81020169296016E+02
 1.89191666700000E+03,  2.79033487734274E-01,  6.23077000000000E-01,  4.39807357935038E+00,  2.57500000000000E+01,  2.66898757112502E+02,  5.67869842163778E+02
 1.89200000000000E+03,  2.76854787527462E-01,  4.34615250000000E-01,  4.41271641604725E+00,  2.59300000000000E+01,  1.92329500676831E+02,  4.19305266116885E+02
 1.89208333300000E+03,  2.60479154045611E-01,  2.19230550000000E-01,  4.42711836813086E+00,  2.61100000000000E+01,  1.80230089393105E+02,  4.55526716113931E+02
 1.89216666700000E+03,  2.35304800102651E-01,  1.84615350000000E-01,  4.44127704322611E+00,  2.62900000000000E+01,  2.06377377186159E+02,  3.42205532695454E+02
 1.89225000000000E+03,  2.08553544545924E-01,  3.38461550000000E-01,  4.45519006347969E+00,  2.64700000000000E+01,  1.29505066958531E+02,  3.73107278492622E+02
 1.89233333300000E+03,  1.82073835288156E-01,  4.71153750000000E-01,  4.46885506588621E+00,  2.66500000000000E+01,  1.82238705001921E+02,  3.98236830882630E+02
 1.89241666700000E+03,  1.51109466688110E-01,  6.01923000000000E-01,  4.48226970261302E+00,  2.68300000000000E+01,  2.19525198283968E+02,  4.67636057508584E+02
 1.89250000000000E+03,  1.10188469504579E-01,  7.67307750000000E-01,  4.49543164132344E+00,  2.70100000000000E+01,  2.71445052435446E+02,  5.63262197547078E+02
 1.89258333300000E+03,  6.01729990064861E-02,  8.01923250000000E-01,  4.50833856549873E+00,  2.71900000000000E+01,  2.69269541973771E+02,  5.31771443069825E+02
 1.89266666700000E+03,  4.06585931165609E-02,  7.19231000000000E-01, -1.73067741902817E-01,  2.73700000000000E+01,  3.09120365117613E+02,  4.65920850606441E+02
 1.89275000000000E+03,  9.17471955490973E-02,  6.57692500000000E-01, -2.08105483294319E-01,  2.75500000000000E+01,  2.54333689605781E+02,  4.48404188207930E+02
 1.89283333300000E+03,  1.83609679121237E-01,  6.65384750000000E-01, -2.43294489732699E-01,  2.77300000000000E+01,  2.07599516172124E+02,  3.87580122958248E+02
 1.89291666700000E+03,  2.78734612264823E-01,  6.57692250000000E-01, -2.78633418331371E-01,  2.79100000000000E+01,  2.70280404174148E+02,  4.79192924773909E+02
 1.89300000000000E+03,  3.69353484578522E-01,  6.49999750000000E-01, -3.14120898219128E-01,  2.80900000000000E+01,  2.91163396270143E+02,  4.16851342248954E+02
 1.89308333300000E+03,  4.52989129117811E-01,  6.86538250000000E-01, -3.49755530636448E-01,  2.82700000000000E+01,  2.39939854099715E+02,  4.29451146738592E+02
 1.89316666700000E+03,  5.33919148085158E-01,  7.01923000000000E-01, -3.85535889035515E-01,  2.84500000000000E+01,  2.40253314157655E+02,  4.58018623424807E+02
 1.89325000000000E+03,  6.17462458847458E-01,  7.17307750000000E-01, -4.21460519183903E-01,  2.86300000000000E+01,  2.93697339183689E+02,  5.43316854707789E+02
 1.89333333300000E+03,  7.03039423273251E-01,  6.86538500000000E-01, -4.57527939271953E-01,  2.88100000000000E+01,  1.77479850485439E+02,  3.21822377196007E+02
 1.89341666700000E+03,  7.83150550767964E-01,  5.73077000000000E-01, -4.93736640023795E-01,  2.89900000000000E+01,  1.28849634163502E+02,  2.94951916427675E+02
 1.89350000000000E+03,  8.49387629403029E-01,  3.73077125000000E-01, -5.30085084812023E-01,  2.91700000000000E+01,  1.47636757095722E+02,  2.71986903544423E+02
 1.89358333300000E+03,  6.44955816178331E-01,  1.21153950000000E-01, -5.66571709776016E-01,  2.93500000000000E+01,  1.66233613615600E+02,  2.79011980238249E+02
 1.89366666700000E+03,  1.47852972320169E-01, -5.57692250000000E-02, -1.22124436557298E-01,  2.95300000000000E+01,  1.11494246705698E+02,  1.68226639599099E+02
 1.89375000000000E+03, -1.49149943867707E-01, -1.46153800000000E-01, -1.05093891309955E-01,  2.97100000000000E+01,  1.19219196977054E+02,  1.63079119947076E+02
 1.89383333300000E+03, -2.09736846860470E-01, -2.40384500000000E-01, -8.79564959786112E-02,  2.98900000000000E+01,  9.15989315708556E+01,  1.34326411896843E+02
 1.89391666700000E+03, -2.63829225103766E-01, -4.51923000000000E-01, -7.07118011270746E-02,  3.00700000000000E+01,  8.02940305113716E+01,  1.28568351967588E+02
 1.89400000000000E+03, -3.20200596390598E-01, -6.75000000000000E-01, -5.33593832025694E-02,  3.02500000000000E+01,  4.34148100134352E+01,  9.27030478077515E+01
 1.89408333300000E+03, -3.82357815949941E-01, -7.28846000000000E-01, -3.58988446471518E-02,  3.04300000000000E+01,  6.34836122876977E+01,  2.73005731163419E+02
 1.89416666700000E+03, -4.46616804318216E-01, -5.92307500000000E-01, -1.83298140055270E-02,  3.06100000000000E+01,  4.90065401165584E+01,  2.78449927303599E+02
 1.89425000000000E+03, -5.07391944924101E-01, -4.19230750000000E-01, -6.51946029227801E-04,  3.07900000000000E+01,  7.85611220828176E+01,  4.00323266783276E+02
 1.89433333300000E+03, -5.63806461148457E-01, -4.51923000000000E-01,  1.71350782228283E-02,  3.09700000000000E+01,  1.06113116108511E+02,  4.06963022464100E+02
 1.89441666700000E+03, -6.20528761692826E-01, -5.21153750000000E-01,  3.50315512874553E-02,  3.11500000000000E+01,  1.07571237326040E+02,  3.66067381166813E+02
 1.89450000000000E+03, -6.81756630650119E-01, -3.19230800000000E-01,  5.30377392039507E-02,  3.13300000000000E+01,  8.85101978744527E+01,  2.57950357746344E+02
 1.89458333300000E+03, -3.88180175382292E-01,  5.76914999999999E-03,  7.11538814245536E-02,  3.15100000000000E+01,  8.35391620627612E+01,  2.57132151118299E+02
 1.89466666700000E+03,  2.78404156843210E-01,  2.36538450000000E-01, -5.57720499846279E+00,  3.16900000000000E+01,  6.60828597532457E+01,  1.49672973257155E+02
 1.89475000000000E+03,  6.19641737559579E-01,  3.92307750000000E-01, -5.55761160646571E+00,  3.18700000000000E+01,  3.31543758639577E+01,  1.93070542945798E+02
 1.89483333300000E+03,  6.22317747443372E-01,  4.76923000000000E-01, -5.53822056279652E+00,  3.20500000000000E+01,  5.12076030624841E+01,  2.21866407262247E+02
 1.89491666700000E+03,  6.24774257627855E-01,  5.34615250000000E-01, -5.51903474237328E+00,  3.22300000000000E+01,  9.34669363815917E+01,  2.19840193383685E+02
 1.89500000000000E+03,  6.18539380847843E-01,  6.59615250000000E-01, -5.50005701137354E+00,  3.24100000000000E+01,  1.61708043029272E+02,  3.47366307910223E+02
 1.89508333300000E+03,  6.00431269693303E-01,  7.78846000000000E-01, -5.48129022682973E+00,  3.25900000000000E+01,  2.03411242439326E+02,  3.10014623352513E+02
 1.89516666700000E+03,  5.74359736849098E-01,  7.96153750000000E-01, -5.46273723622531E+00,  3.27700000000000E+01,  2.16200384831702E+02,  2.86166418875990E+02
 1.89525000000000E+03,  5.45925121497281E-01,  7.05769250000000E-01, -5.44440087709146E+00,  3.29500000000000E+01,  2.71317731778944E+02,  2.95389011477167E+02
 1.89533333300000E+03,  5.15720692068259E-01,  6.38461750000000E-01, -5.42628397660467E+00,  3.31300000000000E+01,  2.88006377119534E+02,  2.45328126253185E+02
 1.89541666700000E+03,  4.78445269600765E-01,  7.23077000000000E-01, -5.40838935118508E+00,  3.33100000000000E+01,  2.58880376809957E+02,  1.60676337628128E+02
 1.89550000000000E+03,  4.28912504135463E-01,  7.82692000000000E-01, -5.39071980609572E+00,  3.34900000000000E+01,  2.94919376501240E+02,  1.59359360882388E+02
 1.89558333300000E+03,  2.60601992712482E-01,  5.67307350000000E-01, -5.37327813504257E+00,  3.36700000000000E+01,  4.21553483625011E+02,  2.40042832756957E+02
 1.89566666700000E+03, -4.00046429007808E-02,  1.99999900000000E-01, -1.54103414329978E+01,  3.38500000000000E+01,  3.58756078987004E+02,  2.10638150814067E+02
 1.89575000000000E+03, -2.65538149287662E-01, -3.84615000000000E-02, -1.54466989346258E+01,  3.40300000000000E+01,  3.80315348212590E+02,  2.71769587655078E+02
 1.89583333300000E+03, -3.81959936691040E-01, -1.17307650000000E-01, -1.54827108688108E+01,  3.42100000000000E+01,  3.54515533098878E+02,  2.48725318225512E+02
 1.89591666700000E+03, -4.73697623527185E-01, -1.59615450000000E-01, -1.55183745179566E+01,  3.43900000000000E+01,  3.01043429685659E+02,  2.42881217515576E+02
 1.89600000000000E+03, -5.45795910798282E-01, -2.38461600000000E-01, -1.55536871974072E+01,  3.45700000000000E+01,  1.57715650668430E+02,  1.24887870193519E+02
 1.89608333300000E+03, -5.99894019057045E-01, -2.94230750000000E-01, -1.55886462557105E+01,  3.47500000000000E+01,  1.60059690852711E+02,  1.17623740996740E+02
 1.89616666700000E+03, -6.32427833917921E-01, -2.57692500000000E-01, -1.56232490748794E+01,  3.49300000000000E+01,  1.09079419847644E+02,  1.92488116364746E+02
 1.89625000000000E+03, -6.39873611612098E-01, -2.01923250000000E-01, -1.56574930706478E+01,  3.51100000000000E+01,  1.84784720487507E+02,  1.69932185271654E+02
 1.89633333300000E+03, -6.25155619722974E-01, -2.71153750000000E-01, -1.56913756927232E+01,  3.52900000000000E+01,  4.40833392019069E+02,  3.35972295184274E+02
 1.89641666700000E+03, -5.98149760638259E-01, -3.80769250000000E-01, -1.57248944250348E+01,  3.54700000000000E+01,  4.57879437082749E+02,  3.40421597902500E+02
 1.89650000000000E+03, -5.69240335070760E-01, -4.26923250000000E-01, -1.57580467859784E+01,  3.56500000000000E+01,  4.45348164007123E+02,  3.91945145477594E+02
 1.89658333300000E+03, -4.02082856707908E-01, -4.86538500000000E-01, -1.57908303286560E+01,  3.58300000000000E+01,  5.15752287843547E+02,  5.01713137882680E+02
 1.89666666700000E+03, -9.78473769029589E-02, -5.48076750000000E-01, -1.14767661822933E+01,  3.60100000000000E+01,  4.30955933030150E+02,  5.26993131174003E+02
 1.89675000000000E+03,  6.49614428110412E-02, -5.42307500000000E-01, -1.15020910489087E+01,  3.61900000000000E+01,  1.66190028425025E+02,  3.63496265750837E+02
 1.89683333300000E+03,  9.33622334441461E-02, -3.96153750000000E-01, -1.15270200385314E+01,  3.63700000000000E+01,  2.85360078245352E+02,  4.11153636493325E+02
 1.89691666700000E+03,  1.25340840753061E-01, -1.96153750000000E-01, -1.15515515246974E+01,  3.65500000000000E+01,  4.04601444990234E+02,  6.18526751922655E+02
 1.89700000000000E+03,  1.50447867319024E-01, -9.03845500000000E-02, -1.15756839173499E+01,  3.67300000000000E+01,  3.23887198746415E+02,  6.56352763613148E+02
 1.89708333300000E+03,  1.63839461668531E-01, -6.73076000000000E-02, -1.15994156629726E+01,  3.69100000000000E+01,  3.38304352969567E+02,  7.03003424425357E+02
 1.89716666700000E+03,  1.68179424207120E-01, -4.99998500000000E-02, -1.16227452447189E+01,  3.70900000000000E+01,  5.27508665984280E+02,  1.11133096271669E+03
 1.89725000000000E+03,  1.68284552436394E-01, -3.07691000000000E-02, -1.16456711825371E+01,  3.72700000000000E+01,  4.62932215816521E+02,  1.08473153250662E+03
 1.89733333300000E+03,  1.64423648089504E-01, -9.80768000000000E-02, -1.16681920332911E+01,  3.74500000000000E+01,  3.56352367882235E+02,  8.45410676354101E+02
 1.89741666700000E+03,  1.51385220906661E-01, -1.82692250000000E-01, -1.16903063908770E+01,  3.76300000000000E+01,  4.30077950769232E+02,  5.83496532538817E+02
 1.89750000000000E+03,  1.24411335589366E-01, -2.40384500000000E-01, -1.17120128863358E+01,  3.78100000000000E+01,  5.29388501667303E+02,  9.58302005094101E+02
 1.89758333300000E+03,  8.43448094788894E-02, -3.01922750000000E-01, -1.17333101879615E+01,  3.79900000000000E+01,  4.05741787575224E+02,  7.33641611092285E+02
 1.89766666700000E+03,  5.53080117652546E-02, -3.15384250000000E-01, -1.63315868761919E-01,  3.81700000000000E+01,  3.67904798852146E+02,  7.56555147418030E+02
 1.89775000000000E+03,  6.51638569542883E-02, -2.40384422500000E-01, -1.73645543876465E-01,  3.83500000000000E+01,  4.79220510199117E+02,  1.06745249494218E+03
 1.89783333300000E+03,  1.02780062335584E-01, -5.19230950000000E-02, -1.84349295601824E-01,  3.85300000000000E+01,  4.82237653209128E+02,  1.16078252731331E+03
 1.89791666700000E+03,  1.46332142784581E-01,  7.88460275000000E-02, -1.95427549527655E-01,  3.87100000000000E+01,  5.18014041313794E+02,  1.07646862210098E+03
 1.89800000000000E+03,  1.87080239169403E-01,  2.69229000000000E-02, -2.06880695911044E-01,  3.88900000000000E+01,  4.81459594853904E+02,  9.05503895844971E+02
 1.89808333300000E+03,  2.21539204065880E-01, -3.26925000000000E-02, -2.18709089556364E-01,  3.90700000000000E+01,  5.62305160873624E+02,  1.06078893551944E+03
 1.89816666700000E+03,  2.53287515417569E-01,  4.80768500000000E-02, -2.30913049699278E-01,  3.92500000000000E+01,  4.47214875552338E+02,  7.40973490728432E+02
 1.89825000000000E+03,  2.87574250434894E-01,  1.05769250000000E-01, -2.43492859894866E-01,  3.94299999999999E+01,  4.09978454176882E+02,  8.74260358087082E+02
 1.89833333300000E+03,  3.24630173257261E-01,  5.76915000000000E-03, -2.56448767909885E-01,  3.96099999999999E+01,  2.92585700415646E+02,  5.63051646379574E+02
 1.89841666700000E+03,  3.58789202228864E-01, -5.76925000000000E-02, -2.69780985619229E-01,  3.97899999999999E+01,  2.70775997551436E+02,  5.86974263397613E+02
 1.89850000000000E+03,  3.84506133596220E-01,  4.80768500000000E-02, -2.83489688906535E-01,  3.99699999999999E+01,  1.98699704869371E+02,  4.25002425376819E+02
 1.89858333300000E+03,  2.86126739904116E-01,  2.55769300000000E-01, -2.97575017569008E-01,  4.01499999999999E+01,  3.29154285401390E+02,  8.24279407191588E+02
 1.89866666700000E+03,  8.31812369753373E-02,  4.32692250000000E-01, -1.46053831130341E+01,  4.03299999999999E+01,  2.93559113552763E+02,  6.41636446863023E+02
 1.89875000000000E+03,  2.82549855089013E-02,  5.57692000000000E-01, -1.46480971018735E+01,  4.05099999999999E+01,  3.03042480846966E+02,  7.92195081604008E+02
 1.89883333300000E+03,  1.09912106394297E-01,  6.44230500000000E-01, -1.46905271072420E+01,  4.06899999999999E+01,  2.75267173069198E+02,  7.91380416815367E+02
 1.89891666700000E+03,  1.93590492002142E-01,  5.50000000000000E-01, -1.47326698079394E+01,  4.08699999999999E+01,  3.03971470566164E+02,  8.75721403393985E+02
 1.89900000000000E+03,  2.72356227189397E-01,  3.88461500000000E-01, -1.47745219095717E+01,  4.10499999999999E+01,  1.55989104060683E+02,  5.21765517705273E+02
 1.89908333300000E+03,  3.44342594009882E-01,  3.57692000000000E-01, -1.48160801448879E+01,  4.12299999999999E+01,  1.46816686747249E+02,  6.07767466203255E+02
 1.89916666700000E+03,  4.13836115327870E-01,  3.90384250000000E-01, -1.48573412741123E+01,  4.14099999999999E+01,  1.42855568624608E+02,  5.09087597580330E+02
 1.89925000000000E+03,  4.85386548978313E-01,  4.01923000000000E-01, -1.48983020852749E+01,  4.15899999999999E+01,  2.14727463828608E+02,  7.75664986279367E+02
 1.89933333300000E+03,  5.56916662168522E-01,  4.01923250000000E-01, -1.49389593945375E+01,  4.17699999999999E+01,  1.60879873763929E+02,  7.67751568689276E+02
 1.89941666700000E+03,  6.18955566457258E-01,  4.19230750000000E-01, -1.49793100465171E+01,  4.19499999999999E+01,  1.70166423710641E+02,  8.14309963897277E+02
 1.89950000000000E+03,  6.61049146631739E-01,  4.42307500000000E-01, -1.50193509146056E+01,  4.21299999999999E+01,  1.55028318109195E+02,  6.70892375264709E+02
 1.89958333300000E+03,  5.62043839683965E-01,  4.98076750000000E-01, -1.50590789012864E+01,  4.23099999999999E+01,  1.12763336712897E+02,  6.09339106205099E+02
 1.89966666700000E+03,  3.24195888185331E-01,  4.96153750000000E-01, -5.92277247859797E+00,  4.24899999999999E+01,  3.69538182788481E+01,  4.44569063546753E+02
 1.89975000000000E+03,  1.93654580757826E-01,  3.75000000000000E-01, -5.91055354201005E+00,  4.26699999999999E+01,  2.15611897282573E+01,  3.62690413648771E+02
 1.89983333300000E+03,  1.87522638712544E-01,  2.67307500000000E-01, -5.89831350368655E+00,  4.28499999999999E+01,  1.12140919176937E+02,  3.18302518636791E+02
 1.89991666700000E+03,  1.90587634135998E-01,  2.67307500000000E-01, -5.88605047889129E+00,  4.30299999999999E+01,  1.70400560454067E+02,  3.37092801605250E+02
 1.90000000000000E+03,  1.93362914386966E-01,  3.75000000000000E-01, -5.87376259386591E+00,  4.32099999999999E+01,  1.99505817387433E+02,  3.05648306306119E+02
 1.90008333300000E+03,  1.91594458564826E-01,  3.84615250000000E-01, -5.86144798615884E+00,  4.33899999999999E+01,  4.47575415149369E+02,  2.45747307078958E+02
 1.90016666700000E+03,  1.88295588045129E-01,  2.57692000000000E-01, -5.84910480495252E+00,  4.35699999999999E+01,  5.68362960814867E+02,  3.70947038594987E+02
 1.90025000000000E+03,  1.88514009880279E-01,  1.48076625000000E-01, -5.83673121138893E+00,  4.37499999999999E+01,  4.95998833237421E+02,  4.49567604204686E+02
 1.90033333300000E+03,  1.92716803628016E-01,  7.69225000000000E-03, -5.82432537889318E+00,  4.39299999999999E+01,  8.74293848022201E+02,  5.95563833433033E+02
 1.90041666700000E+03,  1.95894342109367E-01, -1.13461375000000E-01, -5.81188549349526E+00,  4.41099999999999E+01,  8.78199862522112E+02,  6.37104133281823E+02
 1.90050000000000E+03,  1.93478193294749E-01, -6.92307500000000E-02, -5.79940975414991E+00,  4.42899999999999E+01,  6.79673868239677E+02,  5.98288050379739E+02
 1.90058333300000E+03,  1.12361300663965E-01,  4.61536725000000E-02, -5.78689637305446E+00,  4.44699999999999E+01,  5.96742327737564E+02,  4.94039390376979E+02
 1.90066666700000E+03, -4.78121180870682E-02, -2.50001550000000E-02, -1.17232377142979E+01,  4.46499999999999E+01,  6.17427903054775E+02,  3.67938159042956E+02
 1.90075000000000E+03, -1.38226336113257E-01, -1.55769352500000E-01, -1.17443198105757E+01,  4.48299999999999E+01,  2.54550187426359E+02,  3.66841778157775E+02
 1.90083333300000E+03, -1.50825019615707E-01, -1.42307800000000E-01, -1.17649907545605E+01,  4.50099999999999E+01,  2.55192431134000E+02,  4.34470693764652E+02
 1.90091666700000E+03, -1.59564536571491E-01, -1.65384775000000E-01, -1.17852493090501E+01,  4.51899999999999E+01,  2.34456574232479E+02,  5.34961321304349E+02
 1.90100000000000E+03, -1.73006371015003E-01, -2.94231000000000E-01, -1.18050942744430E+01,  4.53699999999999E+01,  2.43879449832136E+02,  6.61107371953589E+02
 1.90108333300000E+03, -1.94399877365490E-01, -4.21154000000000E-01, -1.18245244888273E+01,  4.55499999999999E+01,  2.43769011153415E+02,  7.16581712241962E+02
 1.90116666700000E+03, -2.19880929844390E-01, -4.80769250000000E-01, -1.18435388280653E+01,  4.57299999999999E+01,  1.88271506208101E+02,  5.48856336895743E+02
 1.90125000000000E+03, -2.43875134752722E-01, -4.42307750000000E-01, -1.18621362058740E+01,  4.59099999999999E+01,  1.95258757926251E+02,  5.41017648578699E+02
 1.90133333300000E+03, -2.65798703894871E-01, -3.15384750000000E-01, -1.18803155739013E+01,  4.60899999999999E+01,  2.06712010242427E+02,  4.24217964518243E+02
 1.90141666700000E+03, -2.90949823553836E-01, -1.65384625000000E-01, -1.18980759217975E+01,  4.62699999999999E+01,  1.71357431129432E+02,  2.86850370587116E+02
 1.90150000000000E+03, -3.24503738432612E-01, -1.34615000000000E-02, -1.19154162772833E+01,  4.64499999999999E+01,  1.47148428003040E+02,  3.30039442895635E+02
 1.90158333300000E+03, -1.38635473952798E-01,  5.38461250000000E-02, -1.19323357062127E+01,  4.66299999999999E+01,  1.29491456002255E+02,  2.98996614222589E+02
 1.90166666700000E+03,  2.77747082745744E-01, -5.76925000000000E-03, -6.19887600650182E+00,  4.68099999999999E+01,  1.27439187482053E+02,  2.44950149694192E+02
 1.90175000000000E+03,  4.83456644234454E-01, -1.73077000000000E-02, -6.18660936666877E+00,  4.69899999999999E+01,  1.00958917094059E+02,  2.22635158316193E+02
 1.90183333300000E+03,  4.77608196131136E-01,  6.73076000000000E-02, -6.17436662908929E+00,  4.71699999999999E+01,  1.24138269402677E+02,  1.81770128073656E+02
 1.90191666700000E+03,  4.77428059088562E-01,  2.40384550000000E-01, -6.16214575151637E+00,  4.73499999999999E+01,  1.28748288654676E+02,  7.42054245089781E+01
 1.90200000000000E+03,  4.74233097585969E-01,  4.92307750000000E-01, -6.14994469484193E+00,  4.75299999999999E+01,  1.47767374763694E+02,  1.14316105222093E+02
 1.90208333300000E+03,  4.64532645206228E-01,  7.38461500000000E-01, -6.13776142345299E+00,  4.77099999999999E+01,  1.34930140470968E+02,  5.32484040181139E+01
 1.90216666700000E+03,  4.51858780714397E-01,  9.28846250000000E-01, -6.12559390558721E+00,  4.78899999999999E+01,  1.74066418651894E+02,  7.44731853727640E+01
 1.90225000000000E+03,  4.41393063305008E-01,  1.05577075000000E+00, -6.11344011368760E+00,  4.80699999999999E+01,  1.36948614608526E+02,  1.78163544449478E+02
 1.90233333300000E+03,  4.33294759129115E-01,  1.08846400000000E+00, -6.10129802475659E+00,  4.82499999999999E+01,  1.43110561909462E+02,  2.26180186491509E+02
 1.90241666700000E+03,  4.21836234386056E-01,  1.01153950000000E+00, -6.08916562070912E+00,  4.84299999999999E+01,  1.41732125755419E+02,  2.26016275405882E+02
 1.90250000000000E+03,  4.01431199960837E-01,  9.13461500000000E-01, -6.07704088872497E+00,  4.86099999999999E+01,  1.29507865323337E+02,  3.34820330273727E+02
 1.90258333300000E+03,  3.67409119038161E-01,  7.09615500000000E-01, -6.06492182160013E+00,  4.87899999999999E+01,  9.38368629825339E+01,  3.49987005662680E+02
 1.90266666700000E+03,  3.20733916868750E-01,  4.38461500000000E-01, -1.24548469757308E+01,  4.89699999999999E+01,  1.09545546727130E+02,  2.48836925416846E+02
 1.90275000000000E+03,  2.67221576548887E-01,  2.86538250000000E-01, -1.24127899531156E+01,  4.91499999999999E+01,  1.51910138095084E+02,  3.89612453469460E+02
 1.90283333300000E+03,  2.03194990123306E-01,  2.69230750000000E-01, -1.23707433703672E+01,  4.93299999999999E+01,  1.88762750318851E+02,  3.60011517997578E+02
 1.90291666700000E+03,  1.22608216318913E-01,  3.11538500000000E-01, -1.23287102704876E+01,  4.95099999999999E+01,  2.11248140971870E+02,  4.73861599507785E+02
 1.90300000000000E+03,  2.62489081047650E-02,  1.94230625000000E-01, -1.22866936792902E+01,  4.96899999999999E+01,  2.05300631274820E+02,  4.50000091082711E+02
 1.90308333300000E+03, -7.89955062508339E-02, -1.92310000000000E-02, -1.22446966050729E+01,  4.98699999999999E+01,  2.64281167676972E+02,  4.56991291167091E+02
 1.90316666700000E+03, -1.79541585657493E-01, -1.44231125000000E-01, -1.22027220382924E+01,  5.00499999999999E+01,  2.90840015984022E+02,  3.07133703591409E+02
 1.90325000000000E+03, -2.61631436112326E-01, -2.19231000000000E-01, -1.21607729512426E+01,  5.02299999999999E+01,  2.74706698060997E+02,  3.21961807896851E+02
 1.90333333300000E+03, -3.18917949180308E-01, -2.65384500000000E-01, -1.21188522977348E+01,  5.04099999999999E+01,  3.01889121818494E+02,  1.30887545488750E+02
 1.90341666700000E+03, -3.53894857690167E-01, -3.13461500000000E-01, -1.20769630127817E+01,  5.05899999999999E+01,  2.86220325388815E+02,  1.34645182952389E+02
 1.90350000000000E+03, -3.72024062360298E-01, -3.84615500000000E-01, -1.20351080122840E+01,  5.07699999999999E+01,  3.23192407053102E+02,  1.42993616245625E+02
 1.90358333300000E+03, -3.39247965997789E-01, -4.15384500000000E-01, -1.19932901927193E+01,  5.09499999999999E+01,  2.30595691326864E+02,  1.47145306655465E+02
 1.90366666700000E+03, -2.71335505618558E-01, -3.94230500000000E-01, -8.29271154014453E+00,  5.11299999999999E+01,  2.11350872628665E+02,  1.57257838938283E+02
 1.90375000000000E+03, -2.53617569911615E-01, -4.07692250000000E-01, -8.26570656869309E+00,  5.13099999999999E+01,  2.71695785104672E+02,  1.82915546858704E+02
 1.90383333300000E+03, -2.65619872929373E-01, -4.15384750000000E-01, -8.23889242062079E+00,  5.14899999999999E+01,  4.20930093713884E+02,  2.82646034405182E+02
 1.90391666700000E+03, -2.59370291219700E-01, -3.98077000000000E-01, -8.21226891631026E+00,  5.16699999999999E+01,  5.37674197293417E+02,  5.40058100374837E+02
 1.90400000000000E+03, -2.45287549892905E-01, -4.07692250000000E-01, -8.18583584584180E+00,  5.18499999999999E+01,  6.28744494765132E+02,  6.35732413743681E+02
 1.90408333300000E+03, -2.28914202408671E-01, -3.90384500000000E-01, -8.15959296912093E+00,  5.20299999999999E+01,  7.83383216176248E+02,  8.64471075112123E+02
 1.90416666700000E+03, -2.08830757471160E-01, -3.86538500000000E-01, -8.13354001601009E+00,  5.22099999999999E+01,  6.68402403309420E+02,  8.36464107641653E+02
 1.90425000000000E+03, -1.81786492889423E-01, -4.30769500000000E-01, -8.10767668646412E+00,  5.23899999999999E+01,  6.41601020988916E+02,  9.58728748511910E+02
 1.90433333300000E+03, -1.49178991575193E-01, -4.21154000000000E-01, -8.08200265067000E+00,  5.25699999999999E+01,  4.19915245455320E+02,  7.01972198579366E+02
 1.90441666700000E+03, -1.17805096440602E-01, -3.46153750000000E-01, -8.05651754919028E+00,  5.27499999999999E+01,  4.18463428252885E+02,  6.52562571321814E+02
 1.90450000000000E+03, -9.38130102052373E-02, -2.94230750000000E-01, -8.03122099311065E+00,  5.29299999999999E+01,  2.48450166516258E+02,  4.56570507972232E+02
 1.90458333300000E+03, -5.31578281483184E-03, -2.92307750000000E-01, -8.00611256419127E+00,  5.31099999999999E+01,  3.30254291185259E+02,  5.18285161589652E+02
 1.90466666700000E+03,  1.35680819731979E-01, -2.71153750000000E-01, -7.58102084880437E+00,  5.32899999999999E+01,  2.60370598730946E+02,  3.01496762239087E+02
 1.90475000000000E+03,  1.74116895152440E-01, -1.46153700000000E-01, -7.55940700436704E+00,  5.34699999999999E+01,  2.60897839090837E+02,  2.84034796818457E+02
 1.90483333300000E+03,  1.28677344703719E-01,  3.07693500000000E-02, -7.53796681980746E+00,  5.36499999999999E+01,  2.17332684832757E+02,  2.98314772750257E+02
 1.90491666700000E+03,  8.29992931996367E-02,  1.17307825000000E-01, -7.51669929728945E+00,  5.38299999999999E+01,  4.13862349603133E+02,  4.76063464368606E+02
 1.90500000000000E+03,  2.93986951022082E-02,  5.96154500000000E-02, -7.49560341397010E+00,  5.40099999999999E+01,  3.75766671123542E+02,  4.06802511364423E+02
 1.90508333300000E+03, -3.45664056061767E-02, -1.05769175000000E-01, -7.47467812223449E+00,  5.41899999999999E+01,  4.38918827840309E+02,  3.92400695878049E+02
 1.90516666700000E+03, -1.04288665495037E-01, -2.11538350000000E-01, -7.45392234993366E+00,  5.43699999999999E+01,  4.95628014201086E+02,  4.35977114220572E+02
 1.90525000000000E+03, -1.73506512432126E-01, -1.71153750000000E-01, -7.43333500062577E+00,  5.45499999999999E+01,  7.42478366383264E+02,  5.47935291271964E+02
 1.90533333300000E+03, -2.40996415764944E-01, -1.44230750000000E-01, -7.41291495382033E+00,  5.47299999999999E+01,  5.81892311782591E+02,  3.31543951441473E+02
 1.90541666700000E+03, -3.11456635687930E-01, -2.25000000000000E-01, -7.39266106522570E+00,  5.49099999999999E+01,  5.37298495864205E+02,  3.26719210429141E+02
 1.90550000000000E+03, -3.89496701226816E-01, -3.75000000000000E-01, -7.37257216699952E+00,  5.50899999999999E+01,  7.32179288557372E+02,  7.03223698207723E+02
 1.90558333300000E+03, -4.78524208341890E-01, -4.53846250000000E-01, -7.35264706800225E+00,  5.52699999999999E+01,  8.05184116259265E+02,  7.24236042724475E+02
 1.90566666700000E+03, -5.43727480325661E-01, -4.26923250000000E-01, -1.06444039393725E+01,  5.54499999999999E+01,  5.95132752274675E+02,  5.72298417604423E+02
 1.90575000000000E+03, -5.38719352333990E-01, -4.00000250000000E-01, -1.06317805489483E+01,  5.56299999999999E+01,  7.12417559356822E+02,  5.75145324087901E+02
 1.90583333300000E+03, -4.86767791643056E-01, -3.11538750000000E-01, -1.06191208223685E+01,  5.58099999999999E+01,  7.58308365209971E+02,  8.65619459521489E+02
 1.90591666700000E+03, -4.25797112619531E-01, -2.42308000000000E-01, -1.06064228809401E+01,  5.59899999999999E+01,  5.16574204302506E+02,  4.89787100291787E+02
 1.90600000000000E+03, -3.65329069666985E-01, -2.78846500000000E-01, -1.05936848602880E+01,  5.61699999999999E+01,  4.32887219445012E+02,  4.23238490775122E+02
 1.90608333300000E+03, -3.09683969845602E-01, -2.73077250000000E-01, -1.05809049106950E+01,  5.63499999999999E+01,  3.67309309315127E+02,  4.07650364222601E+02
 1.90616666700000E+03, -2.56140425999731E-01, -2.59615500000000E-01, -1.05680811974402E+01,  5.65299999999999E+01,  2.15536243463171E+02,  3.86778456843885E+02
 1.90625000000000E+03, -2.00300009888906E-01, -3.19230750000000E-01, -1.05552119011342E+01,  5.67099999999999E+01,  1.62039427810377E+02,  1.52601518971051E+02
 1.90633333300000E+03, -1.42751647922259E-01, -4.11538500000000E-01, -1.05422952180523E+01,  5.68899999999999E+01,  2.44626775423948E+02,  2.17242675392526E+02
 1.90641666700000E+03, -8.99299617813388E-02, -4.94230750000000E-01, -1.05293293604652E+01,  5.70699999999999E+01,  2.19804471654044E+02,  3.19014726213775E+02
 1.90650000000000E+03, -4.80817575462574E-02, -5.44230750000000E-01, -1.05163125569678E+01,  5.72499999999999E+01,  2.67927148234333E+02,  3.25382442634517E+02
 1.90658333300000E+03, -3.09361780855218E-02, -5.84615250000000E-01, -1.05032430528042E+01,  5.74299999999999E+01,  3.07728839719736E+02,  4.33387986782132E+02
 1.90666666700000E+03, -7.79458176181414E-02, -6.73076750000000E-01, -1.41553459114873E+01,  5.76099999999999E+01,  3.31444700270037E+02,  5.45252317221100E+02
 1.90675000000000E+03, -1.87051267137302E-01, -6.75000000000000E-01, -1.42007550316325E+01,  5.77899999999999E+01,  1.92133538476920E+02,  4.93139789849864E+02
 1.90683333300000E+03, -2.84330840986164E-01, -5.78846000000000E-01, -1.42459154105802E+01,  5.79699999999999E+01,  4.31371342063863E+02,  1.23203057750874E+03
 1.90691666700000E+03, -3.30518995369576E-01, -5.99999750000000E-01, -1.42908234741661E+01,  5.81499999999999E+01,  4.63981047123912E+02,  1.22061864579724E+03
 1.90700000000000E+03, -3.36460949176690E-01, -5.73076750000000E-01, -1.43354756714382E+01,  5.83299999999999E+01,  4.37687164900937E+02,  1.31920195983425E+03
 1.90708333300000E+03, -3.11518547019770E-01, -4.59615250000000E-01, -1.43798684750231E+01,  5.85099999999999E+01,  4.72912333211271E+02,  1.40526981724569E+03
 1.90716666700000E+03, -2.60474097102405E-01, -4.38461500000000E-01, -1.44239983814898E+01,  5.86899999999999E+01,  6.29141137991509E+02,  1.46623731367250E+03
 1.90725000000000E+03, -1.87466040652310E-01, -4.34615250000000E-01, -1.44678619117108E+01,  5.88699999999999E+01,  4.95983473910280E+02,  6.26778940712914E+02
 1.90733333300000E+03, -1.01287385896960E-01, -4.34615250000000E-01, -1.45114556112197E+01,  5.90499999999999E+01,  4.72807397602875E+02,  8.34739726449691E+02
 1.90741666700000E+03, -1.51430598079911E-02, -4.48077000000000E-01, -1.45547760505664E+01,  5.92299999999999E+01,  5.27848845081163E+02,  9.65470892621386E+02
 1.90750000000000E+03,  6.00805091062825E-02, -4.57692500000000E-01, -1.45978198256694E+01,  5.94099999999999E+01,  4.82081495583257E+02,  8.03078060021129E+02
 1.90758333300000E+03,  6.70897617740749E-02, -5.05769500000000E-01, -1.46405835581647E+01,  5.95899999999999E+01,  3.19325906333243E+02,  7.84318950218122E+02
 1.90766666700000E+03, -1.18872327773857E-02, -4.71154000000000E-01, -7.48551067803474E+00,  5.97699999999999E+01,  1.95532347320023E+02,  9.40007639427027E+02
 1.90775000000000E+03, -8.32255205835984E-02, -3.05769250000000E-01, -7.46466711266910E+00,  5.99499999999999E+01,  1.19079243234072E+02,  7.23542025859128E+02
 1.90783333300000E+03, -1.22174856371026E-01, -2.76923250000000E-01, -7.44399254202956E+00,  6.01299999999999E+01,  4.92855793949486E+01,  3.80409280407320E+02
 1.90791666700000E+03, -1.66141399098924E-01, -3.96154000000000E-01, -7.42348585806879E+00,  6.03099999999999E+01,  5.86370532493288E+01,  2.72099046664830E+02
 1.90800000000000E+03, -2.22190238163082E-01, -4.67307500000000E-01, -7.40314592880953E+00,  6.04899999999999E+01,  1.18076164347891E+02,  3.35539388214357E+02
 1.90808333300000E+03, -2.91267541182798E-01, -5.38461250000000E-01, -7.38297159859355E+00,  6.06699999999999E+01,  1.16327700633586E+02,  1.78743356457957E+02
 1.90816666700000E+03, -3.66749783918129E-01, -5.90384500000000E-01, -7.36296168833354E+00,  6.08499999999999E+01,  1.31734550234729E+02,  1.65671949298284E+02
 1.90825000000000E+03, -4.40238704434062E-01, -5.73076750000000E-01, -7.34311499576814E+00,  6.10299999999999E+01,  1.36183402426048E+02,  1.62581084755519E+02
 1.90833333300000E+03, -5.08630241765935E-01, -5.59615000000000E-01, -7.32343029571991E+00,  6.12099999999999E+01,  1.15452130583259E+02,  2.23441958877118E+02
 1.90841666700000E+03, -5.75294982037687E-01, -5.76922750000000E-01, -7.30390634035630E+00,  6.13899999999999E+01,  6.81737401529798E+01,  2.01934609667216E+02
 1.90850000000000E+03, -6.44245584796254E-01, -5.88461500000000E-01, -7.28454185945346E+00,  6.15699999999999E+01,  1.23656428334469E+02,  2.52311229299344E+02
 1.90858333300000E+03, -6.35313354343639E-01, -4.90384750000000E-01, -7.26533556066300E+00,  6.17499999999999E+01,  1.14911855149862E+02,  2.57774949963661E+02
 1.90866666700000E+03, -5.31608225575495E-01, -2.84615500000000E-01, -1.57789045599732E+01,  6.19299999999999E+01,  1.03518864810492E+02,  3.33822052583555E+02
 1.90875000000000E+03, -4.72356555603807E-01, -1.19230800000000E-01, -1.57485844371626E+01,  6.21099999999999E+01,  1.11018062720156E+02,  3.55043249676813E+02
 1.90883333300000E+03, -4.63336212682428E-01, -9.61535000000000E-03, -1.57179866878782E+01,  6.22899999999999E+01,  1.38429006585678E+02,  3.86106097555818E+02
 1.90891666700000E+03, -4.38801362771139E-01,  4.23077500000000E-02, -1.56871143968394E+01,  6.24699999999999E+01,  8.02756993527429E+01,  4.67042162358870E+02
 1.90900000000000E+03, -4.04513380137988E-01, -5.96154000000000E-02, -1.56559706654836E+01,  6.26499999999999E+01,  6.66278542617436E+01,  4.47323629962309E+02
 1.90908333300000E+03, -3.61504521300250E-01, -1.90384700000000E-01, -1.56245586115769E+01,  6.28299999999999E+01,  1.25833525941501E+02,  4.13776464059111E+02
 1.90916666700000E+03, -3.04510256143874E-01, -2.34615500000000E-01, -1.55928813688232E+01,  6.30099999999999E+01,  1.26906771897618E+02,  3.45908894247691E+02
 1.90925000000000E+03, -2.27569531517513E-01, -2.63461750000000E-01, -1.55609420864720E+01,  6.31899999999999E+01,  1.06620743170231E+02,  2.11516447659985E+02
 1.90933333300000E+03, -1.30864856371002E-01, -2.11538625000000E-01, -1.55287439289252E+01,  6.33699999999999E+01,  1.42920476205082E+02,  7.52700294344861E+01
 1.90941666700000E+03, -2.16766066993882E-02, -9.42308000000000E-02, -1.54962900753418E+01,  6.35499999999999E+01,  1.51979818266404E+02,  1.13908659651421E+02
 1.90950000000000E+03,  9.16486480243186E-02, -8.84614750000000E-02, -1.54635837192424E+01,  6.37299999999999E+01,  9.33843190176119E+01,  7.36763498955933E+01
 1.90958333300000E+03,  4.37638056251392E-02, -2.03846050000000E-01, -1.54306280681113E+01,  6.39099999999999E+01,  1.13852908194257E+02,  6.82610158753872E+01
 1.90966666700000E+03, -2.00364359522388E-01, -3.28846250000000E-01, -1.68439816863551E+01,  6.40899999999999E+01,  1.07062720343302E+02,  1.08007052254917E+02
 1.90975000000000E+03, -3.47838196045865E-01, -4.40384750000000E-01, -1.68247742211656E+01,  6.42699999999999E+01,  6.62321923961456E+01,  1.58738177501068E+02
 1.90983333300000E+03, -3.57566703044505E-01, -5.90384500000000E-01, -1.68057281468383E+01,  6.44499999999999E+01,  9.62718567538223E+01,  2.23284673031354E+02
 1.90991666700000E+03, -3.60141577297673E-01, -7.34615250000000E-01, -1.67868419099955E+01,  6.46299999999999E+01,  2.08836279676193E+02,  3.28358262238779E+02
 1.91000000000000E+03, -3.65952665720543E-01, -7.05769250000000E-01, -1.67681139343515E+01,  6.48099999999999E+01,  2.05948274003704E+02,  4.26539977745815E+02
 1.91008333300000E+03, -3.80035056026154E-01, -4.61538500000000E-01, -1.67495426210494E+01,  6.49900000000000E+01,  2.61291676075853E+02,  5.06875454472132E+02
 1.91016666700000E+03, -4.00149658319701E-01, -2.42307750000000E-01, -1.67311263490004E+01,  6.51700000000000E+01,  2.67811387882432E+02,  4.61777338905850E+02
 1.91025000000000E+03, -4.22080598875399E-01, -1.23077075000000E-01, -1.67128634752255E+01,  6.53500000000000E+01,  2.96518918073610E+02,  3.92749724455320E+02
 1.91033333300000E+03, -4.46250635052252E-01, -1.34616250000000E-02, -1.66947523352015E+01,  6.55300000000000E+01,  2.07552147754918E+02,  3.10983521877411E+02
 1.91041666700000E+03, -4.78554240967632E-01, -5.76922750000000E-02, -1.66767912432085E+01,  6.57100000000000E+01,  2.66654402855108E+02,  3.56156717093207E+02
 1.91050000000000E+03, -5.24326473092051E-01, -1.90384475000000E-01, -1.66589784926815E+01,  6.58900000000000E+01,  1.94324085024896E+02,  2.76986378360189E+02
 1.91058333300000E+03, -2.96383727889092E-01, -1.46153625000000E-01, -1.66413123565635E+01,  6.60700000000000E+01,  2.29171399051316E+02,  3.26255843540081E+02
 1.91066666700000E+03,  2.10591979021586E-01,  4.61540000000000E-02, -1.82081668418003E+01,  6.62500000000000E+01,  1.62467775979255E+02,  2.95381917899354E+02
 1.91075000000000E+03,  4.34171445509065E-01,  1.19230850000000E-01, -1.81660528877387E+01,  6.64300000000000E+01,  1.68793103757781E+02,  3.35372036534770E+02
 1.91083333300000E+03,  3.84925061876625E-01,  5.38462000000000E-02, -1.81238755561920E+01,  6.66100000000000E+01,  9.61584512737295E+01,  2.84106398296005E+02
 1.91091666700000E+03,  3.46482451810523E-01,  1.15384725000000E-01, -1.80816383434504E+01,  6.67900000000000E+01,  1.89105937258184E+02,  2.87550049520756E+02
 1.91100000000000E+03,  3.08096006728768E-01,  2.57692500000000E-01, -1.80393447359912E+01,  6.69700000000000E+01,  1.78607592631116E+02,  2.52237129111655E+02
 1.91108333300000E+03,  2.65184613680028E-01,  2.92307750000000E-01, -1.79969982100698E+01,  6.71500000000000E+01,  1.77516190638206E+02,  3.70884329428660E+02
 1.91116666700000E+03,  2.21697794695895E-01,  2.42307500000000E-01, -1.79546022313117E+01,  6.73300000000000E+01,  1.53508597898376E+02,  3.53860731548740E+02
 1.91125000000000E+03,  1.84959115935185E-01,  1.71153600000000E-01, -1.79121602543076E+01,  6.75100000000000E+01,  3.21185026851237E+02,  3.65390887974391E+02
 1.91133333300000E+03,  1.58844731673312E-01,  5.57692000000000E-02, -1.78696757222099E+01,  6.76900000000001E+01,  2.90061882254431E+02,  4.09430451815322E+02
 1.91141666700000E+03,  1.42413755913238E-01, -6.34614250000000E-02, -1.78271520663314E+01,  6.78700000000001E+01,  2.63281378952147E+02,  5.21511409792024E+02
 1.91150000000000E+03,  1.35146976559931E-01, -2.88460500000000E-02, -1.77845927057465E+01,  6.80500000000001E+01,  2.82035674639818E+02,  4.51883345438156E+02
 1.91158333300000E+03,  1.33447964125405E-01,  8.65385750000000E-02, -1.77420010468945E+01,  6.82300000000001E+01,  6.04850845988134E+02,  5.38050791572217E+02
 1.91166666700000E+03,  1.09792295263999E-01,  8.84616000000000E-02, -7.82085224068198E+00,  6.84100000000001E+01,  4.97021019276143E+02,  4.49338482171744E+02
 1.91175000000000E+03,  4.47008741006833E-02,  7.69230000000000E-03, -7.86570573033743E+00,  6.85900000000001E+01,  6.28398134812321E+02,  5.16789368334159E+02
 1.91183333300000E+03, -3.59454545576131E-02,  1.92295000000000E-03, -7.91080369676040E+00,  6.87700000000001E+01,  6.49793650161909E+02,  4.14186532400805E+02
 1.91191666700000E+03, -1.08245376308503E-01,  1.13461400000000E-01, -7.95614296183147E+00,  6.89500000000001E+01,  7.10038049930722E+02,  4.16526585407823E+02
 1.91200000000000E+03, -1.68907151044608E-01,  1.94230750000000E-01, -8.00172031953980E+00,  6.91300000000001E+01,  3.95270843648172E+02,  2.87318854158509E+02
 1.91208333300000E+03, -2.12294664551358E-01,  2.17307500000000E-01, -8.04753253629623E+00,  6.93100000000001E+01,  7.20588824722177E+02,  6.30199408290193E+02
 1.91216666700000E+03, -2.29714814326291E-01,  2.28845750000000E-01, -8.09357635124983E+00,  6.94900000000001E+01,  5.36670130982142E+02,  4.86480807802865E+02
 1.91225000000000E+03, -2.15212116549443E-01,  1.61538125000000E-01, -8.13984847660768E+00,  6.96700000000001E+01,  8.47548946342141E+02,  4.90159961489386E+02
 1.91233333300000E+03, -1.71897059235463E-01,  4.23075500000000E-02, -8.18634559795835E+00,  6.98500000000001E+01,  8.34519874528786E+02,  4.24818639833235E+02
 1.91241666700000E+03, -1.11770476451724E-01, -3.46154000000000E-02, -8.23306437459842E+00,  7.00300000000001E+01,  8.49556281751150E+02,  5.40336957514190E+02
 1.91250000000000E+03, -4.81563813233391E-02, -7.30769500000000E-02, -8.28000143986235E+00,  7.02100000000002E+01,  6.17354429674361E+02,  3.63647339505826E+02
 1.91258333300000E+03, -6.69758754134457E-02, -2.25000125000000E-01, -8.32715340145580E+00,  7.03900000000002E+01,  6.96083721461673E+02,  4.52596089712756E+02
 1.91266666700000E+03, -1.77403340692996E-01, -4.78846250000000E-01, -9.90843808619333E+00,  7.05700000000002E+01,  3.58152475233115E+02,  5.14719777673442E+02
 1.91275000000000E+03, -2.23999751742927E-01, -6.19230750000000E-01, -9.89187122991646E+00,  7.07500000000002E+01,  3.07314043931667E+02,  5.51079977071878E+02
 1.91283333300000E+03, -1.90668582036098E-01, -6.63461500000000E-01, -9.87519636789312E+00,  7.09300000000002E+01,  3.06570471121182E+02,  4.38934584382061E+02
 1.91291666700000E+03, -1.52513540521206E-01, -6.90384500000000E-01, -9.85841274564226E+00,  7.11100000000002E+01,  1.85615794271352E+02,  3.24892864264287E+02
 1.91300000000000E+03, -1.21811618559437E-01, -7.05769000000000E-01, -9.84151963667131E+00,  7.12900000000002E+01,  2.13807474756963E+02,  2.60850687285856E+02
 1.91308333300000E+03, -1.04870094901109E-01, -7.48076750000000E-01, -9.82451634264541E+00,  7.14700000000002E+01,  3.29423717026255E+02,  3.01088447651925E+02
 1.91316666700000E+03, -9.99205913565476E-02, -7.80769250000000E-01, -9.80740219355247E+00,  7.16500000000002E+01,  4.37799058908650E+02,  3.62092874594037E+02
 1.91325000000000E+03, -1.02388036802535E-01, -8.32692250000000E-01, -9.79017654786395E+00,  7.18300000000002E+01,  4.68933033732656E+02,  6.27132806002134E+02
 1.91333333300000E+03, -1.11644657726928E-01, -9.09615250000000E-01, -9.77283879269151E+00,  7.20100000000002E+01,  4.35812921099406E+02,  6.07691909983784E+02
 1.91341666700000E+03, -1.32124953495792E-01, -8.80769250000000E-01, -9.75538834393936E+00,  7.21900000000002E+01,  3.53313559608656E+02,  6.26808624892128E+02
 1.91350000000000E+03, -1.67665814286021E-01, -7.94230750000000E-01, -9.73782464645238E+00,  7.23700000000002E+01,  2.47935743904359E+02,  5.22338816446776E+02
 1.91358333300000E+03, -3.09620324553233E-01, -8.01923000000000E-01, -9.72014717416000E+00,  7.25500000000002E+01,  2.73534463046499E+02,  4.45204508713368E+02
 1.91366666700000E+03, -5.42289094430932E-01, -8.25000000000000E-01, -2.41093642808208E+01,  7.27300000000002E+01,  3.70429813058880E+02,  1.91013748045648E+02
 1.91375000000000E+03, -6.60019849954169E-01, -7.80769250000000E-01, -2.40903550791101E+01,  7.29100000000003E+01,  4.43002283775548E+02,  1.37401867846827E+02
 1.91383333300000E+03, -6.63733546343163E-01, -7.73077000000000E-01, -2.40712187349918E+01,  7.30900000000003E+01,  4.59584802351974E+02,  1.29663269614352E+02
 1.91391666700000E+03, -6.58227534557462E-01, -7.75000250000000E-01, -2.40519548572009E+01,  7.32700000000003E+01,  5.42449463314053E+02,  1.00990555132087E+02
 1.91400000000000E+03, -6.51498355998359E-01, -7.44231000000000E-01, -2.40325630904747E+01,  7.34500000000003E+01,  4.32696545687327E+02,  2.74855969970714E+02
 1.91408333300000E+03, -6.46300604726245E-01, -7.44230750000000E-01, -2.40130431156881E+01,  7.36300000000003E+01,  3.96291831086522E+02,  4.67595866515891E+02
 1.91416666700000E+03, -6.38346879505078E-01, -7.53846000000000E-01, -2.39933946499832E+01,  7.38100000000003E+01,  3.42773313696463E+02,  5.36458642578583E+02
 1.91425000000000E+03, -6.21714304066891E-01, -8.15384500000000E-01, -2.39736174468926E+01,  7.39900000000003E+01,  2.90377791033068E+02,  4.84560732989059E+02
 1.91433333300000E+03, -5.95551474656812E-01, -8.73076750000000E-01, -2.39537112964574E+01,  7.41700000000003E+01,  2.04359867070992E+02,  5.39478412304952E+02
 1.91441666700000E+03, -5.64978979355416E-01, -8.36538250000000E-01, -2.39336760253389E+01,  7.43500000000003E+01,  2.23161282663861E+02,  4.78302660915819E+02
 1.91450000000000E+03, -5.35096578772164E-01, -8.40384500000000E-01, -2.39135114969242E+01,  7.45300000000003E+01,  1.03226813432234E+02,  3.00924741259955E+02
 1.91458333300000E+03, -5.12813505151053E-01, -8.15384500000000E-01, -2.38932176114264E+01,  7.47100000000003E+01,  1.17716745045068E+02,  3.46534783878028E+02
 1.91466666700000E+03, -4.93980165336041E-01, -7.00000000000000E-01, -2.73846973413651E+01,  7.48900000000003E+01,  1.64828637348163E+02,  3.52976393997277E+02
 1.91475000000000E+03, -4.50116866552076E-01, -6.01923250000000E-01, -2.74375037488530E+01,  7.50700000000003E+01,  2.30370717199702E+02,  4.38573723926663E+02
 1.91483333300000E+03, -3.63816583915925E-01, -3.75000100000000E-01, -2.74901433483531E+01,  7.52500000000003E+01,  2.24718636350565E+02,  5.17513062043795E+02
 1.91491666700000E+03, -2.47114731550016E-01, -4.80769500000000E-02, -2.75426115142626E+01,  7.54300000000003E+01,  3.35283614186094E+02,  5.57539198852207E+02
 1.91500000000000E+03, -1.19255648554679E-01,  1.76923150000000E-01, -2.75949036368506E+01,  7.56100000000004E+01,  3.29725920587348E+02,  6.24868508169030E+02
 1.91508333300000E+03,  8.26174469564857E-03,  3.50000250000000E-01, -2.76470151227875E+01,  7.57900000000004E+01,  3.09557068130504E+02,  6.75955458721309E+02
 1.91516666700000E+03,  1.34751334968378E-01,  4.63461750000000E-01, -2.76989413956727E+01,  7.59700000000004E+01,  2.95759760346824E+02,  5.65302305166289E+02
 1.91525000000000E+03,  2.64967420151232E-01,  5.00000000000000E-01, -2.77506778965596E+01,  7.61500000000004E+01,  3.89644184182135E+02,  4.42595625441216E+02
 1.91533333300000E+03,  4.01285344983916E-01,  6.15384500000000E-01, -2.78022200844789E+01,  7.63300000000004E+01,  3.00599449018820E+02,  3.93551063233794E+02
 1.91541666700000E+03,  5.40900410401276E-01,  7.57692250000000E-01, -2.78535634369592E+01,  7.65100000000004E+01,  2.96821630680065E+02,  4.02535016756285E+02
 1.91550000000000E+03,  6.79664375154887E-01,  7.67307750000000E-01, -2.79047034505452E+01,  7.66900000000004E+01,  2.79402966053508E+02,  3.65874263542454E+02
 1.91558333300000E+03,  6.20265982337613E-01,  7.88461750000000E-01, -2.79556356413143E+01,  7.68700000000004E+01,  2.30400763154191E+02,  6.18585541453031E+02
 1.91566666700000E+03,  3.64246667411475E-01,  8.36538750000000E-01, -1.97076045993269E+01,  7.70500000000004E+01,  1.70706321755003E+02,  7.53512167906973E+02
 1.91575000000000E+03,  3.06805678189124E-01,  8.15384750000000E-01, -1.97616762951881E+01,  7.72300000000004E+01,  3.61085789857223E+02,  8.05653432468712E+02
 1.91583333300000E+03,  4.46153359489977E-01,  8.50000000000000E-01, -1.98158279717740E+01,  7.74100000000004E+01,  3.99450638431813E+02,  6.75558132838389E+02
 1.91591666700000E+03,  5.71652808069423E-01,  8.26923250000000E-01, -1.98700551427536E+01,  7.75900000000004E+01,  6.43148578480115E+02,  8.40098939020427E+02
 1.91600000000000E+03,  6.62282077048204E-01,  7.32692500000000E-01, -1.99243533097875E+01,  7.77700000000004E+01,  6.71253120735791E+02,  9.38942123212853E+02
 1.91608333300000E+03,  7.03168651524342E-01,  7.19230750000000E-01, -1.99787179630251E+01,  7.79500000000004E+01,  6.59427839141669E+02,  7.71755114355079E+02
 1.91616666700000E+03,  6.90362342588464E-01,  6.13461500000000E-01, -2.00331445816038E+01,  7.81300000000005E+01,  4.53715850087573E+02,  9.89716763813445E+02
 1.91625000000000E+03,  6.27925237976635E-01,  4.48076750000000E-01, -2.00876286341489E+01,  7.83100000000005E+01,  3.88474092103093E+02,  9.25513222869958E+02
 1.91633333300000E+03,  5.22539768920196E-01,  4.46153500000000E-01, -2.01421655792756E+01,  7.84900000000005E+01,  2.17192263011652E+02,  8.25505815077102E+02
 1.91641666700000E+03,  3.82300730748713E-01,  5.05769000000000E-01, -2.01967508660926E+01,  7.86700000000005E+01,  2.08619046483994E+02,  5.71934120008240E+02
 1.91650000000000E+03,  2.20726081537735E-01,  5.69230750000000E-01, -2.02513799347060E+01,  7.88500000000005E+01,  1.70205056319614E+02,  5.65475452938966E+02
 1.91658333300000E+03,  2.30697941016078E-01,  7.28846250000000E-01, -2.03060482167257E+01,  7.90300000000005E+01,  1.99837994807579E+02,  4.46022612447594E+02
 1.91666666700000E+03,  4.72789239908790E-01,  8.71154000000000E-01, -1.87681788698556E+01,  7.92100000000005E+01,  2.10633244207518E+02,  5.12626734460462E+02
 1.91675000000000E+03,  6.46970186903983E-01,  9.73078250000000E-01, -1.87462224542115E+01,  7.93900000000005E+01,  2.39110623546124E+02,  5.16053152278677E+02
 1.91683333300000E+03,  7.00327418998275E-01,  1.09615700000000E+00, -1.87241441374278E+01,  7.95700000000005E+01,  2.40982099799121E+02,  5.67120748712962E+02
 1.91691666700000E+03,  7.53026731660616E-01,  1.13461750000000E+00, -1.87019444502652E+01,  7.97500000000005E+01,  2.17801040607331E+02,  5.96857789647137E+02
 1.91700000000000E+03,  7.99294930761347E-01,  1.12692250000000E+00, -1.86796239588848E+01,  7.99300000000005E+01,  3.80669165084115E+02,  6.20811179429622E+02
 1.91708333300000E+03,  8.38375949291205E-01,  1.08846050000000E+00, -1.86571832648312E+01,  8.01100000000005E+01,  3.95018470258864E+02,  6.43536221160935E+02
 1.91716666700000E+03,  8.75457174018237E-01,  9.17307250000000E-01, -1.86346230050095E+01,  8.02900000000005E+01,  3.14617526832667E+02,  6.63869787786917E+02
 1.91725000000000E+03,  9.15615400087362E-01,  7.53846000000000E-01, -1.86119438516580E+01,  8.04700000000005E+01,  2.95740919460105E+02,  4.86752728209242E+02
 1.91733333300000E+03,  9.56878169852014E-01,  7.53846250000000E-01, -1.85891465123135E+01,  8.06500000000005E+01,  3.35061410099192E+02,  4.82477336484733E+02
 1.91741666700000E+03,  9.89601225763238E-01,  8.40384750000000E-01, -1.85662317297730E+01,  8.08300000000006E+01,  2.11714716933106E+02,  5.14501978161899E+02
 1.91750000000000E+03,  1.00321978126462E+00,  8.07692500000000E-01, -1.85432002820481E+01,  8.10100000000006E+01,  1.84454536085751E+02,  8.22388118117562E+02
 1.91758333300000E+03,  7.51615826067932E-01,  6.00000250000000E-01, -1.85200529823153E+01,  8.11900000000006E+01,  1.60778525111612E+02,  7.16068422076069E+02
 1.91766666700000E+03,  2.33978371039151E-01,  4.30769500000000E-01, -2.93830719255285E+01,  8.13700000000006E+01,  1.64233215275846E+02,  7.98317830875548E+02
 1.91775000000000E+03, -5.71482887491105E-02,  3.34615500000000E-01, -2.93669228098045E+01,  8.15500000000006E+01,  1.22306778903654E+02,  8.73600859917638E+02
 1.91783333300000E+03, -1.02379471056513E-01,  1.36538250000000E-01, -2.93506661631551E+01,  8.17300000000006E+01,  1.37837565636442E+02,  8.61733075645350E+02
 1.91791666700000E+03, -1.38544147357279E-01, -1.92310000000000E-02, -2.93343006548690E+01,  8.19100000000006E+01,  2.64378097189029E+02,  7.04457345601467E+02
 1.91800000000000E+03, -1.73963649746889E-01, -2.30770000000000E-02, -2.93178249864929E+01,  8.20900000000006E+01,  2.96904848863277E+02,  7.05984250603241E+02
 1.91808333300000E+03, -2.11860520288331E-01, -9.03847500000000E-02, -2.93012378921322E+01,  8.22700000000006E+01,  3.80861096849649E+02,  8.42813532717708E+02
 1.91816666700000E+03, -2.48544021222433E-01, -1.96154000000000E-01, -2.92845381387457E+01,  8.24500000000006E+01,  3.69261444481349E+02,  6.94600623357207E+02
 1.91825000000000E+03, -2.78795349329061E-01, -1.98077000000000E-01, -2.92677245264361E+01,  8.26300000000006E+01,  2.86192754466362E+02,  5.68715856815112E+02
 1.91833333300000E+03, -3.02546649439695E-01, -1.25000125000000E-01, -2.92507958887332E+01,  8.28100000000006E+01,  1.58491318780711E+02,  3.40220897456613E+02
 1.91841666700000E+03, -3.25747505108934E-01, -9.23077500000000E-02, -2.92337510928734E+01,  8.29900000000006E+01,  1.66418736599037E+02,  4.54553410961582E+02
 1.91850000000000E+03, -3.54332837763457E-01, -1.76923125000000E-01, -2.92165890400717E+01,  8.31700000000006E+01,  7.61686846070097E+01,  2.34919512331270E+02
 1.91858333300000E+03, -3.54054203435373E-01, -2.25000175000000E-01, -2.91993086657892E+01,  8.33500000000006E+01,  1.96310566280770E+02,  4.21006207558834E+02
 1.91866666700000E+03, -3.05531549648407E-01, -1.51923100000000E-01, -2.62494744047920E+01,  8.35300000000007E+01,  2.09563305309628E+02,  3.82807474555791E+02
 1.91875000000000E+03, -2.56383209269062E-01, -9.80767750000000E-02, -2.62316112184478E+01,  8.37100000000007E+01,  2.16436614045775E+02,  4.50187419488921E+02
 1.91883333300000E+03, -2.17779524395503E-01, -1.46153700000000E-01, -2.62138974764542E+01,  8.38900000000007E+01,  1.71962841523252E+02,  4.20766616823366E+02
 1.91891666700000E+03, -1.75016871728528E-01, -1.99999850000000E-01, -2.61963311958177E+01,  8.40700000000007E+01,  1.81767156823832E+02,  4.20374011116114E+02
 1.91900000000000E+03, -1.36985262607379E-01, -2.28846000000000E-01, -2.61789103726166E+01,  8.42500000000007E+01,  8.50007434721865E+01,  2.50198955585140E+02
 1.91908333300000E+03, -1.07284235175648E-01, -3.23076750000000E-01, -2.61616329824312E+01,  8.44300000000007E+01,  6.37122234729693E+01,  1.98617142684045E+02
 1.91916666700000E+03, -8.24058937649395E-02, -3.46153750000000E-01, -2.61444969807773E+01,  8.46100000000007E+01,  1.28887127581478E+02,  2.00840406684436E+02
 1.91925000000000E+03, -5.71227763779134E-02, -1.92307700000000E-01, -2.61275003035422E+01,  8.47900000000007E+01,  1.67644175733580E+02,  2.89552375301091E+02
 1.91933333300000E+03, -3.11747961680382E-02, -5.38461500000000E-02, -2.61106408674237E+01,  8.49700000000007E+01,  1.63956164586259E+02,  2.92759394881306E+02
 1.91941666700000E+03, -1.01489624728706E-02, -9.23077000000000E-02, -2.60939165703717E+01,  8.51500000000007E+01,  1.46145683841916E+02,  3.18379897541572E+02
 1.91950000000000E+03,  5.34304014897134E-04, -2.11538500000000E-01, -2.60773252920323E+01,  8.53300000000007E+01,  3.40072586369314E+02,  4.98897250720775E+02
 1.91958333300000E+03, -1.25512041267928E-02, -4.01923000000000E-01, -2.60608648941944E+01,  8.55100000000007E+01,  4.33713039052896E+02,  7.59762370914657E+02
 1.91966666700000E+03, -8.01993659121855E-02, -6.36538250000000E-01, -2.70599273631509E+01,  8.56900000000007E+01,  4.39883841055381E+02,  6.66584895795569E+02
 1.91975000000000E+03, -2.04685428066651E-01, -7.28846000000000E-01, -2.71136485336743E+01,  8.58700000000007E+01,  4.31207682218279E+02,  6.69972922200376E+02
 1.91983333300000E+03, -3.42476520171881E-01, -7.59615250000000E-01, -2.71672313644722E+01,  8.60500000000008E+01,  6.23955929535262E+02,  7.03424594745526E+02
 1.91991666700000E+03, -4.61538286759398E-01, -7.96153750000000E-01, -2.72206711448572E+01,  8.62300000000008E+01,  6.50057158275808E+02,  6.40473794620536E+02
 1.92000000000000E+03, -5.52886370977627E-01, -8.00000000000000E-01, -2.72739631767505E+01,  8.64100000000008E+01,  5.26558990658982E+02,  3.37931410088221E+02
 1.92008333300000E+03, -6.08273515754154E-01, -8.09615250000000E-01, -2.73271027752226E+01,  8.65900000000008E+01,  5.04578020440569E+02,  2.57679805261053E+02
 1.92016666700000E+03, -6.19690910203270E-01, -8.05769000000000E-01, -2.73800852690317E+01,  8.67700000000008E+01,  7.46391438669008E+02,  4.37512690983813E+02
 1.92025000000000E+03, -5.84459472254914E-01, -8.36537750000000E-01, -2.74329060011615E+01,  8.69500000000008E+01,  5.98749246210778E+02,  4.96547019036331E+02
 1.92033333300000E+03, -5.10218383153228E-01, -9.40383500000000E-01, -2.74855603293561E+01,  8.71300000000008E+01,  4.28042837827262E+02,  3.79719701202235E+02
 1.92041666700000E+03, -4.13218380059305E-01, -9.82692000000000E-01, -2.75380436266535E+01,  8.73100000000008E+01,  3.85643064934688E+02,  3.54094025587418E+02
 1.92050000000000E+03, -3.09511276550587E-01, -9.13461750000000E-01, -2.75903512819180E+01,  8.74900000000008E+01,  5.02143497240416E+02,  6.70802154759544E+02
 1.92058333300000E+03, -4.45208771890023E-01, -8.63461500000000E-01, -2.76424787003688E+01,  8.76700000000008E+01,  2.78380774235213E+02,  5.74306270300069E+02
 1.92066666700000E+03, -8.30321624764901E-01, -8.26923000000000E-01, -2.15143247514316E+01,  8.78500000000008E+01,  3.05868443129026E+02,  4.49719569562335E+02
 1.92075000000000E+03, -9.91493778933690E-01, -7.98076750000000E-01, -2.14866531066724E+01,  8.80300000000008E+01,  2.73023051239723E+02,  5.19699668643462E+02
 1.92083333300000E+03, -9.12360532686547E-01, -8.32692000000000E-01, -2.14590073999220E+01,  8.82100000000008E+01,  2.74936036503641E+02,  5.23200375130318E+02
 1.92091666700000E+03, -8.28728008993501E-01, -7.76922750000000E-01, -2.14313906534375E+01,  8.83900000000008E+01,  1.87773389781616E+02,  2.35897266784213E+02
 1.92100000000000E+03, -7.55381930781894E-01, -6.34615000000000E-01, -2.14038059079673E+01,  8.85700000000008E+01,  1.79027823107175E+02,  1.59226129497850E+02
 1.92108333300000E+03, -6.99834655961014E-01, -5.44230500000000E-01, -2.13762562223220E+01,  8.87500000000009E+01,  1.63160059167374E+02,  1.77331281073890E+02
 1.92116666700000E+03, -6.60124563549332E-01, -4.82692250000000E-01, -2.13487446729425E+01,  8.89300000000009E+01,  1.48223557596735E+02,  2.00539690042746E+02
 1.92125000000000E+03, -6.30304362177954E-01, -3.94230750000000E-01, -2.13212743534640E+01,  8.91100000000009E+01,  2.58018298134248E+02,  4.56105405199681E+02
 1.92133333300000E+03, -6.07649767070713E-01, -3.42307750000000E-01, -2.12938483742770E+01,  8.92900000000009E+01,  2.20319423964915E+02,  5.34326116158787E+02
 1.92141666700000E+03, -5.94332854486294E-01, -4.03846250000000E-01, -2.12664698620855E+01,  8.94700000000009E+01,  2.47294514541172E+02,  8.25385775655101E+02
 1.92150000000000E+03, -5.92276870062339E-01, -5.26923000000000E-01, -2.12391419594615E+01,  8.96500000000009E+01,  1.87943749365092E+02,  8.61221154887235E+02
 1.92158333300000E+03, -5.41196272576314E-01, -6.15384500000000E-01, -2.12118678243972E+01,  8.98300000000009E+01,  2.63161083137721E+02,  8.42208498278021E+02
 1.92166666700000E+03, -4.37709407326310E-01, -5.80769250000000E-01, -2.41129025333756E+01,  9.00100000000009E+01,  1.62588784923495E+02,  5.70598638341208E+02
 1.92175000000000E+03, -3.91848846340642E-01, -4.98077000000000E-01, -2.41099596970591E+01,  9.01900000000009E+01,  2.11397719151635E+02,  4.79319190845030E+02
 1.92183333300000E+03, -3.96072186450329E-01, -5.11538500000000E-01, -2.41074080684515E+01,  9.03700000000009E+01,  2.55153045749868E+02,  3.63781366749932E+02
 1.92191666700000E+03, -3.94436554671499E-01, -6.09615250000000E-01, -2.41052496547206E+01,  9.05500000000009E+01,  2.52902435789659E+02,  4.28258013583622E+02
 1.92200000000000E+03, -3.95539152647365E-01, -7.80769000000000E-01, -2.41034864245794E+01,  9.07300000000009E+01,  1.92866016876254E+02,  3.88550871235075E+02
 1.92208333300000E+03, -4.02869903491028E-01, -9.63461250000000E-01, -2.41021203079129E+01,  9.09100000000009E+01,  1.82546188989414E+02,  4.28297806410575E+02
 1.92216666700000E+03, -4.12985481963151E-01, -9.84615000000000E-01, -2.41011531954103E+01,  9.10900000000009E+01,  2.28963318837896E+02,  6.59564197402701E+02
 1.92225000000000E+03, -4.20878554960844E-01, -8.84615250000000E-01, -2.41005869382027E+01,  9.12700000000009E+01,  3.02388990815612E+02,  5.59825268302099E+02
 1.92233333300000E+03, -4.26637717275251E-01, -8.78846250000000E-01, -2.41004233475054E+01,  9.14500000000010E+01,  3.04550743378577E+02,  4.65773802183294E+02
 1.92241666700000E+03, -4.36293560226671E-01, -9.26923000000000E-01, -2.41006641942654E+01,  9.16300000000010E+01,  3.30170814077381E+02,  4.46841019396556E+02
 1.92250000000000E+03, -4.55766798307737E-01, -9.11538250000000E-01, -2.41013112088147E+01,  9.18100000000010E+01,  3.46225963493795E+02,  4.46406703507113E+02
 1.92258333300000E+03, -4.87528546971581E-01, -8.46153750000000E-01, -2.41023660805285E+01,  9.19900000000010E+01,  3.22454874870016E+02,  3.14128521335525E+02
 1.92266666700000E+03, -5.23982977143151E-01, -7.50000000000000E-01, -3.00479125705814E+01,  9.21700000000010E+01,  1.63368303163627E+02,  2.67582956363443E+02
 1.92275000000000E+03, -5.36709182924776E-01, -6.86538500000000E-01, -3.01043334714331E+01,  9.23500000000010E+01,  1.61330491869940E+02,  2.40606362613447E+02
 1.92283333300000E+03, -5.00799539992237E-01, -6.48077000000000E-01, -3.01607762631937E+01,  9.25300000000010E+01,  1.65427610704497E+02,  2.75542291250597E+02
 1.92291666700000E+03, -4.26429295560898E-01, -6.01923000000000E-01, -3.02172359103365E+01,  9.27100000000010E+01,  1.94001418357798E+02,  2.38684506046554E+02
 1.92300000000000E+03, -3.43487582516023E-01, -5.36538250000000E-01, -3.02737073712443E+01,  9.28900000000010E+01,  1.37536344438729E+02,  2.61520849296642E+02
 1.92308333300000E+03, -2.76494221376191E-01, -4.61538500000000E-01, -3.03301855988048E+01,  9.30700000000010E+01,  1.36251702136683E+02,  2.93462353864430E+02
 1.92316666700000E+03, -2.38154636245536E-01, -4.26923250000000E-01, -3.03866655410074E+01,  9.32500000000010E+01,  1.36287486719731E+02,  3.55102646916381E+02
 1.92325000000000E+03, -2.31483291086724E-01, -4.90384500000000E-01, -3.04431421415410E+01,  9.34300000000010E+01,  1.40108473139495E+02,  4.39751589249430E+02
 1.92333333300000E+03, -2.55326477705726E-01, -6.61538250000000E-01, -3.04996103403913E+01,  9.36100000000010E+01,  1.85118449611138E+02,  5.25328696514905E+02
 1.92341666700000E+03, -3.06365291279645E-01, -7.86538500000000E-01, -3.05560650744405E+01,  9.37900000000010E+01,  2.59620826835256E+02,  4.10422770907729E+02
 1.92350000000000E+03, -3.76112672085452E-01, -7.55769500000000E-01, -3.06125012780657E+01,  9.39700000000011E+01,  3.11305362831454E+02,  4.36543956004862E+02
 1.92358333300000E+03, -2.74778634688371E-01, -5.76923250000000E-01, -3.06689138837396E+01,  9.41500000000011E+01,  3.57346051957652E+02,  3.72714102090526E+02
 1.92366666700000E+03,  7.11235838497529E-03, -3.25000000000000E-01, -2.77300367062894E+01,  9.43300000000011E+01,  4.37052146116551E+02,  3.03793899482387E+02
 1.92375000000000E+03,  1.17388314540610E-01, -1.42307800000000E-01, -2.77041836641533E+01,  9.45100000000011E+01,  3.47878699229927E+02,  2.60270003218100E+02
 1.92383333300000E+03,  5.26174560261977E-02, -8.26923500000000E-02, -2.76782317530127E+01,  9.46900000000011E+01,  2.48108752968770E+02,  2.38303190910254E+02
 1.92391666700000E+03, -1.48252833593751E-02, -1.07692050000000E-01, -2.76521826268183E+01,  9.48700000000011E+01,  2.30204954731632E+02,  2.04791507020920E+02
 1.92400000000000E+03, -8.78101234736071E-02, -1.36538250000000E-01, -2.76260379764205E+01,  9.50500000000011E+01,  2.25900361786440E+02,  2.15382019198496E+02
 1.92408333300000E+03, -1.63775431425770E-01, -1.46154000000000E-01, -2.75997995293697E+01,  9.52300000000011E+01,  1.27458842450977E+02,  2.25134787023819E+02
 1.92416666700000E+03, -2.34182873637015E-01, -1.51923250000000E-01, -2.75734690497100E+01,  9.54100000000011E+01,  1.25655158771742E+02,  2.34862896484625E+02
 1.92425000000000E+03, -2.90813601742815E-01, -1.15384550000000E-01, -2.75470483377669E+01,  9.55900000000011E+01,  1.19471385880396E+02,  2.36896850192119E+02
 1.92433333300000E+03, -3.32793869467659E-01, -1.17307600000000E-01, -2.75205392299284E+01,  9.57700000000011E+01,  1.92309240891794E+02,  3.12536191700113E+02
 1.92441666700000E+03, -3.67191203033649E-01, -2.00000050000000E-01, -2.74939435984205E+01,  9.59500000000011E+01,  2.06798933218018E+02,  3.45449221697910E+02
 1.92450000000000E+03, -4.02206146270496E-01, -2.73077000000000E-01, -2.74672633510766E+01,  9.61300000000011E+01,  2.38975588361594E+02,  3.24752985313671E+02
 1.92458333300000E+03, -4.22459402563610E-01, -3.25000000000000E-01, -2.74405004310999E+01,  9.63100000000011E+01,  2.34657094676462E+02,  3.44497140662510E+02
 1.92466666700000E+03, -4.26105386976408E-01, -4.51923250000000E-01, -2.66549303602762E+01,  9.64900000000011E+01,  3.55887039651038E+02,  4.74618387240710E+02
 1.92475000000000E+03, -4.41514068599677E-01, -7.38461000000000E-01, -2.66267601106673E+01,  9.66700000000012E+01,  2.64662139184062E+02,  4.57314093807228E+02
 1.92483333300000E+03, -4.57942057565020E-01, -1.02692275000000E+00, -2.65985817052196E+01,  9.68500000000012E+01,  2.30130463936902E+02,  4.60870547684557E+02
 1.92491666700000E+03, -4.57296834579031E-01, -1.21154000000000E+00, -2.65703980450267E+01,  9.70300000000012E+01,  1.98122567856772E+02,  6.99031178078199E+02
 1.92500000000000E+03, -4.47497867462485E-01, -1.33846250000000E+00, -2.65422120558371E+01,  9.72100000000012E+01,  2.15389772422143E+02,  6.53307894896789E+02
 1.92508333300000E+03, -4.31977916032500E-01, -1.34038500000000E+00, -2.65140266876385E+01,  9.73900000000012E+01,  1.47412219860650E+02,  6.12912630951796E+02
 1.92516666700000E+03, -4.07845032586301E-01, -1.20577000000000E+00, -2.64858449142395E+01,  9.75700000000012E+01,  1.33155972643409E+02,  4.95222256384886E+02
 1.92525000000000E+03, -3.71203635596015E-01, -1.01730725000000E+00, -2.64576697328448E+01,  9.77500000000012E+01,  1.97249262020494E+02,  6.29829047473326E+02
 1.92533333300000E+03, -3.23733618383553E-01, -7.80768500000000E-01, -2.64295041636279E+01,  9.79300000000012E+01,  1.88057292520457E+02,  3.45281927807163E+02
 1.92541666700000E+03, -2.73428515151439E-01, -4.99999750000000E-01, -2.64013512492986E+01,  9.81100000000012E+01,  2.03280699074743E+02,  3.54272822580623E+02
 1.92550000000000E+03, -2.28415964100202E-01, -2.98076750000000E-01, -2.63732140546664E+01,  9.82900000000012E+01,  1.52048831062205E+02,  2.94223719567776E+02
 1.92558333300000E+03, -2.80361376730887E-01, -1.92307775000000E-01, -2.63450956662003E+01,  9.84700000000012E+01,  2.15487546654965E+02,  3.29733153008913E+02
 1.92566666700000E+03, -4.11856851019688E-01, -1.50000050000000E-01, -2.74513517965247E+01,  9.86500000000012E+01,  1.29157232033935E+02,  1.64385061236443E+02
 1.92575000000000E+03, -4.17862872490588E-01, -1.24999900000000E-01, -2.75010154651699E+01,  9.88300000000012E+01,  1.10436134414611E+02,  2.24711504664828E+02
 1.92583333300000E+03, -2.99188361043284E-01,  4.03847500000000E-02, -2.75509251224243E+01,  9.90100000000012E+01,  8.40799119815463E+01,  2.10375553692621E+02
 1.92591666700000E+03, -1.64470882753975E-01,  2.53846375000000E-01, -2.76010766946318E+01,  9.91900000000012E+01,  9.11866071707479E+01,  2.77890331493494E+02
 1.92600000000000E+03, -2.88871937617080E-02,  3.75000250000000E-01, -2.76514660759601E+01,  9.93700000000013E+01,  7.86040661680932E+01,  2.78527790392538E+02
 1.92608333300000E+03,  1.00915333282237E-01,  4.98077000000000E-01, -2.77020891288609E+01,  9.95500000000013E+01,  9.11473363302146E+01,  3.26944996164789E+02
 1.92616666700000E+03,  2.28758935877050E-01,  6.71153750000000E-01, -2.77529416845354E+01,  9.97300000000013E+01,  1.44524184621208E+02,  3.00094817620974E+02
 1.92625000000000E+03,  3.62653917908289E-01,  7.46153750000000E-01, -2.78040195434031E+01,  9.99100000000013E+01,  1.75160628925122E+02,  2.99515607335537E+02
 1.92633333300000E+03,  5.06383404746774E-01,  6.42307500000000E-01, -2.78553184755760E+01,  1.00090000000001E+02,  1.73731158244695E+02,  2.25536394681132E+02
 1.92641666700000E+03,  6.56458755037411E-01,  4.24999800000000E-01, -2.79068342213368E+01,  1.00270000000001E+02,  2.27548109716687E+02,  1.82577604729944E+02
 1.92650000000000E+03,  8.06067563023548E-01,  1.73076900000000E-01, -2.79585624916211E+01,  1.00450000000001E+02,  2.97879901316189E+02,  1.13291694191133E+02
 1.92658333300000E+03,  7.36511969663740E-01,  2.50000250000000E-02, -2.80104989685038E+01,  1.00630000000001E+02,  3.13846389547020E+02,  7.16226572552112E+01
 1.92666666700000E+03,  4.13165092477903E-01, -4.61539500000000E-02, -2.59306067488066E+01,  1.00810000000001E+02,  4.43594097239607E+02,  1.62548823798831E+02
 1.92675000000000E+03,  2.35207574092547E-01, -4.03848750000000E-02, -2.59032173601983E+01,  1.00990000000001E+02,  5.18651479297127E+02,  1.73842465677431E+02
 1.92683333300000E+03,  2.43193298104582E-01,  4.61536250000000E-02, -2.58759017614602E+01,  1.01170000000001E+02,  4.83867492070472E+02,  1.96687881292702E+02
 1.92691666700000E+03,  2.54840359562075E-01,  3.26922250000000E-02, -2.58486633479861E+01,  1.01350000000001E+02,  5.42205206371492E+02,  2.53794597569254E+02
 1.92700000000000E+03,  2.61979855395526E-01, -3.84615500000000E-02, -2.58215055278248E+01,  1.01530000000001E+02,  5.42805725174256E+02,  3.16613185138019E+02
 1.92708333300000E+03,  2.60486370400746E-01, -3.26923000000000E-02, -2.57944317211713E+01,  1.01710000000001E+02,  4.68907678435862E+02,  4.64738206194640E+02
 1.92716666700000E+03,  2.52151173619623E-01,  4.80768250000000E-02, -2.57674453598576E+01,  1.01890000000001E+02,  3.96735426412385E+02,  4.27108772668956E+02
 1.92725000000000E+03,  2.39652117234323E-01,  8.07690250000000E-02, -2.57405498868388E+01,  1.02070000000001E+02,  4.43255934704943E+02,  5.27474540671225E+02
 1.92733333300000E+03,  2.20467731173009E-01,  1.01922850000000E-01, -2.57137487556786E+01,  1.02250000000001E+02,  3.29428880998400E+02,  5.55031157172904E+02
 1.92741666700000E+03,  1.86722466951601E-01,  1.78845925000000E-01, -2.56870454300311E+01,  1.02430000000001E+02,  2.63050822388895E+02,  5.67274467288017E+02
 1.92750000000000E+03,  1.31891323260157E-01,  1.40384525000000E-01, -2.56604433831208E+01,  1.02610000000001E+02,  2.53853535111247E+02,  3.10057327812659E+02
 1.92758333300000E+03, -5.11338866351007E-02,  9.80769250000000E-02, -2.56339460972203E+01,  1.02790000000001E+02,  2.42595039995992E+02,  3.08627625522153E+02
 1.92766666700000E+03, -2.71604274294598E-01,  1.73076775000000E-01, -3.63555709108487E+01,  1.02970000000001E+02,  2.17903572925790E+02,  2.45219599377782E+02
 1.92775000000000E+03, -2.24649995332867E-01,  3.17307500000000E-01, -3.64116698041119E+01,  1.03150000000001E+02,  2.01019941489525E+02,  2.03377509614230E+02
 1.92783333300000E+03, -2.64497389571033E-03,  5.03846250000000E-01, -3.64676530194501E+01,  1.03330000000001E+02,  2.63803956340883E+02,  1.43307776419369E+02
 1.92791666700000E+03,  1.78559602223146E-01,  5.84615750000000E-01, -3.65235153391494E+01,  1.03510000000001E+02,  2.16774385719804E+02,  1.81761339723363E+02
 1.92800000000000E+03,  2.95513909712917E-01,  5.80769500000000E-01, -3.65792515559054E+01,  1.03690000000001E+02,  3.98770577732479E+02,  3.61028144288473E+02
 1.92808333300000E+03,  3.40535710211754E-01,  6.30769250000000E-01, -3.66348564734596E+01,  1.03870000000001E+02,  4.18803362526838E+02,  3.95858992582381E+02
 1.92816666700000E+03,  3.23896353991926E-01,  6.61538500000000E-01, -3.66903249072337E+01,  1.04050000000001E+02,  4.98638732923636E+02,  3.72169894815443E+02
 1.92825000000000E+03,  2.66549053022135E-01,  5.13461750000000E-01, -3.67456516849632E+01,  1.04230000000001E+02,  4.61052063492410E+02,  5.08210519600687E+02
 1.92833333300000E+03,  1.89818740691662E-01,  2.84615500000000E-01, -3.68008316473290E+01,  1.04410000000001E+02,  5.03842939263257E+02,  5.99006182912631E+02
 1.92841666700000E+03,  1.10055765877718E-01,  1.98076750000000E-01, -3.68558596485867E+01,  1.04590000000001E+02,  3.52976579223130E+02,  4.24656084423402E+02
 1.92850000000000E+03,  4.03848919185401E-02,  2.82692000000000E-01, -3.69107305571956E+01,  1.04770000000001E+02,  4.19133459662272E+02,  4.32699166344833E+02
 1.92858333300000E+03,  1.12229827917387E-01,  4.80769000000000E-01, -3.69654392564444E+01,  1.04950000000001E+02,  3.28650742160040E+02,  5.76403874984601E+02
 1.92866666700000E+03,  3.36233722556173E-01,  7.01923000000000E-01, -3.42659354511003E+01,  1.05130000000001E+02,  3.13651005987042E+02,  4.58063284839871E+02
 1.92875000000000E+03,  4.67549199898513E-01,  8.09615250000000E-01, -3.43226372424902E+01,  1.05310000000001E+02,  3.13387576214695E+02,  5.78006673401182E+02
 1.92883333300000E+03,  4.77357351363575E-01,  7.44230500000000E-01, -3.43794161106186E+01,  1.05490000000001E+02,  5.50398962402267E+02,  9.51700991238960E+02
 1.92891666700000E+03,  4.59481217242398E-01,  5.69230500000000E-01, -3.44362668999063E+01,  1.05670000000001E+02,  4.31366531487709E+02,  9.55492560281065E+02
 1.92900000000000E+03,  4.02165940667076E-01,  4.24999750000000E-01, -3.44931844416917E+01,  1.05850000000002E+02,  5.69174311778612E+02,  8.16745297757631E+02
 1.92908333300000E+03,  3.05037142685341E-01,  3.36538250000000E-01, -3.45501635548565E+01,  1.06030000000002E+02,  6.42662724402516E+02,  1.12351665987429E+03
 1.92916666700000E+03,  1.81469086507588E-01,  1.82692125000000E-01, -3.46071990464529E+01,  1.06210000000002E+02,  5.70471991667765E+02,  9.08950779765654E+02
 1.92925000000000E+03,  5.19800538559374E-02,  1.92307000000000E-02, -3.46642857123324E+01,  1.06390000000002E+02,  5.07141682975623E+02,  6.59249556236120E+02
 1.92933333300000E+03, -6.52822206205208E-02, -4.99999750000000E-02, -3.47214183377766E+01,  1.06570000000002E+02,  5.51859414218918E+02,  7.94371668486783E+02
 1.92941666700000E+03, -1.59239469058326E-01, -9.80768000000000E-02, -3.47785916981304E+01,  1.06750000000002E+02,  4.54551515615109E+02,  7.72417398200029E+02
 1.92950000000000E+03, -2.23747571821252E-01, -2.21153500000000E-01, -3.48358005594345E+01,  1.06930000000002E+02,  4.07450000980584E+02,  5.32995153642495E+02
 1.92958333300000E+03, -2.81498249712088E-01, -3.71153500000000E-01, -3.48930396790625E+01,  1.07110000000002E+02,  4.61815172272155E+02,  5.55244373632996E+02
 1.92966666700000E+03, -3.66512431751438E-01, -4.36538250000000E-01, -2.62760528499098E+01,  1.07290000000002E+02,  2.77739241700052E+02,  4.87242006995230E+02
 1.92975000000000E+03, -4.63869675320563E-01, -5.69230500000000E-01, -2.63181455532593E+01,  1.07470000000002E+02,  2.34167426454878E+02,  2.75179856423838E+02
 1.92983333300000E+03, -5.42956898348945E-01, -8.11538250000000E-01, -2.63605762152948E+01,  1.07650000000002E+02,  5.51734692318876E+02,  7.54741947430130E+02
 1.92991666700000E+03, -5.96690863566684E-01, -9.40384500000000E-01, -2.64033417271102E+01,  1.07830000000002E+02,  5.24947040207469E+02,  6.51263333862805E+02
 1.93000000000000E+03, -6.24494562010930E-01, -9.59615250000000E-01, -2.64464389375499E+01,  1.08010000000002E+02,  4.62073208778811E+02,  6.43283610963393E+02
 1.93008333300000E+03, -6.23427533544022E-01, -9.07692250000000E-01, -2.64898646535347E+01,  1.08190000000002E+02,  4.78699527198476E+02,  5.92925671591405E+02
 1.93016666700000E+03, -5.87752142730237E-01, -7.76923000000000E-01, -2.65336156403934E+01,  1.08370000000002E+02,  5.09149538105393E+02,  6.86906489190359E+02
 1.93025000000000E+03, -5.14957828473612E-01, -6.73076750000000E-01, -2.65776886222013E+01,  1.08550000000002E+02,  3.41704226518085E+02,  4.28445299497116E+02
 1.93033333300000E+03, -4.12221603370303E-01, -6.28846000000000E-01, -2.66220802821233E+01,  1.08730000000002E+02,  3.29458536206527E+02,  4.89799367849600E+02
 1.93041666700000E+03, -2.96264156409032E-01, -5.67307750000000E-01, -2.66667872627633E+01,  1.08910000000002E+02,  4.11829573924884E+02,  6.49672985631675E+02
 1.93050000000000E+03, -1.85736478600343E-01, -4.75000250000000E-01, -2.67118061665194E+01,  1.09090000000002E+02,  4.32571930279884E+02,  6.43237990585159E+02
 1.93058333300000E+03, -2.07750157042398E-01, -3.76923250000000E-01, -2.67571335559446E+01,  1.09270000000002E+02,  3.52461598675856E+02,  5.42228208872678E+02
 1.93066666700000E+03, -3.70707386332483E-01, -3.03846250000000E-01, -2.64827688367756E+01,  1.09450000000002E+02,  2.37312525259736E+02,  4.55687895564298E+02
 1.93075000000000E+03, -4.37617901414429E-01, -3.19231000000000E-01, -2.64545945574203E+01,  1.09630000000002E+02,  4.50574016715566E+02,  6.75602824999765E+02
 1.93083333300000E+03, -3.83642340976289E-01, -2.61538750000000E-01, -2.64264302213079E+01,  1.09810000000002E+02,  4.15783284706746E+02,  4.68710861687357E+02
 1.93091666700000E+03, -3.17685016112221E-01, -7.11539500000000E-02, -2.63982788735818E+01,  1.09990000000002E+02,  4.00640072093804E+02,  4.87204432855035E+02
 1.93100000000000E+03, -2.52728347198277E-01,  6.73076000000000E-02, -2.63701435814375E+01,  1.10170000000002E+02,  3.96183204237859E+02,  4.96923263157674E+02
 1.93108333300000E+03, -1.96536614251449E-01,  1.61538300000000E-01, -2.63420274336817E+01,  1.10350000000002E+02,  4.57659958793969E+02,  4.95297661014981E+02
 1.93116666700000E+03, -1.49348018313869E-01,  2.05769250000000E-01, -2.63139335402869E+01,  1.10530000000002E+02,  2.89278577943973E+02,  3.91901136635966E+02
 1.93125000000000E+03, -1.08802211002484E-01,  1.25000100000000E-01, -2.62858650319429E+01,  1.10710000000002E+02,  2.46825749991622E+02,  3.87292975482007E+02
 1.93133333300000E+03, -7.62631074627802E-02,  3.84615750000000E-02, -2.62578250596036E+01,  1.10890000000002E+02,  3.48044155289162E+02,  3.84710903743006E+02
 1.93141666700000E+03, -5.74885957797710E-02,  6.15386000000000E-02, -2.62298167940308E+01,  1.11070000000002E+02,  3.95488933801262E+02,  3.59934938036884E+02
 1.93150000000000E+03, -5.66010838032901E-02,  1.84615625000000E-01, -2.62018434253333E+01,  1.11250000000002E+02,  3.24840384660394E+02,  3.22599064365095E+02
 1.93158333300000E+03, -9.92086248632383E-03,  3.94231000000000E-01, -2.61739081625032E+01,  1.11430000000002E+02,  2.77192742625920E+02,  1.98889664337617E+02
 1.93166666700000E+03,  1.15269320888942E-01,  5.00000250000000E-01, -3.90803068343072E+01,  1.11610000000002E+02,  2.77521823002074E+02,  2.02813296253682E+02
 1.93175000000000E+03,  2.26884292511862E-01,  4.51923250000000E-01, -3.91232713907904E+01,  1.11790000000002E+02,  1.38527538166066E+02,  3.07576495259538E+02
 1.93183333300000E+03,  2.95136587925698E-01,  4.84615500000000E-01, -3.91658697887525E+01,  1.11970000000002E+02,  1.73100594020310E+02,  4.29789539139146E+02
 1.93191666700000E+03,  3.43490111186704E-01,  4.86538500000000E-01, -3.92080982063792E+01,  1.12150000000002E+02,  1.34998888633237E+02,  5.35615823562211E+02
 1.93200000000000E+03,  3.59552285408466E-01,  3.65384500000000E-01, -3.92499528623158E+01,  1.12330000000002E+02,  2.08426797662602E+02,  5.00470803149576E+02
 1.93208333300000E+03,  3.38638875038877E-01,  2.71153750000000E-01, -3.92914300161100E+01,  1.12510000000002E+02,  2.69382393992222E+02,  6.50437535287440E+02
 1.93216666700000E+03,  2.85902589843052E-01,  1.34615325000000E-01, -3.93325259686491E+01,  1.12690000000002E+02,  4.45077910077406E+02,  6.85828634676971E+02
 1.93225000000000E+03,  2.10876354544202E-01, -5.76923500000000E-02, -3.93732370625906E+01,  1.12870000000002E+02,  5.21937856967185E+02,  7.27571327092832E+02
 1.93233333300000E+03,  1.20361204941082E-01, -1.28846150000000E-01, -3.94135596827886E+01,  1.13050000000002E+02,  4.95359508216411E+02,  5.47058335242041E+02
 1.93241666700000E+03,  1.68394414178507E-02, -9.61539500000000E-02, -3.94534902567129E+01,  1.13230000000002E+02,  5.40365398162398E+02,  5.82521026735388E+02
 1.93250000000000E+03, -9.63922095933092E-02, -4.80772250000000E-02, -3.94930252548635E+01,  1.13410000000002E+02,  5.14854733070961E+02,  5.08256629782129E+02
 1.93258333300000E+03, -2.57626981956479E-01, -3.46157500000000E-02, -3.95321611911781E+01,  1.13590000000002E+02,  3.49488930810192E+02,  3.59039636953993E+02
 1.93266666700000E+03, -4.12398492167517E-01, -1.23077250000000E-01, -3.88558639128353E+01,  1.13770000000002E+02,  2.18517862358990E+02,  1.94845846066322E+02
 1.93275000000000E+03, -4.13135781142023E-01, -1.73077250000000E-01, -3.89130249705306E+01,  1.13950000000002E+02,  2.54521718691994E+02,  2.44085530223593E+02
 1.93283333300000E+03, -2.97737152776934E-01, -2.17308000000000E-01, -3.89702863329356E+01,  1.14130000000002E+02,  1.38259135812490E+02,  2.30484690969751E+02
 1.93291666700000E+03, -1.64064435568811E-01, -4.21154000000000E-01, -3.90276426775223E+01,  1.14310000000002E+02,  9.82318371890994E+01,  2.87058027545951E+02
 1.93300000000000E+03, -3.02614403846496E-02, -6.30769250000000E-01, -3.90850886652937E+01,  1.14490000000002E+02,  8.72612682492715E+01,  2.78225814851370E+02
 1.93308333300000E+03,  8.54365707129721E-02, -6.61538500000000E-01, -3.91426189414477E+01,  1.14670000000002E+02,  5.98217543377466E+01,  2.68532464519875E+02
 1.93316666700000E+03,  1.69817980328259E-01, -5.38461500000000E-01, -3.92002281360420E+01,  1.14850000000002E+02,  1.34320998192924E+02,  4.61909535604203E+02
 1.93325000000000E+03,  2.13696197558385E-01, -3.78846000000000E-01, -3.92579108646619E+01,  1.15030000000002E+02,  3.63439661833741E+02,  8.86008752550530E+02
 1.93333333300000E+03,  2.09483661481227E-01, -2.53846000000000E-01, -3.93156617290907E+01,  1.15210000000002E+02,  3.82699420193830E+02,  1.05464341149131E+03
 1.93341666700000E+03,  1.53203531630841E-01, -2.13461250000000E-01, -3.93734753179811E+01,  1.15390000000002E+02,  3.84395442060709E+02,  1.05445655990242E+03
 1.93350000000000E+03,  5.11131653333170E-02, -2.36538250000000E-01, -3.94313462075302E+01,  1.15570000000002E+02,  4.08742945524990E+02,  1.22958708145375E+03
 1.93358333300000E+03, -1.03775473674570E-02, -3.15384750000000E-01, -3.94892689621557E+01,  1.15750000000002E+02,  3.25176282146652E+02,  1.08437246948760E+03
 1.93366666700000E+03,  1.68014152433323E-03, -4.11538750000000E-01, -4.39975221981141E+01,  1.15930000000002E+02,  1.40980553882402E+02,  7.32348979807394E+02
 1.93375000000000E+03, -2.74630906824366E-02, -4.80769500000000E-01, -4.39587942638553E+01,  1.16110000000002E+02,  2.36953718745995E+02,  5.85689582453849E+02
 1.93383333300000E+03, -1.13247187035547E-01, -5.65384750000000E-01, -4.39198134720845E+01,  1.16290000000002E+02,  3.18660489950093E+02,  5.93865151522941E+02
 1.93391666700000E+03, -2.04278646593309E-01, -5.32692250000000E-01, -4.38805842105488E+01,  1.16470000000002E+02,  4.90697813625553E+02,  8.96756921496270E+02
 1.93400000000000E+03, -3.01006773790085E-01, -4.21153750000000E-01, -4.38411108791030E+01,  1.16650000000002E+02,  6.04411005619861E+02,  9.21093405145620E+02
 1.93408333300000E+03, -3.97833734066001E-01, -3.96154000000000E-01, -4.38013978890673E+01,  1.16830000000002E+02,  5.80184001452818E+02,  9.97388879023682E+02
 1.93416666700000E+03, -4.82814487432357E-01, -4.34615750000000E-01, -4.37614496625850E+01,  1.17010000000002E+02,  5.29020888161984E+02,  8.39475433374290E+02
 1.93425000000000E+03, -5.44659332103843E-01, -5.21154250000000E-01, -4.37212706319796E+01,  1.17190000000002E+02,  4.54379411910780E+02,  9.37598856853003E+02
 1.93433333300000E+03, -5.80727649868182E-01, -5.80769500000000E-01, -4.36808652391108E+01,  1.17370000000002E+02,  3.88503300968974E+02,  5.53228530440764E+02
 1.93441666700000E+03, -5.98531948858060E-01, -5.67307750000000E-01, -4.36402379347310E+01,  1.17550000000002E+02,  2.44716599161536E+02,  4.83171724700566E+02
 1.93450000000000E+03, -6.09427466737051E-01, -5.69230750000000E-01, -4.35993931778406E+01,  1.17730000000002E+02,  2.55488477415059E+02,  3.98411066346282E+02
 1.93458333300000E+03, -5.16599767809314E-01, -5.90384500000000E-01, -4.35583354350437E+01,  1.17910000000002E+02,  2.13280125208645E+02,  4.18236822964728E+02
 1.93466666700000E+03, -3.34328215628622E-01, -5.03846000000000E-01, -4.38892192633785E+01,  1.18090000000002E+02,  3.71198346354637E+02,  5.21005923399124E+02
 1.93475000000000E+03, -2.77934068701667E-01, -3.38461500000000E-01, -4.38497991473794E+01,  1.18270000000002E+02,  2.65593864154218E+02,  4.97527470425248E+02
 1.93483333300000E+03, -3.25564809878356E-01, -2.26923250000000E-01, -4.38101384032002E+01,  1.18450000000002E+02,  3.14478152524155E+02,  5.00138197219148E+02
 1.93491666700000E+03, -3.60521591120317E-01, -2.65384750000000E-01, -4.37702414506625E+01,  1.18630000000002E+02,  3.01726733840387E+02,  5.31287465073777E+02
 1.93500000000000E+03, -3.90335157118579E-01, -4.80769000000000E-01, -4.37301127199098E+01,  1.18810000000002E+02,  3.85155385960323E+02,  6.03699031641791E+02
 1.93508333300000E+03, -4.18763767722078E-01, -6.15384250000000E-01, -4.36897566507629E+01,  1.18990000000002E+02,  2.14766334294174E+02,  4.20125483999330E+02
 1.93516666700000E+03, -4.43746122953728E-01, -5.98076750000000E-01, -4.36491776920766E+01,  1.19170000000002E+02,  1.84655849965861E+02,  4.45076548062939E+02
 1.93525000000000E+03, -4.62338788268899E-01, -6.32692250000000E-01, -4.36083803010956E+01,  1.19350000000002E+02,  2.68009548508423E+02,  3.98213535209339E+02
 1.93533333300000E+03, -4.76793566197909E-01, -6.69230750000000E-01, -4.35673689428095E+01,  1.19530000000002E+02,  3.32488402695396E+02,  5.32411047752337E+02
 1.93541666700000E+03, -4.94759634253358E-01, -6.01923250000000E-01, -4.35261480893086E+01,  1.19710000000002E+02,  2.36886187447207E+02,  5.85752570998571E+02
 1.93550000000000E+03, -5.22633501670223E-01, -4.57692500000000E-01, -4.34847222191391E+01,  1.19890000000002E+02,  2.37985671313745E+02,  5.76919850190973E+02
 1.93558333300000E+03, -3.73325199072574E-01, -2.65384625000000E-01, -4.34430958166586E+01,  1.20070000000002E+02,  2.39015660154703E+02,  6.06550140251267E+02
 1.93566666700000E+03, -5.08161179533006E-02, -7.69230500000000E-02, -4.21954861911665E+01,  1.20250000000002E+02,  1.81012725492984E+02,  6.84373423004538E+02
 1.93575000000000E+03,  7.06723581746282E-02, -3.07692250000000E-02, -4.21640288036314E+01,  1.20430000000002E+02,  1.03608439750946E+02,  4.64075020277222E+02
 1.93583333300000E+03,  6.94599371862547E-03, -1.65384550000000E-01, -4.21328070770240E+01,  1.20610000000002E+02,  1.07117981278780E+02,  3.52294561068450E+02
 1.93591666700000E+03, -5.03278711378622E-02, -3.15384500000000E-01, -4.21018210546152E+01,  1.20790000000002E+02,  1.12225480355860E+02,  3.86727111379752E+02
 1.93600000000000E+03, -1.10756698909027E-01, -3.38461500000000E-01, -4.20710707324844E+01,  1.20970000000002E+02,  1.07465666443719E+02,  2.72859571869080E+02
 1.93608333300000E+03, -1.77819527386943E-01, -1.96153900000000E-01, -4.20405560596871E+01,  1.21150000000002E+02,  1.41559744063361E+02,  3.10692717631511E+02
 1.93616666700000E+03, -2.47067239782596E-01, -3.65385000000000E-02, -4.20102769384309E+01,  1.21330000000002E+02,  1.32232970609199E+02,  2.92421536862869E+02
 1.93625000000000E+03, -3.11655694890549E-01,  1.92307500000000E-03, -4.19802332242589E+01,  1.21510000000002E+02,  2.04959306267196E+02,  6.25624699108537E+02
 1.93633333300000E+03, -3.69284585603304E-01,  3.65384750000000E-02, -4.19504247262413E+01,  1.21690000000002E+02,  2.70844760770832E+02,  7.93654516434802E+02
 1.93641666700000E+03, -4.23400351060665E-01,  4.03846250000000E-02, -4.19208512071735E+01,  1.21870000000002E+02,  2.93289797576774E+02,  8.55401862067611E+02
 1.93650000000000E+03, -4.77531676854687E-01, -1.00000025000000E-01, -4.18915123837833E+01,  1.22050000000002E+02,  3.98624955632311E+02,  9.19425787244962E+02
 1.93658333300000E+03, -5.24163063426673E-01, -2.75000100000000E-01, -4.18624079269443E+01,  1.22230000000002E+02,  4.20226052112373E+02,  9.01874486494603E+02
 1.93666666700000E+03, -5.40004067051540E-01, -3.94231000000000E-01, -4.51391490367641E+01,  1.22410000000002E+02,  3.51510900189874E+02,  5.71635044299148E+02
 1.93675000000000E+03, -5.13796649325055E-01, -5.28846500000000E-01, -4.51232711719454E+01,  1.22590000000002E+02,  3.55110083761216E+02,  4.14268629806418E+02
 1.93683333300000E+03, -4.62664566786782E-01, -6.36538750000000E-01, -4.51075054017778E+01,  1.22770000000002E+02,  3.54201080409534E+02,  3.75766910363097E+02
 1.93691666700000E+03, -4.05025423511178E-01, -6.17307750000000E-01, -4.50918489345766E+01,  1.22950000000002E+02,  1.95797138442283E+02,  2.35695489089607E+02
 1.93700000000000E+03, -3.50019726512554E-01, -5.69230750000000E-01, -4.50762989654054E+01,  1.23130000000002E+02,  2.22468750922589E+02,  2.61987279214019E+02
 1.93708333300000E+03, -3.01724833348407E-01, -5.51923250000000E-01, -4.50608526767145E+01,  1.23310000000002E+02,  2.24541190492370E+02,  4.16900010012757E+02
 1.93716666700000E+03, -2.57320391584462E-01, -5.61538750000000E-01, -4.50455072389813E+01,  1.23490000000002E+02,  2.63987139262847E+02,  4.52997196023881E+02
 1.93725000000000E+03, -2.12442529301725E-01, -5.07692500000000E-01, -4.50302598113520E+01,  1.23670000000002E+02,  2.51878848567182E+02,  5.86456610099855E+02
 1.93733333300000E+03, -1.67824216947896E-01, -2.71153922500000E-01, -4.50151075422853E+01,  1.23850000000002E+02,  2.20112861022816E+02,  5.82319806690026E+02
 1.93741666700000E+03, -1.30119454776641E-01, -6.73077200000000E-02, -4.50000475701968E+01,  1.24030000000002E+02,  1.99286346555198E+02,  5.65102063159540E+02
 1.93750000000000E+03, -1.05829445012542E-01, -1.73077225000000E-02, -4.49850770241057E+01,  1.24210000000002E+02,  2.34876243938147E+02,  5.18521282662542E+02
 1.93758333300000E+03, -3.52068045846580E-02, -2.49999750000000E-02, -4.49701930242820E+01,  1.24390000000002E+02,  1.77642762916469E+02,  4.38941632823834E+02
 1.93766666700000E+03,  5.34315585069703E-02, -8.84615500000000E-02, -4.89988136356884E+01,  1.24570000000002E+02,  1.91816395989891E+02,  3.16971459316634E+02
 1.93775000000000E+03,  1.31790101166433E-02, -1.38461750000000E-01, -4.90403548417316E+01,  1.24750000000002E+02,  2.02456881877581E+02,  2.75147113056737E+02
 1.93783333300000E+03, -1.17065116745021E-01, -1.36538750000000E-01, -4.90814812901774E+01,  1.24930000000002E+02,  3.05511471663365E+02,  4.75318420225621E+02
 1.93791666700000E+03, -2.41758605973011E-01, -1.76923250000000E-01, -4.91221891301774E+01,  1.25110000000002E+02,  2.49723050351449E+02,  3.34437454224586E+02
 1.93800000000000E+03, -3.60312650924547E-01, -3.03846250000000E-01, -4.91624745595513E+01,  1.25290000000002E+02,  2.54810930841863E+02,  4.84950656331626E+02
 1.93808333300000E+03, -4.68037856029515E-01, -4.17307750000000E-01, -4.92023338252516E+01,  1.25470000000002E+02,  2.89040370723513E+02,  5.58920177653383E+02
 1.93816666700000E+03, -5.55140459623852E-01, -5.01923000000000E-01, -4.92417632238208E+01,  1.25650000000002E+02,  4.11637719898856E+02,  6.97234528056507E+02
 1.93825000000000E+03, -6.12647905766205E-01, -6.51923000000000E-01, -4.92807591018418E+01,  1.25830000000002E+02,  3.00412156866070E+02,  5.43763742017236E+02
 1.93833333300000E+03, -6.39315429921908E-01, -8.74999000000000E-01, -4.93193178563808E+01,  1.26010000000002E+02,  3.06484331432109E+02,  6.24866042484351E+02
 1.93841666700000E+03, -6.42409851130394E-01, -1.05384400000000E+00, -4.93574359354230E+01,  1.26190000000002E+02,  2.56720892166485E+02,  4.55239424043017E+02
 1.93850000000000E+03, -6.31325883731162E-01, -1.08846000000000E+00, -4.93951098383006E+01,  1.26370000000002E+02,  2.41422327394929E+02,  4.66375508107592E+02
 1.93858333300000E+03, -5.56636275364030E-01, -1.09807750000000E+00, -4.94323361161143E+01,  1.26550000000002E+02,  1.83614706369564E+02,  3.14821328254326E+02
 1.93866666700000E+03, -4.15712929949270E-01, -1.10192525000000E+00, -3.95842461606469E+01,  1.26730000000002E+02,  1.67366523638383E+02,  2.54738882050443E+02
 1.93875000000000E+03, -3.10875110388068E-01, -1.06538550000000E+00, -3.95705752084158E+01,  1.26910000000002E+02,  1.72061286927297E+02,  1.99888560900803E+02
 1.93883333300000E+03, -2.42306911023645E-01, -1.06730775000000E+00, -3.95568691745201E+01,  1.27090000000002E+02,  1.82291228899382E+02,  1.99323141818506E+02
 1.93891666700000E+03, -1.65205034798585E-01, -1.01538575000000E+00, -3.95431255403784E+01,  1.27270000000002E+02,  1.68995541434895E+02,  1.20098031769758E+02
 1.93900000000000E+03, -9.13231190281366E-02, -8.96154500000000E-01, -3.95293418060807E+01,  1.27450000000002E+02,  8.64945179727034E+01,  1.11190876586983E+02
 1.93908333300000E+03, -2.69131686573748E-02, -7.23076750000000E-01, -3.95155154909313E+01,  1.27630000000002E+02,  1.50076519883431E+02,  1.51457436937251E+02
 1.93916666700000E+03,  2.93340461375684E-02, -4.59615250000000E-01, -3.95016441339888E+01,  1.27810000000002E+02,  1.51808622040382E+02,  1.89923751728447E+02
 1.93925000000000E+03,  8.10679036160457E-02, -2.28846050000000E-01, -3.94877252946021E+01,  1.27990000000002E+02,  3.13245381376250E+02,  2.51950067706509E+02
 1.93933333300000E+03,  1.27669485076811E-01, -2.49998500000000E-02, -3.94737565529424E+01,  1.28170000000002E+02,  3.44899456604522E+02,  2.38742987655237E+02
 1.93941666700000E+03,  1.63362367409935E-01,  2.28846450000000E-01, -3.94597355105320E+01,  1.28350000000002E+02,  3.75954274019841E+02,  2.36660383880188E+02
 1.93950000000000E+03,  1.83140153550577E-01,  4.28846500000000E-01, -3.94456597907688E+01,  1.28530000000002E+02,  4.49202203664868E+02,  3.76272623071699E+02
 1.93958333300000E+03,  2.20331804067468E-01,  5.63461750000000E-01, -3.94315270394462E+01,  1.28710000000002E+02,  4.75693363463868E+02,  4.19374508077876E+02
 1.93966666700000E+03,  2.81299040090906E-01,  7.28846250000000E-01, -3.92810618579158E+01,  1.28890000000002E+02,  3.50978991368711E+02,  4.17634366327862E+02
 1.93975000000000E+03,  3.09387319161262E-01,  8.42307750000000E-01, -3.92593916422978E+01,  1.29070000000002E+02,  4.02453054495991E+02,  8.40178502840699E+02
 1.93983333300000E+03,  3.07957684508955E-01,  8.28846250000000E-01, -3.92379714784100E+01,  1.29250000000002E+02,  3.72604082422399E+02,  8.97591405879021E+02
 1.93991666700000E+03,  3.04164390061395E-01,  7.48077000000000E-01, -3.92168052854465E+01,  1.29430000000002E+02,  3.55133542383736E+02,  8.20072713887990E+02
 1.94000000000000E+03,  2.89850833314664E-01,  6.55769000000000E-01, -3.91958969691423E+01,  1.29610000000002E+02,  4.61982990806597E+02,  8.91229611108736E+02
 1.94008333300000E+03,  2.62214823033518E-01,  6.09615000000000E-01, -3.91752504210949E+01,  1.29790000000002E+02,  4.72499234810971E+02,  9.76608748787806E+02
 1.94016666700000E+03,  2.25592345381242E-01,  5.57692000000000E-01, -3.91548695180863E+01,  1.29970000000002E+02,  5.08816895749530E+02,  6.16113628924601E+02
 1.94025000000000E+03,  1.86039022598035E-01,  3.94230500000000E-01, -3.91347581214072E+01,  1.30150000000002E+02,  4.91759128999072E+02,  5.56537550198764E+02
 1.94033333300000E+03,  1.44616220256906E-01,  2.71153750000000E-01, -3.91149200761822E+01,  1.30330000000002E+02,  3.72934829918972E+02,  4.41584271146448E+02
 1.94041666700000E+03,  9.64889808659199E-02,  3.15384750000000E-01, -3.90953592106970E+01,  1.30510000000002E+02,  3.57448454143657E+02,  3.03850676036925E+02
 1.94050000000000E+03,  3.69225168538503E-02,  3.59615500000000E-01, -3.90760793357265E+01,  1.30690000000002E+02,  2.99282651835493E+02,  2.04168147677269E+02
 1.94058333300000E+03, -1.83929029362966E-01,  2.94230750000000E-01, -3.90570842438659E+01,  1.30870000000002E+02,  1.78362242148465E+02,  2.52361874993666E+02
 1.94066666700000E+03, -5.36658438401654E-01,  2.19230750000000E-01, -4.43760128865868E+01,  1.31050000000002E+02,  2.12974913294503E+02,  3.55435805677933E+02
 1.94075000000000E+03, -6.86330779410693E-01,  1.88461500000000E-01, -4.43620841612644E+01,  1.31230000000002E+02,  2.54884041311517E+02,  4.42659793472239E+02
 1.94083333300000E+03, -6.48327023401457E-01,  1.51923000000000E-01, -4.43481148382331E+01,  1.31410000000002E+02,  1.52626823206737E+02,  5.27803989728845E+02
 1.94091666700000E+03, -6.00160077678953E-01,  1.19230750000000E-01, -4.43341023244834E+01,  1.31590000000002E+02,  1.43592357297526E+02,  4.78276624210126E+02
 1.94100000000000E+03, -5.51176235937461E-01,  1.21154000000000E-01, -4.43200440477672E+01,  1.31770000000002E+02,  1.60546946370406E+02,  5.05220405002417E+02
 1.94108333300000E+03, -5.05567726914545E-01,  1.75000250000000E-01, -4.43059374571735E+01,  1.31950000000002E+02,  2.68859883541998E+02,  4.71956740477580E+02
 1.94116666700000E+03, -4.60531653069238E-01,  2.78846250000000E-01, -4.42917800237012E+01,  1.32130000000002E+02,  2.63194175936284E+02,  5.71376611050668E+02
 1.94125000000000E+03, -4.11632764380449E-01,  3.61538250000000E-01, -4.42775692408267E+01,  1.32310000000003E+02,  2.95350082894791E+02,  4.74428549291213E+02
 1.94133333300000E+03, -3.59465103049663E-01,  3.98076750000000E-01, -4.42633026250673E+01,  1.32490000000003E+02,  3.03267574491978E+02,  5.17659938839389E+02
 1.94141666700000E+03, -3.10506892921174E-01,  3.92307750000000E-01, -4.42489777165411E+01,  1.32670000000003E+02,  2.77362626874495E+02,  3.73954468948681E+02
 1.94150000000000E+03, -2.71083039959174E-01,  3.36538500000000E-01, -4.42345920795214E+01,  1.32850000000003E+02,  1.87419732937997E+02,  3.47429246555625E+02
 1.94158333300000E+03, -2.29132519205034E-01,  3.17307750000000E-01, -4.42201433029868E+01,  1.33030000000003E+02,  3.94832844419047E+02,  1.86000252270398E+02
 1.94166666700000E+03, -1.75556880746725E-01,  3.46154000000000E-01, -4.15114836859895E+01,  1.33210000000003E+02,  3.52431406613403E+02,  1.77271541535975E+02
 1.94175000000000E+03, -1.25632263037033E-01,  3.17308000000000E-01, -4.14825284516531E+01,  1.33390000000003E+02,  4.01292808308788E+02,  2.61084771149286E+02
 1.94183333300000E+03, -8.36139306120179E-02,  2.90385000000000E-01, -4.14535214429149E+01,  1.33570000000003E+02,  4.48655225547245E+02,  4.88899211924075E+02
 1.94191666700000E+03, -4.94620567237570E-02,  3.25000250000000E-01, -4.14244655008502E+01,  1.33750000000003E+02,  5.70796436124445E+02,  7.35294759556756E+02
 1.94200000000000E+03, -3.36974103728987E-02,  3.21154000000000E-01, -4.13953635023737E+01,  1.33930000000003E+02,  3.44563889089702E+02,  7.15497469519300E+02
 1.94208333300000E+03, -4.08333899085030E-02,  2.57692500000000E-01, -4.13662183598126E+01,  1.34110000000003E+02,  3.33387087896434E+02,  7.43960831809987E+02
 1.94216666700000E+03, -6.74858949055802E-02,  1.40384775000000E-01, -4.13370330204733E+01,  1.34290000000003E+02,  2.89403609999560E+02,  6.69055091984249E+02
 1.94225000000000E+03, -1.07738221557846E-01,  2.69231275000000E-02, -4.13078104662013E+01,  1.34470000000003E+02,  2.39420129550927E+02,  4.73034174382802E+02
 1.94233333300000E+03, -1.59857405905190E-01, -9.61537000000000E-03, -4.12785537129345E+01,  1.34650000000003E+02,  1.43122554190382E+02,  3.93033507453458E+02
 1.94241666700000E+03, -2.27254186569121E-01,  7.69232750000000E-03, -4.12492658102499E+01,  1.34830000000003E+02,  1.46062403373806E+02,  4.94518898884623E+02
 1.94250000000000E+03, -3.12595223254023E-01,  3.46154000000000E-02, -4.12199498409036E+01,  1.35010000000003E+02,  1.85111782808581E+02,  4.67766894066458E+02
 1.94258333300000E+03, -4.52250422862171E-01, -4.42306500000000E-02, -4.11906089203650E+01,  1.35190000000003E+02,  2.25718427892367E+02,  4.68425362739761E+02
 1.94266666700000E+03, -6.22192385930193E-01, -2.99999750000000E-01, -3.87120193538553E+01,  1.35370000000003E+02,  3.64879171882872E+02,  6.97777339179852E+02
 1.94275000000000E+03, -7.16017720694205E-01, -5.92307500000000E-01, -3.87007808952879E+01,  1.35550000000003E+02,  2.95808867595517E+02,  5.84025616636469E+02
 1.94283333300000E+03, -7.41205814152834E-01, -7.50000000000000E-01, -3.86899128916397E+01,  1.35730000000003E+02,  4.06409860957997E+02,  7.88538938531725E+02
 1.94291666700000E+03, -7.55967188895673E-01, -8.46154000000000E-01, -3.86794184510771E+01,  1.35910000000003E+02,  4.09324264274763E+02,  8.67899874461900E+02
 1.94300000000000E+03, -7.68622833664541E-01, -8.94230750000000E-01, -3.86693006468298E+01,  1.36090000000003E+02,  3.64149689378136E+02,  9.24833664999146E+02
 1.94308333300000E+03, -7.82496708795375E-01, -8.36538250000000E-01, -3.86595625166126E+01,  1.36270000000003E+02,  2.20717172299858E+02,  7.13202062226714E+02
 1.94316666700000E+03, -7.94110612088858E-01, -7.82692250000000E-01, -3.86502070620524E+01,  1.36450000000003E+02,  3.01523744334795E+02,  8.88838830811824E+02
 1.94325000000000E+03, -7.98568159894727E-01, -7.59615500000000E-01, -3.86412372481200E+01,  1.36630000000003E+02,  1.79834408288808E+02,  6.37268247340918E+02
 1.94333333300000E+03, -7.96221889089894E-01, -8.07692500000000E-01, -3.86326560025667E+01,  1.36810000000003E+02,  1.79859243423784E+02,  5.45640006348392E+02
 1.94341666700000E+03, -7.93517969350915E-01, -9.32693250000000E-01, -3.86244662153663E+01,  1.36990000000003E+02,  2.41434971877229E+02,  4.43262413279363E+02
 1.94350000000000E+03, -7.96934137899687E-01, -1.01923275000000E+00, -3.86166707381614E+01,  1.37170000000003E+02,  2.33168498447841E+02,  4.20013093326882E+02
 1.94358333300000E+03, -4.77270212757681E-01, -9.65386250000000E-01, -3.86092723837162E+01,  1.37350000000003E+02,  1.61288421074732E+02,  2.03757693854314E+02
 1.94366666700000E+03,  1.90651516747651E-01, -7.80769750000000E-01, -5.38232532407500E+01,  1.37530000000003E+02,  2.58443619916239E+02,  1.89709859123916E+02
 1.94375000000000E+03,  5.68834532567234E-01, -6.00000000000000E-01, -5.37848164182293E+01,  1.37710000000003E+02,  2.45125807355945E+02,  2.59159880582793E+02
 1.94383333300000E+03,  6.28114845642773E-01, -4.55769250000000E-01, -5.37460884977019E+01,  1.37890000000003E+02,  2.45708270797661E+02,  2.66919881453370E+02
 1.94391666700000E+03,  6.64886494833542E-01, -2.94230875000000E-01, -5.37070741774640E+01,  1.38070000000003E+02,  3.39135044956158E+02,  2.50452118012531E+02
 1.94400000000000E+03,  6.68863585274524E-01, -1.57692250000000E-01, -5.36677781730176E+01,  1.38250000000003E+02,  3.50831599504869E+02,  2.59272941605133E+02
 1.94408333300000E+03,  6.37275447802370E-01, -1.88461375000000E-01, -5.36282052163372E+01,  1.38430000000003E+02,  2.45067839260928E+02,  2.32336610542764E+02
 1.94416666700000E+03,  5.76491787037275E-01, -3.05769250000000E-01, -5.35883600551344E+01,  1.38610000000003E+02,  2.90620126703544E+02,  4.57649649063706E+02
 1.94425000000000E+03,  4.96193088175618E-01, -3.28846250000000E-01, -5.35482474521218E+01,  1.38790000000003E+02,  2.34570246356584E+02,  4.98619032535963E+02
 1.94433333300000E+03,  4.02048722404317E-01, -2.98077000000000E-01, -5.35078721842759E+01,  1.38970000000003E+02,  1.42533827570163E+02,  5.17830383412750E+02
 1.94441666700000E+03,  2.94097009643532E-01, -2.13461650000000E-01, -5.34672390420981E+01,  1.39150000000003E+02,  1.17299379212526E+02,  5.49258855626158E+02
 1.94450000000000E+03,  1.72021844070726E-01, -1.07692300000000E-01, -5.34263528288759E+01,  1.39330000000003E+02,  4.90784139058011E+02,  8.25675197505617E+02
 1.94458333300000E+03, -4.91538867140645E-02, -1.21153650000000E-01, -5.33852183599423E+01,  1.39510000000003E+02,  4.92283088062335E+02,  5.63281995527534E+02
 1.94466666700000E+03, -3.03218681673144E-01, -1.80769000000000E-01, -4.71066994823379E+01,  1.39690000000003E+02,  4.73717509338832E+02,  5.22687125106853E+02
 1.94475000000000E+03, -3.36662363993797E-01, -1.86538250000000E-01, -4.71609288584821E+01,  1.39870000000003E+02,  6.84792539478495E+02,  6.46247371399982E+02
 1.94483333300000E+03, -1.88901846125069E-01, -1.78846000000000E-01, -4.72149254020653E+01,  1.40050000000003E+02,  7.83470476436644E+02,  5.82261568156039E+02
 1.94491666700000E+03, -1.05430847651138E-02, -1.84615500000000E-01, -4.72686837967650E+01,  1.40230000000003E+02,  4.07577279628546E+02,  2.97690549191755E+02
 1.94500000000000E+03,  1.77140929303445E-01, -2.88461750000000E-01, -4.73221987521348E+01,  1.40410000000003E+02,  4.02416614129980E+02,  4.01713953113504E+02
 1.94508333300000E+03,  3.53024525996884E-01, -4.46153750000000E-01, -4.73754650042836E+01,  1.40590000000003E+02,  4.10726134752562E+02,  3.95627674964017E+02
 1.94516666700000E+03,  5.00798130921120E-01, -4.26922750000000E-01, -4.74284773165523E+01,  1.40770000000003E+02,  2.63707866568520E+02,  2.31016560412815E+02
 1.94525000000000E+03,  6.07150574436559E-01, -1.94230500000000E-01, -4.74812304801857E+01,  1.40950000000003E+02,  1.67576890251051E+02,  2.15645595195220E+02
 1.94533333300000E+03,  6.58584882342947E-01,  1.01923250000000E-01, -4.75337193150012E+01,  1.41130000000003E+02,  2.47209012859982E+02,  3.11188044755249E+02
 1.94541666700000E+03,  6.43218861803909E-01,  2.92307750000000E-01, -4.75859386700525E+01,  1.41310000000003E+02,  4.73083992342925E+02,  4.23096708881348E+02
 1.94550000000000E+03,  5.58100625537337E-01,  2.96153750000000E-01, -4.76378834242900E+01,  1.41490000000003E+02,  5.79096433073656E+02,  6.27778956724939E+02
 1.94558333300000E+03,  2.15083390260725E-01,  2.59615250000000E-01, -4.76895484872162E+01,  1.41670000000003E+02,  5.67795176718304E+02,  6.54694691225139E+02
 1.94566666700000E+03, -3.42067386072423E-01,  2.67307500000000E-01, -4.11286102419445E+01,  1.41850000000003E+02,  6.37068830379228E+02,  7.28631086074898E+02
 1.94575000000000E+03, -6.66753884938672E-01,  2.32692000000000E-01, -4.10992119726291E+01,  1.42030000000003E+02,  6.40859503466353E+02,  6.24891888758843E+02
 1.94583333300000E+03, -7.61466060772181E-01,  1.44230525000000E-01, -4.10698018924132E+01,  1.42210000000003E+02,  3.70050312287022E+02,  5.26676704194927E+02
 1.94591666700000E+03, -8.43975435337601E-01,  5.00000000014378E-08, -4.10403832764419E+01,  1.42390000000003E+02,  2.58405314008977E+02,  4.59437917695722E+02
 1.94600000000000E+03, -9.17796055601656E-01, -1.61538225000000E-01, -4.10109594295891E+01,  1.42570000000003E+02,  2.08909176565909E+02,  5.62709777525756E+02
 1.94608333300000E+03, -9.80733944254959E-01, -2.63461500000000E-01, -4.09815336859485E+01,  1.42750000000003E+02,  1.61876163977146E+02,  5.79621235265437E+02
 1.94616666700000E+03, -1.02386537452221E+00, -2.32692450000000E-01, -4.09521094083173E+01,  1.42930000000003E+02,  1.25235145410693E+02,  6.33984444612449E+02
 1.94625000000000E+03, -1.03784886669764E+00, -1.26923150000000E-01, -4.09226899876759E+01,  1.43110000000003E+02,  9.57048876187578E+01,  6.07472749956924E+02
 1.94633333300000E+03, -1.02045246825120E+00, -1.90384700000000E-01, -4.08932788426605E+01,  1.43290000000003E+02,  1.12907182213363E+02,  4.88539526425203E+02
 1.94641666700000E+03, -9.77991962558469E-01, -4.19231000000000E-01, -4.08638794190311E+01,  1.43470000000003E+02,  1.50351166579025E+02,  3.66815664779170E+02
 1.94650000000000E+03, -9.19456308810593E-01, -4.71154000000000E-01, -4.08344951891339E+01,  1.43650000000003E+02,  1.53846295619572E+02,  4.07081539637926E+02
 1.94658333300000E+03, -7.62842995287028E-01, -2.42307600000000E-01, -4.08051296513577E+01,  1.43830000000003E+02,  1.17884167228553E+02,  3.47774320075921E+02
 1.94666666700000E+03, -5.22387281570278E-01, -9.42307000000000E-02, -4.80229088040226E+01,  1.44010000000003E+02,  1.23547508707069E+02,  2.16418159308674E+02
 1.94675000000000E+03, -3.77654611086925E-01, -1.01923125000000E-01, -4.79843193360842E+01,  1.44190000000003E+02,  1.13910019036350E+02,  2.24279916526096E+02
 1.94683333300000E+03, -3.01880474244467E-01, -8.46153000000000E-02, -4.79459494200008E+01,  1.44370000000003E+02,  1.24205687615092E+02,  2.37673199795440E+02
 1.94691666700000E+03, -1.95005833790578E-01, -7.30766975000000E-02, -4.79078005651837E+01,  1.44550000000003E+02,  1.05109099958193E+02,  3.60192127718241E+02
 1.94700000000000E+03, -6.89527746589170E-02,  1.34616550000000E-02, -4.78698742296572E+01,  1.44730000000003E+02,  1.49880839685856E+02,  4.48657552101909E+02
 1.94708333300000E+03,  6.75951936456680E-02,  1.44230827500000E-01, -4.78321718199869E+01,  1.44910000000003E+02,  1.96038275573670E+02,  5.25879167429176E+02
 1.94716666700000E+03,  2.11392881625560E-01,  2.05769250000000E-01, -4.77946946912177E+01,  1.45090000000003E+02,  2.23074275607832E+02,  5.71591784108415E+02
 1.94725000000000E+03,  3.59795092566287E-01,  2.40384500000000E-01, -4.77574441468200E+01,  1.45270000000003E+02,  1.68430481538359E+02,  5.94174346850148E+02
 1.94733333300000E+03,  5.04722245889476E-01,  2.61538500000000E-01, -4.77204214386452E+01,  1.45450000000003E+02,  1.61424269317409E+02,  3.70093207401573E+02
 1.94741666700000E+03,  6.32464280678632E-01,  3.11538750000000E-01, -4.76836277668904E+01,  1.45630000000003E+02,  1.92460075325005E+02,  5.07409406025305E+02
 1.94750000000000E+03,  7.30337691044227E-01,  3.78846500000000E-01, -4.76470642800714E+01,  1.45810000000003E+02,  1.45978669659902E+02,  6.16035230767374E+02
 1.94758333300000E+03,  5.26054307787985E-01,  2.90384875000000E-01, -4.76107320750055E+01,  1.45990000000003E+02,  1.84191497835291E+02,  5.80515795812454E+02
 1.94766666700000E+03,  1.56304809553434E-02, -2.69230000000000E-02, -5.42030416737020E+01,  1.46170000000003E+02,  2.23519121641202E+02,  5.29080181206220E+02
 1.94775000000000E+03, -2.55587581815249E-01, -2.44230875000000E-01, -5.41678907374431E+01,  1.46350000000003E+02,  2.19610791489165E+02,  5.12824556736599E+02
 1.94783333300000E+03, -2.54689650483933E-01, -1.82692500000000E-01, -5.41324012386621E+01,  1.46530000000003E+02,  1.48072029166790E+02,  5.62639239274502E+02
 1.94791666700000E+03, -2.34655267910942E-01, -9.42308750000000E-02, -5.40965776547917E+01,  1.46710000000003E+02,  2.49562674475145E+02,  5.86404836807687E+02
 1.94800000000000E+03, -2.02879794900613E-01, -5.76923275000000E-02, -5.40604244879558E+01,  1.46890000000003E+02,  2.18224218166890E+02,  5.51929647096250E+02
 1.94808333300000E+03, -1.62883670268373E-01, -2.69230800000000E-02, -5.40239462642563E+01,  1.47070000000003E+02,  2.79325373508013E+02,  5.64078400244196E+02
 1.94816666700000E+03, -1.12627891532270E-01, -7.69230250000000E-03, -5.39871475330595E+01,  1.47250000000003E+02,  2.86541886246224E+02,  5.85291229540602E+02
 1.94825000000000E+03, -4.98837666373250E-02,  4.80769500000000E-02, -5.39500328662781E+01,  1.47430000000003E+02,  3.54257360939703E+02,  4.94897158519400E+02
 1.94833333300000E+03,  2.12656777798798E-02,  9.23077500000000E-02, -5.39126068576520E+01,  1.47610000000003E+02,  2.67821358796999E+02,  2.80847910637194E+02
 1.94841666700000E+03,  8.98944166463188E-02,  7.69225000000000E-03, -5.38748741220264E+01,  1.47790000000003E+02,  2.73716792640608E+02,  2.74081993834933E+02
 1.94850000000000E+03,  1.44730531670647E-01, -1.59615625000000E-01, -5.38368392946277E+01,  1.47970000000003E+02,  1.81329668285578E+02,  2.85302498423450E+02
 1.94858333300000E+03, -1.49352995360840E-02, -2.73077250000000E-01, -5.37985070303377E+01,  1.48150000000003E+02,  1.92506619538444E+02,  2.38178928260084E+02
 1.94866666700000E+03, -3.59200734586817E-01, -3.19231000000000E-01, -4.19106400879058E+01,  1.48330000000003E+02,  1.59996733720384E+02,  6.34532410049644E+01
 1.94875000000000E+03, -4.54112782281911E-01, -3.11538500000000E-01, -4.19655465359776E+01,  1.48510000000003E+02,  2.05093929938949E+02,  1.30810892628301E+02
 1.94883333300000E+03, -3.09908923349859E-01, -2.30769250000000E-01, -4.20202630744457E+01,  1.48690000000003E+02,  1.84376154893711E+02,  1.33162019564428E+02
 1.94891666700000E+03, -1.54362349086223E-01, -1.40384675000000E-01, -4.20747844553068E+01,  1.48870000000003E+02,  2.36986208062948E+02,  1.26233449706046E+02
 1.94900000000000E+03, -3.04926303439972E-03, -9.03846500000000E-02, -4.21291054504621E+01,  1.49050000000003E+02,  2.99692201577895E+02,  2.39452450704936E+02
 1.94908333300000E+03,  1.38781837873991E-01, -5.19231025000000E-02, -4.21832208523726E+01,  1.49230000000003E+02,  2.53185582990705E+02,  4.12838922508036E+02
 1.94916666700000E+03,  2.77086644045229E-01, -1.92307825000000E-02, -4.22371254747120E+01,  1.49410000000003E+02,  1.90024517018601E+02,  3.83724193067256E+02
 1.94925000000000E+03,  4.21450784874061E-01, -9.61538250000000E-03, -4.22908141530153E+01,  1.49590000000003E+02,  2.34305853786623E+02,  4.30066861215360E+02
 1.94933333300000E+03,  5.75635265375501E-01, -5.19231275000000E-02, -4.23442817453266E+01,  1.49770000000003E+02,  2.43585850498549E+02,  6.81871509137884E+02
 1.94941666700000E+03,  7.34131117832210E-01, -1.40384650000000E-01, -4.23975231328407E+01,  1.49950000000003E+02,  1.85150602032767E+02,  6.61231224717618E+02
 1.94950000000000E+03,  8.86511444650251E-01, -2.09615250000000E-01, -4.24505332205450E+01,  1.50130000000003E+02,  2.41201799966875E+02,  5.35142009980557E+02
 1.94958333300000E+03,  6.94224884049030E-01, -2.05769000000000E-01, -4.25033069378551E+01,  1.50310000000003E+02,  3.36162655357843E+02,  6.26713519469341E+02
 1.94966666700000E+03,  1.04906872745826E-01, -1.78846000000000E-01, -4.12505395103842E+01,  1.50490000000003E+02,  3.30844028914056E+02,  5.79233026362076E+02
 1.94975000000000E+03, -2.64533806513002E-01, -1.21153750000000E-01, -4.12268975876155E+01,  1.50670000000003E+02,  2.63953992094439E+02,  4.58103358174124E+02
 1.94983333300000E+03, -3.53925128859262E-01,  2.50002500000000E-02, -4.12034673371669E+01,  1.50850000000003E+02,  2.40537676909072E+02,  3.67193780779397E+02
 1.94991666700000E+03, -4.42080164567874E-01,  8.46156725000000E-02, -4.11802473274981E+01,  1.51030000000003E+02,  1.91738585622392E+02,  3.54579002729764E+02
 1.95000000000000E+03, -5.34179856008952E-01, -1.92306550000000E-02, -4.11572360897769E+01,  1.51210000000003E+02,  1.11001916507353E+02,  2.22692045897144E+02
 1.95008333300000E+03, -6.31596451817777E-01, -2.13461577500000E-01, -4.11344321182858E+01,  1.51390000000003E+02,  1.03763993203520E+02,  2.68089676748174E+02
 1.95016666700000E+03, -7.29849716340749E-01, -4.51923250000000E-01, -4.11118338708350E+01,  1.51570000000003E+02,  1.27041155359505E+02,  2.45991375447274E+02
 1.95025000000000E+03, -8.23419949125995E-01, -5.94231000000000E-01, -4.10894397691802E+01,  1.51750000000003E+02,  1.33811710133954E+02,  2.66264767010151E+02
 1.95033333300000E+03, -9.11699131441169E-01, -5.55769500000000E-01, -4.10672481994470E+01,  1.51930000000003E+02,  1.37687720487182E+02,  2.43126485997346E+02
 1.95041666700000E+03, -9.99193018711737E-01, -4.53846500000000E-01, -4.10452575125610E+01,  1.52110000000003E+02,  1.30858864472795E+02,  3.51014977216627E+02
 1.95050000000000E+03, -1.08908283726614E+00, -4.53846500000000E-01, -4.10234660246829E+01,  1.52290000000003E+02,  7.03107160386243E+01,  3.64256831545825E+02
 1.95058333300000E+03, -9.30028065954438E-01, -4.50000250000000E-01, -4.10018720176499E+01,  1.52470000000003E+02,  9.34655757571262E+01,  2.29639301339138E+02
 1.95066666700000E+03, -5.09291444758307E-01, -3.07692500000000E-01, -4.12480582764865E+01,  1.52650000000003E+02,  1.45474491283067E+02,  2.90967262558647E+02
 1.95075000000000E+03, -3.12647706291490E-01, -1.11538500000000E-01, -4.12244385456728E+01,  1.52830000000003E+02,  1.58066821436040E+02,  3.29052815433425E+02
 1.95083333300000E+03, -3.46892945916494E-01,  6.15385000000000E-02, -4.12010303392979E+01,  1.53010000000003E+02,  1.50527806018649E+02,  3.44568769441296E+02
 1.95091666700000E+03, -3.76083032722731E-01,  1.53846000000000E-01, -4.11778322219043E+01,  1.53190000000003E+02,  1.81954298355519E+02,  3.89053695590443E+02
 1.95100000000000E+03, -4.07762067083935E-01,  1.28846000000000E-01, -4.11548427207852E+01,  1.53370000000003E+02,  1.79185449286136E+02,  4.74402534544565E+02
 1.95108333300000E+03, -4.44352228569491E-01,  6.73076750000000E-02, -4.11320603263913E+01,  1.53550000000003E+02,  1.56792950482845E+02,  4.33544924723757E+02
 1.95116666700000E+03, -4.81364460745264E-01,  9.80768500000000E-02, -4.11094834927442E+01,  1.53730000000003E+02,  1.81938587926050E+02,  5.03620116673858E+02
 1.95125000000000E+03, -5.12804529032582E-01,  2.03845925000000E-01, -4.10871106378552E+01,  1.53910000000003E+02,  1.76592127364301E+02,  3.83912298048159E+02
 1.95133333300000E+03, -5.37868719973203E-01,  2.24999775000000E-01, -4.10649401441504E+01,  1.54090000000003E+02,  1.57891552805204E+02,  5.18866060228826E+02
 1.95141666700000E+03, -5.61823290233930E-01,  7.69230500000000E-02, -4.10429703589008E+01,  1.54270000000003E+02,  1.50903648712257E+02,  4.36784818516337E+02
 1.95150000000000E+03, -5.89982219498766E-01, -5.38460750000000E-02, -4.10211995946588E+01,  1.54450000000003E+02,  1.14486262633310E+02,  4.28521956794589E+02
 1.95158333300000E+03, -6.89146788148555E-01,  4.03845500000000E-02, -4.09996261296992E+01,  1.54630000000003E+02,  7.74263602922670E+01,  4.56769347251078E+02
 1.95166666700000E+03, -8.48172400204261E-01,  1.34615200000000E-01, -5.02094767774386E+01,  1.54810000000003E+02,  1.00180252551009E+02,  5.20874539990115E+02
 1.95175000000000E+03, -9.19946693110403E-01,  4.42307000000000E-02, -5.02340129616743E+01,  1.54990000000003E+02,  1.27056980913471E+02,  4.27720622980623E+02
 1.95183333300000E+03, -9.07142117730407E-01, -5.38462500000000E-02, -5.02580292207400E+01,  1.55170000000003E+02,  1.79210055071380E+02,  4.63686791988178E+02
 1.95191666700000E+03, -8.88456047354499E-01, -1.78846400000000E-01, -5.02815236964086E+01,  1.55350000000003E+02,  1.90092350910352E+02,  4.58898279670749E+02
 1.95200000000000E+03, -8.73253664376609E-01, -3.48077000000000E-01, -5.03044945909532E+01,  1.55530000000003E+02,  2.35908141792203E+02,  4.59165431700701E+02
 1.95208333300000E+03, -8.65458790915355E-01, -3.34615250000000E-01, -5.03269401673209E+01,  1.55710000000003E+02,  2.40968938424284E+02,  5.24289738626260E+02
 1.95216666700000E+03, -8.61749753452349E-01, -1.69230700000000E-01, -5.03488587492990E+01,  1.55890000000003E+02,  3.24768969139988E+02,  9.05375647818449E+02
 1.95225000000000E+03, -8.56968351675308E-01, -1.34616500000000E-02, -5.03702487216706E+01,  1.56070000000003E+02,  2.60914761617256E+02,  9.09439344806162E+02
 1.95233333300000E+03, -8.50832577201733E-01,  1.34615300000000E-01, -5.03911085303631E+01,  1.56250000000003E+02,  3.16574796444613E+02,  8.81816218279400E+02
 1.95241666700000E+03, -8.48843637126432E-01,  2.94231000000000E-01, -5.04114366825869E+01,  1.56430000000003E+02,  5.27080562764523E+02,  1.03099653557868E+03
 1.95250000000000E+03, -8.56298550314550E-01,  4.73077250000000E-01, -5.04312317469655E+01,  1.56610000000003E+02,  5.18026375778761E+02,  9.52226203425062E+02
 1.95258333300000E+03, -6.77912905695412E-01,  5.63461750000000E-01, -5.04504923536568E+01,  1.56790000000003E+02,  4.68799127610610E+02,  5.21571655462699E+02
 1.95266666700000E+03, -2.84470744194274E-01,  5.36538750000000E-01, -4.38057261374548E+01,  1.56970000000003E+02,  6.28771270584732E+02,  7.73452201007858E+02
 1.95275000000000E+03, -3.36812825089595E-02,  5.92308000000000E-01, -4.38500682518493E+01,  1.57150000000003E+02,  5.68782119319381E+02,  7.84845700480922E+02
 1.95283333300000E+03,  5.43041605513389E-02,  6.67307750000000E-01, -4.38940417115385E+01,  1.57330000000003E+02,  3.29327500487127E+02,  5.73500209361201E+02
 1.95291666700000E+03,  1.40750712471741E-01,  5.51923000000000E-01, -4.39376424404734E+01,  1.57510000000003E+02,  3.33302329435544E+02,  5.97152984217271E+02
 1.95300000000000E+03,  2.09412780700364E-01,  3.69230750000000E-01, -4.39808664044881E+01,  1.57690000000003E+02,  3.45721708908541E+02,  5.07138273193582E+02
 1.95308333300000E+03,  2.50032327004120E-01,  2.40384500000000E-01, -4.40237096117871E+01,  1.57870000000003E+02,  1.71996872197084E+02,  2.51420581588260E+02
 1.95316666700000E+03,  2.61202790316779E-01,  7.88460000000000E-02, -4.40661681134277E+01,  1.58050000000003E+02,  2.84607151587992E+02,  4.18309210617035E+02
 1.95325000000000E+03,  2.45760251685840E-01, -1.32692250000000E-01, -4.41082380037957E+01,  1.58230000000003E+02,  2.74621984107593E+02,  3.27603515925987E+02
 1.95333333300000E+03,  2.04497363584027E-01, -3.38461500000000E-01, -4.41499154210747E+01,  1.58410000000003E+02,  2.56636253367717E+02,  4.28432931729434E+02
 1.95341666700000E+03,  1.35263736230753E-01, -5.07692500000000E-01, -4.41911965477098E+01,  1.58590000000003E+02,  2.13364068174281E+02,  4.81581449773711E+02
 1.95350000000000E+03,  3.85636473003333E-02, -6.55769500000000E-01, -4.42320776108650E+01,  1.58770000000004E+02,  3.04753257290957E+02,  6.63307634318155E+02
 1.95358333300000E+03, -2.50777862562145E-01, -7.86538750000000E-01, -4.42725548828738E+01,  1.58950000000004E+02,  2.07672878871710E+02,  5.33600715151140E+02
 1.95366666700000E+03, -6.89801748406035E-01, -8.51923250000000E-01, -5.06143096271529E+01,  1.59130000000004E+02,  2.43119470343355E+02,  5.53133169152008E+02
 1.95375000000000E+03, -8.89573056600903E-01, -8.90384500000000E-01, -5.06275837370761E+01,  1.59310000000004E+02,  2.63134522505387E+02,  4.42039453697048E+02
 1.95383333300000E+03, -8.73488610497423E-01, -9.84614750000000E-01, -5.06403117452293E+01,  1.59490000000004E+02,  5.02875976433581E+02,  5.33261136779473E+02
 1.95391666700000E+03, -8.47919404258389E-01, -1.12884450000000E+00, -5.06524930926780E+01,  1.59670000000004E+02,  4.01846010486293E+02,  3.14645465639221E+02
 1.95400000000000E+03, -8.20026514373362E-01, -1.19999750000000E+00, -5.06641272827858E+01,  1.59850000000004E+02,  3.83721373270506E+02,  2.89683256795278E+02
 1.95408333300000E+03, -7.91976632672836E-01, -1.15576750000000E+00, -5.06752138812014E+01,  1.60030000000004E+02,  3.32994140605795E+02,  3.65529242828262E+02
 1.95416666700000E+03, -7.59399064013251E-01, -1.11730750000000E+00, -5.06857525158364E+01,  1.60210000000004E+02,  3.08925020991355E+02,  2.96662569884869E+02
 1.95425000000000E+03, -7.16971925468239E-01, -1.11730750000000E+00, -5.06957428768352E+01,  1.60390000000004E+02,  7.73342678721091E+01,  3.57820480496768E+02
 1.95433333300000E+03, -6.65201373226434E-01, -1.11923000000000E+00, -5.07051847165350E+01,  1.60570000000004E+02,  9.90186297149371E+01,  4.70965913717567E+02
 1.95441666700000E+03, -6.11276054980138E-01, -1.05384575000000E+00, -5.07140778494178E+01,  1.60750000000004E+02,  9.53890175684458E+01,  4.82301954188502E+02
 1.95450000000000E+03, -5.62917935118814E-01, -8.84615250000000E-01, -5.07224221520526E+01,  1.60930000000004E+02,  2.75964309025311E+02,  7.15314458184154E+02
 1.95458333300000E+03, -4.40467950570537E-01, -6.51922750000000E-01, -5.07302175630296E+01,  1.61110000000004E+02,  3.33075511518393E+02,  8.62519689579326E+02
 1.95466666700000E+03, -2.52320761415898E-01, -4.44230500000000E-01, -3.96581085788901E+01,  1.61290000000004E+02,  2.88916211516730E+02,  7.65998980599806E+02
 1.95475000000000E+03, -1.61534914643688E-01, -3.50000000000000E-01, -3.96905894990105E+01,  1.61470000000004E+02,  3.07035933011077E+02,  8.14296774224225E+02
 1.95483333300000E+03, -1.40844111198945E-01, -3.44230750000000E-01, -3.97235158644125E+01,  1.61650000000004E+02,  3.49473003034443E+02,  9.07474475742719E+02
 1.95491666700000E+03, -9.67136519672373E-02, -3.86538250000000E-01, -3.97568856634390E+01,  1.61830000000004E+02,  2.03879241301965E+02,  6.39347089398724E+02
 1.95500000000000E+03, -4.04508930223949E-02, -3.86538250000000E-01, -3.97906968262095E+01,  1.62010000000004E+02,  2.14629929657010E+02,  5.96916480227411E+02
 1.95508333300000E+03,  2.05875097740243E-02, -3.86538250000000E-01, -3.98249472247943E+01,  1.62190000000004E+02,  2.73282736360048E+02,  6.06143282223398E+02
 1.95516666700000E+03,  8.50612996422569E-02, -4.19230500000000E-01, -3.98596346733973E+01,  1.62370000000004E+02,  3.13866855300696E+02,  4.54526766154946E+02
 1.95525000000000E+03,  1.52626501994599E-01, -2.69230625000000E-01, -3.98947569285467E+01,  1.62550000000004E+02,  4.47008987720969E+02,  6.16424114901811E+02
 1.95533333300000E+03,  2.17710094072795E-01,  1.53845000000000E-02, -3.99303116892962E+01,  1.62730000000004E+02,  4.31013018408622E+02,  6.74849202364511E+02
 1.95541666700000E+03,  2.69146364827921E-01,  2.51922875000000E-01, -3.99662965974332E+01,  1.62910000000004E+02,  5.54270904146078E+02,  7.87564082760063E+02
 1.95550000000000E+03,  2.96710114695792E-01,  4.03846000000000E-01, -4.00027092376966E+01,  1.63090000000004E+02,  5.45856680825740E+02,  1.02164451409701E+03
 1.95558333300000E+03,  5.39250814479793E-02,  4.03846000000000E-01, -4.00395471380032E+01,  1.63270000000004E+02,  4.87413067646733E+02,  1.08011652089941E+03
 1.95566666700000E+03, -4.49981458511322E-01,  2.80769250000000E-01, -4.18236321219450E+01,  1.63450000000004E+02,  3.43209472860311E+02,  7.92461596426703E+02
 1.95575000000000E+03, -7.07726229404833E-01,  1.09615500000000E-01, -4.17954169811831E+01,  1.63630000000004E+02,  3.20028073113084E+02,  6.91478142464056E+02
 1.95583333300000E+03, -7.04803957654377E-01, -8.65385000000000E-02, -4.17671214793460E+01,  1.63810000000004E+02,  2.35078300637913E+02,  7.82308481561349E+02
 1.95591666700000E+03, -6.86798814217054E-01, -1.92307750000000E-01, -4.17387480402197E+01,  1.63990000000004E+02,  1.94631382557994E+02,  4.68774852887548E+02
 1.95600000000000E+03, -6.62336399322100E-01, -1.38461525000000E-01, -4.17102991276295E+01,  1.64170000000004E+02,  2.96642877763383E+02,  4.66206820692766E+02
 1.95608333300000E+03, -6.35126219150510E-01,  1.15384500000000E-02, -4.16817772450917E+01,  1.64350000000004E+02,  2.77551183111758E+02,  4.72560825148149E+02
 1.95616666700000E+03, -6.02193769990466E-01,  1.92307725000000E-01, -4.16531849354578E+01,  1.64530000000004E+02,  4.40594402363352E+02,  5.67590551610837E+02
 1.95625000000000E+03, -5.59306833629440E-01,  2.80769250000000E-01, -4.16245247805513E+01,  1.64710000000004E+02,  3.47814551089499E+02,  2.57852308541772E+02
 1.95633333300000E+03, -5.07684700739871E-01,  1.26923000000000E-01, -4.15957994007969E+01,  1.64890000000004E+02,  3.60904809415606E+02,  2.55168634690145E+02
 1.95641666700000E+03, -4.54877465178417E-01, -1.65384500000000E-01, -4.15670114548428E+01,  1.65070000000004E+02,  2.76795043552455E+02,  1.89907921608128E+02
 1.95650000000000E+03, -4.08722194221590E-01, -3.53846000000000E-01, -4.15381636391758E+01,  1.65250000000004E+02,  3.79672308087283E+02,  3.44961058182785E+02
 1.95658333300000E+03, -1.64803736240711E-01, -4.05769250000000E-01, -4.15092586877285E+01,  1.65430000000004E+02,  2.62413267433218E+02,  3.36084410042782E+02
 1.95666666700000E+03,  2.99973648261547E-01, -4.28846000000000E-01, -4.63177609455146E+01,  1.65610000000004E+02,  2.98379893526906E+02,  5.22622642054388E+02
 1.95675000000000E+03,  5.87644367394193E-01, -4.90384250000000E-01, -4.62710617774343E+01,  1.65790000000004E+02,  2.80903773105978E+02,  6.87603065148182E+02
 1.95683333300000E+03,  6.58917305806808E-01, -4.17307422500000E-01, -4.62243618548032E+01,  1.65970000000004E+02,  2.81826146216763E+02,  8.35745258623511E+02
 1.95691666700000E+03,  6.81535310502285E-01, -9.61538450000000E-02, -4.61776654189929E+01,  1.66150000000004E+02,  1.87638352579865E+02,  7.39679788128787E+02
 1.95700000000000E+03,  6.46121563600129E-01,  1.26922927500000E-01, -4.61309766870681E+01,  1.66330000000004E+02,  1.39098601605866E+02,  6.44703833842844E+02
 1.95708333300000E+03,  5.54307447067127E-01,  1.28846200000000E-01, -4.60842998512193E+01,  1.66510000000004E+02,  1.48940047199270E+02,  6.91570999252661E+02
 1.95716666700000E+03,  4.19824240517163E-01,  6.34618500000000E-02, -4.60376390781986E+01,  1.66690000000004E+02,  2.22722832398443E+02,  5.43027204710622E+02
 1.95725000000000E+03,  2.61675001023413E-01,  7.69250000000000E-03, -4.59909985087619E+01,  1.66870000000004E+02,  1.96432605156153E+02,  4.14002670567108E+02
 1.95733333300000E+03,  9.55298117228665E-02,  6.15385000000000E-02, -4.59443822571158E+01,  1.67050000000004E+02,  2.15470163122313E+02,  4.87424506103350E+02
 1.95741666700000E+03, -6.92351607811560E-02,  1.75000250000000E-01, -4.58977944103693E+01,  1.67230000000004E+02,  2.22403647732596E+02,  5.14345237640428E+02
 1.95750000000000E+03, -2.25433278215464E-01,  3.51923500000000E-01, -4.58512390279917E+01,  1.67410000000004E+02,  1.74924720611487E+02,  5.29570098903989E+02
 1.95758333300000E+03, -2.65899608013171E-01,  5.86538750000000E-01, -4.58047201412742E+01,  1.67590000000004E+02,  1.37036915612182E+02,  4.83607347803943E+02
 1.95766666700000E+03, -1.31552430970938E-01,  6.63461500000000E-01, -4.21684590036489E+01,  1.67770000000004E+02,  1.37551585607529E+02,  5.09410928022540E+02
 1.95775000000000E+03,  3.73593216245426E-02,  5.99999750000000E-01, -4.22216548520759E+01,  1.67950000000004E+02,  1.74416836918176E+02,  4.02309231592903E+02
 1.95783333300000E+03,  1.92715657829615E-01,  6.44230500000000E-01, -4.22750943519179E+01,  1.68130000000004E+02,  1.64259531987951E+02,  4.01377866559640E+02
 1.95791666700000E+03,  3.78915949326906E-01,  7.44230500000000E-01, -4.23287726727596E+01,  1.68310000000004E+02,  2.14757690178564E+02,  1.93076051875606E+02
 1.95800000000000E+03,  5.86948988628185E-01,  7.28846000000000E-01, -4.23826849489876E+01,  1.68490000000004E+02,  2.43947125747115E+02,  2.57667561396672E+02
 1.95808333300000E+03,  8.06283563046409E-01,  7.07692250000000E-01, -4.24368262803910E+01,  1.68670000000004E+02,  4.78920147007345E+02,  4.27650398040083E+02
 1.95816666700000E+03,  1.02592252583003E+00,  7.00000000000000E-01, -4.24911917327683E+01,  1.68850000000004E+02,  4.16478478649774E+02,  4.87104510685724E+02
 1.95825000000000E+03,  1.23006884824876E+00,  6.21154000000000E-01, -4.25457763385388E+01,  1.69030000000004E+02,  5.43115232318254E+02,  5.82422263894823E+02
 1.95833333300000E+03,  1.39430161342544E+00,  5.67307750000000E-01, -4.26005750973592E+01,  1.69210000000004E+02,  4.91372740708465E+02,  5.72538494096167E+02
 1.95841666700000E+03,  1.48890689048241E+00,  6.30769000000000E-01, -4.26555829767464E+01,  1.69390000000004E+02,  4.22369136340317E+02,  5.46412109832362E+02
 1.95850000000000E+03,  1.48960870066379E+00,  7.36538250000000E-01, -4.27107949127036E+01,  1.69570000000004E+02,  2.03974618076221E+02,  4.19896335351130E+02
 1.95858333300000E+03,  1.15697443393189E+00,  6.55769250000000E-01, -4.27662058103524E+01,  1.69750000000004E+02,  2.19631095245672E+02,  3.32572857102994E+02
 1.95866666700000E+03,  4.76037267110208E-01,  3.92307750000000E-01, -4.29658400873253E+01,  1.69930000000004E+02,  1.12738489174668E+02,  2.36549056792573E+02
 1.95875000000000E+03, -7.08261100271901E-02,  2.23077000000000E-01, -4.30220954050547E+01,  1.70110000000004E+02,  1.50478723668848E+02,  2.19749294588461E+02
 1.95883333300000E+03, -3.89965005246917E-01,  1.94231000000000E-01, -4.30785207450522E+01,  1.70290000000004E+02,  2.78044663244520E+02,  3.28449904707850E+02
 1.95891666700000E+03, -6.51775618748078E-01,  7.88465000000000E-02, -4.31351108254651E+01,  1.70470000000004E+02,  2.55302515793473E+02,  3.52524988970721E+02
 1.95900000000000E+03, -8.54247731136815E-01, -1.46153500000000E-01, -4.31918603384948E+01,  1.70650000000004E+02,  3.01116759399161E+02,  4.11394859243036E+02
 1.95908333300000E+03, -9.99608759888158E-01, -2.99999750000000E-01, -4.32487639510665E+01,  1.70830000000004E+02,  3.85614972718901E+02,  4.98214819836632E+02
 1.95916666700000E+03, -1.09049259918395E+00, -4.01923000000000E-01, -4.33058163055034E+01,  1.71010000000004E+02,  3.97905425023110E+02,  6.95413957738056E+02
 1.95925000000000E+03, -1.13189097942848E+00, -5.07692500000000E-01, -4.33630120202042E+01,  1.71190000000004E+02,  2.70763335247605E+02,  6.38653196488925E+02
 1.95933333300000E+03, -1.13399847462121E+00, -5.51923250000000E-01, -4.34203456903249E+01,  1.71370000000004E+02,  3.40613679627097E+02,  6.74373348084081E+02
 1.95941666700000E+03, -1.10995513187735E+00, -5.36538250000000E-01, -4.34778118884639E+01,  1.71550000000004E+02,  2.98397745552394E+02,  6.96777115893987E+02
 1.95950000000000E+03, -1.06829234479842E+00, -4.98076500000000E-01, -4.35354051653505E+01,  1.71730000000004E+02,  2.04998806288555E+02,  6.22825091014719E+02
 1.95958333300000E+03, -9.20274168256455E-01, -4.21153500000000E-01, -4.35931200505376E+01,  1.71910000000004E+02,  2.39510464551231E+02,  4.46108250568565E+02
 1.95966666700000E+03, -6.76691171730607E-01, -3.19230500000000E-01, -4.97474108739965E+01,  1.72090000000004E+02,  2.68488654011232E+02,  4.99490652127561E+02
 1.95975000000000E+03, -5.34178006597976E-01, -2.49999750000000E-01, -4.97799722745421E+01,  1.72270000000004E+02,  1.89722341431124E+02,  3.58641963740122E+02
 1.95983333300000E+03, -4.94363285966740E-01, -2.34615250000000E-01, -4.98120515791494E+01,  1.72450000000004E+02,  3.10436932564899E+02,  5.90111590486762E+02
 1.95991666700000E+03, -4.69364172606146E-01, -2.69230750000000E-01, -4.98436459914082E+01,  1.72630000000004E+02,  3.67133377209774E+02,  9.54472811829920E+02
 1.96000000000000E+03, -4.67916625313211E-01, -2.07692325000000E-01, -4.98747527714491E+01,  1.72810000000004E+02,  3.08451880140579E+02,  9.47813479912226E+02
 1.96008333300000E+03, -4.90788352065393E-01, -4.23077000000000E-02, -4.99053692362541E+01,  1.72990000000004E+02,  4.06426838314910E+02,  8.64729440051987E+02
 1.96016666700000E+03, -5.29619174868768E-01,  5.19230750000000E-02, -4.99354927599584E+01,  1.73170000000004E+02,  4.69269034309027E+02,  9.51940902813792E+02
 1.96025000000000E+03, -5.73420127444181E-01,  1.44230700000000E-01, -4.99651207741446E+01,  1.73350000000004E+02,  4.33187697605095E+02,  7.60424132192335E+02
 1.96033333300000E+03, -6.16547669083874E-01,  2.17307500000000E-01, -4.99942507681279E+01,  1.73530000000004E+02,  3.79116317150598E+02,  4.02480933822237E+02
 1.96041666700000E+03, -6.60714097612525E-01,  2.23076750000000E-01, -5.00228802892337E+01,  1.73710000000004E+02,  4.07574297166445E+02,  6.10905051301637E+02
 1.96050000000000E+03, -7.09651058123137E-01,  1.90384625000000E-01, -5.00510069430662E+01,  1.73890000000004E+02,  2.98656007640448E+02,  6.06572991219482E+02
 1.96058333300000E+03, -4.96620462106058E-01,  2.69230000000000E-02, -5.00786283937687E+01,  1.74070000000004E+02,  2.37411705403254E+02,  5.31987052013488E+02
 1.96066666700000E+03, -4.13251124021858E-02, -1.59615625000000E-01, -4.72801282967361E+01,  1.74250000000004E+02,  1.20734820617466E+02,  5.13202032283313E+02
 1.96075000000000E+03,  1.09036250071797E-01, -1.57692422500000E-01, -4.72344395755426E+01,  1.74430000000004E+02,  3.96320407797610E+02,  4.85822373458222E+02
 1.96083333300000E+03, -9.53448724638510E-03, -1.11538345000000E-01, -4.71886575225919E+01,  1.74610000000004E+02,  3.49613299809204E+02,  3.12530411187218E+02
 1.96091666700000E+03, -1.04932378751065E-01, -1.88461422500000E-01, -4.71427867481306E+01,  1.74790000000004E+02,  4.32023848377867E+02,  3.02386776001321E+02
 1.96100000000000E+03, -1.84335956080568E-01, -2.30769250000000E-01, -4.70968318508603E+01,  1.74970000000004E+02,  4.70700608313140E+02,  4.68590853018112E+02
 1.96108333300000E+03, -2.52550581671205E-01, -3.05769250000000E-01, -4.70507974172884E+01,  1.75150000000004E+02,  4.80490791993986E+02,  3.71301878175795E+02
 1.96116666700000E+03, -3.09228510641404E-01, -5.15384750000000E-01, -4.70046880210802E+01,  1.75330000000004E+02,  2.97555796037440E+02,  5.02018799216018E+02
 1.96125000000000E+03, -3.52989545570858E-01, -6.90384750000000E-01, -4.69585082224159E+01,  1.75510000000004E+02,  4.61941412007083E+02,  5.55111870197252E+02
 1.96133333300000E+03, -3.86792791583359E-01, -7.05769250000000E-01, -4.69122625673490E+01,  1.75690000000004E+02,  5.35339338052780E+02,  6.75330171920628E+02
 1.96141666700000E+03, -4.17720516860491E-01, -5.65384750000000E-01, -4.68659555871696E+01,  1.75870000000004E+02,  6.60858417282331E+02,  8.43713710622501E+02
 1.96150000000000E+03, -4.50315933598740E-01, -4.69231000000000E-01, -4.68195917977702E+01,  1.76050000000004E+02,  6.68345228799751E+02,  1.04040257584035E+03
 1.96158333300000E+03, -3.50921822344176E-01, -3.69230950000000E-01, -4.67731756990149E+01,  1.76230000000004E+02,  5.73588770807940E+02,  9.07757198983645E+02
 1.96166666700000E+03, -8.02364110229841E-02, -1.71153925000000E-01, -4.89723363815075E+01,  1.76410000000004E+02,  5.11340807150195E+02,  9.89708953949878E+02
 1.96175000000000E+03,  1.31159387375629E-01, -9.42307500000000E-02, -4.89341728343732E+01,  1.76590000000004E+02,  3.85182889681640E+02,  8.24339408691022E+02
 1.96183333300000E+03,  2.36713507226726E-01, -1.50000025000000E-01, -4.88957304156283E+01,  1.76770000000004E+02,  3.69771472076271E+02,  8.99079570016617E+02
 1.96191666700000E+03,  3.19727914694013E-01, -8.65385000000000E-02, -4.88570136446904E+01,  1.76950000000004E+02,  4.43339773054365E+02,  7.17852228229730E+02
 1.96200000000000E+03,  3.71037560238513E-01,  1.13461750000000E-01, -4.88180270566165E+01,  1.77130000000004E+02,  4.52082395623857E+02,  7.04951403790643E+02
 1.96208333300000E+03,  3.89448583803104E-01,  2.40385000000000E-01, -4.87787752014178E+01,  1.77310000000004E+02,  3.33725294699008E+02,  5.08620118105443E+02
 1.96216666700000E+03,  3.82912115195654E-01,  3.42308000000000E-01, -4.87392626433742E+01,  1.77490000000004E+02,  3.96434505494910E+02,  5.69686399117913E+02
 1.96225000000000E+03,  3.62217500944706E-01,  5.01923250000000E-01, -4.86994939603462E+01,  1.77670000000004E+02,  2.94227514344719E+02,  2.16631201009684E+02
 1.96233333300000E+03,  3.33259588553087E-01,  6.46154000000000E-01, -4.86594737430873E+01,  1.77850000000004E+02,  2.58011324490310E+02,  4.33420491090882E+02
 1.96241666700000E+03,  2.95158837133127E-01,  7.38461750000000E-01, -4.86192065945546E+01,  1.78030000000004E+02,  2.39679580730645E+02,  4.20090899547318E+02
 1.96250000000000E+03,  2.45489327179612E-01,  8.44230000000000E-01, -4.85786971292189E+01,  1.78210000000004E+02,  3.33433144335741E+02,  4.76649581624210E+02
 1.96258333300000E+03,  1.96596062557405E-01,  9.82689500000000E-01, -4.85379499723744E+01,  1.78390000000004E+02,  2.17939338266000E+02,  4.67576826121400E+02
 1.96266666700000E+03,  1.72472743321329E-01,  9.82689500000000E-01, -4.89028605010429E+01,  1.78570000000004E+02,  2.16321990866117E+02,  5.37586537917241E+02
 1.96275000000000E+03,  1.73829191924887E-01,  7.63460750000000E-01, -4.88641941255580E+01,  1.78750000000004E+02,  1.56716773478182E+02,  2.90941930778566E+02
 1.96283333300000E+03,  1.79869291651141E-01,  5.44231000000000E-01, -4.88252570931077E+01,  1.78930000000004E+02,  1.82903889516090E+02,  3.99873068149619E+02
 1.96291666700000E+03,  1.76736276317695E-01,  5.46154000000000E-01, -4.87860539509894E+01,  1.79110000000004E+02,  8.83778972675827E+01,  3.92667630951216E+02
 1.96300000000000E+03,  1.59091218605885E-01,  5.96153750000000E-01, -4.87465892608960E+01,  1.79290000000004E+02,  1.06867792361519E+02,  3.47148290701436E+02
 1.96308333300000E+03,  1.27335315504883E-01,  5.07692250000000E-01, -4.87068675982283E+01,  1.79470000000004E+02,  7.86514534148614E+01,  2.48757407600215E+02
 1.96316666700000E+03,  8.88692047010271E-02,  3.61538500000000E-01, -4.86668935514074E+01,  1.79650000000004E+02,  1.00773447625131E+02,  2.48226658869337E+02
 1.96325000000000E+03,  5.21700097940050E-02,  2.59615250000000E-01, -4.86266717211854E+01,  1.79830000000004E+02,  1.17658296930279E+02,  1.97346096011431E+02
 1.96333333300000E+03,  1.96736327897315E-02,  2.94230750000000E-01, -4.85862067199561E+01,  1.80010000000004E+02,  1.16587389075246E+02,  1.75974110759028E+02
 1.96341666700000E+03, -1.33603464971815E-02,  4.03846250000000E-01, -4.85455031710640E+01,  1.80190000000004E+02,  1.16949564816617E+02,  2.09255290758828E+02
 1.96350000000000E+03, -5.28665239767327E-02,  3.86538250000000E-01, -4.85045657081136E+01,  1.80370000000004E+02,  2.51338219053468E+02,  4.84465499829205E+02
 1.96358333300000E+03,  1.62650491764328E-02,  2.55769000000000E-01, -4.84633989742781E+01,  1.80550000000004E+02,  3.38398489314888E+02,  6.47821607131479E+02
 1.96366666700000E+03,  1.99014088202131E-01,  1.84615500000000E-01, -3.73398932319555E+01,  1.80730000000004E+02,  3.17537347544531E+02,  7.74372955716931E+02
 1.96375000000000E+03,  2.73060216636257E-01,  1.26923275000000E-01, -3.73131981086300E+01,  1.80910000000004E+02,  4.22105509933179E+02,  8.13190899644834E+02
 1.96383333300000E+03,  2.45755222730183E-01,  1.30769300000000E-01, -3.72863997023016E+01,  1.81090000000004E+02,  5.15703825882891E+02,  9.15488697199737E+02
 1.96391666700000E+03,  2.29053618438922E-01,  2.28846275000000E-01, -3.72594998510554E+01,  1.81270000000004E+02,  3.69949658661690E+02,  6.27321263337290E+02
 1.96400000000000E+03,  2.13150099380129E-01,  2.17308000000000E-01, -3.72325004342043E+01,  1.81450000000004E+02,  2.75585683982301E+02,  6.50504979557874E+02
 1.96408333300000E+03,  1.93472751539153E-01,  2.01923250000000E-01, -3.72054033720519E+01,  1.81630000000004E+02,  2.77536966967568E+02,  5.85066336635427E+02
 1.96416666700000E+03,  1.72702590559217E-01,  2.76923000000000E-01, -3.71782106256477E+01,  1.81810000000004E+02,  2.07947252425539E+02,  5.68279197066916E+02
 1.96425000000000E+03,  1.55570795323965E-01,  3.61538500000000E-01, -3.71509241965353E+01,  1.81990000000004E+02,  1.48790808106955E+02,  6.08466395758573E+02
 1.96433333300000E+03,  1.42310024980591E-01,  4.15384750000000E-01, -3.71235461264931E+01,  1.82170000000004E+02,  1.64896896154006E+02,  6.13278210129474E+02
 1.96441666700000E+03,  1.27840182356116E-01,  3.55769250000000E-01, -3.70960784972674E+01,  1.82350000000004E+02,  1.57295722308558E+02,  4.42085608999654E+02
 1.96450000000000E+03,  1.07756622342124E-01,  2.86538500000000E-01, -3.70685234302988E+01,  1.82530000000004E+02,  2.60929244438496E+02,  3.62822204061279E+02
 1.96458333300000E+03,  1.64283523958659E-01,  3.21154000000000E-01, -3.70408830864413E+01,  1.82710000000004E+02,  2.39514850618511E+02,  3.39193191662178E+02
 1.96466666700000E+03,  3.05878062794709E-01,  2.69230900000000E-01, -3.44196656069211E+01,  1.82890000000004E+02,  2.77316050395969E+02,  1.43742540227454E+02
 1.96475000000000E+03,  3.78805193699479E-01,  1.34615300000000E-01, -3.43988289915045E+01,  1.83070000000004E+02,  2.71168347440252E+02,  1.63943458938509E+02
 1.96483333300000E+03,  3.80371027876578E-01,  1.34615150000000E-01, -3.43782435129806E+01,  1.83250000000004E+02,  2.73415998460527E+02,  1.62357755116976E+02
 1.96491666700000E+03,  3.82346679039850E-01,  2.01923000000000E-01, -3.43579128994212E+01,  1.83430000000004E+02,  1.56093692794122E+02,  1.23554350918883E+02
 1.96500000000000E+03,  3.76696266732307E-01,  2.53846250000000E-01, -3.43378408648262E+01,  1.83610000000004E+02,  1.49101328372477E+02,  1.96203037264025E+02
 1.96508333300000E+03,  3.60548769053295E-01,  2.50000000000000E-01, -3.43180311084940E+01,  1.83790000000004E+02,  1.14801572549275E+02,  2.59906704469181E+02
 1.96516666700000E+03,  3.37989468901038E-01,  1.55769100000000E-01, -3.42984873143929E+01,  1.83970000000004E+02,  1.39017009864243E+02,  3.12377010213352E+02
 1.96525000000000E+03,  3.14659328091419E-01,  1.49999950000000E-01, -3.42792131505342E+01,  1.84150000000004E+02,  2.01997038564108E+02,  3.55309959488511E+02
 1.96533333300000E+03,  2.91068368238076E-01,  2.59615350000000E-01, -3.42602122683470E+01,  1.84330000000004E+02,  2.03069880039049E+02,  3.77374411319894E+02
 1.96541666700000E+03,  2.61728851276861E-01,  3.78846000000000E-01, -3.42414883020543E+01,  1.84510000000004E+02,  2.03456778336982E+02,  3.07440536482619E+02
 1.96550000000000E+03,  2.21193132489598E-01,  5.53846000000000E-01, -3.42230448680511E+01,  1.84690000000004E+02,  1.87959288769402E+02,  2.71035791061098E+02
 1.96558333300000E+03,  2.93060448105233E-01,  6.30769250000000E-01, -3.42048855642845E+01,  1.84870000000004E+02,  1.52848217848698E+02,  1.89929236351682E+02
 1.96566666700000E+03,  4.85102460457113E-01,  5.15384750000000E-01, -3.76301280860184E+01,  1.85050000000005E+02,  1.77693079295604E+02,  3.49154063307158E+02
 1.96575000000000E+03,  5.62445233097809E-01,  4.46153750000000E-01, -3.76046969996795E+01,  1.85230000000005E+02,  2.12887511717271E+02,  4.32846470237116E+02
 1.96583333300000E+03,  5.30729355634398E-01,  4.40384250000000E-01, -3.75791449865564E+01,  1.85410000000005E+02,  2.13168337742912E+02,  4.37816387054857E+02
 1.96591666700000E+03,  5.08367277418161E-01,  3.98076500000000E-01, -3.75534734110593E+01,  1.85590000000005E+02,  1.69683191058978E+02,  4.08231536887646E+02
 1.96600000000000E+03,  4.86960527752227E-01,  4.17307500000000E-01, -3.75276836809622E+01,  1.85770000000005E+02,  1.76944915173049E+02,  4.26987631004448E+02
 1.96608333300000E+03,  4.62990725732784E-01,  5.34615500000000E-01, -3.75017772472499E+01,  1.85950000000005E+02,  7.94027381249270E+01,  2.22843104929954E+02
 1.96616666700000E+03,  4.39663770338078E-01,  7.03846250000000E-01, -3.74757556039582E+01,  1.86130000000005E+02,  9.70401159385254E+01,  1.74011266034372E+02
 1.96625000000000E+03,  4.21569976183664E-01,  8.36538500000000E-01, -3.74496202880052E+01,  1.86310000000005E+02,  9.89333433495111E+01,  2.34588328336105E+02
 1.96633333300000E+03,  4.08063816814191E-01,  7.76923250000000E-01, -3.74233728790159E+01,  1.86490000000005E+02,  9.72009105127519E+01,  2.44441644710826E+02
 1.96641666700000E+03,  3.92466274758739E-01,  6.53846500000000E-01, -3.73970149991383E+01,  1.86670000000005E+02,  8.74557537815935E+01,  1.99032849493514E+02
 1.96650000000000E+03,  3.68171571706068E-01,  5.76923500000000E-01, -3.73705483128528E+01,  1.86850000000005E+02,  8.74140399314784E+01,  2.03959263487205E+02
 1.96658333300000E+03,  2.54143764614086E-01,  3.38461875000000E-01, -3.73439745267733E+01,  1.87030000000005E+02,  4.73515623017808E+01,  2.28726866723670E+02
 1.96666666700000E+03,  6.43272026475679E-02,  5.00001250000000E-02, -3.92332855541940E+01,  1.87210000000005E+02,  1.61743107644879E+02,  2.92852402673646E+02
 1.96675000000000E+03, -2.41307333780713E-02, -6.92308750000000E-02, -3.92180722119650E+01,  1.87390000000005E+02,  1.94954506010584E+02,  2.81837567905805E+02
 1.96683333300000E+03, -1.63261488515131E-02, -9.80771250000000E-02, -3.92027684925050E+01,  1.87570000000005E+02,  1.93258796918701E+02,  3.34048963813012E+02
 1.96691666700000E+03, -6.71740421292589E-03, -7.69231725000000E-02, -3.91873724837755E+01,  1.87750000000005E+02,  1.96243524678174E+02,  3.30613666069034E+02
 1.96700000000000E+03, -4.18251357291450E-03, -7.69229500000000E-03, -3.91718823045196E+01,  1.87930000000005E+02,  1.93742822518138E+02,  2.63319864319879E+02
 1.96708333300000E+03, -1.22506278152075E-02, -1.53845725000000E-02, -3.91562961046926E+01,  1.88110000000005E+02,  7.23495347595107E+01,  1.29172846330480E+02
 1.96716666700000E+03, -2.72826914487311E-02, -1.80769200000000E-01, -3.91406120658868E+01,  1.88290000000005E+02,  1.23344916895207E+02,  2.20561775066398E+02
 1.96725000000000E+03, -4.38626001380581E-02, -4.46153750000000E-01, -3.91248284017512E+01,  1.88470000000005E+02,  1.75876917750023E+02,  2.99896206376058E+02
 1.96733333300000E+03, -6.14929395357109E-02, -6.46153750000000E-01, -3.91089433584045E+01,  1.88650000000005E+02,  3.14819737872234E+02,  6.23419643573081E+02
 1.96741666700000E+03, -8.54884109227092E-02, -6.44231000000000E-01, -3.90929552148431E+01,  1.88830000000005E+02,  3.10114901480260E+02,  6.67147251865041E+02
 1.96750000000000E+03, -1.20979775892264E-01, -5.61538750000000E-01, -3.90768622833427E+01,  1.89010000000005E+02,  3.11118492561876E+02,  6.43807748201249E+02
 1.96758333300000E+03, -1.97041452118172E-01, -5.38461500000000E-01, -3.90606629098545E+01,  1.89190000000005E+02,  2.44647627016068E+02,  5.50011919031744E+02
 1.96766666700000E+03, -2.76001892836360E-01, -4.65384500000000E-01, -2.98558794656919E+01,  1.89370000000005E+02,  2.41843354492011E+02,  5.05922797482071E+02
 1.96775000000000E+03, -2.57644914810714E-01, -2.76923000000000E-01, -2.98328006388972E+01,  1.89550000000005E+02,  1.20105734397503E+02,  4.02943049846768E+02
 1.96783333300000E+03, -1.68043573494778E-01, -1.49999750000000E-01, -2.98099241086990E+01,  1.89730000000005E+02,  2.27520385680699E+02,  4.98368686080691E+02
 1.96791666700000E+03, -7.39852161070764E-02, -3.84612500000000E-02, -2.97872535560920E+01,  1.89910000000005E+02,  2.57956122005019E+02,  5.30099443251313E+02
 1.96800000000000E+03,  1.40744759969382E-02,  1.78846250000000E-01, -2.97647926555748E+01,  1.90090000000005E+02,  2.93979397053354E+02,  6.44812107509394E+02
 1.96808333300000E+03,  9.10922820280163E-02,  3.34615500000000E-01, -2.97425450745559E+01,  1.90270000000005E+02,  3.09637515770416E+02,  7.79345688465015E+02
 1.96816666700000E+03,  1.59295872577574E-01,  4.53846250000000E-01, -2.97205144727603E+01,  1.90450000000005E+02,  3.36991278773018E+02,  5.94709929251716E+02
 1.96825000000000E+03,  2.22826308750541E-01,  6.71153750000000E-01, -2.96987045016352E+01,  1.90630000000005E+02,  2.19764682196529E+02,  5.08151855786280E+02
 1.96833333300000E+03,  2.81070379291865E-01,  9.21154000000000E-01, -2.96771188037578E+01,  1.90810000000005E+02,  3.67377437451345E+02,  6.45891256178313E+02
 1.96841666700000E+03,  3.27789652060949E-01,  1.13076850000000E+00, -2.96557610122420E+01,  1.90990000000005E+02,  3.86557414872447E+02,  6.23927980128445E+02
 1.96850000000000E+03,  3.57133445564796E-01,  1.34038250000000E+00, -2.96346347501465E+01,  1.91170000000005E+02,  3.44154533468574E+02,  3.89634755933654E+02
 1.96858333300000E+03,  5.08125701521860E-01,  1.54615250000000E+00, -2.96137436298837E+01,  1.91350000000005E+02,  4.88100628291736E+02,  4.17210393031618E+02
 1.96866666700000E+03,  7.96874237119130E-01,  1.65577000000000E+00, -3.78903368783576E+01,  1.91530000000005E+02,  4.79396374161120E+02,  4.08904802918697E+02
 1.96875000000000E+03,  9.55633482856213E-01,  1.66923250000000E+00, -3.78465012784044E+01,  1.91710000000005E+02,  3.93137621998965E+02,  3.16736424284588E+02
 1.96883333300000E+03,  9.62977180591152E-01,  1.63461500000000E+00, -3.78025541539903E+01,  1.91890000000005E+02,  3.56695888905930E+02,  2.69166663620703E+02
 1.96891666700000E+03,  9.39625388369960E-01,  1.57499750000000E+00, -3.77584997813160E+01,  1.92070000000005E+02,  3.87006552745967E+02,  2.81901386407244E+02
 1.96900000000000E+03,  8.85714707091867E-01,  1.46730500000000E+00, -3.77143424294354E+01,  1.92250000000005E+02,  2.11511935573561E+02,  2.54056689800817E+02
 1.96908333300000E+03,  8.07769817239606E-01,  1.27884500000000E+00, -3.76700863596804E+01,  1.92430000000005E+02,  2.46933662587113E+02,  1.91037239855318E+02
 1.96916666700000E+03,  7.19113432957654E-01,  1.08077050000000E+00, -3.76257358250869E+01,  1.92610000000005E+02,  1.71066441437912E+02,  1.36242240349638E+02
 1.96925000000000E+03,  6.33216458464204E-01,  9.19232000000000E-01, -3.75812950698239E+01,  1.92790000000005E+02,  2.11644572346855E+02,  1.47545824569993E+02
 1.96933333300000E+03,  5.56088976232660E-01,  7.36538750000000E-01, -3.75367683286245E+01,  1.92970000000005E+02,  1.78791361135599E+02,  2.68021533799653E+02
 1.96941666700000E+03,  4.84955828232099E-01,  6.01923250000000E-01, -3.74921598262189E+01,  1.93150000000005E+02,  2.28852770623153E+02,  3.16863399518634E+02
 1.96950000000000E+03,  4.14359222548341E-01,  5.17307750000000E-01, -3.74474737767702E+01,  1.93330000000005E+02,  2.18109903680178E+02,  3.57756867298657E+02
 1.96958333300000E+03,  2.32370029983371E-01,  3.40384750000000E-01, -3.74027143833128E+01,  1.93510000000005E+02,  2.66054231921492E+02,  3.58041268471926E+02
 1.96966666700000E+03, -3.80103895303186E-02,  1.15384750000000E-01, -2.97491718060285E+01,  1.93690000000005E+02,  2.58581986232407E+02,  3.55483196164486E+02
 1.96975000000000E+03, -1.47869791281881E-01, -6.53845000000000E-02, -2.97351577925365E+01,  1.93870000000005E+02,  3.94233404055424E+02,  3.85155223916101E+02
 1.96983333300000E+03, -1.09324710345804E-01, -1.88461250000000E-01, -2.97210779686971E+01,  1.94050000000005E+02,  4.19247863614938E+02,  4.78354829778476E+02
 1.96991666700000E+03, -5.69085355965233E-02, -2.61538250000000E-01, -2.97069303218440E+01,  1.94230000000005E+02,  4.44397066641137E+02,  5.59668110906388E+02
 1.97000000000000E+03, -2.14135830587389E-03, -2.44230750000000E-01, -2.96927128626474E+01,  1.94410000000005E+02,  3.77104679615584E+02,  6.02513152130237E+02
 1.97008333300000E+03,  4.83554996430994E-02, -1.82692250000000E-01, -2.96784236255310E+01,  1.94590000000005E+02,  3.45547322037527E+02,  7.26864202680274E+02
 1.97016666700000E+03,  9.50848054827212E-02, -1.36538400000000E-01, -2.96640606690867E+01,  1.94770000000005E+02,  2.06414658262994E+02,  6.55062603176570E+02
 1.97025000000000E+03,  1.40655012065872E-01, -5.19230750000000E-02, -2.96496220764826E+01,  1.94950000000005E+02,  1.70573491050642E+02,  5.47420539408582E+02
 1.97033333300000E+03,  1.83368468880296E-01,  3.07692250000000E-02, -2.96351059558695E+01,  1.95130000000005E+02,  1.70063532265301E+02,  4.76693634452997E+02
 1.97041666700000E+03,  2.16483306191015E-01,  1.23076825000000E-01, -2.96205104407809E+01,  1.95310000000005E+02,  1.79005101360407E+02,  4.56379172782876E+02
 1.97050000000000E+03,  2.34218811409437E-01,  1.61538275000000E-01, -2.96058336905299E+01,  1.95490000000005E+02,  1.75319139958680E+02,  3.34106765194449E+02
 1.97058333300000E+03,  2.28713229619293E-01,  7.69230000000000E-02, -2.95910738906016E+01,  1.95670000000005E+02,  2.63248546470673E+02,  3.32422991719118E+02
 1.97066666700000E+03,  2.10892473211918E-01,  4.61538750000000E-02, -2.96904682169124E+01,  1.95850000000005E+02,  2.54666348002799E+02,  2.47456131467536E+02
 1.97075000000000E+03,  2.11800598236955E-01,  5.38461750000000E-02, -2.96761675028019E+01,  1.96030000000005E+02,  2.10080364400333E+02,  2.02950907038508E+02
 1.97083333300000E+03,  2.33073148684097E-01,  8.07692250000000E-02, -2.96617927659694E+01,  1.96210000000005E+02,  3.46204339547267E+02,  2.86794431275816E+02
 1.97091666700000E+03,  2.57526284330297E-01,  2.50000025000000E-01, -2.96473420934893E+01,  1.96390000000005E+02,  3.79087525555171E+02,  3.31753131674193E+02
 1.97100000000000E+03,  2.76271454954261E-01,  3.69230750000000E-01, -2.96328135974815E+01,  1.96570000000005E+02,  2.72897834435690E+02,  2.67192961589040E+02
 1.97108333300000E+03,  2.85668255426304E-01,  3.36538250000000E-01, -2.96182054155118E+01,  1.96750000000005E+02,  2.93592432005001E+02,  3.32583331800374E+02
 1.97116666700000E+03,  2.89150408545205E-01,  3.44230500000000E-01, -2.96035157109876E+01,  1.96930000000005E+02,  2.88570988890530E+02,  3.34077220864178E+02
 1.97125000000000E+03,  2.91847449291614E-01,  3.61538250000000E-01, -2.95887426735491E+01,  1.97110000000005E+02,  1.54369274271350E+02,  2.16364116609486E+02
 1.97133333300000E+03,  2.93907508843686E-01,  2.94230750000000E-01, -2.95738845194573E+01,  1.97290000000005E+02,  1.32207601399628E+02,  1.19148703814524E+02
 1.97141666700000E+03,  2.89627183717213E-01,  1.94230950000000E-01, -2.95589394919754E+01,  1.97470000000005E+02,  2.52826048856021E+02,  3.06809138108762E+02
 1.97150000000000E+03,  2.73474391204754E-01,  7.11539500000000E-02, -2.95439058617475E+01,  1.97650000000005E+02,  3.16861923847137E+02,  3.45326153674311E+02
 1.97158333300000E+03,  6.79655038070712E-02, -3.65384750000000E-02, -2.95287819271716E+01,  1.97830000000005E+02,  3.25057692293563E+02,  3.44225588011362E+02
 1.97166666700000E+03, -2.99170365111623E-01, -9.42307500000000E-02, -2.71660977862732E+01,  1.98010000000005E+02,  4.27216602920549E+02,  4.75755882805533E+02
 1.97175000000000E+03, -4.40967006844003E-01, -2.21153775000000E-01, -2.71404321921424E+01,  1.98190000000005E+02,  4.50367372853058E+02,  5.37567564263916E+02
 1.97183333300000E+03, -3.73050953678563E-01, -4.26923000000000E-01, -2.71149754996032E+01,  1.98370000000005E+02,  3.36532071959315E+02,  3.58724207428186E+02
 1.97191666700000E+03, -3.00536978781801E-01, -5.61538500000000E-01, -2.70897269580045E+01,  1.98550000000005E+02,  2.13756147430612E+02,  2.75094827024369E+02
 1.97200000000000E+03, -2.34458673980257E-01, -6.55769500000000E-01, -2.70646857810298E+01,  1.98730000000005E+02,  2.45063422836304E+02,  6.04000692282524E+02
 1.97208333300000E+03, -1.80410896170292E-01, -6.51923250000000E-01, -2.70398511469508E+01,  1.98910000000005E+02,  1.89376749716049E+02,  6.44814195159096E+02
 1.97216666700000E+03, -1.36652363425095E-01, -4.94230750000000E-01, -2.70152221988848E+01,  1.99090000000005E+02,  1.99220128943445E+02,  7.39188299722068E+02
 1.97225000000000E+03, -9.94291122505409E-02, -4.40384750000000E-01, -2.69907980450586E+01,  1.99270000000005E+02,  2.46120601048460E+02,  7.99085187975181E+02
 1.97233333300000E+03, -6.96148549798673E-02, -5.25000250000000E-01, -2.69665777590772E+01,  1.99450000000005E+02,  2.39849111969197E+02,  8.07817275519078E+02
 1.97241666700000E+03, -5.35626145774388E-02, -5.75000250000000E-01, -2.69425603801972E+01,  1.99630000000005E+02,  2.63443478066978E+02,  5.57124177270755E+02
 1.97250000000000E+03, -5.70811177075485E-02, -6.11538750000000E-01, -2.69187449136062E+01,  1.99810000000005E+02,  2.55073177730392E+02,  4.16183268101358E+02
 1.97258333300000E+03, -8.24005878272573E-02, -6.84615750000000E-01, -2.68951303307061E+01,  1.99990000000005E+02,  2.05585662652290E+02,  3.40798140823650E+02
 1.97266666700000E+03, -1.11514870588246E-01, -6.48077250000000E-01, -2.49714207058014E+01,  2.00170000000005E+02,  2.44637869175480E+02,  2.61909145598431E+02
 1.97275000000000E+03, -1.16287428960828E-01, -4.46154000000000E-01, -2.49577778980110E+01,  2.00350000000005E+02,  2.80336532608451E+02,  2.67653466248669E+02
 1.97283333300000E+03, -9.89838330888172E-02, -2.69230750000000E-01, -2.49440766361792E+01,  2.00530000000005E+02,  2.31809139108664E+02,  2.16310388012136E+02
 1.97291666700000E+03, -7.62414366473336E-02, -1.49999850000000E-01, -2.49303149357328E+01,  2.00710000000005E+02,  3.03320302713355E+02,  4.21350390739541E+02
 1.97300000000000E+03, -5.65866787100091E-02, -6.53844500000000E-02, -2.49164908330027E+01,  2.00890000000005E+02,  2.90960735147750E+02,  3.58032760039501E+02
 1.97308333300000E+03, -4.33790627217584E-02, -6.92306250000000E-02, -2.49026023856218E+01,  2.01070000000005E+02,  2.43058296709035E+02,  3.84077171525556E+02
 1.97316666700000E+03, -3.30020382881276E-02, -1.23076800000000E-01, -2.48886476729198E+01,  2.01250000000005E+02,  3.44046762297991E+02,  3.55062629238814E+02
 1.97325000000000E+03, -2.02529601518452E-02, -1.96153775000000E-01, -2.48746247963135E+01,  2.01430000000005E+02,  4.30263276481455E+02,  3.29504522380258E+02
 1.97333333300000E+03, -5.02634449892590E-03, -2.17307750000000E-01, -2.48605318796945E+01,  2.01610000000005E+02,  3.59201921499381E+02,  1.17855368404600E+02
 1.97341666700000E+03,  6.81562889518777E-03, -1.80769250000000E-01, -2.48463670698120E+01,  2.01790000000005E+02,  4.91896165607195E+02,  3.03025536208150E+02
 1.97350000000000E+03,  9.47104499267346E-03, -1.86538250000000E-01, -2.48321285366524E+01,  2.01970000000005E+02,  5.66220475164826E+02,  3.42045827760224E+02
 1.97358333300000E+03,  9.07802967479557E-02, -1.80769025000000E-01, -2.48178144738156E+01,  2.02150000000005E+02,  4.75060551418450E+02,  4.46215053622694E+02
 1.97366666700000E+03,  2.67401424301310E-01, -9.03845750000000E-02, -2.94801663733306E+01,  2.02330000000005E+02,  4.03690932045819E+02,  4.51263153357797E+02
 1.97375000000000E+03,  3.72456375626743E-01, -5.96153250000000E-02, -2.95360853843610E+01,  2.02510000000005E+02,  3.99081945539147E+02,  4.19097945214999E+02
 1.97383333300000E+03,  3.75803112662109E-01, -1.46153775000000E-01, -2.95920766923684E+01,  2.02690000000005E+02,  3.32713441778490E+02,  4.27163677355075E+02
 1.97391666700000E+03,  3.32955854951153E-01, -1.80769250000000E-01, -2.96481353565284E+01,  2.02870000000005E+02,  2.71914271975674E+02,  4.67989988694091E+02
 1.97400000000000E+03,  2.33047882869762E-01, -1.36538425000000E-01, -2.97042564239753E+01,  2.03050000000005E+02,  3.27684291323211E+02,  4.86633579002766E+02
 1.97408333300000E+03,  7.98547825640653E-02, -1.05769100000000E-01, -2.97604349303835E+01,  2.03230000000005E+02,  2.99491326523431E+02,  5.32017300498716E+02
 1.97416666700000E+03, -1.06851127814678E-01, -1.07692175000000E-01, -2.98166659005519E+01,  2.03410000000005E+02,  2.59170528625478E+02,  5.76200997499589E+02
 1.97425000000000E+03, -2.99314062985091E-01, -1.55769250000000E-01, -2.98729443489892E+01,  2.03590000000005E+02,  1.89708518548652E+02,  4.28273830257773E+02
 1.97433333300000E+03, -4.72743366201151E-01, -2.90384750000000E-01, -2.99292652805012E+01,  2.03770000000005E+02,  2.05897027325602E+02,  3.19972009002537E+02
 1.97441666700000E+03, -6.11126045502255E-01, -4.67307750000000E-01, -2.99856236907789E+01,  2.03950000000005E+02,  1.31800417649729E+02,  2.69818268482247E+02
 1.97450000000000E+03, -7.05650221871931E-01, -5.21153750000000E-01, -3.00420145669888E+01,  2.04130000000005E+02,  2.47155451979011E+02,  3.68458529904888E+02
 1.97458333300000E+03, -4.64470205544296E-01, -4.11538250000000E-01, -3.00984328883637E+01,  2.04310000000005E+02,  3.47789060166796E+02,  3.18902263628987E+02
 1.97466666700000E+03,  5.73683866013018E-02, -2.99999750000000E-01, -3.15954999644415E+01,  2.04490000000005E+02,  3.82120447162609E+02,  3.52094845015997E+02
 1.97475000000000E+03,  2.20501172330891E-01, -2.53846000000000E-01, -3.15508390253600E+01,  2.04670000000005E+02,  3.43569702844262E+02,  5.24156002610034E+02
 1.97483333300000E+03,  6.64818533752003E-02, -2.15384750000000E-01, -3.15061999078237E+01,  2.04850000000005E+02,  7.26455331456432E+02,  9.70478674774630E+02
 1.97491666700000E+03, -6.53629599909856E-02, -1.86538750000000E-01, -3.14615862033798E+01,  2.05030000000005E+02,  6.44402234715516E+02,  9.22355799728723E+02
 1.97500000000000E+03, -1.72279708223923E-01, -1.57692525000000E-01, -3.14170014804091E+01,  2.05210000000005E+02,  6.58489796740634E+02,  1.16660803111895E+03
 1.97508333300000E+03, -2.51910859313806E-01, -1.44230800000000E-01, -3.13724492836935E+01,  2.05390000000005E+02,  7.73952842457545E+02,  1.60766377691009E+03
 1.97516666700000E+03, -3.01055791062124E-01, -1.53846050000000E-01, -3.13279331339862E+01,  2.05570000000005E+02,  7.96428805015911E+02,  1.47457894519174E+03
 1.97525000000000E+03, -3.20439054723496E-01, -1.40384550000000E-01, -3.12834565275873E+01,  2.05750000000005E+02,  5.09914900635038E+02,  1.05841566826536E+03
 1.97533333300000E+03, -3.19739275239742E-01, -1.24999975000000E-01, -3.12390229359232E+01,  2.05930000000005E+02,  5.25649587407106E+02,  1.18751441874770E+03
 1.97541666700000E+03, -3.16146151163764E-01, -7.50000000000000E-02, -3.11946358051302E+01,  2.06110000000005E+02,  4.13486523196743E+02,  9.48116041939346E+02
 1.97550000000000E+03, -3.25862117474463E-01, -3.84617500000000E-03, -3.11502985556429E+01,  2.06290000000005E+02,  4.01290229145304E+02,  5.92989562303587E+02
 1.97558333300000E+03, -2.70283525753196E-01, -3.46154000000000E-02, -3.11060145817866E+01,  2.06470000000005E+02,  3.49038420097285E+02,  5.77052286613513E+02
 1.97566666700000E+03, -1.35010663991763E-01, -1.57692275000000E-01, -1.97579034609125E+01,  2.06650000000005E+02,  3.52030930253590E+02,  7.04490868363739E+02
 1.97575000000000E+03, -6.67529727625946E-02, -2.88461500000000E-01, -1.97407999098693E+01,  2.06830000000005E+02,  3.16088165958254E+02,  5.34272064985049E+02
 1.97583333300000E+03, -6.30878319500797E-02, -4.30769250000000E-01, -1.97239632246909E+01,  2.07010000000005E+02,  3.39807360174504E+02,  6.02088084722343E+02
 1.97591666700000E+03, -5.21210441455563E-02, -5.03846250000000E-01, -1.97073965093455E+01,  2.07190000000005E+02,  2.33434870108873E+02,  4.17838857677442E+02
 1.97600000000000E+03, -4.56104241648247E-02, -4.19231000000000E-01, -1.96911028502630E+01,  2.07370000000005E+02,  2.62159653869735E+02,  4.07428999230183E+02
 1.97608333300000E+03, -4.93357273977452E-02, -2.25000200000000E-01, -1.96750853158450E+01,  2.07550000000005E+02,  1.69458406688446E+02,  2.37934417372159E+02
 1.97616666700000E+03, -6.10623452482755E-02, -1.92308000000000E-02, -1.96593469559774E+01,  2.07730000000005E+02,  1.85740647432856E+02,  3.02502464394429E+02
 1.97625000000000E+03, -7.58732873279181E-02,  3.46154000000000E-02, -1.96438908015447E+01,  2.07910000000005E+02,  1.88027808797361E+02,  2.34395850337380E+02
 1.97633333300000E+03, -9.29615819691459E-02,  3.07691500000000E-02, -1.96287198639454E+01,  2.08090000000005E+02,  2.50789673930632E+02,  3.12091306593422E+02
 1.97641666700000E+03, -1.16748879771730E-01,  1.55769150000000E-01, -1.96138371346113E+01,  2.08270000000005E+02,  2.11210879148940E+02,  2.88236847472658E+02
 1.97650000000000E+03, -1.51195745811804E-01,  3.03846250000000E-01, -1.95992455845272E+01,  2.08450000000005E+02,  1.93778096957641E+02,  2.34169069842896E+02
 1.97658333300000E+03, -1.18018634829801E-01,  4.23077000000000E-01, -1.95849481637541E+01,  2.08630000000005E+02,  2.07809179540359E+02,  1.24636607151384E+02
 1.97666666700000E+03,  2.19705673814016E-02,  5.53846000000000E-01, -2.27309167345309E+01,  2.08810000000005E+02,  2.07460569630924E+02,  1.24134686101496E+02
 1.97675000000000E+03,  1.56840192254723E-01,  6.67307500000000E-01, -2.27803070870584E+01,  2.08990000000005E+02,  1.14674155264989E+02,  1.37026329745989E+02
 1.97683333300000E+03,  2.58247528622064E-01,  8.09615750000000E-01, -2.28299287144600E+01,  2.09170000000005E+02,  1.24071678517823E+02,  1.99324624109120E+02
 1.97691666700000E+03,  3.64661082105460E-01,  9.86538500000000E-01, -2.28797776624243E+01,  2.09350000000005E+02,  1.10365020836903E+02,  2.08277486217011E+02
 1.97700000000000E+03,  4.68268819123499E-01,  1.02499875000000E+00, -2.29298499471399E+01,  2.09530000000005E+02,  1.69004633261743E+02,  1.86111124355496E+02
 1.97708333300000E+03,  5.68910251558845E-01,  8.99999000000000E-01, -2.29801415557314E+01,  2.09710000000005E+02,  2.11504332919978E+02,  3.57982695607187E+02
 1.97716666700000E+03,  6.74359420554056E-01,  6.84615250000000E-01, -2.30306484466983E+01,  2.09890000000005E+02,  2.46215454056475E+02,  3.01057724128241E+02
 1.97725000000000E+03,  7.92945174849669E-01,  4.92307750000000E-01, -2.30813665503591E+01,  2.10070000000005E+02,  2.64193258003082E+02,  2.84140128410364E+02
 1.97733333300000E+03,  9.24885004874891E-01,  5.32692500000000E-01, -2.31322917692977E+01,  2.10250000000005E+02,  2.60231981829162E+02,  2.91209485118828E+02
 1.97741666700000E+03,  1.05994640522553E+00,  6.03846500000000E-01, -2.31834199788153E+01,  2.10430000000005E+02,  2.09256417062640E+02,  3.44829764465764E+02
 1.97750000000000E+03,  1.18295195458402E+00,  5.23077250000000E-01, -2.32347470273849E+01,  2.10610000000005E+02,  1.82301663259302E+02,  2.51190090487039E+02
 1.97758333300000E+03,  9.00246104529094E-01,  4.21154000000000E-01, -2.32862687371100E+01,  2.10790000000005E+02,  1.77150605051860E+02,  2.51818887681775E+02
 1.97766666700000E+03,  2.01537589807011E-01,  3.25000000000000E-01, -2.70450267656204E+01,  2.10970000000005E+02,  2.40657614403026E+02,  2.87526347643342E+02
 1.97775000000000E+03, -1.46975513823260E-01,  2.86538250000000E-01, -2.70203548833983E+01,  2.11150000000005E+02,  3.47385850582332E+02,  3.28786507303190E+02
 1.97783333300000E+03, -1.24571990288520E-01,  2.48076750000000E-01, -2.69958879847480E+01,  2.11330000000005E+02,  3.27832099706172E+02,  3.11554615100738E+02
 1.97791666700000E+03, -1.06393910545072E-01,  1.84615500000000E-01, -2.69716251504910E+01,  2.11510000000006E+02,  3.25584968173557E+02,  2.57576991430311E+02
 1.97800000000000E+03, -1.02180637081831E-01,  2.34615500000000E-01, -2.69475654270430E+01,  2.11690000000006E+02,  4.01866457735003E+02,  2.59076140156227E+02
 1.97808333300000E+03, -1.16721985719542E-01,  3.36538500000000E-01, -2.69237078266916E+01,  2.11870000000006E+02,  6.05228845038478E+02,  2.75065516617118E+02
 1.97816666700000E+03, -1.47613960686351E-01,  3.46154000000000E-01, -2.69000513278792E+01,  2.12050000000006E+02,  6.29971732445393E+02,  3.00086091054846E+02
 1.97825000000000E+03, -1.90104449179134E-01,  2.67308000000000E-01, -2.68765948754912E+01,  2.12230000000006E+02,  5.99836366807586E+02,  4.13081313339426E+02
 1.97833333300000E+03, -2.43253482150522E-01,  2.23077250000000E-01, -2.68533373811481E+01,  2.12410000000006E+02,  6.32556064065101E+02,  7.04309798076554E+02
 1.97841666700000E+03, -3.10442192479761E-01,  2.96154000000000E-01, -2.68302777235039E+01,  2.12590000000006E+02,  5.13682333602209E+02,  6.89701480075204E+02
 1.97850000000000E+03, -3.93262640540793E-01,  4.30769250000000E-01, -2.68074147485485E+01,  2.12770000000006E+02,  3.03987613018658E+02,  7.74424487713921E+02
 1.97858333300000E+03, -2.92286998717879E-01,  4.67307750000000E-01, -2.67847472699150E+01,  2.12950000000006E+02,  2.20356896805843E+02,  7.85606871044997E+02
 1.97866666700000E+03,  3.83263249946433E-02,  4.36538500000000E-01, -2.97103357987188E+01,  2.13130000000006E+02,  2.37489587647397E+02,  6.89068829715106E+02
 1.97875000000000E+03,  2.50420971657547E-01,  4.88461500000000E-01, -2.96743387876103E+01,  2.13310000000006E+02,  1.93471632309403E+02,  4.01007516541261E+02
 1.97883333300000E+03,  3.00880428395482E-01,  5.21154000000000E-01, -2.96380934044802E+01,  2.13490000000006E+02,  2.65816653320029E+02,  6.55575442260530E+02
 1.97891666700000E+03,  3.36710558679409E-01,  5.34615750000000E-01, -2.96016034433961E+01,  2.13670000000006E+02,  2.34476040944007E+02,  5.43233888571956E+02
 1.97900000000000E+03,  3.49431997076000E-01,  5.34615750000000E-01, -2.95648727108536E+01,  2.13850000000006E+02,  1.94377984675451E+02,  4.72373895714937E+02
 1.97908333300000E+03,  3.37293123568921E-01,  4.11538750000000E-01, -2.95279050252648E+01,  2.14030000000006E+02,  2.60182649452708E+02,  4.98092433071471E+02
 1.97916666700000E+03,  3.06832991263813E-01,  2.71154000000000E-01, -2.94907042164453E+01,  2.14210000000006E+02,  2.99023251962836E+02,  5.52298305548337E+02
 1.97925000000000E+03,  2.67102132279299E-01,  1.94230750000000E-01, -2.94532741251012E+01,  2.14390000000006E+02,  5.20362830343140E+02,  3.01361089827755E+02
 1.97933333300000E+03,  2.22492936159767E-01,  1.63461500000000E-01, -2.94156186023145E+01,  2.14570000000006E+02,  7.05936354531128E+02,  2.88303355527542E+02
 1.97941666700000E+03,  1.71346342454217E-01,  1.61538500000000E-01, -2.93777415090286E+01,  2.14750000000006E+02,  7.48218788303260E+02,  3.43244484833981E+02
 1.97950000000000E+03,  1.11488997140393E-01,  7.50000000000000E-02, -2.93396467155327E+01,  2.14930000000006E+02,  7.06679191241700E+02,  3.34772831299276E+02
 1.97958333300000E+03,  3.72557633655229E-02, -9.03845000000000E-02, -2.93013381009465E+01,  2.15110000000006E+02,  6.63850976492676E+02,  3.38775370425903E+02
 1.97966666700000E+03, -1.94162669424590E-02, -1.61538250000000E-01, -2.93085196445382E+01,  2.15290000000006E+02,  4.55816852614756E+02,  5.08955019169855E+02
 1.97975000000000E+03, -7.23528645950868E-03, -1.15384550000000E-01, -2.93513607551160E+01,  2.15470000000006E+02,  2.21342609260363E+02,  5.07504945680995E+02
 1.97983333300000E+03,  5.45960994361572E-02, -9.23076000000000E-02, -2.93938686280710E+01,  2.15650000000006E+02,  2.24889937029855E+02,  4.27950924023205E+02
 1.97991666700000E+03,  1.25448385020155E-01, -9.23074725000000E-02, -2.94360396474586E+01,  2.15830000000006E+02,  2.86009248961210E+02,  4.09139329533762E+02
 1.98000000000000E+03,  1.90595308302454E-01,  1.53846550000000E-02, -2.94778702319780E+01,  2.16010000000006E+02,  2.81224566767907E+02,  4.92145344609466E+02
 1.98008333300000E+03,  2.39611928988809E-01,  1.26922927500000E-01, -2.95193568353689E+01,  2.16190000000006E+02,  1.97059811544055E+02,  3.08357067387635E+02
 1.98016666700000E+03,  2.69181413856256E-01,  1.48076950000000E-01, -2.95604959468043E+01,  2.16370000000006E+02,  2.43217918081829E+02,  2.92154593982837E+02
 1.98025000000000E+03,  2.78700266882483E-01,  2.38461850000000E-01, -2.96012840912790E+01,  2.16550000000006E+02,  2.60428175137417E+02,  4.06056385238212E+02
 1.98033333300000E+03,  2.64442511470336E-01,  3.78846500000000E-01, -2.96417178299932E+01,  2.16730000000006E+02,  1.91888627473826E+02,  3.80123857529086E+02
 1.98041666700000E+03,  2.19274390136630E-01,  4.32692500000000E-01, -2.96817937607310E+01,  2.16910000000006E+02,  3.41847254525451E+02,  2.78983598296566E+02
 1.98050000000000E+03,  1.38934565279477E-01,  3.84615500000000E-01, -2.97215085182353E+01,  2.17090000000006E+02,  3.80284242537790E+02,  3.60536592257126E+02
 1.98058333300000E+03,  2.43643631107671E-01,  3.09615500000000E-01, -2.97608587745763E+01,  2.17270000000006E+02,  4.84846813984419E+02,  3.70591891649308E+02
 1.98066666700000E+03,  5.71438952009338E-01,  3.38461750000000E-01, -1.51008532786076E+01,  2.17450000000006E+02,  4.71708743498648E+02,  2.90450020541474E+02
 1.98075000000000E+03,  7.31182242803705E-01,  4.09615750000000E-01, -1.50818612410057E+01,  2.17630000000006E+02,  4.79729918269210E+02,  2.64294838596082E+02
 1.98083333300000E+03,  7.05756358734060E-01,  4.15385000000000E-01, -1.50631014760087E+01,  2.17810000000006E+02,  4.82635858032285E+02,  3.82470701215003E+02
 1.98091666700000E+03,  6.82855203011113E-01,  3.92308000000000E-01, -1.50445770761979E+01,  2.17990000000006E+02,  7.35095564213752E+02,  3.22285231847531E+02
 1.98100000000000E+03,  6.56011974240346E-01,  3.36538750000000E-01, -1.50262911216961E+01,  2.18170000000006E+02,  7.43436839523756E+02,  4.18634418836185E+02
 1.98108333300000E+03,  6.24078271081559E-01,  2.19231025000000E-01, -1.50082466797004E+01,  2.18350000000006E+02,  7.35120256717674E+02,  3.84518874760014E+02
 1.98116666700000E+03,  5.92777710591071E-01,  1.36538550000000E-01, -1.49904468040175E+01,  2.18530000000006E+02,  8.35046378279098E+02,  4.54914041928609E+02
 1.98125000000000E+03,  5.69070168335828E-01,  1.42307775000000E-01, -1.49728945345988E+01,  2.18710000000006E+02,  7.12824905396682E+02,  4.49414249314818E+02
 1.98133333300000E+03,  5.54269149029533E-01,  1.26923300000000E-01, -1.49555928970780E+01,  2.18890000000006E+02,  4.85478932961772E+02,  7.27386784942711E+02
 1.98141666700000E+03,  5.43045490774092E-01,  1.28846350000000E-01, -1.49385449023091E+01,  2.19070000000006E+02,  4.63833646037180E+02,  5.96145851830052E+02
 1.98150000000000E+03,  5.29417533297615E-01,  2.01923300000000E-01, -1.49217535459064E+01,  2.19250000000006E+02,  4.85138398553539E+02,  7.41113759865125E+02
 1.98158333300000E+03,  5.32670462040365E-01,  2.03846500000000E-01, -1.49052218077854E+01,  2.19430000000006E+02,  4.69193775426678E+02,  8.77598667579116E+02
 1.98166666700000E+03,  5.22119174799744E-01,  1.30769525000000E-01, -2.80191385351560E+01,  2.19610000000006E+02,  6.86620183726287E+02,  1.10162144936918E+03
 1.98175000000000E+03,  4.29820610474623E-01,  4.42308750000000E-02, -2.79760417499828E+01,  2.19790000000006E+02,  7.07047219664775E+02,  8.30139870013706E+02
 1.98183333300000E+03,  2.96511651947823E-01,  9.61542500000000E-03, -2.79328616336098E+01,  2.19970000000006E+02,  5.84507152157281E+02,  8.26168199699382E+02
 1.98191666700000E+03,  1.75724077745734E-01,  6.73077750000000E-02, -2.78896020576196E+01,  2.20150000000006E+02,  5.14005644464097E+02,  7.98360814912938E+02
 1.98200000000000E+03,  6.10588019671261E-02,  7.11539000000000E-02, -2.78462668845007E+01,  2.20330000000006E+02,  4.81096741787190E+02,  8.96578366104539E+02
 1.98208333300000E+03, -5.09367397303698E-02,  1.53846225000000E-02, -2.78028599671617E+01,  2.20510000000006E+02,  2.11315165770228E+02,  5.00744312922101E+02
 1.98216666700000E+03, -1.58330495050371E-01, -3.26924050000000E-02, -2.77593851484480E+01,  2.20690000000006E+02,  1.42352562659206E+02,  4.71553386739209E+02
 1.98225000000000E+03, -2.58305912587768E-01, -1.25000077500000E-01, -2.77158462606593E+01,  2.20870000000006E+02,  1.22797669863698E+02,  5.47216343977775E+02
 1.98233333300000E+03, -3.52859431488023E-01, -2.90384500000000E-01, -2.76722471250712E+01,  2.21050000000006E+02,  1.42379754700041E+02,  7.33260677265341E+02
 1.98241666700000E+03, -4.48771513462629E-01, -5.38461500000000E-01, -2.76285915514573E+01,  2.21230000000006E+02,  1.02792172294137E+02,  5.32354253879019E+02
 1.98250000000000E+03, -5.50934595486681E-01, -7.69230750000000E-01, -2.75848833376152E+01,  2.21410000000006E+02,  3.51659732532648E+02,  7.23668356800033E+02
 1.98258333300000E+03, -6.62345489326438E-01, -8.63461250000000E-01, -2.75411262688936E+01,  2.21590000000006E+02,  3.39559235125674E+02,  7.24043506578149E+02
 1.98266666700000E+03, -7.48437321463051E-01, -8.07692000000000E-01, -1.57621215966730E+01,  2.21770000000006E+02,  3.90205330467641E+02,  7.01057842480054E+02
 1.98275000000000E+03, -7.63026989342593E-01, -6.75000000000000E-01, -1.57376462035504E+01,  2.21950000000006E+02,  4.42837418620474E+02,  5.66834411722493E+02
 1.98283333300000E+03, -7.29149805016869E-01, -6.03846250000000E-01, -1.57133069585663E+01,  2.22130000000006E+02,  4.71826920118146E+02,  5.99042690592563E+02
 1.98291666700000E+03, -6.84036416390889E-01, -6.40384500000000E-01, -1.56891071081764E+01,  2.22310000000006E+02,  2.33560341691417E+02,  4.03213314606283E+02
 1.98300000000000E+03, -6.35896598155892E-01, -7.71153750000000E-01, -1.56650499005645E+01,  2.22490000000006E+02,  2.50386455778461E+02,  3.94826560266900E+02
 1.98308333300000E+03, -5.87377253598918E-01, -8.19230750000000E-01, -1.56411385851730E+01,  2.22670000000006E+02,  2.51888719600890E+02,  5.15528408479122E+02
 1.98316666700000E+03, -5.33950546348021E-01, -7.21153750000000E-01, -1.56173764122316E+01,  2.22850000000006E+02,  2.64692691951260E+02,  3.74217065475135E+02
 1.98325000000000E+03, -4.69564399242153E-01, -6.03846000000000E-01, -1.55937666322858E+01,  2.23030000000006E+02,  2.78997987119614E+02,  3.77952389392747E+02
 1.98333333300000E+03, -3.93603148105821E-01, -4.15384500000000E-01, -1.55703124957242E+01,  2.23210000000006E+02,  3.19683159027684E+02,  5.32491944964730E+02
 1.98341666700000E+03, -3.12001466908097E-01, -2.67307750000000E-01, -1.55470172523055E+01,  2.23390000000006E+02,  3.58601106014564E+02,  5.97311371666678E+02
 1.98350000000000E+03, -2.31379190346611E-01, -2.42307750000000E-01, -1.55238841506852E+01,  2.23570000000006E+02,  3.21314903963068E+02,  5.01916793179597E+02
 1.98358333300000E+03, -9.24193668859022E-02, -2.03846250000000E-01, -1.55009164379407E+01,  2.23750000000006E+02,  2.61876441596106E+02,  4.72356131238403E+02
 1.98366666700000E+03,  7.73651528198412E-02, -9.61540750000000E-02, -2.26934733456970E+01,  2.23930000000006E+02,  1.71707505134213E+02,  4.47768962200127E+02
 1.98375000000000E+03,  1.32543215967503E-01, -1.92309000000000E-02, -2.26655353224997E+01,  2.24110000000006E+02,  1.41446203122762E+02,  3.53487673895578E+02
 1.98383333300000E+03,  1.10018659766672E-01, -8.26923250000000E-02, -2.26378061979623E+01,  2.24290000000006E+02,  2.09428285018935E+02,  3.05467320398049E+02
 1.98391666700000E+03,  9.83491216709531E-02, -1.19230750000000E-01, -2.26102857049223E+01,  2.24470000000006E+02,  2.48862140964837E+02,  2.45299995708185E+02
 1.98400000000000E+03,  8.94464804551788E-02, -6.34615250000000E-02, -2.25829735400460E+01,  2.24650000000006E+02,  2.37121881068387E+02,  2.48136476136639E+02
 1.98408333300000E+03,  8.02415944247578E-02, -3.84615500000000E-02, -2.25558693639976E+01,  2.24830000000006E+02,  2.63601609841596E+02,  1.75023648923909E+02
 1.98416666700000E+03,  7.44432257091224E-02, -8.07692750000000E-02, -2.25289728016140E+01,  2.25010000000006E+02,  2.48210093423732E+02,  1.86819585955486E+02
 1.98425000000000E+03,  7.71129151732885E-02, -1.51923250000000E-01, -2.25022834420854E+01,  2.25190000000006E+02,  1.46473937709465E+02,  3.30834344139260E+02
 1.98433333300000E+03,  8.79636878343670E-02, -2.46154000000000E-01, -2.24758008391401E+01,  2.25370000000006E+02,  1.06388356899717E+02,  4.65014940812077E+02
 1.98441666700000E+03,  1.00489321013703E-01, -3.51923000000000E-01, -2.24495245112353E+01,  2.25550000000006E+02,  1.66902353769451E+02,  5.43351693179885E+02
 1.98450000000000E+03,  1.08009204766483E-01, -2.40384500000000E-01, -2.24234539417526E+01,  2.25730000000006E+02,  1.68775191568679E+02,  5.05245218710763E+02
 1.98458333300000E+03,  1.99520400127396E-01,  2.50000000000000E-02, -2.23975885791987E+01,  2.25910000000006E+02,  1.58843337016803E+02,  5.24446796037113E+02
 1.98466666700000E+03,  3.72452886134724E-01,  1.17307650000000E-01, -1.48961551579168E+01,  2.26090000000006E+02,  1.79410053642605E+02,  4.40865798800093E+02
 1.98475000000000E+03,  4.46828201927369E-01,  5.38461275000000E-02, -1.48804581520631E+01,  2.26270000000006E+02,  2.62092072439025E+02,  3.63847813546064E+02
 1.98483333300000E+03,  4.33463590420699E-01,  7.69230550000000E-02, -1.48646599269762E+01,  2.26450000000006E+02,  2.29656957920422E+02,  4.71567177652816E+02
 1.98491666700000E+03,  4.24204738755941E-01,  2.09615327500000E-01, -1.48487593888768E+01,  2.26630000000006E+02,  2.29201940454585E+02,  4.95187662174927E+02
 1.98500000000000E+03,  4.09957168534518E-01,  2.21153800000000E-01, -1.48327554715426E+01,  2.26810000000006E+02,  5.31644857627645E+02,  8.16173004326519E+02
 1.98508333300000E+03,  3.86882333383215E-01,  1.51923100000000E-01, -1.48166471365378E+01,  2.26990000000006E+02,  6.08575001654457E+02,  8.76582222745623E+02
 1.98516666700000E+03,  3.58245764808755E-01,  1.96153800000000E-01, -1.48004333734378E+01,  2.27170000000006E+02,  5.15051113930007E+02,  8.83060329047413E+02
 1.98525000000000E+03,  3.29055830175825E-01,  3.40384500000000E-01, -1.47841132000510E+01,  2.27350000000006E+02,  5.59847510207644E+02,  8.25181711227200E+02
 1.98533333300000E+03,  2.99397854682222E-01,  5.26923000000000E-01, -1.47676856626348E+01,  2.27530000000006E+02,  5.91577609019458E+02,  8.13038651458445E+02
 1.98541666700000E+03,  2.63569466117501E-01,  6.38461500000000E-01, -1.47511498361081E+01,  2.27710000000006E+02,  3.02852336854542E+02,  4.82999888054772E+02
 1.98550000000000E+03,  2.16103402177468E-01,  6.32692500000000E-01, -1.47345048242593E+01,  2.27890000000006E+02,  1.94535072423250E+02,  4.80618570800552E+02
 1.98558333300000E+03,  1.15644688946890E-01,  5.11538750000000E-01, -1.47177497599499E+01,  2.28070000000006E+02,  2.13347213331473E+02,  4.01111635941289E+02
 1.98566666700000E+03, -2.31417955064485E-02,  3.15384750000000E-01, -1.80364680589932E+01,  2.28250000000006E+02,  2.32020630658881E+02,  3.74547027755419E+02
 1.98575000000000E+03, -9.86004763619609E-02,  1.92307775000000E-01, -1.80111447463945E+01,  2.28430000000006E+02,  2.00449693572187E+02,  4.08231108611924E+02
 1.98583333300000E+03, -1.12851099185652E-01,  9.03846750000000E-02, -1.79857320636528E+01,  2.28610000000006E+02,  2.16721920629552E+02,  3.52815016478210E+02
 1.98591666700000E+03, -1.20017848169776E-01, -5.76922250000000E-02, -1.79602316034430E+01,  2.28790000000006E+02,  2.46394538468059E+02,  2.50024597902828E+02
 1.98600000000000E+03, -1.28463035902458E-01, -1.05769100000000E-01, -1.79346449907694E+01,  2.28970000000006E+02,  2.34079855742935E+02,  3.03589492890258E+02
 1.98608333300000E+03, -1.41088172539883E-01,  8.65385500000000E-02, -1.79089738827808E+01,  2.29150000000006E+02,  1.29526338965136E+02,  1.99960172475393E+02
 1.98616666700000E+03, -1.53535017073399E-01,  2.34615425000000E-01, -1.78832199685801E+01,  2.29330000000006E+02,  1.97955134146863E+02,  2.00678874766993E+02
 1.98625000000000E+03, -1.59609367831750E-01,  4.61538000000000E-02, -1.78573849690292E+01,  2.29510000000006E+02,  2.12778877219775E+02,  1.88707289832996E+02
 1.98633333300000E+03, -1.58020351821583E-01, -2.80769350000000E-01, -1.78314706365486E+01,  2.29690000000006E+02,  1.76746637547568E+02,  1.66608083732577E+02
 1.98641666700000E+03, -1.53326195892136E-01, -4.73077000000000E-01, -1.78054787549115E+01,  2.29870000000006E+02,  2.26887705236876E+02,  2.19136626367137E+02
 1.98650000000000E+03, -1.49996490292611E-01, -4.07692250000000E-01, -1.77794111390337E+01,  2.30050000000006E+02,  2.47777193134537E+02,  4.96354905743614E+02
 1.98658333300000E+03, -2.83022456298770E-01, -2.94230500000000E-01, -1.77532696347579E+01,  2.30230000000006E+02,  1.98166599228253E+02,  4.88918486543891E+02
 1.98666666700000E+03, -4.94067856820953E-01, -2.71153500000000E-01, -2.18669355686847E+01,  2.30410000000006E+02,  1.95357328820713E+02,  5.08307608889577E+02
 1.98675000000000E+03, -4.53070534701942E-01, -1.59615172500000E-01, -2.19206737518829E+01,  2.30590000000006E+02,  2.18904074045665E+02,  5.20389417038720E+02
 1.98683333300000E+03, -2.18939798967722E-01,  4.03846550000000E-02, -2.19743098842474E+01,  2.30770000000006E+02,  1.68852723422067E+02,  5.71482423530951E+02
 1.98691666700000E+03, -4.42919763317336E-03,  2.21153827500000E-01, -2.20278393936199E+01,  2.30950000000006E+02,  3.13654915880854E+02,  7.70205897395798E+02
 1.98700000000000E+03,  1.62371952871644E-01,  3.86538500000000E-01, -2.20812577161230E+01,  2.31130000000006E+02,  2.99228412014890E+02,  7.50075240562346E+02
 1.98708333300000E+03,  2.65548407812853E-01,  4.84615500000000E-01, -2.21345602966702E+01,  2.31310000000006E+02,  3.50997919030732E+02,  7.62498249407721E+02
 1.98716666700000E+03,  3.05140827007359E-01,  3.53846300000000E-01, -2.21877425894743E+01,  2.31490000000006E+02,  3.16040724259803E+02,  7.76135668698964E+02
 1.98725000000000E+03,  2.91982085784143E-01,  2.00000100000000E-01, -2.22408000585559E+01,  2.31670000000006E+02,  4.06417512411209E+02,  6.09453220648147E+02
 1.98733333300000E+03,  2.39504060788574E-01,  3.63461550000000E-01, -2.22937281782501E+01,  2.31850000000006E+02,  2.89258332090966E+02,  1.26611864257270E+02
 1.98741666700000E+03,  1.60003362371517E-01,  6.61538500000000E-01, -2.23465224337115E+01,  2.32030000000006E+02,  3.54334895666509E+02,  2.70579899385247E+02
 1.98750000000000E+03,  6.71068998366362E-02,  7.26923250000000E-01, -2.23991783214192E+01,  2.32210000000006E+02,  2.99251308239110E+02,  2.40985399328674E+02
 1.98758333300000E+03,  2.67336105211989E-01,  5.65384750000000E-01, -2.24516913496790E+01,  2.32390000000006E+02,  3.19551691456499E+02,  3.12028170565588E+02
 1.98766666700000E+03,  7.43296884974922E-01,  4.75000000000000E-01, -2.31706206165902E+01,  2.32570000000006E+02,  2.87885858667097E+02,  3.27208617349898E+02
 1.98775000000000E+03,  8.89320493103186E-01,  5.51923000000000E-01, -2.31281079927463E+01,  2.32750000000006E+02,  2.51321805254302E+02,  3.77173090970333E+02
 1.98783333300000E+03,  7.36814153296867E-01,  5.96153750000000E-01, -2.30855173564485E+01,  2.32930000000006E+02,  1.47751537644185E+02,  3.46164999616510E+02
 1.98791666700000E+03,  6.05535029531954E-01,  5.01923000000000E-01, -2.30428524011643E+01,  2.33110000000006E+02,  2.09567196616000E+02,  4.09026216168059E+02
 1.98800000000000E+03,  4.92337392012680E-01,  3.61538500000000E-01, -2.30001168114593E+01,  2.33290000000006E+02,  2.16213803902917E+02,  3.57611489725562E+02
 1.98808333300000E+03,  3.95481456399789E-01,  1.92307875000000E-01, -2.29573142625476E+01,  2.33470000000006E+02,  1.54825231086519E+02,  3.42241383762853E+02
 1.98816666700000E+03,  3.16677593112441E-01,  3.65385500000000E-02, -2.29144484198449E+01,  2.33650000000006E+02,  2.22676653986913E+02,  3.62497391054168E+02
 1.98825000000000E+03,  2.56561266532147E-01,  6.53844750000000E-02, -2.28715229385236E+01,  2.33830000000006E+02,  3.66863958539502E+02,  4.99321325871614E+02
 1.98833333300000E+03,  2.09338324125798E-01,  1.96153550000000E-01, -2.28285414630697E+01,  2.34010000000006E+02,  2.95272358098861E+02,  6.15705084115012E+02
 1.98841666700000E+03,  1.63438939595164E-01,  1.48076750000000E-01, -2.27855076268418E+01,  2.34190000000006E+02,  4.81415601195115E+02,  5.81838823384601E+02
 1.98850000000000E+03,  1.08950777948502E-01, -8.07692500000000E-02, -2.27424250516327E+01,  2.34370000000006E+02,  5.11306327725938E+02,  6.38495056744314E+02
 1.98858333300000E+03, -1.81744939782160E-01, -3.07692500000000E-01, -2.26992973472329E+01,  2.34550000000006E+02,  4.54048859422142E+02,  5.87455751838050E+02
 1.98866666700000E+03, -6.90607021158068E-01, -4.57692500000000E-01, -7.32269828059810E+00,  2.34730000000006E+02,  5.47856181867212E+02,  4.00890485418289E+02
 1.98875000000000E+03, -9.43028866117010E-01, -5.61538500000000E-01, -7.30318030387234E+00,  2.34910000000006E+02,  6.91195434948493E+02,  4.30382980341191E+02
 1.98883333300000E+03, -9.43289407211074E-01, -6.48077000000000E-01, -7.28382175373988E+00,  2.35090000000006E+02,  5.09220627406933E+02,  5.30432488622625E+02
 1.98891666700000E+03, -9.33095438898695E-01, -6.53846250000000E-01, -7.26462133703127E+00,  2.35270000000006E+02,  6.57861087659904E+02,  5.67631234836614E+02
 1.98900000000000E+03, -9.21510537527620E-01, -6.38461750000000E-01, -7.24557773873226E+00,  2.35450000000006E+02,  7.46973295003466E+02,  7.65496113087911E+02
 1.98908333300000E+03, -9.11994716026766E-01, -6.48077250000000E-01, -7.22668962225619E+00,  2.35630000000006E+02,  7.08746599903875E+02,  8.77055328418976E+02
 1.98916666700000E+03, -9.00775373382165E-01, -6.11538750000000E-01, -7.20795562971938E+00,  2.35810000000006E+02,  7.00736859962971E+02,  7.57411193479115E+02
 1.98925000000000E+03, -8.82460955275175E-01, -5.90384750000000E-01, -7.18937438221897E+00,  2.35990000000006E+02,  7.32149215354010E+02,  6.85794663960562E+02
 1.98933333300000E+03, -8.56946819700283E-01, -5.80769250000000E-01, -7.17094448011370E+00,  2.36170000000006E+02,  6.00879688011952E+02,  8.47782207524588E+02
 1.98941666700000E+03, -8.30462983590147E-01, -5.86538500000000E-01, -7.15266450330714E+00,  2.36350000000006E+02,  4.93755246250901E+02,  6.72645004689679E+02
 1.98950000000000E+03, -8.09641672981217E-01, -6.75000000000000E-01, -7.13453301153368E+00,  2.36530000000006E+02,  4.23203970849000E+02,  4.94193836912650E+02
 1.98958333300000E+03, -7.38952507274931E-01, -7.36538500000000E-01, -7.11654854464699E+00,  2.36710000000006E+02,  2.93650211457677E+02,  4.59983860599285E+02
 1.98966666700000E+03, -6.20550948727704E-01, -7.15384750000000E-01, -5.00886863439023E+00,  2.36890000000006E+02,  2.44205837300520E+02,  4.47224926703529E+02
 1.98975000000000E+03, -5.66874221984533E-01, -6.40384750000000E-01, -4.99857491602955E+00,  2.37070000000006E+02,  2.02091456876007E+02,  3.98647969700990E+02
 1.98983333300000E+03, -5.66847899545990E-01, -5.44230750000000E-01, -4.98858096023274E+00,  2.37250000000006E+02,  3.07674824132256E+02,  4.90513084669721E+02
 1.98991666700000E+03, -5.61937962256974E-01, -5.38461500000000E-01, -4.97888905822136E+00,  2.37430000000006E+02,  2.21879506363234E+02,  4.96166662709734E+02
 1.99000000000000E+03, -5.60965723918071E-01, -6.23077000000000E-01, -4.96950147835968E+00,  2.37610000000006E+02,  2.24598407230740E+02,  4.56935262413002E+02
 1.99008333300000E+03, -5.67497748537724E-01, -6.42307750000000E-01, -4.96042046580892E+00,  2.37790000000007E+02,  2.77437994669200E+02,  4.35642238964348E+02
 1.99016666700000E+03, -5.78026946287057E-01, -5.69230750000000E-01, -4.95164824218396E+00,  2.37970000000007E+02,  3.13426009988140E+02,  5.11862897187629E+02
 1.99025000000000E+03, -5.87357663283154E-01, -5.05769000000000E-01, -4.94318700521259E+00,  2.38150000000007E+02,  3.01043260455782E+02,  3.93706438984051E+02
 1.99033333300000E+03, -5.95289101973450E-01, -4.94230500000000E-01, -4.93503892839752E+00,  2.38330000000007E+02,  3.11526003114727E+02,  4.00248403848013E+02
 1.99041666700000E+03, -6.07490854178121E-01, -6.30769250000000E-01, -4.92720616068087E+00,  2.38510000000007E+02,  3.71246642031463E+02,  4.93058149442815E+02
 1.99050000000000E+03, -6.29484459691715E-01, -7.88461750000000E-01, -4.91969082611155E+00,  2.38690000000007E+02,  3.09225724575415E+02,  4.96504395734256E+02
 1.99058333300000E+03, -6.21456195255120E-01, -7.07692500000000E-01, -4.91249502351526E+00,  2.38870000000007E+02,  2.91951139407721E+02,  2.59602908156453E+02
 1.99066666700000E+03, -5.66357270990442E-01, -5.09615500000000E-01, -1.65041211672591E+01,  2.39050000000007E+02,  2.43069052180117E+02,  2.66323731120302E+02
 1.99075000000000E+03, -5.23495601586794E-01, -3.59615500000000E-01, -1.65262010628712E+01,  2.39230000000007E+02,  2.05688439624631E+02,  3.01502545482431E+02
 1.99083333300000E+03, -4.99288097280795E-01, -2.76923250000000E-01, -1.65478587130183E+01,  2.39410000000007E+02,  1.30368565345550E+02,  3.10981573949196E+02
 1.99091666700000E+03, -4.70300979724553E-01, -2.32692500000000E-01, -1.65690927582416E+01,  2.39590000000007E+02,  1.65611233488856E+02,  3.46971414136847E+02
 1.99100000000000E+03, -4.45497253562645E-01, -1.94231000000000E-01, -1.65899018789767E+01,  2.39770000000007E+02,  3.58975406789959E+02,  5.43905434244901E+02
 1.99108333300000E+03, -4.28482842232075E-01, -1.86538750000000E-01, -1.66102847956563E+01,  2.39950000000007E+02,  3.20794981515927E+02,  7.18251597123207E+02
 1.99116666700000E+03, -4.15701264205432E-01, -1.73077250000000E-01, -1.66302402688099E+01,  2.40130000000007E+02,  3.35319955195201E+02,  7.10800756931707E+02
 1.99125000000000E+03, -4.01836102876934E-01, -1.82692500000000E-01, -1.66497670991577E+01,  2.40310000000007E+02,  5.62858477949943E+02,  8.22992762230395E+02
 1.99133333300000E+03, -3.86513784053082E-01, -2.57692250000000E-01, -1.66688641277000E+01,  2.40490000000007E+02,  6.20075837730100E+02,  8.51873785127524E+02
 1.99141666700000E+03, -3.75198844955994E-01, -2.88461500000000E-01, -1.66875302358019E+01,  2.40670000000007E+02,  4.14699309699702E+02,  6.62098451106881E+02
 1.99150000000000E+03, -3.73194294424152E-01, -2.57692500000000E-01, -1.67057643452740E+01,  2.40850000000007E+02,  4.30771673609384E+02,  4.62837286606644E+02
 1.99158333300000E+03, -4.23403144402200E-01, -2.96154000000000E-01, -1.67235654184467E+01,  2.41030000000007E+02,  4.23122698598830E+02,  6.32671134475037E+02
 1.99166666700000E+03, -5.25632013054005E-01, -4.15384500000000E-01, -1.62545289778454E+01,  2.41210000000007E+02,  2.29442099535106E+02,  5.69991777879768E+02
 1.99175000000000E+03, -5.88631884009874E-01, -5.01923000000000E-01, -1.62808381917877E+01,  2.41390000000007E+02,  1.87230664132490E+02,  6.15307098722453E+02
 1.99183333300000E+03, -5.98463182824640E-01, -4.84615500000000E-01, -1.63067413184444E+01,  2.41570000000007E+02,  1.68315722603670E+02,  5.91711276027527E+02
 1.99191666700000E+03, -5.95969103008437E-01, -4.36538500000000E-01, -1.63322365975566E+01,  2.41750000000007E+02,  1.52702391312486E+02,  6.34256574639431E+02
 1.99200000000000E+03, -5.90439963497706E-01, -5.11538500000000E-01, -1.63573223074346E+01,  2.41930000000007E+02,  1.40242363727931E+02,  4.26193492000423E+02
 1.99208333300000E+03, -5.86220179024848E-01, -6.26923250000000E-01, -1.63819967651080E+01,  2.42110000000007E+02,  8.57406120550820E+01,  3.79421137166532E+02
 1.99216666700000E+03, -5.80798140960211E-01, -6.03846250000000E-01, -1.64062583264728E+01,  2.42290000000007E+02,  4.70993005831209E+01,  2.90587146848976E+02
 1.99225000000000E+03, -5.70100576496563E-01, -5.84615500000000E-01, -1.64301053864323E+01,  2.42470000000007E+02,  7.37545101514343E+01,  2.65336682530154E+02
 1.99233333300000E+03, -5.55091469395960E-01, -6.59615500000000E-01, -1.64535363790349E+01,  2.42650000000007E+02,  9.46245839786544E+01,  2.38969656705438E+02
 1.99241666700000E+03, -5.42573643695656E-01, -7.28846000000000E-01, -1.64765497776060E+01,  2.42830000000007E+02,  1.07827974628327E+02,  2.72790832390710E+02
 1.99250000000000E+03, -5.39109782090702E-01, -8.19230500000000E-01, -1.64991440948762E+01,  2.43010000000007E+02,  1.41066665539869E+02,  2.18807158080468E+02
 1.99258333300000E+03, -3.08490191169083E-01, -8.90384500000000E-01, -1.65213178831044E+01,  2.43190000000007E+02,  1.40634060339974E+02,  1.76074119523393E+02
 1.99266666700000E+03,  1.55340615524893E-01, -8.75000000000000E-01, -1.12334663214726E+01,  2.43370000000007E+02,  1.59851692700948E+02,  2.32434781424333E+02
 1.99275000000000E+03,  3.85299299365080E-01, -7.36538500000000E-01, -1.12063290276754E+01,  2.43550000000007E+02,  2.33778535411021E+02,  2.34178723277340E+02
 1.99283333300000E+03,  3.79987681165253E-01, -5.07692500000000E-01, -1.11788955756489E+01,  2.43730000000007E+02,  2.85530994834934E+02,  3.18559681623591E+02
 1.99291666700000E+03,  3.67489344534884E-01, -3.80769500000000E-01, -1.11511687396999E+01,  2.43910000000007E+02,  3.03523206232463E+02,  3.92861139801203E+02
 1.99300000000000E+03,  3.38552009710238E-01, -3.69231000000000E-01, -1.11231513131832E+01,  2.44090000000007E+02,  3.35291195062579E+02,  3.96156277510844E+02
 1.99308333300000E+03,  2.89803828308435E-01, -2.75000172500000E-01, -1.10948461081566E+01,  2.44270000000007E+02,  4.27785310769070E+02,  4.68390176299587E+02
 1.99316666700000E+03,  2.25634744442275E-01, -8.26923700000000E-02, -1.10662559550342E+01,  2.44450000000007E+02,  3.51139343855021E+02,  6.34325778006878E+02
 1.99325000000000E+03,  1.52836702143095E-01, -5.19229725000000E-02, -1.10373837022386E+01,  2.44630000000007E+02,  5.85755794806695E+02,  1.18428533240058E+03
 1.99333333300000E+03,  7.39014561603677E-02, -1.98076775000000E-01, -1.10082322158506E+01,  2.44810000000007E+02,  5.50670062140227E+02,  1.02112436525040E+03
 1.99341666700000E+03, -1.39224204407924E-02, -3.00000000000000E-01, -1.09788043792579E+01,  2.44990000000007E+02,  5.18555898668109E+02,  1.19722279599835E+03
 1.99350000000000E+03, -1.12728740621165E-01, -2.90384500000000E-01, -1.09491030928018E+01,  2.45170000000007E+02,  4.29078558581422E+02,  1.12337135829931E+03
 1.99358333300000E+03, -1.58668052907140E-01, -2.88461250000000E-01, -1.09191312734231E+01,  2.45350000000007E+02,  6.54108461610985E+02,  1.13928553934139E+03
 1.99366666700000E+03, -1.52360252099444E-01, -3.96153750000000E-01, -6.58566611459174E+00,  2.45530000000007E+02,  3.60270194757519E+02,  4.99971169472789E+02
 1.99375000000000E+03, -2.09773145863825E-01, -4.32692500000000E-01, -6.63790252219378E+00,  2.45710000000007E+02,  5.73547690864067E+02,  8.05783312283424E+02
 1.99383333300000E+03, -3.08999832531871E-01, -4.63461750000000E-01, -6.69011070548814E+00,  2.45890000000007E+02,  5.76594788604968E+02,  6.47886980452866E+02
 1.99391666700000E+03, -3.81317727073309E-01, -6.63461500000000E-01, -6.74228663433407E+00,  2.46070000000007E+02,  5.58620287577268E+02,  5.98422811752802E+02
 1.99400000000000E+03, -4.37516809426661E-01, -7.96153750000000E-01, -6.79442627887045E+00,  2.46250000000007E+02,  5.14304394075975E+02,  5.84425553027273E+02
 1.99408333300000E+03, -4.86419077738303E-01, -7.86538500000000E-01, -6.84652560992567E+00,  2.46430000000007E+02,  5.71580747188944E+02,  7.25340590772733E+02
 1.99416666700000E+03, -5.30816459380419E-01, -8.01923000000000E-01, -6.89858059942766E+00,  2.46610000000007E+02,  4.84191075517815E+02,  4.99033126774451E+02
 1.99425000000000E+03, -5.70458864142997E-01, -8.74999750000000E-01, -6.95058722081381E+00,  2.46790000000007E+02,  4.66964704276550E+02,  5.38115200964212E+02
 1.99433333300000E+03, -6.06798760320762E-01, -9.19230500000000E-01, -7.00254144944075E+00,  2.46970000000007E+02,  4.65971536361692E+02,  6.61563962393703E+02
 1.99441666700000E+03, -6.42881513349074E-01, -8.78846000000000E-01, -7.05443926299402E+00,  2.47150000000007E+02,  2.58540477283639E+02,  6.10743869014880E+02
 1.99450000000000E+03, -6.77559117312531E-01, -8.21154000000000E-01, -7.10627664189757E+00,  2.47330000000007E+02,  2.21256362468241E+02,  4.41193015725932E+02
 1.99458333300000E+03, -4.75109058855707E-01, -8.51923250000000E-01, -7.15804956972296E+00,  2.47510000000007E+02,  1.50371107503209E+02,  5.32974616067597E+02
 1.99466666700000E+03, -3.34111579673386E-02, -8.21153750000000E-01, -3.43928613409870E+00,  2.47690000000007E+02,  1.68575581405723E+02,  5.43263715683371E+02
 1.99475000000000E+03,  1.87734040876497E-01, -5.84615250000000E-01, -3.41296941541797E+00,  2.47870000000007E+02,  1.72749703459752E+02,  4.57759200658101E+02
 1.99483333300000E+03,  1.90128895011760E-01, -3.59615250000000E-01, -3.38683731232269E+00,  2.48050000000007E+02,  1.98926200609976E+02,  3.27591599004075E+02
 1.99491666700000E+03,  2.00009513796214E-01, -1.94230625000000E-01, -3.36088961345576E+00,  2.48230000000007E+02,  1.70757945498008E+02,  3.51090783149222E+02
 1.99500000000000E+03,  2.10213755656594E-01,  6.93889390390723E-18, -3.33512607918823E+00,  2.48410000000007E+02,  1.63455038729579E+02,  2.48571165106347E+02
 1.99508333300000E+03,  2.19462487590627E-01,  9.42306750000000E-02, -3.30954644174228E+00,  2.48590000000007E+02,  1.99330466728336E+02,  2.38669539513775E+02
 1.99516666700000E+03,  2.33483678575214E-01,  6.53845500000000E-02, -3.28415040531788E+00,  2.48770000000007E+02,  1.72795102911169E+02,  3.68605989022585E+02
 1.99525000000000E+03,  2.58908035497308E-01,  7.69229500000000E-02, -3.25893764622299E+00,  2.48950000000007E+02,  1.56980339649443E+02,  4.07607094022254E+02
 1.99533333300000E+03,  2.96016958161332E-01,  2.26922950000000E-01, -3.23390781300740E+00,  2.49130000000007E+02,  1.82989164487622E+02,  5.50250613516087E+02
 1.99541666700000E+03,  3.37589903832619E-01,  4.80769250000000E-01, -3.20906052660014E+00,  2.49310000000007E+02,  1.49291392314942E+02,  5.41434281529074E+02
 1.99550000000000E+03,  3.75011416136008E-01,  6.98077000000000E-01, -3.18439538045045E+00,  2.49490000000007E+02,  1.15662816089406E+02,  6.32741296749242E+02
 1.99558333300000E+03,  2.01764697027936E-01,  8.76923000000000E-01, -3.15991194067222E+00,  2.49670000000007E+02,  2.13149043546466E+02,  4.67235575086060E+02
 1.99566666700000E+03, -1.81604314864971E-01,  1.12884700000000E+00, -4.39246926085786E-02,  2.49850000000007E+02,  3.30836227034203E+02,  6.93689490715682E+02
 1.99575000000000E+03, -3.63386080046733E-01,  1.32884750000000E+00, -4.79527283766465E-02,  2.50030000000007E+02,  3.09495501267019E+02,  5.29084509333490E+02
 1.99583333300000E+03, -3.35106754437502E-01,  1.35000000000000E+00, -5.23422196731997E-02,  2.50210000000007E+02,  3.32210525884941E+02,  4.73170227981770E+02
 1.99591666700000E+03, -3.01593607892353E-01,  1.22692250000000E+00, -5.70941741641551E-02,  2.50390000000007E+02,  3.36076646245304E+02,  4.14159695982360E+02
 1.99600000000000E+03, -2.71992530444978E-01,  1.03269150000000E+00, -6.22095668581302E-02,  2.50570000000007E+02,  2.57671633978602E+02,  4.05204799798835E+02
 1.99608333300000E+03, -2.50182031341781E-01,  8.88461000000000E-01, -6.76893399188951E-02,  2.50750000000007E+02,  2.60784449597980E+02,  2.70247825409683E+02
 1.99616666700000E+03, -2.32929726195492E-01,  8.23077000000000E-01, -7.35344024815623E-02,  2.50930000000007E+02,  3.07002370386830E+02,  4.46907592434033E+02
 1.99625000000000E+03, -2.15256913848156E-01,  7.55769000000000E-01, -7.97456304725992E-02,  2.51110000000007E+02,  2.85366359872103E+02,  5.20410020972817E+02
 1.99633333300000E+03, -1.97106461213359E-01,  6.98076500000000E-01, -8.63238664336030E-02,  2.51290000000007E+02,  2.68701681800838E+02,  4.32388818398118E+02
 1.99641666700000E+03, -1.84208282545880E-01,  6.69230500000000E-01, -9.32699193489546E-02,  2.51470000000007E+02,  2.53203551705255E+02,  4.85743588167654E+02
 1.99650000000000E+03, -1.82056465868507E-01,  5.21153750000000E-01, -1.00584564477292E-01,  2.51650000000007E+02,  1.30932034761915E+02,  7.64768735306427E+02
 1.99658333300000E+03, -2.10399564932999E-01,  2.76923000000000E-01, -1.08268543186876E-01,  2.51830000000007E+02,  1.57870935382761E+02,  7.94671053107197E+02
 1.99666666700000E+03, -2.59479086409279E-01,  1.44230675000000E-01, -1.21053871787022E+01,  2.52010000000007E+02,  1.38246588512854E+02,  9.45390270476830E+02
 1.99675000000000E+03, -2.75928753044150E-01,  1.24999850000000E-01, -1.21166500598347E+01,  2.52190000000007E+02,  2.54695124101865E+02,  1.00974769887276E+03
 1.99683333300000E+03, -2.57363126273507E-01,  1.69230425000000E-01, -1.21274828643793E+01,  2.52370000000007E+02,  3.68914930561564E+02,  1.14605882865101E+03
 1.99691666700000E+03, -2.31941452023428E-01,  2.28845750000000E-01, -1.21378852453178E+01,  2.52550000000007E+02,  4.04651856522398E+02,  9.28082335774562E+02
 1.99700000000000E+03, -2.08756599960881E-01,  2.48076750000000E-01, -1.21478568941843E+01,  2.52730000000007E+02,  4.84037120460512E+02,  9.88039805631458E+02
 1.99708333300000E+03, -1.91677118515157E-01,  2.86538500000000E-01, -1.21573975410538E+01,  2.52910000000007E+02,  5.42291095530381E+02,  8.55470019332002E+02
 1.99716666700000E+03, -1.77518107022267E-01,  3.88461500000000E-01, -1.21665069545260E+01,  2.53090000000007E+02,  4.36647126124699E+02,  8.32180941221479E+02
 1.99725000000000E+03, -1.61416659555524E-01,  5.21153750000000E-01, -1.21751849417047E+01,  2.53270000000007E+02,  3.91636412366264E+02,  7.32255697931892E+02
 1.99733333300000E+03, -1.43506405308926E-01,  6.46153750000000E-01, -1.21834313481736E+01,  2.53450000000007E+02,  5.86507503424991E+02,  5.77875204226097E+02
 1.99741666700000E+03, -1.29785072213683E-01,  6.76923000000000E-01, -1.21912460579666E+01,  2.53630000000007E+02,  4.33379596918227E+02,  4.18395668900105E+02
 1.99750000000000E+03, -1.26089093663130E-01,  5.34615500000000E-01, -1.21986289935352E+01,  2.53810000000007E+02,  5.49070539401214E+02,  4.62656791054242E+02
 1.99758333300000E+03, -1.39573363415816E-01,  4.21154000000000E-01, -1.22055801157100E+01,  2.53990000000007E+02,  6.62537142593929E+02,  4.96219545807260E+02
 1.99766666700000E+03, -1.63703214342412E-01,  4.94230750000000E-01,  2.78078795563015E+00,  2.54170000000007E+02,  6.09064328019958E+02,  5.20189757879645E+02
 1.99775000000000E+03, -1.74330477151809E-01,  5.44230500000000E-01,  2.80613530346386E+00,  2.54350000000007E+02,  3.81011521972093E+02,  6.72228740304000E+02
 1.99783333300000E+03, -1.66312167034602E-01,  4.74999750000000E-01,  2.83143972690252E+00,  2.54530000000007E+02,  4.06764164191590E+02,  5.95760253975553E+02
 1.99791666700000E+03, -1.51274046244620E-01,  3.44230750000000E-01,  2.85669872440285E+00,  2.54710000000007E+02,  2.56580144399052E+02,  5.45212905517249E+02
 1.99800000000000E+03, -1.37220263091484E-01,  1.88461500000000E-01,  2.88190978336952E+00,  2.54890000000007E+02,  1.58213217671567E+02,  5.15201544906554E+02
 1.99808333300000E+03, -1.27046757074691E-01,  1.59615250000000E-01,  2.90707038046319E+00,  2.55070000000007E+02,  1.66488193378835E+02,  4.40837113111008E+02
 1.99816666700000E+03, -1.16777712085391E-01,  2.21153750000000E-01,  2.93217798191033E+00,  2.55250000000007E+02,  1.92488418529260E+02,  2.85775036874957E+02
 1.99825000000000E+03, -1.00994225566682E-01,  1.36538500000000E-01,  2.95723004381482E+00,  2.55430000000007E+02,  1.92062796952765E+02,  2.36602849642379E+02
 1.99833333300000E+03, -7.95468394350452E-02, -6.15385000000000E-02,  2.98222401247125E+00,  2.55610000000007E+02,  2.72763895681565E+02,  2.60694884246120E+02
 1.99841666700000E+03, -5.84439115471746E-02, -2.21154000000000E-01,  3.00715732467989E+00,  2.55790000000007E+02,  3.66826905903013E+02,  2.29804818453963E+02
 1.99850000000000E+03, -4.38289212568455E-02, -3.75000000000000E-01,  3.03202740806335E+00,  2.55970000000007E+02,  4.38732769489105E+02,  1.97505455223330E+02
 1.99858333300000E+03, -1.93548212065327E-01, -5.11538500000000E-01,  3.05683168138477E+00,  2.56150000000007E+02,  4.54859840568173E+02,  2.14781498854152E+02
 1.99866666700000E+03, -5.01264978074501E-01, -5.38461750000000E-01, -7.31245635141274E+00,  2.56330000000007E+02,  5.97383668840577E+02,  5.07328449615145E+02
 1.99875000000000E+03, -6.42892357783198E-01, -5.03846250000000E-01, -7.32246515159024E+00,  2.56510000000007E+02,  4.97222040598081E+02,  4.32753642281907E+02
 1.99883333300000E+03, -6.14866459011352E-01, -5.09615250000000E-01, -7.33208309620374E+00,  2.56690000000007E+02,  3.70206228707402E+02,  4.17719751863427E+02
 1.99891666700000E+03, -5.80730491514889E-01, -5.42307500000000E-01, -7.34130884250302E+00,  2.56870000000007E+02,  4.19520019777570E+02,  4.13681803184378E+02
 1.99900000000000E+03, -5.49768629900772E-01, -4.82692250000000E-01, -7.35014107944466E+00,  2.57050000000007E+02,  4.43136898311260E+02,  4.14381944743471E+02
 1.99908333300000E+03, -5.26007472042609E-01, -3.44230750000000E-01, -7.35857852787031E+00,  2.57230000000007E+02,  3.84198330070003E+02,  4.40526884640710E+02
 1.99916666700000E+03, -5.06371663882143E-01, -3.11538500000000E-01, -7.36661994068152E+00,  2.57410000000007E+02,  3.94870646109157E+02,  4.41223539815903E+02
 1.99925000000000E+03, -4.86046995621732E-01, -3.88461750000000E-01, -7.37426410301127E+00,  2.57590000000007E+02,  6.14313287623923E+02,  6.00287039543520E+02
 1.99933333300000E+03, -4.65146322052922E-01, -4.42307750000000E-01, -7.38150983239190E+00,  2.57770000000007E+02,  4.57503031415014E+02,  6.90636376352269E+02
 1.99941666700000E+03, -4.49572812298018E-01, -4.40384500000000E-01, -7.38835597891965E+00,  2.57950000000007E+02,  3.96756873852263E+02,  6.54923224454066E+02
 1.99950000000000E+03, -4.44994849363911E-01, -4.32692250000000E-01, -7.39480142541573E+00,  2.58130000000007E+02,  3.96892536073821E+02,  4.02554545552036E+02
 1.99958333300000E+03, -4.52834231180223E-01, -4.38461500000000E-01, -7.40084508758379E+00,  2.58310000000007E+02,  4.33073558385145E+02,  3.67641221341708E+02
 1.99966666700000E+03, -4.67455018873708E-01, -3.51923000000000E-01, -2.04793926210801E+00,  2.58490000000007E+02,  2.28869369785743E+02,  2.54411389306372E+02
 1.99975000000000E+03, -4.76657196883198E-01, -2.40384500000000E-01, -2.03234226534759E+00,  2.58670000000007E+02,  2.98065905039382E+02,  2.49637305479028E+02
 1.99983333300000E+03, -4.74192128905073E-01, -2.25000000000000E-01, -2.01686101636614E+00,  2.58850000000007E+02,  2.83748036102360E+02,  2.44304568130322E+02
 1.99991666700000E+03, -4.65470012378232E-01, -1.38461500000000E-01, -2.00149383164112E+00,  2.59030000000007E+02,  2.72284074192582E+02,  1.90323233665774E+02
 2.00000000000000E+03, -4.59078486469618E-01, -5.76905000000000E-03, -1.98623901453496E+00,  2.59210000000007E+02,  2.72236170444497E+02,  2.35632913738962E+02
 2.00008333300000E+03, -4.58399651835872E-01, -6.53846000000000E-02, -1.97109485560070E+00,  2.59390000000007E+02,  2.59169684491684E+02,  1.98923135410363E+02
 2.00016666700000E+03, -4.59790322471408E-01, -2.84615550000000E-01, -1.95605963288909E+00,  2.59570000000007E+02,  2.17373765431299E+02,  1.20267119472898E+02
 2.00025000000000E+03, -4.57965231683549E-01, -4.69231000000000E-01, -1.94113161225728E+00,  2.59750000000007E+02,  3.19139564453735E+02,  3.16280922873580E+02
 2.00033333300000E+03, -4.52677732165637E-01, -4.65384750000000E-01, -1.92630904767878E+00,  2.59930000000007E+02,  2.09903034657542E+02,  3.83333317848106E+02
 2.00041666700000E+03, -4.49591966965084E-01, -3.07692250000000E-01, -1.91159018155491E+00,  2.60110000000007E+02,  2.26882280603903E+02,  3.44964972671861E+02
 2.00050000000000E+03, -4.54260610058277E-01, -1.69230750000000E-01, -1.89697324502754E+00,  2.60290000000007E+02,  3.40248472938105E+02,  5.26628450838139E+02
 2.00058333300000E+03, -2.21437754409154E-01, -2.30770000000000E-02, -1.88245645829318E+00,  2.60470000000007E+02,  3.99658348074738E+02,  6.19800559794800E+02
 2.00066666700000E+03,  2.31563810005803E-01,  1.46153750000000E-01, -8.53754718045854E+00,  2.60650000000007E+02,  4.62940665758951E+02,  5.63029111718728E+02
 2.00075000000000E+03,  4.01466667202876E-01,  1.67307625000000E-01, -8.49667961349594E+00,  2.60830000000007E+02,  5.26800068999999E+02,  4.97438741708139E+02
 2.00083333300000E+03,  3.18356500306129E-01,  1.53846250000000E-01, -8.45575554427719E+00,  2.61010000000007E+02,  5.17653210415727E+02,  5.20866709980348E+02
 2.00091666700000E+03,  2.45512627363384E-01,  2.36538625000000E-01, -8.41477814647755E+00,  2.61190000000007E+02,  4.49329657984021E+02,  3.23873222212193E+02
 2.00100000000000E+03,  1.72813289528132E-01,  2.01923100000000E-01, -8.37375058479264E+00,  2.61370000000007E+02,  3.74777243542349E+02,  2.53038282243340E+02
 2.00108333300000E+03,  9.66180333638864E-02,  1.13461450000000E-01, -8.33267601459005E+00,  2.61550000000007E+02,  2.45383725587942E+02,  1.96173348000850E+02
 2.00116666700000E+03,  2.18458304733495E-02,  1.55769100000000E-01, -8.29155758156272E+00,  2.61730000000007E+02,  1.92518239254451E+02,  2.40988451446265E+02
 2.00125000000000E+03, -4.34526766138888E-02,  2.50000000000000E-01, -8.25039842138393E+00,  2.61910000000007E+02,  1.40578471581788E+02,  4.12726251055094E+02
 2.00133333300000E+03, -9.51248098694079E-02,  4.34615500000000E-01, -8.20920165936417E+00,  2.62090000000007E+02,  1.01793219288601E+02,  4.35210390894266E+02
 2.00141666700000E+03, -1.34395213969312E-01,  6.00000000000000E-01, -8.16797041010970E+00,  2.62270000000007E+02,  1.04325030242834E+02,  4.11887648343418E+02
 2.00150000000000E+03, -1.62621207541090E-01,  5.40384500000000E-01, -8.12670777718305E+00,  2.62450000000007E+02,  9.21179966604059E+01,  3.20473087228507E+02
 2.00158333300000E+03, -2.53937863177999E-01,  3.92307500000000E-01, -8.08541685276533E+00,  2.62630000000007E+02,  1.21993415232242E+02,  3.55144491302706E+02
 2.00166666700000E+03, -4.19184221406523E-01,  2.32692172500000E-01,  3.80260385410392E+00,  2.62810000000007E+02,  1.48174637976128E+02,  1.57269173681340E+02
 2.00175000000000E+03, -5.16745707165355E-01,  5.38461450000000E-02,  3.77578722916010E+00,  2.62990000000007E+02,  1.48498992900472E+02,  2.45949647075724E+02
 2.00183333300000E+03, -5.31001586750750E-01, -9.23077275000000E-02,  3.74862526049195E+00,  2.63170000000007E+02,  2.35949748294358E+02,  4.48795555229544E+02
 2.00191666700000E+03, -5.28104019932843E-01, -2.80769450000000E-01,  3.72111913095154E+00,  2.63350000000007E+02,  2.95513821242696E+02,  6.18025976530047E+02
 2.00200000000000E+03, -5.14840411489405E-01, -4.76923250000000E-01,  3.69327005760208E+00,  2.63530000000007E+02,  3.50176344947793E+02,  6.68304999849656E+02
 2.00208333300000E+03, -4.93721162335176E-01, -4.59615250000000E-01,  3.66507929164770E+00,  2.63710000000007E+02,  3.17352361435005E+02,  7.00899818019310E+02
 2.00216666700000E+03, -4.61339100835161E-01, -2.88461500000000E-01,  3.63654811835947E+00,  2.63890000000007E+02,  3.53891587026428E+02,  6.26992535233444E+02
 2.00225000000000E+03, -4.13813826138042E-01, -2.30769500000000E-01,  3.60767785699734E+00,  2.64070000000007E+02,  2.84765411339535E+02,  6.43367596426494E+02
 2.00233333300000E+03, -3.53405088884962E-01, -1.88461775000000E-01,  3.57846986072824E+00,  2.64250000000008E+02,  2.16043264365005E+02,  4.86717926892706E+02
 2.00241666700000E+03, -2.89194282003928E-01, -1.36538550000000E-01,  3.54892551654026E+00,  2.64430000000008E+02,  2.27509394676279E+02,  3.45908363273739E+02
 2.00250000000000E+03, -2.30768123531976E-01, -2.50000025000000E-01,  3.51904624515293E+00,  2.64610000000008E+02,  2.15803113302435E+02,  3.05208194862025E+02
 2.00258333300000E+03, -1.12998781480658E-01, -3.40384500000000E-01,  3.48883350092363E+00,  2.64790000000008E+02,  1.73717221122176E+02,  2.95363772282153E+02
 2.00266666700000E+03,  6.18009911200037E-02, -2.53845950000000E-01,  3.31213287500922E+00,  2.64970000000008E+02,  1.41928208317057E+02,  6.81889224055045E+01
 2.00275000000000E+03,  1.57984577153986E-01, -9.61537750000000E-02,  3.29973334225317E+00,  2.65150000000008E+02,  1.76263440832916E+02,  1.32305860223350E+02
 2.00283333300000E+03,  1.85432907684378E-01,  5.76923000000000E-02,  3.28728826596768E+00,  2.65330000000008E+02,  7.11369589049073E+01,  1.55129245118188E+02
 2.00291666700000E+03,  2.13202949288329E-01,  2.05769375000000E-01,  3.27479571749031E+00,  2.65510000000008E+02,  7.78634970878253E+01,  1.55507231103102E+02
 2.00300000000000E+03,  2.31970985689476E-01,  3.78846500000000E-01,  3.26225377009890E+00,  2.65690000000008E+02,  7.50263692075498E+01,  1.38081837218875E+02
 2.00308333300000E+03,  2.37814478031858E-01,  5.69231000000000E-01,  3.24966049933763E+00,  2.65870000000008E+02,  1.01096838695818E+02,  1.64270579146893E+02
 2.00316666700000E+03,  2.34069714204437E-01,  6.19230750000000E-01,  3.23701398334275E+00,  2.66050000000008E+02,  6.02334260599922E+01,  1.79146926653951E+02
 2.00325000000000E+03,  2.25975931612476E-01,  4.46153750000000E-01,  3.22431230316820E+00,  2.66230000000008E+02,  5.96508322899579E+01,  1.62736659597868E+02
 2.00333333300000E+03,  2.14008497133923E-01,  2.96153750000000E-01,  3.21155354311082E+00,  2.66410000000008E+02,  8.07967976307874E+01,  1.59100093201120E+02
 2.00341666700000E+03,  1.93004917065775E-01,  2.73077000000000E-01,  3.19873579103531E+00,  2.66590000000008E+02,  8.11494547903958E+01,  2.26815566758146E+02
 2.00350000000000E+03,  1.58168242324631E-01,  2.53846250000000E-01,  3.18585713869878E+00,  2.66770000000008E+02,  1.72403280733214E+02,  4.61276682191763E+02
 2.00358333300000E+03,  8.43035496442882E-02,  2.67307500000000E-01,  3.17291568207485E+00,  2.66950000000008E+02,  1.70601713008096E+02,  3.98705979653262E+02
 2.00366666700000E+03, -9.99188437086331E-03,  2.67307500000000E-01,  4.72277076626115E+00,  2.67130000000008E+02,  2.07333676526957E+02,  4.67240939160854E+02
 2.00375000000000E+03, -5.01645643575326E-02,  1.61538525000000E-01,  4.71560489595138E+00,  2.67310000000008E+02,  1.82264473037867E+02,  5.07689202061472E+02
 2.00383333300000E+03, -4.14114203785512E-02,  7.50000500000000E-02,  4.70808138233052E+00,  2.67490000000008E+02,  2.10907586132970E+02,  5.79674864015489E+02
 2.00391666700000E+03, -2.58858834648154E-02,  1.15384525000000E-01,  4.70019954798472E+00,  2.67670000000008E+02,  1.47580050547591E+02,  3.76266297395589E+02
 2.00400000000000E+03, -1.24642660305602E-02,  2.07692250000000E-01,  4.69195874757375E+00,  2.67850000000008E+02,  1.81695251791660E+02,  4.79559222598714E+02
 2.00408333300000E+03, -4.81653703424639E-03,  2.09615400000000E-01,  4.68335836797250E+00,  2.68030000000008E+02,  1.61464655784835E+02,  5.36546866633989E+02
 2.00416666700000E+03,  4.20398615892947E-04,  1.19230800000000E-01,  4.67439782840889E+00,  2.68210000000008E+02,  1.66918371608071E+02,  7.03768169355161E+02
 2.00425000000000E+03,  8.26597986203661E-03,  8.07692750000000E-02,  4.66507658059811E+00,  2.68390000000008E+02,  1.52055857642099E+02,  7.11760712517169E+02
 2.00433333300000E+03,  1.87212529980276E-02,  5.38462000000000E-02,  4.65539410887331E+00,  2.68570000000008E+02,  1.07716782318820E+02,  6.62787708350921E+02
 2.00441666700000E+03,  2.59021183831219E-02, -4.80769750000000E-02,  4.64534993031253E+00,  2.68750000000008E+02,  7.82437891539339E+01,  6.63356015418106E+02
 2.00450000000000E+03,  2.40664428169746E-02, -1.36538550000000E-01,  4.63494359486205E+00,  2.68930000000008E+02,  7.50069326437553E+01,  5.59841688623042E+02
 2.00458333300000E+03,  7.89634292462409E-02, -1.15384577500000E-01,  4.62417468545600E+00,  2.69110000000008E+02,  6.66713815224061E+01,  3.72760290099602E+02
 2.00466666700000E+03,  2.05025929470216E-01, -1.34614800000000E-02, -2.94587719891041E-01,  2.69290000000008E+02,  9.84956374917545E+01,  2.42554056160456E+02
 2.00475000000000E+03,  2.88469471693515E-01,  1.30769272500000E-01, -3.08970707240725E-01,  2.69470000000008E+02,  9.91825229730140E+01,  2.76059453751146E+02
 2.00483333300000E+03,  3.26101491376763E-01,  3.26923175000000E-01, -3.23730479816028E-01,  2.69650000000008E+02,  1.49364200597789E+02,  4.07520436027707E+02
 2.00491666700000E+03,  3.70533984950559E-01,  4.59615500000000E-01, -3.38867076260523E-01,  2.69830000000008E+02,  2.35133926627170E+02,  3.85673252105293E+02
 2.00500000000000E+03,  4.13004813819325E-01,  4.15384750000000E-01, -3.54380498808884E-01,  2.70010000000008E+02,  2.62826363093705E+02,  3.82208597044444E+02
 2.00508333300000E+03,  4.49957055895127E-01,  2.44230875000000E-01, -3.70270713211980E-01,  2.70190000000008E+02,  3.32310684818528E+02,  3.64501091868085E+02
 2.00516666700000E+03,  4.84854670929156E-01,  1.57692250000000E-01, -3.86537648666209E-01,  2.70370000000008E+02,  5.04271295281893E+02,  7.31640270109487E+02
 2.00525000000000E+03,  5.22792751164696E-01,  1.88461375000000E-01, -4.03181197747149E-01,  2.70550000000008E+02,  4.38574032688616E+02,  4.75028649636912E+02
 2.00533333300000E+03,  5.63808006357221E-01,  1.61538500000000E-01, -4.20201216347478E-01,  2.70730000000008E+02,  3.39050598416679E+02,  4.65575509351464E+02
 2.00541666700000E+03,  6.01995859186102E-01,  1.59615500000000E-01, -4.37597523619168E-01,  2.70910000000008E+02,  3.29124486472235E+02,  6.64315963146901E+02
 2.00550000000000E+03,  6.31520577934824E-01,  2.63461500000000E-01, -4.55369901920032E-01,  2.71090000000008E+02,  2.82972841323593E+02,  7.13164058954989E+02
 2.00558333300000E+03,  5.09027047032713E-01,  3.82692250000000E-01, -4.73518096764538E-01,  2.71270000000008E+02,  1.01392453396792E+02,  3.20496595539290E+02
 2.00566666700000E+03,  2.65840155790332E-01,  3.84615250000000E-01, -2.70573863345140E+00,  2.71450000000008E+02,  1.06988128068718E+02,  3.89507306861239E+02
 2.00575000000000E+03,  2.16249270390262E-01,  2.69230750000000E-01, -2.74816330536970E+00,  2.71630000000008E+02,  1.62272378188015E+02,  4.66440734791249E+02
 2.00583333300000E+03,  3.24343822946593E-01,  1.92308000000000E-01, -2.79084520003012E+00,  2.71810000000008E+02,  1.75612146155691E+02,  3.21311459141921E+02
 2.00591666700000E+03,  4.04520250950040E-01,  1.25000300000000E-01, -2.83378147601430E+00,  2.71990000000008E+02,  2.19453627208418E+02,  6.71893184418144E+02
 2.00600000000000E+03,  4.43137608218159E-01,  5.96154750000000E-02, -2.87696926379225E+00,  2.72170000000008E+02,  3.51151308685945E+02,  6.53957074572660E+02
 2.00608333300000E+03,  4.35666011762860E-01,  9.61538000000000E-02, -2.92040566598896E+00,  2.72350000000008E+02,  3.98076117495842E+02,  7.86289975939270E+02
 2.00616666700000E+03,  3.88743315470170E-01,  2.57692125000000E-01, -2.96408775765441E+00,  2.72530000000008E+02,  3.72339145866295E+02,  7.40214109018452E+02
 2.00625000000000E+03,  3.14489491659880E-01,  3.86538250000000E-01, -3.00801258653683E+00,  2.72710000000008E+02,  3.42350861737249E+02,  8.61433917503913E+02
 2.00633333300000E+03,  2.23005212685619E-01,  3.25000000000000E-01, -3.05217717335934E+00,  2.72890000000008E+02,  2.60323049956078E+02,  5.45773634189625E+02
 2.00641666700000E+03,  1.20263324100391E-01,  1.84615550000000E-01, -3.09657851209984E+00,  2.73070000000008E+02,  2.41320046735863E+02,  5.82406238723998E+02
 2.00650000000000E+03,  1.26522139046389E-02,  1.11538600000000E-01, -3.14121357027404E+00,  2.73250000000008E+02,  1.90951117435812E+02,  5.21847067427362E+02
 2.00658333300000E+03, -3.12290195293411E-03,  5.00000500000000E-02, -3.18607928922186E+00,  2.73430000000008E+02,  1.60362631720633E+02,  5.31317580104647E+02
 2.00666666700000E+03,  9.22548323913593E-02, -1.05769250000000E-01,  4.24614674713775E+00,  2.73610000000008E+02,  1.76429814240983E+02,  4.14583107533213E+02
 2.00675000000000E+03,  1.39839183245863E-01, -2.80769250000000E-01,  4.22608802799306E+00,  2.73790000000008E+02,  1.57154392036205E+02,  3.59673375466020E+02
 2.00683333300000E+03,  1.29050008069222E-01, -3.30769250000000E-01,  4.20566803088822E+00,  2.73970000000008E+02,  1.38320958388406E+02,  5.65145701941768E+02
 2.00691666700000E+03,  1.30560150465823E-01, -2.36538500000000E-01,  4.18488727891225E+00,  2.74150000000008E+02,  1.59962001296341E+02,  4.15656746967884E+02
 2.00700000000000E+03,  1.35921333747243E-01, -1.44230750000000E-01,  4.16374632994528E+00,  2.74330000000008E+02,  1.73891499791138E+02,  5.35259898386301E+02
 2.00708333300000E+03,  1.40796556369426E-01, -1.44230750000000E-01,  4.14224577666387E+00,  2.74510000000008E+02,  2.68309730735108E+02,  5.13640640439882E+02
 2.00716666700000E+03,  1.46765121480868E-01, -2.01923250000000E-01,  4.12038624654255E+00,  2.74690000000008E+02,  2.75764701850347E+02,  4.88764672597282E+02
 2.00725000000000E+03,  1.56081960634317E-01, -2.90384750000000E-01,  4.09816840185123E+00,  2.74870000000008E+02,  3.48710831846939E+02,  3.86153701315253E+02
 2.00733333300000E+03,  1.65289024519133E-01, -3.55769000000000E-01,  4.07559293964870E+00,  2.75050000000008E+02,  4.09122641213080E+02,  5.71777718642436E+02
 2.00741666700000E+03,  1.64753460234630E-01, -3.53845750000000E-01,  4.05266059177215E+00,  2.75230000000008E+02,  6.62895845290816E+02,  6.09121652527742E+02
 2.00750000000000E+03,  1.45166726108355E-01, -3.07692000000000E-01,  4.02937212482271E+00,  2.75410000000008E+02,  6.28454568154499E+02,  8.42848884181062E+02
 2.00758333300000E+03,  6.37209032203426E-02, -3.01923000000000E-01,  4.00572834014699E+00,  2.75590000000008E+02,  7.14798673004996E+02,  1.07794206643303E+03
 2.00766666700000E+03, -5.81634091889987E-02, -2.44230875000000E-01,  4.71461778924925E+00,  2.75770000000008E+02,  5.83506869367977E+02,  9.95215066128429E+02
 2.00775000000000E+03, -1.11123617033017E-01, -1.34615000000000E-02,  4.69757658521506E+00,  2.75950000000008E+02,  5.72321580547059E+02,  9.11820956995665E+02
 2.00783333300000E+03, -9.97733508496605E-02,  2.36538625000000E-01,  4.68064215633101E+00,  2.76130000000008E+02,  3.70141601992288E+02,  7.91692682117939E+02
 2.00791666700000E+03, -8.21471834443836E-02,  3.26923000000000E-01,  4.66381400055079E+00,  2.76310000000008E+02,  3.28341946048715E+02,  5.89664766185485E+02
 2.00800000000000E+03, -6.68662122883074E-02,  1.94230550000000E-01,  4.64709159045593E+00,  2.76490000000008E+02,  2.29432149495610E+02,  3.77224476322912E+02
 2.00808333300000E+03, -5.72805762908665E-02,  3.84607500000000E-03,  4.63047437338725E+00,  2.76670000000008E+02,  2.00484582673970E+02,  3.87138328360513E+02
 2.00816666700000E+03, -4.96629142788575E-02, -1.30769250000000E-01,  4.61396177157964E+00,  2.76850000000008E+02,  1.37654645088154E+02,  4.69749178976187E+02
 2.00825000000000E+03, -3.86081128652249E-02, -2.69230775000000E-01,  4.59755318230035E+00,  2.77030000000008E+02,  9.30642812064709E+01,  4.86791036402848E+02
 2.00833333300000E+03, -2.37331705397489E-02, -3.78846000000000E-01,  4.58124797799066E+00,  2.77210000000008E+02,  8.99724479872632E+01,  5.70293006350219E+02
 2.00841666700000E+03, -1.05702486598249E-02, -4.65384500000000E-01,  4.56504550641101E+00,  2.77390000000008E+02,  1.04477768006703E+02,  5.74099147305967E+02
 2.00850000000000E+03, -4.56592799128726E-03, -4.94231000000000E-01,  4.54894509078939E+00,  2.77570000000008E+02,  1.70172040502075E+02,  5.33962499987607E+02
 2.00858333300000E+03, -1.34186071545712E-01, -4.71154250000000E-01,  4.53294602997323E+00,  2.77750000000008E+02,  1.96121539150143E+02,  4.08320259462099E+02
 2.00866666700000E+03, -4.14078565780971E-01, -5.13461750000000E-01, -1.78382349831337E+00,  2.77930000000008E+02,  1.98175313041845E+02,  3.44010878353714E+02
 2.00875000000000E+03, -5.94020720515515E-01, -6.90384750000000E-01, -1.83522287400983E+00,  2.78110000000008E+02,  1.95573415484982E+02,  2.29142790588090E+02
 2.00883333300000E+03, -6.39474566944801E-01, -8.92308000000000E-01, -1.88659394922347E+00,  2.78290000000008E+02,  2.54362200093373E+02,  1.89319435930772E+02
 2.00891666700000E+03, -6.60090539308561E-01, -8.98077000000000E-01, -1.93793288302339E+00,  2.78470000000008E+02,  2.60987077145829E+02,  2.43095498558462E+02
 2.00900000000000E+03, -6.68835630132285E-01, -8.38461250000000E-01, -1.98923583483409E+00,  2.78650000000008E+02,  2.55307338547634E+02,  1.85984703223058E+02
 2.00908333300000E+03, -6.75850245176363E-01, -8.76922750000000E-01, -2.04049896481383E+00,  2.78830000000008E+02,  4.41834286426222E+02,  2.31044549200890E+02
 2.00916666700000E+03, -6.84424172362890E-01, -8.49999750000000E-01, -2.09171843423306E+00,  2.79010000000008E+02,  4.15439809641843E+02,  2.70241226256038E+02
 2.00925000000000E+03, -6.94164586217994E-01, -7.26923000000000E-01, -2.14289040585271E+00,  2.79190000000008E+02,  4.30009340637519E+02,  4.28839832055891E+02
 2.00933333300000E+03, -7.05992127607996E-01, -5.28846250000000E-01, -2.19401104430246E+00,  2.79370000000008E+02,  4.00345580303969E+02,  4.15423651940158E+02
 2.00941666700000E+03, -7.22275463965025E-01, -2.36538600000000E-01, -2.24507651645882E+00,  2.79550000000008E+02,  4.02053774510667E+02,  4.33330174837156E+02
 2.00950000000000E+03, -7.41216325919526E-01,  6.92308000000000E-02, -2.29608299182302E+00,  2.79730000000008E+02,  2.16093537094609E+02,  3.66903757544615E+02
 2.00958333300000E+03, -4.71767106351856E-01,  3.40384900000000E-01, -2.34702664289871E+00,  2.79910000000008E+02,  2.43866036481385E+02,  3.07130715157114E+02
 2.00966666700000E+03,  9.63427043002852E-02,  5.71154250000000E-01,  4.21733737904169E+00,  2.80090000000008E+02,  1.71334180903786E+02,  2.55974996834250E+02
 2.00975000000000E+03,  3.99967046614677E-01,  8.26922250000000E-01,  4.19676193832006E+00,  2.80270000000008E+02,  1.92435057533802E+02,  2.65696337155853E+02
 2.00983333300000E+03,  4.29356455034379E-01,  1.10384300000000E+00,  4.17582597874103E+00,  2.80450000000008E+02,  1.92807757929325E+02,  2.60465416589064E+02
 2.00991666700000E+03,  4.54937842310670E-01,  1.18268925000000E+00,  4.15453007317115E+00,  2.80630000000008E+02,  2.07307903632864E+02,  2.57925259928324E+02
 2.01000000000000E+03,  4.68085980766897E-01,  1.02692225000000E+00,  4.13287482927456E+00,  2.80810000000008E+02,  2.45458514846685E+02,  2.73545406201689E+02
 2.01008333300000E+03,  4.66116685455406E-01,  9.63461750000000E-01,  4.11086088951273E+00,  2.80990000000008E+02,  3.04463757537175E+02,  1.76699183136577E+02
 2.01016666700000E+03,  4.53545787904838E-01,  1.09615375000000E+00,  4.08848893114020E+00,  2.81170000000008E+02,  3.04716049201902E+02,  1.45228068132344E+02
 2.01025000000000E+03,  4.36144703563270E-01,  1.21346000000000E+00,  4.06575966619637E+00,  2.81350000000008E+02,  2.74577287717276E+02,  2.16497694222801E+02
 2.01033333300000E+03,  4.13847924296318E-01,  1.37692000000000E+00,  4.04267384149330E+00,  2.81530000000008E+02,  2.52597039844080E+02,  3.79672509970871E+02
 2.01041666700000E+03,  3.79732539122640E-01,  1.59615250000000E+00,  4.01923223859952E+00,  2.81710000000008E+02,  2.06983741992926E+02,  3.47468638719952E+02
 2.01050000000000E+03,  3.26207734640980E-01,  1.54423250000000E+00,  3.99543567381988E+00,  2.81890000000008E+02,  2.05599888876006E+02,  4.59143409767509E+02
 2.01058333300000E+03,  2.08357868577294E-01,  1.25769400000000E+00,  3.97128499817141E+00,  2.82070000000008E+02,  2.42744805249917E+02,  7.02471991105721E+02
 2.01066666700000E+03,  6.48150588787354E-02,  9.61538750000000E-01,  9.10295986100749E+00,  2.82250000000008E+02,  2.65705874058937E+02,  6.11594139016890E+02
 2.01075000000000E+03,  2.77495962828253E-02,  6.63461500000000E-01,  9.08638088125097E+00,  2.82430000000008E+02,  2.63818475566293E+02,  5.70430275255283E+02
 2.01083333300000E+03,  7.54781536228268E-02,  4.28846250000000E-01,  9.06958186121028E+00,  2.82610000000008E+02,  3.26188752230738E+02,  5.68951300368752E+02
 2.01091666700000E+03,  1.29767964651347E-01,  3.34615500000000E-01,  9.05256537470749E+00,  2.82790000000008E+02,  3.62827780701914E+02,  6.76838105315618E+02
 2.01100000000000E+03,  1.81478271529431E-01,  3.71154000000000E-01,  9.03533400614448E+00,  2.82970000000008E+02,  2.52886406869970E+02,  4.20893211607723E+02
 2.01108333300000E+03,  2.26627645462765E-01,  4.21154000000000E-01,  9.01789035015245E+00,  2.83150000000008E+02,  3.46611893206043E+02,  6.96366492751190E+02
 2.01116666700000E+03,  2.68217086993842E-01,  3.30769250000000E-01,  9.00023701124064E+00,  2.83330000000008E+02,  3.80416645310721E+02,  5.92022220434582E+02
 2.01125000000000E+03,  3.10850889832226E-01,  1.65384650000000E-01,  8.98237660344454E+00,  2.83510000000008E+02,  3.20824135179599E+02,  6.93736513890816E+02
 2.01133333300000E+03,  3.54061218329428E-01, -4.23077000000000E-02,  8.96431174997330E+00,  2.83690000000008E+02,  3.33251144423950E+02,  6.93476781210077E+02
 2.01141666700000E+03,  3.91442979114299E-01, -4.13461600000000E-01,  8.94604508285666E+00,  2.83870000000008E+02,  4.88791259316936E+02,  7.07963910093386E+02
 2.01150000000000E+03,  4.16685473362779E-01, -8.40384750000000E-01,  8.92757924259132E+00,  2.84050000000008E+02,  5.51268169090752E+02,  5.51251236510170E+02
 2.01158333300000E+03,  2.46717837342976E-01, -1.06153975000000E+00,  8.90891687778678E+00,  2.84230000000008E+02,  5.51885123115752E+02,  5.74843799332739E+02
 2.01166666700000E+03, -1.14027064953548E-01, -1.07308000000000E+00, -2.59234076838062E+00,  2.84410000000008E+02,  5.26775778923538E+02,  4.86801581234557E+02
 2.01175000000000E+03, -2.91999467977839E-01, -9.50003000000000E-01, -2.59755928400506E+00,  2.84590000000008E+02,  4.55149429570113E+02,  2.91811462608605E+02
 2.01183333300000E+03, -2.79668077051684E-01, -6.59616500000000E-01, -2.60235950116442E+00,  2.84770000000008E+02,  3.65145579626946E+02,  2.48149154198335E+02
 2.01191666700000E+03, -2.62497898714735E-01, -3.94230750000000E-01, -2.60674043080527E+00,  2.84950000000008E+02,  2.32113532351232E+02,  2.72606730716742E+02
 2.01200000000000E+03, -2.49220336156098E-01, -2.73077000000000E-01, -2.61070111975849E+00,  2.85130000000008E+02,  2.02279273183945E+02,  2.20733118466950E+02
 2.01208333300000E+03, -2.43332502694585E-01, -2.09615750000000E-01, -2.61424065088567E+00,  2.85310000000008E+02,  2.21728747589634E+02,  2.01620045170354E+02
 2.01216666700000E+03, -2.41276191162355E-01, -1.28846500000000E-01, -2.61735814322147E+00,  2.85490000000008E+02,  1.66925445321938E+02,  2.24140793914733E+02
 2.01225000000000E+03, -2.37821241438378E-01,  1.53845000000000E-02, -2.62005275211205E+00,  2.85670000000008E+02,  1.75524774988691E+02,  2.18022088697157E+02
 2.01233333300000E+03, -2.32747803390753E-01,  1.30769250000000E-01, -2.62232366934934E+00,  2.85850000000008E+02,  1.40061788082643E+02,  1.24196198299830E+02
 2.01241666700000E+03, -2.31721373208755E-01,  2.44230750000000E-01, -2.62417012330134E+00,  2.86030000000008E+02,  2.60084417437108E+02,  3.98807323819430E+02
 2.01250000000000E+03, -2.40274554168277E-01,  4.09615250000000E-01, -2.62559137903828E+00,  2.86210000000008E+02,  2.38708676658372E+02,  4.50395747604969E+02
 2.01258333300000E+03, -7.14673183210546E-02,  6.30769000000000E-01, -2.62658673845471E+00,  2.86390000000008E+02,  2.49269191483190E+02,  4.16843929333460E+02
 2.01266666700000E+03,  2.94017911737204E-01,  9.01924000000000E-01,  6.71443251389977E+00,  2.86570000000008E+02,  2.02576804579648E+02,  6.48838568139943E+02
 2.01275000000000E+03,  4.94852380620482E-01,  1.00961750000000E+00,  6.75758070515992E+00,  2.86750000000008E+02,  1.92018412549642E+02,  6.46358418592408E+02
 2.01283333300000E+03,  5.02636720480192E-01,  8.36539500000000E-01,  6.80048187636151E+00,  2.86930000000008E+02,  1.05769527198946E+02,  6.53668315132376E+02
 2.01291666700000E+03,  4.77555814568758E-01,  5.71154000000000E-01,  6.84313320664010E+00,  2.87110000000008E+02,  1.43112060259166E+02,  7.18500614675621E+02
 2.01300000000000E+03,  4.15515248591657E-01,  3.71154000000000E-01,  6.88553190279177E+00,  2.87290000000008E+02,  1.33022013621228E+02,  7.38300923789000E+02
 2.01308333300000E+03,  3.20740728366382E-01,  1.88461400000000E-01,  6.92767519952364E+00,  2.87470000000008E+02,  1.91514026702046E+02,  5.50377745991116E+02
 2.01316666700000E+03,  2.06543873226518E-01,  6.92306500000000E-02,  6.96956035970088E+00,  2.87650000000008E+02,  2.50369131983748E+02,  6.61121026102762E+02
 2.01325000000000E+03,  8.87090923278457E-02, -2.69231500000000E-02,  7.01118467459034E+00,  2.87830000000008E+02,  1.98826814321940E+02,  4.94450571708899E+02
 2.01333333300000E+03, -2.24205860722732E-02, -2.21153900000000E-01,  7.05254546410080E+00,  2.88010000000008E+02,  3.03513002263553E+02,  5.09953111077066E+02
 2.01341666700000E+03, -1.23893543475293E-01, -4.07692250000000E-01,  7.09364007701966E+00,  2.88190000000008E+02,  3.95518502684187E+02,  5.45631933994887E+02
 2.01350000000000E+03, -2.14924738784641E-01, -5.50000000000000E-01,  7.13446589124632E+00,  2.88370000000008E+02,  3.49688674996410E+02,  5.62906608381572E+02
 2.01358333300000E+03, -4.17210582885389E-01, -6.90384750000000E-01,  7.17502031402181E+00,  2.88550000000008E+02,  3.50141118287957E+02,  4.37070994549446E+02
 2.01366666700000E+03, -7.19239817180641E-01, -8.73076750000000E-01,  9.51625969359741E+00,  2.88730000000008E+02,  3.59244471423946E+02,  3.23093472149210E+02
 2.01375000000000E+03, -8.59782617439516E-01, -1.09807550000000E+00,  9.50851775047899E+00,  2.88910000000008E+02,  2.61647913825237E+02,  3.78648639668763E+02
 2.01383333300000E+03, -8.44485791929814E-01, -1.15192125000000E+00,  9.50047750452431E+00,  2.89090000000008E+02,  1.74985522726557E+02,  3.69090101130604E+02
 2.01391666700000E+03, -8.11533622584835E-01, -9.74999500000000E-01,  9.49214097497381E+00,  2.89270000000008E+02,  1.95307754696724E+02,  3.06118515660327E+02
 2.01400000000000E+03, -7.71106161038076E-01, -8.36538750000000E-01,  9.48351020274937E+00,  2.89450000000008E+02,  1.67923740272454E+02,  3.14622921644173E+02
 2.01408333300000E+03, -7.29043301098500E-01, -7.40384750000000E-01,  9.47458725015330E+00,  2.89630000000008E+02,  1.57597454784870E+02,  3.21051742348915E+02
 2.01416666700000E+03, -6.84719480108963E-01, -5.75000000000000E-01,  9.46537420056516E+00,  2.89810000000008E+02,  1.66099261289353E+02,  4.06286948946656E+02
 2.01425000000000E+03, -6.36072704780707E-01, -5.25000000000000E-01,  9.45587315813652E+00,  2.89990000000008E+02,  1.93397917022192E+02,  4.65807270260800E+02
 2.01433333300000E+03, -5.85931088971068E-01, -6.17307750000000E-01,  9.44608624748362E+00,  2.90170000000008E+02,  1.85620808696651E+02,  7.07553562314995E+02
 2.01441666700000E+03, -5.42575770593781E-01, -7.11538500000000E-01,  9.43601561337804E+00,  2.90350000000008E+02,  2.16381293103581E+02,  8.64275058234602E+02
 2.01450000000000E+03, -5.13489507180726E-01, -7.71153750000000E-01,  9.42566342043532E+00,  2.90530000000008E+02,  2.19670737125301E+02,  9.01599074748929E+02
 2.01458333300000E+03, -3.02919917119442E-01, -8.17307500000000E-01,  9.41503185280173E+00,  2.90710000000009E+02,  2.46137516549882E+02,  6.42858327522079E+02
 2.01466666700000E+03,  4.80218197752487E-02, -8.15384500000000E-01,  2.20747072972068E+00,  2.90890000000009E+02,  2.15692928633665E+02,  6.02128337522218E+02
 2.01475000000000E+03,  1.16865376771046E-01, -7.88461500000000E-01,  2.25866363241073E+00,  2.91070000000009E+02,  2.38730904094394E+02,  6.32647540415318E+02
 2.01483333300000E+03, -2.47386371987746E-02, -7.92307750000000E-01,  2.30993955238598E+00,  2.91250000000009E+02,  2.95537742572669E+02,  5.41586910421047E+02
 2.01491666700000E+03, -1.23456600277462E-01, -7.44231000000000E-01,  2.36129453221039E+00,  2.91430000000009E+02,  4.61708528532660E+02,  8.41469905790236E+02
 2.01500000000000E+03, -1.84672487131112E-01, -6.96154000000000E-01,  2.41272460994363E+00,  2.91610000000009E+02,  4.18663285656276E+02,  9.48532323515299E+02
 2.01508333300000E+03, -2.15065419862647E-01, -7.00000000000000E-01,  2.46422581954205E+00,  2.91790000000009E+02,  4.16971400716546E+02,  8.68930020080588E+02
 2.01516666700000E+03, -2.19347596251178E-01, -7.13461500000000E-01,  2.51579419126026E+00,  2.91970000000009E+02,  4.79225927444240E+02,  8.21682342482698E+02
 2.01525000000000E+03, -2.03306452378240E-01, -8.05769000000000E-01,  2.56742575205276E+00,  2.92150000000009E+02,  4.12750548346608E+02,  8.31388318281161E+02
 2.01533333300000E+03, -1.77786707680075E-01, -9.38461250000000E-01,  2.61911652597588E+00,  2.92330000000009E+02,  3.20602036647872E+02,  8.65902658544598E+02
 2.01541666700000E+03, -1.57115448224166E-01, -9.40384500000000E-01,  2.67086253458996E+00,  2.92510000000009E+02,  3.04300095917412E+02,  7.75335643622051E+02
 2.01550000000000E+03, -1.51425462313800E-01, -8.11538500000000E-01,  2.72265979736149E+00,  2.92690000000009E+02,  3.75732702264715E+02,  9.91325155729304E+02
 2.01558333300000E+03, -2.43337980501535E-01, -6.94231000000000E-01,  2.77450433206547E+00,  2.92870000000009E+02,  2.58663270058751E+02,  7.71407312277237E+02
 2.01566666700000E+03, -4.04095810345657E-01, -5.42308000000000E-01,  3.54702698276653E+00,  2.93050000000009E+02,  2.20852340504246E+02,  7.02555671889885E+02
 2.01575000000000E+03, -4.38561232744696E-01, -3.25000250000000E-01,  3.53512957144213E+00,  2.93230000000009E+02,  2.37528261525368E+02,  4.64366276259370E+02
 2.01583333300000E+03, -3.65279787604205E-01, -1.65384800000000E-01,  3.52322405692684E+00,  2.93410000000009E+02,  2.89535242530363E+02,  6.42448494153470E+02
 2.01591666700000E+03, -2.95392372390386E-01, -9.23078500000000E-02,  3.51130853761844E+00,  2.93590000000009E+02,  2.53637323086957E+02,  4.22978651394695E+02
 2.01600000000000E+03, -2.38947366524531E-01, -1.42307800000000E-01,  3.49938110753316E+00,  2.93770000000009E+02,  4.83803831212783E+02,  4.71237329116675E+02
 2.01608333300000E+03, -1.98948571931173E-01, -2.94230750000000E-01,  3.48743985662722E+00,  2.93950000000009E+02,  5.01682068086825E+02,  4.81826909161410E+02
 2.01616666700000E+03, -1.69932336807830E-01, -4.19230750000000E-01,  3.47548287111890E+00,  2.94130000000009E+02,  4.25130824217600E+02,  3.68294405369220E+02
 2.01625000000000E+03, -1.44001825058676E-01, -5.00000000000000E-01,  3.46350823381132E+00,  2.94310000000009E+02,  4.60177612066780E+02,  2.08033135491103E+02
 2.01633333300000E+03, -1.18260595459278E-01, -5.34615250000000E-01,  3.45151402441565E+00,  2.94490000000009E+02,  4.78948696323847E+02,  2.23355517570660E+02
 2.01641666700000E+03, -9.63678811434663E-02, -4.73076750000000E-01,  3.43949831987484E+00,  2.94670000000009E+02,  2.47116170767394E+02,  2.66023185930151E+02
 2.01650000000000E+03, -8.29772359302468E-02, -4.15384500000000E-01,  3.42745919468787E+00,  2.94850000000009E+02,  2.51849275040599E+02,  3.77039095679305E+02
 2.01658333300000E+03, -7.14607357371665E-02, -4.21153750000000E-01,  3.41539472123433E+00,  2.95030000000009E+02,  2.68082391688229E+02,  3.70787307433349E+02
 2.01666666700000E+03, -8.39644802250884E-02, -3.63461500000000E-01,  7.07479992201058E+00,  2.95210000000009E+02,  3.56201477935399E+02,  4.19346939610685E+02
 2.01675000000000E+03, -1.47016244866060E-01, -2.40384500000000E-01,  7.11574951016123E+00,  2.95390000000009E+02,  3.47594395841728E+02,  4.71116663738942E+02
 2.01683333300000E+03, -2.16332949266962E-01, -2.09615250000000E-01,  7.15642889396984E+00,  2.95570000000009E+02,  3.61447242432896E+02,  4.55239328033289E+02
 2.01691666700000E+03, -2.55956575799247E-01, -3.19230750000000E-01,  7.19683549663800E+00,  2.95750000000009E+02,  5.03749307979868E+02,  6.00982658692135E+02
 2.01700000000000E+03, -2.75188757755175E-01, -4.36538500000000E-01,  7.23696677105601E+00,  2.95930000000009E+02,  5.08884227935672E+02,  7.12646781638732E+02
 2.01708333300000E+03, -2.80366937704990E-01, -5.11538500000000E-01,  7.27682020002369E+00,  2.96110000000009E+02,  3.42748972809052E+02,  6.56028808743996E+02
 2.01716666700000E+03, -2.72368961072488E-01, -5.50000000000000E-01,  7.31639329646751E+00,  2.96290000000009E+02,  2.98560564462899E+02,  7.14105887253702E+02
 2.01725000000000E+03, -2.51208101274400E-01, -5.09615500000000E-01,  7.35568360365405E+00,  2.96470000000009E+02,  3.19611624714628E+02,  6.93431100567122E+02
 2.01733333300000E+03, -2.21926466030034E-01, -4.65384750000000E-01,  7.39468869539992E+00,  2.96650000000009E+02,  1.59396625135950E+02,  3.96654627559633E+02
 2.01741666700000E+03, -1.94781906853794E-01, -4.86538500000000E-01,  7.43340617627799E+00,  2.96830000000009E+02,  1.20975649530813E+02,  2.72757766250012E+02
 2.01750000000000E+03, -1.78719504808477E-01, -5.65384750000000E-01,  7.47183368181981E+00,  2.97010000000009E+02,  1.56726040791873E+02,  2.21546815214134E+02
 2.01758333300000E+03, -3.20487264285945E-01, -6.01923250000000E-01,  7.50996887871452E+00,  2.97190000000009E+02,  1.99900776079601E+02,  1.53307416311891E+02
 2.01766666700000E+03, -6.09056203980114E-01, -5.36538500000000E-01, -2.33437144222904E+00,  2.97370000000009E+02,  1.54225859388997E+02,  2.03462146985279E+02
 2.01775000000000E+03, -7.39732871508553E-01, -5.76923000000000E-01, -2.31830850282595E+00,  2.97550000000009E+02,  1.30674484279829E+02,  2.00833213633918E+02
 2.01783333300000E+03, -7.13283687664191E-01, -8.05768750000000E-01, -2.30182344336314E+00,  2.97730000000009E+02,  1.48783680214527E+02,  4.34274695795571E+02
 2.01791666700000E+03, -6.85592773640083E-01, -9.94229000000000E-01, -2.28491715611145E+00,  2.97910000000009E+02,  1.08650743665478E+02,  4.44359526681678E+02
 2.01800000000000E+03, -6.65644008272073E-01, -1.05192000000000E+00, -2.26759057141207E+00,  2.98090000000009E+02,  2.16373352808521E+02,  7.49897916728988E+02
 2.01808333300000E+03, -6.56617973800659E-01, -1.07499750000000E+00, -2.24984465761127E+00,  2.98270000000009E+02,  2.25829416491425E+02,  6.41909515895452E+02
 2.01816666700000E+03, -6.54242387522532E-01, -1.06923000000000E+00, -2.23168042099092E+00,  2.98450000000009E+02,  2.34787325111625E+02,  8.04281644192264E+02
 2.01825000000000E+03, -6.52374639411087E-01, -1.00769225000000E+00, -2.21309890569471E+00,  2.98630000000009E+02,  2.28067040815210E+02,  5.66737601020000E+02
 2.01833333300000E+03, -6.49879370798776E-01, -9.73077000000000E-01, -2.19410119365012E+00,  2.98810000000009E+02,  2.24229672388702E+02,  5.75093681940113E+02
 2.01841666700000E+03, -6.51667160333502E-01, -9.92308000000000E-01, -2.17468840448602E+00,  2.98990000000009E+02,  8.96900320002092E+01,  2.35815634332405E+02
 2.01850000000000E+03, -6.62787594064129E-01, -9.46154000000000E-01, -2.15486169544615E+00,  2.99170000000009E+02,  8.06131609718402E+01,  2.60616677300740E+02
 2.01858333300000E+03, -5.85488106899686E-01, -8.76923000000000E-01, -2.13462226129825E+00,  2.99350000000009E+02,  1.01762081167273E+02,  8.50817103513982E+01
 2.01866666700000E+03, -3.95576569278478E-01, -9.17307000000000E-01,  6.35493022139370E+00,  2.99530000000009E+02,  9.51313832029306E+01,  1.67737315164773E+02
 2.01875000000000E+03, -2.52607856088188E-01, -9.30768000000000E-01,  6.39997813987628E+00,  2.99710000000009E+02,  7.87473102999759E+01,  1.73538747734090E+02
 2.01883333300000E+03, -1.55132052593227E-01, -7.11537750000000E-01,  6.44480295939972E+00,  2.99890000000009E+02,  6.77079218441023E+01,  1.85073936990461E+02
 2.01891666700000E+03, -2.57752365602593E-02, -3.90384500000000E-01,  6.48940164398133E+00,  3.00070000000009E+02,  8.43981938007641E+01,  2.10048314491039E+02
 2.01900000000000E+03,  1.17862740309583E-01, -1.94230875000000E-01,  6.53377118314184E+00,  3.00250000000009E+02,  1.60045380865419E+02,  2.91420696995690E+02
 2.01908333300000E+03,  2.60957895917247E-01, -7.69232000000000E-02,  6.57790859218222E+00,  3.00430000000009E+02,  2.30975009198913E+02,  2.84498348059390E+02
 2.01916666700000E+03,  3.94552988099346E-01,  4.42307250000000E-02,  6.62181091245734E+00,  3.00610000000009E+02,  2.37428237614974E+02,  2.73533008856293E+02
 2.01925000000000E+03,  5.11645593203042E-01,  1.51923050000000E-01,  6.66547521164647E+00,  3.00790000000009E+02,  3.27806183638988E+02,  2.38138351106772E+02
 2.01933333300000E+03,  6.01956473740442E-01,  1.92307750000000E-01,  6.70889858402063E+00,  3.00970000000009E+02,  5.02861475873057E+02,  3.04883675039689E+02
 2.01941666700000E+03,  6.52273278300194E-01,  1.26923172500000E-01,  6.75207815070659E+00,  3.01150000000009E+02,  3.96633723343279E+02,  4.70197653617847E+02
 2.01950000000000E+03,  6.53288285713280E-01, -3.07691550000000E-02,  6.79501105994774E+00,  3.01330000000009E+02,  3.82118670863881E+02,  4.32302683079532E+02
 2.01958333300000E+03,  4.99427055747313E-01, -2.24999827500000E-01,  6.83769448736157E+00,  3.01510000000009E+02,  4.37376910669715E+02,  4.48692864054116E+02
 2.01966666700000E+03,  2.22728418163248E-01, -2.73076700000000E-01,  4.58282317603419E+00,  3.01690000000009E+02,  3.36798381720202E+02,  4.51289508468805E+02
 2.01975000000000E+03,  7.59517073138632E-02, -1.28846072500000E-01,  4.59381996193414E+00,  3.01870000000009E+02,  1.82661692552803E+02,  4.18206834712021E+02
 2.01983333300000E+03,  5.41859896809724E-02, -2.69230950000000E-02,  4.60454331831211E+00,  3.02050000000009E+02,  2.44688312912089E+02,  1.92299258905916E+02
 2.01991666700000E+03,  3.09215330709511E-02, -9.42307725000000E-02,  4.61499108949145E+00,  3.02230000000009E+02,  1.85730088228485E+02,  1.83514843106476E+02
 2.02000000000000E+03, -2.10713961757494E-04, -2.30769300000000E-01,  4.62516113881092E+00,  3.02410000000009E+02,  1.24411827416743E+02,  2.13040060547210E+02
 2.02008333300000E+03, -3.96649089158120E-02, -3.36538750000000E-01,  4.63505134892728E+00,  3.02590000000009E+02,  2.29440865663046E+02,  2.89240651499592E+02
 2.02016666700000E+03, -8.05132757546503E-02, -4.01923500000000E-01,  4.64465962211593E+00,  3.02770000000009E+02,  2.33538058920959E+02,  2.10458201800361E+02
 2.02025000000000E+03, -1.14239800407697E-01, -4.78846500000000E-01,  4.65398388056958E+00,  3.02950000000009E+02,  1.73100808081906E+02,  2.17378151513472E+02
 2.02033333300000E+03, -1.37826529310055E-01, -5.92307750000000E-01,  4.66302206669488E+00,  3.03130000000009E+02,  1.96132603158669E+02,  2.02475102995600E+02
 2.02041666700000E+03, -1.54966937442027E-01, -6.13461250000000E-01,  4.67177214340699E+00,  3.03310000000009E+02,  2.18782923974557E+02,  1.76867892508613E+02
 2.02050000000000E+03, -1.70273255512817E-01, -4.84615000000000E-01,  4.68023209442203E+00,  3.03490000000009E+02,  1.17687399638243E+02,  9.42256478054802E+01
 2.02058333300000E+03, -1.32771884181914E-01, -3.09615250000000E-01,  4.68839992454744E+00,  3.03670000000009E+02,  9.07600707287769E+01,  1.68347382742079E+02
 2.02066666700000E+03, -3.80090789936107E-02, -7.69232500000000E-02,  4.42943250550452E+00,  3.03850000000009E+02,  1.23811133453331E+02,  1.57495590388648E+02
 2.02075000000000E+03,  1.76476735800009E-02,  1.42307500000000E-01,  4.41418084436825E+00,  3.04030000000009E+02,  1.07442093914671E+02,  1.89402209798040E+02
 2.02083333300000E+03,  3.55400778661863E-02,  1.40384525000000E-01,  4.39902350086667E+00,  3.04210000000009E+02,  8.36986970193616E+01,  3.25672819938896E+02
 2.02091666700000E+03,  6.04046618123714E-02,  2.49999725000000E-02,  4.38395954756218E+00,  3.04390000000009E+02,  1.08850871186839E+02,  3.64480584214910E+02
 2.02100000000000E+03,  8.33282729861632E-02,  2.88461200000000E-02,  4.36898803445158E+00,  3.04570000000009E+02,  1.21889573668886E+02,  3.37277930312155E+02
 2.02108333300000E+03,  1.00578378585788E-01,  9.23076225000000E-02,  4.35410798915522E+00,  3.04750000000009E+02,  2.16422274339827E+02,  3.92408796990365E+02
 2.02116666700000E+03,  1.15431250876635E-01,  1.01923150000000E-01,  4.33931841710934E+00,  3.04930000000009E+02,  2.09850030146771E+02,  3.77529364281785E+02
 2.02125000000000E+03,  1.32797039434502E-01,  1.09615700000000E-01,  4.32461830176126E+00,  3.05110000000009E+02,  2.08298389730074E+02,  3.25139200545563E+02
 2.02133333300000E+03,  1.52547036686320E-01,  1.82692750000000E-01,  4.31000660476772E+00,  3.05290000000009E+02,  2.90037962957681E+02,  3.08387055862148E+02
 2.02141666700000E+03,  1.68649032935214E-01,  2.88462000000000E-01,  4.29548226619616E+00,  3.05470000000009E+02,  4.47519742723486E+02,  3.53699981602677E+02
 2.02150000000000E+03,  1.75196550936871E-01,  2.50000350000000E-01,  4.28104420472889E+00,  3.05650000000009E+02,  3.42883808780980E+02,  3.66997137879214E+02
 2.02158333300000E+03,  1.73919388067910E-01,  5.38462750000000E-02,  4.26669131787030E+00,  3.05830000000009E+02,  4.74209702939454E+02,  4.14689139198878E+02
 2.02166666700000E+03,  1.59066680158383E-01, -1.53845000000000E-02,  4.09059096541688E+00,  3.06010000000009E+02,  5.39304493351754E+02,  3.59837923679868E+02
 2.02175000000000E+03,  1.19111057755956E-01, -9.61517500000000E-03,  4.05279880299640E+00,  3.06190000000009E+02,  6.66340009702975E+02,  4.74695453249772E+02
 2.02183333300000E+03,  6.07081453288896E-02, -1.61538500000000E-01,  4.01487479218222E+00,  3.06370000000009E+02,  5.19583909187053E+02,  3.84595912316252E+02
 2.02191666700000E+03, -1.07239361158191E-02, -2.94231000000000E-01,  3.97682077866190E+00,  3.06550000000009E+02,  5.53717055321086E+02,  2.98761476047992E+02
 2.02200000000000E+03, -1.00030679549510E-01, -3.13461500000000E-01,  3.93863863595937E+00,  3.06730000000009E+02,  5.35015173045725E+02,  3.06140851356574E+02
 2.02208333300000E+03, -2.05051521490457E-01, -3.51922750000000E-01,  3.90033026527079E+00,  3.06910000000009E+02,  5.83713019864760E+02,  3.36028404774701E+02
 2.02216666700000E+03, -3.15249892884276E-01, -3.88461250000000E-01,  3.86189759529654E+00,  3.07090000000009E+02,  4.76633610119801E+02,  2.33101872872550E+02
 2.02225000000000E+03, -4.17729021742335E-01, -4.13461500000000E-01,  3.82334258206941E+00,  3.07270000000009E+02,  4.78253808936832E+02,  2.86773386242843E+02
 2.02233333300000E+03, -5.04664152906257E-01, -3.75000250000000E-01,  3.78466720877902E+00,  3.07450000000009E+02,  4.78028970761977E+02,  3.79615567117224E+02
 2.02241666700000E+03, -5.74963174266030E-01, -2.76923500000000E-01,  3.74587348559247E+00,  3.07630000000009E+02,  5.16302349536019E+02,  5.61203533878132E+02
 2.02250000000000E+03, -6.28978923863053E-01, -2.96154250000000E-01,  3.70696344947114E+00,  3.07810000000009E+02,  4.44863204133630E+02,  5.28654446101246E+02
 2.02258333300000E+03, -5.38483037103116E-01, -2.67307922500000E-01,  3.66793916398389E+00,  3.07990000000009E+02,  3.74636194211367E+02,  5.21447649736621E+02
 2.02266666700000E+03, -2.99090275249170E-01, -5.00000950000000E-02,  4.73825641501258E+00,  3.08170000000009E+02,  3.30346762495975E+02,  4.71695367543983E+02
 2.02275000000000E+03, -1.60386981612187E-01,  5.76922275000000E-02,  4.72106742400811E+00,  3.08350000000009E+02,  2.84732074013917E+02,  4.52611359409793E+02
 2.02283333300000E+03, -1.26990881653507E-01,  6.15383000000000E-02,  4.70398585764158E+00,  3.08530000000009E+02,  1.57989452164073E+02,  2.61657011548957E+02
 2.02291666700000E+03, -8.27732412812722E-02,  2.13781900000000E-01,  4.68701124900859E+00,  3.08710000000009E+02,  1.15314035832527E+02,  3.00526049901011E+02
 2.02300000000000E+03, -3.78273477324671E-02,  3.98718000000000E-01,  4.67014310565746E+00,  3.08890000000009E+02,  5.84281792164375E+01,  2.75011251054843E+02
 2.02308333300000E+03,  2.52806858045845E-03,  4.89166750000000E-01,  4.65338090971578E+00,  3.09070000000009E+02,  8.83563918150100E+01,  2.84674763643928E+02
 2.02316666700000E+03,  3.96974193089441E-02,  5.14444500000000E-01,  4.63672411802046E+00,  3.09250000000009E+02,  9.14690123947200E+01,  2.50929874019710E+02
 2.02325000000000E+03,  7.66031430587750E-02,  5.17639000000000E-01,  4.62017216225131E+00,  3.09430000000009E+02,  6.73453558871801E+01,  1.94554486104149E+02
 2.02333333300000E+03,  1.11214590709164E-01,  6.42658750000000E-01,  4.60372444906796E+00,  3.09610000000009E+02,  8.17112711565923E+01,  2.13021617021585E+02
 2.02341666700000E+03,  1.40740246724589E-01,  9.42857000000000E-01,  4.58738036025032E+00,  3.09790000000009E+02,  3.32847646758399E+01,  1.28945760006484E+02
