 1.88000000000000E+03, -7.89685849814988E-01, -1.78210000000000E+00,  1.81932195139176E+00,  1.00000000000000E-02,  1.15443273471658E+05,  6.23749013088752E+04
 1.88008333300000E+03, -6.71968467352602E-01, -1.34870525000000E+00,  1.84532533135826E+00,  1.90000000000000E-01,  2.23661082434273E+04,  1.81825723253095E+04
 1.88016666700000E+03, -5.53599135235051E-01, -1.01730550000000E+00,  1.87173665194681E+00,  3.70000000000000E-01,  3.36193499540648E+04,  2.54758199581001E+04
 1.88025000000000E+03, -4.33328796071161E-01, -8.68584750000000E-01,  1.89814253702403E+00,  5.50000000000000E-01,  1.07980847579615E+04,  1.41841838914164E+04
 1.88033333300000E+03, -3.28466074539540E-01, -5.95312500000000E-01,  1.92454180326042E+00,  7.30000000000000E-01,  1.13858194738371E+04,  1.18534129878079E+04
 1.88041666700000E+03, -2.66486777546934E-01, -3.59964250000000E-01,  1.95093325187635E+00,  9.10000000000000E-01,  1.28860208033937E+04,  1.39766600588099E+04
 1.88050000000000E+03, -2.52014094386835E-01, -3.29520750000000E-01,  1.97731566874545E+00,  1.09000000000000E+00,  1.40067019229673E+04,  1.07320034093392E+04
 1.88058333300000E+03, -3.99467101151979E-01, -3.07078750000000E-01,  2.00368782450040E+00,  1.27000000000000E+00,  1.12185504585151E+04,  7.80210108386455E+03
 1.88066666700000E+03, -6.34035152256085E-01, -2.27859750000000E-01,  4.89997668191616E-01,  1.45000000000000E+00,  1.33257759825674E+04,  7.86879339921652E+03
 1.88075000000000E+03, -6.14562530390513E-01, -1.62726250000000E-01,  5.15472145236425E-01,  1.63000000000000E+00,  9.63955100711855E+03,  1.05271548967477E+04
 1.88083333300000E+03, -3.95391256475519E-01, -1.31826000000000E-01,  5.40979711436855E-01,  1.81000000000000E+00,  7.26559332496183E+03,  7.28152061184772E+03
 1.88091666700000E+03, -2.40989036058351E-01, -6.79077500000000E-02,  5.66520064735247E-01,  1.99000000000000E+00,  4.45285180227912E+03,  7.53729220143436E+03
 1.88100000000000E+03, -1.73907752451146E-01,  7.09750000000000E-03,  5.92092885795716E-01,  2.17000000000000E+00,  5.52293407808364E+03,  8.03902432386597E+03
 1.88108333300000E+03, -9.57778229511603E-02,  9.26375000000000E-02,  6.17697837972377E-01,  2.35000000000000E+00,  3.63254035563832E+03,  7.35822540348320E+03
 1.88116666700000E+03,  1.73586062297406E-02,  2.04520750000000E-01,  6.43334567280180E-01,  2.53000000000000E+00,  3.11078639183205E+03,  3.84176996051383E+03
 1.88125000000000E+03,  1.32067183918537E-01,  2.31851750000000E-01,  6.69002702368352E-01,  2.71000000000000E+00,  2.86229380705072E+03,  3.96598414520760E+03
 1.88133333300000E+03,  2.26970569849395E-01,  1.42791250000000E-01,  6.94701854496476E-01,  2.89000000000000E+00,  2.65763556846723E+03,  2.39323117690620E+03
 1.88141666700000E+03,  2.67613067540225E-01, -5.99250000000000E-03,  7.20431617513168E-01,  3.07000000000000E+00,  1.66643979401703E+03,  2.83391274727220E+03
 1.88150000000000E+03,  2.47127911475831E-01, -1.59439750000000E-01,  7.46191567837410E-01,  3.25000000000000E+00,  1.28243426365322E+03,  3.49833306231053E+03
 1.88158333300000E+03, -1.20670569216504E-01, -2.72641250000000E-01,  7.71981264442506E-01,  3.43000000000000E+00,  7.11090551158155E+02,  3.32484294047907E+03
 1.88166666700000E+03, -7.26470154484436E-01, -3.96172250000000E-01, -2.25943529492527E+00,  3.61000000000000E+00,  1.06972785849447E+03,  3.19370888206973E+03
 1.88175000000000E+03, -8.53324681606596E-01, -5.44706000000000E-01, -2.30441802048125E+00,  3.79000000000000E+00,  9.61634264721580E+02,  4.07082753840016E+03
 1.88183333300000E+03, -6.03772579400169E-01, -4.72353000000000E-01, -2.34931321299638E+00,  3.97000000000000E+00,  1.16913519192938E+03,  2.91282092613221E+03
 1.88191666700000E+03, -4.21828505992884E-01, -3.06446000000000E-01, -2.39411792939828E+00,  4.15000000000000E+00,  1.35279596569483E+03,  1.74214348676441E+03
 1.88200000000000E+03, -3.34182615280379E-01, -3.37249000000000E-01, -2.43882923370838E+00,  4.33000000000000E+00,  1.33920045644278E+03,  1.89889613577580E+03
 1.88208333300000E+03, -3.11610255503772E-01, -2.48017500000000E-01, -2.48344419730821E+00,  4.51000000000000E+00,  1.09660007241134E+03,  2.05829750386897E+03
 1.88216666700000E+03, -2.97450051746121E-01,  4.68625000000001E-03, -2.52795989920478E+00,  4.69000000000000E+00,  1.22243886704767E+03,  8.02345930703973E+02
 1.88225000000000E+03, -2.55568334745618E-01,  1.33149250000000E-01, -2.57237342629528E+00,  4.87000000000000E+00,  1.12420620004743E+03,  8.69073905597100E+02
 1.88233333300000E+03, -1.93190572198948E-01, -4.20247500000000E-02, -2.61668187363075E+00,  5.05000000000000E+00,  9.68615307862588E+02,  8.51813557844650E+02
 1.88241666700000E+03, -1.40133966455848E-01, -4.76314750000000E-01, -2.66088234467901E+00,  5.23000000000000E+00,  8.32612766142133E+02,  4.26391107934796E+02
 1.88250000000000E+03, -1.09555736508305E-01, -7.47548750000000E-01, -2.70497195158653E+00,  5.41000000000000E+00,  8.60458661409028E+02,  1.53102866922882E+02
 1.88258333300000E+03, -4.74237290759045E-01, -8.40029000000000E-01, -2.74894781543949E+00,  5.59000000000000E+00,  8.44636347458629E+02,  6.17478012524777E+02
 1.88266666700000E+03, -1.18293731279680E+00, -1.05035925000000E+00,  2.71093300538026E+00,  5.77000000000000E+00,  1.04330300491937E+03,  1.18547159496823E+03
 1.88275000000000E+03, -1.41499018560534E+00, -1.25560000000000E+00,  2.68766521504342E+00,  5.95000000000000E+00,  9.41320998718189E+02,  1.18671552810936E+03
 1.88283333300000E+03, -1.20843150007863E+00, -1.22722975000000E+00,  2.66438120513868E+00,  6.13000000000000E+00,  1.23916506387954E+03,  1.27500056848599E+03
 1.88291666700000E+03, -1.02382476528432E+00, -9.74770500000000E-01,  2.64108009424820E+00,  6.31000000000000E+00,  1.84501134744107E+03,  1.54117466906705E+03
 1.88300000000000E+03, -8.92111451584941E-01, -6.28616250000000E-01,  2.61776100047735E+00,  6.49000000000000E+00,  1.73185615200734E+03,  1.11278412471729E+03
 1.88308333300000E+03, -7.95809658437802E-01, -3.01885000000000E-01,  2.59442304166799E+00,  6.67000000000000E+00,  1.36413781482539E+03,  7.23463899842730E+02
 1.88316666700000E+03, -6.94302928968902E-01, -3.08212500000000E-02,  2.57106533561204E+00,  6.85000000000000E+00,  1.36088524979032E+03,  7.09246260917508E+02
 1.88325000000000E+03, -5.67801306310821E-01,  5.43117500000000E-02,  2.54768700026490E+00,  7.03000000000000E+00,  9.47989071735486E+02,  6.98925465925706E+02
 1.88333333300000E+03, -4.36258952577839E-01, -1.36359750000000E-01,  2.52428715395907E+00,  7.21000000000000E+00,  1.80192906504428E+02,  6.85987389306398E+02
 1.88341666700000E+03, -3.35637953026782E-01, -3.07154750000000E-01,  2.50086491561760E+00,  7.39000000000000E+00,  2.39218255044017E+02,  1.14227205811454E+03
 1.88350000000000E+03, -2.77258343112621E-01, -3.44468750000000E-01,  2.47741940496764E+00,  7.57000000000000E+00,  2.25741040270492E+02,  9.75121142643427E+02
 1.88358333300000E+03, -4.33805356764340E-01, -4.39601500000000E-01,  2.45394974275380E+00,  7.75000000000000E+00,  3.43392948390788E+02,  9.76887864633450E+02
 1.88366666700000E+03, -7.53209423282962E-01, -5.35657500000000E-01, -6.24321784498526E+00,  7.93000000000000E+00,  4.56208354122095E+02,  9.24272237231733E+02
 1.88375000000000E+03, -8.04044024978529E-01, -4.80504250000000E-01, -6.26041642166642E+00,  8.11000000000000E+00,  5.08818500796307E+02,  7.52641007987120E+02
 1.88383333300000E+03, -6.18309367411843E-01, -3.75203750000000E-01, -6.27736146774710E+00,  8.29000000000000E+00,  4.98446036634858E+02,  2.62520609416602E+02
 1.88391666700000E+03, -4.56099771742081E-01, -2.86222750000000E-01, -6.29405122692494E+00,  8.47000000000000E+00,  6.77882438930099E+02,  2.36453322864853E+02
 1.88400000000000E+03, -3.46358206244783E-01, -1.07780000000000E-01, -6.31048395663205E+00,  8.65000000000000E+00,  5.39113512738718E+02,  6.47117103659895E+02
 1.88408333300000E+03, -2.71307605643847E-01, -8.08352500000000E-02, -6.32665792825749E+00,  8.82999999999999E+00,  4.18918295414691E+02,  9.62179372519679E+02
 1.88416666700000E+03, -1.91089332850340E-01, -1.68895500000000E-01, -6.34257142736867E+00,  9.00999999999999E+00,  3.85907714565291E+02,  9.88645708525204E+02
 1.88425000000000E+03, -8.68662089428478E-02, -4.80352500000000E-02, -6.35822275393146E+00,  9.18999999999999E+00,  8.12893552945973E+02,  1.03786606662506E+03
 1.88433333300000E+03,  2.11006179117429E-02,  2.22750000000000E-02, -6.37361022252901E+00,  9.36999999999999E+00,  8.12058157263847E+02,  1.31885436069883E+03
 1.88441666700000E+03,  9.77989019636801E-02, -1.36623000000000E-01, -6.38873216257936E+00,  9.54999999999999E+00,  9.04999060528176E+02,  9.09508456469526E+02
 1.88450000000000E+03,  1.34343473643106E-01, -3.70062500000000E-01, -6.40358691855169E+00,  9.72999999999999E+00,  9.44462227793360E+02,  5.81767581154876E+02
 1.88458333300000E+03, -7.62424228666319E-02, -3.74506000000000E-01, -6.41817285018123E+00,  9.90999999999999E+00,  1.01309490089652E+03,  7.30169772353654E+02
 1.88466666700000E+03, -4.78593853950187E-01, -1.01116500000000E-01, -6.25794291685156E+00,  1.00900000000000E+01,  6.67175332510806E+02,  7.62955425874646E+02
 1.88475000000000E+03, -5.67694060583354E-01,  1.28207500000000E-01, -6.27492476550600E+00,  1.02700000000000E+01,  6.31509815281433E+02,  4.59089455810629E+02
 1.88483333300000E+03, -3.82618730360466E-01,  2.75523000000000E-01, -6.29165158060294E+00,  1.04500000000000E+01,  5.65984711139413E+02,  8.06809262960645E+02
 1.88491666700000E+03, -2.24676256287491E-01,  3.28812750000000E-01, -6.30812161757288E+00,  1.06300000000000E+01,  6.52452131509702E+02,  1.37556928275414E+03
 1.88500000000000E+03, -1.22207287779744E-01,  2.16461500000000E-01, -6.32433314577117E+00,  1.08100000000000E+01,  5.96906289916814E+02,  1.48349360456318E+03
 1.88508333300000E+03, -5.67478958008837E-02,  1.55717500000000E-02, -6.34028444869953E+00,  1.09900000000000E+01,  6.88803122769360E+02,  1.49279436932026E+03
 1.88516666700000E+03,  1.22903034356618E-02, -1.98322000000000E-01, -6.35597382422636E+00,  1.11700000000000E+01,  5.49526483833993E+02,  1.64519302745260E+03
 1.88525000000000E+03,  1.04473701603093E-01, -3.16813500000000E-01, -6.37139958480575E+00,  1.13500000000000E+01,  6.40316517347370E+02,  1.44368478913873E+03
 1.88533333300000E+03,  2.00227428895089E-01, -2.51687000000000E-01, -6.38656005769527E+00,  1.15300000000000E+01,  5.17625679626498E+02,  8.61721645007539E+02
 1.88541666700000E+03,  2.65143894877310E-01, -1.54414250000000E-01, -6.40145358517239E+00,  1.17100000000000E+01,  4.12767100430636E+02,  6.17189145727831E+02
 1.88550000000000E+03,  2.90828433090492E-01, -1.54355750000000E-01, -6.41607852474967E+00,  1.18900000000000E+01,  4.92295122709912E+02,  5.45060953600572E+02
 1.88558333300000E+03,  3.27358037079487E-01, -5.60462500000000E-02, -6.43043324938842E+00,  1.20700000000000E+01,  7.88559425269026E+02,  3.68461161652526E+02
 1.88566666700000E+03,  4.00823155788088E-01,  3.04108000000000E-01, -4.09816748442833E+00,  1.22500000000000E+01,  7.05441625974145E+02,  2.20687823421949E+02
 1.88575000000000E+03,  4.55523523166068E-01,  6.70652000000000E-01, -4.13674964478352E+00,  1.24300000000000E+01,  8.01672049479709E+02,  2.53408680400217E+02
 1.88583333300000E+03,  4.48559300865037E-01,  7.68842500000000E-01, -4.17512611737268E+00,  1.26100000000000E+01,  9.41356787455899E+02,  1.59475057106494E+02
 1.88591666700000E+03,  3.56086577450626E-01,  6.28260000000000E-01, -4.21329449951165E+00,  1.27900000000000E+01,  7.02573706574901E+02,  2.48257256321117E+02
 1.88600000000000E+03,  1.65943912892132E-01,  2.40095000000000E-01, -4.25125240608081E+00,  1.29700000000000E+01,  8.39664183434848E+02,  3.10911471150849E+02
 1.88608333300000E+03, -8.27899146337970E-02, -3.29591500000000E-01, -4.28899746973058E+00,  1.31500000000000E+01,  1.21508507474619E+03,  3.02894230000525E+02
 1.88616666700000E+03, -3.27011246304118E-01, -7.20568500000000E-01, -4.32652734108497E+00,  1.33300000000000E+01,  1.13627113123105E+03,  2.95484220603839E+02
 1.88625000000000E+03, -5.25436793690840E-01, -8.81658500000000E-01, -4.36383968894312E+00,  1.35100000000000E+01,  1.05453380208406E+03,  3.08879255669855E+02
 1.88633333300000E+03, -6.79194095062035E-01, -1.19666925000000E+00, -4.40093220047886E+00,  1.36900000000000E+01,  1.13893174271205E+03,  3.30376875636261E+02
 1.88641666700000E+03, -8.09424090441958E-01, -1.52414250000000E+00, -4.43780258143823E+00,  1.38700000000000E+01,  6.95267875620418E+02,  4.52691357500548E+02
 1.88650000000000E+03, -9.17558091202696E-01, -1.52732000000000E+00, -4.47444855633495E+00,  1.40500000000000E+01,  3.85281545133872E+02,  5.81359488218780E+02
 1.88658333300000E+03, -1.16159697971618E+00, -1.43315250000000E+00, -4.51086786864382E+00,  1.42300000000000E+01,  6.06947198233628E+02,  5.69086478191425E+02
 1.88666666700000E+03, -1.57424554671443E+00, -1.49638750000000E+00,  1.67401170024855E+00,  1.44100000000000E+01,  5.47766286612458E+02,  5.27095975215310E+02
 1.88675000000000E+03, -1.83348780935819E+00, -1.68328250000000E+00,  1.63288914739257E+00,  1.45900000000000E+01,  4.90369077585496E+02,  4.26776924726261E+02
 1.88683333300000E+03, -1.88869593843766E+00, -1.95963500000000E+00,  1.59160028490967E+00,  1.47700000000000E+01,  7.79159171600365E+02,  2.37874381845113E+02
 1.88691666700000E+03, -1.89800379931040E+00, -2.31255750000000E+00,  1.55014763153585E+00,  1.49500000000000E+01,  7.04783784982638E+02,  1.29106858950489E+02
 1.88700000000000E+03, -1.88353530514169E+00, -2.49917000000000E+00,  1.50853372180117E+00,  1.51300000000000E+01,  5.15875386368655E+02,  1.21126564414107E+02
 1.88708333300000E+03, -1.83007939245476E+00, -2.26996250000000E+00,  1.46676110581126E+00,  1.53100000000000E+01,  6.35210039457654E+02,  1.20267563987510E+02
 1.88716666700000E+03, -1.70890092402904E+00, -1.76969500000000E+00,  1.42483234902701E+00,  1.54900000000000E+01,  5.36659239272926E+02,  1.14709601477530E+02
 1.88725000000000E+03, -1.51853491434417E+00, -1.39964250000000E+00,  1.38275003204257E+00,  1.56700000000000E+01,  2.89310052093730E+02,  1.87810849177134E+02
 1.88733333300000E+03, -1.29949596562111E+00, -1.20853825000000E+00,  1.34051675036152E+00,  1.58500000000000E+01,  3.89690185310968E+02,  2.85218972303817E+02
 1.88741666700000E+03, -1.10614923302928E+00, -9.82824000000000E-01,  1.29813511417140E+00,  1.60300000000000E+01,  3.55135091468005E+02,  4.17117195874729E+02
 1.88750000000000E+03, -9.62380739919087E-01, -7.33792500000000E-01,  1.25560774811651E+00,  1.62100000000000E+01,  2.55364490936710E+02,  4.96167927017036E+02
 1.88758333300000E+03, -8.42162893663297E-01, -5.55136000000000E-01,  1.21293729106911E+00,  1.63900000000000E+01,  3.20636679916630E+02,  4.74378752128828E+02
 1.88766666700000E+03, -7.11326419702478E-01, -4.52092500000000E-01,  1.16154861746356E-01,  1.65700000000000E+01,  3.46363726473431E+02,  4.98513402887766E+02
 1.88775000000000E+03, -5.62699118816570E-01, -3.49974250000000E-01,  8.74794718003986E-02,  1.67500000000000E+01,  2.58226095594153E+02,  3.97014855450582E+02
 1.88783333300000E+03, -4.08901471715133E-01, -2.18536000000000E-01,  5.87300441115701E-02,  1.69300000000000E+01,  3.59846624694462E+02,  3.28698615252483E+02
 1.88791666700000E+03, -2.86530370261573E-01, -7.26077500000000E-02,  2.99066396953573E-02,  1.71100000000000E+01,  3.61994354752614E+02,  2.87921202494249E+02
 1.88800000000000E+03, -2.22721761905424E-01,  1.60559500000000E-01,  1.00933641339762E-03,  1.72900000000000E+01,  2.87949707169218E+02,  3.83037539897526E+02
 1.88808333300000E+03, -1.97999503180367E-01,  3.72197250000000E-01, -2.79617709446041E-02,  1.74700000000000E+01,  3.20586865689967E+02,  3.18230124246692E+02
 1.88816666700000E+03, -1.70972272089106E-01,  3.76597750000000E-01, -5.70065705813452E-02,  1.76500000000000E+01,  4.34002178152128E+02,  3.19185694712398E+02
 1.88825000000000E+03, -1.21338637077262E-01,  2.93286000000000E-01, -8.61249336147807E-02,  1.78300000000000E+01,  3.05418511717093E+02,  6.36676523427879E+02
 1.88833333300000E+03, -6.77718413486555E-02,  3.16545250000000E-01, -1.15316714003367E-01,  1.80100000000000E+01,  2.88756141204091E+02,  7.58145182544714E+02
 1.88841666700000E+03, -4.33798137122494E-02,  4.11438500000000E-01, -1.44581748473738E-01,  1.81900000000000E+01,  3.93273491579708E+02,  8.24700782990991E+02
 1.88850000000000E+03, -5.47356766516839E-02,  4.47117000000000E-01, -1.73919856450784E-01,  1.83700000000000E+01,  3.77293862291622E+02,  8.19503416870372E+02
 1.88858333300000E+03,  1.00268010130943E-01,  6.00981250000000E-01, -2.03330839990193E-01,  1.85500000000000E+01,  4.71579296077941E+02,  8.31762432076650E+02
 1.88866666700000E+03,  4.63048252753509E-01,  1.03349825000000E+00,  9.65091845553270E+00,  1.87300000000000E+01,  7.92927673592101E+02,  5.08355446555674E+02
 1.88875000000000E+03,  7.05508319943497E-01,  1.49353500000000E+00,  9.65967629971404E+00,  1.89100000000000E+01,  1.04258929408124E+03,  4.83631896255468E+02
 1.88883333300000E+03,  7.95100625861166E-01,  1.84757750000000E+00,  9.66812035756682E+00,  1.90900000000000E+01,  9.45224333781011E+02,  6.52169278201214E+02
 1.88891666700000E+03,  8.49100868642341E-01,  2.11572000000000E+00,  9.67625100919749E+00,  1.92700000000000E+01,  8.73587956047789E+02,  9.11455608912957E+02
 1.88900000000000E+03,  8.40843941931965E-01,  2.17158000000000E+00,  9.68406865913579E+00,  1.94500000000000E+01,  8.46380771836188E+02,  8.64591423066347E+02
 1.88908333300000E+03,  7.90912932686132E-01,  1.85429250000000E+00,  9.69157373621910E+00,  1.96300000000000E+01,  7.64161320144396E+02,  8.48703364950490E+02
 1.88916666700000E+03,  7.42345971660896E-01,  1.25780325000000E+00,  9.69876669347436E+00,  1.98100000000000E+01,  6.19388151521827E+02,  7.15264492065599E+02
 1.88925000000000E+03,  7.17349208132876E-01,  7.56494250000000E-01,  9.70564800799729E+00,  1.99900000000000E+01,  6.84236349214013E+02,  4.13065577157993E+02
 1.88933333300000E+03,  6.99018869652420E-01,  3.33887750000000E-01,  9.71221818082919E+00,  2.01700000000000E+01,  7.13636298880983E+02,  4.63134831734179E+02
 1.88941666700000E+03,  6.55484651897754E-01, -4.34541750000000E-01,  9.71847773683110E+00,  2.03500000000000E+01,  5.29293520841212E+02,  6.36935508866593E+02
 1.88950000000000E+03,  5.80596586169936E-01, -1.31471850000000E+00,  9.72442722455555E+00,  2.05300000000000E+01,  2.91982650970033E+02,  6.28696395567866E+02
 1.88958333300000E+03, -4.97206484883146E-02, -1.72257000000000E+00,  9.73006721611580E+00,  2.07100000000000E+01,  3.24607189439826E+02,  7.71269045802925E+02
 1.88966666700000E+03, -1.17110927440764E+00, -1.95454750000000E+00, -5.78432918678910E+00,  2.08900000000000E+01,  4.76861644815865E+02,  8.25772126404332E+02
 1.88975000000000E+03, -1.63371387016767E+00, -2.18626000000000E+00, -5.80682362415241E+00,  2.10700000000000E+01,  6.19397853669699E+02,  5.33446593304904E+02
 1.88983333300000E+03, -1.48835683621031E+00, -2.12321000000000E+00, -5.82910797307864E+00,  2.12500000000000E+01,  7.10800593689443E+02,  3.59819532410048E+02
 1.88991666700000E+03, -1.36654368676273E+00, -2.00981250000000E+00, -5.85118022602223E+00,  2.14300000000000E+01,  1.00482451220055E+03,  5.01422660764767E+02
 1.89000000000000E+03, -1.29826623356616E+00, -2.14307500000000E+00, -5.87303838381316E+00,  2.16100000000000E+01,  9.98404536975136E+02,  3.51187836365055E+02
 1.89008333300000E+03, -1.26620191942449E+00, -2.17132500000000E+00, -5.89468045589913E+00,  2.17900000000000E+01,  9.37956766069686E+02,  3.32650604395630E+02
 1.89016666700000E+03, -1.23035978018388E+00, -1.80829250000000E+00, -5.91610446058731E+00,  2.19700000000000E+01,  7.80829821233419E+02,  7.34051381388889E+02
 1.89025000000000E+03, -1.17122888323928E+00, -1.37996200000000E+00, -5.93730842528543E+00,  2.21500000000000E+01,  1.51532024734291E+03,  1.05929254029317E+03
 1.89033333300000E+03, -1.10793243645158E+00, -1.07921775000000E+00, -5.95829038674237E+00,  2.23300000000000E+01,  1.75896387862980E+03,  1.03787738236147E+03
 1.89041666700000E+03, -1.07398199712600E+00, -9.78897000000000E-01, -5.97904839128800E+00,  2.25100000000000E+01,  2.13926851447904E+03,  1.22088362682045E+03
 1.89050000000000E+03, -1.07651641324763E+00, -1.03357875000000E+00, -5.99958049507247E+00,  2.26900000000000E+01,  2.68741515531744E+03,  1.20999284098342E+03
 1.89058333300000E+03, -7.96183880908289E-01, -1.10785250000000E+00, -6.01988476430474E+00,  2.28700000000000E+01,  2.93316373139972E+03,  8.21972991220378E+02
 1.89066666700000E+03, -2.45159949375616E-01, -1.20319000000000E+00, -9.04838793170146E+00,  2.30500000000000E+01,  2.31257991712313E+03,  5.75891548866294E+02
 1.89075000000000E+03, -4.35979491000633E-02, -1.26343250000000E+00, -9.08682966606962E+00,  2.32300000000000E+01,  1.83309641027274E+03,  7.57278674279849E+02
 1.89083333300000E+03, -1.71329153868238E-01, -1.04247450000000E+00, -9.12504984013155E+00,  2.34100000000000E+01,  1.57386378188596E+03,  6.62858738599884E+02
 1.89091666700000E+03, -3.27109226828952E-01, -4.63639000000000E-01, -9.16304599891596E+00,  2.35900000000000E+01,  1.25393327710835E+03,  6.98019433303767E+02
 1.89100000000000E+03, -5.18727095079222E-01, -8.52217500000000E-02, -9.20081570700162E+00,  2.37700000000000E+01,  1.05513301678917E+03,  6.34260183633450E+02
 1.89108333300000E+03, -7.11408862169564E-01, -1.26939750000000E-01, -9.23835654873248E+00,  2.39500000000000E+01,  8.70018056197926E+02,  6.28492548780111E+02
 1.89116666700000E+03, -8.54036856428411E-01, -7.84197500000000E-02, -9.27566612843049E+00,  2.41300000000000E+01,  8.41841026895273E+02,  5.05303548339150E+02
 1.89125000000000E+03, -9.22899661782961E-01,  1.76898750000000E-01, -9.31274207060621E+00,  2.43100000000000E+01,  5.85973722742947E+02,  7.17954465531330E+02
 1.89133333300000E+03, -9.39473230067526E-01,  2.61988000000000E-01, -9.34958202016704E+00,  2.44900000000000E+01,  2.36190504587792E+02,  8.47144700917595E+02
 1.89141666700000E+03, -9.44965614317365E-01,  1.28201000000000E-01, -9.38618364262325E+00,  2.46700000000000E+01,  3.10672601970741E+02,  1.38062534677743E+03
 1.89150000000000E+03, -9.57756210625877E-01, -7.90427500000000E-02, -9.42254462429149E+00,  2.48500000000000E+01,  3.01899655539624E+02,  1.43549597845824E+03
 1.89158333300000E+03, -6.94171779638437E-01, -2.92088250000000E-01, -9.45866267249607E+00,  2.50300000000000E+01,  5.09896672191601E+02,  1.34003726336165E+03
 1.89166666700000E+03, -1.47649028636918E-01, -3.70829500000000E-01,  4.46364642882311E+00,  2.52100000000000E+01,  7.04366380560401E+02,  1.18240747016055E+03
 1.89175000000000E+03,  1.34851358973424E-01, -2.78693750000000E-01,  4.44580989260890E+00,  2.53900000000000E+01,  7.74482552043713E+02,  1.04781887646085E+03
 1.89183333300000E+03,  1.44602826898158E-01, -2.11683250000000E-01,  4.42766538235239E+00,  2.55700000000000E+01,  1.01113759476995E+03,  6.45066042697472E+02
 1.89191666700000E+03,  1.19985459082492E-01, -3.18791000000000E-01,  4.40921334018001E+00,  2.57500000000000E+01,  1.25063689321923E+03,  5.48714724746730E+02
 1.89200000000000E+03,  3.66171413334063E-02, -4.61149000000000E-01,  4.39045423400837E+00,  2.59300000000000E+01,  1.06413639238526E+03,  4.27484932563919E+02
 1.89208333300000E+03, -8.39427466938329E-02, -5.75487750000000E-01,  4.37138855755834E+00,  2.61100000000000E+01,  1.02432065956703E+03,  2.84399047063932E+02
 1.89216666700000E+03, -1.99149598470129E-01, -6.88064500000000E-01,  4.35201683036618E+00,  2.62900000000000E+01,  1.50694741536252E+03,  3.67054952328170E+02
 1.89225000000000E+03, -2.88685310115365E-01, -7.05281500000000E-01,  4.33233959779194E+00,  2.64700000000000E+01,  1.23962625739349E+03,  4.78344767659032E+02
 1.89233333300000E+03, -3.72433562490250E-01, -7.36597250000000E-01,  4.31235743102489E+00,  2.66500000000000E+01,  1.27815227027901E+03,  4.54819889410324E+02
 1.89241666700000E+03, -4.85850259500615E-01, -9.25933750000000E-01,  4.29207092708623E+00,  2.68300000000000E+01,  1.66782343465252E+03,  6.04260786691473E+02
 1.89250000000000E+03, -6.38675834154737E-01, -1.21315825000000E+00,  4.27148070882887E+00,  2.70100000000000E+01,  1.75009341696228E+03,  7.91142049996984E+02
 1.89258333300000E+03, -9.00375754835570E-01, -1.48014000000000E+00,  4.25058742493434E+00,  2.71900000000000E+01,  1.16770881853137E+03,  7.15143795067740E+02
 1.89266666700000E+03, -1.24721531140814E+00, -1.72475250000000E+00, -7.01706740732789E-01,  2.73700000000000E+01,  1.54786918782002E+03,  6.64740229812753E+02
 1.89275000000000E+03, -1.47582815749289E+00, -1.90692500000000E+00, -7.32348539922956E-01,  2.75500000000000E+01,  1.70217096819398E+03,  8.88311974063246E+02
 1.89283333300000E+03, -1.57890338041909E+00, -1.85784250000000E+00, -7.63056303291959E-01,  2.77300000000000E+01,  1.30241750516462E+03,  9.16266046584400E+02
 1.89291666700000E+03, -1.67465845815526E+00, -1.67368750000000E+00, -7.93829482595655E-01,  2.79100000000000E+01,  1.15720410275333E+03,  7.54721746027565E+02
 1.89300000000000E+03, -1.78343111066394E+00, -1.53529750000000E+00, -8.24667511388191E-01,  2.80900000000000E+01,  1.22392438041726E+03,  7.18601534290573E+02
 1.89308333300000E+03, -1.88166669711386E+00, -1.49081500000000E+00, -8.55569805009208E-01,  2.82700000000000E+01,  7.20878393974923E+02,  6.54853079217500E+02
 1.89316666700000E+03, -1.92693603977672E+00, -1.49774750000000E+00, -8.86535760573678E-01,  2.84500000000000E+01,  2.78159479104820E+02,  7.66234229420090E+02
 1.89325000000000E+03, -1.90111308828045E+00, -1.40712250000000E+00, -9.17564756964324E-01,  2.86300000000000E+01,  2.79541268224031E+02,  7.39069784405952E+02
 1.89333333300000E+03, -1.82821452962488E+00, -1.25064000000000E+00, -9.48656154826658E-01,  2.88100000000000E+01,  2.94880845513234E+02,  7.87032900097432E+02
 1.89341666700000E+03, -1.74952814303812E+00, -1.23173000000000E+00, -9.79809296566633E-01,  2.89900000000000E+01,  8.60231747369740E+02,  7.52293549863912E+02
 1.89350000000000E+03, -1.68197779562367E+00, -1.39426750000000E+00, -1.01102350635090E+00,  2.91700000000000E+01,  1.02931272119578E+03,  7.47517700262826E+02
 1.89358333300000E+03, -1.36928513656225E+00, -1.54951250000000E+00, -1.04229809010970E+00,  2.93500000000000E+01,  1.78264494051688E+03,  1.25661301763318E+03
 1.89366666700000E+03, -8.29431352577114E-01, -1.64853000000000E+00,  1.10233832008974E+00,  2.95300000000000E+01,  1.81578623002107E+03,  1.48195273471407E+03
 1.89375000000000E+03, -5.74336984250597E-01, -1.71917750000000E+00,  1.12848230138691E+00,  2.97100000000000E+01,  1.84593125394981E+03,  1.59857069095917E+03
 1.89383333300000E+03, -5.84242420665280E-01, -1.64088000000000E+00,  1.15464751757275E+00,  2.98900000000000E+01,  1.34457699300314E+03,  1.58454266489608E+03
 1.89391666700000E+03, -6.25693687722376E-01, -1.52714500000000E+00,  1.18083325336303E+00,  3.00700000000000E+01,  1.17982637942641E+03,  1.58411079892151E+03
 1.89400000000000E+03, -7.27028147587448E-01, -1.51929000000000E+00,  1.20703877615175E+00,  3.02500000000000E+01,  6.09876496652495E+02,  1.21821130116553E+03
 1.89408333300000E+03, -8.69468675112185E-01, -1.57907750000000E+00,  1.23326333604212E+00,  3.04300000000000E+01,  8.40886546682911E+02,  8.73933475422208E+02
 1.89416666700000E+03, -1.01164821455411E+00, -1.58347000000000E+00,  1.25950616588007E+00,  3.06100000000000E+01,  7.42750138976828E+02,  9.11270932980574E+02
 1.89425000000000E+03, -1.13261679003537E+00, -1.41272250000000E+00,  1.28576648129048E+00,  3.07900000000000E+01,  1.04926964114911E+03,  9.62772155567512E+02
 1.89433333300000E+03, -1.24985231492514E+00, -1.17798125000000E+00,  1.31204348071603E+00,  3.09700000000000E+01,  1.15912895135356E+03,  1.29503003819031E+03
 1.89441666700000E+03, -1.39488886752011E+00, -1.14324750000000E+00,  1.33833634545866E+00,  3.11500000000000E+01,  1.04612126427829E+03,  9.27144560903538E+02
 1.89450000000000E+03, -1.57246562205501E+00, -1.27319875000000E+00,  1.36464423972370E+00,  3.13300000000000E+01,  1.31412028111477E+03,  9.79245797041849E+02
 1.89458333300000E+03, -1.40878960154441E+00, -1.31343500000000E+00,  1.39096631066660E+00,  3.15100000000000E+01,  1.92889237991052E+03,  9.87187104961242E+02
 1.89466666700000E+03, -8.25785118281376E-01, -1.30295250000000E+00, -4.70122488507999E+00,  3.16900000000000E+01,  1.51682413970810E+03,  1.23532613449658E+03
 1.89475000000000E+03, -4.55700324913840E-01, -1.28255500000000E+00, -4.70706067457503E+00,  3.18700000000000E+01,  1.46147188455493E+03,  1.01764031321901E+03
 1.89483333300000E+03, -3.67188995052810E-01, -1.14054000000000E+00, -4.71322229784670E+00,  3.20500000000000E+01,  2.30338609531660E+03,  1.20846567274900E+03
 1.89491666700000E+03, -3.09389446005283E-01, -9.25921000000000E-01, -4.71971033952152E+00,  3.22300000000000E+01,  2.14290675008298E+03,  1.41919877646741E+03
 1.89500000000000E+03, -3.09916478659124E-01, -8.88534500000000E-01, -4.72652535797068E+00,  3.24100000000000E+01,  2.01973219830379E+03,  1.30154060972442E+03
 1.89508333300000E+03, -3.49360696350791E-01, -9.86668750000000E-01, -4.73366788516963E+00,  3.25900000000000E+01,  2.02967198027186E+03,  1.00792628552571E+03
 1.89516666700000E+03, -3.85964672262632E-01, -9.08772500000000E-01, -4.74113842656065E+00,  3.27700000000000E+01,  1.96502091269544E+03,  8.90850452971630E+02
 1.89525000000000E+03, -3.98777147860053E-01, -5.34986750000000E-01, -4.74893746091841E+00,  3.29500000000000E+01,  1.08347626363463E+03,  6.54983721134204E+02
 1.89533333300000E+03, -4.05793791024552E-01, -1.69790500000000E-01, -4.75706544021855E+00,  3.31300000000000E+01,  7.42067406474198E+02,  5.26411208820876E+02
 1.89541666700000E+03, -4.39684836319420E-01, -1.52297250000000E-01, -4.76552278950932E+00,  3.33100000000000E+01,  5.98010971145644E+02,  7.32704993620666E+02
 1.89550000000000E+03, -5.07000038094165E-01, -2.52425750000000E-01, -4.77430990678615E+00,  3.34900000000000E+01,  6.71600014874128E+02,  8.39285964578627E+02
 1.89558333300000E+03, -4.24747115253152E-01, -1.95868750000000E-01, -4.78342716286945E+00,  3.36700000000000E+01,  7.09436546088942E+02,  8.63962807487934E+02
 1.89566666700000E+03, -1.45104058231008E-01, -2.45395000000000E-02, -1.63798660698362E+01,  3.38500000000000E+01,  1.22241181869573E+03,  1.01117531789529E+03
 1.89575000000000E+03,  4.97622388509446E-02,  9.63820000000000E-02, -1.63829188207238E+01,  3.40300000000000E+01,  1.21636462624474E+03,  1.34094310558636E+03
 1.89583333300000E+03,  1.24058921129585E-01,  1.65752500000000E-01, -1.63856190777026E+01,  3.42100000000000E+01,  1.27009246552311E+03,  1.03435967333658E+03
 1.89591666700000E+03,  1.71276506224674E-01,  1.82015500000000E-01, -1.63879673815049E+01,  3.43900000000000E+01,  1.25284228204288E+03,  1.68893786754350E+03
 1.89600000000000E+03,  1.64488566611935E-01,  8.10402500000000E-02, -1.63899643005779E+01,  3.45700000000000E+01,  1.58751597629946E+03,  1.71256479791120E+03
 1.89608333300000E+03,  1.23617826868102E-01,  2.42625000000000E-02, -1.63916104309587E+01,  3.47500000000000E+01,  1.44321950093565E+03,  2.33161661951026E+03
 1.89616666700000E+03,  9.07033321754560E-02,  7.19857500000000E-02, -1.63929063961466E+01,  3.49300000000000E+01,  1.48522021862609E+03,  2.15752523515771E+03
 1.89625000000000E+03,  8.67060678290568E-02,  9.57215000000000E-02, -1.63938528469724E+01,  3.51100000000000E+01,  1.18214529718193E+03,  2.20423089581463E+03
 1.89633333300000E+03,  9.33480166728816E-02,  1.45182000000000E-01, -1.63944504614644E+01,  3.52900000000000E+01,  1.21136392716821E+03,  2.35077232855954E+03
 1.89641666700000E+03,  7.73863153084979E-02,  4.13837250000000E-01, -1.63946999447119E+01,  3.54700000000000E+01,  1.08055382985267E+03,  2.99679646795519E+03
 1.89650000000000E+03,  3.14323516820071E-02,  7.20904000000000E-01, -1.63946020287252E+01,  3.56500000000000E+01,  7.88376194176213E+02,  2.52807173516347E+03
 1.89658333300000E+03,  1.63655720901358E-01,  8.07013750000000E-01, -1.63941574722938E+01,  3.58300000000000E+01,  7.29070010596227E+02,  3.17337422868491E+03
 1.89666666700000E+03,  5.16793021463442E-01,  8.25517750000000E-01, -1.13494786144250E+01,  3.60100000000000E+01,  1.68381454399437E+03,  3.78078108521291E+03
 1.89675000000000E+03,  7.49057816943204E-01,  1.04956150000000E+00, -1.13620397286328E+01,  3.61900000000000E+01,  1.69282985134882E+03,  4.16715569375095E+03
 1.89683333300000E+03,  8.23780718270137E-01,  1.41178700000000E+00, -1.13742559832142E+01,  3.63700000000000E+01,  1.67498393314851E+03,  3.56288959199254E+03
 1.89691666700000E+03,  8.62863642732895E-01,  1.54217000000000E+00, -1.13861271385201E+01,  3.65500000000000E+01,  1.62008066572475E+03,  3.30402124369136E+03
 1.89700000000000E+03,  8.40219050664113E-01,  1.32730300000000E+00, -1.13976529829329E+01,  3.67300000000000E+01,  1.83643945181214E+03,  2.54023481891738E+03
 1.89708333300000E+03,  7.76624841934591E-01,  8.64801000000000E-01, -1.14088333328324E+01,  3.69100000000000E+01,  1.10796117585909E+03,  1.92727622154533E+03
 1.89716666700000E+03,  7.14971825274496E-01,  3.05676000000000E-01, -1.14196680325585E+01,  3.70900000000000E+01,  1.41645836160999E+03,  1.11350428260922E+03
 1.89725000000000E+03,  6.77052607875633E-01, -1.09278500000000E-01, -1.14301569543707E+01,  3.72700000000000E+01,  1.29459766225206E+03,  1.03934830625725E+03
 1.89733333300000E+03,  6.45386855942760E-01, -3.01922000000000E-01, -1.14402999984052E+01,  3.74500000000000E+01,  1.23758034596688E+03,  1.19243585317798E+03
 1.89741666700000E+03,  5.87484458755010E-01, -3.63201750000000E-01, -1.14500970926283E+01,  3.76300000000000E+01,  1.00828679179137E+03,  1.66967909118861E+03
 1.89750000000000E+03,  4.96656240080676E-01, -4.23273250000000E-01, -1.14595481927869E+01,  3.78100000000000E+01,  1.39102985688197E+03,  3.12022001770109E+03
 1.89758333300000E+03, -3.78525570788448E-02, -5.04223750000000E-01, -1.14686532823564E+01,  3.79900000000000E+01,  1.28611091747561E+03,  3.41044825049679E+03
 1.89766666700000E+03, -1.01173254855171E+00, -5.83034750000000E-01, -3.16436612163397E+00,  3.81700000000000E+01,  1.23475504816390E+03,  3.41404781377200E+03
 1.89775000000000E+03, -1.54454315179669E+00, -8.51736000000000E-01, -3.20628454518636E+00,  3.83500000000000E+01,  1.91433849515633E+03,  3.17336635301756E+03
 1.89783333300000E+03, -1.58848857385782E+00, -1.06338025000000E+00, -3.24837299227703E+00,  3.85300000000000E+01,  2.12728290958318E+03,  2.75952338613269E+03
 1.89791666700000E+03, -1.57757763858278E+00, -8.09587750000000E-01, -3.29062880578912E+00,  3.87100000000000E+01,  3.17032350416868E+03,  2.05824444927105E+03
 1.89800000000000E+03, -1.54130349479625E+00, -5.66513500000000E-01, -3.33304931190743E+00,  3.88900000000000E+01,  3.17410371455651E+03,  1.77050805447574E+03
 1.89808333300000E+03, -1.47224640224462E+00, -8.02070250000000E-01, -3.37563182035691E+00,  3.90700000000000E+01,  3.14218865850258E+03,  1.85373566523300E+03
 1.89816666700000E+03, -1.34817061759331E+00, -1.03592150000000E+00, -3.41837362464314E+00,  3.92500000000000E+01,  2.48189295779434E+03,  2.16843898200005E+03
 1.89825000000000E+03, -1.17132039567606E+00, -8.21325500000000E-01, -3.46127200229464E+00,  3.94299999999999E+01,  3.07327033569691E+03,  2.51667366627688E+03
 1.89833333300000E+03, -9.82167836230738E-01, -5.77874000000000E-01, -3.50432421510717E+00,  3.96099999999999E+01,  1.47634116543966E+03,  2.05738746419096E+03
 1.89841666700000E+03, -8.31084739979029E-01, -7.13231000000000E-01, -3.54752750938988E+00,  3.97899999999999E+01,  1.28551591328358E+03,  2.30079945522457E+03
 1.89850000000000E+03, -7.34654690246791E-01, -1.08692075000000E+00, -3.59087911621320E+00,  3.99699999999999E+01,  1.55396918381880E+03,  2.48625892223208E+03
 1.89858333300000E+03, -7.63472131623861E-01, -1.32400500000000E+00, -3.63437625165871E+00,  4.01499999999999E+01,  1.59846409162735E+03,  2.37957694365554E+03
 1.89866666700000E+03, -8.65047462438546E-01, -1.28634250000000E+00, -1.46902484014883E+01,  4.03299999999999E+01,  8.86050150421102E+02,  2.26430775948070E+03
 1.89875000000000E+03, -8.00816984700571E-01, -1.20585750000000E+00, -1.47234749416658E+01,  4.05099999999999E+01,  1.36626042701991E+03,  1.94309101990184E+03
 1.89883333300000E+03, -5.84450269174413E-01, -1.23052750000000E+00, -1.47564193186268E+01,  4.06899999999999E+01,  1.34334319767780E+03,  1.27147298449150E+03
 1.89891666700000E+03, -3.71663749986372E-01, -1.18792550000000E+00, -1.47890794866441E+01,  4.08699999999999E+01,  1.69190609216968E+03,  1.17846211409047E+03
 1.89900000000000E+03, -2.02767297569319E-01, -1.06053600000000E+00, -1.48214534255127E+01,  4.10499999999999E+01,  1.74182066312138E+03,  1.25887093202801E+03
 1.89908333300000E+03, -7.30814143308856E-02, -1.01184575000000E+00, -1.48535391407200E+01,  4.12299999999999E+01,  1.86813861320079E+03,  7.91410439431684E+02
 1.89916666700000E+03,  4.40795902438493E-02, -7.72014750000000E-01, -1.48853346636130E+01,  4.14099999999999E+01,  1.67549172982921E+03,  1.18570265503966E+03
 1.89925000000000E+03,  1.56019219406926E-01, -3.91463500000000E-01, -1.49168380515629E+01,  4.15899999999999E+01,  1.74159276313776E+03,  1.51635875123099E+03
 1.89933333300000E+03,  2.34113411353116E-01, -3.15432500000000E-01, -1.49480473881258E+01,  4.17699999999999E+01,  1.73082329283167E+03,  1.37280422959559E+03
 1.89941666700000E+03,  2.39278762546489E-01, -3.68750000000000E-01, -1.49789607832009E+01,  4.19499999999999E+01,  1.60882929448649E+03,  1.71910727536672E+03
 1.89950000000000E+03,  1.63385792332295E-01, -2.59054250000000E-01, -1.50095763731857E+01,  4.21299999999999E+01,  1.60746702448299E+03,  2.15842341165402E+03
 1.89958333300000E+03,  2.04060125716191E-02, -9.37202500000000E-02, -1.50398923211278E+01,  4.23099999999999E+01,  1.20711723230035E+03,  2.08821746012396E+03
 1.89966666700000E+03, -1.04433706447374E-01,  4.65742500000000E-02, -5.03361722609751E+00,  4.24899999999999E+01,  1.01761384603222E+03,  1.83427452790424E+03
 1.89975000000000E+03, -1.01800108962412E-01,  3.27643000000000E-01, -5.00874192972748E+00,  4.26699999999999E+01,  5.24885787348941E+02,  1.87917007480704E+03
 1.89983333300000E+03, -1.62307278727147E-02,  7.82663250000000E-01, -4.98383083742345E+00,  4.28499999999999E+01,  1.11125469158680E+03,  2.24487176642643E+03
 1.89991666700000E+03,  5.05486577870709E-02,  1.10500450000000E+00, -4.95888377378474E+00,  4.30299999999999E+01,  9.85440314872407E+02,  2.43089710469250E+03
 1.90000000000000E+03,  6.74334864832758E-02,  1.17363500000000E+00, -4.93390057974471E+00,  4.32099999999999E+01,  1.19972759433788E+03,  2.15546185373586E+03
 1.90008333300000E+03,  4.94536814068436E-02,  1.10328025000000E+00, -4.90888111268200E+00,  4.33899999999999E+01,  1.31312995259471E+03,  2.20503607101727E+03
 1.90016666700000E+03,  3.35160383267129E-02,  9.42308750000000E-01, -4.88382524652914E+00,  4.35699999999999E+01,  1.84934820542769E+03,  2.17047819821866E+03
 1.90025000000000E+03,  3.56850699560858E-02,  8.24759500000000E-01, -4.85873287187862E+00,  4.37499999999999E+01,  1.41729923369267E+03,  1.39260679810506E+03
 1.90033333300000E+03,  3.34590420937663E-02,  7.58927750000000E-01, -4.83360389608639E+00,  4.39299999999999E+01,  1.79310267993470E+03,  1.15387498860474E+03
 1.90041666700000E+03, -9.58871776105187E-03,  6.09335500000000E-01, -4.80843824337274E+00,  4.41099999999999E+01,  1.73118671021631E+03,  1.07802736071383E+03
 1.90050000000000E+03, -1.02716688640859E-01,  3.55498500000000E-01, -4.78323585492062E+00,  4.42899999999999E+01,  1.62257891975794E+03,  1.15218690763591E+03
 1.90058333300000E+03, -8.13356089783353E-02,  5.02645000000000E-02, -4.75799668897126E+00,  4.44699999999999E+01,  1.17746734892572E+03,  1.04812268367137E+03
 1.90066666700000E+03,  1.12700451431829E-01, -9.97905000000000E-02, -1.15054292341552E+01,  4.46499999999999E+01,  1.07679018740847E+03,  1.18744742536129E+03
 1.90075000000000E+03,  2.46865279823550E-01, -8.75857500000000E-02, -1.15126282682683E+01,  4.48299999999999E+01,  7.64882788212554E+02,  8.81641166775723E+02
 1.90083333300000E+03,  2.84697632446649E-01, -6.02810000000000E-02, -1.15194818581531E+01,  4.50099999999999E+01,  6.26564638203377E+02,  1.32449974540117E+03
 1.90091666700000E+03,  2.97035058335075E-01,  4.94010000000000E-02, -1.15259901935845E+01,  4.51899999999999E+01,  1.64299987741986E+03,  1.44941947931862E+03
 1.90100000000000E+03,  2.56824002228943E-01,  1.79908250000000E-01, -1.15321534914991E+01,  4.53699999999999E+01,  2.04915459882918E+03,  1.71679168314389E+03
 1.90108333300000E+03,  1.83670659401812E-01,  9.30395000000000E-02, -1.15379719959141E+01,  4.55499999999999E+01,  1.98830982571665E+03,  2.25086359446685E+03
 1.90116666700000E+03,  1.19158179385751E-01, -1.29876500000000E-01, -1.15434459778445E+01,  4.57299999999999E+01,  2.36817978693918E+03,  2.36539097140767E+03
 1.90125000000000E+03,  8.37110994915981E-02, -3.05213250000000E-01, -1.15485757352162E+01,  4.59099999999999E+01,  2.34676137826049E+03,  2.06722712957187E+03
 1.90133333300000E+03,  5.84979127419697E-02, -5.27232500000000E-01, -1.15533615927765E+01,  4.60899999999999E+01,  1.65362486880767E+03,  2.96037834515811E+03
 1.90141666700000E+03,  9.76896568344036E-03, -7.44535000000000E-01, -1.15578039020027E+01,  4.62699999999999E+01,  1.68326300609649E+03,  3.70004725382307E+03
 1.90150000000000E+03, -7.02650420823858E-02, -8.36613500000000E-01, -1.15619030410065E+01,  4.64499999999999E+01,  1.91454443353945E+03,  2.89990488958360E+03
 1.90158333300000E+03, -9.09828040900987E-02, -8.45603750000000E-01, -1.15656594144364E+01,  4.66299999999999E+01,  1.90398635239522E+03,  3.17601829944811E+03
 1.90166666700000E+03, -1.26035844638126E-02, -8.52969750000000E-01, -2.67044705710266E+00,  4.68099999999999E+01,  1.93101612404167E+03,  3.42856278066971E+03
 1.90175000000000E+03,  5.91081287508514E-02, -8.17778750000000E-01, -2.64373497146047E+00,  4.69899999999999E+01,  2.63324648786691E+03,  3.16747120767722E+03
 1.90183333300000E+03,  9.89615810258572E-02, -6.59065750000000E-01, -2.61704305537069E+00,  4.71699999999999E+01,  3.04674960825144E+03,  2.45358485471412E+03
 1.90191666700000E+03,  1.18446802545954E-01, -4.58465500000000E-01, -2.59037272634576E+00,  4.73499999999999E+01,  2.95509935149332E+03,  2.40658726444091E+03
 1.90200000000000E+03,  9.02174228685955E-02, -3.26201000000000E-01, -2.56372541700820E+00,  4.75299999999999E+01,  2.96113724147295E+03,  2.31596517257069E+03
 1.90208333300000E+03,  3.25509699075381E-02, -2.52763000000000E-01, -2.53710257494968E+00,  4.77099999999999E+01,  3.52942306404567E+03,  2.03870003041909E+03
 1.90216666700000E+03, -1.51580329026609E-02, -8.33950000000003E-03, -2.51050566258762E+00,  4.78899999999999E+01,  2.70968777359660E+03,  1.04746427475751E+03
 1.90225000000000E+03, -3.52818885719364E-02,  3.26896750000000E-01, -2.48393615701918E+00,  4.80699999999999E+01,  1.73285614649707E+03,  6.93779651226712E+02
 1.90233333300000E+03, -4.97526003947474E-02,  5.16178250000000E-01, -2.45739554987287E+00,  4.82499999999999E+01,  1.90895711177991E+03,  7.46801663747146E+02
 1.90241666700000E+03, -9.53935363948253E-02,  7.74101000000000E-01, -2.43088534715761E+00,  4.84299999999999E+01,  2.18585965185225E+03,  1.20586392990484E+03
 1.90250000000000E+03, -1.82713166480696E-01,  1.12133900000000E+00, -2.40440706910944E+00,  4.86099999999999E+01,  1.79858905071153E+03,  2.06929255822847E+03
 1.90258333300000E+03, -4.58295739538825E-02,  1.37303750000000E+00, -2.37796225003570E+00,  4.87899999999999E+01,  1.72925673213639E+03,  2.97887169524797E+03
 1.90266666700000E+03,  4.01665589452027E-01,  1.56974000000000E+00, -1.14364246924366E+01,  4.89699999999999E+01,  1.98511521132969E+03,  2.97866632576050E+03
 1.90275000000000E+03,  7.35676011690974E-01,  1.72594500000000E+00, -1.14031304702379E+01,  4.91499999999999E+01,  1.65477578354741E+03,  3.13332099982120E+03
 1.90283333300000E+03,  8.59597747555087E-01,  1.70954250000000E+00, -1.13698772531005E+01,  4.93299999999999E+01,  1.38034626446129E+03,  2.54969593705078E+03
 1.90291666700000E+03,  9.00648455170224E-01,  1.50894750000000E+00, -1.13366662518726E+01,  4.95099999999999E+01,  1.44781249234006E+03,  1.68729353480980E+03
 1.90300000000000E+03,  8.31603568384738E-01,  1.28882000000000E+00, -1.13034986580024E+01,  4.96899999999999E+01,  1.55078932050200E+03,  7.59259690553905E+02
 1.90308333300000E+03,  6.76209482779324E-01,  9.99815250000000E-01, -1.12703756434693E+01,  4.98699999999999E+01,  1.65649200743423E+03,  9.13244403811657E+02
 1.90316666700000E+03,  4.84010492912806E-01,  5.18643000000000E-01, -1.12372983607180E+01,  5.00499999999999E+01,  1.84942501991533E+03,  6.80120415888526E+02
 1.90325000000000E+03,  2.86337671369191E-01,  1.33880000000000E-02, -1.12042679425961E+01,  5.02299999999999E+01,  1.82218439918525E+03,  5.11076194278983E+02
 1.90333333300000E+03,  7.70561406918503E-02, -3.19688000000000E-01, -1.11712855022937E+01,  5.04099999999999E+01,  1.65476540398953E+03,  6.81452942112135E+02
 1.90341666700000E+03, -1.64396430415415E-01, -5.76802000000000E-01, -1.11383521332876E+01,  5.05899999999999E+01,  1.86992775196557E+03,  1.06084700884021E+03
 1.90350000000000E+03, -4.33425718010886E-01, -1.01916650000000E+00, -1.11054689092865E+01,  5.07699999999999E+01,  1.63161202928904E+03,  1.50696081124834E+03
 1.90358333300000E+03, -6.91922196506020E-01, -1.49799525000000E+00, -1.10726368841812E+01,  5.09499999999999E+01,  1.47762293462185E+03,  2.12845020851217E+03
 1.90366666700000E+03, -8.55555582346734E-01, -1.66532750000000E+00, -8.45015756654719E+00,  5.11299999999999E+01,  1.03132145139900E+03,  2.14306691954046E+03
 1.90375000000000E+03, -8.75171920159374E-01, -1.66390500000000E+00, -8.42372100525903E+00,  5.13099999999999E+01,  8.83536296458373E+02,  2.14218296897254E+03
 1.90383333300000E+03, -8.36788955535395E-01, -1.61830500000000E+00, -8.39735157017706E+00,  5.14899999999999E+01,  5.28002679518012E+02,  1.80018765670633E+03
 1.90391666700000E+03, -8.42839487628366E-01, -1.60301750000000E+00, -8.37104867834428E+00,  5.16699999999999E+01,  7.45067671032765E+02,  1.52235793358368E+03
 1.90400000000000E+03, -9.21099012358243E-01, -1.76039000000000E+00, -8.34481173452628E+00,  5.18499999999999E+01,  9.19156894385226E+02,  9.48011937395232E+02
 1.90408333300000E+03, -1.05037457757677E+00, -1.87930750000000E+00, -8.31864013140372E+00,  5.20299999999999E+01,  8.47165426246949E+02,  8.14706249527499E+02
 1.90416666700000E+03, -1.18533631710302E+00, -1.64743450000000E+00, -8.29253324976670E+00,  5.22099999999999E+01,  9.20296777126375E+02,  7.28308592891869E+02
 1.90425000000000E+03, -1.29999632762605E+00, -1.10205625000000E+00, -8.26649045871055E+00,  5.23899999999999E+01,  1.38725381539985E+03,  8.21931543152534E+02
 1.90433333300000E+03, -1.40630789363436E+00, -6.55827500000000E-01, -8.24051111583345E+00,  5.25699999999999E+01,  1.14499629258336E+03,  5.63275902986457E+02
 1.90441666700000E+03, -1.53043820898931E+00, -4.69819500000000E-01, -8.21459456743534E+00,  5.27499999999999E+01,  1.18436021513745E+03,  4.61326339313924E+02
 1.90450000000000E+03, -1.67255136402506E+00, -3.99763000000000E-01, -8.18874014871868E+00,  5.29299999999999E+01,  1.36674866898950E+03,  6.20692118144370E+02
 1.90458333300000E+03, -1.22191349624188E+00, -3.87428000000000E-01, -8.16294718399050E+00,  5.31099999999999E+01,  1.32694596962047E+03,  4.72141861306908E+02
 1.90466666700000E+03, -1.18677092908414E-01, -3.46391500000000E-01, -6.54992458736885E+00,  5.32899999999999E+01,  8.99033385049192E+02,  4.75600872911312E+02
 1.90475000000000E+03,  5.06388818636965E-01, -1.06106000000000E-01, -6.52633959944351E+00,  5.34699999999999E+01,  8.33763976413743E+02,  5.12951181274746E+02
 1.90483333300000E+03,  5.81411795367422E-01,  2.78994250000000E-01, -6.50275642159378E+00,  5.36499999999999E+01,  9.00413532200045E+02,  5.72802227041758E+02
 1.90491666700000E+03,  6.00221384171978E-01,  5.43709500000000E-01, -6.47917416893391E+00,  5.38299999999999E+01,  7.45663751976292E+02,  6.52450702901951E+02
 1.90500000000000E+03,  5.37404072196239E-01,  6.38584500000000E-01, -6.45559196169913E+00,  5.40099999999999E+01,  8.48005064659427E+02,  8.11790826264014E+02
 1.90508333300000E+03,  4.15588785925323E-01,  6.71360500000000E-01, -6.43200892547046E+00,  5.41899999999999E+01,  9.86352800703418E+02,  9.86721472217750E+02
 1.90516666700000E+03,  2.80549125775357E-01,  7.07563250000000E-01, -6.40842419139844E+00,  5.43699999999999E+01,  8.92737114043572E+02,  9.23280552835762E+02
 1.90525000000000E+03,  1.57784098487738E-01,  7.86591000000000E-01, -6.38483689642612E+00,  5.45499999999999E+01,  7.81577977509128E+02,  1.09323844510096E+03
 1.90533333300000E+03,  3.40864487259552E-02,  8.50302500000000E-01, -6.36124618351091E+00,  5.47299999999999E+01,  1.22114096174597E+03,  9.98914491828805E+02
 1.90541666700000E+03, -1.18482735656078E-01,  8.83210500000000E-01, -6.33765120184555E+00,  5.49099999999999E+01,  1.08481855990899E+03,  8.69858034058844E+02
 1.90550000000000E+03, -3.02084521745079E-01,  9.66803500000000E-01, -6.31405110707794E+00,  5.50899999999999E+01,  9.15995550687471E+02,  5.97852180125480E+02
 1.90558333300000E+03, -5.14700415165178E-01,  1.09391725000000E+00, -6.29044506152997E+00,  5.52699999999999E+01,  1.08120552971781E+03,  9.01079685360454E+02
 1.90566666700000E+03, -6.40414535852298E-01,  1.08869200000000E+00, -5.51863270195324E+00,  5.54499999999999E+01,  9.24554011412351E+02,  7.10034264741055E+02
 1.90575000000000E+03, -5.29644198082499E-01,  8.81358750000000E-01, -5.49887727260383E+00,  5.56299999999999E+01,  5.96061188169202E+02,  8.16547965377753E+02
 1.90583333300000E+03, -2.92877469359927E-01,  7.51182000000000E-01, -5.47929621372172E+00,  5.58099999999999E+01,  7.01717064261294E+02,  1.32290465229706E+03
 1.90591666700000E+03, -9.33309714026152E-02,  7.54007500000000E-01, -5.45989163075909E+00,  5.59899999999999E+01,  5.89941933004579E+02,  1.38361671728699E+03
 1.90600000000000E+03,  3.95040705462441E-02,  5.91821750000000E-01, -5.44066562645463E+00,  5.61699999999999E+01,  7.18908405712151E+02,  1.26207093889273E+03
 1.90608333300000E+03,  1.23497024336127E-01,  2.76302250000000E-01, -5.42162030054770E+00,  5.63499999999999E+01,  6.91193500036885E+02,  1.29554659529281E+03
 1.90616666700000E+03,  1.99178205828127E-01, -8.28650000000000E-03, -5.40275774949237E+00,  5.65299999999999E+01,  7.33648310765099E+02,  1.13150772780542E+03
 1.90625000000000E+03,  2.86550122128850E-01, -2.85240750000000E-01, -5.38408006617113E+00,  5.67099999999999E+01,  7.34839859686595E+02,  5.88943512650574E+02
 1.90633333300000E+03,  3.66906690593432E-01, -5.58122250000000E-01, -5.36558933960842E+00,  5.68899999999999E+01,  8.17361062093003E+02,  7.81477555017262E+02
 1.90641666700000E+03,  4.07065471614032E-01, -7.93294750000000E-01, -5.34728765468411E+00,  5.70699999999999E+01,  6.80309572202901E+02,  5.51945891246012E+02
 1.90650000000000E+03,  4.00127077649657E-01, -1.04325200000000E+00, -5.32917709184669E+00,  5.72499999999999E+01,  9.34901433735852E+02,  7.41057568476739E+02
 1.90658333300000E+03, -1.06893536496673E-02, -1.21647050000000E+00, -5.31125972682659E+00,  5.74299999999999E+01,  7.62493292049727E+02,  7.64007923896329E+02
 1.90666666700000E+03, -7.97895876469930E-01, -1.10498825000000E+00, -1.52709274523409E+01,  5.76099999999999E+01,  7.19295961193670E+02,  8.99541474158269E+02
 1.90675000000000E+03, -1.17593801042696E+00, -9.12624000000000E-01, -1.52984740556479E+01,  5.77899999999999E+01,  8.04883206603582E+02,  8.92221644653358E+02
 1.90683333300000E+03, -1.14322080712350E+00, -9.62920750000000E-01, -1.53257041719335E+01,  5.79699999999999E+01,  8.02581586682187E+02,  1.03292674627797E+03
 1.90691666700000E+03, -1.11872993440338E+00, -1.12314500000000E+00, -1.53526162660196E+01,  5.81499999999999E+01,  6.30438004079511E+02,  8.77294371040489E+02
 1.90700000000000E+03, -1.13277145094197E+00, -1.21083000000000E+00, -1.53792088309520E+01,  5.83299999999999E+01,  7.08644758873805E+02,  1.03968210281669E+03
 1.90708333300000E+03, -1.16955754035932E+00, -1.22061000000000E+00, -1.54054803881108E+01,  5.85099999999999E+01,  9.10708026623239E+02,  1.12788582364050E+03
 1.90716666700000E+03, -1.19148568893656E+00, -1.10871200000000E+00, -1.54314294873175E+01,  5.86899999999999E+01,  9.75938882656760E+02,  1.04605131513218E+03
 1.90725000000000E+03, -1.18191026849260E+00, -8.60913500000000E-01, -1.54570547069386E+01,  5.88699999999999E+01,  8.76628988754885E+02,  1.18733478055585E+03
 1.90733333300000E+03, -1.16294260525948E+00, -6.13029250000000E-01, -1.54823546539860E+01,  5.90499999999999E+01,  8.22552450836810E+02,  1.26292449166597E+03
 1.90741666700000E+03, -1.17089941091720E+00, -5.15298500000000E-01, -1.55073279642146E+01,  5.92299999999999E+01,  8.39776557122191E+02,  1.05626160250601E+03
 1.90750000000000E+03, -1.21530137524672E+00, -4.46842250000000E-01, -1.55319733022154E+01,  5.94099999999999E+01,  7.70569189047604E+02,  8.55832436299174E+02
 1.90758333300000E+03, -9.70120103276341E-01, -3.48398000000000E-01, -1.55562893615063E+01,  5.95899999999999E+01,  7.59471879331809E+02,  8.54870635141575E+02
 1.90766666700000E+03, -4.34699323605780E-01, -3.48014500000000E-01, -8.72657782306212E+00,  5.97699999999999E+01,  6.98395332579452E+02,  6.70562068979246E+02
 1.90775000000000E+03, -2.23198544244952E-01, -4.14076000000000E-01, -8.69941877912225E+00,  5.99499999999999E+01,  1.17156172601455E+03,  5.40058711951887E+02
 1.90783333300000E+03, -3.15026757013407E-01, -5.10412750000000E-01, -8.67233210821411E+00,  6.01299999999999E+01,  1.62799567541975E+03,  1.66043186652433E+03
 1.90791666700000E+03, -4.18266564687977E-01, -4.81985250000000E-01, -8.64531736467347E+00,  6.03099999999999E+01,  1.46528886526943E+03,  2.14374457034104E+03
 1.90800000000000E+03, -5.57646467206865E-01, -3.25095750000000E-01, -8.61837408867792E+00,  6.04899999999999E+01,  1.27253917077266E+03,  2.16296736757225E+03
 1.90808333300000E+03, -7.12791546398738E-01, -3.42947500000000E-01, -8.59150180642071E+00,  6.06699999999999E+01,  1.27045249029696E+03,  2.16709532965317E+03
 1.90816666700000E+03, -8.42794918790003E-01, -6.40620000000000E-01, -8.56470003028647E+00,  6.08499999999999E+01,  1.06562662555485E+03,  2.45425679414816E+03
 1.90825000000000E+03, -9.29138735483714E-01, -9.60800250000000E-01, -8.53796825902894E+00,  6.10299999999999E+01,  6.15151597523683E+02,  1.63668870477485E+03
 1.90833333300000E+03, -9.93496558168357E-01, -1.01079375000000E+00, -8.51130597795050E+00,  6.12099999999999E+01,  1.46130586669616E+03,  2.18754319727073E+03
 1.90841666700000E+03, -1.07304703541152E+00, -8.97100250000000E-01, -8.48471265908366E+00,  6.13899999999999E+01,  1.42385317343610E+03,  1.94369974155192E+03
 1.90850000000000E+03, -1.17922297123258E+00, -8.74224250000000E-01, -8.45818776137435E+00,  6.15699999999999E+01,  1.44337460545439E+03,  1.83849201230576E+03
 1.90858333300000E+03, -1.12708965150472E+00, -1.01366775000000E+00, -8.43173073086701E+00,  6.17499999999999E+01,  1.18174975842188E+03,  1.51990370287012E+03
 1.90866666700000E+03, -8.62347485669412E-01, -1.21590500000000E+00, -1.20163994388416E+01,  6.19299999999999E+01,  1.12070688164107E+03,  1.20290631016618E+03
 1.90875000000000E+03, -6.73811258766590E-01, -1.34500500000000E+00, -1.19826074027460E+01,  6.21099999999999E+01,  5.45134455362520E+02,  1.00172696465216E+02
 1.90883333300000E+03, -6.11118863962416E-01, -1.45399000000000E+00, -1.19488324921172E+01,  6.22899999999999E+01,  8.21008342657999E+02,  1.70047813562483E+02
 1.90891666700000E+03, -5.85186222196816E-01, -1.64551000000000E+00, -1.19150762388933E+01,  6.24699999999999E+01,  1.15295183574455E+03,  9.10283396194431E+02
 1.90900000000000E+03, -6.20021853827575E-01, -1.72716000000000E+00, -1.18813401572664E+01,  6.26499999999999E+01,  1.31683394739871E+03,  1.44262795065185E+03
 1.90908333300000E+03, -6.90158979437808E-01, -1.49495250000000E+00, -1.18476257435641E+01,  6.28299999999999E+01,  1.40574368812518E+03,  1.40645361607994E+03
 1.90916666700000E+03, -7.46131633883254E-01, -1.17548250000000E+00, -1.18139344761322E+01,  6.30099999999999E+01,  1.26835693324288E+03,  1.51665155869845E+03
 1.90925000000000E+03, -7.58715670976949E-01, -1.03252950000000E+00, -1.17802678152211E+01,  6.31899999999999E+01,  1.92508039985737E+03,  2.12455859778719E+03
 1.90933333300000E+03, -7.38302940450896E-01, -1.00721900000000E+00, -1.17466272028750E+01,  6.33699999999999E+01,  1.56094567745715E+03,  1.43778222165817E+03
 1.90941666700000E+03, -7.11847971389500E-01, -1.05125450000000E+00, -1.17130140628238E+01,  6.35499999999999E+01,  1.69277852251627E+03,  9.76992799231620E+02
 1.90950000000000E+03, -6.83116485339581E-01, -1.14626750000000E+00, -1.16794298003782E+01,  6.37299999999999E+01,  2.36733682094193E+03,  1.00067638531912E+03
 1.90958333300000E+03, -8.76352494936471E-01, -1.36180250000000E+00, -1.16458758023272E+01,  6.39099999999999E+01,  2.23796912201191E+03,  8.99504306293266E+02
 1.90966666700000E+03, -1.30069231473780E+00, -1.70352000000000E+00, -1.57806812505595E+01,  6.40899999999999E+01,  1.62878172834397E+03,  9.03187757859497E+02
 1.90975000000000E+03, -1.48528751214867E+00, -1.85634000000000E+00, -1.57562534493383E+01,  6.42699999999999E+01,  2.79562892525444E+03,  1.31517063916212E+03
 1.90983333300000E+03, -1.42076680575683E+00, -1.79000500000000E+00, -1.57318128200837E+01,  6.44499999999999E+01,  2.52084636698019E+03,  2.09670476722665E+03
 1.90991666700000E+03, -1.37222877196888E+00, -1.76239750000000E+00, -1.57073585138892E+01,  6.46299999999999E+01,  1.92638355708665E+03,  2.57882495530111E+03
 1.91000000000000E+03, -1.36952291879501E+00, -1.83820500000000E+00, -1.56828896917323E+01,  6.48099999999999E+01,  2.21244120203048E+03,  3.13930469886635E+03
 1.91008333300000E+03, -1.39517576998208E+00, -1.98857500000000E+00, -1.56584055247151E+01,  6.49900000000000E+01,  2.21535627685092E+03,  2.99859151769448E+03
 1.91016666700000E+03, -1.40901066174471E+00, -1.94584000000000E+00, -1.56339051943034E+01,  6.51700000000000E+01,  1.09906892495657E+03,  2.52526280445720E+03
 1.91025000000000E+03, -1.39131324999672E+00, -1.55564500000000E+00, -1.56093878925644E+01,  6.53500000000000E+01,  1.28024025372437E+03,  1.86756791066470E+03
 1.91033333300000E+03, -1.36103559078327E+00, -1.24542250000000E+00, -1.55848528224024E+01,  6.55300000000000E+01,  1.34160071992649E+03,  1.36692185667568E+03
 1.91041666700000E+03, -1.35161791097155E+00, -1.23923750000000E+00, -1.55602991977924E+01,  6.57100000000000E+01,  1.13795033397998E+03,  1.22108107008827E+03
 1.91050000000000E+03, -1.37029533498277E+00, -1.38475750000000E+00, -1.55357262440119E+01,  6.58900000000000E+01,  9.98363032247282E+02,  7.59967737772618E+02
 1.91058333300000E+03, -1.22938798332773E+00, -1.55567750000000E+00, -1.55111331978712E+01,  6.60700000000000E+01,  9.69805220536225E+02,  9.10890948581256E+02
 1.91066666700000E+03, -9.25663062328931E-01, -1.62714750000000E+00, -1.47050654810752E+01,  6.62500000000000E+01,  8.72022390777259E+02,  7.93725253281783E+02
 1.91075000000000E+03, -7.89505432721965E-01, -1.53741250000000E+00, -1.46742921133876E+01,  6.64300000000000E+01,  1.13378736912921E+03,  1.01381305075132E+03
 1.91083333300000E+03, -7.98613476269270E-01, -1.42791250000000E+00, -1.46435979302529E+01,  6.66100000000000E+01,  1.02120021116611E+03,  7.84132177100343E+02
 1.91091666700000E+03, -8.02527760059020E-01, -1.41662250000000E+00, -1.46129831935935E+01,  6.67900000000000E+01,  8.32158840353999E+02,  8.87609856239677E+02
 1.91100000000000E+03, -8.29052480723145E-01, -1.40602250000000E+00, -1.45824481447823E+01,  6.69700000000000E+01,  1.19620046007970E+03,  1.43062432186759E+03
 1.91108333300000E+03, -8.61737681976281E-01, -1.33880750000000E+00, -1.45519930047240E+01,  6.71500000000000E+01,  1.13542730443940E+03,  1.51278310939365E+03
 1.91116666700000E+03, -8.64049191785592E-01, -1.20661675000000E+00, -1.45216179739393E+01,  6.73300000000000E+01,  7.53680127039328E+02,  1.42141200993796E+03
 1.91125000000000E+03, -8.21830688723089E-01, -1.00150325000000E+00, -1.44913232326530E+01,  6.75100000000000E+01,  9.89615396684321E+02,  1.45546522423675E+03
 1.91133333300000E+03, -7.60643043339421E-01, -6.99494750000000E-01, -1.44611089408839E+01,  6.76900000000001E+01,  1.15935035821787E+03,  1.34797710074637E+03
 1.91141666700000E+03, -7.20665215914439E-01, -2.93074500000000E-01, -1.44309752385390E+01,  6.78700000000001E+01,  8.96229379099102E+02,  7.16277656201317E+02
 1.91150000000000E+03, -7.15129954878954E-01,  1.30235000000000E-02, -1.44009222455096E+01,  6.80500000000001E+01,  8.77558721359997E+02,  5.79140579017077E+02
 1.91158333300000E+03, -6.16327301399178E-01,  2.70850000000000E-02, -1.43709500617711E+01,  6.82300000000001E+01,  1.19875548133898E+03,  7.59006485591732E+02
 1.91166666700000E+03, -3.38747596417910E-01,  9.99227500000000E-02, -1.23539174201749E+01,  6.84100000000001E+01,  9.63307388789313E+02,  5.66753199027082E+02
 1.91175000000000E+03, -2.78396373046014E-02,  4.81252250000000E-01, -1.23992659216159E+01,  6.85900000000001E+01,  1.39578784376852E+03,  7.35448975514602E+02
 1.91183333300000E+03,  2.25358950626852E-01,  8.17439750000000E-01, -1.24444879155686E+01,  6.87700000000001E+01,  1.67033360469190E+03,  1.23929700539947E+03
 1.91191666700000E+03,  3.98077062117341E-01,  9.95205000000000E-01, -1.24895802561497E+01,  6.89500000000001E+01,  1.95962102652767E+03,  1.50752403492543E+03
 1.91200000000000E+03,  4.39701131412660E-01,  1.03400550000000E+00, -1.25345398087418E+01,  6.91300000000001E+01,  1.45661049264343E+03,  1.66786729817052E+03
 1.91208333300000E+03,  3.57784802616517E-01,  9.27663750000000E-01, -1.25793634502947E+01,  6.93100000000001E+01,  1.55865195753877E+03,  1.79307953440203E+03
 1.91216666700000E+03,  1.95603763169591E-01,  7.47994000000000E-01, -1.26240480696255E+01,  6.94900000000001E+01,  1.35519454181086E+03,  2.45297013541261E+03
 1.91225000000000E+03, -1.14257386064866E-02,  4.87639250000000E-01, -1.26685905677172E+01,  6.96700000000001E+01,  1.36370375294415E+03,  2.42083165956786E+03
 1.91233333300000E+03, -2.56802625784048E-01,  1.18812750000000E-01, -1.27129878580153E+01,  6.98500000000001E+01,  1.66039274710862E+03,  2.98398246376290E+03
 1.91241666700000E+03, -5.43388052936708E-01, -2.93622250000000E-01, -1.27572368667244E+01,  7.00300000000001E+01,  1.69940884814997E+03,  2.79149752021668E+03
 1.91250000000000E+03, -8.48106170141954E-01, -4.61026000000000E-01, -1.28013345331016E+01,  7.02100000000002E+01,  1.71668541385749E+03,  2.83243891928631E+03
 1.91258333300000E+03, -9.19377588155631E-01, -5.50844000000000E-01, -1.28452778097493E+01,  7.03900000000002E+01,  1.33083293513000E+03,  2.19963339065919E+03
 1.91266666700000E+03, -6.86190659728815E-01, -8.24065000000000E-01, -8.61031067488174E+00,  7.05700000000002E+01,  1.07235965378569E+03,  1.94740532788629E+03
 1.91275000000000E+03, -5.18524954536340E-01, -1.01080325000000E+00, -8.58339169903078E+00,  7.07500000000002E+01,  4.94370914876552E+02,  1.09311012621970E+03
 1.91283333300000E+03, -4.87783360886546E-01, -1.03431000000000E+00, -8.55644753148531E+00,  7.09300000000002E+01,  5.07209171237606E+02,  8.33519274921440E+02
 1.91291666700000E+03, -4.83801577309731E-01, -9.44097750000000E-01, -8.52947889345209E+00,  7.11100000000002E+01,  8.27906200949836E+02,  8.71205553959887E+02
 1.91300000000000E+03, -5.41276655741807E-01, -7.84250750000000E-01, -8.50248652594827E+00,  7.12900000000002E+01,  8.37378945129589E+02,  6.58612655514004E+02
 1.91308333300000E+03, -6.46241135241751E-01, -7.02200000000000E-01, -8.47547118977586E+00,  7.14700000000002E+01,  7.75841249997653E+02,  5.97955720353983E+02
 1.91316666700000E+03, -7.59930451067567E-01, -6.17319250000000E-01, -8.44843366549310E+00,  7.16500000000002E+01,  1.05305147416524E+03,  6.71683704383787E+02
 1.91325000000000E+03, -8.61658130500007E-01, -4.00488500000000E-01, -8.42137475338248E+00,  7.18300000000002E+01,  1.28500364085438E+03,  1.36597637929302E+03
 1.91333333300000E+03, -9.67202691815298E-01, -2.05619750000000E-01, -8.39429527341567E+00,  7.20100000000002E+01,  8.23631493273697E+02,  1.31102482757954E+03
 1.91341666700000E+03, -1.10519513651716E+00, -1.64142000000000E-01, -8.36719606521520E+00,  7.21900000000002E+01,  8.86855617689300E+02,  1.58226602786437E+03
 1.91350000000000E+03, -1.27721163276577E+00, -2.04876000000000E-01, -8.34007798801282E+00,  7.23700000000002E+01,  9.67374050476735E+02,  1.36629013843101E+03
 1.91358333300000E+03, -1.04625974351759E+00, -2.97751750000000E-01, -8.31294192060484E+00,  7.25500000000002E+01,  7.56068404843293E+02,  1.72460268088986E+03
 1.91366666700000E+03, -3.26061570682977E-01, -3.88444750000000E-01, -2.13115178270356E+01,  7.27300000000002E+01,  6.49238860341289E+02,  1.63177189439966E+03
 1.91375000000000E+03,  1.39648972626892E-01, -2.47963000000000E-01, -2.12839682218982E+01,  7.29100000000003E+01,  9.20235527792836E+02,  2.14561349566673E+03
 1.91383333300000E+03,  2.80319090919417E-01,  2.29155250000000E-01, -2.12564820295201E+01,  7.30900000000003E+01,  8.83929755173583E+02,  1.98292956599162E+03
 1.91391666700000E+03,  4.01773745507734E-01,  7.22640250000000E-01, -2.12290613293402E+01,  7.32700000000003E+01,  8.53150422415645E+02,  2.45168681253813E+03
 1.91400000000000E+03,  4.73251666971769E-01,  8.16884250000000E-01, -2.12017082153172E+01,  7.34500000000003E+01,  1.08367263870045E+03,  2.35213416149511E+03
 1.91408333300000E+03,  5.09474031708889E-01,  5.75164500000000E-01, -2.11744247956644E+01,  7.36300000000003E+01,  9.86083656849552E+02,  1.94258529614760E+03
 1.91416666700000E+03,  5.46330919076316E-01,  3.06622250000000E-01, -2.11472131925824E+01,  7.38100000000003E+01,  9.23253045042060E+02,  1.29085744108200E+03
 1.91425000000000E+03,  5.98195056702659E-01,  2.07377750000000E-01, -2.11200755419885E+01,  7.39900000000003E+01,  1.01859279090126E+03,  1.83806760878115E+03
 1.91433333300000E+03,  6.40313838980067E-01,  2.27321000000000E-01, -2.10930139932436E+01,  7.41700000000003E+01,  1.02890440094846E+03,  1.40960432964846E+03
 1.91441666700000E+03,  6.33634308872898E-01,  2.35145000000000E-01, -2.10660307088753E+01,  7.43500000000003E+01,  6.61649003945258E+02,  1.09155438390311E+03
 1.91450000000000E+03,  5.66124974341121E-01,  3.66697500000000E-01, -2.10391278642996E+01,  7.45300000000003E+01,  6.91107853521683E+02,  8.96364204797691E+02
 1.91458333300000E+03,  4.72593042691148E-01,  6.24716750000000E-01, -2.10123076475386E+01,  7.47100000000003E+01,  6.22393895026220E+02,  1.16561238248367E+03
 1.91466666700000E+03,  4.29324056973422E-01,  9.16324000000000E-01, -3.08076456966507E+01,  7.48900000000003E+01,  8.11296022470135E+02,  1.31591348897361E+03
 1.91475000000000E+03,  4.80974168521522E-01,  1.05536000000000E+00, -3.08038270023451E+01,  7.50700000000003E+01,  8.88601406788332E+02,  1.41176904854038E+03
 1.91483333300000E+03,  5.78034806781170E-01,  1.03715200000000E+00, -3.07996378695407E+01,  7.52500000000003E+01,  1.32865238073782E+03,  1.81823380988529E+03
 1.91491666700000E+03,  6.47384567176575E-01,  1.10625975000000E+00, -3.07950795097710E+01,  7.54300000000003E+01,  1.42525283042170E+03,  2.19268953790048E+03
 1.91500000000000E+03,  6.61412927689454E-01,  1.09997075000000E+00, -3.07901531644689E+01,  7.56100000000004E+01,  1.48695312129945E+03,  2.01159057516237E+03
 1.91508333300000E+03,  6.39093716054294E-01,  8.00169000000000E-01, -3.07848601047401E+01,  7.57900000000004E+01,  1.37204642741464E+03,  1.36175733932093E+03
 1.91516666700000E+03,  6.21317911845748E-01,  5.07751750000000E-01, -3.07792016311329E+01,  7.59700000000004E+01,  1.49804229227284E+03,  2.23763656574054E+03
 1.91525000000000E+03,  6.27782562813453E-01,  5.71227250000000E-01, -3.07731790734047E+01,  7.61500000000004E+01,  1.73769261500846E+03,  2.71907800572612E+03
 1.91533333300000E+03,  6.38923276145375E-01,  6.18375250000000E-01, -3.07667937902850E+01,  7.63300000000004E+01,  1.55872764890899E+03,  2.49347285830072E+03
 1.91541666700000E+03,  6.20283795011676E-01,  2.83882500000000E-01, -3.07600471692355E+01,  7.65100000000004E+01,  1.72753689079176E+03,  2.49121392791178E+03
 1.91550000000000E+03,  5.63424365608082E-01, -2.39856000000000E-01, -3.07529406262060E+01,  7.66900000000004E+01,  1.79237982791974E+03,  2.46482803428357E+03
 1.91558333300000E+03,  1.91493441142317E-01, -6.80503750000000E-01, -3.07454756053886E+01,  7.68700000000004E+01,  1.50738704217005E+03,  1.56529843902609E+03
 1.91566666700000E+03, -4.69181112099120E-01, -9.93834250000000E-01, -2.27389447459850E+01,  7.70500000000004E+01,  1.10499232951255E+03,  1.04827828063347E+03
 1.91575000000000E+03, -8.10040812862468E-01, -1.29596000000000E+00, -2.27830326310211E+01,  7.72300000000004E+01,  1.17265943878901E+03,  9.05664931537521E+02
 1.91583333300000E+03, -8.52550877789376E-01, -1.48875500000000E+00, -2.28269296503063E+01,  7.74100000000004E+01,  1.99584455945128E+03,  1.95615966438568E+03
 1.91591666700000E+03, -9.33330319025623E-01, -1.31888350000000E+00, -2.28706326067434E+01,  7.75900000000004E+01,  1.78415886244115E+03,  2.03002332691780E+03
 1.91600000000000E+03, -1.05861913128797E+00, -9.99329000000000E-01, -2.29141383216918E+01,  7.77700000000004E+01,  1.76164959155035E+03,  1.96652934737701E+03
 1.91608333300000E+03, -1.18426811206025E+00, -8.45747500000000E-01, -2.29574436352875E+01,  7.79500000000004E+01,  2.01016007657426E+03,  2.26686388143675E+03
 1.91616666700000E+03, -1.24517466893455E+00, -9.38817000000000E-01, -2.30005454067597E+01,  7.81300000000005E+01,  2.11917300355003E+03,  2.39702509647357E+03
 1.91625000000000E+03, -1.20306909796454E+00, -1.11513225000000E+00, -2.30434405147456E+01,  7.83100000000005E+01,  9.02767226139166E+02,  1.34981741345329E+03
 1.91633333300000E+03, -1.06823886871363E+00, -1.11835450000000E+00, -2.30861258576026E+01,  7.84900000000005E+01,  8.48594023708891E+02,  1.48013444125400E+03
 1.91641666700000E+03, -8.77113985633674E-01, -1.10703475000000E+00, -2.31285983537176E+01,  7.86700000000005E+01,  1.35857991490923E+03,  1.79045125102877E+03
 1.91650000000000E+03, -6.51290776014643E-01, -1.11633500000000E+00, -2.31708549418149E+01,  7.88500000000005E+01,  1.40669850669244E+03,  1.16649484519013E+03
 1.91658333300000E+03, -7.33037218970189E-01, -1.25943500000000E+00, -2.32128925812600E+01,  7.90300000000005E+01,  1.95591716874978E+03,  1.11613621962861E+03
 1.91666666700000E+03, -1.20361741580864E+00, -1.68511500000000E+00, -1.57876463256915E+01,  7.92100000000005E+01,  2.00748120608060E+03,  1.22291422818126E+03
 1.91675000000000E+03, -1.45865010981930E+00, -2.22405500000000E+00, -1.57629484839998E+01,  7.93900000000005E+01,  2.04578175089749E+03,  9.88861245343226E+02
 1.91683333300000E+03, -1.42765096036519E+00, -2.55279500000000E+00, -1.57383705690932E+01,  7.95700000000005E+01,  1.48160508506636E+03,  6.66030605602755E+02
 1.91691666700000E+03, -1.41129256034374E+00, -2.60990500000000E+00, -1.57139148446322E+01,  7.97500000000005E+01,  9.27011841124007E+02,  6.73635236548834E+02
 1.91700000000000E+03, -1.43577205571554E+00, -2.51563500000000E+00, -1.56895835803738E+01,  7.99300000000005E+01,  5.90407578220858E+02,  7.07683479779889E+02
 1.91708333300000E+03, -1.47980498905945E+00, -2.18121000000000E+00, -1.56653790518660E+01,  8.01100000000005E+01,  6.68587756584560E+02,  6.57126187280144E+02
 1.91716666700000E+03, -1.50006180211960E+00, -1.70843500000000E+00, -1.56413035401412E+01,  8.02900000000005E+01,  6.64986211627000E+02,  5.41581824204101E+02
 1.91725000000000E+03, -1.47507575845519E+00, -1.29593500000000E+00, -1.56173593314067E+01,  8.04700000000005E+01,  1.49290177452645E+03,  7.23773520187034E+02
 1.91733333300000E+03, -1.42395107330521E+00, -1.17053500000000E+00, -1.55935487167350E+01,  8.06500000000005E+01,  1.45108684227370E+03,  7.50274352980769E+02
 1.91741666700000E+03, -1.38233937233072E+00, -1.31801250000000E+00, -1.55698739917519E+01,  8.08300000000006E+01,  1.09409305557772E+03,  7.85763794943468E+02
 1.91750000000000E+03, -1.36151506321540E+00, -1.55824750000000E+00, -1.55463374563232E+01,  8.10100000000006E+01,  1.30064906854098E+03,  1.09204281819667E+03
 1.91758333300000E+03, -1.45744133215656E+00, -1.73097750000000E+00, -1.55229414142398E+01,  8.11900000000006E+01,  1.83506815635540E+03,  1.40156735465823E+03
 1.91766666700000E+03, -1.63806303547434E+00, -1.86525500000000E+00, -2.78253237131120E+01,  8.13700000000006E+01,  1.44165857462003E+03,  1.53329693041136E+03
 1.91775000000000E+03, -1.64359744028999E+00, -2.09618000000000E+00, -2.77966678911821E+01,  8.15500000000006E+01,  1.51589387014880E+03,  1.73430438631081E+03
 1.91783333300000E+03, -1.48383742212965E+00, -2.00879000000000E+00, -2.77679843787244E+01,  8.17300000000006E+01,  1.67983949608648E+03,  1.91820123824050E+03
 1.91791666700000E+03, -1.32500740988843E+00, -1.52475750000000E+00, -2.77392740682848E+01,  8.19100000000006E+01,  1.51374464039591E+03,  1.63572647687799E+03
 1.91800000000000E+03, -1.20282534406554E+00, -1.08956425000000E+00, -2.77105378777247E+01,  8.20900000000006E+01,  1.48377007031523E+03,  1.44553467344473E+03
 1.91808333300000E+03, -1.10659350747216E+00, -9.51911000000000E-01, -2.76817767501817E+01,  8.22700000000006E+01,  1.15672101605985E+03,  1.17904900589543E+03
 1.91816666700000E+03, -1.00320912158001E+00, -1.02526600000000E+00, -2.76529916540257E+01,  8.24500000000006E+01,  1.24672306290420E+03,  1.18810795604894E+03
 1.91825000000000E+03, -8.79681382119198E-01, -8.13368250000000E-01, -2.76241835828102E+01,  8.26300000000006E+01,  1.03513775292499E+03,  8.10408402060743E+02
 1.91833333300000E+03, -7.60717772884312E-01, -2.90602250000000E-01, -2.75953535552193E+01,  8.28100000000006E+01,  9.05088384341682E+02,  6.23810503558107E+02
 1.91841666700000E+03, -6.84026593437265E-01, -3.46620000000000E-02, -2.75665026150094E+01,  8.29900000000006E+01,  6.31956437818360E+02,  1.12037699017561E+03
 1.91850000000000E+03, -6.59260911856231E-01, -7.71315000000000E-02, -2.75376318309469E+01,  8.31700000000006E+01,  1.09526771658193E+03,  1.70309112479860E+03
 1.91858333300000E+03, -3.37906755588877E-01, -2.36477500000000E-02, -2.75087422967411E+01,  8.33500000000006E+01,  9.38100633692471E+02,  1.55442409459926E+03
 1.91866666700000E+03,  3.28033331443734E-01,  3.19415000000000E-01, -2.35140990008009E+01,  8.35300000000007E+01,  1.03906417500572E+03,  1.85521409438038E+03
 1.91875000000000E+03,  7.22789662870759E-01,  9.79507500000000E-01, -2.34864685125419E+01,  8.37100000000007E+01,  1.35419560258869E+03,  1.84606267431087E+03
 1.91883333300000E+03,  8.07938055272779E-01,  1.53018000000000E+00, -2.34587999484269E+01,  8.38900000000007E+01,  1.11862621746972E+03,  1.18576047835834E+03
 1.91891666700000E+03,  8.38994378721849E-01,  1.56208750000000E+00, -2.34310937338593E+01,  8.40700000000007E+01,  8.26895657684860E+02,  1.03231522559025E+03
 1.91900000000000E+03,  7.84689780295441E-01,  1.22881825000000E+00, -2.34033503180109E+01,  8.42500000000007E+01,  8.76573898914531E+02,  9.61824174253483E+02
 1.91908333300000E+03,  6.62340374947346E-01,  8.83409000000000E-01, -2.33755701738622E+01,  8.44300000000007E+01,  1.30945760128390E+03,  8.33504122050917E+02
 1.91916666700000E+03,  5.13455234287332E-01,  3.22671500000000E-01, -2.33477537982371E+01,  8.46100000000007E+01,  1.17752357133282E+03,  1.05311763911937E+03
 1.91925000000000E+03,  3.60722300189781E-01, -4.46415750000000E-01, -2.33199017118342E+01,  8.47900000000007E+01,  1.47800702969531E+03,  1.39835029084242E+03
 1.91933333300000E+03,  1.89846866883359E-01, -7.52464500000000E-01, -2.32920144592540E+01,  8.49700000000007E+01,  1.34444521165203E+03,  1.06173560956874E+03
 1.91941666700000E+03, -2.63609297274746E-02, -7.63571500000000E-01, -2.32640926090207E+01,  8.51500000000007E+01,  1.65955790966905E+03,  1.10269325593818E+03
 1.91950000000000E+03, -2.87529132694359E-01, -9.35861250000000E-01, -2.32361367536017E+01,  8.53300000000007E+01,  1.17196028011840E+03,  9.40297869576537E+02
 1.91958333300000E+03, -5.30209938222813E-01, -9.75727500000000E-01, -2.32081475094208E+01,  8.55100000000007E+01,  1.13200878805067E+03,  1.20360174971836E+03
 1.91966666700000E+03, -6.08309388574889E-01, -4.97715250000000E-01, -2.92518832894229E+01,  8.56900000000007E+01,  8.76990551286635E+02,  8.92952601550138E+02
 1.91975000000000E+03, -4.58826442185034E-01, -3.14412500000000E-02, -2.92855029966975E+01,  8.58700000000007E+01,  1.01805913388413E+03,  7.76244160017378E+02
 1.91983333300000E+03, -2.20566565738421E-01,  1.74526750000000E-01, -2.93188039075426E+01,  8.60500000000008E+01,  1.03136733671901E+03,  7.55391839786700E+02
 1.91991666700000E+03, -3.22896956084665E-02,  4.31989250000000E-01, -2.93517837872981E+01,  8.62300000000008E+01,  1.08260395866965E+03,  8.11381681658402E+02
 1.92000000000000E+03,  6.96627819247891E-02,  5.26581500000000E-01, -2.93844404328992E+01,  8.64100000000008E+01,  1.02226913953607E+03,  3.88748967319678E+02
 1.92008333300000E+03,  9.97671509645133E-02,  4.29520500000000E-01, -2.94167716730768E+01,  8.65900000000008E+01,  9.99707845419514E+02,  4.03016699151914E+02
 1.92016666700000E+03,  9.86941247138272E-02,  1.67009250000000E-01, -2.94487753685527E+01,  8.67700000000008E+01,  8.37348397738807E+02,  6.53319388271317E+02
 1.92025000000000E+03,  8.97829960556533E-02, -2.00928000000000E-01, -2.94804494122308E+01,  8.69500000000008E+01,  7.81746994929012E+02,  1.47564032410325E+03
 1.92033333300000E+03,  6.01938271059337E-02, -3.27393750000000E-01, -2.95117917293850E+01,  8.71300000000008E+01,  7.23299266276490E+02,  1.65796346428753E+03
 1.92041666700000E+03, -1.57461338241886E-02, -1.39145250000000E-01, -2.95428002778418E+01,  8.73100000000008E+01,  6.03283964560963E+02,  1.63315454897133E+03
 1.92050000000000E+03, -1.36765545540444E-01,  1.32090000000000E-02, -2.95734730481597E+01,  8.74900000000008E+01,  7.99637338598495E+02,  2.08589843512237E+03
 1.92058333300000E+03, -4.38760922466455E-01, -1.39375250000000E-01, -2.96038080638040E+01,  8.76700000000008E+01,  9.73654304228340E+02,  2.03199545222870E+03
 1.92066666700000E+03, -8.51323989419426E-01, -4.75957250000000E-01, -1.93547329990742E+01,  8.78500000000008E+01,  9.17447493770969E+02,  1.28160245067725E+03
 1.92075000000000E+03, -9.84471138552469E-01, -6.42810500000000E-01, -1.93689580770591E+01,  8.80300000000008E+01,  1.05665601641543E+03,  1.37595845776598E+03
 1.92083333300000E+03, -8.91249420669123E-01, -6.14915500000000E-01, -1.93835481149850E+01,  8.82100000000008E+01,  1.15748113748061E+03,  1.65265222204673E+03
 1.92091666700000E+03, -8.22593347556868E-01, -6.62407750000000E-01, -1.93985030408255E+01,  8.83900000000008E+01,  8.94652585852122E+02,  1.23280306650605E+03
 1.92100000000000E+03, -8.06053222649228E-01, -9.70575750000000E-01, -1.94138227479143E+01,  8.85700000000008E+01,  9.37207752640462E+02,  1.08735967055329E+03
 1.92108333300000E+03, -8.21641446840749E-01, -1.65718800000000E+00, -1.94295070948618E+01,  8.87500000000009E+01,  1.35339579649377E+03,  9.46799630137312E+02
 1.92116666700000E+03, -8.26603725195068E-01, -2.17434000000000E+00, -1.94455559054760E+01,  8.89300000000009E+01,  1.59772855771816E+03,  8.14883909083958E+02
 1.92125000000000E+03, -7.98741837100930E-01, -1.85499975000000E+00, -1.94619689686882E+01,  8.91100000000009E+01,  1.75061025568770E+03,  5.07329937803711E+02
 1.92133333300000E+03, -7.54773126999705E-01, -1.22789950000000E+00, -1.94787460384823E+01,  8.92900000000009E+01,  2.21447778583204E+03,  4.75311988684903E+02
 1.92141666700000E+03, -7.26299139855070E-01, -8.91800000000000E-01, -1.94958868338295E+01,  8.94700000000009E+01,  2.04338475628081E+03,  4.10368513115032E+02
 1.92150000000000E+03, -7.19245186114052E-01, -5.46749750000000E-01, -1.95133910386273E+01,  8.96500000000009E+01,  1.49528009475946E+03,  4.29557191252237E+02
 1.92158333300000E+03, -6.98146219774780E-01, -2.11098750000000E-01, -1.95312583016421E+01,  8.98300000000009E+01,  1.13658245079534E+03,  6.34896026898580E+02
 1.92166666700000E+03, -6.49120596644826E-01,  4.95205000000000E-02, -2.49799993870386E+01,  9.00100000000009E+01,  1.06765288196259E+03,  1.23463189275741E+03
 1.92175000000000E+03, -5.96126896484380E-01,  4.43987000000000E-01, -2.50084330045530E+01,  9.01900000000009E+01,  8.87619377773877E+02,  1.72720421780100E+03
 1.92183333300000E+03, -5.48694737145026E-01,  6.17522500000000E-01, -2.50372133525038E+01,  9.03700000000009E+01,  7.35385555416452E+02,  1.75232613520179E+03
 1.92191666700000E+03, -5.33878319524263E-01,  3.93502500000000E-01, -2.50663389283393E+01,  9.05500000000009E+01,  6.52978823776789E+02,  1.79263123194459E+03
 1.92200000000000E+03, -5.83198720653141E-01, -1.03797750000000E-01, -2.50958081927973E+01,  9.07300000000009E+01,  1.05615267739679E+03,  1.88577905398366E+03
 1.92208333300000E+03, -6.80736616785486E-01, -5.70082000000000E-01, -2.51256195700062E+01,  9.09100000000009E+01,  1.07852960854706E+03,  1.43507120649871E+03
 1.92216666700000E+03, -7.87186863414847E-01, -7.40822000000000E-01, -2.51557714475899E+01,  9.10900000000009E+01,  8.14231117770971E+02,  1.00639621234028E+03
 1.92225000000000E+03, -8.82427592500192E-01, -8.10767250000000E-01, -2.51862621767781E+01,  9.12700000000009E+01,  1.16989532125524E+03,  1.19173932866223E+03
 1.92233333300000E+03, -9.83192182333496E-01, -8.17395250000000E-01, -2.52170900725215E+01,  9.14500000000010E+01,  1.22543861916504E+03,  1.26547540627945E+03
 1.92241666700000E+03, -1.11852245499273E+00, -9.86291250000000E-01, -2.52482534136119E+01,  9.16300000000010E+01,  8.11687207875972E+02,  1.49663493440761E+03
 1.92250000000000E+03, -1.28895935860864E+00, -1.36231825000000E+00, -2.52797504428070E+01,  9.18100000000010E+01,  1.30197909935427E+03,  1.77254161641990E+03
 1.92258333300000E+03, -1.45105520543332E+00, -1.62884250000000E+00, -2.53115793669605E+01,  9.19900000000010E+01,  1.60101762212497E+03,  1.81957469384597E+03
 1.92266666700000E+03, -1.51821571469415E+00, -1.69878500000000E+00, -3.51796545359678E+01,  9.21700000000010E+01,  1.32303516951672E+03,  1.62762231509378E+03
 1.92275000000000E+03, -1.44451569827360E+00, -1.48716775000000E+00, -3.51985831008141E+01,  9.23500000000010E+01,  1.21549988034422E+03,  1.44042570860387E+03
 1.92283333300000E+03, -1.30134937043610E+00, -1.17224800000000E+00, -3.52171161262744E+01,  9.25300000000010E+01,  2.12339008417892E+03,  1.05972600028284E+03
 1.92291666700000E+03, -1.17879758816872E+00, -1.10564275000000E+00, -3.52352527957438E+01,  9.27100000000010E+01,  1.84180605611781E+03,  1.84712683456255E+03
 1.92300000000000E+03, -1.10726576525369E+00, -1.22086250000000E+00, -3.52529923311479E+01,  9.28900000000010E+01,  1.68514829910477E+03,  1.85318983331609E+03
 1.92308333300000E+03, -1.07004656283839E+00, -1.08950975000000E+00, -3.52703339929584E+01,  9.30700000000010E+01,  2.03060989326272E+03,  2.12150896979169E+03
 1.92316666700000E+03, -1.02784495487533E+00, -6.92313750000000E-01, -3.52872770802033E+01,  9.32500000000010E+01,  2.17031270915862E+03,  2.20834111172655E+03
 1.92325000000000E+03, -9.61795138193637E-01, -4.29858000000000E-01, -3.53038209304724E+01,  9.34300000000010E+01,  1.51348521645646E+03,  2.00782251026267E+03
 1.92333333300000E+03, -8.91490398012101E-01, -2.87134500000000E-01, -3.53199649199174E+01,  9.36100000000010E+01,  1.30389660962152E+03,  1.30015690449020E+03
 1.92341666700000E+03, -8.50638931290798E-01, -2.09156500000000E-01, -3.53357084632477E+01,  9.37900000000010E+01,  1.14338577733703E+03,  1.17342431488407E+03
 1.92350000000000E+03, -8.46247170870111E-01, -2.07268000000000E-01, -3.53510510137206E+01,  9.39700000000011E+01,  1.08602860193465E+03,  1.27475837608247E+03
 1.92358333300000E+03, -6.63580475513391E-01, -1.09401250000000E-01, -3.53659920631268E+01,  9.41500000000011E+01,  1.36367673439980E+03,  1.41169561413391E+03
 1.92366666700000E+03, -2.67663897556366E-01,  1.01432750000000E-01, -2.46447170001746E+01,  9.43300000000011E+01,  1.20803862165369E+03,  1.59237043527559E+03
 1.92375000000000E+03, -1.99026305744590E-02,  3.24988750000000E-01, -2.46248434574551E+01,  9.45100000000011E+01,  1.21495205614412E+03,  1.41555031535119E+03
 1.92383333300000E+03,  5.11958913768216E-02,  4.53499500000000E-01, -2.46051814059882E+01,  9.46900000000011E+01,  1.84984618516623E+03,  1.51907121645455E+03
 1.92391666700000E+03,  8.09905198797625E-02,  4.80572250000000E-01, -2.45857333551398E+01,  9.48700000000011E+01,  1.64466682066802E+03,  1.29358195077704E+03
 1.92400000000000E+03,  4.28402524875602E-02,  3.92464000000000E-01, -2.45665018085953E+01,  9.50500000000011E+01,  1.54761943387858E+03,  1.11144259317232E+03
 1.92408333300000E+03, -4.25674741498911E-02,  2.15232500000000E-01, -2.45474892639697E+01,  9.52300000000011E+01,  2.73666743580640E+03,  1.52023067632436E+03
 1.92416666700000E+03, -1.31999711577854E-01, -2.27624999999999E-03, -2.45286982124161E+01,  9.54100000000011E+01,  3.22793112233521E+03,  1.53403322028005E+03
 1.92425000000000E+03, -2.02938843263217E-01, -2.82390500000000E-01, -2.45101311382362E+01,  9.55900000000011E+01,  3.00222102572885E+03,  1.43455027035424E+03
 1.92433333300000E+03, -2.71821594396472E-01, -6.19120750000000E-01, -2.44917905184890E+01,  9.57700000000011E+01,  2.94635660131016E+03,  1.32693773117900E+03
 1.92441666700000E+03, -3.69849668355911E-01, -1.02937950000000E+00, -2.44736788226011E+01,  9.59500000000011E+01,  2.75251693594500E+03,  1.54691096926706E+03
 1.92450000000000E+03, -5.02257560252831E-01, -1.38225500000000E+00, -2.44557985119760E+01,  9.61300000000011E+01,  1.67885148400864E+03,  8.23140263698517E+02
 1.92458333300000E+03, -7.11328477939990E-01, -1.59468250000000E+00, -2.44381520396047E+01,  9.63100000000011E+01,  1.30626168011725E+03,  7.04324808519680E+02
 1.92466666700000E+03, -9.76786459920930E-01, -1.76207750000000E+00, -2.65641561349163E+01,  9.64900000000011E+01,  1.14458219109090E+03,  1.00687083622358E+03
 1.92475000000000E+03, -1.13995843527470E+00, -1.88341000000000E+00, -2.66061344008393E+01,  9.66700000000012E+01,  1.03222119019110E+03,  1.13355919994246E+03
 1.92483333300000E+03, -1.17238079916234E+00, -1.93713750000000E+00, -2.66483584308477E+01,  9.68500000000012E+01,  9.40039262584039E+02,  9.16350608005650E+02
 1.92491666700000E+03, -1.15395066988112E+00, -1.91352000000000E+00, -2.66908252453713E+01,  9.70300000000012E+01,  1.14577271109748E+03,  1.75205019057569E+03
 1.92500000000000E+03, -1.10759845237464E+00, -1.83745500000000E+00, -2.67335318371915E+01,  9.72100000000012E+01,  9.13781420419651E+02,  1.65732797876359E+03
 1.92508333300000E+03, -1.02094998354133E+00, -1.54086500000000E+00, -2.67764751717416E+01,  9.73900000000012E+01,  9.95317881352253E+02,  1.58109179941233E+03
 1.92516666700000E+03, -8.70253235842551E-01, -1.02301675000000E+00, -2.68196521874122E+01,  9.75700000000012E+01,  1.00699871177347E+03,  1.37561017635923E+03
 1.92525000000000E+03, -6.60787048875390E-01, -7.36580500000000E-01, -2.68630597958587E+01,  9.77500000000012E+01,  1.03089316526644E+03,  1.44802160759959E+03
 1.92533333300000E+03, -4.40697077916255E-01, -7.06439250000000E-01, -2.69066948823134E+01,  9.79300000000012E+01,  5.54657373288026E+02,  7.03316127726983E+02
 1.92541666700000E+03, -2.71639080159419E-01, -6.05129500000000E-01, -2.69505543059011E+01,  9.81100000000012E+01,  5.14901652007853E+02,  5.68262521748952E+02
 1.92550000000000E+03, -1.83103157506733E-01, -3.47392000000000E-01, -2.69946348999585E+01,  9.82900000000012E+01,  4.76056894882259E+02,  4.86514492944559E+02
 1.92558333300000E+03, -7.85223862894554E-02, -9.24355000000000E-02, -2.70389334723565E+01,  9.84700000000012E+01,  5.67413869081509E+02,  5.73284706444683E+02
 1.92566666700000E+03,  9.94140102151770E-02,  1.31309500000000E-01, -3.07249963093388E+01,  9.86500000000012E+01,  5.93296284662029E+02,  8.34910784762734E+02
 1.92575000000000E+03,  2.42056708550231E-01,  4.71796250000000E-01, -3.07751327808334E+01,  9.88300000000012E+01,  5.88469222059097E+02,  8.31335991421910E+02
 1.92583333300000E+03,  3.33988229487432E-01,  8.57251500000000E-01, -3.08251945446447E+01,  9.90100000000012E+01,  8.64668219262067E+02,  8.48884647442809E+02
 1.92591666700000E+03,  4.11674423088039E-01,  1.10428975000000E+00, -3.08751776270783E+01,  9.91900000000012E+01,  5.79561521218072E+02,  1.41030811741654E+03
 1.92600000000000E+03,  4.59476719130339E-01,  1.08860775000000E+00, -3.09250780614044E+01,  9.93700000000013E+01,  7.81138836672686E+02,  1.50151651948036E+03
 1.92608333300000E+03,  4.92042038318217E-01,  9.35952750000000E-01, -3.09748918882934E+01,  9.95500000000013E+01,  8.77830191308903E+02,  1.19864752467048E+03
 1.92616666700000E+03,  5.30632849782135E-01,  8.33122750000000E-01, -3.10246151562515E+01,  9.97300000000013E+01,  9.63283303520700E+02,  1.09785875531454E+03
 1.92625000000000E+03,  5.65614526527941E-01,  6.37206000000000E-01, -3.10742439220542E+01,  9.99100000000013E+01,  6.96558697419426E+02,  1.21278996997050E+03
 1.92633333300000E+03,  5.47038605531891E-01,  3.11553500000000E-01, -3.11237742511798E+01,  1.00090000000001E+02,  8.72402193652823E+02,  5.37551394093853E+02
 1.92641666700000E+03,  4.18362256166159E-01,  9.18749999999999E-03, -3.11732022182412E+01,  1.00270000000001E+02,  6.37522643916560E+02,  4.01308719057123E+02
 1.92650000000000E+03,  1.64882608324231E-01, -2.64919500000000E-01, -3.12225239074163E+01,  1.00450000000001E+02,  5.12436360205829E+02,  3.65261499878714E+02
 1.92658333300000E+03, -2.83436686606806E-01, -5.92738000000000E-01, -3.12717354128778E+01,  1.00630000000001E+02,  5.82175964703128E+02,  6.31301583140615E+02
 1.92666666700000E+03, -7.68103531592459E-01, -1.00249350000000E+00, -2.43171528091996E+01,  1.00810000000001E+02,  6.08460336498004E+02,  5.18620152616501E+02
 1.92675000000000E+03, -9.27919563070112E-01, -1.31103975000000E+00, -2.43015323840402E+01,  1.00990000000001E+02,  4.84873584872880E+02,  6.97489781260534E+02
 1.92683333300000E+03, -8.60313049694615E-01, -1.28889750000000E+00, -2.42861680611140E+01,  1.01170000000001E+02,  5.21480933527268E+02,  6.34271582136328E+02
 1.92691666700000E+03, -8.10834550522678E-01, -1.06381550000000E+00, -2.42710621845848E+01,  1.01350000000001E+02,  4.70719678857329E+02,  8.74797096584880E+02
 1.92700000000000E+03, -8.04618807315178E-01, -8.78573000000000E-01, -2.42562170858462E+01,  1.01530000000001E+02,  3.47211366916140E+02,  6.76416348685802E+02
 1.92708333300000E+03, -8.23069974912891E-01, -7.70879500000000E-01, -2.42416350831398E+01,  1.01710000000001E+02,  5.97778565761869E+02,  6.57442695583459E+02
 1.92716666700000E+03, -8.28375957630254E-01, -8.02637000000000E-01, -2.42273184811742E+01,  1.01890000000001E+02,  5.48445363091073E+02,  5.58277169871513E+02
 1.92725000000000E+03, -8.05611390420714E-01, -9.12707250000000E-01, -2.42132695707449E+01,  1.02070000000001E+02,  9.56335391463208E+02,  7.21146109117150E+02
 1.92733333300000E+03, -7.79239266181822E-01, -8.44575750000000E-01, -2.41994906283560E+01,  1.02250000000001E+02,  1.00112297084310E+03,  4.57290473600590E+02
 1.92741666700000E+03, -7.87066475919242E-01, -6.72475000000000E-01, -2.41859839158431E+01,  1.02430000000001E+02,  1.06953714039860E+03,  5.73404004267581E+02
 1.92750000000000E+03, -8.38026719772281E-01, -6.24198500000000E-01, -2.41727516799962E+01,  1.02610000000001E+02,  1.15525255518658E+03,  5.52641980313595E+02
 1.92758333300000E+03, -8.39457403991049E-01, -5.64511000000000E-01, -2.41597961521857E+01,  1.02790000000001E+02,  1.45594546738022E+03,  9.89156765279704E+02
 1.92766666700000E+03, -7.32968893909687E-01, -3.46298750000000E-01, -4.02815011942225E+01,  1.02970000000001E+02,  1.08607309623193E+03,  1.05224583242083E+03
 1.92775000000000E+03, -6.07953522655883E-01, -1.90972500000000E-01, -4.02929684533980E+01,  1.03150000000001E+02,  1.09172233598956E+03,  1.03817809235683E+03
 1.92783333300000E+03, -5.06431399619018E-01, -2.32715250000000E-01, -4.03040189714088E+01,  1.03330000000001E+02,  1.00960394381903E+03,  8.85457437915770E+02
 1.92791666700000E+03, -4.33244462525184E-01, -2.25357250000000E-01, -4.03146526592510E+01,  1.03510000000001E+02,  9.64654540868070E+02,  1.71068766770801E+03
 1.92800000000000E+03, -4.15083644487102E-01, -1.55096750000000E-01, -4.03248694682304E+01,  1.03690000000001E+02,  8.93267405979859E+02,  1.34244783864447E+03
 1.92808333300000E+03, -4.31857375155448E-01, -2.55764000000000E-01, -4.03346693898780E+01,  1.03870000000001E+02,  7.71218686402183E+02,  1.35445852573190E+03
 1.92816666700000E+03, -4.41422775695543E-01, -4.40341000000000E-01, -4.03440524558603E+01,  1.04050000000001E+02,  1.10578012676612E+03,  1.71059924367176E+03
 1.92825000000000E+03, -4.22775917952464E-01, -5.04410000000000E-01, -4.03530187378844E+01,  1.04230000000001E+02,  1.98566469672657E+03,  2.28343656006820E+03
 1.92833333300000E+03, -3.94206900465253E-01, -5.25009000000000E-01, -4.03615683475978E+01,  1.04410000000001E+02,  1.75575280211053E+03,  1.65138144153561E+03
 1.92841666700000E+03, -3.89018686532541E-01, -5.41804500000000E-01, -4.03697014364828E+01,  1.04590000000001E+02,  1.61468523099987E+03,  1.60994682382048E+03
 1.92850000000000E+03, -4.14700447077042E-01, -4.71536250000000E-01, -4.03774181957466E+01,  1.04770000000001E+02,  2.09888345583572E+03,  1.49693873426340E+03
 1.92858333300000E+03, -5.42191622469493E-01, -4.66824000000000E-01, -4.03847188562047E+01,  1.04950000000001E+02,  1.93308394231701E+03,  1.18301469822543E+03
 1.92866666700000E+03, -7.19381875567463E-01, -5.84044500000000E-01, -4.01865305810726E+01,  1.05130000000001E+02,  1.09702411117061E+03,  6.25731118779256E+02
 1.92875000000000E+03, -7.19520676684971E-01, -6.58783500000000E-01, -4.02009955191918E+01,  1.05310000000001E+02,  1.31248154014752E+03,  1.17424267299177E+03
 1.92883333300000E+03, -5.86670583533419E-01, -6.19563250000000E-01, -4.02150455566685E+01,  1.05490000000001E+02,  1.41279337273968E+03,  1.06524618673544E+03
 1.92891666700000E+03, -4.86777248640073E-01, -6.15513000000000E-01, -4.02286803119177E+01,  1.05670000000001E+02,  9.58639505820455E+02,  9.70518169970514E+02
 1.92900000000000E+03, -4.46569020885650E-01, -7.50098750000000E-01, -4.02418994441160E+01,  1.05850000000002E+02,  1.61153471730623E+03,  1.25962908993113E+03
 1.92908333300000E+03, -4.45832981056884E-01, -8.10998000000000E-01, -4.02547026531555E+01,  1.06030000000002E+02,  1.92925447229845E+03,  1.49387522410611E+03
 1.92916666700000E+03, -4.42178493046063E-01, -7.42261500000000E-01, -4.02670896795918E+01,  1.06210000000002E+02,  1.76191208733426E+03,  7.77688861973557E+02
 1.92925000000000E+03, -4.14258569510573E-01, -6.93710750000000E-01, -4.02790603045881E+01,  1.06390000000002E+02,  1.60606292188819E+03,  1.48883184714966E+03
 1.92933333300000E+03, -3.79953759961455E-01, -6.40220000000000E-01, -4.02906143498523E+01,  1.06570000000002E+02,  1.83420510535798E+03,  1.62853009337918E+03
 1.92941666700000E+03, -3.72116787480092E-01, -5.41810000000000E-01, -4.03017516775697E+01,  1.06750000000002E+02,  1.44269282438619E+03,  1.91259134813415E+03
 1.92950000000000E+03, -3.97768248261862E-01, -4.68236000000000E-01, -4.03124721903304E+01,  1.06930000000002E+02,  1.08190990514578E+03,  1.93766100849535E+03
 1.92958333300000E+03, -3.75698590542598E-01, -4.25581000000000E-01, -4.03227758310511E+01,  1.07110000000002E+02,  8.78814592886812E+02,  2.12461976163385E+03
 1.92966666700000E+03, -2.57716995601593E-01, -3.51316750000000E-01, -2.94595752863423E+01,  1.07290000000002E+02,  1.03070378131827E+03,  1.80730685348353E+03
 1.92975000000000E+03, -1.35846295141556E-01, -2.72948500000000E-01, -2.95102769389283E+01,  1.07470000000002E+02,  1.22795570579472E+03,  2.06732194180350E+03
 1.92983333300000E+03, -6.51398624202983E-02, -1.87191000000000E-01, -2.95610041575538E+01,  1.07650000000002E+02,  9.57430386238636E+02,  1.86516125461815E+03
 1.92991666700000E+03, -4.54355556427903E-02, -4.59785000000000E-02, -2.96117529376695E+01,  1.07830000000002E+02,  1.19876456963131E+03,  1.65031048446444E+03
 1.93000000000000E+03, -7.81560074557429E-02,  8.85312500000000E-02, -2.96625192706576E+01,  1.08010000000002E+02,  1.22716930778251E+03,  1.58932912882318E+03
 1.93008333300000E+03, -1.27446933349019E-01,  1.08772250000000E-01, -2.97132991442722E+01,  1.08190000000002E+02,  1.07276801114950E+03,  1.78766100996949E+03
 1.93016666700000E+03, -1.50059642065362E-01,  2.02327500000000E-02, -2.97640885430802E+01,  1.08370000000002E+02,  6.31730261067279E+02,  1.41037949659297E+03
 1.93025000000000E+03, -1.38912031744640E-01, -3.96475000000000E-02, -2.98148834489032E+01,  1.08550000000002E+02,  4.13219610857868E+02,  1.16309682379114E+03
 1.93033333300000E+03, -1.36715448666957E-01,  7.39737500000000E-02, -2.98656798412591E+01,  1.08730000000002E+02,  1.51538982333880E+02,  1.06582291903231E+03
 1.93041666700000E+03, -2.03560743984268E-01,  2.70292000000000E-01, -2.99164736978046E+01,  1.08910000000002E+02,  7.77146667872031E+02,  9.07538153337135E+02
 1.93050000000000E+03, -3.66700454084007E-01,  3.38803750000000E-01, -2.99672609947778E+01,  1.09090000000002E+02,  8.88554863851949E+02,  2.98194089799134E+02
 1.93058333300000E+03, -3.07866847403330E-01,  4.09274250000000E-01, -3.00180377074411E+01,  1.09270000000002E+02,  1.05174806332338E+03,  4.55997440104124E+02
 1.93066666700000E+03,  1.03229975580050E-01,  6.48501000000000E-01, -2.39018581584776E+01,  1.09450000000002E+02,  1.22255445319399E+03,  5.63890257068753E+02
 1.93075000000000E+03,  3.94748866338654E-01,  9.17934250000000E-01, -2.38993953031997E+01,  1.09630000000002E+02,  1.50824872786151E+03,  7.87297551940049E+02
 1.93083333300000E+03,  4.78557581352853E-01,  1.05215950000000E+00, -2.38972742914517E+01,  1.09810000000002E+02,  1.09642356362058E+03,  9.86128549455706E+02
 1.93091666700000E+03,  5.28154726790376E-01,  1.06591250000000E+00, -2.38954965745846E+01,  1.09990000000002E+02,  1.18546096492864E+03,  1.56585952600109E+03
 1.93100000000000E+03,  5.21957511602671E-01,  1.03109550000000E+00, -2.38940635761998E+01,  1.10170000000002E+02,  1.22625788753410E+03,  1.40810135578777E+03
 1.93108333300000E+03,  4.83239242749438E-01,  8.54718250000000E-01, -2.38929766918650E+01,  1.10350000000002E+02,  1.38366721672382E+03,  1.16652450205139E+03
 1.93116666700000E+03,  4.54329080523419E-01,  5.56038250000000E-01, -2.38922372888329E+01,  1.10530000000002E+02,  1.15583987174868E+03,  1.66589355388405E+03
 1.93125000000000E+03,  4.53341764601381E-01,  3.60951750000000E-01, -2.38918467057632E+01,  1.10710000000002E+02,  1.25213229469904E+03,  1.48783731599486E+03
 1.93133333300000E+03,  4.56956615622702E-01,  2.29306750000000E-01, -2.38918062524482E+01,  1.10890000000002E+02,  1.14131963908892E+03,  1.28337621837742E+03
 1.93141666700000E+03,  4.26378999640423E-01,  4.01975000000000E-02, -2.38921172095422E+01,  1.11070000000002E+02,  9.59229625164972E+02,  1.25383645890498E+03
 1.93150000000000E+03,  3.50107531110233E-01, -1.74580250000000E-01, -2.38927808282938E+01,  1.11250000000002E+02,  7.77903294204838E+02,  1.23673807891410E+03
 1.93158333300000E+03,  1.71395081365385E-01, -5.24859000000000E-01, -2.38937983302825E+01,  1.11430000000002E+02,  1.16209418397181E+03,  6.69034520636614E+02
 1.93166666700000E+03, -4.28154855692358E-02, -9.92871750000000E-01, -4.03978716815221E+01,  1.11610000000002E+02,  1.12897636354871E+03,  1.29131071843843E+03
 1.93175000000000E+03, -7.73344463231706E-02, -1.25224250000000E+00, -4.04039391528713E+01,  1.11790000000002E+02,  2.39450559575419E+03,  2.44662784366192E+03
 1.93183333300000E+03,  1.87659655503428E-02, -1.21595000000000E+00, -4.04095918292040E+01,  1.11970000000002E+02,  2.43390479477151E+03,  2.57252105143510E+03
 1.93191666700000E+03,  8.52602192884062E-02, -1.11672000000000E+00, -4.04148301362162E+01,  1.12150000000002E+02,  2.63962715913710E+03,  2.78065999443480E+03
 1.93200000000000E+03,  9.52122061734282E-02, -1.01624200000000E+00, -4.04196545384158E+01,  1.12330000000002E+02,  2.84759526016188E+03,  3.04366488818098E+03
 1.93208333300000E+03,  6.85328406548382E-02, -7.72291500000000E-01, -4.04240655389720E+01,  1.12510000000002E+02,  2.59425225430175E+03,  2.48957659090677E+03
 1.93216666700000E+03,  4.72483188391055E-02, -4.29216500000000E-01, -4.04280636795590E+01,  1.12690000000002E+02,  1.22801786512417E+03,  1.18285989075090E+03
 1.93225000000000E+03,  5.23065504650065E-02, -1.82344000000000E-01, -4.04316495401952E+01,  1.12870000000002E+02,  1.34540284686053E+03,  1.22804990316664E+03
 1.93233333300000E+03,  6.54167151239726E-02, -1.03150500000000E-01, -4.04348237390777E+01,  1.13050000000002E+02,  1.09008032164881E+03,  1.01771185615767E+03
 1.93241666700000E+03,  5.33236568900769E-02, -1.54657000000000E-01, -4.04375869324108E+01,  1.13230000000002E+02,  8.48690635155950E+02,  7.12234423708036E+02
 1.93250000000000E+03,  8.62695278219066E-03, -3.13417750000000E-01, -4.04399398142313E+01,  1.13410000000002E+02,  8.29909706142004E+02,  7.99251391451352E+02
 1.93258333300000E+03, -2.75610465956591E-01, -5.51228500000000E-01, -4.04418831162274E+01,  1.13590000000002E+02,  1.59760918646192E+03,  1.13741046763682E+03
 1.93266666700000E+03, -7.68324227743476E-01, -7.07042250000000E-01, -4.23318749985315E+01,  1.13770000000002E+02,  1.91961573887014E+03,  1.55943101693647E+03
 1.93275000000000E+03, -9.71457888495368E-01, -6.99124000000000E-01, -4.23769463687743E+01,  1.13950000000002E+02,  1.89227197774473E+03,  2.37448841523105E+03
 1.93283333300000E+03, -8.71374498884038E-01, -7.10786000000000E-01, -4.24217736524254E+01,  1.14130000000002E+02,  1.54698358768361E+03,  2.66722008396254E+03
 1.93291666700000E+03, -7.42039260277658E-01, -8.25445000000000E-01, -4.24663532121857E+01,  1.14310000000002E+02,  1.54003530989962E+03,  2.65877717848932E+03
 1.93300000000000E+03, -6.31207395022087E-01, -9.35080500000000E-01, -4.25106814374697E+01,  1.14490000000002E+02,  1.31573129304680E+03,  3.65865765107983E+03
 1.93308333300000E+03, -5.41363078101007E-01, -9.93858250000000E-01, -4.25547547448084E+01,  1.14670000000002E+02,  9.29150379195637E+02,  3.98665186125925E+03
 1.93316666700000E+03, -4.49473881737192E-01, -9.89220000000000E-01, -4.25985695782497E+01,  1.14850000000002E+02,  8.63733522785745E+02,  3.61996040482005E+03
 1.93325000000000E+03, -3.46472044886139E-01, -9.78201750000000E-01, -4.26421224097542E+01,  1.15030000000002E+02,  1.62225217352120E+03,  3.64974630238376E+03
 1.93333333300000E+03, -2.53646573798857E-01, -1.09606200000000E+00, -4.26854097395872E+01,  1.15210000000002E+02,  1.81827001355737E+03,  3.89027473291649E+03
 1.93341666700000E+03, -1.98760914617322E-01, -1.33972750000000E+00, -4.27284280967070E+01,  1.15390000000002E+02,  1.28113871391869E+03,  2.42493828198565E+03
 1.93350000000000E+03, -1.77535269411617E-01, -1.58207000000000E+00, -4.27711740391486E+01,  1.15570000000002E+02,  1.14286574031611E+03,  1.71189194301074E+03
 1.93358333300000E+03, -3.70338981019312E-01, -1.74271500000000E+00, -4.28136441544037E+01,  1.15750000000002E+02,  1.40851516421228E+03,  1.48169454918314E+03
 1.93366666700000E+03, -7.82256347076372E-01, -1.84910250000000E+00, -4.25205512968753E+01,  1.15930000000002E+02,  6.68966341726850E+02,  1.22511044656036E+03
 1.93375000000000E+03, -1.00047224757016E+00, -1.95543500000000E+00, -4.24850048780529E+01,  1.16110000000002E+02,  6.31315255664214E+02,  1.12994012520768E+03
 1.93383333300000E+03, -9.92865661311723E-01, -1.99248750000000E+00, -4.24493665457082E+01,  1.16290000000002E+02,  1.74268776084808E+03,  1.61089360571285E+03
 1.93391666700000E+03, -9.72280009895182E-01, -1.85012500000000E+00, -4.24136391979835E+01,  1.16470000000002E+02,  1.75696995096029E+03,  1.57446522951442E+03
 1.93400000000000E+03, -9.59799074950274E-01, -1.56059250000000E+00, -4.23778257203605E+01,  1.16650000000002E+02,  1.50583890394233E+03,  1.41793640563998E+03
 1.93408333300000E+03, -9.33283164185677E-01, -1.33190500000000E+00, -4.23419289852861E+01,  1.16830000000002E+02,  1.61926062540154E+03,  1.36893285052971E+03
 1.93416666700000E+03, -8.52402567067170E-01, -1.24228500000000E+00, -4.23059518518010E+01,  1.17010000000002E+02,  2.03578390853447E+03,  1.28415672750574E+03
 1.93425000000000E+03, -7.01833185834670E-01, -1.07284450000000E+00, -4.22698971651718E+01,  1.17190000000002E+02,  1.25553811329601E+03,  7.23703613247143E+02
 1.93433333300000E+03, -5.09122701482339E-01, -7.64357500000000E-01, -4.22337677565261E+01,  1.17370000000002E+02,  1.64678337523851E+03,  1.18998492075606E+03
 1.93441666700000E+03, -3.19827915742333E-01, -5.26234250000000E-01, -4.21975664424910E+01,  1.17550000000002E+02,  2.04383800195132E+03,  1.68836133749813E+03
 1.93450000000000E+03, -1.55823538599797E-01, -4.73590500000000E-01, -4.21612960248350E+01,  1.17730000000002E+02,  2.02646976632419E+03,  1.57815242525901E+03
 1.93458333300000E+03, -2.12041194653783E-01, -6.16950500000000E-01, -4.21249592901131E+01,  1.17910000000002E+02,  1.88151469349634E+03,  1.43260405210263E+03
 1.93466666700000E+03, -5.23066105710902E-01, -7.73781250000000E-01, -3.93147111415027E+01,  1.18090000000002E+02,  1.74014556832192E+03,  1.74373164693758E+03
 1.93475000000000E+03, -7.09376913147865E-01, -7.42540500000000E-01, -3.92800612886977E+01,  1.18270000000002E+02,  1.42030137234364E+03,  1.41796147413166E+03
 1.93483333300000E+03, -7.10978590081573E-01, -6.59538000000000E-01, -3.92454941934092E+01,  1.18450000000002E+02,  1.17602028189170E+03,  8.95078241991470E+02
 1.93491666700000E+03, -7.13622178279876E-01, -6.57810250000000E-01, -3.92110106527313E+01,  1.18630000000002E+02,  1.46629906368635E+03,  9.30965498484755E+02
 1.93500000000000E+03, -7.47234267949285E-01, -6.94830250000000E-01, -3.91766114346576E+01,  1.18810000000002E+02,  1.23425197756163E+03,  1.09117756590874E+03
 1.93508333300000E+03, -7.97553154449522E-01, -7.01927000000000E-01, -3.91422972781175E+01,  1.18990000000002E+02,  1.63872469976539E+03,  7.26689626268141E+02
 1.93516666700000E+03, -8.29795726870736E-01, -7.56478750000000E-01, -3.91080688930181E+01,  1.19170000000002E+02,  2.48018496133759E+03,  6.25087807205551E+02
 1.93525000000000E+03, -8.30629125803835E-01, -8.52745500000000E-01, -3.90739269602912E+01,  1.19350000000002E+02,  2.56314419353942E+03,  6.48657764096927E+02
 1.93533333300000E+03, -8.25112225760072E-01, -8.15014250000000E-01, -3.90398721319452E+01,  1.19530000000002E+02,  2.69423745905609E+03,  6.80079271725600E+02
 1.93541666700000E+03, -8.51359336186504E-01, -7.04209250000000E-01, -3.90059050311231E+01,  1.19710000000002E+02,  2.81254882502586E+03,  6.62688793204282E+02
 1.93550000000000E+03, -9.18946586279405E-01, -6.11988000000000E-01, -3.89720262521639E+01,  1.19890000000002E+02,  2.90858632308141E+03,  9.62181670012314E+02
 1.93558333300000E+03, -8.52968617584027E-01, -5.08235750000000E-01, -3.89382363606709E+01,  1.20070000000002E+02,  2.56742908665494E+03,  8.55699439991473E+02
 1.93566666700000E+03, -6.14652245770989E-01, -4.10502250000000E-01, -4.03155799366065E+01,  1.20250000000002E+02,  2.37751882812516E+03,  8.09466404568060E+02
 1.93575000000000E+03, -4.79453494687087E-01, -3.85644500000000E-01, -4.02893169657741E+01,  1.20430000000002E+02,  1.79048510786002E+03,  7.83136223843868E+02
 1.93583333300000E+03, -4.72122149856020E-01, -4.62604250000000E-01, -4.02630605096158E+01,  1.20610000000002E+02,  1.56500228444077E+03,  1.01415317606462E+03
 1.93591666700000E+03, -4.97581654334137E-01, -5.64206250000000E-01, -4.02368093246379E+01,  1.20790000000002E+02,  9.90596298428633E+02,  8.80801122115306E+02
 1.93600000000000E+03, -5.84335021878791E-01, -5.98568500000000E-01, -4.02105621738742E+01,  1.20970000000002E+02,  4.50428794026273E+02,  9.67606103257037E+02
 1.93608333300000E+03, -7.13200635189539E-01, -5.89120000000000E-01, -4.01843178272747E+01,  1.21150000000002E+02,  6.24787774919898E+02,  1.70356897792560E+03
 1.93616666700000E+03, -8.41747828361701E-01, -5.52679250000000E-01, -4.01580750620929E+01,  1.21330000000002E+02,  7.93043875987091E+02,  1.86858917889581E+03
 1.93625000000000E+03, -9.47291514308565E-01, -4.70236000000000E-01, -4.01318326632720E+01,  1.21510000000002E+02,  2.00172086442089E+03,  2.29439401794476E+03
 1.93633333300000E+03, -1.04498456057842E+00, -4.62229750000000E-01, -4.01055894238287E+01,  1.21690000000002E+02,  2.24152283513142E+03,  2.26774899494635E+03
 1.93641666700000E+03, -1.16362697009474E+00, -5.84229500000000E-01, -4.00793441452360E+01,  1.21870000000002E+02,  2.72514822720069E+03,  2.57601236403318E+03
 1.93650000000000E+03, -1.30508673176436E+00, -6.96743000000000E-01, -4.00530956378039E+01,  1.22050000000002E+02,  2.56542301323268E+03,  2.06955537218093E+03
 1.93658333300000E+03, -1.35680752610619E+00, -6.85698250000000E-01, -4.00268427210583E+01,  1.22230000000002E+02,  2.71568769882560E+03,  2.20155808873007E+03
 1.93666666700000E+03, -1.25638266377076E+00, -6.36179750000000E-01, -4.61017693409714E+01,  1.22410000000002E+02,  1.53385486454690E+03,  1.99058754487364E+03
 1.93675000000000E+03, -1.12573954061106E+00, -6.95532000000000E-01, -4.60739954097369E+01,  1.22590000000002E+02,  1.43385233926391E+03,  2.88674670418922E+03
 1.93683333300000E+03, -1.01601711943981E+00, -8.30756250000000E-01, -4.60462759504375E+01,  1.22770000000002E+02,  1.93242239518834E+03,  3.21575731024151E+03
 1.93691666700000E+03, -9.19879432032311E-01, -9.47269500000000E-01, -4.60186097014620E+01,  1.22950000000002E+02,  2.04005511605218E+03,  3.57164966007601E+03
 1.93700000000000E+03, -8.60837393904506E-01, -9.06911750000000E-01, -4.59909953926541E+01,  1.23130000000002E+02,  1.86908375067413E+03,  3.25314624728791E+03
 1.93708333300000E+03, -8.16509168326381E-01, -6.76767000000000E-01, -4.59634317457353E+01,  1.23310000000002E+02,  1.89097923714240E+03,  2.92099697975128E+03
 1.93716666700000E+03, -7.43666591638979E-01, -5.65349000000000E-01, -4.59359174747291E+01,  1.23490000000002E+02,  1.81871087531809E+03,  2.57060090517326E+03
 1.93725000000000E+03, -6.21640724395587E-01, -6.25488000000000E-01, -4.59084512863867E+01,  1.23670000000002E+02,  9.14537253569163E+02,  1.90340718359123E+03
 1.93733333300000E+03, -4.70574606312599E-01, -5.90759000000000E-01, -4.58810318806136E+01,  1.23850000000002E+02,  1.07222559257955E+03,  2.08881300481587E+03
 1.93741666700000E+03, -3.27114533256490E-01, -5.11751000000000E-01, -4.58536579508969E+01,  1.24030000000002E+02,  1.60836277787488E+03,  3.05065341711067E+03
 1.93750000000000E+03, -2.03433348269022E-01, -4.73442250000000E-01, -4.58263281847342E+01,  1.24210000000002E+02,  1.58849861863056E+03,  2.76504782834787E+03
 1.93758333300000E+03, -3.53639388206220E-01, -3.77707750000000E-01, -4.57990412640628E+01,  1.24390000000002E+02,  1.39899842602482E+03,  2.30493928676937E+03
 1.93766666700000E+03, -7.78181092559043E-01, -2.94629000000000E-01, -4.99038451632670E+01,  1.24570000000002E+02,  1.59608289509481E+03,  2.22948142369355E+03
 1.93775000000000E+03, -9.43020302400024E-01, -3.18636000000000E-01, -4.98922233662963E+01,  1.24750000000002E+02,  1.32376306624376E+03,  2.13444877817393E+03
 1.93783333300000E+03, -8.40450915109640E-01, -4.26921000000000E-01, -4.98802177653979E+01,  1.24930000000002E+02,  1.34886583725744E+03,  1.63423036165836E+03
 1.93791666700000E+03, -7.63798228860399E-01, -6.71247750000000E-01, -4.98678304667473E+01,  1.25110000000002E+02,  1.54104175213755E+03,  1.66163445205876E+03
 1.93800000000000E+03, -7.39585515573600E-01, -1.01987000000000E+00, -4.98550636079080E+01,  1.25290000000002E+02,  2.08108821663455E+03,  1.94115602325429E+03
 1.93808333300000E+03, -7.47717827057442E-01, -1.20594000000000E+00, -4.98419193574444E+01,  1.25470000000002E+02,  1.92387511946776E+03,  2.19865976538141E+03
 1.93816666700000E+03, -7.46260951361293E-01, -1.22959750000000E+00, -4.98283999145305E+01,  1.25650000000002E+02,  1.90104346100028E+03,  1.49182313933782E+03
 1.93825000000000E+03, -7.14653900196274E-01, -1.26209750000000E+00, -4.98145075085552E+01,  1.25830000000002E+02,  1.23287786908433E+03,  1.15428728424305E+03
 1.93833333300000E+03, -6.71857496255658E-01, -1.36496250000000E+00, -4.98002443987237E+01,  1.26010000000002E+02,  1.02532463953318E+03,  1.11339375026440E+03
 1.93841666700000E+03, -6.52037529942969E-01, -1.68259750000000E+00, -4.97856128736558E+01,  1.26190000000002E+02,  4.83091438921923E+02,  7.67139469944436E+02
 1.93850000000000E+03, -6.63675535226536E-01, -2.02270250000000E+00, -4.97706152509804E+01,  1.26370000000002E+02,  4.49450242138853E+02,  9.01456905515689E+02
 1.93858333300000E+03, -8.90674804586956E-01, -2.00151500000000E+00, -4.97552538769264E+01,  1.26550000000002E+02,  5.30955584693523E+02,  9.76305218731016E+02
 1.93866666700000E+03, -1.27736295627728E+00, -1.68425000000000E+00, -3.63404100367960E+01,  1.26730000000002E+02,  6.50658190010181E+02,  1.09119078805799E+03
 1.93875000000000E+03, -1.35706453097336E+00, -1.44823750000000E+00, -3.63106802300284E+01,  1.26910000000002E+02,  9.86434035685948E+02,  1.27129650805883E+03
 1.93883333300000E+03, -1.15495627096334E+00, -1.44407500000000E+00, -3.62809756434198E+01,  1.27090000000002E+02,  1.26268835581696E+03,  1.30754831716128E+03
 1.93891666700000E+03, -9.44250675320772E-01, -1.57026500000000E+00, -3.62512982363453E+01,  1.27270000000002E+02,  1.19193224733290E+03,  8.49564780650440E+02
 1.93900000000000E+03, -7.57449799851572E-01, -1.68132250000000E+00, -3.62216499913324E+01,  1.27450000000002E+02,  2.01655290597676E+03,  1.14134317297267E+03
 1.93908333300000E+03, -5.82465493957338E-01, -1.44505225000000E+00, -3.61920329138200E+01,  1.27630000000002E+02,  2.16461867899763E+03,  8.78274800206882E+02
 1.93916666700000E+03, -3.86780193935876E-01, -8.89151250000000E-01, -3.61624490319109E+01,  1.27810000000002E+02,  2.00460419312391E+03,  1.04689330590298E+03
 1.93925000000000E+03, -1.59924840066431E-01, -4.59403000000000E-01, -3.61329003961215E+01,  1.27990000000002E+02,  2.07625783381167E+03,  1.51132888613163E+03
 1.93933333300000E+03,  6.91553141667677E-02, -2.59870000000000E-01, -3.61033890791248E+01,  1.28170000000002E+02,  2.16703407627022E+03,  2.40857071551501E+03
 1.93941666700000E+03,  2.57176430945258E-01, -1.72334750000000E-01, -3.60739171754904E+01,  1.28350000000002E+02,  1.49812883758018E+03,  2.98632382674426E+03
 1.93950000000000E+03,  3.88071315783335E-01, -7.40387500000000E-02, -3.60444868014187E+01,  1.28530000000002E+02,  1.20947611781566E+03,  3.03790350761302E+03
 1.93958333300000E+03,  5.16376160718450E-01, -8.81775000000000E-02, -3.60151000944713E+01,  1.28710000000002E+02,  1.14292085889292E+03,  2.98668059747716E+03
 1.93966666700000E+03,  6.57650599531031E-01, -2.82643000000000E-01, -3.84276449825746E+01,  1.28890000000002E+02,  1.08080172493473E+03,  2.77467980402090E+03
 1.93975000000000E+03,  7.51791317395433E-01, -4.74613500000000E-01, -3.84370372325763E+01,  1.29070000000002E+02,  9.14909983007608E+02,  1.91906160459710E+03
 1.93983333300000E+03,  8.09416258416304E-01, -5.16182500000000E-01, -3.84468369661993E+01,  1.29250000000002E+02,  9.43643363784308E+02,  1.01813148895156E+03
 1.93991666700000E+03,  8.39577639504474E-01, -1.13872250000000E-01, -3.84570446914411E+01,  1.29430000000002E+02,  9.45913487812127E+02,  9.61534425181213E+02
 1.94000000000000E+03,  8.13958373984105E-01,  4.72729750000000E-01, -3.84676608746095E+01,  1.29610000000002E+02,  1.14306797001820E+03,  9.98084879546295E+02
 1.94008333300000E+03,  7.50706458485127E-01,  7.53353250000000E-01, -3.84786859401261E+01,  1.29790000000002E+02,  8.95607290904946E+02,  7.98383716013404E+02
 1.94016666700000E+03,  6.89837835161859E-01,  6.99848750000000E-01, -3.84901202703353E+01,  1.29970000000002E+02,  1.05708264821049E+03,  1.42413308004679E+03
 1.94025000000000E+03,  6.50208190609279E-01,  4.58161250000000E-01, -3.85019642053195E+01,  1.30150000000002E+02,  7.46116144495782E+02,  1.57487544492291E+03
 1.94033333300000E+03,  6.11534349316244E-01,  3.35042250000000E-01, -3.85142180427205E+01,  1.30330000000002E+02,  1.23913896168646E+03,  2.27614149797475E+03
 1.94041666700000E+03,  5.38851169447500E-01,  3.30412750000000E-01, -3.85268820375667E+01,  1.30510000000002E+02,  8.44198570056398E+02,  2.07377186058357E+03
 1.94050000000000E+03,  4.23497880777760E-01,  4.35077250000000E-01, -3.85399564021058E+01,  1.30690000000002E+02,  7.67951470108869E+02,  1.84853540941450E+03
 1.94058333300000E+03,  5.51718549293864E-01,  6.33159500000000E-01, -3.85534413056445E+01,  1.30870000000002E+02,  5.96917488152636E+02,  1.18824994140293E+03
 1.94066666700000E+03,  1.02208153405440E+00,  6.03570750000000E-01, -4.32820615083405E+01,  1.31050000000002E+02,  5.94997658472534E+02,  1.00315041068658E+03
 1.94075000000000E+03,  1.38624916958448E+00,  6.63422000000000E-01, -4.32535910973758E+01,  1.31230000000002E+02,  1.27122378581363E+02,  9.63479233193898E+02
 1.94083333300000E+03,  1.54055640707004E+00,  1.22236975000000E+00, -4.32250737337743E+01,  1.31410000000002E+02,  1.00577162713179E+02,  8.88360214593117E+02
 1.94091666700000E+03,  1.62254745622854E+00,  1.74562250000000E+00, -4.31965093943181E+01,  1.31590000000002E+02,  3.58164760136953E+02,  9.47891260952104E+02
 1.94100000000000E+03,  1.60503159242492E+00,  1.88660500000000E+00, -4.31678980838892E+01,  1.31770000000002E+02,  3.58941127828804E+02,  1.19013664928085E+03
 1.94108333300000E+03,  1.51010307166056E+00,  1.77651250000000E+00, -4.31392398356273E+01,  1.31950000000002E+02,  3.96918112973712E+02,  1.27230788034927E+03
 1.94116666700000E+03,  1.38421403589430E+00,  1.38554800000000E+00, -4.31105347110830E+01,  1.32130000000002E+02,  4.87977570671741E+02,  8.25176229628846E+02
 1.94125000000000E+03,  1.25461096879241E+00,  1.00284400000000E+00, -4.30817828003645E+01,  1.32310000000003E+02,  5.23165002028901E+02,  7.42633344276586E+02
 1.94133333300000E+03,  1.11066007011022E+00,  8.21925250000000E-01, -4.30529842222794E+01,  1.32490000000003E+02,  4.97403349403107E+02,  1.04872553665764E+03
 1.94141666700000E+03,  9.27506823085321E-01,  6.42757750000000E-01, -4.30241391244702E+01,  1.32670000000003E+02,  5.79918845357732E+02,  8.40986253987447E+02
 1.94150000000000E+03,  7.06232609142748E-01,  4.92661750000000E-01, -4.29952476835452E+01,  1.32850000000003E+02,  6.45581591349319E+02,  7.92464893900473E+02
 1.94158333300000E+03,  2.94128105131688E-01,  4.08054250000000E-01, -4.29663101052017E+01,  1.33030000000003E+02,  5.48718682139978E+02,  5.90950569670467E+02
 1.94166666700000E+03, -2.38539028710367E-01,  4.07383000000000E-01, -3.86636188918502E+01,  1.33210000000003E+02,  5.48427342873634E+02,  5.87358388066358E+02
 1.94175000000000E+03, -4.71873475981264E-01,  6.13529000000000E-01, -3.86804947241099E+01,  1.33390000000003E+02,  6.91233343160125E+02,  3.04147701490472E+02
 1.94183333300000E+03, -4.63894472968858E-01,  8.81199500000000E-01, -3.86977805985571E+01,  1.33570000000003E+02,  7.26483415328981E+02,  3.10268228618567E+02
 1.94191666700000E+03, -4.82896323077749E-01,  8.64282000000000E-01, -3.87154762361906E+01,  1.33750000000003E+02,  8.33702083112928E+02,  5.00520402046871E+02
 1.94200000000000E+03, -5.54338855785620E-01,  5.23162000000000E-01, -3.87335813136854E+01,  1.33930000000003E+02,  7.78608633180469E+02,  5.32010629670423E+02
 1.94208333300000E+03, -6.56618472513230E-01,  2.34735250000000E-01, -3.87520954633082E+01,  1.34110000000003E+02,  9.04348847451394E+02,  1.03388514805364E+03
 1.94216666700000E+03, -7.45921033563222E-01,  1.78260750000000E-01, -3.87710182728397E+01,  1.34290000000003E+02,  8.08952059802687E+02,  1.14299154973459E+03
 1.94225000000000E+03, -7.99563488528390E-01,  9.66017500000000E-02, -3.87903492855034E+01,  1.34470000000003E+02,  8.51553280499051E+02,  1.13015023796828E+03
 1.94233333300000E+03, -8.34316971444929E-01, -1.96681750000000E-01, -3.88100879999000E+01,  1.34650000000003E+02,  1.33088103627412E+03,  1.43016103221268E+03
 1.94241666700000E+03, -8.82294393912969E-01, -6.97749000000000E-01, -3.88302338699494E+01,  1.34830000000003E+02,  1.44242602874859E+03,  1.54571154954358E+03
 1.94250000000000E+03, -9.50275778575904E-01, -1.29694600000000E+00, -3.88507863048385E+01,  1.35010000000003E+02,  1.26405265183134E+03,  1.07339804041320E+03
 1.94258333300000E+03, -1.07015503148160E+00, -1.78499250000000E+00, -3.88717446689753E+01,  1.35190000000003E+02,  1.07672839610294E+03,  9.10219064454265E+02
 1.94266666700000E+03, -1.19991429735577E+00, -2.06708250000000E+00, -3.88526247441133E+01,  1.35370000000003E+02,  1.15580113436163E+03,  1.20704940166534E+03
 1.94275000000000E+03, -1.19961129922617E+00, -2.15767000000000E+00, -3.88736190006204E+01,  1.35550000000003E+02,  4.94195259394514E+02,  8.05035547384391E+02
 1.94283333300000E+03, -1.10191313063313E+00, -2.14356750000000E+00, -3.88950184435897E+01,  1.35730000000003E+02,  6.99408746512582E+02,  1.19074107286541E+03
 1.94291666700000E+03, -1.02466837401277E+00, -2.14882500000000E+00, -3.89168223437903E+01,  1.35910000000003E+02,  8.05971711194858E+02,  1.50617846748037E+03
 1.94300000000000E+03, -9.97110005266221E-01, -2.18605500000000E+00, -3.89390299271125E+01,  1.36090000000003E+02,  7.30039522345190E+02,  1.74825832448793E+03
 1.94308333300000E+03, -1.00169771603392E+00, -2.02993750000000E+00, -3.89616403745490E+01,  1.36270000000003E+02,  5.54726323822046E+02,  1.45496659013061E+03
 1.94316666700000E+03, -9.98676097336556E-01, -1.58674000000000E+00, -3.89846528221823E+01,  1.36450000000003E+02,  6.54921189656319E+02,  1.32551842157317E+03
 1.94325000000000E+03, -9.69082269383797E-01, -1.09702700000000E+00, -3.90080663611785E+01,  1.36630000000003E+02,  4.83543377530552E+02,  1.24797674114889E+03
 1.94333333300000E+03, -9.32722408094372E-01, -6.89972500000000E-01, -3.90318800377880E+01,  1.36810000000003E+02,  3.71264476971016E+02,  1.16646413049696E+03
 1.94341666700000E+03, -9.23732452011119E-01, -4.22801750000000E-01, -3.90560928533527E+01,  1.36990000000003E+02,  5.01262365925776E+02,  1.27395686770633E+03
 1.94350000000000E+03, -9.49631681272618E-01, -3.23040750000000E-01, -3.90807037643197E+01,  1.37170000000003E+02,  5.88975579934731E+02,  1.22539915798317E+03
 1.94358333300000E+03, -1.04499269780463E+00, -4.07009000000000E-01, -3.91057116822607E+01,  1.37350000000003E+02,  4.62650347682130E+02,  1.41688070843712E+03
 1.94366666700000E+03, -1.15175233936276E+00, -6.82035250000000E-01, -4.86067564156433E+01,  1.37530000000003E+02,  3.22563102554452E+02,  1.15838842991336E+03
 1.94375000000000E+03, -1.10825227942314E+00, -8.63849250000000E-01, -4.85719377208508E+01,  1.37710000000003E+02,  3.77192639647829E+02,  1.19333738101589E+03
 1.94383333300000E+03, -9.60726252276238E-01, -8.03926000000000E-01, -4.85372135375757E+01,  1.37890000000003E+02,  6.87283700045466E+02,  1.07195614533009E+03
 1.94391666700000E+03, -8.39199366209096E-01, -7.05493000000000E-01, -4.85025844322160E+01,  1.38070000000003E+02,  9.32398135209739E+02,  1.43399411058300E+03
 1.94400000000000E+03, -7.63495065503153E-01, -5.70906250000000E-01, -4.84680509391392E+01,  1.38250000000003E+02,  2.01119609274148E+03,  1.70650530067458E+03
 1.94408333300000E+03, -7.06244615969901E-01, -2.46603000000000E-01, -4.84336135607809E+01,  1.38430000000003E+02,  2.06042491418751E+03,  1.61796196123354E+03
 1.94416666700000E+03, -6.19017871604792E-01,  1.17326000000000E-01, -4.83992727677507E+01,  1.38610000000003E+02,  2.33469633144714E+03,  1.69175641767058E+03
 1.94425000000000E+03, -4.76770491112693E-01,  2.02626500000000E-01, -4.83650289989429E+01,  1.38790000000003E+02,  2.40170748226388E+03,  1.52262321564970E+03
 1.94433333300000E+03, -2.96942456844399E-01,  2.90997500000000E-02, -4.83308826616538E+01,  1.38970000000003E+02,  2.44070840953577E+03,  2.01967360621844E+03
 1.94441666700000E+03, -1.15682482064865E-01, -8.36720000000000E-02, -4.82968341317046E+01,  1.39150000000003E+02,  1.70261202631151E+03,  1.62759559188811E+03
 1.94450000000000E+03,  5.29742604789437E-02, -1.30407750000000E-01, -4.82628837535705E+01,  1.39330000000003E+02,  1.72293755865625E+03,  1.65596772208876E+03
 1.94458333300000E+03, -9.64143087889321E-02, -3.61580750000000E-01, -4.82290318405148E+01,  1.39510000000003E+02,  2.15297704309613E+03,  2.22335171408060E+03
 1.94466666700000E+03, -5.88337215024996E-01, -7.87841250000000E-01, -4.95843255033127E+01,  1.39690000000003E+02,  2.05379217532202E+03,  3.35162021576898E+03
 1.94475000000000E+03, -8.13482037107123E-01, -1.09629475000000E+00, -4.96046492551947E+01,  1.39870000000003E+02,  1.68848550910061E+03,  2.56863978060824E+03
 1.94483333300000E+03, -7.39922289335060E-01, -1.05787250000000E+00, -4.96245421727000E+01,  1.40050000000003E+02,  1.49584378643545E+03,  2.65283726002094E+03
 1.94491666700000E+03, -6.86581975361386E-01, -9.24260750000000E-01, -4.96440032670459E+01,  1.40230000000003E+02,  1.50420364663542E+03,  2.99387610402809E+03
 1.94500000000000E+03, -6.80453101222583E-01, -9.08403750000000E-01, -4.96630315953890E+01,  1.40410000000003E+02,  8.69148095147880E+02,  2.11572763143028E+03
 1.94508333300000E+03, -7.01625389789747E-01, -9.70802750000000E-01, -4.96816262608524E+01,  1.40590000000003E+02,  6.72989437824564E+02,  1.13323749983021E+03
 1.94516666700000E+03, -7.08220584215350E-01, -1.03896725000000E+00, -4.96997864125458E+01,  1.40770000000003E+02,  6.25275423587008E+02,  1.16265901088491E+03
 1.94525000000000E+03, -6.79781253827047E-01, -8.80542000000000E-01, -4.97175112455800E+01,  1.40950000000003E+02,  4.77536390911547E+02,  1.01283774491329E+03
 1.94533333300000E+03, -6.35583242569851E-01, -7.46841500000000E-01, -4.97348000010739E+01,  1.41130000000003E+02,  6.03130384482525E+02,  6.31011737483652E+02
 1.94541666700000E+03, -6.10442220457078E-01, -9.36522500000000E-01, -4.97516519661561E+01,  1.41310000000003E+02,  6.92874896403919E+02,  7.28592113471989E+02
 1.94550000000000E+03, -6.13888256249231E-01, -1.00964050000000E+00, -4.97680664739589E+01,  1.41490000000003E+02,  1.07153459394354E+03,  1.45647841060635E+03
 1.94558333300000E+03, -7.91300447672177E-01, -8.69492000000000E-01, -4.97840429036071E+01,  1.41670000000003E+02,  1.07453271235439E+03,  1.39642121456110E+03
 1.94566666700000E+03, -1.11146788726573E+00, -1.07996950000000E+00, -3.88231295857351E+01,  1.41850000000003E+02,  1.13048188858482E+03,  1.41791704162977E+03
 1.94575000000000E+03, -1.21828297549670E+00, -1.27453775000000E+00, -3.88056091090050E+01,  1.42030000000003E+02,  1.48422821033692E+03,  1.87911715835242E+03
 1.94583333300000E+03, -1.12691894779172E+00, -7.54882750000000E-01, -3.87883563555194E+01,  1.42210000000003E+02,  1.56767464620840E+03,  1.95626139445041E+03
 1.94591666700000E+03, -1.05147695536621E+00, -3.09862750000000E-01, -3.87713740608881E+01,  1.42390000000003E+02,  1.15225400823275E+03,  1.02507679115671E+03
 1.94600000000000E+03, -1.01905993166103E+00, -5.57075750000000E-01, -3.87546649475857E+01,  1.42570000000003E+02,  2.02052399552199E+03,  1.17935099590679E+03
 1.94608333300000E+03, -1.01021967588932E+00, -9.72135750000000E-01, -3.87382317244715E+01,  1.42750000000003E+02,  2.14150292849259E+03,  1.15823531251887E+03
 1.94616666700000E+03, -9.83649920017932E-01, -9.41837500000000E-01, -3.87220770863089E+01,  1.42930000000003E+02,  1.61964654075909E+03,  8.21571043263908E+02
 1.94625000000000E+03, -9.19336942427478E-01, -5.78669000000000E-01, -3.87062037132874E+01,  1.43110000000003E+02,  1.35605285882483E+03,  6.12283454859485E+02
 1.94633333300000E+03, -8.36675022272265E-01, -5.26594000000000E-01, -3.86906142705447E+01,  1.43290000000003E+02,  1.44780447617086E+03,  6.68404429684398E+02
 1.94641666700000E+03, -7.70146942736547E-01, -9.35284750000000E-01, -3.86753114076906E+01,  1.43470000000003E+02,  1.14447108046181E+03,  1.19377415589076E+03
 1.94650000000000E+03, -7.28461339550463E-01, -1.45949500000000E+00, -3.86602977583321E+01,  1.43650000000003E+02,  1.71728996340492E+03,  1.27541442264860E+03
 1.94658333300000E+03, -5.49333481695782E-01, -1.77508000000000E+00, -3.86455759396000E+01,  1.43830000000003E+02,  1.82967351666119E+03,  1.36793666920607E+03
 1.94666666700000E+03, -2.52571662950301E-01, -1.57069800000000E+00, -4.54000210046464E+01,  1.44010000000003E+02,  2.29193197180925E+03,  1.73141332271279E+03
 1.94675000000000E+03, -1.48068646098001E-01, -1.05010400000000E+00, -4.53732327881563E+01,  1.44190000000003E+02,  2.11203481177441E+03,  2.33926289703792E+03
 1.94683333300000E+03, -2.00701981710617E-01, -5.05806500000000E-01, -4.53464648818736E+01,  1.44370000000003E+02,  2.09758308276090E+03,  1.94224326644569E+03
 1.94691666700000E+03, -2.64678935308667E-01, -7.14960000000000E-02, -4.53197159410458E+01,  1.44550000000003E+02,  1.51708386542006E+03,  2.19980307712512E+03
 1.94700000000000E+03, -3.64260988477388E-01, -7.41857500000000E-02, -4.52929846234791E+01,  1.44730000000003E+02,  1.83874105734794E+03,  2.20940626969672E+03
 1.94708333300000E+03, -4.78493733995548E-01, -1.81570250000000E-01, -4.52662695899681E+01,  1.44910000000003E+02,  1.98523408604393E+03,  2.05945260076001E+03
 1.94716666700000E+03, -5.65883114898259E-01, -1.69857000000000E-01, -4.52395695047252E+01,  1.45090000000003E+02,  2.70424057654827E+03,  1.70037072376358E+03
 1.94725000000000E+03, -6.07416146862387E-01, -1.01613500000000E-01, -4.52128830358086E+01,  1.45270000000003E+02,  2.55343421510013E+03,  1.89525580704489E+03
 1.94733333300000E+03, -6.24447460653789E-01, -2.29572500000000E-02, -4.51862088555495E+01,  1.45450000000003E+02,  2.47179103328954E+03,  1.79488846569543E+03
 1.94741666700000E+03, -6.54073517516713E-01, -1.99211750000000E-01, -4.51595456409787E+01,  1.45630000000003E+02,  2.15241707777851E+03,  1.82276880198192E+03
 1.94750000000000E+03, -7.07913723471108E-01, -5.17785000000000E-01, -4.51328920742513E+01,  1.45810000000003E+02,  1.53279180643993E+03,  1.65037351710257E+03
 1.94758333300000E+03, -6.70782225968347E-01, -6.98900250000000E-01, -4.51062468430707E+01,  1.45990000000003E+02,  8.45452159209265E+02,  1.72978002219486E+03
 1.94766666700000E+03, -4.72459767663063E-01, -9.57276000000000E-01, -4.95110620066551E+01,  1.46170000000003E+02,  5.82231871524575E+02,  1.18004571102855E+03
 1.94775000000000E+03, -2.40326756119024E-01, -1.46681725000000E+00, -4.94741494417850E+01,  1.46350000000003E+02,  4.86533990125930E+02,  1.03164995055086E+03
 1.94783333300000E+03, -3.06301547849636E-02, -1.38382725000000E+00, -4.94373064466798E+01,  1.46530000000003E+02,  4.48071810105870E+02,  6.78283538205589E+02
 1.94791666700000E+03,  1.54795765802808E-01, -5.02188000000000E-01, -4.94005344076637E+01,  1.46710000000003E+02,  5.19873701697768E+02,  7.22531067036045E+02
 1.94800000000000E+03,  2.73013565777686E-01,  1.34308750000000E-01, -4.93638346785548E+01,  1.46890000000003E+02,  4.04124625402084E+02,  3.96186743903569E+02
 1.94808333300000E+03,  3.27619846777277E-01,  2.57249999999998E-03, -4.93272085806076E+01,  1.47070000000003E+02,  6.07258592207745E+02,  7.19740056063329E+02
 1.94816666700000E+03,  3.46199207184713E-01, -3.12769500000000E-01, -4.92906574024635E+01,  1.47250000000003E+02,  7.67885888934004E+02,  7.27421103401225E+02
 1.94825000000000E+03,  3.39088637371070E-01, -1.04844500000000E-01, -4.92541824001068E+01,  1.47430000000003E+02,  8.15950341049516E+02,  1.05601421262518E+03
 1.94833333300000E+03,  2.82675458716227E-01, -2.57097500000000E-02, -4.92177847968268E+01,  1.47610000000003E+02,  8.93036173689545E+02,  9.81790402756794E+02
 1.94841666700000E+03,  1.44435208846000E-01, -5.58511000000000E-01, -4.91814657831866E+01,  1.47790000000003E+02,  1.11015518052461E+03,  1.10532244628769E+03
 1.94850000000000E+03, -7.62739453883875E-02, -1.05334825000000E+00, -4.91452265169983E+01,  1.47970000000003E+02,  1.14722181553453E+03,  2.10955723038094E+03
 1.94858333300000E+03, -4.72149818740950E-01, -1.25917000000000E+00, -4.91090681233038E+01,  1.48150000000003E+02,  1.10290574962870E+03,  2.04472117452816E+03
 1.94866666700000E+03, -9.14807215501694E-01, -1.37886500000000E+00, -4.36936336900986E+01,  1.48330000000003E+02,  1.60614594572754E+03,  2.05145857640142E+03
 1.94875000000000E+03, -1.03118824228462E+00, -1.49372250000000E+00, -4.37286751529964E+01,  1.48510000000003E+02,  2.15937614373446E+03,  2.96659330480207E+03
 1.94883333300000E+03, -9.14064153846728E-01, -1.34672750000000E+00, -4.37633670379307E+01,  1.48690000000003E+02,  2.26431391295864E+03,  3.32308813204419E+03
 1.94891666700000E+03, -8.26399268932593E-01, -9.00283000000000E-01, -4.37977068026332E+01,  1.48870000000003E+02,  2.06731985862623E+03,  2.83941724679936E+03
 1.94900000000000E+03, -8.03216935182643E-01, -6.70575500000000E-01, -4.38316919427226E+01,  1.49050000000003E+02,  2.03958648352646E+03,  2.95057687945856E+03
 1.94908333300000E+03, -8.29228264943627E-01, -6.51522000000000E-01, -4.38653199919523E+01,  1.49230000000003E+02,  1.41591866045014E+03,  3.42624059018455E+03
 1.94916666700000E+03, -8.63316385157905E-01, -5.13468750000000E-01, -4.38985885224527E+01,  1.49410000000003E+02,  7.31838661833299E+02,  2.47128182684083E+03
 1.94925000000000E+03, -8.81979952113176E-01, -5.26175500000000E-01, -4.39314951449685E+01,  1.49590000000003E+02,  3.98479193904246E+02,  2.29807838678095E+03
 1.94933333300000E+03, -8.98159582169705E-01, -8.48178250000000E-01, -4.39640375090897E+01,  1.49770000000003E+02,  7.52394185834556E+02,  1.84187042835345E+03
 1.94941666700000E+03, -9.37924989099707E-01, -1.08829950000000E+00, -4.39962133034783E+01,  1.49950000000003E+02,  9.65578831561371E+02,  2.23261321939645E+03
 1.94950000000000E+03, -1.00077218765344E+00, -1.04514925000000E+00, -4.40280202560888E+01,  1.50130000000003E+02,  1.23044273432697E+03,  1.48970094396965E+03
 1.94958333300000E+03, -1.09436803632558E+00, -9.27991000000000E-01, -4.40594561343830E+01,  1.50310000000003E+02,  1.39365592429049E+03,  1.48661436292660E+03
 1.94966666700000E+03, -1.18345590501002E+00, -9.67696750000000E-01, -4.15185989406243E+01,  1.50490000000003E+02,  1.70563559193563E+03,  1.63916638445919E+03
 1.94975000000000E+03, -1.17801351857725E+00, -1.22883000000000E+00, -4.14907414424131E+01,  1.50670000000003E+02,  1.37552781611247E+03,  1.63516346112768E+03
 1.94983333300000E+03, -1.11105756343808E+00, -1.61839500000000E+00, -4.14629464633397E+01,  1.50850000000003E+02,  1.98018649155132E+03,  1.13329529254666E+03
 1.94991666700000E+03, -1.07838020364651E+00, -1.92483750000000E+00, -4.14352128762271E+01,  1.51030000000003E+02,  2.74744407407412E+03,  1.40352293687952E+03
 1.95000000000000E+03, -1.10873167178812E+00, -1.93215250000000E+00, -4.14075395426406E+01,  1.51210000000003E+02,  2.97960586473027E+03,  1.95745356136922E+03
 1.95008333300000E+03, -1.18177771331461E+00, -1.68375250000000E+00, -4.13799253132690E+01,  1.51390000000003E+02,  2.74294862007857E+03,  2.12723856138261E+03
 1.95016666700000E+03, -1.25289867768564E+00, -1.46258250000000E+00, -4.13523690283078E+01,  1.51570000000003E+02,  2.65485637242970E+03,  2.13900202673459E+03
 1.95025000000000E+03, -1.29668355066395E+00, -1.46533250000000E+00, -4.13248695178445E+01,  1.51750000000003E+02,  2.12493412511490E+03,  2.12248923922288E+03
 1.95033333300000E+03, -1.32557950398822E+00, -1.45550250000000E+00, -4.12974256022442E+01,  1.51930000000003E+02,  1.31248294908927E+03,  1.76243192175041E+03
 1.95041666700000E+03, -1.36623598822716E+00, -1.19596800000000E+00, -4.12700360925384E+01,  1.52110000000003E+02,  1.31645712528116E+03,  1.49198347521405E+03
 1.95050000000000E+03, -1.41936692253841E+00, -9.66910250000000E-01, -4.12426997908142E+01,  1.52290000000003E+02,  1.80804636190993E+03,  1.31360663213453E+03
 1.95058333300000E+03, -1.45940542903341E+00, -9.45534000000000E-01, -4.12154154906050E+01,  1.52470000000003E+02,  2.72463498931670E+03,  1.51647675544667E+03
 1.95066666700000E+03, -1.44606872313212E+00, -9.76717250000000E-01, -3.99405755500431E+01,  1.52650000000003E+02,  2.37269707136981E+03,  1.52243297838377E+03
 1.95075000000000E+03, -1.34720363690900E+00, -1.02694350000000E+00, -3.99142906148226E+01,  1.52830000000003E+02,  2.37224704751734E+03,  1.71740205938827E+03
 1.95083333300000E+03, -1.19016794965006E+00, -1.14266550000000E+00, -3.98879952004756E+01,  1.53010000000003E+02,  2.23987672314334E+03,  2.29567283206069E+03
 1.95091666700000E+03, -1.03635730615301E+00, -1.25477000000000E+00, -3.98616881929903E+01,  1.53190000000003E+02,  1.98317224487455E+03,  1.73098610813409E+03
 1.95100000000000E+03, -9.16650840074825E-01, -1.23336000000000E+00, -3.98353684902696E+01,  1.53370000000003E+02,  1.07861203065690E+03,  1.42174765050913E+03
 1.95108333300000E+03, -8.16154852334316E-01, -9.28495000000000E-01, -3.98090350024915E+01,  1.53550000000003E+02,  1.12128637021099E+03,  2.35717268009388E+03
 1.95116666700000E+03, -6.98658214952044E-01, -4.56982000000000E-01, -3.97826866524689E+01,  1.53730000000003E+02,  9.44021801955115E+02,  2.21555185474134E+03
 1.95125000000000E+03, -5.49497695674905E-01, -1.18703750000000E-01, -3.97563223760047E+01,  1.53910000000003E+02,  6.69542201056719E+02,  1.63728179494112E+03
 1.95133333300000E+03, -3.93359625906458E-01,  5.80225000000000E-02, -3.97299411222461E+01,  1.54090000000003E+02,  3.67197740665537E+02,  1.90657619273533E+03
 1.95141666700000E+03, -2.69639785476125E-01,  1.99963000000000E-01, -3.97035418540352E+01,  1.54270000000003E+02,  2.48122982557205E+02,  1.86007336971793E+03
 1.95150000000000E+03, -1.91275979291545E-01,  2.88922000000000E-01, -3.96771235482572E+01,  1.54450000000003E+02,  5.29923983221626E+02,  1.29516092581265E+03
 1.95158333300000E+03, -3.46705694268066E-01,  3.23061750000000E-01, -3.96506851961862E+01,  1.54630000000003E+02,  9.24037625992106E+02,  1.28282022282960E+03
 1.95166666700000E+03, -6.98425400189278E-01,  4.30820500000000E-01, -4.95846998515055E+01,  1.54810000000003E+02,  1.04640276025361E+03,  1.53499355315664E+03
 1.95175000000000E+03, -7.95542287805418E-01,  5.47776000000000E-01, -4.95655444167225E+01,  1.54990000000003E+02,  1.28614758267064E+03,  1.33034907413125E+03
 1.95183333300000E+03, -6.48839534385059E-01,  5.33296250000000E-01, -4.95460551080314E+01,  1.55170000000003E+02,  1.26418362330626E+03,  1.68733011665505E+03
 1.95191666700000E+03, -5.15124916471374E-01,  3.60881500000000E-01, -4.95262346017931E+01,  1.55350000000003E+02,  1.17067370298798E+03,  1.59435731550839E+03
 1.95200000000000E+03, -4.22339317869164E-01,  1.46973250000000E-01, -4.95060855969853E+01,  1.55530000000003E+02,  8.71954290982757E+02,  2.23600188535351E+03
 1.95208333300000E+03, -3.52427432009979E-01,  1.56440000000000E-02, -4.94856108147506E+01,  1.55710000000003E+02,  7.16258023795623E+02,  1.73792481710509E+03
 1.95216666700000E+03, -2.66064086400091E-01, -5.86750000000000E-03, -4.94648129979434E+01,  1.55890000000003E+02,  6.71356930968976E+02,  2.19557176731524E+03
 1.95225000000000E+03, -1.45796403264747E-01,  2.78250000000000E-02, -4.94436949106737E+01,  1.56070000000003E+02,  1.12588580596462E+03,  2.31919784308089E+03
 1.95233333300000E+03, -1.41054945562017E-02, -8.70985000000000E-02, -4.94222593378492E+01,  1.56250000000003E+02,  1.13634467005365E+03,  2.37621480050541E+03
 1.95241666700000E+03,  9.10131699858282E-02, -3.70769750000000E-01, -4.94005090847155E+01,  1.56430000000003E+02,  9.63405094412338E+02,  1.87064761797813E+03
 1.95250000000000E+03,  1.57057188382699E-01, -5.60460750000000E-01, -4.93784469763938E+01,  1.56610000000003E+02,  1.06490390759471E+03,  1.90415055654655E+03
 1.95258333300000E+03, -8.09708405687434E-02, -5.22261250000000E-01, -4.93560758574172E+01,  1.56790000000003E+02,  8.56610781995858E+02,  1.43680333363488E+03
 1.95266666700000E+03, -5.61654568715247E-01, -4.21994500000000E-01, -4.41470999412784E+01,  1.56970000000003E+02,  4.25879264037358E+02,  8.63980694663366E+02
 1.95275000000000E+03, -6.58888998802347E-01, -4.76655750000000E-01, -4.41770857215236E+01,  1.57150000000003E+02,  6.88695986020904E+02,  5.54078943186320E+02
 1.95283333300000E+03, -4.12680762040924E-01, -5.46275750000000E-01, -4.42066901595928E+01,  1.57330000000003E+02,  9.60061060249663E+02,  4.95694060606442E+02
 1.95291666700000E+03, -1.87775260625997E-01, -3.05926000000000E-01, -4.42359112582300E+01,  1.57510000000003E+02,  1.19040430093517E+03,  5.28347675739026E+02
 1.95300000000000E+03, -1.97426277160554E-02,  7.06565000000000E-02, -4.42647470610113E+01,  1.57690000000003E+02,  1.21548924780864E+03,  4.84370280290981E+02
 1.95308333300000E+03,  1.02690795453561E-01,  2.58872750000000E-01, -4.42931956525155E+01,  1.57870000000003E+02,  1.30345704542457E+03,  5.96118583412859E+02
 1.95316666700000E+03,  2.13576651656348E-01,  3.13313500000000E-01, -4.43212551584896E+01,  1.58050000000003E+02,  8.25391810649350E+02,  6.06867766420172E+02
 1.95325000000000E+03,  3.27103928151688E-01,  3.65129000000000E-01, -4.43489237460083E+01,  1.58230000000003E+02,  7.19800807534075E+02,  5.30426484335037E+02
 1.95333333300000E+03,  4.19841100728028E-01,  4.49403000000000E-01, -4.43761996236278E+01,  1.58410000000003E+02,  5.92055765789236E+02,  5.19623931030999E+02
 1.95341666700000E+03,  4.55245583389431E-01,  4.44593250000000E-01, -4.44030810415337E+01,  1.58590000000003E+02,  8.47246517210546E+02,  8.03299208366845E+02
 1.95350000000000E+03,  4.24551680261492E-01,  2.84039250000000E-01, -4.44295662916833E+01,  1.58770000000004E+02,  7.64447277674320E+02,  5.65117538894535E+02
 1.95358333300000E+03,  4.05563445122830E-02,  1.86836250000000E-01, -4.44556537079422E+01,  1.58950000000004E+02,  7.90874912482358E+02,  6.35120131049756E+02
 1.95366666700000E+03, -6.22351517229249E-01,  2.18392750000000E-01, -5.00589675865257E+01,  1.59130000000004E+02,  6.98748279527352E+02,  6.61510398020119E+02
 1.95375000000000E+03, -8.72359291008684E-01,  2.34146000000000E-01, -5.00612087082871E+01,  1.59310000000004E+02,  5.84896889640709E+02,  7.28190103593044E+02
 1.95383333300000E+03, -7.55315209008581E-01,  2.87496500000000E-01, -5.00630159448752E+01,  1.59490000000004E+02,  7.76772677043158E+02,  5.21552059802672E+02
 1.95391666700000E+03, -6.66591202978704E-01,  3.91417250000000E-01, -5.00643901541353E+01,  1.59670000000004E+02,  1.24619675064222E+03,  4.90097433120297E+02
 1.95400000000000E+03, -6.34926154411448E-01,  3.95117000000000E-01, -5.00653322357130E+01,  1.59850000000004E+02,  1.25730275586249E+03,  4.76064192613299E+02
 1.95408333300000E+03, -6.42164788512841E-01,  1.66445000000000E-01, -5.00658431308267E+01,  1.60030000000004E+02,  1.29045277187296E+03,  4.11138826138427E+02
 1.95416666700000E+03, -6.47851014452952E-01, -3.60630000000000E-01, -5.00659238220336E+01,  1.60210000000004E+02,  1.61050946559380E+03,  2.75818386896289E+02
 1.95425000000000E+03, -6.32307630865662E-01, -7.87882500000000E-01, -5.00655753329918E+01,  1.60390000000004E+02,  1.54311987123555E+03,  2.13480625951269E+02
 1.95433333300000E+03, -6.14715474565789E-01, -8.10013250000000E-01, -5.00647987282148E+01,  1.60570000000004E+02,  1.09029359398100E+03,  3.26905085677918E+02
 1.95441666700000E+03, -6.28794074986274E-01, -8.36604750000000E-01, -5.00635951128226E+01,  1.60750000000004E+02,  1.23343240737538E+03,  5.09763533213714E+02
 1.95450000000000E+03, -6.81973874066213E-01, -1.08428375000000E+00, -5.00619656322859E+01,  1.60930000000004E+02,  1.45493170205748E+03,  5.40179385204311E+02
 1.95458333300000E+03, -7.44346684733243E-01, -1.37368500000000E+00, -5.00599114721657E+01,  1.61110000000004E+02,  1.31560211474038E+03,  7.45957531066373E+02
 1.95466666700000E+03, -8.21783829197263E-01, -1.51769500000000E+00, -4.46581044865863E+01,  1.61290000000004E+02,  1.55267592618238E+03,  1.15183264689313E+03
 1.95475000000000E+03, -9.21905133279367E-01, -1.38735750000000E+00, -4.47110456034974E+01,  1.61470000000004E+02,  2.25233161481924E+03,  1.55978283225272E+03
 1.95483333300000E+03, -9.78914175340108E-01, -1.21256000000000E+00, -4.47639480554791E+01,  1.61650000000004E+02,  2.21267289711379E+03,  1.55364188494206E+03
 1.95491666700000E+03, -9.75144982510590E-01, -1.14660800000000E+00, -4.48168072556422E+01,  1.61830000000004E+02,  1.89802520788268E+03,  1.61619207089246E+03
 1.95500000000000E+03, -9.51064285543767E-01, -1.02686575000000E+00, -4.48696186202600E+01,  1.62010000000004E+02,  1.73239118812006E+03,  1.73071116984608E+03
 1.95508333300000E+03, -9.15099909510799E-01, -9.56075000000000E-01, -4.49223775693195E+01,  1.62190000000004E+02,  1.26085270637059E+03,  2.91421781562510E+03
 1.95516666700000E+03, -8.57626303650488E-01, -1.01831475000000E+00, -4.49750795270724E+01,  1.62370000000004E+02,  8.09842124588925E+02,  2.68444341686555E+03
 1.95525000000000E+03, -7.83044748898476E-01, -1.09635500000000E+00, -4.50277199225855E+01,  1.62550000000004E+02,  6.54451688121228E+02,  2.45153039139314E+03
 1.95533333300000E+03, -7.19882871896780E-01, -1.11543750000000E+00, -4.50802941902902E+01,  1.62730000000004E+02,  8.38996509368977E+02,  2.43396572557022E+03
 1.95541666700000E+03, -6.93914962521319E-01, -1.06873000000000E+00, -4.51327977705314E+01,  1.62910000000004E+02,  1.13815787926639E+03,  2.51452996114362E+03
 1.95550000000000E+03, -6.90878782280023E-01, -1.10802750000000E+00, -4.51852261101156E+01,  1.63090000000004E+02,  9.99552349125532E+02,  1.66033420908196E+03
 1.95558333300000E+03, -8.45431943182190E-01, -1.28106500000000E+00, -4.52375746628585E+01,  1.63270000000004E+02,  1.33388078655454E+03,  1.49231689575084E+03
 1.95566666700000E+03, -1.17071254685546E+00, -1.61827000000000E+00, -4.00420413457269E+01,  1.63450000000004E+02,  1.37285004248530E+03,  1.53772889389270E+03
 1.95575000000000E+03, -1.34013153920892E+00, -2.08554750000000E+00, -4.00144898000154E+01,  1.63630000000004E+02,  1.25548071593151E+03,  1.71710838032978E+03
 1.95583333300000E+03, -1.31793393461810E+00, -2.25167250000000E+00, -3.99870566457183E+01,  1.63810000000004E+02,  8.62339873415734E+02,  1.67695450106583E+03
 1.95591666700000E+03, -1.27701258840085E+00, -1.89384000000000E+00, -3.99597446376878E+01,  1.63990000000004E+02,  1.63068424544482E+03,  1.57045013538559E+03
 1.95600000000000E+03, -1.24507244818297E+00, -1.34918475000000E+00, -3.99325565421710E+01,  1.64170000000004E+02,  1.37585158437240E+03,  1.85509809494749E+03
 1.95608333300000E+03, -1.20784035987558E+00, -9.87369250000000E-01, -3.99054951363880E+01,  1.64350000000004E+02,  1.35234795497765E+03,  1.87384149069046E+03
 1.95616666700000E+03, -1.13162507694636E+00, -8.49996000000000E-01, -3.98785632081074E+01,  1.64530000000004E+02,  1.34110668672268E+03,  1.74855074590520E+03
 1.95625000000000E+03, -1.00412016519947E+00, -7.96015500000000E-01, -3.98517635552180E+01,  1.64710000000004E+02,  1.83541835689407E+03,  2.27590189704276E+03
 1.95633333300000E+03, -8.50675327191083E-01, -7.51632500000000E-01, -3.98250989852979E+01,  1.64890000000004E+02,  1.40370189520265E+03,  2.44587497546465E+03
 1.95641666700000E+03, -7.09154258340252E-01, -7.98945000000000E-01, -3.97985723151809E+01,  1.65070000000004E+02,  1.39790587758097E+03,  2.33867617560550E+03
 1.95650000000000E+03, -5.89440669477402E-01, -9.58554250000000E-01, -3.97721863705198E+01,  1.65250000000004E+02,  1.80283664220765E+03,  2.56055544610430E+03
 1.95658333300000E+03, -6.79918907067621E-01, -1.06228275000000E+00, -3.97459439853471E+01,  1.65430000000004E+02,  1.82927692844581E+03,  2.49867083718834E+03
 1.95666666700000E+03, -9.61226792809630E-01, -1.01629775000000E+00, -4.35987043488644E+01,  1.65610000000004E+02,  1.49599183715017E+03,  1.70327420758291E+03
 1.95675000000000E+03, -9.95716619400324E-01, -9.77845500000000E-01, -4.35649210638082E+01,  1.65790000000004E+02,  1.18416279940193E+03,  8.86726737382911E+02
 1.95683333300000E+03, -7.73974387847419E-01, -9.78944750000000E-01, -4.35312323469319E+01,  1.65970000000004E+02,  1.00206196239665E+03,  1.02288839379450E+03
 1.95691666700000E+03, -5.36866193573519E-01, -8.23159750000000E-01, -4.34976385672332E+01,  1.66150000000004E+02,  5.96682995979772E+02,  6.76255657750328E+02
 1.95700000000000E+03, -3.16222828565980E-01, -5.22913250000000E-01, -4.34641400640742E+01,  1.66330000000004E+02,  6.16371537822541E+02,  6.10992713266175E+02
 1.95708333300000E+03, -1.01155568765148E-01, -1.76158000000000E-01, -4.34307371473045E+01,  1.66510000000004E+02,  7.84141210204553E+02,  1.08883503600575E+03
 1.95716666700000E+03,  1.37960207817322E-01,  1.90793000000000E-01, -4.33974300973910E+01,  1.66690000000004E+02,  1.13352967898673E+03,  1.17243817938204E+03
 1.95725000000000E+03,  4.07420025660470E-01,  5.01999000000000E-01, -4.33642191655514E+01,  1.66870000000004E+02,  1.11712093291974E+03,  1.24628067213112E+03
 1.95733333300000E+03,  6.73403525065118E-01,  6.92985000000000E-01, -4.33311045738944E+01,  1.67050000000004E+02,  1.21610353771977E+03,  1.26307787577099E+03
 1.95741666700000E+03,  8.87708206307214E-01,  8.16914750000000E-01, -4.32980865155644E+01,  1.67230000000004E+02,  1.26842638619338E+03,  1.43537913402127E+03
 1.95750000000000E+03,  1.02994959785330E+00,  9.00868500000000E-01, -4.32651651548915E+01,  1.67410000000004E+02,  1.05431504305037E+03,  9.03397476046869E+02
 1.95758333300000E+03,  7.52482429545715E-01,  8.53296000000000E-01, -4.32323406275463E+01,  1.67590000000004E+02,  8.28453274401510E+02,  9.63422574354458E+02
 1.95766666700000E+03,  1.64962525293654E-01,  7.54432750000000E-01, -4.53556428672875E+01,  1.67770000000004E+02,  7.03623999616401E+02,  9.38456668773929E+02
 1.95775000000000E+03,  1.10598522571251E-01,  7.96056000000000E-01, -4.54076996977100E+01,  1.67950000000004E+02,  5.66133289635337E+02,  1.14698139921973E+03
 1.95783333300000E+03,  5.11775811127671E-01,  1.01574850000000E+00, -4.54596574590665E+01,  1.68130000000004E+02,  4.16933706548893E+02,  1.00907514981652E+03
 1.95791666700000E+03,  8.55514088303769E-01,  1.36031950000000E+00, -4.55115116510217E+01,  1.68310000000004E+02,  2.99511530189378E+02,  1.17396408714444E+03
 1.95800000000000E+03,  1.06679386219130E+00,  1.59674250000000E+00, -4.55632577836503E+01,  1.68490000000004E+02,  6.08262862553191E+02,  1.45483244233546E+03
 1.95808333300000E+03,  1.12845703332449E+00,  1.45135000000000E+00, -4.56148913779750E+01,  1.68670000000004E+02,  5.62657709841971E+02,  1.03392321470501E+03
 1.95816666700000E+03,  1.06543310977571E+00,  1.03164550000000E+00, -4.56664079665039E+01,  1.68850000000004E+02,  7.13155707379416E+02,  1.09108138028735E+03
 1.95825000000000E+03,  9.05440008698165E-01,  6.64733750000000E-01, -4.57178030937651E+01,  1.69030000000004E+02,  9.75392366544739E+02,  1.12643720092815E+03
 1.95833333300000E+03,  6.58712579819996E-01,  4.88962250000000E-01, -4.57690723168398E+01,  1.69210000000004E+02,  1.57981750763723E+03,  2.07036624916084E+03
 1.95841666700000E+03,  3.34890422893608E-01,  3.57117250000000E-01, -4.58202112058947E+01,  1.69390000000004E+02,  1.29776769716478E+03,  1.76220235975137E+03
 1.95850000000000E+03, -2.66837396932255E-02,  1.72575250000000E-01, -4.58712153447112E+01,  1.69570000000004E+02,  1.54105672887010E+03,  2.07876341075343E+03
 1.95858333300000E+03, -3.41409986941617E-01, -3.95402500000000E-02, -4.59220803312130E+01,  1.69750000000004E+02,  1.41759438794438E+03,  2.46169924536001E+03
 1.95866666700000E+03, -4.13958486624931E-01, -2.16455250000000E-01, -4.41911864103844E+01,  1.69930000000004E+02,  1.49259517902675E+03,  2.48543435121885E+03
 1.95875000000000E+03, -1.39712855685911E-01, -1.62944000000000E-01, -4.42442697476814E+01,  1.70110000000004E+02,  8.98911899325553E+02,  1.47286699314863E+03
 1.95883333300000E+03,  2.66963274669372E-01,  2.05187500000000E-02, -4.42973548424043E+01,  1.70290000000004E+02,  8.30562474395674E+02,  1.46441093556866E+03
 1.95891666700000E+03,  5.72824122865846E-01,  1.88988750000000E-01, -4.43504371036488E+01,  1.70470000000004E+02,  7.72431814629547E+02,  1.26886827812807E+03
 1.95900000000000E+03,  7.00273453131492E-01,  3.83756000000000E-01, -4.44035119388126E+01,  1.70650000000004E+02,  7.88584311103093E+02,  7.72628664016579E+02
 1.95908333300000E+03,  6.41680591482696E-01,  4.09252500000000E-01, -4.44565747541470E+01,  1.70830000000004E+02,  4.27052380484697E+02,  6.97800021014438E+02
 1.95916666700000E+03,  4.42182636894635E-01,  2.71456250000000E-01, -4.45096209553089E+01,  1.71010000000004E+02,  5.62675768056788E+02,  5.99863957737069E+02
 1.95925000000000E+03,  1.55970961754923E-01,  1.17072000000000E-01, -4.45626459479141E+01,  1.71190000000004E+02,  6.68501977416473E+02,  1.20239333407465E+03
 1.95933333300000E+03, -1.80284122856693E-01, -6.74292500000000E-02, -4.46156451380894E+01,  1.71370000000004E+02,  8.51410933305408E+02,  1.24385214563813E+03
 1.95941666700000E+03, -5.37029590904082E-01, -3.22381750000000E-01, -4.46686139330246E+01,  1.71550000000004E+02,  1.00610460047188E+03,  1.17281051090221E+03
 1.95950000000000E+03, -8.66361582307211E-01, -6.11725500000000E-01, -4.47215477415259E+01,  1.71730000000004E+02,  1.00330458726031E+03,  1.43716167898225E+03
 1.95958333300000E+03, -8.47648884143166E-01, -7.59098000000000E-01, -4.47744419745677E+01,  1.71910000000004E+02,  1.04512237498861E+03,  1.63894272742889E+03
 1.95966666700000E+03, -4.68521253984148E-01, -6.97411500000000E-01, -4.83000024725420E+01,  1.72090000000004E+02,  9.94878686224610E+02,  1.99073826254381E+03
 1.95975000000000E+03, -2.83569938955419E-01, -5.64663500000000E-01, -4.83375010994977E+01,  1.72270000000004E+02,  9.17241514512485E+02,  2.63728841963666E+03
 1.95983333300000E+03, -3.21703842226356E-01, -4.95600750000000E-01, -4.83746552919180E+01,  1.72450000000004E+02,  8.78304887402255E+02,  2.78933362989795E+03
 1.95991666700000E+03, -3.65671534281925E-01, -4.06968000000000E-01, -4.84114621773424E+01,  1.72630000000004E+02,  1.00354604874608E+03,  2.59345608862378E+03
 1.96000000000000E+03, -4.54722428239895E-01, -3.50845750000000E-01, -4.84479189218805E+01,  1.72810000000004E+02,  8.06703272698336E+02,  2.47612729094657E+03
 1.96008333300000E+03, -5.80595795074308E-01, -3.61174500000000E-01, -4.84840227305102E+01,  1.72990000000004E+02,  1.04305751256116E+03,  1.84971066371075E+03
 1.96016666700000E+03, -7.09225684946439E-01, -2.95508250000000E-01, -4.85197708473701E+01,  1.73170000000004E+02,  9.21980219313060E+02,  1.14548552853447E+03
 1.96025000000000E+03, -8.22323345087108E-01, -2.07450500000000E-01, -4.85551605560459E+01,  1.73350000000004E+02,  9.74718493858452E+02,  1.28614356322817E+03
 1.96033333300000E+03, -9.35550149801026E-01, -2.09100000000000E-01, -4.85901891798515E+01,  1.73530000000004E+02,  1.00243894039609E+03,  1.21444323837083E+03
 1.96041666700000E+03, -1.07561598508626E+00, -2.83347750000000E-01, -4.86248540821044E+01,  1.73710000000004E+02,  1.12857140251156E+03,  1.19551396998856E+03
 1.96050000000000E+03, -1.24158063132626E+00, -2.70088750000000E-01, -4.86591526663947E+01,  1.73890000000004E+02,  9.85957256226180E+02,  9.87930734968551E+02
 1.96058333300000E+03, -1.06972664643284E+00, -2.13313750000000E-01, -4.86930823768494E+01,  1.74070000000004E+02,  1.24985252750781E+03,  1.00158557347710E+03
 1.96066666700000E+03, -4.65041937719388E-01, -2.90527500000000E-01, -4.21661026252510E+01,  1.74250000000004E+02,  1.18983595097774E+03,  7.00136962026584E+02
 1.96075000000000E+03, -2.10040094733726E-02, -3.89793750000000E-01, -4.21365643404873E+01,  1.74430000000004E+02,  1.13918931882537E+03,  9.62890389226911E+02
 1.96083333300000E+03,  1.65943251218427E-01, -3.82472750000000E-01, -4.21071102156187E+01,  1.74610000000004E+02,  1.11992251403094E+03,  8.55155247077966E+02
 1.96091666700000E+03,  3.06122822526256E-01, -3.41163000000000E-01, -4.20777394741655E+01,  1.74790000000004E+02,  1.03872623323918E+03,  7.68534594884719E+02
 1.96100000000000E+03,  3.64904069540382E-01, -2.89276500000000E-01, -4.20484513203956E+01,  1.74970000000004E+02,  1.03511177478097E+03,  1.01386707601337E+03
 1.96108333300000E+03,  3.56017466180644E-01, -2.46625250000000E-01, -4.20192449396485E+01,  1.75150000000004E+02,  1.00358519655640E+03,  9.77454669654531E+02
 1.96116666700000E+03,  3.17494893420350E-01, -2.83061250000000E-01, -4.19901194986628E+01,  1.75330000000004E+02,  9.01558070484999E+02,  7.03201621403260E+02
 1.96125000000000E+03,  2.68939299467172E-01, -2.63508750000000E-01, -4.19610741459062E+01,  1.75510000000004E+02,  9.03568935686682E+02,  6.95711488592649E+02
 1.96133333300000E+03,  1.93561333722556E-01, -9.74495000000000E-02, -4.19321080119098E+01,  1.75690000000004E+02,  7.64446170861713E+02,  5.77258867243198E+02
 1.96141666700000E+03,  6.23608233841659E-02, -5.04977500000000E-02, -4.19032202096044E+01,  1.75870000000004E+02,  3.28610031278928E+02,  1.77487862006872E+02
 1.96150000000000E+03, -1.25425713980794E-01, -2.89249750000000E-01, -4.18744098346601E+01,  1.76050000000004E+02,  5.00778360017768E+02,  2.71669555065580E+02
 1.96158333300000E+03, -3.63428376618705E-01, -6.32501000000000E-01, -4.18456759658291E+01,  1.76230000000004E+02,  9.16344345184632E+02,  8.71420974760676E+02
 1.96166666700000E+03, -6.04896744393416E-01, -8.75209000000000E-01, -4.66162116985751E+01,  1.76410000000004E+02,  1.48426772874113E+03,  2.71766985830458E+03
 1.96175000000000E+03, -7.60570629907912E-01, -8.57907750000000E-01, -4.65788325608628E+01,  1.76590000000004E+02,  1.43716125184773E+03,  2.68075005170799E+03
 1.96183333300000E+03, -8.39643139397318E-01, -6.67315000000000E-01, -4.65414148316914E+01,  1.76770000000004E+02,  1.48109298457856E+03,  2.76543772815000E+03
 1.96191666700000E+03, -9.11249543785012E-01, -5.81960250000000E-01, -4.65039612090193E+01,  1.76950000000004E+02,  1.25953692237683E+03,  2.71513755577983E+03
 1.96200000000000E+03, -9.98605397916170E-01, -5.82490750000000E-01, -4.64664743702341E+01,  1.77130000000004E+02,  1.12014771994524E+03,  2.99319656876714E+03
 1.96208333300000E+03, -1.08361286370289E+00, -5.35085000000000E-01, -4.64289569718265E+01,  1.77310000000004E+02,  4.48789360990181E+02,  1.56182049067728E+03
 1.96216666700000E+03, -1.13079997387082E+00, -5.01994250000000E-01, -4.63914116490694E+01,  1.77490000000004E+02,  4.41377982003732E+02,  1.94173819783574E+03
 1.96225000000000E+03, -1.12899815082213E+00, -5.90763250000000E-01, -4.63538410157013E+01,  1.77670000000004E+02,  4.28103945999884E+02,  2.37888332055953E+03
 1.96233333300000E+03, -1.10751094401936E+00, -6.55589000000000E-01, -4.63162476636144E+01,  1.77850000000004E+02,  4.34142620362455E+02,  2.43115227572285E+03
 1.96241666700000E+03, -1.10969672409951E+00, -5.50878750000000E-01, -4.62786341625470E+01,  1.78030000000004E+02,  9.79201148512925E+02,  2.70699937134135E+03
 1.96250000000000E+03, -1.15020588476516E+00, -4.62480250000000E-01, -4.62410030597813E+01,  1.78210000000004E+02,  1.52472784476364E+03,  3.15740592839101E+03
 1.96258333300000E+03, -1.09557670732338E+00, -5.54818250000000E-01, -4.62033568798451E+01,  1.78390000000004E+02,  1.78760595329808E+03,  3.08166596585244E+03
 1.96266666700000E+03, -8.82058639022766E-01, -6.98494500000000E-01, -4.84276032971834E+01,  1.78570000000004E+02,  1.77600969120425E+03,  2.61709333569214E+03
 1.96275000000000E+03, -6.74010528361764E-01, -7.69211500000000E-01, -4.83962905264291E+01,  1.78750000000004E+02,  1.68924400605479E+03,  2.67499870029813E+03
 1.96283333300000E+03, -5.02774559533674E-01, -8.35701500000000E-01, -4.83647806096894E+01,  1.78930000000004E+02,  1.13264014669501E+03,  1.65157202007629E+03
 1.96291666700000E+03, -3.25065790715325E-01, -8.59191250000000E-01, -4.83330767734535E+01,  1.79110000000004E+02,  6.01752883115100E+02,  8.77809605523925E+02
 1.96300000000000E+03, -1.68266063031112E-01, -7.43431000000000E-01, -4.83011822452626E+01,  1.79290000000004E+02,  5.08291430623625E+02,  6.01095046623581E+02
 1.96308333300000E+03, -1.73306648443865E-02, -4.67964750000000E-01, -4.82691002532310E+01,  1.79470000000004E+02,  6.56918701030552E+02,  5.24257872081872E+02
 1.96316666700000E+03,  1.60708754034581E-01, -1.38074500000000E-01, -4.82368340255707E+01,  1.79650000000004E+02,  1.27423188434832E+03,  7.22788697090616E+02
 1.96325000000000E+03,  3.74311816510682E-01, -2.10695000000000E-02, -4.82043867901154E+01,  1.79830000000004E+02,  1.02273054439435E+03,  7.19073035474556E+02
 1.96333333300000E+03,  5.90489702737570E-01, -6.44390000000000E-02, -4.81717617738468E+01,  1.80010000000004E+02,  1.56458250924252E+03,  1.34236896979356E+03
 1.96341666700000E+03,  7.60625650439986E-01,  1.18263000000000E-01, -4.81389622024223E+01,  1.80190000000004E+02,  1.66415196757938E+03,  1.56446640557476E+03
 1.96350000000000E+03,  8.62984938258321E-01,  4.68275750000000E-01, -4.81059912997037E+01,  1.80370000000004E+02,  1.57562698164548E+03,  1.79512241945144E+03
 1.96358333300000E+03,  7.04620564013892E-01,  6.40226250000000E-01, -4.80728522872882E+01,  1.80550000000004E+02,  1.44940665078109E+03,  2.02796816559953E+03
 1.96366666700000E+03,  3.17659670730467E-01,  6.67505000000000E-01, -3.56337739088042E+01,  1.80730000000004E+02,  3.21810857412613E+03,  2.92788838952247E+03
 1.96375000000000E+03,  1.51941590281589E-01,  7.20041750000000E-01, -3.56052458176541E+01,  1.80910000000004E+02,  2.71902346144548E+03,  2.19434709195299E+03
 1.96383333300000E+03,  2.10087272155119E-01,  8.56377250000000E-01, -3.55767961878281E+01,  1.81090000000004E+02,  2.72138376141020E+03,  2.21783162844896E+03
 1.96391666700000E+03,  2.42950815752499E-01,  9.36536750000000E-01, -3.55484274608195E+01,  1.81270000000004E+02,  2.70534293487384E+03,  2.04747602213466E+03
 1.96400000000000E+03,  2.19069463426360E-01,  7.55924000000000E-01, -3.55201420941840E+01,  1.81450000000004E+02,  2.28204088744143E+03,  1.70932242403393E+03
 1.96408333300000E+03,  1.53436073601779E-01,  3.38845000000000E-01, -3.54919425611942E+01,  1.81630000000004E+02,  6.44813731919934E+02,  8.06273362400539E+02
 1.96416666700000E+03,  8.32943376839550E-02, -1.99446750000000E-01, -3.54638313504912E+01,  1.81810000000004E+02,  6.29577571305097E+02,  8.23021014840488E+02
 1.96425000000000E+03,  2.54679191951270E-02, -6.82283250000000E-01, -3.54358109657318E+01,  1.81990000000004E+02,  7.28776037988652E+02,  2.08304920608264E+03
 1.96433333300000E+03, -4.13246238110751E-02, -9.38365750000000E-01, -3.54078839252324E+01,  1.82170000000004E+02,  1.03554561726781E+03,  2.27514401180435E+03
 1.96441666700000E+03, -1.51807436344534E-01, -9.62197250000000E-01, -3.53800527616094E+01,  1.82350000000004E+02,  1.03005341275662E+03,  2.28292088794967E+03
 1.96450000000000E+03, -3.13061927459544E-01, -9.82925500000000E-01, -3.53523200214165E+01,  1.82530000000004E+02,  1.15565118547830E+03,  2.18084634967536E+03
 1.96458333300000E+03, -5.14459625985573E-01, -1.18185275000000E+00, -3.53246882647781E+01,  1.82710000000004E+02,  1.14014827552199E+03,  2.27568387325754E+03
 1.96466666700000E+03, -6.52742183148514E-01, -1.33911750000000E+00, -3.66362633392061E+01,  1.82890000000004E+02,  9.26037781888363E+02,  1.22480557359697E+03
 1.96475000000000E+03, -6.11911033652470E-01, -1.34603500000000E+00, -3.66820015208683E+01,  1.83070000000004E+02,  8.82081277838952E+02,  1.06543438687601E+03
 1.96483333300000E+03, -4.84568169784143E-01, -1.34406250000000E+00, -3.67279658142112E+01,  1.83250000000004E+02,  8.35715375431667E+02,  1.07966227750062E+03
 1.96491666700000E+03, -3.96196702390887E-01, -1.23367550000000E+00, -3.67741526625828E+01,  1.83430000000004E+02,  6.40168647701635E+02,  1.23897366369417E+03
 1.96500000000000E+03, -3.56945792883403E-01, -9.18823000000000E-01, -3.68205584819761E+01,  1.83610000000004E+02,  6.71170318775206E+02,  1.26618769689507E+03
 1.96508333300000E+03, -3.31754072811309E-01, -5.70654500000000E-01, -3.68671796614219E+01,  1.83790000000004E+02,  5.73798551601849E+02,  1.02962142420967E+03
 1.96516666700000E+03, -2.70543949472185E-01, -3.64011250000000E-01, -3.69140125633842E+01,  1.83970000000004E+02,  8.41169589552680E+02,  1.27905756194412E+03
 1.96525000000000E+03, -1.55253657442925E-01, -1.90583000000000E-01, -3.69610535241609E+01,  1.84150000000004E+02,  1.02870023870245E+03,  1.16418630781174E+03
 1.96533333300000E+03, -1.90867602702553E-02,  1.34293250000000E-01, -3.70082988542875E+01,  1.84330000000004E+02,  1.31940838860539E+03,  1.84696288144067E+03
 1.96541666700000E+03,  7.99248376680161E-02,  4.76213000000000E-01, -3.70557448389447E+01,  1.84510000000004E+02,  1.43644683937568E+03,  1.79053218433131E+03
 1.96550000000000E+03,  1.04860010232286E-01,  7.71300500000000E-01, -3.71033877383699E+01,  1.84690000000004E+02,  1.83397758575478E+03,  1.76264676867244E+03
 1.96558333300000E+03,  2.60689751409898E-01,  1.07118200000000E+00, -3.71512237882723E+01,  1.84870000000004E+02,  1.26186245503986E+03,  1.42451639150345E+03
 1.96566666700000E+03,  6.25186954130251E-01,  1.29965750000000E+00, -3.35436795649544E+01,  1.85050000000005E+02,  1.17040533922026E+03,  1.21903092915922E+03
 1.96575000000000E+03,  8.79045600052608E-01,  1.43966250000000E+00, -3.35390982706493E+01,  1.85230000000005E+02,  1.09877723078704E+03,  6.67442146403366E+02
 1.96583333300000E+03,  9.81171380863479E-01,  1.46678000000000E+00, -3.35348699629571E+01,  1.85410000000005E+02,  1.10079444638177E+03,  7.72307778284498E+02
 1.96591666700000E+03,  1.05109595066560E+00,  1.34869000000000E+00, -3.35309963994880E+01,  1.85590000000005E+02,  9.95198380671728E+02,  8.51170455912720E+02
 1.96600000000000E+03,  1.06574903542375E+00,  1.10803800000000E+00, -3.35274793085790E+01,  1.85770000000005E+02,  1.00458506996990E+03,  9.47029035067900E+02
 1.96608333300000E+03,  1.04854465891332E+00,  9.27353250000000E-01, -3.35243203889420E+01,  1.85950000000005E+02,  1.74372070120705E+03,  1.35588702162106E+03
 1.96616666700000E+03,  1.04349286335322E+00,  8.05630500000000E-01, -3.35215213093160E+01,  1.86130000000005E+02,  1.78348696454827E+03,  1.17793611764876E+03
 1.96625000000000E+03,  1.07119025511323E+00,  4.07798750000000E-01, -3.35190837081226E+01,  1.86310000000005E+02,  1.75197225990192E+03,  1.15460795433416E+03
 1.96633333300000E+03,  1.11041921349583E+00, -2.91600000000000E-03, -3.35170091931257E+01,  1.86490000000005E+02,  1.57067145939968E+03,  1.08969929572850E+03
 1.96641666700000E+03,  1.12286270473594E+00, -1.61725000000000E-03, -3.35152993410949E+01,  1.86670000000005E+02,  1.65473777287407E+03,  1.12163113910524E+03
 1.96650000000000E+03,  1.09498398669133E+00,  4.00499999999998E-04, -3.35139556974726E+01,  1.86850000000005E+02,  1.11955259491720E+03,  1.13001099749539E+03
 1.96658333300000E+03,  6.27526530217756E-01, -2.50650750000000E-01, -3.35129797760457E+01,  1.87030000000005E+02,  7.85919988000413E+02,  1.22278530457115E+03
 1.96666666700000E+03, -2.54743237110396E-01, -4.27112000000000E-01, -4.01459907259973E+01,  1.87210000000005E+02,  1.17223596011971E+03,  1.76598825266853E+03
 1.96675000000000E+03, -6.97920971707758E-01, -4.38583750000000E-01, -4.01197480895065E+01,  1.87390000000005E+02,  1.16057375490847E+03,  1.58620591380159E+03
 1.96683333300000E+03, -7.07739361705022E-01, -4.45173250000000E-01, -4.00935040594100E+01,  1.87570000000005E+02,  1.20360865382495E+03,  1.67245958210586E+03
 1.96691666700000E+03, -7.38519943015085E-01, -5.34973250000000E-01, -4.00672574412030E+01,  1.87750000000005E+02,  8.89742899210218E+02,  1.28884637204947E+03
 1.96700000000000E+03, -8.11857833166159E-01, -6.27826250000000E-01, -4.00410070493924E+01,  1.87930000000005E+02,  2.04309680156799E+03,  2.36331605471603E+03
 1.96708333300000E+03, -9.02691582767154E-01, -6.66802750000000E-01, -4.00147517078747E+01,  1.88110000000005E+02,  1.63365512933269E+03,  1.80854130151724E+03
 1.96716666700000E+03, -9.64433205496056E-01, -7.67974250000000E-01, -3.99884902503125E+01,  1.88290000000005E+02,  1.49006277736163E+03,  2.29949108277433E+03
 1.96725000000000E+03, -9.72530935650110E-01, -7.86653500000000E-01, -3.99622215205083E+01,  1.88470000000005E+02,  1.58133099146007E+03,  2.62759356751069E+03
 1.96733333300000E+03, -9.42941958079672E-01, -5.06930000000000E-01, -3.99359443727765E+01,  1.88650000000005E+02,  1.66899601814855E+03,  2.80906611579941E+03
 1.96741666700000E+03, -9.08089347468833E-01, -2.31085000000000E-01, -3.99096576723139E+01,  1.88830000000005E+02,  1.08911656698294E+03,  2.49476139303874E+03
 1.96750000000000E+03, -8.76175012767784E-01, -2.35568500000000E-01, -3.98833602955667E+01,  1.89010000000005E+02,  1.32992946764197E+03,  2.74983654833581E+03
 1.96758333300000E+03, -5.08720245436243E-01, -4.67498750000000E-01, -3.98570511305963E+01,  1.89190000000005E+02,  2.91219286035789E+03,  3.43718146171353E+03
 1.96766666700000E+03,  1.93264993874768E-01, -7.07589750000000E-01, -2.87029015362438E+01,  1.89370000000005E+02,  3.93048926396932E+03,  4.44288666783520E+03
 1.96775000000000E+03,  5.76968537482875E-01, -7.03583750000000E-01, -2.87022569191821E+01,  1.89550000000005E+02,  3.90966456161028E+03,  4.26582301165588E+03
 1.96783333300000E+03,  6.40141744864222E-01, -6.01630750000000E-01, -2.87019720658220E+01,  1.89730000000005E+02,  3.91991378125695E+03,  4.96531603817040E+03
 1.96791666700000E+03,  6.75400775914246E-01, -6.58628250000000E-01, -2.87020483363801E+01,  1.89910000000005E+02,  3.64874740695296E+03,  4.78899890083276E+03
 1.96800000000000E+03,  6.56938563324590E-01, -8.48499250000000E-01, -2.87024870600599E+01,  1.90090000000005E+02,  2.25957150900717E+03,  3.65813810112379E+03
 1.96808333300000E+03,  6.05749559170982E-01, -9.68906000000000E-01, -2.87032895347646E+01,  1.90270000000005E+02,  1.87552865175242E+03,  2.63995816243060E+03
 1.96816666700000E+03,  5.64813115430098E-01, -8.67561750000000E-01, -2.87044570268146E+01,  1.90450000000005E+02,  1.82577098822737E+03,  2.78895908433169E+03
 1.96825000000000E+03,  5.55821276354789E-01, -6.87375750000000E-01, -2.87059907706684E+01,  1.90630000000005E+02,  1.24397955934139E+03,  1.27808048508671E+03
 1.96833333300000E+03,  5.60951676609080E-01, -3.93239750000000E-01, -2.87078919686481E+01,  1.90810000000005E+02,  1.47125785939643E+03,  1.18254123766062E+03
 1.96841666700000E+03,  5.47092279599112E-01,  8.65480000000000E-02, -2.87101617906681E+01,  1.90990000000005E+02,  2.48057632807587E+03,  1.14130542347569E+03
 1.96850000000000E+03,  5.06631575354804E-01,  3.14456750000000E-01, -2.87128013739693E+01,  1.91170000000005E+02,  1.65848414496904E+03,  8.79079265550249E+02
 1.96858333300000E+03,  2.63959416766384E-01,  1.87298750000000E-01, -2.87158118228557E+01,  1.91350000000005E+02,  1.78180766207449E+03,  1.55449881921918E+03
 1.96866666700000E+03, -9.37391716895886E-02,  6.27057500000000E-02, -3.48936896987218E+01,  1.91530000000005E+02,  1.97435138950556E+03,  2.13559853325748E+03
 1.96875000000000E+03, -1.03803031714380E-01,  1.82792250000000E-01, -3.48587049220916E+01,  1.91710000000005E+02,  2.20352822041330E+03,  2.42567784599708E+03
 1.96883333300000E+03,  1.35979478314070E-01,  4.84149750000000E-01, -3.48237900158084E+01,  1.91890000000005E+02,  1.99444542584973E+03,  3.14895446032376E+03
 1.96891666700000E+03,  3.06186332636105E-01,  7.32782250000000E-01, -3.47889460522956E+01,  1.92070000000005E+02,  2.64982318655540E+03,  3.28805970977093E+03
 1.96900000000000E+03,  3.75649072092445E-01,  9.27486750000000E-01, -3.47541740764925E+01,  1.92250000000005E+02,  2.69767962478015E+03,  3.25462189479898E+03
 1.96908333300000E+03,  3.64946367890464E-01,  9.40999500000000E-01, -3.47194751058340E+01,  1.92430000000005E+02,  2.61440930420116E+03,  2.57386010380369E+03
 1.96916666700000E+03,  3.21184740729356E-01,  6.78240500000000E-01, -3.46848501302351E+01,  1.92610000000005E+02,  2.24614540306548E+03,  2.14989123871019E+03
 1.96925000000000E+03,  2.73808903222417E-01,  4.76689000000000E-01, -3.46503001120815E+01,  1.92790000000005E+02,  1.24347646066179E+03,  1.93633186763582E+03
 1.96933333300000E+03,  2.15085114117534E-01,  3.67469000000000E-01, -3.46158259862226E+01,  1.92970000000005E+02,  8.59747012766905E+02,  1.84977406715703E+03
 1.96941666700000E+03,  1.22848207454711E-01,  1.42715500000000E-01, -3.45814286599718E+01,  1.93150000000005E+02,  9.96421157404373E+02,  1.21545872446095E+03
 1.96950000000000E+03, -1.74395003966918E-04,  2.01882500000000E-02, -3.45471090131100E+01,  1.93330000000005E+02,  1.36067071991323E+03,  1.82356502970410E+03
 1.96958333300000E+03, -8.99935398669958E-02,  1.71934250000000E-01, -3.45128678978948E+01,  1.93510000000005E+02,  1.73899489010767E+03,  2.33180858223494E+03
 1.96966666700000E+03, -8.17683393599564E-02,  4.23798250000000E-01, -2.70830682804827E+01,  1.93690000000005E+02,  2.47097133483860E+03,  1.90445040444383E+03
 1.96975000000000E+03, -4.03325570034625E-03,  5.58284000000000E-01, -2.70540467006753E+01,  1.93870000000005E+02,  3.17018813709833E+03,  2.12792744113913E+03
 1.96983333300000E+03,  6.83105102972849E-02,  5.08579500000000E-01, -2.70250282189265E+01,  1.94050000000005E+02,  3.76974362613086E+03,  2.44671536660018E+03
 1.96991666700000E+03,  7.51794829925762E-02,  3.94755000000000E-01, -2.69960143540251E+01,  1.94230000000005E+02,  3.43453909159613E+03,  2.12246186479312E+03
 1.97000000000000E+03, -1.07089255686057E-02,  2.92447000000000E-01, -2.69670066476082E+01,  1.94410000000005E+02,  2.94646178075654E+03,  1.88503713491618E+03
 1.97008333300000E+03, -1.66465360020218E-01,  1.48507750000000E-01, -2.69380066640059E+01,  1.94590000000005E+02,  2.20187774111839E+03,  1.80355283978587E+03
 1.97016666700000E+03, -3.43955292023469E-01,  1.16430000000000E-02, -2.69090159900809E+01,  1.94770000000005E+02,  1.21393569168039E+03,  1.24287062976852E+03
 1.97025000000000E+03, -5.13492651013650E-01, -5.36045000000000E-02, -2.68800362350637E+01,  1.94950000000005E+02,  3.45857891930509E+02,  7.87841507655591E+02
 1.97033333300000E+03, -6.82751203165281E-01, -2.20702250000000E-01, -2.68510690303838E+01,  1.95130000000005E+02,  5.34368585468288E+02,  5.76760297887630E+02
 1.97041666700000E+03, -8.73413029824180E-01, -5.64796250000000E-01, -2.68221160294966E+01,  1.95310000000005E+02,  8.21784916547524E+02,  5.42473651182078E+02
 1.97050000000000E+03, -1.08134975844987E+00, -9.32896250000000E-01, -2.67931789077059E+01,  1.95490000000005E+02,  8.26720779746413E+02,  5.48597877133877E+02
 1.97058333300000E+03, -1.17354510084700E+00, -1.13090525000000E+00, -2.67642593619823E+01,  1.95670000000005E+02,  1.05745444246376E+03,  6.86237320443729E+02
 1.97066666700000E+03, -1.12096705014188E+00, -1.11848250000000E+00, -2.79775222088071E+01,  1.95850000000005E+02,  1.08299069127451E+03,  7.00907602456115E+02
 1.97075000000000E+03, -1.11166259451388E+00, -1.07140500000000E+00, -2.79490279479245E+01,  1.96030000000005E+02,  9.44241035398232E+02,  1.32573452721131E+03
 1.97083333300000E+03, -1.15859932417493E+00, -1.11830750000000E+00, -2.79205016684465E+01,  1.96210000000005E+02,  8.64963384518252E+02,  1.45810012554918E+03
 1.97091666700000E+03, -1.20154991577022E+00, -1.34314250000000E+00, -2.78919441275477E+01,  1.96390000000005E+02,  1.07985958725659E+03,  1.70442254436390E+03
 1.97100000000000E+03, -1.26499438086964E+00, -1.58083750000000E+00, -2.78633561078493E+01,  1.96570000000005E+02,  8.19274659925794E+02,  1.60913920515950E+03
 1.97108333300000E+03, -1.32852851937580E+00, -1.54129000000000E+00, -2.78347384174043E+01,  1.96750000000005E+02,  7.69033445455401E+02,  1.99833935622993E+03
 1.97116666700000E+03, -1.35158535683981E+00, -1.31437250000000E+00, -2.78060918896785E+01,  1.96930000000005E+02,  8.47986942359775E+02,  1.41936094866997E+03
 1.97125000000000E+03, -1.31646867529178E+00, -1.07973450000000E+00, -2.77774173835266E+01,  1.97110000000005E+02,  1.69762727767343E+03,  1.97438545605419E+03
 1.97133333300000E+03, -1.24621696620575E+00, -9.45027750000000E-01, -2.77487157831640E+01,  1.97290000000005E+02,  1.60208265676057E+03,  2.03560901626080E+03
 1.97141666700000E+03, -1.17992122885368E+00, -9.73097000000000E-01, -2.77199879981334E+01,  1.97470000000005E+02,  1.59145988863821E+03,  2.13778416184905E+03
 1.97150000000000E+03, -1.13142188705859E+00, -1.04435625000000E+00, -2.76912349632672E+01,  1.97650000000005E+02,  2.00105797643945E+03,  1.76900303638990E+03
 1.97158333300000E+03, -9.33992991288013E-01, -1.05569000000000E+00, -2.76624576386452E+01,  1.97830000000005E+02,  2.51837362651702E+03,  1.61468198851795E+03
 1.97166666700000E+03, -5.73854429082361E-01, -1.07426000000000E+00, -2.72621275172363E+01,  1.98010000000005E+02,  1.61494828711580E+03,  7.95847193834036E+02
 1.97175000000000E+03, -3.43660496554264E-01, -1.11985500000000E+00, -2.72350839749803E+01,  1.98190000000005E+02,  1.74555114422152E+03,  4.72586885743265E+02
 1.97183333300000E+03, -2.46649234201125E-01, -1.13395500000000E+00, -2.72081038403857E+01,  1.98370000000005E+02,  2.12508499608227E+03,  6.73622599693564E+02
 1.97191666700000E+03, -1.69469622749251E-01, -1.09717575000000E+00, -2.71811861958459E+01,  1.98550000000005E+02,  1.95482654203252E+03,  7.61060688090557E+02
 1.97200000000000E+03, -1.42829925437390E-01, -8.73461250000000E-01, -2.71543301123612E+01,  1.98730000000005E+02,  1.85219595312360E+03,  1.08141722092924E+03
 1.97208333300000E+03, -1.51509673516708E-01, -4.88380250000000E-01, -2.71275346498350E+01,  1.98910000000005E+02,  2.43526332410206E+03,  1.13989503766993E+03
 1.97216666700000E+03, -1.58667977874038E-01, -1.36631750000000E-01, -2.71007988573706E+01,  1.99090000000005E+02,  2.45073721867357E+03,  1.31517403950368E+03
 1.97225000000000E+03, -1.48568364621176E-01,  1.81334000000000E-01, -2.70741217735701E+01,  1.99270000000005E+02,  2.77400439808766E+03,  1.52600680414577E+03
 1.97233333300000E+03, -1.44263030914799E-01,  4.45828000000000E-01, -2.70475024268347E+01,  1.99450000000005E+02,  2.70430402048973E+03,  1.48511188733279E+03
 1.97241666700000E+03, -1.82872802307518E-01,  6.61648250000000E-01, -2.70209398356667E+01,  1.99630000000005E+02,  2.07293019622639E+03,  1.27833108444646E+03
 1.97250000000000E+03, -2.74388399584297E-01,  9.06068500000000E-01, -2.69944330089728E+01,  1.99810000000005E+02,  1.70218232546076E+03,  1.17907311744495E+03
 1.97258333300000E+03, -1.19527509688334E-01,  1.10174975000000E+00, -2.69679809463689E+01,  1.99990000000005E+02,  2.11679026415530E+03,  1.47371648731373E+03
 1.97266666700000E+03,  3.42084466764466E-01,  1.28574000000000E+00, -2.58629045584643E+01,  2.00170000000005E+02,  1.84697999098610E+03,  9.23074036534148E+02
 1.97275000000000E+03,  6.03955723598505E-01,  1.59390250000000E+00, -2.58377877156541E+01,  2.00350000000005E+02,  1.72599427320011E+03,  7.82773969419893E+02
 1.97283333300000E+03,  6.15069678047750E-01,  1.91815250000000E+00, -2.58126759393025E+01,  2.00530000000005E+02,  1.70373459536646E+03,  8.00642152643545E+02
 1.97291666700000E+03,  5.72544085508042E-01,  2.00550750000000E+00, -2.57875681454429E+01,  2.00710000000005E+02,  1.62902846799150E+03,  1.08454063528435E+03
 1.97300000000000E+03,  4.49428787019473E-01,  1.72860250000000E+00, -2.57624632558243E+01,  2.00890000000005E+02,  1.27879793854993E+03,  2.28336012912173E+03
 1.97308333300000E+03,  2.66870771772578E-01,  1.13107225000000E+00, -2.57373601982214E+01,  2.01070000000005E+02,  1.05890245742644E+03,  2.46434589846640E+03
 1.97316666700000E+03,  6.94112166077417E-02,  3.43090000000000E-01, -2.57122579067442E+01,  2.01250000000005E+02,  1.15243865328589E+03,  2.50017984116697E+03
 1.97325000000000E+03, -1.18261116712793E-01, -3.67606500000000E-01, -2.56871553221462E+01,  2.01430000000005E+02,  1.22824881048700E+03,  2.36733314638970E+03
 1.97333333300000E+03, -3.09604346420468E-01, -8.02376500000000E-01, -2.56620513921310E+01,  2.01610000000005E+02,  1.24045674736899E+03,  2.47783922918561E+03
 1.97341666700000E+03, -5.32157546814472E-01, -1.08939975000000E+00, -2.56369450716581E+01,  2.01790000000005E+02,  1.12592885918984E+03,  1.26587614585462E+03
 1.97350000000000E+03, -7.86992883963227E-01, -1.37423500000000E+00, -2.56118353232468E+01,  2.01970000000005E+02,  1.10031776280910E+03,  1.18032897759017E+03
 1.97358333300000E+03, -1.04291648463792E+00, -1.57671750000000E+00, -2.55867211172789E+01,  2.02150000000005E+02,  1.27664149653454E+03,  1.36004832860673E+03
 1.97366666700000E+03, -1.22413522608647E+00, -1.72029000000000E+00, -3.50555484963016E+01,  2.02330000000005E+02,  1.19344490584449E+03,  1.43132680098630E+03
 1.97375000000000E+03, -1.27226164012121E+00, -1.96114250000000E+00, -3.50768722561935E+01,  2.02510000000005E+02,  9.08791960094587E+02,  1.21695949536432E+03
 1.97383333300000E+03, -1.24573002696776E+00, -2.19068250000000E+00, -3.50978062972409E+01,  2.02690000000005E+02,  7.98694254034563E+02,  7.82391310227737E+02
 1.97391666700000E+03, -1.23193342731750E+00, -2.21171000000000E+00, -3.51183495681951E+01,  2.02870000000005E+02,  6.42727693103250E+02,  8.06197412099899E+02
 1.97400000000000E+03, -1.25849143956425E+00, -2.01593000000000E+00, -3.51385010561364E+01,  2.03050000000005E+02,  6.93319187728339E+02,  1.27947988981616E+03
 1.97408333300000E+03, -1.30649737377357E+00, -1.69600750000000E+00, -3.51582597865197E+01,  2.03230000000005E+02,  8.71546549071704E+02,  1.37762310607284E+03
 1.97416666700000E+03, -1.33512665705121E+00, -1.42168250000000E+00, -3.51776248232155E+01,  2.03410000000005E+02,  1.29884057703048E+03,  1.48253641075269E+03
 1.97425000000000E+03, -1.32472144050014E+00, -1.26576000000000E+00, -3.51965952685453E+01,  2.03590000000005E+02,  1.66089854180390E+03,  1.42020673321460E+03
 1.97433333300000E+03, -1.29486279938703E+00, -1.16390000000000E+00, -3.52151702633129E+01,  2.03770000000005E+02,  2.03795665755860E+03,  1.50542858452213E+03
 1.97441666700000E+03, -1.28003229951886E+00, -1.02137275000000E+00, -3.52333489868300E+01,  2.03950000000005E+02,  1.83045551087335E+03,  1.05248187804014E+03
 1.97450000000000E+03, -1.28875400945149E+00, -7.84434500000000E-01, -3.52511306569368E+01,  2.04130000000005E+02,  1.76976646845452E+03,  9.70890516853058E+02
 1.97458333300000E+03, -1.10148877067293E+00, -6.10593500000000E-01, -3.52685145300184E+01,  2.04310000000005E+02,  1.32954982991046E+03,  1.01263447985382E+03
 1.97466666700000E+03, -6.88229406166892E-01, -6.75142500000000E-01, -2.98876770998448E+01,  2.04490000000005E+02,  9.41529970481595E+02,  9.99163280263901E+02
 1.97475000000000E+03, -4.30363689430992E-01, -8.65488750000000E-01, -2.98536128581293E+01,  2.04670000000005E+02,  1.09732718786249E+03,  8.10387787193908E+02
 1.97483333300000E+03, -3.55597752992908E-01, -9.67245250000000E-01, -2.98196219228011E+01,  2.04850000000005E+02,  1.46018515596585E+03,  5.73625427232567E+02
 1.97491666700000E+03, -3.14091392233481E-01, -8.37052750000000E-01, -2.97857051716963E+01,  2.05030000000005E+02,  1.50004502993365E+03,  9.46260346698570E+02
 1.97500000000000E+03, -3.24556001101903E-01, -6.31326000000000E-01, -2.97518634567182E+01,  2.05210000000005E+02,  1.48337859039140E+03,  7.39620403605989E+02
 1.97508333300000E+03, -3.60665038371077E-01, -7.12390250000000E-01, -2.97180976038437E+01,  2.05390000000005E+02,  1.95884894288441E+03,  1.06825771540882E+03
 1.97516666700000E+03, -3.76695655197398E-01, -9.04129000000000E-01, -2.96844084131342E+01,  2.05570000000005E+02,  1.40968768312784E+03,  1.04920993197102E+03
 1.97525000000000E+03, -3.51226840476880E-01, -9.40628500000000E-01, -2.96507966587506E+01,  2.05750000000005E+02,  8.57196108111683E+02,  1.08834406052693E+03
 1.97533333300000E+03, -3.05344257234185E-01, -1.05974675000000E+00, -2.96172630889732E+01,  2.05930000000005E+02,  9.26804715171477E+02,  6.86169612159503E+02
 1.97541666700000E+03, -2.77954831098308E-01, -1.25321500000000E+00, -2.95838084262250E+01,  2.06110000000005E+02,  1.03279299934436E+03,  5.83473049590136E+02
 1.97550000000000E+03, -2.84163341777292E-01, -1.35445250000000E+00, -2.95504333671007E+01,  2.06290000000005E+02,  9.82763721293744E+02,  1.06280549624436E+03
 1.97558333300000E+03, -4.18678084173635E-01, -1.48854250000000E+00, -2.95171385823988E+01,  2.06470000000005E+02,  1.10316243986784E+03,  1.15456224899574E+03
 1.97566666700000E+03, -6.51834972270032E-01, -1.65886250000000E+00, -1.93100696918333E+01,  2.06650000000005E+02,  1.38066762108986E+03,  1.39331038714006E+03
 1.97575000000000E+03, -7.38810068887580E-01, -1.70731500000000E+00, -1.93230815041448E+01,  2.06830000000005E+02,  1.37859810038132E+03,  1.51551437611599E+03
 1.97583333300000E+03, -6.95564974794882E-01, -1.71005750000000E+00, -1.93364582680170E+01,  2.07010000000005E+02,  1.20431978327431E+03,  1.84104118659873E+03
 1.97591666700000E+03, -6.79483718118339E-01, -1.84393500000000E+00, -1.93502000259163E+01,  2.07190000000005E+02,  8.11196836742903E+02,  1.57531583609857E+03
 1.97600000000000E+03, -7.14624936742203E-01, -1.79286000000000E+00, -1.93643067859784E+01,  2.07370000000005E+02,  1.60260087217917E+03,  1.76053817181458E+03
 1.97608333300000E+03, -7.78482433723416E-01, -1.32425250000000E+00, -1.93787785219099E+01,  2.07550000000005E+02,  1.39740729853992E+03,  1.48586006287857E+03
 1.97616666700000E+03, -8.26941584669985E-01, -9.07672000000000E-01, -1.93936151728950E+01,  2.07730000000005E+02,  1.25224934499902E+03,  1.25683194521160E+03
 1.97625000000000E+03, -8.37620609518772E-01, -7.59866000000000E-01, -1.94088166435058E+01,  2.07910000000005E+02,  1.92996246231487E+03,  1.35736036987891E+03
 1.97633333300000E+03, -8.28089985055309E-01, -5.73929500000000E-01, -1.94243828036179E+01,  2.08090000000005E+02,  2.03178302131055E+03,  1.51808480576723E+03
 1.97641666700000E+03, -8.31568470772370E-01, -2.87939000000000E-01, -1.94403134883294E+01,  2.08270000000005E+02,  1.10501940591738E+03,  1.38996714937789E+03
 1.97650000000000E+03, -8.55997641987937E-01, -5.02777500000000E-02, -1.94566084978854E+01,  2.08450000000005E+02,  1.24866613561125E+03,  1.44900329389523E+03
 1.97658333300000E+03, -7.04195585293989E-01,  1.32651750000000E-01, -1.94732675976060E+01,  2.08630000000005E+02,  1.35455636513381E+03,  1.52609518308839E+03
 1.97666666700000E+03, -3.07045121240526E-01,  3.80458250000000E-01, -2.21205417614371E+01,  2.08810000000005E+02,  1.10449250416380E+03,  1.30406112526193E+03
 1.97675000000000E+03,  2.22518133357102E-02,  6.65754250000000E-01, -2.21638612603153E+01,  2.08990000000005E+02,  9.28426055516280E+02,  6.15827662497692E+02
 1.97683333300000E+03,  1.81672268970801E-01,  7.23617250000000E-01, -2.22073936834549E+01,  2.09170000000005E+02,  1.34645969234055E+03,  5.01587638188824E+02
 1.97691666700000E+03,  2.36620006907350E-01,  6.54289500000000E-01, -2.22511359674714E+01,  2.09350000000005E+02,  1.98742680247834E+03,  7.28824053890382E+02
 1.97700000000000E+03,  1.67600342024847E-01,  6.14453500000000E-01, -2.22950850254807E+01,  2.09530000000005E+02,  1.85349213255504E+03,  7.09332780896146E+02
 1.97708333300000E+03,  1.17759469697827E-02,  4.44801750000000E-01, -2.23392377474070E+01,  2.09710000000005E+02,  1.43286900332588E+03,  6.22337601682812E+02
 1.97716666700000E+03, -1.65579034576792E-01,  1.47428000000000E-01, -2.23835910002926E+01,  2.09890000000005E+02,  1.38711477908798E+03,  6.07490400116053E+02
 1.97725000000000E+03, -3.19217389173201E-01, -9.84262500000000E-02, -2.24281416286121E+01,  2.10070000000005E+02,  1.60738657318241E+03,  1.56933142888065E+03
 1.97733333300000E+03, -4.47112883605399E-01, -7.60327500000000E-02, -2.24728864545886E+01,  2.10250000000005E+02,  8.72146386481281E+02,  2.40033069422083E+03
 1.97741666700000E+03, -5.70204840453523E-01,  1.01373000000000E-01, -2.25178222785136E+01,  2.10430000000005E+02,  1.07646974548242E+03,  3.05431275008415E+03
 1.97750000000000E+03, -6.93662839681383E-01,  1.40944000000000E-01, -2.25629458790693E+01,  2.10610000000005E+02,  2.06970219826856E+03,  3.97729665391091E+03
 1.97758333300000E+03, -8.42225948053667E-01,  1.55645000000000E-01, -2.26082540136542E+01,  2.10790000000005E+02,  2.14241803527537E+03,  4.04038218604125E+03
 1.97766666700000E+03, -9.29764905077503E-01,  3.68059750000000E-01, -2.65520518851664E+01,  2.10970000000005E+02,  1.52449735236904E+03,  3.09303756168438E+03
 1.97775000000000E+03, -7.99621670496477E-01,  5.73916750000000E-01, -2.65263692639745E+01,  2.11150000000005E+02,  1.79196558066479E+03,  2.20599820877975E+03
 1.97783333300000E+03, -5.47217791442597E-01,  6.30744750000000E-01, -2.65007221963348E+01,  2.11330000000005E+02,  1.52581011985392E+03,  1.63789118350525E+03
 1.97791666700000E+03, -3.36350740122810E-01,  6.59572500000000E-01, -2.64751095648362E+01,  2.11510000000006E+02,  6.45266147937107E+02,  6.96832630410425E+02
 1.97800000000000E+03, -1.98246923929740E-01,  5.55274500000000E-01, -2.64495302490809E+01,  2.11690000000006E+02,  6.71250068954789E+02,  6.61457164711974E+02
 1.97808333300000E+03, -1.14584953441847E-01,  2.47287750000000E-01, -2.64239831260072E+01,  2.11870000000006E+02,  8.80266292823170E+02,  1.08166957293647E+03
 1.97816666700000E+03, -4.27450726858513E-02, -1.56224000000000E-01, -2.63984670702115E+01,  2.12050000000006E+02,  5.37069584328481E+02,  1.05512086572871E+03
 1.97825000000000E+03,  4.01705148131153E-02, -4.86126250000000E-01, -2.63729809542722E+01,  2.12230000000006E+02,  6.16290925810250E+02,  1.40274173621848E+03
 1.97833333300000E+03,  1.18246058177450E-01, -5.97330250000000E-01, -2.63475236490718E+01,  2.12410000000006E+02,  5.33180096593686E+02,  2.27248475177047E+03
 1.97841666700000E+03,  1.60214814543462E-01, -5.48110250000000E-01, -2.63220940241210E+01,  2.12590000000006E+02,  4.50673023121616E+02,  2.34424783689581E+03
 1.97850000000000E+03,  1.59777681394742E-01, -5.53031250000000E-01, -2.62966909478811E+01,  2.12770000000006E+02,  1.27725453788853E+03,  2.68239931317328E+03
 1.97858333300000E+03,  1.11622031328381E-01, -6.71230750000000E-01, -2.62713132880877E+01,  2.12950000000006E+02,  1.79045518200074E+03,  3.66383860843909E+03
 1.97866666700000E+03,  5.51451644271685E-02, -6.54389000000000E-01, -3.06631511738166E+01,  2.13130000000006E+02,  1.82716959885875E+03,  3.68045232153356E+03
 1.97875000000000E+03,  7.69544288002790E-02, -4.64778500000000E-01, -3.06522103011622E+01,  2.13310000000006E+02,  1.82466579675041E+03,  3.00270741843192E+03
 1.97883333300000E+03,  1.51486480377459E-01, -2.61726000000000E-01, -3.06409285069895E+01,  2.13490000000006E+02,  1.81130499401842E+03,  3.02947268544201E+03
 1.97891666700000E+03,  1.92557168479237E-01, -1.21981250000000E-01, -3.06293075523145E+01,  2.13670000000006E+02,  1.17761247212759E+03,  2.47885293853049E+03
 1.97900000000000E+03,  1.71689769307147E-01, -1.29206500000000E-01, -3.06173492229308E+01,  2.13850000000006E+02,  6.99963864697524E+02,  1.38082675205241E+03
 1.97908333300000E+03,  1.07451397522257E-01, -1.33347500000000E-01, -3.06050553291224E+01,  2.14030000000006E+02,  1.09799411255076E+03,  1.17821860500617E+03
 1.97916666700000E+03,  4.07956939657914E-02, -6.00400000000000E-03, -3.05924277053731E+01,  2.14210000000006E+02,  1.79132592094372E+03,  1.41530206712824E+03
 1.97925000000000E+03, -8.06996032467126E-03,  3.92137500000000E-02, -3.05794682100739E+01,  2.14390000000006E+02,  1.79402205416775E+03,  1.48577718052341E+03
 1.97933333300000E+03, -5.78007024907360E-02, -7.06000000000000E-02, -3.05661787252271E+01,  2.14570000000006E+02,  1.45038970596177E+03,  1.26318992413078E+03
 1.97941666700000E+03, -1.41613955243342E-01, -1.99582000000000E-01, -3.05525611561491E+01,  2.14750000000006E+02,  1.57311164715139E+03,  1.86321617949529E+03
 1.97950000000000E+03, -2.66463568816913E-01, -2.38461500000000E-01, -3.05386174311695E+01,  2.14930000000006E+02,  1.06379128568705E+03,  1.70907492494642E+03
 1.97958333300000E+03, -1.55080629538170E-01, -6.29980000000000E-02, -3.05243495013284E+01,  2.15110000000006E+02,  8.06008010290354E+02,  1.82702530633791E+03
 1.97966666700000E+03,  2.60933685371577E-01,  1.52839250000000E-01, -3.08226459400374E+01,  2.15290000000006E+02,  1.46172470661403E+03,  1.68338273080374E+03
 1.97975000000000E+03,  5.32282862737033E-01,  2.36261250000000E-01, -3.08210549964844E+01,  2.15470000000006E+02,  1.37326004416676E+03,  1.77236365782355E+03
 1.97983333300000E+03,  6.04984363509478E-01,  3.58806500000000E-01, -3.08190870353278E+01,  2.15650000000006E+02,  2.01255281211602E+03,  1.57683815606559E+03
 1.97991666700000E+03,  6.47579654795650E-01,  4.99924250000000E-01, -3.08167430856799E+01,  2.15830000000006E+02,  2.11667039365003E+03,  2.07748781214866E+03
 1.98000000000000E+03,  6.33094168874824E-01,  4.60759250000000E-01, -3.08140242078297E+01,  2.16010000000006E+02,  1.71168335829036E+03,  1.60206477683960E+03
 1.98008333300000E+03,  5.81414512782819E-01,  2.65237750000000E-01, -3.08109314930369E+01,  2.16190000000006E+02,  1.13548469625767E+03,  2.06304744385762E+03
 1.98016666700000E+03,  5.34557269261266E-01,  1.05388000000000E-01, -3.08074660633225E+01,  2.16370000000006E+02,  1.13687525955279E+03,  1.94115015369106E+03
 1.98025000000000E+03,  5.13476481051232E-01,  9.09205000000000E-02, -3.08036290712558E+01,  2.16550000000006E+02,  4.71131377674019E+02,  1.44435298158287E+03
 1.98033333300000E+03,  4.99904594502641E-01,  1.98307750000000E-01, -3.07994216997382E+01,  2.16730000000006E+02,  5.52793504292778E+02,  9.30292296516921E+02
 1.98041666700000E+03,  4.60628457846934E-01,  2.37429000000000E-01, -3.07948451617829E+01,  2.16910000000006E+02,  8.48626564529421E+02,  1.13221297996825E+03
 1.98050000000000E+03,  3.88309954752199E-01,  2.42425000000000E-02, -3.07899007002917E+01,  2.17090000000006E+02,  1.01969166168000E+03,  7.48124442263214E+02
 1.98058333300000E+03,  1.93751914617888E-01, -2.36938500000000E-01, -3.07845895878277E+01,  2.17270000000006E+02,  1.02440115720970E+03,  7.52340268418969E+02
 1.98066666700000E+03, -7.17768704167692E-02, -2.85477500000000E-01, -1.42729711691284E+01,  2.17450000000006E+02,  8.83823009812346E+02,  9.70576621584396E+02
 1.98075000000000E+03, -1.44131518408401E-01, -1.83986500000000E-01, -1.42741515680608E+01,  2.17630000000006E+02,  7.19920060361058E+02,  8.37525899641148E+02
 1.98083333300000E+03, -6.35191738598478E-02, -4.49482500000000E-02, -1.42756666880954E+01,  2.17810000000006E+02,  9.04254635384265E+02,  1.46933080772202E+03
 1.98091666700000E+03, -1.19788740739512E-02, -5.65535000000000E-02, -1.42775175742235E+01,  2.17990000000006E+02,  9.01994340014328E+02,  1.38447835795405E+03
 1.98100000000000E+03, -1.64136841791451E-02, -3.20096250000000E-01, -1.42797052443678E+01,  2.18170000000006E+02,  9.29296429792170E+02,  1.39228766965846E+03
 1.98108333300000E+03, -5.68771009172620E-02, -5.54147000000000E-01, -1.42822306891694E+01,  2.18350000000006E+02,  1.10602178050048E+03,  1.20601505651240E+03
 1.98116666700000E+03, -9.13081806214566E-02, -5.57623500000000E-01, -1.42850948717795E+01,  2.18530000000006E+02,  1.07278858464623E+03,  1.37482224618581E+03
 1.98125000000000E+03, -9.87282027061823E-02, -4.70010500000000E-01, -1.42882987276537E+01,  2.18710000000006E+02,  1.02125224706543E+03,  7.78157755239470E+02
 1.98133333300000E+03, -9.74039460072661E-02, -4.11364500000000E-01, -1.42918431643491E+01,  2.18890000000006E+02,  7.87021144100825E+02,  7.52343538453689E+02
 1.98141666700000E+03, -1.20575795317552E-01, -4.06889500000000E-01, -1.42957290613252E+01,  2.19070000000006E+02,  8.62312239556854E+02,  1.11810648511413E+03
 1.98150000000000E+03, -1.75640874128826E-01, -4.71488000000000E-01, -1.42999572697484E+01,  2.19250000000006E+02,  6.65784628160559E+02,  1.19852492430483E+03
 1.98158333300000E+03, -7.90247162092231E-02, -4.35053500000000E-01, -1.43045286122990E+01,  2.19430000000006E+02,  1.04628169914024E+03,  1.16959111873868E+03
 1.98166666700000E+03,  2.25815228350312E-01, -2.90184750000000E-01, -2.60981420480195E+01,  2.19610000000006E+02,  6.52386441464531E+02,  7.46644229261786E+02
 1.98175000000000E+03,  4.63930105514029E-01, -2.61099000000000E-01, -2.60629825666328E+01,  2.19790000000006E+02,  7.23855302208742E+02,  9.83596296664212E+02
 1.98183333300000E+03,  5.90949803575397E-01, -2.72373750000000E-01, -2.60278584126972E+01,  2.19970000000006E+02,  7.57947339689629E+02,  8.81549754070527E+02
 1.98191666700000E+03,  6.88629840738869E-01, -1.35858000000000E-01, -2.59927711313127E+01,  2.20150000000006E+02,  7.45984786722025E+02,  1.01573186093696E+03
 1.98200000000000E+03,  7.21636674100611E-01, -1.98877500000000E-02, -2.59577222448270E+01,  2.20330000000006E+02,  1.01342060695398E+03,  9.76649418722283E+02
 1.98208333300000E+03,  6.99724778632046E-01, -3.22175000000000E-03, -2.59227132527230E+01,  2.20510000000006E+02,  9.34556580849449E+02,  9.99075137204353E+02
 1.98216666700000E+03,  6.54503646992709E-01,  1.30261750000000E-01, -2.58877456315095E+01,  2.20690000000006E+02,  9.91704625565140E+02,  1.26660844050407E+03
 1.98225000000000E+03,  5.97845958884306E-01,  3.47922000000000E-01, -2.58528208346165E+01,  2.20870000000006E+02,  1.15238607895248E+03,  1.01485245205838E+03
 1.98233333300000E+03,  5.05210707873366E-01,  5.33597750000000E-01, -2.58179402922940E+01,  2.21050000000006E+02,  1.54757158667149E+03,  8.18625965443086E+02
 1.98241666700000E+03,  3.41078651229740E-01,  5.97945500000000E-01, -2.57831054115152E+01,  2.21230000000006E+02,  1.35651216203604E+03,  9.53297782711201E+02
 1.98250000000000E+03,  1.00449397459542E-01,  5.95494250000000E-01, -2.57483175758830E+01,  2.21410000000006E+02,  1.38627119061132E+03,  8.80574584992497E+02
 1.98258333300000E+03, -4.53321723273472E-02,  8.65571250000000E-01, -2.57135781455410E+01,  2.21590000000006E+02,  1.39290606896813E+03,  9.31752253508032E+02
 1.98266666700000E+03,  5.90649435495501E-02,  1.43710075000000E+00, -1.51142905642420E+01,  2.21770000000006E+02,  1.43936154099401E+03,  2.10284555697908E+03
 1.98275000000000E+03,  2.74611994780888E-01,  1.88607500000000E+00, -1.50941347843883E+01,  2.21950000000006E+02,  1.68387888203409E+03,  3.20160343554118E+03
 1.98283333300000E+03,  4.72496424743404E-01,  2.06458250000000E+00, -1.50741675176367E+01,  2.22130000000006E+02,  1.38552923680896E+03,  3.44398045676166E+03
 1.98291666700000E+03,  6.29257946007680E-01,  2.20186750000000E+00, -1.50543910732655E+01,  2.22310000000006E+02,  1.37870441229250E+03,  3.57678501359762E+03
 1.98300000000000E+03,  7.14184282975867E-01,  2.21583500000000E+00, -1.50348077570573E+01,  2.22490000000006E+02,  1.72288589555535E+03,  3.70276228120449E+03
 1.98308333300000E+03,  7.43523307361155E-01,  1.91576500000000E+00, -1.50154198709648E+01,  2.22670000000006E+02,  1.89293985110153E+03,  2.59854116630925E+03
 1.98316666700000E+03,  7.56098692730014E-01,  1.46590750000000E+00, -1.49962297127758E+01,  2.22850000000006E+02,  1.24417738925719E+03,  1.52357397059216E+03
 1.98325000000000E+03,  7.70461905009944E-01,  1.14311750000000E+00, -1.49772395757779E+01,  2.23030000000006E+02,  1.22429776106404E+03,  1.56875611066917E+03
 1.98333333300000E+03,  7.67030822643562E-01,  9.47134000000000E-01, -1.49584517484233E+01,  2.23210000000006E+02,  1.42852206591845E+03,  1.88615052485562E+03
 1.98341666700000E+03,  7.12576555403931E-01,  5.96565500000000E-01, -1.49398685139935E+01,  2.23390000000006E+02,  9.47711563286827E+02,  1.23284345290788E+03
 1.98350000000000E+03,  6.01137884175737E-01,  1.09757250000000E-01, -1.49214921502638E+01,  2.23570000000006E+02,  7.14897089026186E+02,  1.40558635328495E+03
 1.98358333300000E+03,  4.41650866483548E-01, -2.55473750000000E-01, -1.49033249291675E+01,  2.23750000000006E+02,  7.08723094132272E+02,  1.66370047583608E+03
 1.98366666700000E+03,  2.92783310286010E-01, -6.05692250000000E-01, -1.97209464550908E+01,  2.23930000000006E+02,  5.89971098198817E+02,  1.24891044173223E+03
 1.98375000000000E+03,  2.32375202301892E-01, -9.93422750000000E-01, -1.96952423347370E+01,  2.24110000000006E+02,  4.69702126652310E+02,  8.19454400495880E+02
 1.98383333300000E+03,  2.14373140204672E-01, -1.13419475000000E+00, -1.96695018739397E+01,  2.24290000000006E+02,  5.56933736376432E+02,  1.17089652872111E+03
 1.98391666700000E+03,  1.50300316442601E-01, -9.68807500000000E-01, -1.96437246842024E+01,  2.24470000000006E+02,  4.24603346856591E+02,  1.28706892359120E+03
 1.98400000000000E+03,  1.92247241662692E-02, -6.30470500000000E-01, -1.96179103952006E+01,  2.24650000000006E+02,  5.79569007608907E+02,  1.11961104848112E+03
 1.98408333300000E+03, -1.52373486160703E-01, -3.74785250000000E-01, -1.95920586549535E+01,  2.24830000000006E+02,  6.26628857071885E+02,  1.09932035194372E+03
 1.98416666700000E+03, -3.15728823187485E-01, -4.21222250000000E-01, -1.95661691299947E+01,  2.25010000000006E+02,  8.34390919898132E+02,  2.29670611095368E+03
 1.98425000000000E+03, -4.43390638735148E-01, -5.55711250000000E-01, -1.95402415055382E+01,  2.25190000000006E+02,  7.73418141692334E+02,  2.12515147106627E+03
 1.98433333300000E+03, -5.47773674339738E-01, -6.38966750000000E-01, -1.95142754856417E+01,  2.25370000000006E+02,  6.68294301653228E+02,  1.78872042393137E+03
 1.98441666700000E+03, -6.57229925952579E-01, -6.30996250000000E-01, -1.94882707933669E+01,  2.25550000000006E+02,  5.81636714167645E+02,  1.69581844942847E+03
 1.98450000000000E+03, -7.75507599210459E-01, -4.40555250000000E-01, -1.94622271709362E+01,  2.25730000000006E+02,  5.47480394119930E+02,  1.78826359182885E+03
 1.98458333300000E+03, -9.17314559196041E-01, -2.94825500000000E-01, -1.94361443798865E+01,  2.25910000000006E+02,  4.62966104706135E+02,  8.64053348573283E+02
 1.98466666700000E+03, -1.05054041698682E+00, -3.86236250000000E-01, -1.08684629663036E+01,  2.26090000000006E+02,  8.38545096768174E+02,  8.99937661337105E+02
 1.98475000000000E+03, -1.08306354422258E+00, -6.79712750000000E-01, -1.08446876848719E+01,  2.26270000000006E+02,  1.20050311404765E+03,  1.17496100125792E+03
 1.98483333300000E+03, -1.05027412417493E+00, -1.04021025000000E+00, -1.08210384440245E+01,  2.26450000000006E+02,  1.33702020520332E+03,  1.21770887815854E+03
 1.98491666700000E+03, -1.04985158959908E+00, -1.22418250000000E+00, -1.07975174277919E+01,  2.26630000000006E+02,  1.39055826766919E+03,  1.53518223349892E+03
 1.98500000000000E+03, -1.10884429922194E+00, -1.09060950000000E+00, -1.07741268246506E+01,  2.26810000000006E+02,  1.15065494641709E+03,  1.56304064802820E+03
 1.98508333300000E+03, -1.20662952432631E+00, -8.34068750000000E-01, -1.07508688272341E+01,  2.26990000000006E+02,  7.46580747666828E+02,  1.41091480706609E+03
 1.98516666700000E+03, -1.29969566511256E+00, -8.13979000000000E-01, -1.07277456320420E+01,  2.27170000000006E+02,  7.30985704649008E+02,  1.94150520175743E+03
 1.98525000000000E+03, -1.36494303267685E+00, -9.44494250000000E-01, -1.07047594391488E+01,  2.27350000000006E+02,  9.28845362770114E+02,  2.38325286563402E+03
 1.98533333300000E+03, -1.41799786748782E+00, -9.14775000000000E-01, -1.06819124519111E+01,  2.27530000000006E+02,  9.69393344712167E+02,  2.14174621495322E+03
 1.98541666700000E+03, -1.48912461963078E+00, -7.71374500000000E-01, -1.06592068766733E+01,  2.27710000000006E+02,  9.96539737065199E+02,  1.83017463520897E+03
 1.98550000000000E+03, -1.58261185681445E+00, -6.39873750000000E-01, -1.06366449224724E+01,  2.27890000000006E+02,  1.34554167906979E+03,  3.10052968521619E+03
 1.98558333300000E+03, -1.57589853413045E+00, -6.01461500000000E-01, -1.06142288007421E+01,  2.28070000000006E+02,  1.38351619061886E+03,  3.17969585570013E+03
 1.98566666700000E+03, -1.41870306443792E+00, -6.00349500000000E-01, -1.79020676834841E+01,  2.28250000000006E+02,  1.32961301334872E+03,  3.22890425784068E+03
 1.98575000000000E+03, -1.27116535470378E+00, -4.74096000000000E-01, -1.78740323717490E+01,  2.28430000000006E+02,  1.25935184842776E+03,  3.57168661183180E+03
 1.98583333300000E+03, -1.17801034104392E+00, -3.51786000000000E-01, -1.78459810100132E+01,  2.28610000000006E+02,  1.33472546577524E+03,  3.56375390387817E+03
 1.98591666700000E+03, -1.11078783283101E+00, -4.25080500000000E-01, -1.78179146531031E+01,  2.28790000000006E+02,  1.36333961967925E+03,  3.32054823082501E+03
 1.98600000000000E+03, -1.09234731851721E+00, -5.99103000000000E-01, -1.77898343776973E+01,  2.28970000000006E+02,  9.40887006370573E+02,  2.41727277330821E+03
 1.98608333300000E+03, -1.09861472985659E+00, -6.06169750000000E-01, -1.77617412822511E+01,  2.29150000000006E+02,  1.01149748059208E+03,  2.34995309204362E+03
 1.98616666700000E+03, -1.08383665579714E+00, -4.13491250000000E-01, -1.77336364869172E+01,  2.29330000000006E+02,  1.18100030592526E+03,  1.78915175988511E+03
 1.98625000000000E+03, -1.02425383186824E+00, -3.05356000000000E-01, -1.77055211334624E+01,  2.29510000000006E+02,  2.22828218606944E+03,  2.56070883587499E+03
 1.98633333300000E+03, -9.36663456042609E-01, -3.01862500000000E-01, -1.76773963851813E+01,  2.29690000000006E+02,  1.92428156343856E+03,  1.58521926690283E+03
 1.98641666700000E+03, -8.54429799118810E-01, -1.86631750000000E-01, -1.76492634268049E+01,  2.29870000000006E+02,  1.97946093025282E+03,  1.65898243572246E+03
 1.98650000000000E+03, -7.86804891670812E-01,  4.23325000000000E-02, -1.76211234644067E+01,  2.30050000000006E+02,  1.69955136199706E+03,  1.60431569080734E+03
 1.98658333300000E+03, -4.58276443104126E-01,  2.98984750000000E-01, -1.75929777253042E+01,  2.30230000000006E+02,  1.82851679641055E+03,  1.73753323414019E+03
 1.98666666700000E+03,  1.76826895862986E-01,  5.56818500000000E-01, -2.33702939818686E+01,  2.30410000000006E+02,  8.31105886792823E+02,  1.05415660897214E+03
 1.98675000000000E+03,  6.21479544371701E-01,  8.26989250000000E-01, -2.34112406799134E+01,  2.30590000000006E+02,  7.50133659539409E+02,  1.10591285448456E+03
 1.98683333300000E+03,  7.97217506503244E-01,  1.04545700000000E+00, -2.34519512366397E+01,  2.30770000000006E+02,  8.70814058412414E+02,  1.32286679052821E+03
 1.98691666700000E+03,  8.78813329355406E-01,  1.13325000000000E+00, -2.34924227594871E+01,  2.30950000000006E+02,  7.42797154908660E+02,  1.03134296075819E+03
 1.98700000000000E+03,  8.53370110380834E-01,  1.14039750000000E+00, -2.35326523788191E+01,  2.31130000000006E+02,  4.53890505633824E+02,  9.97268570032332E+02
 1.98708333300000E+03,  7.58706247698866E-01,  1.11175750000000E+00, -2.35726372482035E+01,  2.31310000000006E+02,  2.92903125683421E+02,  9.59089732725816E+02
 1.98716666700000E+03,  6.55204781960554E-01,  9.72608250000000E-01, -2.36123745446905E+01,  2.31490000000006E+02,  3.69381804967092E+02,  9.95565951043929E+02
 1.98725000000000E+03,  5.79478323393038E-01,  7.86399500000000E-01, -2.36518614690871E+01,  2.31670000000006E+02,  4.58641358700829E+02,  7.69184330701923E+02
 1.98733333300000E+03,  5.23848580454834E-01,  8.07361750000000E-01, -2.36910952462289E+01,  2.31850000000006E+02,  4.93138325352133E+02,  6.19194662401572E+02
 1.98741666700000E+03,  4.59371070434992E-01,  1.06593800000000E+00, -2.37300731252489E+01,  2.32030000000006E+02,  5.68385040502986E+02,  6.44405303710953E+02
 1.98750000000000E+03,  3.76628604533853E-01,  1.36492750000000E+00, -2.37687923798431E+01,  2.32210000000006E+02,  8.44736363683763E+02,  6.64165601771924E+02
 1.98758333300000E+03,  1.13726260772603E-01,  1.55534500000000E+00, -2.38072503085334E+01,  2.32390000000006E+02,  7.86589161868995E+02,  4.27258214188321E+02
 1.98766666700000E+03, -2.44421478898045E-01,  1.53647000000000E+00, -1.76335994057956E+01,  2.32570000000006E+02,  8.29358525517106E+02,  6.75094973206293E+02
 1.98775000000000E+03, -2.65552039339227E-01,  1.33720750000000E+00, -1.76073917393095E+01,  2.32750000000006E+02,  1.53742785672865E+03,  1.07670539464163E+03
 1.98783333300000E+03, -3.41289629915587E-02,  1.13778500000000E+00, -1.75812434801886E+01,  2.32930000000006E+02,  1.61657767105290E+03,  9.58425522050890E+02
 1.98791666700000E+03,  1.57550403674999E-01,  9.99129500000000E-01, -1.75551537888411E+01,  2.33110000000006E+02,  1.33800854434607E+03,  1.22202382138464E+03
 1.98800000000000E+03,  2.79565754970467E-01,  7.64609250000000E-01, -1.75291218156650E+01,  2.33290000000006E+02,  1.53228914089712E+03,  1.38221755116832E+03
 1.98808333300000E+03,  3.49361106712926E-01,  4.04685000000000E-01, -1.75031467013020E+01,  2.33470000000006E+02,  1.69074849987417E+03,  1.20343880651905E+03
 1.98816666700000E+03,  4.06717935500336E-01,  6.21357500000000E-02, -1.74772275768928E+01,  2.33650000000006E+02,  1.36638108546897E+03,  1.00371529010259E+03
 1.98825000000000E+03,  4.70320533253595E-01, -4.12086500000000E-01, -1.74513635643333E+01,  2.33830000000006E+02,  1.38755795424952E+03,  9.78586064329506E+02
 1.98833333300000E+03,  5.19483335325286E-01, -1.04963950000000E+00, -1.74255537765327E+01,  2.34010000000006E+02,  1.68871889613802E+03,  6.28669049047891E+02
 1.98841666700000E+03,  5.18483471781015E-01, -1.49035500000000E+00, -1.73997973176724E+01,  2.34190000000006E+02,  1.78520633359966E+03,  5.01834213847909E+02
 1.98850000000000E+03,  4.57610027494678E-01, -1.50432000000000E+00, -1.73740932834665E+01,  2.34370000000006E+02,  1.41180689457948E+03,  3.66460443308686E+02
 1.98858333300000E+03, -1.64570537419877E-01, -1.24263250000000E+00, -1.73484407614230E+01,  2.34550000000006E+02,  1.24434844387939E+03,  2.67421889748310E+02
 1.98866666700000E+03, -1.26933682918450E+00, -1.25989000000000E+00, -5.72250654827405E+00,  2.34730000000006E+02,  1.09143268713531E+03,  2.46121199716332E+02
 1.98875000000000E+03, -1.72912144760346E+00, -1.67181000000000E+00, -5.69850581458007E+00,  2.34910000000006E+02,  9.49904056927491E+02,  1.16292767711661E+03
 1.98883333300000E+03, -1.58362882872524E+00, -1.93188000000000E+00, -5.67448043940941E+00,  2.35090000000006E+02,  7.46793154142462E+02,  1.38594438893801E+03
 1.98891666700000E+03, -1.43954126427217E+00, -1.95062250000000E+00, -5.65042984199891E+00,  2.35270000000006E+02,  7.82003332434899E+02,  1.48308954693571E+03
 1.98900000000000E+03, -1.32499630847951E+00, -1.83456500000000E+00, -5.62635345380890E+00,  2.35450000000006E+02,  6.78541814049367E+02,  1.35680601757564E+03
 1.98908333300000E+03, -1.22252593587920E+00, -1.51384250000000E+00, -5.60225071869808E+00,  2.35630000000006E+02,  1.32101867543899E+03,  2.60149872424417E+03
 1.98916666700000E+03, -1.09369792138516E+00, -1.18585175000000E+00, -5.57812109309637E+00,  2.35810000000006E+02,  1.25222213062685E+03,  1.83638747728934E+03
 1.98925000000000E+03, -9.22150803075419E-01, -9.61365750000000E-01, -5.55396404617582E+00,  2.35990000000006E+02,  1.27181259048562E+03,  1.79159546870526E+03
 1.98933333300000E+03, -7.31536545073087E-01, -7.30894750000000E-01, -5.52977906001961E+00,  2.36170000000006E+02,  1.22413193062890E+03,  2.21437476130046E+03
 1.98941666700000E+03, -5.60981661415811E-01, -5.27752250000000E-01, -5.50556562978884E+00,  2.36350000000006E+02,  1.43971428930178E+03,  2.52220776387381E+03
 1.98950000000000E+03, -4.23972351469236E-01, -4.68096250000000E-01, -5.48132326388752E+00,  2.36530000000006E+02,  7.09981694310908E+02,  1.74528785143419E+03
 1.98958333300000E+03, -4.40472168472731E-01, -4.45101750000000E-01, -5.45705148412526E+00,  2.36710000000006E+02,  6.89188275305217E+02,  1.78061242215902E+03
 1.98966666700000E+03, -6.04789371440795E-01, -3.71063000000000E-01, -4.67373224160778E+00,  2.36890000000006E+02,  1.03766412010560E+03,  2.47894344372156E+03
 1.98975000000000E+03, -6.41265146576865E-01, -3.50029250000000E-01, -4.67768786891435E+00,  2.37070000000006E+02,  9.68699116975478E+02,  2.54563915324032E+03
 1.98983333300000E+03, -5.39450046061956E-01, -3.01133250000000E-01, -4.68196542154116E+00,  2.37250000000006E+02,  6.23228013706852E+02,  2.28283811243161E+03
 1.98991666700000E+03, -4.60112464485803E-01, -1.41402500000000E-01, -4.68656563372772E+00,  2.37430000000006E+02,  8.71149596559045E+02,  1.92077352020855E+03
 1.99000000000000E+03, -4.30214808759419E-01,  3.26477500000000E-02, -4.69148921433160E+00,  2.37610000000006E+02,  8.23979342917444E+02,  1.74402344965585E+03
 1.99008333300000E+03, -4.30123565628515E-01,  1.33733000000000E-01, -4.69673684667117E+00,  2.37790000000007E+02,  4.56511105499168E+02,  9.00758842255048E+02
 1.99016666700000E+03, -4.18341911840191E-01,  1.48061000000000E-01, -4.70230918837122E+00,  2.37970000000007E+02,  1.12380502316957E+03,  6.15716391801941E+02
 1.99025000000000E+03, -3.74689382124441E-01,  1.68919500000000E-01, -4.70820687121140E+00,  2.38150000000007E+02,  1.11307461382365E+03,  6.32795986980510E+02
 1.99033333300000E+03, -3.18434309367756E-01,  1.63349250000000E-01, -4.71443050097764E+00,  2.38330000000007E+02,  9.35838035763024E+02,  5.61039621857143E+02
 1.99041666700000E+03, -2.83978717540739E-01,  1.28837500000000E-01, -4.72098065731640E+00,  2.38510000000007E+02,  9.46762328974428E+02,  5.83579195349380E+02
 1.99050000000000E+03, -2.79988114802252E-01,  1.75092500000000E-01, -4.72785789359186E+00,  2.38690000000007E+02,  9.90748281129974E+02,  7.91307022390012E+02
 1.99058333300000E+03, -3.33082366361130E-02,  2.23026500000000E-01, -4.73506273674611E+00,  2.38870000000007E+02,  8.42293070675439E+02,  8.87520506656388E+02
 1.99066666700000E+03,  4.87485847860435E-01,  2.28658000000000E-01, -1.62003223525944E+01,  2.39050000000007E+02,  1.02148468389470E+03,  9.90714775608805E+02
 1.99075000000000E+03,  7.98491024585191E-01,  2.25693750000000E-01, -1.62119117402103E+01,  2.39230000000007E+02,  1.62472186679308E+03,  1.57086225652446E+03
 1.99083333300000E+03,  8.75664275289002E-01,  2.51744250000000E-01, -1.62231442354760E+01,  2.39410000000007E+02,  2.32188057865484E+03,  2.23115116427629E+03
 1.99091666700000E+03,  9.18689046801753E-01,  3.61014750000000E-01, -1.62340196855888E+01,  2.39590000000007E+02,  2.18057096495092E+03,  1.94109485500561E+03
 1.99100000000000E+03,  9.01445733943212E-01,  4.20042250000000E-01, -1.62445379675116E+01,  2.39770000000007E+02,  1.82400842343798E+03,  1.57286754850086E+03
 1.99108333300000E+03,  8.44636666141597E-01,  3.03650500000000E-01, -1.62546989879241E+01,  2.39950000000007E+02,  1.73941941834816E+03,  1.39453981243491E+03
 1.99116666700000E+03,  7.91041058404971E-01,  1.97506250000000E-01, -1.62645026831715E+01,  2.40130000000007E+02,  1.51433126215174E+03,  8.07228100063954E+02
 1.99125000000000E+03,  7.62311331345623E-01,  2.66866750000000E-01, -1.62739490192101E+01,  2.40310000000007E+02,  1.52603323309989E+03,  1.27100186309623E+03
 1.99133333300000E+03,  7.40805439573478E-01,  4.31372750000000E-01, -1.62830379915485E+01,  2.40490000000007E+02,  1.84823470571174E+03,  1.43027328340598E+03
 1.99141666700000E+03,  6.93856691289911E-01,  6.42305250000000E-01, -1.62917696251865E+01,  2.40670000000007E+02,  2.54592241614801E+03,  1.75494961665104E+03
 1.99150000000000E+03,  6.14590522447604E-01,  7.75616250000000E-01, -1.63001439745502E+01,  2.40850000000007E+02,  2.85606659302873E+03,  1.93708333899039E+03
 1.99158333300000E+03,  6.38988402694664E-01,  6.71241000000000E-01, -1.63081611234241E+01,  2.41030000000007E+02,  2.46066530065997E+03,  2.28837772219866E+03
 1.99166666700000E+03,  8.10559240639852E-01,  6.07143000000000E-01, -1.61558722834187E+01,  2.41210000000007E+02,  1.84226507814830E+03,  1.25049240495906E+03
 1.99175000000000E+03,  9.33052625345346E-01,  8.72849500000000E-01, -1.61433671436670E+01,  2.41390000000007E+02,  1.64892624488098E+03,  1.18532171185764E+03
 1.99183333300000E+03,  9.68502866487757E-01,  1.29276975000000E+00, -1.61305623459839E+01,  2.41570000000007E+02,  1.25505712855898E+03,  8.26426606824302E+02
 1.99191666700000E+03,  9.64765377792939E-01,  1.63747250000000E+00, -1.61174595538342E+01,  2.41750000000007E+02,  8.82428210943840E+02,  8.48193829710193E+02
 1.99200000000000E+03,  8.94982214997003E-01,  1.79191750000000E+00, -1.61040604496524E+01,  2.41930000000007E+02,  8.44116768124026E+02,  4.72539630803710E+02
 1.99208333300000E+03,  7.79301939303371E-01,  1.70770750000000E+00, -1.60903667346027E+01,  2.42110000000007E+02,  1.56140586682163E+03,  8.59620428791355E+02
 1.99216666700000E+03,  6.60161114798183E-01,  1.48938000000000E+00, -1.60763801283372E+01,  2.42290000000007E+02,  1.54369948782043E+03,  9.59307312407029E+02
 1.99225000000000E+03,  5.59101846899249E-01,  1.30430000000000E+00, -1.60621023687517E+01,  2.42470000000007E+02,  1.35115518721655E+03,  1.34689150660779E+03
 1.99233333300000E+03,  4.58619138809799E-01,  1.08822125000000E+00, -1.60475352117408E+01,  2.42650000000007E+02,  1.56484687206463E+03,  1.32076912004561E+03
 1.99241666700000E+03,  3.26438707057641E-01,  7.30982000000000E-01, -1.60326804309508E+01,  2.42830000000007E+02,  1.61953004301936E+03,  1.31662215523011E+03
 1.99250000000000E+03,  1.56333932819624E-01,  3.64052750000000E-01, -1.60175398175307E+01,  2.43010000000007E+02,  1.15771524630656E+03,  1.13340553534521E+03
 1.99258333300000E+03, -1.04316800836043E-01,  1.02587000000000E-01, -1.60021151798822E+01,  2.43190000000007E+02,  1.70707325766507E+03,  1.39950167013880E+03
 1.99266666700000E+03, -3.35366472671105E-01, -8.14032500000000E-02, -6.80470577720055E+00,  2.43370000000007E+02,  1.42061201925159E+03,  1.04650942318803E+03
 1.99275000000000E+03, -2.68651756848892E-01, -1.97174500000000E-01, -6.77175187052898E+00,  2.43550000000007E+02,  1.46284094907542E+03,  1.21102575765090E+03
 1.99283333300000E+03, -2.52641845420445E-03, -1.96579250000000E-01, -6.73883107305970E+00,  2.43730000000007E+02,  1.99842834044718E+03,  2.05932468685659E+03
 1.99291666700000E+03,  2.45024482884564E-01, -7.61062500000000E-02, -6.70594463606940E+00,  2.43910000000007E+02,  1.85395412535879E+03,  2.98414973396833E+03
 1.99300000000000E+03,  4.33262614871133E-01,  1.44894000000000E-01, -6.67309379304485E+00,  2.44090000000007E+02,  1.81853897299520E+03,  2.62189611087744E+03
 1.99308333300000E+03,  5.68034317451758E-01,  3.54600250000000E-01, -6.64027975960476E+00,  2.44270000000007E+02,  2.07143494865480E+03,  3.02576012431582E+03
 1.99316666700000E+03,  6.78372936556680E-01,  4.98501000000000E-01, -6.60750373342417E+00,  2.44450000000007E+02,  2.43157688952068E+03,  3.08577115768371E+03
 1.99325000000000E+03,  7.74527242434205E-01,  6.83284000000000E-01, -6.57476689416171E+00,  2.44630000000007E+02,  2.57075070391117E+03,  2.79695030893014E+03
 1.99333333300000E+03,  8.30778110350275E-01,  7.46758000000000E-01, -6.54207040338940E+00,  2.44810000000007E+02,  2.33953612934117E+03,  1.76933042340595E+03
 1.99341666700000E+03,  8.10342086935895E-01,  5.54573250000000E-01, -6.50941540452532E+00,  2.44990000000007E+02,  2.85474696553629E+03,  2.36910700383509E+03
 1.99350000000000E+03,  7.06409350718122E-01,  3.30169250000000E-01, -6.47680302276896E+00,  2.45170000000007E+02,  2.79675697046136E+03,  2.46135231873838E+03
 1.99358333300000E+03,  2.90357365845090E-01,  2.46833750000000E-01, -6.44423436503918E+00,  2.45350000000007E+02,  2.17870065000590E+03,  2.81766546168351E+03
 1.99366666700000E+03, -3.22908751218032E-01,  2.35123250000000E-01, -9.47337331295301E+00,  2.45530000000007E+02,  2.37239596963546E+03,  2.94441487498473E+03
 1.99375000000000E+03, -5.12641324598517E-01,  1.55877500000000E-01, -9.50914515665602E+00,  2.45710000000007E+02,  2.37392800837759E+03,  2.77405279240071E+03
 1.99383333300000E+03, -3.62306569766974E-01,  1.14090250000000E-01, -9.54466863074275E+00,  2.45890000000007E+02,  1.41080913968916E+03,  2.52013242437186E+03
 1.99391666700000E+03, -2.51594446015684E-01,  1.40905500000000E-01, -9.57994151563763E+00,  2.46070000000007E+02,  1.32712381722085E+03,  2.18418188054365E+03
 1.99400000000000E+03, -2.09799498985191E-01,  1.11165250000000E-01, -9.61496161363124E+00,  2.46250000000007E+02,  1.63911597318752E+03,  1.64165846634824E+03
 1.99408333300000E+03, -2.15820156968988E-01,  9.57522500000000E-02, -9.64972674906822E+00,  2.46430000000007E+02,  8.18900055771540E+02,  1.15942486800520E+03
 1.99416666700000E+03, -2.23576608681597E-01,  1.87222750000000E-01, -9.68423476853290E+00,  2.46610000000007E+02,  9.38669304384212E+02,  1.24953521621665E+03
 1.99425000000000E+03, -2.06251101338044E-01,  3.30561500000000E-01, -9.71848354103221E+00,  2.46790000000007E+02,  8.65597369156972E+02,  1.26425611328265E+03
 1.99433333300000E+03, -1.75675564529621E-01,  4.19247750000000E-01, -9.75247095817616E+00,  2.46970000000007E+02,  1.29828990831655E+03,  2.41679530555355E+03
 1.99441666700000E+03, -1.59279043725624E-01,  4.22293000000000E-01, -9.78619493435568E+00,  2.47150000000007E+02,  1.34421966433108E+03,  2.46685631990101E+03
 1.99450000000000E+03, -1.60319247187410E-01,  4.29579500000000E-01, -9.81965340691794E+00,  2.47330000000007E+02,  1.48143102863143E+03,  2.62638195399694E+03
 1.99458333300000E+03, -8.76354538226338E-02,  4.81524250000000E-01, -9.85284433633897E+00,  2.47510000000007E+02,  1.65555906322664E+03,  2.51184029530647E+03
 1.99466666700000E+03,  7.71082266425254E-02,  5.70873000000000E-01, -2.81475595514744E+00,  2.47690000000007E+02,  2.14413769283725E+03,  2.55471047618296E+03
 1.99475000000000E+03,  1.99586009554861E-01,  8.11871500000000E-01, -2.79053708310541E+00,  2.47870000000007E+02,  1.77493415830256E+03,  1.51948282486129E+03
 1.99483333300000E+03,  2.57290517309526E-01,  1.11459450000000E+00, -2.76635991815290E+00,  2.48050000000007E+02,  1.87904946591079E+03,  1.85604087932457E+03
 1.99491666700000E+03,  2.74432559279955E-01,  1.19608000000000E+00, -2.74222362676468E+00,  2.48230000000007E+02,  1.77426561703258E+03,  1.85998868603280E+03
 1.99500000000000E+03,  2.28176069678025E-01,  1.01705800000000E+00, -2.71812737039058E+00,  2.48410000000007E+02,  2.40192793339155E+03,  2.74113390116376E+03
 1.99508333300000E+03,  1.42984186969538E-01,  7.54285750000000E-01, -2.69407030566807E+00,  2.48590000000007E+02,  2.15322569872003E+03,  2.78051539389368E+03
 1.99516666700000E+03,  6.54657154808587E-02,  5.40190750000000E-01, -2.67005158463542E+00,  2.48770000000007E+02,  2.12142618530065E+03,  3.60498404982235E+03
 1.99525000000000E+03,  2.07343980977253E-02,  3.26058750000000E-01, -2.64607035494531E+00,  2.48950000000007E+02,  1.95179011554324E+03,  3.85131458512656E+03
 1.99533333300000E+03, -6.17135544902857E-03,  1.00883250000000E-01, -2.62212576007910E+00,  2.49130000000007E+02,  2.18650171154183E+03,  3.80435062113907E+03
 1.99541666700000E+03, -4.63574994148494E-02, -2.52450000000000E-02, -2.59821693956140E+00,  2.49310000000007E+02,  1.40109237104003E+03,  3.13800619426197E+03
 1.99550000000000E+03, -1.06483126833234E-01, -2.02004250000000E-01, -2.57434302917521E+00,  2.49490000000007E+02,  1.21021437392710E+03,  2.97725425875794E+03
 1.99558333300000E+03, -4.87571499770728E-01, -5.38443250000000E-01, -2.55050316117744E+00,  2.49670000000007E+02,  1.49088248448636E+03,  2.40987007993752E+03
 1.99566666700000E+03, -1.11913510376762E+00, -7.82034000000000E-01, -1.00132575190139E+00,  2.49850000000007E+02,  1.29321716957682E+03,  1.66235006467199E+03
 1.99575000000000E+03, -1.29659316396239E+00, -8.84875250000000E-01, -1.02842011577779E+00,  2.50030000000007E+02,  9.05910897966057E+02,  1.60217050609796E+03
 1.99583333300000E+03, -1.08526360894888E+00, -9.49427750000000E-01, -1.05580794409654E+00,  2.50210000000007E+02,  8.97915283379481E+02,  1.76776111189804E+03
 1.99591666700000E+03, -9.04336411886686E-01, -9.27335500000000E-01, -1.08348797687764E+00,  2.50390000000007E+02,  8.37417013028757E+02,  1.66437456606973E+03
 1.99600000000000E+03, -7.85503654769016E-01, -8.73018250000000E-01, -1.11145892745093E+00,  2.50570000000007E+02,  7.17339008588997E+02,  1.22272824849386E+03
 1.99608333300000E+03, -7.12547423031902E-01, -7.84512500000000E-01, -1.13971948253218E+00,  2.50750000000007E+02,  5.74870990868060E+02,  1.23716126649818E+03
 1.99616666700000E+03, -6.45737466356409E-01, -5.85541500000000E-01, -1.16826830230216E+00,  2.50930000000007E+02,  9.24517715663799E+02,  1.46713933720399E+03
 1.99625000000000E+03, -5.64811819643147E-01, -3.84833000000000E-01, -1.19710402048892E+00,  2.51110000000007E+02,  8.09252666745399E+02,  1.26640817782685E+03
 1.99633333300000E+03, -4.87081469351726E-01, -2.93761500000000E-01, -1.22622524445295E+00,  2.51290000000007E+02,  8.64442627270776E+02,  1.19083337763223E+03
 1.99641666700000E+03, -4.43280498985986E-01, -2.96553750000000E-01, -1.25563055527562E+00,  2.51470000000007E+02,  1.16272358832892E+03,  1.69546570341000E+03
 1.99650000000000E+03, -4.37057788398908E-01, -2.87332750000000E-01, -1.28531850785047E+00,  2.51650000000007E+02,  1.49576404795452E+03,  1.62540392901733E+03
 1.99658333300000E+03, -3.00983393366688E-01, -2.93708250000000E-01, -1.31528763097768E+00,  2.51830000000007E+02,  1.40360671643673E+03,  1.45833531725199E+03
 1.99666666700000E+03,  1.53275400462041E-02, -3.77429500000000E-01, -1.14692785111590E+01,  2.52010000000007E+02,  1.87236330516012E+03,  2.13361226908326E+03
 1.99675000000000E+03,  2.67383652041858E-01, -3.98579000000000E-01, -1.14605438426551E+01,  2.52190000000007E+02,  1.87767761743780E+03,  2.00310459566175E+03
 1.99683333300000E+03,  4.16873376307650E-01, -4.20646000000000E-01, -1.14515016125864E+01,  2.52370000000007E+02,  1.78531926652466E+03,  2.27568317529351E+03
 1.99691666700000E+03,  5.35974550404046E-01, -5.22747750000000E-01, -1.14421531773998E+01,  2.52550000000007E+02,  1.45372994228016E+03,  2.52401562775652E+03
 1.99700000000000E+03,  5.96057309603700E-01, -5.11613250000000E-01, -1.14324999138314E+01,  2.52730000000007E+02,  1.53042202479222E+03,  2.29909794106873E+03
 1.99708333300000E+03,  6.15537951013266E-01, -3.65113000000000E-01, -1.14225432187067E+01,  2.52910000000007E+02,  1.44024545770498E+03,  1.44707261511632E+03
 1.99716666700000E+03,  6.35229839951655E-01, -1.21887000000000E-01, -1.14122845087380E+01,  2.53090000000007E+02,  1.50508454239095E+03,  1.47895134970326E+03
 1.99725000000000E+03,  6.75207606080272E-01,  2.76966500000000E-01, -1.14017252203207E+01,  2.53270000000007E+02,  1.59542286724134E+03,  1.10563283255568E+03
 1.99733333300000E+03,  7.16671736561318E-01,  7.57566250000000E-01, -1.13908668093272E+01,  2.53450000000007E+02,  1.61309933825547E+03,  8.45341419293806E+02
 1.99741666700000E+03,  7.26210310732961E-01,  1.22500525000000E+00, -1.13797107508992E+01,  2.53630000000007E+02,  1.64617936488030E+03,  1.42558397430168E+03
 1.99750000000000E+03,  6.96566307001678E-01,  1.62382000000000E+00, -1.13682585392379E+01,  2.53810000000007E+02,  1.33598308969121E+03,  1.73449617175227E+03
 1.99758333300000E+03,  5.19706236349079E-01,  1.90628750000000E+00, -1.13565116873928E+01,  2.53990000000007E+02,  1.20706143583802E+03,  1.70138071251945E+03
 1.99766666700000E+03,  2.53727656070662E-01,  2.14131750000000E+00,  4.36932666245208E+00,  2.54170000000007E+02,  1.08425005489318E+03,  1.21238143719576E+03
 1.99775000000000E+03,  2.07367345291767E-01,  2.35677000000000E+00,  4.38582101263768E+00,  2.54350000000007E+02,  1.71195555683605E+03,  1.85367261920285E+03
 1.99783333300000E+03,  3.33511288562249E-01,  2.42786500000000E+00,  4.40212381589843E+00,  2.54530000000007E+02,  1.50569258912360E+03,  1.37428238958620E+03
 1.99791666700000E+03,  4.24838007044632E-01,  2.37854750000000E+00,  4.41823322231243E+00,  2.54710000000007E+02,  1.43908846041649E+03,  1.05496949934331E+03
 1.99800000000000E+03,  4.55345525429078E-01,  2.27777750000000E+00,  4.43414738796713E+00,  2.54890000000007E+02,  1.87354547391416E+03,  1.10902348310885E+03
 1.99808333300000E+03,  4.45866348804145E-01,  1.95851750000000E+00,  4.44986447520250E+00,  2.55070000000007E+02,  1.41917344007782E+03,  1.60609873760429E+03
 1.99816666700000E+03,  4.39299312512646E-01,  1.42446800000000E+00,  4.46538265285385E+00,  2.55250000000007E+02,  9.04998549834694E+02,  1.11068375066710E+03
 1.99825000000000E+03,  4.57386217237004E-01,  9.65463750000000E-01,  4.48070009649454E+00,  2.55430000000007E+02,  1.36675674020522E+03,  1.21459451168520E+03
 1.99833333300000E+03,  4.82528528042318E-01,  5.06862500000000E-01,  4.49581498867827E+00,  2.55610000000007E+02,  1.40991508831158E+03,  1.48180479396876E+03
 1.99841666700000E+03,  4.82046008346343E-01, -1.72814500000000E-01,  4.51072551918103E+00,  2.55790000000007E+02,  1.68506019903069E+03,  2.38010277160615E+03
 1.99850000000000E+03,  4.48986874358729E-01, -8.17946500000000E-01,  4.52542988524280E+00,  2.55970000000007E+02,  1.78809922321898E+03,  2.25412511784055E+03
 1.99858333300000E+03, -9.50592074421565E-02, -1.16742525000000E+00,  4.53992629180873E+00,  2.56150000000007E+02,  1.66282285034040E+03,  2.40453440593118E+03
 1.99866666700000E+03, -1.08911241406364E+00, -1.30401750000000E+00, -5.82838025970213E+00,  2.56330000000007E+02,  1.85199163929289E+03,  2.71143482551549E+03
 1.99875000000000E+03, -1.48033779687959E+00, -1.37362250000000E+00, -5.85045950249637E+00,  2.56510000000007E+02,  2.09781843022844E+03,  2.67403245711186E+03
 1.99883333300000E+03, -1.31886354093992E+00, -1.46175500000000E+00, -5.87232471558794E+00,  2.56690000000007E+02,  1.39663428158579E+03,  1.83999428905918E+03
 1.99891666700000E+03, -1.18738603106504E+00, -1.59633250000000E+00, -5.89397390813800E+00,  2.56870000000007E+02,  1.35532526438433E+03,  1.64920007743120E+03
 1.99900000000000E+03, -1.11476604186478E+00, -1.58853500000000E+00, -5.91540509815924E+00,  2.57050000000007E+02,  1.61542911638129E+03,  1.40162272218719E+03
 1.99908333300000E+03, -1.08241495232599E+00, -1.30591500000000E+00, -5.93661631275703E+00,  2.57230000000007E+02,  1.14706685432119E+03,  9.54037957377146E+02
 1.99916666700000E+03, -1.04902629337113E+00, -1.03169250000000E+00, -5.95760558836996E+00,  2.57410000000007E+02,  1.65473760576520E+03,  1.62257127308288E+03
 1.99925000000000E+03, -9.93803088896849E-01, -9.84810000000000E-01, -5.97837097100980E+00,  2.57590000000007E+02,  1.68322735292353E+03,  1.64020704973581E+03
 1.99933333300000E+03, -9.34680519553022E-01, -1.02718250000000E+00, -5.99891051650075E+00,  2.57770000000007E+02,  1.93822974670818E+03,  1.53693924624229E+03
 1.99941666700000E+03, -9.04135526248495E-01, -1.04734250000000E+00, -6.01922229071801E+00,  2.57950000000007E+02,  2.24088255310710E+03,  2.20012010082357E+03
 1.99950000000000E+03, -9.08466495168794E-01, -1.09038750000000E+00, -6.03930436982564E+00,  2.58130000000007E+02,  2.01204587244142E+03,  2.24036232205745E+03
 1.99958333300000E+03, -8.54387787269035E-01, -1.13693500000000E+00, -6.05915484051372E+00,  2.58310000000007E+02,  1.57983976865019E+03,  1.88382523629911E+03
 1.99966666700000E+03, -7.16578242753163E-01, -1.14559250000000E+00, -1.38492716646132E+00,  2.58490000000007E+02,  1.65003597116467E+03,  1.96333313660549E+03
 1.99975000000000E+03, -6.18760313344154E-01, -1.24666500000000E+00, -1.36165993759195E+00,  2.58670000000007E+02,  1.60011274023991E+03,  3.95538012055990E+03
 1.99983333300000E+03, -5.72317620506719E-01, -1.47764500000000E+00, -1.33838222089513E+00,  2.58850000000007E+02,  1.10616316712445E+03,  3.25570642629067E+03
 1.99991666700000E+03, -5.51667844824586E-01, -1.67166250000000E+00, -1.31509326888487E+00,  2.59030000000007E+02,  1.02578069018305E+03,  3.18680994720407E+03
 2.00000000000000E+03, -5.86271173589993E-01, -1.69624750000000E+00, -1.29179234193155E+00,  2.59210000000007E+02,  1.34011081883035E+03,  4.18409613605494E+03
 2.00008333300000E+03, -6.58866116519148E-01, -1.44509000000000E+00, -1.26847870845335E+00,  2.59390000000007E+02,  1.22265953003341E+03,  3.98740303994394E+03
 2.00016666700000E+03, -7.30001750051064E-01, -1.04158925000000E+00, -1.24515164510663E+00,  2.59570000000007E+02,  1.26031752290897E+03,  1.88193874720928E+03
 2.00025000000000E+03, -7.81031911169123E-01, -7.99098000000000E-01, -1.22181043697486E+00,  2.59750000000007E+02,  1.22283626317539E+03,  2.03070104914051E+03
 2.00033333300000E+03, -8.32088216929901E-01, -7.22986500000000E-01, -1.19845437775633E+00,  2.59930000000007E+02,  1.25560427927602E+03,  2.13461166676328E+03
 2.00041666700000E+03, -9.17641450390146E-01, -6.48231250000000E-01, -1.17508276995050E+00,  2.60110000000007E+02,  7.27837960704028E+02,  6.32175927089963E+02
 2.00050000000000E+03, -1.04555179636773E+00, -5.55525250000000E-01, -1.15169492504303E+00,  2.60290000000007E+02,  6.26847304408455E+02,  7.82424011873837E+02
 2.00058333300000E+03, -1.33478810533610E+00, -5.03300750000000E-01, -1.12829016368933E+00,  2.60470000000007E+02,  3.23201367142894E+02,  1.23414533284772E+03
 2.00066666700000E+03, -1.72955323453704E+00, -5.43661750000000E-01, -3.35086310304032E+00,  2.60650000000007E+02,  2.84070517693869E+02,  1.31860634882852E+03
 2.00075000000000E+03, -1.89241485031885E+00, -6.36938250000000E-01, -3.32554909584683E+00,  2.60830000000007E+02,  2.29307059790695E+02,  1.44107276199914E+03
 2.00083333300000E+03, -1.84885180835334E+00, -7.40118250000000E-01, -3.30029320735631E+00,  2.61010000000007E+02,  2.22815539550668E+02,  1.76458968832971E+03
 2.00091666700000E+03, -1.80427546380645E+00, -8.03288750000000E-01, -3.27509476349926E+00,  2.61190000000007E+02,  4.80750536637363E+02,  1.59636299190986E+03
 2.00100000000000E+03, -1.78438916681262E+00, -7.44534250000000E-01, -3.24995308077608E+00,  2.61370000000007E+02,  6.74281964017335E+02,  1.77425994498858E+03
 2.00108333300000E+03, -1.76947314373345E+00, -6.03670750000000E-01, -3.22486746645004E+00,  2.61550000000007E+02,  7.10638061105983E+02,  1.59931420248056E+03
 2.00116666700000E+03, -1.71912416427807E+00, -4.68149750000000E-01, -3.19983721874150E+00,  2.61730000000007E+02,  9.39637348326512E+02,  1.84554272382037E+03
 2.00125000000000E+03, -1.61536740326731E+00, -3.53186250000000E-01, -3.17486162702328E+00,  2.61910000000007E+02,  9.58000469691188E+02,  1.49712289114187E+03
 2.00133333300000E+03, -1.48065206554500E+00, -2.15588500000000E-01, -3.14993997201713E+00,  2.62090000000007E+02,  8.67535740742539E+02,  1.82470519047969E+03
 2.00141666700000E+03, -1.35334080055803E+00, -6.18845000000000E-02, -3.12507152599142E+00,  2.62270000000007E+02,  8.58109662717750E+02,  1.40973138300128E+03
 2.00150000000000E+03, -1.24659939185288E+00,  1.50000000000000E-02, -3.10025555295983E+00,  2.62450000000007E+02,  8.38978333586602E+02,  1.38802295960431E+03
 2.00158333300000E+03, -9.88245537748387E-01, -5.02822500000000E-02, -3.07549130888115E+00,  2.62630000000007E+02,  7.79798363999754E+02,  9.56605487142377E+02
 2.00166666700000E+03, -5.55606846042101E-01, -1.38502250000000E-01,  9.98377262408700E-01,  2.62810000000007E+02,  1.30743396486955E+03,  1.13207908103668E+03
 2.00175000000000E+03, -2.39980624570427E-01, -1.77110500000000E-01,  9.54906889730879E-01,  2.62990000000007E+02,  1.20821654606724E+03,  9.44638835606403E+02
 2.00183333300000E+03, -5.01149010887722E-02, -2.66405500000000E-01,  9.11312223672089E-01,  2.63170000000007E+02,  1.39383123285005E+03,  1.08002156739746E+03
 2.00191666700000E+03,  1.18545407029699E-01, -3.01320750000000E-01,  8.67596008261251E-01,  2.63350000000007E+02,  1.43195884577618E+03,  1.12607729208059E+03
 2.00200000000000E+03,  2.21719652783601E-01, -1.83099250000000E-01,  8.23760999630021E-01,  2.63530000000007E+02,  1.75721731758880E+03,  1.79179424511177E+03
 2.00208333300000E+03,  2.58538825083291E-01, -4.38435000000000E-02,  7.79809965768804E-01,  2.63710000000007E+02,  1.49020976721724E+03,  1.64056330372429E+03
 2.00216666700000E+03,  2.51467700395984E-01,  5.13955000000000E-02,  7.35745686281435E-01,  2.63890000000007E+02,  1.43220497364853E+03,  1.65973574476330E+03
 2.00225000000000E+03,  2.07872643787335E-01,  1.85716250000000E-01,  6.91570952138499E-01,  2.64070000000007E+02,  1.11867715404926E+03,  1.65920352431752E+03
 2.00233333300000E+03,  1.05689399740004E-01,  4.59544750000000E-01,  6.47288565429331E-01,  2.64250000000008E+02,  1.06822902074881E+03,  1.53797758037409E+03
 2.00241666700000E+03, -8.02941183656363E-02,  7.47010250000000E-01,  6.02901339112759E-01,  2.64430000000008E+02,  6.38111527944507E+02,  8.43909083769425E+02
 2.00250000000000E+03, -3.37964187323983E-01,  8.63107250000000E-01,  5.58412096766565E-01,  2.64610000000008E+02,  4.57966868500144E+02,  7.89698513006323E+02
 2.00258333300000E+03, -4.01052750512575E-01,  9.29279500000000E-01,  5.13823672335726E-01,  2.64790000000008E+02,  5.60233460984101E+02,  6.62305816456010E+02
 2.00266666700000E+03, -1.39366123762074E-01,  1.08669100000000E+00,  3.31032060764736E+00,  2.64970000000008E+02,  5.24007524341503E+02,  3.00667734430546E+02
 2.00275000000000E+03,  1.14717623674756E-01,  1.30156250000000E+00,  3.28717247437306E+00,  2.65150000000008E+02,  9.35710155979631E+02,  5.41064345896289E+02
 2.00283333300000E+03,  2.54839363160150E-01,  1.44645500000000E+00,  3.26403008472562E+00,  2.65330000000008E+02,  8.62503188894478E+02,  5.79792398066363E+02
 2.00291666700000E+03,  3.62170811339508E-01,  1.24004700000000E+00,  3.24089264291119E+00,  2.65510000000008E+02,  1.72799809801787E+03,  1.23233576669411E+03
 2.00300000000000E+03,  4.03195979827837E-01,  8.13432250000000E-01,  3.21775934726003E+00,  2.65690000000008E+02,  1.61769619008848E+03,  1.20159083857853E+03
 2.00308333300000E+03,  3.90610097253018E-01,  5.77743500000000E-01,  3.19462939042750E+00,  2.65870000000008E+02,  1.65936625592194E+03,  1.32151278739680E+03
 2.00316666700000E+03,  3.59757299458468E-01,  3.61375750000000E-01,  3.17150195959585E+00,  2.66050000000008E+02,  1.24516592517190E+03,  1.45075220490591E+03
 2.00325000000000E+03,  3.26617584921331E-01, -3.46847500000000E-02,  3.14837623667693E+00,  2.66230000000008E+02,  1.28561841930363E+03,  1.39575603403401E+03
 2.00333333300000E+03,  2.70610494522151E-01, -2.90638250000000E-01,  3.12525139851563E+00,  2.66410000000008E+02,  1.05552620430298E+03,  2.08527858139184E+03
 2.00341666700000E+03,  1.59423059719273E-01, -1.18307750000000E-01,  3.10212661709405E+00,  2.66590000000008E+02,  1.18262082741389E+03,  2.21480665947827E+03
 2.00350000000000E+03, -1.01474217331597E-02,  1.91353500000000E-01,  3.07900105973647E+00,  2.66770000000008E+02,  1.15692584966061E+03,  2.24086645367467E+03
 2.00358333300000E+03, -2.40868029209035E-01,  2.83653500000000E-01,  3.05587388931492E+00,  2.66950000000008E+02,  1.16869769562985E+03,  2.35185863722074E+03
 2.00366666700000E+03, -4.15633794232548E-01,  3.16735500000000E-01, -1.30557863150814E+00,  2.67130000000008E+02,  1.24549316880304E+03,  3.05698540274273E+03
 2.00375000000000E+03, -3.61136998398909E-01,  4.01086750000000E-01, -1.35170711810768E+00,  2.67310000000008E+02,  3.63511144601203E+02,  2.20545995651517E+03
 2.00383333300000E+03, -1.62322349918632E-01,  4.37739500000000E-01, -1.39781066028366E+00,  2.67490000000008E+02,  8.55867018259784E+02,  2.21169871210423E+03
 2.00391666700000E+03,  2.80566810147932E-02,  4.01039500000000E-01, -1.44388622875501E+00,  2.67670000000008E+02,  8.51284912736404E+02,  2.05823522885207E+03
 2.00400000000000E+03,  1.79259534812152E-01,  3.08266750000000E-01, -1.48993079564550E+00,  2.67850000000008E+02,  1.17461705360288E+03,  1.95013212359128E+03
 2.00408333300000E+03,  2.96582704730763E-01,  2.28727500000000E-01, -1.53594133475982E+00,  2.68030000000008E+02,  1.10138476426834E+03,  1.30164347412700E+03
 2.00416666700000E+03,  3.99202650684132E-01,  1.89420500000000E-01, -1.58191482185951E+00,  2.68210000000008E+02,  1.25242161284212E+03,  8.16055489540421E+02
 2.00425000000000E+03,  4.81841938185088E-01,  1.78086000000000E-01, -1.62784823493867E+00,  2.68390000000008E+02,  9.67537733839106E+02,  7.13995629208385E+02
 2.00433333300000E+03,  5.02644245579310E-01,  2.04974750000000E-01, -1.67373855449943E+00,  2.68570000000008E+02,  9.78227618056916E+02,  8.48494736851526E+02
 2.00441666700000E+03,  4.13269594972528E-01,  3.31324750000000E-01, -1.71958276382721E+00,  2.68750000000008E+02,  7.53361934226579E+02,  5.24399217908234E+02
 2.00450000000000E+03,  2.03969060462240E-01,  5.63188500000000E-01, -1.76537784926569E+00,  2.68930000000008E+02,  8.33008411626150E+02,  4.34459602259886E+02
 2.00458333300000E+03, -2.97996228952157E-01,  7.41606000000000E-01, -1.81112080049138E+00,  2.69110000000008E+02,  1.38840111225105E+03,  5.76066025097479E+02
 2.00466666700000E+03, -1.02002934701137E+00,  7.88855250000000E-01, -5.53394447201982E+00,  2.69290000000008E+02,  1.60563116995014E+03,  5.01692995111456E+02
 2.00475000000000E+03, -1.46243359129467E+00,  7.67973750000000E-01, -5.58089004177735E+00,  2.69470000000008E+02,  1.81777674769203E+03,  8.58672211660992E+02
 2.00483333300000E+03, -1.59914116563894E+00,  7.52541750000000E-01, -5.62784922230355E+00,  2.69650000000008E+02,  1.76818234831841E+03,  8.03747420734100E+02
 2.00491666700000E+03, -1.66721899821316E+00,  7.35474500000000E-01, -5.67481883803919E+00,  2.69830000000008E+02,  1.70314361205526E+03,  8.62309867821762E+02
 2.00500000000000E+03, -1.68899024212316E+00,  6.14241750000000E-01, -5.72179571121685E+00,  2.70010000000008E+02,  1.51814918262295E+03,  7.95228350425760E+02
 2.00508333300000E+03, -1.65766111021496E+00,  4.72055000000000E-01, -5.76877666215988E+00,  2.70190000000008E+02,  1.01523425792389E+03,  1.08912122796248E+03
 2.00516666700000E+03, -1.55796926519385E+00,  4.31795500000000E-01, -5.81575850958157E+00,  2.70370000000008E+02,  9.17244817813393E+02,  6.48695464929302E+02
 2.00525000000000E+03, -1.40243991204883E+00,  4.14428750000000E-01, -5.86273807088465E+00,  2.70550000000008E+02,  1.19379786110043E+03,  8.30016943676695E+02
 2.00533333300000E+03, -1.24143566877784E+00,  3.49183250000000E-01, -5.90971216246085E+00,  2.70730000000008E+02,  1.47211156007817E+03,  1.11067268831005E+03
 2.00541666700000E+03, -1.13153122341479E+00,  1.65698750000000E-01, -5.95667759999070E+00,  2.70910000000008E+02,  9.49270948837377E+02,  1.04195015120307E+03
 2.00550000000000E+03, -1.08982702863204E+00, -2.23837500000000E-02, -6.00363119874335E+00,  2.71090000000008E+02,  1.10649372918386E+03,  8.26432056141235E+02
 2.00558333300000E+03, -1.27850061713531E+00, -5.65952500000000E-02, -6.05056977387661E+00,  2.71270000000008E+02,  9.51538916722119E+02,  7.71842719276959E+02
 2.00566666700000E+03, -1.63523323374203E+00, -3.56500000000000E-02, -8.26105449010177E+00,  2.71450000000008E+02,  7.32872676952001E+02,  8.37015872391118E+02
 2.00575000000000E+03, -1.72852250347308E+00, -1.50508000000000E-01, -8.30328821081407E+00,  2.71630000000008E+02,  4.84306796753596E+02,  4.39513797509583E+02
 2.00583333300000E+03, -1.58690598801403E+00, -4.84098000000000E-01, -8.34535163379846E+00,  2.71810000000008E+02,  4.96603854675276E+02,  4.75754409606133E+02
 2.00591666700000E+03, -1.46563027331483E+00, -8.01725250000000E-01, -8.38724196989209E+00,  2.71990000000008E+02,  5.11178427024113E+02,  5.00250871494656E+02
 2.00600000000000E+03, -1.39042129660438E+00, -8.47825500000000E-01, -8.42895644489115E+00,  2.72170000000008E+02,  4.98815770554298E+02,  7.37779650253795E+02
 2.00608333300000E+03, -1.33655747582889E+00, -7.28165000000000E-01, -8.47049229980445E+00,  2.72350000000008E+02,  3.91329188067368E+02,  8.73386380098044E+02
 2.00616666700000E+03, -1.25520229549536E+00, -5.49769250000000E-01, -8.51184679110565E+00,  2.72530000000008E+02,  4.13656629704363E+02,  8.38694093310436E+02
 2.00625000000000E+03, -1.11858469071254E+00, -2.60901250000000E-01, -8.55301719098341E+00,  2.72710000000008E+02,  4.50317110897930E+02,  8.77785231548692E+02
 2.00633333300000E+03, -9.40155871486740E-01,  5.44500000000003E-04, -8.59400078758985E+00,  2.72890000000008E+02,  3.59779645307174E+02,  9.20976018360036E+02
 2.00641666700000E+03, -7.51980650623544E-01,  1.08959750000000E-01, -8.63479488528727E+00,  2.73070000000008E+02,  4.05109350042036E+02,  7.57237364088993E+02
 2.00650000000000E+03, -5.64995547619737E-01,  1.77954250000000E-01, -8.67539680489292E+00,  2.73250000000008E+02,  3.91579200538413E+02,  3.84551194996421E+02
 2.00658333300000E+03, -5.58432678399402E-01,  3.42084250000000E-01, -8.71580388392187E+00,  2.73430000000008E+02,  9.20660350066826E+02,  7.76730368074916E+02
 2.00666666700000E+03, -7.37799828438630E-01,  5.61723000000000E-01, -1.30244680490605E+00,  2.73610000000008E+02,  1.07340081151575E+03,  9.11695353568577E+02
 2.00675000000000E+03, -7.26527509771162E-01,  7.83271500000000E-01, -1.34857687480806E+00,  2.73790000000008E+02,  9.70176141280528E+02,  7.39787514827110E+02
 2.00683333300000E+03, -5.13490644064953E-01,  1.01084200000000E+00, -1.39468220594477E+00,  2.73970000000008E+02,  1.10843396915027E+03,  1.19372675249654E+03
 2.00691666700000E+03, -3.10421788718623E-01,  1.02604425000000E+00, -1.44075976894975E+00,  2.74150000000008E+02,  1.30990804393233E+03,  1.24486851756416E+03
 2.00700000000000E+03, -1.46677736304170E-01,  6.72806750000000E-01, -1.48680653584270E+00,  2.74330000000008E+02,  8.96524745493382E+02,  1.23376553511235E+03
 2.00708333300000E+03, -1.42409132984215E-02,  2.08200750000000E-01, -1.53281948030547E+00,  2.74510000000008E+02,  6.85114969699072E+02,  1.05871440782055E+03
 2.00716666700000E+03,  1.09413804010381E-01, -8.32785000000000E-02, -1.57879557795807E+00,  2.74690000000008E+02,  6.98634364040100E+02,  1.15445016631718E+03
 2.00725000000000E+03,  2.22152571609426E-01, -2.24290500000000E-01, -1.62473180663433E+00,  2.74870000000008E+02,  8.99720946334317E+02,  1.00661396981306E+03
 2.00733333300000E+03,  2.84274476935980E-01, -2.81391750000000E-01, -1.67062514665744E+00,  2.75050000000008E+02,  7.77596669296200E+02,  1.45077462388940E+03
 2.00741666700000E+03,  2.48025931063654E-01, -3.14574250000000E-01, -1.71647258111521E+00,  2.75230000000008E+02,  8.58769034658134E+02,  1.25981833010042E+03
 2.00750000000000E+03,  1.02401254236938E-01, -4.64780500000000E-01, -1.76227109613503E+00,  2.75410000000008E+02,  8.59491701838873E+02,  1.36394621115264E+03
 2.00758333300000E+03, -5.47086994805443E-01, -7.46760750000000E-01, -1.80801768115853E+00,  2.75590000000008E+02,  1.15638037436974E+03,  1.87831714997962E+03
 2.00766666700000E+03, -1.57547553645227E+00, -1.07245150000000E+00,  8.84906314652249E+00,  2.75770000000008E+02,  8.76099645207335E+02,  2.43425213218978E+03
 2.00775000000000E+03, -2.00602010715102E+00, -1.32041250000000E+00,  8.82919527550080E+00,  2.75950000000008E+02,  8.27397401235702E+02,  2.25177835247934E+03
 2.00783333300000E+03, -1.90264754242527E+00, -1.45442500000000E+00,  8.80917355935815E+00,  2.76130000000008E+02,  5.78222086638426E+02,  2.07066437270916E+03
 2.00791666700000E+03, -1.80280154042598E+00, -1.56096250000000E+00,  8.78899995141983E+00,  2.76310000000008E+02,  7.39138341889405E+02,  1.97233277796022E+03
 2.00800000000000E+03, -1.73354965163432E+00, -1.64556750000000E+00,  8.76867640530133E+00,  2.76490000000008E+02,  1.02371665837303E+03,  1.63060567974922E+03
 2.00808333300000E+03, -1.67801017745780E+00, -1.54060000000000E+00,  8.74820487466393E+00,  2.76670000000008E+02,  1.00061997872199E+03,  7.15514813440866E+02
 2.00816666700000E+03, -1.59962523114710E+00, -1.21485175000000E+00,  8.72758731297112E+00,  2.76850000000008E+02,  1.61825446272582E+03,  6.91747336373685E+02
 2.00825000000000E+03, -1.48438089641179E+00, -9.12000750000000E-01,  8.70682567324552E+00,  2.77030000000008E+02,  1.56734454403445E+03,  7.76085675761401E+02
 2.00833333300000E+03, -1.35770092384308E+00, -7.18564750000000E-01,  8.68592190782649E+00,  2.77210000000008E+02,  1.59176209240214E+03,  8.45187822172607E+02
 2.00841666700000E+03, -1.25889751111590E+00, -5.00302000000000E-01,  8.66487796812854E+00,  2.77390000000008E+02,  1.01428699013773E+03,  7.03705706724518E+02
 2.00850000000000E+03, -1.19935278814326E+00, -2.56815500000000E-01,  8.64369580440040E+00,  2.77570000000008E+02,  1.24868177802361E+03,  1.35883211050370E+03
 2.00858333300000E+03, -1.26542144874037E+00, -1.66385500000000E-01,  8.62237736548488E+00,  2.77750000000008E+02,  7.69313617934647E+02,  1.05073941218927E+03
 2.00866666700000E+03, -1.42272660343488E+00, -2.34561250000000E-01, -6.04489635269846E+00,  2.77930000000008E+02,  1.17584416339621E+03,  1.15724253177652E+03
 2.00875000000000E+03, -1.42982868269610E+00, -3.14630500000000E-01, -6.06661215179620E+00,  2.78110000000008E+02,  1.01393041597467E+03,  1.20872606635075E+03
 2.00883333300000E+03, -1.30379414017489E+00, -4.73568000000000E-01, -6.08801198668082E+00,  2.78290000000008E+02,  1.25099211625330E+03,  1.58936195790021E+03
 2.00891666700000E+03, -1.20101956487183E+00, -7.30215500000000E-01, -6.10909487494681E+00,  2.78470000000008E+02,  1.60404375958029E+03,  1.37225435918088E+03
 2.00900000000000E+03, -1.14669941375811E+00, -8.48230750000000E-01, -6.12985986014800E+00,  2.78650000000008E+02,  1.97283873179772E+03,  1.72044785544614E+03
 2.00908333300000E+03, -1.11957291980128E+00, -7.75222250000000E-01, -6.15030601184687E+00,  2.78830000000008E+02,  2.27501410618921E+03,  1.73998304798857E+03
 2.00916666700000E+03, -1.07674499006434E+00, -5.77863750000000E-01, -6.17043242566084E+00,  2.79010000000008E+02,  2.72448181293688E+03,  1.57697085356206E+03
 2.00925000000000E+03, -9.96931138671825E-01, -2.37063000000000E-01, -6.19023822330587E+00,  2.79190000000008E+02,  2.49303379414894E+03,  1.42201210270180E+03
 2.00933333300000E+03, -8.98632530906964E-01,  1.41395500000000E-01, -6.20972255263724E+00,  2.79370000000008E+02,  2.20047091665708E+03,  1.23086230839461E+03
 2.00941666700000E+03, -8.15842259345154E-01,  4.18047750000000E-01, -6.22888458768746E+00,  2.79550000000008E+02,  1.84549257475218E+03,  9.16296406493974E+02
 2.00950000000000E+03, -7.57177532301459E-01,  5.55481750000000E-01, -6.24772352870140E+00,  2.79730000000008E+02,  1.60550270427587E+03,  1.43531592145281E+03
 2.00958333300000E+03, -5.83387358831498E-01,  6.07734000000000E-01, -6.26623860216862E+00,  2.79910000000008E+02,  2.12884447575999E+03,  2.37452796025316E+03
 2.00966666700000E+03, -2.73568460401186E-01,  7.14040000000000E-01, -2.30519915014962E-01,  2.80090000000008E+02,  2.20012793833834E+03,  2.11923978587650E+03
 2.00975000000000E+03, -5.25342014178801E-02,  1.01634125000000E+00, -2.76372569545981E-01,  2.80270000000008E+02,  2.03200350167604E+03,  1.91202496206334E+03
 2.00983333300000E+03,  6.52903059594321E-02,  1.44405200000000E+00, -3.22270628834528E-01,  2.80450000000008E+02,  1.98990783875856E+03,  2.11025493988502E+03
 2.00991666700000E+03,  1.42381203838777E-01,  1.65266000000000E+00, -3.68211108970748E-01,  2.80630000000008E+02,  2.01130237797134E+03,  2.65781797320715E+03
 2.01000000000000E+03,  1.29321643250056E-01,  1.52061000000000E+00, -4.14191021042800E-01,  2.80810000000008E+02,  1.08987959121401E+03,  1.97139261324649E+03
 2.01008333300000E+03,  2.42230955743166E-02,  1.25124225000000E+00, -4.60207371407906E-01,  2.80990000000008E+02,  1.23949363250154E+03,  1.93089903217329E+03
 2.01016666700000E+03, -1.46051151143676E-01,  9.16615000000000E-01, -5.06257161963954E-01,  2.81170000000008E+02,  1.19716135773314E+03,  2.09470984182179E+03
 2.01025000000000E+03, -3.64245622596161E-01,  4.61825750000000E-01, -5.52337390421626E-01,  2.81350000000008E+02,  1.32527062499059E+03,  2.99293304449019E+03
 2.01033333300000E+03, -6.38344757464618E-01, -6.03555000000000E-02, -5.98445050577052E-01,  2.81530000000008E+02,  8.36459582620055E+02,  1.73458729046007E+03
 2.01041666700000E+03, -9.77756569990860E-01, -5.36217500000000E-01, -6.44577132584897E-01,  2.81710000000008E+02,  8.01341130471489E+02,  1.49309864292520E+03
 2.01050000000000E+03, -1.35594887903612E+00, -9.55439500000000E-01, -6.90730623231923E-01,  2.81890000000008E+02,  5.71491467450376E+02,  1.48414634747695E+03
 2.01058333300000E+03, -1.68795439179403E+00, -1.32137800000000E+00, -7.36902506210931E-01,  2.82070000000008E+02,  7.83893179399476E+02,  1.40572154843983E+03
 2.01066666700000E+03, -1.80808187342161E+00, -1.55282000000000E+00,  6.48802593347451E+00,  2.82250000000008E+02,  5.33865553563115E+02,  4.86526992215047E+02
 2.01075000000000E+03, -1.63650433483507E+00, -1.61287250000000E+00,  6.52938782387896E+00,  2.82430000000008E+02,  6.25746114862244E+02,  9.28510609505581E+02
 2.01083333300000E+03, -1.32151165849265E+00, -1.58425250000000E+00,  6.57057336698863E+00,  2.82610000000008E+02,  8.73391000867291E+02,  1.61420161328966E+03
 2.01091666700000E+03, -1.02438515819306E+00, -1.56031000000000E+00,  6.61158003275160E+00,  2.82790000000008E+02,  9.85779055287155E+02,  1.92766996104207E+03
 2.01100000000000E+03, -7.99326745678764E-01, -1.43775250000000E+00,  6.65240530893685E+00,  2.82970000000008E+02,  6.89408318165952E+02,  1.89847023140520E+03
 2.01108333300000E+03, -6.48022914279110E-01, -1.15136000000000E+00,  6.69304670134900E+00,  2.83150000000008E+02,  1.45039407644025E+03,  2.76427164074929E+03
 2.01116666700000E+03, -5.41224896524279E-01, -8.72521500000000E-01,  6.73350173404101E+00,  2.83330000000008E+02,  1.55911586450224E+03,  2.94390520317280E+03
 2.01125000000000E+03, -4.60477446523525E-01, -6.43720000000000E-01,  6.77376794952455E+00,  2.83510000000008E+02,  1.64034468091965E+03,  2.47652329267154E+03
 2.01133333300000E+03, -4.16716854027293E-01, -4.21059250000000E-01,  6.81384290897832E+00,  2.83690000000008E+02,  1.78493796387615E+03,  2.16739364809416E+03
 2.01141666700000E+03, -4.28199601923024E-01, -2.94767250000000E-01,  6.85372419245406E+00,  2.83870000000008E+02,  3.57974494319166E+03,  2.69169553578608E+03
 2.01150000000000E+03, -4.83194728339701E-01, -3.68301250000000E-01,  6.89340939908037E+00,  2.84050000000008E+02,  3.12305122182260E+03,  2.39820257902641E+03
 2.01158333300000E+03, -7.67127201535803E-01, -5.88699250000000E-01,  6.93289614726420E+00,  2.84230000000008E+02,  3.02091728585256E+03,  1.80805352646410E+03
 2.01166666700000E+03, -1.28297468933336E+00, -8.08619500000000E-01,  1.78314823307512E+00,  2.84410000000008E+02,  2.83931036241476E+03,  1.63538332706070E+03
 2.01175000000000E+03, -1.60225828789041E+00, -9.79342500000000E-01,  1.74967873991431E+00,  2.84590000000008E+02,  2.60872641974775E+03,  1.91855699657039E+03
 2.01183333300000E+03, -1.70153077079520E+00, -1.05962750000000E+00,  1.71622808536490E+00,  2.84770000000008E+02,  1.14636305575450E+03,  1.95444348924814E+03
 2.01191666700000E+03, -1.80670699391308E+00, -1.00680800000000E+00,  1.68279809519708E+00,  2.84950000000008E+02,  8.52149152725934E+02,  1.46916817919114E+03
 2.01200000000000E+03, -1.93551701572887E+00, -8.60910750000000E-01,  1.64939060863034E+00,  2.85130000000008E+02,  9.33217146232606E+02,  1.57929982901980E+03
 2.01208333300000E+03, -2.05992167134572E+00, -6.96140000000000E-01,  1.61600747815584E+00,  2.85310000000008E+02,  2.20124356048364E+03,  2.42774988914280E+03
 2.01216666700000E+03, -2.13159861134219E+00, -5.51324250000000E-01,  1.58265056935651E+00,  2.85490000000008E+02,  2.37746495907418E+03,  2.32942044230823E+03
 2.01225000000000E+03, -2.12583215935874E+00, -3.91316000000000E-01,  1.54932176072499E+00,  2.85670000000008E+02,  2.06999604832803E+03,  1.85498746534272E+03
 2.01233333300000E+03, -2.06021797028025E+00, -1.61724500000000E-01,  1.51602294347938E+00,  2.85850000000008E+02,  2.82240509006540E+03,  2.78910096859302E+03
 2.01241666700000E+03, -1.97068857409815E+00,  1.16421000000000E-01,  1.48275602137684E+00,  2.86030000000008E+02,  2.81621824346581E+03,  2.88228661493277E+03
 2.01250000000000E+03, -1.87067726636983E+00,  3.39172250000000E-01,  1.44952291052509E+00,  2.86210000000008E+02,  1.63118743017320E+03,  2.67734073837066E+03
 2.01258333300000E+03, -1.83007193592575E+00,  4.25121750000000E-01,  1.41632553919174E+00,  2.86390000000008E+02,  1.45941270056696E+03,  2.61672837894562E+03
 2.01266666700000E+03, -1.80975471105319E+00,  3.83678250000000E-01,  1.69462278030661E+00,  2.86570000000008E+02,  1.52293693443122E+03,  2.47787110232620E+03
 2.01275000000000E+03, -1.61019873495566E+00,  3.02798750000000E-01,  1.73810590669614E+00,  2.86750000000008E+02,  7.74526846485608E+02,  1.37628330847433E+03
 2.01283333300000E+03, -1.27663437422131E+00,  1.35151250000000E-01,  1.78172913198810E+00,  2.86930000000008E+02,  9.40859647371907E+02,  1.48250406790568E+03
 2.01291666700000E+03, -9.80129230017951E-01, -1.86556000000000E-01,  1.82548953576646E+00,  2.87110000000008E+02,  7.70621869843666E+02,  9.39508526458284E+02
 2.01300000000000E+03, -7.70698030436857E-01, -4.47896500000000E-01,  1.86938418642514E+00,  2.87290000000008E+02,  7.12846756344892E+02,  1.07153037990686E+03
 2.01308333300000E+03, -6.43037143604995E-01, -4.37558000000000E-01,  1.91341014144063E+00,  2.87470000000008E+02,  7.58541008115909E+02,  1.31782450095640E+03
 2.01316666700000E+03, -5.59288229194359E-01, -2.63951500000000E-01,  1.95756444764574E+00,  2.87650000000008E+02,  8.32332903468784E+02,  1.18784959510920E+03
 2.01325000000000E+03, -4.92469617520671E-01, -1.89123000000000E-01,  2.00184414150454E+00,  2.87830000000008E+02,  5.80281907395533E+02,  8.94855773921097E+02
 2.01333333300000E+03, -4.47041217603818E-01, -2.43224250000000E-01,  2.04624624938837E+00,  2.88010000000008E+02,  7.17135142270214E+02,  8.89289975115926E+02
 2.01341666700000E+03, -4.38688863510117E-01, -2.80532000000000E-01,  2.09076778785291E+00,  2.88190000000008E+02,  1.02534644515024E+03,  6.28644111401514E+02
 2.01350000000000E+03, -4.58327614846286E-01, -2.98398500000000E-01,  2.13540576391639E+00,  2.88370000000008E+02,  7.91973053474406E+02,  5.71751622923000E+02
 2.01358333300000E+03, -8.01919318951028E-01, -2.93843250000000E-01,  2.18015717533873E+00,  2.88550000000008E+02,  9.54769193270581E+02,  6.35927282047232E+02
 2.01366666700000E+03, -1.46882223395695E+00, -2.21441250000000E-01,  8.65187343944514E+00,  2.88730000000008E+02,  9.30144122984001E+02,  5.57600655477181E+02
 2.01375000000000E+03, -1.81320342901511E+00, -1.41935250000000E-01,  8.67810399500976E+00,  2.88910000000008E+02,  1.07542082286013E+03,  1.56145526790606E+03
 2.01383333300000E+03, -1.81953909153923E+00, -1.05587250000000E-01,  8.70404109672235E+00,  2.89090000000008E+02,  1.14453726308840E+03,  1.68967155124723E+03
 2.01391666700000E+03, -1.83302743949970E+00, -2.10487250000000E-01,  8.72968365041571E+00,  2.89270000000008E+02,  1.48385179217517E+03,  1.66518811195705E+03
 2.01400000000000E+03, -1.88187346005723E+00, -4.45623000000000E-01,  8.75503058830910E+00,  2.89450000000008E+02,  1.30992502642370E+03,  1.61581681218983E+03
 2.01408333300000E+03, -1.94710816615413E+00, -4.99979500000000E-01,  8.78008086905520E+00,  2.89630000000008E+02,  1.23972943894774E+03,  1.63339079992485E+03
 2.01416666700000E+03, -1.98689392603187E+00, -2.30356000000000E-01,  8.80483347778390E+00,  2.89810000000008E+02,  1.32512473337901E+03,  1.49373470653507E+03
 2.01425000000000E+03, -1.97966238961672E+00,  1.37574000000000E-01,  8.82928742614325E+00,  2.89990000000008E+02,  1.61153814093984E+03,  2.79839331105030E+03
 2.01433333300000E+03, -1.94260209059635E+00,  3.46492500000000E-01,  8.85344175233727E+00,  2.90170000000008E+02,  1.62342895368347E+03,  2.66318665911924E+03
 2.01441666700000E+03, -1.90800966536938E+00,  2.90468250000000E-01,  8.87729552116082E+00,  2.90350000000008E+02,  1.65170063123944E+03,  2.96919155599552E+03
 2.01450000000000E+03, -1.88323175788091E+00,  9.97265000000000E-02,  8.90084782403146E+00,  2.90530000000008E+02,  2.08638234593373E+03,  3.60321469576831E+03
 2.01458333300000E+03, -1.75235388817694E+00,  6.49475000000000E-02,  8.92409777901828E+00,  2.90710000000009E+02,  1.67770229489069E+03,  2.75245441905866E+03
 2.01466666700000E+03, -1.51522596454223E+00,  2.46324500000000E-01, -1.96281408608185E+00,  2.90890000000009E+02,  1.15824126528130E+03,  1.27218513692763E+03
 2.01475000000000E+03, -1.37417064248367E+00,  5.06534000000000E-01, -1.96360362333971E+00,  2.91070000000009E+02,  1.67487541862888E+03,  2.29661246196996E+03
 2.01483333300000E+03, -1.32653154836469E+00,  7.10174500000000E-01, -1.96405726579570E+00,  2.91250000000009E+02,  1.70015357588500E+03,  1.96986606878117E+03
 2.01491666700000E+03, -1.30107919936751E+00,  6.98421750000000E-01, -1.96417428989889E+00,  2.91430000000009E+02,  1.58267774449317E+03,  1.45545024251761E+03
 2.01500000000000E+03, -1.32386184380424E+00,  5.45866750000000E-01, -1.96395399733791E+00,  2.91610000000009E+02,  1.59004508339417E+03,  1.55918270746614E+03
 2.01508333300000E+03, -1.37438075149895E+00,  4.78555750000000E-01, -1.96339571516893E+00,  2.91790000000009E+02,  1.49737973861359E+03,  1.78002157478122E+03
 2.01516666700000E+03, -1.41033056842142E+00,  5.76493750000000E-01, -1.96249879594094E+00,  2.91970000000009E+02,  6.83970459272156E+02,  6.92838370311887E+02
 2.01525000000000E+03, -1.41078021362353E+00,  7.95731000000000E-01, -1.96126261781833E+00,  2.92150000000009E+02,  5.45875846580550E+02,  7.63142444868517E+02
 2.01533333300000E+03, -1.39430283289763E+00,  1.05091050000000E+00, -1.95968658470071E+00,  2.92330000000009E+02,  3.26079666134280E+02,  7.59897816974697E+02
 2.01541666700000E+03, -1.39465726098871E+00,  1.30991500000000E+00, -1.95777012634001E+00,  2.92510000000009E+02,  7.59852508680941E+02,  1.08992356364998E+03
 2.01550000000000E+03, -1.41991591383047E+00,  1.59957000000000E+00, -1.95551269845479E+00,  2.92690000000009E+02,  8.98239672264436E+02,  1.08927605801757E+03
 2.01558333300000E+03, -1.09900567880442E+00,  1.91365500000000E+00, -1.95291378284180E+00,  2.92870000000009E+02,  8.53518588338719E+02,  1.19350363590542E+03
 2.01566666700000E+03, -4.12962552086213E-01,  2.18483500000000E+00,  7.12377567969082E+00,  2.93050000000009E+02,  9.68420006280560E+02,  1.29528178891870E+03
 2.01575000000000E+03, -5.49888470764801E-02,  2.45004000000000E+00,  7.09758770228503E+00,  2.93230000000009E+02,  1.53975737552555E+03,  2.15941337695304E+03
 2.01583333300000E+03, -3.90324643305782E-02,  2.67418000000000E+00,  7.07137455138687E+00,  2.93410000000009E+02,  1.56988465478376E+03,  2.14831433369806E+03
 2.01591666700000E+03, -5.44563723562352E-02,  2.69178250000000E+00,  7.04513763499008E+00,  2.93590000000009E+02,  1.37741084616732E+03,  1.94715921454131E+03
 2.01600000000000E+03, -1.24459208742454E-01,  2.52876000000000E+00,  7.01887834695739E+00,  2.93770000000009E+02,  1.47899979818817E+03,  1.83249801645573E+03
 2.01608333300000E+03, -2.26312875680517E-01,  2.19880500000000E+00,  6.99259806689023E+00,  2.93950000000009E+02,  1.50171399053264E+03,  1.72620256379083E+03
 2.01616666700000E+03, -3.16296798397065E-01,  1.66286000000000E+00,  6.96629816000084E+00,  2.94130000000009E+02,  1.53065298340151E+03,  1.43753245199609E+03
 2.01625000000000E+03, -3.72993662691703E-01,  1.03985550000000E+00,  6.93997997698665E+00,  2.94310000000009E+02,  1.74463814426758E+03,  2.61928117687506E+03
 2.01633333300000E+03, -4.15443644418407E-01,  5.03437250000000E-01,  6.91364485390707E+00,  2.94490000000009E+02,  1.83228389189912E+03,  2.62777101650212E+03
 2.01641666700000E+03, -4.78755780257365E-01,  7.91475000000000E-02,  6.88729411206275E+00,  2.94670000000009E+02,  2.02312292812717E+03,  2.98301145931169E+03
 2.01650000000000E+03, -5.73075787499430E-01, -2.84588750000000E-01,  6.86092905787711E+00,  2.94850000000009E+02,  1.91794976826389E+03,  3.28585874622387E+03
 2.01658333300000E+03, -1.00154273828764E+00, -5.04643500000000E-01,  6.83455098278038E+00,  2.95030000000009E+02,  1.36711911217145E+03,  2.91590613064024E+03
 2.01666666700000E+03, -1.73841128097357E+00, -5.93529250000000E-01,  1.48416997676198E+00,  2.95210000000009E+02,  8.49493392785250E+02,  1.72179168332160E+03
 2.01675000000000E+03, -2.09830549093585E+00, -6.53600500000000E-01,  1.52692659192133E+00,  2.95390000000009E+02,  8.41310858639772E+02,  1.99034471507807E+03
 2.01683333300000E+03, -2.04896583801708E+00, -6.22577500000000E-01,  1.56983741229862E+00,  2.95570000000009E+02,  6.41590896441512E+02,  2.06057308079326E+03
 2.01691666700000E+03, -1.93372709947634E+00, -5.06615250000000E-01,  1.61289957606228E+00,  2.95750000000009E+02,  6.08994217236862E+02,  1.86472953870156E+03
 2.01700000000000E+03, -1.78447327463212E+00, -3.52243750000000E-01,  1.65611020887608E+00,  2.95930000000009E+02,  4.67360540501727E+02,  1.60268494312582E+03
 2.01708333300000E+03, -1.59800648630093E+00, -1.27383250000000E-01,  1.69946642416550E+00,  2.96110000000009E+02,  3.21767637779031E+02,  1.43499593306610E+03
 2.01716666700000E+03, -1.35820432594544E+00,  1.00713000000000E-01,  1.74296532338547E+00,  2.96290000000009E+02,  5.19768455689152E+02,  1.42031639900722E+03
 2.01725000000000E+03, -1.07497464317294E+00,  2.98244000000000E-01,  1.78660399628943E+00,  2.96470000000009E+02,  4.39041260445798E+02,  1.00212404221710E+03
 2.01733333300000E+03, -7.97298361495952E-01,  4.37078000000000E-01,  1.83037952119957E+00,  2.96650000000009E+02,  5.61229100510340E+02,  1.04432156890984E+03
 2.01741666700000E+03, -5.83945035261635E-01,  4.50445750000000E-01,  1.87428896527843E+00,  2.96830000000009E+02,  6.40629808526461E+02,  1.75730194421483E+03
 2.01750000000000E+03, -4.58741365144987E-01,  2.73331750000000E-01,  1.91832938480158E+00,  2.97010000000009E+02,  5.87053743538344E+02,  1.41214104614134E+03
 2.01758333300000E+03, -4.56579169621778E-01, -8.12687500000000E-02,  1.96249782543150E+00,  2.97190000000009E+02,  4.73551447941134E+02,  1.56097348940968E+03
 2.01766666700000E+03, -5.48764784297103E-01, -3.82727250000000E-01, -1.79153638694644E+00,  2.97370000000009E+02,  5.35336572915129E+02,  1.57198095269479E+03
 2.01775000000000E+03, -5.94502551966714E-01, -5.93411250000000E-01, -1.80183128558319E+00,  2.97550000000009E+02,  9.90042724814122E+02,  1.55139983323814E+03
 2.01783333300000E+03, -5.71580528910220E-01, -8.15080750000000E-01, -1.81182245123185E+00,  2.97730000000009E+02,  9.99090041207369E+02,  8.56453027377915E+02
 2.01791666700000E+03, -5.58414107070423E-01, -9.46628000000000E-01, -1.82150848298294E+00,  2.97910000000009E+02,  1.37101523770538E+03,  1.19644746624218E+03
 2.01800000000000E+03, -5.82568170728733E-01, -9.22290750000000E-01, -1.83088800024638E+00,  2.98090000000009E+02,  1.93030089175507E+03,  7.64152644691997E+02
 2.01808333300000E+03, -6.27202258062062E-01, -8.17917250000000E-01, -1.83995964295013E+00,  2.98270000000009E+02,  1.89489584472201E+03,  7.52745992106603E+02
 2.01816666700000E+03, -6.55264710801696E-01, -6.68071250000000E-01, -1.84872207173682E+00,  2.98450000000009E+02,  1.48708851295693E+03,  1.28246967351130E+03
 2.01825000000000E+03, -6.51806128775097E-01, -4.05783500000000E-01, -1.85717396815831E+00,  2.98630000000009E+02,  1.39919422472618E+03,  1.91133392011705E+03
 2.01833333300000E+03, -6.41080625882308E-01, -8.76255000000000E-02, -1.86531403486813E+00,  2.98810000000009E+02,  1.05736867435409E+03,  1.57410243796398E+03
 2.01841666700000E+03, -6.61237776949328E-01,  1.43237500000000E-01, -1.87314099581177E+00,  2.98990000000009E+02,  4.06886738771459E+02,  1.74732100965339E+03
 2.01850000000000E+03, -7.22700550038417E-01,  2.09767000000000E-01, -1.88065359641483E+00,  2.99170000000009E+02,  9.71817561948929E+02,  2.20328602253531E+03
 2.01858333300000E+03, -6.69400560575227E-01,  2.48831750000000E-01, -1.88785060376901E+00,  2.99350000000009E+02,  9.52140704923825E+02,  2.18689834892605E+03
 2.01866666700000E+03, -4.16079945063467E-01,  5.10518250000000E-01, -5.25548013575951E-01,  2.99530000000009E+02,  1.29716759733774E+03,  1.90097489221195E+03
 2.01875000000000E+03, -1.63680927895652E-01,  8.47226500000000E-01, -4.94952763492354E-01,  2.99710000000009E+02,  1.26755428774432E+03,  1.93669159866478E+03
 2.01883333300000E+03,  9.32403824428930E-04,  9.71169250000000E-01, -4.64073879285589E-01,  2.99890000000009E+02,  1.30689271724906E+03,  2.14029799634218E+03
 2.01891666700000E+03,  1.03014036716387E-01,  8.78739500000000E-01, -4.32913197682334E-01,  3.00070000000009E+02,  7.37684814327959E+02,  1.65144190095246E+03
 2.01900000000000E+03,  1.19217909789501E-01,  7.42546750000000E-01, -4.01472579558922E-01,  3.00250000000009E+02,  9.03940649574934E+02,  1.00126404762529E+03
 2.01908333300000E+03,  7.53052826562948E-02,  7.46875000000000E-01, -3.69753909787382E-01,  3.00430000000009E+02,  6.32843684699478E+02,  6.28409800277327E+02
 2.01916666700000E+03,  2.06872309832355E-02,  8.02473000000000E-01, -3.37759097078815E-01,  3.00610000000009E+02,  7.28787147456464E+02,  7.67349458774322E+02
 2.01925000000000E+03, -1.56983450421815E-02,  7.58323500000000E-01, -3.05490073824146E-01,  3.00790000000009E+02,  8.60015592618698E+02,  4.21651468796215E+02
 2.01933333300000E+03, -4.45804880861569E-02,  6.76600000000000E-01, -2.72948795932181E-01,  3.00970000000009E+02,  8.49732651375481E+02,  6.65722246571540E+02
 2.01941666700000E+03, -9.30946721501023E-02,  5.88553000000000E-01, -2.40137242665035E-01,  3.01150000000009E+02,  9.47565980154617E+02,  8.47724787362769E+02
 2.01950000000000E+03, -1.64825023808965E-01,  4.06081000000000E-01, -2.07057416470996E-01,  3.01330000000009E+02,  1.21812922743442E+03,  1.16719909121141E+03
 2.01958333300000E+03, -4.83206357956373E-01,  1.65014750000000E-01, -1.73711342814744E-01,  3.01510000000009E+02,  1.40070654368909E+03,  1.54713546098483E+03
 2.01966666700000E+03, -9.57881696987084E-01,  1.71167000000000E-01, -1.14529201146971E+00,  3.01690000000009E+02,  1.43934734755430E+03,  2.72907362875931E+03
 2.01975000000000E+03, -1.02862688179872E+00,  4.31323500000000E-01, -1.19148356784085E+00,  3.01870000000009E+02,  1.72818363892156E+03,  2.71984165091167E+03
 2.01983333300000E+03, -7.99854728502735E-01,  5.80786250000000E-01, -1.23766070298826E+00,  3.02050000000009E+02,  1.53492212267176E+03,  2.56537644035602E+03
 2.01991666700000E+03, -6.31864713842136E-01,  5.85121500000000E-01, -1.28382038489828E+00,  3.02230000000009E+02,  1.41265698926806E+03,  2.24174654444223E+03
 2.02000000000000E+03, -5.34637403200110E-01,  5.38203500000000E-01, -1.32995958200286E+00,  3.02410000000009E+02,  1.19017753040075E+03,  1.75563271308672E+03
 2.02008333300000E+03, -4.70495801203175E-01,  4.75821750000000E-01, -1.37607526345596E+00,  3.02590000000009E+02,  9.32311551218034E+02,  9.60039325158075E+02
 2.02016666700000E+03, -3.84561332336668E-01,  4.82528000000000E-01, -1.42216439940992E+00,  3.02770000000009E+02,  8.82470871058953E+02,  1.00376505715118E+03
 2.02025000000000E+03, -2.52270323261259E-01,  3.35894000000000E-01, -1.46822396129169E+00,  3.02950000000009E+02,  6.57749275975492E+02,  9.45749415804904E+02
 2.02033333300000E+03, -9.94185907598494E-02, -2.90249999999999E-03, -1.51425092207900E+00,  3.03130000000009E+02,  7.90010790724315E+02,  1.57206075480037E+03
 2.02041666700000E+03,  2.31218440337089E-02, -1.79315000000000E-01, -1.56024225657631E+00,  3.03310000000009E+02,  1.07746318939647E+03,  1.67391573697401E+03
 2.02050000000000E+03,  8.38950572992095E-02, -2.79058250000000E-01, -1.60619494169070E+00,  3.03490000000009E+02,  1.26928595146893E+03,  1.58308414450795E+03
 2.02058333300000E+03, -4.30474497150859E-01, -5.33140500000000E-01, -1.65210595670740E+00,  3.03670000000009E+02,  1.00717820245859E+03,  1.44063600503758E+03
 2.02066666700000E+03, -1.48486084971755E+00, -8.55161000000000E-01,  8.96024608132475E+00,  3.03850000000009E+02,  1.00156765791371E+03,  1.65850907038293E+03
 2.02075000000000E+03, -2.00197851624658E+00, -1.14178475000000E+00,  8.94130091453049E+00,  3.04030000000009E+02,  6.63333378635636E+02,  9.70077869162967E+02
 2.02083333300000E+03, -1.98385327699713E+00, -1.24590500000000E+00,  8.92219068624467E+00,  3.04210000000009E+02,  4.20514472363024E+02,  9.08669390873990E+02
 2.02091666700000E+03, -1.98970044236969E+00, -1.14098250000000E+00,  8.90291734335291E+00,  3.04390000000009E+02,  2.37326462474617E+02,  7.83056436193916E+02
 2.02100000000000E+03, -2.04049831941569E+00, -1.03020450000000E+00,  8.88348283444659E+00,  3.04570000000009E+02,  2.51550103589114E+02,  7.51165565924842E+02
 2.02108333300000E+03, -2.11045228949900E+00, -9.37281250000000E-01,  8.86388910957553E+00,  3.04750000000009E+02,  2.68447658488102E+02,  1.29389745548176E+03
 2.02116666700000E+03, -2.15299026289546E+00, -7.77348250000000E-01,  8.84413812000121E+00,  3.04930000000009E+02,  6.44382681001701E+02,  2.08548237487095E+03
 2.02125000000000E+03, -2.14491852626178E+00, -5.78445500000000E-01,  8.82423181795037E+00,  3.05110000000009E+02,  8.09741274387594E+02,  2.16364132621847E+03
 2.02133333300000E+03, -2.10502717783354E+00, -3.58517250000000E-01,  8.80417215636920E+00,  3.05290000000009E+02,  9.64441777275489E+02,  2.15828369863266E+03
 2.02141666700000E+03, -2.06964921313320E+00, -2.26397250000000E-01,  8.78396108867798E+00,  3.05470000000009E+02,  9.75932355650339E+02,  2.11203787959455E+03
 2.02150000000000E+03, -2.05111150475677E+00, -3.04188750000000E-01,  8.76360056852639E+00,  3.05650000000009E+02,  1.45147511312817E+03,  1.99117724034150E+03
 2.02158333300000E+03, -2.14776641763813E+00, -4.68811750000000E-01,  8.74309254954928E+00,  3.05830000000009E+02,  1.13392092733314E+03,  1.35299124554326E+03
 2.02166666700000E+03, -2.37490783741366E+00, -6.36835250000000E-01,  4.06137517927145E+00,  3.06010000000009E+02,  9.03285171779836E+02,  1.36609614137419E+03
 2.02175000000000E+03, -2.51399577855102E+00, -8.10499000000000E-01,  4.03012539098852E+00,  3.06190000000009E+02,  7.76095104026139E+02,  1.48881609668307E+03
 2.02183333300000E+03, -2.51930060045800E+00, -9.18811000000000E-01,  3.99880832772621E+00,  3.06370000000009E+02,  9.95289885989054E+02,  1.72594207433062E+03
 2.02191666700000E+03, -2.50004569144842E+00, -9.70715750000000E-01,  3.96742459505977E+00,  3.06550000000009E+02,  6.37296903608696E+02,  1.31949354730365E+03
 2.02200000000000E+03, -2.48190509527214E+00, -9.55470500000000E-01,  3.93597481801637E+00,  3.06730000000009E+02,  7.28378825365035E+02,  1.92277300627018E+03
 2.02208333300000E+03, -2.44730600915116E+00, -9.13377000000000E-01,  3.90445964108452E+00,  3.06910000000009E+02,  7.63641571592181E+02,  1.68043811769788E+03
 2.02216666700000E+03, -2.35995187417449E+00, -9.39329500000000E-01,  3.87287972822062E+00,  3.07090000000009E+02,  1.00134099952759E+03,  1.96525377621630E+03
 2.02225000000000E+03, -2.20748580092328E+00, -9.87684750000000E-01,  3.84123576285276E+00,  3.07270000000009E+02,  1.16282860321259E+03,  1.72640468112622E+03
 2.02233333300000E+03, -2.01885043751053E+00, -9.05638000000000E-01,  3.80952844788141E+00,  3.07450000000009E+02,  1.19665053915561E+03,  1.57327411264716E+03
 2.02241666700000E+03, -1.83902321279776E+00, -7.04732250000000E-01,  3.77775850567749E+00,  3.07630000000009E+02,  1.22312075739726E+03,  1.25209770422150E+03
 2.02250000000000E+03, -1.68711963488829E+00, -6.87216000000000E-01,  3.74592667807732E+00,  3.07810000000009E+02,  1.28764141135618E+03,  1.22479367422773E+03
 2.02258333300000E+03, -1.26411918291997E+00, -8.96733500000000E-01,  3.71403372637483E+00,  3.07990000000009E+02,  1.03966447014497E+03,  9.68735898664177E+02
 2.02266666700000E+03, -5.74426336968540E-01, -1.01847975000000E+00,  9.75133180304436E+00,  3.08170000000009E+02,  7.71733854450756E+02,  1.03500740438606E+03
 2.02275000000000E+03, -1.95988862343365E-01, -9.52439500000000E-01,  9.74719671159288E+00,  3.08350000000009E+02,  7.29520468625930E+02,  9.82337665919165E+02
 2.02283333300000E+03, -1.07358483849615E-01, -8.56364000000000E-01,  9.74278463730683E+00,  3.08530000000009E+02,  5.40200639486952E+02,  7.05050620382683E+02
 2.02291666700000E+03, -3.62905969806758E-02, -7.97730500000000E-01,  9.73809687851476E+00,  3.08710000000009E+02,  5.29668266585415E+02,  9.30517860506093E+02
 2.02300000000000E+03, -9.70405465592777E-03, -6.80088000000000E-01,  9.73313475090002E+00,  3.08890000000009E+02,  6.32467535746161E+02,  7.87924797895206E+02
 2.02308333300000E+03, -8.42080917425743E-03, -4.21815000000000E-01,  9.72789958729331E+00,  3.09070000000009E+02,  4.95348157609622E+02,  7.30901349179822E+02
 2.02316666700000E+03,  8.14813250714416E-03, -8.08140000000000E-02,  9.72239273746364E+00,  3.09250000000009E+02,  4.53700580038599E+02,  9.50794883780853E+02
 2.02325000000000E+03,  5.89220642869142E-02,  2.54664500000000E-01,  9.71661556790773E+00,  3.09430000000009E+02,  4.44994363742960E+02,  1.18928528012621E+03
 2.02333333300000E+03,  1.23159371859511E-01,  5.97153250000000E-01,  9.71056946163788E+00,  3.09610000000009E+02,  3.96053053247557E+02,  1.16645384882487E+03
 2.02341666700000E+03,  1.64940645874523E-01,  9.16928500000000E-01,  9.70425581796835E+00,  3.09790000000009E+02,  2.44717675557901E+02,  1.19588873506115E+03
 2.02350000000000E+03,  1.74214440992826E-01,  1.15437400000000E+00,  9.69767605230021E+00,  3.09970000000009E+02,  4.01241875264095E+02,  1.25838657049829E+03
 2.02358333300000E+03,  1.47582872168967E-01,  1.36628000000000E+00,  9.69083159590486E+00,  3.10150000000009E+02,  5.56653027589052E+02,  1.07205360907068E+03
 2.02366666700000E+03,  1.39613976049238E-01,  1.57693750000000E+00, -6.60241478086409E+00,  3.10330000000009E+02,  5.83066829598854E+02,  8.44766972333662E+02
 2.02375000000000E+03,  2.37288168324903E-01,  1.80262500000000E+00, -6.57882256586383E+00,  3.10510000000009E+02,  7.60471580547301E+02,  1.35776157709518E+03
 2.02383333300000E+03,  3.84845793678993E-01,  2.00618750000000E+00, -6.55523414714069E+00,  3.10690000000009E+02,  8.68312374227280E+02,  1.42602563222203E+03
 2.02391666700000E+03,  4.77350335985779E-01,  2.00985000000000E+00, -6.53164862922492E+00,  3.10870000000009E+02,  7.45298720267099E+02,  1.29906628064005E+03
 2.02400000000000E+03,  4.87104090447488E-01,  1.80365500000000E+00, -6.50806512126455E+00,  3.11050000000009E+02,  1.25217311830804E+03,  2.15552313548608E+03
 2.02408333300000E+03,  4.34379334124056E-01,  1.51116500000000E+00, -6.48448273725217E+00,  3.11230000000009E+02,  1.90060140965633E+03,  2.38859015030926E+03
 2.02416666700000E+03,  3.62637017014476E-01,  1.19911825000000E+00, -6.46090059625057E+00,  3.11410000000009E+02,  3.74022832833622E+03,  4.72421231186492E+03
 2.02425000000000E+03,  2.96670003976272E-01,  9.13893000000000E-01, -6.43731782261782E+00,  3.11590000000009E+02,  3.44446869638075E+03,  2.04277873419099E+03
