 1.88000000000000E+03, -2.14333731402301E-01,  1.37993523000000E+00,  1.30514956083969E+00,  1.00000000000000E-02,  8.50228160046194E+02,  2.62307519417802E+03
 1.88008333300000E+03, -1.05136484742983E-01,  1.42004012250000E+00,  1.32926632251457E+00,  1.90000000000000E-01,  1.07867505474220E+03,  8.33738537573573E+03
 1.88016666700000E+03,  9.40076702699635E-03,  1.44047009750000E+00,  1.35383039853081E+00,  3.70000000000000E-01,  1.61572397718447E+03,  6.83358964165221E+03
 1.88025000000000E+03,  1.23366924739830E-01,  1.43318692750000E+00,  1.37845408794861E+00,  5.50000000000000E-01,  1.50556829828514E+03,  9.61308628741922E+03
 1.88033333300000E+03,  2.26364956904815E-01,  1.39684956500000E+00,  1.40313612986192E+00,  7.30000000000000E-01,  1.52474311264686E+03,  1.68835626850078E+04
 1.88041666700000E+03,  3.10731686726059E-01,  1.33154344500000E+00,  1.42787524078431E+00,  9.10000000000000E-01,  2.27937243011232E+03,  1.62895565132439E+04
 1.88050000000000E+03,  3.72177104516632E-01,  1.23877055750000E+00,  1.45267011477161E+00,  1.09000000000000E+00,  2.21325592037770E+03,  1.67567136496768E+04
 1.88058333300000E+03,  2.03420596551061E-01,  1.12136490725000E+00,  1.47751942354789E+00,  1.27000000000000E+00,  1.62979980191108E+03,  1.53786118829404E+04
 1.88066666700000E+03, -1.77540163298081E-01,  9.83336630000000E-01,  2.26481655227636E+00,  1.45000000000000E+00,  1.62416836624291E+03,  1.33096807938232E+04
 1.88075000000000E+03, -3.33312268467725E-01,  8.29652110000000E-01,  2.29058056716843E+00,  1.63000000000000E+00,  1.49288968904349E+03,  7.63693353365729E+03
 1.88083333300000E+03, -2.68528431702424E-01,  6.65961200250000E-01,  2.31634379969942E+00,  1.81000000000000E+00,  7.70005593141751E+02,  8.96532374704677E+03
 1.88091666700000E+03, -2.08815878507997E-01,  4.98285907750000E-01,  2.34210426014101E+00,  1.99000000000000E+00,  7.63407645691818E+02,  8.33838504134821E+03
 1.88100000000000E+03, -1.57062516306749E-01,  3.32687426250000E-01,  2.36785994270652E+00,  2.17000000000000E+00,  4.14420738225229E+02,  7.99170631992525E+03
 1.88108333300000E+03, -1.05412501610200E-01,  1.74930006000000E-01,  2.39360882577935E+00,  2.35000000000000E+00,  5.05894645014498E+02,  6.81918713258348E+03
 1.88116666700000E+03, -5.87153903755315E-02,  3.01607547500000E-02,  2.41934887214388E+00,  2.53000000000000E+00,  4.24670800425946E+02,  4.17276802125168E+03
 1.88125000000000E+03, -2.63868144158010E-02, -9.73760480000000E-02,  2.44507802921874E+00,  2.71000000000000E+00,  3.48930094296664E+02,  3.10391337610763E+03
 1.88133333300000E+03, -9.54639995552167E-03, -2.04573150500000E-01,  2.47079422929238E+00,  2.89000000000000E+00,  3.26885002616402E+02,  3.25013388848121E+03
 1.88141666700000E+03, -5.53889647020484E-03, -2.89628716500000E-01,  2.49649538976111E+00,  3.07000000000000E+00,  3.18746965043606E+02,  2.49533507424748E+03
 1.88150000000000E+03, -8.25967158739706E-03, -3.52138135000000E-01,  2.52217941336927E+00,  3.25000000000000E+00,  2.66462156364034E+02,  3.19830819539799E+03
 1.88158333300000E+03, -1.29124558244515E-01, -3.93102767000000E-01,  2.54784418845175E+00,  3.43000000000000E+00,  2.98756853725169E+02,  3.09893206837513E+03
 1.88166666700000E+03, -3.47129819906602E-01, -4.14853918250000E-01, -3.10079745332606E+00,  3.61000000000000E+00,  3.03877279153751E+02,  2.43040800444434E+03
 1.88175000000000E+03, -3.80595143383096E-01, -4.20895319750000E-01, -3.14841955302210E+00,  3.79000000000000E+00,  3.42965500136484E+02,  1.87017100672783E+03
 1.88183333300000E+03, -2.05247715279862E-01, -4.15672305250000E-01, -3.19590918161879E+00,  3.97000000000000E+00,  3.41418158712472E+02,  1.95738661483977E+03
 1.88191666700000E+03,  2.77642087678853E-02, -4.04280410000000E-01, -3.24326290985492E+00,  4.15000000000000E+00,  2.74989706756079E+02,  1.53925086882670E+03
 1.88200000000000E+03,  2.58810140058940E-01, -3.92130000500000E-01, -3.29047731929927E+00,  4.33000000000000E+00,  3.22081943722514E+02,  1.32466624343607E+03
 1.88208333300000E+03,  4.37768857438287E-01, -3.84586515000000E-01, -3.33754900267808E+00,  4.51000000000000E+00,  3.63018515427301E+02,  1.85405952989064E+03
 1.88216666700000E+03,  5.38493954083418E-01, -3.86607757750000E-01, -3.38447456420133E+00,  4.69000000000000E+00,  3.55994991220401E+02,  1.68923299417027E+03
 1.88225000000000E+03,  5.63846150319753E-01, -4.02400311250000E-01, -3.43125061988772E+00,  4.87000000000000E+00,  3.30586145444342E+02,  2.12193308116899E+03
 1.88233333300000E+03,  5.40515479137429E-01, -4.35116436250000E-01, -3.47787379788841E+00,  5.05000000000000E+00,  3.08302197489562E+02,  2.95998498901126E+03
 1.88241666700000E+03,  5.05843132309506E-01, -4.86610830500000E-01, -3.52434073880949E+00,  5.23000000000000E+00,  3.02144895814532E+02,  3.06343906195944E+03
 1.88250000000000E+03,  4.91547089683343E-01, -5.57273409000000E-01, -3.57064809603298E+00,  5.41000000000000E+00,  2.32027156313761E+02,  2.45173844846036E+03
 1.88258333300000E+03,  2.34676511681601E-01, -6.45950022500000E-01, -3.61679253603657E+00,  5.59000000000000E+00,  1.31852739453642E+02,  3.18053530287926E+03
 1.88266666700000E+03, -2.90003543699087E-01, -7.49957969500000E-01,  3.39326090345466E+00,  5.77000000000000E+00,  1.22687166050256E+02,  2.83306967322174E+03
 1.88275000000000E+03, -5.57842534857576E-01, -8.65197571750000E-01,  3.37859295930668E+00,  5.95000000000000E+00,  1.19384035556586E+02,  2.08725333965260E+03
 1.88283333300000E+03, -5.50324720534944E-01, -9.86355311750000E-01,  3.36392369319342E+00,  6.13000000000000E+00,  1.72936048247260E+02,  1.85736815259546E+03
 1.88291666700000E+03, -5.26098397176831E-01, -1.10718840625000E+00,  3.34925149210493E+00,  6.31000000000000E+00,  3.11445905307667E+02,  1.84993505571789E+03
 1.88300000000000E+03, -4.90012312018063E-01, -1.22087554000000E+00,  3.33457473818678E+00,  6.49000000000000E+00,  3.36646187273388E+02,  1.08597730046260E+03
 1.88308333300000E+03, -4.46243613218178E-01, -1.32041418000000E+00,  3.31989180902648E+00,  6.67000000000000E+00,  3.48282985535072E+02,  1.13788420703437E+03
 1.88316666700000E+03, -3.98663325543704E-01, -1.39904166500000E+00,  3.30520107794055E+00,  6.85000000000000E+00,  3.47541178445070E+02,  9.30302005387885E+02
 1.88325000000000E+03, -3.50462303048933E-01, -1.45065528750000E+00,  3.29050091426233E+00,  7.03000000000000E+00,  2.21691068651624E+02,  8.70795679040204E+02
 1.88333333300000E+03, -3.02846524013258E-01, -1.47020614750000E+00,  3.27578968363024E+00,  7.21000000000000E+00,  1.11050282239533E+02,  8.45446334114677E+02
 1.88341666700000E+03, -2.54199981721672E-01, -1.45404259750000E+00,  3.26106574827674E+00,  7.39000000000000E+00,  9.80471721415867E+01,  7.95191810769084E+02
 1.88350000000000E+03, -2.01174906978201E-01, -1.40018151250000E+00,  3.24632746731774E+00,  7.57000000000000E+00,  1.36467929118813E+02,  7.06498746419812E+02
 1.88358333300000E+03, -1.13898452517013E-01, -1.30848948750000E+00,  3.23157319704244E+00,  7.75000000000000E+00,  1.69169733051396E+02,  1.05727855826049E+03
 1.88366666700000E+03, -1.15633178928234E-02, -1.18076108000000E+00, -7.18267017046833E+00,  7.93000000000000E+00,  1.47838717983328E+02,  1.11534845876683E+03
 1.88375000000000E+03,  2.93473080551317E-02, -1.02068699725000E+00, -7.19016120230956E+00,  8.11000000000000E+00,  1.08314027490887E+02,  1.03522685973922E+03
 1.88383333300000E+03,  2.46535598159871E-02, -8.33711470250000E-01, -7.19728142015657E+00,  8.29000000000000E+00,  9.11096838833342E+01,  1.07785836847117E+03
 1.88391666700000E+03,  1.95234949303814E-02, -6.26784618500000E-01, -7.20402965935951E+00,  8.47000000000000E+00,  5.45243081740045E+01,  9.11120409920953E+02
 1.88400000000000E+03,  1.48170832207479E-02, -4.08021889250000E-01, -7.21040478444147E+00,  8.65000000000000E+00,  5.18134096064883E+01,  4.53971131211233E+02
 1.88408333300000E+03,  1.15829691537026E-02, -1.86288292850000E-01, -7.21640568925871E+00,  8.82999999999999E+00,  5.82199878794186E+01,  5.19925067568189E+02
 1.88416666700000E+03,  9.31529459189228E-03,  2.92701045500000E-02, -7.22203129715777E+00,  9.00999999999999E+00,  1.10229572356462E+02,  5.32108639034433E+02
 1.88425000000000E+03,  5.85394472718953E-03,  2.29721494650000E-01, -7.22728056112953E+00,  9.18999999999999E+00,  1.49741836295026E+02,  5.06471920556216E+02
 1.88433333300000E+03, -7.91615862960940E-04,  4.06842522250000E-01, -7.23215246396008E+00,  9.36999999999999E+00,  1.57847866665186E+02,  6.44147820035444E+02
 1.88441666700000E+03, -1.04138533950983E-02,  5.53583045250000E-01, -7.23664601837850E+00,  9.54999999999999E+00,  1.48141198219431E+02,  8.19365999891166E+02
 1.88450000000000E+03, -2.04011854013743E-02,  6.64474408250000E-01, -7.24076026720142E+00,  9.72999999999999E+00,  1.44047392865367E+02,  6.66673605489747E+02
 1.88458333300000E+03,  1.26156175991293E-01,  7.35957035250000E-01, -7.24449428347447E+00,  9.90999999999999E+00,  9.78138661878473E+01,  6.33098640000768E+02
 1.88466666700000E+03,  4.58444327146721E-01,  7.66607452500000E-01, -4.53342557116895E+00,  1.00900000000000E+01,  6.03479503751252E+01,  6.85135733668858E+02
 1.88475000000000E+03,  6.83151169828090E-01,  7.57250366750000E-01, -4.56930909260235E+00,  1.02700000000000E+01,  5.33845198376114E+01,  7.53167570898626E+02
 1.88483333300000E+03,  7.43572009435843E-01,  7.10947828000000E-01, -4.60507404606304E+00,  1.04500000000000E+01,  3.89837116751498E+01,  8.41211050919123E+02
 1.88491666700000E+03,  7.50084781740669E-01,  6.32864436750000E-01, -4.64071756934655E+00,  1.06300000000000E+01,  3.91092227314886E+01,  8.78816053596191E+02
 1.88500000000000E+03,  7.09250453991736E-01,  5.30014612250000E-01, -4.67623679940808E+00,  1.08100000000000E+01,  3.68129608269283E+01,  1.02874132013208E+03
 1.88508333300000E+03,  6.39332101546803E-01,  4.10904704000000E-01, -4.71162887268147E+00,  1.09900000000000E+01,  4.35721777375007E+01,  1.06566155292759E+03
 1.88516666700000E+03,  5.64415187941850E-01,  2.85088808750000E-01, -4.74689092539881E+00,  1.11700000000000E+01,  5.00726558390630E+01,  1.00108095948634E+03
 1.88525000000000E+03,  5.08260928434443E-01,  1.62662187700000E-01, -4.78202009391030E+00,  1.13500000000000E+01,  4.77662515938068E+01,  7.60796401437550E+02
 1.88533333300000E+03,  4.89628688624360E-01,  5.37198677250000E-02, -4.81701351500477E+00,  1.15300000000000E+01,  4.35965065150080E+01,  7.24097989276000E+02
 1.88541666700000E+03,  5.18915455907546E-01, -3.21898674250000E-02, -4.85186832623038E+00,  1.17100000000000E+01,  4.28341220239648E+01,  8.66457743016020E+02
 1.88550000000000E+03,  5.95382545894730E-01, -8.65869649750000E-02, -4.88658166621579E+00,  1.18900000000000E+01,  4.30439751775975E+01,  8.81132508460871E+02
 1.88558333300000E+03,  6.57783461544797E-01, -1.02527231675000E-01, -4.92115067499161E+00,  1.20700000000000E+01,  4.39250521279247E+01,  7.85260004026019E+02
 1.88566666700000E+03,  6.40297662457760E-01, -7.49902138000000E-02, -5.61353668045505E+00,  1.22500000000000E+01,  5.57767571171457E+01,  8.07780274237994E+02
 1.88575000000000E+03,  5.73595571759175E-01, -1.16586815000000E-03, -5.64766049021331E+00,  1.24300000000000E+01,  6.04844660668621E+01,  8.00855925997839E+02
 1.88583333300000E+03,  4.95917820967234E-01,  1.19375788250000E-01, -5.68147565274367E+00,  1.26100000000000E+01,  5.81955938892322E+01,  5.76925526952197E+02
 1.88591666700000E+03,  4.20350677231238E-01,  2.84641316000000E-01, -5.71497991024885E+00,  1.27900000000000E+01,  5.10412581350734E+01,  4.44547601294201E+02
 1.88600000000000E+03,  3.71222960154950E-01,  4.90298988500000E-01, -5.74817103211602E+00,  1.29700000000000E+01,  5.24245303800315E+01,  4.51616550728100E+02
 1.88608333300000E+03,  3.64390974609857E-01,  7.29887480750000E-01, -5.78104681511413E+00,  1.31500000000000E+01,  5.62720253303671E+01,  6.96423938791011E+02
 1.88616666700000E+03,  4.03186359444470E-01,  9.95136328750000E-01, -5.81360508358813E+00,  1.33300000000000E+01,  5.62022285223086E+01,  7.10389145539928E+02
 1.88625000000000E+03,  4.78390978941076E-01,  1.27638023775000E+00, -5.84584368965014E+00,  1.35100000000000E+01,  7.30844759528394E+01,  7.52639724511182E+02
 1.88633333300000E+03,  5.72215518002363E-01,  1.56304426250000E+00, -5.87776051336769E+00,  1.36900000000000E+01,  7.49116279059490E+01,  7.89887895853303E+02
 1.88641666700000E+03,  6.63910177657959E-01,  1.84417315750000E+00, -5.90935346294878E+00,  1.38700000000000E+01,  6.49164831388916E+01,  8.04795436924562E+02
 1.88650000000000E+03,  7.34156001775098E-01,  2.10897601000000E+00, -5.94062047492392E+00,  1.40500000000000E+01,  5.74885248046485E+01,  5.31417963107843E+02
 1.88658333300000E+03,  6.13902065447246E-01,  2.34735678750000E+00, -5.97155951432501E+00,  1.42300000000000E+01,  5.26724095607332E+01,  5.20777814986981E+02
 1.88666666700000E+03,  3.10620846932782E-01,  2.55040260250000E+00,  1.94689332484508E+00,  1.44100000000000E+01,  6.56365557631561E+01,  4.50559346979038E+02
 1.88675000000000E+03,  1.42479045426812E-01,  2.71080423750000E+00,  1.90483039925791E+00,  1.45900000000000E+01,  8.63282335663905E+01,  4.45157627551616E+02
 1.88683333300000E+03,  9.40830303049386E-02,  2.82318765000000E+00,  1.86254600509275E+00,  1.47700000000000E+01,  9.44652442420341E+01,  3.99502747737955E+02
 1.88691666700000E+03,  1.72638794504176E-02,  2.88434049250000E+00,  1.82004284672013E+00,  1.49500000000000E+01,  9.59391419477798E+01,  3.02162467654731E+02
 1.88700000000000E+03, -4.99359758633118E-02,  2.89332380500000E+00,  1.77732365126078E+00,  1.51300000000000E+01,  9.59015407316578E+01,  2.25109252758457E+02
 1.88708333300000E+03, -7.22316836775097E-02,  2.85146559500000E+00,  1.73439116834212E+00,  1.53100000000000E+01,  7.40928953518134E+01,  2.09777193732864E+02
 1.88716666700000E+03, -3.09220148681030E-02,  2.76223966500000E+00,  1.69124816985221E+00,  1.54900000000000E+01,  5.33604447415006E+01,  2.79791054439113E+02
 1.88725000000000E+03,  6.83741667071873E-02,  2.63103934500000E+00,  1.64789744969112E+00,  1.56700000000000E+01,  6.72515978814417E+01,  2.77470211335479E+02
 1.88733333300000E+03,  1.97314852690613E-01,  2.46486132250000E+00,  1.60434182351974E+00,  1.58500000000000E+01,  1.04238577931755E+02,  3.39034696271846E+02
 1.88741666700000E+03,  3.14559338355981E-01,  2.27191936750000E+00,  1.56058412850606E+00,  1.60300000000000E+01,  1.11317449351734E+02,  4.12087950544838E+02
 1.88750000000000E+03,  3.79284128074324E-01,  2.06121107000000E+00,  1.51662722306903E+00,  1.62100000000000E+01,  1.11655689367779E+02,  3.96252753338958E+02
 1.88758333300000E+03,  3.09897884774986E-01,  1.84206253500000E+00,  1.47247398661987E+00,  1.63900000000000E+01,  1.03115655447769E+02,  3.28288940166888E+02
 1.88766666700000E+03,  1.44850710983626E-01,  1.62367638000000E+00,  3.04369368009636E-01,  1.65700000000000E+01,  6.92591163640838E+01,  3.31356059329854E+02
 1.88775000000000E+03,  5.68730915248253E-02,  1.41470724000000E+00,  2.74200768401144E-01,  1.67500000000000E+01,  6.22527419107615E+01,  5.53297229200880E+02
 1.88783333300000E+03,  2.97400941551289E-02,  1.22288645500000E+00,  2.43885105621395E-01,  1.69300000000000E+01,  5.84826146350019E+01,  5.22136557569195E+02
 1.88791666700000E+03, -2.48184394405533E-02,  1.05471395775000E+00,  2.13422914140740E-01,  1.71100000000000E+01,  5.28252608601811E+01,  5.66691318821884E+02
 1.88800000000000E+03, -1.04483280389694E-01,  9.15230709750000E-01,  1.82814754435766E-01,  1.72900000000000E+01,  5.45361755428014E+01,  6.24804614969481E+02
 1.88808333300000E+03, -2.00286143514349E-01,  8.07879754000000E-01,  1.52061212998201E-01,  1.74700000000000E+01,  5.31694973273109E+01,  8.92811223474555E+02
 1.88816666700000E+03, -2.99414751207624E-01,  7.34458438000000E-01,  1.21162902340375E-01,  1.76500000000000E+01,  2.52161483141023E+01,  9.46797733712033E+02
 1.88825000000000E+03, -3.87375803333988E-01,  6.95158885500000E-01,  9.01204609972710E-02,  1.78300000000000E+01,  2.50132592984104E+01,  9.95223960046434E+02
 1.88833333300000E+03, -4.48857607199862E-01,  6.88688711500000E-01,  5.89345535251500E-02,  1.80100000000000E+01,  3.41602133936808E+01,  2.06612697712907E+03
 1.88841666700000E+03, -4.68575037572513E-01,  7.12459624250000E-01,  2.76058704967432E-02,  1.81900000000000E+01,  5.10397699857172E+01,  1.97094784880634E+03
 1.88850000000000E+03, -4.33710892744214E-01,  7.62828168250000E-01, -3.86487150698023E-03,  1.83700000000000E+01,  8.78066397532238E+01,  1.93951445213551E+03
 1.88858333300000E+03, -3.98941907854338E-01,  8.35370598750000E-01, -3.54769299084758E-02,  1.85500000000000E+01,  1.38373398488137E+02,  2.16936407090678E+03
 1.88866666700000E+03, -3.73326362708209E-01,  9.25172878500000E-01,  6.67100033394658E+00,  1.87300000000000E+01,  2.51217671776233E+02,  2.31382150894317E+03
 1.88875000000000E+03, -2.68110105002890E-01,  1.02711704825000E+00,  6.71376581424289E+00,  1.89100000000000E+01,  2.55889045149234E+02,  1.33609551688200E+03
 1.88883333300000E+03, -1.26659327830233E-01,  1.13614667250000E+00,  6.75630461680498E+00,  1.90900000000000E+01,  2.94045004051252E+02,  1.43879627631766E+03
 1.88891666700000E+03, -3.61585810994568E-02,  1.24749658750000E+00,  6.79861399244740E+00,  1.92700000000000E+01,  3.09504476771450E+02,  1.38015423073477E+03
 1.88900000000000E+03,  2.30981794191360E-03,  1.35687559500000E+00,  6.84069121660798E+00,  1.94500000000000E+01,  3.76706816852285E+02,  1.34758039387778E+03
 1.88908333300000E+03,  5.48932155211642E-03,  1.46059468500000E+00,  6.88253358958896E+00,  1.96300000000000E+01,  2.61264380224399E+02,  1.26807777076834E+03
 1.88916666700000E+03, -1.86686859323366E-03,  1.55563766000000E+00,  6.92413843679506E+00,  1.98100000000000E+01,  2.51468191592236E+02,  1.15163986717840E+03
 1.88925000000000E+03,  2.70696736984822E-03,  1.63967537750000E+00,  6.96550310896867E+00,  1.99900000000000E+01,  2.25186821991819E+02,  2.02492004051630E+03
 1.88933333300000E+03,  3.24090839085964E-02,  1.71102880000000E+00,  7.00662498242189E+00,  2.01700000000000E+01,  1.99505054852396E+02,  2.48490239255509E+03
 1.88941666700000E+03,  8.84617506594336E-02,  1.76858947750000E+00,  7.04750145926566E+00,  2.03500000000000E+01,  1.77203326508310E+02,  2.09083486375623E+03
 1.88950000000000E+03,  1.60709249867364E-01,  1.81170877000000E+00,  7.08812996763564E+00,  2.05300000000000E+01,  1.80965655200827E+02,  2.30043225087731E+03
 1.88958333300000E+03,  1.39605159168017E-01,  1.84006884000000E+00,  7.12850796191510E+00,  2.07100000000000E+01,  2.11458455698526E+02,  2.74029317884470E+03
 1.88966666700000E+03,  6.98634520279177E-03,  1.85354908250000E+00, -7.03236512327613E+00,  2.08900000000000E+01,  1.99814013723632E+02,  2.04097097352980E+03
 1.88975000000000E+03, -5.65376392306806E-02,  1.85210130250000E+00, -7.04510652638630E+00,  2.10700000000000E+01,  2.47902865263549E+02,  2.36877074307056E+03
 1.88983333300000E+03, -3.85566624165337E-02,  1.83564553500000E+00, -7.05749727358125E+00,  2.12500000000000E+01,  1.57870377009047E+02,  2.34370648986848E+03
 1.88991666700000E+03, -2.41977549772038E-02,  1.80399611500000E+00, -7.06953579539864E+00,  2.14300000000000E+01,  1.74012693230163E+02,  2.40110708032590E+03
 1.89000000000000E+03, -1.32358514915200E-02,  1.75682465250000E+00, -7.08122054887907E+00,  2.16100000000000E+01,  1.39869847995044E+02,  2.97133083423996E+03
 1.89008333300000E+03, -3.83015431102405E-03,  1.69366310500000E+00, -7.09255001776891E+00,  2.17900000000000E+01,  1.46349127611792E+02,  3.67733083511335E+03
 1.89016666700000E+03,  5.08807069365506E-03,  1.61394652000000E+00, -7.10352271272024E+00,  2.19700000000000E+01,  9.12827523486781E+01,  3.13225938296493E+03
 1.89025000000000E+03,  1.29007006023995E-02,  1.51709144500000E+00, -7.11413717148807E+00,  2.21500000000000E+01,  8.01214696737586E+01,  3.30211459827437E+03
 1.89033333300000E+03,  1.84295481146247E-02,  1.40260279500000E+00, -7.12439195912473E+00,  2.23300000000000E+01,  6.08714952929718E+01,  3.05992886418818E+03
 1.89041666700000E+03,  2.16032856881120E-02,  1.27019933250000E+00, -7.13428566817144E+00,  2.25100000000000E+01,  5.76392597168265E+01,  2.23037116091748E+03
 1.89050000000000E+03,  2.37211772142580E-02,  1.11994605800000E+00, -7.14381691884699E+00,  2.26900000000000E+01,  1.83446592662006E+02,  1.54107214826021E+03
 1.89058333300000E+03,  1.38356914643923E-01,  9.52380853000000E-01, -7.15298435923351E+00,  2.28700000000000E+01,  2.32597310000221E+02,  1.97552375210305E+03
 1.89066666700000E+03,  3.25012999466479E-01,  7.68622800750000E-01, -8.19726094367963E+00,  2.30500000000000E+01,  2.44215625392684E+02,  3.09992908717883E+03
 1.89075000000000E+03,  3.03434595324349E-01,  5.70450652250000E-01, -8.24483350915251E+00,  2.32300000000000E+01,  3.92760705097462E+02,  2.96349380370683E+03
 1.89083333300000E+03,  9.91780976732644E-02,  3.60341837500000E-01, -8.29224838892828E+00,  2.34100000000000E+01,  4.20802129854454E+02,  3.15793806563592E+03
 1.89091666700000E+03, -1.08458622743437E-01,  1.41465205125000E-01, -8.33950205130780E+00,  2.35900000000000E+01,  2.74921900288354E+02,  3.04718394642853E+03
 1.89100000000000E+03, -2.74035874973380E-01, -8.23759992500000E-02, -8.38659097821097E+00,  2.37700000000000E+01,  2.46944998517197E+02,  3.37126430715071E+03
 1.89108333300000E+03, -3.73373995454558E-01, -3.06850724625000E-01, -8.43351166552410E+00,  2.39500000000000E+01,  2.94350652596791E+02,  2.25078793905106E+03
 1.89116666700000E+03, -4.08226229666295E-01, -5.27252315250000E-01, -8.48026062344575E+00,  2.41300000000000E+01,  1.94640873661788E+02,  2.20773081377397E+03
 1.89125000000000E+03, -3.99060817137910E-01, -7.38688777500000E-01, -8.52683437683099E+00,  2.43100000000000E+01,  1.68314616184227E+02,  2.70578692975665E+03
 1.89133333300000E+03, -3.70189033804766E-01, -9.36300442500000E-01, -8.57322946553398E+00,  2.44900000000000E+01,  1.75916457963429E+02,  2.78831120725006E+03
 1.89141666700000E+03, -3.35494584213903E-01, -1.11549192900000E+00, -8.61944244474884E+00,  2.46700000000000E+01,  1.42840846914889E+02,  1.67516049301018E+03
 1.89150000000000E+03, -2.92310814256638E-01, -1.27216372250000E+00, -8.66546988534879E+00,  2.48500000000000E+01,  8.69421325620861E+01,  1.79938392030867E+03
 1.89158333300000E+03, -1.06423312539746E-01, -1.40292814000000E+00, -8.71130837422358E+00,  2.50300000000000E+01,  6.56371000112917E+01,  2.10717138243644E+03
 1.89166666700000E+03,  1.95448766495388E-01, -1.50529496000000E+00,  4.78574091503350E+00,  2.52100000000000E+01,  7.08181055658700E+01,  1.69512933371480E+03
 1.89175000000000E+03,  3.27320916795846E-01, -1.57781349500000E+00,  4.79224530100993E+00,  2.53900000000000E+01,  6.69678602856378E+01,  1.46559672626830E+03
 1.89183333300000E+03,  3.08405961878963E-01, -1.62016044000000E+00,  4.79845633601556E+00,  2.55700000000000E+01,  1.21626565013478E+02,  1.59092854440491E+03
 1.89191666700000E+03,  2.90630999280486E-01, -1.63316611000000E+00,  4.80437232678742E+00,  2.57500000000000E+01,  1.36693991331855E+02,  1.45196014643163E+03
 1.89200000000000E+03,  2.78176425270883E-01, -1.61877555500000E+00,  4.80999160146787E+00,  2.59300000000000E+01,  2.49247700699107E+02,  1.31292697506325E+03
 1.89208333300000E+03,  2.73661545370632E-01, -1.57994530500000E+00,  4.81531250985179E+00,  2.61100000000000E+01,  3.22128256628522E+02,  1.18432527323509E+03
 1.89216666700000E+03,  2.76167317356774E-01, -1.52048072000000E+00,  4.82033342363139E+00,  2.62900000000000E+01,  4.12583468831772E+02,  1.16026084045399E+03
 1.89225000000000E+03,  2.81742804863636E-01, -1.44482299000000E+00,  4.82505273663887E+00,  2.64700000000000E+01,  3.80860399766219E+02,  1.00585275692447E+03
 1.89233333300000E+03,  2.86304336783436E-01, -1.35779829750000E+00,  4.82946886508676E+00,  2.66500000000000E+01,  3.55411561319318E+02,  7.51587364192699E+02
 1.89241666700000E+03,  2.88671234601207E-01, -1.26434437250000E+00,  4.83358024780593E+00,  2.68300000000000E+01,  2.45168930043114E+02,  5.90076432038774E+02
 1.89250000000000E+03,  2.91257428444597E-01, -1.16923147250000E+00,  4.83738534648127E+00,  2.70100000000000E+01,  2.06377955114737E+02,  4.79256468447298E+02
 1.89258333300000E+03,  8.76490770947701E-02, -1.07679541875000E+00,  4.84088264588494E+00,  2.71900000000000E+01,  2.09853923634717E+02,  5.68935416113948E+02
 1.89266666700000E+03, -3.14039950561360E-01, -9.90699832750000E-01,  1.12322059338694E+00,  2.73700000000000E+01,  2.92850932972650E+02,  8.03307884429611E+02
 1.89275000000000E+03, -4.87744053820387E-01, -9.13743053000000E-01,  1.09748895667971E+00,  2.75500000000000E+01,  2.90891583643531E+02,  7.93892627419973E+02
 1.89283333300000E+03, -4.41578948013920E-01, -8.47722464250000E-01,  1.07160598762212E+00,  2.77300000000000E+01,  3.03945291111446E+02,  9.32886745995640E+02
 1.89291666700000E+03, -3.94432463507243E-01, -7.93365370000000E-01,  1.04557147668767E+00,  2.79100000000000E+01,  2.81134630937856E+02,  6.89800999980492E+02
 1.89300000000000E+03, -3.47242600659991E-01, -7.50331262250000E-01,  1.01938523859734E+00,  2.80900000000000E+01,  2.29187425136807E+02,  7.61802876895116E+02
 1.89308333300000E+03, -2.99023126121006E-01, -7.17285678750000E-01,  9.93047112425863E-01,  2.82700000000000E+01,  1.15641936658211E+02,  9.69848251772753E+02
 1.89316666700000E+03, -2.48744050617748E-01, -6.92041093750000E-01,  9.66556961704812E-01,  2.84500000000000E+01,  1.88621760856888E+02,  1.20223281567696E+03
 1.89325000000000E+03, -1.95882674565207E-01, -6.71755787250000E-01,  9.39914674522569E-01,  2.86300000000000E+01,  1.48506271008205E+02,  1.13784971534831E+03
 1.89333333300000E+03, -1.39303860329318E-01, -6.53177673500000E-01,  9.13120163621054E-01,  2.88100000000000E+01,  1.53068999233588E+02,  1.18896041609388E+03
 1.89341666700000E+03, -7.60800793700525E-02, -6.32916918750000E-01,  8.86173366489266E-01,  2.89900000000000E+01,  1.11869039188517E+02,  1.14431913471282E+03
 1.89350000000000E+03, -2.13650990607516E-03, -6.07729058500000E-01,  8.59074245453617E-01,  2.91700000000000E+01,  1.18909764113412E+02,  9.25373464803095E+02
 1.89358333300000E+03,  2.56950127751464E-02, -5.74789394000000E-01,  8.31822787765011E-01,  2.93500000000000E+01,  5.81850536742620E+01,  1.16200514942385E+03
 1.89366666700000E+03, -1.71927775603246E-02, -5.31939788000000E-01,  3.65155002383204E-01,  2.95300000000000E+01,  1.16556343330082E+02,  1.14496260453788E+03
 1.89375000000000E+03, -3.76666667653626E-02, -4.77890573000000E-01,  3.86391878257027E-01,  2.97100000000000E+01,  2.54491271492529E+02,  1.21909877597542E+03
 1.89383333300000E+03, -1.20696312149737E-02, -4.12363054750000E-01,  4.07719798508192E-01,  2.98900000000000E+01,  3.30657805864809E+02,  1.27854761664633E+03
 1.89391666700000E+03,  2.49054233428298E-02, -3.36161867500000E-01,  4.29138516613625E-01,  3.00700000000000E+01,  3.47944971141338E+02,  1.64800917951500E+03
 1.89400000000000E+03,  7.42285754197056E-02, -2.51170976500000E-01,  4.50647761349404E-01,  3.02500000000000E+01,  3.69883554290639E+02,  1.74461057519210E+03
 1.89408333300000E+03,  1.35815922980153E-01, -1.60272141250000E-01,  4.72247236770821E-01,  3.04300000000000E+01,  3.29021955584416E+02,  1.75253494641605E+03
 1.89416666700000E+03,  2.06827230539745E-01, -6.71898180000000E-02,  4.93936622195913E-01,  3.06100000000000E+01,  2.14998452744874E+02,  1.98080949245105E+03
 1.89425000000000E+03,  2.81714502024758E-01,  2.37285355000000E-02,  5.15715572192444E-01,  3.07900000000000E+01,  1.40407703738649E+02,  2.14367809363298E+03
 1.89433333300000E+03,  3.54291167057394E-01,  1.07783330000000E-01,  5.37583716568365E-01,  3.09700000000000E+01,  1.15864869971809E+02,  1.51175411114905E+03
 1.89441666700000E+03,  4.20084039183293E-01,  1.80227825750000E-01,  5.59540660365704E-01,  3.11500000000000E+01,  9.19986062989358E+01,  9.38491709252099E+02
 1.89450000000000E+03,  4.76914833240997E-01,  2.36587584500000E-01,  5.81585983857950E-01,  3.13300000000000E+01,  9.24107911712388E+01,  9.72807791721341E+02
 1.89458333300000E+03,  5.57766782424077E-01,  2.72973437250000E-01,  6.03719242550876E-01,  3.15100000000000E+01,  6.96669766565852E+01,  6.36715237043295E+02
 1.89466666700000E+03,  6.46887301680648E-01,  2.86367046500000E-01, -4.94571976218955E+00,  3.16900000000000E+01,  6.56120428772892E+01,  2.98734732329310E+02
 1.89475000000000E+03,  6.63951637609926E-01,  2.74859549000000E-01, -4.93564478149336E+00,  3.18700000000000E+01,  9.67450513716787E+01,  4.59730877737160E+02
 1.89483333300000E+03,  6.30078973805824E-01,  2.37826471250000E-01, -4.92586066139810E+00,  3.20500000000000E+01,  9.78851052780891E+01,  4.36909268565786E+02
 1.89491666700000E+03,  5.97829884595482E-01,  1.76025946550000E-01, -4.91636952078989E+00,  3.22300000000000E+01,  9.00398832848489E+01,  3.79323662224591E+02
 1.89500000000000E+03,  5.68629234737724E-01,  9.16120068550000E-02, -4.90717345755930E+00,  3.24100000000000E+01,  1.35081429780408E+02,  5.50617902235961E+02
 1.89508333300000E+03,  5.43840122308175E-01, -1.19399354400000E-02, -4.89827454828279E+00,  3.25900000000000E+01,  1.78944931243419E+02,  5.33956898824738E+02
 1.89516666700000E+03,  5.23037268162193E-01, -1.29992696995000E-01, -4.88967484790659E+00,  3.27700000000000E+01,  1.54429310013215E+02,  5.62921651057616E+02
 1.89525000000000E+03,  5.03936283697831E-01, -2.56983791000000E-01, -4.88137638943274E+00,  3.29500000000000E+01,  1.61635474790503E+02,  1.21808205715626E+03
 1.89533333300000E+03,  4.84256838731695E-01, -3.86725471000000E-01, -4.87338118360760E+00,  3.31300000000000E+01,  2.48922579013958E+02,  1.30464126597618E+03
 1.89541666700000E+03,  4.63797807800487E-01, -5.12750802000000E-01, -4.86569121861258E+00,  3.33100000000000E+01,  2.57571539820249E+02,  1.24270325791641E+03
 1.89550000000000E+03,  4.44693620691397E-01, -6.28685011250000E-01, -4.85830845975751E+00,  3.34900000000000E+01,  2.15126188607149E+02,  1.77109913061660E+03
 1.89558333300000E+03,  4.72804738935004E-01, -7.28619470500000E-01, -4.85123484917628E+00,  3.36700000000000E+01,  2.13698640068587E+02,  1.72711727219661E+03
 1.89566666700000E+03,  5.12249072716970E-01, -8.07465171750000E-01, -1.56970651983126E+01,  3.38500000000000E+01,  2.21302924616400E+02,  1.07770659467872E+03
 1.89575000000000E+03,  4.31108240702726E-01, -8.61263547000000E-01, -1.57276709505719E+01,  3.40300000000000E+01,  1.25945551289818E+02,  1.30171994302149E+03
 1.89583333300000E+03,  2.54574196816670E-01, -8.87434888500000E-01, -1.57579160731264E+01,  3.42100000000000E+01,  6.21288288356938E+01,  1.62488398652861E+03
 1.89591666700000E+03,  6.95119640151380E-02, -8.84948301500000E-01, -1.57877985125031E+01,  3.43900000000000E+01,  1.59231824716051E+02,  1.19477574509379E+03
 1.89600000000000E+03, -1.04717745872158E-01, -8.54401859500000E-01, -1.58173162490614E+01,  3.45700000000000E+01,  1.98213349777368E+02,  1.44417509364467E+03
 1.89608333300000E+03, -2.52048149690521E-01, -7.98007119000000E-01, -1.58464672971735E+01,  3.47500000000000E+01,  1.73919556232695E+02,  1.74055681030810E+03
 1.89616666700000E+03, -3.62983418515613E-01, -7.19478049750000E-01, -1.58752497054019E+01,  3.49300000000000E+01,  2.36736117078669E+02,  2.72355588288967E+03
 1.89625000000000E+03, -4.35248335383420E-01, -6.23830375250000E-01, -1.59036615566716E+01,  3.51100000000000E+01,  3.83989707769339E+02,  2.52012826308940E+03
 1.89633333300000E+03, -4.71620452349964E-01, -5.17102912250000E-01, -1.59317009684392E+01,  3.52900000000000E+01,  2.92461863283476E+02,  2.47492683097485E+03
 1.89641666700000E+03, -4.76880702861743E-01, -4.06017391750000E-01, -1.59593660928580E+01,  3.54700000000000E+01,  2.71304737418381E+02,  2.59476082140103E+03
 1.89650000000000E+03, -4.56191514294135E-01, -2.97597120500000E-01, -1.59866551169380E+01,  3.56500000000000E+01,  2.81252230649555E+02,  2.87684458671275E+03
 1.89658333300000E+03, -2.80441685256787E-01, -1.98767446500000E-01, -1.60135662627032E+01,  3.58300000000000E+01,  2.34580980817248E+02,  1.85664649435971E+03
 1.89666666700000E+03,  2.99796296442525E-02, -1.15962159050000E-01, -1.20247682283588E+01,  3.60100000000000E+01,  1.25566669298775E+02,  1.58035792750005E+03
 1.89675000000000E+03,  1.83577571344230E-01, -5.47596000250000E-02, -1.20311834586128E+01,  3.61900000000000E+01,  1.29232173918048E+02,  1.54914343737592E+03
 1.89683333300000E+03,  1.87042194170873E-01, -1.95704053625000E-02, -1.20371923857707E+01,  3.63700000000000E+01,  1.27340341311680E+02,  1.34367543399303E+03
 1.89691666700000E+03,  1.87374607281767E-01, -1.33955562250000E-02, -1.20427951588672E+01,  3.65500000000000E+01,  1.27314653892386E+02,  7.54232412267471E+02
 1.89700000000000E+03,  1.86999863148988E-01, -3.76689931375000E-02, -1.20479919618022E+01,  3.67300000000000E+01,  1.19108821104104E+02,  7.77220796510516E+02
 1.89708333300000E+03,  1.88262939226214E-01, -9.21937237250000E-02, -1.20527830132712E+01,  3.69100000000000E+01,  9.51638466215992E+01,  1.30056982187899E+03
 1.89716666700000E+03,  1.91556210371801E-01, -1.75174474425000E-01, -1.20571685666925E+01,  3.70900000000000E+01,  2.84452085617091E+02,  1.64713722446189E+03
 1.89725000000000E+03,  1.95170979394226E-01, -2.83343872750000E-01, -1.20611489101305E+01,  3.72700000000000E+01,  3.70527227768863E+02,  1.32867459129385E+03
 1.89733333300000E+03,  1.97145890036970E-01, -4.12173294750000E-01, -1.20647243662148E+01,  3.74500000000000E+01,  3.84158608809316E+02,  1.46823643219495E+03
 1.89741666700000E+03,  1.97375518725776E-01, -5.56154244750000E-01, -1.20678952920558E+01,  3.76300000000000E+01,  4.24034989841010E+02,  1.12168678278542E+03
 1.89750000000000E+03,  1.97928916620857E-01, -7.09131793500000E-01, -1.20706620791567E+01,  3.78100000000000E+01,  4.76047160752951E+02,  1.24310437858973E+03
 1.89758333300000E+03,  1.54456303277247E-01, -8.64668470250000E-01, -1.20730251533213E+01,  3.79900000000000E+01,  3.49796280944209E+02,  1.29499575453925E+03
 1.89766666700000E+03,  9.01388427639849E-02, -1.01641527600000E+00, -1.49061440615299E+00,  3.81700000000000E+01,  2.59136800833343E+02,  1.35812009625850E+03
 1.89775000000000E+03,  1.22369500289551E-01, -1.15846628000000E+00, -1.52332656914865E+00,  3.83500000000000E+01,  2.63927944759304E+02,  1.56291017469904E+03
 1.89783333300000E+03,  2.27744907666367E-01, -1.28567458500000E+00, -1.55635260195378E+00,  3.85300000000000E+01,  2.19211409133058E+02,  2.09838083567206E+03
 1.89791666700000E+03,  3.26040089738111E-01, -1.39391021250000E+00, -1.58969070153215E+00,  3.87100000000000E+01,  1.69302900538036E+02,  1.52631794623851E+03
 1.89800000000000E+03,  4.02349818763718E-01, -1.48024448250000E+00, -1.62333903309904E+00,  3.88900000000000E+01,  1.18827336298192E+02,  2.03796233304311E+03
 1.89808333300000E+03,  4.45754376436533E-01, -1.54305046750000E+00, -1.65729573026357E+00,  3.90700000000000E+01,  1.18113000718545E+02,  2.03253285245911E+03
 1.89816666700000E+03,  4.49442245178285E-01, -1.58201478500000E+00, -1.69155889517446E+00,  3.92500000000000E+01,  1.69023995392038E+02,  2.62074843260465E+03
 1.89825000000000E+03,  4.11186697114891E-01, -1.59806196250000E+00, -1.72612659866965E+00,  3.94299999999999E+01,  1.74579904982139E+02,  2.17545515297231E+03
 1.89833333300000E+03,  3.34397986980089E-01, -1.59319844500000E+00, -1.76099688042966E+00,  3.96099999999999E+01,  1.58814215844588E+02,  2.32295856489989E+03
 1.89841666700000E+03,  2.28318829121590E-01, -1.57028864750000E+00, -1.79616774913444E+00,  3.97899999999999E+01,  1.65669425907366E+02,  2.13931423578561E+03
 1.89850000000000E+03,  1.05898982146930E-01, -1.53277999750000E+00, -1.83163718262410E+00,  3.99699999999999E+01,  1.85749226715680E+02,  2.29318950286402E+03
 1.89858333300000E+03, -2.33931810083287E-02, -1.48439723250000E+00, -1.86740312806313E+00,  4.01499999999999E+01,  1.17849066602011E+02,  1.40757244354081E+03
 1.89866666700000E+03, -8.44982761798181E-02, -1.42882815000000E+00, -1.40816606221051E+01,  4.03299999999999E+01,  1.38813212197735E+02,  1.63743285609668E+03
 1.89875000000000E+03,  3.21825078111154E-04, -1.36942352250000E+00, -1.41253448746703E+01,  4.05099999999999E+01,  1.47012481197116E+02,  2.46670016671496E+03
 1.89883333300000E+03,  1.56255224443934E-01, -1.30893275500000E+00, -1.41687850628964E+01,  4.06899999999999E+01,  1.14720623107658E+02,  2.15593001320771E+03
 1.89891666700000E+03,  2.83804039718027E-01, -1.24929428500000E+00, -1.42119779058701E+01,  4.08699999999999E+01,  1.38201919800411E+02,  2.38978865394321E+03
 1.89900000000000E+03,  3.54141247641685E-01, -1.19149586500000E+00, -1.42549201453873E+01,  4.10499999999999E+01,  1.38199298267435E+02,  3.26199085959561E+03
 1.89908333300000E+03,  3.61168221000356E-01, -1.13551493750000E+00, -1.42976085462795E+01,  4.12299999999999E+01,  1.07733216619251E+02,  3.32293383810247E+03
 1.89916666700000E+03,  3.22030826974152E-01, -1.08034367250000E+00, -1.43400398967369E+01,  4.14099999999999E+01,  1.26992728789094E+02,  2.49125156033418E+03
 1.89925000000000E+03,  2.70366683335631E-01, -1.02409719775000E+00, -1.43822110086288E+01,  4.15899999999999E+01,  1.23312411210740E+02,  2.16783250580532E+03
 1.89933333300000E+03,  2.44935513204976E-01, -9.64197655750000E-01, -1.44241187178220E+01,  4.17699999999999E+01,  7.36046491738482E+01,  1.72463711576128E+03
 1.89941666700000E+03,  2.76529353856972E-01, -8.97621243500000E-01, -1.44657598844947E+01,  4.19499999999999E+01,  8.50645237443425E+01,  1.11317764821724E+03
 1.89950000000000E+03,  3.76325154221822E-01, -8.21190714250000E-01, -1.45071313934498E+01,  4.21299999999999E+01,  1.30814313098621E+02,  8.12291299972488E+02
 1.89958333300000E+03,  1.78610230694248E-01, -7.31892379250000E-01, -1.45482301544231E+01,  4.23099999999999E+01,  1.10608924822280E+02,  6.35468870571425E+02
 1.89966666700000E+03, -3.77588373952478E-01, -6.27194555000000E-01, -6.25009833820419E+00,  4.24899999999999E+01,  1.16203112845849E+02,  1.84879385780335E+03
 1.89975000000000E+03, -6.38440510411367E-01, -5.05343873000000E-01, -6.23513582227739E+00,  4.26699999999999E+01,  1.36196067937471E+02,  2.19311763097216E+03
 1.89983333300000E+03, -5.71431720329681E-01, -3.65616974750000E-01, -6.22017259201161E+00,  4.28499999999999E+01,  2.12849120125671E+02,  3.28273657070428E+03
 1.89991666700000E+03, -4.95656579724474E-01, -2.08507763800000E-01, -6.20520694987034E+00,  4.30299999999999E+01,  1.89651059018800E+02,  3.36827620480539E+03
 1.90000000000000E+03, -4.13773672419974E-01, -3.58344373500000E-02, -6.19023720495122E+00,  4.32099999999999E+01,  1.70180884127283E+02,  3.62123400204914E+03
 1.90008333300000E+03, -3.26780616916631E-01,  1.49244288450000E-01, -6.17526167329645E+00,  4.33899999999999E+01,  2.33043734481851E+02,  2.78417749198319E+03
 1.90016666700000E+03, -2.35546979994027E-01,  3.42308337500000E-01, -6.16027867820211E+00,  4.35699999999999E+01,  2.90132182104944E+02,  2.47389991847509E+03
 1.90025000000000E+03, -1.41414748595405E-01,  5.37848965000000E-01, -6.14528655052627E+00,  4.37499999999999E+01,  1.88656446617201E+02,  1.63972084851226E+03
 1.90033333300000E+03, -4.53919804740495E-02,  7.29526705250000E-01, -6.13028362899593E+00,  4.39299999999999E+01,  1.90869665045761E+02,  1.59306864281601E+03
 1.90041666700000E+03,  5.27172829006375E-02,  9.10500306750000E-01, -6.11526826051266E+00,  4.41099999999999E+01,  1.88122272018850E+02,  1.40659440259952E+03
 1.90050000000000E+03,  1.53640380807820E-01,  1.07380721975000E+00, -6.10023880045699E+00,  4.42899999999999E+01,  1.19472489737448E+02,  1.34957703111948E+03
 1.90058333300000E+03,  2.72042055337938E-02,  1.21277223250000E+00, -6.08519361299141E+00,  4.44699999999999E+01,  5.70416426175899E+01,  1.66603579689652E+03
 1.90066666700000E+03, -3.54958053294004E-01,  1.32141836750000E+00, -1.17740255449314E+01,  4.46499999999999E+01,  8.60056280600829E+01,  1.30075418501587E+03
 1.90075000000000E+03, -5.58919560144132E-01,  1.39485328250000E+00, -1.17895242909724E+01,  4.48299999999999E+01,  8.06634754908544E+01,  1.72460977094399E+03
 1.90083333300000E+03, -5.53825723975616E-01,  1.42960532500000E+00, -1.18046226580864E+01,  4.50099999999999E+01,  1.46001414673554E+02,  2.08729092993528E+03
 1.90091666700000E+03, -5.40875279736119E-01,  1.42388604000000E+00, -1.18193200028631E+01,  4.51899999999999E+01,  1.44902512477742E+02,  1.71208680641839E+03
 1.90100000000000E+03, -5.19942357266092E-01,  1.37776006500000E+00, -1.18336157172856E+01,  4.53699999999999E+01,  1.52248364427994E+02,  1.49779027857510E+03
 1.90108333300000E+03, -4.90874058774417E-01,  1.29320884250000E+00, -1.18475092287489E+01,  4.55499999999999E+01,  2.91923719117998E+02,  3.39837929522625E+03
 1.90116666700000E+03, -4.55193690520712E-01,  1.17408108000000E+00, -1.18610000000746E+01,  4.57299999999999E+01,  3.03359208378198E+02,  3.18632019159930E+03
 1.90125000000000E+03, -4.16158123655053E-01,  1.02592994425000E+00, -1.18740875295216E+01,  4.59099999999999E+01,  2.45648200199452E+02,  3.91215639244482E+03
 1.90133333300000E+03, -3.76891893198684E-01,  8.55744151750000E-01, -1.18867713507929E+01,  4.60899999999999E+01,  2.55285120990365E+02,  4.25010679971984E+03
 1.90141666700000E+03, -3.38319260475927E-01,  6.71586972250000E-01, -1.18990510330385E+01,  4.62699999999999E+01,  2.27736755147882E+02,  4.45021804289939E+03
 1.90150000000000E+03, -2.98923089827139E-01,  4.82163278500000E-01, -1.19109261808543E+01,  4.64499999999999E+01,  7.70076714028900E+01,  2.52335576672251E+03
 1.90158333300000E+03, -2.03848404026743E-01,  2.96339648750000E-01, -1.19223964342770E+01,  4.66299999999999E+01,  4.42367500124528E+01,  2.96738011359792E+03
 1.90166666700000E+03, -2.64561472132856E-02,  1.22645937100000E-01, -5.17663394017963E+00,  4.68099999999999E+01,  8.76091428037451E+01,  2.09062680906060E+03
 1.90175000000000E+03,  1.51114876216354E-01, -3.12115975500000E-02, -5.15842994778459E+00,  4.69899999999999E+01,  8.91185269667364E+01,  2.51216710406737E+03
 1.90183333300000E+03,  2.96676227509027E-01, -1.58795744900000E-01, -5.14013993956426E+00,  4.71699999999999E+01,  2.10513352548938E+02,  2.27257340877588E+03
 1.90191666700000E+03,  4.30400173283854E-01, -2.55314610750000E-01, -5.12176325947351E+00,  4.73499999999999E+01,  1.91948337049427E+02,  2.10005706909345E+03
 1.90200000000000E+03,  5.47746445970441E-01, -3.17904800250000E-01, -5.10329927452501E+00,  4.75299999999999E+01,  2.35311581763726E+02,  1.40233406683175E+03
 1.90208333300000E+03,  6.45335332011994E-01, -3.45803034000000E-01, -5.08474737494319E+00,  4.77099999999999E+01,  3.15320354820023E+02,  1.81137413457593E+03
 1.90216666700000E+03,  7.19458598126316E-01, -3.40394355500000E-01, -5.06610697431490E+00,  4.78899999999999E+01,  3.15784184772076E+02,  1.26867760037839E+03
 1.90225000000000E+03,  7.66163966500716E-01, -3.05132545750000E-01, -5.04737750973678E+00,  4.80699999999999E+01,  1.94741346186889E+02,  1.55612002164869E+03
 1.90233333300000E+03,  7.83179158669227E-01, -2.45336171500000E-01, -5.02855844195903E+00,  4.82499999999999E+01,  2.46657084155194E+02,  1.61659148988910E+03
 1.90241666700000E+03,  7.71947293406621E-01, -1.67871374875000E-01, -5.00964925552603E+00,  4.84299999999999E+01,  2.08728575771531E+02,  2.82278408994284E+03
 1.90250000000000E+03,  7.37743033887672E-01, -8.07395769900000E-02, -4.99064945891332E+00,  4.86099999999999E+01,  8.23224813755252E+01,  2.54761722917152E+03
 1.90258333300000E+03,  5.52860382811996E-01,  7.40573482000000E-03, -4.97155858466119E+00,  4.87899999999999E+01,  8.12777043153191E+01,  3.47613909564380E+03
 1.90266666700000E+03,  2.52995451677239E-01,  8.77844216100000E-02, -1.31318584631125E+01,  4.89699999999999E+01,  8.93670489073735E+01,  4.31149181927869E+03
 1.90275000000000E+03,  1.40281033320487E-01,  1.52025791925000E-01, -1.30927145254499E+01,  4.91499999999999E+01,  4.76054044232570E+01,  4.86723930862187E+03
 1.90283333300000E+03,  1.78783281596047E-01,  1.92683000000000E-01, -1.30535349509037E+01,  4.93299999999999E+01,  1.32703011126291E+02,  3.94029979077810E+03
 1.90291666700000E+03,  1.86423849631182E-01,  2.03694496000000E-01, -1.30143226544952E+01,  4.95099999999999E+01,  2.44291132224279E+02,  4.18508825418649E+03
 1.90300000000000E+03,  1.47217803982261E-01,  1.80764357000000E-01, -1.29750805389632E+01,  4.96899999999999E+01,  2.46338505281771E+02,  3.21156123336984E+03
 1.90308333300000E+03,  5.79399826792143E-02,  1.21638162575000E-01, -1.29358114944446E+01,  4.98699999999999E+01,  2.57827304859797E+02,  3.22304026976133E+03
 1.90316666700000E+03, -7.08895969089621E-02,  2.62573855000000E-02, -1.28965183981572E+01,  5.00499999999999E+01,  2.58095084290968E+02,  2.94464458320494E+03
 1.90325000000000E+03, -2.16750320330592E-01, -1.03217350975000E-01, -1.28572041140847E+01,  5.02299999999999E+01,  2.12111752306763E+02,  3.27898415662572E+03
 1.90333333300000E+03, -3.49050758839394E-01, -2.62515794400000E-01, -1.28178714926632E+01,  5.04099999999999E+01,  2.81927665977511E+02,  3.46427028932918E+03
 1.90341666700000E+03, -4.35448492225792E-01, -4.45493882250000E-01, -1.27785233704715E+01,  5.05899999999999E+01,  3.01675952825301E+02,  3.33409569832048E+03
 1.90350000000000E+03, -4.50251980858942E-01, -6.44481638750000E-01, -1.27391625699220E+01,  5.07699999999999E+01,  3.30643163708113E+02,  2.21570500653592E+03
 1.90358333300000E+03, -4.55674574802880E-01, -8.50722055750000E-01, -1.26997918989553E+01,  5.09499999999999E+01,  3.64499649596233E+02,  2.22084955012471E+03
 1.90366666700000E+03, -5.08756730229656E-01, -1.05487430800000E+00, -8.49872415598271E+00,  5.11299999999999E+01,  3.44117576451103E+02,  1.58617987385247E+03
 1.90375000000000E+03, -5.37132329186005E-01, -1.24755072500000E+00, -8.47262433451183E+00,  5.13099999999999E+01,  4.47306584410218E+02,  1.28096113646084E+03
 1.90383333300000E+03, -5.16814097894229E-01, -1.41985493250000E+00, -8.44668317867255E+00,  5.14899999999999E+01,  4.36248156860456E+02,  1.47643273493352E+03
 1.90391666700000E+03, -4.80353904668908E-01, -1.56388863250000E+00, -8.42090035753600E+00,  5.16699999999999E+01,  4.23275550634107E+02,  2.68178734207881E+03
 1.90400000000000E+03, -4.26375373025127E-01, -1.67319647500000E+00, -8.39527551419179E+00,  5.18499999999999E+01,  4.22224815313657E+02,  2.86334539770852E+03
 1.90408333300000E+03, -3.54324038104312E-01, -1.74312243250000E+00, -8.36980826589466E+00,  5.20299999999999E+01,  4.12496210193792E+02,  3.07061054444698E+03
 1.90416666700000E+03, -2.66235745049247E-01, -1.77105673750000E+00, -8.34449820421458E+00,  5.22099999999999E+01,  1.67612543230162E+02,  3.24299132327258E+03
 1.90425000000000E+03, -1.66908731805841E-01, -1.75655927500000E+00, -8.31934489519032E+00,  5.23899999999999E+01,  1.71252612751610E+02,  3.14641738411173E+03
 1.90433333300000E+03, -6.21895395282316E-02, -1.70135308000000E+00, -8.29434787948644E+00,  5.25699999999999E+01,  1.54816498208949E+02,  1.99630214285210E+03
 1.90441666700000E+03,  4.29807068294407E-02, -1.60918973250000E+00, -8.26950667255356E+00,  5.27499999999999E+01,  1.53796500962153E+02,  1.46675047090568E+03
 1.90450000000000E+03,  1.44841999784985E-01, -1.48559639000000E+00, -8.24482076479207E+00,  5.29299999999999E+01,  1.73448088787036E+02,  2.05456697600448E+03
 1.90458333300000E+03,  5.36576295784135E-02, -1.33752151750000E+00, -8.22028962171919E+00,  5.31099999999999E+01,  2.02571149688030E+02,  2.79260486999940E+03
 1.90466666700000E+03, -2.37150180491231E-01, -1.17290260250000E+00, -7.30188415643263E+00,  5.32899999999999E+01,  3.21042313965719E+02,  2.59237926119965E+03
 1.90475000000000E+03, -3.58587259047957E-01, -1.00018382025000E+00, -7.28328285685696E+00,  5.34699999999999E+01,  3.71275868886269E+02,  2.45581743980397E+03
 1.90483333300000E+03, -3.04728530102133E-01, -8.27814485500000E-01, -7.26478992530999E+00,  5.36499999999999E+01,  3.48359626685675E+02,  4.25845133056261E+03
 1.90491666700000E+03, -2.57592319899177E-01, -6.63760063750000E-01, -7.24640391581176E+00,  5.38299999999999E+01,  3.12606782345868E+02,  3.42130975929766E+03
 1.90500000000000E+03, -2.17122971520531E-01, -5.15056384500000E-01, -7.22812336854153E+00,  5.40099999999999E+01,  3.39545532267914E+02,  1.93007572441501E+03
 1.90508333300000E+03, -1.82644354031701E-01, -3.87434582250000E-01, -7.20994681012818E+00,  5.41899999999999E+01,  2.03384486936618E+02,  2.02943235283498E+03
 1.90516666700000E+03, -1.54664770450435E-01, -2.85039454750000E-01, -7.19187275394226E+00,  5.43699999999999E+01,  2.75616105353385E+02,  2.59528733123660E+03
 1.90525000000000E+03, -1.35044500340534E-01, -2.10257647500000E-01, -7.17389970038982E+00,  5.45499999999999E+01,  3.03828469477939E+02,  8.18963200716105E+02
 1.90533333300000E+03, -1.25238750800870E-01, -1.63664744750000E-01, -7.15602613720765E+00,  5.47299999999999E+01,  4.40421666259081E+02,  9.46314214530265E+02
 1.90541666700000E+03, -1.24330473885409E-01, -1.44092477000000E-01, -7.13825053976027E+00,  5.49099999999999E+01,  3.39837277323377E+02,  2.02415264380757E+03
 1.90550000000000E+03, -1.28878148335830E-01, -1.48809340000000E-01, -7.12057137133827E+00,  5.50899999999999E+01,  3.46346283338037E+02,  2.03015036311311E+03
 1.90558333300000E+03, -4.26723302351078E-02, -1.73800478500000E-01, -7.10298708345833E+00,  5.52699999999999E+01,  2.58883588942082E+02,  1.62396017426683E+03
 1.90566666700000E+03,  1.41016308774895E-01, -2.14126199750000E-01, -9.24765230198775E+00,  5.54499999999999E+01,  2.14978003503787E+02,  1.97821966369809E+03
 1.90575000000000E+03,  2.44739215335435E-01, -2.64333378250000E-01, -9.22560731324349E+00,  5.56299999999999E+01,  1.80097220140200E+02,  1.85667226248757E+03
 1.90583333300000E+03,  2.68040773703031E-01, -3.18890627000000E-01, -9.20346542924710E+00,  5.58099999999999E+01,  1.88922373958897E+02,  9.56171291763734E+02
 1.90591666700000E+03,  3.00460491731811E-01, -3.72616654250000E-01, -9.18122695274791E+00,  5.59899999999999E+01,  1.99971341920516E+02,  1.25047691682187E+03
 1.90600000000000E+03,  3.41536064888441E-01, -4.21071811250000E-01, -9.15889221466537E+00,  5.61699999999999E+01,  1.80123675412232E+02,  1.88387528711462E+03
 1.90608333300000E+03,  3.89598287386393E-01, -4.60885424750000E-01, -9.13646157410795E+00,  5.63499999999999E+01,  2.40342035095420E+02,  2.16623029246108E+03
 1.90616666700000E+03,  4.40269812092293E-01, -4.89995929750000E-01, -9.11393541838772E+00,  5.65299999999999E+01,  1.39842359662452E+02,  2.79557019610796E+03
 1.90625000000000E+03,  4.86740308159847E-01, -5.07786792000000E-01, -9.09131416303073E+00,  5.67099999999999E+01,  1.41667876500044E+02,  2.75792292032856E+03
 1.90633333300000E+03,  5.22060689695003E-01, -5.15108347500000E-01, -9.06859825178329E+00,  5.68899999999999E+01,  1.34003316395759E+02,  2.75277550464344E+03
 1.90641666700000E+03,  5.41688289712439E-01, -5.14183522500000E-01, -9.04578815661388E+00,  5.70699999999999E+01,  1.09531454366099E+02,  2.17221356107158E+03
 1.90650000000000E+03,  5.44200010475284E-01, -5.08403422000000E-01, -9.02288437771099E+00,  5.72499999999999E+01,  1.17359246872068E+02,  1.68487347971979E+03
 1.90658333300000E+03,  2.69040688362033E-01, -5.02026456500000E-01, -8.99988744347664E+00,  5.74299999999999E+01,  1.22197785758718E+02,  1.30246194836320E+03
 1.90666666700000E+03, -3.13177111642276E-01, -4.99801503000000E-01, -1.48949592638824E+01,  5.76099999999999E+01,  1.74062347295243E+02,  1.57771623959173E+03
 1.90675000000000E+03, -6.74247268863111E-01, -5.06541122750000E-01, -1.49332483215415E+01,  5.77899999999999E+01,  1.64739221887000E+02,  2.13837370400231E+03
 1.90683333300000E+03, -7.14002386885427E-01, -5.26674705500000E-01, -1.49712331231383E+01,  5.79699999999999E+01,  1.80479794274873E+02,  2.84550063580668E+03
 1.90691666700000E+03, -6.38828051022254E-01, -5.63813302750000E-01, -1.50089108929163E+01,  5.81499999999999E+01,  1.57225016727884E+02,  3.85021553644673E+03
 1.90700000000000E+03, -4.76953318018633E-01, -6.20357712250000E-01, -1.50462788837212E+01,  5.83299999999999E+01,  1.68180867061046E+02,  4.41888744702221E+03
 1.90708333300000E+03, -2.70851970123506E-01, -6.97179081750000E-01, -1.50833343772666E+01,  5.85099999999999E+01,  1.05747245220715E+02,  4.55932540354385E+03
 1.90716666700000E+03, -6.78674064967576E-02, -7.93397029500000E-01, -1.51200746843969E+01,  5.86899999999999E+01,  1.42611520763500E+02,  4.01341858743820E+03
 1.90725000000000E+03,  9.04788145105742E-02, -9.06274283750000E-01, -1.51564971453466E+01,  5.88699999999999E+01,  1.48848131961987E+02,  3.28830482011580E+03
 1.90733333300000E+03,  1.78260225518088E-01, -1.03123950900000E+00, -1.51925991299955E+01,  5.90499999999999E+01,  1.49498637446763E+02,  3.27915190029448E+03
 1.90741666700000E+03,  1.90730903479350E-01, -1.16204173750000E+00, -1.52283780381220E+01,  5.92299999999999E+01,  1.78416470591172E+02,  2.56981182872092E+03
 1.90750000000000E+03,  1.43364918748826E-01, -1.29103123250000E+00, -1.52638312996509E+01,  5.94099999999999E+01,  1.89212715152076E+02,  2.08954391508792E+03
 1.90758333300000E+03,  6.37353152330369E-02, -1.40955319500000E+00, -1.52989563748994E+01,  5.95899999999999E+01,  1.95213645444707E+02,  1.83384568407256E+03
 1.90766666700000E+03, -3.08994544597932E-02, -1.50843297000000E+00, -8.02373127300293E+00,  5.97699999999999E+01,  2.09307201680193E+02,  1.84462243698869E+03
 1.90775000000000E+03, -1.33789589109908E-01, -1.57852493500000E+00, -8.00060205679957E+00,  5.99499999999999E+01,  1.78428539163687E+02,  1.26709263355350E+03
 1.90783333300000E+03, -2.28571592758813E-01, -1.61129245250000E+00, -7.97762073392218E+00,  6.01299999999999E+01,  1.37050262233737E+02,  2.06983956377726E+03
 1.90791666700000E+03, -3.01878769115847E-01, -1.59938336250000E+00, -7.95478650244301E+00,  6.03099999999999E+01,  1.53647956983137E+02,  2.13618669858874E+03
 1.90800000000000E+03, -3.51085228247175E-01, -1.53716479500000E+00, -7.93209853785728E+00,  6.04899999999999E+01,  1.23131203374502E+02,  2.18350889500722E+03
 1.90808333300000E+03, -3.76438393924295E-01, -1.42118270000000E+00, -7.90955599329183E+00,  6.06699999999999E+01,  8.42867448759844E+01,  2.12908834944740E+03
 1.90816666700000E+03, -3.81966928061605E-01, -1.25051523500000E+00, -7.88715799971665E+00,  6.08499999999999E+01,  1.01747093588328E+02,  1.67188897807488E+03
 1.90825000000000E+03, -3.74585378042571E-01, -1.02699488750000E+00, -7.86490366615937E+00,  6.10299999999999E+01,  1.34920247584124E+02,  1.25458794764792E+03
 1.90833333300000E+03, -3.61345851626484E-01, -7.55281591250000E-01, -7.84279207992258E+00,  6.12099999999999E+01,  1.07619554028933E+02,  1.78930515908233E+03
 1.90841666700000E+03, -3.46720520707213E-01, -4.42777670500000E-01, -7.82082230680404E+00,  6.13899999999999E+01,  9.94870258409972E+01,  1.74232571685661E+03
 1.90850000000000E+03, -3.32015425100292E-01, -9.93847487500000E-02, -7.79899339131964E+00,  6.15699999999999E+01,  9.49616103989409E+01,  1.56401393064022E+03
 1.90858333300000E+03, -1.99999917998585E-01,  2.62887853500000E-01, -7.77730435692922E+00,  6.17499999999999E+01,  9.41945606434972E+01,  1.53044125847872E+03
 1.90866666700000E+03,  8.31638237727856E-02,  6.30444751500000E-01, -1.57451892818195E+01,  6.19299999999999E+01,  7.76275118132466E+01,  1.23093573599578E+03
 1.90875000000000E+03,  3.09825537257218E-01,  9.88729712500000E-01, -1.57174528173102E+01,  6.21099999999999E+01,  1.19098826472569E+02,  8.79602761342167E+02
 1.90883333300000E+03,  4.28390823187114E-01,  1.32292153400000E+00, -1.56894523881384E+01,  6.22899999999999E+01,  1.92996863061144E+02,  1.02929566481645E+03
 1.90891666700000E+03,  5.06387206113078E-01,  1.61866309250000E+00, -1.56611908204363E+01,  6.24699999999999E+01,  1.99528182084057E+02,  1.61630402727722E+03
 1.90900000000000E+03,  5.36600025796190E-01,  1.86278366500000E+00, -1.56326709550868E+01,  6.26499999999999E+01,  2.05928309079313E+02,  1.61596451372670E+03
 1.90908333300000E+03,  5.17576190359335E-01,  2.04397454000000E+00, -1.56038956473659E+01,  6.28299999999999E+01,  2.02368418380762E+02,  1.50131220462226E+03
 1.90916666700000E+03,  4.52715820254888E-01,  2.15338025000000E+00, -1.55748677665843E+01,  6.30099999999999E+01,  2.80990221065858E+02,  1.17971275611426E+03
 1.90925000000000E+03,  3.50075292930956E-01,  2.18507225500000E+00, -1.55455901957274E+01,  6.31899999999999E+01,  2.31977154874195E+02,  1.86556129866948E+03
 1.90933333300000E+03,  2.23052600243315E-01,  2.13637833750000E+00, -1.55160658310949E+01,  6.33699999999999E+01,  2.40445007367669E+02,  1.39377855683089E+03
 1.90941666700000E+03,  9.02985400999815E-02,  2.00804903000000E+00, -1.54862975819388E+01,  6.35499999999999E+01,  2.75988169689612E+02,  2.29114418716962E+03
 1.90950000000000E+03, -2.69227061024984E-02,  1.80425154000000E+00, -1.54562883701003E+01,  6.37299999999999E+01,  3.12046098137462E+02,  2.36084083937365E+03
 1.90958333300000E+03, -7.00112041616929E-02,  1.53239127000000E+00, -1.54260411296458E+01,  6.39099999999999E+01,  2.14930419825579E+02,  2.97480603341081E+03
 1.90966666700000E+03, -1.42297160115677E-02,  1.20277069675000E+00, -1.69168190967210E+01,  6.40899999999999E+01,  2.06450136818688E+02,  2.97993089799762E+03
 1.90975000000000E+03,  6.20668212944532E-02,  8.28104465500000E-01, -1.68977406953413E+01,  6.42699999999999E+01,  2.50856864239713E+02,  2.97930075364180E+03
 1.90983333300000E+03,  1.13525642959425E-01,  4.22917439805000E-01, -1.68787760261257E+01,  6.44499999999999E+01,  2.24417374135503E+02,  2.09987134812708E+03
 1.90991666700000E+03,  1.49439308182662E-01,  2.85875961000000E-03, -1.68599234795563E+01,  6.46299999999999E+01,  3.06589388878140E+02,  2.17128748204129E+03
 1.91000000000000E+03,  1.69787350449728E-01, -4.16030653195000E-01, -1.68411814307731E+01,  6.48099999999999E+01,  2.87205203179873E+02,  3.20545051071581E+03
 1.91008333300000E+03,  1.75847205119612E-01, -8.18057553000000E-01, -1.68225482399173E+01,  6.49900000000000E+01,  2.79984185838483E+02,  3.28324384268732E+03
 1.91016666700000E+03,  1.68426339879520E-01, -1.18858336625000E+00, -1.68040222524768E+01,  6.51700000000000E+01,  2.34087101241384E+02,  3.28302771496879E+03
 1.91025000000000E+03,  1.47633802638205E-01, -1.51466174250000E+00, -1.67856017996325E+01,  6.53500000000000E+01,  2.40009436949070E+02,  3.75633371265836E+03
 1.91033333300000E+03,  1.14473537592658E-01, -1.78557422000000E+00, -1.67672851986079E+01,  6.55300000000000E+01,  1.88116260460530E+02,  3.70221524013684E+03
 1.91041666700000E+03,  7.25567651257621E-02, -1.99323792000000E+00, -1.67490707530196E+01,  6.57100000000000E+01,  1.97236833778546E+02,  2.27526151525842E+03
 1.91050000000000E+03,  2.79371725475486E-02, -2.13246697250000E+00, -1.67309567532300E+01,  6.58900000000000E+01,  3.59248412578037E+02,  2.30897189193220E+03
 1.91058333300000E+03, -5.00419107773652E-02, -2.20107806000000E+00, -1.67129414767012E+01,  6.60700000000000E+01,  3.83337962230047E+02,  2.97672203718197E+03
 1.91066666700000E+03, -1.52699087753701E-01, -2.19983954500000E+00, -1.65144701078385E+01,  6.62500000000000E+01,  3.39455848922259E+02,  2.50787810289359E+03
 1.91075000000000E+03, -2.03419278750600E-01, -2.13227258250000E+00, -1.64751831712814E+01,  6.64300000000000E+01,  2.75425946302105E+02,  2.76658641367200E+03
 1.91083333300000E+03, -2.13459460799567E-01, -2.00432084500000E+00, -1.64359590851903E+01,  6.66100000000000E+01,  2.89931735772210E+02,  2.62474060384596E+03
 1.91091666700000E+03, -2.27033544574878E-01, -1.82391248750000E+00, -1.63968002373308E+01,  6.67900000000000E+01,  1.50653863918476E+02,  1.67879402142608E+03
 1.91100000000000E+03, -2.40779836139303E-01, -1.60044346750000E+00, -1.63577089916847E+01,  6.69700000000000E+01,  1.26188511043725E+02,  9.57990357784972E+02
 1.91108333300000E+03, -2.50535212383766E-01, -1.34421491000000E+00, -1.63186876882131E+01,  6.71500000000000E+01,  2.11685026053245E+02,  1.25059750218685E+03
 1.91116666700000E+03, -2.55675844638618E-01, -1.06585867975000E+00, -1.62797386426253E+01,  6.73300000000000E+01,  2.49570572666870E+02,  9.50723818512146E+02
 1.91125000000000E+03, -2.60997037687998E-01, -7.75784742000000E-01, -1.62408641461503E+01,  6.75100000000000E+01,  2.55747870445066E+02,  1.07234370552559E+03
 1.91133333300000E+03, -2.74928885399294E-01, -4.83681222750000E-01, -1.62020664653119E+01,  6.76900000000001E+01,  2.36204779369604E+02,  9.76864987118812E+02
 1.91141666700000E+03, -3.05541014186331E-01, -1.98093648050000E-01, -1.61633478417086E+01,  6.78700000000001E+01,  2.29712967769795E+02,  1.18233391333025E+03
 1.91150000000000E+03, -3.56885574192065E-01,  7.38960994000000E-02, -1.61247104917961E+01,  6.80500000000001E+01,  1.83485051381140E+02,  1.72272824544511E+03
 1.91158333300000E+03, -4.34494673604456E-01,  3.26877632950000E-01, -1.60861566066745E+01,  6.82300000000001E+01,  1.34129601165782E+02,  1.92435437377686E+03
 1.91166666700000E+03, -4.74835280354311E-01,  5.57200889750000E-01, -9.63799060808021E+00,  6.84100000000001E+01,  1.83236381547639E+02,  2.14518799278494E+03
 1.91175000000000E+03, -3.62335119437224E-01,  7.62947879250000E-01, -9.68847295523285E+00,  6.85900000000001E+01,  2.38245003396121E+02,  3.21387656963952E+03
 1.91183333300000E+03, -9.84849016184139E-02,  9.43796691750000E-01, -9.73905088722109E+00,  6.87700000000001E+01,  2.33414462324124E+02,  3.27840239255454E+03
 1.91191666700000E+03,  2.17145230782837E-01,  1.10079365625000E+00, -9.78972061967690E+00,  6.89500000000001E+01,  2.00934432588076E+02,  2.43036025445950E+03
 1.91200000000000E+03,  4.80937941589429E-01,  1.23605483500000E+00, -9.84047835631017E+00,  6.91300000000001E+01,  1.95925945816608E+02,  2.54640555130755E+03
 1.91208333300000E+03,  6.07364560141784E-01,  1.35242180250000E+00, -9.89132028929350E+00,  6.93100000000001E+01,  1.20897966154235E+02,  2.62513338301428E+03
 1.91216666700000E+03,  5.64942214910424E-01,  1.45309861500000E+00, -9.94224259964821E+00,  6.94900000000001E+01,  4.32165182769309E+01,  1.64578356187073E+03
 1.91225000000000E+03,  3.90753599286941E-01,  1.54129699750000E+00, -9.99324145763203E+00,  6.96700000000001E+01,  8.05470457466615E+01,  2.62890033821958E+03
 1.91233333300000E+03,  1.75897537141124E-01,  1.61991510500000E+00, -1.00443130231280E+01,  6.98500000000001E+01,  1.10105354457821E+02,  2.80906062562361E+03
 1.91241666700000E+03,  2.64503743168947E-02,  1.69127181250000E+00, -1.00954534460346E+01,  7.00300000000001E+01,  1.13699045274162E+02,  3.61778127621618E+03
 1.91250000000000E+03,  1.60555637916931E-02,  1.75691374250000E+00, -1.01466588666575E+01,  7.02100000000002E+01,  1.20356851733989E+02,  4.14661706593306E+03
 1.91258333300000E+03,  1.00296677067146E-01,  1.81750640500000E+00, -1.01979254161021E+01,  7.03900000000002E+01,  2.43351855214660E+02,  4.38911493396566E+03
 1.91266666700000E+03,  1.61407716876825E-01,  1.87281434750000E+00, -9.29434207661060E+00,  7.05700000000002E+01,  2.36324994231042E+02,  4.43668692565768E+03
 1.91275000000000E+03,  1.81011147645441E-01,  1.92176855250000E+00, -9.27250461526439E+00,  7.07500000000002E+01,  2.12747836595823E+02,  4.65641004381200E+03
 1.91283333300000E+03,  2.03015401446395E-01,  1.96261290500000E+00, -9.25056970699206E+00,  7.09300000000002E+01,  2.95075795344464E+02,  3.41659012026742E+03
 1.91291666700000E+03,  2.36491744156849E-01,  1.99311587500000E+00, -9.22853759454749E+00,  7.11100000000002E+01,  4.31519534427664E+02,  3.42142360321684E+03
 1.91300000000000E+03,  2.75635140670521E-01,  2.01082890250000E+00, -9.20640854880054E+00,  7.12900000000002E+01,  3.23487392633729E+02,  4.05614126728062E+03
 1.91308333300000E+03,  3.14872090832157E-01,  2.01336975000000E+00, -9.18418286876486E+00,  7.14700000000002E+01,  3.17662057524044E+02,  2.65117738276089E+03
 1.91316666700000E+03,  3.50133907801105E-01,  1.99870742000000E+00, -9.16186088162142E+00,  7.16500000000002E+01,  4.95584910873019E+02,  2.90529750773031E+03
 1.91325000000000E+03,  3.80033538528974E-01,  1.96542526000000E+00, -9.13944294273793E+00,  7.18300000000002E+01,  4.33191946196502E+02,  3.94605159209131E+03
 1.91333333300000E+03,  4.06565963175177E-01,  1.91294062250000E+00, -9.11692943568397E+00,  7.20100000000002E+01,  3.21479205309770E+02,  3.32613826156309E+03
 1.91341666700000E+03,  4.34108904652747E-01,  1.84166264500000E+00, -9.09432077224204E+00,  7.21900000000002E+01,  3.07768382683739E+02,  2.79020029007897E+03
 1.91350000000000E+03,  4.66156127854537E-01,  1.75307430500000E+00, -9.07161739241426E+00,  7.23700000000002E+01,  3.46269960803656E+02,  3.56045421718907E+03
 1.91358333300000E+03,  4.03860391675871E-01,  1.64973044750000E+00, -9.04881976442493E+00,  7.25500000000002E+01,  2.11373598387235E+02,  2.80088293372340E+03
 1.91366666700000E+03,  2.52790832061757E-01,  1.53516961000000E+00, -2.34766562798254E+01,  7.27300000000002E+01,  2.59283421714742E+02,  2.18491503998197E+03
 1.91375000000000E+03,  2.12728927338612E-01,  1.41374385500000E+00, -2.34525492344553E+01,  7.29100000000003E+01,  2.47312044277366E+02,  2.22176034865603E+03
 1.91383333300000E+03,  2.66908307601472E-01,  1.29037683500000E+00, -2.34283404766489E+01,  7.30900000000003E+01,  3.38725306157617E+02,  1.97344572630812E+03
 1.91391666700000E+03,  3.04204465776378E-01,  1.17026570500000E+00, -2.34040306821214E+01,  7.32700000000003E+01,  3.14024116077041E+02,  2.44260725927797E+03
 1.91400000000000E+03,  3.26153449650098E-01,  1.05854690125000E+00, -2.33796205605865E+01,  7.34500000000003E+01,  2.73308071110345E+02,  2.89709031022092E+03
 1.91408333300000E+03,  3.36002069511620E-01,  9.59948738500000E-01, -2.33551108557267E+01,  7.36300000000003E+01,  2.11144404010172E+02,  2.53966046083201E+03
 1.91416666700000E+03,  3.36530004913506E-01,  8.78455218000000E-01, -2.33305023451572E+01,  7.38100000000003E+01,  2.01180167338619E+02,  2.42434414925351E+03
 1.91425000000000E+03,  3.29380727804748E-01,  8.17005234250000E-01, -2.33057958403855E+01,  7.39900000000003E+01,  1.38171665023014E+02,  2.45424745677674E+03
 1.91433333300000E+03,  3.16259634820465E-01,  7.77249431000000E-01, -2.32809921867644E+01,  7.41700000000003E+01,  1.06829315346185E+02,  1.76390331220699E+03
 1.91441666700000E+03,  3.00368482338388E-01,  7.59383523750000E-01, -2.32560922634398E+01,  7.43500000000003E+01,  9.03520858161305E+01,  1.96296969832073E+03
 1.91450000000000E+03,  2.86135063256650E-01,  7.62072134250000E-01, -2.32310969832929E+01,  7.45300000000003E+01,  7.89622923119186E+01,  2.06602083295847E+03
 1.91458333300000E+03,  3.46885440572034E-01,  7.82471383750000E-01, -2.32060072928771E+01,  7.47100000000003E+01,  6.66613129527656E+01,  1.72584720687218E+03
 1.91466666700000E+03,  4.87166656787239E-01,  8.16352064000000E-01, -2.83039579177520E+01,  7.48900000000003E+01,  1.07060529186918E+02,  1.86457863624280E+03
 1.91475000000000E+03,  5.62917117138970E-01,  8.58318547750000E-01, -2.83510316296475E+01,  7.50700000000003E+01,  1.07454347490154E+02,  1.45136983013560E+03
 1.91483333300000E+03,  5.64243018289264E-01,  9.02112169250000E-01, -2.83978560919744E+01,  7.52500000000003E+01,  1.31942629616976E+02,  1.41544142488858E+03
 1.91491666700000E+03,  5.74632130134646E-01,  9.40982014500000E-01, -2.84444273941460E+01,  7.54300000000003E+01,  1.85614767728903E+02,  1.55748812983118E+03
 1.91500000000000E+03,  6.17397728701856E-01,  9.68101297750000E-01, -2.84907416509370E+01,  7.56100000000004E+01,  2.05224711192009E+02,  1.67351815857896E+03
 1.91508333300000E+03,  6.94232193129350E-01,  9.77004088000000E-01, -2.85367950029135E+01,  7.57900000000004E+01,  1.62555906453444E+02,  1.64526413297527E+03
 1.91516666700000E+03,  7.81189656686430E-01,  9.62015317500000E-01, -2.85825836168592E+01,  7.59700000000004E+01,  1.54864045853682E+02,  1.53558461462890E+03
 1.91525000000000E+03,  8.37448628816778E-01,  9.18646885250000E-01, -2.86281036861989E+01,  7.61500000000004E+01,  1.41744950788071E+02,  1.58588847606944E+03
 1.91533333300000E+03,  8.23511845108187E-01,  8.43934283750000E-01, -2.86733514314183E+01,  7.63300000000004E+01,  1.08196098171882E+02,  1.82439030065885E+03
 1.91541666700000E+03,  7.20281331903566E-01,  7.36691438500000E-01, -2.87183231004800E+01,  7.65100000000004E+01,  1.21894935313931E+02,  2.14097540390254E+03
 1.91550000000000E+03,  5.39839581413619E-01,  5.97666156500000E-01, -2.87630149692363E+01,  7.66900000000004E+01,  1.47639935976089E+02,  1.92461965034553E+03
 1.91558333300000E+03,  1.89077227692556E-01,  4.29584449250000E-01, -2.88074233418385E+01,  7.68700000000004E+01,  1.52345791024667E+02,  3.18700788190131E+03
 1.91566666700000E+03, -2.70178193904152E-01,  2.37078656575000E-01, -2.13748753950492E+01,  7.70500000000004E+01,  1.36257287167841E+02,  2.80409499088152E+03
 1.91575000000000E+03, -5.19041713862162E-01,  2.65013331500000E-02, -2.14277466136214E+01,  7.72300000000004E+01,  1.85499828777745E+02,  2.52269610606965E+03
 1.91583333300000E+03, -5.45159508355464E-01, -1.94366163425000E-01, -2.14805487982301E+01,  7.74100000000004E+01,  1.49297612800213E+02,  2.22122808062714E+03
 1.91591666700000E+03, -4.89819429777230E-01, -4.16694968250000E-01, -2.15332776066071E+01,  7.75900000000004E+01,  1.13535517730516E+02,  2.27906956228829E+03
 1.91600000000000E+03, -3.73688274318477E-01, -6.31058907500000E-01, -2.15859287016024E+01,  7.77700000000004E+01,  1.51713607523314E+02,  2.87489691859885E+03
 1.91608333300000E+03, -2.36582111307351E-01, -8.27928305750000E-01, -2.16384977516593E+01,  7.79500000000004E+01,  1.83737763266516E+02,  3.31799513534369E+03
 1.91616666700000E+03, -1.21485831012204E-01, -9.98179321250000E-01, -2.16909804312886E+01,  7.81300000000005E+01,  1.53546063712111E+02,  3.64044383681818E+03
 1.91625000000000E+03, -5.47130126594556E-02, -1.13358964000000E+00, -2.17433724215422E+01,  7.83100000000005E+01,  1.76508682263116E+02,  4.24518147672407E+03
 1.91633333300000E+03, -3.30185767306134E-02, -1.22729203750000E+00, -2.17956694104862E+01,  7.84900000000005E+01,  1.67171316922799E+02,  4.04477744957042E+03
 1.91641666700000E+03, -2.61741791265813E-02, -1.27415972000000E+00, -2.18478670936728E+01,  7.86700000000005E+01,  1.26190733528704E+02,  2.29157299066299E+03
 1.91650000000000E+03,  4.64749377389816E-03, -1.27110131750000E+00, -2.18999611746114E+01,  7.88500000000005E+01,  1.87816960465773E+02,  1.78761035518730E+03
 1.91658333300000E+03, -1.12532774077187E-01, -1.21724869250000E+00, -2.19519473652390E+01,  7.90300000000005E+01,  1.72576105696376E+02,  1.18367199861348E+03
 1.91666666700000E+03, -4.01290692580255E-01, -1.11402701225000E+00, -1.70581359868547E+01,  7.92100000000005E+01,  2.04748603507656E+02,  4.67532213847904E+02
 1.91675000000000E+03, -5.05592982730379E-01, -9.65103398000000E-01, -1.70306660419339E+01,  7.93900000000005E+01,  1.96002599172328E+02,  5.38024276369330E+02
 1.91683333300000E+03, -4.13584554416730E-01, -7.76217532500000E-01, -1.70031926766812E+01,  7.95700000000005E+01,  2.66866869560621E+02,  4.15971039355713E+02
 1.91691666700000E+03, -3.07605212430629E-01, -5.54904398250000E-01, -1.69757182665654E+01,  7.97500000000005E+01,  1.69622935475286E+02,  6.03032556390254E+02
 1.91700000000000E+03, -1.98065198177524E-01, -3.10125422525000E-01, -1.69482452083735E+01,  7.99300000000005E+01,  1.83728328784864E+02,  1.89280131866870E+03
 1.91708333300000E+03, -9.61208819310469E-02, -5.18294065500000E-02, -1.69207759199024E+01,  8.01100000000005E+01,  1.40577478386478E+02,  2.02691930406671E+03
 1.91716666700000E+03, -1.28576831141055E-02,  2.09531639475000E-01, -1.68933128396460E+01,  8.02900000000005E+01,  1.81955531324978E+02,  2.23743295636464E+03
 1.91725000000000E+03,  4.29990062077304E-02,  4.63504448000000E-01, -1.68658584264798E+01,  8.04700000000005E+01,  1.00727705614086E+02,  3.09099789627106E+03
 1.91733333300000E+03,  6.81345237727933E-02,  7.00126391500000E-01, -1.68384151593410E+01,  8.06500000000005E+01,  1.09084721775421E+02,  2.78121999186438E+03
 1.91741666700000E+03,  6.61862084791458E-02,  9.10380629250000E-01, -1.68109855369058E+01,  8.08300000000006E+01,  1.03486233582446E+02,  1.65222854770443E+03
 1.91750000000000E+03,  4.59610782241164E-02,  1.08659052825000E+00, -1.67835720772630E+01,  8.10100000000006E+01,  1.29673323751246E+02,  1.95542439538765E+03
 1.91758333300000E+03,  7.69301679611071E-02,  1.22273346750000E+00, -1.67561773175840E+01,  8.11900000000006E+01,  1.40973966678267E+02,  2.02684190601009E+03
 1.91766666700000E+03,  1.44088747752252E-01,  1.31465935750000E+00, -2.94972794437925E+01,  8.13700000000006E+01,  1.53280276493198E+02,  1.27249706008195E+03
 1.91775000000000E+03,  1.11681923805337E-01,  1.36020517000000E+00, -2.94787303772105E+01,  8.15500000000006E+01,  1.54463852467274E+02,  1.23797248279077E+03
 1.91783333300000E+03,  8.47003654945432E-03,  1.35920308000000E+00, -2.94600930406658E+01,  8.17300000000006E+01,  1.37574393787804E+02,  1.21431581098697E+03
 1.91791666700000E+03, -7.79081064486208E-02,  1.31338618000000E+00, -2.94413662451750E+01,  8.19100000000006E+01,  1.67224299643450E+02,  1.23196420667959E+03
 1.91800000000000E+03, -1.42604088665778E-01,  1.22620158250000E+00, -2.94225488301645E+01,  8.20900000000006E+01,  1.68474893921009E+02,  1.16773837542338E+03
 1.91808333300000E+03, -1.81715946504210E-01,  1.10254585500000E+00, -2.94036396637593E+01,  8.22700000000006E+01,  2.00631862721449E+02,  1.14008829572020E+03
 1.91816666700000E+03, -1.94199085343700E-01,  9.48441779500000E-01, -2.93846376430679E+01,  8.24500000000006E+01,  2.35971970714796E+02,  1.17558570455125E+03
 1.91825000000000E+03, -1.82075936083321E-01,  7.70678098500000E-01, -2.93655416944606E+01,  8.26300000000006E+01,  2.53765241330843E+02,  1.43995362976623E+03
 1.91833333300000E+03, -1.48656316867537E-01,  5.76435242250000E-01, -2.93463507738445E+01,  8.28100000000006E+01,  2.01990111230769E+02,  1.14111817712116E+03
 1.91841666700000E+03, -9.64800451053310E-02,  3.72919783750000E-01, -2.93270638669327E+01,  8.29900000000006E+01,  1.82334665158349E+02,  9.05020918511559E+02
 1.91850000000000E+03, -2.70028839526434E-02,  1.67028703875000E-01, -2.93076799895085E+01,  8.31700000000006E+01,  1.62377828593892E+02,  8.96808267636681E+02
 1.91858333300000E+03, -4.85175096799706E-02, -3.49383690000000E-02, -2.92881981876845E+01,  8.33500000000006E+01,  1.49864065418454E+02,  1.04473560969246E+03
 1.91866666700000E+03, -1.81677295356186E-01, -2.27504804125000E-01, -2.70413248319995E+01,  8.35300000000007E+01,  1.26483984569302E+02,  9.66642410892405E+02
 1.91875000000000E+03, -2.37483442610093E-01, -4.06171120500000E-01, -2.70184312524324E+01,  8.37100000000007E+01,  1.66906003461159E+02,  1.03447148861952E+03
 1.91883333300000E+03, -2.07569034392976E-01, -5.67493479750000E-01, -2.69956935332137E+01,  8.38900000000007E+01,  1.82879262559686E+02,  1.04554891316142E+03
 1.91891666700000E+03, -1.86674089845158E-01, -7.09087631000000E-01, -2.69731104091155E+01,  8.40700000000007E+01,  2.08608874654930E+02,  1.05924696594691E+03
 1.91900000000000E+03, -1.75668649019289E-01, -8.29564410250000E-01, -2.69506805891583E+01,  8.42500000000007E+01,  1.81484968723174E+02,  9.75236792939222E+02
 1.91908333300000E+03, -1.73598974808886E-01, -9.28407283000000E-01, -2.69284027569405E+01,  8.44300000000007E+01,  1.97222524519789E+02,  1.50219201010661E+03
 1.91916666700000E+03, -1.79571098046293E-01, -1.00580591775000E+00, -2.69062755709715E+01,  8.46100000000007E+01,  1.39180277405538E+02,  1.37993699020326E+03
 1.91925000000000E+03, -1.93130459227492E-01, -1.06246214500000E+00, -2.68842976650085E+01,  8.47900000000007E+01,  1.12814097093188E+02,  1.41815507552396E+03
 1.91933333300000E+03, -2.12817372665308E-01, -1.09938582000000E+00, -2.68624676483968E+01,  8.49700000000007E+01,  1.82326991269370E+02,  1.88863063604920E+03
 1.91941666700000E+03, -2.34571377520804E-01, -1.11769794750000E+00, -2.68407841064142E+01,  8.51500000000007E+01,  1.86269424224370E+02,  2.70978692404253E+03
 1.91950000000000E+03, -2.51964994802688E-01, -1.11845701000000E+00, -2.68192456006181E+01,  8.53300000000007E+01,  2.03237946684004E+02,  2.31200008361344E+03
 1.91958333300000E+03, -2.21890829741131E-01, -1.10252196500000E+00, -2.67978506691968E+01,  8.55100000000007E+01,  3.45267053215945E+02,  2.38902392008341E+03
 1.91966666700000E+03, -1.60103349869418E-01, -1.07046189500000E+00, -2.78967429400417E+01,  8.56900000000007E+01,  3.33535572992826E+02,  2.31657523275135E+03
 1.91975000000000E+03, -1.55306697211660E-01, -1.02251819425000E+00, -2.79457635139914E+01,  8.58700000000007E+01,  2.20560787530881E+02,  2.07343397107977E+03
 1.91983333300000E+03, -1.74928405571638E-01, -9.58620765000000E-01, -2.79945688380591E+01,  8.60500000000008E+01,  2.44560834109401E+02,  1.14035757983942E+03
 1.91991666700000E+03, -1.43298344154189E-01, -8.78455196000000E-01, -2.80431548049369E+01,  8.62300000000008E+01,  1.99179867357568E+02,  1.43102455766607E+03
 1.92000000000000E+03, -5.08213298179245E-02, -7.81573701000000E-01, -2.80915173289206E+01,  8.64100000000008E+01,  9.69729361918070E+01,  1.51175436853616E+03
 1.92008333300000E+03,  9.04187299651741E-02, -6.67539044250000E-01, -2.81396523463661E+01,  8.65900000000008E+01,  8.70635318213041E+01,  1.72303553466906E+03
 1.92016666700000E+03,  2.48348289575875E-01, -5.36087952000000E-01, -2.81875558161417E+01,  8.67700000000008E+01,  1.01154384262397E+02,  1.92934870315576E+03
 1.92025000000000E+03,  3.83674668631281E-01, -3.87298809250000E-01, -2.82352237200781E+01,  8.69500000000008E+01,  9.42511020770383E+01,  2.01354962759284E+03
 1.92033333300000E+03,  4.67722332479591E-01, -2.21747935625000E-01, -2.82826520634152E+01,  8.71300000000008E+01,  1.26698269627389E+02,  2.19517204872009E+03
 1.92041666700000E+03,  4.95826447416977E-01, -4.06394135000000E-02, -2.83298368752465E+01,  8.73100000000008E+01,  1.01441756298915E+02,  2.57410800061955E+03
 1.92050000000000E+03,  4.88759487991839E-01,  1.54104733375000E-01, -2.83767742089595E+01,  8.74900000000008E+01,  1.45018740929670E+02,  2.47442552759138E+03
 1.92058333300000E+03,  4.35677224980072E-01,  3.59804368000000E-01, -2.84234601426735E+01,  8.76700000000008E+01,  2.00919600166285E+02,  2.02539618909985E+03
 1.92066666700000E+03,  3.67652195873168E-01,  5.73037773250000E-01, -1.96336054633280E+01,  8.78500000000008E+01,  2.25833161118493E+02,  2.41739264163753E+03
 1.92075000000000E+03,  3.78334435687292E-01,  7.89717378000000E-01, -1.96178719518050E+01,  8.80300000000008E+01,  2.07758208368648E+02,  1.87521921213584E+03
 1.92083333300000E+03,  4.43941589371584E-01,  1.00522269325000E+00, -1.96024117607793E+01,  8.82100000000008E+01,  1.96465778781048E+02,  1.24973472789242E+03
 1.92091666700000E+03,  5.04540355659914E-01,  1.21458408250000E+00, -1.95872277063022E+01,  8.83900000000008E+01,  1.75250038805403E+02,  1.34432446844588E+03
 1.92100000000000E+03,  5.59390186546923E-01,  1.41270697500000E+00, -1.95723225865243E+01,  8.85700000000008E+01,  1.25748358641246E+02,  1.33026007005621E+03
 1.92108333300000E+03,  6.06829663789663E-01,  1.59462275500000E+00, -1.95576991812507E+01,  8.87500000000009E+01,  1.51962758490117E+02,  1.16639268974436E+03
 1.92116666700000E+03,  6.42810413467251E-01,  1.75575016250000E+00, -1.95433602514966E+01,  8.89300000000009E+01,  1.87571741929999E+02,  1.01618731186666E+03
 1.92125000000000E+03,  6.61816869689761E-01,  1.89214970500000E+00, -1.95293085390462E+01,  8.91100000000009E+01,  2.04834283851567E+02,  1.22859459278729E+03
 1.92133333300000E+03,  6.59941657884958E-01,  2.00075340500000E+00, -1.95155467660129E+01,  8.92900000000009E+01,  2.01719169975000E+02,  1.61183754599454E+03
 1.92141666700000E+03,  6.37764638951628E-01,  2.07955339250000E+00, -1.95020776344017E+01,  8.94700000000009E+01,  2.35063607921911E+02,  2.86673085857780E+03
 1.92150000000000E+03,  6.00563755983739E-01,  2.12773509500000E+00, -1.94889038256740E+01,  8.96500000000009E+01,  1.71163109628492E+02,  3.03947423455085E+03
 1.92158333300000E+03,  4.23828868313058E-01,  2.14574406250000E+00, -1.94760280003144E+01,  8.98300000000009E+01,  1.78765414190623E+02,  3.86008297138792E+03
 1.92166666700000E+03,  1.22964692600050E-01,  2.13527968250000E+00, -2.40973235926171E+01,  9.00100000000009E+01,  1.62513469743149E+02,  3.76097351866048E+03
 1.92175000000000E+03, -2.59971055177984E-02,  2.09921365750000E+00, -2.40915187437168E+01,  9.01900000000009E+01,  1.73118541271288E+02,  4.00804596770479E+03
 1.92183333300000E+03, -3.21821638454986E-02,  2.04143607250000E+00, -2.40860771076902E+01,  9.03700000000009E+01,  1.52062811264209E+02,  3.55907146003912E+03
 1.92191666700000E+03, -3.74167996060370E-02,  1.96663676000000E+00, -2.40810008154420E+01,  9.05500000000009E+01,  1.45282844160666E+02,  3.06967947233324E+03
 1.92200000000000E+03, -4.14146188417917E-02,  1.88003403000000E+00, -2.40762919650529E+01,  9.07300000000009E+01,  1.02349411485548E+02,  2.38767151802202E+03
 1.92208333300000E+03, -4.36093707343363E-02,  1.78706657750000E+00, -2.40719526213975E+01,  9.09100000000009E+01,  1.23230001323369E+02,  3.21273730357348E+03
 1.92216666700000E+03, -4.48943790337767E-02,  1.69306713000000E+00, -2.40679848157663E+01,  9.10900000000009E+01,  1.71055083980594E+02,  2.37448120707855E+03
 1.92225000000000E+03, -4.77238284673314E-02,  1.60293793500000E+00, -2.40643905454919E+01,  9.12700000000009E+01,  1.51951061601412E+02,  1.56217675013103E+03
 1.92233333300000E+03, -5.42946912662644E-02,  1.52084845500000E+00, -2.40611717735796E+01,  9.14500000000010E+01,  1.78896207013045E+02,  2.01466150463263E+03
 1.92241666700000E+03, -6.45271724806066E-02,  1.44997462250000E+00, -2.40583304283425E+01,  9.16300000000010E+01,  1.69322555175385E+02,  2.09823339178230E+03
 1.92250000000000E+03, -7.58697518148508E-02,  1.39229670250000E+00, -2.40558684030405E+01,  9.18100000000010E+01,  1.47731924122184E+02,  1.16652316248207E+03
 1.92258333300000E+03, -5.52454545349792E-02,  1.34846932250000E+00, -2.40537875555241E+01,  9.19900000000010E+01,  1.08340311142689E+02,  1.41066688215397E+03
 1.92266666700000E+03,  1.85014755810788E-02,  1.31777289500000E+00, -2.99832894194171E+01,  9.21700000000010E+01,  1.12791206279093E+02,  2.05944249457891E+03
 1.92275000000000E+03,  8.16488554070516E-02,  1.29815065750000E+00, -3.00383078519356E+01,  9.23500000000010E+01,  9.10456587146873E+01,  1.61852975857756E+03
 1.92283333300000E+03,  5.76728972513623E-02,  1.28633020500000E+00, -3.00933422058431E+01,  9.25300000000010E+01,  1.20723375474491E+02,  1.14271200597096E+03
 1.92291666700000E+03, -7.59892257659200E-02,  1.27802309000000E+00, -3.01483877124977E+01,  9.27100000000010E+01,  1.70367174227608E+02,  1.55882342201383E+03
 1.92300000000000E+03, -2.84189956243863E-01,  1.26819110500000E+00, -3.02034395986575E+01,  9.28900000000010E+01,  1.56269285736208E+02,  1.40455348956766E+03
 1.92308333300000E+03, -4.82645297380141E-01,  1.25136357500000E+00, -3.02584930870353E+01,  9.30700000000010E+01,  1.72302214732092E+02,  1.74023475229596E+03
 1.92316666700000E+03, -5.83359427741967E-01,  1.22198666750000E+00, -3.03135433968531E+01,  9.32500000000010E+01,  1.62752505864555E+02,  3.02707126243408E+03
 1.92325000000000E+03, -5.38398435413749E-01,  1.17478361500000E+00, -3.03685857443984E+01,  9.34300000000010E+01,  1.85040199727454E+02,  4.54993043014839E+03
 1.92333333300000E+03, -3.59447659874226E-01,  1.10510390500000E+00, -3.04236153435800E+01,  9.36100000000010E+01,  1.39162255716950E+02,  4.62972799837151E+03
 1.92341666700000E+03, -1.06557207724909E-01,  1.00924003775000E+00, -3.04786274064841E+01,  9.37900000000010E+01,  1.47866419754913E+02,  4.67035912871191E+03
 1.92350000000000E+03,  1.43273411572982E-01,  8.84692368250000E-01, -3.05336171439321E+01,  9.39700000000011E+01,  1.07974798906775E+02,  4.00066659329698E+03
 1.92358333300000E+03,  1.52023600371311E-01,  7.30365678500000E-01, -3.05885797660371E+01,  9.41500000000011E+01,  1.41539574600793E+02,  3.09836516105504E+03
 1.92366666700000E+03, -1.08733275266640E-01,  5.46685297750000E-01, -2.61048548020019E+01,  9.43300000000011E+01,  8.86306203862908E+01,  2.05836072751886E+03
 1.92375000000000E+03, -2.66609324540004E-01,  3.35625491500000E-01, -2.60770263375560E+01,  9.45100000000011E+01,  9.91076268759923E+01,  1.52568691949638E+03
 1.92383333300000E+03, -2.75467480527649E-01,  1.00648237750000E-01, -2.60492532699527E+01,  9.46900000000011E+01,  1.16531412160082E+02,  1.35044353981698E+03
 1.92391666700000E+03, -2.89503342217368E-01, -1.53443988000000E-01, -2.60215386276822E+01,  9.48700000000011E+01,  1.19174865335599E+02,  1.60266150778734E+03
 1.92400000000000E+03, -3.04103455646449E-01, -4.20732555000000E-01, -2.59938854549619E+01,  9.50500000000011E+01,  8.82587010322071E+01,  1.49353703734055E+03
 1.92408333300000E+03, -3.10600488904521E-01, -6.94470591250000E-01, -2.59662968112970E+01,  9.52300000000011E+01,  1.40231053216984E+02,  2.35530662659446E+03
 1.92416666700000E+03, -3.02097999967634E-01, -9.67417097250000E-01, -2.59387757710383E+01,  9.54100000000011E+01,  1.52895813914536E+02,  2.44106870966180E+03
 1.92425000000000E+03, -2.77530551176960E-01, -1.23219717200000E+00, -2.59113254229367E+01,  9.55900000000011E+01,  1.11557106751731E+02,  2.48257447498991E+03
 1.92433333300000E+03, -2.41751429472699E-01, -1.48166683750000E+00, -2.58839488696956E+01,  9.57700000000011E+01,  1.14547900670305E+02,  2.50392200664032E+03
 1.92441666700000E+03, -2.02630783167951E-01, -1.70926087250000E+00, -2.58566492275187E+01,  9.59500000000011E+01,  1.26428926741233E+02,  2.76294268260832E+03
 1.92450000000000E+03, -1.67901042106435E-01, -1.90930333000000E+00, -2.58294296256568E+01,  9.61300000000011E+01,  1.03432869192258E+02,  2.22597783950389E+03
 1.92458333300000E+03, -1.21933354932605E-01, -2.07726298000000E+00, -2.58022932059508E+01,  9.63100000000011E+01,  1.26886931937284E+02,  2.43787757318998E+03
 1.92466666700000E+03, -5.80017771253815E-02, -2.20993956500000E+00, -2.48822781313182E+01,  9.64900000000011E+01,  1.18702456150248E+02,  2.63506775370551E+03
 1.92475000000000E+03, -1.17319955431692E-02, -2.30557124500000E+00, -2.48607451042081E+01,  9.66700000000012E+01,  1.15294961063430E+02,  2.22080286849318E+03
 1.92483333300000E+03,  2.57218719834630E-03, -2.36385865500000E+00, -2.48394230919050E+01,  9.68500000000012E+01,  1.01847588856118E+02,  1.90898970206154E+03
 1.92491666700000E+03, -6.89356762316362E-03, -2.38590627000000E+00, -2.48183153407399E+01,  9.70300000000012E+01,  7.36623461446253E+01,  1.10572026930544E+03
 1.92500000000000E+03, -3.97266968516248E-02, -2.37408698500000E+00, -2.47974250892993E+01,  9.72100000000012E+01,  2.64529000034254E+01,  9.34664330891742E+02
 1.92508333300000E+03, -9.30794797610672E-02, -2.33184048250000E+00, -2.47767555679170E+01,  9.73900000000012E+01,  1.22252276275928E+02,  6.79498727270619E+02
 1.92516666700000E+03, -1.63695134018177E-01, -2.26341993000000E+00, -2.47563099981658E+01,  9.75700000000012E+01,  1.49110424817666E+02,  1.45811858542963E+03
 1.92525000000000E+03, -2.48442784931308E-01, -2.17360455250000E+00, -2.47360915923505E+01,  9.77500000000012E+01,  1.49746009247141E+02,  1.39080033569290E+03
 1.92533333300000E+03, -3.43015125125918E-01, -2.06739737000000E+00, -2.47161035530006E+01,  9.79300000000012E+01,  1.45576921633673E+02,  1.67975737603973E+03
 1.92541666700000E+03, -4.40451212179731E-01, -1.94972789250000E+00, -2.46963490723645E+01,  9.81100000000012E+01,  1.62569563485070E+02,  1.65203139690786E+03
 1.92550000000000E+03, -5.31460585754274E-01, -1.82517874750000E+00, -2.46768313319038E+01,  9.82900000000012E+01,  8.48830829164486E+01,  2.98381347062353E+03
 1.92558333300000E+03, -4.01658227632001E-01, -1.69775318000000E+00, -2.46575535017884E+01,  9.84700000000012E+01,  7.57237843027510E+01,  1.99367792070732E+03
 1.92566666700000E+03, -5.88580211431465E-02, -1.57069720500000E+00, -2.76891195657829E+01,  9.86500000000012E+01,  6.97819859769235E+01,  1.81788210215067E+03
 1.92575000000000E+03,  7.63058025952188E-02, -1.44638618250000E+00, -2.77390556844661E+01,  9.88300000000012E+01,  1.49142009506174E+02,  1.77000331758388E+03
 1.92583333300000E+03,  1.40206842660004E-02, -1.32628099250000E+00, -2.77892015539449E+01,  9.90100000000012E+01,  1.48242495042623E+02,  2.57917487423623E+03
 1.92591666700000E+03, -4.24512719024366E-02, -1.21095407250000E+00, -2.78395531114786E+01,  9.91900000000012E+01,  1.79668376865397E+02,  1.38089778792871E+03
 1.92600000000000E+03, -1.04463635002093E-01, -1.10018076575000E+00, -2.78901062674740E+01,  9.93700000000013E+01,  1.81815551170858E+02,  1.36959861134205E+03
 1.92608333300000E+03, -1.63236585518738E-01, -9.93086998000000E-01, -2.79408569059420E+01,  9.95500000000013E+01,  2.41774177049961E+02,  1.40564544975758E+03
 1.92616666700000E+03, -1.94150740000018E-01, -8.88340471000000E-01, -2.79918008849573E+01,  9.97300000000013E+01,  1.61651982128977E+02,  1.29732799662642E+03
 1.92625000000000E+03, -1.71388728840373E-01, -7.84369709500000E-01, -2.80429340371222E+01,  9.99100000000013E+01,  1.56233478123270E+02,  4.71245124770855E+02
 1.92633333300000E+03, -8.44992047351596E-02, -6.79593593000000E-01, -2.80942521700335E+01,  1.00090000000001E+02,  1.37298833448280E+02,  8.44273628091164E+02
 1.92641666700000E+03,  5.22862221185884E-02, -5.72643462750000E-01, -2.81457510667539E+01,  1.00270000000001E+02,  1.80239854290760E+02,  1.14822953161031E+03
 1.92650000000000E+03,  2.03492684602213E-01, -4.62560631250000E-01, -2.81974264862854E+01,  1.00450000000001E+02,  1.22855517216572E+02,  1.40647096171868E+03
 1.92658333300000E+03,  3.07544152803747E-01, -3.48954068500000E-01, -2.82492741640475E+01,  1.00630000000001E+02,  1.56126638034018E+02,  1.89155170415955E+03
 1.92666666700000E+03,  3.18003928771208E-01, -2.32106044500000E-01, -2.64279739527640E+01,  1.00810000000001E+02,  1.59648926219171E+02,  1.94125664032417E+03
 1.92675000000000E+03,  2.61510231911574E-01, -1.13017360370000E-01, -2.63997204573865E+01,  1.00990000000001E+02,  1.37368457680202E+02,  1.60548508803825E+03
 1.92683333300000E+03,  1.84176390730450E-01,  6.61175576000000E-03, -2.63714887928205E+01,  1.01170000000001E+02,  1.13708997356271E+02,  2.18047157899832E+03
 1.92691666700000E+03,  1.01701545593806E-01,  1.24464281880000E-01, -2.63432817761630E+01,  1.01350000000001E+02,  1.41273034643738E+02,  2.31158777353098E+03
 1.92700000000000E+03,  2.04948898141181E-02,  2.37747075250000E-01, -2.63151022450453E+01,  1.01530000000001E+02,  1.28409600411137E+02,  2.56385569759093E+03
 1.92708333300000E+03, -5.26976501280903E-02,  3.43379778750000E-01, -2.62869530572334E+01,  1.01710000000001E+02,  1.33960857272295E+02,  2.48691817071717E+03
 1.92716666700000E+03, -1.13164996807756E-01,  4.38218499500000E-01, -2.62588370902259E+01,  1.01890000000001E+02,  1.45276408251203E+02,  2.67295107131717E+03
 1.92725000000000E+03, -1.59572019190150E-01,  5.19298065000000E-01, -2.62307572408474E+01,  1.02070000000001E+02,  1.14229081953352E+02,  1.91678506836015E+03
 1.92733333300000E+03, -1.93355174461231E-01,  5.84075038750000E-01, -2.62027164248384E+01,  1.02250000000001E+02,  9.56283832919123E+01,  1.68286325560320E+03
 1.92741666700000E+03, -2.17089395505463E-01,  6.30653283750000E-01, -2.61747175764414E+01,  1.02430000000001E+02,  1.36488471118399E+02,  1.17181149499692E+03
 1.92750000000000E+03, -2.33364182082998E-01,  6.57974739000000E-01, -2.61467636479839E+01,  1.02610000000001E+02,  1.12366305327868E+02,  1.31409343835164E+03
 1.92758333300000E+03,  1.02656678612384E-02,  6.65960162250000E-01, -2.61188576094570E+01,  1.02790000000001E+02,  2.34118846705445E+02,  1.54698688436828E+03
 1.92766666700000E+03,  5.15014894666600E-01,  6.55587768000000E-01, -3.70859122451991E+01,  1.02970000000001E+02,  2.46836477197613E+02,  1.66740230889598E+03
 1.92775000000000E+03,  7.45653457352549E-01,  6.28901751000000E-01, -3.71382313441958E+01,  1.03150000000001E+02,  3.11335082746848E+02,  3.38897618456342E+03
 1.92783333300000E+03,  6.58946805908227E-01,  5.88947355500000E-01, -3.71903615318501E+01,  1.03330000000001E+02,  3.03371551083377E+02,  3.14355911359518E+03
 1.92791666700000E+03,  5.24828935801572E-01,  5.39634127250000E-01, -3.72422981211935E+01,  1.03510000000001E+02,  3.94154244905701E+02,  3.35092575746332E+03
 1.92800000000000E+03,  3.95998195389850E-01,  4.85533943250000E-01, -3.72940364449452E+01,  1.03690000000001E+02,  2.85551590498763E+02,  4.18317726876664E+03
 1.92808333300000E+03,  3.00363212209454E-01,  4.31625011000000E-01, -3.73455718560680E+01,  1.03870000000001E+02,  2.86178722571587E+02,  4.89515334362537E+03
 1.92816666700000E+03,  2.33994196156436E-01,  3.82996955750000E-01, -3.73968997283226E+01,  1.04050000000001E+02,  2.21524865959476E+02,  3.35071292296569E+03
 1.92825000000000E+03,  1.72587015347617E-01,  3.44535110750000E-01, -3.74480154568179E+01,  1.04230000000001E+02,  1.79612325238901E+02,  3.30121548668276E+03
 1.92833333300000E+03,  9.32822499727772E-02,  3.20603970500000E-01, -3.74989144585594E+01,  1.04410000000001E+02,  1.28759209910977E+02,  3.70786201299225E+03
 1.92841666700000E+03, -6.85834005607354E-03,  3.14750331500000E-01, -3.75495921729937E+01,  1.04590000000001E+02,  2.53080798732574E+02,  3.07856995099509E+03
 1.92850000000000E+03, -1.06652092286954E-01,  3.29445874750000E-01, -3.76000440625510E+01,  1.04770000000001E+02,  3.71524642522957E+02,  2.84876856639782E+03
 1.92858333300000E+03,  5.00803390940067E-02,  3.65886872750000E-01, -3.76502656131836E+01,  1.04950000000001E+02,  3.59655969884945E+02,  2.70239529741939E+03
 1.92866666700000E+03,  5.01875693518060E-01,  4.23865456000000E-01, -3.48752756881156E+01,  1.05130000000001E+02,  4.02036480550270E+02,  3.51859240230398E+03
 1.92875000000000E+03,  7.58679851659471E-01,  5.01722634500000E-01, -3.49311491100604E+01,  1.05310000000001E+02,  4.00223456922609E+02,  3.20619989021406E+03
 1.92883333300000E+03,  6.91057759881984E-01,  5.96388314500000E-01, -3.49870322656455E+01,  1.05490000000001E+02,  3.07237004811752E+02,  3.80450544103104E+03
 1.92891666700000E+03,  5.01585909723323E-01,  7.03508187250000E-01, -3.50429201595583E+01,  1.05670000000001E+02,  1.96647437021062E+02,  3.28766384498121E+03
 1.92900000000000E+03,  2.87076634656784E-01,  8.17651928500000E-01, -3.50988077924042E+01,  1.05850000000002E+02,  2.70315524080355E+02,  3.44266445376846E+03
 1.92908333300000E+03,  1.36097726183203E-01,  9.32591988250000E-01, -3.51546901613052E+01,  1.06030000000002E+02,  3.20894581512424E+02,  2.69930515531390E+03
 1.92916666700000E+03,  8.68355116602519E-02,  1.04163769975000E+00, -3.52105622604998E+01,  1.06210000000002E+02,  4.40720329162153E+02,  2.44883694941828E+03
 1.92925000000000E+03,  1.17324295066415E-01,  1.13800577500000E+00, -3.52664190819420E+01,  1.06390000000002E+02,  3.73215700021885E+02,  1.10087532323423E+03
 1.92933333300000E+03,  1.68979191591656E-01,  1.21520575750000E+00, -3.53222556159020E+01,  1.06570000000002E+02,  3.64169803036348E+02,  1.65043230779343E+03
 1.92941666700000E+03,  1.85248173030990E-01,  1.26741779250000E+00, -3.53780668515666E+01,  1.06750000000002E+02,  3.16052367475240E+02,  1.22422219888914E+03
 1.92950000000000E+03,  1.41155246715796E-01,  1.28984023250000E+00, -3.54338477776398E+01,  1.06930000000002E+02,  2.18931671669199E+02,  1.40763790101173E+03
 1.92958333300000E+03,  9.57188601593505E-02,  1.27898619750000E+00, -3.54895933829445E+01,  1.07110000000002E+02,  8.16251493300933E+01,  1.21739241724514E+03
 1.92966666700000E+03,  2.03170259743470E-01,  1.23291106000000E+00, -2.94777573035097E+01,  1.07290000000002E+02,  8.58588871954186E+01,  1.89402273536071E+03
 1.92975000000000E+03,  4.94906913480225E-01,  1.15135678500000E+00, -2.95324055486710E+01,  1.07470000000002E+02,  1.03747232996567E+02,  1.40136380631826E+03
 1.92983333300000E+03,  7.79601764280202E-01,  1.03580394525000E+00, -2.95871133552034E+01,  1.07650000000002E+02,  1.70331476206873E+02,  1.43326079724476E+03
 1.92991666700000E+03,  8.87379923665937E-01,  8.89427657750000E-01, -2.96418760228105E+01,  1.07830000000002E+02,  2.31326038698231E+02,  1.16803567609254E+03
 1.93000000000000E+03,  7.87516339117879E-01,  7.16959341000000E-01, -2.96966888415303E+01,  1.08010000000002E+02,  3.50000999827659E+02,  1.77183433483221E+03
 1.93008333300000E+03,  5.40225512408079E-01,  5.24461784250000E-01, -2.97515470922806E+01,  1.08190000000002E+02,  3.61959650581899E+02,  1.96934703772822E+03
 1.93016666700000E+03,  2.60248886581525E-01,  3.19030124750000E-01, -2.98064460474043E+01,  1.08370000000002E+02,  4.42739903260112E+02,  1.82778932995947E+03
 1.93025000000000E+03,  5.64908575314436E-02,  1.08435659500000E-01, -2.98613809712174E+01,  1.08550000000002E+02,  4.80372156830651E+02,  2.04246555294439E+03
 1.93033333300000E+03, -2.00597164478832E-02, -9.92672632500000E-02, -2.99163471205573E+01,  1.08730000000002E+02,  4.43535277049375E+02,  2.34859996232534E+03
 1.93041666700000E+03,  5.45087257801143E-03, -2.96148958500000E-01, -2.99713397453325E+01,  1.08910000000002E+02,  3.11771803024205E+02,  1.75624082999197E+03
 1.93050000000000E+03,  5.37874936096191E-02, -4.74803688000000E-01, -3.00263540890735E+01,  1.09090000000002E+02,  3.59915990954254E+02,  8.65790972229000E+02
 1.93058333300000E+03, -4.24291869648768E-02, -6.28718148750000E-01, -3.00813853894846E+01,  1.09270000000002E+02,  2.77622445629600E+02,  1.44261569850233E+03
 1.93066666700000E+03, -2.62925253144158E-01, -7.52588814000000E-01, -2.55982720598178E+01,  1.09450000000002E+02,  1.69841070199010E+02,  1.44879697048722E+03
 1.93075000000000E+03, -3.49637289542448E-01, -8.42570988500000E-01, -2.55719859002690E+01,  1.09630000000002E+02,  2.87738751411604E+02,  1.27785310505849E+03
 1.93083333300000E+03, -3.02040408863465E-01, -8.96446653000000E-01, -2.55458137363832E+01,  1.09810000000002E+02,  4.07716398759192E+02,  1.35374182985404E+03
 1.93091666700000E+03, -2.40672512737276E-01, -9.13703110000000E-01, -2.55197588149474E+01,  1.09990000000002E+02,  3.71277589971817E+02,  1.60576693523006E+03
 1.93100000000000E+03, -1.67789784354667E-01, -8.95519793500000E-01, -2.54938243898445E+01,  1.10170000000002E+02,  3.44881973198442E+02,  9.25998564398623E+02
 1.93108333300000E+03, -8.12048974309611E-02, -8.44666031500000E-01, -2.54680137215671E+01,  1.10350000000002E+02,  3.37743562407697E+02,  1.09326805366225E+03
 1.93116666700000E+03,  2.15302423912986E-02, -7.65317717000000E-01, -2.54423300767295E+01,  1.10530000000002E+02,  1.91202559958344E+02,  1.08477566985638E+03
 1.93125000000000E+03,  1.38680770698065E-01, -6.62805435500000E-01, -2.54167767275791E+01,  1.10710000000002E+02,  7.94003644304902E+01,  1.04790542350375E+03
 1.93133333300000E+03,  2.62461128325412E-01, -5.43310329750000E-01, -2.53913569515041E+01,  1.10890000000002E+02,  9.11358384903478E+01,  1.16609887172310E+03
 1.93141666700000E+03,  3.80266457885735E-01, -4.13526646250000E-01, -2.53660740305419E+01,  1.11070000000002E+02,  1.21269611290389E+02,  1.90114459259000E+03
 1.93150000000000E+03,  4.77678128599938E-01, -2.80311356250000E-01, -2.53409312508837E+01,  1.11250000000002E+02,  1.28959063389968E+02,  1.63904266830093E+03
 1.93158333300000E+03,  5.26697751292973E-01, -1.50341392525000E-01, -2.53159319023797E+01,  1.11430000000002E+02,  1.72825131243366E+02,  1.60048395428254E+03
 1.93166666700000E+03,  5.65120194522256E-01, -2.97979190500000E-02, -3.92221839132166E+01,  1.11610000000002E+02,  2.38503534340863E+02,  3.09161899266602E+03
 1.93175000000000E+03,  6.49001379464679E-01,  7.59052442250000E-02, -3.92614202676669E+01,  1.11790000000002E+02,  3.28773010589330E+02,  3.64577806607371E+03
 1.93183333300000E+03,  6.99091740938542E-01,  1.62335229500000E-01, -3.93002810247916E+01,  1.11970000000002E+02,  3.22727407508683E+02,  4.16763569864257E+03
 1.93191666700000E+03,  6.48370299484067E-01,  2.26186041250000E-01, -3.93387629175638E+01,  1.12150000000002E+02,  3.08163944197935E+02,  4.19497995435338E+03
 1.93200000000000E+03,  5.25954432745535E-01,  2.65351649250000E-01, -3.93768627202408E+01,  1.12330000000002E+02,  2.84501403620029E+02,  4.12891894851063E+03
 1.93208333300000E+03,  3.73443438227825E-01,  2.78925890750000E-01, -3.94145772487232E+01,  1.12510000000002E+02,  2.42194674722651E+02,  3.12643755117650E+03
 1.93216666700000E+03,  2.31568837925281E-01,  2.67133480250000E-01, -3.94519033609089E+01,  1.12690000000002E+02,  2.39158193373952E+02,  2.49919257053680E+03
 1.93225000000000E+03,  1.29787048704505E-01,  2.31200658500000E-01, -3.94888379570407E+01,  1.12870000000002E+02,  2.13686035232836E+02,  1.35247636090096E+03
 1.93233333300000E+03,  8.15002048611767E-02,  1.73177554600000E-01, -3.95253779800490E+01,  1.13050000000002E+02,  2.08570323994461E+02,  2.58709066364151E+03
 1.93241666700000E+03,  8.43134772781137E-02,  9.57269778150000E-02, -3.95615204158878E+01,  1.13230000000002E+02,  1.93874469603172E+02,  2.81029377076890E+03
 1.93250000000000E+03,  1.23067708676625E-01,  1.89593583000000E-03, -3.95972622938655E+01,  1.13410000000002E+02,  1.73367383740158E+02,  2.24461879661308E+03
 1.93258333300000E+03,  1.63915728308383E-01, -1.05113391385000E-01, -3.96326006869688E+01,  1.13590000000002E+02,  7.68842901338165E+01,  2.21134942239012E+03
 1.93266666700000E+03,  1.56433400747811E-01, -2.22157204000000E-01, -3.94711552071355E+01,  1.13770000000002E+02,  8.75613512408823E+01,  2.69165392593350E+03
 1.93275000000000E+03,  1.19695021661643E-01, -3.46333926250000E-01, -3.95277740048304E+01,  1.13950000000002E+02,  8.56995687573946E+01,  1.28786342954612E+03
 1.93283333300000E+03,  1.35360161965955E-01, -4.75126822500000E-01, -3.95844231825343E+01,  1.14130000000002E+02,  1.20574839803793E+02,  1.67943931872241E+03
 1.93291666700000E+03,  1.91070468592599E-01, -6.06497310250000E-01, -3.96410975407583E+01,  1.14310000000002E+02,  1.96955026269504E+02,  1.80978492996632E+03
 1.93300000000000E+03,  1.91055343316416E-01, -7.38924812250000E-01, -3.96977918731754E+01,  1.14490000000002E+02,  1.87325575954082E+02,  2.06775718864952E+03
 1.93308333300000E+03,  6.90963284741064E-02, -8.71393107250000E-01, -3.97545009672614E+01,  1.14670000000002E+02,  1.80979391791469E+02,  1.90497768168396E+03
 1.93316666700000E+03, -1.71402298862878E-01, -1.00332716800000E+00, -3.98112196049377E+01,  1.14850000000002E+02,  2.59598822903171E+02,  2.39768168821792E+03
 1.93325000000000E+03, -4.57359517342149E-01, -1.13448813000000E+00, -3.98679425632141E+01,  1.15030000000002E+02,  2.43768913390085E+02,  2.16389930229811E+03
 1.93333333300000E+03, -6.83409692006074E-01, -1.26483705750000E+00, -3.99246646148327E+01,  1.15210000000002E+02,  2.42687666302434E+02,  3.54917731570286E+03
 1.93341666700000E+03, -7.64372304020142E-01, -1.39438041750000E+00, -3.99813805289134E+01,  1.15390000000002E+02,  2.21557371496496E+02,  4.68430258954147E+03
 1.93350000000000E+03, -6.74302522122640E-01, -1.52301139750000E+00, -4.00380850715984E+01,  1.15570000000002E+02,  2.07945256613319E+02,  4.25173009170154E+03
 1.93358333300000E+03, -4.14288620937291E-01, -1.65036136000000E+00, -4.00947730066990E+01,  1.15750000000002E+02,  1.31377586907240E+02,  4.08524039122606E+03
 1.93366666700000E+03, -9.59740957601384E-02, -1.77567492000000E+00, -4.19751740628833E+01,  1.15930000000002E+02,  1.34161063518416E+02,  3.74312146716307E+03
 1.93375000000000E+03,  1.02314883103120E-01, -1.89772025750000E+00, -4.19321554219652E+01,  1.16110000000002E+02,  7.34603455269364E+01,  2.61443439380978E+03
 1.93383333300000E+03,  1.80103544196429E-01, -2.01474355500000E+00, -4.18890999219317E+01,  1.16290000000002E+02,  8.46702270038414E+01,  9.71828364107301E+02
 1.93391666700000E+03,  1.92545665071198E-01, -2.12447312500000E+00, -4.18460113850518E+01,  1.16470000000002E+02,  8.22800142667014E+01,  1.34765278158923E+03
 1.93400000000000E+03,  1.37548677626208E-01, -2.22417499250000E+00, -4.18028936149666E+01,  1.16650000000002E+02,  8.21298083382671E+01,  1.50433502567298E+03
 1.93408333300000E+03,  3.60415881038693E-02, -2.31075775500000E+00, -4.17597503961875E+01,  1.16830000000002E+02,  8.33549739351592E+01,  2.33035859118143E+03
 1.93416666700000E+03, -7.47133878463064E-02, -2.38092078500000E+00, -4.17165854935978E+01,  1.17010000000002E+02,  1.49211546931446E+02,  2.28095119455317E+03
 1.93425000000000E+03, -1.53932937151021E-01, -2.43133640750000E+00, -4.16734026519587E+01,  1.17190000000002E+02,  1.41692888295839E+02,  2.28108801155301E+03
 1.93433333300000E+03, -1.71417701203719E-01, -2.45885387250000E+00, -4.16302055954190E+01,  1.17370000000002E+02,  1.45167121643002E+02,  2.20983151374880E+03
 1.93441666700000E+03, -1.18251378337092E-01, -2.46071105750000E+00, -4.15869980270293E+01,  1.17550000000002E+02,  1.52284643783301E+02,  3.21789095964232E+03
 1.93450000000000E+03, -1.06990644896165E-02, -2.43473887250000E+00, -4.15437836282600E+01,  1.17730000000002E+02,  1.87270070845361E+02,  2.83771364147995E+03
 1.93458333300000E+03,  8.24636938172766E-02, -2.37954337000000E+00, -4.15005660585239E+01,  1.17910000000002E+02,  9.96768243505462E+01,  2.52705720273762E+03
 1.93466666700000E+03,  8.62795922227483E-02, -2.29465173500000E+00, -4.23801048106498E+01,  1.18090000000002E+02,  1.43785472040012E+02,  3.01872605050214E+03
 1.93475000000000E+03,  1.47539992466012E-02, -2.18061048500000E+00, -4.23376281343220E+01,  1.18270000000002E+02,  1.54784627537149E+02,  2.71444628874615E+03
 1.93483333300000E+03, -8.59751539605277E-02, -2.03902711250000E+00, -4.22950775659037E+01,  1.18450000000002E+02,  2.26449374026302E+02,  1.27541983484277E+03
 1.93491666700000E+03, -1.98798504350132E-01, -1.87255005000000E+00, -4.22524570785162E+01,  1.18630000000002E+02,  2.93115009206116E+02,  1.15379107837508E+03
 1.93500000000000E+03, -3.05904653668473E-01, -1.68478588750000E+00, -4.22097706315882E+01,  1.18810000000002E+02,  3.13868003564979E+02,  1.83011476977483E+03
 1.93508333300000E+03, -3.81043518421716E-01, -1.48015692000000E+00, -4.21670221703210E+01,  1.18990000000002E+02,  2.68269649162086E+02,  1.43874810433169E+03
 1.93516666700000E+03, -4.00434479443154E-01, -1.26370617750000E+00, -4.21242156251558E+01,  1.19170000000002E+02,  3.22459329365525E+02,  1.58695035582912E+03
 1.93525000000000E+03, -3.53035574591531E-01, -1.04086067100000E+00, -4.20813549112450E+01,  1.19350000000002E+02,  2.56127363224827E+02,  1.50950646347118E+03
 1.93533333300000E+03, -2.45870200520735E-01, -8.17166586250000E-01, -4.20384439279269E+01,  1.19530000000002E+02,  2.43554908329858E+02,  1.42681046144721E+03
 1.93541666700000E+03, -1.03030086733153E-01, -5.98012288250000E-01, -4.19954865582029E+01,  1.19710000000002E+02,  2.73617916107565E+02,  2.04586507872320E+03
 1.93550000000000E+03,  4.05429163780805E-02, -3.88356042250000E-01, -4.19524866682199E+01,  1.19890000000002E+02,  3.03429568737716E+02,  1.99557056909928E+03
 1.93558333300000E+03,  4.75757910373341E-02, -1.92475404345000E-01, -4.19094481067541E+01,  1.20070000000002E+02,  2.51860947436130E+02,  2.74406520106654E+03
 1.93566666700000E+03, -7.76583277279117E-02, -1.37541244400000E-02, -4.20201668541307E+01,  1.20250000000002E+02,  2.44714493781015E+02,  3.12283463627575E+03
 1.93575000000000E+03, -9.58739655464813E-02,  1.45479753405000E-01, -4.19925085005588E+01,  1.20430000000002E+02,  1.51299583483727E+02,  2.80734379970571E+03
 1.93583333300000E+03, -6.85901994191059E-03,  2.84053949500000E-01, -4.19650426824387E+01,  1.20610000000002E+02,  1.06532724538324E+02,  1.79512952857481E+03
 1.93591666700000E+03,  6.84136941955976E-02,  4.01983303250000E-01, -4.19377686564254E+01,  1.20790000000002E+02,  8.64784563515129E+01,  3.11907042845734E+03
 1.93600000000000E+03,  1.23604127422613E-01,  5.00429812750000E-01, -4.19106856411949E+01,  1.20970000000002E+02,  7.59313703611660E+01,  2.27756052168363E+03
 1.93608333300000E+03,  1.55960887568056E-01,  5.81593216500000E-01, -4.18837928177424E+01,  1.21150000000002E+02,  8.34073532086387E+01,  1.97900739219071E+03
 1.93616666700000E+03,  1.64528482374441E-01,  6.48538355250000E-01, -4.18570893296872E+01,  1.21330000000002E+02,  1.33889973937470E+02,  2.06671279921802E+03
 1.93625000000000E+03,  1.49455210935678E-01,  7.04969572500000E-01, -4.18305742835832E+01,  1.21510000000002E+02,  1.83581793552506E+02,  1.87779032329877E+03
 1.93633333300000E+03,  1.12985862614004E-01,  7.54965817250000E-01, -4.18042467492362E+01,  1.21690000000002E+02,  2.15438711745343E+02,  8.29394633009363E+02
 1.93641666700000E+03,  6.07150177095576E-02,  8.02692665500000E-01, -4.17781057600270E+01,  1.21870000000002E+02,  2.89894572263708E+02,  2.29124988973639E+03
 1.93650000000000E+03,  1.25179049733367E-03,  8.52109021250000E-01, -4.17521503132399E+01,  1.22050000000002E+02,  2.81501462325901E+02,  2.32818888139935E+03
 1.93658333300000E+03,  5.86129950046279E-02,  9.06686694250000E-01, -4.17263793703978E+01,  1.22230000000002E+02,  2.21754499692943E+02,  3.10467312241522E+03
 1.93666666700000E+03,  2.34568027931852E-01,  9.69160334250000E-01, -4.57254438557555E+01,  1.22410000000002E+02,  1.51930728443662E+02,  3.19519402538065E+03
 1.93675000000000E+03,  2.92278471921905E-01,  1.04132339300000E+00, -4.57052027584562E+01,  1.22590000000002E+02,  2.18338260155871E+02,  3.27570239830329E+03
 1.93683333300000E+03,  2.27122877907386E-01,  1.12388298000000E+00, -4.56850873413757E+01,  1.22770000000002E+02,  1.37895845679162E+02,  2.11535796686815E+03
 1.93691666700000E+03,  1.55219916431335E-01,  1.21638286500000E+00, -4.56650953911398E+01,  1.22950000000002E+02,  1.48967623235614E+02,  2.04511239922563E+03
 1.93700000000000E+03,  7.98477270415089E-02,  1.31719969500000E+00, -4.56452246750564E+01,  1.23130000000002E+02,  1.67655227165869E+02,  2.54210721412406E+03
 1.93708333300000E+03,  4.57773339786180E-03,  1.42361294750000E+00, -4.56254729416705E+01,  1.23310000000002E+02,  2.11961130854791E+02,  2.31662506189713E+03
 1.93716666700000E+03, -6.85840320244800E-02,  1.53194462000000E+00, -4.56058379213221E+01,  1.23490000000002E+02,  1.04705608124873E+02,  1.97719716797480E+03
 1.93725000000000E+03, -1.39411746504679E-01,  1.63776036750000E+00, -4.55863173267067E+01,  1.23670000000002E+02,  2.56955427170021E+02,  1.77728481738419E+03
 1.93733333300000E+03, -2.07745146966887E-01,  1.73612000750000E+00, -4.55669088534390E+01,  1.23850000000002E+02,  2.76359732018306E+02,  1.83836617096899E+03
 1.93741666700000E+03, -2.71557763757963E-01,  1.82186232000000E+00, -4.55476101806188E+01,  1.24030000000002E+02,  2.48179293545495E+02,  6.62126276239352E+02
 1.93750000000000E+03, -3.26828184411262E-01,  1.88990697000000E+00, -4.55284189713997E+01,  1.24210000000002E+02,  2.08962154118003E+02,  1.02040420192893E+03
 1.93758333300000E+03, -4.36238969598892E-01,  1.93555544000000E+00, -4.55093328735602E+01,  1.24390000000002E+02,  2.45150470902027E+02,  1.16042245257976E+03
 1.93766666700000E+03, -5.77840762928313E-01,  1.95477296000000E+00, -4.96568484055448E+01,  1.24570000000002E+02,  1.09880718481029E+02,  1.23171603728834E+03
 1.93775000000000E+03, -5.92839261894307E-01,  1.94443464000000E+00, -4.96876310729332E+01,  1.24750000000002E+02,  7.18702477826453E+01,  1.27738653394674E+03
 1.93783333300000E+03, -4.94865508740453E-01,  1.90252134250000E+00, -4.97179475260459E+01,  1.24930000000002E+02,  8.52390234139528E+01,  1.06408039800081E+03
 1.93791666700000E+03, -3.76549548065513E-01,  1.82825392250000E+00, -4.97477953169900E+01,  1.25110000000002E+02,  1.10206520276567E+02,  8.15013997364166E+02
 1.93800000000000E+03, -2.50810651444034E-01,  1.72215830000000E+00, -4.97771720518983E+01,  1.25290000000002E+02,  8.98478911852230E+01,  1.04698017045113E+03
 1.93808333300000E+03, -1.28025620480262E-01,  1.58605806750000E+00, -4.98060753911813E+01,  1.25470000000002E+02,  1.37235133917884E+02,  1.25790137990067E+03
 1.93816666700000E+03, -1.68266328831109E-02,  1.42299572500000E+00, -4.98345030497733E+01,  1.25650000000002E+02,  1.44413582158154E+02,  1.28576267908680E+03
 1.93825000000000E+03,  7.60006768522465E-02,  1.23708792000000E+00, -4.98624527973687E+01,  1.25830000000002E+02,  1.26760745490305E+02,  1.39005621030769E+03
 1.93833333300000E+03,  1.46952100662785E-01,  1.03332393300000E+00, -4.98899224586516E+01,  1.26010000000002E+02,  1.28837022357301E+02,  2.65867773053489E+03
 1.93841666700000E+03,  1.97071628453891E-01,  8.17319913250000E-01, -4.99169099135171E+01,  1.26190000000002E+02,  1.23156572395208E+02,  2.25763730585964E+03
 1.93850000000000E+03,  2.31249462955165E-01,  5.95043800750000E-01, -4.99434130972846E+01,  1.26370000000002E+02,  6.59489789096361E+01,  1.98248340799276E+03
 1.93858333300000E+03,  7.26370654862029E-02,  3.72527348750000E-01, -4.99694300009030E+01,  1.26550000000002E+02,  6.85968855018154E+01,  2.33028122839935E+03
 1.93866666700000E+03, -2.99406671295094E-01,  1.55582065575000E-01, -3.90887273459010E+01,  1.26730000000002E+02,  6.46706155683283E+01,  2.31599503830606E+03
 1.93875000000000E+03, -5.33835674140718E-01, -5.04647176000000E-02, -3.90693984459952E+01,  1.26910000000002E+02,  3.25586781155785E+01,  1.01339818197945E+03
 1.93883333300000E+03, -5.88076871661606E-01, -2.40999049675000E-01, -3.90499728646827E+01,  1.27090000000002E+02,  7.38748227434745E+01,  1.03871335063787E+03
 1.93891666700000E+03, -6.10530246489741E-01, -4.12302733000000E-01, -3.90304493782863E+01,  1.27270000000002E+02,  1.22464446195372E+02,  9.54639989256365E+02
 1.93900000000000E+03, -5.99990348744479E-01, -5.61679937500000E-01, -3.90108267959060E+01,  1.27450000000002E+02,  1.52790768088822E+02,  4.54262073879827E+02
 1.93908333300000E+03, -5.56772841932522E-01, -6.87522785750000E-01, -3.89911039597406E+01,  1.27630000000002E+02,  3.07537487466060E+02,  6.68292653335085E+02
 1.93916666700000E+03, -4.84407500695100E-01, -7.89314533250000E-01, -3.89712797454033E+01,  1.27810000000002E+02,  3.18349680077650E+02,  6.84718258319628E+02
 1.93925000000000E+03, -3.89617174830935E-01, -8.67572836000000E-01, -3.89513530622308E+01,  1.27990000000002E+02,  2.75414462400643E+02,  8.01671072352853E+02
 1.93933333300000E+03, -2.80290151339236E-01, -9.23739203750000E-01, -3.89313228535874E+01,  1.28170000000002E+02,  2.69635655549294E+02,  1.14196789636707E+03
 1.93941666700000E+03, -1.63157030630602E-01, -9.60023837250000E-01, -3.89111880971614E+01,  1.28350000000002E+02,  4.38384064442390E+02,  1.13307147014695E+03
 1.93950000000000E+03, -4.32005489475335E-02, -9.79217464750000E-01, -3.88909478052575E+01,  1.28530000000002E+02,  3.18767405068579E+02,  8.57971671172271E+02
 1.93958333300000E+03,  1.33869125643967E-02, -9.84483390750000E-01, -3.88706010250807E+01,  1.28710000000002E+02,  3.38434645599541E+02,  1.05983623569463E+03
 1.93966666700000E+03, -3.01983800321129E-02, -9.79143648250000E-01, -3.86156358117607E+01,  1.28890000000002E+02,  3.51226104630647E+02,  1.32632235706147E+03
 1.93975000000000E+03, -8.16820528817962E-02, -9.66472896500000E-01, -3.86064148067338E+01,  1.29070000000002E+02,  3.09259701125305E+02,  1.48955081966924E+03
 1.93983333300000E+03, -1.01528239075414E-01, -9.49512571000000E-01, -3.85975694345268E+01,  1.29250000000002E+02,  4.04868662440975E+02,  1.54970955486822E+03
 1.93991666700000E+03, -1.15169047662982E-01, -9.30915865500000E-01, -3.85891024309006E+01,  1.29430000000002E+02,  3.70747416714630E+02,  1.75057286723387E+03
 1.94000000000000E+03, -1.21968166968943E-01, -9.12831561000000E-01, -3.85810164964942E+01,  1.29610000000002E+02,  3.81134561786252E+02,  1.68582198420903E+03
 1.94008333300000E+03, -1.21323705129068E-01, -8.96831709000000E-01, -3.85733142963064E+01,  1.29790000000002E+02,  3.82571521033354E+02,  1.41219211881404E+03
 1.94016666700000E+03, -1.14387981877746E-01, -8.83884932000000E-01, -3.85659984591822E+01,  1.29970000000002E+02,  4.66050765216002E+02,  1.16580919252578E+03
 1.94025000000000E+03, -1.04137097747811E-01, -8.74373865000000E-01, -3.85590715773040E+01,  1.30150000000002E+02,  1.94211885419326E+02,  1.71728636124495E+03
 1.94033333300000E+03, -9.35102294324609E-02, -8.68152248000000E-01, -3.85525362056881E+01,  1.30330000000002E+02,  1.93500071580802E+02,  1.63761403277911E+03
 1.94041666700000E+03, -8.33383239929479E-02, -8.64634583500000E-01, -3.85463948616855E+01,  1.30510000000002E+02,  2.42052640649730E+02,  3.17148930259466E+03
 1.94050000000000E+03, -7.20906505589977E-02, -8.62909283750000E-01, -3.85406500244889E+01,  1.30690000000002E+02,  3.06097123935926E+02,  3.50639522043103E+03
 1.94058333300000E+03,  1.09968173701399E-01, -8.61864962500000E-01, -3.85353041346435E+01,  1.30870000000002E+02,  2.37340930406703E+02,  3.48889874306908E+03
 1.94066666700000E+03,  4.47475253837732E-01, -8.60319050000000E-01, -4.45436281808958E+01,  1.31050000000002E+02,  2.61678832980235E+02,  3.89251898083776E+03
 1.94075000000000E+03,  5.83987245176976E-01, -8.57138249750000E-01, -4.45264563240035E+01,  1.31230000000002E+02,  2.68536652780158E+02,  3.81002558898249E+03
 1.94083333300000E+03,  5.26256399056250E-01, -8.51341460750000E-01, -4.45092485144469E+01,  1.31410000000002E+02,  3.32862854298274E+02,  2.17184252472444E+03
 1.94091666700000E+03,  4.54764127131850E-01, -8.42177566750000E-01, -4.44920025206675E+01,  1.31590000000002E+02,  2.50064104653139E+02,  1.63652054786697E+03
 1.94100000000000E+03,  3.72837700821945E-01, -8.29172802500000E-01, -4.44747161301826E+01,  1.31770000000002E+02,  2.29412672108922E+02,  1.31216124790869E+03
 1.94108333300000E+03,  2.84669961510865E-01, -8.12145065000000E-01, -4.44573871501134E+01,  1.31950000000002E+02,  2.09613235481802E+02,  4.87439894631907E+02
 1.94116666700000E+03,  1.93439317228314E-01, -7.91185346000000E-01, -4.44400134077077E+01,  1.32130000000002E+02,  2.11674287089736E+02,  7.00039342644315E+02
 1.94125000000000E+03,  1.01036291448715E-01, -7.66609208500000E-01, -4.44225927508603E+01,  1.32310000000003E+02,  1.49269092003265E+02,  6.43343283148375E+02
 1.94133333300000E+03,  9.68464194658687E-03, -7.38883705250000E-01, -4.44051230486285E+01,  1.32490000000003E+02,  2.89870262129956E+02,  1.37405187327530E+03
 1.94141666700000E+03, -7.62520473119394E-02, -7.08537166500000E-01, -4.43876021917442E+01,  1.32670000000003E+02,  3.36717983356792E+02,  2.40031431382212E+03
 1.94150000000000E+03, -1.50293926518731E-01, -6.76060715250000E-01, -4.43700280931206E+01,  1.32850000000003E+02,  3.07566690512203E+02,  2.49662035094856E+03
 1.94158333300000E+03, -9.87600496549566E-02, -6.41811090750000E-01, -4.43523986883565E+01,  1.33030000000003E+02,  3.35874759259532E+02,  2.30906847630581E+03
 1.94166666700000E+03,  6.12794681822110E-02, -6.05924321750000E-01, -4.02366918268422E+01,  1.33210000000003E+02,  2.77844447972282E+02,  2.33845857697528E+03
 1.94175000000000E+03,  8.37517497245950E-02, -5.68249001500000E-01, -4.02084856007364E+01,  1.33390000000003E+02,  1.30987814725597E+02,  1.59335811454358E+03
 1.94183333300000E+03, -3.28537500611387E-02, -5.28306423500000E-01, -4.01803798096608E+01,  1.33570000000003E+02,  9.06915027107032E+01,  1.29074355069572E+03
 1.94191666700000E+03, -1.67974743468282E-01, -4.85282747250000E-01, -4.01523780919844E+01,  1.33750000000003E+02,  1.03201035600713E+02,  1.71599649695881E+03
 1.94200000000000E+03, -3.13342050428594E-01, -4.38055842000000E-01, -4.01244840984540E+01,  1.33930000000003E+02,  1.45441255249177E+02,  2.09867986175072E+03
 1.94208333300000E+03, -4.58186819455365E-01, -3.85256677000000E-01, -4.00967014916055E+01,  1.34110000000003E+02,  1.47160825483208E+02,  2.11202221418660E+03
 1.94216666700000E+03, -5.91883917632922E-01, -3.25362293500000E-01, -4.00690339451726E+01,  1.34290000000003E+02,  1.48677218364251E+02,  3.00803828160301E+03
 1.94225000000000E+03, -7.05265955275523E-01, -2.56814725000000E-01, -4.00414851434925E+01,  1.34470000000003E+02,  1.70629287783646E+02,  3.03914293789173E+03
 1.94233333300000E+03, -7.90158770788125E-01, -1.78157923725000E-01, -4.00140587809084E+01,  1.34650000000003E+02,  1.66810783621845E+02,  2.41395941882245E+03
 1.94241666700000E+03, -8.38657853122617E-01, -8.81829768750000E-02, -3.99867585611694E+01,  1.34830000000003E+02,  9.40885948687137E+01,  2.04842904640548E+03
 1.94250000000000E+03, -8.43975395241601E-01,  1.39291944250000E-02, -3.99595881968281E+01,  1.35010000000003E+02,  7.83196712367476E+01,  2.42423460495545E+03
 1.94258333300000E+03, -6.38729349939054E-01,  1.28478785325000E-01, -3.99325514086356E+01,  1.35190000000003E+02,  7.62970163836225E+01,  1.74136543093079E+03
 1.94266666700000E+03, -2.54207864007421E-01,  2.55142353000000E-01, -3.85903217876908E+01,  1.35370000000003E+02,  1.01564551905701E+02,  1.07854893049074E+03
 1.94275000000000E+03, -6.09982467329887E-02,  3.92901719250000E-01, -3.85993887494488E+01,  1.35550000000003E+02,  9.01636037966972E+01,  1.49305269764491E+03
 1.94283333300000E+03, -4.94427255548707E-02,  5.40013893250000E-01, -3.86089118277094E+01,  1.35730000000003E+02,  1.32646053747907E+02,  1.55688814897611E+03
 1.94291666700000E+03, -3.47484980043945E-02,  6.94026787250000E-01, -3.86188918305292E+01,  1.35910000000003E+02,  2.40857781297693E+02,  1.08576431298761E+03
 1.94300000000000E+03, -1.55643750598144E-02,  8.51842480500000E-01, -3.86293295137258E+01,  1.36090000000003E+02,  2.43744668395321E+02,  1.13970373231766E+03
 1.94308333300000E+03,  9.61758597277350E-03,  1.00982654925000E+00, -3.86402255806331E+01,  1.36270000000003E+02,  2.19091943802460E+02,  1.06707204898539E+03
 1.94316666700000E+03,  4.06022531065632E-02,  1.16395874750000E+00, -3.86515806818656E+01,  1.36450000000003E+02,  2.20310486587066E+02,  5.46279816022597E+02
 1.94325000000000E+03,  7.52527635109196E-02,  1.31001732500000E+00, -3.86633954150885E+01,  1.36630000000003E+02,  2.18822831939501E+02,  6.31703350291204E+02
 1.94333333300000E+03,  1.11171642607391E-01,  1.44378668000000E+00, -3.86756703247973E+01,  1.36810000000003E+02,  1.03759248239542E+02,  7.02083091115378E+02
 1.94341666700000E+03,  1.47604437563226E-01,  1.56127610250000E+00, -3.86884059021038E+01,  1.36990000000003E+02,  1.04271911409800E+02,  1.64870197639457E+03
 1.94350000000000E+03,  1.85560847705652E-01,  1.65893623750000E+00, -3.87016025845308E+01,  1.37170000000003E+02,  1.07423335929837E+02,  1.76274255930364E+03
 1.94358333300000E+03,  1.14848777372142E-01,  1.73385953750000E+00, -3.87152607558140E+01,  1.37350000000003E+02,  1.52596850881264E+02,  2.61346161759911E+03
 1.94366666700000E+03, -7.26834853101022E-02,  1.78395160500000E+00, -5.29855368053968E+01,  1.37530000000003E+02,  1.37146435066404E+02,  2.60259634034550E+03
 1.94375000000000E+03, -1.42204082592379E-01,  1.80806186000000E+00, -5.29448038222993E+01,  1.37710000000003E+02,  1.38334621005085E+02,  2.83697224208728E+03
 1.94383333300000E+03, -5.43204595519783E-02,  1.80606421500000E+00, -5.29038906427610E+01,  1.37890000000003E+02,  2.08692898214195E+02,  2.28765653630927E+03
 1.94391666700000E+03,  7.71698660721124E-02,  1.77888144500000E+00, -5.28628017783560E+01,  1.38070000000003E+02,  1.86519413515315E+02,  2.37967535840882E+03
 1.94400000000000E+03,  2.11936135170272E-01,  1.72845036750000E+00, -5.28215417402290E+01,  1.38250000000003E+02,  1.40738313258163E+02,  1.61987445455154E+03
 1.94408333300000E+03,  3.18701712987897E-01,  1.65762867500000E+00, -5.27801150384164E+01,  1.38430000000003E+02,  1.42339244489188E+02,  1.55407543892190E+03
 1.94416666700000E+03,  3.82678702608217E-01,  1.57004800250000E+00, -5.27385261811697E+01,  1.38610000000003E+02,  1.48542450937738E+02,  1.68873794875852E+03
 1.94425000000000E+03,  4.08013862073958E-01,  1.46992128500000E+00, -5.26967796742800E+01,  1.38790000000003E+02,  9.95121700709670E+01,  1.25068364490473E+03
 1.94433333300000E+03,  4.14917246840232E-01,  1.36181553500000E+00, -5.26548800204044E+01,  1.38970000000003E+02,  9.44104604505552E+01,  1.54890692423742E+03
 1.94441666700000E+03,  4.31612949872651E-01,  1.25040352250000E+00, -5.26128317183938E+01,  1.39150000000003E+02,  1.70114879167146E+02,  2.00107580150758E+03
 1.94450000000000E+03,  4.82769644571925E-01,  1.14020939000000E+00, -5.25706392626228E+01,  1.39330000000003E+02,  1.40162088277200E+02,  2.01787392162741E+03
 1.94458333300000E+03,  5.13786731633355E-01,  1.03536383775000E+00, -5.25283071423217E+01,  1.39510000000003E+02,  1.49657887336246E+02,  1.75541079135219E+03
 1.94466666700000E+03,  4.71083330169251E-01,  9.39384064500000E-01, -4.67586683005401E+01,  1.39690000000003E+02,  1.36571308792447E+02,  2.09155019288350E+03
 1.94475000000000E+03,  4.08024252526186E-01,  8.54992274750000E-01, -4.68124120782207E+01,  1.39870000000003E+02,  1.88247557239779E+02,  1.97411083999255E+03
 1.94483333300000E+03,  3.45633472345749E-01,  7.83984267500000E-01, -4.68659518581605E+01,  1.40050000000003E+02,  2.16370622573898E+02,  1.73149602154243E+03
 1.94491666700000E+03,  2.84436151572522E-01,  7.27156502250000E-01, -4.69192825361479E+01,  1.40230000000003E+02,  2.19416147868124E+02,  1.92516262928995E+03
 1.94500000000000E+03,  2.52101291898914E-01,  6.84296393750000E-01, -4.69723990305847E+01,  1.40410000000003E+02,  2.35141726697106E+02,  1.74380987993651E+03
 1.94508333300000E+03,  2.43616842215072E-01,  6.54236582750000E-01, -4.70252962831294E+01,  1.40590000000003E+02,  2.58060838785912E+02,  1.22489301013250E+03
 1.94516666700000E+03,  2.30723427075147E-01,  6.34969812500000E-01, -4.70779692593352E+01,  1.40770000000003E+02,  3.45909720281603E+02,  1.04358695570677E+03
 1.94525000000000E+03,  1.84522564608361E-01,  6.23817114250000E-01, -4.71304129492864E+01,  1.40950000000003E+02,  2.69723761661724E+02,  1.04882229255861E+03
 1.94533333300000E+03,  9.71696532578995E-02,  6.17638506250000E-01, -4.71826223682300E+01,  1.41130000000003E+02,  3.34000705387832E+02,  9.10481322071138E+02
 1.94541666700000E+03, -1.05690157617572E-02,  6.13072573500000E-01, -4.72345925572038E+01,  1.41310000000003E+02,  3.55918396622776E+02,  1.51285282534792E+03
 1.94550000000000E+03, -1.00341457180832E-01,  6.06789311000000E-01, -4.72863185836620E+01,  1.41490000000003E+02,  4.14165668136509E+02,  1.77365197682236E+03
 1.94558333300000E+03, -2.01793227875197E-01,  5.95739624750000E-01, -4.73377955420954E+01,  1.41670000000003E+02,  2.89967710237130E+02,  2.41694879243844E+03
 1.94566666700000E+03, -3.08456750778388E-01,  5.77384955750000E-01, -4.07045451103303E+01,  1.41850000000003E+02,  3.49333837719736E+02,  2.77432381185182E+03
 1.94575000000000E+03, -3.15329774177534E-01,  5.49891642250000E-01, -4.06752060322989E+01,  1.42030000000003E+02,  3.06253578201425E+02,  2.53807643804720E+03
 1.94583333300000E+03, -2.44885087354526E-01,  5.12276795000000E-01, -4.06459106632277E+01,  1.42210000000003E+02,  2.69262588981519E+02,  2.90708205830050E+03
 1.94591666700000E+03, -1.68157399736060E-01,  4.64495489250000E-01, -4.06166623619476E+01,  1.42390000000003E+02,  2.62674389000843E+02,  2.99737004061661E+03
 1.94600000000000E+03, -8.72799370599549E-02,  4.07462808250000E-01, -4.05874645087012E+01,  1.42570000000003E+02,  4.00084195104255E+02,  2.19788435065158E+03
 1.94608333300000E+03, -6.33629621717862E-03,  3.43008462000000E-01, -4.05583205046165E+01,  1.42750000000003E+02,  3.80194057713827E+02,  1.62284894937690E+03
 1.94616666700000E+03,  6.83005281393177E-02,  2.73766081250000E-01, -4.05292337711753E+01,  1.42930000000003E+02,  3.87448111430949E+02,  1.70570601756511E+03
 1.94625000000000E+03,  1.29918887228650E-01,  2.03003574750000E-01, -4.05002077496777E+01,  1.43110000000003E+02,  3.90524306391922E+02,  1.34022114699094E+03
 1.94633333300000E+03,  1.74804730391844E-01,  1.34404866325000E-01, -4.04712459007021E+01,  1.43290000000003E+02,  3.40505366540040E+02,  1.03632006200671E+03
 1.94641666700000E+03,  2.04357749128418E-01,  7.18166348000000E-02, -4.04423517035603E+01,  1.43470000000003E+02,  1.86551024344326E+02,  1.05417870110641E+03
 1.94650000000000E+03,  2.23868503089054E-01,  1.89761410500000E-02, -4.04135286557502E+01,  1.43650000000003E+02,  1.62480812915629E+02,  9.98297202274761E+02
 1.94658333300000E+03,  2.71684862607334E-01, -2.07623084000000E-02, -4.03847802724024E+01,  1.43830000000003E+02,  1.40001883194542E+02,  8.84191665371890E+02
 1.94666666700000E+03,  3.57422844600463E-01, -4.46843599500000E-02, -4.68186014524262E+01,  1.44010000000003E+02,  1.59728075923611E+02,  6.44883868866175E+02
 1.94675000000000E+03,  4.17512488358456E-01, -5.09389609250000E-02, -4.67906787410468E+01,  1.44190000000003E+02,  1.33797872553727E+02,  1.15196288910398E+03
 1.94683333300000E+03,  4.32716901075189E-01, -3.87128299250000E-02, -4.67629536733858E+01,  1.44370000000003E+02,  1.32087452179753E+02,  1.10382478922152E+03
 1.94691666700000E+03,  4.18817371302634E-01, -8.34370190000000E-03, -4.67354254443112E+01,  1.44550000000003E+02,  1.51553497501610E+02,  1.08073955336194E+03
 1.94700000000000E+03,  3.72092824898935E-01,  3.86363065250000E-02, -4.67080932086762E+01,  1.44730000000003E+02,  1.60265356577189E+02,  1.16933231646780E+03
 1.94708333300000E+03,  2.92722726798495E-01,  9.95315834750000E-02, -4.66809560816448E+01,  1.44910000000003E+02,  1.19829778320951E+02,  1.47867735707293E+03
 1.94716666700000E+03,  1.83315362785723E-01,  1.70587927275000E-01, -4.66540131390244E+01,  1.45090000000003E+02,  2.53975961863203E+02,  1.39481017407191E+03
 1.94725000000000E+03,  4.85179276749762E-02,  2.47166600500000E-01, -4.66272634176053E+01,  1.45270000000003E+02,  2.93743706532649E+02,  1.39208067368088E+03
 1.94733333300000E+03, -1.03949191565037E-01,  3.23978279250000E-01, -4.66007059155061E+01,  1.45450000000003E+02,  3.29939150331163E+02,  1.53562248621528E+03
 1.94741666700000E+03, -2.62422035956713E-01,  3.95363799500000E-01, -4.65743395925262E+01,  1.45630000000003E+02,  3.21506852457149E+02,  2.30280443802157E+03
 1.94750000000000E+03, -4.12438616672005E-01,  4.55605538000000E-01, -4.65481633705047E+01,  1.45810000000003E+02,  3.26040550482457E+02,  1.74891773422568E+03
 1.94758333300000E+03, -3.01605189265732E-01,  4.99251171000000E-01, -4.65221761336854E+01,  1.45990000000003E+02,  2.76015693554590E+02,  1.52786864316382E+03
 1.94766666700000E+03,  1.46904077161761E-01,  5.21430578500000E-01, -5.38251542190295E+01,  1.46170000000003E+02,  2.62643911859478E+02,  1.76555269548573E+03
 1.94775000000000E+03,  5.05489139503190E-01,  5.18146864500000E-01, -5.37895047932754E+01,  1.46350000000003E+02,  1.65979297031668E+02,  1.74891175342334E+03
 1.94783333300000E+03,  6.56393474215538E-01,  4.86523832000000E-01, -5.37535774151962E+01,  1.46530000000003E+02,  1.80263435795382E+02,  1.27265807165579E+03
 1.94791666700000E+03,  7.31597103547352E-01,  4.24994717000000E-01, -5.37173764334189E+01,  1.46710000000003E+02,  4.31225291911925E+02,  1.55768178833964E+03
 1.94800000000000E+03,  7.21573252967529E-01,  3.33420392000000E-01, -5.36809062111741E+01,  1.46890000000003E+02,  3.44566441613733E+02,  1.75636244686625E+03
 1.94808333300000E+03,  6.36939025571216E-01,  2.13129383725000E-01, -5.36441711256129E+01,  1.47070000000003E+02,  3.22776183744659E+02,  1.60571391044460E+03
 1.94816666700000E+03,  5.05455293470039E-01,  6.68766702000000E-02, -5.36071755671241E+01,  1.47250000000003E+02,  3.18925187417483E+02,  2.22900315164744E+03
 1.94825000000000E+03,  3.65866701139234E-01, -1.01276965775000E-01, -5.35699239386494E+01,  1.47430000000003E+02,  3.53891725269975E+02,  1.98833539924428E+03
 1.94833333300000E+03,  2.59997428070980E-01, -2.86158540750000E-01, -5.35324206549990E+01,  1.47610000000003E+02,  1.46260132992678E+02,  1.68345522268860E+03
 1.94841666700000E+03,  2.23610562187322E-01, -4.81738622000000E-01, -5.34946701421654E+01,  1.47790000000003E+02,  1.49099150191411E+02,  1.70113463394950E+03
 1.94850000000000E+03,  2.76831840881340E-01, -6.81434751750000E-01, -5.34566768366373E+01,  1.47970000000003E+02,  2.14766150116448E+02,  2.07043223488043E+03
 1.94858333300000E+03,  4.08964868555757E-01, -8.78445286000000E-01, -5.34184451847133E+01,  1.48150000000003E+02,  2.19467653166992E+02,  1.32008528173796E+03
 1.94866666700000E+03,  4.93440643097899E-01, -1.06609464425000E+00, -4.27927275407805E+01,  1.48330000000003E+02,  1.75104710133054E+02,  1.55718277079628E+03
 1.94875000000000E+03,  4.13040029474531E-01, -1.23817038250000E+00, -4.28417789134414E+01,  1.48510000000003E+02,  1.26329996064489E+02,  1.76254373720571E+03
 1.94883333300000E+03,  2.61995009357171E-01, -1.38923309000000E+00, -4.28905541223748E+01,  1.48690000000003E+02,  1.27341193506894E+02,  1.27588431260660E+03
 1.94891666700000E+03,  1.56513275494139E-01, -1.51488182500000E+00, -4.29390487120525E+01,  1.48870000000003E+02,  7.78569628696223E+01,  7.86927354522343E+02
 1.94900000000000E+03,  1.13049652699817E-01, -1.61196056250000E+00, -4.29872582577442E+01,  1.49050000000003E+02,  1.28633572964984E+02,  8.48180161432577E+02
 1.94908333300000E+03,  1.18294713308032E-01, -1.67869474000000E+00, -4.30351783660527E+01,  1.49230000000003E+02,  2.08687105813788E+02,  5.56082788819781E+02
 1.94916666700000E+03,  1.36439776313009E-01, -1.71475119000000E+00, -4.30828046754460E+01,  1.49410000000003E+02,  2.30421617081903E+02,  9.14320635875730E+02
 1.94925000000000E+03,  1.28172788975323E-01, -1.72121928750000E+00, -4.31301328567827E+01,  1.49590000000003E+02,  2.31876655245723E+02,  1.07180594169320E+03
 1.94933333300000E+03,  7.27378628754938E-02, -1.70051584000000E+00, -4.31771586138348E+01,  1.49770000000003E+02,  2.05943534599593E+02,  1.39128160552050E+03
 1.94941666700000E+03, -1.80995289454450E-02, -1.65622067750000E+00, -4.32238776838052E+01,  1.49950000000003E+02,  3.31278324448901E+02,  1.78421739877282E+03
 1.94950000000000E+03, -1.01873832769102E-01, -1.59285378250000E+00, -4.32702858378399E+01,  1.50130000000003E+02,  2.94127921106715E+02,  1.95665305475142E+03
 1.94958333300000E+03, -2.09989097048575E-01, -1.51560806750000E+00, -4.33163788815364E+01,  1.50310000000003E+02,  2.91441546366534E+02,  1.53504021316148E+03
 1.94966666700000E+03, -3.67213016607145E-01, -1.43005423500000E+00, -4.12053392306255E+01,  1.50490000000003E+02,  3.31652625769834E+02,  1.77700940347148E+03
 1.94975000000000E+03, -4.76744480987434E-01, -1.34183541000000E+00, -4.11834363096294E+01,  1.50670000000003E+02,  3.93387652324662E+02,  1.44403924028490E+03
 1.94983333300000E+03, -5.21651948245487E-01, -1.25636939000000E+00, -4.11616833535549E+01,  1.50850000000003E+02,  3.16474344213644E+02,  1.08681311031300E+03
 1.94991666700000E+03, -5.46809363594956E-01, -1.17857545250000E+00, -4.11400785567481E+01,  1.51030000000003E+02,  4.47549038501407E+02,  1.96854446017182E+03
 1.95000000000000E+03, -5.51838998819354E-01, -1.11264072750000E+00, -4.11186200883220E+01,  1.51210000000003E+02,  4.24138793969037E+02,  1.69870595625607E+03
 1.95008333300000E+03, -5.39676820291111E-01, -1.06183828750000E+00, -4.10973060926247E+01,  1.51390000000003E+02,  4.04153234796039E+02,  1.63668185370582E+03
 1.95016666700000E+03, -5.17235295062323E-01, -1.02840562500000E+00, -4.10761346897125E+01,  1.51570000000003E+02,  3.49538664734338E+02,  1.99027396409881E+03
 1.95025000000000E+03, -4.93544396951749E-01, -1.01348821000000E+00, -4.10551039758253E+01,  1.51750000000003E+02,  2.41312545141522E+02,  2.07562055156074E+03
 1.95033333300000E+03, -4.75866446801893E-01, -1.01714865500000E+00, -4.10342120238673E+01,  1.51930000000003E+02,  6.22857283578663E+01,  1.55826751150029E+03
 1.95041666700000E+03, -4.66322344937719E-01, -1.03843795250000E+00, -4.10134568838900E+01,  1.52110000000003E+02,  9.39526255841569E+01,  2.00358203361132E+03
 1.95050000000000E+03, -4.61561724953868E-01, -1.07552148000000E+00, -4.09928365835798E+01,  1.52290000000003E+02,  6.64253745336066E+01,  1.78347189402849E+03
 1.95058333300000E+03, -4.72894848519707E-01, -1.12584928500000E+00, -4.09723491287482E+01,  1.52470000000003E+02,  2.24774055350482E+02,  2.33407831355995E+03
 1.95066666700000E+03, -5.04345358213169E-01, -1.18635774500000E+00, -4.08616150714139E+01,  1.52650000000003E+02,  2.72749160290466E+02,  2.53005140921587E+03
 1.95075000000000E+03, -5.29271751450011E-01, -1.25368815000000E+00, -4.08419430925319E+01,  1.52830000000003E+02,  2.92850106552189E+02,  2.41132646244858E+03
 1.95083333300000E+03, -5.40466836643806E-01, -1.32440720250000E+00, -4.08223883191715E+01,  1.53010000000003E+02,  3.95632524292363E+02,  3.64208643995459E+03
 1.95091666700000E+03, -5.46367423600305E-01, -1.39521489750000E+00, -4.08029485911848E+01,  1.53190000000003E+02,  4.13090521781417E+02,  4.19231416594757E+03
 1.95100000000000E+03, -5.44817798121115E-01, -1.46312664000000E+00, -4.07836217313774E+01,  1.53370000000003E+02,  2.68788424453286E+02,  3.29713744134279E+03
 1.95108333300000E+03, -5.33965412569639E-01, -1.52561863500000E+00, -4.07644055460303E+01,  1.53550000000003E+02,  2.99564903046888E+02,  2.98045556763985E+03
 1.95116666700000E+03, -5.14029107315801E-01, -1.58072851250000E+00, -4.07452978254248E+01,  1.53730000000003E+02,  3.04679965277603E+02,  2.72709809211698E+03
 1.95125000000000E+03, -4.87381328495935E-01, -1.62710653250000E+00, -4.07262963443693E+01,  1.53910000000003E+02,  2.01371634141668E+02,  1.16314218190522E+03
 1.95133333300000E+03, -4.56670321206455E-01, -1.66401627000000E+00, -4.07073988627286E+01,  1.54090000000003E+02,  3.66061735467451E+02,  1.00511621193173E+03
 1.95141666700000E+03, -4.22709672803608E-01, -1.69128730250000E+00, -4.06886031259557E+01,  1.54270000000003E+02,  3.76097817855946E+02,  1.79767052612590E+03
 1.95150000000000E+03, -3.84172018777697E-01, -1.70922572000000E+00, -4.06699068656252E+01,  1.54450000000003E+02,  3.23663690502217E+02,  2.11242121658308E+03
 1.95158333300000E+03, -3.00396014260594E-01, -1.71849113750000E+00, -4.06513077999692E+01,  1.54630000000003E+02,  2.90903740360614E+02,  4.16570545303823E+03
 1.95166666700000E+03, -1.86519932599859E-01, -1.71995114000000E+00, -5.05831118005176E+01,  1.54810000000003E+02,  2.91047203953229E+02,  4.23831621329699E+03
 1.95175000000000E+03, -1.37983197432700E-01, -1.71452545750000E+00, -5.05892486008720E+01,  1.54990000000003E+02,  1.74549343528458E+02,  3.72201782175272E+03
 1.95183333300000E+03, -1.42674435140139E-01, -1.70303267500000E+00, -5.05948656986403E+01,  1.55170000000003E+02,  1.73399437224610E+02,  3.01709056621583E+03
 1.95191666700000E+03, -1.47555946077420E-01, -1.68605192250000E+00, -5.05999634366182E+01,  1.55350000000003E+02,  1.80249554714362E+02,  3.47817648862546E+03
 1.95200000000000E+03, -1.51580502534456E-01, -1.66381075250000E+00, -5.06045422144613E+01,  1.55530000000003E+02,  3.04073488305632E+02,  1.55451931562756E+03
 1.95208333300000E+03, -1.53548439488336E-01, -1.63610834750000E+00, -5.06086024885393E+01,  1.55710000000003E+02,  2.98942880535399E+02,  2.12269757933524E+03
 1.95216666700000E+03, -1.53855248393566E-01, -1.60228053750000E+00, -5.06121447717811E+01,  1.55890000000003E+02,  2.37007822390379E+02,  4.02143026481019E+03
 1.95225000000000E+03, -1.54592623818294E-01, -1.56121005750000E+00, -5.06151696335126E+01,  1.56070000000003E+02,  2.29999656794530E+02,  4.77172556973569E+03
 1.95233333300000E+03, -1.57723171937425E-01, -1.51138209750000E+00, -5.06176776992864E+01,  1.56250000000003E+02,  1.98815304353108E+02,  5.70638070211236E+03
 1.95241666700000E+03, -1.63048316966864E-01, -1.45098187000000E+00, -5.06196696507034E+01,  1.56430000000003E+02,  7.85306492542628E+01,  6.47383130196078E+03
 1.95250000000000E+03, -1.67997185325795E-01, -1.37802784250000E+00, -5.06211462252271E+01,  1.56610000000003E+02,  1.33110251768219E+02,  7.91784123393788E+03
 1.95258333300000E+03, -8.46698139041564E-02, -1.29053160250000E+00, -5.06221082159894E+01,  1.56790000000003E+02,  1.24688733012657E+02,  7.21500402139792E+03
 1.95266666700000E+03,  8.09809302000006E-02, -1.18667330000000E+00, -4.47763513603133E+01,  1.56970000000003E+02,  1.39330124645444E+02,  6.76741217274132E+03
 1.95275000000000E+03,  1.59154508143773E-01, -1.06498029600000E+00, -4.48075955494837E+01,  1.57150000000003E+02,  1.74140322563878E+02,  5.13381345057851E+03
 1.95283333300000E+03,  1.69656591076016E-01, -9.24496193500000E-01, -4.48383918776772E+01,  1.57330000000003E+02,  1.69066137144549E+02,  3.98437614971947E+03
 1.95291666700000E+03,  2.05380438189456E-01, -7.64927882500000E-01, -4.48687378993352E+01,  1.57510000000003E+02,  8.85222011975566E+01,  2.21010860352213E+03
 1.95300000000000E+03,  2.56596067150935E-01, -5.86759488250000E-01, -4.48986312193530E+01,  1.57690000000003E+02,  1.85739537623548E+02,  2.36216732909454E+03
 1.95308333300000E+03,  3.12587725892564E-01, -3.91324104000000E-01, -4.49280694933296E+01,  1.57870000000003E+02,  2.16397472281732E+02,  2.68090189954394E+03
 1.95316666700000E+03,  3.61999172625424E-01, -1.80826855100000E-01, -4.49570504278100E+01,  1.58050000000003E+02,  1.98308520407943E+02,  3.97395693285157E+03
 1.95325000000000E+03,  3.94253311449426E-01,  4.16840558000000E-02, -4.49855717805204E+01,  1.58230000000003E+02,  2.17693792640501E+02,  4.07835144189534E+03
 1.95333333300000E+03,  4.02191392998143E-01,  2.72398353900000E-01, -4.50136313605966E+01,  1.58410000000003E+02,  3.77885237383707E+02,  4.66974899472134E+03
 1.95341666700000E+03,  3.84233487837014E-01,  5.06873413500000E-01, -4.50412270288047E+01,  1.58590000000003E+02,  3.72276969466881E+02,  3.69314061928915E+03
 1.95350000000000E+03,  3.44167851618243E-01,  7.40206195750000E-01, -4.50683566977546E+01,  1.58770000000004E+02,  3.29682401944162E+02,  3.63487372591617E+03
 1.95358333300000E+03,  2.14694129205820E-01,  9.67238145000000E-01, -4.50950183321070E+01,  1.58950000000004E+02,  4.52537309376570E+02,  2.44482618190637E+03
 1.95366666700000E+03,  1.86138263170040E-02,  1.18278161150000E+00, -5.05684585540056E+01,  1.59130000000004E+02,  6.07324818960513E+02,  3.44723366956161E+03
 1.95375000000000E+03, -7.43965109398305E-02,  1.38185490250000E+00, -5.05756926711837E+01,  1.59310000000004E+02,  4.61722466555675E+02,  2.82975580898998E+03
 1.95383333300000E+03, -7.68919267437206E-02,  1.55991242250000E+00, -5.05824065496971E+01,  1.59490000000004E+02,  3.92327803429488E+02,  3.11162058864551E+03
 1.95391666700000E+03, -7.82168488049482E-02,  1.71305660250000E+00, -5.05886004119354E+01,  1.59670000000004E+02,  3.83176900952783E+02,  3.09885995305858E+03
 1.95400000000000E+03, -7.82885741320060E-02,  1.83821933000000E+00, -5.05942745374308E+01,  1.59850000000004E+02,  2.61925056215312E+02,  2.90017846627993E+03
 1.95408333300000E+03, -7.69269875662723E-02,  1.93330241500000E+00, -5.05994292627293E+01,  1.60030000000004E+02,  1.51359591518350E+02,  2.67036010088432E+03
 1.95416666700000E+03, -7.54290821040718E-02,  1.99726912000000E+00, -5.06040649812526E+01,  1.60210000000004E+02,  1.54369856478551E+02,  2.35308888285897E+03
 1.95425000000000E+03, -7.65465046291524E-02,  2.03018167500000E+00, -5.06081821431527E+01,  1.60390000000004E+02,  2.52859927174904E+02,  1.74574634550262E+03
 1.95433333300000E+03, -8.25971546666248E-02,  2.03318298750000E+00, -5.06117812551583E+01,  1.60570000000004E+02,  3.17292627331355E+02,  1.27036728495870E+03
 1.95441666700000E+03, -9.34282081331937E-02,  2.00842405750000E+00, -5.06148628804132E+01,  1.60750000000004E+02,  3.04967278741666E+02,  1.41710508419890E+03
 1.95450000000000E+03, -1.06246669486776E-01,  1.95894179000000E+00, -5.06174276383069E+01,  1.60930000000004E+02,  4.59176318627727E+02,  1.08445027958170E+03
 1.95458333300000E+03, -2.60994027528925E-01,  1.88849481000000E+00, -5.06194762042975E+01,  1.61110000000004E+02,  4.63029988731866E+02,  1.07131742350491E+03
 1.95466666700000E+03, -5.10772135329170E-01,  1.80136721500000E+00, -4.00591266000535E+01,  1.61290000000004E+02,  3.55654134255738E+02,  2.32341689018635E+03
 1.95475000000000E+03, -5.19228182427032E-01,  1.70215194000000E+00, -4.00964186570510E+01,  1.61470000000004E+02,  2.94904612640363E+02,  2.14670926087528E+03
 1.95483333300000E+03, -3.29843186680233E-01,  1.59552636250000E+00, -4.01341102777212E+01,  1.61650000000004E+02,  3.10764086405179E+02,  2.20144781592144E+03
 1.95491666700000E+03, -1.45868736416539E-01,  1.48603295500000E+00, -4.01721988115143E+01,  1.61830000000004E+02,  9.97191840205147E+01,  3.79124980638142E+03
 1.95500000000000E+03,  1.24984417518674E-02,  1.37787717250000E+00, -4.02106815561255E+01,  1.62010000000004E+02,  8.49052438721409E+01,  3.75564604413226E+03
 1.95508333300000E+03,  1.33330946425021E-01,  1.27475338500000E+00, -4.02495557577650E+01,  1.62190000000004E+02,  7.46416164750956E+01,  2.78582612311517E+03
 1.95516666700000E+03,  2.11983601562785E-01,  1.17970768250000E+00, -4.02888186114347E+01,  1.62370000000004E+02,  5.49789070297646E+01,  4.22652304980525E+03
 1.95525000000000E+03,  2.49204200601414E-01,  1.09504384000000E+00, -4.03284672612140E+01,  1.62550000000004E+02,  1.41157845898772E+02,  4.02648465424022E+03
 1.95533333300000E+03,  2.49510092349856E-01,  1.02227591750000E+00, -4.03684988005521E+01,  1.62730000000004E+02,  1.44942160028460E+02,  3.32890764468118E+03
 1.95541666700000E+03,  2.19556371395559E-01,  9.62128003000000E-01, -4.04089102725694E+01,  1.62910000000004E+02,  2.00153386235439E+02,  4.37982985886042E+03
 1.95550000000000E+03,  1.65946142923635E-01,  9.14578655000000E-01, -4.04496986703644E+01,  1.63090000000004E+02,  2.21522272620329E+02,  4.14723846379453E+03
 1.95558333300000E+03, -5.02682913753505E-02,  8.78944965500000E-01, -4.04908609373306E+01,  1.63270000000004E+02,  2.31285550401117E+02,  2.91748077409227E+03
 1.95566666700000E+03, -3.90481733169671E-01,  8.53998876250000E-01, -4.07697047365214E+01,  1.63450000000004E+02,  1.80722406803632E+02,  3.15783187349092E+03
 1.95575000000000E+03, -5.21281810689559E-01,  8.38106655750000E-01, -4.07402806513455E+01,  1.63630000000004E+02,  2.56521424895795E+02,  2.34838978733709E+03
 1.95583333300000E+03, -4.61758033470867E-01,  8.29381396000000E-01, -4.07108929102901E+01,  1.63810000000004E+02,  1.89284553070583E+02,  1.73784277613048E+03
 1.95591666700000E+03, -3.86269329485935E-01,  8.25838000500000E-01, -4.06815448228784E+01,  1.63990000000004E+02,  1.88500947583537E+02,  1.82095972317221E+03
 1.95600000000000E+03, -2.99514743856434E-01,  8.25540470500000E-01, -4.06522397211970E+01,  1.64170000000004E+02,  1.91325235960372E+02,  1.77817852518284E+03
 1.95608333300000E+03, -2.06618622357208E-01,  8.26732294000000E-01, -4.06229809593789E+01,  1.64350000000004E+02,  1.38910473097098E+02,  2.43675314940665E+03
 1.95616666700000E+03, -1.13905008217574E-01,  8.27942318250000E-01, -4.05937719130825E+01,  1.64530000000004E+02,  7.81251496599688E+01,  2.86030019962727E+03
 1.95625000000000E+03, -2.83037173569681E-02,  8.28060508500000E-01, -4.05646159789659E+01,  1.64710000000004E+02,  9.94209575771576E+01,  2.38520815396027E+03
 1.95633333300000E+03,  4.48006349124834E-02,  8.26380331500000E-01, -4.05355165741560E+01,  1.64890000000004E+02,  9.62234391623887E+01,  2.90905868220644E+03
 1.95641666700000E+03,  1.03572720881742E-01,  8.22606977000000E-01, -4.05064771357144E+01,  1.65070000000004E+02,  1.36874055531032E+02,  3.88595738784117E+03
 1.95650000000000E+03,  1.49653406169045E-01,  8.16833057750000E-01, -4.04775011200978E+01,  1.65250000000004E+02,  1.36109067618828E+02,  3.21401433499359E+03
 1.95658333300000E+03,  1.39311709374251E-01,  8.09485656000000E-01, -4.04485920026148E+01,  1.65430000000004E+02,  1.14406960686184E+02,  2.27402536322028E+03
 1.95666666700000E+03,  2.08566031409783E-02,  8.01250464000000E-01, -4.44240895744102E+01,  1.65610000000004E+02,  9.99167454371139E+01,  3.02754833986411E+03
 1.95675000000000E+03, -1.45192273576821E-01,  7.92980165500000E-01, -4.43836224156479E+01,  1.65790000000004E+02,  7.96814301450998E+01,  2.73940489712159E+03
 1.95683333300000E+03, -2.57394675083220E-01,  7.85595040250000E-01, -4.43432956493865E+01,  1.65970000000004E+02,  9.39201162369226E+01,  2.46139369985339E+03
 1.95691666700000E+03, -2.73089394912287E-01,  7.79984009250000E-01, -4.43031115086846E+01,  1.66150000000004E+02,  9.54053962924635E+01,  2.39898186882922E+03
 1.95700000000000E+03, -1.88948724820382E-01,  7.76913963750000E-01, -4.42630721852473E+01,  1.66330000000004E+02,  9.98683325878838E+01,  2.43783708680708E+03
 1.95708333300000E+03, -2.73032563560442E-02,  7.76954279000000E-01, -4.42231798292192E+01,  1.66510000000004E+02,  1.01542096100720E+02,  3.25960390217472E+03
 1.95716666700000E+03,  1.68681382163494E-01,  7.80421991250000E-01, -4.41834365489838E+01,  1.66690000000004E+02,  1.02822801376392E+02,  3.15982836349488E+03
 1.95725000000000E+03,  3.46905184369783E-01,  7.87351320750000E-01, -4.41438444109712E+01,  1.66870000000004E+02,  4.14860830709743E+01,  2.48409966119427E+03
 1.95733333300000E+03,  4.62120513111407E-01,  7.97489196500000E-01, -4.41044054394725E+01,  1.67050000000004E+02,  4.97299826922183E+01,  2.91385649513862E+03
 1.95741666700000E+03,  4.89901243897813E-01,  8.10316335000000E-01, -4.40651216164625E+01,  1.67230000000004E+02,  5.10679505445833E+01,  5.06986770580625E+03
 1.95750000000000E+03,  4.33433188119056E-01,  8.25091400750000E-01, -4.40259948814285E+01,  1.67410000000004E+02,  7.98043545386295E+01,  4.27599565042048E+03
 1.95758333300000E+03,  2.90685037103997E-01,  8.40913981250000E-01, -4.39870271312077E+01,  1.67590000000004E+02,  8.84881023144732E+01,  4.95704544884844E+03
 1.95766666700000E+03,  1.18223107372033E-01,  8.56800669750000E-01, -4.29419793759303E+01,  1.67770000000004E+02,  9.12711908862942E+01,  5.88342729947476E+03
 1.95775000000000E+03,  3.55482264428390E-02,  8.71767571000000E-01, -4.29971079190371E+01,  1.67950000000004E+02,  7.51498241985679E+01,  5.23377909928012E+03
 1.95783333300000E+03,  4.40464860541331E-02,  8.84912107750000E-01, -4.30523933521248E+01,  1.68130000000004E+02,  7.82421466479888E+01,  3.09676031922613E+03
 1.95791666700000E+03,  6.07077683010171E-02,  8.95487119250000E-01, -4.31078306149590E+01,  1.68310000000004E+02,  7.71003223246550E+01,  2.32001905546626E+03
 1.95800000000000E+03,  3.54658281521379E-02,  9.02960900750000E-01, -4.31634146242092E+01,  1.68490000000004E+02,  1.15970003420182E+02,  1.75067916932753E+03
 1.95808333300000E+03, -3.80418486442011E-02,  9.07058001000000E-01, -4.32191402740811E+01,  1.68670000000004E+02,  1.08516324509678E+02,  9.39737273726248E+02
 1.95816666700000E+03, -1.10531084567853E-01,  9.07777158750000E-01, -4.32750024369540E+01,  1.68850000000004E+02,  1.42618547594965E+02,  1.01847911685489E+03
 1.95825000000000E+03, -1.00678631807111E-01,  9.05384608250000E-01, -4.33309959640208E+01,  1.69030000000004E+02,  1.70388185824427E+02,  1.65756465360003E+03
 1.95833333300000E+03,  5.60935713256655E-02,  9.00382994750000E-01, -4.33871156859308E+01,  1.69210000000004E+02,  1.66701863781398E+02,  1.69699922498709E+03
 1.95841666700000E+03,  3.60338921364006E-01,  8.93458139750000E-01, -4.34433564134371E+01,  1.69390000000004E+02,  1.29081203414125E+02,  1.40333328831718E+03
 1.95850000000000E+03,  7.31804295298095E-01,  8.85407740250000E-01, -4.34997129380458E+01,  1.69570000000004E+02,  1.91687206812597E+02,  1.49420540280162E+03
 1.95858333300000E+03,  8.90750131587308E-01,  8.77057643250000E-01, -4.35561800326691E+01,  1.69750000000004E+02,  1.85108911509685E+02,  2.41914339795460E+03
 1.95866666700000E+03,  7.42055694308792E-01,  8.69172473500000E-01, -4.45594827871681E+01,  1.69930000000004E+02,  1.47163848400047E+02,  1.66378941153598E+03
 1.95875000000000E+03,  5.78208375113612E-01,  8.62368027250000E-01, -4.46170344903164E+01,  1.70110000000004E+02,  2.09714862316023E+02,  2.06925507880936E+03
 1.95883333300000E+03,  4.52287400022050E-01,  8.57032919750000E-01, -4.46745918074009E+01,  1.70290000000004E+02,  2.27688719560822E+02,  2.01228127631051E+03
 1.95891666700000E+03,  2.99086408188874E-01,  8.53266476250000E-01, -4.47321492778214E+01,  1.70470000000004E+02,  1.89660129343398E+02,  1.85039623129503E+03
 1.95900000000000E+03,  2.02419731398380E-01,  8.50838811750000E-01, -4.47897014369927E+01,  1.70650000000004E+02,  2.01762836858123E+02,  1.05138335996105E+03
 1.95908333300000E+03,  2.00081364448072E-01,  8.49177520250000E-01, -4.48472428170401E+01,  1.70830000000004E+02,  2.70887360119707E+02,  1.14529729955296E+03
 1.95916666700000E+03,  2.70506518697581E-01,  8.47383501000000E-01, -4.49047679474937E+01,  1.71010000000004E+02,  1.85728528926593E+02,  1.02556751909924E+03
 1.95925000000000E+03,  3.54030193298815E-01,  8.44276303250000E-01, -4.49622713559837E+01,  1.71190000000004E+02,  1.64479782087085E+02,  2.03001613932642E+03
 1.95933333300000E+03,  3.91273578614757E-01,  8.38467134750000E-01, -4.50197475689364E+01,  1.71370000000004E+02,  1.40889060015846E+02,  2.11669434778244E+03
 1.95941666700000E+03,  3.53457652657083E-01,  8.28455514750000E-01, -4.50771911122702E+01,  1.71550000000004E+02,  1.72334519887648E+02,  3.06497512549245E+03
 1.95950000000000E+03,  2.48592522210353E-01,  8.12743603500000E-01, -4.51345965120921E+01,  1.71730000000004E+02,  1.35026721188378E+02,  3.19576325909615E+03
 1.95958333300000E+03,  1.42083893760071E-01,  7.89960666000000E-01, -4.51919582953943E+01,  1.71910000000004E+02,  1.28360207935301E+02,  3.42380040450452E+03
 1.95966666700000E+03,  9.10284740169805E-02,  7.58989044500000E-01, -5.02815333074316E+01,  1.72090000000004E+02,  2.57381991018959E+02,  2.71452748599441E+03
 1.95975000000000E+03,  6.24154776473612E-02,  7.19082506750000E-01, -5.03000555349839E+01,  1.72270000000004E+02,  2.95326567942468E+02,  2.83149367384585E+03
 1.95983333300000E+03,  2.48458858086268E-02,  6.69967959000000E-01, -5.03180670440931E+01,  1.72450000000004E+02,  2.55616833187610E+02,  2.89072141537042E+03
 1.95991666700000E+03, -1.14992837407678E-02,  6.11922273250000E-01, -5.03355667947112E+01,  1.72630000000004E+02,  2.26073232162856E+02,  2.74138786175666E+03
 1.96000000000000E+03, -3.82064303186466E-02,  5.45817336500000E-01, -5.03525538047234E+01,  1.72810000000004E+02,  2.58257513689102E+02,  2.77391616367064E+03
 1.96008333300000E+03, -5.10770268575265E-02,  4.73128307250000E-01, -5.03690271499980E+01,  1.72990000000004E+02,  1.40894040304286E+02,  2.42020655692969E+03
 1.96016666700000E+03, -5.28863338256521E-02,  3.95902350000000E-01, -5.03849859644276E+01,  1.73170000000004E+02,  1.37059292076417E+02,  2.41778978275036E+03
 1.96025000000000E+03, -5.15158129961565E-02,  3.16687662250000E-01, -5.04004294399627E+01,  1.73350000000004E+02,  1.31899226885325E+02,  1.57122434074650E+03
 1.96033333300000E+03, -5.47163467295993E-02,  2.38425245500000E-01, -5.04153568266356E+01,  1.73530000000004E+02,  1.82609725454255E+02,  1.46022206599166E+03
 1.96041666700000E+03, -6.53536269358671E-02,  1.64308427150000E-01, -5.04297674325783E+01,  1.73710000000004E+02,  1.48941067429245E+02,  1.93459893516449E+03
 1.96050000000000E+03, -8.05337368046118E-02,  9.76174421500000E-02, -5.04436606240296E+01,  1.73890000000004E+02,  1.33519670136415E+02,  2.01081705170988E+03
 1.96058333300000E+03, -9.25471959318092E-02,  4.15382740775000E-02, -5.04570358253358E+01,  1.74070000000004E+02,  2.72618803621757E+02,  2.13041686228109E+03
 1.96066666700000E+03, -6.46146383773146E-02, -1.02369957000000E-03, -4.52320842426754E+01,  1.74250000000004E+02,  2.64410200922974E+02,  2.31616836438634E+03
 1.96075000000000E+03,  3.22746469770319E-02, -2.76240147225000E-02, -4.51893946456304E+01,  1.74430000000004E+02,  2.82161675838164E+02,  2.86354741766639E+03
 1.96083333300000E+03,  1.59666621989061E-01, -3.64421414000000E-02, -4.51467943831422E+01,  1.74610000000004E+02,  3.06734463585075E+02,  3.01452208721999E+03
 1.96091666700000E+03,  2.72726463420591E-01, -2.64166978475000E-02, -4.51042864382303E+01,  1.74790000000004E+02,  3.29165278125838E+02,  4.52143163859955E+03
 1.96100000000000E+03,  3.54261124112669E-01,  2.65625880500000E-03, -4.50618737579787E+01,  1.74970000000004E+02,  2.02570501860300E+02,  4.34747997825130E+03
 1.96108333300000E+03,  3.91389628252193E-01,  5.00689763025000E-02, -4.50195592531932E+01,  1.75150000000004E+02,  2.12146226539496E+02,  4.12502059205564E+03
 1.96116666700000E+03,  3.79780309649403E-01,  1.14196405725000E-01, -4.49773457980653E+01,  1.75330000000004E+02,  1.81370023970378E+02,  4.04513270174379E+03
 1.96125000000000E+03,  3.27036835862521E-01,  1.92541050750000E-01, -4.49352362298422E+01,  1.75510000000004E+02,  2.36207793009246E+02,  2.84962183657816E+03
 1.96133333300000E+03,  2.53605878382824E-01,  2.81827083000000E-01, -4.48932333485047E+01,  1.75690000000004E+02,  2.25421682778816E+02,  1.49043803957322E+03
 1.96141666700000E+03,  1.89119401875613E-01,  3.78139582500000E-01, -4.48513399164508E+01,  1.75870000000004E+02,  2.20759922713604E+02,  1.51107813039398E+03
 1.96150000000000E+03,  1.63596078803836E-01,  4.77102021750000E-01, -4.48095586581865E+01,  1.76050000000004E+02,  2.56909192611250E+02,  1.61506894950124E+03
 1.96158333300000E+03,  1.51651062677565E-01,  5.74082761250000E-01, -4.47678922600234E+01,  1.76230000000004E+02,  2.29527454239299E+02,  1.22277427556327E+03
 1.96166666700000E+03,  1.75778318570890E-01,  6.64419506250000E-01, -4.84972039535498E+01,  1.76410000000004E+02,  1.86450041004315E+02,  2.88811666311317E+03
 1.96175000000000E+03,  3.03785121185285E-01,  7.43649512000000E-01, -4.84586977119046E+01,  1.76590000000004E+02,  2.00207850903703E+02,  2.90885157405769E+03
 1.96183333300000E+03,  4.37964920502268E-01,  8.07732889000000E-01, -4.84199801470990E+01,  1.76770000000004E+02,  1.83043197094838E+02,  2.90839233545857E+03
 1.96191666700000E+03,  4.73545270788741E-01,  8.53256685000000E-01, -4.83810555575799E+01,  1.76950000000004E+02,  2.08539657390558E+02,  3.11687827061230E+03
 1.96200000000000E+03,  4.21927831204703E-01,  8.77608478750000E-01, -4.83419282467400E+01,  1.77130000000004E+02,  2.83391418354889E+02,  3.48825519691227E+03
 1.96208333300000E+03,  3.16143373322986E-01,  8.79109951250000E-01, -4.83026025222797E+01,  1.77310000000004E+02,  2.66472920416517E+02,  2.61360335272960E+03
 1.96216666700000E+03,  1.99767812615702E-01,  8.57103200500000E-01, -4.82630826955695E+01,  1.77490000000004E+02,  2.71576362189271E+02,  2.77708046103180E+03
 1.96225000000000E+03,  1.14273810082708E-01,  8.11985277000000E-01, -4.82233730810121E+01,  1.77670000000004E+02,  2.56348355709673E+02,  2.42140300161212E+03
 1.96233333300000E+03,  8.85883653370441E-02,  7.45189383500000E-01, -4.81834779954063E+01,  1.77850000000004E+02,  2.76739141896913E+02,  2.05815039639607E+03
 1.96241666700000E+03,  1.32638802119875E-01,  6.59114215500000E-01, -4.81434017573115E+01,  1.78030000000004E+02,  2.26639014133512E+02,  2.13869306943845E+03
 1.96250000000000E+03,  2.35325078012427E-01,  5.57005827750000E-01, -4.81031486864121E+01,  1.78210000000004E+02,  2.09387172407653E+02,  1.40787490967499E+03
 1.96258333300000E+03,  2.48592588372557E-01,  4.42799020500000E-01, -4.80627231028842E+01,  1.78390000000004E+02,  2.57710906066647E+02,  1.38051073675460E+03
 1.96266666700000E+03,  9.23749756525325E-02,  3.20927392000000E-01, -4.77834906101740E+01,  1.78570000000004E+02,  2.88306057474454E+02,  1.43128689846771E+03
 1.96275000000000E+03, -4.24679516217987E-02,  1.96112773550000E-01, -4.77418672336420E+01,  1.78750000000004E+02,  2.07332593792936E+02,  1.33293124494768E+03
 1.96283333300000E+03, -7.76438072100334E-02,  7.31456594500000E-02, -4.77001092956638E+01,  1.78930000000004E+02,  1.77317267995127E+02,  1.06107472376575E+03
 1.96291666700000E+03, -7.58857423069498E-02, -4.33315705000000E-02, -4.76582210879431E+01,  1.79110000000004E+02,  1.96196683790259E+02,  1.00030905024696E+03
 1.96300000000000E+03, -5.53816570751143E-02, -1.49027368150000E-01, -4.76162068959170E+01,  1.79290000000004E+02,  1.78368434185817E+02,  6.19803145838749E+02
 1.96308333300000E+03, -3.74481079768259E-02, -2.40179596250000E-01, -4.75740709981411E+01,  1.79470000000004E+02,  2.54454903201851E+02,  1.44218699161736E+03
 1.96316666700000E+03, -3.91326175000711E-02, -3.13701653500000E-01, -4.75318176656769E+01,  1.79650000000004E+02,  2.49248091494638E+02,  1.72122653185159E+03
 1.96325000000000E+03, -6.68758297002680E-02, -3.67290034750000E-01, -4.74894511614815E+01,  1.79830000000004E+02,  2.39109892008951E+02,  2.36329814178617E+03
 1.96333333300000E+03, -1.13339291897992E-01, -3.99489713000000E-01, -4.74469757397994E+01,  1.80010000000004E+02,  2.36230690578514E+02,  2.35828208579806E+03
 1.96341666700000E+03, -1.59531424781493E-01, -4.09716353250000E-01, -4.74043956455575E+01,  1.80190000000004E+02,  2.15712283694282E+02,  2.48169584488145E+03
 1.96350000000000E+03, -1.82539511911709E-01, -3.98236936000000E-01, -4.73617151137618E+01,  1.80370000000004E+02,  1.00914700179880E+02,  1.64864939165295E+03
 1.96358333300000E+03, -2.65610630400658E-01, -3.66112716750000E-01, -4.73189383688977E+01,  1.80550000000004E+02,  1.21688860136226E+02,  1.88167035006195E+03
 1.96366666700000E+03, -4.49264872800345E-01, -3.15110437000000E-01, -3.68474631942429E+01,  1.80730000000004E+02,  2.19421478857891E+02,  1.13653528027716E+03
 1.96375000000000E+03, -5.78648087951250E-01, -2.47589206000000E-01, -3.68187967610889E+01,  1.80910000000004E+02,  2.47251319575040E+02,  1.24106330744401E+03
 1.96383333300000E+03, -6.05850091787571E-01, -1.66371402275000E-01, -3.67900807190601E+01,  1.81090000000004E+02,  2.03281932261564E+02,  1.33845763845895E+03
 1.96391666700000E+03, -5.87043874870115E-01, -7.46062697750000E-02, -3.67613173694976E+01,  1.81270000000004E+02,  2.57783340183187E+02,  2.68147286669947E+03
 1.96400000000000E+03, -5.30386962948739E-01,  2.43654017750000E-02, -3.67325090473738E+01,  1.81450000000004E+02,  2.15403586658595E+02,  2.66318619828408E+03
 1.96408333300000E+03, -4.47812195811336E-01,  1.27137973275000E-01, -3.67036581209779E+01,  1.81630000000004E+02,  1.64940139273784E+02,  2.50712914650292E+03
 1.96416666700000E+03, -3.54237627863117E-01,  2.30352821750000E-01, -3.66747669915947E+01,  1.81810000000004E+02,  1.68891440466608E+02,  3.26218048741488E+03
 1.96425000000000E+03, -2.65106230057089E-01,  3.30790863750000E-01, -3.66458380931765E+01,  1.81990000000004E+02,  2.35329840644730E+02,  4.80387346876228E+03
 1.96433333300000E+03, -1.92503752075656E-01,  4.25443148000000E-01, -3.66168738920103E+01,  1.82170000000004E+02,  2.72336866621033E+02,  3.74013217605411E+03
 1.96441666700000E+03, -1.41926249731050E-01,  5.11558923750000E-01, -3.65878768863775E+01,  1.82350000000004E+02,  3.18841490301988E+02,  4.12520203549913E+03
 1.96450000000000E+03, -1.11831460573129E-01,  5.86672502750000E-01, -3.65588496062085E+01,  1.82530000000004E+02,  3.42029505865635E+02,  4.33147926991946E+03
 1.96458333300000E+03, -1.44081721169125E-01,  6.48611915250000E-01, -3.65297946127309E+01,  1.82710000000004E+02,  4.16867088118418E+02,  3.98393860935506E+03
 1.96466666700000E+03, -2.34897240353715E-01,  6.95493682750000E-01, -3.36978281854290E+01,  1.82890000000004E+02,  3.54167133130112E+02,  2.18869460862294E+03
 1.96475000000000E+03, -2.85455845897608E-01,  7.25708903500000E-01, -3.36948160554864E+01,  1.83070000000004E+02,  2.93136442685436E+02,  2.11603165043316E+03
 1.96483333300000E+03, -2.88495580647389E-01,  7.37906196750000E-01, -3.36922061316107E+01,  1.83250000000004E+02,  3.25411747338794E+02,  1.32269826398312E+03
 1.96491666700000E+03, -2.87801054438248E-01,  7.30976867000000E-01, -3.36900004531969E+01,  1.83430000000004E+02,  3.60468451442981E+02,  1.80492655698307E+03
 1.96500000000000E+03, -2.83349597559338E-01,  7.04046953500000E-01, -3.36882010194251E+01,  1.83610000000004E+02,  2.56758590012874E+02,  1.58833565277226E+03
 1.96508333300000E+03, -2.75179289481116E-01,  6.56479671500000E-01, -3.36868097888577E+01,  1.83790000000004E+02,  2.80521629362450E+02,  1.79571363317103E+03
 1.96516666700000E+03, -2.64990833049252E-01,  5.87890241500000E-01, -3.36858286790398E+01,  1.83970000000004E+02,  3.52901469278465E+02,  1.60283862903685E+03
 1.96525000000000E+03, -2.56088239747670E-01,  4.98173364500000E-01, -3.36852595661073E+01,  1.84150000000004E+02,  2.99915490792083E+02,  1.52034953408909E+03
 1.96533333300000E+03, -2.51403172555035E-01,  3.87541783500000E-01, -3.36851042843988E+01,  1.84330000000004E+02,  3.02233116235597E+02,  1.51201007145945E+03
 1.96541666700000E+03, -2.51345895212879E-01,  2.56572631000000E-01, -3.36853646260746E+01,  1.84510000000004E+02,  3.04831780416190E+02,  3.11700259022185E+03
 1.96550000000000E+03, -2.53528809504738E-01,  1.06256743675000E-01, -3.36860423407409E+01,  1.84690000000004E+02,  3.51985090567612E+02,  3.18105877848086E+03
 1.96558333300000E+03, -1.63336497972250E-01, -6.19550151500000E-02, -3.36871391350796E+01,  1.84870000000004E+02,  2.68603738898827E+02,  3.29829587623241E+03
 1.96566666700000E+03, -6.14022176551335E-03, -2.46115043075000E-01, -3.59935677828663E+01,  1.85050000000005E+02,  2.70270565452318E+02,  3.56320258859964E+03
 1.96575000000000E+03,  9.80687808047505E-03, -4.43758618250000E-01, -3.59645231216593E+01,  1.85230000000005E+02,  1.93236180586659E+02,  3.29228458121126E+03
 1.96583333300000E+03, -8.44366818228663E-02, -6.51906067500000E-01, -3.59355091970635E+01,  1.85410000000005E+02,  2.80060452901907E+02,  1.97600999193761E+03
 1.96591666700000E+03, -1.65741807889731E-01, -8.67092605000000E-01, -3.59065291452579E+01,  1.85590000000005E+02,  2.27650863583270E+02,  2.16167025676358E+03
 1.96600000000000E+03, -2.30562406845139E-01, -1.08542933375000E+00, -3.58775861244035E+01,  1.85770000000005E+02,  2.08211026589656E+02,  2.72118310724663E+03
 1.96608333300000E+03, -2.77340843363172E-01, -1.30269682250000E+00, -3.58486833141689E+01,  1.85950000000005E+02,  1.82439092139215E+02,  2.61578856978736E+03
 1.96616666700000E+03, -3.07739377028337E-01, -1.51447027500000E+00, -3.58198239152529E+01,  1.86130000000005E+02,  1.51798346448774E+02,  2.83166236415402E+03
 1.96625000000000E+03, -3.26024273678870E-01, -1.71627280000000E+00, -3.57910111489006E+01,  1.86310000000005E+02,  4.38528402305254E+01,  2.82067930797307E+03
 1.96633333300000E+03, -3.36494197047654E-01, -1.90375080750000E+00, -3.57622482564177E+01,  1.86490000000005E+02,  3.11514823828051E+01,  2.40185703919600E+03
 1.96641666700000E+03, -3.40835403823895E-01, -2.07286325250000E+00, -3.57335384986789E+01,  1.86670000000005E+02,  3.27137239669564E+01,  1.73401764436380E+03
 1.96650000000000E+03, -3.37553768976687E-01, -2.22007462500000E+00, -3.57048851556324E+01,  1.86850000000005E+02,  3.95426668953341E+01,  1.80249471160961E+03
 1.96658333300000E+03, -1.41341069805901E-01, -2.34254032250000E+00, -3.56762915258017E+01,  1.87030000000005E+02,  1.06973291750775E+02,  1.78064417197067E+03
 1.96666666700000E+03,  2.07750438511264E-01, -2.43827240750000E+00, -3.92099144919788E+01,  1.87210000000005E+02,  1.24980001778772E+02,  1.30442083075399E+03
 1.96675000000000E+03,  2.96887969571794E-01, -2.50627397750000E+00, -3.91911717851728E+01,  1.87390000000005E+02,  1.57630202745840E+02,  1.72091445643819E+03
 1.96683333300000E+03,  1.56579426734556E-01, -2.54663140500000E+00, -3.91723409582112E+01,  1.87570000000005E+02,  1.74715740663754E+02,  2.53169946198280E+03
 1.96691666700000E+03,  9.75347331209915E-03, -2.56055545500000E+00, -3.91534205861505E+01,  1.87750000000005E+02,  1.81356591412753E+02,  3.64521018849607E+03
 1.96700000000000E+03, -1.35767942952377E-01, -2.55036486500000E+00, -3.91344092746365E+01,  1.87930000000005E+02,  1.26320620989988E+02,  3.10686372445253E+03
 1.96708333300000E+03, -2.71869878464022E-01, -2.51940910750000E+00, -3.91153056602622E+01,  1.88110000000005E+02,  1.34338357018397E+02,  3.45505793086622E+03
 1.96716666700000E+03, -3.92267468045217E-01, -2.47193055000000E+00, -3.90961084109201E+01,  1.88290000000005E+02,  9.01729264305357E+01,  3.03201566581453E+03
 1.96725000000000E+03, -4.92981700698051E-01, -2.41286999500000E+00, -3.90768162261492E+01,  1.88470000000005E+02,  1.12599760505161E+02,  2.49350598232193E+03
 1.96733333300000E+03, -5.70873095331444E-01, -2.34762329750000E+00, -3.90574278374759E+01,  1.88650000000005E+02,  1.19638695761520E+02,  1.98879042320573E+03
 1.96741666700000E+03, -6.21936113659139E-01, -2.28176023750000E+00, -3.90379420087501E+01,  1.88830000000005E+02,  1.17155400238856E+02,  2.14531573510318E+03
 1.96750000000000E+03, -6.41363118327731E-01, -2.22071973500000E+00, -3.90183575364736E+01,  1.89010000000005E+02,  8.93972951182588E+01,  1.71320544443528E+03
 1.96758333300000E+03, -5.18648248328229E-01, -2.16949772250000E+00, -3.89986732501251E+01,  1.89190000000005E+02,  1.57424167234633E+02,  1.78793284665547E+03
 1.96766666700000E+03, -2.54188031394065E-01, -2.13234538250000E+00, -3.01575264462328E+01,  1.89370000000005E+02,  1.55133436958477E+02,  1.53766311738666E+03
 1.96775000000000E+03, -7.88800852580155E-02, -2.11249572000000E+00, -3.01321587014391E+01,  1.89550000000005E+02,  1.50649986805053E+02,  1.27743913485743E+03
 1.96783333300000E+03, -2.31223182591485E-02, -2.11193568750000E+00, -3.01069423785534E+01,  1.89730000000005E+02,  1.39654523879366E+02,  1.31353877996184E+03
 1.96791666700000E+03,  4.63042676572480E-03, -2.13123926500000E+00, -3.00818809251492E+01,  1.89910000000005E+02,  1.58701363064541E+02,  1.37297417425236E+03
 1.96800000000000E+03,  5.87649954935118E-03, -2.16947402250000E+00, -3.00569777910565E+01,  1.90090000000005E+02,  1.57369015690138E+02,  2.87800303816886E+03
 1.96808333300000E+03, -1.42173415795904E-02, -2.22418993250000E+00, -3.00322364278218E+01,  1.90270000000005E+02,  1.46576538018347E+02,  3.04403245313954E+03
 1.96816666700000E+03, -4.91338962649958E-02, -2.29149478500000E+00, -3.00076602881671E+01,  1.90450000000005E+02,  2.25550185021478E+02,  2.59378624695910E+03
 1.96825000000000E+03, -9.20066769421037E-02, -2.36621572250000E+00, -2.99832528254475E+01,  1.90630000000005E+02,  3.04116567807674E+02,  2.48643592010309E+03
 1.96833333300000E+03, -1.34907522706589E-01, -2.44214132750000E+00, -2.99590174931083E+01,  1.90810000000005E+02,  2.81114638885757E+02,  2.43087852123765E+03
 1.96841666700000E+03, -1.68003380053672E-01, -2.51233381500000E+00, -2.99349577441408E+01,  1.90990000000005E+02,  4.56823038903162E+02,  2.32502638694583E+03
 1.96850000000000E+03, -1.80470943287948E-01, -2.56949644500000E+00, -2.99110770305370E+01,  1.91170000000005E+02,  4.30387401535129E+02,  2.22488100928968E+03
 1.96858333300000E+03, -1.95256101271861E-01, -2.60637748500000E+00, -2.98873788027444E+01,  1.91350000000005E+02,  3.37300880045762E+02,  1.98244610763095E+03
 1.96866666700000E+03, -2.42115535302676E-01, -2.61618926750000E+00, -3.58710486570609E+01,  1.91530000000005E+02,  3.11411692030329E+02,  2.91423023308635E+03
 1.96875000000000E+03, -2.92290295144268E-01, -2.59301927500000E+00, -3.58291186103572E+01,  1.91710000000005E+02,  3.82476120674586E+02,  3.31070829165221E+03
 1.96883333300000E+03, -3.16925611995176E-01, -2.53220984000000E+00, -3.57872539366138E+01,  1.91890000000005E+02,  1.96873944342077E+02,  2.30551236936413E+03
 1.96891666700000E+03, -3.20405756267979E-01, -2.43068401500000E+00, -3.57454575692390E+01,  1.92070000000005E+02,  2.03457190513399E+02,  2.33884791891166E+03
 1.96900000000000E+03, -3.06566898481667E-01, -2.28719754000000E+00, -3.57037324118120E+01,  1.92250000000005E+02,  2.38038125110946E+02,  2.29015510291373E+03
 1.96908333300000E+03, -2.75681179866523E-01, -2.10250039250000E+00, -3.56620813377517E+01,  1.92430000000005E+02,  2.02196240143846E+02,  1.27182000501320E+03
 1.96916666700000E+03, -2.27291008469216E-01, -1.87939595500000E+00, -3.56205071899904E+01,  1.92610000000005E+02,  1.60925070614055E+02,  2.01325995587175E+03
 1.96925000000000E+03, -1.63269823439869E-01, -1.62269127500000E+00, -3.55790127806536E+01,  1.92790000000005E+02,  1.08250469963768E+02,  2.60153340471491E+03
 1.96933333300000E+03, -8.91895720078413E-02, -1.33903782250000E+00, -3.55376008907436E+01,  1.92970000000005E+02,  1.44731677198424E+02,  2.36839543457860E+03
 1.96941666700000E+03, -1.39272593561632E-02, -1.03666822750000E+00, -3.54962742698301E+01,  1.93150000000005E+02,  1.75201672056074E+02,  2.79734397459983E+03
 1.96950000000000E+03,  5.16179222772172E-02, -7.25040398250000E-01, -3.54550356357456E+01,  1.93330000000005E+02,  2.15194236309563E+02,  2.72779205143342E+03
 1.96958333300000E+03,  1.61521184421260E-01, -4.14405845750000E-01, -3.54138876742857E+01,  1.93510000000005E+02,  1.93092008544208E+02,  1.68083546502306E+03
 1.96966666700000E+03,  3.11322166628901E-01, -1.15323624000000E-01, -2.83513226060649E+01,  1.93690000000005E+02,  3.00994518250326E+02,  7.23829877850476E+02
 1.96975000000000E+03,  3.77130376619772E-01,  1.61855247500000E-01, -2.83270928302004E+01,  1.93870000000005E+02,  2.55889318547740E+02,  1.10614370641762E+03
 1.96983333300000E+03,  3.65552958652987E-01,  4.07505881000000E-01, -2.83027566971982E+01,  1.94050000000005E+02,  2.29491392040375E+02,  1.69539629851045E+03
 1.96991666700000E+03,  3.41215233581525E-01,  6.13222477000000E-01, -2.82783148306519E+01,  1.94230000000005E+02,  2.60963469085398E+02,  2.28744977879623E+03
 1.97000000000000E+03,  3.02677429476569E-01,  7.72259351250000E-01, -2.82537678903356E+01,  1.94410000000005E+02,  2.56718259346017E+02,  2.22526763960530E+03
 1.97008333300000E+03,  2.50903682256085E-01,  8.79895628750000E-01, -2.82291165721868E+01,  1.94590000000005E+02,  3.04043936189527E+02,  2.27191270425293E+03
 1.97016666700000E+03,  1.87483475131830E-01,  9.33702969750000E-01, -2.82043616082810E+01,  1.94770000000005E+02,  3.33880879501782E+02,  4.18250808557342E+03
 1.97025000000000E+03,  1.14083270533763E-01,  9.33700662750000E-01, -2.81795037668024E+01,  1.94950000000005E+02,  3.66975066299417E+02,  3.33034897142973E+03
 1.97033333300000E+03,  3.35663813356749E-02,  8.82388314750000E-01, -2.81545438520065E+01,  1.95130000000005E+02,  2.84306225345357E+02,  3.78135758243177E+03
 1.97041666700000E+03, -4.87353492153369E-02,  7.84652866000000E-01, -2.81294827041781E+01,  1.95310000000005E+02,  3.05228285139801E+02,  4.12317954363009E+03
 1.97050000000000E+03, -1.25448225488636E-01,  6.47553403500000E-01, -2.81043211995823E+01,  1.95490000000005E+02,  1.62130673939049E+02,  3.97221817786293E+03
 1.97058333300000E+03, -1.46002588387148E-01,  4.79993859500000E-01, -2.80790602504096E+01,  1.95670000000005E+02,  1.44056871706681E+02,  1.87841065244016E+03
 1.97066666700000E+03, -1.14171645904707E-01,  2.92299785450000E-01, -2.89896244281275E+01,  1.95850000000005E+02,  1.20343307961902E+02,  2.44236460305950E+03
 1.97075000000000E+03, -1.22834923534494E-01,  9.57206489000000E-02, -2.89685025848630E+01,  1.96030000000005E+02,  1.45647654845200E+02,  2.05298020976463E+03
 1.97083333300000E+03, -1.61416850859611E-01, -9.81167890500000E-02, -2.89472715778536E+01,  1.96210000000005E+02,  1.52419454484102E+02,  2.09920304533415E+03
 1.97091666700000E+03, -1.75367161375309E-01, -2.77775734750000E-01, -2.89259310277840E+01,  1.96390000000005E+02,  1.40869447542802E+02,  2.33623893438029E+03
 1.97100000000000E+03, -1.62156058998392E-01, -4.32567795500000E-01, -2.89044805895324E+01,  1.96570000000005E+02,  1.70597440424905E+02,  2.55773236413612E+03
 1.97108333300000E+03, -1.21099154113305E-01, -5.53073540750000E-01, -2.88829199523217E+01,  1.96750000000005E+02,  1.74954700600744E+02,  2.23993315969465E+03
 1.97116666700000E+03, -5.50827615750880E-02, -6.31598158000000E-01, -2.88612488398650E+01,  1.96930000000005E+02,  1.96640940086511E+02,  1.63316432221918E+03
 1.97125000000000E+03,  2.95205761027023E-02, -6.62538652500000E-01, -2.88394670105060E+01,  1.97110000000005E+02,  1.69304070980368E+02,  1.59394915946126E+03
 1.97133333300000E+03,  1.25015461272755E-01, -6.42643803750000E-01, -2.88175742573522E+01,  1.97290000000005E+02,  1.72397493501287E+02,  1.47505898837964E+03
 1.97141666700000E+03,  2.24881749471580E-01, -5.71153871500000E-01, -2.87955704084035E+01,  1.97470000000005E+02,  1.49897207584523E+02,  1.47712468822106E+03
 1.97150000000000E+03,  3.24542455135622E-01, -4.49813504500000E-01, -2.87734553266742E+01,  1.97650000000005E+02,  1.25422015756918E+02,  1.08231756717474E+03
 1.97158333300000E+03,  4.60352630749027E-01, -2.82758095100000E-01, -2.87512289103096E+01,  1.97830000000005E+02,  8.17867984444882E+01,  1.16097155199599E+03
 1.97166666700000E+03,  6.03780226358930E-01, -7.62805624500000E-02, -2.86504777181191E+01,  1.98010000000005E+02,  1.14545797493744E+02,  1.04171466983450E+03
 1.97175000000000E+03,  6.42182054174510E-01,  1.61508139900000E-01, -2.86174760331086E+01,  1.98190000000005E+02,  1.18047022639452E+02,  1.03432321818171E+03
 1.97183333300000E+03,  5.93774039759415E-01,  4.21105959750000E-01, -2.85846507815824E+01,  1.98370000000005E+02,  9.82576730372458E+01,  1.29641182913792E+03
 1.97191666700000E+03,  5.31451993168502E-01,  6.92110829750000E-01, -2.85520025883992E+01,  1.98550000000005E+02,  6.95418173367282E+01,  1.28721243219748E+03
 1.97200000000000E+03,  4.72238676075600E-01,  9.63749448250000E-01, -2.85195320414986E+01,  1.98730000000005E+02,  5.88752682417891E+01,  1.38287146577627E+03
 1.97208333300000E+03,  4.29493992408142E-01,  1.22541564100000E+00, -2.84872396919444E+01,  1.98910000000005E+02,  5.08480420864547E+01,  1.58508655756837E+03
 1.97216666700000E+03,  4.08973923488130E-01,  1.46719004500000E+00, -2.84551260539752E+01,  1.99090000000005E+02,  6.71302653785840E+01,  1.70147589263272E+03
 1.97225000000000E+03,  4.08048284981533E-01,  1.68031428750000E+00, -2.84231916050603E+01,  1.99270000000005E+02,  6.82655055983377E+01,  1.19481188395564E+03
 1.97233333300000E+03,  4.18337166318360E-01,  1.85759571250000E+00, -2.83914367859611E+01,  1.99450000000005E+02,  1.41742810267454E+02,  2.22823097018822E+03
 1.97241666700000E+03,  4.29722748771392E-01,  1.99372278250000E+00, -2.83598620007980E+01,  1.99630000000005E+02,  2.05412143010040E+02,  2.07731284008611E+03
 1.97250000000000E+03,  4.33181591405218E-01,  2.08547646750000E+00, -2.83284676171240E+01,  1.99810000000005E+02,  2.00953690914336E+02,  2.20175117389843E+03
 1.97258333300000E+03,  3.22611813946014E-01,  2.13182879750000E+00, -2.82972539660022E+01,  1.99990000000005E+02,  1.84637656205358E+02,  3.48214272804624E+03
 1.97266666700000E+03,  1.05902546716164E-01,  2.13392596000000E+00, -2.48423946794919E+01,  2.00170000000005E+02,  2.10279486089514E+02,  3.66219732538489E+03
 1.97275000000000E+03, -7.84497336973301E-03,  2.09495962500000E+00, -2.48248505324551E+01,  2.00350000000005E+02,  1.51141197858232E+02,  3.14310065552495E+03
 1.97283333300000E+03, -3.05696713171632E-02,  2.01993609250000E+00, -2.48072323451774E+01,  2.00530000000005E+02,  1.36104468787493E+02,  3.41363692572185E+03
 1.97291666700000E+03, -7.23281569288389E-02,  1.91535816750000E+00, -2.47895387501056E+01,  2.00710000000005E+02,  1.18917073751289E+02,  2.95516057742358E+03
 1.97300000000000E+03, -1.29943489297001E-01,  1.78883902250000E+00, -2.47717684037696E+01,  2.00890000000005E+02,  2.18233400671325E+02,  1.54867476580718E+03
 1.97308333300000E+03, -1.99186998252367E-01,  1.64867050000000E+00, -2.47539199870890E+01,  2.01070000000005E+02,  2.71398727331815E+02,  1.50058900369423E+03
 1.97316666700000E+03, -2.76771452939392E-01,  1.50337023000000E+00, -2.47359922056758E+01,  2.01250000000005E+02,  2.70262027620376E+02,  1.28764336698996E+03
 1.97325000000000E+03, -3.60647682766624E-01,  1.36123240000000E+00, -2.47179837901327E+01,  2.01430000000005E+02,  2.24535582246786E+02,  1.38577241426440E+03
 1.97333333300000E+03, -4.48321837726056E-01,  1.22990616750000E+00, -2.46998934963473E+01,  2.01610000000005E+02,  2.60770114931906E+02,  1.31135691356977E+03
 1.97341666700000E+03, -5.34930268473981E-01,  1.11602352000000E+00, -2.46817201057827E+01,  2.01790000000005E+02,  1.59731432566436E+02,  1.20047390371962E+03
 1.97350000000000E+03, -6.13129666395249E-01,  1.02489501925000E+00, -2.46634624257630E+01,  2.01970000000005E+02,  1.30163810436583E+02,  9.06920257100688E+02
 1.97358333300000E+03, -5.50953754989683E-01,  9.60287642250000E-01, -2.46451192897550E+01,  2.02150000000005E+02,  1.95158660644358E+02,  6.85165281830814E+02
 1.97366666700000E+03, -3.04038778347719E-01,  9.24293973250000E-01, -3.26376436154248E+01,  2.02330000000005E+02,  1.95940363492013E+02,  2.93742865284503E+02
 1.97375000000000E+03, -9.49627276652750E-02,  9.17296669750000E-01, -3.26877512251614E+01,  2.02510000000005E+02,  1.53847772472519E+02,  3.13821135687451E+02
 1.97383333300000E+03,  8.83463200316799E-03,  9.38026783750000E-01, -3.27376435110784E+01,  2.02690000000005E+02,  1.55991461714842E+02,  3.23452368383532E+02
 1.97391666700000E+03,  8.64045594908773E-02,  9.83709360500000E-01, -3.27873161390174E+01,  2.02870000000005E+02,  1.05069191312942E+02,  3.42517385364438E+02
 1.97400000000000E+03,  1.55588542491872E-01,  1.05028511125000E+00, -3.28367647970335E+01,  2.03050000000005E+02,  2.84150390030547E+01,  1.04802944197389E+03
 1.97408333300000E+03,  2.31131657720691E-01,  1.13269313250000E+00, -3.28859851958905E+01,  2.03230000000005E+02,  9.68174143074322E+01,  1.13257437821729E+03
 1.97416666700000E+03,  3.10391599561014E-01,  1.22519675500000E+00, -3.29349730695552E+01,  2.03410000000005E+02,  2.19976286832175E+02,  1.53801764995851E+03
 1.97425000000000E+03,  3.70776966389293E-01,  1.32173281000000E+00, -3.29837241756871E+01,  2.03590000000005E+02,  2.72077022108406E+02,  2.46998801728879E+03
 1.97433333300000E+03,  3.80633625378367E-01,  1.41626398000000E+00, -3.30322342961261E+01,  2.03770000000005E+02,  2.73616374275534E+02,  2.54474202452406E+03
 1.97441666700000E+03,  3.17133781592480E-01,  1.50311448000000E+00, -3.30804992373759E+01,  2.03950000000005E+02,  2.93140531907309E+02,  1.74934849667025E+03
 1.97450000000000E+03,  1.80857371604715E-01,  1.57727094000000E+00, -3.31285148310854E+01,  2.04130000000005E+02,  2.54263665246093E+02,  2.48857027246238E+03
 1.97458333300000E+03,  1.45278641721605E-01,  1.63463293500000E+00, -3.31762769345255E+01,  2.04310000000005E+02,  1.40994117083643E+02,  2.21079219932719E+03
 1.97466666700000E+03,  2.70850344384584E-01,  1.67220106500000E+00, -2.91212166018896E+01,  2.04490000000005E+02,  8.53725182616593E+01,  2.09897510598288E+03
 1.97475000000000E+03,  2.93534596271364E-01,  1.68819443500000E+00, -2.90858743865715E+01,  2.04670000000005E+02,  1.35662114316106E+02,  2.03487262234503E+03
 1.97483333300000E+03,  1.69257344200941E-01,  1.68209363500000E+00, -2.90506962748518E+01,  2.04850000000005E+02,  1.17583189341788E+02,  2.15136490334315E+03
 1.97491666700000E+03,  3.08767784205672E-02,  1.65460972500000E+00, -2.90156834001353E+01,  2.05030000000005E+02,  1.25547254982402E+02,  1.31931373813326E+03
 1.97500000000000E+03, -8.51632254477707E-02,  1.60758389000000E+00, -2.89808368588816E+01,  2.05210000000005E+02,  1.18925046041933E+02,  2.34137640457221E+03
 1.97508333300000E+03, -1.48645408899940E-01,  1.54382615750000E+00, -2.89461577105701E+01,  2.05390000000005E+02,  1.31458152915234E+02,  2.08492698529644E+03
 1.97516666700000E+03, -1.43850695995066E-01,  1.46690472250000E+00, -2.89116469776704E+01,  2.05570000000005E+02,  1.30573843516753E+02,  2.20516274771330E+03
 1.97525000000000E+03, -7.24647575943082E-02,  1.38089982750000E+00, -2.88773056456193E+01,  2.05750000000005E+02,  1.66124220687268E+02,  2.46292568552005E+03
 1.97533333300000E+03,  4.95848546357048E-02,  1.29013759250000E+00, -2.88431346628030E+01,  2.05930000000005E+02,  1.56952955525798E+02,  2.60062143237667E+03
 1.97541666700000E+03,  1.98839811736766E-01,  1.19891974500000E+00, -2.88091349405449E+01,  2.06110000000005E+02,  1.74697276635978E+02,  2.61947497297552E+03
 1.97550000000000E+03,  3.50889547898622E-01,  1.11126488500000E+00, -2.87753073531003E+01,  2.06290000000005E+02,  1.63270224107137E+02,  3.88838295994182E+03
 1.97558333300000E+03,  2.81288660329619E-01,  1.03067563500000E+00, -2.87416527376553E+01,  2.06470000000005E+02,  2.56373490798624E+02,  4.06254398875724E+03
 1.97566666700000E+03, -5.00398552774081E-02,  9.59944040000000E-01, -1.93449420545852E+01,  2.06650000000005E+02,  2.39827339682649E+02,  4.08185857327764E+03
 1.97575000000000E+03, -2.57909179000967E-01,  9.01004963000000E-01, -1.93361999336828E+01,  2.06830000000005E+02,  2.51260653093044E+02,  5.80771845201317E+03
 1.97583333300000E+03, -2.96734219461280E-01,  8.54844136250000E-01, -1.93277907994211E+01,  2.07010000000005E+02,  2.73980609401569E+02,  4.64065749677849E+03
 1.97591666700000E+03, -3.32065372556703E-01,  8.21464227000000E-01, -1.93197169450458E+01,  2.07190000000005E+02,  3.46059347437616E+02,  2.93688147394715E+03
 1.97600000000000E+03, -3.60566532270093E-01,  7.99908880750000E-01, -1.93119806362172E+01,  2.07370000000005E+02,  2.09005561977215E+02,  2.64519421308936E+03
 1.97608333300000E+03, -3.79277384336161E-01,  7.88341464500000E-01, -1.93045841106247E+01,  2.07550000000005E+02,  2.10988844667337E+02,  3.30421858527570E+03
 1.97616666700000E+03, -3.87787450888391E-01,  7.84172317250000E-01, -1.92975295776047E+01,  2.07730000000005E+02,  1.96585788138999E+02,  2.10003845890413E+03
 1.97625000000000E+03, -3.88532095895247E-01,  7.84225850500000E-01, -1.92908192177617E+01,  2.07910000000005E+02,  1.57982159340749E+02,  2.30975640688564E+03
 1.97633333300000E+03, -3.84905217268710E-01,  7.84936966000000E-01, -1.92844551825934E+01,  2.08090000000005E+02,  1.01567928719532E+02,  2.17087178107788E+03
 1.97641666700000E+03, -3.78941530295081E-01,  7.82565056500000E-01, -1.92784395941181E+01,  2.08270000000005E+02,  1.23781389250859E+02,  2.15941522918981E+03
 1.97650000000000E+03, -3.70675293445619E-01,  7.73413338750000E-01, -1.92727745445070E+01,  2.08450000000005E+02,  1.00290135901796E+02,  1.46470517664526E+03
 1.97658333300000E+03, -2.62647606894421E-01,  7.54041450500000E-01, -1.92674620957191E+01,  2.08630000000005E+02,  9.91165962748891E+01,  1.30022656794275E+03
 1.97666666700000E+03, -5.22645287412204E-02,  7.21460089500000E-01, -2.30851926534389E+01,  2.08810000000005E+02,  9.61691578663974E+01,  2.84296580731767E+03
 1.97675000000000E+03,  6.33310245426162E-02,  6.73297878500000E-01, -2.31352221776440E+01,  2.08990000000005E+02,  2.48649765849405E+02,  4.43926791892827E+03
 1.97683333300000E+03,  7.62011799620829E-02,  6.07932514000000E-01, -2.31854382377700E+01,  2.09170000000005E+02,  2.32910869153224E+02,  4.54034724169430E+03
 1.97691666700000E+03,  9.02037310775859E-02,  5.24580477000000E-01, -2.32358368472580E+01,  2.09350000000005E+02,  3.17523684532779E+02,  4.64230964962341E+03
 1.97700000000000E+03,  1.14045811699493E-01,  4.23342000750000E-01, -2.32864139961313E+01,  2.09530000000005E+02,  3.55363214314798E+02,  5.20163435940636E+03
 1.97708333300000E+03,  1.35446853983533E-01,  3.05200462000000E-01, -2.33371656514322E+01,  2.09710000000005E+02,  3.67368750241663E+02,  3.47825939271681E+03
 1.97716666700000E+03,  1.25004928434768E-01,  1.71977754200000E-01, -2.33880877576620E+01,  2.09890000000005E+02,  2.09500202546662E+02,  3.12719918901567E+03
 1.97725000000000E+03,  5.32408477309371E-02,  2.62493941500000E-02, -2.34391762372243E+01,  2.10070000000005E+02,  2.61429130469801E+02,  3.58285363877561E+03
 1.97733333300000E+03, -8.79681471069289E-02, -1.28775012300000E-01, -2.34904269908712E+01,  2.10250000000005E+02,  1.86582600094945E+02,  3.15273414362837E+03
 1.97741666700000E+03, -2.72807020178779E-01, -2.89398833250000E-01, -2.35418358981521E+01,  2.10430000000005E+02,  1.39371265923029E+02,  2.04445956405580E+03
 1.97750000000000E+03, -4.47411552666955E-01, -4.51604848250000E-01, -2.35933988178663E+01,  2.10610000000005E+02,  1.61132913307673E+02,  2.16747286512295E+03
 1.97758333300000E+03, -3.73068065814522E-01, -6.11232344000000E-01, -2.36451115885172E+01,  2.10790000000005E+02,  1.69289275150360E+02,  1.31713300931468E+03
 1.97766666700000E+03, -5.38195498507826E-02, -7.64156058750000E-01, -2.63763958106145E+01,  2.10970000000005E+02,  1.28604473009094E+02,  8.76051397698317E+02
 1.97775000000000E+03,  8.99066922883766E-02, -9.06458514500000E-01, -2.63577611464008E+01,  2.11150000000005E+02,  1.33157942817413E+02,  1.12105605356749E+03
 1.97783333300000E+03,  4.07215869811939E-02, -1.03458803125000E+00, -2.63392305839890E+01,  2.11330000000005E+02,  1.20845137387921E+02,  1.90354630452855E+03
 1.97791666700000E+03, -7.59222922511191E-03, -1.14549579000000E+00, -2.63208022121425E+01,  2.11510000000006E+02,  8.41048716468782E+01,  1.82207844955357E+03
 1.97800000000000E+03, -5.21691614650572E-02, -1.23674664750000E+00, -2.63024741060410E+01,  2.11690000000006E+02,  6.07029877742621E+01,  1.65157153450044E+03
 1.97808333300000E+03, -9.20696349245340E-02, -1.30659991750000E+00, -2.62842443277009E+01,  2.11870000000006E+02,  4.74417611278298E+01,  1.82317340380034E+03
 1.97816666700000E+03, -1.29564296604242E-01, -1.35405789000000E+00, -2.62661109263975E+01,  2.12050000000006E+02,  3.16710648441632E+01,  1.82934005559496E+03
 1.97825000000000E+03, -1.68799319294658E-01, -1.37888143750000E+00, -2.62480719390887E+01,  2.12230000000006E+02,  2.65636872364294E+01,  1.23262343846307E+03
 1.97833333300000E+03, -2.12313388047704E-01, -1.38157357750000E+00, -2.62301253908409E+01,  2.12410000000006E+02,  1.12364642213117E+02,  1.21409344935298E+03
 1.97841666700000E+03, -2.58079065928488E-01, -1.36333321000000E+00, -2.62122692952557E+01,  2.12590000000006E+02,  1.08140683276536E+02,  1.89496652121548E+03
 1.97850000000000E+03, -2.99726483615367E-01, -1.32598238500000E+00, -2.61945016548985E+01,  2.12770000000006E+02,  1.01595535685213E+02,  1.60037933847313E+03
 1.97858333300000E+03, -2.84843702766985E-01, -1.27187140500000E+00, -2.61768204617291E+01,  2.12950000000006E+02,  1.10690062342826E+02,  1.82954494374087E+03
 1.97866666700000E+03, -2.27778657242308E-01, -1.20376676500000E+00, -2.80817110760218E+01,  2.13130000000006E+02,  2.14268842770482E+02,  1.96972184051770E+03
 1.97875000000000E+03, -2.28838339731400E-01, -1.12472733250000E+00, -2.80414124728877E+01,  2.13310000000006E+02,  1.77533528169374E+02,  3.25455750962599E+03
 1.97883333300000E+03, -2.55772914010229E-01, -1.03797434675000E+00, -2.80010328046384E+01,  2.13490000000006E+02,  2.39830090712338E+02,  2.47648450632047E+03
 1.97891666700000E+03, -2.43989353944336E-01, -9.46760780500000E-01, -2.79605755796332E+01,  2.13670000000006E+02,  3.09723303471901E+02,  2.67573805094752E+03
 1.97900000000000E+03, -2.06002908770719E-01, -8.54245309250000E-01, -2.79200442965017E+01,  2.13850000000006E+02,  3.10349403760695E+02,  2.27168725380357E+03
 1.97908333300000E+03, -1.56314916562875E-01, -7.63375670500000E-01, -2.78794424437080E+01,  2.14030000000006E+02,  2.07524923390324E+02,  2.35780861962279E+03
 1.97916666700000E+03, -1.06797354736811E-01, -6.76785626000000E-01, -2.78387734991177E+01,  2.14210000000006E+02,  1.78368309573028E+02,  1.87027347383891E+03
 1.97925000000000E+03, -6.24027769934635E-02, -5.96709007000000E-01, -2.77980409295661E+01,  2.14390000000006E+02,  1.79399543989926E+02,  1.74698142348858E+03
 1.97933333300000E+03, -1.86546711439941E-02, -5.24913519250000E-01, -2.77572481904296E+01,  2.14570000000006E+02,  1.47898063460482E+02,  1.98455412541663E+03
 1.97941666700000E+03,  3.69694002066202E-02, -4.62656145750000E-01, -2.77163987251991E+01,  2.14750000000006E+02,  1.98101825480663E+02,  1.89304499755252E+03
 1.97950000000000E+03,  1.18873600002329E-01, -4.10661115750000E-01, -2.76754959650556E+01,  2.14930000000006E+02,  2.51764338314292E+02,  1.75030762434484E+03
 1.97958333300000E+03,  2.29428770115594E-01, -3.69120545000000E-01, -2.76345433284492E+01,  2.15110000000006E+02,  2.70123598114565E+02,  8.00258112348078E+02
 1.97966666700000E+03,  3.14611617231434E-01, -3.37717012250000E-01, -3.07058231459429E+01,  2.15290000000006E+02,  2.42725895771122E+02,  2.12670456253980E+03
 1.97975000000000E+03,  3.20387163194935E-01, -3.15666547750000E-01, -3.07297331653070E+01,  2.15470000000006E+02,  2.05033997406775E+02,  1.91720720985080E+03
 1.97983333300000E+03,  2.81568388444298E-01, -3.01779787000000E-01, -3.07532079106766E+01,  2.15650000000006E+02,  1.80004321078427E+02,  2.97035731943872E+03
 1.97991666700000E+03,  2.37770402791527E-01, -2.94538403500000E-01, -3.07762458558812E+01,  2.15830000000006E+02,  2.02928839309440E+02,  3.52019581793298E+03
 1.98000000000000E+03,  1.90242943271964E-01, -2.92183388500000E-01, -3.07988455191502E+01,  2.16010000000006E+02,  1.65334384584532E+02,  4.46323516156874E+03
 1.98008333300000E+03,  1.39804052800729E-01, -2.92811323000000E-01, -3.08210054632341E+01,  2.16190000000006E+02,  1.35549750454639E+02,  3.31743687286080E+03
 1.98016666700000E+03,  8.57852390720721E-02, -2.94474493000000E-01, -3.08427242955193E+01,  2.16370000000006E+02,  1.52118483484031E+02,  3.24818418237601E+03
 1.98025000000000E+03,  2.64625883800720E-02, -2.95280546250000E-01, -3.08640006681377E+01,  2.16550000000006E+02,  1.47872291739801E+02,  2.21839790882047E+03
 1.98033333300000E+03, -3.89204177155045E-02, -2.93487399000000E-01, -3.08848332780704E+01,  2.16730000000006E+02,  1.14128117896001E+02,  2.98284445501333E+03
 1.98041666700000E+03, -1.08309012894486E-01, -2.87589266750000E-01, -3.09052208672459E+01,  2.16910000000006E+02,  1.26267249922442E+02,  2.06786515125270E+03
 1.98050000000000E+03, -1.77112798407532E-01, -2.76390032500000E-01, -3.09251622226321E+01,  2.17090000000006E+02,  1.95545698614398E+02,  2.06595477492549E+03
 1.98058333300000E+03, -3.53043634364554E-01, -2.59060676250000E-01, -3.09446561763231E+01,  2.17270000000006E+02,  1.85614932992881E+02,  2.14319386800639E+03
 1.98066666700000E+03, -5.95807649351138E-01, -2.35178144000000E-01, -1.49004501167253E+01,  2.17450000000006E+02,  1.73466806692927E+02,  2.62929977329325E+03
 1.98075000000000E+03, -6.40565102371195E-01, -2.04743836000000E-01, -1.48836209939457E+01,  2.17630000000006E+02,  1.30653572720438E+02,  1.39587386992946E+03
 1.98083333300000E+03, -5.22981208603677E-01, -1.68180812000000E-01, -1.48670425801972E+01,  2.17810000000006E+02,  1.65642443445819E+02,  1.48995043044343E+03
 1.98091666700000E+03, -3.95059748471250E-01, -1.26309798225000E-01, -1.48507176448857E+01,  2.17990000000006E+02,  1.16457579680371E+02,  1.91012529762392E+03
 1.98100000000000E+03, -2.60644185757746E-01, -8.03051082500000E-02, -1.48346489427718E+01,  2.18170000000006E+02,  1.74915769886771E+02,  1.79142958435256E+03
 1.98108333300000E+03, -1.23347033919692E-01, -3.16326070250000E-02, -1.48188392135508E+01,  2.18350000000006E+02,  1.73998564691132E+02,  1.58912693956522E+03
 1.98116666700000E+03,  1.19317296648519E-02,  1.80272043750000E-02, -1.48032911814330E+01,  2.18530000000006E+02,  2.10664687567748E+02,  1.41069287011538E+03
 1.98125000000000E+03,  1.39089937317992E-01,  6.68670752000000E-02, -1.47880075547265E+01,  2.18710000000006E+02,  2.98734256517115E+02,  1.45790431313721E+03
 1.98133333300000E+03,  2.52785561116105E-01,  1.13047294575000E-01, -1.47729910254212E+01,  2.18890000000006E+02,  4.13073982178297E+02,  9.33413324483750E+02
 1.98141666700000E+03,  3.50554633825185E-01,  1.54791373000000E-01, -1.47582442687741E+01,  2.19070000000006E+02,  3.50597920960145E+02,  9.00883455347747E+02
 1.98150000000000E+03,  4.33059032551305E-01,  1.90477917750000E-01, -1.47437699428970E+01,  2.19250000000006E+02,  3.89809375756271E+02,  7.47662427797908E+02
 1.98158333300000E+03,  2.64455172031979E-01,  2.18723597250000E-01, -1.47295706883447E+01,  2.19430000000006E+02,  4.28715823776220E+02,  5.99032581146653E+02
 1.98166666700000E+03, -1.54133150661152E-01,  2.38452471750000E-01, -2.59264876686136E+01,  2.19610000000006E+02,  3.34407004812210E+02,  4.86095593057322E+02
 1.98175000000000E+03, -3.43243150520984E-01,  2.48947638500000E-01, -2.58863508714710E+01,  2.19790000000006E+02,  1.99649389514073E+02,  1.40682345619417E+03
 1.98183333300000E+03, -2.98715768580565E-01,  2.49882065500000E-01, -2.58462952669946E+01,  2.19970000000006E+02,  2.35422638992237E+02,  1.59203964170246E+03
 1.98191666700000E+03, -2.64088976972307E-01,  2.41326637750000E-01, -2.58063233249922E+01,  2.20150000000006E+02,  2.00534173047141E+02,  1.56792592473506E+03
 1.98200000000000E+03, -2.49491730771093E-01,  2.23734754000000E-01, -2.57664374868177E+01,  2.20330000000006E+02,  1.64887411012620E+02,  2.59218433266687E+03
 1.98208333300000E+03, -2.59420200898449E-01,  1.97904208250000E-01, -2.57266401651209E+01,  2.20510000000006E+02,  1.26783319966357E+02,  2.82407293849220E+03
 1.98216666700000E+03, -2.90911693420908E-01,  1.64918500500000E-01, -2.56869337436013E+01,  2.20690000000006E+02,  1.79391316334181E+02,  3.07110624545799E+03
 1.98225000000000E+03, -3.32658520263204E-01,  1.26071053450000E-01, -2.56473205767676E+01,  2.20870000000006E+02,  1.47947888827993E+02,  2.80910729289522E+03
 1.98233333300000E+03, -3.65573983784142E-01,  8.27769832500000E-02, -2.56078029897008E+01,  2.21050000000006E+02,  1.24353978028573E+02,  2.73026627205993E+03
 1.98241666700000E+03, -3.66205745128707E-01,  3.64779916500000E-02, -2.55683832778223E+01,  2.21230000000006E+02,  1.52007152460010E+02,  3.66682800283027E+03
 1.98250000000000E+03, -3.13608855200182E-01, -1.14534492500000E-02, -2.55290637066675E+01,  2.21410000000006E+02,  1.73112689802991E+02,  4.49737480345560E+03
 1.98258333300000E+03, -3.92903251647149E-02, -5.98042044500000E-02, -2.54898465116634E+01,  2.21590000000006E+02,  2.48022024292576E+02,  3.53292784985433E+03
 1.98266666700000E+03,  3.88784215413264E-01, -1.07598626350000E-01, -1.46285634251777E+01,  2.21770000000006E+02,  2.37252050961107E+02,  4.31165356118610E+03
 1.98275000000000E+03,  5.67840956101199E-01, -1.54159074250000E-01, -1.46168953421303E+01,  2.21950000000006E+02,  2.37152746764055E+02,  5.36410269961922E+03
 1.98283333300000E+03,  5.32038502526889E-01, -1.99144094250000E-01, -1.46055271911476E+01,  2.22130000000006E+02,  1.81013032310190E+02,  3.44414966095894E+03
 1.98291666700000E+03,  4.90980864353971E-01, -2.42560863250000E-01, -1.45944613975368E+01,  2.22310000000006E+02,  1.66219126091383E+02,  2.86938503665276E+03
 1.98300000000000E+03,  4.46069166154429E-01, -2.84750099250000E-01, -1.45837003643491E+01,  2.22490000000006E+02,  3.88211261759097E+01,  2.73305706905393E+03
 1.98308333300000E+03,  3.99191265773657E-01, -3.26343425500000E-01, -1.45732464719960E+01,  2.22670000000006E+02,  4.06888266106808E+01,  2.11462030000719E+03
 1.98316666700000E+03,  3.51255389018513E-01, -3.68195038750000E-01, -1.45631020778679E+01,  2.22850000000006E+02,  5.20584237021619E+01,  2.16989494092257E+03
 1.98325000000000E+03,  3.02163391461846E-01, -4.11291371500000E-01, -1.45532695159553E+01,  2.23030000000006E+02,  3.88458701143983E+01,  2.18109640527723E+03
 1.98333333300000E+03,  2.52437361829915E-01, -4.56644115250000E-01, -1.45437510964728E+01,  2.23210000000006E+02,  4.12641856963321E+01,  2.21013217051409E+03
 1.98341666700000E+03,  2.04805802631016E-01, -5.05173373750000E-01, -1.45345491054852E+01,  2.23390000000006E+02,  1.14932510622173E+02,  2.22687534287258E+03
 1.98350000000000E+03,  1.63837268130229E-01, -5.57588750250000E-01, -1.45256658045369E+01,  2.23570000000006E+02,  1.08853656604865E+02,  2.05914830096916E+03
 1.98358333300000E+03,  6.51624106406165E-02, -6.14276738000000E-01, -1.45171034302839E+01,  2.23750000000006E+02,  1.19980372093759E+02,  9.85970461170954E+02
 1.98366666700000E+03, -8.87279983542018E-02, -6.75202831750000E-01, -2.18225401076037E+01,  2.23930000000006E+02,  1.30639453386741E+02,  9.95875135065993E+02
 1.98375000000000E+03, -1.63364111624139E-01, -7.39836279250000E-01, -2.18026196491235E+01,  2.24110000000006E+02,  1.37236009206093E+02,  1.27700180783158E+03
 1.98383333300000E+03, -1.66924300362278E-01, -8.07104345250000E-01, -2.17828238085601E+01,  2.24290000000006E+02,  9.14329402476977E+01,  1.14911442694913E+03
 1.98391666700000E+03, -1.73689513057861E-01, -8.75381419250000E-01, -2.17631509759376E+01,  2.24470000000006E+02,  1.34576668081614E+02,  1.51223098635617E+03
 1.98400000000000E+03, -1.84852227843311E-01, -9.42516325250000E-01, -2.17435995233328E+01,  2.24650000000006E+02,  1.84649176437498E+02,  1.39655109654757E+03
 1.98408333300000E+03, -2.00914016843899E-01, -1.00589890725000E+00, -2.17241678052361E+01,  2.24830000000006E+02,  1.86637528767545E+02,  1.46731556072497E+03
 1.98416666700000E+03, -2.23319608639278E-01, -1.06256447750000E+00, -2.17048541589147E+01,  2.25010000000006E+02,  1.73295877101844E+02,  6.26651798926112E+02
 1.98425000000000E+03, -2.54504336673383E-01, -1.10933221500000E+00, -2.16856569047780E+01,  2.25190000000006E+02,  1.49444768596362E+02,  8.09406754354911E+02
 1.98433333300000E+03, -2.96073456216580E-01, -1.14297119500000E+00, -2.16665743467455E+01,  2.25370000000006E+02,  1.41418947743171E+02,  7.16685351980760E+02
 1.98441666700000E+03, -3.46826932820669E-01, -1.16038558750000E+00, -2.16476047726166E+01,  2.25550000000006E+02,  1.46600189880816E+02,  9.65818814231109E+02
 1.98450000000000E+03, -4.02648198784245E-01, -1.15880891250000E+00, -2.16287464544434E+01,  2.25730000000006E+02,  1.37328308488622E+02,  1.02651025261645E+03
 1.98458333300000E+03, -2.31561396160261E-01, -1.13599606250000E+00, -2.16099976489047E+01,  2.25910000000006E+02,  1.35893864947693E+02,  2.27741214691772E+03
 1.98466666700000E+03,  1.58700067899843E-01, -1.09040128000000E+00, -1.45729736461588E+01,  2.26090000000006E+02,  1.72109264716759E+02,  2.27063775862902E+03
 1.98475000000000E+03,  3.03451334731487E-01, -1.02133051075000E+00, -1.45529934436431E+01,  2.26270000000006E+02,  1.47528080377782E+02,  2.06698836361549E+03
 1.98483333300000E+03,  2.13657909913302E-01, -9.29057458500000E-01, -1.45329144495069E+01,  2.26450000000006E+02,  7.16270308459231E+01,  2.15778793768972E+03
 1.98491666700000E+03,  1.30670912411120E-01, -8.14894263500000E-01, -1.45127362792614E+01,  2.26630000000006E+02,  1.95054044602954E+02,  2.00481902913278E+03
 1.98500000000000E+03,  6.01233979808100E-02, -6.81209982500000E-01, -1.44924585765874E+01,  2.26810000000006E+02,  2.48362661157704E+02,  9.72995045689767E+02
 1.98508333300000E+03,  6.57220394101040E-03, -5.31392796250000E-01, -1.44720810134637E+01,  2.26990000000006E+02,  2.47825876953482E+02,  1.50401741287089E+03
 1.98516666700000E+03, -2.84974777227782E-02, -3.69754964000000E-01, -1.44516032902910E+01,  2.27170000000006E+02,  3.31050406088090E+02,  1.58900945540455E+03
 1.98525000000000E+03, -4.69054029757279E-02, -2.01382845950000E-01, -1.44310251360119E+01,  2.27350000000006E+02,  3.34142469830559E+02,  1.60272968886962E+03
 1.98533333300000E+03, -5.19528165337266E-02, -3.19376026500000E-02, -1.44103463082265E+01,  2.27530000000006E+02,  3.41156243100550E+02,  1.72209690947593E+03
 1.98541666700000E+03, -4.62574145564471E-02,  1.32584739550000E-01, -1.43895665933033E+01,  2.27710000000006E+02,  2.88795932978053E+02,  1.51280175818255E+03
 1.98550000000000E+03, -3.12815745420309E-02,  2.86122487000000E-01, -1.43686858064860E+01,  2.27890000000006E+02,  2.44858848833743E+02,  9.83561543869704E+02
 1.98558333300000E+03, -1.13329164183522E-01,  4.22833261000000E-01, -1.43477037919953E+01,  2.28070000000006E+02,  1.70998314332050E+02,  1.11189062907903E+03
 1.98566666700000E+03, -3.20574296231499E-01,  5.37379892500000E-01, -1.75636353893438E+01,  2.28250000000006E+02,  1.82743728069273E+02,  2.21686324530309E+03
 1.98575000000000E+03, -4.63945686338584E-01,  6.25201794750000E-01, -1.75366301328872E+01,  2.28430000000006E+02,  5.20136312156558E+01,  2.10581334724247E+03
 1.98583333300000E+03, -5.04461886775437E-01,  6.82756690750000E-01, -1.75095816607586E+01,  2.28610000000006E+02,  5.17684724542453E+01,  2.48783472493991E+03
 1.98591666700000E+03, -5.16784610116990E-01,  7.07718770500000E-01, -1.74824919024039E+01,  2.28790000000006E+02,  5.36035387558797E+01,  2.62075888979731E+03
 1.98600000000000E+03, -5.06098431614347E-01,  6.99121395250000E-01, -1.74553628136013E+01,  2.28970000000006E+02,  6.38349990486815E+01,  2.34992454687276E+03
 1.98608333300000E+03, -4.79809586543746E-01,  6.57435244000000E-01, -1.74281963762267E+01,  2.29150000000006E+02,  1.84171746128332E+02,  1.97940069881792E+03
 1.98616666700000E+03, -4.47997515687458E-01,  5.84576166000000E-01, -1.74009945980149E+01,  2.29330000000006E+02,  2.02910597927158E+02,  2.55589867692163E+03
 1.98625000000000E+03, -4.22095999942794E-01,  4.83840779500000E-01, -1.73737595123170E+01,  2.29510000000006E+02,  2.90712797921565E+02,  2.26863169884705E+03
 1.98633333300000E+03, -4.11726449623125E-01,  3.59771826750000E-01, -1.73464931778524E+01,  2.29690000000006E+02,  3.36129298907736E+02,  1.94347359890092E+03
 1.98641666700000E+03, -4.21593789396163E-01,  2.17959223100000E-01, -1.73191976784578E+01,  2.29870000000006E+02,  4.52998490974291E+02,  2.15099085261263E+03
 1.98650000000000E+03, -4.50623802818677E-01,  6.47863927000000E-02, -1.72918751228313E+01,  2.30050000000006E+02,  3.54498463079984E+02,  1.74732434041945E+03
 1.98658333300000E+03, -3.18337312841309E-01, -9.28653471500000E-02, -1.72645276442726E+01,  2.30230000000006E+02,  3.35951134808799E+02,  2.83518760944862E+03
 1.98666666700000E+03, -5.12787059273620E-03, -2.47939112250000E-01, -2.33323186878318E+01,  2.30410000000006E+02,  3.35175115177898E+02,  3.13709028200764E+03
 1.98675000000000E+03,  1.44092275461798E-01, -3.93534614750000E-01, -2.33794346990344E+01,  2.30590000000006E+02,  2.97960801350005E+02,  3.83506080149865E+03
 1.98683333300000E+03,  9.03930613852561E-02, -5.23232601500000E-01, -2.34263215374573E+01,  2.30770000000006E+02,  1.69311872457624E+02,  5.17032530498730E+03
 1.98691666700000E+03, -1.88048095166817E-02, -6.31394321500000E-01, -2.34729753948270E+01,  2.30950000000006E+02,  1.47169016433059E+02,  4.87375521469018E+03
 1.98700000000000E+03, -1.70255196390629E-01, -7.13420090500000E-01, -2.35193924853709E+01,  2.31130000000006E+02,  1.61454352667378E+02,  3.64273952130671E+03
 1.98708333300000E+03, -3.30523982949684E-01, -7.65953260500000E-01, -2.35655690462247E+01,  2.31310000000006E+02,  7.03012972573120E+01,  5.52421268799210E+03
 1.98716666700000E+03, -4.58819507909546E-01, -7.87018942000000E-01, -2.36115013378371E+01,  2.31490000000006E+02,  6.92541349163995E+01,  6.20953486380500E+03
 1.98725000000000E+03, -5.22914953454207E-01, -7.76090494500000E-01, -2.36571856443712E+01,  2.31670000000006E+02,  2.11476067528642E+02,  5.36127070426097E+03
 1.98733333300000E+03, -5.11075842630113E-01, -7.34080887500000E-01, -2.37026182741034E+01,  2.31850000000006E+02,  2.35273050842826E+02,  5.35577077667871E+03
 1.98741666700000E+03, -4.35758917990888E-01, -6.63260288500000E-01, -2.37477955598188E+01,  2.32030000000006E+02,  2.38453079827140E+02,  6.03313568588317E+03
 1.98750000000000E+03, -3.28553877175841E-01, -5.67105407000000E-01, -2.37927138592039E+01,  2.32210000000006E+02,  2.42674980620970E+02,  4.27304546917393E+03
 1.98758333300000E+03, -2.87881235808367E-01, -4.50089970500000E-01, -2.38373695552361E+01,  2.32390000000006E+02,  2.32212141566392E+02,  2.95743277459073E+03
 1.98766666700000E+03, -3.51782086718467E-01, -3.17428987750000E-01, -2.07082385200145E+01,  2.32570000000006E+02,  8.66647776546433E+01,  2.99379671507372E+03
 1.98775000000000E+03, -3.91908398098190E-01, -1.74791974575000E-01, -2.06696350883761E+01,  2.32750000000006E+02,  4.58139177087390E+01,  4.21408162191115E+03
 1.98783333300000E+03, -3.47765020989432E-01, -2.80019226500000E-02, -2.06311331550946E+01,  2.32930000000006E+02,  8.33717929309089E+01,  3.11109529966246E+03
 1.98791666700000E+03, -2.58474337516890E-01,  1.17262610675000E-01, -2.05927347937742E+01,  2.33110000000006E+02,  1.17059466976620E+02,  2.63676130370533E+03
 1.98800000000000E+03, -1.50910652988588E-01,  2.55745366250000E-01, -2.05544420491223E+01,  2.33290000000006E+02,  1.21572008758255E+02,  2.54793924509974E+03
 1.98808333300000E+03, -5.39659272942636E-02,  3.82854746500000E-01, -2.05162569367624E+01,  2.33470000000006E+02,  1.13846031192703E+02,  2.27747144069586E+03
 1.98816666700000E+03,  7.40341946640412E-03,  4.94857614000000E-01, -2.04781814430513E+01,  2.33650000000006E+02,  1.17897017034471E+02,  1.03993814477828E+03
 1.98825000000000E+03,  1.83472129538754E-02,  5.89014630750000E-01, -2.04402175249004E+01,  2.33830000000006E+02,  1.34884556192837E+02,  1.23101596050429E+03
 1.98833333300000E+03, -2.07570989722241E-02,  6.63650989250000E-01, -2.04023671096023E+01,  2.34010000000006E+02,  1.01461085930718E+02,  1.71350343274367E+03
 1.98841666700000E+03, -9.27557758964856E-02,  7.18160475000000E-01, -2.03646320946611E+01,  2.34190000000006E+02,  1.62944051607325E+02,  1.71488107906696E+03
 1.98850000000000E+03, -1.67666508002404E-01,  7.52944971500000E-01, -2.03270143476277E+01,  2.34370000000006E+02,  1.63646749589188E+02,  1.26320720729797E+03
 1.98858333300000E+03, -2.30094038485680E-01,  7.69295515750000E-01, -2.02895157059400E+01,  2.34550000000006E+02,  2.64908402170493E+02,  1.92456584344850E+03
 1.98866666700000E+03, -2.72374020264624E-01,  7.69224582500000E-01, -6.83460423890731E+00,  2.34730000000006E+02,  1.94800426697437E+02,  2.73690684084223E+03
 1.98875000000000E+03, -2.81042237432574E-01,  7.55262191000000E-01, -6.81838050202276E+00,  2.34910000000006E+02,  1.96523952356588E+02,  3.54878239983440E+03
 1.98883333300000E+03, -2.69762254808953E-01,  7.30230512500000E-01, -6.80222225307489E+00,  2.35090000000006E+02,  1.39908327121497E+02,  3.73775871255741E+03
 1.98891666700000E+03, -2.56981438100929E-01,  6.97012775500000E-01, -6.78612777899756E+00,  2.35270000000006E+02,  1.51487540653767E+02,  3.77262977862834E+03
 1.98900000000000E+03, -2.44175140514234E-01,  6.58332347000000E-01, -6.77009536116757E+00,  2.35450000000006E+02,  4.79149618648723E+01,  2.75004060433894E+03
 1.98908333300000E+03, -2.32850749241965E-01,  6.16556916500000E-01, -6.75412327572569E+00,  2.35630000000006E+02,  8.14534817937357E+01,  2.65211594253168E+03
 1.98916666700000E+03, -2.25613818072112E-01,  5.73540789500000E-01, -6.73820979389834E+00,  2.35810000000006E+02,  1.37735755924724E+02,  1.44345158575000E+03
 1.98925000000000E+03, -2.25679476508201E-01,  5.30515523750000E-01, -6.72235318231974E+00,  2.35990000000006E+02,  1.99117105755146E+02,  2.01701102148991E+03
 1.98933333300000E+03, -2.34719433365941E-01,  4.88035708000000E-01, -6.70655170335441E+00,  2.36170000000006E+02,  2.16172004182427E+02,  1.94509185149406E+03
 1.98941666700000E+03, -2.50867355568810E-01,  4.45982813250000E-01, -6.69080361542024E+00,  2.36350000000006E+02,  2.31993514144615E+02,  2.46885272298557E+03
 1.98950000000000E+03, -2.68916119404147E-01,  4.03625986500000E-01, -6.67510717331179E+00,  2.36530000000006E+02,  2.16042677735033E+02,  2.47796271752571E+03
 1.98958333300000E+03, -1.84723935152524E-01,  3.59734680250000E-01, -6.65946062852397E+00,  2.36710000000006E+02,  1.59440829647732E+02,  2.36330318516961E+03
 1.98966666700000E+03,  3.52414224593135E-03,  3.12734379500000E-01, -4.84411747394422E+00,  2.36890000000006E+02,  1.46519932280185E+02,  2.20142772748231E+03
 1.98975000000000E+03,  9.68295371271357E-02,  2.60893640250000E-01, -4.83768477609659E+00,  2.37070000000006E+02,  1.29139058154092E+02,  2.33600606696625E+03
 1.98983333300000E+03,  9.33509245233320E-02,  2.02528392000000E-01, -4.83156701078620E+00,  2.37250000000006E+02,  1.15363261559047E+02,  2.35444919191772E+03
 1.98991666700000E+03,  9.10790900761035E-02,  1.36208145275000E-01, -4.82576602313248E+00,  2.37430000000006E+02,  2.48482544712716E+02,  2.10815381860644E+03
 1.99000000000000E+03,  9.05282895201630E-02,  6.09484647000000E-02, -4.82028363358040E+00,  2.37610000000006E+02,  2.80910386529244E+02,  2.20021230600460E+03
 1.99008333300000E+03,  9.24274650305557E-02, -2.36251559250000E-02, -4.81512163761195E+00,  2.37790000000007E+02,  2.87257224612354E+02,  1.76982830119189E+03
 1.99016666700000E+03,  9.59811252898325E-02, -1.17155078600000E-01, -4.81028180546042E+00,  2.37970000000007E+02,  3.03207805833062E+02,  1.79947359771457E+03
 1.99025000000000E+03,  9.87708041387891E-02, -2.18481319000000E-01, -4.80576588182744E+00,  2.38150000000007E+02,  3.00789888874019E+02,  1.27562148539614E+03
 1.99033333300000E+03,  9.85778599491064E-02, -3.25630273000000E-01, -4.80157558560288E+00,  2.38330000000007E+02,  1.54434073567298E+02,  1.61335449529868E+03
 1.99041666700000E+03,  9.54091997877187E-02, -4.35865332250000E-01, -4.79771260958756E+00,  2.38510000000007E+02,  1.49888678156111E+02,  2.04974317245924E+03
 1.99050000000000E+03,  9.16994099829524E-02, -5.45798123250000E-01, -4.79417862021891E+00,  2.38690000000007E+02,  1.42694737227436E+02,  2.05622920435608E+03
 1.99058333300000E+03, -1.22888188640638E-01, -6.51554909000000E-01, -4.79097525729954E+00,  2.38870000000007E+02,  1.68425298592450E+02,  2.42519187112057E+03
 1.99066666700000E+03, -5.46866707723522E-01, -7.48988786250000E-01, -1.59314864971847E+01,  2.39050000000007E+02,  2.10864767972580E+02,  3.86843181847086E+03
 1.99075000000000E+03, -7.47772432591398E-01, -8.33924949500000E-01, -1.59591545105245E+01,  2.39230000000007E+02,  2.15475971198119E+02,  3.44866346934841E+03
 1.99083333300000E+03, -7.16762442634851E-01, -9.02423726000000E-01, -1.59864464373516E+01,  2.39410000000007E+02,  2.76180262948289E+02,  4.02354121174687E+03
 1.99091666700000E+03, -6.68544376915481E-01, -9.51044471250000E-01, -1.60133604994199E+01,  2.39590000000007E+02,  2.85720822370512E+02,  4.59592245710571E+03
 1.99100000000000E+03, -6.11288274958959E-01, -9.77092881000000E-01, -1.60398949536484E+01,  2.39770000000007E+02,  2.66176439993899E+02,  4.40133541363942E+03
 1.99108333300000E+03, -5.51760129151448E-01, -9.78834875250000E-01, -1.60660480922696E+01,  2.39950000000007E+02,  2.41871590379629E+02,  4.81410257645531E+03
 1.99116666700000E+03, -4.96376423805716E-01, -9.55661909500000E-01, -1.60918182429742E+01,  2.40130000000007E+02,  2.74622842312595E+02,  5.10224892636928E+03
 1.99125000000000E+03, -4.51024135377206E-01, -9.08195289750000E-01, -1.61172037690514E+01,  2.40310000000007E+02,  1.84129597096948E+02,  4.54821183784063E+03
 1.99133333300000E+03, -4.19313755754802E-01, -8.38320636500000E-01, -1.61422030695245E+01,  2.40490000000007E+02,  1.58583388450163E+02,  3.90619313132175E+03
 1.99141666700000E+03, -4.00891857723288E-01, -7.49147847250000E-01, -1.61668145792832E+01,  2.40670000000007E+02,  1.92070205124235E+02,  3.82369559360255E+03
 1.99150000000000E+03, -3.91730889242962E-01, -6.44896489750000E-01, -1.61910367692115E+01,  2.40850000000007E+02,  1.89330561124751E+02,  2.70142340074992E+03
 1.99158333300000E+03, -3.11889260034917E-01, -5.30711228500000E-01, -1.62148681463107E+01,  2.41030000000007E+02,  1.51646708558021E+02,  1.75046317085660E+03
 1.99166666700000E+03, -1.60030240603136E-01, -4.12416350000000E-01, -1.68655271625244E+01,  2.41210000000007E+02,  2.18335561856280E+02,  1.56105669793874E+03
 1.99175000000000E+03, -8.63454075691723E-02, -2.96222416750000E-01, -1.68704294235105E+01,  2.41390000000007E+02,  2.25241212094996E+02,  1.66606551734186E+03
 1.99183333300000E+03, -8.83028546715356E-02, -1.88401303400000E-01, -1.68749127172609E+01,  2.41570000000007E+02,  1.51351127132544E+02,  1.46535952456058E+03
 1.99191666700000E+03, -8.92936466142091E-02, -9.49481232500000E-02, -1.68789773437312E+01,  2.41750000000007E+02,  1.38033792207565E+02,  1.57637761328365E+03
 1.99200000000000E+03, -8.91211860531995E-02, -2.12496900000000E-02, -1.68826236397791E+01,  2.41930000000007E+02,  1.99913461997318E+02,  1.71637606367699E+03
 1.99208333300000E+03, -8.73045941224831E-02,  2.82208958250000E-02, -1.68858519790723E+01,  2.42110000000007E+02,  1.30900370124864E+02,  1.62339100223776E+03
 1.99216666700000E+03, -8.47642371245542E-02,  5.01652178250000E-02, -1.68886627719936E+01,  2.42290000000007E+02,  1.20405101845446E+02,  2.06878687929708E+03
 1.99225000000000E+03, -8.38982703748900E-02,  4.26601626000000E-02, -1.68910564655408E+01,  2.42470000000007E+02,  1.33552392234034E+02,  2.45101655863680E+03
 1.99233333300000E+03, -8.67656649823354E-02,  5.28568600000000E-03, -1.68930335432232E+01,  2.42650000000007E+02,  1.57706943468267E+02,  1.71251671035606E+03
 1.99241666700000E+03, -9.30870387409355E-02, -6.08285650750000E-02, -1.68945945249534E+01,  2.42830000000007E+02,  2.48645187235222E+02,  1.57607127002953E+03
 1.99250000000000E+03, -1.00081282759910E-01, -1.53041318575000E-01, -1.68957399669354E+01,  2.43010000000007E+02,  2.68546817281934E+02,  1.72063657573580E+03
 1.99258333300000E+03, -2.21515248438003E-02, -2.67320976000000E-01, -1.68964704615485E+01,  2.43190000000007E+02,  2.85138734295997E+02,  1.08658702165263E+03
 1.99266666700000E+03,  1.04627091921495E-01, -3.98443748250000E-01, -8.92010800330512E+00,  2.43370000000007E+02,  3.37763677899707E+02,  6.88274308351065E+02
 1.99275000000000E+03,  7.35271928961015E-02, -5.40257654000000E-01, -8.88253118862693E+00,  2.43550000000007E+02,  3.53956743331669E+02,  7.50413510144499E+02
 1.99283333300000E+03, -8.17652079963719E-02, -6.85997480750000E-01, -8.84487434598384E+00,  2.43730000000007E+02,  2.17910072105219E+02,  8.80853909111031E+02
 1.99291666700000E+03, -2.31249210623406E-01, -8.28632778500000E-01, -8.80714039308611E+00,  2.43910000000007E+02,  2.07246226635550E+02,  6.92631375662108E+02
 1.99300000000000E+03, -3.58891729969216E-01, -9.61229004250000E-01, -8.76933224107005E+00,  2.44090000000007E+02,  1.89614934845643E+02,  9.26871936238342E+02
 1.99308333300000E+03, -4.56240733922498E-01, -1.07730119050000E+00, -8.73145279417708E+00,  2.44270000000007E+02,  1.25802919458322E+02,  1.90425504133488E+03
 1.99316666700000E+03, -5.24727727585699E-01, -1.17114004000000E+00, -8.69350494943412E+00,  2.44450000000007E+02,  1.19333801769807E+02,  2.07733196153784E+03
 1.99325000000000E+03, -5.73609018100344E-01, -1.23809206000000E+00, -8.65549159633560E+00,  2.44630000000007E+02,  9.45128886442883E+01,  2.62453657835687E+03
 1.99333333300000E+03, -6.14058221008612E-01, -1.27477820500000E+00, -8.61741561652667E+00,  2.44810000000007E+02,  1.01911779088084E+02,  2.60002807321250E+03
 1.99341666700000E+03, -6.52546165193817E-01, -1.27923930500000E+00, -8.57927988348811E+00,  2.44990000000007E+02,  7.93018064621075E+01,  2.82825876036816E+03
 1.99350000000000E+03, -6.87132672238740E-01, -1.25100098500000E+00, -8.54108726222271E+00,  2.45170000000007E+02,  1.46327690117412E+02,  1.95334122899199E+03
 1.99358333300000E+03, -4.63050934708821E-01, -1.19105571000000E+00, -8.50284060894318E+00,  2.45350000000007E+02,  2.02880132324440E+02,  1.63196874534749E+03
 1.99366666700000E+03,  1.46028943397868E-02, -1.10176460075000E+00, -8.13577763959304E+00,  2.45530000000007E+02,  2.04601267276407E+02,  1.39033424040795E+03
 1.99375000000000E+03,  2.08530088886549E-01, -9.86686441000000E-01, -8.18354802592039E+00,  2.45710000000007E+02,  2.24000001903052E+02,  1.48487077825360E+03
 1.99383333300000E+03,  7.28373141499181E-02, -8.50345600250000E-01, -8.23116529363591E+00,  2.45890000000007E+02,  3.28215319352135E+02,  1.77274919763645E+03
 1.99391666700000E+03, -1.32679809057729E-01, -6.97954107500000E-01, -8.27862589401808E+00,  2.46070000000007E+02,  2.84698496338207E+02,  2.68613610531808E+03
 1.99400000000000E+03, -3.54275013367594E-01, -5.35105667000000E-01, -8.32592629151479E+00,  2.46250000000007E+02,  2.18486803294511E+02,  2.83646793364408E+03
 1.99408333300000E+03, -5.41574524255049E-01, -3.67460780500000E-01, -8.37306296409278E+00,  2.46430000000007E+02,  2.55286755834677E+02,  2.42005357382837E+03
 1.99416666700000E+03, -6.65001695693329E-01, -2.00442299050000E-01, -8.42003240358541E+00,  2.46610000000007E+02,  2.19855032291196E+02,  2.60305699836066E+03
 1.99425000000000E+03, -7.21831647064844E-01, -3.89596836000000E-02, -8.46683111603903E+00,  2.46790000000007E+02,  1.04977233716896E+02,  2.71178831828999E+03
 1.99433333300000E+03, -7.29361741409964E-01,  1.12821959700000E-01, -8.51345562205758E+00,  2.46970000000007E+02,  8.45709841785298E+01,  1.86406380005193E+03
 1.99441666700000E+03, -7.10470096533930E-01,  2.51655207250000E-01, -8.55990245714575E+00,  2.47150000000007E+02,  6.58732671741003E+01,  2.28458294968809E+03
 1.99450000000000E+03, -6.79983586249230E-01,  3.75317130500000E-01, -8.60616817205029E+00,  2.47330000000007E+02,  6.43754565629867E+01,  2.56575788438154E+03
 1.99458333300000E+03, -5.25571115468606E-01,  4.82645218000000E-01, -8.65224933309970E+00,  2.47510000000007E+02,  9.85695817884518E+01,  2.11069379260255E+03
 1.99466666700000E+03, -2.38510290361860E-01,  5.73502755250000E-01, -2.91710087297784E+00,  2.47690000000007E+02,  9.93176681472580E+01,  1.25284369083826E+03
 1.99475000000000E+03, -5.07071295313716E-02,  6.48678648500000E-01, -2.89616573068371E+00,  2.47870000000007E+02,  1.20244155937989E+02,  1.28925668823668E+03
 1.99483333300000E+03,  1.32865324896076E-02,  7.09730920250000E-01, -2.87536203456792E+00,  2.48050000000007E+02,  1.42284603165936E+02,  9.11522936912958E+02
 1.99491666700000E+03,  5.47400436423797E-02,  7.58786675000000E-01, -2.85468875905771E+00,  2.48230000000007E+02,  1.57069412812136E+02,  8.95582088884980E+02
 1.99500000000000E+03,  7.83203355348824E-02,  7.98314013000000E-01, -2.83414486016875E+00,  2.48410000000007E+02,  1.26304877387600E+02,  1.10875550237944E+03
 1.99508333300000E+03,  8.98885418367107E-02,  8.30882965500000E-01, -2.81372927573006E+00,  2.48590000000007E+02,  1.43957703192747E+02,  1.06392790436873E+03
 1.99516666700000E+03,  9.32738661652173E-02,  8.58932951750000E-01, -2.79344092561122E+00,  2.48770000000007E+02,  1.44456784537783E+02,  1.84582485411685E+03
 1.99525000000000E+03,  8.94085140830814E-02,  8.84563494500000E-01, -2.77327871195188E+00,  2.48950000000007E+02,  1.29691093991082E+02,  1.98016335366315E+03
 1.99533333300000E+03,  7.82372488270325E-02,  9.09363018500000E-01, -2.75324151939334E+00,  2.49130000000007E+02,  8.97916565781125E+01,  2.03541565091218E+03
 1.99541666700000E+03,  6.14268496842743E-02,  9.34287642250000E-01, -2.73332821531248E+00,  2.49310000000007E+02,  1.11175612979744E+02,  2.24430108657242E+03
 1.99550000000000E+03,  4.33584177728751E-02,  9.59598153250000E-01, -2.71353765005775E+00,  2.49490000000007E+02,  1.00854880344227E+02,  2.35377021261651E+03
 1.99558333300000E+03,  1.51805790828811E-01,  9.84859081000000E-01, -2.69386865718724E+00,  2.49670000000007E+02,  1.41851106533786E+02,  1.39969885060293E+03
 1.99566666700000E+03,  3.97707026408320E-01,  1.00899924675000E+00, -2.36635972671901E-01,  2.49850000000007E+02,  1.65288956791913E+02,  1.79768786612372E+03
 1.99575000000000E+03,  5.37962326181026E-01,  1.03042867250000E+00, -2.50884578359058E-01,  2.50030000000007E+02,  2.06475557311325E+02,  1.88749752128117E+03
 1.99583333300000E+03,  5.51224248127388E-01,  1.04720261250000E+00, -2.65494869552167E-01,  2.50210000000007E+02,  1.77997522743773E+02,  1.61771421739745E+03
 1.99591666700000E+03,  5.44891860745179E-01,  1.05721996250000E+00, -2.80466838508790E-01,  2.50390000000007E+02,  1.71188773600487E+02,  2.13789123419964E+03
 1.99600000000000E+03,  5.19356724294707E-01,  1.05844068500000E+00, -2.95800443807191E-01,  2.50570000000007E+02,  1.56814954869284E+02,  2.71694953391054E+03
 1.99608333300000E+03,  4.76098836912308E-01,  1.04910537000000E+00, -3.11495610279171E-01,  2.50750000000007E+02,  1.16068220424075E+02,  2.49981964377141E+03
 1.99616666700000E+03,  4.16022925801320E-01,  1.02793965350000E+00, -3.27552228946872E-01,  2.50930000000007E+02,  8.99481756052054E+01,  2.15130479518644E+03
 1.99625000000000E+03,  3.39391047285491E-01,  9.94327094500000E-01, -3.43970156963423E-01,  2.51110000000007E+02,  9.75358416504775E+01,  2.34228060025008E+03
 1.99633333300000E+03,  2.47620922365245E-01,  9.48436142250000E-01, -3.60749217557522E-01,  2.51290000000007E+02,  1.03456752529703E+02,  1.84002032595181E+03
 1.99641666700000E+03,  1.45221674684505E-01,  8.91289866000000E-01, -3.77889199981934E-01,  2.51470000000007E+02,  1.19998532648657E+02,  1.53916165118225E+03
 1.99650000000000E+03,  3.98333214141517E-02,  8.24771062250000E-01, -3.95389859465877E-01,  2.51650000000007E+02,  1.74265284851785E+02,  1.57377902755797E+03
 1.99658333300000E+03, -5.88974038122498E-03,  7.51559861250000E-01, -4.13250917171403E-01,  2.51830000000007E+02,  1.50383095262598E+02,  2.54345005695108E+03
 1.99666666700000E+03,  3.20198789568875E-02,  6.75005748500000E-01, -1.20623467366107E+01,  2.52010000000007E+02,  1.48495503218179E+02,  2.15410431709654E+03
 1.99675000000000E+03,  6.12311339931854E-02,  5.98940691250000E-01, -1.20585394575229E+01,  2.52190000000007E+02,  1.45296233668474E+02,  2.02818781307410E+03
 1.99683333300000E+03,  5.53672657941552E-02,  5.27444470750000E-01, -1.20543403263995E+01,  2.52370000000007E+02,  7.57455598191567E+01,  1.90552686253394E+03
 1.99691666700000E+03,  4.60978146176618E-02,  4.64577071250000E-01, -1.20497503499136E+01,  2.52550000000007E+02,  1.95387015244411E+02,  1.95029895760804E+03
 1.99700000000000E+03,  3.40235846546661E-02,  4.14095799500000E-01, -1.20447705666793E+01,  2.52730000000007E+02,  3.86817891133741E+02,  1.16517773355952E+03
 1.99708333300000E+03,  2.00117742795983E-02,  3.79176489750000E-01, -1.20394020470888E+01,  2.52910000000007E+02,  3.82281900668654E+02,  1.43264690833007E+03
 1.99716666700000E+03,  3.46558795725417E-03,  3.62158557000000E-01, -1.20336458931476E+01,  2.53090000000007E+02,  3.76376163871741E+02,  1.89713051471595E+03
 1.99725000000000E+03, -1.77665305411510E-02,  3.64332741000000E-01, -1.20275032383044E+01,  2.53270000000007E+02,  3.91793055670448E+02,  2.02508268634022E+03
 1.99733333300000E+03, -4.55626865952992E-02,  3.85788166500000E-01, -1.20209752472797E+01,  2.53450000000007E+02,  2.41193812423418E+02,  1.40569391382944E+03
 1.99741666700000E+03, -7.95000951665101E-02,  4.25331947250000E-01, -1.20140631158895E+01,  2.53630000000007E+02,  1.13912620438967E+02,  1.63836502135143E+03
 1.99750000000000E+03, -1.16656047029568E-01,  4.80490183000000E-01, -1.20067680708662E+01,  2.53810000000007E+02,  1.21661214383497E+02,  1.51821606910698E+03
 1.99758333300000E+03, -4.11390800085154E-02,  5.47594106000000E-01, -1.19990913696764E+01,  2.53990000000007E+02,  1.33948023812669E+02,  2.82036565997312E+03
 1.99766666700000E+03,  1.45300703000952E-01,  6.21949639500000E-01,  3.74272006330263E+00,  2.54170000000007E+02,  1.42324780388753E+02,  2.53638105196071E+03
 1.99775000000000E+03,  2.14462463927087E-01,  6.98083087750000E-01,  3.76443783777219E+00,  2.54350000000007E+02,  1.47498768142144E+02,  4.27486228002530E+03
 1.99783333300000E+03,  1.71292530686050E-01,  7.70050443500000E-01,  3.78601493893779E+00,  2.54530000000007E+02,  9.04656354963671E+01,  4.59906439283436E+03
 1.99791666700000E+03,  1.36262820119813E-01,  8.31793217500000E-01,  3.80744888560927E+00,  2.54710000000007E+02,  1.49237177522606E+02,  5.54797233730765E+03
 1.99800000000000E+03,  1.15305499735175E-01,  8.77520075000000E-01,  3.82873719754331E+00,  2.54890000000007E+02,  1.49721366024517E+02,  4.28380845735275E+03
 1.99808333300000E+03,  1.12876203773744E-01,  9.02091168000000E-01,  3.84987739575864E+00,  2.55070000000007E+02,  1.67767954498980E+02,  4.31118691733315E+03
 1.99816666700000E+03,  1.29951394442799E-01,  9.01381051500000E-01,  3.87086700285145E+00,  2.55250000000007E+02,  1.60452518820892E+02,  3.56786746033305E+03
 1.99825000000000E+03,  1.63848881513377E-01,  8.72596566750000E-01,  3.89170354331111E+00,  2.55430000000007E+02,  1.49512811785897E+02,  2.78421940817719E+03
 1.99833333300000E+03,  2.10149497342475E-01,  8.14528070750000E-01,  3.91238454383616E+00,  2.55610000000007E+02,  9.62078619515653E+01,  1.97436362163269E+03
 1.99841666700000E+03,  2.64983097991367E-01,  7.27715788250000E-01,  3.93290753365043E+00,  2.55790000000007E+02,  9.35204527466178E+01,  1.47817499098899E+03
 1.99850000000000E+03,  3.25621132748978E-01,  6.14517693750000E-01,  3.95327004481937E+00,  2.55970000000007E+02,  1.01008744795013E+02,  1.53196785159885E+03
 1.99858333300000E+03,  1.18056044046217E-01,  4.79070923000000E-01,  3.97346961256645E+00,  2.56150000000007E+02,  2.25816348199690E+02,  9.05354660029677E+02
 1.99866666700000E+03, -3.27663443890028E-01,  3.27144940250000E-01, -5.38605832491735E+00,  2.56330000000007E+02,  3.01370978737535E+02,  1.03406508219379E+03
 1.99875000000000E+03, -4.31641278070275E-01,  1.65891191080000E-01, -5.41813461026444E+00,  2.56510000000007E+02,  3.86044755289745E+02,  1.29641596901973E+03
 1.99883333300000E+03, -2.23268591385260E-01,  3.50034116000000E-03, -5.45002145872885E+00,  2.56690000000007E+02,  3.91822892315866E+02,  1.77514191213838E+03
 1.99891666700000E+03, -2.36524394224889E-02, -1.51215943670000E-01, -5.48171608296570E+00,  2.56870000000007E+02,  3.53430275001239E+02,  1.94324557460450E+03
 1.99900000000000E+03,  1.41888772038857E-01, -2.89296744750000E-01, -5.51321570280436E+00,  2.57050000000007E+02,  2.33134185610915E+02,  1.63336999053863E+03
 1.99908333300000E+03,  2.56741159845018E-01, -4.02131470500000E-01, -5.54451754556849E+00,  2.57230000000007E+02,  1.61482483812319E+02,  2.11682011135094E+03
 1.99916666700000E+03,  3.13393303522747E-01, -4.81959254000000E-01, -5.57561884639568E+00,  2.57410000000007E+02,  1.22724159092723E+02,  1.62028977621509E+03
 1.99925000000000E+03,  3.13454290105969E-01, -5.22339447750000E-01, -5.60651684855655E+00,  2.57590000000007E+02,  2.46033909142809E+02,  1.15468888022049E+03
 1.99933333300000E+03,  2.67728929048652E-01, -5.18565479000000E-01, -5.63720880377339E+00,  2.57770000000007E+02,  3.28854360902835E+02,  1.77666754935324E+03
 1.99941666700000E+03,  1.95103095790686E-01, -4.67996956250000E-01, -5.66769197253813E+00,  2.57950000000007E+02,  3.59554242604236E+02,  1.84463155402102E+03
 1.99950000000000E+03,  1.18882816763598E-01, -3.70289069500000E-01, -5.69796362442977E+00,  2.58130000000007E+02,  3.60440932040177E+02,  1.99513762798932E+03
 1.99958333300000E+03, -1.43294561336485E-01, -2.27503770000000E-01, -5.72802103843119E+00,  2.58310000000007E+02,  3.93029489276377E+02,  2.27331247155159E+03
 1.99966666700000E+03, -5.81683068402966E-01, -4.40936425000000E-02, -2.17896707522692E+00,  2.58490000000007E+02,  4.11804921306977E+02,  2.84709852988886E+03
 1.99975000000000E+03, -7.94064210735565E-01,  1.73243562500000E-01, -2.16228977529692E+00,  2.58670000000007E+02,  3.90772471271207E+02,  2.17889112672190E+03
 1.99983333300000E+03, -7.90052196380814E-01,  4.15834502250000E-01, -2.14569173201766E+00,  2.58850000000007E+02,  3.71006671945977E+02,  2.22264068688252E+03
 1.99991666700000E+03, -7.78668752863795E-01,  6.73411632500000E-01, -2.12917138239161E+00,  2.59030000000007E+02,  4.14311118623444E+02,  1.46679040784529E+03
 2.00000000000000E+03, -7.61880988113771E-01,  9.34587691000000E-01, -2.11272715530620E+00,  2.59210000000007E+02,  3.53457900431281E+02,  1.48489162446420E+03
 2.00008333300000E+03, -7.40872414968997E-01,  1.18739911975000E+00, -2.09635747182269E+00,  2.59390000000007E+02,  2.30540233265413E+02,  9.35979746510735E+02
 2.00016666700000E+03, -7.17552407307785E-01,  1.41989015250000E+00, -2.08006074546586E+00,  2.59570000000007E+02,  1.57009138155708E+02,  7.21207427571640E+02
 2.00025000000000E+03, -6.94594994109292E-01,  1.62070678000000E+00, -2.06383538251457E+00,  2.59750000000007E+02,  2.08353606476867E+02,  1.07320278575735E+03
 2.00033333300000E+03, -6.73716529326402E-01,  1.77966897750000E+00, -2.04767978229313E+00,  2.59930000000007E+02,  1.73296131954736E+02,  1.21580201500123E+03
 2.00041666700000E+03, -6.53874253177732E-01,  1.88829052500000E+00, -2.03159233746338E+00,  2.60110000000007E+02,  1.50631975382543E+02,  1.34241862767673E+03
 2.00050000000000E+03, -6.31358640652735E-01,  1.94021849500000E+00, -2.01557143431754E+00,  2.60290000000007E+02,  2.33206575668389E+02,  2.14550832803891E+03
 2.00058333300000E+03, -5.20380413682633E-01,  1.93156869750000E+00, -1.99961545307172E+00,  2.60470000000007E+02,  3.34269399587128E+02,  2.44497527836808E+03
 2.00066666700000E+03, -3.32231272477264E-01,  1.86113899500000E+00, -6.75613557956934E+00,  2.60650000000007E+02,  2.95342155042709E+02,  2.38387027174351E+03
 2.00075000000000E+03, -2.46869092312281E-01,  1.73048902750000E+00, -6.71830013902970E+00,  2.60830000000007E+02,  3.22667850127908E+02,  3.00659791940313E+03
 2.00083333300000E+03, -2.57675357222430E-01,  1.54388208250000E+00, -6.68053045463676E+00,  2.61010000000007E+02,  3.23135735332843E+02,  2.59195229285577E+03
 2.00091666700000E+03, -2.72852803692064E-01,  1.30809235000000E+00, -6.64282862547375E+00,  2.61190000000007E+02,  2.35691495161468E+02,  2.09528428359587E+03
 2.00100000000000E+03, -2.93563060237992E-01,  1.03208803000000E+00, -6.60519672910792E+00,  2.61370000000007E+02,  1.45930254432793E+02,  2.65895355456120E+03
 2.00108333300000E+03, -3.23783065251368E-01,  7.26607384250000E-01, -6.56763682139988E+00,  2.61550000000007E+02,  1.01346717344516E+02,  2.30923505660672E+03
 2.00116666700000E+03, -3.70390436927100E-01,  4.03650466900000E-01, -6.53015093631605E+00,  2.61730000000007E+02,  1.58723166098080E+02,  2.60634273821939E+03
 2.00125000000000E+03, -4.40377817393549E-01,  7.59135833000000E-02, -6.49274108574426E+00,  2.61910000000007E+02,  1.62171768904607E+02,  3.17101033443208E+03
 2.00133333300000E+03, -5.35839657217415E-01, -2.43803669600000E-01, -6.45540925931248E+00,  2.62090000000007E+02,  2.05092517213812E+02,  3.64931019227791E+03
 2.00141666700000E+03, -6.49590044221970E-01, -5.43187837500000E-01, -6.41815742421067E+00,  2.62270000000007E+02,  2.40239002868299E+02,  2.71951112189366E+03
 2.00150000000000E+03, -7.64427628727639E-01, -8.10967194500000E-01, -6.38098752501594E+00,  2.62450000000007E+02,  2.38232330280950E+02,  2.62183336539896E+03
 2.00158333300000E+03, -7.29445607658995E-01, -1.03740544975000E+00, -6.34390148352075E+00,  2.62630000000007E+02,  1.52613333958793E+02,  2.06222471883309E+03
 2.00166666700000E+03, -5.09538401414942E-01, -1.21470935000000E+00,  1.71976900447445E+00,  2.62810000000007E+02,  1.68001824883773E+02,  1.53160522905802E+03
 2.00175000000000E+03, -3.35024763745929E-01, -1.33733103500000E+00,  1.67655517699056E+00,  2.62990000000007E+02,  9.86107144199474E+01,  7.51803123574809E+02
 2.00183333300000E+03, -2.26787507676791E-01, -1.40215207750000E+00,  1.63313458123252E+00,  2.63170000000007E+02,  8.62091411055205E+01,  9.10412712496798E+02
 2.00191666700000E+03, -1.00133404658991E-01, -1.40854277250000E+00,  1.58951004019075E+00,  2.63350000000007E+02,  9.35783882257943E+01,  1.14419535870487E+03
 2.00200000000000E+03,  3.53839785484646E-03, -1.35829711250000E+00,  1.54568439827608E+00,  2.63530000000007E+02,  1.22445152852018E+02,  8.02713654723946E+02
 2.00208333300000E+03,  4.57994912671312E-02, -1.25545059750000E+00,  1.50166052106275E+00,  2.63710000000007E+02,  1.17710419623235E+02,  7.25713112854301E+02
 2.00216666700000E+03,  2.96063668000553E-03, -1.10599414725000E+00,  1.45744129502897E+00,  2.63890000000007E+02,  1.89406364030452E+02,  7.37445237325905E+02
 2.00225000000000E+03, -1.25769862547886E-01, -9.17502615250000E-01,  1.41302962729497E+00,  2.64070000000007E+02,  1.57684556967053E+02,  1.01394781564951E+03
 2.00233333300000E+03, -3.16521791890428E-01, -6.98700466500000E-01,  1.36842844535878E+00,  2.64250000000008E+02,  1.62362500769156E+02,  1.30542425810374E+03
 2.00241666700000E+03, -5.27144289043424E-01, -4.58989858500000E-01,  1.32364069682956E+00,  2.64430000000008E+02,  2.00990382947427E+02,  1.66338348719764E+03
 2.00250000000000E+03, -7.10645791209758E-01, -2.07967534950000E-01,  1.27866934915866E+00,  2.64610000000008E+02,  3.52949150259387E+02,  1.82066203169089E+03
 2.00258333300000E+03, -5.84051496929216E-01,  4.50433958500000E-02,  1.23351738936835E+00,  2.64790000000008E+02,  3.71477315584141E+02,  2.99024324820016E+03
 2.00266666700000E+03, -1.39420416581522E-01,  2.91422530550000E-01,  3.85378639327382E+00,  2.64970000000008E+02,  3.88046335793322E+02,  2.66925875396363E+03
 2.00275000000000E+03,  1.06690604851993E-01,  5.23620951500000E-01,  3.83840471452550E+00,  2.65150000000008E+02,  3.82479266597560E+02,  2.35717662884628E+03
 2.00283333300000E+03,  1.27470370136185E-01,  7.35452786250000E-01,  3.82306762249843E+00,  2.65330000000008E+02,  3.29249019209616E+02,  3.02261337519062E+03
 2.00291666700000E+03,  1.58044187125106E-01,  9.22297638500000E-01,  3.80777378931020E+00,  2.65510000000008E+02,  1.95087002597619E+02,  2.85475179500869E+03
 2.00300000000000E+03,  1.94139243005495E-01,  1.08120749650000E+00,  3.79252187392160E+00,  2.65690000000008E+02,  1.01695765380787E+02,  2.16380203983301E+03
 2.00308333300000E+03,  2.31565256905891E-01,  1.21091738000000E+00,  3.77731052238423E+00,  2.65870000000008E+02,  9.30877378674693E+01,  2.07541336943985E+03
 2.00316666700000E+03,  2.65671343107468E-01,  1.31176447500000E+00,  3.76213836809001E+00,  2.66050000000008E+02,  1.51033259183575E+02,  1.85669837643908E+03
 2.00325000000000E+03,  2.92012613862463E-01,  1.38552544750000E+00,  3.74700403202237E+00,  2.66230000000008E+02,  1.74843555993279E+02,  1.65724009902926E+03
 2.00333333300000E+03,  3.08256392025626E-01,  1.43518581750000E+00,  3.73190612300914E+00,  2.66410000000008E+02,  1.40211423290190E+02,  1.83830552171413E+03
 2.00341666700000E+03,  3.15609593826790E-01,  1.46465847000000E+00,  3.71684323797716E+00,  2.66590000000008E+02,  1.49551126712811E+02,  1.81138352958340E+03
 2.00350000000000E+03,  3.17998824254689E-01,  1.47847039000000E+00,  3.70181396220849E+00,  2.66770000000008E+02,  1.43520884328768E+02,  1.85941713963770E+03
 2.00358333300000E+03,  3.70669632699566E-01,  1.48143752750000E+00,  3.68681686959829E+00,  2.66950000000008E+02,  1.98388123701860E+02,  2.18915101634406E+03
 2.00366666700000E+03,  4.69359835586249E-01,  1.47834724500000E+00,  4.58708195665158E+00,  2.67130000000008E+02,  1.49637196327788E+02,  1.49583915826124E+03
 2.00375000000000E+03,  5.01752699863198E-01,  1.47366627000000E+00,  4.57321564538706E+00,  2.67310000000008E+02,  1.43417206737489E+02,  1.84523759804903E+03
 2.00383333300000E+03,  4.65920917259350E-01,  1.47128950000000E+00,  4.55899940384229E+00,  2.67490000000008E+02,  1.38807210857303E+02,  2.16836897371996E+03
 2.00391666700000E+03,  4.14909200988885E-01,  1.47434162250000E+00,  4.54443322570495E+00,  2.67670000000008E+02,  2.02701250138409E+02,  2.53819335283967E+03
 2.00400000000000E+03,  3.49279093091244E-01,  1.48503964250000E+00,  4.52951713616110E+00,  2.67850000000008E+02,  9.85340057041622E+01,  3.82081856277908E+03
 2.00408333300000E+03,  2.70480579483840E-01,  1.50462018750000E+00,  4.51425119195860E+00,  2.68030000000008E+02,  9.52494122364530E+01,  3.51467045257856E+03
 2.00416666700000E+03,  1.79212943092716E-01,  1.53333127500000E+00,  4.49863548146684E+00,  2.68210000000008E+02,  1.03242241592463E+02,  3.77049658076628E+03
 2.00425000000000E+03,  7.53959860690379E-02,  1.57048430500000E+00,  4.48267012473310E+00,  2.68390000000008E+02,  1.00047626346532E+02,  3.28508903645015E+03
 2.00433333300000E+03, -3.99803163439766E-02,  1.61455860750000E+00,  4.46635527353532E+00,  2.68570000000008E+02,  3.42319482337149E+01,  2.96532794870860E+03
 2.00441666700000E+03, -1.62858184963439E-01,  1.66334811000000E+00,  4.44969111143125E+00,  2.68750000000008E+02,  1.07524922574507E+02,  1.34942283985641E+03
 2.00450000000000E+03, -2.86003041591992E-01,  1.71413781250000E+00,  4.43267785380420E+00,  2.68930000000008E+02,  1.23695986926925E+02,  1.48524033322820E+03
 2.00458333300000E+03, -2.60825056987655E-01,  1.76389677750000E+00,  4.41531574790510E+00,  2.69110000000008E+02,  1.84886872894991E+02,  1.65434466097775E+03
 2.00466666700000E+03, -9.47430355396526E-02,  1.80947425250000E+00, -8.00811839461773E-01,  2.69290000000008E+02,  1.82564913277835E+02,  1.73010581617322E+03
 2.00475000000000E+03, -8.63996212320786E-02,  1.84778638750000E+00, -8.25492475908407E-01,  2.69470000000008E+02,  2.27894670609826E+02,  1.76975231116196E+03
 2.00483333300000E+03, -2.32527863328419E-01,  1.87598262250000E+00, -8.50520548297027E-01,  2.69650000000008E+02,  2.13806369938889E+02,  2.07355976665388E+03
 2.00491666700000E+03, -3.75789670967489E-01,  1.89158307750000E+00, -8.75895052419640E-01,  2.69830000000008E+02,  2.04262178618373E+02,  2.16131792522018E+03
 2.00500000000000E+03, -5.01393216240734E-01,  1.89258092500000E+00, -9.01614950054336E-01,  2.70010000000008E+02,  1.62257275866888E+02,  1.39582558209011E+03
 2.00508333300000E+03, -5.95625903526367E-01,  1.87750664000000E+00, -9.27679169013873E-01,  2.70190000000008E+02,  2.00308871442667E+02,  1.43143454187380E+03
 2.00516666700000E+03, -6.49240654463989E-01,  1.84545397750000E+00, -9.54086603198290E-01,  2.70370000000008E+02,  1.66620063432156E+02,  1.63359358467344E+03
 2.00525000000000E+03, -6.58957091926748E-01,  1.79607023750000E+00, -9.80836112651445E-01,  2.70550000000008E+02,  1.27279032740542E+02,  2.03368699668133E+03
 2.00533333300000E+03, -6.26570093311977E-01,  1.72951571500000E+00, -1.00792652362151E+00,  2.70730000000008E+02,  1.50797864579201E+02,  2.45406170304868E+03
 2.00541666700000E+03, -5.57197970003463E-01,  1.64639905500000E+00, -1.03535662862545E+00,  2.70910000000008E+02,  1.36474975086315E+02,  2.61992688000204E+03
 2.00550000000000E+03, -4.58587943551695E-01,  1.54769642500000E+00, -1.06312518651743E+00,  2.71090000000008E+02,  1.00321361602155E+02,  2.43268706268160E+03
 2.00558333300000E+03, -2.03348463820345E-01,  1.43466289500000E+00, -1.09123092256119E+00,  2.71270000000008E+02,  9.45676239240454E+01,  2.32510446375484E+03
 2.00566666700000E+03,  1.37403367147990E-01,  1.30874419000000E+00, -5.60820174088467E+00,  2.71450000000008E+02,  1.41509355777047E+02,  2.00301405938259E+03
 2.00575000000000E+03,  2.14193450800273E-01,  1.17149614500000E+00, -5.65890061646044E+00,  2.71630000000008E+02,  1.77948389701827E+02,  1.65649905470945E+03
 2.00583333300000E+03,  9.47604456483664E-02,  1.02451778300000E+00, -5.70963440840883E+00,  2.71810000000008E+02,  1.78015911319088E+02,  1.33892299873897E+03
 2.00591666700000E+03,  2.87545739647476E-02,  8.69402099500000E-01, -5.76039937895227E+00,  2.71990000000008E+02,  1.82808289548107E+02,  1.19035850862226E+03
 2.00600000000000E+03,  6.08011256178585E-02,  7.07706594000000E-01, -5.81119178483144E+00,  2.72170000000008E+02,  2.99106634037703E+02,  1.11202476143109E+03
 2.00608333300000E+03,  1.78444003924862E-01,  5.40943442000000E-01, -5.86200787767586E+00,  2.72350000000008E+02,  2.18614803440354E+02,  7.71846420945064E+02
 2.00616666700000E+03,  3.18177252945007E-01,  3.70587152750000E-01, -5.91284390437513E+00,  2.72530000000008E+02,  1.93809569988603E+02,  1.39495600420994E+03
 2.00625000000000E+03,  3.95936563646079E-01,  1.98095803225000E-01, -5.96369610745075E+00,  2.72710000000008E+02,  2.23926275226575E+02,  1.34822653659948E+03
 2.00633333300000E+03,  3.47379008988354E-01,  2.49405879500000E-02, -6.01456072542853E+00,  2.72890000000008E+02,  2.70411114307673E+02,  2.09802514822148E+03
 2.00641666700000E+03,  1.58400366192183E-01, -1.47362403525000E-01, -6.06543399321155E+00,  2.73070000000008E+02,  1.49762429897062E+02,  2.87295545299041E+03
 2.00650000000000E+03, -1.28468988837599E-01, -3.17224507750000E-01, -6.11631214245356E+00,  2.73250000000008E+02,  2.63738887933339E+02,  3.93733359343117E+03
 2.00658333300000E+03, -3.21184486821610E-01, -4.82966872500000E-01, -6.16719140193288E+00,  2.73430000000008E+02,  2.37297441921655E+02,  3.04924661295188E+03
 2.00666666700000E+03, -2.76599542161938E-01, -6.42817933750000E-01,  3.18842067749868E+00,  2.73610000000008E+02,  2.01795512034975E+02,  3.49587355131852E+03
 2.00675000000000E+03, -1.46071726007936E-01, -7.94929578000000E-01,  3.15496733945954E+00,  2.73790000000008E+02,  1.67214471529742E+02,  2.78813592407341E+03
 2.00683333300000E+03, -5.27617590272242E-02, -9.37413773250000E-01,  3.12121781204944E+00,  2.73970000000008E+02,  2.41299933117260E+02,  2.94991688211539E+03
 2.00691666700000E+03,  1.96470585750083E-02, -1.06839941025000E+00,  3.08717393608579E+00,  2.74150000000008E+02,  1.52827062878973E+02,  1.85907405790893E+03
 2.00700000000000E+03,  7.65206306124302E-02, -1.18610698000000E+00,  3.05283758152650E+00,  2.74330000000008E+02,  1.39000443772678E+02,  1.94362360103399E+03
 2.00708333300000E+03,  1.21266697325252E-01, -1.28893671750000E+00,  3.01821064732487E+00,  2.74510000000008E+02,  1.60185348235607E+02,  1.55881026778974E+03
 2.00716666700000E+03,  1.52270658728011E-01, -1.37556413750000E+00,  2.98329506128126E+00,  2.74690000000008E+02,  1.50619888240053E+02,  1.50432626950308E+03
 2.00725000000000E+03,  1.63624956245359E-01, -1.44503559500000E+00,  2.94809277989134E+00,  2.74870000000008E+02,  1.17493018146754E+02,  6.30195134530076E+02
 2.00733333300000E+03,  1.49220902717678E-01, -1.49685575750000E+00,  2.91260578819119E+00,  2.75050000000008E+02,  8.92226447844747E+01,  7.01943244902271E+02
 2.00741666700000E+03,  1.07283110121749E-01, -1.53105879000000E+00,  2.87683609959901E+00,  2.75230000000008E+02,  9.05719713685201E+01,  8.48125463600350E+02
 2.00750000000000E+03,  4.22202475024350E-02, -1.54825561000000E+00,  2.84078575575369E+00,  2.75410000000008E+02,  9.09148684554301E+01,  9.51413778223884E+02
 2.00758333300000E+03, -2.58472097407752E-02, -1.54965077250000E+00,  2.80445682635008E+00,  2.75590000000008E+02,  1.03035923789164E+02,  9.62625943280530E+02
 2.00766666700000E+03, -6.64608979430549E-02, -1.53702436000000E+00,  5.42426608588237E+00,  2.75770000000008E+02,  8.24044208647735E+01,  8.24487441970845E+02
 2.00775000000000E+03, -7.72600113359025E-02, -1.51267649750000E+00,  5.40212497504933E+00,  2.75950000000008E+02,  1.32742236970400E+02,  7.96725801761699E+02
 2.00783333300000E+03, -8.12432353371721E-02, -1.47933472250000E+00,  5.38007237035393E+00,  2.76130000000008E+02,  1.59926877964009E+02,  5.21382752335023E+02
 2.00791666700000E+03, -8.77223651139910E-02, -1.44002716500000E+00,  5.35810871124551E+00,  2.76310000000008E+02,  1.37259665185268E+02,  9.75876580268749E+02
 2.00800000000000E+03, -9.18918308511617E-02, -1.39792715750000E+00,  5.33623441234532E+00,  2.76490000000008E+02,  1.43416852240857E+02,  1.23219696675241E+03
 2.00808333300000E+03, -8.86220194950783E-02, -1.35617737000000E+00,  5.31444986345250E+00,  2.76670000000008E+02,  1.29072938141583E+02,  1.34484854146009E+03
 2.00816666700000E+03, -7.47935620197149E-02, -1.31770352000000E+00,  5.29275542955355E+00,  2.76850000000008E+02,  1.95858906883565E+02,  1.76695281081380E+03
 2.00825000000000E+03, -4.99176576873755E-02, -1.28502912250000E+00,  5.27115145083525E+00,  2.77030000000008E+02,  1.74740116732401E+02,  1.93389833105271E+03
 2.00833333300000E+03, -1.46809307663357E-02, -1.26010342250000E+00,  5.24963824270101E+00,  2.77210000000008E+02,  2.23810841423313E+02,  1.31271128736764E+03
 2.00841666700000E+03,  3.09171102056600E-02, -1.24415451250000E+00,  5.22821609579070E+00,  2.77390000000008E+02,  1.97291552684145E+02,  1.77699444141761E+03
 2.00850000000000E+03,  8.78169030552874E-02, -1.23757871000000E+00,  5.20688527600391E+00,  2.77570000000008E+02,  2.69951678982008E+02,  2.19286655276514E+03
 2.00858333300000E+03, -1.14910592551349E-02, -1.23987547750000E+00,  5.18564602452667E+00,  2.77750000000008E+02,  2.00544242460422E+02,  2.87217538581500E+03
 2.00866666700000E+03, -3.22558045947074E-01, -1.24963473750000E+00, -1.95610175149087E+00,  2.77930000000008E+02,  2.44701801458883E+02,  3.09610267708514E+03
 2.00875000000000E+03, -5.59969873124384E-01, -1.26458040750000E+00, -2.00582474841185E+00,  2.78110000000008E+02,  2.13640113190995E+02,  3.14702728028708E+03
 2.00883333300000E+03, -6.55148568342339E-01, -1.28167053750000E+00, -2.05549787197116E+00,  2.78290000000008E+02,  2.40406614222590E+02,  3.35253338091719E+03
 2.00891666700000E+03, -7.03598090875856E-01, -1.29725085250000E+00, -2.10511753523551E+00,  2.78470000000008E+02,  1.57948973851434E+02,  3.86847175210321E+03
 2.00900000000000E+03, -6.87873577991021E-01, -1.30725492250000E+00, -2.15468015417882E+00,  2.78650000000008E+02,  1.26055798672659E+02,  2.97720379561787E+03
 2.00908333300000E+03, -5.97008400927291E-01, -1.30744096250000E+00, -2.20418214802712E+00,  2.78830000000008E+02,  9.66063874504883E+01,  2.85312862489980E+03
 2.00916666700000E+03, -4.37282513890820E-01, -1.29365253250000E+00, -2.25361993960315E+00,  2.79010000000008E+02,  1.18978984901838E+02,  3.43921084276399E+03
 2.00925000000000E+03, -2.36103276509765E-01, -1.26208830500000E+00, -2.30298995567060E+00,  2.79190000000008E+02,  2.04809401622862E+02,  2.50620595670836E+03
 2.00933333300000E+03, -3.51207518231553E-02, -1.20956493250000E+00, -2.35228862727801E+00,  2.79370000000008E+02,  2.98107813439863E+02,  2.13239939392814E+03
 2.00941666700000E+03,  1.24709113486770E-01, -1.13375684000000E+00, -2.40151239010213E+00,  2.79550000000008E+02,  3.49486940431541E+02,  1.95009419967273E+03
 2.00950000000000E+03,  2.18652713764040E-01, -1.03339754575000E+00, -2.45065768479095E+00,  2.79730000000008E+02,  4.00915192060941E+02,  1.67981531715449E+03
 2.00958333300000E+03,  5.30504930879922E-02, -9.08428874500000E-01, -2.49972095730609E+00,  2.79910000000008E+02,  3.97475477570919E+02,  1.48273462772569E+03
 2.00966666700000E+03, -3.07929978907245E-01, -7.60087113750000E-01,  3.24606170146725E+00,  2.80090000000008E+02,  3.38377262452721E+02,  2.58876215183393E+03
 2.00975000000000E+03, -4.08588010565421E-01, -5.90918634750000E-01,  3.21312934936885E+00,  2.80270000000008E+02,  2.59045100513015E+02,  1.96908619972860E+03
 2.00983333300000E+03, -2.81305289022659E-01, -4.04721444500000E-01,  3.17989766698456E+00,  2.80450000000008E+02,  2.13681544598553E+02,  4.20098468574680E+03
 2.00991666700000E+03, -1.66849679498208E-01, -2.06413474100000E-01,  3.14636844396236E+00,  2.80630000000008E+02,  1.84928218703207E+02,  4.45572826096219E+03
 2.01000000000000E+03, -6.98772779693135E-02, -1.83281145000000E-03,  3.11254349933580E+00,  2.80810000000008E+02,  1.77638200920156E+02,  4.26888776787489E+03
 2.01008333300000E+03,  9.47294164722775E-03,  2.02520751900000E-01,  3.07842468138476E+00,  2.80990000000008E+02,  1.99593964780363E+02,  3.26428097022330E+03
 2.01016666700000E+03,  7.20593179533147E-02,  3.99789768250000E-01,  3.04401386749284E+00,  2.81170000000008E+02,  2.16019110234708E+02,  3.96004693358901E+03
 2.01025000000000E+03,  1.17548843767498E-01,  5.83092678250000E-01,  3.00931296400142E+00,  2.81350000000008E+02,  2.15694339129054E+02,  1.66026662719630E+03
 2.01033333300000E+03,  1.44698555993360E-01,  7.45868651750000E-01,  2.97432390606048E+00,  2.81530000000008E+02,  2.02396103957941E+02,  2.15982389573805E+03
 2.01041666700000E+03,  1.52910498645046E-01,  8.82214470250000E-01,  2.93904865747602E+00,  2.81710000000008E+02,  1.76075320034260E+02,  2.19259562464146E+03
 2.01050000000000E+03,  1.43055107915306E-01,  9.87194273250000E-01,  2.90348921055429E+00,  2.81890000000008E+02,  2.53729642951178E+02,  2.59003730459690E+03
 2.01058333300000E+03, -7.96488999758314E-02,  1.05710420825000E+00,  2.86764758594272E+00,  2.82070000000008E+02,  2.36690734652943E+02,  2.56865563992812E+03
 2.01066666700000E+03, -4.96175712003569E-01,  1.08967633750000E+00,  9.67654070969487E+00,  2.82250000000008E+02,  2.17111797153529E+02,  2.71313628413564E+03
 2.01075000000000E+03, -6.91884770809716E-01,  1.08420943750000E+00,  9.67661955306373E+00,  2.82430000000008E+02,  2.08798988084858E+02,  2.17255927085825E+03
 2.01083333300000E+03, -6.77930675414368E-01,  1.04161835500000E+00,  9.67637107102647E+00,  2.82610000000008E+02,  2.10873927178173E+02,  2.83093589250104E+03
 2.01091666700000E+03, -6.65816594319837E-01,  9.64398172250000E-01,  9.67579655489699E+00,  2.82790000000008E+02,  6.37697399292524E+01,  2.86297888301543E+03
 2.01100000000000E+03, -6.55310158058876E-01,  8.56504328500000E-01,  9.67489732195620E+00,  2.82970000000008E+02,  8.74887463268659E+01,  2.75940576693198E+03
 2.01108333300000E+03, -6.45556494035051E-01,  7.23154668750000E-01,  9.67367471523353E+00,  2.83150000000008E+02,  1.77048271280726E+02,  3.82694969234657E+03
 2.01116666700000E+03, -6.36905236513181E-01,  5.70563903750000E-01,  9.67213010328561E+00,  2.83330000000008E+02,  2.61013786378858E+02,  5.16652046648217E+03
 2.01125000000000E+03, -6.31156314141615E-01,  4.05624936500000E-01,  9.67026487997247E+00,  2.83510000000008E+02,  2.91014784346275E+02,  4.29537916967753E+03
 2.01133333300000E+03, -6.29897870833168E-01,  2.35554628175000E-01,  9.66808046423088E+00,  2.83690000000008E+02,  3.05434563142108E+02,  3.90164660065300E+03
 2.01141666700000E+03, -6.32605481229850E-01,  6.75236701000000E-02,  9.66557829984527E+00,  2.83870000000008E+02,  2.88103427832694E+02,  3.81196099311764E+03
 2.01150000000000E+03, -6.36491044392767E-01, -9.17088098250000E-02,  9.66275985521592E+00,  2.84050000000008E+02,  2.03306196473383E+02,  4.70231141985037E+03
 2.01158333300000E+03, -4.52428438012444E-01, -2.36135537750000E-01,  9.65962662312468E+00,  2.84230000000008E+02,  9.74336724699187E+01,  3.34507622419254E+03
 2.01166666700000E+03, -6.19733057552830E-02, -3.60797366000000E-01, -1.56968444811820E+00,  2.84410000000008E+02,  8.29035289951241E+01,  3.51910768653185E+03
 2.01175000000000E+03,  1.75522963046478E-01, -4.62019178000000E-01, -1.59381942065001E+00,  2.84590000000008E+02,  1.13940010308800E+02,  3.31616069096470E+03
 2.01183333300000E+03,  2.33098195930594E-01, -5.37572610750000E-01, -1.61766328566459E+00,  2.84770000000008E+02,  1.19691532607365E+02,  2.85076307041766E+03
 2.01191666700000E+03,  2.72955441125551E-01, -5.86757054250000E-01, -1.64121358029326E+00,  2.84950000000008E+02,  1.67484729261641E+02,  9.61593391414515E+02
 2.01200000000000E+03,  2.93963441738026E-01, -6.10395159000000E-01, -1.66446786087569E+00,  2.85130000000008E+02,  1.81316390677642E+02,  9.22828856460320E+02
 2.01208333300000E+03,  2.96842736188717E-01, -6.10744066500000E-01, -1.68742370326547E+00,  2.85310000000008E+02,  2.19649432161481E+02,  1.75573295220718E+03
 2.01216666700000E+03,  2.82168383468134E-01, -5.91328459500000E-01, -1.71007870313379E+00,  2.85490000000008E+02,  2.36477282316180E+02,  2.55063014137684E+03
 2.01225000000000E+03,  2.49920741666541E-01, -5.56706026750000E-01, -1.73243047627111E+00,  2.85670000000008E+02,  2.18892583838405E+02,  2.47878250207639E+03
 2.01233333300000E+03,  2.00923073435598E-01, -5.12179785250000E-01, -1.75447665888685E+00,  2.85850000000008E+02,  1.82203437434647E+02,  2.42175438641873E+03
 2.01241666700000E+03,  1.38497789393006E-01, -4.63474664750000E-01, -1.77621490790704E+00,  2.86030000000008E+02,  1.80164269653379E+02,  2.54454763298941E+03
 2.01250000000000E+03,  6.83526992159930E-02, -4.16397662000000E-01, -1.79764290126990E+00,  2.86210000000008E+02,  1.71496774963897E+02,  2.65801559496902E+03
 2.01258333300000E+03,  3.88385264503455E-02, -3.76501609750000E-01, -1.81875833821929E+00,  2.86390000000008E+02,  1.32059408386137E+02,  2.42871835296104E+03
 2.01266666700000E+03,  8.51877338410187E-02, -3.48772144250000E-01,  7.11685402016719E+00,  2.86570000000008E+02,  1.45496347513361E+02,  2.60386600552446E+03
 2.01275000000000E+03,  1.41934367843079E-01, -3.37355819000000E-01,  7.15705243164181E+00,  2.86750000000008E+02,  1.61863063949538E+02,  3.08455909880200E+03
 2.01283333300000E+03,  1.48284342849994E-01, -3.45344617750000E-01,  7.19699603563255E+00,  2.86930000000008E+02,  1.90810629781472E+02,  4.57310113587390E+03
 2.01291666700000E+03,  9.74430260044718E-02, -3.74628540500000E-01,  7.23668235876922E+00,  2.87110000000008E+02,  1.40567928799977E+02,  3.56037968342331E+03
 2.01300000000000E+03, -6.88565748213105E-03, -4.25823686750000E-01,  7.27610895472876E+00,  2.87290000000008E+02,  1.28693312316159E+02,  2.97184189042791E+03
 2.01308333300000E+03, -1.49756540012234E-01, -4.98278609250000E-01,  7.31527340444316E+00,  2.87470000000008E+02,  1.61365345208698E+02,  2.75404774738328E+03
 2.01316666700000E+03, -3.10943243542004E-01, -5.90156944500000E-01,  7.35417331630415E+00,  2.87650000000008E+02,  1.30231433631802E+02,  2.09179490879036E+03
 2.01325000000000E+03, -4.70481716571231E-01, -6.98589739750000E-01,  7.39280632636463E+00,  2.87830000000008E+02,  2.02098918090399E+02,  4.13884587491788E+02
 2.01333333300000E+03, -6.11797730496167E-01, -8.19886756250000E-01,  7.43117009853685E+00,  2.88010000000008E+02,  1.97775560086815E+02,  4.67945237675188E+02
 2.01341666700000E+03, -7.22830397970714E-01, -9.49792593500000E-01,  7.46926232478727E+00,  2.88190000000008E+02,  2.94323061965334E+02,  5.00815470486403E+02
 2.01350000000000E+03, -7.96620067747648E-01, -1.08377094575000E+00,  7.50708072532809E+00,  2.88370000000008E+02,  2.47525589378043E+02,  7.00820440351201E+02
 2.01358333300000E+03, -7.40710232812403E-01, -1.21729882250000E+00,  7.54462304880544E+00,  2.88550000000008E+02,  2.43355630061840E+02,  1.16687422203107E+03
 2.01366666700000E+03, -5.71574872232944E-01, -1.34615221750000E+00,  9.60614927756524E+00,  2.88730000000008E+02,  1.31663493419201E+02,  1.82659506569990E+03
 2.01375000000000E+03, -4.96049041451666E-01, -1.46666548500000E+00,  9.61292072219481E+00,  2.88910000000008E+02,  1.42669603680563E+02,  1.61689449841590E+03
 2.01383333300000E+03, -5.17907174157935E-01, -1.57594855750000E+00,  9.61934495188472E+00,  2.89090000000008E+02,  9.58846734315753E+01,  1.99825632253603E+03
 2.01391666700000E+03, -5.41159655715628E-01, -1.67204896750000E+00,  9.62542270426220E+00,  2.89270000000008E+02,  1.61060722389860E+02,  2.48187082547141E+03
 2.01400000000000E+03, -5.65165871468140E-01, -1.75404921750000E+00,  9.63115474664429E+00,  2.89450000000008E+02,  2.66525079305624E+02,  2.75272389914279E+03
 2.01408333300000E+03, -5.88180087831388E-01, -1.82209417750000E+00,  9.63654187587832E+00,  2.89630000000008E+02,  3.29594844748974E+02,  2.63205687008646E+03
 2.01416666700000E+03, -6.09430744365545E-01, -1.87734760750000E+00,  9.64158491817905E+00,  2.89810000000008E+02,  3.59085548653084E+02,  3.34655208320041E+03
 2.01425000000000E+03, -6.29659711362924E-01, -1.92188132750000E+00,  9.64628472896270E+00,  2.89990000000008E+02,  3.05295602351175E+02,  3.09689741213115E+03
 2.01433333300000E+03, -6.49699877940261E-01, -1.95850472250000E+00,  9.65064219267781E+00,  2.90170000000008E+02,  2.34941712122731E+02,  2.38683221503346E+03
 2.01441666700000E+03, -6.68702499912485E-01, -1.99054592000000E+00,  9.65465822263291E+00,  2.90350000000008E+02,  1.29591175662339E+02,  1.81926886654340E+03
 2.01450000000000E+03, -6.83995248491876E-01, -2.02159887000000E+00,  9.65833376082112E+00,  2.90530000000008E+02,  1.13245716157679E+02,  1.76732407471226E+03
 2.01458333300000E+03, -4.37906768572891E-01, -2.05525258500000E+00,  9.66166977774161E+00,  2.90710000000009E+02,  8.41514860082645E+01,  1.49708157230109E+03
 2.01466666700000E+03,  3.39843562956003E-02, -2.09481981500000E+00,  7.13317997493699E-01,  2.90890000000009E+02,  1.02370648643804E+02,  1.43466384817218E+03
 2.01475000000000E+03,  1.76442422460326E-01, -2.14308230000000E+00,  7.58105990467178E-01,  2.91070000000009E+02,  1.37450536396383E+02,  1.46995477072131E+03
 2.01483333300000E+03,  1.68867344167249E-02, -2.20206866500000E+00,  8.03096208534741E-01,  2.91250000000009E+02,  1.38533391580985E+02,  1.52686703254436E+03
 2.01491666700000E+03, -1.40041008513536E-01, -2.27287893500000E+00,  8.48285327987495E-01,  2.91430000000009E+02,  1.04970924814880E+02,  1.52232832930750E+03
 2.01500000000000E+03, -2.73771017289703E-01, -2.35556668250000E+00,  8.93670008325725E-01,  2.91610000000009E+02,  1.07377193644294E+02,  1.63093609602714E+03
 2.01508333300000E+03, -3.78749357077807E-01, -2.44908630000000E+00,  9.39246892587891E-01,  2.91790000000009E+02,  1.27833705563775E+02,  1.62400787156622E+03
 2.01516666700000E+03, -4.63775167660231E-01, -2.55130888750000E+00,  9.85012607681320E-01,  2.91970000000009E+02,  2.01106113357352E+02,  1.61246449642364E+03
 2.01525000000000E+03, -5.43435069530046E-01, -2.65910607750000E+00,  1.03096376471470E+00,  2.92150000000009E+02,  2.00218650079105E+02,  1.73527172128272E+03
 2.01533333300000E+03, -6.25647155105714E-01, -2.76849703250000E+00,  1.07709695933217E+00,  2.92330000000009E+02,  3.44379109734757E+02,  1.90465318318849E+03
 2.01541666700000E+03, -7.02446099333587E-01, -2.87485011500000E+00,  1.12340877204925E+00,  2.92510000000009E+02,  3.80100324060927E+02,  1.46164688384171E+03
 2.01550000000000E+03, -7.50080407308638E-01, -2.97312751500000E+00,  1.16989576859012E+00,  2.92690000000009E+02,  3.31457911421878E+02,  2.18872158646173E+03
 2.01558333300000E+03, -6.32499853248833E-01, -3.05815860250000E+00,  1.21655450022675E+00,  2.92870000000009E+02,  2.22394816795651E+02,  2.44775912000536E+03
 2.01566666700000E+03, -4.03209782485038E-01, -3.12492619250000E+00,  4.42722359794701E+00,  2.93050000000009E+02,  3.24700624936336E+02,  2.76819638124653E+03
 2.01575000000000E+03, -3.60928698590105E-01, -3.16884923500000E+00,  4.40957439467269E+00,  2.93230000000009E+02,  1.75827442864639E+02,  2.13718514144965E+03
 2.01583333300000E+03, -4.65698319022144E-01, -3.18604570500000E+00,  4.39200610015732E+00,  2.93410000000009E+02,  1.32580955740632E+02,  2.60821809217275E+03
 2.01591666700000E+03, -5.50278400808054E-01, -3.17356076000000E+00,  4.37451798431475E+00,  2.93590000000009E+02,  1.58696115120250E+02,  1.95288490563302E+03
 2.01600000000000E+03, -6.09096856110194E-01, -3.12954730750000E+00,  4.35710929661605E+00,  2.93770000000009E+02,  1.65434439046655E+02,  1.88140196934218E+03
 2.01608333300000E+03, -6.38745062044281E-01, -3.05338891000000E+00,  4.33977926625618E+00,  2.93950000000009E+02,  1.21981113754366E+02,  1.26012714670546E+03
 2.01616666700000E+03, -6.39596441141714E-01, -2.94575832750000E+00,  4.32252710232352E+00,  2.94130000000009E+02,  1.20927439230510E+02,  1.29856835555460E+03
 2.01625000000000E+03, -6.15204360532795E-01, -2.80860861500000E+00,  4.30535199397206E+00,  2.94310000000009E+02,  1.16989855969366E+02,  8.64097953235877E+02
 2.01633333300000E+03, -5.69554369390658E-01, -2.64509751000000E+00,  4.28825311059641E+00,  2.94490000000009E+02,  1.86469978885300E+02,  1.17420353320490E+03
 2.01641666700000E+03, -5.04340241294014E-01, -2.45944949000000E+00,  4.27122960200948E+00,  2.94670000000009E+02,  2.09560756263690E+02,  1.17061190669412E+03
 2.01650000000000E+03, -4.18631431927500E-01, -2.25676321500000E+00,  4.25428059862278E+00,  2.94850000000009E+02,  2.59387781474700E+02,  1.30300259539557E+03
 2.01658333300000E+03, -4.91792286191360E-01, -2.04277494250000E+00,  4.23740521162953E+00,  2.95030000000009E+02,  2.67582940450248E+02,  1.18814665539368E+03
 2.01666666700000E+03, -7.60209507810739E-01, -1.82359065000000E+00,  6.53850557794861E+00,  2.95210000000009E+02,  4.54830997433702E+02,  1.76637071630894E+03
 2.01675000000000E+03, -8.80078156239993E-01, -1.60540107250000E+00,  6.58194862192265E+00,  2.95390000000009E+02,  3.82202262329951E+02,  1.27772209638321E+03
 2.01683333300000E+03, -7.86132307160799E-01, -1.39419448000000E+00,  6.62517356755360E+00,  2.95570000000009E+02,  3.77307617283744E+02,  1.16351020864455E+03
 2.01691666700000E+03, -6.34025263096334E-01, -1.19548179750000E+00,  6.66817759169901E+00,  2.95750000000009E+02,  3.19547027515988E+02,  1.41259911760121E+03
 2.01700000000000E+03, -4.66038665227181E-01, -1.01404769850000E+00,  6.71095789508230E+00,  2.95930000000009E+02,  3.71574204742052E+02,  2.17780529474943E+03
 2.01708333300000E+03, -3.19407177493825E-01, -8.53739628500000E-01,  6.75351170254276E+00,  2.96110000000009E+02,  1.93808865186120E+02,  2.11445319547430E+03
 2.01716666700000E+03, -2.17552854671064E-01, -7.17304429750000E-01,  6.79583626328276E+00,  2.96290000000009E+02,  2.06370775354353E+02,  2.10656668731488E+03
 2.01725000000000E+03, -1.65737487597315E-01, -6.06279534500000E-01,  6.83792885111197E+00,  2.96470000000009E+02,  1.94426580495160E+02,  2.03939697694274E+03
 2.01733333300000E+03, -1.51678210560045E-01, -5.20942764500000E-01,  6.87978676468865E+00,  2.96650000000009E+02,  1.54367347506815E+02,  2.91149900735553E+03
 2.01741666700000E+03, -1.51324580853328E-01, -4.60321697000000E-01,  6.92140732775802E+00,  2.96830000000009E+02,  8.84275834310647E+01,  2.39505836978344E+03
 2.01750000000000E+03, -1.38701143487469E-01, -4.22260576750000E-01,  6.96278788938753E+00,  2.97010000000009E+02,  1.09360743043217E+02,  1.93714737622863E+03
 2.01758333300000E+03, -1.52813509784264E-01, -4.03540036750000E-01,  7.00392582419923E+00,  2.97190000000009E+02,  7.72646097839384E+01,  2.23301838030091E+03
 2.01766666700000E+03, -2.03959073971833E-01, -4.00042516000000E-01, -2.30270154053640E+00,  2.97370000000009E+02,  7.21519828420148E+01,  2.36190653620926E+03
 2.01775000000000E+03, -2.02504202782187E-01, -4.06954372000000E-01, -2.31289229243889E+00,  2.97550000000009E+02,  1.98006595035130E+02,  1.23548823903724E+03
 2.01783333300000E+03, -1.48443361380024E-01, -4.18994354750000E-01, -2.32270887406614E+00,  2.97730000000009E+02,  2.03526105456230E+02,  1.34766289898616E+03
 2.01791666700000E+03, -9.24883049776148E-02, -4.30657354000000E-01, -2.33214985430759E+00,  2.97910000000009E+02,  2.06597643425548E+02,  1.96885103366856E+03
 2.01800000000000E+03, -3.76956229220681E-02, -4.36462162250000E-01, -2.34121383195359E+00,  2.98090000000009E+02,  1.98063510282616E+02,  2.11194476092788E+03
 2.01808333300000E+03,  1.35709386311760E-02, -4.31192386500000E-01, -2.34989943589198E+00,  2.98270000000009E+02,  1.96266257969336E+02,  2.18394063044582E+03
 2.01816666700000E+03,  5.87555696273520E-02, -4.10120513250000E-01, -2.35820532530146E+00,  2.98450000000009E+02,  9.75610106996441E+01,  2.35486455310492E+03
 2.01825000000000E+03,  9.53675426294182E-02, -3.69206413250000E-01, -2.36613018984171E+00,  2.98630000000009E+02,  1.00705053592934E+02,  2.09408047807653E+03
 2.01833333300000E+03,  1.22593511372596E-01, -3.05263164750000E-01, -2.37367274984017E+00,  2.98810000000009E+02,  1.31672397475560E+02,  1.24853922243959E+03
 2.01841666700000E+03,  1.42671735714039E-01, -2.16084851750000E-01, -2.38083175647554E+00,  2.98990000000009E+02,  1.70800743316056E+02,  8.01363450365588E+02
 2.01850000000000E+03,  1.60258643167267E-01, -1.00532868175000E-01, -2.38760599195786E+00,  2.99170000000009E+02,  1.75504020659555E+02,  6.85412109029600E+02
 2.01858333300000E+03,  1.23828512955832E-01,  4.14208764000000E-02, -2.39399426970531E+00,  2.99350000000009E+02,  1.52037201911769E+02,  1.38269381464705E+03
 2.01866666700000E+03,  5.37670663272068E-02,  2.08693698825000E-01,  5.76235948263279E+00,  2.99530000000009E+02,  1.59191894552014E+02,  1.97062450153119E+03
 2.01875000000000E+03,  7.51613721929805E-02,  3.99133094500000E-01,  5.80908138535157E+00,  2.99710000000009E+02,  1.33004758622054E+02,  2.05789393908434E+03
 2.01883333300000E+03,  1.54092401323910E-01,  6.09595802500000E-01,  5.85563706366360E+00,  2.99890000000009E+02,  1.77107305746663E+02,  2.13126332667325E+03
 2.01891666700000E+03,  2.02042550912092E-01,  8.36060781000000E-01,  5.90202332674708E+00,  3.00070000000009E+02,  1.88924989948046E+02,  2.46168983955150E+03
 2.01900000000000E+03,  2.20595014806387E-01,  1.07377105000000E+00,  5.94823700293556E+00,  3.00250000000009E+02,  3.03692261936055E+02,  1.76103670400240E+03
 2.01908333300000E+03,  2.26670642021376E-01,  1.31739877250000E+00,  5.99427494001304E+00,  3.00430000000009E+02,  3.15496645932270E+02,  1.30686754110565E+03
 2.01916666700000E+03,  2.41393848003840E-01,  1.56122761000000E+00,  6.04013400550665E+00,  3.00610000000009E+02,  2.87019836985351E+02,  1.70202024627222E+03
 2.01925000000000E+03,  2.77473081797748E-01,  1.79934624250000E+00,  6.08581108697707E+00,  3.00790000000009E+02,  2.46522929854406E+02,  1.83056607368229E+03
 2.01933333300000E+03,  3.31255431442671E-01,  2.02584693250000E+00,  6.13130309230633E+00,  3.00970000000009E+02,  2.29479373452740E+02,  1.42430913495594E+03
 2.01941666700000E+03,  3.82365072635326E-01,  2.23502318500000E+00,  6.17660694998326E+00,  3.01150000000009E+02,  1.48464270887180E+02,  1.18909281868492E+03
 2.01950000000000E+03,  4.00283617200390E-01,  2.42156080750000E+00,  6.22171960938638E+00,  3.01330000000009E+02,  1.67667535151245E+02,  1.75764746796800E+03
 2.01958333300000E+03,  4.05254421064121E-01,  2.58071693000000E+00,  6.26663804106433E+00,  3.01510000000009E+02,  1.86533781140884E+02,  1.45117772024155E+03
 2.01966666700000E+03,  4.44166953541157E-01,  2.70848189000000E+00,  4.69737609299268E+00,  3.01690000000009E+02,  1.50421520165302E+02,  2.98386069021244E+03
 2.01975000000000E+03,  4.98113784313924E-01,  2.80171932000000E+00,  4.68669432335059E+00,  3.01870000000009E+02,  1.46323268905792E+02,  3.00381286502039E+03
 2.01983333300000E+03,  5.43301026099193E-01,  2.85828016750000E+00,  4.67566412088134E+00,  3.02050000000009E+02,  1.14401255886742E+02,  3.47984276679078E+03
 2.01991666700000E+03,  5.83897337151917E-01,  2.87708686250000E+00,  4.66428519563053E+00,  3.02230000000009E+02,  7.09136275631111E+01,  2.92102500680914E+03
 2.02000000000000E+03,  6.19242219115234E-01,  2.85818446500000E+00,  4.65255728840428E+00,  3.02410000000009E+02,  9.66417571607816E+01,  3.12888637577686E+03
 2.02008333300000E+03,  6.49958267204288E-01,  2.80275627750000E+00,  4.64048017086416E+00,  3.02590000000009E+02,  1.32607825973954E+02,  1.53789556133816E+03
 2.02016666700000E+03,  6.75479048648333E-01,  2.71310221000000E+00,  4.62805364561869E+00,  3.02770000000009E+02,  1.37052841859056E+02,  1.71096577616497E+03
 2.02025000000000E+03,  6.92978534183367E-01,  2.59257913250000E+00,  4.61527754631143E+00,  3.02950000000009E+02,  1.23559317562112E+02,  1.81930494477648E+03
 2.02033333300000E+03,  6.98466586529513E-01,  2.44550357750000E+00,  4.60215173770557E+00,  3.03130000000009E+02,  1.23382385328324E+02,  2.61635781802350E+03
 2.02041666700000E+03,  6.88711905179277E-01,  2.27701835250000E+00,  4.58867611576517E+00,  3.03310000000009E+02,  9.30687003215990E+01,  2.33231734185327E+03
 2.02050000000000E+03,  6.62077713366790E-01,  2.09292596000000E+00,  4.57485060773283E+00,  3.03490000000009E+02,  6.48513941424512E+01,  2.23592352055452E+03
 2.02058333300000E+03,  6.35120747909649E-01,  1.89949316750000E+00,  4.56067517220395E+00,  3.03670000000009E+02,  1.12509127776920E+02,  2.35500778264438E+03
 2.02066666700000E+03,  6.43361397535286E-01,  1.70323244000000E+00,  5.09744517659017E+00,  3.03850000000009E+02,  1.53204054611324E+02,  1.72547044543198E+03
 2.02075000000000E+03,  6.88161230761904E-01,  1.51066732250000E+00,  5.07668501633490E+00,  3.04030000000009E+02,  1.62251164992641E+02,  6.57201002062761E+02
 2.02083333300000E+03,  7.32881230337592E-01,  1.32809005250000E+00,  5.05601737024601E+00,  3.04210000000009E+02,  1.52922083668116E+02,  1.02426723311588E+03
 2.02091666700000E+03,  7.57259057220188E-01,  1.16132062500000E+00,  5.03544230266920E+00,  3.04390000000009E+02,  1.58521786596504E+02,  9.89168483610935E+02
 2.02100000000000E+03,  7.61105464958339E-01,  1.01547716875000E+00,  5.01495985358438E+00,  3.04570000000009E+02,  1.10635409427249E+02,  1.16040635576429E+03
 2.02108333300000E+03,  7.45933561218170E-01,  8.94767719750000E-01,  4.99457003866364E+00,  3.04750000000009E+02,  9.00928582784392E+01,  1.56831506919464E+03
 2.02116666700000E+03,  7.13169584281817E-01,  8.02313228750000E-01,  4.97427284933269E+00,  3.04930000000009E+02,  7.98490975619015E+01,  1.72333253022527E+03
 2.02125000000000E+03,  6.63889105803345E-01,  7.40010877000000E-01,  4.95406825283547E+00,  3.05110000000009E+02,  8.08047799092237E+01,  2.41392220123065E+03
 2.02133333300000E+03,  6.00374956943251E-01,  7.08445523000000E-01,  4.93395619230234E+00,  3.05290000000009E+02,  6.32659291878422E+01,  3.31052339616224E+03
 2.02141666700000E+03,  5.27801753104145E-01,  7.06855313750000E-01,  4.91393658682135E+00,  3.05470000000009E+02,  2.07678483450946E+02,  3.17061129011097E+03
 2.02150000000000E+03,  4.54049335752223E-01,  7.33155269750000E-01,  4.89400933151304E+00,  3.05650000000009E+02,  2.00726608511578E+02,  3.46533548873797E+03
 2.02158333300000E+03,  4.14294179421518E-01,  7.84020075250000E-01,  4.87417429760839E+00,  3.05830000000009E+02,  2.69186109636867E+02,  3.68350487880786E+03
 2.02166666700000E+03,  4.56245148309517E-01,  8.55024468250000E-01,  5.15445792903454E+00,  3.06010000000009E+02,  2.52710663778023E+02,  3.24143883410178E+03
 2.02175000000000E+03,  5.61986382807765E-01,  9.40836689750000E-01,  5.12394643244270E+00,  3.06190000000009E+02,  2.68879478942311E+02,  2.50876036616434E+03
 2.02183333300000E+03,  6.69176177942018E-01,  1.03545757200000E+00,  5.09328237549027E+00,  3.06370000000009E+02,  1.34965943499685E+02,  2.34304716766379E+03
 2.02191666700000E+03,  7.43752110671186E-01,  1.13249517750000E+00,  5.06246629113022E+00,  3.06550000000009E+02,  2.02843129468434E+02,  1.90538380935600E+03
 2.02200000000000E+03,  7.75857937510396E-01,  1.22546262750000E+00,  5.03149874008428E+00,  3.06730000000009E+02,  9.10236514335286E+01,  1.23422661325140E+03
 2.02208333300000E+03,  7.73285287785521E-01,  1.31216189000000E+00,  5.00038031085644E+00,  3.06910000000009E+02,  4.23029525880866E+02,  1.68635278552979E+03
